ISO-10303-21;
HEADER;
/* Generated by software containing ST-Developer
 * from STEP Tools, Inc. (www.steptools.com) 
 */
/* OPTION: using custom renumber hook */

FILE_DESCRIPTION(
/* description */ ('STEP AP242 Edition 2',
'CAx-IF Rec.Pracs.---Representation and Presentation of Product Manufa
cturing Information (PMI)---4.0---2014-10-13',
'CAx-IF Rec.Pracs.---3D Tessellated Geometry---0.4---2014-09-14','2;1',
'CAx-IF Rec.Pracs.---User Defined Attributes---1.5---2016-08-15'),
/* implementation_level */ '2;1');

FILE_NAME(
/* name */ 'Antenna Tower V1 - Antenna Tower V1',
/* time_stamp */ '2026-08-23T20:25:20Z',
/* author */ (''),
/* organization */ (''),
/* preprocessor_version */ 'ST-DEVELOPER v20',
/* originating_system */ 'ONSHAPE BY PTC INC, 1.219',
/* authorisation */ '  ');

FILE_SCHEMA (('AP242_MANAGED_MODEL_BASED_3D_ENGINEERING_MIM_LF { 1 0 10303 442 3 1 4 }'));
ENDSEC;

DATA;
#10=SHAPE_REPRESENTATION_RELATIONSHIP('','',#960,#11);
#11=ADVANCED_BREP_SHAPE_REPRESENTATION('',(#958),#7445);
#12=DEGENERATE_TOROIDAL_SURFACE('',#1030,0.0005,0.007,.T.);
#13=DEGENERATE_TOROIDAL_SURFACE('',#1035,0.0005,0.007,.T.);
#14=SPHERICAL_SURFACE('',#1026,0.007);
#15=SPHERICAL_SURFACE('',#1039,0.007);
#16=(
BOUNDED_SURFACE()
B_SPLINE_SURFACE(3,2,((#1672,#1673,#1674),(#1675,#1676,#1677),(#1678,#1679,
#1680),(#1681,#1682,#1683),(#1684,#1685,#1686),(#1687,#1688,#1689),(#1690,
#1691,#1692),(#1693,#1694,#1695),(#1696,#1697,#1698),(#1699,#1700,#1701),
(#1702,#1703,#1704),(#1705,#1706,#1707)),.UNSPECIFIED.,.F.,.F.,.F.)
B_SPLINE_SURFACE_WITH_KNOTS((4,1,1,1,1,1,1,1,1,4),(3,3),(-3.90312782094782E-18,
0.0016325445134319,0.00326508902686381,0.00653017805372763,0.00979526708059144,
0.0130603561074553,0.0163254451343191,0.0195905341611829,0.0228556231880467,
0.0261207122149105),(0.,1.),.UNSPECIFIED.)
GEOMETRIC_REPRESENTATION_ITEM()
RATIONAL_B_SPLINE_SURFACE(((1.,0.994364328409812,1.),(1.,0.994364328355831,
1.),(1.,0.992742043871808,1.),(1.,0.984917867292965,1.),(1.,0.968591851497428,
1.),(1.,0.94042610595045,1.),(1.,0.904061244841517,1.),(1.,0.860279476760888,
1.),(1.,0.812586758428927,1.),(1.,0.764539640626001,1.),(1.,0.738430698780438,
1.),(1.,0.728142291986256,1.)))
REPRESENTATION_ITEM('')
SURFACE()
);
#17=(
BOUNDED_SURFACE()
B_SPLINE_SURFACE(3,2,((#1709,#1710,#1711),(#1712,#1713,#1714),(#1715,#1716,
#1717),(#1718,#1719,#1720)),.UNSPECIFIED.,.F.,.F.,.F.)
B_SPLINE_SURFACE_WITH_KNOTS((4,4),(3,3),(1.5707963267949,1.83094558558872),
(0.,1.),.PIECEWISE_BEZIER_KNOTS.)
GEOMETRIC_REPRESENTATION_ITEM()
RATIONAL_B_SPLINE_SURFACE(((1.,0.707106781186548,1.),(1.,0.714303820164989,
1.),(1.,0.721388343115088,1.),(1.,0.728142291986256,1.)))
REPRESENTATION_ITEM('')
SURFACE()
);
#18=(
BOUNDED_SURFACE()
B_SPLINE_SURFACE(3,2,((#1724,#1725,#1726),(#1727,#1728,#1729),(#1730,#1731,
#1732),(#1733,#1734,#1735),(#1736,#1737,#1738),(#1739,#1740,#1741),(#1742,
#1743,#1744),(#1745,#1746,#1747),(#1748,#1749,#1750),(#1751,#1752,#1753),
(#1754,#1755,#1756),(#1757,#1758,#1759)),.UNSPECIFIED.,.F.,.F.,.F.)
B_SPLINE_SURFACE_WITH_KNOTS((4,1,1,1,1,1,1,1,1,4),(3,3),(-1.21430643318376E-17,
0.00323880951922264,0.0064776190384453,0.00971642855766796,0.0129552380768906,
0.0161940475961133,0.0194328571153359,0.0226716666345586,0.0242910713941699,
0.0259104761537812),(0.,1.),.UNSPECIFIED.)
GEOMETRIC_REPRESENTATION_ITEM()
RATIONAL_B_SPLINE_SURFACE(((1.,0.728142291986255,1.),(1.,0.738426682617021,
1.),(1.,0.76455755727729,1.),(1.,0.812711022714219,1.),(1.,0.860265760986502,
1.),(1.,0.904061828179588,1.),(1.,0.940400543294233,1.),(1.,0.968569385194625,
1.),(1.,0.984909703522289,1.),(1.,0.992751162371637,1.),(1.,0.994364328381521,
1.),(1.,0.994364328409812,1.)))
REPRESENTATION_ITEM('')
SURFACE()
);
#19=(
BOUNDED_SURFACE()
B_SPLINE_SURFACE(3,2,((#1761,#1762,#1763),(#1764,#1765,#1766),(#1767,#1768,
#1769),(#1770,#1771,#1772)),.UNSPECIFIED.,.F.,.F.,.F.)
B_SPLINE_SURFACE_WITH_KNOTS((4,4),(3,3),(1.31064706800107,1.5707963267949),
(0.,1.),.PIECEWISE_BEZIER_KNOTS.)
GEOMETRIC_REPRESENTATION_ITEM()
RATIONAL_B_SPLINE_SURFACE(((1.,0.728142291986256,1.),(1.,0.721388343115088,
1.),(1.,0.714303820164989,1.),(1.,0.707106781186548,1.)))
REPRESENTATION_ITEM('')
SURFACE()
);
#20=(
BOUNDED_SURFACE()
B_SPLINE_SURFACE(3,2,((#1775,#1776,#1777),(#1778,#1779,#1780),(#1781,#1782,
#1783),(#1784,#1785,#1786),(#1787,#1788,#1789),(#1790,#1791,#1792),(#1793,
#1794,#1795),(#1796,#1797,#1798),(#1799,#1800,#1801),(#1802,#1803,#1804)),
 .UNSPECIFIED.,.F.,.F.,.F.)
B_SPLINE_SURFACE_WITH_KNOTS((4,1,1,1,1,1,1,4),(3,3),(2.51534904016637E-17,
0.0030501303740942,0.00610026074818837,0.00915039112228255,0.0122005214963767,
0.0152506518704709,0.0183007822445651,0.0244010429927534),(0.,1.),
 .UNSPECIFIED.)
GEOMETRIC_REPRESENTATION_ITEM()
RATIONAL_B_SPLINE_SURFACE(((1.,0.707106781186548,1.),(1.,0.700588988540321,
1.),(1.,0.694270455544589,1.),(1.,0.707392683898986,1.),(1.,0.738827735098043,
1.),(1.,0.779622557920749,1.),(1.,0.822253706084548,1.),(1.,0.873980652089826,
1.),(1.,0.900883730049787,1.),(1.,0.909991447371451,1.)))
REPRESENTATION_ITEM('')
SURFACE()
);
#21=(
BOUNDED_SURFACE()
B_SPLINE_SURFACE(3,2,((#1806,#1807,#1808),(#1809,#1810,#1811),(#1812,#1813,
#1814),(#1815,#1816,#1817),(#1818,#1819,#1820),(#1821,#1822,#1823)),
 .UNSPECIFIED.,.F.,.F.,.F.)
B_SPLINE_SURFACE_WITH_KNOTS((4,1,1,4),(3,3),(0.0258089952045977,0.0272342064125893,
0.0279468120165851,0.0286594176205809),(0.,1.),.UNSPECIFIED.)
GEOMETRIC_REPRESENTATION_ITEM()
RATIONAL_B_SPLINE_SURFACE(((1.,0.909991447371459,1.),(1.,0.931504626717599,
1.),(1.,0.965387980832087,1.),(1.,0.994626160145254,1.),(1.,0.999999999998325,
1.),(1.,1.,1.)))
REPRESENTATION_ITEM('')
SURFACE()
);
#22=(
BOUNDED_SURFACE()
B_SPLINE_SURFACE(3,2,((#1826,#1827,#1828),(#1829,#1830,#1831),(#1832,#1833,
#1834),(#1835,#1836,#1837),(#1838,#1839,#1840),(#1841,#1842,#1843),(#1844,
#1845,#1846),(#1847,#1848,#1849),(#1850,#1851,#1852),(#1853,#1854,#1855),
(#1856,#1857,#1858)),.UNSPECIFIED.,.F.,.F.,.F.)
B_SPLINE_SURFACE_WITH_KNOTS((4,1,1,1,1,1,1,1,4),(3,3),(-9.54097911787244E-18,
0.00304248860345214,0.00608497720690429,0.00912746581035644,0.0121699544138086,
0.0152124430172607,0.0182549316207129,0.021297420224165,0.0243399088276172),
(0.,1.),.UNSPECIFIED.)
GEOMETRIC_REPRESENTATION_ITEM()
RATIONAL_B_SPLINE_SURFACE(((1.,0.909991447371451,1.),(1.,0.905443107133921,
1.),(1.,0.89200651094504,1.),(1.,0.860818418211776,1.),(1.,0.82228268386322,
1.),(1.,0.779587242580478,1.),(1.,0.739031485827072,1.),(1.,0.707438748432557,
1.),(1.,0.694268469222411,1.),(1.,0.700586921276359,1.),(1.,0.707106781186548,
1.)))
REPRESENTATION_ITEM('')
SURFACE()
);
#23=(
BOUNDED_SURFACE()
B_SPLINE_SURFACE(3,2,((#1860,#1861,#1862),(#1863,#1864,#1865),(#1866,#1867,
#1868),(#1869,#1870,#1871),(#1872,#1873,#1874),(#1875,#1876,#1877)),
 .UNSPECIFIED.,.F.,.F.,.F.)
B_SPLINE_SURFACE_WITH_KNOTS((4,1,1,4),(3,3),(0.0258089952045977,0.0272342064125893,
0.0279468120165852,0.028659417620581),(0.,1.),.UNSPECIFIED.)
GEOMETRIC_REPRESENTATION_ITEM()
RATIONAL_B_SPLINE_SURFACE(((1.,0.909991447371455,1.),(1.,0.931504626719305,
1.),(1.,0.965387980831697,1.),(1.,0.994626160145328,1.),(1.,0.999999999998325,
1.),(1.,1.,1.)))
REPRESENTATION_ITEM('')
SURFACE()
);
#24=(
BOUNDED_SURFACE()
B_SPLINE_SURFACE(3,2,((#1883,#1884,#1885),(#1886,#1887,#1888),(#1889,#1890,
#1891),(#1892,#1893,#1894),(#1895,#1896,#1897),(#1898,#1899,#1900),(#1901,
#1902,#1903),(#1904,#1905,#1906),(#1907,#1908,#1909),(#1910,#1911,#1912),
(#1913,#1914,#1915),(#1916,#1917,#1918),(#1919,#1920,#1921)),
 .UNSPECIFIED.,.F.,.F.,.F.)
B_SPLINE_SURFACE_WITH_KNOTS((4,1,1,1,1,1,1,1,1,1,4),(3,3),(2.25514051876985E-17,
0.00683369742084551,0.0102505461312683,0.013667394841691,0.0170842435521137,
0.0205010922625365,0.0222095166177478,0.0239179409729592,0.0256263653281706,
0.0264805775057763,0.027334789683382),(0.,1.),.UNSPECIFIED.)
GEOMETRIC_REPRESENTATION_ITEM()
RATIONAL_B_SPLINE_SURFACE(((1.,0.707106781186547,1.),(1.,0.707106781186547,
1.),(1.,0.707106781186548,1.),(1.,0.707106781186547,1.),(1.,0.707106781186548,
1.),(1.,0.707106781186547,1.),(1.,0.707106781186548,1.),(1.,0.707106781186547,
1.),(1.,0.707106781186548,1.),(1.,0.707106781186548,1.),(1.,0.707106781186546,
1.),(1.,0.707106781186548,1.),(1.,0.707106781186548,1.)))
REPRESENTATION_ITEM('')
SURFACE()
);
#25=(
BOUNDED_SURFACE()
B_SPLINE_SURFACE(3,2,((#4536,#4537,#4538),(#4539,#4540,#4541),(#4542,#4543,
#4544),(#4545,#4546,#4547),(#4548,#4549,#4550),(#4551,#4552,#4553),(#4554,
#4555,#4556),(#4557,#4558,#4559),(#4560,#4561,#4562),(#4563,#4564,#4565),
(#4566,#4567,#4568),(#4569,#4570,#4571),(#4572,#4573,#4574),(#4575,#4576,
#4577),(#4578,#4579,#4580)),.UNSPECIFIED.,.F.,.F.,.F.)
B_SPLINE_SURFACE_WITH_KNOTS((4,1,1,1,1,1,1,1,1,1,1,1,4),(3,3),(0.0370076936919114,
0.0381060062170711,0.0392043187422307,0.0414009437925501,0.0435975688428694,
0.0457941938931888,0.0501874439938275,0.0545806940944662,0.0589739441951049,
0.0633671942957436,0.0677604443963823,0.0699570694467016,0.072153694497021),
(0.,1.),.UNSPECIFIED.)
GEOMETRIC_REPRESENTATION_ITEM()
RATIONAL_B_SPLINE_SURFACE(((1.,0.707106781186547,1.),(1.,0.707106781186547,
1.),(1.,0.707106781186547,1.),(1.,0.707106781186548,1.),(1.,0.707106781186547,
1.),(1.,0.707106781186547,1.),(1.,0.707106781186548,1.),(1.,0.707106781186548,
1.),(1.,0.707106781186548,1.),(1.,0.707106781186548,1.),(1.,0.707106781186547,
1.),(1.,0.707106781186548,1.),(1.,0.707106781186547,1.),(1.,0.707106781186547,
1.),(1.,0.707106781186547,1.)))
REPRESENTATION_ITEM('')
SURFACE()
);
#26=(
BOUNDED_SURFACE()
B_SPLINE_SURFACE(3,2,((#4600,#4601,#4602),(#4603,#4604,#4605),(#4606,#4607,
#4608),(#4609,#4610,#4611),(#4612,#4613,#4614),(#4615,#4616,#4617),(#4618,
#4619,#4620),(#4621,#4622,#4623),(#4624,#4625,#4626),(#4627,#4628,#4629),
(#4630,#4631,#4632),(#4633,#4634,#4635),(#4636,#4637,#4638),(#4639,#4640,
#4641),(#4642,#4643,#4644)),.UNSPECIFIED.,.F.,.F.,.F.)
B_SPLINE_SURFACE_WITH_KNOTS((4,1,1,1,1,1,1,1,1,1,1,1,4),(3,3),(0.0741600711291027,
0.0763352628339855,0.0785104545388683,0.082860837948634,0.0872112213583996,
0.0915616047681653,0.0959119881779309,0.100262371587697,0.102437563292579,
0.104612754997462,0.106787946702345,0.107875542554786,0.108963138407228),
(0.,1.),.UNSPECIFIED.)
GEOMETRIC_REPRESENTATION_ITEM()
RATIONAL_B_SPLINE_SURFACE(((1.,0.707106781186548,1.),(1.,0.707106781186548,
1.),(1.,0.707106781186548,1.),(1.,0.707106781186546,1.),(1.,0.707106781186548,
1.),(1.,0.707106781186548,1.),(1.,0.707106781186547,1.),(1.,0.707106781186548,
1.),(1.,0.707106781186547,1.),(1.,0.707106781186547,1.),(1.,0.707106781186548,
1.),(1.,0.707106781186547,1.),(1.,0.707106781186549,1.),(1.,0.707106781186547,
1.),(1.,0.707106781186547,1.)))
REPRESENTATION_ITEM('')
SURFACE()
);
#27=(
BOUNDED_SURFACE()
B_SPLINE_SURFACE(3,2,((#7318,#7319,#7320),(#7321,#7322,#7323),(#7324,#7325,
#7326),(#7327,#7328,#7329),(#7330,#7331,#7332),(#7333,#7334,#7335),(#7336,
#7337,#7338),(#7339,#7340,#7341),(#7342,#7343,#7344),(#7345,#7346,#7347),
(#7348,#7349,#7350),(#7351,#7352,#7353),(#7354,#7355,#7356)),
 .UNSPECIFIED.,.F.,.F.,.F.)
B_SPLINE_SURFACE_WITH_KNOTS((4,1,1,1,1,1,1,1,1,1,4),(3,3),(0.0370331545319028,
0.0378963092728864,0.03875946401387,0.0404857734958372,0.0422120829778044,
0.0439383924597716,0.047391011423706,0.0508436303876404,0.0542962493515748,
0.0577488683155092,0.064654106243378),(0.,1.),.UNSPECIFIED.)
GEOMETRIC_REPRESENTATION_ITEM()
RATIONAL_B_SPLINE_SURFACE(((1.,0.707106781186548,1.),(1.,0.707106781186548,
1.),(1.,0.707106781186547,1.),(1.,0.707106781186548,1.),(1.,0.707106781186548,
1.),(1.,0.707106781186548,1.),(1.,0.707106781186547,1.),(1.,0.707106781186547,
1.),(1.,0.707106781186548,1.),(1.,0.707106781186547,1.),(1.,0.707106781186546,
1.),(1.,0.707106781186548,1.),(1.,0.707106781186548,1.)))
REPRESENTATION_ITEM('')
SURFACE()
);
#28=TOROIDAL_SURFACE('',#998,0.0175,0.01);
#29=TOROIDAL_SURFACE('',#1000,0.0175,0.01);
#30=TOROIDAL_SURFACE('',#1017,0.017,0.007);
#31=TOROIDAL_SURFACE('',#1020,0.017,0.007);
#32=TOROIDAL_SURFACE('',#1023,0.017,0.007);
#33=TOROIDAL_SURFACE('',#1042,0.017,0.007);
#34=TOROIDAL_SURFACE('',#1056,0.0541654679717442,0.007);
#35=TOROIDAL_SURFACE('',#1059,0.0541654679717442,0.007);
#36=B_SPLINE_SURFACE_WITH_KNOTS('',3,1,((#1387,#1388),(#1389,#1390),(#1391,
#1392),(#1393,#1394),(#1395,#1396),(#1397,#1398),(#1399,#1400),(#1401,#1402),
(#1403,#1404),(#1405,#1406),(#1407,#1408)),.SURF_OF_LINEAR_EXTRUSION.,.F.,
 .F.,.F.,(4,1,1,1,1,1,1,1,4),(2,2),(0.,0.11603302810801,0.23206605621602,
0.34809908432403,0.46413211243204,0.58016514054005,0.69619816864806,0.81223119675607,
0.92826422486408),(0.,1.),.UNSPECIFIED.);
#37=B_SPLINE_SURFACE_WITH_KNOTS('',3,3,((#1939,#1940,#1941,#1942,#1943,
#1944,#1945,#1946,#1947,#1948,#1949,#1950,#1951,#1952,#1953,#1954,#1955,
#1956,#1957,#1958,#1959,#1960,#1961,#1962,#1963,#1964,#1965,#1966,#1967,
#1968),(#1969,#1970,#1971,#1972,#1973,#1974,#1975,#1976,#1977,#1978,#1979,
#1980,#1981,#1982,#1983,#1984,#1985,#1986,#1987,#1988,#1989,#1990,#1991,
#1992,#1993,#1994,#1995,#1996,#1997,#1998),(#1999,#2000,#2001,#2002,#2003,
#2004,#2005,#2006,#2007,#2008,#2009,#2010,#2011,#2012,#2013,#2014,#2015,
#2016,#2017,#2018,#2019,#2020,#2021,#2022,#2023,#2024,#2025,#2026,#2027,
#2028),(#2029,#2030,#2031,#2032,#2033,#2034,#2035,#2036,#2037,#2038,#2039,
#2040,#2041,#2042,#2043,#2044,#2045,#2046,#2047,#2048,#2049,#2050,#2051,
#2052,#2053,#2054,#2055,#2056,#2057,#2058),(#2059,#2060,#2061,#2062,#2063,
#2064,#2065,#2066,#2067,#2068,#2069,#2070,#2071,#2072,#2073,#2074,#2075,
#2076,#2077,#2078,#2079,#2080,#2081,#2082,#2083,#2084,#2085,#2086,#2087,
#2088),(#2089,#2090,#2091,#2092,#2093,#2094,#2095,#2096,#2097,#2098,#2099,
#2100,#2101,#2102,#2103,#2104,#2105,#2106,#2107,#2108,#2109,#2110,#2111,
#2112,#2113,#2114,#2115,#2116,#2117,#2118),(#2119,#2120,#2121,#2122,#2123,
#2124,#2125,#2126,#2127,#2128,#2129,#2130,#2131,#2132,#2133,#2134,#2135,
#2136,#2137,#2138,#2139,#2140,#2141,#2142,#2143,#2144,#2145,#2146,#2147,
#2148),(#2149,#2150,#2151,#2152,#2153,#2154,#2155,#2156,#2157,#2158,#2159,
#2160,#2161,#2162,#2163,#2164,#2165,#2166,#2167,#2168,#2169,#2170,#2171,
#2172,#2173,#2174,#2175,#2176,#2177,#2178),(#2179,#2180,#2181,#2182,#2183,
#2184,#2185,#2186,#2187,#2188,#2189,#2190,#2191,#2192,#2193,#2194,#2195,
#2196,#2197,#2198,#2199,#2200,#2201,#2202,#2203,#2204,#2205,#2206,#2207,
#2208),(#2209,#2210,#2211,#2212,#2213,#2214,#2215,#2216,#2217,#2218,#2219,
#2220,#2221,#2222,#2223,#2224,#2225,#2226,#2227,#2228,#2229,#2230,#2231,
#2232,#2233,#2234,#2235,#2236,#2237,#2238),(#2239,#2240,#2241,#2242,#2243,
#2244,#2245,#2246,#2247,#2248,#2249,#2250,#2251,#2252,#2253,#2254,#2255,
#2256,#2257,#2258,#2259,#2260,#2261,#2262,#2263,#2264,#2265,#2266,#2267,
#2268),(#2269,#2270,#2271,#2272,#2273,#2274,#2275,#2276,#2277,#2278,#2279,
#2280,#2281,#2282,#2283,#2284,#2285,#2286,#2287,#2288,#2289,#2290,#2291,
#2292,#2293,#2294,#2295,#2296,#2297,#2298),(#2299,#2300,#2301,#2302,#2303,
#2304,#2305,#2306,#2307,#2308,#2309,#2310,#2311,#2312,#2313,#2314,#2315,
#2316,#2317,#2318,#2319,#2320,#2321,#2322,#2323,#2324,#2325,#2326,#2327,
#2328),(#2329,#2330,#2331,#2332,#2333,#2334,#2335,#2336,#2337,#2338,#2339,
#2340,#2341,#2342,#2343,#2344,#2345,#2346,#2347,#2348,#2349,#2350,#2351,
#2352,#2353,#2354,#2355,#2356,#2357,#2358),(#2359,#2360,#2361,#2362,#2363,
#2364,#2365,#2366,#2367,#2368,#2369,#2370,#2371,#2372,#2373,#2374,#2375,
#2376,#2377,#2378,#2379,#2380,#2381,#2382,#2383,#2384,#2385,#2386,#2387,
#2388),(#2389,#2390,#2391,#2392,#2393,#2394,#2395,#2396,#2397,#2398,#2399,
#2400,#2401,#2402,#2403,#2404,#2405,#2406,#2407,#2408,#2409,#2410,#2411,
#2412,#2413,#2414,#2415,#2416,#2417,#2418),(#2419,#2420,#2421,#2422,#2423,
#2424,#2425,#2426,#2427,#2428,#2429,#2430,#2431,#2432,#2433,#2434,#2435,
#2436,#2437,#2438,#2439,#2440,#2441,#2442,#2443,#2444,#2445,#2446,#2447,
#2448),(#2449,#2450,#2451,#2452,#2453,#2454,#2455,#2456,#2457,#2458,#2459,
#2460,#2461,#2462,#2463,#2464,#2465,#2466,#2467,#2468,#2469,#2470,#2471,
#2472,#2473,#2474,#2475,#2476,#2477,#2478),(#2479,#2480,#2481,#2482,#2483,
#2484,#2485,#2486,#2487,#2488,#2489,#2490,#2491,#2492,#2493,#2494,#2495,
#2496,#2497,#2498,#2499,#2500,#2501,#2502,#2503,#2504,#2505,#2506,#2507,
#2508),(#2509,#2510,#2511,#2512,#2513,#2514,#2515,#2516,#2517,#2518,#2519,
#2520,#2521,#2522,#2523,#2524,#2525,#2526,#2527,#2528,#2529,#2530,#2531,
#2532,#2533,#2534,#2535,#2536,#2537,#2538),(#2539,#2540,#2541,#2542,#2543,
#2544,#2545,#2546,#2547,#2548,#2549,#2550,#2551,#2552,#2553,#2554,#2555,
#2556,#2557,#2558,#2559,#2560,#2561,#2562,#2563,#2564,#2565,#2566,#2567,
#2568),(#2569,#2570,#2571,#2572,#2573,#2574,#2575,#2576,#2577,#2578,#2579,
#2580,#2581,#2582,#2583,#2584,#2585,#2586,#2587,#2588,#2589,#2590,#2591,
#2592,#2593,#2594,#2595,#2596,#2597,#2598),(#2599,#2600,#2601,#2602,#2603,
#2604,#2605,#2606,#2607,#2608,#2609,#2610,#2611,#2612,#2613,#2614,#2615,
#2616,#2617,#2618,#2619,#2620,#2621,#2622,#2623,#2624,#2625,#2626,#2627,
#2628),(#2629,#2630,#2631,#2632,#2633,#2634,#2635,#2636,#2637,#2638,#2639,
#2640,#2641,#2642,#2643,#2644,#2645,#2646,#2647,#2648,#2649,#2650,#2651,
#2652,#2653,#2654,#2655,#2656,#2657,#2658),(#2659,#2660,#2661,#2662,#2663,
#2664,#2665,#2666,#2667,#2668,#2669,#2670,#2671,#2672,#2673,#2674,#2675,
#2676,#2677,#2678,#2679,#2680,#2681,#2682,#2683,#2684,#2685,#2686,#2687,
#2688),(#2689,#2690,#2691,#2692,#2693,#2694,#2695,#2696,#2697,#2698,#2699,
#2700,#2701,#2702,#2703,#2704,#2705,#2706,#2707,#2708,#2709,#2710,#2711,
#2712,#2713,#2714,#2715,#2716,#2717,#2718),(#2719,#2720,#2721,#2722,#2723,
#2724,#2725,#2726,#2727,#2728,#2729,#2730,#2731,#2732,#2733,#2734,#2735,
#2736,#2737,#2738,#2739,#2740,#2741,#2742,#2743,#2744,#2745,#2746,#2747,
#2748),(#2749,#2750,#2751,#2752,#2753,#2754,#2755,#2756,#2757,#2758,#2759,
#2760,#2761,#2762,#2763,#2764,#2765,#2766,#2767,#2768,#2769,#2770,#2771,
#2772,#2773,#2774,#2775,#2776,#2777,#2778),(#2779,#2780,#2781,#2782,#2783,
#2784,#2785,#2786,#2787,#2788,#2789,#2790,#2791,#2792,#2793,#2794,#2795,
#2796,#2797,#2798,#2799,#2800,#2801,#2802,#2803,#2804,#2805,#2806,#2807,
#2808),(#2809,#2810,#2811,#2812,#2813,#2814,#2815,#2816,#2817,#2818,#2819,
#2820,#2821,#2822,#2823,#2824,#2825,#2826,#2827,#2828,#2829,#2830,#2831,
#2832,#2833,#2834,#2835,#2836,#2837,#2838),(#2839,#2840,#2841,#2842,#2843,
#2844,#2845,#2846,#2847,#2848,#2849,#2850,#2851,#2852,#2853,#2854,#2855,
#2856,#2857,#2858,#2859,#2860,#2861,#2862,#2863,#2864,#2865,#2866,#2867,
#2868),(#2869,#2870,#2871,#2872,#2873,#2874,#2875,#2876,#2877,#2878,#2879,
#2880,#2881,#2882,#2883,#2884,#2885,#2886,#2887,#2888,#2889,#2890,#2891,
#2892,#2893,#2894,#2895,#2896,#2897,#2898),(#2899,#2900,#2901,#2902,#2903,
#2904,#2905,#2906,#2907,#2908,#2909,#2910,#2911,#2912,#2913,#2914,#2915,
#2916,#2917,#2918,#2919,#2920,#2921,#2922,#2923,#2924,#2925,#2926,#2927,
#2928),(#2929,#2930,#2931,#2932,#2933,#2934,#2935,#2936,#2937,#2938,#2939,
#2940,#2941,#2942,#2943,#2944,#2945,#2946,#2947,#2948,#2949,#2950,#2951,
#2952,#2953,#2954,#2955,#2956,#2957,#2958),(#2959,#2960,#2961,#2962,#2963,
#2964,#2965,#2966,#2967,#2968,#2969,#2970,#2971,#2972,#2973,#2974,#2975,
#2976,#2977,#2978,#2979,#2980,#2981,#2982,#2983,#2984,#2985,#2986,#2987,
#2988),(#2989,#2990,#2991,#2992,#2993,#2994,#2995,#2996,#2997,#2998,#2999,
#3000,#3001,#3002,#3003,#3004,#3005,#3006,#3007,#3008,#3009,#3010,#3011,
#3012,#3013,#3014,#3015,#3016,#3017,#3018),(#3019,#3020,#3021,#3022,#3023,
#3024,#3025,#3026,#3027,#3028,#3029,#3030,#3031,#3032,#3033,#3034,#3035,
#3036,#3037,#3038,#3039,#3040,#3041,#3042,#3043,#3044,#3045,#3046,#3047,
#3048),(#3049,#3050,#3051,#3052,#3053,#3054,#3055,#3056,#3057,#3058,#3059,
#3060,#3061,#3062,#3063,#3064,#3065,#3066,#3067,#3068,#3069,#3070,#3071,
#3072,#3073,#3074,#3075,#3076,#3077,#3078),(#3079,#3080,#3081,#3082,#3083,
#3084,#3085,#3086,#3087,#3088,#3089,#3090,#3091,#3092,#3093,#3094,#3095,
#3096,#3097,#3098,#3099,#3100,#3101,#3102,#3103,#3104,#3105,#3106,#3107,
#3108),(#3109,#3110,#3111,#3112,#3113,#3114,#3115,#3116,#3117,#3118,#3119,
#3120,#3121,#3122,#3123,#3124,#3125,#3126,#3127,#3128,#3129,#3130,#3131,
#3132,#3133,#3134,#3135,#3136,#3137,#3138),(#3139,#3140,#3141,#3142,#3143,
#3144,#3145,#3146,#3147,#3148,#3149,#3150,#3151,#3152,#3153,#3154,#3155,
#3156,#3157,#3158,#3159,#3160,#3161,#3162,#3163,#3164,#3165,#3166,#3167,
#3168),(#3169,#3170,#3171,#3172,#3173,#3174,#3175,#3176,#3177,#3178,#3179,
#3180,#3181,#3182,#3183,#3184,#3185,#3186,#3187,#3188,#3189,#3190,#3191,
#3192,#3193,#3194,#3195,#3196,#3197,#3198),(#3199,#3200,#3201,#3202,#3203,
#3204,#3205,#3206,#3207,#3208,#3209,#3210,#3211,#3212,#3213,#3214,#3215,
#3216,#3217,#3218,#3219,#3220,#3221,#3222,#3223,#3224,#3225,#3226,#3227,
#3228),(#3229,#3230,#3231,#3232,#3233,#3234,#3235,#3236,#3237,#3238,#3239,
#3240,#3241,#3242,#3243,#3244,#3245,#3246,#3247,#3248,#3249,#3250,#3251,
#3252,#3253,#3254,#3255,#3256,#3257,#3258),(#3259,#3260,#3261,#3262,#3263,
#3264,#3265,#3266,#3267,#3268,#3269,#3270,#3271,#3272,#3273,#3274,#3275,
#3276,#3277,#3278,#3279,#3280,#3281,#3282,#3283,#3284,#3285,#3286,#3287,
#3288),(#3289,#3290,#3291,#3292,#3293,#3294,#3295,#3296,#3297,#3298,#3299,
#3300,#3301,#3302,#3303,#3304,#3305,#3306,#3307,#3308,#3309,#3310,#3311,
#3312,#3313,#3314,#3315,#3316,#3317,#3318),(#3319,#3320,#3321,#3322,#3323,
#3324,#3325,#3326,#3327,#3328,#3329,#3330,#3331,#3332,#3333,#3334,#3335,
#3336,#3337,#3338,#3339,#3340,#3341,#3342,#3343,#3344,#3345,#3346,#3347,
#3348),(#3349,#3350,#3351,#3352,#3353,#3354,#3355,#3356,#3357,#3358,#3359,
#3360,#3361,#3362,#3363,#3364,#3365,#3366,#3367,#3368,#3369,#3370,#3371,
#3372,#3373,#3374,#3375,#3376,#3377,#3378),(#3379,#3380,#3381,#3382,#3383,
#3384,#3385,#3386,#3387,#3388,#3389,#3390,#3391,#3392,#3393,#3394,#3395,
#3396,#3397,#3398,#3399,#3400,#3401,#3402,#3403,#3404,#3405,#3406,#3407,
#3408),(#3409,#3410,#3411,#3412,#3413,#3414,#3415,#3416,#3417,#3418,#3419,
#3420,#3421,#3422,#3423,#3424,#3425,#3426,#3427,#3428,#3429,#3430,#3431,
#3432,#3433,#3434,#3435,#3436,#3437,#3438),(#3439,#3440,#3441,#3442,#3443,
#3444,#3445,#3446,#3447,#3448,#3449,#3450,#3451,#3452,#3453,#3454,#3455,
#3456,#3457,#3458,#3459,#3460,#3461,#3462,#3463,#3464,#3465,#3466,#3467,
#3468),(#3469,#3470,#3471,#3472,#3473,#3474,#3475,#3476,#3477,#3478,#3479,
#3480,#3481,#3482,#3483,#3484,#3485,#3486,#3487,#3488,#3489,#3490,#3491,
#3492,#3493,#3494,#3495,#3496,#3497,#3498),(#3499,#3500,#3501,#3502,#3503,
#3504,#3505,#3506,#3507,#3508,#3509,#3510,#3511,#3512,#3513,#3514,#3515,
#3516,#3517,#3518,#3519,#3520,#3521,#3522,#3523,#3524,#3525,#3526,#3527,
#3528),(#3529,#3530,#3531,#3532,#3533,#3534,#3535,#3536,#3537,#3538,#3539,
#3540,#3541,#3542,#3543,#3544,#3545,#3546,#3547,#3548,#3549,#3550,#3551,
#3552,#3553,#3554,#3555,#3556,#3557,#3558),(#3559,#3560,#3561,#3562,#3563,
#3564,#3565,#3566,#3567,#3568,#3569,#3570,#3571,#3572,#3573,#3574,#3575,
#3576,#3577,#3578,#3579,#3580,#3581,#3582,#3583,#3584,#3585,#3586,#3587,
#3588),(#3589,#3590,#3591,#3592,#3593,#3594,#3595,#3596,#3597,#3598,#3599,
#3600,#3601,#3602,#3603,#3604,#3605,#3606,#3607,#3608,#3609,#3610,#3611,
#3612,#3613,#3614,#3615,#3616,#3617,#3618),(#3619,#3620,#3621,#3622,#3623,
#3624,#3625,#3626,#3627,#3628,#3629,#3630,#3631,#3632,#3633,#3634,#3635,
#3636,#3637,#3638,#3639,#3640,#3641,#3642,#3643,#3644,#3645,#3646,#3647,
#3648),(#3649,#3650,#3651,#3652,#3653,#3654,#3655,#3656,#3657,#3658,#3659,
#3660,#3661,#3662,#3663,#3664,#3665,#3666,#3667,#3668,#3669,#3670,#3671,
#3672,#3673,#3674,#3675,#3676,#3677,#3678),(#3679,#3680,#3681,#3682,#3683,
#3684,#3685,#3686,#3687,#3688,#3689,#3690,#3691,#3692,#3693,#3694,#3695,
#3696,#3697,#3698,#3699,#3700,#3701,#3702,#3703,#3704,#3705,#3706,#3707,
#3708),(#3709,#3710,#3711,#3712,#3713,#3714,#3715,#3716,#3717,#3718,#3719,
#3720,#3721,#3722,#3723,#3724,#3725,#3726,#3727,#3728,#3729,#3730,#3731,
#3732,#3733,#3734,#3735,#3736,#3737,#3738),(#3739,#3740,#3741,#3742,#3743,
#3744,#3745,#3746,#3747,#3748,#3749,#3750,#3751,#3752,#3753,#3754,#3755,
#3756,#3757,#3758,#3759,#3760,#3761,#3762,#3763,#3764,#3765,#3766,#3767,
#3768),(#3769,#3770,#3771,#3772,#3773,#3774,#3775,#3776,#3777,#3778,#3779,
#3780,#3781,#3782,#3783,#3784,#3785,#3786,#3787,#3788,#3789,#3790,#3791,
#3792,#3793,#3794,#3795,#3796,#3797,#3798),(#3799,#3800,#3801,#3802,#3803,
#3804,#3805,#3806,#3807,#3808,#3809,#3810,#3811,#3812,#3813,#3814,#3815,
#3816,#3817,#3818,#3819,#3820,#3821,#3822,#3823,#3824,#3825,#3826,#3827,
#3828),(#3829,#3830,#3831,#3832,#3833,#3834,#3835,#3836,#3837,#3838,#3839,
#3840,#3841,#3842,#3843,#3844,#3845,#3846,#3847,#3848,#3849,#3850,#3851,
#3852,#3853,#3854,#3855,#3856,#3857,#3858),(#3859,#3860,#3861,#3862,#3863,
#3864,#3865,#3866,#3867,#3868,#3869,#3870,#3871,#3872,#3873,#3874,#3875,
#3876,#3877,#3878,#3879,#3880,#3881,#3882,#3883,#3884,#3885,#3886,#3887,
#3888),(#3889,#3890,#3891,#3892,#3893,#3894,#3895,#3896,#3897,#3898,#3899,
#3900,#3901,#3902,#3903,#3904,#3905,#3906,#3907,#3908,#3909,#3910,#3911,
#3912,#3913,#3914,#3915,#3916,#3917,#3918),(#3919,#3920,#3921,#3922,#3923,
#3924,#3925,#3926,#3927,#3928,#3929,#3930,#3931,#3932,#3933,#3934,#3935,
#3936,#3937,#3938,#3939,#3940,#3941,#3942,#3943,#3944,#3945,#3946,#3947,
#3948),(#3949,#3950,#3951,#3952,#3953,#3954,#3955,#3956,#3957,#3958,#3959,
#3960,#3961,#3962,#3963,#3964,#3965,#3966,#3967,#3968,#3969,#3970,#3971,
#3972,#3973,#3974,#3975,#3976,#3977,#3978),(#3979,#3980,#3981,#3982,#3983,
#3984,#3985,#3986,#3987,#3988,#3989,#3990,#3991,#3992,#3993,#3994,#3995,
#3996,#3997,#3998,#3999,#4000,#4001,#4002,#4003,#4004,#4005,#4006,#4007,
#4008),(#4009,#4010,#4011,#4012,#4013,#4014,#4015,#4016,#4017,#4018,#4019,
#4020,#4021,#4022,#4023,#4024,#4025,#4026,#4027,#4028,#4029,#4030,#4031,
#4032,#4033,#4034,#4035,#4036,#4037,#4038),(#4039,#4040,#4041,#4042,#4043,
#4044,#4045,#4046,#4047,#4048,#4049,#4050,#4051,#4052,#4053,#4054,#4055,
#4056,#4057,#4058,#4059,#4060,#4061,#4062,#4063,#4064,#4065,#4066,#4067,
#4068),(#4069,#4070,#4071,#4072,#4073,#4074,#4075,#4076,#4077,#4078,#4079,
#4080,#4081,#4082,#4083,#4084,#4085,#4086,#4087,#4088,#4089,#4090,#4091,
#4092,#4093,#4094,#4095,#4096,#4097,#4098),(#4099,#4100,#4101,#4102,#4103,
#4104,#4105,#4106,#4107,#4108,#4109,#4110,#4111,#4112,#4113,#4114,#4115,
#4116,#4117,#4118,#4119,#4120,#4121,#4122,#4123,#4124,#4125,#4126,#4127,
#4128),(#4129,#4130,#4131,#4132,#4133,#4134,#4135,#4136,#4137,#4138,#4139,
#4140,#4141,#4142,#4143,#4144,#4145,#4146,#4147,#4148,#4149,#4150,#4151,
#4152,#4153,#4154,#4155,#4156,#4157,#4158),(#4159,#4160,#4161,#4162,#4163,
#4164,#4165,#4166,#4167,#4168,#4169,#4170,#4171,#4172,#4173,#4174,#4175,
#4176,#4177,#4178,#4179,#4180,#4181,#4182,#4183,#4184,#4185,#4186,#4187,
#4188),(#4189,#4190,#4191,#4192,#4193,#4194,#4195,#4196,#4197,#4198,#4199,
#4200,#4201,#4202,#4203,#4204,#4205,#4206,#4207,#4208,#4209,#4210,#4211,
#4212,#4213,#4214,#4215,#4216,#4217,#4218),(#4219,#4220,#4221,#4222,#4223,
#4224,#4225,#4226,#4227,#4228,#4229,#4230,#4231,#4232,#4233,#4234,#4235,
#4236,#4237,#4238,#4239,#4240,#4241,#4242,#4243,#4244,#4245,#4246,#4247,
#4248),(#4249,#4250,#4251,#4252,#4253,#4254,#4255,#4256,#4257,#4258,#4259,
#4260,#4261,#4262,#4263,#4264,#4265,#4266,#4267,#4268,#4269,#4270,#4271,
#4272,#4273,#4274,#4275,#4276,#4277,#4278),(#4279,#4280,#4281,#4282,#4283,
#4284,#4285,#4286,#4287,#4288,#4289,#4290,#4291,#4292,#4293,#4294,#4295,
#4296,#4297,#4298,#4299,#4300,#4301,#4302,#4303,#4304,#4305,#4306,#4307,
#4308),(#4309,#4310,#4311,#4312,#4313,#4314,#4315,#4316,#4317,#4318,#4319,
#4320,#4321,#4322,#4323,#4324,#4325,#4326,#4327,#4328,#4329,#4330,#4331,
#4332,#4333,#4334,#4335,#4336,#4337,#4338),(#4339,#4340,#4341,#4342,#4343,
#4344,#4345,#4346,#4347,#4348,#4349,#4350,#4351,#4352,#4353,#4354,#4355,
#4356,#4357,#4358,#4359,#4360,#4361,#4362,#4363,#4364,#4365,#4366,#4367,
#4368),(#4369,#4370,#4371,#4372,#4373,#4374,#4375,#4376,#4377,#4378,#4379,
#4380,#4381,#4382,#4383,#4384,#4385,#4386,#4387,#4388,#4389,#4390,#4391,
#4392,#4393,#4394,#4395,#4396,#4397,#4398),(#4399,#4400,#4401,#4402,#4403,
#4404,#4405,#4406,#4407,#4408,#4409,#4410,#4411,#4412,#4413,#4414,#4415,
#4416,#4417,#4418,#4419,#4420,#4421,#4422,#4423,#4424,#4425,#4426,#4427,
#4428),(#4429,#4430,#4431,#4432,#4433,#4434,#4435,#4436,#4437,#4438,#4439,
#4440,#4441,#4442,#4443,#4444,#4445,#4446,#4447,#4448,#4449,#4450,#4451,
#4452,#4453,#4454,#4455,#4456,#4457,#4458),(#4459,#4460,#4461,#4462,#4463,
#4464,#4465,#4466,#4467,#4468,#4469,#4470,#4471,#4472,#4473,#4474,#4475,
#4476,#4477,#4478,#4479,#4480,#4481,#4482,#4483,#4484,#4485,#4486,#4487,
#4488),(#4489,#4490,#4491,#4492,#4493,#4494,#4495,#4496,#4497,#4498,#4499,
#4500,#4501,#4502,#4503,#4504,#4505,#4506,#4507,#4508,#4509,#4510,#4511,
#4512,#4513,#4514,#4515,#4516,#4517,#4518)),.UNSPECIFIED.,.F.,.F.,.F.,(4,
2,2,2,2,2,2,2,2,2,2,2,2,2,2,2,2,2,2,2,2,2,2,2,2,2,2,2,2,2,2,2,2,2,2,2,2,
2,2,2,2,2,4),(4,2,2,2,2,2,2,2,2,2,2,2,2,2,4),(0.,0.00931295119292233,0.0186259023858447,
0.0372518047716894,0.055877707157534,0.0745036095433787,0.0931295119292233,
0.111755414315068,0.130381316700913,0.149007219086757,0.167633121472602,
0.186259023858447,0.204884926244291,0.223510828630136,0.24213673101598,
0.260762633401826,0.27938853578767,0.298014438173514,0.313013979562587,
0.32801352095166,0.358012603729806,0.388011686507952,0.418010769286098,
0.448009852064244,0.47800893484239,0.508008017620536,0.538007100398681,
0.567041365665884,0.596075630933088,0.625109896200291,0.654144161467494,
0.683178426734697,0.7122126920019,0.741246957269103,0.770281222536306,0.798996069719268,
0.827710916902229,0.856425764085191,0.885140611268153,0.913855458451115,
0.942570305634076,0.971285152817038,1.),(0.,0.125,0.25,0.3125,0.375,0.4375,
0.46875,0.5,0.53125,0.5625,0.625,0.6875,0.75,0.875,1.),.UNSPECIFIED.);
#38=B_SPLINE_SURFACE_WITH_KNOTS('',3,3,((#4662,#4663,#4664,#4665,#4666,
#4667,#4668,#4669,#4670,#4671,#4672,#4673,#4674,#4675,#4676,#4677,#4678,
#4679,#4680,#4681,#4682,#4683,#4684,#4685,#4686,#4687,#4688,#4689,#4690,
#4691),(#4692,#4693,#4694,#4695,#4696,#4697,#4698,#4699,#4700,#4701,#4702,
#4703,#4704,#4705,#4706,#4707,#4708,#4709,#4710,#4711,#4712,#4713,#4714,
#4715,#4716,#4717,#4718,#4719,#4720,#4721),(#4722,#4723,#4724,#4725,#4726,
#4727,#4728,#4729,#4730,#4731,#4732,#4733,#4734,#4735,#4736,#4737,#4738,
#4739,#4740,#4741,#4742,#4743,#4744,#4745,#4746,#4747,#4748,#4749,#4750,
#4751),(#4752,#4753,#4754,#4755,#4756,#4757,#4758,#4759,#4760,#4761,#4762,
#4763,#4764,#4765,#4766,#4767,#4768,#4769,#4770,#4771,#4772,#4773,#4774,
#4775,#4776,#4777,#4778,#4779,#4780,#4781),(#4782,#4783,#4784,#4785,#4786,
#4787,#4788,#4789,#4790,#4791,#4792,#4793,#4794,#4795,#4796,#4797,#4798,
#4799,#4800,#4801,#4802,#4803,#4804,#4805,#4806,#4807,#4808,#4809,#4810,
#4811),(#4812,#4813,#4814,#4815,#4816,#4817,#4818,#4819,#4820,#4821,#4822,
#4823,#4824,#4825,#4826,#4827,#4828,#4829,#4830,#4831,#4832,#4833,#4834,
#4835,#4836,#4837,#4838,#4839,#4840,#4841),(#4842,#4843,#4844,#4845,#4846,
#4847,#4848,#4849,#4850,#4851,#4852,#4853,#4854,#4855,#4856,#4857,#4858,
#4859,#4860,#4861,#4862,#4863,#4864,#4865,#4866,#4867,#4868,#4869,#4870,
#4871),(#4872,#4873,#4874,#4875,#4876,#4877,#4878,#4879,#4880,#4881,#4882,
#4883,#4884,#4885,#4886,#4887,#4888,#4889,#4890,#4891,#4892,#4893,#4894,
#4895,#4896,#4897,#4898,#4899,#4900,#4901),(#4902,#4903,#4904,#4905,#4906,
#4907,#4908,#4909,#4910,#4911,#4912,#4913,#4914,#4915,#4916,#4917,#4918,
#4919,#4920,#4921,#4922,#4923,#4924,#4925,#4926,#4927,#4928,#4929,#4930,
#4931),(#4932,#4933,#4934,#4935,#4936,#4937,#4938,#4939,#4940,#4941,#4942,
#4943,#4944,#4945,#4946,#4947,#4948,#4949,#4950,#4951,#4952,#4953,#4954,
#4955,#4956,#4957,#4958,#4959,#4960,#4961),(#4962,#4963,#4964,#4965,#4966,
#4967,#4968,#4969,#4970,#4971,#4972,#4973,#4974,#4975,#4976,#4977,#4978,
#4979,#4980,#4981,#4982,#4983,#4984,#4985,#4986,#4987,#4988,#4989,#4990,
#4991),(#4992,#4993,#4994,#4995,#4996,#4997,#4998,#4999,#5000,#5001,#5002,
#5003,#5004,#5005,#5006,#5007,#5008,#5009,#5010,#5011,#5012,#5013,#5014,
#5015,#5016,#5017,#5018,#5019,#5020,#5021),(#5022,#5023,#5024,#5025,#5026,
#5027,#5028,#5029,#5030,#5031,#5032,#5033,#5034,#5035,#5036,#5037,#5038,
#5039,#5040,#5041,#5042,#5043,#5044,#5045,#5046,#5047,#5048,#5049,#5050,
#5051),(#5052,#5053,#5054,#5055,#5056,#5057,#5058,#5059,#5060,#5061,#5062,
#5063,#5064,#5065,#5066,#5067,#5068,#5069,#5070,#5071,#5072,#5073,#5074,
#5075,#5076,#5077,#5078,#5079,#5080,#5081),(#5082,#5083,#5084,#5085,#5086,
#5087,#5088,#5089,#5090,#5091,#5092,#5093,#5094,#5095,#5096,#5097,#5098,
#5099,#5100,#5101,#5102,#5103,#5104,#5105,#5106,#5107,#5108,#5109,#5110,
#5111),(#5112,#5113,#5114,#5115,#5116,#5117,#5118,#5119,#5120,#5121,#5122,
#5123,#5124,#5125,#5126,#5127,#5128,#5129,#5130,#5131,#5132,#5133,#5134,
#5135,#5136,#5137,#5138,#5139,#5140,#5141),(#5142,#5143,#5144,#5145,#5146,
#5147,#5148,#5149,#5150,#5151,#5152,#5153,#5154,#5155,#5156,#5157,#5158,
#5159,#5160,#5161,#5162,#5163,#5164,#5165,#5166,#5167,#5168,#5169,#5170,
#5171),(#5172,#5173,#5174,#5175,#5176,#5177,#5178,#5179,#5180,#5181,#5182,
#5183,#5184,#5185,#5186,#5187,#5188,#5189,#5190,#5191,#5192,#5193,#5194,
#5195,#5196,#5197,#5198,#5199,#5200,#5201),(#5202,#5203,#5204,#5205,#5206,
#5207,#5208,#5209,#5210,#5211,#5212,#5213,#5214,#5215,#5216,#5217,#5218,
#5219,#5220,#5221,#5222,#5223,#5224,#5225,#5226,#5227,#5228,#5229,#5230,
#5231),(#5232,#5233,#5234,#5235,#5236,#5237,#5238,#5239,#5240,#5241,#5242,
#5243,#5244,#5245,#5246,#5247,#5248,#5249,#5250,#5251,#5252,#5253,#5254,
#5255,#5256,#5257,#5258,#5259,#5260,#5261),(#5262,#5263,#5264,#5265,#5266,
#5267,#5268,#5269,#5270,#5271,#5272,#5273,#5274,#5275,#5276,#5277,#5278,
#5279,#5280,#5281,#5282,#5283,#5284,#5285,#5286,#5287,#5288,#5289,#5290,
#5291),(#5292,#5293,#5294,#5295,#5296,#5297,#5298,#5299,#5300,#5301,#5302,
#5303,#5304,#5305,#5306,#5307,#5308,#5309,#5310,#5311,#5312,#5313,#5314,
#5315,#5316,#5317,#5318,#5319,#5320,#5321),(#5322,#5323,#5324,#5325,#5326,
#5327,#5328,#5329,#5330,#5331,#5332,#5333,#5334,#5335,#5336,#5337,#5338,
#5339,#5340,#5341,#5342,#5343,#5344,#5345,#5346,#5347,#5348,#5349,#5350,
#5351),(#5352,#5353,#5354,#5355,#5356,#5357,#5358,#5359,#5360,#5361,#5362,
#5363,#5364,#5365,#5366,#5367,#5368,#5369,#5370,#5371,#5372,#5373,#5374,
#5375,#5376,#5377,#5378,#5379,#5380,#5381),(#5382,#5383,#5384,#5385,#5386,
#5387,#5388,#5389,#5390,#5391,#5392,#5393,#5394,#5395,#5396,#5397,#5398,
#5399,#5400,#5401,#5402,#5403,#5404,#5405,#5406,#5407,#5408,#5409,#5410,
#5411),(#5412,#5413,#5414,#5415,#5416,#5417,#5418,#5419,#5420,#5421,#5422,
#5423,#5424,#5425,#5426,#5427,#5428,#5429,#5430,#5431,#5432,#5433,#5434,
#5435,#5436,#5437,#5438,#5439,#5440,#5441),(#5442,#5443,#5444,#5445,#5446,
#5447,#5448,#5449,#5450,#5451,#5452,#5453,#5454,#5455,#5456,#5457,#5458,
#5459,#5460,#5461,#5462,#5463,#5464,#5465,#5466,#5467,#5468,#5469,#5470,
#5471),(#5472,#5473,#5474,#5475,#5476,#5477,#5478,#5479,#5480,#5481,#5482,
#5483,#5484,#5485,#5486,#5487,#5488,#5489,#5490,#5491,#5492,#5493,#5494,
#5495,#5496,#5497,#5498,#5499,#5500,#5501),(#5502,#5503,#5504,#5505,#5506,
#5507,#5508,#5509,#5510,#5511,#5512,#5513,#5514,#5515,#5516,#5517,#5518,
#5519,#5520,#5521,#5522,#5523,#5524,#5525,#5526,#5527,#5528,#5529,#5530,
#5531),(#5532,#5533,#5534,#5535,#5536,#5537,#5538,#5539,#5540,#5541,#5542,
#5543,#5544,#5545,#5546,#5547,#5548,#5549,#5550,#5551,#5552,#5553,#5554,
#5555,#5556,#5557,#5558,#5559,#5560,#5561),(#5562,#5563,#5564,#5565,#5566,
#5567,#5568,#5569,#5570,#5571,#5572,#5573,#5574,#5575,#5576,#5577,#5578,
#5579,#5580,#5581,#5582,#5583,#5584,#5585,#5586,#5587,#5588,#5589,#5590,
#5591),(#5592,#5593,#5594,#5595,#5596,#5597,#5598,#5599,#5600,#5601,#5602,
#5603,#5604,#5605,#5606,#5607,#5608,#5609,#5610,#5611,#5612,#5613,#5614,
#5615,#5616,#5617,#5618,#5619,#5620,#5621),(#5622,#5623,#5624,#5625,#5626,
#5627,#5628,#5629,#5630,#5631,#5632,#5633,#5634,#5635,#5636,#5637,#5638,
#5639,#5640,#5641,#5642,#5643,#5644,#5645,#5646,#5647,#5648,#5649,#5650,
#5651),(#5652,#5653,#5654,#5655,#5656,#5657,#5658,#5659,#5660,#5661,#5662,
#5663,#5664,#5665,#5666,#5667,#5668,#5669,#5670,#5671,#5672,#5673,#5674,
#5675,#5676,#5677,#5678,#5679,#5680,#5681),(#5682,#5683,#5684,#5685,#5686,
#5687,#5688,#5689,#5690,#5691,#5692,#5693,#5694,#5695,#5696,#5697,#5698,
#5699,#5700,#5701,#5702,#5703,#5704,#5705,#5706,#5707,#5708,#5709,#5710,
#5711),(#5712,#5713,#5714,#5715,#5716,#5717,#5718,#5719,#5720,#5721,#5722,
#5723,#5724,#5725,#5726,#5727,#5728,#5729,#5730,#5731,#5732,#5733,#5734,
#5735,#5736,#5737,#5738,#5739,#5740,#5741),(#5742,#5743,#5744,#5745,#5746,
#5747,#5748,#5749,#5750,#5751,#5752,#5753,#5754,#5755,#5756,#5757,#5758,
#5759,#5760,#5761,#5762,#5763,#5764,#5765,#5766,#5767,#5768,#5769,#5770,
#5771),(#5772,#5773,#5774,#5775,#5776,#5777,#5778,#5779,#5780,#5781,#5782,
#5783,#5784,#5785,#5786,#5787,#5788,#5789,#5790,#5791,#5792,#5793,#5794,
#5795,#5796,#5797,#5798,#5799,#5800,#5801),(#5802,#5803,#5804,#5805,#5806,
#5807,#5808,#5809,#5810,#5811,#5812,#5813,#5814,#5815,#5816,#5817,#5818,
#5819,#5820,#5821,#5822,#5823,#5824,#5825,#5826,#5827,#5828,#5829,#5830,
#5831),(#5832,#5833,#5834,#5835,#5836,#5837,#5838,#5839,#5840,#5841,#5842,
#5843,#5844,#5845,#5846,#5847,#5848,#5849,#5850,#5851,#5852,#5853,#5854,
#5855,#5856,#5857,#5858,#5859,#5860,#5861),(#5862,#5863,#5864,#5865,#5866,
#5867,#5868,#5869,#5870,#5871,#5872,#5873,#5874,#5875,#5876,#5877,#5878,
#5879,#5880,#5881,#5882,#5883,#5884,#5885,#5886,#5887,#5888,#5889,#5890,
#5891),(#5892,#5893,#5894,#5895,#5896,#5897,#5898,#5899,#5900,#5901,#5902,
#5903,#5904,#5905,#5906,#5907,#5908,#5909,#5910,#5911,#5912,#5913,#5914,
#5915,#5916,#5917,#5918,#5919,#5920,#5921),(#5922,#5923,#5924,#5925,#5926,
#5927,#5928,#5929,#5930,#5931,#5932,#5933,#5934,#5935,#5936,#5937,#5938,
#5939,#5940,#5941,#5942,#5943,#5944,#5945,#5946,#5947,#5948,#5949,#5950,
#5951),(#5952,#5953,#5954,#5955,#5956,#5957,#5958,#5959,#5960,#5961,#5962,
#5963,#5964,#5965,#5966,#5967,#5968,#5969,#5970,#5971,#5972,#5973,#5974,
#5975,#5976,#5977,#5978,#5979,#5980,#5981),(#5982,#5983,#5984,#5985,#5986,
#5987,#5988,#5989,#5990,#5991,#5992,#5993,#5994,#5995,#5996,#5997,#5998,
#5999,#6000,#6001,#6002,#6003,#6004,#6005,#6006,#6007,#6008,#6009,#6010,
#6011),(#6012,#6013,#6014,#6015,#6016,#6017,#6018,#6019,#6020,#6021,#6022,
#6023,#6024,#6025,#6026,#6027,#6028,#6029,#6030,#6031,#6032,#6033,#6034,
#6035,#6036,#6037,#6038,#6039,#6040,#6041),(#6042,#6043,#6044,#6045,#6046,
#6047,#6048,#6049,#6050,#6051,#6052,#6053,#6054,#6055,#6056,#6057,#6058,
#6059,#6060,#6061,#6062,#6063,#6064,#6065,#6066,#6067,#6068,#6069,#6070,
#6071),(#6072,#6073,#6074,#6075,#6076,#6077,#6078,#6079,#6080,#6081,#6082,
#6083,#6084,#6085,#6086,#6087,#6088,#6089,#6090,#6091,#6092,#6093,#6094,
#6095,#6096,#6097,#6098,#6099,#6100,#6101),(#6102,#6103,#6104,#6105,#6106,
#6107,#6108,#6109,#6110,#6111,#6112,#6113,#6114,#6115,#6116,#6117,#6118,
#6119,#6120,#6121,#6122,#6123,#6124,#6125,#6126,#6127,#6128,#6129,#6130,
#6131),(#6132,#6133,#6134,#6135,#6136,#6137,#6138,#6139,#6140,#6141,#6142,
#6143,#6144,#6145,#6146,#6147,#6148,#6149,#6150,#6151,#6152,#6153,#6154,
#6155,#6156,#6157,#6158,#6159,#6160,#6161),(#6162,#6163,#6164,#6165,#6166,
#6167,#6168,#6169,#6170,#6171,#6172,#6173,#6174,#6175,#6176,#6177,#6178,
#6179,#6180,#6181,#6182,#6183,#6184,#6185,#6186,#6187,#6188,#6189,#6190,
#6191),(#6192,#6193,#6194,#6195,#6196,#6197,#6198,#6199,#6200,#6201,#6202,
#6203,#6204,#6205,#6206,#6207,#6208,#6209,#6210,#6211,#6212,#6213,#6214,
#6215,#6216,#6217,#6218,#6219,#6220,#6221),(#6222,#6223,#6224,#6225,#6226,
#6227,#6228,#6229,#6230,#6231,#6232,#6233,#6234,#6235,#6236,#6237,#6238,
#6239,#6240,#6241,#6242,#6243,#6244,#6245,#6246,#6247,#6248,#6249,#6250,
#6251),(#6252,#6253,#6254,#6255,#6256,#6257,#6258,#6259,#6260,#6261,#6262,
#6263,#6264,#6265,#6266,#6267,#6268,#6269,#6270,#6271,#6272,#6273,#6274,
#6275,#6276,#6277,#6278,#6279,#6280,#6281),(#6282,#6283,#6284,#6285,#6286,
#6287,#6288,#6289,#6290,#6291,#6292,#6293,#6294,#6295,#6296,#6297,#6298,
#6299,#6300,#6301,#6302,#6303,#6304,#6305,#6306,#6307,#6308,#6309,#6310,
#6311),(#6312,#6313,#6314,#6315,#6316,#6317,#6318,#6319,#6320,#6321,#6322,
#6323,#6324,#6325,#6326,#6327,#6328,#6329,#6330,#6331,#6332,#6333,#6334,
#6335,#6336,#6337,#6338,#6339,#6340,#6341),(#6342,#6343,#6344,#6345,#6346,
#6347,#6348,#6349,#6350,#6351,#6352,#6353,#6354,#6355,#6356,#6357,#6358,
#6359,#6360,#6361,#6362,#6363,#6364,#6365,#6366,#6367,#6368,#6369,#6370,
#6371),(#6372,#6373,#6374,#6375,#6376,#6377,#6378,#6379,#6380,#6381,#6382,
#6383,#6384,#6385,#6386,#6387,#6388,#6389,#6390,#6391,#6392,#6393,#6394,
#6395,#6396,#6397,#6398,#6399,#6400,#6401),(#6402,#6403,#6404,#6405,#6406,
#6407,#6408,#6409,#6410,#6411,#6412,#6413,#6414,#6415,#6416,#6417,#6418,
#6419,#6420,#6421,#6422,#6423,#6424,#6425,#6426,#6427,#6428,#6429,#6430,
#6431),(#6432,#6433,#6434,#6435,#6436,#6437,#6438,#6439,#6440,#6441,#6442,
#6443,#6444,#6445,#6446,#6447,#6448,#6449,#6450,#6451,#6452,#6453,#6454,
#6455,#6456,#6457,#6458,#6459,#6460,#6461),(#6462,#6463,#6464,#6465,#6466,
#6467,#6468,#6469,#6470,#6471,#6472,#6473,#6474,#6475,#6476,#6477,#6478,
#6479,#6480,#6481,#6482,#6483,#6484,#6485,#6486,#6487,#6488,#6489,#6490,
#6491),(#6492,#6493,#6494,#6495,#6496,#6497,#6498,#6499,#6500,#6501,#6502,
#6503,#6504,#6505,#6506,#6507,#6508,#6509,#6510,#6511,#6512,#6513,#6514,
#6515,#6516,#6517,#6518,#6519,#6520,#6521),(#6522,#6523,#6524,#6525,#6526,
#6527,#6528,#6529,#6530,#6531,#6532,#6533,#6534,#6535,#6536,#6537,#6538,
#6539,#6540,#6541,#6542,#6543,#6544,#6545,#6546,#6547,#6548,#6549,#6550,
#6551),(#6552,#6553,#6554,#6555,#6556,#6557,#6558,#6559,#6560,#6561,#6562,
#6563,#6564,#6565,#6566,#6567,#6568,#6569,#6570,#6571,#6572,#6573,#6574,
#6575,#6576,#6577,#6578,#6579,#6580,#6581),(#6582,#6583,#6584,#6585,#6586,
#6587,#6588,#6589,#6590,#6591,#6592,#6593,#6594,#6595,#6596,#6597,#6598,
#6599,#6600,#6601,#6602,#6603,#6604,#6605,#6606,#6607,#6608,#6609,#6610,
#6611),(#6612,#6613,#6614,#6615,#6616,#6617,#6618,#6619,#6620,#6621,#6622,
#6623,#6624,#6625,#6626,#6627,#6628,#6629,#6630,#6631,#6632,#6633,#6634,
#6635,#6636,#6637,#6638,#6639,#6640,#6641),(#6642,#6643,#6644,#6645,#6646,
#6647,#6648,#6649,#6650,#6651,#6652,#6653,#6654,#6655,#6656,#6657,#6658,
#6659,#6660,#6661,#6662,#6663,#6664,#6665,#6666,#6667,#6668,#6669,#6670,
#6671),(#6672,#6673,#6674,#6675,#6676,#6677,#6678,#6679,#6680,#6681,#6682,
#6683,#6684,#6685,#6686,#6687,#6688,#6689,#6690,#6691,#6692,#6693,#6694,
#6695,#6696,#6697,#6698,#6699,#6700,#6701),(#6702,#6703,#6704,#6705,#6706,
#6707,#6708,#6709,#6710,#6711,#6712,#6713,#6714,#6715,#6716,#6717,#6718,
#6719,#6720,#6721,#6722,#6723,#6724,#6725,#6726,#6727,#6728,#6729,#6730,
#6731),(#6732,#6733,#6734,#6735,#6736,#6737,#6738,#6739,#6740,#6741,#6742,
#6743,#6744,#6745,#6746,#6747,#6748,#6749,#6750,#6751,#6752,#6753,#6754,
#6755,#6756,#6757,#6758,#6759,#6760,#6761),(#6762,#6763,#6764,#6765,#6766,
#6767,#6768,#6769,#6770,#6771,#6772,#6773,#6774,#6775,#6776,#6777,#6778,
#6779,#6780,#6781,#6782,#6783,#6784,#6785,#6786,#6787,#6788,#6789,#6790,
#6791),(#6792,#6793,#6794,#6795,#6796,#6797,#6798,#6799,#6800,#6801,#6802,
#6803,#6804,#6805,#6806,#6807,#6808,#6809,#6810,#6811,#6812,#6813,#6814,
#6815,#6816,#6817,#6818,#6819,#6820,#6821),(#6822,#6823,#6824,#6825,#6826,
#6827,#6828,#6829,#6830,#6831,#6832,#6833,#6834,#6835,#6836,#6837,#6838,
#6839,#6840,#6841,#6842,#6843,#6844,#6845,#6846,#6847,#6848,#6849,#6850,
#6851),(#6852,#6853,#6854,#6855,#6856,#6857,#6858,#6859,#6860,#6861,#6862,
#6863,#6864,#6865,#6866,#6867,#6868,#6869,#6870,#6871,#6872,#6873,#6874,
#6875,#6876,#6877,#6878,#6879,#6880,#6881),(#6882,#6883,#6884,#6885,#6886,
#6887,#6888,#6889,#6890,#6891,#6892,#6893,#6894,#6895,#6896,#6897,#6898,
#6899,#6900,#6901,#6902,#6903,#6904,#6905,#6906,#6907,#6908,#6909,#6910,
#6911),(#6912,#6913,#6914,#6915,#6916,#6917,#6918,#6919,#6920,#6921,#6922,
#6923,#6924,#6925,#6926,#6927,#6928,#6929,#6930,#6931,#6932,#6933,#6934,
#6935,#6936,#6937,#6938,#6939,#6940,#6941),(#6942,#6943,#6944,#6945,#6946,
#6947,#6948,#6949,#6950,#6951,#6952,#6953,#6954,#6955,#6956,#6957,#6958,
#6959,#6960,#6961,#6962,#6963,#6964,#6965,#6966,#6967,#6968,#6969,#6970,
#6971),(#6972,#6973,#6974,#6975,#6976,#6977,#6978,#6979,#6980,#6981,#6982,
#6983,#6984,#6985,#6986,#6987,#6988,#6989,#6990,#6991,#6992,#6993,#6994,
#6995,#6996,#6997,#6998,#6999,#7000,#7001),(#7002,#7003,#7004,#7005,#7006,
#7007,#7008,#7009,#7010,#7011,#7012,#7013,#7014,#7015,#7016,#7017,#7018,
#7019,#7020,#7021,#7022,#7023,#7024,#7025,#7026,#7027,#7028,#7029,#7030,
#7031),(#7032,#7033,#7034,#7035,#7036,#7037,#7038,#7039,#7040,#7041,#7042,
#7043,#7044,#7045,#7046,#7047,#7048,#7049,#7050,#7051,#7052,#7053,#7054,
#7055,#7056,#7057,#7058,#7059,#7060,#7061),(#7062,#7063,#7064,#7065,#7066,
#7067,#7068,#7069,#7070,#7071,#7072,#7073,#7074,#7075,#7076,#7077,#7078,
#7079,#7080,#7081,#7082,#7083,#7084,#7085,#7086,#7087,#7088,#7089,#7090,
#7091),(#7092,#7093,#7094,#7095,#7096,#7097,#7098,#7099,#7100,#7101,#7102,
#7103,#7104,#7105,#7106,#7107,#7108,#7109,#7110,#7111,#7112,#7113,#7114,
#7115,#7116,#7117,#7118,#7119,#7120,#7121),(#7122,#7123,#7124,#7125,#7126,
#7127,#7128,#7129,#7130,#7131,#7132,#7133,#7134,#7135,#7136,#7137,#7138,
#7139,#7140,#7141,#7142,#7143,#7144,#7145,#7146,#7147,#7148,#7149,#7150,
#7151),(#7152,#7153,#7154,#7155,#7156,#7157,#7158,#7159,#7160,#7161,#7162,
#7163,#7164,#7165,#7166,#7167,#7168,#7169,#7170,#7171,#7172,#7173,#7174,
#7175,#7176,#7177,#7178,#7179,#7180,#7181),(#7182,#7183,#7184,#7185,#7186,
#7187,#7188,#7189,#7190,#7191,#7192,#7193,#7194,#7195,#7196,#7197,#7198,
#7199,#7200,#7201,#7202,#7203,#7204,#7205,#7206,#7207,#7208,#7209,#7210,
#7211),(#7212,#7213,#7214,#7215,#7216,#7217,#7218,#7219,#7220,#7221,#7222,
#7223,#7224,#7225,#7226,#7227,#7228,#7229,#7230,#7231,#7232,#7233,#7234,
#7235,#7236,#7237,#7238,#7239,#7240,#7241),(#7242,#7243,#7244,#7245,#7246,
#7247,#7248,#7249,#7250,#7251,#7252,#7253,#7254,#7255,#7256,#7257,#7258,
#7259,#7260,#7261,#7262,#7263,#7264,#7265,#7266,#7267,#7268,#7269,#7270,
#7271),(#7272,#7273,#7274,#7275,#7276,#7277,#7278,#7279,#7280,#7281,#7282,
#7283,#7284,#7285,#7286,#7287,#7288,#7289,#7290,#7291,#7292,#7293,#7294,
#7295,#7296,#7297,#7298,#7299,#7300,#7301)),.UNSPECIFIED.,.F.,.F.,.F.,(4,
2,2,2,2,2,2,2,2,2,2,2,2,2,2,2,2,2,2,2,2,2,2,2,2,2,2,2,2,2,2,2,2,2,2,2,2,
2,2,2,2,2,2,4),(4,2,2,2,2,2,2,2,2,2,2,2,2,2,4),(0.,0.00929125765681175,
0.0185825153136235,0.037165030627247,0.0557475459408705,0.074330061254494,
0.0929125765681175,0.111495091881741,0.130077607195364,0.148660122508988,
0.167242637822612,0.185825153136235,0.204407668449858,0.222990183763482,
0.241572699077105,0.260155214390729,0.278737729704353,0.297320245017976,
0.312335465673893,0.327350686329811,0.357381127641645,0.387411568953479,
0.417442010265313,0.447472451577147,0.477502892888982,0.507533334200816,
0.53756377551265,0.566625965406516,0.595688155300381,0.624750345194246,
0.653812535088111,0.682874724981976,0.711936914875842,0.740999104769707,
0.770061294663572,0.798803632830625,0.827545970997679,0.856288309164732,
0.885030647331786,0.913772985498839,0.942515323665893,0.971257661832946,
0.985628830916473,1.),(0.,0.125,0.25,0.3125,0.375,0.4375,0.46875,0.5,0.53125,
0.5625,0.625,0.6875,0.75,0.875,1.),.UNSPECIFIED.);
#39=ELLIPSE('',#967,0.00989949493661167,0.007);
#40=ELLIPSE('',#970,0.00989949493661166,0.007);
#41=ELLIPSE('',#978,0.0174886893280322,0.017);
#42=ELLIPSE('',#979,0.0174886893280322,0.017);
#43=ELLIPSE('',#1003,0.0108099146348352,0.01);
#44=ELLIPSE('',#1005,0.0108099146348352,0.01);
#45=B_SPLINE_CURVE_WITH_KNOTS('',3,(#1327,#1328,#1329,#1330),
 .UNSPECIFIED.,.F.,.F.,(4,4),(0.,0.0054083589885528),.UNSPECIFIED.);
#46=B_SPLINE_CURVE_WITH_KNOTS('',3,(#1338,#1339,#1340,#1341,#1342),
 .UNSPECIFIED.,.F.,.F.,(4,1,4),(0.00180887364635863,0.00742749980989866,
0.0130461259734387),.UNSPECIFIED.);
#47=B_SPLINE_CURVE_WITH_KNOTS('',3,(#1348,#1349,#1350,#1351),
 .UNSPECIFIED.,.F.,.F.,(4,4),(0.00577242982115263,0.0111761442430039),
 .UNSPECIFIED.);
#48=B_SPLINE_CURVE_WITH_KNOTS('',3,(#1356,#1357,#1358,#1359),
 .UNSPECIFIED.,.F.,.F.,(4,4),(0.,0.00401889107776244),.UNSPECIFIED.);
#49=B_SPLINE_CURVE_WITH_KNOTS('',3,(#1361,#1362,#1363,#1364,#1365,#1366),
 .UNSPECIFIED.,.F.,.F.,(4,1,1,4),(0.,0.00379139761926555,0.00568709642889832,
0.00758279523853109),.UNSPECIFIED.);
#50=B_SPLINE_CURVE_WITH_KNOTS('',3,(#1375,#1376,#1377,#1378,#1379,#1380),
 .UNSPECIFIED.,.F.,.F.,(4,1,1,4),(4.34527076372497E-19,0.0019013350896842,
0.0038026701793684,0.00760534035873679),.UNSPECIFIED.);
#51=B_SPLINE_CURVE_WITH_KNOTS('',3,(#1382,#1383,#1384,#1385),
 .UNSPECIFIED.,.F.,.F.,(4,4),(0.00725998514385914,0.0112730074295696),
 .UNSPECIFIED.);
#52=B_SPLINE_CURVE_WITH_KNOTS('',3,(#1412,#1413,#1414,#1415,#1416,#1417,
#1418,#1419),.UNSPECIFIED.,.F.,.F.,(4,1,1,1,1,4),(0.,0.00732692693957445,
0.0146538538791489,0.0219807808187234,0.0256442442885106,0.0293077077582978),
 .UNSPECIFIED.);
#53=B_SPLINE_CURVE_WITH_KNOTS('',3,(#1421,#1422,#1423,#1424,#1425),
 .UNSPECIFIED.,.F.,.F.,(4,1,4),(0.,0.5,1.),.UNSPECIFIED.);
#54=B_SPLINE_CURVE_WITH_KNOTS('',3,(#1427,#1428,#1429,#1430,#1431,#1432,
#1433,#1434),.UNSPECIFIED.,.F.,.F.,(4,1,1,1,1,4),(0.,0.00458730988034043,
0.00917461976068085,0.0183492395213617,0.0275238592820426,0.0366984790427234),
 .UNSPECIFIED.);
#55=B_SPLINE_CURVE_WITH_KNOTS('',3,(#1438,#1439,#1440,#1441,#1442,#1443,
#1444,#1445),.UNSPECIFIED.,.F.,.F.,(4,1,1,1,1,4),(0.,0.00916941664714427,
0.0183388332942885,0.0275082499414328,0.032092958265005,0.0366776665885771),
 .UNSPECIFIED.);
#56=B_SPLINE_CURVE_WITH_KNOTS('',3,(#1447,#1448,#1449,#1450,#1451),
 .UNSPECIFIED.,.F.,.F.,(4,1,4),(0.,0.5,1.),.UNSPECIFIED.);
#57=B_SPLINE_CURVE_WITH_KNOTS('',3,(#1453,#1454,#1455,#1456,#1457,#1458,
#1459,#1460),.UNSPECIFIED.,.F.,.F.,(4,1,1,1,1,4),(0.,0.00366431412629229,
0.00732862825258459,0.0146572565051692,0.0219858847577538,0.0293145130103384),
 .UNSPECIFIED.);
#58=B_SPLINE_CURVE_WITH_KNOTS('',3,(#1491,#1492,#1493,#1494),
 .UNSPECIFIED.,.F.,.F.,(4,4),(0.,0.00228298464636551),.UNSPECIFIED.);
#59=B_SPLINE_CURVE_WITH_KNOTS('',3,(#1496,#1497,#1498,#1499),
 .UNSPECIFIED.,.F.,.F.,(4,4),(0.,0.0093424583714024),.UNSPECIFIED.);
#60=B_SPLINE_CURVE_WITH_KNOTS('',3,(#1516,#1517,#1518,#1519),
 .UNSPECIFIED.,.F.,.F.,(4,4),(0.,0.00934283458370815),.UNSPECIFIED.);
#61=B_SPLINE_CURVE_WITH_KNOTS('',3,(#1521,#1522,#1523,#1524),
 .UNSPECIFIED.,.F.,.F.,(4,4),(0.,0.00228298464636559),.UNSPECIFIED.);
#62=B_SPLINE_CURVE_WITH_KNOTS('',3,(#1530,#1531,#1532,#1533),
 .UNSPECIFIED.,.F.,.F.,(4,4),(0.,0.001),.UNSPECIFIED.);
#63=B_SPLINE_CURVE_WITH_KNOTS('',3,(#1544,#1545,#1546,#1547),
 .UNSPECIFIED.,.F.,.F.,(4,4),(8.67361737988404E-18,0.00285424217967616),
 .UNSPECIFIED.);
#64=B_SPLINE_CURVE_WITH_KNOTS('',3,(#1549,#1550,#1551,#1552,#1553,#1554,
#1555,#1556,#1557),.UNSPECIFIED.,.F.,.F.,(4,1,1,1,1,1,4),(0.,0.00472856559564684,
0.00945713119129369,0.0118214139891171,0.0141856967869405,0.016549979584764,
0.0189142623825874),.UNSPECIFIED.);
#65=B_SPLINE_CURVE_WITH_KNOTS('',3,(#1562,#1563,#1564,#1565,#1566,#1567,
#1568,#1569,#1570),.UNSPECIFIED.,.F.,.F.,(4,1,1,1,1,1,4),(1.0842021724855E-19,
0.00237528915692024,0.00475057831384048,0.00712586747076072,0.00950115662768097,
0.0142517349415214,0.0190023132553619),.UNSPECIFIED.);
#66=B_SPLINE_CURVE_WITH_KNOTS('',3,(#1572,#1573,#1574,#1575),
 .UNSPECIFIED.,.F.,.F.,(4,4),(8.67361737988404E-18,0.00285424217967618),
 .UNSPECIFIED.);
#67=B_SPLINE_CURVE_WITH_KNOTS('',3,(#1579,#1580,#1581,#1582,#1583),
 .UNSPECIFIED.,.F.,.F.,(4,1,4),(0.,0.00319030346089838,0.00638060692179676),
 .UNSPECIFIED.);
#68=B_SPLINE_CURVE_WITH_KNOTS('',3,(#1585,#1586,#1587,#1588,#1589),
 .UNSPECIFIED.,.F.,.F.,(4,1,4),(0.,0.00319030346089774,0.00638060692179549),
 .UNSPECIFIED.);
#69=B_SPLINE_CURVE_WITH_KNOTS('',3,(#1593,#1594,#1595,#1596,#1597,#1598,
#1599,#1600,#1601,#1602,#1603,#1604,#1605),.UNSPECIFIED.,.F.,.F.,(4,1,1,
1,1,1,1,1,1,1,4),(0.,0.00118032072087465,0.00236064144174931,0.00354096216262396,
0.00472128288349861,0.00708192432524792,0.00944256576699722,0.0118032072087465,
0.0141638486504958,0.0165244900922451,0.0188851315339944),.UNSPECIFIED.);
#70=B_SPLINE_CURVE_WITH_KNOTS('',3,(#1608,#1609,#1610,#1611,#1612,#1613,
#1614,#1615,#1616),.UNSPECIFIED.,.F.,.F.,(4,1,1,1,1,1,4),(0.,0.00188687052417835,
0.0037737410483567,0.00566061157253504,0.00754748209671339,0.0113212231450701,
0.0150949641934268),.UNSPECIFIED.);
#71=B_SPLINE_CURVE_WITH_KNOTS('',3,(#1620,#1621,#1622,#1623,#1624,#1625,
#1626,#1627,#1628,#1629,#1630,#1631),.UNSPECIFIED.,.F.,.F.,(4,1,1,1,1,1,
1,1,1,4),(0.,0.00465278525003502,0.00697917787505253,0.00930557050007004,
0.0116319631250875,0.0139583557501051,0.0151215520626138,0.0162847483751226,
0.0174479446876313,0.0186111410001401),.UNSPECIFIED.);
#72=B_SPLINE_CURVE_WITH_KNOTS('',3,(#1632,#1633,#1634,#1635,#1636,#1637,
#1638,#1639,#1640),.UNSPECIFIED.,.F.,.F.,(4,1,1,1,1,1,4),(0.,0.00374587730541421,
0.00749175461082842,0.00936469326353553,0.0112376319162426,0.0131105705689497,
0.0149835092216568),.UNSPECIFIED.);
#73=B_SPLINE_CURVE_WITH_KNOTS('',3,(#1650,#1651,#1652,#1653,#1654,#1655,
#1656,#1657,#1658,#1659),.UNSPECIFIED.,.F.,.F.,(4,1,1,1,1,1,1,4),(0.,0.00256448694618777,
0.00512897389237554,0.0102579477847511,0.0128224347309389,0.0153869216771266,
0.0179514086233144,0.0205158955695022),.UNSPECIFIED.);
#74=B_SPLINE_CURVE_WITH_KNOTS('',3,(#1660,#1661,#1662,#1663,#1664,#1665,
#1666,#1667,#1668),.UNSPECIFIED.,.F.,.F.,(4,1,1,1,1,1,4),(0.,0.00510065077345162,
0.00765097616017743,0.0102013015469032,0.0153019523203549,0.0178522777070807,
0.0204026030938065),.UNSPECIFIED.);
#75=B_SPLINE_CURVE_WITH_KNOTS('',3,(#1922,#1923,#1924,#1925,#1926,#1927,
#1928,#1929,#1930,#1931,#1932,#1933,#1934,#1935,#1936),.UNSPECIFIED.,.F.,
 .F.,(4,1,1,1,1,1,1,1,1,1,1,1,4),(0.,0.03125,0.0625,0.125,0.1875,0.25,0.3125,
0.375,0.5,0.625,0.75,0.875,1.),.UNSPECIFIED.);
#76=B_SPLINE_CURVE_WITH_KNOTS('',3,(#4519,#4520,#4521,#4522,#4523,#4524,
#4525,#4526,#4527,#4528,#4529,#4530,#4531,#4532,#4533),.UNSPECIFIED.,.F.,
 .F.,(4,1,1,1,1,1,1,1,1,1,1,1,4),(0.,0.125,0.25,0.375,0.5,0.625,0.6875,
0.75,0.8125,0.875,0.9375,0.96875,1.),.UNSPECIFIED.);
#77=B_SPLINE_CURVE_WITH_KNOTS('',3,(#4581,#4582,#4583,#4584,#4585,#4586,
#4587),.UNSPECIFIED.,.F.,.F.,(4,1,1,1,4),(0.,0.00273408197359737,0.00546816394719475,
0.00820224592079212,0.0109363278943895),.UNSPECIFIED.);
#78=B_SPLINE_CURVE_WITH_KNOTS('',3,(#4590,#4591,#4592,#4593,#4594,#4595,
#4596),.UNSPECIFIED.,.F.,.F.,(4,1,1,1,4),(0.,0.00273408197359667,0.00546816394719334,
0.00820224592079001,0.0109363278943867),.UNSPECIFIED.);
#79=B_SPLINE_CURVE_WITH_KNOTS('',3,(#4645,#4646,#4647,#4648,#4649,#4650,
#4651,#4652,#4653,#4654,#4655,#4656,#4657,#4658,#4659),.UNSPECIFIED.,.F.,
 .F.,(4,1,1,1,1,1,1,1,1,1,1,1,4),(0.,0.03125,0.0625,0.125,0.1875,0.25,0.3125,
0.375,0.5,0.625,0.75,0.875,1.),.UNSPECIFIED.);
#80=B_SPLINE_CURVE_WITH_KNOTS('',3,(#7302,#7303,#7304,#7305,#7306,#7307,
#7308,#7309,#7310,#7311,#7312,#7313,#7314,#7315),.UNSPECIFIED.,.F.,.F.,
(4,1,1,1,1,1,1,1,1,1,1,4),(0.,0.25,0.375,0.5,0.625,0.6875,0.75,0.8125,0.875,
0.9375,0.96875,1.),.UNSPECIFIED.);
#81=B_SPLINE_CURVE_WITH_KNOTS('',3,(#7363,#7364,#7365,#7366,#7367),
 .UNSPECIFIED.,.F.,.F.,(4,1,4),(0.,0.0057890363691231,0.0115780727382462),
 .UNSPECIFIED.);
#82=B_SPLINE_CURVE_WITH_KNOTS('',3,(#7375,#7376,#7377,#7378,#7379,#7380),
 .UNSPECIFIED.,.F.,.F.,(4,1,1,4),(0.,0.00577745980623787,0.0086661897093568,
0.0115549196124757),.UNSPECIFIED.);
#83=B_SPLINE_CURVE_WITH_KNOTS('',3,(#7390,#7391,#7392,#7393,#7394,#7395),
 .UNSPECIFIED.,.F.,.F.,(4,1,1,4),(0.,0.00577745980623787,0.00866618970935681,
0.0115549196124757),.UNSPECIFIED.);
#84=B_SPLINE_CURVE_WITH_KNOTS('',3,(#7399,#7400,#7401,#7402,#7403),
 .UNSPECIFIED.,.F.,.F.,(4,1,4),(0.,0.0057890363691231,0.0115780727382462),
 .UNSPECIFIED.);
#85=B_SPLINE_CURVE_WITH_KNOTS('',3,(#7421,#7422,#7423,#7424,#7425),
 .UNSPECIFIED.,.F.,.F.,(4,1,4),(0.,0.00317883862277447,0.00635767724554895),
 .UNSPECIFIED.);
#86=B_SPLINE_CURVE_WITH_KNOTS('',3,(#7426,#7427,#7428,#7429,#7430),
 .UNSPECIFIED.,.F.,.F.,(4,1,4),(0.,0.00317883862277448,0.00635767724554895),
 .UNSPECIFIED.);
#87=B_SPLINE_CURVE_WITH_KNOTS('',3,(#7432,#7433,#7434,#7435,#7436),
 .UNSPECIFIED.,.F.,.F.,(4,1,4),(0.,0.00317883862277447,0.00635767724554895),
 .UNSPECIFIED.);
#88=B_SPLINE_CURVE_WITH_KNOTS('',3,(#7438,#7439,#7440,#7441,#7442),
 .UNSPECIFIED.,.F.,.F.,(4,1,4),(0.,0.00317883862277447,0.00635767724554895),
 .UNSPECIFIED.);
#89=CYLINDRICAL_SURFACE('',#966,0.007);
#90=CYLINDRICAL_SURFACE('',#969,0.007);
#91=CYLINDRICAL_SURFACE('',#971,0.007);
#92=CYLINDRICAL_SURFACE('',#973,0.007);
#93=CYLINDRICAL_SURFACE('',#975,0.007);
#94=CYLINDRICAL_SURFACE('',#990,0.0075);
#95=CYLINDRICAL_SURFACE('',#995,0.01);
#96=CYLINDRICAL_SURFACE('',#1002,0.01);
#97=CYLINDRICAL_SURFACE('',#1004,0.01);
#98=CYLINDRICAL_SURFACE('',#1006,0.01);
#99=CYLINDRICAL_SURFACE('',#1009,0.007);
#100=CYLINDRICAL_SURFACE('',#1013,0.007);
#101=CYLINDRICAL_SURFACE('',#1028,0.007);
#102=CYLINDRICAL_SURFACE('',#1032,0.007);
#103=CYLINDRICAL_SURFACE('',#1033,0.007);
#104=CYLINDRICAL_SURFACE('',#1037,0.007);
#105=CYLINDRICAL_SURFACE('',#1044,0.0535305);
#106=CYLINDRICAL_SURFACE('',#1048,0.0611654679717442);
#107=CYLINDRICAL_SURFACE('',#1057,0.007);
#108=CYLINDRICAL_SURFACE('',#1058,0.007);
#109=CIRCLE('',#963,0.017);
#110=CIRCLE('',#965,0.017);
#111=CIRCLE('',#968,0.007);
#112=CIRCLE('',#972,0.007);
#113=CIRCLE('',#974,0.007);
#114=CIRCLE('',#976,0.007);
#115=CIRCLE('',#983,0.017);
#116=CIRCLE('',#984,0.0005);
#117=CIRCLE('',#987,0.0005);
#118=CIRCLE('',#988,0.017);
#119=CIRCLE('',#991,0.0075);
#120=CIRCLE('',#992,0.0075);
#121=CIRCLE('',#993,0.0075);
#122=CIRCLE('',#994,0.0075);
#123=CIRCLE('',#996,0.01);
#124=CIRCLE('',#997,0.01);
#125=CIRCLE('',#999,0.01);
#126=CIRCLE('',#1001,0.01);
#127=CIRCLE('',#1007,0.01);
#128=CIRCLE('',#1008,0.01);
#129=CIRCLE('',#1010,0.007);
#130=CIRCLE('',#1011,0.007);
#131=CIRCLE('',#1012,0.007);
#132=CIRCLE('',#1014,0.007);
#133=CIRCLE('',#1015,0.007);
#134=CIRCLE('',#1016,0.007);
#135=CIRCLE('',#1018,0.007);
#136=CIRCLE('',#1019,0.007);
#137=CIRCLE('',#1021,0.007);
#138=CIRCLE('',#1022,0.007);
#139=CIRCLE('',#1024,0.007);
#140=CIRCLE('',#1025,0.007);
#141=CIRCLE('',#1027,0.007);
#142=CIRCLE('',#1029,0.007);
#143=CIRCLE('',#1031,0.007);
#144=CIRCLE('',#1034,0.007);
#145=CIRCLE('',#1036,0.007);
#146=CIRCLE('',#1038,0.007);
#147=CIRCLE('',#1040,0.007);
#148=CIRCLE('',#1041,0.007);
#149=CIRCLE('',#1045,0.0535305);
#150=CIRCLE('',#1046,0.0535305);
#151=CIRCLE('',#1049,0.0611654679717442);
#152=CIRCLE('',#1050,0.0611654679717442);
#153=CIRCLE('',#1051,0.0611654679717442);
#154=CIRCLE('',#1053,0.0541654679717442);
#155=CIRCLE('',#1055,0.0541654679717442);
#156=ORIENTED_EDGE('',*,*,#440,.F.);
#157=ORIENTED_EDGE('',*,*,#441,.T.);
#158=ORIENTED_EDGE('',*,*,#442,.T.);
#159=ORIENTED_EDGE('',*,*,#443,.T.);
#160=ORIENTED_EDGE('',*,*,#444,.T.);
#161=ORIENTED_EDGE('',*,*,#445,.T.);
#162=ORIENTED_EDGE('',*,*,#446,.T.);
#163=ORIENTED_EDGE('',*,*,#447,.T.);
#164=ORIENTED_EDGE('',*,*,#448,.T.);
#165=ORIENTED_EDGE('',*,*,#449,.T.);
#166=ORIENTED_EDGE('',*,*,#447,.F.);
#167=ORIENTED_EDGE('',*,*,#450,.T.);
#168=ORIENTED_EDGE('',*,*,#451,.F.);
#169=ORIENTED_EDGE('',*,*,#452,.F.);
#170=ORIENTED_EDGE('',*,*,#453,.T.);
#171=ORIENTED_EDGE('',*,*,#451,.T.);
#172=ORIENTED_EDGE('',*,*,#454,.T.);
#173=ORIENTED_EDGE('',*,*,#455,.F.);
#174=ORIENTED_EDGE('',*,*,#456,.F.);
#175=ORIENTED_EDGE('',*,*,#455,.T.);
#176=ORIENTED_EDGE('',*,*,#457,.T.);
#177=ORIENTED_EDGE('',*,*,#444,.F.);
#178=ORIENTED_EDGE('',*,*,#458,.T.);
#179=ORIENTED_EDGE('',*,*,#459,.F.);
#180=ORIENTED_EDGE('',*,*,#441,.F.);
#181=ORIENTED_EDGE('',*,*,#460,.T.);
#182=ORIENTED_EDGE('',*,*,#461,.T.);
#183=ORIENTED_EDGE('',*,*,#462,.F.);
#184=ORIENTED_EDGE('',*,*,#463,.F.);
#185=ORIENTED_EDGE('',*,*,#464,.F.);
#186=ORIENTED_EDGE('',*,*,#465,.T.);
#187=ORIENTED_EDGE('',*,*,#466,.T.);
#188=ORIENTED_EDGE('',*,*,#445,.F.);
#189=ORIENTED_EDGE('',*,*,#467,.F.);
#190=ORIENTED_EDGE('',*,*,#468,.T.);
#191=ORIENTED_EDGE('',*,*,#469,.T.);
#192=ORIENTED_EDGE('',*,*,#470,.T.);
#193=ORIENTED_EDGE('',*,*,#471,.T.);
#194=ORIENTED_EDGE('',*,*,#472,.T.);
#195=ORIENTED_EDGE('',*,*,#473,.T.);
#196=ORIENTED_EDGE('',*,*,#474,.T.);
#197=ORIENTED_EDGE('',*,*,#475,.T.);
#198=ORIENTED_EDGE('',*,*,#459,.T.);
#199=ORIENTED_EDGE('',*,*,#476,.T.);
#200=ORIENTED_EDGE('',*,*,#477,.T.);
#201=ORIENTED_EDGE('',*,*,#478,.T.);
#202=ORIENTED_EDGE('',*,*,#452,.T.);
#203=ORIENTED_EDGE('',*,*,#456,.T.);
#204=ORIENTED_EDGE('',*,*,#479,.F.);
#205=ORIENTED_EDGE('',*,*,#480,.T.);
#206=ORIENTED_EDGE('',*,*,#481,.T.);
#207=ORIENTED_EDGE('',*,*,#482,.T.);
#208=ORIENTED_EDGE('',*,*,#483,.T.);
#209=ORIENTED_EDGE('',*,*,#484,.T.);
#210=ORIENTED_EDGE('',*,*,#485,.F.);
#211=ORIENTED_EDGE('',*,*,#486,.T.);
#212=ORIENTED_EDGE('',*,*,#487,.T.);
#213=ORIENTED_EDGE('',*,*,#488,.T.);
#214=ORIENTED_EDGE('',*,*,#489,.T.);
#215=ORIENTED_EDGE('',*,*,#490,.T.);
#216=ORIENTED_EDGE('',*,*,#491,.T.);
#217=ORIENTED_EDGE('',*,*,#492,.T.);
#218=ORIENTED_EDGE('',*,*,#472,.F.);
#219=ORIENTED_EDGE('',*,*,#493,.T.);
#220=ORIENTED_EDGE('',*,*,#494,.T.);
#221=ORIENTED_EDGE('',*,*,#495,.T.);
#222=ORIENTED_EDGE('',*,*,#496,.T.);
#223=ORIENTED_EDGE('',*,*,#497,.T.);
#224=ORIENTED_EDGE('',*,*,#498,.T.);
#225=ORIENTED_EDGE('',*,*,#499,.T.);
#226=ORIENTED_EDGE('',*,*,#500,.T.);
#227=ORIENTED_EDGE('',*,*,#501,.T.);
#228=ORIENTED_EDGE('',*,*,#462,.T.);
#229=ORIENTED_EDGE('',*,*,#502,.T.);
#230=ORIENTED_EDGE('',*,*,#464,.T.);
#231=ORIENTED_EDGE('',*,*,#503,.T.);
#232=ORIENTED_EDGE('',*,*,#494,.F.);
#233=ORIENTED_EDGE('',*,*,#504,.T.);
#234=ORIENTED_EDGE('',*,*,#479,.T.);
#235=ORIENTED_EDGE('',*,*,#505,.T.);
#236=ORIENTED_EDGE('',*,*,#506,.T.);
#237=ORIENTED_EDGE('',*,*,#507,.T.);
#238=ORIENTED_EDGE('',*,*,#485,.T.);
#239=ORIENTED_EDGE('',*,*,#508,.T.);
#240=ORIENTED_EDGE('',*,*,#506,.F.);
#241=ORIENTED_EDGE('',*,*,#509,.T.);
#242=ORIENTED_EDGE('',*,*,#510,.T.);
#243=ORIENTED_EDGE('',*,*,#511,.T.);
#244=ORIENTED_EDGE('',*,*,#503,.F.);
#245=ORIENTED_EDGE('',*,*,#512,.T.);
#246=ORIENTED_EDGE('',*,*,#513,.T.);
#247=ORIENTED_EDGE('',*,*,#514,.T.);
#248=ORIENTED_EDGE('',*,*,#515,.F.);
#249=ORIENTED_EDGE('',*,*,#516,.T.);
#250=ORIENTED_EDGE('',*,*,#505,.F.);
#251=ORIENTED_EDGE('',*,*,#507,.F.);
#252=ORIENTED_EDGE('',*,*,#517,.T.);
#253=ORIENTED_EDGE('',*,*,#518,.F.);
#254=ORIENTED_EDGE('',*,*,#482,.F.);
#255=ORIENTED_EDGE('',*,*,#519,.T.);
#256=ORIENTED_EDGE('',*,*,#520,.T.);
#257=ORIENTED_EDGE('',*,*,#443,.F.);
#258=ORIENTED_EDGE('',*,*,#521,.T.);
#259=ORIENTED_EDGE('',*,*,#515,.T.);
#260=ORIENTED_EDGE('',*,*,#522,.T.);
#261=ORIENTED_EDGE('',*,*,#523,.T.);
#262=ORIENTED_EDGE('',*,*,#486,.F.);
#263=ORIENTED_EDGE('',*,*,#518,.T.);
#264=ORIENTED_EDGE('',*,*,#524,.T.);
#265=ORIENTED_EDGE('',*,*,#448,.F.);
#266=ORIENTED_EDGE('',*,*,#525,.T.);
#267=ORIENTED_EDGE('',*,*,#526,.T.);
#268=ORIENTED_EDGE('',*,*,#468,.F.);
#269=ORIENTED_EDGE('',*,*,#527,.T.);
#270=ORIENTED_EDGE('',*,*,#528,.T.);
#271=ORIENTED_EDGE('',*,*,#529,.T.);
#272=ORIENTED_EDGE('',*,*,#477,.F.);
#273=ORIENTED_EDGE('',*,*,#530,.T.);
#274=ORIENTED_EDGE('',*,*,#528,.F.);
#275=ORIENTED_EDGE('',*,*,#531,.T.);
#276=ORIENTED_EDGE('',*,*,#483,.F.);
#277=ORIENTED_EDGE('',*,*,#532,.F.);
#278=ORIENTED_EDGE('',*,*,#532,.T.);
#279=ORIENTED_EDGE('',*,*,#523,.F.);
#280=ORIENTED_EDGE('',*,*,#533,.F.);
#281=ORIENTED_EDGE('',*,*,#529,.F.);
#282=ORIENTED_EDGE('',*,*,#533,.T.);
#283=ORIENTED_EDGE('',*,*,#522,.F.);
#284=ORIENTED_EDGE('',*,*,#453,.F.);
#285=ORIENTED_EDGE('',*,*,#478,.F.);
#286=ORIENTED_EDGE('',*,*,#481,.F.);
#287=ORIENTED_EDGE('',*,*,#534,.T.);
#288=ORIENTED_EDGE('',*,*,#525,.F.);
#289=ORIENTED_EDGE('',*,*,#535,.F.);
#290=ORIENTED_EDGE('',*,*,#535,.T.);
#291=ORIENTED_EDGE('',*,*,#530,.F.);
#292=ORIENTED_EDGE('',*,*,#536,.F.);
#293=ORIENTED_EDGE('',*,*,#519,.F.);
#294=ORIENTED_EDGE('',*,*,#536,.T.);
#295=ORIENTED_EDGE('',*,*,#476,.F.);
#296=ORIENTED_EDGE('',*,*,#458,.F.);
#297=ORIENTED_EDGE('',*,*,#520,.F.);
#298=ORIENTED_EDGE('',*,*,#463,.T.);
#299=ORIENTED_EDGE('',*,*,#511,.F.);
#300=ORIENTED_EDGE('',*,*,#537,.F.);
#301=ORIENTED_EDGE('',*,*,#442,.F.);
#302=ORIENTED_EDGE('',*,*,#537,.T.);
#303=ORIENTED_EDGE('',*,*,#510,.F.);
#304=ORIENTED_EDGE('',*,*,#538,.F.);
#305=ORIENTED_EDGE('',*,*,#521,.F.);
#306=ORIENTED_EDGE('',*,*,#538,.T.);
#307=ORIENTED_EDGE('',*,*,#509,.F.);
#308=ORIENTED_EDGE('',*,*,#516,.F.);
#309=ORIENTED_EDGE('',*,*,#467,.T.);
#310=ORIENTED_EDGE('',*,*,#449,.F.);
#311=ORIENTED_EDGE('',*,*,#539,.F.);
#312=ORIENTED_EDGE('',*,*,#512,.F.);
#313=ORIENTED_EDGE('',*,*,#539,.T.);
#314=ORIENTED_EDGE('',*,*,#524,.F.);
#315=ORIENTED_EDGE('',*,*,#540,.F.);
#316=ORIENTED_EDGE('',*,*,#513,.F.);
#317=ORIENTED_EDGE('',*,*,#517,.F.);
#318=ORIENTED_EDGE('',*,*,#514,.F.);
#319=ORIENTED_EDGE('',*,*,#540,.T.);
#320=ORIENTED_EDGE('',*,*,#541,.F.);
#321=ORIENTED_EDGE('',*,*,#526,.F.);
#322=ORIENTED_EDGE('',*,*,#542,.F.);
#323=ORIENTED_EDGE('',*,*,#500,.F.);
#324=ORIENTED_EDGE('',*,*,#542,.T.);
#325=ORIENTED_EDGE('',*,*,#534,.F.);
#326=ORIENTED_EDGE('',*,*,#543,.F.);
#327=ORIENTED_EDGE('',*,*,#541,.T.);
#328=ORIENTED_EDGE('',*,*,#499,.F.);
#329=ORIENTED_EDGE('',*,*,#544,.F.);
#330=ORIENTED_EDGE('',*,*,#469,.F.);
#331=ORIENTED_EDGE('',*,*,#543,.T.);
#332=ORIENTED_EDGE('',*,*,#480,.F.);
#333=ORIENTED_EDGE('',*,*,#545,.F.);
#334=ORIENTED_EDGE('',*,*,#501,.F.);
#335=ORIENTED_EDGE('',*,*,#470,.F.);
#336=ORIENTED_EDGE('',*,*,#544,.T.);
#337=ORIENTED_EDGE('',*,*,#546,.F.);
#338=ORIENTED_EDGE('',*,*,#545,.T.);
#339=ORIENTED_EDGE('',*,*,#504,.F.);
#340=ORIENTED_EDGE('',*,*,#547,.F.);
#341=ORIENTED_EDGE('',*,*,#496,.F.);
#342=ORIENTED_EDGE('',*,*,#546,.T.);
#343=ORIENTED_EDGE('',*,*,#498,.F.);
#344=ORIENTED_EDGE('',*,*,#548,.F.);
#345=ORIENTED_EDGE('',*,*,#471,.F.);
#346=ORIENTED_EDGE('',*,*,#547,.T.);
#347=ORIENTED_EDGE('',*,*,#493,.F.);
#348=ORIENTED_EDGE('',*,*,#548,.T.);
#349=ORIENTED_EDGE('',*,*,#497,.F.);
#350=ORIENTED_EDGE('',*,*,#549,.F.);
#351=ORIENTED_EDGE('',*,*,#495,.F.);
#352=ORIENTED_EDGE('',*,*,#550,.F.);
#353=ORIENTED_EDGE('',*,*,#491,.F.);
#354=ORIENTED_EDGE('',*,*,#550,.T.);
#355=ORIENTED_EDGE('',*,*,#508,.F.);
#356=ORIENTED_EDGE('',*,*,#551,.F.);
#357=ORIENTED_EDGE('',*,*,#492,.F.);
#358=ORIENTED_EDGE('',*,*,#549,.T.);
#359=ORIENTED_EDGE('',*,*,#490,.F.);
#360=ORIENTED_EDGE('',*,*,#552,.F.);
#361=ORIENTED_EDGE('',*,*,#473,.F.);
#362=ORIENTED_EDGE('',*,*,#551,.T.);
#363=ORIENTED_EDGE('',*,*,#484,.F.);
#364=ORIENTED_EDGE('',*,*,#553,.F.);
#365=ORIENTED_EDGE('',*,*,#487,.F.);
#366=ORIENTED_EDGE('',*,*,#474,.F.);
#367=ORIENTED_EDGE('',*,*,#552,.T.);
#368=ORIENTED_EDGE('',*,*,#554,.F.);
#369=ORIENTED_EDGE('',*,*,#553,.T.);
#370=ORIENTED_EDGE('',*,*,#531,.F.);
#371=ORIENTED_EDGE('',*,*,#555,.F.);
#372=ORIENTED_EDGE('',*,*,#554,.T.);
#373=ORIENTED_EDGE('',*,*,#489,.F.);
#374=ORIENTED_EDGE('',*,*,#556,.F.);
#375=ORIENTED_EDGE('',*,*,#475,.F.);
#376=ORIENTED_EDGE('',*,*,#555,.T.);
#377=ORIENTED_EDGE('',*,*,#527,.F.);
#378=ORIENTED_EDGE('',*,*,#556,.T.);
#379=ORIENTED_EDGE('',*,*,#488,.F.);
#380=ORIENTED_EDGE('',*,*,#557,.T.);
#381=ORIENTED_EDGE('',*,*,#558,.T.);
#382=ORIENTED_EDGE('',*,*,#559,.F.);
#383=ORIENTED_EDGE('',*,*,#560,.F.);
#384=ORIENTED_EDGE('',*,*,#561,.T.);
#385=ORIENTED_EDGE('',*,*,#562,.T.);
#386=ORIENTED_EDGE('',*,*,#563,.F.);
#387=ORIENTED_EDGE('',*,*,#564,.F.);
#388=ORIENTED_EDGE('',*,*,#565,.T.);
#389=ORIENTED_EDGE('',*,*,#560,.T.);
#390=ORIENTED_EDGE('',*,*,#566,.T.);
#391=ORIENTED_EDGE('',*,*,#567,.T.);
#392=ORIENTED_EDGE('',*,*,#568,.T.);
#393=ORIENTED_EDGE('',*,*,#569,.T.);
#394=ORIENTED_EDGE('',*,*,#570,.F.);
#395=ORIENTED_EDGE('',*,*,#564,.T.);
#396=ORIENTED_EDGE('',*,*,#466,.F.);
#397=ORIENTED_EDGE('',*,*,#571,.T.);
#398=ORIENTED_EDGE('',*,*,#572,.T.);
#399=ORIENTED_EDGE('',*,*,#573,.T.);
#400=ORIENTED_EDGE('',*,*,#574,.T.);
#401=ORIENTED_EDGE('',*,*,#575,.T.);
#402=ORIENTED_EDGE('',*,*,#460,.F.);
#403=ORIENTED_EDGE('',*,*,#440,.T.);
#404=ORIENTED_EDGE('',*,*,#457,.F.);
#405=ORIENTED_EDGE('',*,*,#454,.F.);
#406=ORIENTED_EDGE('',*,*,#450,.F.);
#407=ORIENTED_EDGE('',*,*,#446,.F.);
#408=ORIENTED_EDGE('',*,*,#570,.T.);
#409=ORIENTED_EDGE('',*,*,#576,.T.);
#410=ORIENTED_EDGE('',*,*,#561,.F.);
#411=ORIENTED_EDGE('',*,*,#565,.F.);
#412=ORIENTED_EDGE('',*,*,#559,.T.);
#413=ORIENTED_EDGE('',*,*,#577,.T.);
#414=ORIENTED_EDGE('',*,*,#566,.F.);
#415=ORIENTED_EDGE('',*,*,#563,.T.);
#416=ORIENTED_EDGE('',*,*,#576,.F.);
#417=ORIENTED_EDGE('',*,*,#569,.F.);
#418=ORIENTED_EDGE('',*,*,#578,.F.);
#419=ORIENTED_EDGE('',*,*,#571,.F.);
#420=ORIENTED_EDGE('',*,*,#465,.F.);
#421=ORIENTED_EDGE('',*,*,#502,.F.);
#422=ORIENTED_EDGE('',*,*,#461,.F.);
#423=ORIENTED_EDGE('',*,*,#575,.F.);
#424=ORIENTED_EDGE('',*,*,#579,.F.);
#425=ORIENTED_EDGE('',*,*,#562,.F.);
#426=ORIENTED_EDGE('',*,*,#578,.T.);
#427=ORIENTED_EDGE('',*,*,#568,.F.);
#428=ORIENTED_EDGE('',*,*,#580,.F.);
#429=ORIENTED_EDGE('',*,*,#572,.F.);
#430=ORIENTED_EDGE('',*,*,#579,.T.);
#431=ORIENTED_EDGE('',*,*,#574,.F.);
#432=ORIENTED_EDGE('',*,*,#581,.F.);
#433=ORIENTED_EDGE('',*,*,#557,.F.);
#434=ORIENTED_EDGE('',*,*,#567,.F.);
#435=ORIENTED_EDGE('',*,*,#577,.F.);
#436=ORIENTED_EDGE('',*,*,#558,.F.);
#437=ORIENTED_EDGE('',*,*,#581,.T.);
#438=ORIENTED_EDGE('',*,*,#573,.F.);
#439=ORIENTED_EDGE('',*,*,#580,.T.);
#440=EDGE_CURVE('',#582,#583,#666,.T.);
#441=EDGE_CURVE('',#582,#584,#667,.T.);
#442=EDGE_CURVE('',#584,#585,#109,.T.);
#443=EDGE_CURVE('',#585,#586,#668,.T.);
#444=EDGE_CURVE('',#586,#583,#669,.F.);
#445=EDGE_CURVE('',#587,#588,#670,.F.);
#446=EDGE_CURVE('',#588,#589,#671,.T.);
#447=EDGE_CURVE('',#589,#590,#672,.T.);
#448=EDGE_CURVE('',#590,#591,#673,.F.);
#449=EDGE_CURVE('',#591,#587,#110,.F.);
#450=EDGE_CURVE('',#589,#592,#45,.T.);
#451=EDGE_CURVE('',#593,#592,#39,.F.);
#452=EDGE_CURVE('',#594,#593,#674,.F.);
#453=EDGE_CURVE('',#594,#590,#111,.T.);
#454=EDGE_CURVE('',#592,#595,#46,.T.);
#455=EDGE_CURVE('',#596,#595,#40,.F.);
#456=EDGE_CURVE('',#593,#596,#675,.F.);
#457=EDGE_CURVE('',#595,#583,#47,.T.);
#458=EDGE_CURVE('',#586,#597,#112,.T.);
#459=EDGE_CURVE('',#596,#597,#676,.T.);
#460=EDGE_CURVE('',#582,#598,#48,.T.);
#461=EDGE_CURVE('',#598,#599,#49,.T.);
#462=EDGE_CURVE('',#600,#599,#677,.F.);
#463=EDGE_CURVE('',#584,#600,#113,.T.);
#464=EDGE_CURVE('',#601,#602,#678,.T.);
#465=EDGE_CURVE('',#601,#603,#50,.T.);
#466=EDGE_CURVE('',#603,#588,#51,.T.);
#467=EDGE_CURVE('',#602,#587,#114,.T.);
#468=EDGE_CURVE('',#604,#605,#679,.F.);
#469=EDGE_CURVE('',#605,#606,#52,.T.);
#470=EDGE_CURVE('',#606,#607,#53,.T.);
#471=EDGE_CURVE('',#607,#608,#54,.T.);
#472=EDGE_CURVE('',#608,#609,#680,.T.);
#473=EDGE_CURVE('',#609,#610,#55,.T.);
#474=EDGE_CURVE('',#610,#611,#56,.T.);
#475=EDGE_CURVE('',#611,#604,#57,.T.);
#476=EDGE_CURVE('',#597,#612,#41,.F.);
#477=EDGE_CURVE('',#612,#613,#681,.T.);
#478=EDGE_CURVE('',#613,#594,#42,.F.);
#479=EDGE_CURVE('',#614,#615,#682,.T.);
#480=EDGE_CURVE('',#614,#616,#683,.T.);
#481=EDGE_CURVE('',#616,#617,#684,.F.);
#482=EDGE_CURVE('',#617,#615,#685,.F.);
#483=EDGE_CURVE('',#618,#619,#686,.F.);
#484=EDGE_CURVE('',#619,#620,#687,.F.);
#485=EDGE_CURVE('',#621,#620,#688,.T.);
#486=EDGE_CURVE('',#621,#618,#689,.T.);
#487=EDGE_CURVE('',#622,#623,#690,.T.);
#488=EDGE_CURVE('',#623,#624,#115,.T.);
#489=EDGE_CURVE('',#624,#625,#58,.T.);
#490=EDGE_CURVE('',#625,#626,#59,.T.);
#491=EDGE_CURVE('',#626,#627,#691,.F.);
#492=EDGE_CURVE('',#627,#622,#116,.F.);
#493=EDGE_CURVE('',#608,#628,#692,.F.);
#494=EDGE_CURVE('',#628,#629,#693,.T.);
#495=EDGE_CURVE('',#629,#609,#694,.T.);
#496=EDGE_CURVE('',#630,#631,#117,.T.);
#497=EDGE_CURVE('',#631,#632,#695,.T.);
#498=EDGE_CURVE('',#632,#633,#60,.T.);
#499=EDGE_CURVE('',#633,#634,#61,.T.);
#500=EDGE_CURVE('',#634,#635,#118,.F.);
#501=EDGE_CURVE('',#635,#630,#696,.F.);
#502=EDGE_CURVE('',#599,#601,#62,.T.);
#503=EDGE_CURVE('',#602,#600,#697,.F.);
#504=EDGE_CURVE('',#628,#614,#119,.F.);
#505=EDGE_CURVE('',#615,#636,#120,.F.);
#506=EDGE_CURVE('',#636,#637,#698,.T.);
#507=EDGE_CURVE('',#637,#621,#121,.T.);
#508=EDGE_CURVE('',#620,#629,#122,.T.);
#509=EDGE_CURVE('',#636,#638,#63,.F.);
#510=EDGE_CURVE('',#638,#639,#64,.T.);
#511=EDGE_CURVE('',#639,#600,#123,.F.);
#512=EDGE_CURVE('',#602,#640,#124,.T.);
#513=EDGE_CURVE('',#640,#641,#65,.T.);
#514=EDGE_CURVE('',#641,#637,#66,.T.);
#515=EDGE_CURVE('',#642,#615,#125,.T.);
#516=EDGE_CURVE('',#642,#636,#67,.T.);
#517=EDGE_CURVE('',#637,#643,#68,.F.);
#518=EDGE_CURVE('',#621,#643,#126,.T.);
#519=EDGE_CURVE('',#617,#644,#69,.T.);
#520=EDGE_CURVE('',#644,#586,#43,.F.);
#521=EDGE_CURVE('',#585,#642,#70,.T.);
#522=EDGE_CURVE('',#590,#645,#44,.F.);
#523=EDGE_CURVE('',#645,#618,#71,.T.);
#524=EDGE_CURVE('',#643,#591,#72,.T.);
#525=EDGE_CURVE('',#646,#647,#699,.F.);
#526=EDGE_CURVE('',#647,#605,#127,.T.);
#527=EDGE_CURVE('',#604,#648,#128,.F.);
#528=EDGE_CURVE('',#648,#649,#700,.F.);
#529=EDGE_CURVE('',#649,#613,#73,.T.);
#530=EDGE_CURVE('',#612,#646,#74,.T.);
#531=EDGE_CURVE('',#648,#619,#129,.F.);
#532=EDGE_CURVE('',#649,#618,#130,.T.);
#533=EDGE_CURVE('',#613,#645,#131,.T.);
#534=EDGE_CURVE('',#616,#647,#132,.T.);
#535=EDGE_CURVE('',#617,#646,#133,.T.);
#536=EDGE_CURVE('',#644,#612,#134,.T.);
#537=EDGE_CURVE('',#585,#639,#135,.T.);
#538=EDGE_CURVE('',#642,#638,#136,.T.);
#539=EDGE_CURVE('',#640,#591,#137,.T.);
#540=EDGE_CURVE('',#641,#643,#138,.T.);
#541=EDGE_CURVE('',#605,#634,#139,.T.);
#542=EDGE_CURVE('',#635,#647,#140,.T.);
#543=EDGE_CURVE('',#635,#616,#141,.T.);
#544=EDGE_CURVE('',#606,#633,#75,.T.);
#545=EDGE_CURVE('',#630,#614,#142,.T.);
#546=EDGE_CURVE('',#607,#633,#76,.F.);
#547=EDGE_CURVE('',#631,#628,#143,.T.);
#548=EDGE_CURVE('',#608,#632,#77,.T.);
#549=EDGE_CURVE('',#609,#626,#78,.T.);
#550=EDGE_CURVE('',#627,#629,#144,.T.);
#551=EDGE_CURVE('',#622,#620,#145,.T.);
#552=EDGE_CURVE('',#610,#625,#79,.T.);
#553=EDGE_CURVE('',#623,#619,#146,.T.);
#554=EDGE_CURVE('',#611,#625,#80,.F.);
#555=EDGE_CURVE('',#623,#648,#147,.T.);
#556=EDGE_CURVE('',#604,#624,#148,.T.);
#557=EDGE_CURVE('',#650,#651,#701,.F.);
#558=EDGE_CURVE('',#651,#652,#81,.T.);
#559=EDGE_CURVE('',#653,#652,#702,.T.);
#560=EDGE_CURVE('',#654,#653,#703,.T.);
#561=EDGE_CURVE('',#654,#655,#704,.T.);
#562=EDGE_CURVE('',#655,#650,#82,.T.);
#563=EDGE_CURVE('',#656,#653,#149,.T.);
#564=EDGE_CURVE('',#657,#656,#705,.T.);
#565=EDGE_CURVE('',#657,#654,#150,.T.);
#566=EDGE_CURVE('',#656,#658,#706,.T.);
#567=EDGE_CURVE('',#658,#659,#83,.T.);
#568=EDGE_CURVE('',#659,#660,#707,.F.);
#569=EDGE_CURVE('',#660,#661,#84,.T.);
#570=EDGE_CURVE('',#657,#661,#708,.T.);
#571=EDGE_CURVE('',#603,#662,#151,.F.);
#572=EDGE_CURVE('',#662,#663,#709,.T.);
#573=EDGE_CURVE('',#663,#664,#152,.T.);
#574=EDGE_CURVE('',#664,#665,#710,.F.);
#575=EDGE_CURVE('',#665,#598,#153,.F.);
#576=EDGE_CURVE('',#661,#655,#154,.T.);
#577=EDGE_CURVE('',#652,#658,#155,.F.);
#578=EDGE_CURVE('',#662,#660,#85,.F.);
#579=EDGE_CURVE('',#650,#665,#86,.T.);
#580=EDGE_CURVE('',#663,#659,#87,.F.);
#581=EDGE_CURVE('',#651,#664,#88,.T.);
#582=VERTEX_POINT('',#1306);
#583=VERTEX_POINT('',#1307);
#584=VERTEX_POINT('',#1309);
#585=VERTEX_POINT('',#1311);
#586=VERTEX_POINT('',#1313);
#587=VERTEX_POINT('',#1317);
#588=VERTEX_POINT('',#1318);
#589=VERTEX_POINT('',#1320);
#590=VERTEX_POINT('',#1322);
#591=VERTEX_POINT('',#1324);
#592=VERTEX_POINT('',#1331);
#593=VERTEX_POINT('',#1333);
#594=VERTEX_POINT('',#1335);
#595=VERTEX_POINT('',#1343);
#596=VERTEX_POINT('',#1345);
#597=VERTEX_POINT('',#1353);
#598=VERTEX_POINT('',#1360);
#599=VERTEX_POINT('',#1367);
#600=VERTEX_POINT('',#1369);
#601=VERTEX_POINT('',#1373);
#602=VERTEX_POINT('',#1374);
#603=VERTEX_POINT('',#1381);
#604=VERTEX_POINT('',#1410);
#605=VERTEX_POINT('',#1411);
#606=VERTEX_POINT('',#1420);
#607=VERTEX_POINT('',#1426);
#608=VERTEX_POINT('',#1435);
#609=VERTEX_POINT('',#1437);
#610=VERTEX_POINT('',#1446);
#611=VERTEX_POINT('',#1452);
#612=VERTEX_POINT('',#1463);
#613=VERTEX_POINT('',#1465);
#614=VERTEX_POINT('',#1469);
#615=VERTEX_POINT('',#1470);
#616=VERTEX_POINT('',#1472);
#617=VERTEX_POINT('',#1474);
#618=VERTEX_POINT('',#1478);
#619=VERTEX_POINT('',#1479);
#620=VERTEX_POINT('',#1481);
#621=VERTEX_POINT('',#1483);
#622=VERTEX_POINT('',#1487);
#623=VERTEX_POINT('',#1488);
#624=VERTEX_POINT('',#1490);
#625=VERTEX_POINT('',#1495);
#626=VERTEX_POINT('',#1500);
#627=VERTEX_POINT('',#1502);
#628=VERTEX_POINT('',#1506);
#629=VERTEX_POINT('',#1508);
#630=VERTEX_POINT('',#1512);
#631=VERTEX_POINT('',#1513);
#632=VERTEX_POINT('',#1515);
#633=VERTEX_POINT('',#1520);
#634=VERTEX_POINT('',#1525);
#635=VERTEX_POINT('',#1527);
#636=VERTEX_POINT('',#1538);
#637=VERTEX_POINT('',#1540);
#638=VERTEX_POINT('',#1548);
#639=VERTEX_POINT('',#1558);
#640=VERTEX_POINT('',#1561);
#641=VERTEX_POINT('',#1571);
#642=VERTEX_POINT('',#1578);
#643=VERTEX_POINT('',#1590);
#644=VERTEX_POINT('',#1606);
#645=VERTEX_POINT('',#1619);
#646=VERTEX_POINT('',#1643);
#647=VERTEX_POINT('',#1644);
#648=VERTEX_POINT('',#1647);
#649=VERTEX_POINT('',#1649);
#650=VERTEX_POINT('',#7361);
#651=VERTEX_POINT('',#7362);
#652=VERTEX_POINT('',#7368);
#653=VERTEX_POINT('',#7370);
#654=VERTEX_POINT('',#7372);
#655=VERTEX_POINT('',#7374);
#656=VERTEX_POINT('',#7383);
#657=VERTEX_POINT('',#7385);
#658=VERTEX_POINT('',#7389);
#659=VERTEX_POINT('',#7396);
#660=VERTEX_POINT('',#7398);
#661=VERTEX_POINT('',#7404);
#662=VERTEX_POINT('',#7408);
#663=VERTEX_POINT('',#7410);
#664=VERTEX_POINT('',#7412);
#665=VERTEX_POINT('',#7414);
#666=LINE('',#1305,#711);
#667=LINE('',#1308,#712);
#668=LINE('',#1312,#713);
#669=LINE('',#1314,#714);
#670=LINE('',#1316,#715);
#671=LINE('',#1319,#716);
#672=LINE('',#1321,#717);
#673=LINE('',#1323,#718);
#674=LINE('',#1334,#719);
#675=LINE('',#1346,#720);
#676=LINE('',#1354,#721);
#677=LINE('',#1368,#722);
#678=LINE('',#1372,#723);
#679=LINE('',#1409,#724);
#680=LINE('',#1436,#725);
#681=LINE('',#1464,#726);
#682=LINE('',#1468,#727);
#683=LINE('',#1471,#728);
#684=LINE('',#1473,#729);
#685=LINE('',#1475,#730);
#686=LINE('',#1477,#731);
#687=LINE('',#1480,#732);
#688=LINE('',#1482,#733);
#689=LINE('',#1484,#734);
#690=LINE('',#1486,#735);
#691=LINE('',#1501,#736);
#692=LINE('',#1505,#737);
#693=LINE('',#1507,#738);
#694=LINE('',#1509,#739);
#695=LINE('',#1514,#740);
#696=LINE('',#1528,#741);
#697=LINE('',#1534,#742);
#698=LINE('',#1539,#743);
#699=LINE('',#1642,#744);
#700=LINE('',#1648,#745);
#701=LINE('',#7360,#746);
#702=LINE('',#7369,#747);
#703=LINE('',#7371,#748);
#704=LINE('',#7373,#749);
#705=LINE('',#7384,#750);
#706=LINE('',#7388,#751);
#707=LINE('',#7397,#752);
#708=LINE('',#7405,#753);
#709=LINE('',#7409,#754);
#710=LINE('',#7413,#755);
#711=VECTOR('',#1064,1.);
#712=VECTOR('',#1065,1.);
#713=VECTOR('',#1068,1.);
#714=VECTOR('',#1069,1.);
#715=VECTOR('',#1072,1.);
#716=VECTOR('',#1073,1.);
#717=VECTOR('',#1074,1.);
#718=VECTOR('',#1075,1.);
#719=VECTOR('',#1082,1.);
#720=VECTOR('',#1089,1.);
#721=VECTOR('',#1094,1.);
#722=VECTOR('',#1097,1.);
#723=VECTOR('',#1102,1.);
#724=VECTOR('',#1105,1.);
#725=VECTOR('',#1106,1.);
#726=VECTOR('',#1111,1.);
#727=VECTOR('',#1116,1.);
#728=VECTOR('',#1117,1.);
#729=VECTOR('',#1118,1.);
#730=VECTOR('',#1119,1.);
#731=VECTOR('',#1122,1.);
#732=VECTOR('',#1123,1.);
#733=VECTOR('',#1124,1.);
#734=VECTOR('',#1125,1.);
#735=VECTOR('',#1128,1.);
#736=VECTOR('',#1131,1.);
#737=VECTOR('',#1136,1.);
#738=VECTOR('',#1137,1.);
#739=VECTOR('',#1138,1.);
#740=VECTOR('',#1143,1.);
#741=VECTOR('',#1146,1.);
#742=VECTOR('',#1149,1.);
#743=VECTOR('',#1156,1.);
#744=VECTOR('',#1185,1.);
#745=VECTOR('',#1190,1.);
#746=VECTOR('',#1261,1.);
#747=VECTOR('',#1262,1.);
#748=VECTOR('',#1263,1.);
#749=VECTOR('',#1264,1.);
#750=VECTOR('',#1269,1.);
#751=VECTOR('',#1274,1.);
#752=VECTOR('',#1275,1.);
#753=VECTOR('',#1276,1.);
#754=VECTOR('',#1281,1.);
#755=VECTOR('',#1284,1.);
#756=EDGE_LOOP('',(#156,#157,#158,#159,#160));
#757=EDGE_LOOP('',(#161,#162,#163,#164,#165));
#758=EDGE_LOOP('',(#166,#167,#168,#169,#170));
#759=EDGE_LOOP('',(#171,#172,#173,#174));
#760=EDGE_LOOP('',(#175,#176,#177,#178,#179));
#761=EDGE_LOOP('',(#180,#181,#182,#183,#184));
#762=EDGE_LOOP('',(#185,#186,#187,#188,#189));
#763=EDGE_LOOP('',(#190,#191,#192,#193,#194,#195,#196,#197));
#764=EDGE_LOOP('',(#198,#199,#200,#201,#202,#203));
#765=EDGE_LOOP('',(#204,#205,#206,#207));
#766=EDGE_LOOP('',(#208,#209,#210,#211));
#767=EDGE_LOOP('',(#212,#213,#214,#215,#216,#217));
#768=EDGE_LOOP('',(#218,#219,#220,#221));
#769=EDGE_LOOP('',(#222,#223,#224,#225,#226,#227));
#770=EDGE_LOOP('',(#228,#229,#230,#231));
#771=EDGE_LOOP('',(#232,#233,#234,#235,#236,#237,#238,#239));
#772=EDGE_LOOP('',(#240,#241,#242,#243,#244,#245,#246,#247));
#773=EDGE_LOOP('',(#248,#249,#250));
#774=EDGE_LOOP('',(#251,#252,#253));
#775=EDGE_LOOP('',(#254,#255,#256,#257,#258,#259));
#776=EDGE_LOOP('',(#260,#261,#262,#263,#264,#265));
#777=EDGE_LOOP('',(#266,#267,#268,#269,#270,#271,#272,#273));
#778=EDGE_LOOP('',(#274,#275,#276,#277));
#779=EDGE_LOOP('',(#278,#279,#280,#281));
#780=EDGE_LOOP('',(#282,#283,#284,#285));
#781=EDGE_LOOP('',(#286,#287,#288,#289));
#782=EDGE_LOOP('',(#290,#291,#292,#293));
#783=EDGE_LOOP('',(#294,#295,#296,#297));
#784=EDGE_LOOP('',(#298,#299,#300,#301));
#785=EDGE_LOOP('',(#302,#303,#304,#305));
#786=EDGE_LOOP('',(#306,#307,#308));
#787=EDGE_LOOP('',(#309,#310,#311,#312));
#788=EDGE_LOOP('',(#313,#314,#315,#316));
#789=EDGE_LOOP('',(#317,#318,#319));
#790=EDGE_LOOP('',(#320,#321,#322,#323));
#791=EDGE_LOOP('',(#324,#325,#326));
#792=EDGE_LOOP('',(#327,#328,#329,#330));
#793=EDGE_LOOP('',(#331,#332,#333,#334));
#794=EDGE_LOOP('',(#335,#336,#337));
#795=EDGE_LOOP('',(#338,#339,#340,#341));
#796=EDGE_LOOP('',(#342,#343,#344,#345));
#797=EDGE_LOOP('',(#346,#347,#348,#349));
#798=EDGE_LOOP('',(#350,#351,#352,#353));
#799=EDGE_LOOP('',(#354,#355,#356,#357));
#800=EDGE_LOOP('',(#358,#359,#360,#361));
#801=EDGE_LOOP('',(#362,#363,#364,#365));
#802=EDGE_LOOP('',(#366,#367,#368));
#803=EDGE_LOOP('',(#369,#370,#371));
#804=EDGE_LOOP('',(#372,#373,#374,#375));
#805=EDGE_LOOP('',(#376,#377,#378,#379));
#806=EDGE_LOOP('',(#380,#381,#382,#383,#384,#385));
#807=EDGE_LOOP('',(#386,#387,#388,#389));
#808=EDGE_LOOP('',(#390,#391,#392,#393,#394,#395));
#809=EDGE_LOOP('',(#396,#397,#398,#399,#400,#401,#402,#403,#404,#405,#406,
#407));
#810=EDGE_LOOP('',(#408,#409,#410,#411));
#811=EDGE_LOOP('',(#412,#413,#414,#415));
#812=EDGE_LOOP('',(#416,#417,#418,#419,#420,#421,#422,#423,#424,#425));
#813=EDGE_LOOP('',(#426,#427,#428,#429));
#814=EDGE_LOOP('',(#430,#431,#432,#433));
#815=EDGE_LOOP('',(#434,#435,#436,#437,#438,#439));
#816=FACE_BOUND('',#756,.T.);
#817=FACE_BOUND('',#757,.T.);
#818=FACE_BOUND('',#758,.T.);
#819=FACE_BOUND('',#759,.T.);
#820=FACE_BOUND('',#760,.T.);
#821=FACE_BOUND('',#761,.T.);
#822=FACE_BOUND('',#762,.T.);
#823=FACE_BOUND('',#763,.T.);
#824=FACE_BOUND('',#764,.T.);
#825=FACE_BOUND('',#765,.T.);
#826=FACE_BOUND('',#766,.T.);
#827=FACE_BOUND('',#767,.T.);
#828=FACE_BOUND('',#768,.T.);
#829=FACE_BOUND('',#769,.T.);
#830=FACE_BOUND('',#770,.T.);
#831=FACE_BOUND('',#771,.T.);
#832=FACE_BOUND('',#772,.T.);
#833=FACE_BOUND('',#773,.T.);
#834=FACE_BOUND('',#774,.T.);
#835=FACE_BOUND('',#775,.T.);
#836=FACE_BOUND('',#776,.T.);
#837=FACE_BOUND('',#777,.T.);
#838=FACE_BOUND('',#778,.T.);
#839=FACE_BOUND('',#779,.T.);
#840=FACE_BOUND('',#780,.T.);
#841=FACE_BOUND('',#781,.T.);
#842=FACE_BOUND('',#782,.T.);
#843=FACE_BOUND('',#783,.T.);
#844=FACE_BOUND('',#784,.T.);
#845=FACE_BOUND('',#785,.T.);
#846=FACE_BOUND('',#786,.T.);
#847=FACE_BOUND('',#787,.T.);
#848=FACE_BOUND('',#788,.T.);
#849=FACE_BOUND('',#789,.T.);
#850=FACE_BOUND('',#790,.T.);
#851=FACE_BOUND('',#791,.T.);
#852=FACE_BOUND('',#792,.T.);
#853=FACE_BOUND('',#793,.T.);
#854=FACE_BOUND('',#794,.T.);
#855=FACE_BOUND('',#795,.T.);
#856=FACE_BOUND('',#796,.T.);
#857=FACE_BOUND('',#797,.T.);
#858=FACE_BOUND('',#798,.T.);
#859=FACE_BOUND('',#799,.T.);
#860=FACE_BOUND('',#800,.T.);
#861=FACE_BOUND('',#801,.T.);
#862=FACE_BOUND('',#802,.T.);
#863=FACE_BOUND('',#803,.T.);
#864=FACE_BOUND('',#804,.T.);
#865=FACE_BOUND('',#805,.T.);
#866=FACE_BOUND('',#806,.T.);
#867=FACE_BOUND('',#807,.T.);
#868=FACE_BOUND('',#808,.T.);
#869=FACE_BOUND('',#809,.T.);
#870=FACE_BOUND('',#810,.T.);
#871=FACE_BOUND('',#811,.T.);
#872=FACE_BOUND('',#812,.T.);
#873=FACE_BOUND('',#813,.T.);
#874=FACE_BOUND('',#814,.T.);
#875=FACE_BOUND('',#815,.T.);
#876=PLANE('',#962);
#877=PLANE('',#964);
#878=PLANE('',#977);
#879=PLANE('',#980);
#880=PLANE('',#981);
#881=PLANE('',#982);
#882=PLANE('',#985);
#883=PLANE('',#986);
#884=PLANE('',#989);
#885=PLANE('',#1043);
#886=PLANE('',#1047);
#887=PLANE('',#1052);
#888=PLANE('',#1054);
#889=ADVANCED_FACE('',(#816),#876,.F.);
#890=ADVANCED_FACE('',(#817),#877,.T.);
#891=ADVANCED_FACE('',(#818),#89,.T.);
#892=ADVANCED_FACE('',(#819),#90,.T.);
#893=ADVANCED_FACE('',(#820),#91,.T.);
#894=ADVANCED_FACE('',(#821),#92,.T.);
#895=ADVANCED_FACE('',(#822),#93,.T.);
#896=ADVANCED_FACE('',(#823),#36,.F.);
#897=ADVANCED_FACE('',(#824),#878,.T.);
#898=ADVANCED_FACE('',(#825),#879,.T.);
#899=ADVANCED_FACE('',(#826),#880,.T.);
#900=ADVANCED_FACE('',(#827),#881,.F.);
#901=ADVANCED_FACE('',(#828),#882,.F.);
#902=ADVANCED_FACE('',(#829),#883,.T.);
#903=ADVANCED_FACE('',(#830),#884,.F.);
#904=ADVANCED_FACE('',(#831),#94,.T.);
#905=ADVANCED_FACE('',(#832),#95,.F.);
#906=ADVANCED_FACE('',(#833),#28,.F.);
#907=ADVANCED_FACE('',(#834),#29,.F.);
#908=ADVANCED_FACE('',(#835),#96,.F.);
#909=ADVANCED_FACE('',(#836),#97,.F.);
#910=ADVANCED_FACE('',(#837),#98,.F.);
#911=ADVANCED_FACE('',(#838),#99,.T.);
#912=ADVANCED_FACE('',(#839),#16,.T.);
#913=ADVANCED_FACE('',(#840),#17,.T.);
#914=ADVANCED_FACE('',(#841),#100,.T.);
#915=ADVANCED_FACE('',(#842),#18,.T.);
#916=ADVANCED_FACE('',(#843),#19,.T.);
#917=ADVANCED_FACE('',(#844),#30,.T.);
#918=ADVANCED_FACE('',(#845),#20,.T.);
#919=ADVANCED_FACE('',(#846),#21,.T.);
#920=ADVANCED_FACE('',(#847),#31,.T.);
#921=ADVANCED_FACE('',(#848),#22,.T.);
#922=ADVANCED_FACE('',(#849),#23,.T.);
#923=ADVANCED_FACE('',(#850),#32,.T.);
#924=ADVANCED_FACE('',(#851),#14,.T.);
#925=ADVANCED_FACE('',(#852),#24,.T.);
#926=ADVANCED_FACE('',(#853),#101,.T.);
#927=ADVANCED_FACE('',(#854),#37,.T.);
#928=ADVANCED_FACE('',(#855),#12,.T.);
#929=ADVANCED_FACE('',(#856),#25,.T.);
#930=ADVANCED_FACE('',(#857),#102,.T.);
#931=ADVANCED_FACE('',(#858),#103,.T.);
#932=ADVANCED_FACE('',(#859),#13,.T.);
#933=ADVANCED_FACE('',(#860),#26,.T.);
#934=ADVANCED_FACE('',(#861),#104,.T.);
#935=ADVANCED_FACE('',(#862),#38,.T.);
#936=ADVANCED_FACE('',(#863),#15,.T.);
#937=ADVANCED_FACE('',(#864),#27,.T.);
#938=ADVANCED_FACE('',(#865),#33,.T.);
#939=ADVANCED_FACE('',(#866),#885,.T.);
#940=ADVANCED_FACE('',(#867),#105,.F.);
#941=ADVANCED_FACE('',(#868),#886,.F.);
#942=ADVANCED_FACE('',(#869),#106,.T.);
#943=ADVANCED_FACE('',(#870),#887,.T.);
#944=ADVANCED_FACE('',(#871),#888,.F.);
#945=ADVANCED_FACE('',(#872),#34,.T.);
#946=ADVANCED_FACE('',(#873),#107,.T.);
#947=ADVANCED_FACE('',(#874),#108,.T.);
#948=ADVANCED_FACE('',(#875),#35,.T.);
#949=CLOSED_SHELL('',(#889,#890,#891,#892,#893,#894,#895,#896,#897,#898,
#899,#900,#901,#902,#903,#904,#905,#906,#907,#908,#909,#910,#911,#912,#913,
#914,#915,#916,#917,#918,#919,#920,#921,#922,#923,#924,#925,#926,#927,#928,
#929,#930,#931,#932,#933,#934,#935,#936,#937,#938,#939,#940,#941,#942,#943,
#944,#945,#946,#947,#948));
#950=STYLED_ITEM('',(#951),#958);
#951=PRESENTATION_STYLE_ASSIGNMENT((#952));
#952=SURFACE_STYLE_USAGE(.BOTH.,#953);
#953=SURFACE_SIDE_STYLE('',(#954));
#954=SURFACE_STYLE_FILL_AREA(#955);
#955=FILL_AREA_STYLE('',(#956));
#956=FILL_AREA_STYLE_COLOUR('',#957);
#957=COLOUR_RGB('',0.615686274509804,0.811764705882353,0.929411764705882);
#958=MANIFOLD_SOLID_BREP('Antenna Tower V1',#949);
#959=SHAPE_DEFINITION_REPRESENTATION(#7450,#960);
#960=SHAPE_REPRESENTATION('Antenna Tower V1',(#961),#7445);
#961=AXIS2_PLACEMENT_3D('',#1303,#1060,#1061);
#962=AXIS2_PLACEMENT_3D('',#1304,#1062,#1063);
#963=AXIS2_PLACEMENT_3D('',#1310,#1066,#1067);
#964=AXIS2_PLACEMENT_3D('',#1315,#1070,#1071);
#965=AXIS2_PLACEMENT_3D('',#1325,#1076,#1077);
#966=AXIS2_PLACEMENT_3D('',#1326,#1078,#1079);
#967=AXIS2_PLACEMENT_3D('',#1332,#1080,#1081);
#968=AXIS2_PLACEMENT_3D('',#1336,#1083,#1084);
#969=AXIS2_PLACEMENT_3D('',#1337,#1085,#1086);
#970=AXIS2_PLACEMENT_3D('',#1344,#1087,#1088);
#971=AXIS2_PLACEMENT_3D('',#1347,#1090,#1091);
#972=AXIS2_PLACEMENT_3D('',#1352,#1092,#1093);
#973=AXIS2_PLACEMENT_3D('',#1355,#1095,#1096);
#974=AXIS2_PLACEMENT_3D('',#1370,#1098,#1099);
#975=AXIS2_PLACEMENT_3D('',#1371,#1100,#1101);
#976=AXIS2_PLACEMENT_3D('',#1386,#1103,#1104);
#977=AXIS2_PLACEMENT_3D('',#1461,#1107,#1108);
#978=AXIS2_PLACEMENT_3D('',#1462,#1109,#1110);
#979=AXIS2_PLACEMENT_3D('',#1466,#1112,#1113);
#980=AXIS2_PLACEMENT_3D('',#1467,#1114,#1115);
#981=AXIS2_PLACEMENT_3D('',#1476,#1120,#1121);
#982=AXIS2_PLACEMENT_3D('',#1485,#1126,#1127);
#983=AXIS2_PLACEMENT_3D('',#1489,#1129,#1130);
#984=AXIS2_PLACEMENT_3D('',#1503,#1132,#1133);
#985=AXIS2_PLACEMENT_3D('',#1504,#1134,#1135);
#986=AXIS2_PLACEMENT_3D('',#1510,#1139,#1140);
#987=AXIS2_PLACEMENT_3D('',#1511,#1141,#1142);
#988=AXIS2_PLACEMENT_3D('',#1526,#1144,#1145);
#989=AXIS2_PLACEMENT_3D('',#1529,#1147,#1148);
#990=AXIS2_PLACEMENT_3D('',#1535,#1150,#1151);
#991=AXIS2_PLACEMENT_3D('',#1536,#1152,#1153);
#992=AXIS2_PLACEMENT_3D('',#1537,#1154,#1155);
#993=AXIS2_PLACEMENT_3D('',#1541,#1157,#1158);
#994=AXIS2_PLACEMENT_3D('',#1542,#1159,#1160);
#995=AXIS2_PLACEMENT_3D('',#1543,#1161,#1162);
#996=AXIS2_PLACEMENT_3D('',#1559,#1163,#1164);
#997=AXIS2_PLACEMENT_3D('',#1560,#1165,#1166);
#998=AXIS2_PLACEMENT_3D('',#1576,#1167,#1168);
#999=AXIS2_PLACEMENT_3D('',#1577,#1169,#1170);
#1000=AXIS2_PLACEMENT_3D('',#1584,#1171,#1172);
#1001=AXIS2_PLACEMENT_3D('',#1591,#1173,#1174);
#1002=AXIS2_PLACEMENT_3D('',#1592,#1175,#1176);
#1003=AXIS2_PLACEMENT_3D('',#1607,#1177,#1178);
#1004=AXIS2_PLACEMENT_3D('',#1617,#1179,#1180);
#1005=AXIS2_PLACEMENT_3D('',#1618,#1181,#1182);
#1006=AXIS2_PLACEMENT_3D('',#1641,#1183,#1184);
#1007=AXIS2_PLACEMENT_3D('',#1645,#1186,#1187);
#1008=AXIS2_PLACEMENT_3D('',#1646,#1188,#1189);
#1009=AXIS2_PLACEMENT_3D('',#1669,#1191,#1192);
#1010=AXIS2_PLACEMENT_3D('',#1670,#1193,#1194);
#1011=AXIS2_PLACEMENT_3D('',#1671,#1195,#1196);
#1012=AXIS2_PLACEMENT_3D('',#1708,#1197,#1198);
#1013=AXIS2_PLACEMENT_3D('',#1721,#1199,#1200);
#1014=AXIS2_PLACEMENT_3D('',#1722,#1201,#1202);
#1015=AXIS2_PLACEMENT_3D('',#1723,#1203,#1204);
#1016=AXIS2_PLACEMENT_3D('',#1760,#1205,#1206);
#1017=AXIS2_PLACEMENT_3D('',#1773,#1207,#1208);
#1018=AXIS2_PLACEMENT_3D('',#1774,#1209,#1210);
#1019=AXIS2_PLACEMENT_3D('',#1805,#1211,#1212);
#1020=AXIS2_PLACEMENT_3D('',#1824,#1213,#1214);
#1021=AXIS2_PLACEMENT_3D('',#1825,#1215,#1216);
#1022=AXIS2_PLACEMENT_3D('',#1859,#1217,#1218);
#1023=AXIS2_PLACEMENT_3D('',#1878,#1219,#1220);
#1024=AXIS2_PLACEMENT_3D('',#1879,#1221,#1222);
#1025=AXIS2_PLACEMENT_3D('',#1880,#1223,#1224);
#1026=AXIS2_PLACEMENT_3D('',#1881,#1225,#1226);
#1027=AXIS2_PLACEMENT_3D('',#1882,#1227,#1228);
#1028=AXIS2_PLACEMENT_3D('',#1937,#1229,#1230);
#1029=AXIS2_PLACEMENT_3D('',#1938,#1231,#1232);
#1030=AXIS2_PLACEMENT_3D('',#4534,#1233,#1234);
#1031=AXIS2_PLACEMENT_3D('',#4535,#1235,#1236);
#1032=AXIS2_PLACEMENT_3D('',#4588,#1237,#1238);
#1033=AXIS2_PLACEMENT_3D('',#4589,#1239,#1240);
#1034=AXIS2_PLACEMENT_3D('',#4597,#1241,#1242);
#1035=AXIS2_PLACEMENT_3D('',#4598,#1243,#1244);
#1036=AXIS2_PLACEMENT_3D('',#4599,#1245,#1246);
#1037=AXIS2_PLACEMENT_3D('',#4660,#1247,#1248);
#1038=AXIS2_PLACEMENT_3D('',#4661,#1249,#1250);
#1039=AXIS2_PLACEMENT_3D('',#7316,#1251,#1252);
#1040=AXIS2_PLACEMENT_3D('',#7317,#1253,#1254);
#1041=AXIS2_PLACEMENT_3D('',#7357,#1255,#1256);
#1042=AXIS2_PLACEMENT_3D('',#7358,#1257,#1258);
#1043=AXIS2_PLACEMENT_3D('',#7359,#1259,#1260);
#1044=AXIS2_PLACEMENT_3D('',#7381,#1265,#1266);
#1045=AXIS2_PLACEMENT_3D('',#7382,#1267,#1268);
#1046=AXIS2_PLACEMENT_3D('',#7386,#1270,#1271);
#1047=AXIS2_PLACEMENT_3D('',#7387,#1272,#1273);
#1048=AXIS2_PLACEMENT_3D('',#7406,#1277,#1278);
#1049=AXIS2_PLACEMENT_3D('',#7407,#1279,#1280);
#1050=AXIS2_PLACEMENT_3D('',#7411,#1282,#1283);
#1051=AXIS2_PLACEMENT_3D('',#7415,#1285,#1286);
#1052=AXIS2_PLACEMENT_3D('',#7416,#1287,#1288);
#1053=AXIS2_PLACEMENT_3D('',#7417,#1289,#1290);
#1054=AXIS2_PLACEMENT_3D('',#7418,#1291,#1292);
#1055=AXIS2_PLACEMENT_3D('',#7419,#1293,#1294);
#1056=AXIS2_PLACEMENT_3D('',#7420,#1295,#1296);
#1057=AXIS2_PLACEMENT_3D('',#7431,#1297,#1298);
#1058=AXIS2_PLACEMENT_3D('',#7437,#1299,#1300);
#1059=AXIS2_PLACEMENT_3D('',#7443,#1301,#1302);
#1060=DIRECTION('',(0.,0.,1.));
#1061=DIRECTION('',(1.,0.,0.));
#1062=DIRECTION('',(1.,0.,3.06127672231202E-16));
#1063=DIRECTION('',(3.06127672231202E-16,0.,-1.));
#1064=DIRECTION('',(0.,1.,0.));
#1065=DIRECTION('',(-2.83069553849239E-16,0.380749805254294,0.924678098474716));
#1066=DIRECTION('',(1.,0.,3.06127672231202E-16));
#1067=DIRECTION('',(3.06127672231202E-16,0.,-1.));
#1068=DIRECTION('',(0.,1.,0.));
#1069=DIRECTION('',(-2.97573496236154E-16,0.234745626458271,0.972056835199833));
#1070=DIRECTION('',(1.,0.,3.06127672231202E-16));
#1071=DIRECTION('',(3.06127672231202E-16,0.,-1.));
#1072=DIRECTION('',(-2.83069553849239E-16,0.380749805254294,0.924678098474716));
#1073=DIRECTION('',(0.,1.,0.));
#1074=DIRECTION('',(-2.97573496236154E-16,0.234745626458271,0.972056835199833));
#1075=DIRECTION('',(0.,1.,0.));
#1076=DIRECTION('',(1.,0.,3.06127672231202E-16));
#1077=DIRECTION('',(3.06127672231202E-16,0.,-1.));
#1078=DIRECTION('',(-2.97573496236154E-16,0.234745626458271,0.972056835199833));
#1079=DIRECTION('',(0.,-0.972056835199833,0.234745626458271));
#1080=DIRECTION('',(0.707106781186547,0.165990224322527,0.687347979868536));
#1081=DIRECTION('',(-0.707106781186548,0.165990224322527,0.687347979868536));
#1082=DIRECTION('',(-2.97573496236154E-16,0.234745626458271,0.972056835199833));
#1083=DIRECTION('',(2.90870535071459E-17,-0.23474562645827,-0.972056835199833));
#1084=DIRECTION('',(0.,0.972056835199833,-0.23474562645827));
#1085=DIRECTION('',(1.,0.,0.));
#1086=DIRECTION('',(0.,0.,-1.));
#1087=DIRECTION('',(0.707106781186548,-0.165990224322527,-0.687347979868536));
#1088=DIRECTION('',(0.707106781186547,0.165990224322527,0.687347979868536));
#1089=DIRECTION('',(1.,0.,0.));
#1090=DIRECTION('',(2.97573496236154E-16,-0.234745626458271,-0.972056835199833));
#1091=DIRECTION('',(0.,0.972056835199833,-0.234745626458271));
#1092=DIRECTION('',(0.,-0.23474562645827,-0.972056835199833));
#1093=DIRECTION('',(0.,0.972056835199833,-0.23474562645827));
#1094=DIRECTION('',(-2.97573496236154E-16,0.234745626458271,0.972056835199833));
#1095=DIRECTION('',(-2.83069553849239E-16,0.380749805254294,0.924678098474716));
#1096=DIRECTION('',(0.,-0.924678098474716,0.380749805254294));
#1097=DIRECTION('',(-2.83069553849239E-16,0.380749805254294,0.924678098474716));
#1098=DIRECTION('',(0.,0.380749805254294,0.924678098474716));
#1099=DIRECTION('',(0.,-0.924678098474716,0.380749805254294));
#1100=DIRECTION('',(2.83069553849239E-16,-0.380749805254294,-0.924678098474716));
#1101=DIRECTION('',(0.,0.924678098474716,-0.380749805254294));
#1102=DIRECTION('',(-2.83069553849239E-16,0.380749805254294,0.924678098474716));
#1103=DIRECTION('',(0.,0.380749805254294,0.924678098474716));
#1104=DIRECTION('',(0.,-0.924678098474716,0.380749805254294));
#1105=DIRECTION('',(1.,0.,0.));
#1106=DIRECTION('',(1.,0.,0.));
#1107=DIRECTION('',(0.,0.972056835199833,-0.234745626458271));
#1108=DIRECTION('',(0.,0.234745626458271,0.972056835199833));
#1109=DIRECTION('',(0.,0.972056835199833,-0.234745626458271));
#1110=DIRECTION('',(0.,0.234745626458271,0.972056835199833));
#1111=DIRECTION('',(1.,0.,0.));
#1112=DIRECTION('',(0.,0.972056835199833,-0.234745626458271));
#1113=DIRECTION('',(0.,-0.234745626458271,-0.972056835199833));
#1114=DIRECTION('',(0.,0.,-1.));
#1115=DIRECTION('',(-1.,0.,0.));
#1116=DIRECTION('',(1.,0.,0.));
#1117=DIRECTION('',(0.,1.,0.));
#1118=DIRECTION('',(-1.,0.,0.));
#1119=DIRECTION('',(0.,1.,0.));
#1120=DIRECTION('',(0.,0.,-1.));
#1121=DIRECTION('',(-1.,0.,0.));
#1122=DIRECTION('',(-1.,0.,0.));
#1123=DIRECTION('',(0.,1.,0.));
#1124=DIRECTION('',(1.,0.,0.));
#1125=DIRECTION('',(0.,1.,0.));
#1126=DIRECTION('',(-1.,0.,2.31296463463574E-16));
#1127=DIRECTION('',(2.31296463463574E-16,0.,1.));
#1128=DIRECTION('',(0.,1.,0.));
#1129=DIRECTION('',(-1.,0.,2.31296463463574E-16));
#1130=DIRECTION('',(2.31296463463574E-16,0.,1.));
#1131=DIRECTION('',(0.,1.,0.));
#1132=DIRECTION('',(-1.,0.,2.31296463463574E-16));
#1133=DIRECTION('',(2.31296463463574E-16,0.,1.));
#1134=DIRECTION('',(-1.15648231731787E-16,0.,-1.));
#1135=DIRECTION('',(-1.,0.,1.15648231731787E-16));
#1136=DIRECTION('',(0.,1.,0.));
#1137=DIRECTION('',(1.,0.,0.));
#1138=DIRECTION('',(0.,1.,0.));
#1139=DIRECTION('',(-1.,0.,2.31296463463574E-16));
#1140=DIRECTION('',(2.31296463463574E-16,0.,1.));
#1141=DIRECTION('',(-1.,0.,2.31296463463574E-16));
#1142=DIRECTION('',(2.31296463463574E-16,0.,1.));
#1143=DIRECTION('',(0.,1.,0.));
#1144=DIRECTION('',(-1.,0.,2.31296463463574E-16));
#1145=DIRECTION('',(2.31296463463574E-16,0.,1.));
#1146=DIRECTION('',(0.,1.,0.));
#1147=DIRECTION('',(0.,0.924678098474716,-0.380749805254294));
#1148=DIRECTION('',(0.,0.380749805254294,0.924678098474716));
#1149=DIRECTION('',(1.,0.,0.));
#1150=DIRECTION('',(1.,0.,0.));
#1151=DIRECTION('',(0.,0.,-1.));
#1152=DIRECTION('',(-1.,0.,2.31296463463574E-16));
#1153=DIRECTION('',(2.31296463463574E-16,0.,1.));
#1154=DIRECTION('',(1.,0.,3.06127672231202E-16));
#1155=DIRECTION('',(3.06127672231202E-16,0.,-1.));
#1156=DIRECTION('',(1.,0.,0.));
#1157=DIRECTION('',(1.,0.,3.06127672231202E-16));
#1158=DIRECTION('',(3.06127672231202E-16,0.,-1.));
#1159=DIRECTION('',(-1.,0.,2.31296463463574E-16));
#1160=DIRECTION('',(2.31296463463574E-16,0.,1.));
#1161=DIRECTION('',(1.,0.,0.));
#1162=DIRECTION('',(0.,0.,-1.));
#1163=DIRECTION('',(1.,0.,3.06127672231202E-16));
#1164=DIRECTION('',(3.06127672231202E-16,0.,-1.));
#1165=DIRECTION('',(1.,0.,3.06127672231202E-16));
#1166=DIRECTION('',(3.06127672231202E-16,0.,-1.));
#1167=DIRECTION('',(1.,0.,3.06127672231202E-16));
#1168=DIRECTION('',(3.06127672231202E-16,0.,-1.));
#1169=DIRECTION('',(0.,-1.,0.));
#1170=DIRECTION('',(0.,0.,-1.));
#1171=DIRECTION('',(1.,0.,3.06127672231202E-16));
#1172=DIRECTION('',(3.06127672231202E-16,0.,-1.));
#1173=DIRECTION('',(1.04083408558608E-15,-1.,-1.04083408558608E-15));
#1174=DIRECTION('',(1.,1.04083408558608E-15,0.));
#1175=DIRECTION('',(0.,1.,0.));
#1176=DIRECTION('',(0.,0.,1.));
#1177=DIRECTION('',(0.,-0.925076685413846,0.379780365611143));
#1178=DIRECTION('',(0.,0.379780365611143,0.925076685413845));
#1179=DIRECTION('',(0.,-1.,0.));
#1180=DIRECTION('',(0.,0.,-1.));
#1181=DIRECTION('',(0.,-0.925076685413846,0.379780365611143));
#1182=DIRECTION('',(0.,-0.379780365611143,-0.925076685413845));
#1183=DIRECTION('',(1.,0.,0.));
#1184=DIRECTION('',(0.,0.,-1.));
#1185=DIRECTION('',(1.,0.,0.));
#1186=DIRECTION('',(-1.,0.,2.31296463463574E-16));
#1187=DIRECTION('',(2.31296463463574E-16,0.,1.));
#1188=DIRECTION('',(-1.,0.,2.31296463463574E-16));
#1189=DIRECTION('',(2.31296463463574E-16,0.,1.));
#1190=DIRECTION('',(1.,0.,0.));
#1191=DIRECTION('',(1.,0.,0.));
#1192=DIRECTION('',(0.,0.,-1.));
#1193=DIRECTION('',(1.,0.,0.));
#1194=DIRECTION('',(0.,0.,-1.));
#1195=DIRECTION('',(-1.,0.,0.));
#1196=DIRECTION('',(0.,0.,1.));
#1197=DIRECTION('',(-0.250494188617703,-0.227261490587958,-0.941065819358294));
#1198=DIRECTION('',(-0.966351595836855,0.,0.257224791230478));
#1199=DIRECTION('',(1.,0.,0.));
#1200=DIRECTION('',(0.,0.,-1.));
#1201=DIRECTION('',(1.,0.,0.));
#1202=DIRECTION('',(0.,0.,-1.));
#1203=DIRECTION('',(1.,0.,0.));
#1204=DIRECTION('',(0.,0.,-1.));
#1205=DIRECTION('',(0.250494188617702,-0.227261490587959,-0.941065819358295));
#1206=DIRECTION('',(-0.966351595836856,0.,-0.257224791230477));
#1207=DIRECTION('',(1.,0.,3.06127672231202E-16));
#1208=DIRECTION('',(3.06127672231202E-16,0.,-1.));
#1209=DIRECTION('',(0.,0.320486894709175,0.947252949491143));
#1210=DIRECTION('',(0.,-0.947252949491143,0.320486894709175));
#1211=DIRECTION('',(-0.97525205039395,-0.147138659208904,0.165026219639796));
#1212=DIRECTION('',(0.166842150393387,0.,0.985983618957288));
#1213=DIRECTION('',(1.,0.,3.06127672231202E-16));
#1214=DIRECTION('',(3.06127672231202E-16,0.,-1.));
#1215=DIRECTION('',(-1.09782857095315E-15,0.320486894709176,0.947252949491143));
#1216=DIRECTION('',(0.,-0.947252949491143,0.320486894709176));
#1217=DIRECTION('',(0.97525205039395,-0.147138659208903,0.165026219639798));
#1218=DIRECTION('',(0.166842150393389,0.,-0.985983618957288));
#1219=DIRECTION('',(-1.,0.,2.31296463463574E-16));
#1220=DIRECTION('',(2.31296463463574E-16,0.,1.));
#1221=DIRECTION('',(0.,0.998103197817491,0.0615630287307153));
#1222=DIRECTION('',(0.,-0.0615630287307153,0.998103197817491));
#1223=DIRECTION('',(0.,-0.977520835227793,-0.210838840576297));
#1224=DIRECTION('',(0.,0.210838840576297,-0.977520835227794));
#1225=DIRECTION('',(-1.,0.,2.31296463463574E-16));
#1226=DIRECTION('',(2.31296463463574E-16,0.,1.));
#1227=DIRECTION('',(0.,-1.,0.));
#1228=DIRECTION('',(0.,0.,-1.));
#1229=DIRECTION('',(0.,1.,0.));
#1230=DIRECTION('',(0.,0.,1.));
#1231=DIRECTION('',(0.,-1.,-9.91270557701033E-16));
#1232=DIRECTION('',(0.,9.91270557701033E-16,-1.));
#1233=DIRECTION('',(-1.,0.,2.31296463463574E-16));
#1234=DIRECTION('',(2.31296463463574E-16,0.,1.));
#1235=DIRECTION('',(0.,1.,0.));
#1236=DIRECTION('',(0.,0.,1.));
#1237=DIRECTION('',(0.,-1.,0.));
#1238=DIRECTION('',(0.,0.,-1.));
#1239=DIRECTION('',(0.,1.,0.));
#1240=DIRECTION('',(0.,0.,1.));
#1241=DIRECTION('',(0.,-1.,0.));
#1242=DIRECTION('',(0.,0.,-1.));
#1243=DIRECTION('',(-1.,0.,2.31296463463574E-16));
#1244=DIRECTION('',(2.31296463463574E-16,0.,1.));
#1245=DIRECTION('',(0.,1.,0.));
#1246=DIRECTION('',(0.,0.,1.));
#1247=DIRECTION('',(0.,-1.,0.));
#1248=DIRECTION('',(0.,0.,-1.));
#1249=DIRECTION('',(0.,1.,0.));
#1250=DIRECTION('',(0.,0.,1.));
#1251=DIRECTION('',(-1.,0.,2.31296463463574E-16));
#1252=DIRECTION('',(2.31296463463574E-16,0.,1.));
#1253=DIRECTION('',(0.,0.977520835227793,0.210838840576299));
#1254=DIRECTION('',(0.,-0.210838840576299,0.977520835227793));
#1255=DIRECTION('',(0.,-0.998103197817491,-0.0615630287307153));
#1256=DIRECTION('',(0.,0.0615630287307153,-0.998103197817491));
#1257=DIRECTION('',(-1.,0.,2.31296463463574E-16));
#1258=DIRECTION('',(2.31296463463574E-16,0.,1.));
#1259=DIRECTION('',(-0.847940995391766,0.,0.530090622756167));
#1260=DIRECTION('',(0.530090622756167,0.,0.847940995391766));
#1261=DIRECTION('',(0.,-1.,0.));
#1262=DIRECTION('',(0.530090622756167,0.,0.847940995391766));
#1263=DIRECTION('',(0.,1.,0.));
#1264=DIRECTION('',(0.530090622756167,0.,0.847940995391766));
#1265=DIRECTION('',(0.,1.,0.));
#1266=DIRECTION('',(0.,0.,1.));
#1267=DIRECTION('',(0.,-1.,0.));
#1268=DIRECTION('',(0.,0.,-1.));
#1269=DIRECTION('',(0.,1.,0.));
#1270=DIRECTION('',(0.,-1.,0.));
#1271=DIRECTION('',(0.,0.,-1.));
#1272=DIRECTION('',(-0.847940995391766,0.,-0.530090622756168));
#1273=DIRECTION('',(-0.530090622756168,0.,0.847940995391766));
#1274=DIRECTION('',(-0.530090622756168,0.,0.847940995391766));
#1275=DIRECTION('',(0.,1.,0.));
#1276=DIRECTION('',(-0.530090622756168,0.,0.847940995391766));
#1277=DIRECTION('',(0.,1.,0.));
#1278=DIRECTION('',(0.,0.,1.));
#1279=DIRECTION('',(0.,-1.,0.));
#1280=DIRECTION('',(0.,0.,-1.));
#1281=DIRECTION('',(0.,1.,0.));
#1282=DIRECTION('',(0.,-1.,0.));
#1283=DIRECTION('',(0.,0.,-1.));
#1284=DIRECTION('',(0.,1.,0.));
#1285=DIRECTION('',(0.,-1.,0.));
#1286=DIRECTION('',(0.,0.,-1.));
#1287=DIRECTION('',(0.,-1.,0.));
#1288=DIRECTION('',(1.,0.,0.));
#1289=DIRECTION('',(0.,-1.,0.));
#1290=DIRECTION('',(0.,0.,-1.));
#1291=DIRECTION('',(0.,-1.,0.));
#1292=DIRECTION('',(1.,0.,0.));
#1293=DIRECTION('',(0.,-1.,0.));
#1294=DIRECTION('',(0.,0.,-1.));
#1295=DIRECTION('',(0.,-1.,0.));
#1296=DIRECTION('',(0.,0.,-1.));
#1297=DIRECTION('',(0.,1.,0.));
#1298=DIRECTION('',(0.,0.,1.));
#1299=DIRECTION('',(0.,1.,0.));
#1300=DIRECTION('',(0.,0.,1.));
#1301=DIRECTION('',(0.,-1.,0.));
#1302=DIRECTION('',(0.,0.,-1.));
#1303=CARTESIAN_POINT('',(0.,0.,0.));
#1304=CARTESIAN_POINT('',(-0.0075,-0.045,0.02125));
#1305=CARTESIAN_POINT('',(-0.0075,-0.043,0.000703908211930317));
#1306=CARTESIAN_POINT('',(-0.0075,-0.0321399534317963,0.000703908211930324));
#1307=CARTESIAN_POINT('',(-0.0075,-0.00703123560096795,0.000703908211930317));
#1308=CARTESIAN_POINT('',(-0.0075,-0.0267705965059432,0.013743775031859));
#1309=CARTESIAN_POINT('',(-0.0075,-0.0194692854222893,0.031475530520733));
#1310=CARTESIAN_POINT('',(-0.0075,-0.0351888130963595,0.0379482772100559));
#1311=CARTESIAN_POINT('',(-0.0075,-0.0190855129550101,0.0325));
#1312=CARTESIAN_POINT('',(-0.0075,-0.045,0.0325));
#1313=CARTESIAN_POINT('',(-0.0075,0.000647321058921846,0.0325));
#1314=CARTESIAN_POINT('',(-0.0075,-0.00680439784639883,0.00164321938520789));
#1315=CARTESIAN_POINT('',(0.0075,-0.045,0.02125));
#1316=CARTESIAN_POINT('',(0.0075,-0.033527253310677,-0.00266524863678006));
#1317=CARTESIAN_POINT('',(0.0075,-0.0194692854222893,0.031475530520733));
#1318=CARTESIAN_POINT('',(0.0075,-0.0321399534317963,0.000703908211930303));
#1319=CARTESIAN_POINT('',(0.0075,-0.043,0.00070390821193031));
#1320=CARTESIAN_POINT('',(0.0075,-0.00703123560096795,0.00070390821193031));
#1321=CARTESIAN_POINT('',(0.0075,-0.00443519132970109,0.0114538532330143));
#1322=CARTESIAN_POINT('',(0.0075,0.000647321058921846,0.0325));
#1323=CARTESIAN_POINT('',(0.0075,-0.0225,0.0325));
#1324=CARTESIAN_POINT('',(0.0075,-0.0190855129550101,0.0325));
#1325=CARTESIAN_POINT('',(0.0075,-0.0351888130963595,0.0379482772100559));
#1326=CARTESIAN_POINT('',(0.000499999999999991,-0.00443519132970109,0.0114538532330143));
#1327=CARTESIAN_POINT('',(0.0075,-0.00703123560096795,0.00070390821193031));
#1328=CARTESIAN_POINT('',(0.0075,-0.0052021842770146,0.00070390821193031));
#1329=CARTESIAN_POINT('',(0.00681780955049285,-0.00341626087167727,0.000796341083922094));
#1330=CARTESIAN_POINT('',(0.00561330916793609,-0.00206408780937179,0.000907349576119551));
#1331=CARTESIAN_POINT('',(0.00561330916793608,-0.00206408780937179,0.000907349576119509));
#1332=CARTESIAN_POINT('',(0.000499999999999992,-0.0055107689394426,0.007));
#1333=CARTESIAN_POINT('',(0.000499999999999992,0.00129362890695623,0.00535678061479211));
#1334=CARTESIAN_POINT('',(0.000499999999999987,0.00513174166530371,0.02125));
#1335=CARTESIAN_POINT('',(0.000499999999999984,0.00745171890532067,0.0308567806147921));
#1336=CARTESIAN_POINT('',(0.000499999999999984,0.000647321058921845,0.0325));
#1337=CARTESIAN_POINT('',(0.,-0.0055107689394426,0.007));
#1338=CARTESIAN_POINT('',(0.00561330916793612,-0.00206408780937133,0.000907349576119551));
#1339=CARTESIAN_POINT('',(0.00376458140529565,-0.00176290694273877,0.00107773099266894));
#1340=CARTESIAN_POINT('',(3.06242269957518E-5,-0.0015237914258862,0.00125301409169027));
#1341=CARTESIAN_POINT('',(-0.00376053410382478,-0.00176224758672693,0.00107810399780886));
#1342=CARTESIAN_POINT('',(-0.00561330916793571,-0.0020640878093712,0.000907349576119586));
#1343=CARTESIAN_POINT('',(-0.00561330916793569,-0.00206408780937133,0.000907349576119548));
#1344=CARTESIAN_POINT('',(-0.000500000000000009,-0.0055107689394426,0.007));
#1345=CARTESIAN_POINT('',(-0.000500000000000009,0.00129362890695623,0.00535678061479211));
#1346=CARTESIAN_POINT('',(-0.05,0.00129362890695623,0.00535678061479211));
#1347=CARTESIAN_POINT('',(-0.000500000000000014,-0.00167265618109512,0.0228932193852079));
#1348=CARTESIAN_POINT('',(-0.00561330916793569,-0.00206408780937134,0.000907349576119589));
#1349=CARTESIAN_POINT('',(-0.00681045868269336,-0.00340800878179231,0.00079701855049877));
#1350=CARTESIAN_POINT('',(-0.0075,-0.005205115415381,0.000703908211930307));
#1351=CARTESIAN_POINT('',(-0.0075,-0.00703123560096796,0.000703908211930307));
#1352=CARTESIAN_POINT('',(-0.000500000000000015,0.000647321058921847,0.0325));
#1353=CARTESIAN_POINT('',(-0.000500000000000017,0.00745171890532068,0.0308567806147921));
#1354=CARTESIAN_POINT('',(-0.000500000000000018,0.00784854607634685,0.0325));
#1355=CARTESIAN_POINT('',(-0.000500000000000009,-0.0267705965059433,0.013743775031859));
#1356=CARTESIAN_POINT('',(-0.0075,-0.0321399534317963,0.000703908211930324));
#1357=CARTESIAN_POINT('',(-0.0075,-0.0334979606765705,0.000703908211930323));
#1358=CARTESIAN_POINT('',(-0.00715797829849294,-0.034840062638012,0.000748843327973175));
#1359=CARTESIAN_POINT('',(-0.0064953032296956,-0.036,0.000819614501875722));
#1360=CARTESIAN_POINT('',(-0.00649530322969559,-0.036,0.000819614501875677));
#1361=CARTESIAN_POINT('',(-0.00649530322969559,-0.036,0.000819614501875683));
#1362=CARTESIAN_POINT('',(-0.00585876113715589,-0.03711419455836,0.000887594773427434));
#1363=CARTESIAN_POINT('',(-0.00457748719083822,-0.0385491552559712,0.000610971772677449));
#1364=CARTESIAN_POINT('',(-0.00240668402603006,-0.0397916910827361,2.8105144982291E-5));
#1365=CARTESIAN_POINT('',(-0.00114438508437919,-0.0400564884479023,-0.000137186230619919));
#1366=CARTESIAN_POINT('',(-0.000500000000000007,-0.0400533565902658,-0.000129580290645558));
#1367=CARTESIAN_POINT('',(-0.000500000000000008,-0.0400533565902658,-0.00012958029064556));
#1368=CARTESIAN_POINT('',(-0.000500000000000014,-0.03125,0.02125));
#1369=CARTESIAN_POINT('',(-0.000500000000000014,-0.0259420321116124,0.034140779157513));
#1370=CARTESIAN_POINT('',(-0.000500000000000015,-0.0194692854222893,0.031475530520733));
#1371=CARTESIAN_POINT('',(0.000499999999999987,-0.024777253310677,0.0185847513632199));
#1372=CARTESIAN_POINT('',(0.000499999999999983,-0.0264332803270239,0.0329477477772276));
#1373=CARTESIAN_POINT('',(0.000499999999999993,-0.0400533565902658,-0.000129580290645567));
#1374=CARTESIAN_POINT('',(0.00049999999999998,-0.0259420321116124,0.034140779157513));
#1375=CARTESIAN_POINT('',(0.000499999999999993,-0.0400533565902659,-0.000129580290645562));
#1376=CARTESIAN_POINT('',(0.00114457377317661,-0.0400564893649727,-0.000137188457790759));
#1377=CARTESIAN_POINT('',(0.00239984418978706,-0.0397931166665097,2.691947548333E-5));
#1378=CARTESIAN_POINT('',(0.00456805143583509,-0.0385584336080076,0.000608365780701498));
#1379=CARTESIAN_POINT('',(0.00586020229212345,-0.0371116719804481,0.000887440863564769));
#1380=CARTESIAN_POINT('',(0.00649530322969558,-0.036,0.000819614501875684));
#1381=CARTESIAN_POINT('',(0.00649530322969558,-0.036,0.000819614501875684));
#1382=CARTESIAN_POINT('',(0.00649530322969557,-0.036,0.000819614501875728));
#1383=CARTESIAN_POINT('',(0.00716187492683588,-0.034833242033143,0.000748427182904386));
#1384=CARTESIAN_POINT('',(0.0075,-0.0334950047212346,0.000703908211930321));
#1385=CARTESIAN_POINT('',(0.0075,-0.0321399534317963,0.000703908211930321));
#1386=CARTESIAN_POINT('',(0.000499999999999983,-0.0194692854222893,0.031475530520733));
#1387=CARTESIAN_POINT('',(-0.023,0.0102634833306074,0.0575));
#1388=CARTESIAN_POINT('',(0.023,0.0102634833306074,0.0575));
#1389=CARTESIAN_POINT('',(-0.023,0.0141057736269525,0.057354958714865));
#1390=CARTESIAN_POINT('',(0.023,0.0141057736269525,0.057354958714865));
#1391=CARTESIAN_POINT('',(-0.023,0.0222618204606445,0.0569136451107986));
#1392=CARTESIAN_POINT('',(0.023,0.0222618204606445,0.0569136451107986));
#1393=CARTESIAN_POINT('',(-0.023,0.0347584606376648,0.0556103083728874));
#1394=CARTESIAN_POINT('',(0.023,0.0347584606376648,0.0556103083728874));
#1395=CARTESIAN_POINT('',(-0.023,0.0452626964438598,0.0535571151508277));
#1396=CARTESIAN_POINT('',(0.023,0.0452626964438598,0.0535571151508277));
#1397=CARTESIAN_POINT('',(-0.023,0.0508301392043582,0.0508872132877525));
#1398=CARTESIAN_POINT('',(0.023,0.0508301392043582,0.0508872132877525));
#1399=CARTESIAN_POINT('',(-0.023,0.0494597335592999,0.0480431091501873));
#1400=CARTESIAN_POINT('',(0.023,0.0494597335592999,0.0480431091501873));
#1401=CARTESIAN_POINT('',(-0.023,0.0416738664735461,0.0455719107640298));
#1402=CARTESIAN_POINT('',(0.023,0.0416738664735461,0.0455719107640298));
#1403=CARTESIAN_POINT('',(-0.023,0.030075397356447,0.0438060786163822));
#1404=CARTESIAN_POINT('',(0.023,0.030075397356447,0.0438060786163822));
#1405=CARTESIAN_POINT('',(-0.023,0.0216746255730823,0.0431137195459425));
#1406=CARTESIAN_POINT('',(0.023,0.0216746255730823,0.0431137195459425));
#1407=CARTESIAN_POINT('',(-0.023,0.0176126658570564,0.0428631777758631));
#1408=CARTESIAN_POINT('',(0.023,0.0176126658570564,0.0428631777758631));
#1409=CARTESIAN_POINT('',(0.03,0.017612665912817,0.0428631777793024));
#1410=CARTESIAN_POINT('',(0.023,0.017612665912817,0.0428631777793024));
#1411=CARTESIAN_POINT('',(-0.023,0.017612665912817,0.0428631777793024));
#1412=CARTESIAN_POINT('',(-0.023,0.0176126659128171,0.0428631777793024));
#1413=CARTESIAN_POINT('',(-0.023,0.0200513492957821,0.0430135958272758));
#1414=CARTESIAN_POINT('',(-0.0230000000000001,0.0249220798556888,0.043375789987378));
#1415=CARTESIAN_POINT('',(-0.023,0.0322132409771209,0.0441553460395341));
#1416=CARTESIAN_POINT('',(-0.023,0.0382453189264675,0.0450728576744331));
#1417=CARTESIAN_POINT('',(-0.023,0.0430054019970895,0.0461104282455269));
#1418=CARTESIAN_POINT('',(-0.023,0.045351752609823,0.0467924229703213));
#1419=CARTESIAN_POINT('',(-0.023,0.0465042058175345,0.0472329648089919));
#1420=CARTESIAN_POINT('',(-0.0230000000000918,0.0465042058175351,0.0472329648089922));
#1421=CARTESIAN_POINT('',(-0.0230000000000919,0.0465042058175351,0.0472329648089921));
#1422=CARTESIAN_POINT('',(-0.0230000000000919,0.0487575183421616,0.0480943259784141));
#1423=CARTESIAN_POINT('',(-0.0230000000000919,0.0512417740569809,0.0499995635400034));
#1424=CARTESIAN_POINT('',(-0.0230000000000919,0.048758933230291,0.0519048614196362));
#1425=CARTESIAN_POINT('',(-0.0230000000000919,0.0465061968193269,0.0527662739818798));
#1426=CARTESIAN_POINT('',(-0.023,0.0465061968193269,0.0527662739818798));
#1427=CARTESIAN_POINT('',(-0.023,0.0465061968193269,0.0527662739818798));
#1428=CARTESIAN_POINT('',(-0.023,0.0450714071222337,0.0533149160081929));
#1429=CARTESIAN_POINT('',(-0.0229999999999999,0.0421205077994043,0.0541205582522437));
#1430=CARTESIAN_POINT('',(-0.023,0.0361074377881402,0.0553089600785391));
#1431=CARTESIAN_POINT('',(-0.023,0.0285469049681959,0.0562933818742796));
#1432=CARTESIAN_POINT('',(-0.023,0.0194227917519501,0.0570707598720176));
#1433=CARTESIAN_POINT('',(-0.023,0.0133172807201148,0.0573847232604113));
#1434=CARTESIAN_POINT('',(-0.023,0.0102634833306074,0.0575));
#1435=CARTESIAN_POINT('',(-0.023,0.0102634833306074,0.0575));
#1436=CARTESIAN_POINT('',(-0.05,0.0102634833306074,0.0575));
#1437=CARTESIAN_POINT('',(0.023,0.0102634833306074,0.0575));
#1438=CARTESIAN_POINT('',(0.023,0.0102634833306074,0.0575));
#1439=CARTESIAN_POINT('',(0.023,0.013318612600124,0.0573846729837343));
#1440=CARTESIAN_POINT('',(0.023,0.0194228815075526,0.0570708406383272));
#1441=CARTESIAN_POINT('',(0.023,0.0285658471362718,0.0562917248589735));
#1442=CARTESIAN_POINT('',(0.023,0.0361245163971725,0.0553057897520308));
#1443=CARTESIAN_POINT('',(0.023,0.0421032878986573,0.0541235791485256));
#1444=CARTESIAN_POINT('',(0.023,0.045055765816939,0.0533208251910545));
#1445=CARTESIAN_POINT('',(0.023,0.0465053791678054,0.052766586619289));
#1446=CARTESIAN_POINT('',(0.0229999999999326,0.0465053791678054,0.0527665866192889));
#1447=CARTESIAN_POINT('',(0.0229999999999327,0.0465053791678054,0.0527665866192889));
#1448=CARTESIAN_POINT('',(0.0229999999999327,0.0487598422622354,0.0519046254592265));
#1449=CARTESIAN_POINT('',(0.0229999999999327,0.0512434595927421,0.0499979620349531));
#1450=CARTESIAN_POINT('',(0.0229999999999327,0.0487532317160077,0.0480915806283048));
#1451=CARTESIAN_POINT('',(0.0229999999999327,0.0464960776780602,0.047229859708006));
#1452=CARTESIAN_POINT('',(0.023,0.0464960776780603,0.0472298597080061));
#1453=CARTESIAN_POINT('',(0.023,0.0464960776780603,0.0472298597080061));
#1454=CARTESIAN_POINT('',(0.023,0.0453497715808266,0.0467922307609112));
#1455=CARTESIAN_POINT('',(0.023,0.043004676423804,0.0461097929665137));
#1456=CARTESIAN_POINT('',(0.023,0.0382192371210841,0.0450678220854146));
#1457=CARTESIAN_POINT('',(0.023,0.0321896506499098,0.0441527203232914));
#1458=CARTESIAN_POINT('',(0.023,0.0249169608874879,0.0433754476254651));
#1459=CARTESIAN_POINT('',(0.023,0.0200498381082822,0.043013502617675));
#1460=CARTESIAN_POINT('',(0.023,0.017612665912817,0.0428631777793024));
#1461=CARTESIAN_POINT('',(-0.05,0.00513174166530371,0.02125));
#1462=CARTESIAN_POINT('',(-0.0175,0.00745171890532067,0.0308567806147921));
#1463=CARTESIAN_POINT('',(-0.00107202287077347,0.00850772784812586,0.0352296020657102));
#1464=CARTESIAN_POINT('',(-0.05,0.00850772784812586,0.0352296020657102));
#1465=CARTESIAN_POINT('',(0.00107202287077344,0.00850772784812586,0.0352296020657102));
#1466=CARTESIAN_POINT('',(0.0175,0.00745171890532067,0.0308567806147921));
#1467=CARTESIAN_POINT('',(-0.01875,-0.045,0.0425));
#1468=CARTESIAN_POINT('',(-0.05,-0.0225,0.0425));
#1469=CARTESIAN_POINT('',(-0.023,-0.0225,0.0425));
#1470=CARTESIAN_POINT('',(-0.0175,-0.0225,0.0425));
#1471=CARTESIAN_POINT('',(-0.023,-0.045,0.0425));
#1472=CARTESIAN_POINT('',(-0.023,0.0146440359103271,0.0425));
#1473=CARTESIAN_POINT('',(-0.0175,0.0146440359103271,0.0425));
#1474=CARTESIAN_POINT('',(-0.0175,0.0146440359103271,0.0425));
#1475=CARTESIAN_POINT('',(-0.0175,-0.045,0.0425));
#1476=CARTESIAN_POINT('',(0.01875,-0.045,0.0425));
#1477=CARTESIAN_POINT('',(0.03,0.0146440359103271,0.0425));
#1478=CARTESIAN_POINT('',(0.0175,0.0146440359103271,0.0425));
#1479=CARTESIAN_POINT('',(0.023,0.0146440359103271,0.0425));
#1480=CARTESIAN_POINT('',(0.023,-0.0225,0.0425));
#1481=CARTESIAN_POINT('',(0.023,-0.0225,0.0425));
#1482=CARTESIAN_POINT('',(-0.05,-0.0225,0.0425));
#1483=CARTESIAN_POINT('',(0.0175,-0.0225,0.0425));
#1484=CARTESIAN_POINT('',(0.0175,0.0102634833306074,0.0425));
#1485=CARTESIAN_POINT('',(0.03,-0.045,0.05));
#1486=CARTESIAN_POINT('',(0.03,0.0146440359103271,0.0495));
#1487=CARTESIAN_POINT('',(0.03,-0.0225,0.0495));
#1488=CARTESIAN_POINT('',(0.03,0.0146440359103271,0.0495));
#1489=CARTESIAN_POINT('',(0.03,0.0182282962001242,0.0328821458011275));
#1490=CARTESIAN_POINT('',(0.03,0.0171817247117021,0.0498499001640248));
#1491=CARTESIAN_POINT('',(0.03,0.0171817247117021,0.0498499001640248));
#1492=CARTESIAN_POINT('',(0.03,0.0179412828130062,0.0498967497255887));
#1493=CARTESIAN_POINT('',(0.03,0.018700635765185,0.0499467128077777));
#1494=CARTESIAN_POINT('',(0.03,0.0194597696925531,0.05));
#1495=CARTESIAN_POINT('',(0.03,0.0194597696925531,0.05));
#1496=CARTESIAN_POINT('',(0.03,0.0194597696925531,0.05));
#1497=CARTESIAN_POINT('',(0.03,0.0163528361238019,0.0502180903267938));
#1498=CARTESIAN_POINT('',(0.03,0.0132429582958843,0.0503812462597502));
#1499=CARTESIAN_POINT('',(0.03,0.0101307006917692,0.0505));
#1500=CARTESIAN_POINT('',(0.03,0.0101307006917691,0.0505));
#1501=CARTESIAN_POINT('',(0.03,-0.045,0.0505));
#1502=CARTESIAN_POINT('',(0.03,-0.0225,0.0505));
#1503=CARTESIAN_POINT('',(0.03,-0.0225,0.05));
#1504=CARTESIAN_POINT('',(-1.04083408558608E-17,-0.045,0.0575));
#1505=CARTESIAN_POINT('',(-0.023,-0.0225,0.0575));
#1506=CARTESIAN_POINT('',(-0.023,-0.0225,0.0575));
#1507=CARTESIAN_POINT('',(-0.05,-0.0225,0.0575));
#1508=CARTESIAN_POINT('',(0.023,-0.0225,0.0575));
#1509=CARTESIAN_POINT('',(0.023,-0.045,0.0575));
#1510=CARTESIAN_POINT('',(-0.03,-0.045,0.05));
#1511=CARTESIAN_POINT('',(-0.03,-0.0225,0.05));
#1512=CARTESIAN_POINT('',(-0.03,-0.0225,0.0495));
#1513=CARTESIAN_POINT('',(-0.03,-0.0225,0.0505));
#1514=CARTESIAN_POINT('',(-0.03,0.0102634833306074,0.0505));
#1515=CARTESIAN_POINT('',(-0.03,0.0101307006917689,0.0505));
#1516=CARTESIAN_POINT('',(-0.03,0.0101307006917689,0.0505));
#1517=CARTESIAN_POINT('',(-0.03,0.0132427840888673,0.0503812529069297));
#1518=CARTESIAN_POINT('',(-0.03,0.0163530506127364,0.0502180752708034));
#1519=CARTESIAN_POINT('',(-0.03,0.0194597696925532,0.05));
#1520=CARTESIAN_POINT('',(-0.03,0.0194597696925532,0.05));
#1521=CARTESIAN_POINT('',(-0.03,0.0194597696925532,0.05));
#1522=CARTESIAN_POINT('',(-0.03,0.0187006357651851,0.0499467128077777));
#1523=CARTESIAN_POINT('',(-0.03,0.0179412828130062,0.0498967497255887));
#1524=CARTESIAN_POINT('',(-0.03,0.0171817247117021,0.0498499001640248));
#1525=CARTESIAN_POINT('',(-0.03,0.0171817247117021,0.0498499001640248));
#1526=CARTESIAN_POINT('',(-0.03,0.0182282962001242,0.0328821458011275));
#1527=CARTESIAN_POINT('',(-0.03,0.0146440359103271,0.0495));
#1528=CARTESIAN_POINT('',(-0.03,-0.045,0.0495));
#1529=CARTESIAN_POINT('',(-0.05,-0.03125,0.02125));
#1530=CARTESIAN_POINT('',(-0.000500000000000008,-0.0400533565902658,-0.000129580290645554));
#1531=CARTESIAN_POINT('',(-0.000166666666666674,-0.0400517365146762,-0.000125645821356543));
#1532=CARTESIAN_POINT('',(0.000166666666666659,-0.0400517365146762,-0.000125645821356544));
#1533=CARTESIAN_POINT('',(0.000499999999999993,-0.0400533565902658,-0.000129580290645555));
#1534=CARTESIAN_POINT('',(-0.05,-0.0259420321116124,0.034140779157513));
#1535=CARTESIAN_POINT('',(-0.05,-0.0225,0.05));
#1536=CARTESIAN_POINT('',(-0.023,-0.0225,0.05));
#1537=CARTESIAN_POINT('',(-0.0175,-0.0225,0.05));
#1538=CARTESIAN_POINT('',(-0.0175,-0.0279380627555826,0.0448349759471668));
#1539=CARTESIAN_POINT('',(-0.05,-0.0279380627555826,0.0448349759471668));
#1540=CARTESIAN_POINT('',(0.0175,-0.0279380627555826,0.0448349759471668));
#1541=CARTESIAN_POINT('',(0.0175,-0.0225,0.05));
#1542=CARTESIAN_POINT('',(0.023,-0.0225,0.05));
#1543=CARTESIAN_POINT('',(-0.05,-0.0351888130963595,0.0379482772100559));
#1544=CARTESIAN_POINT('',(-0.0146636834433124,-0.0277248053926186,0.0446032444525371));
#1545=CARTESIAN_POINT('',(-0.0156067489844007,-0.0278085010408093,0.0446971149315497));
#1546=CARTESIAN_POINT('',(-0.0165532544338614,-0.0278732342746332,0.044766720437774));
#1547=CARTESIAN_POINT('',(-0.0175,-0.0279380627555826,0.0448349759471668));
#1548=CARTESIAN_POINT('',(-0.0146636834433124,-0.0277248053926186,0.044603244452537));
#1549=CARTESIAN_POINT('',(-0.0146636834433124,-0.0277248053926186,0.044603244452537));
#1550=CARTESIAN_POINT('',(-0.0130880072793683,-0.027584966503237,0.0444464054314576));
#1551=CARTESIAN_POINT('',(-0.010022955845287,-0.0270891650388828,0.0438783253504664));
#1552=CARTESIAN_POINT('',(-0.0064029208732649,-0.0261945000059066,0.0424584398733733));
#1553=CARTESIAN_POINT('',(-0.00379666903097242,-0.0255508514804561,0.0407529072974046));
#1554=CARTESIAN_POINT('',(-0.00208207978386534,-0.0252009139430264,0.0391168710606942));
#1555=CARTESIAN_POINT('',(-0.000815509370316939,-0.0251432098790757,0.0370758986392051));
#1556=CARTESIAN_POINT('',(-0.000500000000000008,-0.0254586287155192,0.0355049506370086));
#1557=CARTESIAN_POINT('',(-0.00050000000000001,-0.0257162836014481,0.0347434082629642));
#1558=CARTESIAN_POINT('',(-0.000500000000000018,-0.0257162836014481,0.0347434082629642));
#1559=CARTESIAN_POINT('',(-0.000500000000000014,-0.0351888130963595,0.0379482772100559));
#1560=CARTESIAN_POINT('',(0.00049999999999998,-0.0351888130963595,0.0379482772100559));
#1561=CARTESIAN_POINT('',(0.000499999999999981,-0.0257162836014481,0.0347434082629642));
#1562=CARTESIAN_POINT('',(0.000499999999999985,-0.0257162836014481,0.0347434082629642));
#1563=CARTESIAN_POINT('',(0.000499999999999983,-0.0254585365554796,0.0355052230315143));
#1564=CARTESIAN_POINT('',(0.000814213255042795,-0.0251432990865931,0.0370734059920538));
#1565=CARTESIAN_POINT('',(0.00208465611385918,-0.0252011976514553,0.0391202618514614));
#1566=CARTESIAN_POINT('',(0.00379568378250095,-0.0255507240210218,0.0407517276558289));
#1567=CARTESIAN_POINT('',(0.00640136011128322,-0.0261940027314928,0.0424576564149943));
#1568=CARTESIAN_POINT('',(0.0100149863678492,-0.0270876185536336,0.0438761777228904));
#1569=CARTESIAN_POINT('',(0.0130881321016029,-0.0275849775810226,0.044446417855963));
#1570=CARTESIAN_POINT('',(0.0146636834433124,-0.0277248053926186,0.044603244452537));
#1571=CARTESIAN_POINT('',(0.0146636834433124,-0.0277248053926186,0.044603244452537));
#1572=CARTESIAN_POINT('',(0.0146636834433124,-0.0277248053926186,0.0446032444525371));
#1573=CARTESIAN_POINT('',(0.0156067489844007,-0.0278085010408093,0.0446971149315496));
#1574=CARTESIAN_POINT('',(0.0165532544338618,-0.0278732342746308,0.0447667204377714));
#1575=CARTESIAN_POINT('',(0.0175,-0.0279380627555826,0.0448349759471668));
#1576=CARTESIAN_POINT('',(-0.0175,-0.0225,0.05));
#1577=CARTESIAN_POINT('',(-0.0175,-0.0225,0.0325));
#1578=CARTESIAN_POINT('',(-0.0158315784960662,-0.0225,0.0423598361895728));
#1579=CARTESIAN_POINT('',(-0.0158315784960662,-0.0225,0.0423598361895728));
#1580=CARTESIAN_POINT('',(-0.016205847755965,-0.0234934029930075,0.042423167757103));
#1581=CARTESIAN_POINT('',(-0.0167782163402955,-0.025493098859404,0.0428749025620659));
#1582=CARTESIAN_POINT('',(-0.0172596620662034,-0.0272246548990176,0.044083855206074));
#1583=CARTESIAN_POINT('',(-0.0175,-0.0279380627555826,0.0448349759471668));
#1584=CARTESIAN_POINT('',(0.0175,-0.0225,0.05));
#1585=CARTESIAN_POINT('',(0.0158315784960661,-0.0225,0.0423598361895728));
#1586=CARTESIAN_POINT('',(0.0162058477559648,-0.0234934029930073,0.042423167757103));
#1587=CARTESIAN_POINT('',(0.0167782163402051,-0.0254930988594227,0.042874902562083));
#1588=CARTESIAN_POINT('',(0.0172596620663866,-0.0272246548989885,0.0440838552060434));
#1589=CARTESIAN_POINT('',(0.0175,-0.0279380627555826,0.0448349759471668));
#1590=CARTESIAN_POINT('',(0.0158315784960661,-0.0225,0.0423598361895728));
#1591=CARTESIAN_POINT('',(0.0175,-0.0225,0.0325));
#1592=CARTESIAN_POINT('',(-0.0175,-0.045,0.0325));
#1593=CARTESIAN_POINT('',(-0.0175,0.0146440359103271,0.0425));
#1594=CARTESIAN_POINT('',(-0.0171002509490841,0.0146440359103271,0.0425));
#1595=CARTESIAN_POINT('',(-0.016384609090062,0.0142601212939762,0.0424520079176924));
#1596=CARTESIAN_POINT('',(-0.0155728668692832,0.0134245446214315,0.0423223691377642));
#1597=CARTESIAN_POINT('',(-0.0148442453184063,0.0125202847915672,0.0421500853047745));
#1598=CARTESIAN_POINT('',(-0.0139429865173663,0.0112790146522254,0.0418662105068591));
#1599=CARTESIAN_POINT('',(-0.0128924585010635,0.0097125752141929,0.0414105495918974));
#1600=CARTESIAN_POINT('',(-0.0116948772058967,0.00785092967325047,0.0406848133714185));
#1601=CARTESIAN_POINT('',(-0.01054654463874,0.00602758492632777,0.0397403604521132));
#1602=CARTESIAN_POINT('',(-0.0094868204619944,0.00432900906646804,0.0385598354764719));
#1603=CARTESIAN_POINT('',(-0.0085261068916131,0.0027877723823355,0.0370468601616246));
#1604=CARTESIAN_POINT('',(-0.00802531130929002,0.00199456383486513,0.0357816411654452));
#1605=CARTESIAN_POINT('',(-0.00783648404163146,0.00170333000172704,0.0350722479123047));
#1606=CARTESIAN_POINT('',(-0.00783648404163146,0.00170333000172704,0.0350722479123047));
#1607=CARTESIAN_POINT('',(-0.0175,0.000647321058921846,0.0325));
#1608=CARTESIAN_POINT('',(-0.0075,-0.0190855129550101,0.0325));
#1609=CARTESIAN_POINT('',(-0.0075,-0.018768080836519,0.0330518964966556));
#1610=CARTESIAN_POINT('',(-0.00759113533964704,-0.0182776831116357,0.0342240393064289));
#1611=CARTESIAN_POINT('',(-0.00809644894947119,-0.0181089496380137,0.0360789332545189));
#1612=CARTESIAN_POINT('',(-0.00893152737636228,-0.0184802313996804,0.0377613772621367));
#1613=CARTESIAN_POINT('',(-0.0103342893307176,-0.0194208235165871,0.0396363101871993));
#1614=CARTESIAN_POINT('',(-0.0124855622650995,-0.0210291149014884,0.0413538597472895));
#1615=CARTESIAN_POINT('',(-0.0146159929459172,-0.0221882227856054,0.0421541421970211));
#1616=CARTESIAN_POINT('',(-0.0158315784960662,-0.0225,0.0423598361895728));
#1617=CARTESIAN_POINT('',(0.0175,-0.045,0.0325));
#1618=CARTESIAN_POINT('',(0.0175,0.000647321058921846,0.0325));
#1619=CARTESIAN_POINT('',(0.00783648404163143,0.00170333000172704,0.0350722479123047));
#1620=CARTESIAN_POINT('',(0.00783648404163143,0.00170333000172704,0.0350722479123047));
#1621=CARTESIAN_POINT('',(0.008214256015124,0.00228597879634565,0.0364914756146606));
#1622=CARTESIAN_POINT('',(0.00913062743548874,0.00375835311615558,0.0381581791174497));
#1623=CARTESIAN_POINT('',(0.0105432875480818,0.00602233382988895,0.0397379899067148));
#1624=CARTESIAN_POINT('',(0.0116912882548571,0.00784526033356844,0.0406820609505135));
#1625=CARTESIAN_POINT('',(0.0128886566108116,0.00970686385996822,0.0414086878275872));
#1626=CARTESIAN_POINT('',(0.013939161200912,0.0112731410273834,0.0418646343474062));
#1627=CARTESIAN_POINT('',(0.0148390344693267,0.0125138246427648,0.0421487561764918));
#1628=CARTESIAN_POINT('',(0.0155692820190716,0.0134189858549687,0.0423213421059114));
#1629=CARTESIAN_POINT('',(0.0163675940991533,0.0142477535248125,0.0424503057612328));
#1630=CARTESIAN_POINT('',(0.0170993649677642,0.0146440359103271,0.0425));
#1631=CARTESIAN_POINT('',(0.0175,0.0146440359103271,0.0425));
#1632=CARTESIAN_POINT('',(0.0158315784960661,-0.0225,0.0423598361895729));
#1633=CARTESIAN_POINT('',(0.0146079492183138,-0.0221861597049894,0.0421527810863649));
#1634=CARTESIAN_POINT('',(0.0125016048098598,-0.0210375992346182,0.0413609741112304));
#1635=CARTESIAN_POINT('',(0.0103370645008966,-0.0194233508579596,0.0396392004002232));
#1636=CARTESIAN_POINT('',(0.00893883771708222,-0.018484841213866,0.0377722755112249));
#1637=CARTESIAN_POINT('',(0.00809829724125968,-0.0181074641230523,0.0360876340595374));
#1638=CARTESIAN_POINT('',(0.00758881619671885,-0.0182809443329508,0.0342109206146593));
#1639=CARTESIAN_POINT('',(0.0075,-0.0187674374268351,0.0330530151470057));
#1640=CARTESIAN_POINT('',(0.0075,-0.0190855129550101,0.0325));
#1641=CARTESIAN_POINT('',(-2.08166817117217E-17,0.0182282962001242,0.0328821458011275));
#1642=CARTESIAN_POINT('',(-2.08166817117217E-17,0.0161199077943612,0.0426573541534054));
#1643=CARTESIAN_POINT('',(-0.0175,0.0161199077943612,0.0426573541534054));
#1644=CARTESIAN_POINT('',(-0.023,0.0161199077943612,0.0426573541534054));
#1645=CARTESIAN_POINT('',(-0.023,0.0182282962001242,0.0328821458011275));
#1646=CARTESIAN_POINT('',(0.023,0.0182282962001242,0.0328821458011275));
#1647=CARTESIAN_POINT('',(0.023,0.0161199077943612,0.0426573541534054));
#1648=CARTESIAN_POINT('',(-2.08166817117217E-17,0.0161199077943612,0.0426573541534054));
#1649=CARTESIAN_POINT('',(0.0175,0.0161199077943612,0.0426573541534054));
#1650=CARTESIAN_POINT('',(0.0175,0.0161199077943612,0.0426573541534054));
#1651=CARTESIAN_POINT('',(0.0166390543848352,0.0161199077943612,0.0426573541534054));
#1652=CARTESIAN_POINT('',(0.0149557492686343,0.0157377205086063,0.0425799763248862));
#1653=CARTESIAN_POINT('',(0.011838493866565,0.0143748293152511,0.0421652863181121));
#1654=CARTESIAN_POINT('',(0.00891850724224343,0.0128243402248429,0.0413909837202255));
#1655=CARTESIAN_POINT('',(0.0061129047378504,0.0112916648480272,0.0401400032542519));
#1656=CARTESIAN_POINT('',(0.00414924128162678,0.0102031267963669,0.0389312278451897));
#1657=CARTESIAN_POINT('',(0.00235949898835135,0.00920918109701815,0.0373526049936865));
#1658=CARTESIAN_POINT('',(0.00142001491816277,0.00869344353710726,0.0359986311104763));
#1659=CARTESIAN_POINT('',(0.00107202287077344,0.00850772784812586,0.0352296020657102));
#1660=CARTESIAN_POINT('',(-0.00107202287077347,0.00850772784812586,0.0352296020657102));
#1661=CARTESIAN_POINT('',(-0.00176939510391682,0.00887990004495143,0.0367707278078758));
#1662=CARTESIAN_POINT('',(-0.00349543952287038,0.00984096901849321,0.0385230166441977));
#1663=CARTESIAN_POINT('',(-0.00610681345687108,0.0112882498117912,0.0401376625483284));
#1664=CARTESIAN_POINT('',(-0.00891469120078366,0.0128223348482421,0.0413893643445893));
#1665=CARTESIAN_POINT('',(-0.0118331271203095,0.0143720612539287,0.0421643669975945));
#1666=CARTESIAN_POINT('',(-0.014955384018795,0.0157380741708704,0.0425801071165447));
#1667=CARTESIAN_POINT('',(-0.016641141952573,0.0161199077943612,0.0426573541534054));
#1668=CARTESIAN_POINT('',(-0.0175,0.0161199077943612,0.0426573541534054));
#1669=CARTESIAN_POINT('',(-2.08166817117217E-17,0.0146440359103271,0.0495));
#1670=CARTESIAN_POINT('',(0.023,0.0146440359103271,0.0495));
#1671=CARTESIAN_POINT('',(0.0175,0.0146440359103271,0.0495));
#1672=CARTESIAN_POINT('',(0.0175,0.0146440359103271,0.0425));
#1673=CARTESIAN_POINT('',(0.0175,0.0153903602259767,0.0425));
#1674=CARTESIAN_POINT('',(0.0175,0.0161199077943612,0.0426573541534054));
#1675=CARTESIAN_POINT('',(0.0171733175791543,0.0146440359017914,0.0425));
#1676=CARTESIAN_POINT('',(0.0170602784599793,0.0153903602192948,0.042499999998145));
#1677=CARTESIAN_POINT('',(0.0169446398845606,0.0161199077893355,0.0426573541523215));
#1678=CARTESIAN_POINT('',(0.016542291583779,0.0143788808961222,0.042467402987984));
#1679=CARTESIAN_POINT('',(0.0162093281877476,0.0151820236859345,0.0424446043782717));
#1680=CARTESIAN_POINT('',(0.015871895692425,0.0159639342565957,0.0426247571418797));
#1681=CARTESIAN_POINT('',(0.0154290693243138,0.0133126377912445,0.042309436777773));
#1682=CARTESIAN_POINT('',(0.0147174715535005,0.0143500451836958,0.0421771271955484));
#1683=CARTESIAN_POINT('',(0.013979417851333,0.0153367324301939,0.0424667909308954));
#1684=CARTESIAN_POINT('',(0.014193764306969,0.0116511379132736,0.0419766261566995));
#1685=CARTESIAN_POINT('',(0.0130882651512558,0.013073648339857,0.0416149331363681));
#1686=CARTESIAN_POINT('',(0.0118793993218486,0.0143593795608001,0.0421339803102011));
#1687=CARTESIAN_POINT('',(0.0128343334803757,0.0096266384673774,0.0413861767027086));
#1688=CARTESIAN_POINT('',(0.011382533389917,0.0115999018179108,0.0406455004391713));
#1689=CARTESIAN_POINT('',(0.00956836691663455,0.0131684975338049,0.0415435308560883));
#1690=CARTESIAN_POINT('',(0.0115553039702159,0.00763121483929188,0.0405901635072083));
#1691=CARTESIAN_POINT('',(0.00989845428462962,0.0102620774247923,0.0393907072531607));
#1692=CARTESIAN_POINT('',(0.00739401674938207,0.0119947189290371,0.0407475176606206));
#1693=CARTESIAN_POINT('',(0.0103611455465478,0.00573134941211943,0.0395628825641763));
#1694=CARTESIAN_POINT('',(0.0086928344386599,0.00916313604410422,0.0378858973014005));
#1695=CARTESIAN_POINT('',(0.0053639474290752,0.0108771510307443,0.0397202367175802));
#1696=CARTESIAN_POINT('',(0.0093078619609247,0.0040415131669516,0.0383171917667406));
#1697=CARTESIAN_POINT('',(0.00786655378723165,0.008418142530431,0.0362723815650442));
#1698=CARTESIAN_POINT('',(0.00357336533378097,0.00988312970989317,0.0384745459201453));
#1699=CARTESIAN_POINT('',(0.00841939239206874,0.00261772467534727,0.0368118845853342));
#1700=CARTESIAN_POINT('',(0.00745928622866472,0.00807724626373829,0.0347148577747555));
#1701=CARTESIAN_POINT('',(0.00206296706573694,0.00904560706838581,0.036969238738744));
#1702=CARTESIAN_POINT('',(0.00799861391231241,0.0019533876582491,0.0356813433984588));
#1703=CARTESIAN_POINT('',(0.00743977016079349,0.00809227166143668,0.0339436948444572));
#1704=CARTESIAN_POINT('',(0.00134764365261157,0.00865482058621504,0.0358386975518546));
#1705=CARTESIAN_POINT('',(0.00783648404163141,0.00170333000172702,0.0350722479123048));
#1706=CARTESIAN_POINT('',(0.00745128869440283,0.00812025834761091,0.0336251318053283));
#1707=CARTESIAN_POINT('',(0.00107202287077342,0.00850772784812585,0.0352296020657102));
#1708=CARTESIAN_POINT('',(0.00107202287077344,0.00170333000172704,0.036872821450918));
#1709=CARTESIAN_POINT('',(0.000499999999999983,0.00745171890532068,0.0308567806147921));
#1710=CARTESIAN_POINT('',(0.00749999999999998,0.00745171890532068,0.0308567806147921));
#1711=CARTESIAN_POINT('',(0.00749999999999998,0.000647321058921846,0.0325));
#1712=CARTESIAN_POINT('',(0.000499999999994721,0.00780772391652185,0.0323309597495629));
#1713=CARTESIAN_POINT('',(0.00735894161083346,0.0076670201821515,0.0317483204527482));
#1714=CARTESIAN_POINT('',(0.00749999999999998,0.00100332607012331,0.0333671641969187));
#1715=CARTESIAN_POINT('',(0.000692827450591275,0.00816370183742494,0.0338050267062719));
#1716=CARTESIAN_POINT('',(0.00733662065906045,0.00789316751969631,0.0326847726820494));
#1717=CARTESIAN_POINT('',(0.00761342791211498,0.00135930399102453,0.0342342624067542));
#1718=CARTESIAN_POINT('',(0.00107202287077343,0.00850772784812586,0.0352296020657102));
#1719=CARTESIAN_POINT('',(0.00745128869440284,0.00812025834761093,0.0336251318053283));
#1720=CARTESIAN_POINT('',(0.00783648404163142,0.00170333000172703,0.0350722479123048));
#1721=CARTESIAN_POINT('',(-2.08166817117217E-17,0.0146440359103271,0.0495));
#1722=CARTESIAN_POINT('',(-0.023,0.0146440359103271,0.0495));
#1723=CARTESIAN_POINT('',(-0.0175,0.0146440359103271,0.0495));
#1724=CARTESIAN_POINT('',(-0.00783648404163146,0.00170333000172704,0.0350722479123047));
#1725=CARTESIAN_POINT('',(-0.00745128869440289,0.00812025834761094,0.0336251318053283));
#1726=CARTESIAN_POINT('',(-0.00107202287077347,0.00850772784812587,0.0352296020657102));
#1727=CARTESIAN_POINT('',(-0.00799855062362233,0.00195329004615223,0.0356811056331703));
#1728=CARTESIAN_POINT('',(-0.00743977459443005,0.0080922824340396,0.0339435722227198));
#1729=CARTESIAN_POINT('',(-0.00134753606171349,0.00865476316739187,0.0358384597865747));
#1730=CARTESIAN_POINT('',(-0.00841959223688804,0.00261803240945847,0.0368129004630098));
#1731=CARTESIAN_POINT('',(-0.00745901470155089,0.00807696284463092,0.0347152092809312));
#1732=CARTESIAN_POINT('',(-0.00206330680198774,0.00904578808842462,0.0369702546164156));
#1733=CARTESIAN_POINT('',(-0.00931040766749455,0.00404559945115479,0.0383206436628294));
#1734=CARTESIAN_POINT('',(-0.00786827086036323,0.00841966528952576,0.0362765606281923));
#1735=CARTESIAN_POINT('',(-0.00357769303493418,0.0098855334064904,0.038477997816235));
#1736=CARTESIAN_POINT('',(-0.0103609392704149,0.00573101429212561,0.0395624446474162));
#1737=CARTESIAN_POINT('',(-0.00869285915052978,0.00916316678166727,0.0378855653749624));
#1738=CARTESIAN_POINT('',(-0.00536359675965354,0.0108769539013343,0.0397197988008207));
#1739=CARTESIAN_POINT('',(-0.0115553019067216,0.0076312140685911,0.0405902034875756));
#1740=CARTESIAN_POINT('',(-0.0098984179766848,0.010262044464325,0.0393906949834352));
#1741=CARTESIAN_POINT('',(-0.00739401324144061,0.0119947184756842,0.0407475576409846));
#1742=CARTESIAN_POINT('',(-0.0128334072565083,0.00962518046873722,0.0413856144363272));
#1743=CARTESIAN_POINT('',(-0.0113814791412234,0.0115989396704097,0.040644649953997));
#1744=CARTESIAN_POINT('',(-0.00956679233606038,0.013167639887546,0.0415429685897192));
#1745=CARTESIAN_POINT('',(-0.0141923960623767,0.0116492347248564,0.0419761675778439));
#1746=CARTESIAN_POINT('',(-0.0130864883222789,0.0130722113095867,0.0416141533900672));
#1747=CARTESIAN_POINT('',(-0.0118770733060417,0.0143582600382013,0.0421335217312995));
#1748=CARTESIAN_POINT('',(-0.0154281808846426,0.013311439079014,0.0423092721436626));
#1749=CARTESIAN_POINT('',(-0.0147162634362219,0.0143490944680785,0.0421768446787026));
#1750=CARTESIAN_POINT('',(-0.0139779075038917,0.0153360273053537,0.0424666262969204));
#1751=CARTESIAN_POINT('',(-0.016543036984301,0.0143802043460864,0.0424675868202525));
#1752=CARTESIAN_POINT('',(-0.0162103187648023,0.015183054781089,0.0424449145544341));
#1753=CARTESIAN_POINT('',(-0.0158731628733128,0.0159647127565723,0.0426249409739137));
#1754=CARTESIAN_POINT('',(-0.0171758999633178,0.0146440359058689,0.0425));
#1755=CARTESIAN_POINT('',(-0.0170637544044264,0.0153903602224573,0.0424999999990426));
#1756=CARTESIAN_POINT('',(-0.0169490299376378,0.0161199077917392,0.0426573541528399));
#1757=CARTESIAN_POINT('',(-0.0175,0.0146440359103271,0.0425));
#1758=CARTESIAN_POINT('',(-0.0175,0.0153903602259767,0.0425));
#1759=CARTESIAN_POINT('',(-0.0175,0.0161199077943612,0.0426573541534054));
#1760=CARTESIAN_POINT('',(-0.00107202287077347,0.00170333000172704,0.036872821450918));
#1761=CARTESIAN_POINT('',(-0.00107202287077343,0.00850772784812586,0.0352296020657102));
#1762=CARTESIAN_POINT('',(-0.00745128869440284,0.00812025834761093,0.0336251318053283));
#1763=CARTESIAN_POINT('',(-0.00783648404163142,0.00170333000172703,0.0350722479123048));
#1764=CARTESIAN_POINT('',(-0.000692827450593904,0.00816370183741993,0.0338050267062511));
#1765=CARTESIAN_POINT('',(-0.0073366206590659,0.00789316751968995,0.0326847726820312));
#1766=CARTESIAN_POINT('',(-0.00761342791211367,0.00135930399102552,0.0342342624067493));
#1767=CARTESIAN_POINT('',(-0.000499999999994721,0.00780772391652145,0.0323309597495613));
#1768=CARTESIAN_POINT('',(-0.00735894161082702,0.00766702018214045,0.0317483204527372));
#1769=CARTESIAN_POINT('',(-0.00749999999999998,0.00100332607012323,0.0333671641969187));
#1770=CARTESIAN_POINT('',(-0.000499999999999983,0.00745171890532068,0.0308567806147921));
#1771=CARTESIAN_POINT('',(-0.00749999999999998,0.00745171890532068,0.0308567806147921));
#1772=CARTESIAN_POINT('',(-0.00749999999999998,0.000647321058921848,0.0325));
#1773=CARTESIAN_POINT('',(-0.000500000000000021,-0.0351888130963595,0.0379482772100559));
#1774=CARTESIAN_POINT('',(-0.000500000000000015,-0.0190855129550101,0.0325));
#1775=CARTESIAN_POINT('',(-0.000500000000000015,-0.0257162836014481,0.0347434082629642));
#1776=CARTESIAN_POINT('',(-0.00750000000000002,-0.0257162836014481,0.0347434082629642));
#1777=CARTESIAN_POINT('',(-0.00750000000000002,-0.0190855129550101,0.0325));
#1778=CARTESIAN_POINT('',(-0.000499999999647618,-0.0255216671431356,0.0353186299559551));
#1779=CARTESIAN_POINT('',(-0.00763024626298295,-0.0256432327259449,0.034959322424764));
#1780=CARTESIAN_POINT('',(-0.00750000000000002,-0.0187546649766783,0.0330752216931514));
#1781=CARTESIAN_POINT('',(-0.000666271224427666,-0.0252437766672419,0.0364801806215165));
#1782=CARTESIAN_POINT('',(-0.00785739195315651,-0.0255058021009452,0.0352520094728448));
#1783=CARTESIAN_POINT('',(-0.00759780660250824,-0.0182822511664883,0.0342367723584783));
#1784=CARTESIAN_POINT('',(-0.00147424337526221,-0.0251442800248403,0.0382427020749002));
#1785=CARTESIAN_POINT('',(-0.00804958559095601,-0.0251357108419604,0.0357365388933773));
#1786=CARTESIAN_POINT('',(-0.00807308433841553,-0.0181131068748774,0.0359992938119541));
#1787=CARTESIAN_POINT('',(-0.0028011302436729,-0.0253342098859601,0.0398717312400847));
#1788=CARTESIAN_POINT('',(-0.00830428434462521,-0.0247372048636082,0.0366221776288851));
#1789=CARTESIAN_POINT('',(-0.00885360602568223,-0.01843598763865,0.037628322977122));
#1790=CARTESIAN_POINT('',(-0.00455718067035262,-0.0257340408807252,0.0413047482311832));
#1791=CARTESIAN_POINT('',(-0.00888917016928673,-0.0245347065893685,0.0378799468908943));
#1792=CARTESIAN_POINT('',(-0.00988657686491816,-0.0191157003298029,0.039061339968195));
#1793=CARTESIAN_POINT('',(-0.00667023138499077,-0.0262647045031778,0.0425159910801452));
#1794=CARTESIAN_POINT('',(-0.00991564610387015,-0.0246125441757142,0.0392802795013208));
#1795=CARTESIAN_POINT('',(-0.0111295478735123,-0.0200178284878943,0.0402725828172757));
#1796=CARTESIAN_POINT('',(-0.00988818494106247,-0.0270347004965146,0.0438104049747019));
#1797=CARTESIAN_POINT('',(-0.0118309434989186,-0.0250170666810945,0.0410085721081403));
#1798=CARTESIAN_POINT('',(-0.0130224617300966,-0.021326821676913,0.0415669967112326));
#1799=CARTESIAN_POINT('',(-0.0126469603383895,-0.02754582424862,0.044402504675923));
#1800=CARTESIAN_POINT('',(-0.013852485400779,-0.025487610955863,0.0419671003159384));
#1801=CARTESIAN_POINT('',(-0.0146452707870237,-0.022195732053922,0.0421590964152));
#1802=CARTESIAN_POINT('',(-0.0146636834433124,-0.0277248053926186,0.0446032444525371));
#1803=CARTESIAN_POINT('',(-0.0153688621692936,-0.0256547540179906,0.042281538147398));
#1804=CARTESIAN_POINT('',(-0.0158315784960661,-0.0225,0.0423598361895729));
#1805=CARTESIAN_POINT('',(-0.0146636834433124,-0.0225,0.0492617215222739));
#1806=CARTESIAN_POINT('',(-0.0146636834433124,-0.0277248053926186,0.0446032444525371));
#1807=CARTESIAN_POINT('',(-0.0153688621692935,-0.0256547540179908,0.0422815381473981));
#1808=CARTESIAN_POINT('',(-0.0158315784960661,-0.0225000000000003,0.0423598361895729));
#1809=CARTESIAN_POINT('',(-0.0151330590245207,-0.0277664617688627,0.0446499649699892));
#1810=CARTESIAN_POINT('',(-0.01568082188913,-0.0259515199067402,0.0426429626738562));
#1811=CARTESIAN_POINT('',(-0.016107681772051,-0.0232328462588866,0.0424065567064357));
#1812=CARTESIAN_POINT('',(-0.0158416673585822,-0.0278224325945574,0.0447114710253682));
#1813=CARTESIAN_POINT('',(-0.0161893828099327,-0.0264732549891194,0.0432487414123088));
#1814=CARTESIAN_POINT('',(-0.0165245102125395,-0.0245847039963783,0.0426164600494267));
#1815=CARTESIAN_POINT('',(-0.0167873480533346,-0.0278893798259216,0.0447834820468434));
#1816=CARTESIAN_POINT('',(-0.0169312429493364,-0.0272914401029888,0.0441478565579348));
#1817=CARTESIAN_POINT('',(-0.0170807929722281,-0.0265913331290548,0.0436240061888204));
#1818=CARTESIAN_POINT('',(-0.017265787197952,-0.0279220250175638,0.0448180904060905));
#1819=CARTESIAN_POINT('',(-0.0173140074692746,-0.0277254896635639,0.0446113119096365));
#1820=CARTESIAN_POINT('',(-0.017362227763501,-0.0275291003911741,0.0444043946024188));
#1821=CARTESIAN_POINT('',(-0.0175,-0.0279380627555826,0.0448349759471668));
#1822=CARTESIAN_POINT('',(-0.0175,-0.0279380627555825,0.0448349759471666));
#1823=CARTESIAN_POINT('',(-0.0175,-0.0279380627555823,0.0448349759471664));
#1824=CARTESIAN_POINT('',(0.00049999999999998,-0.0351888130963595,0.0379482772100559));
#1825=CARTESIAN_POINT('',(0.000499999999999981,-0.0190855129550101,0.0325));
#1826=CARTESIAN_POINT('',(0.0146636834433124,-0.0277248053926186,0.0446032444525371));
#1827=CARTESIAN_POINT('',(0.0153688621692935,-0.0256547540179906,0.042281538147398));
#1828=CARTESIAN_POINT('',(0.0158315784960661,-0.0225,0.0423598361895729));
#1829=CARTESIAN_POINT('',(0.0136565438356808,-0.0276354232664329,0.0445029961937375));
#1830=CARTESIAN_POINT('',(0.0146154058133589,-0.0255717040761023,0.0421253004712012));
#1831=CARTESIAN_POINT('',(0.015239143432634,-0.0223480503848213,0.0422595879318422));
#1832=CARTESIAN_POINT('',(0.0117416313485431,-0.0273761266782231,0.0442053019532695));
#1833=CARTESIAN_POINT('',(0.0131967836189887,-0.0253330847273979,0.0416583061751637));
#1834=CARTESIAN_POINT('',(0.0141127243227278,-0.0219072461858352,0.0419618936898092));
#1835=CARTESIAN_POINT('',(0.00906476990724467,-0.0268387285798724,0.0434817386471467));
#1836=CARTESIAN_POINT('',(0.0113625524729245,-0.0249185562204966,0.0405877654450862));
#1837=CARTESIAN_POINT('',(0.0125380999454233,-0.0209936694182494,0.0412383303843155));
#1838=CARTESIAN_POINT('',(0.00667336488378599,-0.0262651331009703,0.0425166370483565));
#1839=CARTESIAN_POINT('',(0.00991766656576214,-0.0246128298032662,0.039281501503123));
#1840=CARTESIAN_POINT('',(0.0111313911081128,-0.0200185571042184,0.0402732287853563));
#1841=CARTESIAN_POINT('',(0.00455524379001891,-0.0257337590686107,0.0413032087902086));
#1842=CARTESIAN_POINT('',(0.00888847731718616,-0.0245349565031478,0.0378789183079164));
#1843=CARTESIAN_POINT('',(0.0098854375235416,-0.0191152212491868,0.0390598005272553));
#1844=CARTESIAN_POINT('',(0.00280998687978962,-0.0253359286708922,0.0398801416893727));
#1845=CARTESIAN_POINT('',(0.00830697440100201,-0.024735646620155,0.0366285381339957));
#1846=CARTESIAN_POINT('',(0.00885881581163329,-0.0184389095730439,0.0376367334264009));
#1847=CARTESIAN_POINT('',(0.00147599558742198,-0.0251444324823503,0.0382455774064908));
#1848=CARTESIAN_POINT('',(0.00804944294067717,-0.0251348055709947,0.0357372263193114));
#1849=CARTESIAN_POINT('',(0.00807411505145431,-0.0181133660526286,0.0360021691435459));
#1850=CARTESIAN_POINT('',(0.00066884329945968,-0.0252422508388965,0.0364894913750022));
#1851=CARTESIAN_POINT('',(0.00785898555063557,-0.0255043827651376,0.0352544800151949));
#1852=CARTESIAN_POINT('',(0.00759931958780665,-0.018279657258355,0.0342460831119684));
#1853=CARTESIAN_POINT('',(0.000499999999594012,-0.0255216054162885,0.0353188124000391));
#1854=CARTESIAN_POINT('',(0.00763028795793685,-0.0256432093406311,0.0349593915440378));
#1855=CARTESIAN_POINT('',(0.00749999999999998,-0.0187545600409232,0.0330754041372244));
#1856=CARTESIAN_POINT('',(0.000499999999999982,-0.0257162836014481,0.0347434082629642));
#1857=CARTESIAN_POINT('',(0.00749999999999998,-0.0257162836014481,0.0347434082629642));
#1858=CARTESIAN_POINT('',(0.00749999999999998,-0.0190855129550101,0.0325));
#1859=CARTESIAN_POINT('',(0.0146636834433124,-0.0225,0.0492617215222739));
#1860=CARTESIAN_POINT('',(0.0158315784960661,-0.0225000000000002,0.0423598361895729));
#1861=CARTESIAN_POINT('',(0.0153688621692935,-0.0256547540179907,0.0422815381473981));
#1862=CARTESIAN_POINT('',(0.0146636834433123,-0.0277248053926186,0.0446032444525371));
#1863=CARTESIAN_POINT('',(0.0161076817720504,-0.023232846258945,0.0424065567064356));
#1864=CARTESIAN_POINT('',(0.0156808218891254,-0.0259515199067732,0.0426429626738819));
#1865=CARTESIAN_POINT('',(0.0151330590245181,-0.0277664617688638,0.0446499649699904));
#1866=CARTESIAN_POINT('',(0.0165245102125392,-0.0245847039963695,0.0426164600494315));
#1867=CARTESIAN_POINT('',(0.0161893828098991,-0.0264732549983167,0.0432487414038443));
#1868=CARTESIAN_POINT('',(0.0158416673585818,-0.027822432594557,0.0447114710253679));
#1869=CARTESIAN_POINT('',(0.0170807929722286,-0.0265913331290496,0.0436240061888123));
#1870=CARTESIAN_POINT('',(0.0169312429493924,-0.0272914400881004,0.0441478565716198));
#1871=CARTESIAN_POINT('',(0.016787348053336,-0.0278893798259218,0.0447834820468436));
#1872=CARTESIAN_POINT('',(0.0173622277634998,-0.0275291003911905,0.0444043946024361));
#1873=CARTESIAN_POINT('',(0.0173140074691514,-0.0277254896961449,0.0446113118796931));
#1874=CARTESIAN_POINT('',(0.0172657871979487,-0.0279220250175635,0.0448180904060902));
#1875=CARTESIAN_POINT('',(0.0175,-0.0279380627555823,0.0448349759471664));
#1876=CARTESIAN_POINT('',(0.0175,-0.0279380627555825,0.0448349759471666));
#1877=CARTESIAN_POINT('',(0.0175,-0.0279380627555826,0.0448349759471668));
#1878=CARTESIAN_POINT('',(-0.023,0.0182282962001242,0.0328821458011275));
#1879=CARTESIAN_POINT('',(-0.023,0.0171817247117021,0.0498499001640248));
#1880=CARTESIAN_POINT('',(-0.023,0.0146440359103271,0.0495));
#1881=CARTESIAN_POINT('',(-0.023,0.0146440359103271,0.0495));
#1882=CARTESIAN_POINT('',(-0.023,0.0146440359103271,0.0495));
#1883=CARTESIAN_POINT('',(-0.03,0.0171817247117021,0.0498499001640248));
#1884=CARTESIAN_POINT('',(-0.03,0.017612665912817,0.0428631777793024));
#1885=CARTESIAN_POINT('',(-0.023,0.017612665912817,0.0428631777793024));
#1886=CARTESIAN_POINT('',(-0.03,0.0194564769893988,0.0499902069380395));
#1887=CARTESIAN_POINT('',(-0.0300000000000335,0.0199446828775728,0.0430070166405898));
#1888=CARTESIAN_POINT('',(-0.0230000000000277,0.0199446828775688,0.0430070166405699));
#1889=CARTESIAN_POINT('',(-0.03,0.0228647270267286,0.0502418928557931));
#1890=CARTESIAN_POINT('',(-0.0299999999999925,0.0234460050692581,0.0432654088159367));
#1891=CARTESIAN_POINT('',(-0.0229999999999938,0.0234460050692575,0.043265408815945));
#1892=CARTESIAN_POINT('',(-0.03,0.0273992815482537,0.0506816252055168));
#1893=CARTESIAN_POINT('',(-0.0300000000000014,0.0281341642594259,0.0437199337149584));
#1894=CARTESIAN_POINT('',(-0.0230000000000012,0.0281341642594282,0.0437199337149512));
#1895=CARTESIAN_POINT('',(-0.03,0.0307943995988511,0.0510727855243999));
#1896=CARTESIAN_POINT('',(-0.0299999999999996,0.0316665099167251,0.044126760657143));
#1897=CARTESIAN_POINT('',(-0.0229999999999997,0.0316665099167157,0.0441267606571672));
#1898=CARTESIAN_POINT('',(-0.03,0.0341825610761432,0.0515391450082924));
#1899=CARTESIAN_POINT('',(-0.0300000000000001,0.0352265545020022,0.0446165382626891));
#1900=CARTESIAN_POINT('',(-0.023,0.0352265545020376,0.0446165382625997));
#1901=CARTESIAN_POINT('',(-0.03,0.0369914212820812,0.0520076515957712));
#1902=CARTESIAN_POINT('',(-0.03,0.0382266419499043,0.0451163131571482));
#1903=CARTESIAN_POINT('',(-0.0230000000000001,0.0382266419498001,0.0451163131574112));
#1904=CARTESIAN_POINT('',(-0.03,0.0392276476658724,0.052452103649956));
#1905=CARTESIAN_POINT('',(-0.0299999999999999,0.0406757517713799,0.0456026410349103));
#1906=CARTESIAN_POINT('',(-0.0229999999999999,0.0406757517715604,0.0456026410344548));
#1907=CARTESIAN_POINT('',(-0.0300000000000001,0.0408951546592942,0.052830287689084));
#1908=CARTESIAN_POINT('',(-0.0300000000000003,0.0425535309730186,0.0460282848475015));
#1909=CARTESIAN_POINT('',(-0.0230000000000006,0.0425535309723296,0.04602828484924));
#1910=CARTESIAN_POINT('',(-0.03,0.0422695403342958,0.0531946608216519));
#1911=CARTESIAN_POINT('',(-0.0299999999999991,0.0441724665462172,0.0464556032031));
#1912=CARTESIAN_POINT('',(-0.0229999999999984,0.0441724665482486,0.0464556031979743));
#1913=CARTESIAN_POINT('',(-0.03,0.0433552939864991,0.0535336444350565));
#1914=CARTESIAN_POINT('',(-0.0300000000000016,0.0455624506774216,0.0468890681995649));
#1915=CARTESIAN_POINT('',(-0.0230000000000027,0.0455624506739029,0.0468890682084434));
#1916=CARTESIAN_POINT('',(-0.03,0.0438916349991585,0.0537253818682044));
#1917=CARTESIAN_POINT('',(-0.0299999999999965,0.0463165857312607,0.0471565616529215));
#1918=CARTESIAN_POINT('',(-0.0229999999999941,0.0463165857390418,0.047156561633288));
#1919=CARTESIAN_POINT('',(-0.03,0.0441569953492986,0.053830844798305));
#1920=CARTESIAN_POINT('',(-0.03,0.0467423279549831,0.0473257656044762));
#1921=CARTESIAN_POINT('',(-0.023,0.0467423279549831,0.0473257656044762));
#1922=CARTESIAN_POINT('',(-0.0230000000000918,0.0465042058175351,0.0472329648089921));
#1923=CARTESIAN_POINT('',(-0.023417523478837,0.0465042058220245,0.0472329648107081));
#1924=CARTESIAN_POINT('',(-0.0242278778296287,0.0463473414067275,0.0472564475456797));
#1925=CARTESIAN_POINT('',(-0.0255104577292289,0.0456536481183713,0.0473636396158248));
#1926=CARTESIAN_POINT('',(-0.0265865039399279,0.0445026392519698,0.0475472064863984));
#1927=CARTESIAN_POINT('',(-0.0274377097555586,0.0430619889295744,0.0477726380953894));
#1928=CARTESIAN_POINT('',(-0.0280690627934212,0.0415340971565917,0.0479998627248435));
#1929=CARTESIAN_POINT('',(-0.0285564502215822,0.0399103583991964,0.0482259077560727));
#1930=CARTESIAN_POINT('',(-0.029081200892837,0.037535954680149,0.0485320967426276));
#1931=CARTESIAN_POINT('',(-0.0295090263417153,0.0343466557655411,0.0488921385294519));
#1932=CARTESIAN_POINT('',(-0.0297796278425568,0.0306723842509127,0.0492413095619621));
#1933=CARTESIAN_POINT('',(-0.0299267606176208,0.0269235047902926,0.049543501682078));
#1934=CARTESIAN_POINT('',(-0.0299904333205931,0.0231972699151229,0.0497971270873696));
#1935=CARTESIAN_POINT('',(-0.03,0.0207014138142384,0.049936698405448));
#1936=CARTESIAN_POINT('',(-0.03,0.0194597696925532,0.05));
#1937=CARTESIAN_POINT('',(-0.023,-0.045,0.0495));
#1938=CARTESIAN_POINT('',(-0.023,-0.0225,0.0495));
#1939=CARTESIAN_POINT('',(-0.0230000000000918,0.0465042058175351,0.0472329648089921));
#1940=CARTESIAN_POINT('',(-0.0230000000000918,0.0468679889144907,0.0473720261377625));
#1941=CARTESIAN_POINT('',(-0.0230000000000918,0.0472280719828861,0.0475213322509053));
#1942=CARTESIAN_POINT('',(-0.0230000000000918,0.0479338804040679,0.0478510042561159));
#1943=CARTESIAN_POINT('',(-0.0230000000000919,0.0482801888936516,0.0480309827973314));
#1944=CARTESIAN_POINT('',(-0.0230000000000919,0.0487754773854282,0.0483408891727595));
#1945=CARTESIAN_POINT('',(-0.0230000000000919,0.0489364521187582,0.0484509700672289));
#1946=CARTESIAN_POINT('',(-0.0230000000000919,0.0492437742832223,0.0486902719202029));
#1947=CARTESIAN_POINT('',(-0.0230000000000918,0.0493904033097716,0.0488195050751578));
#1948=CARTESIAN_POINT('',(-0.0230000000000918,0.0496548100462642,0.0491055144584043));
#1949=CARTESIAN_POINT('',(-0.0230000000000919,0.0497730861659481,0.049262853236353));
#1950=CARTESIAN_POINT('',(-0.0230000000000919,0.0499033784624642,0.0495243146682562));
#1951=CARTESIAN_POINT('',(-0.0230000000000919,0.0499386925247082,0.0496157000525056));
#1952=CARTESIAN_POINT('',(-0.0230000000000919,0.0499870328137847,0.0498043565892434));
#1953=CARTESIAN_POINT('',(-0.0230000000000918,0.0499999022426907,0.0499014940557112));
#1954=CARTESIAN_POINT('',(-0.0230000000000918,0.0500000966290891,0.0500962452678149));
#1955=CARTESIAN_POINT('',(-0.0230000000000919,0.0499873812922358,0.0501936350593587));
#1956=CARTESIAN_POINT('',(-0.0230000000000919,0.0499393496382476,0.0503823704100938));
#1957=CARTESIAN_POINT('',(-0.0230000000000919,0.0499041942411151,0.0504737532200488));
#1958=CARTESIAN_POINT('',(-0.0230000000000919,0.0497742516676885,0.0507353886353037));
#1959=CARTESIAN_POINT('',(-0.0230000000000919,0.0496561421379807,0.050892824275296));
#1960=CARTESIAN_POINT('',(-0.0230000000000919,0.0493919539493932,0.0511790355444986));
#1961=CARTESIAN_POINT('',(-0.0230000000000919,0.0492454027838486,0.0513083456698717));
#1962=CARTESIAN_POINT('',(-0.0230000000000919,0.0489381909097629,0.0515477890953996));
#1963=CARTESIAN_POINT('',(-0.0230000000000919,0.0487772562688724,0.0516579273038461));
#1964=CARTESIAN_POINT('',(-0.0230000000000919,0.048282062331758,0.0519679847441094));
#1965=CARTESIAN_POINT('',(-0.0230000000000918,0.0479357845300433,0.0521480355716473));
#1966=CARTESIAN_POINT('',(-0.0230000000000918,0.0472300302526883,0.0524778234707978));
#1967=CARTESIAN_POINT('',(-0.0230000000000919,0.0468699656835086,0.0526271742328662));
#1968=CARTESIAN_POINT('',(-0.0230000000000919,0.0465061968193269,0.0527662739818799));
#1969=CARTESIAN_POINT('',(-0.0231244280250343,0.046504205818873,0.0472329648095035));
#1970=CARTESIAN_POINT('',(-0.0231373916195433,0.0468678055201377,0.0473719560194743));
#1971=CARTESIAN_POINT('',(-0.023124440256083,0.0472280719840909,0.0475213322514283));
#1972=CARTESIAN_POINT('',(-0.0231244524871317,0.0479338804051341,0.0478510042566538));
#1973=CARTESIAN_POINT('',(-0.0231244586026561,0.0482801888946269,0.0480309827978666));
#1974=CARTESIAN_POINT('',(-0.0231244677759426,0.0487754773862506,0.0483408891732789));
#1975=CARTESIAN_POINT('',(-0.0231244708337047,0.0489364521195268,0.0484509700677412));
#1976=CARTESIAN_POINT('',(-0.0231244769492291,0.0492437742838806,0.0486902719206975));
#1977=CARTESIAN_POINT('',(-0.0231244800069912,0.0493904033103733,0.048819505075642));
#1978=CARTESIAN_POINT('',(-0.0231244861225155,0.0496548100467525,0.0491055144588648));
#1979=CARTESIAN_POINT('',(-0.0231244891802777,0.0497730861663795,0.0492628532368002));
#1980=CARTESIAN_POINT('',(-0.0231244937669209,0.0499033784628122,0.0495243146686821));
#1981=CARTESIAN_POINT('',(-0.0231244952958021,0.0499386925250287,0.049615700052924));
#1982=CARTESIAN_POINT('',(-0.0231244983535642,0.0499870328140511,0.0498043565896466));
#1983=CARTESIAN_POINT('',(-0.0231244998824452,0.0499999022429305,0.0499014940561065));
#1984=CARTESIAN_POINT('',(-0.0231245029402074,0.0500000966292771,0.050096245268194));
#1985=CARTESIAN_POINT('',(-0.0231245044690885,0.0499873812923984,0.0501936350597296));
#1986=CARTESIAN_POINT('',(-0.0231245075268507,0.0499393496383612,0.0503823704104478));
#1987=CARTESIAN_POINT('',(-0.0231245090557318,0.049904194241205,0.0504737532203943));
#1988=CARTESIAN_POINT('',(-0.0231245136423751,0.04977425166771,0.0507353886356231));
#1989=CARTESIAN_POINT('',(-0.0231245167001372,0.0496561421379605,0.0508928242755975));
#1990=CARTESIAN_POINT('',(-0.0231245228156615,0.0493919539493,0.0511790355447641));
#1991=CARTESIAN_POINT('',(-0.0231245258734236,0.049245402783724,0.0513083456701188));
#1992=CARTESIAN_POINT('',(-0.023124531988948,0.0489381909095886,0.0515477890956104));
#1993=CARTESIAN_POINT('',(-0.0231245350467102,0.0487772562686797,0.0516579273040389));
#1994=CARTESIAN_POINT('',(-0.0231245442199966,0.0482820623315336,0.0519679847442491));
#1995=CARTESIAN_POINT('',(-0.023124550335521,0.0479357845298289,0.0521480355717532));
#1996=CARTESIAN_POINT('',(-0.0231245625665697,0.0472300302525777,0.0524778234708438));
#1997=CARTESIAN_POINT('',(-0.0231375270670379,0.0468697823913736,0.0526272443210332));
#1998=CARTESIAN_POINT('',(-0.0231245747976183,0.0465061968193266,0.05276627398188));
#1999=CARTESIAN_POINT('',(-0.0232482188666298,0.046497376054315,0.0472339905724834));
#2000=CARTESIAN_POINT('',(-0.0232738394061901,0.0468601028310093,0.0473732648495878));
#2001=CARTESIAN_POINT('',(-0.0232491800762956,0.0472198859964119,0.0475229076684456));
#2002=CARTESIAN_POINT('',(-0.0232499485167936,0.0479244849462016,0.0478527550501521));
#2003=CARTESIAN_POINT('',(-0.0232502710240893,0.0482702386018691,0.0480327081626609));
#2004=CARTESIAN_POINT('',(-0.0232506673522339,0.048764784465474,0.0483424452367438));
#2005=CARTESIAN_POINT('',(-0.0232507849598801,0.0489255266954291,0.0484524476164518));
#2006=CARTESIAN_POINT('',(-0.0232509907866698,0.0492324200926056,0.0486915526181425));
#2007=CARTESIAN_POINT('',(-0.0232510790058135,0.0493788525802465,0.048820667424665));
#2008=CARTESIAN_POINT('',(-0.0232512256705666,0.0496429162949815,0.0491064018751063));
#2009=CARTESIAN_POINT('',(-0.0232512840338704,0.0497610454310289,0.0492635837208961));
#2010=CARTESIAN_POINT('',(-0.0232513466920408,0.0498911792386659,0.0495247840087626));
#2011=CARTESIAN_POINT('',(-0.0232513633669944,0.0499264510484753,0.0496160781449441));
#2012=CARTESIAN_POINT('',(-0.0232513878128997,0.0499747338167845,0.0498045464930759));
#2013=CARTESIAN_POINT('',(-0.0232513955838514,0.0499875881304809,0.0499015871495581));
#2014=CARTESIAN_POINT('',(-0.0232514017399575,0.0499877823680612,0.0500961445225934));
#2015=CARTESIAN_POINT('',(-0.023251400122433,0.0499750820365492,0.050193437278953));
#2016=CARTESIAN_POINT('',(-0.0232513879757667,0.0499271076803622,0.050381984418748));
#2017=CARTESIAN_POINT('',(-0.0232513774466249,0.0498919944185411,0.0504732760165694));
#2018=CARTESIAN_POINT('',(-0.0232513332110802,0.0497622100987687,0.050734650191128));
#2019=CARTESIAN_POINT('',(-0.0232512871118308,0.049644247451501,0.0508919288585933));
#2020=CARTESIAN_POINT('',(-0.0232511649397901,0.0493804021584638,0.0511778651429284));
#2021=CARTESIAN_POINT('',(-0.0232510889529615,0.0492340474820447,0.0513070569274949));
#2022=CARTESIAN_POINT('',(-0.0232509075651769,0.0489272642687371,0.0515463035534285));
#2023=CARTESIAN_POINT('',(-0.023250802164221,0.0487665620670112,0.051656363298294));
#2024=CARTESIAN_POINT('',(-0.0232504424213961,0.0482721104886934,0.0519662516534775));
#2025=CARTESIAN_POINT('',(-0.0232501442559116,0.0479263872369341,0.0521462772772046));
#2026=CARTESIAN_POINT('',(-0.0232494244072105,0.0472218414651642,0.0524762411190529));
#2027=CARTESIAN_POINT('',(-0.0232741097408984,0.0468620763223908,0.0526259288685321));
#2028=CARTESIAN_POINT('',(-0.0232485116527535,0.0464993626345918,0.0527652420041422));
#2029=CARTESIAN_POINT('',(-0.0234917551870157,0.0464714481366031,0.0472379003894604));
#2030=CARTESIAN_POINT('',(-0.0235423012004221,0.0468299833414396,0.0473779492566596));
#2031=CARTESIAN_POINT('',(-0.0234967679563503,0.0471865405106134,0.0475282118156242));
#2032=CARTESIAN_POINT('',(-0.0235007614363363,0.0478847231777188,0.0478584337830559));
#2033=CARTESIAN_POINT('',(-0.0235024308145329,0.0482276062601261,0.048038265035654));
#2034=CARTESIAN_POINT('',(-0.0235044688895285,0.0487184098104147,0.0483474402621986));
#2035=CARTESIAN_POINT('',(-0.0235050709256661,0.048877998923176,0.0484571913257115));
#2036=CARTESIAN_POINT('',(-0.0235061184780761,0.0491827985935097,0.0486956716821754));
#2037=CARTESIAN_POINT('',(-0.0235065639943484,0.0493282894058941,0.0488244131135125));
#2038=CARTESIAN_POINT('',(-0.0235072966315511,0.0495907358104037,0.0491092741820568));
#2039=CARTESIAN_POINT('',(-0.0235075833512415,0.0497081873709321,0.0492659546734639));
#2040=CARTESIAN_POINT('',(-0.0235078821718418,0.0498375990631369,0.0495263112415368));
#2041=CARTESIAN_POINT('',(-0.0235079595936042,0.0498726801627312,0.049617309208697));
#2042=CARTESIAN_POINT('',(-0.0235080677183615,0.0499207040898065,0.0498051645072451));
#2043=CARTESIAN_POINT('',(-0.0235080984213563,0.0499334908658356,0.0499018887890569));
#2044=CARTESIAN_POINT('',(-0.0235081107600199,0.0499336846092644,0.0500958125650629));
#2045=CARTESIAN_POINT('',(-0.023508092382629,0.0499210514721995,0.0501927880754215));
#2046=CARTESIAN_POINT('',(-0.0235080088723427,0.0498733352566483,0.0503807220843456));
#2047=CARTESIAN_POINT('',(-0.0235079437394473,0.0498384123320658,0.0504717176563335));
#2048=CARTESIAN_POINT('',(-0.0235076817144155,0.04970934945393,0.0507322477523145));
#2049=CARTESIAN_POINT('',(-0.0235074194403887,0.0495920641419414,0.0508890249247413));
#2050=CARTESIAN_POINT('',(-0.0235067355281668,0.049329835947585,0.0511740876674949));
#2051=CARTESIAN_POINT('',(-0.0235063143090401,0.0491844228791268,0.0513029061327124));
#2052=CARTESIAN_POINT('',(-0.0235053152353177,0.048879733191738,0.0515415283767994));
#2053=CARTESIAN_POINT('',(-0.023504737380722,0.0487201839445792,0.0516513370405935));
#2054=CARTESIAN_POINT('',(-0.0235027716995763,0.0482294738154612,0.0519606645124384));
#2055=CARTESIAN_POINT('',(-0.0235011503728328,0.0478866200512888,0.0521405692528689));
#2056=CARTESIAN_POINT('',(-0.0234972526226429,0.0471884865336481,0.0524709101268165));
#2057=CARTESIAN_POINT('',(-0.0235428368838324,0.046831944644348,0.0526212190314508));
#2058=CARTESIAN_POINT('',(-0.0234923350414665,0.0464734181812835,0.0527613084471656));
#2059=CARTESIAN_POINT('',(-0.0236115006658062,0.0464523499834491,0.0472407844434576));
#2060=CARTESIAN_POINT('',(-0.0236738168641575,0.0468078399875972,0.0473813983072539));
#2061=CARTESIAN_POINT('',(-0.0236186816583123,0.0471618937015225,0.0475320599491614));
#2062=CARTESIAN_POINT('',(-0.023624396572285,0.0478552796512255,0.0478625316672932));
#2063=CARTESIAN_POINT('',(-0.0236267850475903,0.0481960178457968,0.0480422711004008));
#2064=CARTESIAN_POINT('',(-0.023629704094833,0.0486840267081948,0.04835104003712));
#2065=CARTESIAN_POINT('',(-0.0236305670452106,0.0488427549928871,0.0484606102744545));
#2066=CARTESIAN_POINT('',(-0.023632069830882,0.0491459921840209,0.0486986416216396));
#2067=CARTESIAN_POINT('',(-0.0236327096661759,0.0492907805546622,0.0488271148356333));
#2068=CARTESIAN_POINT('',(-0.0236337632373362,0.0495520209709608,0.0491113476292805));
#2069=CARTESIAN_POINT('',(-0.0236341763353341,0.0496689675452582,0.0492676670632488));
#2070=CARTESIAN_POINT('',(-0.0236346065935817,0.0497978412043154,0.0495274148101909));
#2071=CARTESIAN_POINT('',(-0.0236347179575872,0.0498327802414191,0.0496181988925141));
#2072=CARTESIAN_POINT('',(-0.0236348728408187,0.0498806113671906,0.0498056111866199));
#2073=CARTESIAN_POINT('',(-0.0236349163600448,0.049893347844635,0.0499021067241655));
#2074=CARTESIAN_POINT('',(-0.0236349318197598,0.049893541219334,0.0500955723825029));
#2075=CARTESIAN_POINT('',(-0.0236349037394871,0.0498809581241052,0.0501923185019183));
#2076=CARTESIAN_POINT('',(-0.0236347796750558,0.0498334341859804,0.050379809445266));
#2077=CARTESIAN_POINT('',(-0.0236346836908973,0.0497986530451865,0.050470591238035));
#2078=CARTESIAN_POINT('',(-0.0236342994571546,0.0496701276947248,0.0507305122442178));
#2079=CARTESIAN_POINT('',(-0.0236339169046679,0.0495533471875131,0.0508869282523759));
#2080=CARTESIAN_POINT('',(-0.023632924148816,0.049292324819974,0.051171362595163));
#2081=CARTESIAN_POINT('',(-0.0236323146116619,0.0491476141421002,0.0512999128803429));
#2082=CARTESIAN_POINT('',(-0.0236308722215911,0.0488444867853524,0.0515380863006718));
#2083=CARTESIAN_POINT('',(-0.0236300393686745,0.0486857982473474,0.0516477143069648));
#2084=CARTESIAN_POINT('',(-0.0236272103403216,0.0481978821761771,0.0519566361845771));
#2085=CARTESIAN_POINT('',(-0.02362488149693,0.0478571725097195,0.0521364498136174));
#2086=CARTESIAN_POINT('',(-0.0236192851184449,0.0471638327750939,0.0524670422137548));
#2087=CARTESIAN_POINT('',(-0.0236744833037586,0.0468097922951301,0.0526177512429732));
#2088=CARTESIAN_POINT('',(-0.0236122215750444,0.0464543079127099,0.0527584068679269));
#2089=CARTESIAN_POINT('',(-0.0239605125638036,0.0463787396558864,0.0472519341910952));
#2090=CARTESIAN_POINT('',(-0.0240565967829802,0.0467226795282164,0.0473946678300841));
#2091=CARTESIAN_POINT('',(-0.0239754165463754,0.0470669418269384,0.0475467339415795));
#2092=CARTESIAN_POINT('',(-0.0239872560626195,0.0477418543483889,0.0478780910420312));
#2093=CARTESIAN_POINT('',(-0.0239922026467682,0.0480743229293701,0.0480574721304536));
#2094=CARTESIAN_POINT('',(-0.0239982603108834,0.0485515441173359,0.0483646995577335));
#2095=CARTESIAN_POINT('',(-0.024000053834461,0.0487069471183203,0.048473586137283));
#2096=CARTESIAN_POINT('',(-0.0240031821625675,0.0490041442548826,0.0487099200607683));
#2097=CARTESIAN_POINT('',(-0.0240045169670965,0.0491462147609607,0.048837379374853));
#2098=CARTESIAN_POINT('',(-0.0240067205336454,0.049402785386408,0.049119232808271));
#2099=CARTESIAN_POINT('',(-0.0240075877318588,0.0495177744005617,0.0492741828693256));
#2100=CARTESIAN_POINT('',(-0.0240084904153475,0.0496445611656217,0.049531616392534));
#2101=CARTESIAN_POINT('',(-0.0240087237547308,0.0496789489143407,0.0496215867289665));
#2102=CARTESIAN_POINT('',(-0.0240090461681756,0.0497260317321611,0.0498073124046932));
#2103=CARTESIAN_POINT('',(-0.0240091352422371,0.0497385729126727,0.0499029365384688));
#2104=CARTESIAN_POINT('',(-0.0240091599699427,0.0497387648077775,0.0500946569265208));
#2105=CARTESIAN_POINT('',(-0.0240090955726878,0.0497263759680742,0.0501905291107819));
#2106=CARTESIAN_POINT('',(-0.0240088223661985,0.0496795982159311,0.0503763331928955));
#2107=CARTESIAN_POINT('',(-0.0240086135569641,0.0496453672376735,0.0504663016503355));
#2108=CARTESIAN_POINT('',(-0.0240077841766457,0.0495189267018304,0.0507239073705737));
#2109=CARTESIAN_POINT('',(-0.0240069655031306,0.0494041029829502,0.0508789535768834));
#2110=CARTESIAN_POINT('',(-0.0240048582820145,0.0491477496745794,0.0511610080409617));
#2111=CARTESIAN_POINT('',(-0.0240035713677056,0.0490057566227144,0.0512885445540384));
#2112=CARTESIAN_POINT('',(-0.024000538286024,0.0487086686975928,0.0515250212330013));
#2113=CARTESIAN_POINT('',(-0.0239987921186513,0.0485533049747159,0.0516339662161073));
#2114=CARTESIAN_POINT('',(-0.0239928757685945,0.0480761741734238,0.0519413492189321));
#2115=CARTESIAN_POINT('',(-0.0239880223484635,0.0477437311626951,0.0521208072014203));
#2116=CARTESIAN_POINT('',(-0.02397636703842,0.0470688539226424,0.0524522917569794));
#2117=CARTESIAN_POINT('',(-0.0240576444466099,0.0467245971720168,0.0526044092581071));
#2118=CARTESIAN_POINT('',(-0.0239616440382809,0.0463806514096767,0.0527471892589224));
#2119=CARTESIAN_POINT('',(-0.0241829767366188,0.0463076384603427,0.0472627490215357));
#2120=CARTESIAN_POINT('',(-0.0242985230812776,0.0466407652747234,0.0474074294647462));
#2121=CARTESIAN_POINT('',(-0.0242027917354156,0.0469755516472044,0.0475606861050075));
#2122=CARTESIAN_POINT('',(-0.0242185054085516,0.0476328637230372,0.0478927868285637));
#2123=CARTESIAN_POINT('',(-0.0242250714050805,0.0479574390862884,0.0480718124454809));
#2124=CARTESIAN_POINT('',(-0.0242331380832488,0.0484243434061547,0.048377580929146));
#2125=CARTESIAN_POINT('',(-0.024235532035133,0.0485765624020747,0.0484858244708443));
#2126=CARTESIAN_POINT('',(-0.0242397184803544,0.0488679691955991,0.0487205635307918));
#2127=CARTESIAN_POINT('',(-0.0242415109736914,0.0490074303387531,0.0488470708881734));
#2128=CARTESIAN_POINT('',(-0.0242444829249484,0.0492595118847645,0.0491266859809738));
#2129=CARTESIAN_POINT('',(-0.0242456599136999,0.0493726156737473,0.0492803458324667));
#2130=CARTESIAN_POINT('',(-0.0242468889017888,0.0494973907232694,0.0495355931511));
#2131=CARTESIAN_POINT('',(-0.0242472072494753,0.0495312466275659,0.0496247939376554));
#2132=CARTESIAN_POINT('',(-0.0242476468577252,0.0495776073378874,0.0498089232822112));
#2133=CARTESIAN_POINT('',(-0.0242477681182886,0.0495899599396751,0.0499037220707735));
#2134=CARTESIAN_POINT('',(-0.0242477990951892,0.0495901503307609,0.0500937893586612));
#2135=CARTESIAN_POINT('',(-0.0242477087311594,0.0495779489942121,0.050188833720858));
#2136=CARTESIAN_POINT('',(-0.0242473306810342,0.0495318911620916,0.0503730412274638));
#2137=CARTESIAN_POINT('',(-0.0242470429949387,0.0494981908720692,0.0504622405313056));
#2138=CARTESIAN_POINT('',(-0.0242459055278944,0.0493737598583634,0.0507176589877259));
#2139=CARTESIAN_POINT('',(-0.024244788996374,0.0492608205109614,0.0508714145444348));
#2140=CARTESIAN_POINT('',(-0.0242419367940104,0.0490089553996946,0.0511512301059071));
#2141=CARTESIAN_POINT('',(-0.0242402037020496,0.0488695714096236,0.0512778147528523));
#2142=CARTESIAN_POINT('',(-0.0242361351353289,0.0485782731294165,0.0515126971529025));
#2143=CARTESIAN_POINT('',(-0.024233799660569,0.0484260929322927,0.0516209996705015));
#2144=CARTESIAN_POINT('',(-0.0242259070602284,0.0479592766780119,0.051926926140724));
#2145=CARTESIAN_POINT('',(-0.0242194552488372,0.0476347241375225,0.0521060311523053));
#2146=CARTESIAN_POINT('',(-0.0242039659471494,0.0469774373155178,0.0524382656233742));
#2147=CARTESIAN_POINT('',(-0.024299814767261,0.0466426493975447,0.0525915774027734));
#2148=CARTESIAN_POINT('',(-0.024184369148704,0.0463095063021765,0.0527363084573553));
#2149=CARTESIAN_POINT('',(-0.0245994202308801,0.0461353283990267,0.0472892184467724));
#2150=CARTESIAN_POINT('',(-0.0247472475063211,0.0464437882713814,0.047438032604782));
#2151=CARTESIAN_POINT('',(-0.0246264306125055,0.0467565707405824,0.0475937125417506));
#2152=CARTESIAN_POINT('',(-0.0246477587775424,0.0473730596286133,0.0479272042028782));
#2153=CARTESIAN_POINT('',(-0.0246566761968386,0.0476792002391549,0.0481053521153094));
#2154=CARTESIAN_POINT('',(-0.0246677297592268,0.0481218315002501,0.0484077256698756));
#2155=CARTESIAN_POINT('',(-0.0246710312686661,0.0482665255174598,0.0485144849777126));
#2156=CARTESIAN_POINT('',(-0.0246768458502663,0.0485441869779729,0.0487455390650889));
#2157=CARTESIAN_POINT('',(-0.0246793589224274,0.0486774200669512,0.048869845350264));
#2158=CARTESIAN_POINT('',(-0.0246835742149066,0.0489187370350044,0.0491442533480036));
#2159=CARTESIAN_POINT('',(-0.0246852716614992,0.0490272902781642,0.0492948974386318));
#2160=CARTESIAN_POINT('',(-0.0246870613456589,0.0491471926345715,0.0495449998387995));
#2161=CARTESIAN_POINT('',(-0.0246875281543616,0.0491797567194491,0.0496323846518435));
#2162=CARTESIAN_POINT('',(-0.0246881743119224,0.0492243618514502,0.0498127392558376));
#2163=CARTESIAN_POINT('',(-0.0246883536607806,0.0492362549817797,0.0499055829328266));
#2164=CARTESIAN_POINT('',(-0.0246883969441761,0.0492364412255961,0.0500917338523787));
#2165=CARTESIAN_POINT('',(-0.0246882607233374,0.049224696303835,0.0501848167869791));
#2166=CARTESIAN_POINT('',(-0.0246877003594389,0.0491803878565809,0.0503652488858284));
#2167=CARTESIAN_POINT('',(-0.0246872762163791,0.0491479761364809,0.0504526331909345));
#2168=CARTESIAN_POINT('',(-0.0246856136081453,0.0490284113504109,0.0507029038968972));
#2169=CARTESIAN_POINT('',(-0.0246839997697433,0.0489200198371422,0.0508536424369035));
#2170=CARTESIAN_POINT('',(-0.0246799493097499,0.0486789161787104,0.0511282491108314));
#2171=CARTESIAN_POINT('',(-0.0246775176739976,0.0485457591357693,0.0512526326898861));
#2172=CARTESIAN_POINT('',(-0.0246718639826335,0.048268204027648,0.0514838310625497));
#2173=CARTESIAN_POINT('',(-0.0246686419270217,0.0481235475458179,0.0515906504864417));
#2174=CARTESIAN_POINT('',(-0.0246578237178735,0.047680998906394,0.0518931870787841));
#2175=CARTESIAN_POINT('',(-0.0246490590698414,0.047374875227027,0.0520714198461193));
#2176=CARTESIAN_POINT('',(-0.0246280271507138,0.0467583906496072,0.052405059099984));
#2177=CARTESIAN_POINT('',(-0.0247489967472083,0.0464455919427395,0.0525608024875277));
#2178=CARTESIAN_POINT('',(-0.0246012984749558,0.0461370945195562,0.0527096765918917));
#2179=CARTESIAN_POINT('',(-0.0247905652888369,0.0460358057803648,0.047304615586258));
#2180=CARTESIAN_POINT('',(-0.0249508247044529,0.0463306566142447,0.0474555302492688));
#2181=CARTESIAN_POINT('',(-0.0248191350418893,0.0466311253089732,0.0476123970397001));
#2182=CARTESIAN_POINT('',(-0.0248416235375527,0.0472247586057542,0.0479465049183328));
#2183=CARTESIAN_POINT('',(-0.0248510312929046,0.0475205106296839,0.0481241454153003));
#2184=CARTESIAN_POINT('',(-0.0248627726949319,0.0479493692059132,0.0484246355720042));
#2185=CARTESIAN_POINT('',(-0.0248662967369384,0.048089775765288,0.0485305762732628));
#2186=CARTESIAN_POINT('',(-0.0248725363029603,0.0483595739658515,0.0487595930196431));
#2187=CARTESIAN_POINT('',(-0.0248752518269757,0.0484892265777911,0.0488826803679203));
#2188=CARTESIAN_POINT('',(-0.0248798453563625,0.0487243291781339,0.0491541850263268));
#2189=CARTESIAN_POINT('',(-0.0248817171888129,0.0488302400172401,0.0493031388021563));
#2190=CARTESIAN_POINT('',(-0.0248837049584596,0.0489473043007462,0.049550337238158));
#2191=CARTESIAN_POINT('',(-0.0248842261372447,0.0489791141338153,0.049636694193304));
#2192=CARTESIAN_POINT('',(-0.0248849495225534,0.0490226934184615,0.049814907834626));
#2193=CARTESIAN_POINT('',(-0.0248851517290769,0.0490343175563352,0.0499066406262378));
#2194=CARTESIAN_POINT('',(-0.0248852010197943,0.0490345011350467,0.0500905660384212));
#2195=CARTESIAN_POINT('',(-0.0248850479030711,0.0490230232027857,0.0501825342473095));
#2196=CARTESIAN_POINT('',(-0.0248844220953864,0.0489797365541957,0.0503608249559778));
#2197=CARTESIAN_POINT('',(-0.024883949404425,0.048948076971736,0.0504471819781943));
#2198=CARTESIAN_POINT('',(-0.0248821058950717,0.0488313459269014,0.0506945469332879));
#2199=CARTESIAN_POINT('',(-0.0248803287856758,0.0487255949239476,0.0508435943287435));
#2200=CARTESIAN_POINT('',(-0.0248759215545669,0.0484907033348881,0.0511152963956335));
#2201=CARTESIAN_POINT('',(-0.0248732978800597,0.0483611259432642,0.0512384609282788));
#2202=CARTESIAN_POINT('',(-0.0248672393515595,0.0480914326165826,0.0514676222646917));
#2203=CARTESIAN_POINT('',(-0.0248638044975665,0.0479510628125799,0.0515736236172572));
#2204=CARTESIAN_POINT('',(-0.0248523265739879,0.0475222837952962,0.0518742793403154));
#2205=CARTESIAN_POINT('',(-0.0248430888684281,0.0472265456622539,0.0520520075588046));
#2206=CARTESIAN_POINT('',(-0.0248209276683647,0.0466329061592829,0.052386270359737));
#2207=CARTESIAN_POINT('',(-0.024952784586327,0.0463324139233385,0.0525432050324422));
#2208=CARTESIAN_POINT('',(-0.0247926651049771,0.0460375150822886,0.0526941845784073));
#2209=CARTESIAN_POINT('',(-0.0251473103185818,0.0458188526008246,0.0473384346997534));
#2210=CARTESIAN_POINT('',(-0.0253266157934866,0.0460860703078381,0.0474930844953024));
#2211=CARTESIAN_POINT('',(-0.0251767869528637,0.0463612146994351,0.0476519733766449));
#2212=CARTESIAN_POINT('',(-0.025199799126891,0.0469076232979882,0.0479868857852169));
#2213=CARTESIAN_POINT('',(-0.0252094400682161,0.0471817125068439,0.0481634101900066));
#2214=CARTESIAN_POINT('',(-0.0252216880899014,0.0475815782121149,0.0484600040592339));
#2215=CARTESIAN_POINT('',(-0.0252254098907558,0.0477129080268298,0.0485642670104451));
#2216=CARTESIAN_POINT('',(-0.025232087644807,0.0479659682690629,0.0487890984190098));
#2217=CARTESIAN_POINT('',(-0.0252350435980038,0.0480879489425067,0.0489096777150056));
#2218=CARTESIAN_POINT('',(-0.0252401455551641,0.0483096622140212,0.0491751571477437));
#2219=CARTESIAN_POINT('',(-0.0252422821762878,0.0484098361320951,0.0493205801865287));
#2220=CARTESIAN_POINT('',(-0.0252445880337403,0.0485207144093102,0.0495616591434711));
#2221=CARTESIAN_POINT('',(-0.0252451995903389,0.0485508750672284,0.0496458425888736));
#2222=CARTESIAN_POINT('',(-0.0252460536277557,0.0485922090357259,0.0498195173006133));
#2223=CARTESIAN_POINT('',(-0.0252462961085739,0.0486032430043979,0.0499088897639436));
#2224=CARTESIAN_POINT('',(-0.0252463570437539,0.0486034201025552,0.0500880859297211));
#2225=CARTESIAN_POINT('',(-0.0252461751927216,0.0485925273779902,0.0501776849825376));
#2226=CARTESIAN_POINT('',(-0.0252454414947264,0.0485514760390537,0.0503514357104271));
#2227=CARTESIAN_POINT('',(-0.0252448896477636,0.0485214604297624,0.0504356204892063));
#2228=CARTESIAN_POINT('',(-0.02524276107495,0.048410904442344,0.0506768616550113));
#2229=CARTESIAN_POINT('',(-0.025240740418281,0.0483108854002446,0.050822376198551));
#2230=CARTESIAN_POINT('',(-0.0252358655229913,0.0480893768704402,0.0510880495679825));
#2231=CARTESIAN_POINT('',(-0.0252330210841235,0.0479674691418132,0.05120870544491));
#2232=CARTESIAN_POINT('',(-0.0252265621897562,0.0477145099709763,0.0514336812973396));
#2233=CARTESIAN_POINT('',(-0.0252229477342567,0.0475832150927916,0.0515380056347026));
#2234=CARTESIAN_POINT('',(-0.0252110152915315,0.0471834225355393,0.0518347691805608));
#2235=CARTESIAN_POINT('',(-0.0252015758910295,0.0469093415911004,0.0520113864744147));
#2236=CARTESIAN_POINT('',(-0.0251789463485726,0.0463629081704559,0.0523464672390065));
#2237=CARTESIAN_POINT('',(-0.0253289675196248,0.046087727580715,0.0525054322161603));
#2238=CARTESIAN_POINT('',(-0.0251498201381412,0.0458204439816253,0.0526601559466358));
#2239=CARTESIAN_POINT('',(-0.0253136638715801,0.045700717475597,0.0473569658166422));
#2240=CARTESIAN_POINT('',(-0.0254996810315814,0.0459538091426206,0.0475132803284761));
#2241=CARTESIAN_POINT('',(-0.0253426713383398,0.0462158538061994,0.0476730198223477));
#2242=CARTESIAN_POINT('',(-0.0253651935497509,0.0467377403959378,0.0480081292252159));
#2243=CARTESIAN_POINT('',(-0.0253746384739468,0.0470004916738533,0.0481840382600731));
#2244=CARTESIAN_POINT('',(-0.0253867786534068,0.0473850607562762,0.0484785981679104));
#2245=CARTESIAN_POINT('',(-0.0253904970861811,0.0475115789914075,0.0485819931130693));
#2246=CARTESIAN_POINT('',(-0.0253972247472491,0.0477557263211136,0.0488046560422115));
#2247=CARTESIAN_POINT('',(-0.0254002339755428,0.0478735996117125,0.0489239346028039));
#2248=CARTESIAN_POINT('',(-0.0254054906105937,0.048088112449754,0.0491862670716099));
#2249=CARTESIAN_POINT('',(-0.0254077268237875,0.048185182299882,0.049329836230572));
#2250=CARTESIAN_POINT('',(-0.0254101618855714,0.0482927030943598,0.049567678797997));
#2251=CARTESIAN_POINT('',(-0.0254108117535933,0.0483219664420034,0.0496507095186364));
#2252=CARTESIAN_POINT('',(-0.025411722295385,0.0483620777600921,0.0498219720031957));
#2253=CARTESIAN_POINT('',(-0.0254119829691546,0.0483727897573352,0.0499100878362695));
#2254=CARTESIAN_POINT('',(-0.0254120495666679,0.0483729630428074,0.0500867658888556));
#2255=CARTESIAN_POINT('',(-0.0254118551260819,0.0483623893338853,0.0501751033245105));
#2256=CARTESIAN_POINT('',(-0.0254110759517721,0.0483225546928442,0.0503464412037338));
#2257=CARTESIAN_POINT('',(-0.0254104912180485,0.0482934333085396,0.0504294739506988));
#2258=CARTESIAN_POINT('',(-0.0254082493554924,0.0481862281935174,0.0506674762100647));
#2259=CARTESIAN_POINT('',(-0.0254061392823847,0.048089310156553,0.0508111355952668));
#2260=CARTESIAN_POINT('',(-0.0254011291026161,0.0478749980924441,0.0510736598142929));
#2261=CARTESIAN_POINT('',(-0.0253982406868886,0.047757196296714,0.0511930144728998));
#2262=CARTESIAN_POINT('',(-0.0253917496495425,0.0475131477083873,0.051415821421412));
#2263=CARTESIAN_POINT('',(-0.0253881470279238,0.0473866633650814,0.0515192779677266));
#2264=CARTESIAN_POINT('',(-0.0253763465229238,0.0470021640534675,0.0518140091867298));
#2265=CARTESIAN_POINT('',(-0.0253671174218654,0.0467394184192485,0.0519900134556063));
#2266=CARTESIAN_POINT('',(-0.0253450022369689,0.0462174987936509,0.0523252974243253));
#2267=CARTESIAN_POINT('',(-0.0255022148218026,0.0459554124984182,0.0524851168574896));
#2268=CARTESIAN_POINT('',(-0.0253163630015136,0.0457022474002275,0.0526415094900705));
#2269=CARTESIAN_POINT('',(-0.0256237053174541,0.045453269239014,0.0473959562007651));
#2270=CARTESIAN_POINT('',(-0.0258187618350983,0.0456789592727978,0.0475548641082587));
#2271=CARTESIAN_POINT('',(-0.0256511194647741,0.0459152729854684,0.0477158091637931));
#2272=CARTESIAN_POINT('',(-0.0256721153012762,0.0463886710588115,0.0480507736627821));
#2273=CARTESIAN_POINT('',(-0.0256809413353065,0.0466287737818154,0.0482253869979735));
#2274=CARTESIAN_POINT('',(-0.0256926157226448,0.0469824744514764,0.0485159137582063));
#2275=CARTESIAN_POINT('',(-0.0256962593609914,0.047099225526094,0.0486176054337367));
#2276=CARTESIAN_POINT('',(-0.0257029798140542,0.0473251791894286,0.0488360017873895));
#2277=CARTESIAN_POINT('',(-0.0257060566287703,0.0474346127743847,0.0489527164704126));
#2278=CARTESIAN_POINT('',(-0.0257115722591406,0.0476342503696423,0.0492087866756192));
#2279=CARTESIAN_POINT('',(-0.025713995930562,0.0477248606448451,0.0493486407548187));
#2280=CARTESIAN_POINT('',(-0.0257166822704452,0.0478253687787016,0.0495799375730832));
#2281=CARTESIAN_POINT('',(-0.0257174078742876,0.0478527525023647,0.0496606285528062));
#2282=CARTESIAN_POINT('',(-0.0257184307048401,0.0478903002977528,0.0498269820492706));
#2283=CARTESIAN_POINT('',(-0.0257187279315501,0.0479003357461786,0.0499125349016979));
#2284=CARTESIAN_POINT('',(-0.0257188053162762,0.0479005003788759,0.0500840763846859));
#2285=CARTESIAN_POINT('',(-0.0257185849813755,0.0478905964355943,0.0501698399385307));
#2286=CARTESIAN_POINT('',(-0.0257177144508018,0.0478533116751744,0.0503362673911147));
#2287=CARTESIAN_POINT('',(-0.025717064255129,0.0478260628627256,0.0504169618471211));
#2288=CARTESIAN_POINT('',(-0.0257146011675852,0.0477258550648021,0.0506484126181372));
#2289=CARTESIAN_POINT('',(-0.0257123227453963,0.0476353893606997,0.0507883538863665));
#2290=CARTESIAN_POINT('',(-0.0257070897821577,0.0474359429808935,0.0510446104107092));
#2291=CARTESIAN_POINT('',(-0.0257041510582531,0.0473265773853382,0.0511613997252364));
#2292=CARTESIAN_POINT('',(-0.0256977000942991,0.0471007170222544,0.0513799381811936));
#2293=CARTESIAN_POINT('',(-0.0256941878542497,0.0469839975445955,0.0514816913489568));
#2294=CARTESIAN_POINT('',(-0.0256828973125236,0.0466303598836205,0.0517723910048236));
#2295=CARTESIAN_POINT('',(-0.0256743129961356,0.046390258361091,0.0519471030388082));
#2296=CARTESIAN_POINT('',(-0.0256537678786313,0.0459168144918379,0.0522822516887898));
#2297=CARTESIAN_POINT('',(-0.0258216315465239,0.0456804511364306,0.052443282769843));
#2298=CARTESIAN_POINT('',(-0.0256267529506727,0.0454546768921353,0.0526022752758445));
#2299=CARTESIAN_POINT('',(-0.0257668877246501,0.0453244630682256,0.0474163331619628));
#2300=CARTESIAN_POINT('',(-0.0259642853326695,0.0455368872326745,0.0475761585954881));
#2301=CARTESIAN_POINT('',(-0.0257932028686391,0.0457605782321961,0.0477374542122768));
#2302=CARTESIAN_POINT('',(-0.0258131823853245,0.0462100243889135,0.0480720781848984));
#2303=CARTESIAN_POINT('',(-0.025821593908037,0.04643882256916,0.0482460169500438));
#2304=CARTESIAN_POINT('',(-0.0258329203651058,0.0467769587491986,0.0485345582367479));
#2305=CARTESIAN_POINT('',(-0.0258364954964884,0.046888756372728,0.0486354200651231));
#2306=CARTESIAN_POINT('',(-0.0258431638329508,0.0471054329347035,0.0488517304236827));
#2307=CARTESIAN_POINT('',(-0.0258462570380306,0.0472105357195048,0.0489671886490922));
#2308=CARTESIAN_POINT('',(-0.0258518803041979,0.0474025009435164,0.0492201577689481));
#2309=CARTESIAN_POINT('',(-0.0258543930811067,0.0474897566271616,0.0493581581779719));
#2310=CARTESIAN_POINT('',(-0.0258572027244509,0.0475866105008341,0.0495861572479577));
#2311=CARTESIAN_POINT('',(-0.0258579660577044,0.0476130121407857,0.0496656651347687));
#2312=CARTESIAN_POINT('',(-0.0258590450729832,0.0476492193720573,0.0498295297695086));
#2313=CARTESIAN_POINT('',(-0.0258593607550084,0.0476589003212756,0.0499137802474952));
#2314=CARTESIAN_POINT('',(-0.0258594432456582,0.047659060118428,0.0500827112258173));
#2315=CARTESIAN_POINT('',(-0.0258592094917147,0.047649506851508,0.0501671664908055));
#2316=CARTESIAN_POINT('',(-0.0258582926431001,0.047613554974723,0.0503311042639783));
#2317=CARTESIAN_POINT('',(-0.0258576095484289,0.0475872842836881,0.0504106163836098));
#2318=CARTESIAN_POINT('',(-0.0258550372400375,0.0474907220263689,0.0506387661821934));
#2319=CARTESIAN_POINT('',(-0.0258526786092408,0.0474036067436166,0.0507768520196654));
#2320=CARTESIAN_POINT('',(-0.0258473547579244,0.0472118271623534,0.051030004209017));
#2321=CARTESIAN_POINT('',(-0.0258444075895812,0.0471067903203883,0.0511455360791938));
#2322=CARTESIAN_POINT('',(-0.025838023779238,0.0468902039653286,0.0513619870399425));
#2323=CARTESIAN_POINT('',(-0.025834587137238,0.0467784366974169,0.0514629100322227));
#2324=CARTESIAN_POINT('',(-0.0258236645183235,0.0464403601673458,0.0517516241494048));
#2325=CARTESIAN_POINT('',(-0.0258155062802443,0.046211561382177,0.0519256627205881));
#2326=CARTESIAN_POINT('',(-0.0257959967203203,0.0457620649164009,0.0522604741893348));
#2327=CARTESIAN_POINT('',(-0.0259673083121566,0.0455383217125995,0.0524218580567832));
#2328=CARTESIAN_POINT('',(-0.0257700939675591,0.0453258101126987,0.0525817703606379));
#2329=CARTESIAN_POINT('',(-0.0260343513067896,0.0450605564887972,0.0474581402334572));
#2330=CARTESIAN_POINT('',(-0.0262335834372174,0.0452478831209517,0.0476190719669149));
#2331=CARTESIAN_POINT('',(-0.0260595618554007,0.0454473661109796,0.04778059541743));
#2332=CARTESIAN_POINT('',(-0.0260783660239035,0.0458505108975792,0.0481140547775258));
#2333=CARTESIAN_POINT('',(-0.0260863061334666,0.0460572145406738,0.0482866156423146));
#2334=CARTESIAN_POINT('',(-0.0260973821800522,0.0463646082236726,0.0485713016186764));
#2335=CARTESIAN_POINT('',(-0.0261009538313567,0.0464665638557338,0.0486705680973684));
#2336=CARTESIAN_POINT('',(-0.0261077539782664,0.0466647067477047,0.0488828537230751));
#2337=CARTESIAN_POINT('',(-0.0261109824738715,0.0467611027292161,0.0489958819102322));
#2338=CARTESIAN_POINT('',(-0.0261169938821316,0.0469375650282587,0.0492427918882457));
#2339=CARTESIAN_POINT('',(-0.0261197549837992,0.0470179970469307,0.0493771440654447));
#2340=CARTESIAN_POINT('',(-0.0261228846455498,0.0471073932254513,0.0495985935133437));
#2341=CARTESIAN_POINT('',(-0.0261237424250048,0.0471317854693397,0.0496757436471672));
#2342=CARTESIAN_POINT('',(-0.0261249593766338,0.0471652476046289,0.0498346360734166));
#2343=CARTESIAN_POINT('',(-0.0261253185488075,0.0471742012756917,0.0499162792763018));
#2344=CARTESIAN_POINT('',(-0.0261254105608498,0.0471743506321008,0.0500799835059286));
#2345=CARTESIAN_POINT('',(-0.026125142690811,0.047165516344841,0.050161818961756));
#2346=CARTESIAN_POINT('',(-0.026124106226899,0.047132292903378,0.0503207827055357));
#2347=CARTESIAN_POINT('',(-0.0261233376330259,0.0471080230248407,0.0503979386041616));
#2348=CARTESIAN_POINT('',(-0.0261204713080842,0.0470188994418346,0.0506195316867921));
#2349=CARTESIAN_POINT('',(-0.0261178806810018,0.0469385986584426,0.0507539652945904));
#2350=CARTESIAN_POINT('',(-0.0261121992664627,0.0467623096844814,0.0510010507384173));
#2351=CARTESIAN_POINT('',(-0.0261091312591335,0.0466659751312991,0.0511141500271116));
#2352=CARTESIAN_POINT('',(-0.0261026429351601,0.0464679157703526,0.0513265719875215));
#2353=CARTESIAN_POINT('',(-0.026099222618516,0.0463659879209347,0.0514258982973165));
#2354=CARTESIAN_POINT('',(-0.0260885866408184,0.0460586474180895,0.0517107547779963));
#2355=CARTESIAN_POINT('',(-0.0260809207825414,0.0458519404095433,0.0518834159674629));
#2356=CARTESIAN_POINT('',(-0.0260626218785238,0.045448739789402,0.0522170655232662));
#2357=CARTESIAN_POINT('',(-0.0262368870030349,0.0452492021103271,0.0523786793873325));
#2358=CARTESIAN_POINT('',(-0.0260378488911894,0.0450617854851419,0.0525396998701978));
#2359=CARTESIAN_POINT('',(-0.0261587307281371,0.044925346462108,0.0474795867070368));
#2360=CARTESIAN_POINT('',(-0.0263574660582073,0.0451008160151394,0.0476407143691203));
#2361=CARTESIAN_POINT('',(-0.0261839540030217,0.0452886914705537,0.0478021190488154));
#2362=CARTESIAN_POINT('',(-0.0262026138081876,0.0456694486820464,0.0481347574396337));
#2363=CARTESIAN_POINT('',(-0.0262105031302368,0.0458653464474009,0.0483066141342852));
#2364=CARTESIAN_POINT('',(-0.0262216840388419,0.0461575430635074,0.0485894266163184));
#2365=CARTESIAN_POINT('',(-0.0262253228595692,0.0462546045962874,0.0486879259736817));
#2366=CARTESIAN_POINT('',(-0.0262323106085283,0.0464434813902175,0.0488982690247064));
#2367=CARTESIAN_POINT('',(-0.0262356595367601,0.046535497398099,0.0490101214131028));
#2368=CARTESIAN_POINT('',(-0.0262419539058481,0.046704122790728,0.0492540684989987));
#2369=CARTESIAN_POINT('',(-0.0262448751488541,0.046781083353788,0.0493866234970438));
#2370=CARTESIAN_POINT('',(-0.02624820245061,0.0468666737151888,0.049604816995294));
#2371=CARTESIAN_POINT('',(-0.0262491171788685,0.0468900380511987,0.0496807910854975));
#2372=CARTESIAN_POINT('',(-0.0262504161934262,0.0469220948606024,0.0498371973730231));
#2373=CARTESIAN_POINT('',(-0.0262508004797254,0.0469306755542245,0.0499175342668341));
#2374=CARTESIAN_POINT('',(-0.0262508969130585,0.0469308193054703,0.0500786194357275));
#2375=CARTESIAN_POINT('',(-0.0262506082724972,0.0469223535200365,0.0501591419629604));
#2376=CARTESIAN_POINT('',(-0.0262494982115871,0.0468905264243229,0.0503156185652927));
#2377=CARTESIAN_POINT('',(-0.0262486767912384,0.0468672798324041,0.0503915991961124));
#2378=CARTESIAN_POINT('',(-0.0262456247625137,0.0467819517652012,0.050609932460858));
#2379=CARTESIAN_POINT('',(-0.026242881436681,0.0467051174418692,0.0507425666537119));
#2380=CARTESIAN_POINT('',(-0.026236930913156,0.0465366586286325,0.0509866848553165));
#2381=CARTESIAN_POINT('',(-0.0262337489885108,0.0464447015805581,0.0510986067912182));
#2382=CARTESIAN_POINT('',(-0.0262270853397385,0.0462559047332894,0.0513090834154818));
#2383=CARTESIAN_POINT('',(-0.0262236036156114,0.0461588696502913,0.051407641602919));
#2384=CARTESIAN_POINT('',(-0.0262128790334328,0.0458667230982618,0.0516906223400788));
#2385=CARTESIAN_POINT('',(-0.0262052733700341,0.0456708210072722,0.0518625787806473));
#2386=CARTESIAN_POINT('',(-0.0261871348991325,0.045290006935611,0.0521954067452482));
#2387=CARTESIAN_POINT('',(-0.0263608970737796,0.0451020768576843,0.0523569017900263));
#2388=CARTESIAN_POINT('',(-0.0261623611575491,0.0449265179652818,0.0525181178245244));
#2389=CARTESIAN_POINT('',(-0.0263922532211028,0.0446506717977164,0.0475231020596596));
#2390=CARTESIAN_POINT('',(-0.0265883244598133,0.0448041270237617,0.047684106908026));
#2391=CARTESIAN_POINT('',(-0.026419670386159,0.0449701153979076,0.0478449384083758));
#2392=CARTESIAN_POINT('',(-0.0264397640596089,0.0453082697639993,0.0481755999181818));
#2393=CARTESIAN_POINT('',(-0.0264482696267178,0.0454833587839339,0.0483460337200193));
#2394=CARTESIAN_POINT('',(-0.0264605322714863,0.0457459708780794,0.0486251941014034));
#2395=CARTESIAN_POINT('',(-0.0264645621228949,0.045833448470158,0.0487222098557172));
#2396=CARTESIAN_POINT('',(-0.0264723697692855,0.046004082724793,0.048928784121617));
#2397=CARTESIAN_POINT('',(-0.0264761475642674,0.0460874236343495,0.0490383506133024));
#2398=CARTESIAN_POINT('',(-0.0264833144350724,0.0462404537313105,0.049276489957328));
#2399=CARTESIAN_POINT('',(-0.0264866743747085,0.0463104640497975,0.0494055022430484));
#2400=CARTESIAN_POINT('',(-0.0264905174250379,0.0463884123142383,0.0496172334419086));
#2401=CARTESIAN_POINT('',(-0.0264915765550853,0.04640970792866,0.0496908675151524));
#2402=CARTESIAN_POINT('',(-0.0264930804409457,0.0464389344365143,0.0498423182030363));
#2403=CARTESIAN_POINT('',(-0.0264935251967586,0.0464467627375537,0.0499200473473307));
#2404=CARTESIAN_POINT('',(-0.0264936297333738,0.0464468947655808,0.0500759036640226));
#2405=CARTESIAN_POINT('',(-0.0264932885658471,0.0464391719865087,0.0501538047224978));
#2406=CARTESIAN_POINT('',(-0.0264919890703176,0.0464101563668871,0.0503053235558623));
#2407=CARTESIAN_POINT('',(-0.0264910307423147,0.0463889688157923,0.0503789657038099));
#2408=CARTESIAN_POINT('',(-0.0264874845843811,0.046311261194247,0.050590828381741));
#2409=CARTESIAN_POINT('',(-0.0264843159471189,0.0462413665815431,0.0507199149523194));
#2410=CARTESIAN_POINT('',(-0.0264775177046942,0.0460884888194097,0.0509582156540312));
#2411=CARTESIAN_POINT('',(-0.0264739185303434,0.0460052016727279,0.051067848004354));
#2412=CARTESIAN_POINT('',(-0.0264664568850547,0.0458346399325515,0.0512745489934092));
#2413=CARTESIAN_POINT('',(-0.0264625944141168,0.0457471861059768,0.0513716208436215));
#2414=CARTESIAN_POINT('',(-0.0264508172709563,0.0454846181749759,0.0516509425532143));
#2415=CARTESIAN_POINT('',(-0.0264426124533379,0.0453095236416001,0.051821473009017));
#2416=CARTESIAN_POINT('',(-0.0264230704208179,0.0449713131929404,0.0521523182590266));
#2417=CARTESIAN_POINT('',(-0.0265919874573082,0.0448052724145121,0.0523132373784636));
#2418=CARTESIAN_POINT('',(-0.026396127624603,0.0446517321961142,0.0524743267814215));
#2419=CARTESIAN_POINT('',(-0.0265011516016005,0.0445117534181284,0.0475450816756655));
#2420=CARTESIAN_POINT('',(-0.0266950806847633,0.0446550206581008,0.0477057709897688));
#2421=CARTESIAN_POINT('',(-0.0265307970610983,0.0448107025871239,0.0478661528822837));
#2422=CARTESIAN_POINT('',(-0.0265525066733577,0.0451285955681841,0.0481956704713955));
#2423=CARTESIAN_POINT('',(-0.0265616949851396,0.045293662504169,0.0483653927409066));
#2424=CARTESIAN_POINT('',(-0.0265749533582643,0.0455418640825255,0.0486427864970702));
#2425=CARTESIAN_POINT('',(-0.026579312570013,0.0456246451068912,0.0487390899626255));
#2426=CARTESIAN_POINT('',(-0.0265877619383538,0.0457862913892541,0.0489438467030869));
#2427=CARTESIAN_POINT('',(-0.026591852094946,0.0458653323693902,0.0490523075888639));
#2428=CARTESIAN_POINT('',(-0.0265996147897368,0.0460105963895535,0.0492876112668558));
#2429=CARTESIAN_POINT('',(-0.0266032556402745,0.0460771250362608,0.0494148827110819));
#2430=CARTESIAN_POINT('',(-0.0266074191534675,0.0461512341383185,0.0496234146728582));
#2431=CARTESIAN_POINT('',(-0.0266085663247455,0.0461714882184636,0.0496958871561716));
#2432=CARTESIAN_POINT('',(-0.0266101938023951,0.0461992887901242,0.0498448731625732));
#2433=CARTESIAN_POINT('',(-0.0266106741087666,0.0462067374360585,0.0499213032624513));
#2434=CARTESIAN_POINT('',(-0.0266107823246028,0.0462068633467508,0.0500745545799136));
#2435=CARTESIAN_POINT('',(-0.0266104092026927,0.0461995153128976,0.0501511494944379));
#2436=CARTESIAN_POINT('',(-0.0266089930805154,0.0461719157856742,0.0503002024804619));
#2437=CARTESIAN_POINT('',(-0.026607950080248,0.0461517647101569,0.0503726837973113));
#2438=CARTESIAN_POINT('',(-0.0266040931338588,0.0460778849036793,0.0505813428212035));
#2439=CARTESIAN_POINT('',(-0.0266006495222024,0.0460114664264815,0.0507086858783607));
#2440=CARTESIAN_POINT('',(-0.0265932663734272,0.0458663472478668,0.0509441455120762));
#2441=CARTESIAN_POINT('',(-0.0265893599319653,0.0457873573056715,0.051052670125377));
#2442=CARTESIAN_POINT('',(-0.0265812661722273,0.0456257796989168,0.0512575495093076));
#2443=CARTESIAN_POINT('',(-0.0265770788539511,0.045543021094151,0.0513539073428265));
#2444=CARTESIAN_POINT('',(-0.0265643188699022,0.0452948609146929,0.0516314577673385));
#2445=CARTESIAN_POINT('',(-0.0265554389664514,0.0451297882568131,0.0518012741925126));
#2446=CARTESIAN_POINT('',(-0.0265342951691854,0.0448118410520372,0.0521309703459069));
#2447=CARTESIAN_POINT('',(-0.0266988479841049,0.044656108905883,0.0522914371808254));
#2448=CARTESIAN_POINT('',(-0.0265051368566312,0.0445127604132308,0.0524522076325122));
#2449=CARTESIAN_POINT('',(-0.0267060954693655,0.0442312945280991,0.0475893144431647));
#2450=CARTESIAN_POINT('',(-0.0268950387561416,0.0443559420972964,0.0477491793475583));
#2451=CARTESIAN_POINT('',(-0.0267430507179625,0.0444924467289737,0.047908528450144));
#2452=CARTESIAN_POINT('',(-0.0267702679891957,0.0447722454961791,0.0482356364566499));
#2453=CARTESIAN_POINT('',(-0.0267817698053071,0.0449182291119513,0.0484039354882324));
#2454=CARTESIAN_POINT('',(-0.0267981622229175,0.0451386856944429,0.0486778382836982));
#2455=CARTESIAN_POINT('',(-0.0268035145158846,0.0452123714915496,0.0487727381386618));
#2456=CARTESIAN_POINT('',(-0.026813822700434,0.0453565222889535,0.0489739053407357));
#2457=CARTESIAN_POINT('',(-0.0268187785920166,0.0454271456866717,0.0490801795483493));
#2458=CARTESIAN_POINT('',(-0.0268281212648852,0.0455571405892295,0.0493098516237914));
#2459=CARTESIAN_POINT('',(-0.026832471173257,0.0456167861511577,0.0494336562331073));
#2460=CARTESIAN_POINT('',(-0.0268374236697909,0.0456832856409812,0.0496357970439619));
#2461=CARTESIAN_POINT('',(-0.0268387840800235,0.0457014711902399,0.0497059463879287));
#2462=CARTESIAN_POINT('',(-0.0268407081853995,0.0457264380644558,0.049849999206119));
#2463=CARTESIAN_POINT('',(-0.026841271880543,0.0457331311905795,0.0499238274819557));
#2464=CARTESIAN_POINT('',(-0.0268413866845427,0.045733244647421,0.050071861084858));
#2465=CARTESIAN_POINT('',(-0.0268409365932538,0.0457266421333754,0.0501458397244871));
#2466=CARTESIAN_POINT('',(-0.0268392362301945,0.0457018562581374,0.0502899570619041));
#2467=CARTESIAN_POINT('',(-0.0268379859584241,0.0456837634144463,0.0503601167132468));
#2468=CARTESIAN_POINT('',(-0.0268333570815341,0.0456174701142025,0.0505623753366124));
#2469=CARTESIAN_POINT('',(-0.0268292147770791,0.0455579234539065,0.0506862458556019));
#2470=CARTESIAN_POINT('',(-0.0268202705956142,0.0454280581850485,0.0509160621800196));
#2471=CARTESIAN_POINT('',(-0.0268155072299141,0.0453574803246714,0.0510223953288305));
#2472=CARTESIAN_POINT('',(-0.0268055713290592,0.0452133905565427,0.0512236757905491));
#2473=CARTESIAN_POINT('',(-0.0268003987939044,0.0451397245618446,0.0513186258643709));
#2474=CARTESIAN_POINT('',(-0.0267845275049785,0.0449193042764175,0.0515926736724479));
#2475=CARTESIAN_POINT('',(-0.0267733479888135,0.0447733150746411,0.051761059961083));
#2476=CARTESIAN_POINT('',(-0.0267467238744031,0.0444934676273466,0.0520883316416671));
#2477=CARTESIAN_POINT('',(-0.0268989938232422,0.0443569184129309,0.0522477577019677));
#2478=CARTESIAN_POINT('',(-0.0267102834155039,0.0442321988456791,0.052407693880427));
#2479=CARTESIAN_POINT('',(-0.0268021409566329,0.0440897540176578,0.0476115675946581));
#2480=CARTESIAN_POINT('',(-0.0269882507600066,0.0442059476774032,0.0477709335683844));
#2481=CARTESIAN_POINT('',(-0.0268441967462586,0.0443335620103903,0.04792970570229));
#2482=CARTESIAN_POINT('',(-0.0268753209776382,0.0445954946122626,0.0482555548771833));
#2483=CARTESIAN_POINT('',(-0.0268884599044536,0.0447324031017287,0.0484231428200482));
#2484=CARTESIAN_POINT('',(-0.0269069982606867,0.044939508536291,0.0486953194076171));
#2485=CARTESIAN_POINT('',(-0.0269130164980169,0.0450087908124356,0.0487895268503164));
#2486=CARTESIAN_POINT('',(-0.0269245455889912,0.0451444257633735,0.0489889191592721));
#2487=CARTESIAN_POINT('',(-0.0269300564426353,0.045210928035731,0.0490941105048926));
#2488=CARTESIAN_POINT('',(-0.0269403858120464,0.04533341434179,0.0493209825983105));
#2489=CARTESIAN_POINT('',(-0.0269451648211191,0.0453896564073907,0.0494430589584404));
#2490=CARTESIAN_POINT('',(-0.026950586792515,0.045452383364134,0.0496420042972345));
#2491=CARTESIAN_POINT('',(-0.0269520726392217,0.0454695413960003,0.0497109908766164));
#2492=CARTESIAN_POINT('',(-0.0269541700992658,0.0454930998146525,0.04985257272871));
#2493=CARTESIAN_POINT('',(-0.0269547817126032,0.04549941690254,0.049925096980723));
#2494=CARTESIAN_POINT('',(-0.0269548994267229,0.0454995240230547,0.050070515380027));
#2495=CARTESIAN_POINT('',(-0.0269544042416357,0.0454932924573171,0.0501431826446426));
#2496=CARTESIAN_POINT('',(-0.0269525359479389,0.045469904836353,0.0502848277219438));
#2497=CARTESIAN_POINT('',(-0.0269511628393295,0.0454528342698777,0.0503538253240978));
#2498=CARTESIAN_POINT('',(-0.0269460718693766,0.0453903017445697,0.0505528836443078));
#2499=CARTESIAN_POINT('',(-0.0269415048948831,0.0453341528493401,0.0506750228843355));
#2500=CARTESIAN_POINT('',(-0.0269315820484558,0.0452117884630257,0.0509020329260892));
#2501=CARTESIAN_POINT('',(-0.0269262674386395,0.045145328952615,0.0510072805602853));
#2502=CARTESIAN_POINT('',(-0.0269151177016735,0.045009751223907,0.0512067808309662));
#2503=CARTESIAN_POINT('',(-0.0269092825745238,0.0449404874790489,0.0513010360749811));
#2504=CARTESIAN_POINT('',(-0.0268912752008825,0.0447334160042469,0.0515733506917219));
#2505=CARTESIAN_POINT('',(-0.0268784648061993,0.0445965022730268,0.051741021501696));
#2506=CARTESIAN_POINT('',(-0.0268479468929325,0.0443345246748003,0.0520670246612593));
#2507=CARTESIAN_POINT('',(-0.0269922893024397,0.0442068692053706,0.0522258684593853));
#2508=CARTESIAN_POINT('',(-0.0268064207423483,0.0440906090610107,0.0523852992772512));
#2509=CARTESIAN_POINT('',(-0.0269842518766773,0.0438045908298528,0.0476561770892307));
#2510=CARTESIAN_POINT('',(-0.0271647179689123,0.0439055014287258,0.0478147468261027));
#2511=CARTESIAN_POINT('',(-0.0270395888071415,0.0440167138450337,0.0479724738661777));
#2512=CARTESIAN_POINT('',(-0.0270809898302149,0.0442453168845892,0.0482959276419641));
#2513=CARTESIAN_POINT('',(-0.0270984287315973,0.0443650762846406,0.0484620980631333));
#2514=CARTESIAN_POINT('',(-0.027122489280638,0.0445466808478394,0.0487307726664303));
#2515=CARTESIAN_POINT('',(-0.0271301981261859,0.0446075065035085,0.0488235693364272));
#2516=CARTESIAN_POINT('',(-0.0271447837325393,0.0447267104995049,0.0490193458058345));
#2517=CARTESIAN_POINT('',(-0.0271516604933448,0.044785220837683,0.049122331322331));
#2518=CARTESIAN_POINT('',(-0.0271643725204023,0.0448930904807832,0.049343513778193));
#2519=CARTESIAN_POINT('',(-0.027170163012401,0.0449426757672254,0.0494620840715809));
#2520=CARTESIAN_POINT('',(-0.0271766768558755,0.0449980079021649,0.0496545605365743));
#2521=CARTESIAN_POINT('',(-0.0271784517163269,0.0450131484680506,0.0497211950140391));
#2522=CARTESIAN_POINT('',(-0.0271809465050236,0.04503394008812,0.0498577811827859));
#2523=CARTESIAN_POINT('',(-0.0271816664332687,0.0450395176432756,0.0499276702087458));
#2524=CARTESIAN_POINT('',(-0.0271817892667597,0.0450396121537867,0.0500678038250996));
#2525=CARTESIAN_POINT('',(-0.0271811907146866,0.0450341100035748,0.0501378211423402));
#2526=CARTESIAN_POINT('',(-0.0271789345473955,0.0450134689043793,0.0502744678724887));
#2527=CARTESIAN_POINT('',(-0.0271772769321776,0.0449984053866469,0.050341114746692));
#2528=CARTESIAN_POINT('',(-0.027171106803546,0.0449432443575954,0.0505336943036071));
#2529=CARTESIAN_POINT('',(-0.0271655358755922,0.0448937409080239,0.0506523211900375));
#2530=CARTESIAN_POINT('',(-0.0271532439107151,0.0447859780222446,0.0508736283868121));
#2531=CARTESIAN_POINT('',(-0.0271465696375252,0.0447275050316895,0.0509766645078007));
#2532=CARTESIAN_POINT('',(-0.0271323753512362,0.0446083509279269,0.0511725374338789));
#2533=CARTESIAN_POINT('',(-0.0271248553381372,0.0445475414089304,0.0512653765397302));
#2534=CARTESIAN_POINT('',(-0.0271013429513668,0.0443659665961013,0.0515341733868894));
#2535=CARTESIAN_POINT('',(-0.0270842439200898,0.0442462029827144,0.0517004163799217));
#2536=CARTESIAN_POINT('',(-0.0270434749619907,0.0440175630834281,0.0520240011246995));
#2537=CARTESIAN_POINT('',(-0.0271689059271543,0.0439063168395692,0.0521817871243336));
#2538=CARTESIAN_POINT('',(-0.0269886995886671,0.0438053512847033,0.0523404064170827));
#2539=CARTESIAN_POINT('',(-0.027070360719751,0.0436607845340133,0.0476785626644346));
#2540=CARTESIAN_POINT('',(-0.0272480117178264,0.043754875311497,0.0478368376313695));
#2541=CARTESIAN_POINT('',(-0.0271338691262383,0.0438585842737325,0.0479940972156431));
#2542=CARTESIAN_POINT('',(-0.0271816326838657,0.0440717379115446,0.048316412962077));
#2543=CARTESIAN_POINT('',(-0.0272017314094814,0.0441834291798113,0.048481874819061));
#2544=CARTESIAN_POINT('',(-0.0272291645662712,0.0443528910168442,0.0487487690486887));
#2545=CARTESIAN_POINT('',(-0.0272378970123632,0.0444096656138027,0.048840845592402));
#2546=CARTESIAN_POINT('',(-0.0272543164053383,0.0445209579996448,0.0490347772335166));
#2547=CARTESIAN_POINT('',(-0.0272620033522213,0.0445755989865227,0.0491366376668649));
#2548=CARTESIAN_POINT('',(-0.0272761101265785,0.0446763628948691,0.0493549260016439));
#2549=CARTESIAN_POINT('',(-0.0272824825460197,0.0447226957726686,0.0494717161279422));
#2550=CARTESIAN_POINT('',(-0.0272896183326807,0.0447744064926345,0.0496609155792493));
#2551=CARTESIAN_POINT('',(-0.0272915566570833,0.04478855732826,0.0497263595007922));
#2552=CARTESIAN_POINT('',(-0.0272942752691672,0.044807990896117,0.0498604185004766));
#2553=CARTESIAN_POINT('',(-0.0272950555568486,0.0448132050292554,0.0499289750909841));
#2554=CARTESIAN_POINT('',(-0.0272951806010713,0.0448132932651914,0.0500664366614889));
#2555=CARTESIAN_POINT('',(-0.0272945238145688,0.0448081495088202,0.0501351141730941));
#2556=CARTESIAN_POINT('',(-0.0272920478578667,0.0447888563845047,0.050269232364188));
#2557=CARTESIAN_POINT('',(-0.0272902286876672,0.0447747774190613,0.0503346893408859));
#2558=CARTESIAN_POINT('',(-0.0272834419518187,0.0447232262348169,0.0505239868251006));
#2559=CARTESIAN_POINT('',(-0.0272772921980893,0.0446769695897612,0.0506408302867466));
#2560=CARTESIAN_POINT('',(-0.0272636109990643,0.0445763049863095,0.0508592364540146));
#2561=CARTESIAN_POINT('',(-0.0272561290683098,0.0445216987060554,0.0509611444593681));
#2562=CARTESIAN_POINT('',(-0.0272401058961922,0.0444104526850833,0.0511551663475581));
#2563=CARTESIAN_POINT('',(-0.0272315646548292,0.0443536930989622,0.0512472823777721));
#2564=CARTESIAN_POINT('',(-0.0272046869926413,0.044184259132638,0.0515142900444707));
#2565=CARTESIAN_POINT('',(-0.0271849332465183,0.0440725643294258,0.0516798185639142));
#2566=CARTESIAN_POINT('',(-0.0271378143443132,0.0438593782710302,0.0520022519432273));
#2567=CARTESIAN_POINT('',(-0.0272522656631053,0.0437556393358764,0.0521595630701523));
#2568=CARTESIAN_POINT('',(-0.0270748845647275,0.0436614996081622,0.0523178787280667));
#2569=CARTESIAN_POINT('',(-0.0272342076285364,0.0433707127448862,0.0477234370609273));
#2570=CARTESIAN_POINT('',(-0.0274066839514454,0.0434526189685716,0.0478816408941024));
#2571=CARTESIAN_POINT('',(-0.0273168175505669,0.0435426094126448,0.0480382625641857));
#2572=CARTESIAN_POINT('',(-0.0273795175788045,0.0437271839777569,0.0483585958881205));
#2573=CARTESIAN_POINT('',(-0.0274058567546546,0.0438237565899791,0.0485226317321468));
#2574=CARTESIAN_POINT('',(-0.0274411339875192,0.0439702311214016,0.0487858141953852));
#2575=CARTESIAN_POINT('',(-0.0274522327941479,0.0440192981701862,0.0488763774194183));
#2576=CARTESIAN_POINT('',(-0.0274728642333125,0.0441154740028429,0.0490664458711649));
#2577=CARTESIAN_POINT('',(-0.0274823968658484,0.0441626886599913,0.0491659556844579));
#2578=CARTESIAN_POINT('',(-0.0274996503247198,0.0442497695386486,0.0493782482816791));
#2579=CARTESIAN_POINT('',(-0.0275073185577688,0.0442898141668965,0.0494913713799511));
#2580=CARTESIAN_POINT('',(-0.0275158286655898,0.0443345102210764,0.0496738656884287));
#2581=CARTESIAN_POINT('',(-0.027518126208913,0.0443467412902326,0.0497368795229502));
#2582=CARTESIAN_POINT('',(-0.0275213351600961,0.0443635395884648,0.0498657891193596));
#2583=CARTESIAN_POINT('',(-0.0275222465679561,0.0443680478651955,0.0499316346184371));
#2584=CARTESIAN_POINT('',(-0.0275223754313166,0.0443681238741893,0.0500636598675881));
#2585=CARTESIAN_POINT('',(-0.0275215911750032,0.0443636762011312,0.0501296117648929));
#2586=CARTESIAN_POINT('',(-0.0275186317614371,0.0443469987570322,0.0502585778042507));
#2587=CARTESIAN_POINT('',(-0.0275164566041844,0.0443348294881405,0.0503216059517177));
#2588=CARTESIAN_POINT('',(-0.0275083044935895,0.0442902705578115,0.0505041881793013));
#2589=CARTESIAN_POINT('',(-0.0275008640207706,0.0442502913661188,0.0506173580454666));
#2590=CARTESIAN_POINT('',(-0.0274840450766528,0.0441632955636292,0.0508297544639036));
#2591=CARTESIAN_POINT('',(-0.027474721535548,0.0441161106199377,0.0509293056225472));
#2592=CARTESIAN_POINT('',(-0.0274544943240354,0.0440199745742992,0.0511194514807571));
#2593=CARTESIAN_POINT('',(-0.0274435906536277,0.0439709204802092,0.0512100480257262));
#2594=CARTESIAN_POINT('',(-0.0274088814616339,0.0438244705080382,0.0514733253567231));
#2595=CARTESIAN_POINT('',(-0.0273828965016031,0.043727895833321,0.0516374152032861));
#2596=CARTESIAN_POINT('',(-0.027320865580854,0.0435432974932971,0.0519578374427455));
#2597=CARTESIAN_POINT('',(-0.0274110547408877,0.0434532844244397,0.0521144946202771));
#2598=CARTESIAN_POINT('',(-0.0272388697400723,0.043371340608428,0.0522727200474725));
#2599=CARTESIAN_POINT('',(-0.0273119456942482,0.0432244472515985,0.0477459258822161));
#2600=CARTESIAN_POINT('',(-0.0274820576600799,0.0433010023278503,0.0479043539069458));
#2601=CARTESIAN_POINT('',(-0.0274054767027036,0.0433847895939313,0.0480608054655711));
#2602=CARTESIAN_POINT('',(-0.0274767435095115,0.0435562548630938,0.0483802947775968));
#2603=CARTESIAN_POINT('',(-0.0275066603309016,0.0436457854399655,0.0485436132071574));
#2604=CARTESIAN_POINT('',(-0.0275464054576772,0.0437814255778411,0.0488048641728683));
#2605=CARTESIAN_POINT('',(-0.0275588459822065,0.043826839107884,0.0488946341425244));
#2606=CARTESIAN_POINT('',(-0.0275818538953228,0.043915815089868,0.0490826840721795));
#2607=CARTESIAN_POINT('',(-0.0275924212839099,0.0439594748902241,0.0491809682485295));
#2608=CARTESIAN_POINT('',(-0.0276114254913249,0.0440399818682062,0.0493901590031819));
#2609=CARTESIAN_POINT('',(-0.0276198071653923,0.0440769919281689,0.0495013951144591));
#2610=CARTESIAN_POINT('',(-0.027629069207106,0.0441182960037636,0.0496804610949652));
#2611=CARTESIAN_POINT('',(-0.0276315623946452,0.0441295973546686,0.0497422353304875));
#2612=CARTESIAN_POINT('',(-0.0276350377145556,0.044145118859178,0.0498685225552671));
#2613=CARTESIAN_POINT('',(-0.0276360198469267,0.0441492848072491,0.0499329893288492));
#2614=CARTESIAN_POINT('',(-0.0276361503207304,0.0441493548631202,0.0500622501634713));
#2615=CARTESIAN_POINT('',(-0.0276352968673032,0.0441452447730478,0.0501268161826049));
#2616=CARTESIAN_POINT('',(-0.0276320739372946,0.0441298346091025,0.0502531584719086));
#2617=CARTESIAN_POINT('',(-0.0276297044607131,0.0441185901657773,0.0503149476197842));
#2618=CARTESIAN_POINT('',(-0.0276208040324937,0.0440774123701681,0.0504940964647433));
#2619=CARTESIAN_POINT('',(-0.0276126521151993,0.0440404625533298,0.0506053760342893));
#2620=CARTESIAN_POINT('',(-0.0275940858554273,0.0439600338727588,0.0508146635076676));
#2621=CARTESIAN_POINT('',(-0.0275837291079888,0.0439164014326054,0.050912985835425));
#2622=CARTESIAN_POINT('',(-0.027561128533236,0.0438274621854041,0.0511011065410663));
#2623=CARTESIAN_POINT('',(-0.0275488847059219,0.0437820606790869,0.0511909066157619));
#2624=CARTESIAN_POINT('',(-0.0275097128370097,0.0436464436675332,0.051452242687789));
#2625=CARTESIAN_POINT('',(-0.0274801543573598,0.0435569118226048,0.0516156083702656));
#2626=CARTESIAN_POINT('',(-0.0274095685084561,0.0433854269892112,0.0519351712187308));
#2627=CARTESIAN_POINT('',(-0.0274864793229432,0.0433016205956258,0.0520916496677677));
#2628=CARTESIAN_POINT('',(-0.0273166699393567,0.0432250332852349,0.0522500890558942));
#2629=CARTESIAN_POINT('',(-0.0274605735048452,0.0429294472740004,0.0477909483611285));
#2630=CARTESIAN_POINT('',(-0.0276265746324532,0.0429965264467271,0.0479505070530139));
#2631=CARTESIAN_POINT('',(-0.0275778777464694,0.0430690537676698,0.0481070097771009));
#2632=CARTESIAN_POINT('',(-0.0276678333448209,0.0432164484709823,0.0484251772667839));
#2633=CARTESIAN_POINT('',(-0.0277055527236536,0.0432928920502494,0.0485870333985992));
#2634=CARTESIAN_POINT('',(-0.0277549987892921,0.0434082138560814,0.0488442057011294));
#2635=CARTESIAN_POINT('',(-0.0277703433677568,0.0434467461034277,0.048932288637703));
#2636=CARTESIAN_POINT('',(-0.0277984773791871,0.0435221127442137,0.0491160709281665));
#2637=CARTESIAN_POINT('',(-0.0278112668121527,0.043559027986337,0.0492117737837717));
#2638=CARTESIAN_POINT('',(-0.0278340102739149,0.0436270286569454,0.0494145044455295));
#2639=CARTESIAN_POINT('',(-0.0278439042196143,0.0436582469205369,0.0495218409174914));
#2640=CARTESIAN_POINT('',(-0.0278547528526841,0.0436930675220739,0.0496938859491872));
#2641=CARTESIAN_POINT('',(-0.0278576574696529,0.0437025898507913,0.0497531300747872));
#2642=CARTESIAN_POINT('',(-0.0278616919066156,0.0437156674393383,0.0498740775724024));
#2643=CARTESIAN_POINT('',(-0.0278628217266094,0.0437191776810131,0.0499357425619077));
#2644=CARTESIAN_POINT('',(-0.027862954960756,0.0437192363760772,0.0500593863449908));
#2645=CARTESIAN_POINT('',(-0.0278619564193152,0.0437157729685915,0.0501211367305893));
#2646=CARTESIAN_POINT('',(-0.0278581791838087,0.04370278862648,0.0502421366025338));
#2647=CARTESIAN_POINT('',(-0.0278554004897429,0.0436933138934954,0.0503013967839233));
#2648=CARTESIAN_POINT('',(-0.0278449194252133,0.0436585990469101,0.0504735148300418));
#2649=CARTESIAN_POINT('',(-0.0278352584216074,0.043627431269366,0.0505808882877158));
#2650=CARTESIAN_POINT('',(-0.0278129582625423,0.0435594963094303,0.0507837017432281));
#2651=CARTESIAN_POINT('',(-0.0278003818598868,0.0435226041115352,0.0508794364570297));
#2652=CARTESIAN_POINT('',(-0.0277726600899647,0.0434472686913798,0.0510632764229722));
#2653=CARTESIAN_POINT('',(-0.027757514722698,0.0434087468205739,0.0511513830843297));
#2654=CARTESIAN_POINT('',(-0.0277086506964327,0.0432934456636794,0.0514086210654113));
#2655=CARTESIAN_POINT('',(-0.0276712970423869,0.0432170023272745,0.0515705109408184));
#2656=CARTESIAN_POINT('',(-0.0275820449569827,0.0430695954838595,0.051888721131668));
#2657=CARTESIAN_POINT('',(-0.0276310855936629,0.0429970550979582,0.0520452334464959));
#2658=CARTESIAN_POINT('',(-0.0274654096785717,0.0429299529223198,0.0522047829854765));
#2659=CARTESIAN_POINT('',(-0.0275314411513665,0.0427807153179946,0.0478134813639454));
#2660=CARTESIAN_POINT('',(-0.0276956873051635,0.0428436951537412,0.0479739433419213));
#2661=CARTESIAN_POINT('',(-0.0276615816199873,0.0429111879432864,0.0481306653702411));
#2662=CARTESIAN_POINT('',(-0.0277616465052066,0.0430476594859519,0.0484483529292814));
#2663=CARTESIAN_POINT('',(-0.0278035854969187,0.0431180739764692,0.0486094640302953));
#2664=CARTESIAN_POINT('',(-0.0278582582526905,0.0432239308857397,0.0488644898584025));
#2665=CARTESIAN_POINT('',(-0.0278751633145367,0.0432592409217227,0.0489516793987662));
#2666=CARTESIAN_POINT('',(-0.0279060437758728,0.043328207588286,0.0491332135652314));
#2667=CARTESIAN_POINT('',(-0.0279200191753627,0.04336193709268,0.0492275613476409));
#2668=CARTESIAN_POINT('',(-0.0279447490297854,0.0434240116956921,0.0494269351323361));
#2669=CARTESIAN_POINT('',(-0.0279554410147582,0.0434524751065888,0.0495322597146343));
#2670=CARTESIAN_POINT('',(-0.0279671235158368,0.0434842065849198,0.0497007133264694));
#2671=CARTESIAN_POINT('',(-0.0279702437211271,0.0434928802019864,0.049758667350971));
#2672=CARTESIAN_POINT('',(-0.0279745706451006,0.0435047914559952,0.0498768983221914));
#2673=CARTESIAN_POINT('',(-0.0279757773637838,0.0435079885153489,0.0499371406724301));
#2674=CARTESIAN_POINT('',(-0.0279759117514075,0.0435080417967601,0.0500579326571155));
#2675=CARTESIAN_POINT('',(-0.0279748373870665,0.0435048872874914,0.0501182537066476));
#2676=CARTESIAN_POINT('',(-0.0279707696308769,0.0434930606875615,0.0502365357403569));
#2677=CARTESIAN_POINT('',(-0.0279677762390281,0.0434844302412369,0.0502945063646242));
#2678=CARTESIAN_POINT('',(-0.0279564636554176,0.0434527948196236,0.0504630281952951));
#2679=CARTESIAN_POINT('',(-0.027946005807695,0.0434243773203118,0.050568386600164));
#2680=CARTESIAN_POINT('',(-0.0279217211893395,0.0433623626005982,0.0507678363555736));
#2681=CARTESIAN_POINT('',(-0.0279079596644302,0.0433286541691366,0.0508622128965628));
#2682=CARTESIAN_POINT('',(-0.0278774932443598,0.0432597162474975,0.0510437982676396));
#2683=CARTESIAN_POINT('',(-0.0278607883491988,0.0432244158666242,0.0511310083679395));
#2684=CARTESIAN_POINT('',(-0.0278067012001552,0.0431185785529167,0.0513860902066002));
#2685=CARTESIAN_POINT('',(-0.0277651311860383,0.0430481650247592,0.0515472282901065));
#2686=CARTESIAN_POINT('',(-0.0276657804911324,0.0429116845883653,0.0518649430907756));
#2687=CARTESIAN_POINT('',(-0.0277002366996904,0.0428441813290361,0.0520216660252481));
#2688=CARTESIAN_POINT('',(-0.0275363270931677,0.0427811824112541,0.0521821085624079));
#2689=CARTESIAN_POINT('',(-0.0276671303772684,0.0424807534128427,0.0478585541759604));
#2690=CARTESIAN_POINT('',(-0.0278284042612504,0.0425364254210034,0.0480214677541575));
#2691=CARTESIAN_POINT('',(-0.0278235920388878,0.0425947600345596,0.0481789878427085));
#2692=CARTESIAN_POINT('',(-0.0279444106670006,0.0427112011326861,0.0484960138570743));
#2693=CARTESIAN_POINT('',(-0.0279950109745164,0.0427704670847176,0.0486555747208876));
#2694=CARTESIAN_POINT('',(-0.0280603865596754,0.0428587166290008,0.0489060621971014));
#2695=CARTESIAN_POINT('',(-0.0280804815791403,0.0428880157398753,0.0489913579512174));
#2696=CARTESIAN_POINT('',(-0.028116965753684,0.0429450163022113,0.0491681642112506));
#2697=CARTESIAN_POINT('',(-0.0281333549087629,0.0429727755027326,0.0492596772183929));
#2698=CARTESIAN_POINT('',(-0.0281621151746583,0.043023725667708,0.0494521112984113));
#2699=CARTESIAN_POINT('',(-0.028174419288706,0.0430470074011463,0.0495533118230647));
#2700=CARTESIAN_POINT('',(-0.0281877817530202,0.0430729233229505,0.049714475166213));
#2701=CARTESIAN_POINT('',(-0.0281913354258475,0.0430799981163878,0.049769820070882));
#2702=CARTESIAN_POINT('',(-0.0281962497806126,0.0430897118119462,0.0498825715320874));
#2703=CARTESIAN_POINT('',(-0.0281976104625504,0.0430923185582426,0.0499399506725451));
#2704=CARTESIAN_POINT('',(-0.0281977468085349,0.043092361728651,0.0500550038727972));
#2705=CARTESIAN_POINT('',(-0.0281965202919609,0.0430897895636849,0.0501124490121101));
#2706=CARTESIAN_POINT('',(-0.028191868377941,0.043080144534786,0.0502252490493863));
#2707=CARTESIAN_POINT('',(-0.0281884429804951,0.0430731046720256,0.0502806115866663));
#2708=CARTESIAN_POINT('',(-0.0281754542142399,0.0430472668578816,0.0504418340582377));
#2709=CARTESIAN_POINT('',(-0.0281633860636248,0.0430240226399759,0.0505430624110667));
#2710=CARTESIAN_POINT('',(-0.0281350738556315,0.0429731217999125,0.0507355595339934));
#2711=CARTESIAN_POINT('',(-0.0281188997719277,0.0429453801475361,0.0508270954289083));
#2712=CARTESIAN_POINT('',(-0.0280828322972947,0.0428884039639114,0.0510039406398819));
#2713=CARTESIAN_POINT('',(-0.0280629389063657,0.0428591132551307,0.0510892509625238));
#2714=CARTESIAN_POINT('',(-0.0279981547510239,0.0427708814569498,0.0513397761507606));
#2715=CARTESIAN_POINT('',(-0.0279479291061745,0.0427116176676209,0.0514993512053973));
#2716=CARTESIAN_POINT('',(-0.0278278443834801,0.0425951727149371,0.051816375216233));
#2717=CARTESIAN_POINT('',(-0.0278330198741368,0.0425368315943806,0.0519738797853656));
#2718=CARTESIAN_POINT('',(-0.0276721043208548,0.0424811464661911,0.0521367544593068));
#2719=CARTESIAN_POINT('',(-0.0277319519566493,0.0423295234636966,0.0478810939851584));
#2720=CARTESIAN_POINT('',(-0.0278920002433363,0.042382007043648,0.0480455514388561));
#2721=CARTESIAN_POINT('',(-0.0279018830203538,0.0424362355609457,0.0482036475118434));
#2722=CARTESIAN_POINT('',(-0.028033333655819,0.0425435994484177,0.0485204888690096));
#2723=CARTESIAN_POINT('',(-0.0280883704802112,0.0425977584756174,0.0486792442548182));
#2724=CARTESIAN_POINT('',(-0.0281592159824208,0.0426778805747825,0.0489273406954862));
#2725=CARTESIAN_POINT('',(-0.028180938661533,0.0427043953523398,0.0490116365484282));
#2726=CARTESIAN_POINT('',(-0.0282202769890613,0.0427558372914313,0.0491859643159268));
#2727=CARTESIAN_POINT('',(-0.0282378926374771,0.0427808150521419,0.0492759984220331));
#2728=CARTESIAN_POINT('',(-0.0282686948494973,0.0428265718458332,0.0494648514844077));
#2729=CARTESIAN_POINT('',(-0.0282818122763869,0.042847428627332,0.049563940850015));
#2730=CARTESIAN_POINT('',(-0.0282960200594936,0.0428706199853607,0.04972140693546));
#2731=CARTESIAN_POINT('',(-0.0282997914175591,0.0428769451333861,0.0497754333647223));
#2732=CARTESIAN_POINT('',(-0.0283050004578072,0.0428856282250087,0.0498854229418353));
#2733=CARTESIAN_POINT('',(-0.0283064381399898,0.0428879579939787,0.049941362067979));
#2734=CARTESIAN_POINT('',(-0.0283065752918621,0.0428879964607735,0.0500535293944347));
#2735=CARTESIAN_POINT('',(-0.0283052725112798,0.0428856975822191,0.0501095285156338));
#2736=CARTESIAN_POINT('',(-0.0283003272203947,0.0428770757498122,0.0502195654935947));
#2737=CARTESIAN_POINT('',(-0.028296684710092,0.0428707817112724,0.050273610043853));
#2738=CARTESIAN_POINT('',(-0.0282828520595781,0.0428476601921694,0.0504311309609589));
#2739=CARTESIAN_POINT('',(-0.0282699712289667,0.0428268370932603,0.0505302453215517));
#2740=CARTESIAN_POINT('',(-0.0282396179665759,0.0427811248731111,0.0507191553169055));
#2741=CARTESIAN_POINT('',(-0.0282222177435023,0.0427561630980497,0.0508092095363668));
#2742=CARTESIAN_POINT('',(-0.028183296977094,0.0427047436326776,0.0509835704642569));
#2743=CARTESIAN_POINT('',(-0.0281617764337594,0.0426782367201481,0.0510678780546443));
#2744=CARTESIAN_POINT('',(-0.0280915246186071,0.042598131561603,0.0513160035613121));
#2745=CARTESIAN_POINT('',(-0.0280368648886421,0.0425439751810831,0.0514747670944661));
#2746=CARTESIAN_POINT('',(-0.0279061571908128,0.0424366092663024,0.0517915926315007));
#2747=CARTESIAN_POINT('',(-0.0278966436492964,0.0423823756409328,0.0519496654260147));
#2748=CARTESIAN_POINT('',(-0.0277369641339459,0.0423298810321939,0.0521140747792744));
#2749=CARTESIAN_POINT('',(-0.0278563954986849,0.0420245315135376,0.0479261436895955));
#2750=CARTESIAN_POINT('',(-0.0280142445053597,0.0420713332672582,0.0480940719732722));
#2751=CARTESIAN_POINT('',(-0.0280522463335935,0.0421181471152884,0.0482535071339556));
#2752=CARTESIAN_POINT('',(-0.0282041676879547,0.042209049569931,0.0485700552414501));
#2753=CARTESIAN_POINT('',(-0.0282677459456568,0.0422539040529332,0.0487270928181794));
#2754=CARTESIAN_POINT('',(-0.0283491107956532,0.042319170076411,0.0489701742871302));
#2755=CARTESIAN_POINT('',(-0.0283739611694233,0.0423405878593131,0.0490523814857405));
#2756=CARTESIAN_POINT('',(-0.0284187791503215,0.0423818420070193,0.0492215845624764));
#2757=CARTESIAN_POINT('',(-0.0284387467574496,0.0424017157712144,0.0493085820604432));
#2758=CARTESIAN_POINT('',(-0.0284734589242128,0.04243793438658,0.0494901689263413));
#2759=CARTESIAN_POINT('',(-0.0284881303964637,0.0424543329484843,0.0495850120098793));
#2760=CARTESIAN_POINT('',(-0.0285039512482323,0.042472512990741,0.0497351133444989));
#2761=CARTESIAN_POINT('',(-0.0285081375906164,0.0424774588483777,0.0497865233325891));
#2762=CARTESIAN_POINT('',(-0.028513908094697,0.0424842455346349,0.0498910467309603));
#2763=CARTESIAN_POINT('',(-0.0285154922563937,0.0424860655385308,0.0499441423860667));
#2764=CARTESIAN_POINT('',(-0.0285156307681566,0.042486095383055,0.0500506119812735));
#2765=CARTESIAN_POINT('',(-0.0285141827393638,0.0424842995169023,0.0501037565494026));
#2766=CARTESIAN_POINT('',(-0.0285086781454089,0.0424775605345237,0.0502083251866019));
#2767=CARTESIAN_POINT('',(-0.0285046215802468,0.0424726387904857,0.0502597542030391));
#2768=CARTESIAN_POINT('',(-0.0284891781296752,0.042454513489547,0.0504099024597033));
#2769=CARTESIAN_POINT('',(-0.0284747441714836,0.0424381416350467,0.0505047653305895));
#2770=CARTESIAN_POINT('',(-0.0284404821100255,0.0424019589802348,0.0506863979105775));
#2771=CARTESIAN_POINT('',(-0.0284207303416766,0.0423820983748358,0.0507734104380105));
#2772=CARTESIAN_POINT('',(-0.0283763310475048,0.0423408632345574,0.0509426360763643));
#2773=CARTESIAN_POINT('',(-0.0283516835216818,0.0423194523180379,0.0510248498391675));
#2774=CARTESIAN_POINT('',(-0.0282709158846498,0.0422542015969352,0.0512679445951701));
#2775=CARTESIAN_POINT('',(-0.028207718825279,0.0422093503802601,0.0514249793145055));
#2776=CARTESIAN_POINT('',(-0.0280565564385229,0.0421184482048482,0.051741486460178));
#2777=CARTESIAN_POINT('',(-0.0280189345679347,0.0420716310344094,0.051900884232589));
#2778=CARTESIAN_POINT('',(-0.0278614734671411,0.0420248209775527,0.0520687476810019));
#2779=CARTESIAN_POINT('',(-0.0279160959939606,0.0418707507143464,0.0479486559837459));
#2780=CARTESIAN_POINT('',(-0.0280729702350244,0.0419150414550045,0.048118510768331));
#2781=CARTESIAN_POINT('',(-0.0281243951656524,0.0419585313225087,0.0482787086726613));
#2782=CARTESIAN_POINT('',(-0.028286153601363,0.04204202315065,0.0485951476094516));
#2783=CARTESIAN_POINT('',(-0.0283538360947463,0.0420826690174772,0.0487512726364875));
#2784=CARTESIAN_POINT('',(-0.0284402495572079,0.0421411932199472,0.0489917299118939));
#2785=CARTESIAN_POINT('',(-0.0284665997270406,0.0421602944954946,0.0490728482833149));
#2786=CARTESIAN_POINT('',(-0.0285140427982714,0.0421969128840758,0.0492394050314132));
#2787=CARTESIAN_POINT('',(-0.0285351356996696,0.0422144613465991,0.0493248447658984));
#2788=CARTESIAN_POINT('',(-0.0285717156009058,0.0422463307654952,0.0495027463519965));
#2789=CARTESIAN_POINT('',(-0.0285871277026362,0.0422606944152841,0.0495954542679219));
#2790=CARTESIAN_POINT('',(-0.0286037162009317,0.0422765860638271,0.0497418880469781));
#2791=CARTESIAN_POINT('',(-0.0286080998164844,0.0422809018667437,0.0497920000492297));
#2792=CARTESIAN_POINT('',(-0.0286141370641917,0.0422868222070074,0.0498938191135528));
#2793=CARTESIAN_POINT('',(-0.0286157906963463,0.0422884092883355,0.0499455112926104));
#2794=CARTESIAN_POINT('',(-0.0286159297616174,0.0422884352194179,0.0500491689917282));
#2795=CARTESIAN_POINT('',(-0.0286144127569392,0.0422868692192903,0.0501009050055905));
#2796=CARTESIAN_POINT('',(-0.0286086422705689,0.0422809904453065,0.0502027683220035));
#2797=CARTESIAN_POINT('',(-0.0286043887888768,0.0422766955863725,0.0502528997716119));
#2798=CARTESIAN_POINT('',(-0.0285881785247002,0.0422608518651059,0.0503993768600348));
#2799=CARTESIAN_POINT('',(-0.0285730042214213,0.0422465117898232,0.0504921021890375));
#2800=CARTESIAN_POINT('',(-0.028536874689246,0.0422146744863826,0.0506700443807353));
#2801=CARTESIAN_POINT('',(-0.0285159976864474,0.0421971379254735,0.0507554968355092));
#2802=CARTESIAN_POINT('',(-0.0284689735683809,0.0421605369941158,0.0509220713377053));
#2803=CARTESIAN_POINT('',(-0.028442826453113,0.0421414421272923,0.0510031939315585));
#2804=CARTESIAN_POINT('',(-0.0283570114800334,0.0420829323996854,0.0512436573625014));
#2805=CARTESIAN_POINT('',(-0.028289711865864,0.0420422899296761,0.0513997745720565));
#2806=CARTESIAN_POINT('',(-0.0281287194237074,0.0419587988236583,0.0517161612247553));
#2807=CARTESIAN_POINT('',(-0.0280776792251204,0.0419153059892617,0.0518763153917132));
#2808=CARTESIAN_POINT('',(-0.0279212016104491,0.0418710075312989,0.0520460978042703));
#2809=CARTESIAN_POINT('',(-0.0280309575509678,0.0415602829346629,0.0479936701139547));
#2810=CARTESIAN_POINT('',(-0.0281858130439179,0.0415999051404721,0.0481674094000821));
#2811=CARTESIAN_POINT('',(-0.0282614001816315,0.0416373037131025,0.0483290898866913));
#2812=CARTESIAN_POINT('',(-0.0284406576597328,0.0417073258494407,0.0486450968001133));
#2813=CARTESIAN_POINT('',(-0.0285156410154323,0.0417403724103469,0.0487992333933117));
#2814=CARTESIAN_POINT('',(-0.0286110343986176,0.0417867789317458,0.0490342310991011));
#2815=CARTESIAN_POINT('',(-0.0286400520587452,0.0418017251802886,0.0491131081648194));
#2816=CARTESIAN_POINT('',(-0.0286921636755929,0.0418300425074438,0.0492742885952175));
#2817=CARTESIAN_POINT('',(-0.0287152576323129,0.0418434342107205,0.049356592853192));
#2818=CARTESIAN_POINT('',(-0.0287551584074728,0.0418675382737546,0.0495271715512322));
#2819=CARTESIAN_POINT('',(-0.0287718871178862,0.0418782737962285,0.0496156784919527));
#2820=CARTESIAN_POINT('',(-0.0287898400537864,0.0418900879545633,0.0497549711152431));
#2821=CARTESIAN_POINT('',(-0.0287945742670494,0.0418932816419411,0.049802566328938));
#2822=CARTESIAN_POINT('',(-0.0288010855173172,0.0418976592462254,0.0498991570980608));
#2823=CARTESIAN_POINT('',(-0.0288028625543219,0.0418988316789089,0.0499481428620321));
#2824=CARTESIAN_POINT('',(-0.0288030024732218,0.0418988506506056,0.0500463789649731));
#2825=CARTESIAN_POINT('',(-0.0288013628128454,0.0418976938587852,0.0500953995597975));
#2826=CARTESIAN_POINT('',(-0.0287951195788386,0.0418933468948414,0.0501920328251687));
#2827=CARTESIAN_POINT('',(-0.0287905160052083,0.0418901685088508,0.0502396482240428));
#2828=CARTESIAN_POINT('',(-0.0287729424040355,0.0418783901217347,0.0503789777325354));
#2829=CARTESIAN_POINT('',(-0.0287564517501584,0.041867672561675,0.0504674978575267));
#2830=CARTESIAN_POINT('',(-0.0287170013377261,0.041843593652193,0.0506381080522158));
#2831=CARTESIAN_POINT('',(-0.0286941231578158,0.0418302115346157,0.0507204209038172));
#2832=CARTESIAN_POINT('',(-0.0286424305381303,0.0418019086986127,0.0508816104864045));
#2833=CARTESIAN_POINT('',(-0.028613616098355,0.0417869679167826,0.0509604875768845));
#2834=CARTESIAN_POINT('',(-0.0285188229205156,0.0417405739243056,0.0511954786370052));
#2835=CARTESIAN_POINT('',(-0.0284442251321812,0.0417075305563955,0.0513495984873638));
#2836=CARTESIAN_POINT('',(-0.0282657457383002,0.0416375087095518,0.0516655327274509));
#2837=CARTESIAN_POINT('',(-0.0281905517003349,0.0416001070150054,0.0518271580367797));
#2838=CARTESIAN_POINT('',(-0.0280361083890435,0.0415604771188087,0.0520008113775021));
#2839=CARTESIAN_POINT('',(-0.0280861186126992,0.0414035959541708,0.0480161719500131));
#2840=CARTESIAN_POINT('',(-0.0282399301502142,0.0414410782945411,0.0481918694653242));
#2841=CARTESIAN_POINT('',(-0.0283262564156734,0.0414757249962777,0.0483542699369064));
#2842=CARTESIAN_POINT('',(-0.0285131758933696,0.041539714532823,0.0486699541661577));
#2843=CARTESIAN_POINT('',(-0.0285913558912033,0.0415693814260377,0.0488230148973649));
#2844=CARTESIAN_POINT('',(-0.0286906806005852,0.0416104253076963,0.0490551771973426));
#2845=CARTESIAN_POINT('',(-0.0287208659600392,0.041623536891237,0.0491329017641398));
#2846=CARTESIAN_POINT('',(-0.0287750210406476,0.0416481955216824,0.0492913521486993));
#2847=CARTESIAN_POINT('',(-0.0287989907618021,0.0416597585183275,0.0493720786572762));
#2848=CARTESIAN_POINT('',(-0.0288403446815256,0.0416804508206996,0.04953901966339));
#2849=CARTESIAN_POINT('',(-0.0288576493728726,0.0416895947757609,0.0496254607492181));
#2850=CARTESIAN_POINT('',(-0.0288761991012511,0.0416996214823264,0.0497612796969283));
#2851=CARTESIAN_POINT('',(-0.0288810866393236,0.0417023235193013,0.0498076560820416));
#2852=CARTESIAN_POINT('',(-0.0288878051486697,0.0417060252788478,0.0499017228374376));
#2853=CARTESIAN_POINT('',(-0.0288896361199433,0.0417070161202868,0.0499494056356604));
#2854=CARTESIAN_POINT('',(-0.0288897763383336,0.0417070320401896,0.0500450319848731));
#2855=CARTESIAN_POINT('',(-0.0288880829976376,0.0417060544499691,0.050092745687997));
#2856=CARTESIAN_POINT('',(-0.02888163290702,0.0417023785308592,0.0501868541696637));
#2857=CARTESIAN_POINT('',(-0.0288768761570986,0.0416996893165793,0.0502332510581129));
#2858=CARTESIAN_POINT('',(-0.0288587060293323,0.0416896930224891,0.050369104076916));
#2859=CARTESIAN_POINT('',(-0.0288416393670719,0.0416805645400444,0.0504555564898564));
#2860=CARTESIAN_POINT('',(-0.0288007355379392,0.0416598942554063,0.0506225249851642));
#2861=CARTESIAN_POINT('',(-0.0287769814110787,0.041648339777318,0.0507032582655126));
#2862=CARTESIAN_POINT('',(-0.0287232451037351,0.0416236942086298,0.0508617139973815));
#2863=CARTESIAN_POINT('',(-0.0286932629232519,0.0416105876023303,0.0509394367269107));
#2864=CARTESIAN_POINT('',(-0.0285945388578174,0.0415695551223896,0.0511715866905473));
#2865=CARTESIAN_POINT('',(-0.0285167454349319,0.0415398910907833,0.0513246266961571));
#2866=CARTESIAN_POINT('',(-0.0283306091096388,0.041475901000386,0.0516402291431348));
#2867=CARTESIAN_POINT('',(-0.0282446795403905,0.0414412506954438,0.0518025693221488));
#2868=CARTESIAN_POINT('',(-0.02809128702433,0.0414037601525723,0.0519781748274657));
#2869=CARTESIAN_POINT('',(-0.0281924044205575,0.0410869792788085,0.0480611798220823));
#2870=CARTESIAN_POINT('',(-0.0283437226355356,0.0411204164100367,0.0482403758960005));
#2871=CARTESIAN_POINT('',(-0.0284474169758722,0.0411500698907586,0.0484038824272069));
#2872=CARTESIAN_POINT('',(-0.0286460810671137,0.0412033380971678,0.0487183511535811));
#2873=CARTESIAN_POINT('',(-0.0287291614234817,0.0412271112262567,0.0488690346205561));
#2874=CARTESIAN_POINT('',(-0.028834523542204,0.0412589297264375,0.0490953556852802));
#2875=CARTESIAN_POINT('',(-0.0288665044878315,0.0412689049227686,0.0491707477550754));
#2876=CARTESIAN_POINT('',(-0.0289238063540548,0.0412873409854748,0.0493237672423955));
#2877=CARTESIAN_POINT('',(-0.0289491272746506,0.0412958101017158,0.0494013950172382));
#2878=CARTESIAN_POINT('',(-0.0289927285870055,0.0413107519400755,0.0495613004639737));
#2879=CARTESIAN_POINT('',(-0.0290109271669855,0.0413172252894881,0.0496437949861472));
#2880=CARTESIAN_POINT('',(-0.0290304050088847,0.0413242586761011,0.0497730601481039));
#2881=CARTESIAN_POINT('',(-0.0290355313590005,0.0413261385951947,0.0498171488267594));
#2882=CARTESIAN_POINT('',(-0.0290425729040711,0.041328710690146,0.0499064951868067));
#2883=CARTESIAN_POINT('',(-0.029044488099026,0.0413293982723145,0.049951748951616));
#2884=CARTESIAN_POINT('',(-0.0290446287063155,0.0413294090029898,0.0500425109320593));
#2885=CARTESIAN_POINT('',(-0.0290428514558282,0.0413287305734114,0.0500877891289933));
#2886=CARTESIAN_POINT('',(-0.0290360787843763,0.0413261760875595,0.0501771759211039));
#2887=CARTESIAN_POINT('',(-0.0290310833634118,0.0413243047457393,0.0502212856076114));
#2888=CARTESIAN_POINT('',(-0.0290119852514821,0.0413172924564462,0.0503505801276304));
#2889=CARTESIAN_POINT('',(-0.0289940244527079,0.041310830152308,0.05043308284004));
#2890=CARTESIAN_POINT('',(-0.0289508723895575,0.0412959045117814,0.0505930089673834));
#2891=CARTESIAN_POINT('',(-0.0289257665721496,0.0412874418279262,0.0506706403832496));
#2892=CARTESIAN_POINT('',(-0.0288688827477028,0.041269015812592,0.05082365863891));
#2893=CARTESIAN_POINT('',(-0.0288371047406639,0.041259044455751,0.0508990456225018));
#2894=CARTESIAN_POINT('',(-0.0287323435081508,0.0412272344999524,0.0511253443537964));
#2895=CARTESIAN_POINT('',(-0.0286496511148986,0.041203463011379,0.0512760000151576));
#2896=CARTESIAN_POINT('',(-0.0284517781270271,0.0411501914872162,0.051590370707868));
#2897=CARTESIAN_POINT('',(-0.0283484862679173,0.0411205329094726,0.0517538077935247));
#2898=CARTESIAN_POINT('',(-0.0281975983254392,0.0410870860180007,0.051932901035974));
#2899=CARTESIAN_POINT('',(-0.0282435291666843,0.0409270495839383,0.0480836858580931));
#2900=CARTESIAN_POINT('',(-0.0283933842999042,0.0409585518445202,0.0482644067083431));
#2901=CARTESIAN_POINT('',(-0.0285036955938061,0.0409859381487096,0.0484282895856344));
#2902=CARTESIAN_POINT('',(-0.0287064217489771,0.0410344733657693,0.0487418547749291));
#2903=CARTESIAN_POINT('',(-0.0287911972652904,0.0410557139658288,0.0488912358498561));
#2904=CARTESIAN_POINT('',(-0.0288986552065073,0.041083647615305,0.0491145539717788));
#2905=CARTESIAN_POINT('',(-0.0289312610477709,0.0410923146430939,0.049188767734265));
#2906=CARTESIAN_POINT('',(-0.0289896611108034,0.0411081757878375,0.0493390908450582));
#2907=CARTESIAN_POINT('',(-0.0290154553325723,0.041115375129707,0.0494152004196666));
#2908=CARTESIAN_POINT('',(-0.0290598474820712,0.0411279709083491,0.0495717142966987));
#2909=CARTESIAN_POINT('',(-0.0290783626926603,0.0411333624637565,0.0496523316237561));
#2910=CARTESIAN_POINT('',(-0.0290981705820492,0.0411391872314764,0.0497785222203267));
#2911=CARTESIAN_POINT('',(-0.029103382101895,0.0411407359966786,0.0498215439150881));
#2912=CARTESIAN_POINT('',(-0.0291105390025527,0.0411428533598145,0.0499086977274441));
#2913=CARTESIAN_POINT('',(-0.0291124843833645,0.0411434190484118,0.0499528273645363));
#2914=CARTESIAN_POINT('',(-0.0291126250868209,0.0411434276513178,0.0500413386103276));
#2915=CARTESIAN_POINT('',(-0.0291108177171757,0.0411428694159907,0.0500854901332131));
#2916=CARTESIAN_POINT('',(-0.0291039297559175,0.0411407662496226,0.0501726838553734));
#2917=CARTESIAN_POINT('',(-0.0290988491643046,0.041139224304402,0.0502157267458244));
#2918=CARTESIAN_POINT('',(-0.0290794208876817,0.0411334167052238,0.050341944807449));
#2919=CARTESIAN_POINT('',(-0.0290611432501165,0.0411280342750621,0.0504225690509377));
#2920=CARTESIAN_POINT('',(-0.0290171998025365,0.0411154520415789,0.0505791008232142));
#2921=CARTESIAN_POINT('',(-0.0289916203850804,0.0411082581269587,0.0506552127398082));
#2922=CARTESIAN_POINT('',(-0.0289336378718617,0.0410924054669454,0.0508055318685041));
#2923=CARTESIAN_POINT('',(-0.0289012347760991,0.0410837416388232,0.0508797391716779));
#2924=CARTESIAN_POINT('',(-0.0287943775348893,0.0410558148180935,0.0511030307010582));
#2925=CARTESIAN_POINT('',(-0.0287099903588967,0.0410345749640124,0.0512523809125319));
#2926=CARTESIAN_POINT('',(-0.02850805815271,0.0409860344554913,0.0515658410203175));
#2927=CARTESIAN_POINT('',(-0.0283981514947972,0.0409586419934327,0.0517296504695524));
#2928=CARTESIAN_POINT('',(-0.028248730991262,0.0409271288496656,0.0519102637945188));
#2929=CARTESIAN_POINT('',(-0.0283422454612733,0.0406036109467426,0.0481287167881114));
#2930=CARTESIAN_POINT('',(-0.0284885227750222,0.0406313111146129,0.0483116559685822));
#2931=CARTESIAN_POINT('',(-0.028606610287823,0.0406545855765627,0.0484756891801721));
#2932=CARTESIAN_POINT('',(-0.0288126117436074,0.0406949193033503,0.0487865455427045));
#2933=CARTESIAN_POINT('',(-0.0288987554858313,0.0407119782367033,0.0489330363642363));
#2934=CARTESIAN_POINT('',(-0.0290079392353177,0.0407337402838309,0.0491502122080078));
#2935=CARTESIAN_POINT('',(-0.0290410669802046,0.040740368460603,0.0492220740757851));
#2936=CARTESIAN_POINT('',(-0.0291003984361623,0.0407522811358973,0.0493671360802877));
#2937=CARTESIAN_POINT('',(-0.0291266021472331,0.0407575667344013,0.0494403362646554));
#2938=CARTESIAN_POINT('',(-0.0291716951782929,0.0407666716294489,0.0495904843490949));
#2939=CARTESIAN_POINT('',(-0.0291905005465568,0.0407704785328199,0.0496676400570091));
#2940=CARTESIAN_POINT('',(-0.0292106168197233,0.0407745455340041,0.0497882618212281));
#2941=CARTESIAN_POINT('',(-0.0292159090424542,0.0407756152703846,0.0498293658682629));
#2942=CARTESIAN_POINT('',(-0.0292231759501293,0.0407770758235695,0.0499126005739045));
#2943=CARTESIAN_POINT('',(-0.0292251506350736,0.0407774660278821,0.0499547307103002));
#2944=CARTESIAN_POINT('',(-0.0292252913327051,0.0407774713875952,0.0500392395587153));
#2945=CARTESIAN_POINT('',(-0.0292234546129191,0.0407770859776094,0.050081388093403));
#2946=CARTESIAN_POINT('',(-0.0292164564615836,0.04077563428526,0.050164661935753));
#2947=CARTESIAN_POINT('',(-0.0292112950300342,0.0407745686314903,0.0502057873889261));
#2948=CARTESIAN_POINT('',(-0.0291915578059007,0.0407705124201089,0.05032643385405));
#2949=CARTESIAN_POINT('',(-0.0291729894621526,0.0407667113453892,0.0504035945586149));
#2950=CARTESIAN_POINT('',(-0.0291283438760655,0.0407576150314793,0.0505537562526789));
#2951=CARTESIAN_POINT('',(-0.0291023543157264,0.0407523328212197,0.0506269567029937));
#2952=CARTESIAN_POINT('',(-0.0290434392745751,0.0407404251780663,0.0507720102437065));
#2953=CARTESIAN_POINT('',(-0.0290105137937631,0.0407337986751242,0.0508438633532775));
#2954=CARTESIAN_POINT('',(-0.028901929891795,0.040712039187218,0.051061005334434));
#2955=CARTESIAN_POINT('',(-0.0288161746796084,0.0406949785333763,0.0512074599042387));
#2956=CARTESIAN_POINT('',(-0.0286109706270766,0.0406546344505333,0.051518198650181));
#2957=CARTESIAN_POINT('',(-0.028493290581969,0.0406313512569855,0.0516821512973077));
#2958=CARTESIAN_POINT('',(-0.0283474538920019,0.0406036376287802,0.0518649746020757));
#2959=CARTESIAN_POINT('',(-0.0283898370097354,0.040440102004417,0.0481512416821189));
#2960=CARTESIAN_POINT('',(-0.0285340272339077,0.0404659561020305,0.0483349066465397));
#2961=CARTESIAN_POINT('',(-0.0286532981887046,0.0404874044005977,0.0484987340011477));
#2962=CARTESIAN_POINT('',(-0.0288585543031436,0.0405243013362744,0.0488078072679683));
#2963=CARTESIAN_POINT('',(-0.0289443883566407,0.0405397243394377,0.0489527122673191));
#2964=CARTESIAN_POINT('',(-0.0290532227700422,0.0405592154781223,0.0491667427739169));
#2965=CARTESIAN_POINT('',(-0.0290862535506594,0.0405651175921488,0.0492374275435907));
#2966=CARTESIAN_POINT('',(-0.0291454285297278,0.0405756646332538,0.0493799155310904));
#2967=CARTESIAN_POINT('',(-0.029171572728179,0.0405803095603323,0.0494517187489163));
#2968=CARTESIAN_POINT('',(-0.0292165826751166,0.0405882749049968,0.0495988795459233));
#2969=CARTESIAN_POINT('',(-0.0292353641426554,0.0405915809262613,0.0496744435418023));
#2970=CARTESIAN_POINT('',(-0.0292554613162285,0.0405951007528446,0.0497925595392083));
#2971=CARTESIAN_POINT('',(-0.0292607497111213,0.0405960231068346,0.0498328089944891));
#2972=CARTESIAN_POINT('',(-0.0292680121170237,0.0405972822367459,0.0499143091902811));
#2973=CARTESIAN_POINT('',(-0.0292699861280333,0.0405976190126674,0.0499555599307923));
#2974=CARTESIAN_POINT('',(-0.0292701267082165,0.040597623251449,0.0500383090699847));
#2975=CARTESIAN_POINT('',(-0.0292682905342012,0.0405972903047225,0.0500795772669294));
#2976=CARTESIAN_POINT('',(-0.0292612966052472,0.0405960381011592,0.0501611163458387));
#2977=CARTESIAN_POINT('',(-0.0292561388503086,0.0405951188443221,0.0502013872278033));
#2978=CARTESIAN_POINT('',(-0.029236420235043,0.0405916073418312,0.0503195270467112));
#2979=CARTESIAN_POINT('',(-0.0292178754236792,0.0405883057626688,0.0503950953850027));
#2980=CARTESIAN_POINT('',(-0.0291733121618203,0.0405803466698942,0.0505422682693442));
#2981=CARTESIAN_POINT('',(-0.0291473817371758,0.040575704089274,0.0506140709623459));
#2982=CARTESIAN_POINT('',(-0.0290886224941261,0.0405651601776246,0.0507565487217511));
#2983=CARTESIAN_POINT('',(-0.0290557936757207,0.0405592588465955,0.0508272237881546));
#2984=CARTESIAN_POINT('',(-0.028947558420366,0.0405397677049806,0.0510412173550778));
#2985=CARTESIAN_POINT('',(-0.0288621127171462,0.0405243414121526,0.051186083717184));
#2986=CARTESIAN_POINT('',(-0.0286576546996246,0.0404874310598287,0.0514950337479792));
#2987=CARTESIAN_POINT('',(-0.028538791966745,0.0404659725443225,0.0516587773071075));
#2988=CARTESIAN_POINT('',(-0.028395044126919,0.04044010357623,0.0518423226510879));
#2989=CARTESIAN_POINT('',(-0.0284730191835257,0.0401413838236456,0.048191936250208));
#2990=CARTESIAN_POINT('',(-0.0286129593588936,0.0401640625895079,0.0483761768389449));
#2991=CARTESIAN_POINT('',(-0.0287285111274793,0.0401827320761323,0.0485390896419018));
#2992=CARTESIAN_POINT('',(-0.0289273908494766,0.0402148645557661,0.048844098315249));
#2993=CARTESIAN_POINT('',(-0.0290105676967432,0.0402283019148292,0.0489858532727779));
#2994=CARTESIAN_POINT('',(-0.0291162129768801,0.0402454095594151,0.0491940407453374));
#2995=CARTESIAN_POINT('',(-0.0291483134924225,0.0402506163374172,0.0492625915084476));
#2996=CARTESIAN_POINT('',(-0.0292058935318846,0.040259971046519,0.0494005319334388));
#2997=CARTESIAN_POINT('',(-0.0292313730558042,0.0402641189776186,0.0494699215953199));
#2998=CARTESIAN_POINT('',(-0.0292753192760707,0.0402712886863988,0.0496120688387764));
#2999=CARTESIAN_POINT('',(-0.02929370169147,0.0402742960677581,0.0496850328370498));
#3000=CARTESIAN_POINT('',(-0.0293133995275152,0.04027751671356,0.0497991788375922));
#3001=CARTESIAN_POINT('',(-0.0293185880166788,0.0402783641371355,0.0498380932938426));
#3002=CARTESIAN_POINT('',(-0.0293257170286646,0.0402795230012471,0.0499169117965538));
#3003=CARTESIAN_POINT('',(-0.0293276575514867,0.0402798344417832,0.0499568158430146));
#3004=CARTESIAN_POINT('',(-0.0293277975768175,0.0402798376068264,0.0500368715375513));
#3005=CARTESIAN_POINT('',(-0.0293259943361373,0.0402795289217472,0.0500767929838907));
#3006=CARTESIAN_POINT('',(-0.0293191326993573,0.0402783748405141,0.0501556501434994));
#3007=CARTESIAN_POINT('',(-0.0293140743032577,0.0402775294443603,0.0501945858567688));
#3008=CARTESIAN_POINT('',(-0.0292947534087367,0.0402743139254785,0.0503087550001537));
#3009=CARTESIAN_POINT('',(-0.029276606603506,0.0402713088708013,0.0503817226621803));
#3010=CARTESIAN_POINT('',(-0.0292331051037025,0.0402641412471839,0.0505238801832133));
#3011=CARTESIAN_POINT('',(-0.0292078384349806,0.0402599936112355,0.0505932681891713));
#3012=CARTESIAN_POINT('',(-0.0291506724854144,0.0402506380251449,0.0507311956714308));
#3013=CARTESIAN_POINT('',(-0.02911877320457,0.0402454300750026,0.0507997351477323));
#3014=CARTESIAN_POINT('',(-0.0290137252821305,0.0402283167544131,0.0510078802513429));
#3015=CARTESIAN_POINT('',(-0.0289309360944967,0.0402148725800883,0.0511495920472316));
#3016=CARTESIAN_POINT('',(-0.028732854616893,0.0401827204019694,0.0514544666260048));
#3017=CARTESIAN_POINT('',(-0.0286177119083453,0.0401640379421652,0.0516172892993284));
#3018=CARTESIAN_POINT('',(-0.0284782159746211,0.0401413420624871,0.0518014030285924));
#3019=CARTESIAN_POINT('',(-0.0285091914955379,0.0400065131481444,0.0482101447982969));
#3020=CARTESIAN_POINT('',(-0.0286469830515864,0.040027793868913,0.0483942766591098));
#3021=CARTESIAN_POINT('',(-0.0287606705436489,0.0400452439327519,0.0485565652265719));
#3022=CARTESIAN_POINT('',(-0.0289563482479143,0.0400752850044616,0.0488595419170073));
#3023=CARTESIAN_POINT('',(-0.0290381875536436,0.040087850458937,0.0489998892509064));
#3024=CARTESIAN_POINT('',(-0.0291422078045016,0.0401039078190025,0.0492055602310505));
#3025=CARTESIAN_POINT('',(-0.0291738299319583,0.040108807384079,0.0492732048739201));
#3026=CARTESIAN_POINT('',(-0.0292305812969295,0.0401176336984706,0.0494092264585397));
#3027=CARTESIAN_POINT('',(-0.0292557105344439,0.0401215604477856,0.0494776034002896));
#3028=CARTESIAN_POINT('',(-0.0292990858085795,0.0401283740914495,0.0496176465825734));
#3029=CARTESIAN_POINT('',(-0.0293172479277275,0.0401312466470574,0.049689519803954));
#3030=CARTESIAN_POINT('',(-0.0293367210415624,0.0401343314357877,0.049801989177372));
#3031=CARTESIAN_POINT('',(-0.0293418524969065,0.0401351446804449,0.0498403376921914));
#3032=CARTESIAN_POINT('',(-0.0293489048196427,0.0401362577130543,0.0499180172357607));
#3033=CARTESIAN_POINT('',(-0.029350825687035,0.0401365575010065,0.0499573482645106));
#3034=CARTESIAN_POINT('',(-0.0293509654111178,0.0401365602000068,0.0500362579025112));
#3035=CARTESIAN_POINT('',(-0.0293491815321972,0.0401362627031926,0.0500756062431845));
#3036=CARTESIAN_POINT('',(-0.029342396019769,0.0401351535294601,0.0501533242081072));
#3037=CARTESIAN_POINT('',(-0.0293373943862614,0.0401343418525418,0.0501916938323566));
#3038=CARTESIAN_POINT('',(-0.0293182974448636,0.0401312608204175,0.0503041859908149));
#3039=CARTESIAN_POINT('',(-0.0293003704744196,0.0401283896888823,0.0503760625850509));
#3040=CARTESIAN_POINT('',(-0.029257439086409,0.0401215763608816,0.0505161152182107));
#3041=CARTESIAN_POINT('',(-0.0292325223223389,0.0401176490372119,0.0505844900193475));
#3042=CARTESIAN_POINT('',(-0.0291761843442328,0.0401088201475081,0.0507204975362566));
#3043=CARTESIAN_POINT('',(-0.0291447631301969,0.0401039185814741,0.0507881302520287));
#3044=CARTESIAN_POINT('',(-0.029041339348387,0.0400878531352864,0.0509937566895802));
#3045=CARTESIAN_POINT('',(-0.02895988721554,0.0400752793614723,0.0511340590861091));
#3046=CARTESIAN_POINT('',(-0.0287650069640979,0.040045215870041,0.0514368974193789));
#3047=CARTESIAN_POINT('',(-0.0286517282291937,0.040027751616719,0.0515990933725011));
#3048=CARTESIAN_POINT('',(-0.0285143807177699,0.0400064527484918,0.0517830954475953));
#3049=CARTESIAN_POINT('',(-0.0285796875828724,0.0397338275323607,0.048246618918832));
#3050=CARTESIAN_POINT('',(-0.0287128993829657,0.0397523906923032,0.0484300277288685));
#3051=CARTESIAN_POINT('',(-0.0288226388899221,0.0397674776930303,0.0485907744986902));
#3052=CARTESIAN_POINT('',(-0.0290115259954676,0.03979346476377,0.0488894011838845));
#3053=CARTESIAN_POINT('',(-0.0290905234363507,0.0398043395824522,0.0490269407743859));
#3054=CARTESIAN_POINT('',(-0.0291910587693416,0.0398183537402109,0.0492277172056289));
#3055=CARTESIAN_POINT('',(-0.0292216479334617,0.0398226541875362,0.0492936173351214));
#3056=CARTESIAN_POINT('',(-0.0292765964290786,0.0398304471564584,0.0494259591883461));
#3057=CARTESIAN_POINT('',(-0.0293009557605755,0.0398339396780552,0.0494924009120784));
#3058=CARTESIAN_POINT('',(-0.0293430599854096,0.03984005074698,0.0496284182431995));
#3059=CARTESIAN_POINT('',(-0.0293607223243012,0.0398426551714936,0.0496982029469927));
#3060=CARTESIAN_POINT('',(-0.0293796792128914,0.0398454683817236,0.0498074401485531));
#3061=CARTESIAN_POINT('',(-0.0293846784502623,0.0398462130318279,0.0498446934989956));
#3062=CARTESIAN_POINT('',(-0.029391552166685,0.0398472339100526,0.0499201649192095));
#3063=CARTESIAN_POINT('',(-0.0293934266457368,0.0398475101381731,0.0499583829889808));
#3064=CARTESIAN_POINT('',(-0.0293935655381877,0.0398475119237248,0.0500350666673364));
#3065=CARTESIAN_POINT('',(-0.0293918272443919,0.0398472370797596,0.0500733017566893));
#3066=CARTESIAN_POINT('',(-0.0293852188126733,0.0398462182608919,0.0501488108649272));
#3067=CARTESIAN_POINT('',(-0.0293803486747507,0.0398454742859895,0.0501860848838122));
#3068=CARTESIAN_POINT('',(-0.0293617659486657,0.0398426621786929,0.050295343978538));
#3069=CARTESIAN_POINT('',(-0.0293443375974145,0.0398400574383814,0.0503651314142034));
#3070=CARTESIAN_POINT('',(-0.0293026752154681,0.0398339432923061,0.0505011562957625));
#3071=CARTESIAN_POINT('',(-0.0292785274419387,0.0398304485336025,0.0505675948111001));
#3072=CARTESIAN_POINT('',(-0.0292239906490223,0.039822649745916,0.0506999201774778));
#3073=CARTESIAN_POINT('',(-0.0291936016296352,0.0398183457169331,0.0507658070285179));
#3074=CARTESIAN_POINT('',(-0.0290936605815703,0.0398043188761436,0.0509665343650724));
#3075=CARTESIAN_POINT('',(-0.0290150490404713,0.0397934328704445,0.0511040253584389));
#3076=CARTESIAN_POINT('',(-0.0288269568838194,0.0397674181563286,0.0514025048998851));
#3077=CARTESIAN_POINT('',(-0.0287176249104643,0.0397523146133528,0.0515631539366289));
#3078=CARTESIAN_POINT('',(-0.0285848559017658,0.0397337312620041,0.0517464267862829));
#3079=CARTESIAN_POINT('',(-0.0286140113581948,0.0395960125920782,0.048264884491278));
#3080=CARTESIAN_POINT('',(-0.0287448041396027,0.039613271946796,0.0484476958613454));
#3081=CARTESIAN_POINT('',(-0.0288524705302239,0.0396272290455727,0.0486075356345479));
#3082=CARTESIAN_POINT('',(-0.0290377871960916,0.0396512770619929,0.0489038559490008));
#3083=CARTESIAN_POINT('',(-0.0291152878627282,0.0396613429498207,0.0490399965057955));
#3084=CARTESIAN_POINT('',(-0.0292139723544991,0.0396743759414797,0.0492383917664802));
#3085=CARTESIAN_POINT('',(-0.0292440095797869,0.0396783879097349,0.0493034516742846));
#3086=CARTESIAN_POINT('',(-0.0292979883956635,0.0396856817972425,0.0494340277927344));
#3087=CARTESIAN_POINT('',(-0.0293219299862523,0.0396889637164946,0.0494995440033799));
#3088=CARTESIAN_POINT('',(-0.0293633371086371,0.0396947321815877,0.0496336327218674));
#3089=CARTESIAN_POINT('',(-0.0293807210855411,0.0396972047629604,0.0497024158775228));
#3090=CARTESIAN_POINT('',(-0.029399387587378,0.0396998837096097,0.0498100915248074));
#3091=CARTESIAN_POINT('',(-0.0294043119182316,0.0397005943074527,0.0498468135993935));
#3092=CARTESIAN_POINT('',(-0.0294110840840761,0.0397015693444876,0.0499212116994143));
#3093=CARTESIAN_POINT('',(-0.0294129319190673,0.0397018337836793,0.0499588877248489));
#3094=CARTESIAN_POINT('',(-0.0294130702701756,0.0397018351135068,0.0500344872930996));
#3095=CARTESIAN_POINT('',(-0.0294113580999367,0.039701571607488,0.0500721801328715));
#3096=CARTESIAN_POINT('',(-0.0294048502364299,0.0397005977378502,0.0501466154196998));
#3097=CARTESIAN_POINT('',(-0.0294000545431621,0.0396998873742311,0.0501833578667562));
#3098=CARTESIAN_POINT('',(-0.029381760931651,0.0396972082233712,0.0502910548628399));
#3099=CARTESIAN_POINT('',(-0.0293646102229267,0.0396947344738623,0.0503598403899885));
#3100=CARTESIAN_POINT('',(-0.0293236436989148,0.0396889612812696,0.050493935557727));
#3101=CARTESIAN_POINT('',(-0.0292999131168174,0.0396856763197068,0.05055944795973));
#3102=CARTESIAN_POINT('',(-0.0292463449971661,0.03967837504907,0.0506900062560006));
#3103=CARTESIAN_POINT('',(-0.0292165074596124,0.0396743587399958,0.0507550521502681));
#3104=CARTESIAN_POINT('',(-0.0291184159408566,0.0396613108660382,0.0509533958554632));
#3105=CARTESIAN_POINT('',(-0.0290413003931357,0.0396512324317517,0.051089485862464));
#3106=CARTESIAN_POINT('',(-0.0288567770240738,0.0396271543152885,0.05138565434448));
#3107=CARTESIAN_POINT('',(-0.0287495173011688,0.0396131795793931,0.0515453936544997));
#3108=CARTESIAN_POINT('',(-0.028619166342613,0.0395958990895115,0.0517280657059675));
#3109=CARTESIAN_POINT('',(-0.0287142371336283,0.0391785929588509,0.0483196853856036));
#3110=CARTESIAN_POINT('',(-0.0288375128010437,0.0391921514429101,0.0485000805891066));
#3111=CARTESIAN_POINT('',(-0.0289387679601447,0.0392029121325526,0.0486568408548113));
#3112=CARTESIAN_POINT('',(-0.0291130309412877,0.0392214729120008,0.0489459001323685));
#3113=CARTESIAN_POINT('',(-0.0291858912512693,0.0392292488177734,0.0490778604595335));
#3114=CARTESIAN_POINT('',(-0.0292787984914459,0.0392394941842151,0.0492692953246729));
#3115=CARTESIAN_POINT('',(-0.0293071044623795,0.0392426843438467,0.0493319224027392));
#3116=CARTESIAN_POINT('',(-0.0293580257233055,0.0392485521743725,0.0494574044797474));
#3117=CARTESIAN_POINT('',(-0.0293806410132979,0.0392512298452667,0.0495202594786891));
#3118=CARTESIAN_POINT('',(-0.0294198164496511,0.0392560101346122,0.049648794405617));
#3119=CARTESIAN_POINT('',(-0.0294362988575979,0.0392580993931897,0.0497146909049778));
#3120=CARTESIAN_POINT('',(-0.0294540179267031,0.0392603859678348,0.0498178347585226));
#3121=CARTESIAN_POINT('',(-0.0294586965922683,0.0392609966637608,0.0498530092183466));
#3122=CARTESIAN_POINT('',(-0.0294651348402264,0.0392618369530006,0.049924275038701));
#3123=CARTESIAN_POINT('',(-0.0294668944226192,0.0392620665463144,0.0499603663992313));
#3124=CARTESIAN_POINT('',(-0.0294670308026664,0.0392620665189625,0.0500327965710867));
#3125=CARTESIAN_POINT('',(-0.0294654049935303,0.0392618365197471,0.0500689039775368));
#3126=CARTESIAN_POINT('',(-0.0294592274877964,0.0392609947569133,0.0501402051319348));
#3127=CARTESIAN_POINT('',(-0.0294546757911986,0.0392603829932949,0.0501753988798826));
#3128=CARTESIAN_POINT('',(-0.0294373250364994,0.03925809236585,0.0502785621866516));
#3129=CARTESIAN_POINT('',(-0.0294210733332585,0.0392559994421373,0.0503444598644278));
#3130=CARTESIAN_POINT('',(-0.0293823340941929,0.0392512096220596,0.050472997523847));
#3131=CARTESIAN_POINT('',(-0.0293599278818335,0.0392485265751564,0.0505358467271492));
#3132=CARTESIAN_POINT('',(-0.0293094137838852,0.0392426468449038,0.0506613066150955));
#3133=CARTESIAN_POINT('',(-0.0292813058982964,0.0392394501615544,0.0507239172997397));
#3134=CARTESIAN_POINT('',(-0.029188987000322,0.0392291836127601,0.0509152926769206));
#3135=CARTESIAN_POINT('',(-0.0291165090142946,0.0392213913013662,0.0510471962181167));
#3136=CARTESIAN_POINT('',(-0.0289430331980598,0.0392027935047434,0.0513360886876055));
#3137=CARTESIAN_POINT('',(-0.0288421813901083,0.0391920121290039,0.0514927397732941));
#3138=CARTESIAN_POINT('',(-0.0287193437056809,0.0391784299044448,0.0516729847870043));
#3139=CARTESIAN_POINT('',(-0.0287773935832058,0.0388950134535263,0.0483562248844708));
#3140=CARTESIAN_POINT('',(-0.028895260120564,0.0389063660822144,0.048534093925133));
#3141=CARTESIAN_POINT('',(-0.0289919407327556,0.0389152366579643,0.0486882708660154));
#3142=CARTESIAN_POINT('',(-0.0291583018183248,0.0389305502259546,0.0489719759132711));
#3143=CARTESIAN_POINT('',(-0.0292278367763557,0.0389369698396691,0.0491011665728316));
#3144=CARTESIAN_POINT('',(-0.02931655485375,0.0389455501738272,0.0492882208041219));
#3145=CARTESIAN_POINT('',(-0.0293435949929746,0.0389482464222086,0.0493493521827623));
#3146=CARTESIAN_POINT('',(-0.0293922608940862,0.0389532512527571,0.0494717331383245));
#3147=CARTESIAN_POINT('',(-0.0294138866559733,0.0389555598349242,0.0495329827152463));
#3148=CARTESIAN_POINT('',(-0.029451374531553,0.0389597293928394,0.0496581583292324));
#3149=CARTESIAN_POINT('',(-0.0294671625415725,0.0389615775845179,0.0497223065791583));
#3150=CARTESIAN_POINT('',(-0.029484143613317,0.0389636146832786,0.0498226628437681));
#3151=CARTESIAN_POINT('',(-0.0294886294119108,0.0389641613397834,0.0498568773505635));
#3152=CARTESIAN_POINT('',(-0.0294948044951734,0.0389649149102936,0.0499261924860705));
#3153=CARTESIAN_POINT('',(-0.0294964937798424,0.0389651218242992,0.0499612931147821));
#3154=CARTESIAN_POINT('',(-0.0294966284386404,0.0389651209201427,0.0500317417788533));
#3155=CARTESIAN_POINT('',(-0.0294950712817558,0.0389649127406737,0.0500668577409279));
#3156=CARTESIAN_POINT('',(-0.0294891538596609,0.0389641560113997,0.0501362065230189));
#3157=CARTESIAN_POINT('',(-0.0294847935944507,0.0389636074615947,0.0501704393430353));
#3158=CARTESIAN_POINT('',(-0.0294681769326947,0.0389615638833445,0.0502708134867927));
#3159=CARTESIAN_POINT('',(-0.0294526174788752,0.0389597104684523,0.0503349620101021));
#3160=CARTESIAN_POINT('',(-0.0294155621568574,0.0389555284223728,0.0504601374334289));
#3161=CARTESIAN_POINT('',(-0.0293941438885768,0.0389532130386863,0.0505213797077207));
#3162=CARTESIAN_POINT('',(-0.0293458822381999,0.0389481935665729,0.0506437352402162));
#3163=CARTESIAN_POINT('',(-0.0293190388561038,0.0389454894781461,0.0507048484984198));
#3164=CARTESIAN_POINT('',(-0.0292309051901839,0.0389368841805852,0.0508918375368809));
#3165=CARTESIAN_POINT('',(-0.0291617500619053,0.0389304458733633,0.0510209670128094));
#3166=CARTESIAN_POINT('',(-0.028996170180533,0.0389150911999847,0.0513044946892134));
#3167=CARTESIAN_POINT('',(-0.0288998894723808,0.0389061981463731,0.0514585563065055));
#3168=CARTESIAN_POINT('',(-0.0287824566684279,0.038894820224282,0.0516362672703397));
#3169=CARTESIAN_POINT('',(-0.0288965303716102,0.0383196100620894,0.048428881103249));
#3170=CARTESIAN_POINT('',(-0.0290033609406895,0.0383272009602242,0.0486003214669278));
#3171=CARTESIAN_POINT('',(-0.0290907654632038,0.0383328762204854,0.0487485408345295));
#3172=CARTESIAN_POINT('',(-0.029241081297122,0.038342695606086,0.0490207930690317));
#3173=CARTESIAN_POINT('',(-0.0293038518852921,0.0383468182861166,0.0491444914600184));
#3174=CARTESIAN_POINT('',(-0.0293839758435439,0.0383525526545073,0.0493232209229748));
#3175=CARTESIAN_POINT('',(-0.029408403803729,0.0383543990299309,0.0493815682660254));
#3176=CARTESIAN_POINT('',(-0.0294523868485728,0.0383579079678588,0.0494982319264537));
#3177=CARTESIAN_POINT('',(-0.0294719419332316,0.0383595705303631,0.0495565482438314));
#3178=CARTESIAN_POINT('',(-0.0295058664032944,0.0383626581909456,0.0496755771164438));
#3179=CARTESIAN_POINT('',(-0.0295201704084034,0.0383640718868848,0.0497365254241091));
#3180=CARTESIAN_POINT('',(-0.029535562871618,0.0383656545386235,0.0498317138317655));
#3181=CARTESIAN_POINT('',(-0.0295396314445189,0.0383660836318633,0.0498641366654418));
#3182=CARTESIAN_POINT('',(-0.0295452358275863,0.0383666774051099,0.049929799358687));
#3183=CARTESIAN_POINT('',(-0.0295467716377528,0.0383668420851166,0.0499630392182559));
#3184=CARTESIAN_POINT('',(-0.0295469022289583,0.0383668395333435,0.050029766260264));
#3185=CARTESIAN_POINT('',(-0.0295454946608481,0.0383666719816391,0.0500630197652338));
#3186=CARTESIAN_POINT('',(-0.0295401406679065,0.0383660719167241,0.0501287121438562));
#3187=CARTESIAN_POINT('',(-0.0295361942430751,0.0383656394035135,0.0501611510175087));
#3188=CARTESIAN_POINT('',(-0.0295211569895557,0.0383640458068166,0.050256353792617));
#3189=CARTESIAN_POINT('',(-0.0295070764844993,0.0383626240462972,0.0503173004676775));
#3190=CARTESIAN_POINT('',(-0.0294735759705018,0.038359518564941,0.0504363228436378));
#3191=CARTESIAN_POINT('',(-0.0294542246249637,0.0383578466468985,0.050494628685089));
#3192=CARTESIAN_POINT('',(-0.0294106388561943,0.0383543181751849,0.0506112602251919));
#3193=CARTESIAN_POINT('',(-0.029386404432963,0.0383524616215137,0.0506695859238437));
#3194=CARTESIAN_POINT('',(-0.0293068551958074,0.0383466955857083,0.0508482386309876));
#3195=CARTESIAN_POINT('',(-0.0292444580678619,0.0383425501783228,0.0509718670578727));
#3196=CARTESIAN_POINT('',(-0.0290949077284823,0.0383326824200034,0.0512439208282564));
#3197=CARTESIAN_POINT('',(-0.0290078938164347,0.0383269814689473,0.0513920126111805));
#3198=CARTESIAN_POINT('',(-0.0289014853365437,0.038319362391226,0.0515632788074219));
#3199=CARTESIAN_POINT('',(-0.0289525808378587,0.0380277606088833,0.0484650008262301));
#3200=CARTESIAN_POINT('',(-0.0290537925503247,0.0380337478357772,0.0486325690129167));
#3201=CARTESIAN_POINT('',(-0.029136502497369,0.0380380760936668,0.0487774330113348));
#3202=CARTESIAN_POINT('',(-0.029278686894027,0.0380455768816475,0.0490436072322491));
#3203=CARTESIAN_POINT('',(-0.0293380234158062,0.0380487290941395,0.0491645847118558));
#3204=CARTESIAN_POINT('',(-0.0294137483427735,0.0380532467595459,0.0493393639769969));
#3205=CARTESIAN_POINT('',(-0.0294368316802864,0.0380547267449901,0.0493964195298213));
#3206=CARTESIAN_POINT('',(-0.0294783901788642,0.0380575849215571,0.0495104579582902));
#3207=CARTESIAN_POINT('',(-0.0294968653399292,0.0380589631126801,0.0495674408339347));
#3208=CARTESIAN_POINT('',(-0.029528915918783,0.0380615677123331,0.0496836696353091));
#3209=CARTESIAN_POINT('',(-0.0295424310449138,0.0380627835248499,0.0497431592115516));
#3210=CARTESIAN_POINT('',(-0.0295569736170281,0.0380641567615039,0.0498359562543214));
#3211=CARTESIAN_POINT('',(-0.029560818009241,0.0380645312225718,0.0498675435791224));
#3212=CARTESIAN_POINT('',(-0.029566115089096,0.0380650504463575,0.0499314968471959));
#3213=CARTESIAN_POINT('',(-0.0295675677767379,0.0380651952090753,0.0499638627904684));
#3214=CARTESIAN_POINT('',(-0.0295676960065301,0.0380651919067776,0.0500288419595348));
#3215=CARTESIAN_POINT('',(-0.0295663693056188,0.0380650435459773,0.0500612205720849));
#3216=CARTESIAN_POINT('',(-0.0295613183961653,0.0380645166228724,0.0501252012489167));
#3217=CARTESIAN_POINT('',(-0.0295575941876231,0.0380641380605676,0.0501568033131982));
#3218=CARTESIAN_POINT('',(-0.0295434014865258,0.0380627518980948,0.0502496127771861));
#3219=CARTESIAN_POINT('',(-0.0295301069258767,0.0380615267743584,0.0503090997112525));
#3220=CARTESIAN_POINT('',(-0.0294984753018788,0.0380589020442004,0.0504253186101601));
#3221=CARTESIAN_POINT('',(-0.0294802016889666,0.0380575133978275,0.050482289329214));
#3222=CARTESIAN_POINT('',(-0.0294390363726599,0.0380546335829077,0.0505962921396445));
#3223=CARTESIAN_POINT('',(-0.0294161446692653,0.0380531424143606,0.0506533242310212));
#3224=CARTESIAN_POINT('',(-0.029340988690374,0.0380485901860778,0.0508280208133189));
#3225=CARTESIAN_POINT('',(-0.0292820217702643,0.0380454134871952,0.0509489238885856));
#3226=CARTESIAN_POINT('',(-0.0291405932297894,0.0380378610270048,0.0512148889770607));
#3227=CARTESIAN_POINT('',(-0.0290582681405703,0.0380335055498527,0.0513596191928833));
#3228=CARTESIAN_POINT('',(-0.0289574712678464,0.0380274886399762,0.0515270049166671));
#3229=CARTESIAN_POINT('',(-0.0290580155343053,0.037438256722833,0.0485364943076823));
#3230=CARTESIAN_POINT('',(-0.0291482690609443,0.037441624891435,0.0486955799539935));
#3231=CARTESIAN_POINT('',(-0.0292218661499666,0.0374437820655368,0.048833323399087));
#3232=CARTESIAN_POINT('',(-0.0293482493446286,0.0374475409982961,0.0490869942142886));
#3233=CARTESIAN_POINT('',(-0.029400903512575,0.0374491248558763,0.0492025925551307));
#3234=CARTESIAN_POINT('',(-0.0294680135156525,0.0374516489762829,0.0493697751696649));
#3235=CARTESIAN_POINT('',(-0.0294884522147617,0.0374525228735864,0.0494243837836691));
#3236=CARTESIAN_POINT('',(-0.0295252209881433,0.0374542935684983,0.0495334868387855));
#3237=CARTESIAN_POINT('',(-0.0295415510624157,0.0374551903661067,0.0495879812798977));
#3238=CARTESIAN_POINT('',(-0.0295698565651198,0.0374569647142639,0.0496989796646858));
#3239=CARTESIAN_POINT('',(-0.0295817826061161,0.0374578333962122,0.0497557441833355));
#3240=CARTESIAN_POINT('',(-0.0295946052852048,0.0374588349363046,0.049844030030092));
#3241=CARTESIAN_POINT('',(-0.0295979945988693,0.0374591116271226,0.049874033358525));
#3242=CARTESIAN_POINT('',(-0.0296026668710232,0.0374594969290147,0.049934738332456));
#3243=CARTESIAN_POINT('',(-0.0296039498295125,0.0374596055400887,0.0499654399779539));
#3244=CARTESIAN_POINT('',(-0.0296040728615374,0.037459600914507,0.0500270904773846));
#3245=CARTESIAN_POINT('',(-0.029602910919342,0.0374594874337947,0.0500578027128432));
#3246=CARTESIAN_POINT('',(-0.0295984754989621,0.0374590919839345,0.0501185302665667));
#3247=CARTESIAN_POINT('',(-0.0295952020207776,0.0374588100147868,0.0501485455848315));
#3248=CARTESIAN_POINT('',(-0.0295827173528802,0.0374577921458017,0.050236839830815));
#3249=CARTESIAN_POINT('',(-0.0295710053044563,0.0374569120334675,0.0502935996924316));
#3250=CARTESIAN_POINT('',(-0.0295431074519431,0.0374551136742645,0.0504045812726047));
#3251=CARTESIAN_POINT('',(-0.0295269739276475,0.0374542045815614,0.0504590602032199));
#3252=CARTESIAN_POINT('',(-0.0294905889295582,0.0374524087185834,0.0505681207392386));
#3253=CARTESIAN_POINT('',(-0.0294703374557644,0.0374515219483084,0.0506227023446421));
#3254=CARTESIAN_POINT('',(-0.0294037829800057,0.0374489583440724,0.0507897907636316));
#3255=CARTESIAN_POINT('',(-0.0293514893705882,0.037447346944381,0.0509053061754036));
#3256=CARTESIAN_POINT('',(-0.0292258396044502,0.0374435302700666,0.0511587473736383));
#3257=CARTESIAN_POINT('',(-0.0291526140469322,0.0374413428887658,0.0512963451409767));
#3258=CARTESIAN_POINT('',(-0.0290627586766592,0.0374379418187753,0.0514552321324939));
#3259=CARTESIAN_POINT('',(-0.0291073997645033,0.037140602289989,0.0485718680661533));
#3260=CARTESIAN_POINT('',(-0.0291923117792443,0.0371429565281683,0.0487263383318665));
#3261=CARTESIAN_POINT('',(-0.0292614886769705,0.0371442908939845,0.0488603134564539));
#3262=CARTESIAN_POINT('',(-0.0293801988364604,0.0371466287494731,0.0491075554282259));
#3263=CARTESIAN_POINT('',(-0.0294296033552729,0.0371476156268798,0.0492204952267438));
#3264=CARTESIAN_POINT('',(-0.0294924958328741,0.0371493639924204,0.0493840323269409));
#3265=CARTESIAN_POINT('',(-0.0295116340402398,0.0371499985083378,0.0494374863403134));
#3266=CARTESIAN_POINT('',(-0.0295460368191191,0.0371513330254214,0.0495442807027154));
#3267=CARTESIAN_POINT('',(-0.0295613013906326,0.0371520330265877,0.0495976210517448));
#3268=CARTESIAN_POINT('',(-0.0295877351656248,0.0371534605446106,0.0497061911278369));
#3269=CARTESIAN_POINT('',(-0.0295988607972534,0.0371541801141536,0.0497616904562527));
#3270=CARTESIAN_POINT('',(-0.0296108132717837,0.0371550195067668,0.0498478582640509));
#3271=CARTESIAN_POINT('',(-0.0296139716370741,0.0371552530928208,0.0498771137170915));
#3272=CARTESIAN_POINT('',(-0.0296183263377605,0.0371555790662199,0.0499362810609817));
#3273=CARTESIAN_POINT('',(-0.0296195226731563,0.037155671453565,0.0499661929518312));
#3274=CARTESIAN_POINT('',(-0.0296196428699318,0.0371556662538048,0.0500262639082655));
#3275=CARTESIAN_POINT('',(-0.0296185648368236,0.0371555684502312,0.0500561852859199));
#3276=CARTESIAN_POINT('',(-0.0296144418911917,0.0371552312850612,0.0501153726574072));
#3277=CARTESIAN_POINT('',(-0.0296113969786683,0.0371549919234647,0.0501446386512401));
#3278=CARTESIAN_POINT('',(-0.0295997759973404,0.0371541347756878,0.0502308127829627));
#3279=CARTESIAN_POINT('',(-0.0295888607219481,0.03715340290066,0.0502863064495142));
#3280=CARTESIAN_POINT('',(-0.0295628282972814,0.0371519497961699,0.0503948562258703));
#3281=CARTESIAN_POINT('',(-0.0295477574701245,0.0371512367577356,0.050448179391918));
#3282=CARTESIAN_POINT('',(-0.0295137331559167,0.0371498756441578,0.0505549278336942));
#3283=CARTESIAN_POINT('',(-0.029494779668866,0.0371492275690143,0.0506083531094227));
#3284=CARTESIAN_POINT('',(-0.0294324350725034,0.0371474376920242,0.0507717904320418));
#3285=CARTESIAN_POINT('',(-0.0293833859270821,0.0371464219765309,0.0508846432200283));
#3286=CARTESIAN_POINT('',(-0.0292653964007367,0.037144023617438,0.0511316457658997));
#3287=CARTESIAN_POINT('',(-0.0291965834553118,0.0371426575920492,0.0512654695197328));
#3288=CARTESIAN_POINT('',(-0.0291120601541695,0.0371402687488244,0.0514197332390753));
#3289=CARTESIAN_POINT('',(-0.0291998716087053,0.036541978980001,0.0486415404268906));
#3290=CARTESIAN_POINT('',(-0.0292747693482886,0.0365428799261897,0.0487867398782765));
#3291=CARTESIAN_POINT('',(-0.0293356909028784,0.0365430715088732,0.0489131873405052));
#3292=CARTESIAN_POINT('',(-0.0294400576787819,0.0365434293629891,0.0491476631605214));
#3293=CARTESIAN_POINT('',(-0.0294833805466281,0.0365435815997787,0.049255368430841));
#3294=CARTESIAN_POINT('',(-0.0295383389197712,0.0365442097677446,0.0494117751560557));
#3295=CARTESIAN_POINT('',(-0.0295550222050716,0.0365444913470356,0.0494629796558984));
#3296=CARTESIAN_POINT('',(-0.0295849432795799,0.0365451692662489,0.0495652852206222));
#3297=CARTESIAN_POINT('',(-0.0295981810687878,0.0365455656061714,0.0496163862855033));
#3298=CARTESIAN_POINT('',(-0.0296210379998466,0.0365464434273412,0.0497202436958002));
#3299=CARTESIAN_POINT('',(-0.0296306252010181,0.0365469188038485,0.0497732876953276));
#3300=CARTESIAN_POINT('',(-0.0296408994751065,0.0365474880202478,0.0498553343207087));
#3301=CARTESIAN_POINT('',(-0.0296436114509164,0.0365476489482019,0.0498831327078194));
#3302=CARTESIAN_POINT('',(-0.0296473515656982,0.0365478743904957,0.0499393025514575));
#3303=CARTESIAN_POINT('',(-0.0296483797046703,0.0365479389048353,0.0499676740079848));
#3304=CARTESIAN_POINT('',(-0.0296484938733779,0.0365479327279768,0.0500246640359056));
#3305=CARTESIAN_POINT('',(-0.0296475782511114,0.0365478618754869,0.050053042780456));
#3306=CARTESIAN_POINT('',(-0.0296440589836256,0.0365476234949934,0.0501092275774192));
#3307=CARTESIAN_POINT('',(-0.0296414553384062,0.0365474559669898,0.0501370336298321));
#3308=CARTESIAN_POINT('',(-0.029631498453749,0.0365468666486211,0.0502190825188881));
#3309=CARTESIAN_POINT('',(-0.0296221136275555,0.0365463775482289,0.0502721189372449));
#3310=CARTESIAN_POINT('',(-0.0295996440430243,0.0365454716319071,0.0503759492985129));
#3311=CARTESIAN_POINT('',(-0.0295865936914516,0.03654506108073,0.0504270299860362));
#3312=CARTESIAN_POINT('',(-0.0295570390890688,0.0365443542967294,0.050529283188502));
#3313=CARTESIAN_POINT('',(-0.0295405348382589,0.0365440580639059,0.0505804557034446));
#3314=CARTESIAN_POINT('',(-0.0294861070660388,0.0365433850995451,0.0507367522098623));
#3315=CARTESIAN_POINT('',(-0.0294431279282918,0.0365432018604959,0.0508443629091011));
#3316=CARTESIAN_POINT('',(-0.0293394538060012,0.0365427785769765,0.051078581131045));
#3317=CARTESIAN_POINT('',(-0.0292788799295505,0.0365425526004946,0.0512048666798438));
#3318=CARTESIAN_POINT('',(-0.0292043510071156,0.0365416136409641,0.0513498447655024));
#3319=CARTESIAN_POINT('',(-0.0292430069242289,0.0362409680808474,0.0486758277117583));
#3320=CARTESIAN_POINT('',(-0.029313226922748,0.0362414098712993,0.0488163787747658));
#3321=CARTESIAN_POINT('',(-0.0293703089681906,0.0362412641761555,0.0489390716640929));
#3322=CARTESIAN_POINT('',(-0.0294679979235717,0.0362410334699374,0.0491672162988576));
#3323=CARTESIAN_POINT('',(-0.0295084856747848,0.0362409357130316,0.0492723469374266));
#3324=CARTESIAN_POINT('',(-0.0295597237297579,0.03624120465622,0.0494252691255412));
#3325=CARTESIAN_POINT('',(-0.0295752514938427,0.0362413683725494,0.0494753785357274));
#3326=CARTESIAN_POINT('',(-0.0296030549878881,0.0362418184939668,0.049575503215004));
#3327=CARTESIAN_POINT('',(-0.0296153307178488,0.0362421048990548,0.0496255184840945));
#3328=CARTESIAN_POINT('',(-0.0296364812846676,0.0362427749495479,0.0497270900451216));
#3329=CARTESIAN_POINT('',(-0.0296453299964318,0.0362431534114998,0.0497789430175494));
#3330=CARTESIAN_POINT('',(-0.029654795805838,0.0362436127741714,0.0498589850599486));
#3331=CARTESIAN_POINT('',(-0.0296572922232216,0.0362437436947746,0.0498860737588715));
#3332=CARTESIAN_POINT('',(-0.0296607351668434,0.0362439273348596,0.0499407827191605));
#3333=CARTESIAN_POINT('',(-0.0296616816930815,0.0362439800543414,0.0499684029805265));
#3334=CARTESIAN_POINT('',(-0.0296617926681038,0.0362439734916366,0.0500238905918979));
#3335=CARTESIAN_POINT('',(-0.0296609555861289,0.0362439140757467,0.050051517045604));
#3336=CARTESIAN_POINT('',(-0.0296577276770779,0.0362437168285885,0.0501062384369147));
#3337=CARTESIAN_POINT('',(-0.0296553368500018,0.0362435789973203,0.0501333333745191));
#3338=CARTESIAN_POINT('',(-0.0296461808419278,0.0362430986609945,0.0502133756949662));
#3339=CARTESIAN_POINT('',(-0.029637530158864,0.0362427059628419,0.0502652201710678));
#3340=CARTESIAN_POINT('',(-0.029616759232685,0.0362420069395794,0.0503667614270798));
#3341=CARTESIAN_POINT('',(-0.0296046674386585,0.0362417059160842,0.050416754795787));
#3342=CARTESIAN_POINT('',(-0.0295772237347477,0.0362412261298493,0.0505168240699799));
#3343=CARTESIAN_POINT('',(-0.0295618718248633,0.0362410473671096,0.0505668999754656));
#3344=CARTESIAN_POINT('',(-0.0295111547404469,0.0362407323967494,0.0507197070801543));
#3345=CARTESIAN_POINT('',(-0.0294710042667814,0.0362407982755985,0.0508247396640185));
#3346=CARTESIAN_POINT('',(-0.0293739928011357,0.0362409612975698,0.0510526183265863));
#3347=CARTESIAN_POINT('',(-0.0293172497535453,0.0362410712335692,0.0511751444464565));
#3348=CARTESIAN_POINT('',(-0.0292473881392098,0.0362405895910455,0.0513154672086994));
#3349=CARTESIAN_POINT('',(-0.0293235965886375,0.0356378042524207,0.0487431372888541));
#3350=CARTESIAN_POINT('',(-0.0293852428811864,0.0356377462934232,0.048874775728238));
#3351=CARTESIAN_POINT('',(-0.0294352980996726,0.035637284297624,0.0489902116397279));
#3352=CARTESIAN_POINT('',(-0.0295207610717945,0.0356364920444615,0.0492060206297563));
#3353=CARTESIAN_POINT('',(-0.0295560556568458,0.0356361514577884,0.0493060763150498));
#3354=CARTESIAN_POINT('',(-0.0296004649775303,0.0356360180452771,0.0494520785576902));
#3355=CARTESIAN_POINT('',(-0.0296138689010943,0.0356360398868298,0.0495000033352503));
#3356=CARTESIAN_POINT('',(-0.0296377750751811,0.0356361985613603,0.0495957723907623));
#3357=CARTESIAN_POINT('',(-0.0296482773257036,0.0356363353943379,0.0496436166687141));
#3358=CARTESIAN_POINT('',(-0.0296662768473269,0.0356367064183629,0.0497406294987081));
#3359=CARTESIAN_POINT('',(-0.0296737588975561,0.0356369371533699,0.0497901116557025));
#3360=CARTESIAN_POINT('',(-0.0296817265666001,0.0356372245922138,0.0498661877105767));
#3361=CARTESIAN_POINT('',(-0.0296838231758671,0.0356373077780283,0.0498918764568361));
#3362=CARTESIAN_POINT('',(-0.0296867145592527,0.0356374244530139,0.0499437075331699));
#3363=CARTESIAN_POINT('',(-0.0296875093333714,0.035637457942185,0.0499698498632444));
#3364=CARTESIAN_POINT('',(-0.0296876137721405,0.0356374507815068,0.050022381568421));
#3365=CARTESIAN_POINT('',(-0.0296869221333626,0.0356374100496823,0.0500485280419934));
#3366=CARTESIAN_POINT('',(-0.0296842337906421,0.0356372787631406,0.0501003668422817));
#3367=CARTESIAN_POINT('',(-0.0296822370866996,0.0356371882084235,0.0501260591689976));
#3368=CARTESIAN_POINT('',(-0.0296745633538649,0.0356368785300517,0.0502021318456242));
#3369=CARTESIAN_POINT('',(-0.029667270096002,0.0356366328386571,0.0502516038571309));
#3370=CARTESIAN_POINT('',(-0.0296496336105979,0.0356362316559969,0.0503485804551498));
#3371=CARTESIAN_POINT('',(-0.0296393076615026,0.0356360796604628,0.0503964000883045));
#3372=CARTESIAN_POINT('',(-0.0296157466385505,0.035635890227867,0.0504921083004556));
#3373=CARTESIAN_POINT('',(-0.0296025115646938,0.0356358527908053,0.0505399968794519));
#3374=CARTESIAN_POINT('',(-0.0295586020880194,0.0356359383676504,0.0506858754515298));
#3375=CARTESIAN_POINT('',(-0.0295236307085572,0.0356362456823838,0.0507858269953585));
#3376=CARTESIAN_POINT('',(-0.0294388130660015,0.0356369662662245,0.0510013553797912));
#3377=CARTESIAN_POINT('',(-0.0293890788153538,0.0356373899373753,0.0511166160398229));
#3378=CARTESIAN_POINT('',(-0.0293277697366703,0.0356374044220581,0.0512480138873037));
#3379=CARTESIAN_POINT('',(-0.0293610509375225,0.0353356513231476,0.0487761595810821));
#3380=CARTESIAN_POINT('',(-0.0294187947374468,0.0353355524388682,0.0489035173703055));
#3381=CARTESIAN_POINT('',(-0.0294656569359771,0.0353351111327618,0.0490154406006545));
#3382=CARTESIAN_POINT('',(-0.0295455619850069,0.0353343454042288,0.0492252337910728));
#3383=CARTESIAN_POINT('',(-0.0295784944623213,0.0353340117802024,0.0493227880909216));
#3384=CARTESIAN_POINT('',(-0.0296197905071241,0.0353338349980079,0.0494653579396719));
#3385=CARTESIAN_POINT('',(-0.0296322246960538,0.0353338327586853,0.0495121949474844));
#3386=CARTESIAN_POINT('',(-0.0296543487082686,0.03533392766681,0.049605793964769));
#3387=CARTESIAN_POINT('',(-0.0296640385315536,0.035334024814257,0.049652555974241));
#3388=CARTESIAN_POINT('',(-0.02968059176551,0.0353343045065394,0.0497473025467119));
#3389=CARTESIAN_POINT('',(-0.0296874450439471,0.03533448440146,0.0497956086127451));
#3390=CARTESIAN_POINT('',(-0.029694722442675,0.0353347097438914,0.0498697290996568));
#3391=CARTESIAN_POINT('',(-0.0296966346548498,0.0353347751960362,0.0498947295753874));
#3392=CARTESIAN_POINT('',(-0.0296992714558633,0.0353348667007134,0.0499451476879576));
#3393=CARTESIAN_POINT('',(-0.0296999960447022,0.0353348927532459,0.0499705653247972));
#3394=CARTESIAN_POINT('',(-0.0297000971505104,0.0353348853830847,0.0500216476271738));
#3395=CARTESIAN_POINT('',(-0.0296994724701392,0.0353348519025554,0.0500470684554069));
#3396=CARTESIAN_POINT('',(-0.0296970325475991,0.0353347454559393,0.0500974921113886));
#3397=CARTESIAN_POINT('',(-0.0296952173054303,0.0353346724898524,0.0501224949391373));
#3398=CARTESIAN_POINT('',(-0.0296882255933576,0.0353344245212654,0.0501966103897954));
#3399=CARTESIAN_POINT('',(-0.0296815562346433,0.0353342294668783,0.0502449055889976));
#3400=CARTESIAN_POINT('',(-0.0296653571695959,0.0353339193163059,0.0503396132922864));
#3401=CARTESIAN_POINT('',(-0.029655839528742,0.0353338068731065,0.050386349456677));
#3402=CARTESIAN_POINT('',(-0.0296340527328691,0.0353336809198137,0.0504798852857994));
#3403=CARTESIAN_POINT('',(-0.0296217835778499,0.0353336674097203,0.0505266849505311));
#3404=CARTESIAN_POINT('',(-0.0295809758952871,0.0353337957824976,0.0506691275075112));
#3405=CARTESIAN_POINT('',(-0.0295483589993518,0.035334095615176,0.0507665751471762));
#3406=CARTESIAN_POINT('',(-0.0294690822307578,0.0353347879296123,0.0509760816753249));
#3407=CARTESIAN_POINT('',(-0.0294225316023048,0.0353351896976914,0.051087826146425));
#3408=CARTESIAN_POINT('',(-0.0293651142020366,0.0353352433029891,0.051214938122711));
#3409=CARTESIAN_POINT('',(-0.0294307989151704,0.0347324598926814,0.0488407719712606));
#3410=CARTESIAN_POINT('',(-0.0294816357552816,0.0347326044828483,0.0489605047418432));
#3411=CARTESIAN_POINT('',(-0.0295228339876955,0.0347324730774344,0.0490659773384471));
#3412=CARTESIAN_POINT('',(-0.0295928843640559,0.0347322232908497,0.0492643867247466));
#3413=CARTESIAN_POINT('',(-0.02962163092693,0.0347320976412962,0.0493570108251207));
#3414=CARTESIAN_POINT('',(-0.0296574253608669,0.0347320817767605,0.0494926267817418));
#3415=CARTESIAN_POINT('',(-0.0296681490110404,0.0347321068791541,0.0495372246747923));
#3416=CARTESIAN_POINT('',(-0.0296871350686445,0.0347322101231044,0.0496263282336808));
#3417=CARTESIAN_POINT('',(-0.0296953974760752,0.0347322882646611,0.0496708338995189));
#3418=CARTESIAN_POINT('',(-0.0297094154610616,0.0347324898449557,0.0497608756284164));
#3419=CARTESIAN_POINT('',(-0.0297151696297611,0.0347326120157095,0.049806746734079));
#3420=CARTESIAN_POINT('',(-0.0297212419975996,0.0347327603558539,0.0498768799395302));
#3421=CARTESIAN_POINT('',(-0.0297228325491086,0.034732802774208,0.0499004877844156));
#3422=CARTESIAN_POINT('',(-0.0297250251931963,0.0347328609645334,0.0499480570823533));
#3423=CARTESIAN_POINT('',(-0.0297256272857751,0.0347328767365045,0.0499720185354055));
#3424=CARTESIAN_POINT('',(-0.02972572169528,0.0347328690444024,0.0500201884383733));
#3425=CARTESIAN_POINT('',(-0.0297252129967298,0.034732845563876,0.0500441514468005));
#3426=CARTESIAN_POINT('',(-0.0297232047058288,0.0347327719397337,0.0500917225347171));
#3427=CARTESIAN_POINT('',(-0.029721705113478,0.0347327217961179,0.0501153306142065));
#3428=CARTESIAN_POINT('',(-0.0297159013649315,0.0347325502794287,0.0501854558950313));
#3429=CARTESIAN_POINT('',(-0.0297103208278027,0.0347324126765963,0.0502313148511975));
#3430=CARTESIAN_POINT('',(-0.0296966380010536,0.0347321802777174,0.0503213130671145));
#3431=CARTESIAN_POINT('',(-0.0296885388403982,0.0347320866899503,0.0503657907534461));
#3432=CARTESIAN_POINT('',(-0.0296698727383864,0.0347319520679415,0.0504548269202052));
#3433=CARTESIAN_POINT('',(-0.0296593057970302,0.0347319110336998,0.0504993854006327));
#3434=CARTESIAN_POINT('',(-0.0296239748727018,0.0347318777565344,0.0506348674890833));
#3435=CARTESIAN_POINT('',(-0.0295955276168479,0.0347319689012695,0.0507273803042898));
#3436=CARTESIAN_POINT('',(-0.0295260706116149,0.0347321426648546,0.0509254919082187));
#3437=CARTESIAN_POINT('',(-0.0294851653608866,0.0347322326573589,0.0510307793021664));
#3438=CARTESIAN_POINT('',(-0.0294346343880705,0.034732039918527,0.0511502568179794));
#3439=CARTESIAN_POINT('',(-0.0294630925439332,0.0344314213914884,0.0488723620692111));
#3440=CARTESIAN_POINT('',(-0.0295109544155064,0.0344318517049137,0.0489888338718671));
#3441=CARTESIAN_POINT('',(-0.0295497074826949,0.0344320106683172,0.0490914206785635));
#3442=CARTESIAN_POINT('',(-0.0296155052587046,0.0344322522834644,0.0492845195196252));
#3443=CARTESIAN_POINT('',(-0.0296424463831673,0.0344323284723328,0.0493747201025433));
#3444=CARTESIAN_POINT('',(-0.0296758744921668,0.0344325178867685,0.0495067990633874));
#3445=CARTESIAN_POINT('',(-0.0296858637511689,0.0344325947009196,0.0495502365385108));
#3446=CARTESIAN_POINT('',(-0.0297035049973201,0.034432770542704,0.0496369906684713));
#3447=CARTESIAN_POINT('',(-0.0297111569844691,0.0344328695703374,0.0496803073233085));
#3448=CARTESIAN_POINT('',(-0.0297240933030564,0.0344330847005569,0.0497678766827267));
#3449=CARTESIAN_POINT('',(-0.0297293798603792,0.0344332001109631,0.0498124700713979));
#3450=CARTESIAN_POINT('',(-0.0297349401783085,0.034433333668824,0.0498805418215755));
#3451=CARTESIAN_POINT('',(-0.0297363941399341,0.0344333708179197,0.0499034351471521));
#3452=CARTESIAN_POINT('',(-0.0297383980974747,0.0344334209052595,0.049949548030002));
#3453=CARTESIAN_POINT('',(-0.0297389480933899,0.0344334338435037,0.0499727675872752));
#3454=CARTESIAN_POINT('',(-0.0297390391091679,0.0344334260386722,0.0500194536808467));
#3455=CARTESIAN_POINT('',(-0.0297385791893314,0.0344334052963859,0.0500426741072463));
#3456=CARTESIAN_POINT('',(-0.029736753161826,0.0344333396131974,0.0500887871978477));
#3457=CARTESIAN_POINT('',(-0.0297353870541572,0.0344332946722951,0.0501116798620497));
#3458=CARTESIAN_POINT('',(-0.0297300864508305,0.0344331377733516,0.0501797424292208));
#3459=CARTESIAN_POINT('',(-0.0297249680544986,0.0344330068608412,0.0502243230790601));
#3460=CARTESIAN_POINT('',(-0.0297123566520383,0.0344327608505156,0.0503118468442049));
#3461=CARTESIAN_POINT('',(-0.0297048630513271,0.0344326463590188,0.0503551345387063));
#3462=CARTESIAN_POINT('',(-0.0296875323645482,0.0344324390927605,0.050441819305319));
#3463=CARTESIAN_POINT('',(-0.0296776952784806,0.0344323463179989,0.0504852163774302));
#3464=CARTESIAN_POINT('',(-0.0296447172626518,0.0344321076029218,0.0506171582908059));
#3465=CARTESIAN_POINT('',(-0.0296180668102526,0.0344319967153084,0.0507072452955375));
#3466=CARTESIAN_POINT('',(-0.0295528447123055,0.034431678214527,0.050900040842591));
#3467=CARTESIAN_POINT('',(-0.0295143755880937,0.0344314771780686,0.0510024392495589));
#3468=CARTESIAN_POINT('',(-0.0294668101087381,0.0344309976531339,0.0511186512778405));
#3469=CARTESIAN_POINT('',(-0.0295230393278532,0.033832715275382,0.0489339428691969));
#3470=CARTESIAN_POINT('',(-0.0295657886364064,0.0338338843963771,0.0490451324172875));
#3471=CARTESIAN_POINT('',(-0.0296002886331332,0.0338347462574768,0.0491426894779671));
#3472=CARTESIAN_POINT('',(-0.029658708845088,0.0338361838250252,0.0493259650927458));
#3473=CARTESIAN_POINT('',(-0.0296825282713564,0.0338367541963085,0.0494113739284222));
#3474=CARTESIAN_POINT('',(-0.029711929379027,0.0338374848756327,0.0495361981980058));
#3475=CARTESIAN_POINT('',(-0.0297206819382854,0.0338377081212523,0.0495772093451457));
#3476=CARTESIAN_POINT('',(-0.029736082364959,0.0338381124973076,0.0496590196051847));
#3477=CARTESIAN_POINT('',(-0.0297427302323743,0.0338382936277434,0.0496998187180837));
#3478=CARTESIAN_POINT('',(-0.029753912203449,0.0338386122865577,0.0497821867608428));
#3479=CARTESIAN_POINT('',(-0.0297584536216302,0.0338387499288821,0.0498241042728748));
#3480=CARTESIAN_POINT('',(-0.0297632056514797,0.0338388944668533,0.0498879465446602));
#3481=CARTESIAN_POINT('',(-0.0297644452989685,0.0338389321525391,0.0499093895909128));
#3482=CARTESIAN_POINT('',(-0.0297661536910348,0.0338389814338898,0.0499525614404795));
#3483=CARTESIAN_POINT('',(-0.0297666224356124,0.0338389930295546,0.0499742902437935));
#3484=CARTESIAN_POINT('',(-0.0297667068438677,0.0338389850281175,0.0500179947865629));
#3485=CARTESIAN_POINT('',(-0.0297663216739336,0.0338389654559448,0.0500397234803453));
#3486=CARTESIAN_POINT('',(-0.0297647785137205,0.0338389002760379,0.0500828932509062));
#3487=CARTESIAN_POINT('',(-0.0297636205234416,0.0338388546683037,0.0501043343276847));
#3488=CARTESIAN_POINT('',(-0.0297591102137555,0.0338386864527784,0.0501681654398147));
#3489=CARTESIAN_POINT('',(-0.0297547256398651,0.0338385331463909,0.0502100691730285));
#3490=CARTESIAN_POINT('',(-0.0297438470396288,0.0338381834207863,0.050292388134592));
#3491=CARTESIAN_POINT('',(-0.0297373472057335,0.0338379867651419,0.0503331565557992));
#3492=CARTESIAN_POINT('',(-0.0297222372509978,0.0338375508673067,0.0504148938331166));
#3493=CARTESIAN_POINT('',(-0.0297136271301573,0.0338373116251158,0.0504558626892266));
#3494=CARTESIAN_POINT('',(-0.0296846475081318,0.0338365315174294,0.0505805437409893));
#3495=CARTESIAN_POINT('',(-0.0296611005530849,0.0338359263482683,0.0506658343554728));
#3496=CARTESIAN_POINT('',(-0.029603220338415,0.0338344113596277,0.0508487955212797));
#3497=CARTESIAN_POINT('',(-0.0295689868318878,0.0338335070011355,0.0509461577004377));
#3498=CARTESIAN_POINT('',(-0.0295265167274043,0.0338322878988497,0.0510570788542598));
#3499=CARTESIAN_POINT('',(-0.0295506924830102,0.0335350476604687,0.0489639335712321));
#3500=CARTESIAN_POINT('',(-0.0295912393866865,0.0335366463918226,0.049072957400799));
#3501=CARTESIAN_POINT('',(-0.0296238748228217,0.0335379002536376,0.0491682801813398));
#3502=CARTESIAN_POINT('',(-0.0296790730301345,0.0335400071984462,0.0493469436423233));
#3503=CARTESIAN_POINT('',(-0.0297015358110383,0.0335408552684776,0.0494299750994933));
#3504=CARTESIAN_POINT('',(-0.0297292278360458,0.0335419043715464,0.0495511085516922));
#3505=CARTESIAN_POINT('',(-0.0297374639799916,0.0335422172171021,0.0495908695150053));
#3506=CARTESIAN_POINT('',(-0.0297519442374894,0.0335427687575272,0.0496701269401859));
#3507=CARTESIAN_POINT('',(-0.0297581883510414,0.0335430074523966,0.0497096234020534));
#3508=CARTESIAN_POINT('',(-0.0297686815794713,0.033543410251697,0.0497893210310701));
#3509=CARTESIAN_POINT('',(-0.0297729394627672,0.0335435747003956,0.0498298730369862));
#3510=CARTESIAN_POINT('',(-0.0297773892754554,0.0335437428209114,0.0498915988111323));
#3511=CARTESIAN_POINT('',(-0.0297785497109754,0.0335437857689947,0.0499123236967263));
#3512=CARTESIAN_POINT('',(-0.0297801492586174,0.033543841626633,0.0499540465526985));
#3513=CARTESIAN_POINT('',(-0.0297805883707393,0.0335438545361881,0.0499750445230766));
#3514=CARTESIAN_POINT('',(-0.0297806696189386,0.0335438464624192,0.0500172873783103));
#3515=CARTESIAN_POINT('',(-0.029780310951715,0.0335438255109217,0.0500382849501289));
#3516=CARTESIAN_POINT('',(-0.0297788704671162,0.0335437536368698,0.0500800050360908));
#3517=CARTESIAN_POINT('',(-0.0297777886497408,0.0335437027143154,0.0501007275502339));
#3518=CARTESIAN_POINT('',(-0.0297735716211289,0.0335435107773216,0.0501624414870317));
#3519=CARTESIAN_POINT('',(-0.0297694648334069,0.0335433305935513,0.0502029793040543));
#3520=CARTESIAN_POINT('',(-0.0297592638472921,0.0335428966398175,0.0502826265544489));
#3521=CARTESIAN_POINT('',(-0.0297531623519308,0.0335426423926426,0.0503220916417245));
#3522=CARTESIAN_POINT('',(-0.0297389619994302,0.0335420593062437,0.050401274598332));
#3523=CARTESIAN_POINT('',(-0.0297308631422909,0.0335417304670197,0.050440992467664));
#3524=CARTESIAN_POINT('',(-0.0297035774924505,0.0335406319841249,0.0505619800355948));
#3525=CARTESIAN_POINT('',(-0.0296813775900133,0.0335397492052374,0.0506448911920908));
#3526=CARTESIAN_POINT('',(-0.0296267010967026,0.0335375651030183,0.0508232352099915));
#3527=CARTESIAN_POINT('',(-0.0295943234679993,0.0335362689218964,0.0509183602029989));
#3528=CARTESIAN_POINT('',(-0.0295540476254028,0.0335346204099587,0.0510271119708181));
#3529=CARTESIAN_POINT('',(-0.0296010554539123,0.0329548227399564,0.049021212238049));
#3530=CARTESIAN_POINT('',(-0.0296373880875599,0.0329570714014707,0.0491255225240809));
#3531=CARTESIAN_POINT('',(-0.0296663345914992,0.0329588939060003,0.0492161108789501));
#3532=CARTESIAN_POINT('',(-0.0297152057521631,0.0329619756098409,0.0493852741297581));
#3533=CARTESIAN_POINT('',(-0.0297350304186139,0.0329632297961897,0.0494635398024242));
#3534=CARTESIAN_POINT('',(-0.0297595534918066,0.032964766215308,0.0495775088628234));
#3535=CARTESIAN_POINT('',(-0.0297668646884584,0.032965221189809,0.0496148790763627));
#3536=CARTESIAN_POINT('',(-0.0297797578090827,0.032966016374711,0.0496893510643278));
#3537=CARTESIAN_POINT('',(-0.0297853397330551,0.032966356585112,0.0497264528387536));
#3538=CARTESIAN_POINT('',(-0.0297947713578003,0.0329669218081238,0.0498013584558992));
#3539=CARTESIAN_POINT('',(-0.029798629826991,0.0329671471650021,0.0498395131373859));
#3540=CARTESIAN_POINT('',(-0.0298026776134465,0.03296737619682,0.0498976419226572));
#3541=CARTESIAN_POINT('',(-0.0298037368893766,0.0329674343735093,0.0499171676449211));
#3542=CARTESIAN_POINT('',(-0.0298051998183671,0.032967510538795,0.0499564920027412));
#3543=CARTESIAN_POINT('',(-0.0298056034714274,0.0329675285273915,0.0499762906382974));
#3544=CARTESIAN_POINT('',(-0.0298056795042522,0.0329675204628982,0.0500161348149802));
#3545=CARTESIAN_POINT('',(-0.0298053510807155,0.0329674944416348,0.05003593304307));
#3546=CARTESIAN_POINT('',(-0.0298040367884585,0.0329674022800022,0.0500752545952522));
#3547=CARTESIAN_POINT('',(-0.0298030509197383,0.0329673361396327,0.0500947779193447));
#3548=CARTESIAN_POINT('',(-0.0297992202978744,0.0329670833282563,0.0501528947603848));
#3549=CARTESIAN_POINT('',(-0.0297955025290276,0.0329668422669811,0.0501910351460954));
#3550=CARTESIAN_POINT('',(-0.0297863424271758,0.0329662459751331,0.0502658900995984));
#3551=CARTESIAN_POINT('',(-0.0297808927972024,0.0329658902673487,0.0503029603212944));
#3552=CARTESIAN_POINT('',(-0.0297682590397499,0.0329650636826883,0.0503773574131557));
#3553=CARTESIAN_POINT('',(-0.0297610749122709,0.0329645928058123,0.0504146842833209));
#3554=CARTESIAN_POINT('',(-0.0297369277744593,0.0329630073534901,0.0505285066043904));
#3555=CARTESIAN_POINT('',(-0.0297173459774386,0.0329617187863559,0.0506066512638312));
#3556=CARTESIAN_POINT('',(-0.0296689573651661,0.032958560872215,0.0507754933614332));
#3557=CARTESIAN_POINT('',(-0.0296402495120844,0.0329566966674178,0.0508658829311971));
#3558=CARTESIAN_POINT('',(-0.0296041693512504,0.0329543990383381,0.0509699200153991));
#3559=CARTESIAN_POINT('',(-0.0296242016041465,0.0326687694821838,0.0490489037890146));
#3560=CARTESIAN_POINT('',(-0.02965872355931,0.0326713187392941,0.0491512957908201));
#3561=CARTESIAN_POINT('',(-0.0296861258413101,0.0326734063838583,0.0492398850823756));
#3562=CARTESIAN_POINT('',(-0.0297323576662664,0.0326769430795631,0.0494048139159228));
#3563=CARTESIAN_POINT('',(-0.0297510887812969,0.0326783871960688,0.0494808490662552));
#3564=CARTESIAN_POINT('',(-0.0297742886352702,0.0326801509354886,0.0495913327032874));
#3565=CARTESIAN_POINT('',(-0.0297812115520405,0.0326806720832909,0.0496275181776002));
#3566=CARTESIAN_POINT('',(-0.029793433407942,0.0326815804237263,0.0496995773024816));
#3567=CARTESIAN_POINT('',(-0.0297987323470734,0.0326819676163597,0.0497354509530502));
#3568=CARTESIAN_POINT('',(-0.0298077030058335,0.0326826076219636,0.0498078594160946));
#3569=CARTESIAN_POINT('',(-0.0298113833568738,0.0326828607738228,0.0498447395854815));
#3570=CARTESIAN_POINT('',(-0.0298152493525109,0.0326831174667282,0.0499009333700703));
#3571=CARTESIAN_POINT('',(-0.0298162622625693,0.0326831825252161,0.0499198102200179));
#3572=CARTESIAN_POINT('',(-0.0298176620618095,0.032683267837486,0.0499578317007011));
#3573=CARTESIAN_POINT('',(-0.0298180489509912,0.032683288091268,0.0499769763314366));
#3574=CARTESIAN_POINT('',(-0.0298181221979089,0.0326832800010479,0.0500155099776475));
#3575=CARTESIAN_POINT('',(-0.0298178077634677,0.0326832516886484,0.0500346541818528));
#3576=CARTESIAN_POINT('',(-0.0298165510799559,0.0326831503294499,0.0500726727993007));
#3577=CARTESIAN_POINT('',(-0.0298156088308853,0.0326830772826509,0.0500915472125435));
#3578=CARTESIAN_POINT('',(-0.0298119518134859,0.0326827967409243,0.0501477289360848));
#3579=CARTESIAN_POINT('',(-0.0298084067749691,0.0326825278446667,0.0501845947301964));
#3580=CARTESIAN_POINT('',(-0.0297996970534677,0.0326818567167077,0.0502569525166245));
#3581=CARTESIAN_POINT('',(-0.0297945251875297,0.0326814540152511,0.0502927946057524));
#3582=CARTESIAN_POINT('',(-0.0297825523940347,0.0326805143051059,0.0503647788047819));
#3583=CARTESIAN_POINT('',(-0.0297757514664778,0.0326799772964171,0.0504009209146836));
#3584=CARTESIAN_POINT('',(-0.0297529125145129,0.0326781647610851,0.050511257718969));
#3585=CARTESIAN_POINT('',(-0.0297344145305458,0.03267668657189,0.0505871717978848));
#3586=CARTESIAN_POINT('',(-0.0296886463674509,0.0326730747533695,0.0507517796657388));
#3587=CARTESIAN_POINT('',(-0.0296614736042091,0.0326709461859068,0.0508401703967235));
#3588=CARTESIAN_POINT('',(-0.0296271951514215,0.0326683490835942,0.0509422900097457));
#3589=CARTESIAN_POINT('',(-0.0296675324335087,0.0320955385253973,0.0491033376422414));
#3590=CARTESIAN_POINT('',(-0.0296984586320846,0.0320984842727943,0.0492013455477466));
#3591=CARTESIAN_POINT('',(-0.0297228564239428,0.0321009264273148,0.0492857206865126));
#3592=CARTESIAN_POINT('',(-0.029763968156528,0.0321050727303464,0.0494420733225891));
#3593=CARTESIAN_POINT('',(-0.0297805891375473,0.0321067722183692,0.0495137633388882));
#3594=CARTESIAN_POINT('',(-0.0298012211793571,0.0321088404757938,0.0496175802178495));
#3595=CARTESIAN_POINT('',(-0.0298073875201044,0.0321094500246328,0.0496515197931932));
#3596=CARTESIAN_POINT('',(-0.029818293886019,0.0321105089728836,0.0497190202245196));
#3597=CARTESIAN_POINT('',(-0.0298230339111864,0.0321109583722951,0.0497525810805023));
#3598=CARTESIAN_POINT('',(-0.029831083343407,0.0321116966128679,0.0498202774556988));
#3599=CARTESIAN_POINT('',(-0.0298344009023489,0.0321119857740904,0.0498547391453287));
#3600=CARTESIAN_POINT('',(-0.0298378933478712,0.0321122780772845,0.0499072451939894));
#3601=CARTESIAN_POINT('',(-0.0298388101808968,0.032112351938576,0.0499248827959122));
#3602=CARTESIAN_POINT('',(-0.0298400786897948,0.0321124489316051,0.0499604113813578));
#3603=CARTESIAN_POINT('',(-0.0298404303656672,0.0321124720633428,0.0499783023648806));
#3604=CARTESIAN_POINT('',(-0.0298404980340689,0.0321124640139236,0.0500143199237209));
#3605=CARTESIAN_POINT('',(-0.0298402132733548,0.0321124328635862,0.0500322104439521));
#3606=CARTESIAN_POINT('',(-0.0298390768907422,0.0321123199041537,0.0500677360844226));
#3607=CARTESIAN_POINT('',(-0.0298382252688437,0.0321122380950585,0.0500853712046617));
#3608=CARTESIAN_POINT('',(-0.0298349256043409,0.032111922068383,0.0501378651429695));
#3609=CARTESIAN_POINT('',(-0.029831732762929,0.0321116172514125,0.0501723125386283));
#3610=CARTESIAN_POINT('',(-0.029823923579119,0.0321108480924136,0.050239959150605));
#3611=CARTESIAN_POINT('',(-0.0298193004528205,0.0321103833067275,0.0502734890139114));
#3612=CARTESIAN_POINT('',(-0.0298086230478051,0.032109293320012,0.0503409158534745));
#3613=CARTESIAN_POINT('',(-0.0298025687690881,0.0321086681189825,0.0503748128297313));
#3614=CARTESIAN_POINT('',(-0.0297822680788629,0.0321065518884241,0.050478485425399));
#3615=CARTESIAN_POINT('',(-0.0297658608666864,0.0321048191366143,0.0505500565636217));
#3616=CARTESIAN_POINT('',(-0.0297251741706613,0.0321006001852834,0.0507060946431258));
#3617=CARTESIAN_POINT('',(-0.0297009866907052,0.0320981187664103,0.0507902753630067));
#3618=CARTESIAN_POINT('',(-0.029670284042415,0.0320951275112933,0.0508880175606088));
#3619=CARTESIAN_POINT('',(-0.0296877171126368,0.0318083608263835,0.0491300799445026));
#3620=CARTESIAN_POINT('',(-0.0297168181520546,0.0318113893696399,0.0492254704572826));
#3621=CARTESIAN_POINT('',(-0.0297397206413777,0.0318139094430233,0.0493075357215947));
#3622=CARTESIAN_POINT('',(-0.0297782916146361,0.0318181907471318,0.0494594422127825));
#3623=CARTESIAN_POINT('',(-0.0297938710447338,0.0318199475131873,0.0495290080376808));
#3624=CARTESIAN_POINT('',(-0.0298132285700224,0.0318220831832623,0.0496296718267935));
#3625=CARTESIAN_POINT('',(-0.0298190178949223,0.0318227121081424,0.0496625667597474));
#3626=CARTESIAN_POINT('',(-0.0298292651023702,0.0318238036242881,0.0497279650518516));
#3627=CARTESIAN_POINT('',(-0.0298337229849184,0.0318242662155536,0.0497604684110019));
#3628=CARTESIAN_POINT('',(-0.0298413022323705,0.0318250246611444,0.0498260113085294));
#3629=CARTESIAN_POINT('',(-0.0298444314066468,0.0318253208220831,0.0498593633126833));
#3630=CARTESIAN_POINT('',(-0.0298477284013079,0.0318256198652658,0.0499101707193903));
#3631=CARTESIAN_POINT('',(-0.0298485946050694,0.0318256953466224,0.0499272364217053));
#3632=CARTESIAN_POINT('',(-0.0298497937415779,0.0318257944756872,0.0499616123877257));
#3633=CARTESIAN_POINT('',(-0.029850126674325,0.0318258181233952,0.0499789226514311));
#3634=CARTESIAN_POINT('',(-0.0298501915867085,0.0318258101509227,0.0500137725014643));
#3635=CARTESIAN_POINT('',(-0.0298499228409108,0.0318257785610022,0.0500310822871229));
#3636=CARTESIAN_POINT('',(-0.0298488504345729,0.0318256636172342,0.0500654552957932));
#3637=CARTESIAN_POINT('',(-0.0298480467740327,0.0318255802633867,0.0500825185188049));
#3638=CARTESIAN_POINT('',(-0.0298449346541524,0.0318252577211166,0.0501333139179732));
#3639=CARTESIAN_POINT('',(-0.0298419250565525,0.031824946051966,0.0501666518242629));
#3640=CARTESIAN_POINT('',(-0.0298345760732162,0.0318241569792578,0.0502321459790831));
#3641=CARTESIAN_POINT('',(-0.0298302301886171,0.0318236791506835,0.0502646189818714));
#3642=CARTESIAN_POINT('',(-0.0298202022259411,0.0318225569213628,0.0503299451872625));
#3643=CARTESIAN_POINT('',(-0.0298145201478644,0.0318219125206166,0.0503627983898652));
#3644=CARTESIAN_POINT('',(-0.0297954795119947,0.0318197294785224,0.0504633208209816));
#3645=CARTESIAN_POINT('',(-0.0297801042085909,0.0318179399442769,0.0505327702546913));
#3646=CARTESIAN_POINT('',(-0.0297419383318744,0.0318135873215975,0.0506843689757688));
#3647=CARTESIAN_POINT('',(-0.0297192358967445,0.031811028812944,0.0507662440678452));
#3648=CARTESIAN_POINT('',(-0.0296903471332374,0.0318079558937364,0.0508613751171254));
#3649=CARTESIAN_POINT('',(-0.0297254110867918,0.0312331211057416,0.0491826254768019));
#3650=CARTESIAN_POINT('',(-0.0297508890930855,0.0312361374701742,0.0492720436515359));
#3651=CARTESIAN_POINT('',(-0.029770865920538,0.0312386601068173,0.0493491219392537));
#3652=CARTESIAN_POINT('',(-0.0298044765361627,0.0312429493589494,0.0494918421690768));
#3653=CARTESIAN_POINT('',(-0.0298180306445854,0.031244711979734,0.0495572376988866));
#3654=CARTESIAN_POINT('',(-0.0298348993624769,0.0312468515952266,0.049651911305639));
#3655=CARTESIAN_POINT('',(-0.0298399502653356,0.0312474810032712,0.0496828557724271));
#3656=CARTESIAN_POINT('',(-0.0298489011231323,0.0312485718269539,0.0497443686946988));
#3657=CARTESIAN_POINT('',(-0.0298528010780703,0.0312490332425921,0.0497749371501822));
#3658=CARTESIAN_POINT('',(-0.0298594430983147,0.0312497876832952,0.0498365488427986));
#3659=CARTESIAN_POINT('',(-0.0298621921509543,0.0312500809826982,0.0498678716545739));
#3660=CARTESIAN_POINT('',(-0.0298650926472035,0.0312503765859607,0.0499155650359163));
#3661=CARTESIAN_POINT('',(-0.0298658556321682,0.0312504510627411,0.0499315810236437));
#3662=CARTESIAN_POINT('',(-0.029866913050113,0.0312505488236179,0.0499638383395714));
#3663=CARTESIAN_POINT('',(-0.0298672074830932,0.0312505721077144,0.0499800796677718));
#3664=CARTESIAN_POINT('',(-0.0298672669393213,0.0312505644058201,0.0500127766172254));
#3665=CARTESIAN_POINT('',(-0.0298670313038785,0.0312505334487467,0.0500290174484104));
#3666=CARTESIAN_POINT('',(-0.0298660899790571,0.0312504204070503,0.0500612718430655));
#3667=CARTESIAN_POINT('',(-0.0298653842896785,0.0312503383224272,0.0500772854065354));
#3668=CARTESIAN_POINT('',(-0.0298626531504055,0.0312500200042874,0.0501249672244249));
#3669=CARTESIAN_POINT('',(-0.029860013629374,0.0312497117064999,0.050156276606324));
#3670=CARTESIAN_POINT('',(-0.0298535824497007,0.0312489276171579,0.0502178425316805));
#3671=CARTESIAN_POINT('',(-0.029849784976287,0.0312484514453252,0.0502483824868424));
#3672=CARTESIAN_POINT('',(-0.0298410344653291,0.0312473308881414,0.0503098277238474));
#3673=CARTESIAN_POINT('',(-0.0298360814277848,0.0312466865027903,0.0503407330056905));
#3674=CARTESIAN_POINT('',(-0.0298195012734908,0.0312445010876666,0.0504352738538129));
#3675=CARTESIAN_POINT('',(-0.0298061322174024,0.0312427068460254,0.0505005602765087));
#3676=CARTESIAN_POINT('',(-0.029772886409515,0.0312383489967476,0.0506429921810357));
#3677=CARTESIAN_POINT('',(-0.029753088518195,0.031235789486809,0.0507198923302378));
#3678=CARTESIAN_POINT('',(-0.0297277988521808,0.0312327307776972,0.0508090681329097));
#3679=CARTESIAN_POINT('',(-0.0297429203818186,0.0309450590841134,0.04920842870684));
#3680=CARTESIAN_POINT('',(-0.0297666298041428,0.0309479912661537,0.0492945862238345));
#3681=CARTESIAN_POINT('',(-0.0297852018756203,0.0309504479807782,0.0493690463683218));
#3682=CARTESIAN_POINT('',(-0.0298164367454275,0.0309546263368662,0.049507091399189));
#3683=CARTESIAN_POINT('',(-0.0298290253322258,0.0309563442577718,0.0495704467839211));
#3684=CARTESIAN_POINT('',(-0.0298447016315402,0.0309584284639879,0.049662265728634));
#3685=CARTESIAN_POINT('',(-0.0298493975020725,0.0309590413272775,0.0496922940972298));
#3686=CARTESIAN_POINT('',(-0.0298577220850011,0.0309601029120259,0.0497519966113742));
#3687=CARTESIAN_POINT('',(-0.0298613507973974,0.0309605516334845,0.0497816707569228));
#3688=CARTESIAN_POINT('',(-0.0298675330310628,0.030961284536971,0.0498414664945427));
#3689=CARTESIAN_POINT('',(-0.0298700930601423,0.0309615689745099,0.0498718484747613));
#3690=CARTESIAN_POINT('',(-0.0298727952089637,0.0309618553921897,0.0499180928248945));
#3691=CARTESIAN_POINT('',(-0.0298735062761045,0.0309619274916449,0.0499336195049064));
#3692=CARTESIAN_POINT('',(-0.0298744922349255,0.0309620220747922,0.0499648875269807));
#3693=CARTESIAN_POINT('',(-0.0298747671266057,0.0309620445584842,0.0499806288690432));
#3694=CARTESIAN_POINT('',(-0.0298748238573106,0.0309620370405515,0.0500123170840005));
#3695=CARTESIAN_POINT('',(-0.0298746050765783,0.030962007067061,0.0500280579230112));
#3696=CARTESIAN_POINT('',(-0.0298737299197709,0.0309618975661647,0.0500593230649723));
#3697=CARTESIAN_POINT('',(-0.0298730735436957,0.0309618180387589,0.0500748473679225));
#3698=CARTESIAN_POINT('',(-0.029870533067696,0.030961509438368,0.0501210804739955));
#3699=CARTESIAN_POINT('',(-0.0298680776199969,0.0309612103472094,0.0501514494743405));
#3700=CARTESIAN_POINT('',(-0.0298620967051475,0.0309604484508264,0.0502112013412923));
#3701=CARTESIAN_POINT('',(-0.0298585658222782,0.0309599852914216,0.0502408481697807));
#3702=CARTESIAN_POINT('',(-0.0298504323456765,0.0309588946051946,0.05030048580754));
#3703=CARTESIAN_POINT('',(-0.0298458297519442,0.0309582670783725,0.0503304766168108));
#3704=CARTESIAN_POINT('',(-0.0298304281144921,0.0309561380292941,0.0504221683019326));
#3705=CARTESIAN_POINT('',(-0.0298180151605109,0.0309543891441033,0.0504854192308793));
#3706=CARTESIAN_POINT('',(-0.0297871248892785,0.0309501436357506,0.0506231882447429));
#3707=CARTESIAN_POINT('',(-0.0297687210205128,0.0309476508290723,0.0506974778335837));
#3708=CARTESIAN_POINT('',(-0.029745187480302,0.0309446772792149,0.0507834035921775));
#3709=CARTESIAN_POINT('',(-0.0297755496747761,0.0303682908368691,0.049259106271174));
#3710=CARTESIAN_POINT('',(-0.0297959535625885,0.0303709798221803,0.0493387158250622));
#3711=CARTESIAN_POINT('',(-0.0298119392037568,0.0303732403234332,0.0494079846303429));
#3712=CARTESIAN_POINT('',(-0.0298388097301286,0.0303770868503363,0.0495368190322785));
#3713=CARTESIAN_POINT('',(-0.0298496321214109,0.0303786697428848,0.0495961913643879));
#3714=CARTESIAN_POINT('',(-0.0298631167254633,0.0303805881331056,0.0496824610744319));
#3715=CARTESIAN_POINT('',(-0.029867157861292,0.0303811518131593,0.0497107131529018));
#3716=CARTESIAN_POINT('',(-0.0298743223062179,0.0303821272103044,0.0497669059950426));
#3717=CARTESIAN_POINT('',(-0.029877445615315,0.0303825389273958,0.0497948467587135));
#3718=CARTESIAN_POINT('',(-0.029882764044423,0.0303832100023606,0.0498511146395473));
#3719=CARTESIAN_POINT('',(-0.0298849646446952,0.0303834695754012,0.0498796610309394));
#3720=CARTESIAN_POINT('',(-0.0298872875458731,0.0303837304434257,0.0499230700914053));
#3721=CARTESIAN_POINT('',(-0.029887898846394,0.0303837959841778,0.0499376380237901));
#3722=CARTESIAN_POINT('',(-0.0298887471013909,0.0303838818110244,0.049966965512505));
#3723=CARTESIAN_POINT('',(-0.0298889840558671,0.0303839020971188,0.0499817250688349));
#3724=CARTESIAN_POINT('',(-0.0298890352724732,0.0303838949905044,0.050011430938259));
#3725=CARTESIAN_POINT('',(-0.0298888489982752,0.0303838676242515,0.0500261899807202));
#3726=CARTESIAN_POINT('',(-0.0298881008620882,0.0303837676919258,0.0500555146859922));
#3727=CARTESIAN_POINT('',(-0.0298875390000992,0.030383695125853,0.0500700803488031));
#3728=CARTESIAN_POINT('',(-0.0298853622982624,0.0303834132670113,0.0501134788750375));
#3729=CARTESIAN_POINT('',(-0.0298832563425448,0.0303831398136191,0.0501420132762626));
#3730=CARTESIAN_POINT('',(-0.0298781202064793,0.0303824412204084,0.0501982414183282));
#3731=CARTESIAN_POINT('',(-0.0298750854655262,0.0303820157823328,0.0502261574428585));
#3732=CARTESIAN_POINT('',(-0.029868093794763,0.0303810127088171,0.0502822915293082));
#3733=CARTESIAN_POINT('',(-0.029864136864953,0.030380435073377,0.0503105095912276));
#3734=CARTESIAN_POINT('',(-0.0298508995277143,0.0303784739993742,0.0503966640286601));
#3735=CARTESIAN_POINT('',(-0.0298402343263378,0.0303768616241119,0.0504559420415538));
#3736=CARTESIAN_POINT('',(-0.0298136690132671,0.030372951196556,0.0505845272080472));
#3737=CARTESIAN_POINT('',(-0.029797830752929,0.0303706563581433,0.0506536419438987));
#3738=CARTESIAN_POINT('',(-0.0297775785204899,0.0303679281832124,0.0507330427540458));
#3739=CARTESIAN_POINT('',(-0.0297906696727067,0.0300795846112531,0.04928398060547));
#3740=CARTESIAN_POINT('',(-0.0298095245361737,0.0300821100693295,0.0493602643116053));
#3741=CARTESIAN_POINT('',(-0.0298243179487612,0.0300842363345681,0.0494269358199163));
#3742=CARTESIAN_POINT('',(-0.0298491818003862,0.0300878551723856,0.0495512082549785));
#3743=CARTESIAN_POINT('',(-0.0298591959948947,0.0300893449251731,0.0496086352436388));
#3744=CARTESIAN_POINT('',(-0.0298716723056512,0.0300911495394661,0.0496922175627425));
#3745=CARTESIAN_POINT('',(-0.029875411111518,0.0300916795992546,0.0497196136490993));
#3746=CARTESIAN_POINT('',(-0.029882037193075,0.0300925963663477,0.0497741183366413));
#3747=CARTESIAN_POINT('',(-0.029884924468765,0.0300929830736524,0.0498012269378264));
#3748=CARTESIAN_POINT('',(-0.0298898358885626,0.0300936127399124,0.049855798543209));
#3749=CARTESIAN_POINT('',(-0.0298918649649052,0.0300938558925181,0.0498834588942128));
#3750=CARTESIAN_POINT('',(-0.0298940058525927,0.0300940999808279,0.0499254954504523));
#3751=CARTESIAN_POINT('',(-0.0298945690273507,0.0300941612368312,0.049939598640821));
#3752=CARTESIAN_POINT('',(-0.0298953506718426,0.0300942413486695,0.0499679843993473));
#3753=CARTESIAN_POINT('',(-0.0298955691415765,0.0300942602045044,0.0499822669675048));
#3754=CARTESIAN_POINT('',(-0.0298956175799379,0.0300942533293703,0.0500110088494861));
#3755=CARTESIAN_POINT('',(-0.029895447056733,0.0300942276239623,0.0500252908997442));
#3756=CARTESIAN_POINT('',(-0.0298947601593774,0.0300941338639951,0.0500536739333395));
#3757=CARTESIAN_POINT('',(-0.0298942437852268,0.0300940658094359,0.0500677749166766));
#3758=CARTESIAN_POINT('',(-0.0298922413370949,0.0300938014018277,0.050109801338122));
#3759=CARTESIAN_POINT('',(-0.0298903019374335,0.030093544804848,0.0501374502476646));
#3760=CARTESIAN_POINT('',(-0.0298855633402359,0.0300928884526524,0.0501919843735917));
#3761=CARTESIAN_POINT('',(-0.0298827600381548,0.0300924884290049,0.0502190696452972));
#3762=CARTESIAN_POINT('',(-0.0298762976629987,0.0300915447881627,0.0502735189249673));
#3763=CARTESIAN_POINT('',(-0.0298726385899237,0.030091001170968,0.0503008829329319));
#3764=CARTESIAN_POINT('',(-0.0298603960681642,0.0300891550813905,0.0503843565393781));
#3765=CARTESIAN_POINT('',(-0.0298505300350018,0.0300876366688269,0.050441694754075));
#3766=CARTESIAN_POINT('',(-0.0298259521637457,0.0300839557144068,0.0505657325709907));
#3767=CARTESIAN_POINT('',(-0.0298112959918726,0.0300817960650431,0.050632258997236));
#3768=CARTESIAN_POINT('',(-0.0297925809325569,0.0300792325856922,0.0507083464566462));
#3769=CARTESIAN_POINT('',(-0.0298188064584766,0.0295017680746599,0.0493328105548011));
#3770=CARTESIAN_POINT('',(-0.0298347869696632,0.0295039175709878,0.049402477370697));
#3771=CARTESIAN_POINT('',(-0.029847391592774,0.0295057325803077,0.0494640053033751));
#3772=CARTESIAN_POINT('',(-0.0298685774433021,0.0295088227183768,0.0495792801778252));
#3773=CARTESIAN_POINT('',(-0.0298771149249747,0.0295100956539548,0.0496328918344154));
#3774=CARTESIAN_POINT('',(-0.029887742232834,0.0295116360940778,0.0497112245891035));
#3775=CARTESIAN_POINT('',(-0.0298909252504463,0.0295120882366009,0.0497369524612597));
#3776=CARTESIAN_POINT('',(-0.0298965583782898,0.0295128694514538,0.0497881714302012));
#3777=CARTESIAN_POINT('',(-0.0298990084885209,0.0295131985237837,0.0498136625269864));
#3778=CARTESIAN_POINT('',(-0.0299031617309026,0.0295137332030929,0.0498649372619612));
#3779=CARTESIAN_POINT('',(-0.0299048686992359,0.0295139389606894,0.0498908743921114));
#3780=CARTESIAN_POINT('',(-0.0299066665051959,0.0295141449542515,0.0499302400008998));
#3781=CARTESIAN_POINT('',(-0.0299071386660926,0.0295141965116335,0.0499434385227565));
#3782=CARTESIAN_POINT('',(-0.0299077940778301,0.0295142637004957,0.0499699905825858));
#3783=CARTESIAN_POINT('',(-0.029907977328671,0.029514279331976,0.0499833441205584));
#3784=CARTESIAN_POINT('',(-0.0299080202257548,0.0295142729574106,0.0500102079242146));
#3785=CARTESIAN_POINT('',(-0.0299078794691561,0.0295142509751359,0.0500235609404671));
#3786=CARTESIAN_POINT('',(-0.0299073080938335,0.0295141711280433,0.0500501104093507));
#3787=CARTESIAN_POINT('',(-0.0299068774751096,0.0295141132632253,0.0500633068619817));
#3788=CARTESIAN_POINT('',(-0.0299052026479836,0.0295138884061178,0.0501026631857366));
#3789=CARTESIAN_POINT('',(-0.0299035754686275,0.0295136701511745,0.0501285900227224));
#3790=CARTESIAN_POINT('',(-0.0298995762392844,0.0295131106004043,0.0501798319325616));
#3791=CARTESIAN_POINT('',(-0.0298972009968737,0.0295127690957974,0.0502053026039979));
#3792=CARTESIAN_POINT('',(-0.0298917136593274,0.0295119627615709,0.0502564730642474));
#3793=CARTESIAN_POINT('',(-0.0298886015641918,0.0295114979319513,0.0502821728530608));
#3794=CARTESIAN_POINT('',(-0.0298781816038276,0.0295099186557204,0.0503604104220823));
#3795=CARTESIAN_POINT('',(-0.0298697747100903,0.029508618853208,0.0504139447344497));
#3796=CARTESIAN_POINT('',(-0.0298488377643447,0.0295054704571018,0.0505290150395109));
#3797=CARTESIAN_POINT('',(-0.0298363510082859,0.0295036241132247,0.050590416339781));
#3798=CARTESIAN_POINT('',(-0.0298204877872839,0.0295014390735015,0.0506599124457612));
#3799=CARTESIAN_POINT('',(-0.0298318166693137,0.0292126552656993,0.0493567670721375));
#3800=CARTESIAN_POINT('',(-0.0298464715877867,0.0292145891753046,0.0494231430329282));
#3801=CARTESIAN_POINT('',(-0.0298580794216756,0.0292162243967625,0.0494821247886179));
#3802=CARTESIAN_POINT('',(-0.0298775935597115,0.0292190087641731,0.0495929641440554));
#3803=CARTESIAN_POINT('',(-0.0298854623675059,0.029220156030265,0.0496447057850757));
#3804=CARTESIAN_POINT('',(-0.0298952487801272,0.0292215436715949,0.0497204762614888));
#3805=CARTESIAN_POINT('',(-0.0298981782860826,0.0292219508148515,0.0497453918658948));
#3806=CARTESIAN_POINT('',(-0.0299033567335826,0.0292226538997459,0.049795013163399));
#3807=CARTESIAN_POINT('',(-0.0299056056751271,0.0292229498413838,0.0498197188564971));
#3808=CARTESIAN_POINT('',(-0.0299094076925646,0.0292234301291291,0.0498693928622079));
#3809=CARTESIAN_POINT('',(-0.0299109640566144,0.0292236146043368,0.049894492739358));
#3810=CARTESIAN_POINT('',(-0.0299126007761297,0.029223798970108,0.0499325597920602));
#3811=CARTESIAN_POINT('',(-0.029913030044875,0.0292238450341916,0.0499453183491237));
#3812=CARTESIAN_POINT('',(-0.0299136258302531,0.0292239049060051,0.0499709783631655));
#3813=CARTESIAN_POINT('',(-0.0299137923468859,0.0292239187137347,0.0499838798201438));
#3814=CARTESIAN_POINT('',(-0.0299138324847801,0.0292239125988331,0.0500098294549377));
#3815=CARTESIAN_POINT('',(-0.0299137057476953,0.0292238926990776,0.0500227303903896));
#3816=CARTESIAN_POINT('',(-0.029913188667296,0.0292238206829644,0.0500483878888947));
#3817=CARTESIAN_POINT('',(-0.0299127983239816,0.0292237685666068,0.0500611444519478));
#3818=CARTESIAN_POINT('',(-0.0299112768934453,0.0292235660946416,0.0500992026697459));
#3819=CARTESIAN_POINT('',(-0.0299097954056302,0.0292233696161418,0.0501242928531293));
#3820=CARTESIAN_POINT('',(-0.0299061380750915,0.0292228654088203,0.0501739364281953));
#3821=CARTESIAN_POINT('',(-0.0299039594960048,0.0292225575010445,0.0501986231900917));
#3822=CARTESIAN_POINT('',(-0.0298989180004466,0.0292218302275245,0.0502481995294905));
#3823=CARTESIAN_POINT('',(-0.0298960550839752,0.0292214108617804,0.0502730891069929));
#3824=CARTESIAN_POINT('',(-0.0298864630638593,0.0292199858029887,0.0503487713632278));
#3825=CARTESIAN_POINT('',(-0.0298787163001575,0.0292188126466822,0.0504004415432231));
#3826=CARTESIAN_POINT('',(-0.0298594332119034,0.0292159721538968,0.0505110917576365));
#3827=CARTESIAN_POINT('',(-0.0298479339981647,0.0292143067457466,0.0505699563414056));
#3828=CARTESIAN_POINT('',(-0.0298333856841997,0.0292123386832875,0.0506361746300093));
#3829=CARTESIAN_POINT('',(-0.0298559083022148,0.028634285079383,0.0494037735683842));
#3830=CARTESIAN_POINT('',(-0.0298681526689547,0.0286357769351627,0.0494638020922081));
#3831=CARTESIAN_POINT('',(-0.0298779569332664,0.0286370420091425,0.0495178347718711));
#3832=CARTESIAN_POINT('',(-0.0298944484734907,0.0286391965034604,0.0496200106962186));
#3833=CARTESIAN_POINT('',(-0.0299011099706608,0.0286400846313942,0.0496680742192779));
#3834=CARTESIAN_POINT('',(-0.0299093752346676,0.0286411576440023,0.049738784264677));
#3835=CARTESIAN_POINT('',(-0.0299118455580203,0.0286414722251097,0.049762091747119));
#3836=CARTESIAN_POINT('',(-0.0299161990783543,0.0286420148125236,0.0498085475758395));
#3837=CARTESIAN_POINT('',(-0.0299180822753354,0.0286422428188301,0.0498316959221179));
#3838=CARTESIAN_POINT('',(-0.0299212439458536,0.0286426118613653,0.0498781994077294));
#3839=CARTESIAN_POINT('',(-0.0299225246799985,0.0286427529863505,0.049901644997682));
#3840=CARTESIAN_POINT('',(-0.0299238659804977,0.0286428934057781,0.0499371507128449));
#3841=CARTESIAN_POINT('',(-0.0299242164472111,0.0286429283342456,0.0499490421729382));
#3842=CARTESIAN_POINT('',(-0.0299247025055575,0.0286429734062262,0.0499729452964551));
#3843=CARTESIAN_POINT('',(-0.0299248380971903,0.0286429835497392,0.0499849569598787));
#3844=CARTESIAN_POINT('',(-0.0299248727972013,0.0286429780228731,0.0500091082499751));
#3845=CARTESIAN_POINT('',(-0.0299247716306624,0.0286429623736916,0.0500211193975356));
#3846=CARTESIAN_POINT('',(-0.0299243537549057,0.0286429063224386,0.0500450201681076));
#3847=CARTESIAN_POINT('',(-0.0299240370456881,0.028642865920367,0.0500569097911193));
#3848=CARTESIAN_POINT('',(-0.0299227958396319,0.0286427091127274,0.0500924075789708));
#3849=CARTESIAN_POINT('',(-0.0299215802643906,0.0286425571057345,0.0501158446626274));
#3850=CARTESIAN_POINT('',(-0.0299185448281139,0.0286421663034697,0.0501623223768649));
#3851=CARTESIAN_POINT('',(-0.0299167230858288,0.0286419273851669,0.0501854546994679));
#3852=CARTESIAN_POINT('',(-0.0299124890937053,0.02864136269234,0.0502318724818333));
#3853=CARTESIAN_POINT('',(-0.0299100768438669,0.0286410369178158,0.0502551579415957));
#3854=CARTESIAN_POINT('',(-0.0299019806441311,0.0286399295770911,0.0503257933359087));
#3855=CARTESIAN_POINT('',(-0.0298954246625251,0.0286390176173438,0.0503737968529398));
#3856=CARTESIAN_POINT('',(-0.0298791302250945,0.0286368112728839,0.0504758135820497));
#3857=CARTESIAN_POINT('',(-0.0298694172829544,0.0286355182138971,0.0505297474218072));
#3858=CARTESIAN_POINT('',(-0.0298572598908987,0.028633994743559,0.050589643397587));
#3859=CARTESIAN_POINT('',(-0.0298669897242789,0.0283450277020273,0.0494268235472945));
#3860=CARTESIAN_POINT('',(-0.0298781476009795,0.0283462918443151,0.0494837876309744));
#3861=CARTESIAN_POINT('',(-0.0298871437507063,0.0283473654555531,0.0495354124788737));
#3862=CARTESIAN_POINT('',(-0.0299022821266725,0.0283491939371131,0.0496333550193537));
#3863=CARTESIAN_POINT('',(-0.0299084040423874,0.0283499477891771,0.0496796099009571));
#3864=CARTESIAN_POINT('',(-0.02991598792505,0.0283508579900567,0.049747823187175));
#3865=CARTESIAN_POINT('',(-0.0299182522496504,0.028351124719181,0.0497703356469484));
#3866=CARTESIAN_POINT('',(-0.0299222349634064,0.0283515844383797,0.0498152258932825));
#3867=CARTESIAN_POINT('',(-0.029923953352562,0.0283517774284539,0.0498376036798432));
#3868=CARTESIAN_POINT('',(-0.029926825532558,0.0283520892728401,0.0498825405111376));
#3869=CARTESIAN_POINT('',(-0.0299279811044834,0.0283522081970814,0.0499051708199958));
#3870=CARTESIAN_POINT('',(-0.0299291879386459,0.0283523261584847,0.0499394165239904));
#3871=CARTESIAN_POINT('',(-0.0299295024627457,0.0283523554081261,0.0499508817987732));
#3872=CARTESIAN_POINT('',(-0.029929938378601,0.0283523929444174,0.0499739219953895));
#3873=CARTESIAN_POINT('',(-0.0299300597703564,0.0283524012310675,0.049985496917223));
#3874=CARTESIAN_POINT('',(-0.0299300917970864,0.0283523960200378,0.0500087659747562));
#3875=CARTESIAN_POINT('',(-0.0299300021960777,0.0283523825427725,0.0500203403875273));
#3876=CARTESIAN_POINT('',(-0.0299296292825571,0.0283523346535281,0.0500433783237064));
#3877=CARTESIAN_POINT('',(-0.0299293459700453,0.0283523002415488,0.0500548418471143));
#3878=CARTESIAN_POINT('',(-0.0299282317411214,0.0283521668167203,0.0500890800972349));
#3879=CARTESIAN_POINT('',(-0.0299271365333212,0.0283520376149804,0.0501117025038441));
#3880=CARTESIAN_POINT('',(-0.0299243814786396,0.0283517051780861,0.050156615871142));
#3881=CARTESIAN_POINT('',(-0.0299227201495617,0.0283515018459982,0.0501789790740297));
#3882=CARTESIAN_POINT('',(-0.0299188483911565,0.0283510211448626,0.0502238346990687));
#3883=CARTESIAN_POINT('',(-0.0299166379618294,0.028350743775815,0.05024632712122));
#3884=CARTESIAN_POINT('',(-0.0299092107783121,0.0283498008987147,0.0503144724877477));
#3885=CARTESIAN_POINT('',(-0.029903186390769,0.0283490243027864,0.0503606730416155));
#3886=CARTESIAN_POINT('',(-0.0298882289958405,0.0283471461825998,0.0504584711598642));
#3887=CARTESIAN_POINT('',(-0.0298793160901459,0.0283460457028528,0.0505100061884769));
#3888=CARTESIAN_POINT('',(-0.0298682362006821,0.0283447511940443,0.0505668499809167));
#3889=CARTESIAN_POINT('',(-0.0298874113549571,0.0277666328918534,0.0494720273429209));
#3890=CARTESIAN_POINT('',(-0.0298966489348852,0.0277674731513061,0.0495233618869374));
#3891=CARTESIAN_POINT('',(-0.0299042089250528,0.0277681891919849,0.0495704478109174));
#3892=CARTESIAN_POINT('',(-0.0299169399345924,0.0277694084688293,0.0496602581895968));
#3893=CARTESIAN_POINT('',(-0.029922100017528,0.0277699111567022,0.0497029488230007));
#3894=CARTESIAN_POINT('',(-0.0299284711570726,0.0277705170916782,0.0497661601070737));
#3895=CARTESIAN_POINT('',(-0.0299303692195477,0.0277706944530363,0.0497870646790668));
#3896=CARTESIAN_POINT('',(-0.0299336935706289,0.0277709995470782,0.0498287745180036));
#3897=CARTESIAN_POINT('',(-0.029935119859235,0.0277711272797619,0.0498495797849473));
#3898=CARTESIAN_POINT('',(-0.0299374801901227,0.0277713327217152,0.049891323420798));
#3899=CARTESIAN_POINT('',(-0.02993841519145,0.027771410468639,0.0499123001626951));
#3900=CARTESIAN_POINT('',(-0.0299393851893669,0.0277714868385461,0.0499440002872553));
#3901=CARTESIAN_POINT('',(-0.0299396364379935,0.0277715055867688,0.0499546061640611));
#3902=CARTESIAN_POINT('',(-0.0299399839742389,0.027771529201488,0.0499759091925368));
#3903=CARTESIAN_POINT('',(-0.0299400802618576,0.0277715340679846,0.0499866063442068));
#3904=CARTESIAN_POINT('',(-0.0299401070831039,0.0277715294543519,0.050008104860037));
#3905=CARTESIAN_POINT('',(-0.0299400374474914,0.0277715199932944,0.0500188015118699));
#3906=CARTESIAN_POINT('',(-0.0299397427920851,0.0277714872123471,0.0500401024287609));
#3907=CARTESIAN_POINT('',(-0.0299395177722913,0.0277714638924571,0.0500507066938191));
#3908=CARTESIAN_POINT('',(-0.029938625699073,0.0277713738190127,0.0500824001469162));
#3909=CARTESIAN_POINT('',(-0.0299377416318115,0.0277712869516837,0.0501033699928779));
#3910=CARTESIAN_POINT('',(-0.0299354804600441,0.0277710631774896,0.0501450940423805));
#3911=CARTESIAN_POINT('',(-0.0299341025574321,0.0277709262184295,0.0501658871455671));
#3912=CARTESIAN_POINT('',(-0.0299308722894489,0.0277706023720556,0.0502075681179565));
#3913=CARTESIAN_POINT('',(-0.0299290199240776,0.0277704154847418,0.0502284559871595));
#3914=CARTESIAN_POINT('',(-0.0299227813898703,0.0277697802539281,0.0502916106575112));
#3915=CARTESIAN_POINT('',(-0.0299177034914173,0.0277692571238817,0.0503342565027562));
#3916=CARTESIAN_POINT('',(-0.0299051233634348,0.0277679930856323,0.0504239473172239));
#3917=CARTESIAN_POINT('',(-0.0298976319578925,0.0277672527398584,0.0504709586133405));
#3918=CARTESIAN_POINT('',(-0.0298884567068799,0.0277663850446508,0.0505221935663581));
#3919=CARTESIAN_POINT('',(-0.0298967515635711,0.0274774954590352,0.049494181159637));
#3920=CARTESIAN_POINT('',(-0.0299051609708014,0.0274781422789143,0.0495429849945662));
#3921=CARTESIAN_POINT('',(-0.0299120978335366,0.027478694591212,0.0495879613734194));
#3922=CARTESIAN_POINT('',(-0.029923783052184,0.0274796347411386,0.0496738967898658));
#3923=CARTESIAN_POINT('',(-0.0299285243775299,0.0274800222262937,0.0497148340851975));
#3924=CARTESIAN_POINT('',(-0.0299343683349312,0.0274804887202509,0.0497755338768834));
#3925=CARTESIAN_POINT('',(-0.0299361073504148,0.0274806251510032,0.0497956218918853));
#3926=CARTESIAN_POINT('',(-0.0299391462256526,0.027480859487563,0.0498357071056311));
#3927=CARTESIAN_POINT('',(-0.0299404460854068,0.0274809573933705,0.049855704304375));
#3928=CARTESIAN_POINT('',(-0.02994258543409,0.0274811142895627,0.0498958075671338));
#3929=CARTESIAN_POINT('',(-0.0299434255395485,0.0274811733041538,0.0499159382994994));
#3930=CARTESIAN_POINT('',(-0.0299442936736597,0.0274812307800602,0.0499463406595649));
#3931=CARTESIAN_POINT('',(-0.0299445177143507,0.0274812447643656,0.0499565091565062));
#3932=CARTESIAN_POINT('',(-0.0299448271759154,0.0274812620683626,0.0499769295059007));
#3933=CARTESIAN_POINT('',(-0.029944912596789,0.0274812653880542,0.049987181358354));
#3934=CARTESIAN_POINT('',(-0.0299449368735936,0.0274812610468698,0.0500077830204452));
#3935=CARTESIAN_POINT('',(-0.0299448755880942,0.0274812534045064,0.0500180343721729));
#3936=CARTESIAN_POINT('',(-0.0299446140419368,0.0274812274766758,0.0500384526530755));
#3937=CARTESIAN_POINT('',(-0.0299444137812788,0.0274812091912088,0.0500486195822503));
#3938=CARTESIAN_POINT('',(-0.0299436163455346,0.0274811388208108,0.05007901554007));
#3939=CARTESIAN_POINT('',(-0.0299428225166782,0.027481071221883,0.0500991397390099));
#3940=CARTESIAN_POINT('',(-0.0299407734300714,0.0274808970568813,0.0501392248796743));
#3941=CARTESIAN_POINT('',(-0.0299395176592531,0.0274807904572533,0.0501592108283137));
#3942=CARTESIAN_POINT('',(-0.0299365645394173,0.0274805384534183,0.050199269346174));
#3943=CARTESIAN_POINT('',(-0.0299348671903998,0.0274803930492113,0.050219341915395));
#3944=CARTESIAN_POINT('',(-0.0299291440912951,0.027479898974235,0.0502799893498805));
#3945=CARTESIAN_POINT('',(-0.0299244776002546,0.0274794922652042,0.0503208854532943));
#3946=CARTESIAN_POINT('',(-0.0299129293527539,0.0274785100696959,0.0504067107544382));
#3947=CARTESIAN_POINT('',(-0.0299060545545714,0.0274779349447801,0.0504516183051716));
#3948=CARTESIAN_POINT('',(-0.0298977009032943,0.0274772624447719,0.0505003305684699));
#3949=CARTESIAN_POINT('',(-0.0299138783426721,0.0268996050508693,0.0495376030071069));
#3950=CARTESIAN_POINT('',(-0.0299208586662701,0.0268999290101272,0.0495820116996679));
#3951=CARTESIAN_POINT('',(-0.0299266866936256,0.0269002064867973,0.0496231177908217));
#3952=CARTESIAN_POINT('',(-0.0299365014690341,0.0269006775802576,0.0497016972070624));
#3953=CARTESIAN_POINT('',(-0.0299404866547391,0.0269008711187204,0.0497391657005357));
#3954=CARTESIAN_POINT('',(-0.0299453878282346,0.0269011031864448,0.0497947795663038));
#3955=CARTESIAN_POINT('',(-0.0299468442832314,0.0269011708756674,0.0498131930153694));
#3956=CARTESIAN_POINT('',(-0.0299493804254549,0.0269012865480256,0.0498499288101855));
#3957=CARTESIAN_POINT('',(-0.0299504601126815,0.0269013345311611,0.049868251155936));
#3958=CARTESIAN_POINT('',(-0.0299522204905974,0.0269014104186288,0.0499049626531878));
#3959=CARTESIAN_POINT('',(-0.0299529013182934,0.02690143832834,0.0499233572865448));
#3960=CARTESIAN_POINT('',(-0.0299535997887176,0.0269014645061441,0.0499511121841187));
#3961=CARTESIAN_POINT('',(-0.0299537788170058,0.0269014706176183,0.0499603909745663));
#3962=CARTESIAN_POINT('',(-0.0299540253283379,0.0269014775056907,0.0499790203080482));
#3963=CARTESIAN_POINT('',(-0.0299540928113818,0.0269014782822891,0.0499883708510824));
#3964=CARTESIAN_POINT('',(-0.0299541122773544,0.026901474394655,0.0500071611264774));
#3965=CARTESIAN_POINT('',(-0.0299540641577862,0.026901469748152,0.0500165111571118));
#3966=CARTESIAN_POINT('',(-0.0299538561195357,0.0269014551427925,0.0500351384407098));
#3967=CARTESIAN_POINT('',(-0.0299536962008535,0.0269014451839361,0.0500444156936734));
#3968=CARTESIAN_POINT('',(-0.0299530546051284,0.0269014074783647,0.0500721644407405));
#3969=CARTESIAN_POINT('',(-0.0299524110884071,0.0269013719026477,0.0500905529230204));
#3970=CARTESIAN_POINT('',(-0.0299507237304495,0.0269012806180237,0.0501272480143592));
#3971=CARTESIAN_POINT('',(-0.029949679775198,0.0269012249016603,0.0501455601805104));
#3972=CARTESIAN_POINT('',(-0.0299472132035925,0.026901093581905,0.0501822718177073));
#3973=CARTESIAN_POINT('',(-0.0299457905872385,0.0269010179785131,0.0502006712887531));
#3974=CARTESIAN_POINT('',(-0.0299409875836875,0.0269007617294058,0.0502562377551294));
#3975=CARTESIAN_POINT('',(-0.0299370631967714,0.0269005515273288,0.0502936692569879));
#3976=CARTESIAN_POINT('',(-0.0299273596765858,0.0269000444658835,0.0503721497837577));
#3977=CARTESIAN_POINT('',(-0.0299215820895999,0.0268997476868621,0.0504131939982252));
#3978=CARTESIAN_POINT('',(-0.0299146466565176,0.0268994023035862,0.0504575210111761));
#3979=CARTESIAN_POINT('',(-0.029921664913159,0.0266108520755216,0.0495588710378608));
#3980=CARTESIAN_POINT('',(-0.029928032272002,0.0266110413837266,0.0496013549454874));
#3981=CARTESIAN_POINT('',(-0.0299333640685188,0.0266112031916329,0.0496406624905536));
#3982=CARTESIAN_POINT('',(-0.0299423361895055,0.0266114765584332,0.0497157191049326));
#3983=CARTESIAN_POINT('',(-0.0299459765139754,0.0266115881173273,0.0497514681742453));
#3984=CARTESIAN_POINT('',(-0.0299504531360996,0.0266117213325988,0.0498045186084246));
#3985=CARTESIAN_POINT('',(-0.0299517834725927,0.0266117600861769,0.0498220805396096));
#3986=CARTESIAN_POINT('',(-0.0299540979017485,0.0266118259297098,0.049857108763675));
#3987=CARTESIAN_POINT('',(-0.0299550819944112,0.0266118530196647,0.0498745750565553));
#3988=CARTESIAN_POINT('',(-0.0299566814338389,0.0266118951753533,0.0499095594594559));
#3989=CARTESIAN_POINT('',(-0.029957296780604,0.0266119102410869,0.0499270775694761));
#3990=CARTESIAN_POINT('',(-0.0299579263647778,0.0266119235510727,0.049953504188945));
#3991=CARTESIAN_POINT('',(-0.0299580873201735,0.0266119264396322,0.0499623379711744));
#3992=CARTESIAN_POINT('',(-0.0299583086062153,0.0266119290754715,0.0499800737857099));
#3993=CARTESIAN_POINT('',(-0.0299583689368613,0.0266119288227514,0.0499889758180161));
#3994=CARTESIAN_POINT('',(-0.0299583861606454,0.0266119251309568,0.0500068665646357));
#3995=CARTESIAN_POINT('',(-0.0299583429624104,0.0266119217093878,0.0500157680789896));
#3996=CARTESIAN_POINT('',(-0.0299581557203928,0.0266119117495427,0.0500335018400895));
#3997=CARTESIAN_POINT('',(-0.0299580116766103,0.0266119052112667,0.0500423340868356));
#3998=CARTESIAN_POINT('',(-0.0299574324390011,0.0266118809733319,0.050068754601118));
#3999=CARTESIAN_POINT('',(-0.029956850138913,0.0266118586505666,0.0500862666426988));
#4000=CARTESIAN_POINT('',(-0.029955315453025,0.0266118019538404,0.0501212350590774));
#4001=CARTESIAN_POINT('',(-0.0299543630672252,0.0266117675798796,0.0501386914338753));
#4002=CARTESIAN_POINT('',(-0.029952110407566,0.0266116870578508,0.0501736961191204));
#4003=CARTESIAN_POINT('',(-0.0299508101337067,0.0266116409097831,0.0501912444295677));
#4004=CARTESIAN_POINT('',(-0.029946420776518,0.0266114852200523,0.0502442486680319));
#4005=CARTESIAN_POINT('',(-0.0299428345533972,0.0266113583321391,0.0502799617684498));
#4006=CARTESIAN_POINT('',(-0.0299339617490099,0.0266110522780712,0.0503549222750583));
#4007=CARTESIAN_POINT('',(-0.0299286751677434,0.0266108731119165,0.0503941696812489));
#4008=CARTESIAN_POINT('',(-0.0299223482133265,0.0266106647622795,0.0504365744517704));
#4009=CARTESIAN_POINT('',(-0.0299357938423268,0.0260371682175698,0.0496003025265193));
#4010=CARTESIAN_POINT('',(-0.0299410383727347,0.0260371282489982,0.0496389865141656));
#4011=CARTESIAN_POINT('',(-0.0299453863053467,0.026037089407698,0.0496746340763381));
#4012=CARTESIAN_POINT('',(-0.0299526690589387,0.0260370188759271,0.0497425808080378));
#4013=CARTESIAN_POINT('',(-0.0299556038799187,0.0260369871854564,0.049774879977565));
#4014=CARTESIAN_POINT('',(-0.0299592313406339,0.0260369486850876,0.049822860781098));
#4015=CARTESIAN_POINT('',(-0.029960313472295,0.0260369373931868,0.0498387503719063));
#4016=CARTESIAN_POINT('',(-0.0299622012436483,0.0260369175499851,0.0498704602643458));
#4017=CARTESIAN_POINT('',(-0.0299630068833403,0.0260369089986843,0.0498862805659769));
#4018=CARTESIAN_POINT('',(-0.0299643192226071,0.0260368942941724,0.0499179906116235));
#4019=CARTESIAN_POINT('',(-0.0299648259221819,0.0260368881409612,0.0499338803556389));
#4020=CARTESIAN_POINT('',(-0.0299653449303452,0.0260368804528288,0.0499578711021216));
#4021=CARTESIAN_POINT('',(-0.0299654777595331,0.0260368781470654,0.049965894039359));
#4022=CARTESIAN_POINT('',(-0.0299656602648242,0.0260368740066194,0.0499820092987656));
#4023=CARTESIAN_POINT('',(-0.0299657099409273,0.0260368721719368,0.0499901016209347));
#4024=CARTESIAN_POINT('',(-0.0299657233340302,0.0260368689308389,0.0500063729916498));
#4025=CARTESIAN_POINT('',(-0.0299656869596569,0.0260368675419292,0.0500144648402362));
#4026=CARTESIAN_POINT('',(-0.0299655308505076,0.0260368652642849,0.0500305782236852));
#4027=CARTESIAN_POINT('',(-0.0299654111157314,0.0260368643755505,0.0500385997585479));
#4028=CARTESIAN_POINT('',(-0.0299649310429682,0.0260368625149558,0.0500625849322784));
#4029=CARTESIAN_POINT('',(-0.0299644498365464,0.0260368623487041,0.0500784691402885));
#4030=CARTESIAN_POINT('',(-0.0299631873594483,0.0260368644596665,0.0501101646192378));
#4031=CARTESIAN_POINT('',(-0.029962406088772,0.0260368667368805,0.0501259758901768));
#4032=CARTESIAN_POINT('',(-0.0299605657347365,0.0260368740299508,0.0501576643735329));
#4033=CARTESIAN_POINT('',(-0.0299595066513772,0.0260368790458069,0.05017354158595));
#4034=CARTESIAN_POINT('',(-0.0299559460596321,0.0260368986441029,0.0502214804532418));
#4035=CARTESIAN_POINT('',(-0.0299530526053982,0.0260369176765473,0.0502537472034356));
#4036=CARTESIAN_POINT('',(-0.0299458462873211,0.0260369617312422,0.0503216063463124));
#4037=CARTESIAN_POINT('',(-0.0299415334234778,0.0260369867534925,0.0503571987389954));
#4038=CARTESIAN_POINT('',(-0.0299363208764289,0.0260370117986347,0.050395809268835));
#4039=CARTESIAN_POINT('',(-0.0299421614627221,0.0257516527052091,0.049620524367437));
#4040=CARTESIAN_POINT('',(-0.029946929399084,0.025751536379974,0.0496575815492988));
#4041=CARTESIAN_POINT('',(-0.0299508634686784,0.0257514305786752,0.0496916010859358));
#4042=CARTESIAN_POINT('',(-0.0299574382290708,0.0257512450524722,0.0497562710718599));
#4043=CARTESIAN_POINT('',(-0.0299600789198688,0.025751165327568,0.0497869215211472));
#4044=CARTESIAN_POINT('',(-0.0299633506880227,0.0257510690688992,0.0498324000318909));
#4045=CARTESIAN_POINT('',(-0.0299643284730339,0.0257510409058993,0.0498474510629048));
#4046=CARTESIAN_POINT('',(-0.0299660363631124,0.0257509921152794,0.0498774757829862));
#4047=CARTESIAN_POINT('',(-0.0299667664681798,0.0257509714876594,0.0498924494720536));
#4048=CARTESIAN_POINT('',(-0.0299679569271739,0.0257509374567328,0.0499224591114304));
#4049=CARTESIAN_POINT('',(-0.0299684172811007,0.0257509240534263,0.0499374950617398));
#4050=CARTESIAN_POINT('',(-0.0299688889452377,0.0257509091334018,0.0499602003855264));
#4051=CARTESIAN_POINT('',(-0.0299690096888245,0.0257509050242161,0.0499677940598424));
#4052=CARTESIAN_POINT('',(-0.0299691754615142,0.0257508984952734,0.0499830493249804));
#4053=CARTESIAN_POINT('',(-0.029969220490617,0.0257508960755162,0.0499907109158025));
#4054=CARTESIAN_POINT('',(-0.0299692320754392,0.0257508928865471,0.0500061194643513));
#4055=CARTESIAN_POINT('',(-0.0299691985412131,0.0257508921345672,0.0500137805846177));
#4056=CARTESIAN_POINT('',(-0.0299690555607481,0.0257508923551989,0.0500290339856197));
#4057=CARTESIAN_POINT('',(-0.0299689461145091,0.0257508933278104,0.0500366262663552));
#4058=CARTESIAN_POINT('',(-0.0299685080196642,0.0257508988919052,0.0500593260519926));
#4059=CARTESIAN_POINT('',(-0.0299680696149308,0.0257509061296486,0.0500743565003255));
#4060=CARTESIAN_POINT('',(-0.0299669220525461,0.0257509279784861,0.0501043516606862));
#4061=CARTESIAN_POINT('',(-0.0299662128948949,0.0257509425895801,0.050119316372714));
#4062=CARTESIAN_POINT('',(-0.0299645457567646,0.0257509795017751,0.0501493198083439));
#4063=CARTESIAN_POINT('',(-0.0299635877762853,0.0257510018028762,0.0501643585319459));
#4064=CARTESIAN_POINT('',(-0.02996037349574,0.025751080716175,0.050209795341932));
#4065=CARTESIAN_POINT('',(-0.0299577683868256,0.0257511492392192,0.0502404135286295));
#4066=CARTESIAN_POINT('',(-0.0299512598481764,0.0257513124712576,0.0503049964547657));
#4067=CARTESIAN_POINT('',(-0.0299473564184416,0.0257514071802518,0.0503389611942044));
#4068=CARTESIAN_POINT('',(-0.0299426169231038,0.0257515121610174,0.0503759455063442));
#4069=CARTESIAN_POINT('',(-0.0299536977312886,0.0251802313903084,0.0496602009077433));
#4070=CARTESIAN_POINT('',(-0.0299575785895108,0.0251799846016523,0.0496939361828991));
#4071=CARTESIAN_POINT('',(-0.0299607486936838,0.0251797649781236,0.0497247036673247));
#4072=CARTESIAN_POINT('',(-0.0299660212856203,0.0251793848196347,0.0497829083213227));
#4073=CARTESIAN_POINT('',(-0.0299681237733836,0.0251792242846745,0.0498103454908951));
#4074=CARTESIAN_POINT('',(-0.0299707422114877,0.0251790313673957,0.0498509574590689));
#4075=CARTESIAN_POINT('',(-0.0299715277670308,0.0251789750756544,0.0498643799616175));
#4076=CARTESIAN_POINT('',(-0.0299729035605856,0.0251788782275678,0.0498911333498335));
#4077=CARTESIAN_POINT('',(-0.0299734937985973,0.0251788376712224,0.049904464235501));
#4078=CARTESIAN_POINT('',(-0.0299744581538745,0.025178772001287,0.0499311724134261));
#4079=CARTESIAN_POINT('',(-0.02997483227114,0.025178746887697,0.0499445497056836));
#4080=CARTESIAN_POINT('',(-0.0299752157540674,0.025178720579898,0.0499647539666157));
#4081=CARTESIAN_POINT('',(-0.0299753139662148,0.0251787137043959,0.0499715117740173));
#4082=CARTESIAN_POINT('',(-0.0299754485591174,0.0251787037043405,0.0499850907492698));
#4083=CARTESIAN_POINT('',(-0.0299754849398726,0.0251787005797871,0.0499919119171206));
#4084=CARTESIAN_POINT('',(-0.0299754932695892,0.0251786980450486,0.0500056348662053));
#4085=CARTESIAN_POINT('',(-0.0299754651336021,0.0251786986511385,0.0500124555787267));
#4086=CARTESIAN_POINT('',(-0.0299753468541318,0.0251787036477621,0.0500260327497431));
#4087=CARTESIAN_POINT('',(-0.0299752567106485,0.025178708038296,0.0500327892082381));
#4088=CARTESIAN_POINT('',(-0.0299748971602461,0.0251787269428528,0.0500529881077067));
#4089=CARTESIAN_POINT('',(-0.0299745386333743,0.0251787471898311,0.0500663600726638));
#4090=CARTESIAN_POINT('',(-0.0299736046799795,0.0251788032718771,0.0500930542266578));
#4091=CARTESIAN_POINT('',(-0.0299730292534565,0.0251788391069449,0.0501063764156947));
#4092=CARTESIAN_POINT('',(-0.0299716822543147,0.0251789266653787,0.0501331091779717));
#4093=CARTESIAN_POINT('',(-0.0299709106816961,0.0251789783887448,0.0501465197512119));
#4094=CARTESIAN_POINT('',(-0.0299683328750303,0.0251791578416037,0.0501870912874227));
#4095=CARTESIAN_POINT('',(-0.029966255552974,0.0251793097602164,0.0502144971135097));
#4096=CARTESIAN_POINT('',(-0.0299610306315965,0.0251796728444032,0.0502726174485464));
#4097=CARTESIAN_POINT('',(-0.0299578830322754,0.0251798840099771,0.0503033319574962));
#4098=CARTESIAN_POINT('',(-0.0299540239399685,0.0251801221391387,0.0503369970140291));
#4099=CARTESIAN_POINT('',(-0.0299588663794598,0.0248943255877685,0.0496796556071318));
#4100=CARTESIAN_POINT('',(-0.0299623314627099,0.0248940211814899,0.0497116347499397));
#4101=CARTESIAN_POINT('',(-0.0299651468468076,0.0248937514924912,0.0497407399851454));
#4102=CARTESIAN_POINT('',(-0.0299698173656724,0.0248932860033473,0.049795713840703));
#4103=CARTESIAN_POINT('',(-0.0299716725004394,0.0248930902032022,0.0498215824610549));
#4104=CARTESIAN_POINT('',(-0.0299739893773222,0.0248928552603453,0.049859841330705));
#4105=CARTESIAN_POINT('',(-0.0299746859082166,0.0248927867707179,0.0498724804376475));
#4106=CARTESIAN_POINT('',(-0.0299759075339113,0.0248926691474238,0.0498976651013237));
#4107=CARTESIAN_POINT('',(-0.0299764326287115,0.0248926200137569,0.0499102106580574));
#4108=CARTESIAN_POINT('',(-0.029977291468923,0.0248925408090276,0.0499353423703226));
#4109=CARTESIAN_POINT('',(-0.0299776252143343,0.024892510737965,0.049947928525854));
#4110=CARTESIAN_POINT('',(-0.0299779673854386,0.0248924797083074,0.0499669388200041));
#4111=CARTESIAN_POINT('',(-0.0299780550346379,0.0248924717112442,0.0499732974281964));
#4112=CARTESIAN_POINT('',(-0.0299781750282037,0.0248924603727603,0.0499860751001576));
#4113=CARTESIAN_POINT('',(-0.0299782073725703,0.0248924570313396,0.0499924941639267));
#4114=CARTESIAN_POINT('',(-0.0299782142673088,0.0248924549674714,0.0500054095156674));
#4115=CARTESIAN_POINT('',(-0.0299781887363018,0.0248924562606146,0.050011828141175));
#4116=CARTESIAN_POINT('',(-0.029978082204709,0.024892463531379,0.0500246040764545));
#4117=CARTESIAN_POINT('',(-0.0299780012041234,0.0248924695090001,0.0500309613862264));
#4118=CARTESIAN_POINT('',(-0.0299776787287595,0.0248924945200646,0.0500499665194229));
#4119=CARTESIAN_POINT('',(-0.0299773577803747,0.024892520631709,0.0500625475467283));
#4120=CARTESIAN_POINT('',(-0.0299765238513803,0.0248925920047849,0.0500876657582718));
#4121=CARTESIAN_POINT('',(-0.0299760108707706,0.0248926372662162,0.05010020294251));
#4122=CARTESIAN_POINT('',(-0.0299748127747193,0.0248927472134493,0.0501253677478362));
#4123=CARTESIAN_POINT('',(-0.0299741276592779,0.0248928118992511,0.0501379953689243));
#4124=CARTESIAN_POINT('',(-0.0299718439567952,0.0248930355050877,0.0501762153073394));
#4125=CARTESIAN_POINT('',(-0.0299700093504974,0.0248932238838475,0.0502020537360806));
#4126=CARTESIAN_POINT('',(-0.0299653780996209,0.0248936740574152,0.0502569464193024));
#4127=CARTESIAN_POINT('',(-0.0299625814550421,0.0248939358522231,0.0502860006737829));
#4128=CARTESIAN_POINT('',(-0.0299591349101583,0.0248942317548772,0.0503179122842047));
#4129=CARTESIAN_POINT('',(-0.0299681212707294,0.024322253691441,0.0497177893665543));
#4130=CARTESIAN_POINT('',(-0.0299708173974512,0.0243218484434246,0.0497460759072847));
#4131=CARTESIAN_POINT('',(-0.0299729821094418,0.024321491431096,0.0497717825375622));
#4132=CARTESIAN_POINT('',(-0.0299765523470378,0.0243208775158123,0.0498202871232937));
#4133=CARTESIAN_POINT('',(-0.0299779578726432,0.024320620612857,0.0498430850787476));
#4134=CARTESIAN_POINT('',(-0.0299797245035699,0.0243203130689527,0.0498767888653726));
#4135=CARTESIAN_POINT('',(-0.0299802581162877,0.0243202235511605,0.0498879205362685));
#4136=CARTESIAN_POINT('',(-0.0299811970202991,0.0243200702033569,0.0499100985921536));
#4137=CARTESIAN_POINT('',(-0.0299816023115925,0.0243200063733454,0.0499211449771427));
#4138=CARTESIAN_POINT('',(-0.0299822667798461,0.0243199040951989,0.049943273024599));
#4139=CARTESIAN_POINT('',(-0.0299825259568062,0.0243198656470637,0.0499543546870661));
#4140=CARTESIAN_POINT('',(-0.0299827917918144,0.02431982678184,0.0499710940614139));
#4141=CARTESIAN_POINT('',(-0.0299828599150786,0.0243198169612619,0.049976693332971));
#4142=CARTESIAN_POINT('',(-0.0299829529606826,0.0243198035508606,0.0499879459067239));
#4143=CARTESIAN_POINT('',(-0.0299829778830226,0.0243197999610374,0.0499935992089197));
#4144=CARTESIAN_POINT('',(-0.0299829823026645,0.0243197989739079,0.0500049749143733));
#4145=CARTESIAN_POINT('',(-0.0299829617271537,0.0243198015905513,0.0500106278301632));
#4146=CARTESIAN_POINT('',(-0.0299828772338659,0.0243198130695362,0.0500218788729337));
#4147=CARTESIAN_POINT('',(-0.029982813316089,0.0243198219318776,0.0500274769999142));
#4148=CARTESIAN_POINT('',(-0.0299825598919552,0.0243198579253709,0.0500442118252386));
#4149=CARTESIAN_POINT('',(-0.0299823087147956,0.0243198944629921,0.0500552889679651));
#4150=CARTESIAN_POINT('',(-0.0299816597321818,0.0243199928244047,0.050077405118954));
#4151=CARTESIAN_POINT('',(-0.0299812619267277,0.024320054648196,0.0500884441272164));
#4152=CARTESIAN_POINT('',(-0.029980337514705,0.0243202037842012,0.0501106046897925));
#4153=CARTESIAN_POINT('',(-0.0299798109081365,0.0243202910964148,0.0501217262441062));
#4154=CARTESIAN_POINT('',(-0.0299780646275291,0.024320591569068,0.0501553957468976));
#4155=CARTESIAN_POINT('',(-0.0299766716361322,0.024320843185256,0.0501781671466192));
#4156=CARTESIAN_POINT('',(-0.0299731260302826,0.0243214440194301,0.0502266002032246));
#4157=CARTESIAN_POINT('',(-0.0299709734158299,0.0243217932374164,0.0502522618601085));
#4158=CARTESIAN_POINT('',(-0.0299682899826472,0.0243221887561154,0.0502804887096275));
#4159=CARTESIAN_POINT('',(-0.0299722075138277,0.0240360875976535,0.0497364684265883));
#4160=CARTESIAN_POINT('',(-0.029974554807318,0.0240356418154595,0.0497628566807107));
#4161=CARTESIAN_POINT('',(-0.0299764273645651,0.0240352498882673,0.0497868508695515));
#4162=CARTESIAN_POINT('',(-0.029979505892089,0.0240345768776322,0.0498321433967107));
#4163=CARTESIAN_POINT('',(-0.0299807118623659,0.0240342957941893,0.0498534417350292));
#4164=CARTESIAN_POINT('',(-0.0299822330416911,0.0240339596521464,0.0498849365646453));
#4165=CARTESIAN_POINT('',(-0.0299826937022384,0.0240338618784564,0.0498953400842116));
#4166=CARTESIAN_POINT('',(-0.0299835056631369,0.0240336945616574,0.0499160693518733));
#4167=CARTESIAN_POINT('',(-0.029983856963488,0.0240336250185484,0.0499263950999688));
#4168=CARTESIAN_POINT('',(-0.0299844336422533,0.0240335138461773,0.0499470805671626));
#4169=CARTESIAN_POINT('',(-0.0299846590206675,0.0240334722169152,0.049957440286261));
#4170=CARTESIAN_POINT('',(-0.0299848902255304,0.0240334304708567,0.0499730891500163));
#4171=CARTESIAN_POINT('',(-0.0299849494833584,0.0240334200051429,0.0499783236521194));
#4172=CARTESIAN_POINT('',(-0.0299850303078772,0.0240334059334017,0.049988843052504));
#4173=CARTESIAN_POINT('',(-0.029985051874568,0.0240334023273743,0.0499941279507855));
#4174=CARTESIAN_POINT('',(-0.0299850552465952,0.0240334019354142,0.0500047621113362));
#4175=CARTESIAN_POINT('',(-0.0299850369841156,0.0240334051624739,0.0500100466548855));
#4176=CARTESIAN_POINT('',(-0.0299849626388989,0.0240334184822414,0.0500205646499774));
#4177=CARTESIAN_POINT('',(-0.0299849065561618,0.0240334285749493,0.0500257981015201));
#4178=CARTESIAN_POINT('',(-0.0299846846926581,0.0240334691808979,0.0500414427903071));
#4179=CARTESIAN_POINT('',(-0.0299844652965989,0.0240335100219638,0.0500517983617102));
#4180=CARTESIAN_POINT('',(-0.0299839001441992,0.0240336194015118,0.0500724729138398));
#4181=CARTESIAN_POINT('',(-0.0299835543878589,0.0240336879399938,0.0500827918945662));
#4182=CARTESIAN_POINT('',(-0.0299827531287292,0.0240338528709228,0.0501035051169085));
#4183=CARTESIAN_POINT('',(-0.02998229762594,0.0240339492633699,0.0501138993585244));
#4184=CARTESIAN_POINT('',(-0.0299807914186474,0.0240342804564821,0.0501453627520558));
#4185=CARTESIAN_POINT('',(-0.0299795946293039,0.0240345571981632,0.0501666367695413));
#4186=CARTESIAN_POINT('',(-0.0299765345410837,0.0240352176622755,0.0502118636663096));
#4187=CARTESIAN_POINT('',(-0.0299746712422073,0.0240356013847068,0.0502358165455924));
#4188=CARTESIAN_POINT('',(-0.0299723340849463,0.0240360361416153,0.0502621498648747));
#4189=CARTESIAN_POINT('',(-0.0299794141621028,0.023463625117762,0.0497730424094764));
#4190=CARTESIAN_POINT('',(-0.0299811467115739,0.0234631262168647,0.0497957001955654));
#4191=CARTESIAN_POINT('',(-0.0299825095773514,0.0234626889152283,0.0498163418041701));
#4192=CARTESIAN_POINT('',(-0.0299847342923306,0.0234619396024934,0.0498553546667485));
#4193=CARTESIAN_POINT('',(-0.0299855961415324,0.023461627591395,0.0498737259207223));
#4194=CARTESIAN_POINT('',(-0.0299866919160123,0.0234612551116632,0.0499009015359629));
#4195=CARTESIAN_POINT('',(-0.0299870256575446,0.023461146896863,0.0499098802684795));
#4196=CARTESIAN_POINT('',(-0.0299876161770537,0.023460962022394,0.0499277722306822));
#4197=CARTESIAN_POINT('',(-0.0299878729550303,0.0234608853627252,0.0499366854603682));
#4198=CARTESIAN_POINT('',(-0.0299882956171279,0.0234607632634296,0.0499545405258731));
#4199=CARTESIAN_POINT('',(-0.0299884615012486,0.0234607178238027,0.049963482361692));
#4200=CARTESIAN_POINT('',(-0.0299886317093124,0.0234606728280767,0.0499769871517424));
#4201=CARTESIAN_POINT('',(-0.0299886753423141,0.0234606616901205,0.0499815040878128));
#4202=CARTESIAN_POINT('',(-0.029988734660991,0.02346064709356,0.0499905804023482));
#4203=CARTESIAN_POINT('',(-0.0299887503466661,0.0234606436349557,0.0499951397808131));
#4204=CARTESIAN_POINT('',(-0.0299887520294022,0.0234606443552128,0.0500043127437578));
#4205=CARTESIAN_POINT('',(-0.0299887379693549,0.0234606485450152,0.0500088718282628));
#4206=CARTESIAN_POINT('',(-0.0299886817973081,0.0234606645919009,0.0500179469784421));
#4207=CARTESIAN_POINT('',(-0.0299886396853085,0.0234606764489843,0.0500224630441163));
#4208=CARTESIAN_POINT('',(-0.0299884738976982,0.0234607235330551,0.0500359643755484));
#4209=CARTESIAN_POINT('',(-0.0299883107704759,0.0234607702728636,0.0500449027757158));
#4210=CARTESIAN_POINT('',(-0.0299878933187581,0.0234608945168011,0.0500627488019732));
#4211=CARTESIAN_POINT('',(-0.0299876389942626,0.0234609720209302,0.0500716564280632));
#4212=CARTESIAN_POINT('',(-0.029987053155023,0.0234611578569738,0.0500895351069963));
#4213=CARTESIAN_POINT('',(-0.0299867216402788,0.0234612661888883,0.0500985061598394));
#4214=CARTESIAN_POINT('',(-0.0299856323212096,0.0234616375215072,0.0501256557597443));
#4215=CARTESIAN_POINT('',(-0.0299847743644349,0.0234619467961352,0.0501440069139806));
#4216=CARTESIAN_POINT('',(-0.029982558288098,0.023462684101312,0.0501829654231747));
#4217=CARTESIAN_POINT('',(-0.0299812001685359,0.0234631121318608,0.0502035727781326));
#4218=CARTESIAN_POINT('',(-0.0299794736302481,0.0234635971987818,0.0502261849128458));
#4219=CARTESIAN_POINT('',(-0.0299825345672795,0.0231773287316582,0.0497909373323306));
#4220=CARTESIAN_POINT('',(-0.0299839994304195,0.0231768161523793,0.0498117474492225));
#4221=CARTESIAN_POINT('',(-0.0299851432091168,0.0231763674380366,0.0498307392175537));
#4222=CARTESIAN_POINT('',(-0.029987003168859,0.0231755992907635,0.0498666737560263));
#4223=CARTESIAN_POINT('',(-0.0299877193499039,0.0231752798578332,0.0498836165261677));
#4224=CARTESIAN_POINT('',(-0.0299886338516566,0.0231748988331522,0.0499086847069361));
#4225=CARTESIAN_POINT('',(-0.0299889132422053,0.0231747881991064,0.0499169684693357));
#4226=CARTESIAN_POINT('',(-0.0299894086062323,0.023174599336387,0.0499334763338173));
#4227=CARTESIAN_POINT('',(-0.0299896245797107,0.0231745211077134,0.0499417004358993));
#4228=CARTESIAN_POINT('',(-0.0299899805792645,0.0231743967127489,0.0499581739151412));
#4229=CARTESIAN_POINT('',(-0.02999012060534,0.0231743505464579,0.0499664232923011));
#4230=CARTESIAN_POINT('',(-0.0299902642861517,0.0231743050865659,0.0499788800158959));
#4231=CARTESIAN_POINT('',(-0.0299903011200387,0.0231742938981927,0.0499830460334034));
#4232=CARTESIAN_POINT('',(-0.0299903511020873,0.0231742794084207,0.049991416237961));
#4233=CARTESIAN_POINT('',(-0.0299903642502488,0.0231742761070219,0.0499956204250112));
#4234=CARTESIAN_POINT('',(-0.0299903652945549,0.023174277348325,0.0500040775855788));
#4235=CARTESIAN_POINT('',(-0.0299903531393021,0.0231742819008739,0.0500082815091189));
#4236=CARTESIAN_POINT('',(-0.0299903050506424,0.0231742988717297,0.0500166506699713));
#4237=CARTESIAN_POINT('',(-0.0299902691172356,0.0231743112900367,0.0500208159072836));
#4238=CARTESIAN_POINT('',(-0.0299901280147697,0.0231743603465402,0.0500332695307678));
#4239=CARTESIAN_POINT('',(-0.0299899895434657,0.0231744087863195,0.0500415158284873));
#4240=CARTESIAN_POINT('',(-0.0299896364081306,0.0231745371524741,0.0500579812061287));
#4241=CARTESIAN_POINT('',(-0.0299894217440995,0.0231746170788495,0.0500662002860507));
#4242=CARTESIAN_POINT('',(-0.0299889288365697,0.0231748084339053,0.0500826962461731));
#4243=CARTESIAN_POINT('',(-0.029988650593071,0.0231749198625857,0.0500909731263735));
#4244=CARTESIAN_POINT('',(-0.0299877394132636,0.0231753014256482,0.0501160179945065));
#4245=CARTESIAN_POINT('',(-0.0299870251877912,0.0231756187803947,0.0501329427591898));
#4246=CARTESIAN_POINT('',(-0.0299851702406171,0.0231763749024976,0.0501688285819501));
#4247=CARTESIAN_POINT('',(-0.0299840295189151,0.0231768136698539,0.0501877896400271));
#4248=CARTESIAN_POINT('',(-0.0299825690732507,0.0231773108704484,0.0502085588055698));
#4249=CARTESIAN_POINT('',(-0.0299879261068625,0.0226047356660657,0.0498259345430339));
#4250=CARTESIAN_POINT('',(-0.0299889289406402,0.0226042189272838,0.0498430991407332));
#4251=CARTESIAN_POINT('',(-0.0299896989114405,0.0226037675448308,0.0498588453777923));
#4252=CARTESIAN_POINT('',(-0.0299909400695208,0.0226029960492393,0.0498887380595232));
#4253=CARTESIAN_POINT('',(-0.0299914112568006,0.0226026759361009,0.0499028845041948));
#4254=CARTESIAN_POINT('',(-0.0299920191569058,0.0226022946358716,0.0499238320235812));
#4255=CARTESIAN_POINT('',(-0.0299922062317533,0.0226021840296453,0.0499307577889792));
#4256=CARTESIAN_POINT('',(-0.0299925395253048,0.0226019954568612,0.0499445621550037));
#4257=CARTESIAN_POINT('',(-0.0299926857440088,0.0226019174903034,0.04995144075563));
#4258=CARTESIAN_POINT('',(-0.0299929275861709,0.0226017938488241,0.0499652171094675));
#4259=CARTESIAN_POINT('',(-0.0299930232096292,0.0226017481739027,0.0499721148626785));
#4260=CARTESIAN_POINT('',(-0.0299931213940558,0.0226017036192239,0.0499825255949509));
#4261=CARTESIAN_POINT('',(-0.0299931465804045,0.0226016927606149,0.0499860065227843));
#4262=CARTESIAN_POINT('',(-0.0299931806521272,0.0226016789857939,0.049992998035606));
#4263=CARTESIAN_POINT('',(-0.0299931895375013,0.022601676069582,0.0499965086205942));
#4264=CARTESIAN_POINT('',(-0.0299931897898869,0.0226016781360513,0.050003567737395));
#4265=CARTESIAN_POINT('',(-0.0299931811169229,0.0226016831263911,0.0500070781192253));
#4266=CARTESIAN_POINT('',(-0.029993147399809,0.0226017010126509,0.0500140688274535));
#4267=CARTESIAN_POINT('',(-0.0299931223556593,0.0226017139085708,0.0500175491538514));
#4268=CARTESIAN_POINT('',(-0.0299930245071238,0.0226017644417548,0.0500279574964585));
#4269=CARTESIAN_POINT('',(-0.0299929289866517,0.0226018139244431,0.050034852876081));
#4270=CARTESIAN_POINT('',(-0.0299926871865029,0.022601944408574,0.0500486229860918));
#4271=CARTESIAN_POINT('',(-0.029992540906826,0.0226020254100164,0.05005549771648));
#4272=CARTESIAN_POINT('',(-0.0299922074052929,0.0226022188626114,0.0500692929096857));
#4273=CARTESIAN_POINT('',(-0.0299920201834365,0.0226023313137639,0.0500762133725031));
#4274=CARTESIAN_POINT('',(-0.0299914118301361,0.0226027157382207,0.0500971429320942));
#4275=CARTESIAN_POINT('',(-0.0299909402466315,0.0226030347384578,0.0501112755160661));
#4276=CARTESIAN_POINT('',(-0.0299896994749481,0.0226037939874855,0.0501411306523076));
#4277=CARTESIAN_POINT('',(-0.0299889302867694,0.0226042342362761,0.0501568532045771));
#4278=CARTESIAN_POINT('',(-0.0299879295085542,0.0226047330163542,0.0501739861808997));
#4279=CARTESIAN_POINT('',(-0.0299901970956914,0.0223184407354429,0.0498430212083765));
#4280=CARTESIAN_POINT('',(-0.0299910056479764,0.022317932808054,0.0498583879281098));
#4281=CARTESIAN_POINT('',(-0.0299916208950788,0.022317489661368,0.0498725384471224));
#4282=CARTESIAN_POINT('',(-0.029992607903668,0.0223167329393069,0.049899467544936));
#4283=CARTESIAN_POINT('',(-0.0299929796651548,0.0223164193639318,0.0499122461237368));
#4284=CARTESIAN_POINT('',(-0.0299934620367354,0.0223160461867812,0.0499311803827009));
#4285=CARTESIAN_POINT('',(-0.0299936110721098,0.0223159380054243,0.0499374431105166));
#4286=CARTESIAN_POINT('',(-0.0299938772886561,0.022315753708047,0.0499499280554763));
#4287=CARTESIAN_POINT('',(-0.029993994469828,0.0223156775920267,0.0499561502726203));
#4288=CARTESIAN_POINT('',(-0.0299941886340719,0.022315557068606,0.0499686110692429));
#4289=CARTESIAN_POINT('',(-0.0299942656171439,0.0223155126612054,0.0499748496487215));
#4290=CARTESIAN_POINT('',(-0.0299943446852539,0.0223154695640319,0.0499842624444452));
#4291=CARTESIAN_POINT('',(-0.029994364973541,0.0223154591172953,0.0499874091974374));
#4292=CARTESIAN_POINT('',(-0.0299943923716285,0.0223154460172082,0.0499937281213827));
#4293=CARTESIAN_POINT('',(-0.0299943994814291,0.0223154433638578,0.0499969002923359));
#4294=CARTESIAN_POINT('',(-0.0299943994795565,0.0223154458059534,0.0500032771613291));
#4295=CARTESIAN_POINT('',(-0.0299943923336185,0.0223154509079641,0.0500064491593843));
#4296=CARTESIAN_POINT('',(-0.0299943648040512,0.0223154688592132,0.0500127673986275));
#4297=CARTESIAN_POINT('',(-0.0299943444204219,0.0223154817084516,0.0500159136398156));
#4298=CARTESIAN_POINT('',(-0.0299942649914656,0.0223155318549615,0.0500253244021031));
#4299=CARTESIAN_POINT('',(-0.0299941876680698,0.0223155807510276,0.0500315609619256));
#4300=CARTESIAN_POINT('',(-0.0299939926982594,0.0223157093556942,0.0500440164462924));
#4301=CARTESIAN_POINT('',(-0.0299938750518447,0.0223157890642948,0.0500502353708368));
#4302=CARTESIAN_POINT('',(-0.0299936078544939,0.0223159791764465,0.0500627125127738));
#4303=CARTESIAN_POINT('',(-0.0299934583035578,0.0223160895799975,0.0500689707301666));
#4304=CARTESIAN_POINT('',(-0.0299929744217134,0.0223164666566999,0.0500878897138074));
#4305=CARTESIAN_POINT('',(-0.0299926016352012,0.0223167791581295,0.0501006565109975));
#4306=CARTESIAN_POINT('',(-0.0299916137744095,0.0223175223397006,0.0501275536645368));
#4307=CARTESIAN_POINT('',(-0.0299909987001299,0.0223179530198422,0.0501416840208859));
#4308=CARTESIAN_POINT('',(-0.0299901915366986,0.0223184407617343,0.0501570237949645));
#4309=CARTESIAN_POINT('',(-0.0299939773211624,0.0217459859217605,0.049876412968998));
#4310=CARTESIAN_POINT('',(-0.0299944648277577,0.0217455196503186,0.0498882730918559));
#4311=CARTESIAN_POINT('',(-0.0299948278683973,0.021745113268566,0.0498993030390402));
#4312=CARTESIAN_POINT('',(-0.0299954034590411,0.0217444197533927,0.0499204286784607));
#4313=CARTESIAN_POINT('',(-0.0299956160090454,0.0217441326199722,0.0499305243706971));
#4314=CARTESIAN_POINT('',(-0.0299958957970322,0.0217437909578055,0.0499455117901405));
#4315=CARTESIAN_POINT('',(-0.0299959830966192,0.0217436919192725,0.0499504748688889));
#4316=CARTESIAN_POINT('',(-0.0299961400385891,0.021743523227443,0.049960374299775));
#4317=CARTESIAN_POINT('',(-0.0299962096809721,0.0217434535741466,0.0499653106519128));
#4318=CARTESIAN_POINT('',(-0.0299963255774812,0.0217433433403159,0.0499751953584327));
#4319=CARTESIAN_POINT('',(-0.0299963718316073,0.0217433027597816,0.0499801437128148));
#4320=CARTESIAN_POINT('',(-0.0299964193733137,0.0217432634591954,0.0499876042927124));
#4321=CARTESIAN_POINT('',(-0.0299964315806354,0.0217432539540359,0.0499900974940657));
#4322=CARTESIAN_POINT('',(-0.0299964479990696,0.0217432420947293,0.049995101420654));
#4323=CARTESIAN_POINT('',(-0.0299964522101821,0.0217432397405822,0.0499976121458889));
#4324=CARTESIAN_POINT('',(-0.0299964519198164,0.0217432421442412,0.0500026559613474));
#4325=CARTESIAN_POINT('',(-0.029996447394781,0.0217432469065603,0.0500051665703313));
#4326=CARTESIAN_POINT('',(-0.0299964303091419,0.0217432635336692,0.0500101700366523));
#4327=CARTESIAN_POINT('',(-0.0299964177485381,0.0217432753984589,0.0500126628939894));
#4328=CARTESIAN_POINT('',(-0.0299963690995792,0.0217433216187705,0.0500201221072959));
#4329=CARTESIAN_POINT('',(-0.0299963220440766,0.0217433666002347,0.0500250691045608));
#4330=CARTESIAN_POINT('',(-0.0299962044804378,0.0217434847509385,0.0500349502426284));
#4331=CARTESIAN_POINT('',(-0.0299961339723016,0.021743557920178,0.0500398843834312));
#4332=CARTESIAN_POINT('',(-0.029995975296489,0.0217437322983612,0.0500497785753246));
#4333=CARTESIAN_POINT('',(-0.0299958871288127,0.0217438335073049,0.0500547386264153));
#4334=CARTESIAN_POINT('',(-0.0299956048261131,0.0217441789715853,0.0500697157952446));
#4335=CARTESIAN_POINT('',(-0.0299953906731543,0.0217444650384037,0.0500798035969325));
#4336=CARTESIAN_POINT('',(-0.0299948129581855,0.0217451453608239,0.0501009077770059));
#4337=CARTESIAN_POINT('',(-0.0299944493961756,0.0217455396164254,0.0501119241553914));
#4338=CARTESIAN_POINT('',(-0.0299939623762738,0.0217459863035116,0.0501237660880061));
#4339=CARTESIAN_POINT('',(-0.0299954865578046,0.0214598260387008,0.0498927180642767));
#4340=CARTESIAN_POINT('',(-0.0299958471344407,0.0214593914990849,0.0499028616105545));
#4341=CARTESIAN_POINT('',(-0.0299961125446862,0.021459012841954,0.0499123617778071));
#4342=CARTESIAN_POINT('',(-0.0299965306098232,0.0214583666405967,0.0499306420915112));
#4343=CARTESIAN_POINT('',(-0.0299966832647147,0.0214580990963702,0.0499394222379627));
#4344=CARTESIAN_POINT('',(-0.0299968858636073,0.0214577806256595,0.0499524774949764));
#4345=CARTESIAN_POINT('',(-0.0299969494272233,0.0214576882836055,0.049956804801847));
#4346=CARTESIAN_POINT('',(-0.0299970641025882,0.0214575309537957,0.0499654403709592));
#4347=CARTESIAN_POINT('',(-0.029997115214337,0.02145746596604,0.0499697486332007));
#4348=CARTESIAN_POINT('',(-0.0299972004727966,0.0214573630694266,0.0499783759593604));
#4349=CARTESIAN_POINT('',(-0.0299972346195073,0.0214573251605688,0.0499826950232784));
#4350=CARTESIAN_POINT('',(-0.0299972697309167,0.0214572883999054,0.0499892041051421));
#4351=CARTESIAN_POINT('',(-0.0299972787499437,0.0214572794967882,0.0499913788800944));
#4352=CARTESIAN_POINT('',(-0.0299972908542991,0.0214572683570028,0.0499957423227827));
#4353=CARTESIAN_POINT('',(-0.0299972939396275,0.0214572661203349,0.0499979309905187));
#4354=CARTESIAN_POINT('',(-0.0299972936124392,0.0214572682790232,0.0500023259495627));
#4355=CARTESIAN_POINT('',(-0.0299972901813625,0.0214572726779353,0.0500045145283788));
#4356=CARTESIAN_POINT('',(-0.0299972773550511,0.0214572880966616,0.0500088776191196));
#4357=CARTESIAN_POINT('',(-0.0299972679598166,0.0214572991164759,0.0500110521310443));
#4358=CARTESIAN_POINT('',(-0.0299972316840873,0.021457342079921,0.0500175601682619));
#4359=CARTESIAN_POINT('',(-0.029997196713567,0.0214573839275545,0.0500218781949981));
#4360=CARTESIAN_POINT('',(-0.0299971097655846,0.0214574938876244,0.0500305027951485));
#4361=CARTESIAN_POINT('',(-0.0299970577881225,0.0214575620000608,0.0500348093685627));
#4362=CARTESIAN_POINT('',(-0.0299969413927159,0.0214577243438664,0.0500434409382316));
#4363=CARTESIAN_POINT('',(-0.0299968769747716,0.0214578185752354,0.0500477659344862));
#4364=CARTESIAN_POINT('',(-0.0299966719099044,0.0214581402289363,0.0500608133717544));
#4365=CARTESIAN_POINT('',(-0.0299965177042235,0.0214584065904021,0.0500695875151568));
#4366=CARTESIAN_POINT('',(-0.0299960974954704,0.021459040310661,0.0500878514344883));
#4367=CARTESIAN_POINT('',(-0.0299958314923983,0.021459407669454,0.0500973412104174));
#4368=CARTESIAN_POINT('',(-0.0299954711877045,0.0214598240999089,0.0501074707669829));
#4369=CARTESIAN_POINT('',(-0.0299978310886411,0.0208877731633611,0.0499245889947243));
#4370=CARTESIAN_POINT('',(-0.0299979989800536,0.0208874261072522,0.0499314901237422));
#4371=CARTESIAN_POINT('',(-0.0299981188615687,0.0208871237088133,0.0499380572646607));
#4372=CARTESIAN_POINT('',(-0.0299983043986285,0.0208866075293068,0.0499508225267092));
#4373=CARTESIAN_POINT('',(-0.0299983700541732,0.0208863937482392,0.0499570206478391));
#4374=CARTESIAN_POINT('',(-0.0299984592133807,0.02088613901619,0.0499662652820003));
#4375=CARTESIAN_POINT('',(-0.0299984876095019,0.0208860650993331,0.0499693352230166));
#4376=CARTESIAN_POINT('',(-0.029998539327017,0.0208859390616226,0.0499754671925036));
#4377=CARTESIAN_POINT('',(-0.0299985626484107,0.0208858869407689,0.0499785292209742));
#4378=CARTESIAN_POINT('',(-0.029998601788972,0.0208858043034148,0.0499846606602323));
#4379=CARTESIAN_POINT('',(-0.0299986176081397,0.0208857737869145,0.0499877300710197));
#4380=CARTESIAN_POINT('',(-0.0299986338895976,0.0208857440716919,0.0499923511950853));
#4381=CARTESIAN_POINT('',(-0.0299986380755347,0.0208857368432056,0.0499938944044213));
#4382=CARTESIAN_POINT('',(-0.0299986436615403,0.020885727715453,0.0499969884042458));
#4383=CARTESIAN_POINT('',(-0.029998645061609,0.0208857258161865,0.0499985391947344));
#4384=CARTESIAN_POINT('',(-0.0299986447724403,0.0208857273229172,0.050001650268722));
#4385=CARTESIAN_POINT('',(-0.0299986430732092,0.020885730730829,0.0500032010147255));
#4386=CARTESIAN_POINT('',(-0.029998636873145,0.0208857428405077,0.050006294838619));
#4387=CARTESIAN_POINT('',(-0.0299986323723119,0.0208857515422746,0.0500078379165092));
#4388=CARTESIAN_POINT('',(-0.0299986151289471,0.0208857855655013,0.0500124585188107));
#4389=CARTESIAN_POINT('',(-0.0299985986455499,0.0208858188048869,0.0500155274118532));
#4390=CARTESIAN_POINT('',(-0.0299985581646476,0.0208859062762247,0.0500216574918939));
#4391=CARTESIAN_POINT('',(-0.0299985341671424,0.0208859605081768,0.050024718678892));
#4392=CARTESIAN_POINT('',(-0.0299984811195574,0.020886089842745,0.0500308486577832));
#4393=CARTESIAN_POINT('',(-0.0299984520694775,0.0208861649453611,0.0500339174496762));
#4394=CARTESIAN_POINT('',(-0.0299983610326758,0.0208864213763514,0.0500431581991064));
#4395=CARTESIAN_POINT('',(-0.0299982942183095,0.0208866338168511,0.0500493533594096));
#4396=CARTESIAN_POINT('',(-0.0299981070076129,0.0208871397872354,0.0500621104455213));
#4397=CARTESIAN_POINT('',(-0.0299979866112825,0.0208874333171201,0.0500686723713299));
#4398=CARTESIAN_POINT('',(-0.0299978187561531,0.0208877664498837,0.0500755664019607));
#4399=CARTESIAN_POINT('',(-0.0299986663828354,0.0206018801710809,0.0499401548298932));
#4400=CARTESIAN_POINT('',(-0.0299987689015149,0.0206015900198083,0.0499455516677174));
#4401=CARTESIAN_POINT('',(-0.0299988412189106,0.0206013371645568,0.0499507290553493));
#4402=CARTESIAN_POINT('',(-0.0299989523255779,0.0206009054231639,0.0499608394869636));
#4403=CARTESIAN_POINT('',(-0.0299989911148495,0.0206007265370225,0.0499657725309458));
#4404=CARTESIAN_POINT('',(-0.0299990443084963,0.0206005132174442,0.0499731347567328));
#4405=CARTESIAN_POINT('',(-0.0299990613561186,0.0206004512816981,0.0499755807791996));
#4406=CARTESIAN_POINT('',(-0.0299990925245146,0.020600345606783,0.0499804668472626));
#4407=CARTESIAN_POINT('',(-0.0299991066452884,0.020600301867614,0.0499829068928587));
#4408=CARTESIAN_POINT('',(-0.0299991304003259,0.0206002324408702,0.0499877911359008));
#4409=CARTESIAN_POINT('',(-0.0299991400345896,0.0206002067532952,0.0499902353333468));
#4410=CARTESIAN_POINT('',(-0.0299991499513563,0.0206001816518911,0.0499939123399434));
#4411=CARTESIAN_POINT('',(-0.0299991525011737,0.0206001755230827,0.0499951397938802));
#4412=CARTESIAN_POINT('',(-0.029999155894308,0.020600167723996,0.0499975995379865));
#4413=CARTESIAN_POINT('',(-0.0299991567376248,0.0206001660537176,0.049998831828156));
#4414=CARTESIAN_POINT('',(-0.0299991565228,0.0206001671535677,0.0500013025108176));
#4415=CARTESIAN_POINT('',(-0.0299991554582338,0.0206001699249271,0.0500025347720625));
#4416=CARTESIAN_POINT('',(-0.0299991516127045,0.0206001798979965,0.0500049944017628));
#4417=CARTESIAN_POINT('',(-0.0299991488317416,0.0206001870997065,0.0500062217702181));
#4418=CARTESIAN_POINT('',(-0.0299991382111238,0.0206002153315848,0.0500098984374722));
#4419=CARTESIAN_POINT('',(-0.0299991280937403,0.0206002429885016,0.0500123422981595));
#4420=CARTESIAN_POINT('',(-0.0299991033683173,0.0206003158735189,0.0500172256569585));
#4421=CARTESIAN_POINT('',(-0.0299990887602778,0.0206003611016193,0.0500196651550703));
#4422=CARTESIAN_POINT('',(-0.0299990566368303,0.0206004690288582,0.0500245499277738));
#4423=CARTESIAN_POINT('',(-0.0299990391214221,0.0206005317279966,0.0500269952023656));
#4424=CARTESIAN_POINT('',(-0.029998984589076,0.0206007458817501,0.0500343548994441));
#4425=CARTESIAN_POINT('',(-0.0299989449810346,0.0206009233856216,0.0500392860138865));
#4426=CARTESIAN_POINT('',(-0.0299988326927412,0.0206013464776287,0.0500493911267786));
#4427=CARTESIAN_POINT('',(-0.0299987600124893,0.0206015920657641,0.0500545651252283));
#4428=CARTESIAN_POINT('',(-0.0299986575131709,0.0206018710034612,0.0500599573579618));
#4429=CARTESIAN_POINT('',(-0.0299997508385148,0.0200304929205162,0.049970589550075));
#4430=CARTESIAN_POINT('',(-0.0299997701033897,0.0200303390687698,0.0499732327000234));
#4431=CARTESIAN_POINT('',(-0.0299997830848001,0.0200302049453549,0.0499757893707955));
#4432=CARTESIAN_POINT('',(-0.0299998024587046,0.0200299757867447,0.0499807918198911));
#4433=CARTESIAN_POINT('',(-0.0299998088511986,0.0200298807515495,0.0499832375982147));
#4434=CARTESIAN_POINT('',(-0.0299998179817617,0.0200297672385887,0.0499868696457915));
#4435=CARTESIAN_POINT('',(-0.0299998209818346,0.0200297342414645,0.0499880738184588));
#4436=CARTESIAN_POINT('',(-0.0299998265492318,0.0200296778673044,0.0499904737487877));
#4437=CARTESIAN_POINT('',(-0.0299998291165561,0.0200296544902685,0.0499916695064494));
#4438=CARTESIAN_POINT('',(-0.0299998334726039,0.0200296172953151,0.049994057211478));
#4439=CARTESIAN_POINT('',(-0.0299998352613275,0.0200296034773975,0.049995249158845));
#4440=CARTESIAN_POINT('',(-0.0299998371010731,0.020029589874132,0.0499970376757079));
#4441=CARTESIAN_POINT('',(-0.0299998375737649,0.0200295865269788,0.0499976339472975));
#4442=CARTESIAN_POINT('',(-0.0299998381948039,0.0200295821995879,0.0499988272646698));
#4443=CARTESIAN_POINT('',(-0.029999838343151,0.0200295812193503,0.0499994243104525));
#4444=CARTESIAN_POINT('',(-0.0299998382722689,0.0200295816181696,0.0500006197517996));
#4445=CARTESIAN_POINT('',(-0.0299998380516119,0.0200295829975,0.0500012167848647));
#4446=CARTESIAN_POINT('',(-0.029999837283939,0.0200295881096265,0.0500024100516541));
#4447=CARTESIAN_POINT('',(-0.029999836736923,0.0200295918424226,0.0500030062853782));
#4448=CARTESIAN_POINT('',(-0.0299998346724451,0.0200296065614458,0.0500047946513534));
#4449=CARTESIAN_POINT('',(-0.0299998327315535,0.0200296210683077,0.050005986448407));
#4450=CARTESIAN_POINT('',(-0.0299998280732053,0.020029659419385,0.0500083737556619));
#4451=CARTESIAN_POINT('',(-0.0299998253557486,0.0200296832636002,0.0500095692658634));
#4452=CARTESIAN_POINT('',(-0.0299998194968509,0.0200297402383777,0.0500119686064218));
#4453=CARTESIAN_POINT('',(-0.02999981635541,0.0200297733689399,0.0500131724367788));
#4454=CARTESIAN_POINT('',(-0.0299998068239822,0.0200298866136375,0.0500168033185947));
#4455=CARTESIAN_POINT('',(-0.02999980019245,0.02002998057921,0.0500192481649434));
#4456=CARTESIAN_POINT('',(-0.029999780477267,0.0200302049107465,0.0500242482244494));
#4457=CARTESIAN_POINT('',(-0.0299997673936164,0.0200303352767107,0.0500268034376065));
#4458=CARTESIAN_POINT('',(-0.0299997481350944,0.0200304835739591,0.0500294447591004));
#4459=CARTESIAN_POINT('',(-0.03,0.0197449986622317,0.049985458435088));
#4460=CARTESIAN_POINT('',(-0.03,0.0197449222024526,0.0499868169322265));
#4461=CARTESIAN_POINT('',(-0.03,0.0197448555148757,0.0499881205650691));
#4462=CARTESIAN_POINT('',(-0.03,0.0197447414954562,0.0499906454958449));
#4463=CARTESIAN_POINT('',(-0.03,0.0197446941636137,0.0499918667937781));
#4464=CARTESIAN_POINT('',(-0.03,0.0197446375411483,0.0499936575347572));
#4465=CARTESIAN_POINT('',(-0.03,0.0197446210628763,0.0499942475807635));
#4466=CARTESIAN_POINT('',(-0.03,0.0197445928745148,0.0499954173616795));
#4467=CARTESIAN_POINT('',(-0.03,0.0197445811644252,0.0499959970965892));
#4468=CARTESIAN_POINT('',(-0.03,0.0197445624888448,0.0499971496795223));
#4469=CARTESIAN_POINT('',(-0.03,0.019744555523354,0.0499977225275457));
#4470=CARTESIAN_POINT('',(-0.03,0.019744548615879,0.0499985792025737));
#4471=CARTESIAN_POINT('',(-0.03,0.0197445469035143,0.0499988643280819));
#4472=CARTESIAN_POINT('',(-0.03,0.0197445446560905,0.0499994341414555));
#4473=CARTESIAN_POINT('',(-0.03,0.0197445441210315,0.049999718829321));
#4474=CARTESIAN_POINT('',(-0.03,0.0197445442252713,0.0500002881954354));
#4475=CARTESIAN_POINT('',(-0.03,0.0197445448645702,0.0500005728736844));
#4476=CARTESIAN_POINT('',(-0.03,0.0197445473145776,0.0500011426485923));
#4477=CARTESIAN_POINT('',(-0.03,0.0197445491252864,0.0500014277452511));
#4478=CARTESIAN_POINT('',(-0.03,0.0197445563101053,0.0500022843048818));
#4479=CARTESIAN_POINT('',(-0.03,0.0197445634369083,0.0500028570375079));
#4480=CARTESIAN_POINT('',(-0.03,0.0197445823407783,0.0500040093127147));
#4481=CARTESIAN_POINT('',(-0.03,0.0197445941178452,0.0500045888552955));
#4482=CARTESIAN_POINT('',(-0.03,0.0197446222986591,0.0500057581746221));
#4483=CARTESIAN_POINT('',(-0.03,0.0197446387024062,0.0500063479513679));
#4484=CARTESIAN_POINT('',(-0.03,0.019744694818292,0.0500081377691682));
#4485=CARTESIAN_POINT('',(-0.03,0.0197447414350754,0.0500093582977857));
#4486=CARTESIAN_POINT('',(-0.03,0.019744852892358,0.0500118813822038));
#4487=CARTESIAN_POINT('',(-0.03,0.0197449177328573,0.0500131839380046));
#4488=CARTESIAN_POINT('',(-0.03,0.0197449915908797,0.050014541204238));
#4489=CARTESIAN_POINT('',(-0.03,0.0194597696925532,0.05));
#4490=CARTESIAN_POINT('',(-0.03,0.0194597696925532,0.05));
#4491=CARTESIAN_POINT('',(-0.03,0.0194597696925532,0.05));
#4492=CARTESIAN_POINT('',(-0.03,0.0194597696925532,0.05));
#4493=CARTESIAN_POINT('',(-0.03,0.0194597696925532,0.05));
#4494=CARTESIAN_POINT('',(-0.03,0.0194597696925532,0.05));
#4495=CARTESIAN_POINT('',(-0.03,0.0194597696925532,0.05));
#4496=CARTESIAN_POINT('',(-0.03,0.0194597696925532,0.05));
#4497=CARTESIAN_POINT('',(-0.03,0.0194597696925532,0.05));
#4498=CARTESIAN_POINT('',(-0.03,0.0194597696925532,0.05));
#4499=CARTESIAN_POINT('',(-0.03,0.0194597696925532,0.05));
#4500=CARTESIAN_POINT('',(-0.03,0.0194597696925532,0.05));
#4501=CARTESIAN_POINT('',(-0.03,0.0194597696925532,0.05));
#4502=CARTESIAN_POINT('',(-0.03,0.0194597696925532,0.05));
#4503=CARTESIAN_POINT('',(-0.03,0.0194597696925532,0.05));
#4504=CARTESIAN_POINT('',(-0.03,0.0194597696925532,0.05));
#4505=CARTESIAN_POINT('',(-0.03,0.0194597696925532,0.05));
#4506=CARTESIAN_POINT('',(-0.03,0.0194597696925532,0.05));
#4507=CARTESIAN_POINT('',(-0.03,0.0194597696925532,0.05));
#4508=CARTESIAN_POINT('',(-0.03,0.0194597696925532,0.05));
#4509=CARTESIAN_POINT('',(-0.03,0.0194597696925532,0.05));
#4510=CARTESIAN_POINT('',(-0.03,0.0194597696925532,0.05));
#4511=CARTESIAN_POINT('',(-0.03,0.0194597696925532,0.05));
#4512=CARTESIAN_POINT('',(-0.03,0.0194597696925532,0.05));
#4513=CARTESIAN_POINT('',(-0.03,0.0194597696925532,0.05));
#4514=CARTESIAN_POINT('',(-0.03,0.0194597696925532,0.05));
#4515=CARTESIAN_POINT('',(-0.03,0.0194597696925532,0.05));
#4516=CARTESIAN_POINT('',(-0.03,0.0194597696925532,0.05));
#4517=CARTESIAN_POINT('',(-0.03,0.0194597696925532,0.05));
#4518=CARTESIAN_POINT('',(-0.03,0.0194597696925532,0.05));
#4519=CARTESIAN_POINT('',(-0.03,0.0194597696925532,0.05));
#4520=CARTESIAN_POINT('',(-0.03,0.0207013830315913,0.0500633000244845));
#4521=CARTESIAN_POINT('',(-0.029990309112029,0.0231973129871843,0.0502035045683537));
#4522=CARTESIAN_POINT('',(-0.0299274288377662,0.0269232850234527,0.0504510696031201));
#4523=CARTESIAN_POINT('',(-0.0297817501143005,0.0306719955421042,0.0507503669571594));
#4524=CARTESIAN_POINT('',(-0.0295127649837752,0.0343461963398248,0.0510985172972235));
#4525=CARTESIAN_POINT('',(-0.0290860590382668,0.0375356150534439,0.0514595212036278));
#4526=CARTESIAN_POINT('',(-0.0285616799107813,0.0399102699193144,0.051767216147709));
#4527=CARTESIAN_POINT('',(-0.0280742720142104,0.0415342689833736,0.0519945651103923));
#4528=CARTESIAN_POINT('',(-0.0274425683021747,0.0430625093664582,0.0522232026488634));
#4529=CARTESIAN_POINT('',(-0.026590608411412,0.0445036126521553,0.0524500715341763));
#4530=CARTESIAN_POINT('',(-0.0255133931465782,0.0456551353525775,0.0526347976790735));
#4531=CARTESIAN_POINT('',(-0.0242293258517283,0.046349229602996,0.0527426492220289));
#4532=CARTESIAN_POINT('',(-0.0234180159804246,0.0465061968193259,0.0527662739818803));
#4533=CARTESIAN_POINT('',(-0.0230000000000919,0.0465061968193269,0.0527662739818799));
#4534=CARTESIAN_POINT('',(-0.023,-0.0225,0.05));
#4535=CARTESIAN_POINT('',(-0.023,-0.0225,0.0505));
#4536=CARTESIAN_POINT('',(-0.03,0.0442004139894085,0.0461517961687483));
#4537=CARTESIAN_POINT('',(-0.03,0.0468125588200558,0.0526461552120814));
#4538=CARTESIAN_POINT('',(-0.023,0.0468125588200558,0.0526461552120814));
#4539=CARTESIAN_POINT('',(-0.03,0.0438602980210403,0.0462885967507126));
#4540=CARTESIAN_POINT('',(-0.0299999999999973,0.046257800062992,0.0528692888578852));
#4541=CARTESIAN_POINT('',(-0.0229999999999835,0.0462578000741186,0.0528692888855952));
#4542=CARTESIAN_POINT('',(-0.03,0.0431692088470399,0.0465305793157438));
#4543=CARTESIAN_POINT('',(-0.0300000000000012,0.0453105518946678,0.0531967671278625));
#4544=CARTESIAN_POINT('',(-0.0230000000000075,0.0453105518896362,0.0531967671153317));
#4545=CARTESIAN_POINT('',(-0.03,0.0417777439593439,0.0469459769213317));
#4546=CARTESIAN_POINT('',(-0.0299999999999993,0.0435732984671567,0.0537153126334635));
#4547=CARTESIAN_POINT('',(-0.0229999999999957,0.0435732984700615,0.0537153126406977));
#4548=CARTESIAN_POINT('',(-0.03,0.0400204393341262,0.0473799085239339));
#4549=CARTESIAN_POINT('',(-0.0300000000000003,0.0415554869748319,0.0542107551737153));
#4550=CARTESIAN_POINT('',(-0.0230000000000015,0.0415554869738467,0.0542107551712616));
#4551=CARTESIAN_POINT('',(-0.03,0.0378965288053437,0.0478196261256272));
#4552=CARTESIAN_POINT('',(-0.0299999999999999,0.0392110436399964,0.0546960866770728));
#4553=CARTESIAN_POINT('',(-0.0229999999999996,0.0392110436402545,0.0546960866777156));
#4554=CARTESIAN_POINT('',(-0.03,0.0350490932555573,0.0483271536013945));
#4555=CARTESIAN_POINT('',(-0.03,0.0361441200807102,0.0552421801302293));
#4556=CARTESIAN_POINT('',(-0.0230000000000002,0.0361441200805612,0.0552421801298581));
#4557=CARTESIAN_POINT('',(-0.03,0.0314682499021473,0.0488490395287796));
#4558=CARTESIAN_POINT('',(-0.0299999999999999,0.0323675894491189,0.0557919619667997));
#4559=CARTESIAN_POINT('',(-0.0229999999999999,0.0323675894491695,0.0557919619669258));
#4560=CARTESIAN_POINT('',(-0.03,0.0271459255615831,0.049351240058396));
#4561=CARTESIAN_POINT('',(-0.0300000000000001,0.0278694312088585,0.0563143422758693));
#4562=CARTESIAN_POINT('',(-0.023,0.0278694312088449,0.0563143422758353));
#4563=CARTESIAN_POINT('',(-0.03,0.0228167939487978,0.0497552449877575));
#4564=CARTESIAN_POINT('',(-0.0299999999999996,0.0233985998466405,0.0567314099982069));
#4565=CARTESIAN_POINT('',(-0.023,0.0233985998466443,0.0567314099982169));
#4566=CARTESIAN_POINT('',(-0.03,0.01848090636274,0.0500786382161081));
#4567=CARTESIAN_POINT('',(-0.0300000000000014,0.018943794810062,0.0570636475586897));
#4568=CARTESIAN_POINT('',(-0.023,0.0189437948100602,0.0570636475586838));
#4569=CARTESIAN_POINT('',(-0.03,0.0148627644111451,0.0502896510809736));
#4570=CARTESIAN_POINT('',(-0.0299999999999958,0.0152331610090519,0.057279938257682));
#4571=CARTESIAN_POINT('',(-0.023,0.0152331610090544,0.0572799382576923));
#4572=CARTESIAN_POINT('',(-0.03,0.0119662690034936,0.050427370362487));
#4573=CARTESIAN_POINT('',(-0.0300000000000073,0.0122784279723942,0.0574205002820534));
#4574=CARTESIAN_POINT('',(-0.023,0.0122784279723898,0.057420500282036));
#4575=CARTESIAN_POINT('',(-0.03,0.0105176624232183,0.0504854194939782));
#4576=CARTESIAN_POINT('',(-0.029999999999984,0.0107817149326059,0.0574804374547724));
#4577=CARTESIAN_POINT('',(-0.023,0.0107817149326153,0.0574804374548107));
#4578=CARTESIAN_POINT('',(-0.03,0.0097932834436171,0.0505127638251054));
#4579=CARTESIAN_POINT('',(-0.03,0.0100573359530139,0.0575077817859316));
#4580=CARTESIAN_POINT('',(-0.023,0.0100573359530139,0.0575077817859316));
#4581=CARTESIAN_POINT('',(-0.023,0.010263483330607,0.0575));
#4582=CARTESIAN_POINT('',(-0.0239244832694306,0.010263483330607,0.0575));
#4583=CARTESIAN_POINT('',(-0.0257454998674428,0.010256610202477,0.0571355605743958));
#4584=CARTESIAN_POINT('',(-0.0280780840016307,0.0102271834143871,0.0555779173652245));
#4585=CARTESIAN_POINT('',(-0.0296318616329308,0.0101832600242082,0.0532600394782274));
#4586=CARTESIAN_POINT('',(-0.0300000000000022,0.0101480776728737,0.0514112120433711));
#4587=CARTESIAN_POINT('',(-0.03,0.010130700691769,0.0504999999999829));
#4588=CARTESIAN_POINT('',(-0.023,-0.045,0.0505));
#4589=CARTESIAN_POINT('',(0.023,-0.045,0.0505));
#4590=CARTESIAN_POINT('',(0.023,0.010263483330607,0.0575));
#4591=CARTESIAN_POINT('',(0.0239244832694303,0.010263483330607,0.0575));
#4592=CARTESIAN_POINT('',(0.0257454998674421,0.0102566102024826,0.0571355605743959));
#4593=CARTESIAN_POINT('',(0.0280780840016296,0.0102271834143682,0.0555779173652258));
#4594=CARTESIAN_POINT('',(0.0296318616329299,0.0101832600242786,0.0532600394782281));
#4595=CARTESIAN_POINT('',(0.0300000000000019,0.0101480776727223,0.0514112120433766));
#4596=CARTESIAN_POINT('',(0.03,0.0101307006917694,0.0504999999999857));
#4597=CARTESIAN_POINT('',(0.023,-0.0225,0.0505));
#4598=CARTESIAN_POINT('',(0.023,-0.0225,0.05));
#4599=CARTESIAN_POINT('',(0.023,-0.0225,0.0495));
#4600=CARTESIAN_POINT('',(0.03,0.00979323538300989,0.0505127656393286));
#4601=CARTESIAN_POINT('',(0.03,0.0100572878924067,0.0575077836001549));
#4602=CARTESIAN_POINT('',(0.023,0.0100572878924067,0.0575077836001549));
#4603=CARTESIAN_POINT('',(0.03,0.010517783242245,0.0504854149332226));
#4604=CARTESIAN_POINT('',(0.0299999999999893,0.0107818357516367,0.0574804328940133));
#4605=CARTESIAN_POINT('',(0.023,0.010781835751642,0.0574804328940551));
#4606=CARTESIAN_POINT('',(0.03,0.0119666662865143,0.0504273532599708));
#4607=CARTESIAN_POINT('',(0.0300000000000048,0.0122788353104624,0.0574204827513811));
#4608=CARTESIAN_POINT('',(0.023,0.01227883531046,0.0574204827513621));
#4609=CARTESIAN_POINT('',(0.03,0.0148630549693254,0.050289634999622));
#4610=CARTESIAN_POINT('',(0.0299999999999973,0.0152334577639571,0.0572799218346709));
#4611=CARTESIAN_POINT('',(0.023,0.0152334577639586,0.0572799218346821));
#4612=CARTESIAN_POINT('',(0.03,0.0184811112633816,0.0500786229120359));
#4613=CARTESIAN_POINT('',(0.0300000000000009,0.0189440061601774,0.0570636317231179));
#4614=CARTESIAN_POINT('',(0.023,0.018944006160176,0.0570636317231117));
#4615=CARTESIAN_POINT('',(0.03,0.0228181401294642,0.0497551580470626));
#4616=CARTESIAN_POINT('',(0.0299999999999997,0.0233999786368222,0.0567313211967939));
#4617=CARTESIAN_POINT('',(0.023,0.0233999786368259,0.0567313211968039));
#4618=CARTESIAN_POINT('',(0.03,0.0271506735480839,0.0493507352249397));
#4619=CARTESIAN_POINT('',(0.0300000000000001,0.0278743544430625,0.0563138192112816));
#4620=CARTESIAN_POINT('',(0.023,0.027874354443049,0.0563138192112478));
#4621=CARTESIAN_POINT('',(0.03,0.0314685181493731,0.0488489872926452));
#4622=CARTESIAN_POINT('',(0.03,0.0323678798129382,0.0557919053548185));
#4623=CARTESIAN_POINT('',(0.023,0.0323678798129885,0.0557919053549437));
#4624=CARTESIAN_POINT('',(0.03,0.0350524945413575,0.0483266645674099));
#4625=CARTESIAN_POINT('',(0.0299999999999999,0.0361476972429398,0.0552416688011869));
#4626=CARTESIAN_POINT('',(0.023,0.0361476972427919,0.0552416688008187));
#4627=CARTESIAN_POINT('',(0.03,0.0379056670966331,0.047817954133837));
#4628=CARTESIAN_POINT('',(0.0300000000000001,0.0392209267705813,0.0546942773329705));
#4629=CARTESIAN_POINT('',(0.0230000000000001,0.0392209267708374,0.0546942773336081));
#4630=CARTESIAN_POINT('',(0.03,0.0400397248069755,0.0473756915612803));
#4631=CARTESIAN_POINT('',(0.0299999999999996,0.0415769518409457,0.0542060834867257));
#4632=CARTESIAN_POINT('',(0.0229999999999997,0.041576951839968,0.0542060834842917));
#4633=CARTESIAN_POINT('',(0.03,0.0417978871617701,0.0469405330878489));
#4634=CARTESIAN_POINT('',(0.0300000000000009,0.0435972512938551,0.0537088475136247));
#4635=CARTESIAN_POINT('',(0.0230000000000007,0.0435972512967377,0.0537088475208011));
#4636=CARTESIAN_POINT('',(0.0299999999999999,0.043181077803671,0.0465266005318488));
#4637=CARTESIAN_POINT('',(0.0299999999999983,0.0453262031948967,0.0531916024700788));
#4638=CARTESIAN_POINT('',(0.0229999999999988,0.0453262031899035,0.053191602457648));
#4639=CARTESIAN_POINT('',(0.03,0.0438617500153281,0.0462878756465977));
#4640=CARTESIAN_POINT('',(0.0300000000000035,0.0462609499187788,0.0528677986484419));
#4641=CARTESIAN_POINT('',(0.0230000000000025,0.0462609499298205,0.0528677986759306));
#4642=CARTESIAN_POINT('',(0.03,0.0441968018743518,0.0461532482891335));
#4643=CARTESIAN_POINT('',(0.03,0.0468066713402955,0.0526485220609414));
#4644=CARTESIAN_POINT('',(0.023,0.0468066713402955,0.0526485220609414));
#4645=CARTESIAN_POINT('',(0.0229999999999326,0.0465053791678054,0.0527665866192889));
#4646=CARTESIAN_POINT('',(0.0234131594981181,0.0465053791670957,0.0527665866195603));
#4647=CARTESIAN_POINT('',(0.0242168535655966,0.0463527805605872,0.0527433435049375));
#4648=CARTESIAN_POINT('',(0.0255027009946531,0.0456667497176479,0.0526354830776167));
#4649=CARTESIAN_POINT('',(0.0265892819724388,0.0445148082155598,0.0524483199409787));
#4650=CARTESIAN_POINT('',(0.0274474967242733,0.0430694945402417,0.0522175933884093));
#4651=CARTESIAN_POINT('',(0.0280830273662603,0.0415364063187495,0.0519850029632255));
#4652=CARTESIAN_POINT('',(0.0285722001401345,0.0399076812371117,0.0517539578514747));
#4653=CARTESIAN_POINT('',(0.0290964569136373,0.0375303291490408,0.0514423528637152));
#4654=CARTESIAN_POINT('',(0.0295204894981754,0.0343440134041339,0.0510791891120455));
#4655=CARTESIAN_POINT('',(0.0297862609215163,0.0306701482727755,0.0507327505474024));
#4656=CARTESIAN_POINT('',(0.0299289034628962,0.0269221521110235,0.050439300919022));
#4657=CARTESIAN_POINT('',(0.0299901215156036,0.0231969976350672,0.0502037733428052));
#4658=CARTESIAN_POINT('',(0.03,0.0207012785501781,0.0500630299125029));
#4659=CARTESIAN_POINT('',(0.03,0.0194597696925531,0.05));
#4660=CARTESIAN_POINT('',(0.023,-0.045,0.0495));
#4661=CARTESIAN_POINT('',(0.023,0.0146440359103271,0.0495));
#4662=CARTESIAN_POINT('',(0.0229999999999326,0.0465053791678054,0.0527665866192889));
#4663=CARTESIAN_POINT('',(0.0229999999999326,0.0468695260836145,0.0526273603446342));
#4664=CARTESIAN_POINT('',(0.0229999999999327,0.0472299642677302,0.0524778649705059));
#4665=CARTESIAN_POINT('',(0.0229999999999327,0.0479364333557114,0.0521477217108181));
#4666=CARTESIAN_POINT('',(0.0229999999999327,0.0482830524913623,0.0519674641964285));
#4667=CARTESIAN_POINT('',(0.0229999999999327,0.0487786864970936,0.0516569817879577));
#4668=CARTESIAN_POINT('',(0.0229999999999327,0.0489397560174251,0.051546681655095));
#4669=CARTESIAN_POINT('',(0.0229999999999327,0.049247172967821,0.0513068523310814));
#4670=CARTESIAN_POINT('',(0.0229999999999327,0.0493938056577607,0.0511773096625282));
#4671=CARTESIAN_POINT('',(0.0229999999999327,0.0496579831058776,0.0508905457143862));
#4672=CARTESIAN_POINT('',(0.0229999999999327,0.0497760270591238,0.0507327473258938));
#4673=CARTESIAN_POINT('',(0.0229999999999327,0.0499055398383414,0.0504705650640585));
#4674=CARTESIAN_POINT('',(0.0229999999999327,0.0499405167344024,0.0503789435907691));
#4675=CARTESIAN_POINT('',(0.0229999999999327,0.0499880325306454,0.0501898719889372));
#4676=CARTESIAN_POINT('',(0.0229999999999327,0.0500004119191919,0.0500925651841642));
#4677=CARTESIAN_POINT('',(0.0229999999999327,0.0499995667985326,0.0498976161978038));
#4678=CARTESIAN_POINT('',(0.0229999999999327,0.0499863068281782,0.0498001928317734));
#4679=CARTESIAN_POINT('',(0.0229999999999327,0.0499372630106331,0.0496115118166381));
#4680=CARTESIAN_POINT('',(0.0229999999999327,0.0499016431128998,0.0495202147780195));
#4681=CARTESIAN_POINT('',(0.0229999999999327,0.049770460709861,0.0492588639113005));
#4682=CARTESIAN_POINT('',(0.0229999999999327,0.0496517314282032,0.0491016647212827));
#4683=CARTESIAN_POINT('',(0.0229999999999327,0.0493865293872279,0.0488158480606241));
#4684=CARTESIAN_POINT('',(0.0229999999999327,0.0492395745629874,0.0486867027600805));
#4685=CARTESIAN_POINT('',(0.0229999999999327,0.0489316436367489,0.0484475337179502));
#4686=CARTESIAN_POINT('',(0.0229999999999327,0.0487703944033186,0.0483375055782956));
#4687=CARTESIAN_POINT('',(0.0229999999999327,0.048274320201361,0.0480277269803275));
#4688=CARTESIAN_POINT('',(0.0229999999999327,0.0479275372318797,0.04784779560958));
#4689=CARTESIAN_POINT('',(0.0229999999999327,0.0472208155101571,0.0475181934975787));
#4690=CARTESIAN_POINT('',(0.0229999999999327,0.0468602938014916,0.0473689076629947));
#4691=CARTESIAN_POINT('',(0.0229999999999327,0.0464960776780603,0.0472298597080061));
#4692=CARTESIAN_POINT('',(0.0231228406831646,0.0465053791675944,0.0527665866193696));
#4693=CARTESIAN_POINT('',(0.0231355876356363,0.046869343338285,0.0526274302146781));
#4694=CARTESIAN_POINT('',(0.0231227843931726,0.0472299642675403,0.0524778649705884));
#4695=CARTESIAN_POINT('',(0.0231227281031805,0.0479364333555434,0.0521477217109029));
#4696=CARTESIAN_POINT('',(0.0231226999581845,0.0482830524912087,0.0519674641965128));
#4697=CARTESIAN_POINT('',(0.0231226577406904,0.048778686496964,0.0516569817880396));
#4698=CARTESIAN_POINT('',(0.0231226436681924,0.048939756017304,0.0515466816551757));
#4699=CARTESIAN_POINT('',(0.0231226155231963,0.0492471729677173,0.0513068523311593));
#4700=CARTESIAN_POINT('',(0.0231226014506983,0.0493938056576659,0.0511773096626044));
#4701=CARTESIAN_POINT('',(0.0231225733057023,0.0496579831058007,0.0508905457144587));
#4702=CARTESIAN_POINT('',(0.0231225592332042,0.0497760270590558,0.0507327473259642));
#4703=CARTESIAN_POINT('',(0.0231225381244572,0.0499055398382865,0.0504705650641255));
#4704=CARTESIAN_POINT('',(0.0231225310882083,0.0499405167343519,0.0503789435908349));
#4705=CARTESIAN_POINT('',(0.0231225170157102,0.0499880325306033,0.0501898719890005));
#4706=CARTESIAN_POINT('',(0.0231225099794612,0.050000411919154,0.0500925651842263));
#4707=CARTESIAN_POINT('',(0.0231224959069632,0.0499995667985028,0.0498976161978633));
#4708=CARTESIAN_POINT('',(0.0231224888707142,0.0499863068281525,0.0498001928318317));
#4709=CARTESIAN_POINT('',(0.0231224747982161,0.0499372630106151,0.0496115118166937));
#4710=CARTESIAN_POINT('',(0.0231224677619671,0.0499016431128854,0.0495202147780737));
#4711=CARTESIAN_POINT('',(0.0231224466532201,0.0497704607098574,0.0492588639113506));
#4712=CARTESIAN_POINT('',(0.0231224325807221,0.0496517314282061,0.04910166472133));
#4713=CARTESIAN_POINT('',(0.0231224044357261,0.0493865293872423,0.0488158480606656));
#4714=CARTESIAN_POINT('',(0.0231223903632281,0.0492395745630066,0.0486867027601191));
#4715=CARTESIAN_POINT('',(0.023122362218232,0.048931643636776,0.0484475337179831));
#4716=CARTESIAN_POINT('',(0.023122348145734,0.0487703944033486,0.0483375055783256));
#4717=CARTESIAN_POINT('',(0.0231223059282399,0.0482743202013958,0.0480277269803492));
#4718=CARTESIAN_POINT('',(0.0231222777832438,0.0479275372319129,0.0478477956095963));
#4719=CARTESIAN_POINT('',(0.0231222214932518,0.0472208155101739,0.0475181934975856));
#4720=CARTESIAN_POINT('',(0.0231349643905612,0.0468601105787614,0.0473688377134554));
#4721=CARTESIAN_POINT('',(0.0231221652032597,0.0464960776780595,0.0472298597080058));
#4722=CARTESIAN_POINT('',(0.0232451427085399,0.0464987553011102,0.0527655742216374));
#4723=CARTESIAN_POINT('',(0.0232703442655441,0.0468618733533132,0.0526261425948972));
#4724=CARTESIAN_POINT('',(0.0232459722841931,0.0472220328289113,0.0524763147689376));
#4725=CARTESIAN_POINT('',(0.0232466078911495,0.0479273302896329,0.0521459973979452));
#4726=CARTESIAN_POINT('',(0.0232468635831748,0.0482734099756509,0.0519657628031159));
#4727=CARTESIAN_POINT('',(0.0232471590944039,0.0487683194925221,0.051655442989781));
#4728=CARTESIAN_POINT('',(0.0232472429997046,0.0489291617336518,0.0515452186482647));
#4729=CARTESIAN_POINT('',(0.0232473812177698,0.0492361588183185,0.0513055800510765));
#4730=CARTESIAN_POINT('',(0.0232474355305344,0.0493825986431566,0.0511761523311639));
#4731=CARTESIAN_POINT('',(0.0232475141678762,0.0496464390538325,0.0508896561487346));
#4732=CARTESIAN_POINT('',(0.0232475384072334,0.04976433833293,0.0507320109348828));
#4733=CARTESIAN_POINT('',(0.0232475496819772,0.0498936953408251,0.0504700840467224));
#4734=CARTESIAN_POINT('',(0.0232475491937428,0.0499286307708354,0.050378551867362));
#4735=CARTESIAN_POINT('',(0.0232475392540074,0.0499760903818421,0.0501896644869005));
#4736=CARTESIAN_POINT('',(0.0232475298025064,0.0499884552069762,0.0500924524696042));
#4737=CARTESIAN_POINT('',(0.023247501465936,0.0499876107213362,0.049897693186518));
#4738=CARTESIAN_POINT('',(0.0232474825831923,0.0499743659841775,0.0498003647492395));
#4739=CARTESIAN_POINT('',(0.0232474358852614,0.0499253794756766,0.0496118676874935));
#4740=CARTESIAN_POINT('',(0.0232474080700742,0.0498898014936848,0.0495206597119787));
#4741=CARTESIAN_POINT('',(0.0232473119705572,0.0497587759930973,0.0492595637583847));
#4742=CARTESIAN_POINT('',(0.0232472312793699,0.0496401917671627,0.0491025174646042));
#4743=CARTESIAN_POINT('',(0.0232470398783342,0.0493753273466299,0.0488169683379788));
#4744=CARTESIAN_POINT('',(0.0232469292511557,0.0492285655722167,0.0486879379982426));
#4745=CARTESIAN_POINT('',(0.0232466785232944,0.0489210549860897,0.0484489599558184));
#4746=CARTESIAN_POINT('',(0.0232465384226116,0.0487600333096733,0.0483390078593576));
#4747=CARTESIAN_POINT('',(0.0232460744800316,0.0482646847931058,0.0480293929127849));
#4748=CARTESIAN_POINT('',(0.0232457067205139,0.047918442558692,0.0478494855548717));
#4749=CARTESIAN_POINT('',(0.0232448474059131,0.0472128967937226,0.0475197120651962));
#4750=CARTESIAN_POINT('',(0.0232690998942338,0.0468526559070415,0.0473700952689214));
#4751=CARTESIAN_POINT('',(0.0232437947440512,0.0464894738177295,0.0472308439415852));
#4752=CARTESIAN_POINT('',(0.0234859387130059,0.0464735577991678,0.0527617076016949));
#4753=CARTESIAN_POINT('',(0.02353569728198,0.0468325820603586,0.0526215277231669));
#4754=CARTESIAN_POINT('',(0.023490720938088,0.0471895967314221,0.052471092599081));
#4755=CARTESIAN_POINT('',(0.0234944751857716,0.0478886158850032,0.0521404032197816));
#4756=CARTESIAN_POINT('',(0.0234960220447745,0.0482318806197799,0.0519602810472863));
#4757=CARTESIAN_POINT('',(0.0234978719435484,0.048723112864503,0.0516504989897378));
#4758=CARTESIAN_POINT('',(0.0234984105325604,0.0488828206057964,0.0515405162872465));
#4759=CARTESIAN_POINT('',(0.0234993296853295,0.0491877554884706,0.051301480726527));
#4760=CARTESIAN_POINT('',(0.0234997102490866,0.049333266531678,0.0511724144550591));
#4761=CARTESIAN_POINT('',(0.0235003114139164,0.0495955104579943,0.0508867666308071));
#4762=CARTESIAN_POINT('',(0.0235005315995418,0.0497127400898528,0.0507296097122659));
#4763=CARTESIAN_POINT('',(0.02350072925788,0.0498413842505024,0.0504685065379594));
#4764=CARTESIAN_POINT('',(0.0235007727200288,0.0498761316416093,0.0503772637571112));
#4765=CARTESIAN_POINT('',(0.0235008125025983,0.0499233369291044,0.0501889756761427));
#4766=CARTESIAN_POINT('',(0.0235008088230189,0.049935636073251,0.0500920730174645));
#4767=CARTESIAN_POINT('',(0.0235007520283314,0.0499347936668362,0.0498979329522419));
#4768=CARTESIAN_POINT('',(0.0235006989245612,0.0499216168246,0.0498009144244071));
#4769=CARTESIAN_POINT('',(0.0235005457233974,0.0498728882391375,0.0496130156372671));
#4770=CARTESIAN_POINT('',(0.0235004456260037,0.0498374996648476,0.0495220961759717));
#4771=CARTESIAN_POINT('',(0.0235000784722311,0.0497071902965287,0.0492618221922195));
#4772=CARTESIAN_POINT('',(0.0234997457588619,0.0495892764952497,0.0491052631555561));
#4773=CARTESIAN_POINT('',(0.0234989201863609,0.0493260095393653,0.0488205615976675));
#4774=CARTESIAN_POINT('',(0.0234984277302459,0.049180176684739,0.0486918928212204));
#4775=CARTESIAN_POINT('',(0.0234972853212635,0.0488747291688153,0.0484535190351532));
#4776=CARTESIAN_POINT('',(0.0234966353683961,0.0487148426763939,0.0483438096484034));
#4777=CARTESIAN_POINT('',(0.0234944520291308,0.0482231752620247,0.0480347368755738));
#4778=CARTESIAN_POINT('',(0.0234926838112617,0.0478797529163562,0.047854946447224));
#4779=CARTESIAN_POINT('',(0.0234884885149144,0.0471805036305499,0.0475248121919625));
#4780=CARTESIAN_POINT('',(0.0235332302113319,0.0468234199240108,0.0473745947086941));
#4781=CARTESIAN_POINT('',(0.0234832675803115,0.0464643513411555,0.0472346027765621));
#4782=CARTESIAN_POINT('',(0.0236044326920965,0.0464549841637096,0.0527588533794846));
#4783=CARTESIAN_POINT('',(0.0236658021228132,0.046811031649648,0.0526181271955395));
#4784=CARTESIAN_POINT('',(0.0236113598715286,0.0471656001131162,0.0524673015898613));
#4785=CARTESIAN_POINT('',(0.0236168029553681,0.0478599192842955,0.0521363640404126));
#4786=CARTESIAN_POINT('',(0.0236190495204428,0.0482010780716533,0.051956326862877));
#4787=CARTESIAN_POINT('',(0.0236217467390589,0.0486895611116997,0.051646933825027));
#4788=CARTESIAN_POINT('',(0.0236225342704649,0.0488484210331169,0.0515371250266918));
#4789=CARTESIAN_POINT('',(0.023623883183781,0.0491518154533458,0.0512985230417649));
#4790=CARTESIAN_POINT('',(0.0236244445656911,0.0492966330530835,0.0511697164797728));
#4791=CARTESIAN_POINT('',(0.0236253381134514,0.0495576855407605,0.0508846791001285));
#4792=CARTESIAN_POINT('',(0.0236256696188471,0.0496744157347482,0.0507278739447285));
#4793=CARTESIAN_POINT('',(0.0236259748677705,0.049802528411318,0.0504673653586108));
#4794=CARTESIAN_POINT('',(0.0236260441061895,0.0498371356416889,0.0503763316457329));
#4795=CARTESIAN_POINT('',(0.0236261139157098,0.0498841513768793,0.050188476782713));
#4796=CARTESIAN_POINT('',(0.0236261144868112,0.0498964015773047,0.0500917978716149));
#4797=CARTESIAN_POINT('',(0.0236260433168233,0.0498955607232727,0.0498981056718616));
#4798=CARTESIAN_POINT('',(0.0236259715937586,0.0498824344770864,0.0498013112991597));
#4799=CARTESIAN_POINT('',(0.0236257597191232,0.0498338981334663,0.0496138449650714));
#4800=CARTESIAN_POINT('',(0.0236256195675526,0.0497986507446615,0.0495231339122854));
#4801=CARTESIAN_POINT('',(0.0236251022415352,0.0496688753236358,0.0492634532092869));
#4802=CARTESIAN_POINT('',(0.0236246301107901,0.0495514615521409,0.0491072451520015));
#4803=CARTESIAN_POINT('',(0.0236234563960029,0.0492893867837615,0.0488231534170317));
#4804=CARTESIAN_POINT('',(0.0236227554526537,0.0491442474815415,0.0486947444127835));
#4805=CARTESIAN_POINT('',(0.0236211283373576,0.0488403410720575,0.0484568050536249));
#4806=CARTESIAN_POINT('',(0.0236202021654107,0.0486813029005178,0.0483472703339329));
#4807=CARTESIAN_POINT('',(0.0236170902216424,0.0481923874866276,0.0480385897507158));
#4808=CARTESIAN_POINT('',(0.0236145688744555,0.0478510746863759,0.047858887571462));
#4809=CARTESIAN_POINT('',(0.0236085795254988,0.0471565386305776,0.0475285132715754));
#4810=CARTESIAN_POINT('',(0.0236627320290182,0.0468019103753229,0.047377910124382));
#4811=CARTESIAN_POINT('',(0.0236011108757804,0.0464458327249114,0.0472373773779595));
#4812=CARTESIAN_POINT('',(0.0239501064640844,0.0463832855492318,0.0527478024328581));
#4813=CARTESIAN_POINT('',(0.0240448336992091,0.0467280240416095,0.0526050216209495));
#4814=CARTESIAN_POINT('',(0.0239647558786038,0.0470730032342804,0.0524528205357528));
#4815=CARTESIAN_POINT('',(0.0239762814535317,0.0477491894300697,0.0521210005614927));
#4816=CARTESIAN_POINT('',(0.0239810513546376,0.0480822153686937,0.0519412962358842));
#4817=CARTESIAN_POINT('',(0.0239868147359264,0.0485600702489503,0.0516333817514222));
#4818=CARTESIAN_POINT('',(0.0239885053324513,0.0487156504593808,0.0515242315330695));
#4819=CARTESIAN_POINT('',(0.0239914179790053,0.0490130819394386,0.0512872712927024));
#4820=CARTESIAN_POINT('',(0.0239926400290345,0.0491552131760333,0.0511594480433548));
#4821=CARTESIAN_POINT('',(0.0239946080972447,0.0494116469759517,0.0508767261191234));
#4822=CARTESIAN_POINT('',(0.0239953524962469,0.0495264391999714,0.0507212571291377));
#4823=CARTESIAN_POINT('',(0.0239960628249983,0.0496524885959905,0.0504630119785042));
#4824=CARTESIAN_POINT('',(0.0239962306400516,0.0496865515031542,0.0503727748254715));
#4825=CARTESIAN_POINT('',(0.0239964194160298,0.0497328310763033,0.0501865716356619));
#4826=CARTESIAN_POINT('',(0.0239964403769547,0.0497448911903417,0.0500907462633268));
#4827=CARTESIAN_POINT('',(0.0239963265129428,0.0497440565733926,0.0498987625858592));
#4828=CARTESIAN_POINT('',(0.0239961917321951,0.049731127041769,0.0498028233424164));
#4829=CARTESIAN_POINT('',(0.023995775910214,0.0496833377031951,0.0496170056713591));
#4830=CARTESIAN_POINT('',(0.0239954948689805,0.0496486388036712,0.0495270885850911));
#4831=CARTESIAN_POINT('',(0.0239944465100473,0.0495209367513499,0.0492696661502137));
#4832=CARTESIAN_POINT('',(0.0239934786519715,0.0494054635402464,0.0491147911401302));
#4833=CARTESIAN_POINT('',(0.023991066453057,0.0491480108367663,0.0488330122910443));
#4834=CARTESIAN_POINT('',(0.0239896236829498,0.0490055584965204,0.0487055867593567));
#4835=CARTESIAN_POINT('',(0.0239862720499747,0.0487076177397731,0.048469292269961));
#4836=CARTESIAN_POINT('',(0.0239843631871068,0.0485518612597077,0.0483604189957899));
#4837=CARTESIAN_POINT('',(0.0239779483321709,0.0480735847007441,0.0480532289594712));
#4838=CARTESIAN_POINT('',(0.023972748809083,0.0477404182583066,0.0478738720236363));
#4839=CARTESIAN_POINT('',(0.0239603736467198,0.0470640646560666,0.0475426462734644));
#4840=CARTESIAN_POINT('',(0.0240400040154197,0.0467190604903343,0.047390686092558));
#4841=CARTESIAN_POINT('',(0.0239448890138256,0.0463743441894247,0.0472481195848665));
#4842=CARTESIAN_POINT('',(0.0241713198813713,0.0463137916516841,0.0527370474557195));
#4843=CARTESIAN_POINT('',(0.0242853924801589,0.0466479025399645,0.0525923692262892));
#4844=CARTESIAN_POINT('',(0.0241910955653144,0.0469835609728283,0.0524389979500429));
#4845=CARTESIAN_POINT('',(0.0242066384287359,0.0476424063312754,0.0521064318142082));
#4846=CARTESIAN_POINT('',(0.0242130754137256,0.0479676425945317,0.0519270603784481));
#4847=CARTESIAN_POINT('',(0.0242208841075474,0.0484353007399923,0.0516205518197196));
#4848=CARTESIAN_POINT('',(0.0242231813889849,0.0485877311328865,0.0515120238021248));
#4849=CARTESIAN_POINT('',(0.0242271529618663,0.048879430030841,0.0512766125965147));
#4850=CARTESIAN_POINT('',(0.0242288272533103,0.0490189754385536,0.051149716325943));
#4851=CARTESIAN_POINT('',(0.0242315410892175,0.0492709586559354,0.0508691809351687));
#4852=CARTESIAN_POINT('',(0.0242325780770828,0.0493838806064004,0.0507149754331175));
#4853=CARTESIAN_POINT('',(0.0242335797885082,0.0495079373380977,0.0504588757421435));
#4854=CARTESIAN_POINT('',(0.0242338194242462,0.0495414742432972,0.0503693943552256));
#4855=CARTESIAN_POINT('',(0.0242340960645928,0.04958704239973,0.0501847594128379));
#4856=CARTESIAN_POINT('',(0.0242341330692014,0.0495989188125204,0.050089744982199));
#4857=CARTESIAN_POINT('',(0.0242339903523006,0.0495980905477213,0.0498993845931301));
#4858=CARTESIAN_POINT('',(0.0242338107005638,0.0495853514518974,0.0498042578388875));
#4859=CARTESIAN_POINT('',(0.0242332497187884,0.0495382846311251,0.0496200054413748));
#4860=CARTESIAN_POINT('',(0.0242328683887498,0.0495041160524273,0.0495308415625808));
#4861=CARTESIAN_POINT('',(0.0242314442435882,0.0493784172395974,0.0492755594430572));
#4862=CARTESIAN_POINT('',(0.0242301286863505,0.0492648172758318,0.0491219447802167));
#4863=CARTESIAN_POINT('',(0.0242268623608867,0.0490118192060061,0.0488423497074316));
#4864=CARTESIAN_POINT('',(0.0242249140727631,0.0488719535882652,0.0487158511579278));
#4865=CARTESIAN_POINT('',(0.0242203987527849,0.048579748482868,0.0484811083919521));
#4866=CARTESIAN_POINT('',(0.0242178317209304,0.0484271438656766,0.048372859906262));
#4867=CARTESIAN_POINT('',(0.0242092197703488,0.0479590744270824,0.0480670867884819));
#4868=CARTESIAN_POINT('',(0.0242022556839397,0.0476337102896595,0.0478880742468016));
#4869=CARTESIAN_POINT('',(0.0241856768403837,0.0469747431510453,0.047556131152893));
#4870=CARTESIAN_POINT('',(0.0242794321750103,0.0466390920647073,0.0474030180348936));
#4871=CARTESIAN_POINT('',(0.0241648928235527,0.0463050508768479,0.0472585734591508));
#4872=CARTESIAN_POINT('',(0.0245864088573028,0.0461446009290676,0.052710601636606));
#4873=CARTESIAN_POINT('',(0.02473269640573,0.046454347817587,0.0525618664566008));
#4874=CARTESIAN_POINT('',(0.0246139850927139,0.0467682533030086,0.0524060980451694));
#4875=CARTESIAN_POINT('',(0.0246355675607184,0.0473866919727331,0.0520721194452652));
#4876=CARTESIAN_POINT('',(0.0246445089644816,0.047693657461329,0.0518935784985764));
#4877=CARTESIAN_POINT('',(0.0246554466938385,0.0481372312054639,0.0515903628633641));
#4878=CARTESIAN_POINT('',(0.0246586844237393,0.0482821899703199,0.0514832799479766));
#4879=CARTESIAN_POINT('',(0.0246643209472617,0.048560233694713,0.0512514692025275));
#4880=CARTESIAN_POINT('',(0.0246667197408832,0.0486935877568278,0.0511267286584322));
#4881=CARTESIAN_POINT('',(0.0246706558153374,0.0489348682008962,0.0508513077608727));
#4882=CARTESIAN_POINT('',(0.0246721881534139,0.0490432646729907,0.050700071037478));
#4883=CARTESIAN_POINT('',(0.0246736904015884,0.0491624851694408,0.0504490450637327));
#4884=CARTESIAN_POINT('',(0.0246740546266736,0.0491947423566655,0.0503613555618128));
#4885=CARTESIAN_POINT('',(0.0246744827971286,0.04923857905685,0.0501804459978687));
#4886=CARTESIAN_POINT('',(0.0246745467424984,0.049250008093013,0.0500873611416663));
#4887=CARTESIAN_POINT('',(0.0246743471224198,0.0492491974531928,0.0499008634275706));
#4888=CARTESIAN_POINT('',(0.0246740836918647,0.0492369243323619,0.0498076701365862));
#4889=CARTESIAN_POINT('',(0.0246732584315893,0.0491916200815637,0.0496271353465313));
#4890=CARTESIAN_POINT('',(0.0246726966018689,0.0491587436148542,0.0495397566889937));
#4891=CARTESIAN_POINT('',(0.0246706067767582,0.0490379119915597,0.0492895345887529));
#4892=CARTESIAN_POINT('',(0.0246686887770856,0.0489288475449545,0.0491388801067317));
#4893=CARTESIAN_POINT('',(0.0246639909825327,0.0486865666135358,0.0488643909000132));
#4894=CARTESIAN_POINT('',(0.0246612159825175,0.048552896200068,0.0487400470800774));
#4895=CARTESIAN_POINT('',(0.0246548361776435,0.0482743559211152,0.048508909204733));
#4896=CARTESIAN_POINT('',(0.0246512313727846,0.0481292283945329,0.0484021110003659));
#4897=CARTESIAN_POINT('',(0.0246392058518929,0.0476852679065559,0.04809965396099));
#4898=CARTESIAN_POINT('',(0.024629557958394,0.0473782018935324,0.0479214971697387));
#4899=CARTESIAN_POINT('',(0.0246066051174374,0.0467597373644304,0.0475882053126616));
#4900=CARTESIAN_POINT('',(0.0247246110870356,0.0464459066050602,0.0474327334359962));
#4901=CARTESIAN_POINT('',(0.0245777242536797,0.0461363273152581,0.0472842746385184));
#4902=CARTESIAN_POINT('',(0.0247775432215845,0.0460465387834881,0.052695164165363));
#4903=CARTESIAN_POINT('',(0.0249363152451644,0.0463427914810653,0.0525443547352593));
#4904=CARTESIAN_POINT('',(0.0248070716428978,0.0466444768814053,0.0523874049624572));
#4905=CARTESIAN_POINT('',(0.0248300987758893,0.0472402135528619,0.0520527916537617));
#4906=CARTESIAN_POINT('',(0.0248396368487578,0.0475368496927244,0.0518747343172348));
#4907=CARTESIAN_POINT('',(0.0248513695934814,0.0479667180214305,0.0515733548887587));
#4908=CARTESIAN_POINT('',(0.0248548568995612,0.0481074081636949,0.0514670729765629));
#4909=CARTESIAN_POINT('',(0.0248609551782325,0.0483776205290813,0.051237262402753));
#4910=CARTESIAN_POINT('',(0.024863566150824,0.0485074071190211,0.0511137212508511));
#4911=CARTESIAN_POINT('',(0.0248678826466863,0.0487424962995672,0.0508411646233558));
#4912=CARTESIAN_POINT('',(0.0248695817784621,0.0488482604495596,0.0506915988564963));
#4913=CARTESIAN_POINT('',(0.0248712573212701,0.0489646603139417,0.0504434477639572));
#4914=CARTESIAN_POINT('',(0.0248716653772092,0.0489961695339065,0.0503567762762855));
#4915=CARTESIAN_POINT('',(0.024872145369535,0.0490389938946814,0.0501779873188871));
#4916=CARTESIAN_POINT('',(0.0248722173059217,0.0490501612068371,0.0500860026755835));
#4917=CARTESIAN_POINT('',(0.0248719898562513,0.0490493619429049,0.0499017075029941));
#4918=CARTESIAN_POINT('',(0.0248716906446253,0.0490373625129541,0.0498096167608411));
#4919=CARTESIAN_POINT('',(0.0248707585530491,0.0489930908157097,0.0496311977586816));
#4920=CARTESIAN_POINT('',(0.0248701256730991,0.0489609704898568,0.0495448329941355));
#4921=CARTESIAN_POINT('',(0.0248677824886488,0.0488429801592402,0.0492974771568362));
#4922=CARTESIAN_POINT('',(0.0248656461718766,0.0487365552689474,0.04914848810958));
#4923=CARTESIAN_POINT('',(0.0248604680355358,0.0485004761796062,0.0488768571306017));
#4924=CARTESIAN_POINT('',(0.0248574324162237,0.0483703762987409,0.0487537115948357));
#4925=CARTESIAN_POINT('',(0.0248504971195828,0.0480996740424391,0.0485245753744401));
#4926=CARTESIAN_POINT('',(0.0248465974422541,0.0479588185403139,0.0484185806138667));
#4927=CARTESIAN_POINT('',(0.0248336458896433,0.0475285773638963,0.0481179714263141));
#4928=CARTESIAN_POINT('',(0.0248233207120758,0.0472318549459922,0.047940311571446));
#4929=CARTESIAN_POINT('',(0.024798778204971,0.0466361408763107,0.0476064188546494));
#4930=CARTESIAN_POINT('',(0.024927248533974,0.0463345639023128,0.047449786136014));
#4931=CARTESIAN_POINT('',(0.0247678256585336,0.0460385272425202,0.0472992757784793));
#4932=CARTESIAN_POINT('',(0.0251350181256638,0.0458320128735065,0.0526611287391824));
#4933=CARTESIAN_POINT('',(0.0253130068246786,0.0461007647990397,0.0525066065224906));
#4934=CARTESIAN_POINT('',(0.0251662402402845,0.0463772299870696,0.0523476294103063));
#4935=CARTESIAN_POINT('',(0.0251903621909039,0.0469259081491767,0.0520121638956153));
#4936=CARTESIAN_POINT('',(0.025200347819225,0.0472009424489529,0.0518351804776056));
#4937=CARTESIAN_POINT('',(0.0252128049561221,0.0476018851310444,0.0515376224094648));
#4938=CARTESIAN_POINT('',(0.0252165454044318,0.0477335169200024,0.0514329914208777));
#4939=CARTESIAN_POINT('',(0.0252231582876059,0.0479870229761616,0.0512073116016741));
#4940=CARTESIAN_POINT('',(0.0252260307224701,0.0481091507457909,0.0510862507940694));
#4941=CARTESIAN_POINT('',(0.0252308634266198,0.0483308779444302,0.050819666274242));
#4942=CARTESIAN_POINT('',(0.0252328139808326,0.0484309193622713,0.0506736062159248));
#4943=CARTESIAN_POINT('',(0.025234760782761,0.0485411654087257,0.0504315376537594));
#4944=CARTESIAN_POINT('',(0.0252352390477401,0.0485710381946286,0.0503470271334554));
#4945=CARTESIAN_POINT('',(0.0252358007443003,0.0486116466969831,0.0501727505543483));
#4946=CARTESIAN_POINT('',(0.0252358841758813,0.0486222406599304,0.0500831118633483));
#4947=CARTESIAN_POINT('',(0.0252356027102412,0.0486214691987136,0.0499035133694514));
#4948=CARTESIAN_POINT('',(0.0252352380781556,0.0486100722764751,0.0498137738589068));
#4949=CARTESIAN_POINT('',(0.0252341177324362,0.0485680661545614,0.0496398558620916));
#4950=CARTESIAN_POINT('',(0.0252333620188023,0.0485376026521578,0.0495556423714681));
#4951=CARTESIAN_POINT('',(0.0252305933310522,0.0484258182512412,0.0493143483380396));
#4952=CARTESIAN_POINT('',(0.025228106979226,0.0483251355642523,0.0491688513765458));
#4953=CARTESIAN_POINT('',(0.0252222224444377,0.0481024474050004,0.0489031760962615));
#4954=CARTESIAN_POINT('',(0.0252188336858652,0.0479800151701356,0.0487825067708737));
#4955=CARTESIAN_POINT('',(0.0252112074375808,0.0477260365141932,0.0485575008872131));
#4956=CARTESIAN_POINT('',(0.0252069699478689,0.0475942473688933,0.0484531604205012));
#4957=CARTESIAN_POINT('',(0.0251930507588499,0.0471929611052238,0.0481563916669681));
#4958=CARTESIAN_POINT('',(0.0251821307515349,0.0469178671868873,0.047979829934607));
#4959=CARTESIAN_POINT('',(0.0251562344612724,0.0463692979115679,0.0476451473825361));
#4960=CARTESIAN_POINT('',(0.0253021104711908,0.0460929998918877,0.0474865255327798));
#4961=CARTESIAN_POINT('',(0.0251233850199925,0.0458245474026169,0.0473323442041474));
#4962=CARTESIAN_POINT('',(0.0253020764901213,0.0457148784730641,0.0526424249004735));
#4963=CARTESIAN_POINT('',(0.0254868863690026,0.0459695307637544,0.0524862361137752));
#4964=CARTESIAN_POINT('',(0.0253332068944386,0.0462329143693763,0.0523263987250353));
#4965=CARTESIAN_POINT('',(0.0253571122749398,0.0467570963381091,0.0519907077280181));
#4966=CARTESIAN_POINT('',(0.0253670042641419,0.0470207999194192,0.0518143209317855));
#4967=CARTESIAN_POINT('',(0.0253794572627026,0.0474064524739128,0.0515187678028653));
#4968=CARTESIAN_POINT('',(0.0253832206508582,0.0475332741407279,0.0514149950491504));
#4969=CARTESIAN_POINT('',(0.0253899195585256,0.0477778702824314,0.0511914650230731));
#4970=CARTESIAN_POINT('',(0.0253928550780375,0.0478958921311178,0.0510716960632761));
#4971=CARTESIAN_POINT('',(0.0253978456025028,0.048110425288246,0.0508082428964614));
#4972=CARTESIAN_POINT('',(0.0253998890175454,0.0482073675457187,0.0506640302098563));
#4973=CARTESIAN_POINT('',(0.0254019419575576,0.0483142716506019,0.0504251888764808));
#4974=CARTESIAN_POINT('',(0.0254024486294984,0.0483432537794271,0.0503418279441813));
#4975=CARTESIAN_POINT('',(0.0254030428748587,0.0483826558392915,0.0501699565161224));
#4976=CARTESIAN_POINT('',(0.0254031304482784,0.0483929374438343,0.0500815703089445));
#4977=CARTESIAN_POINT('',(0.0254028226808691,0.0483921824005942,0.0499044794434453));
#4978=CARTESIAN_POINT('',(0.025402427656342,0.0483811150195407,0.0498159953624717));
#4979=CARTESIAN_POINT('',(0.0254012229913594,0.0483403448261487,0.0496444759719139));
#4980=CARTESIAN_POINT('',(0.0254004133509039,0.0483107841887302,0.0495614065042357));
#4981=CARTESIAN_POINT('',(0.0253974640042185,0.0482023731597969,0.0493233276198768));
#4982=CARTESIAN_POINT('',(0.0253948374779581,0.0481048018601532,0.049179669957603));
#4983=CARTESIAN_POINT('',(0.0253887044170884,0.0478893261075806,0.0489171157397284));
#4984=CARTESIAN_POINT('',(0.0253852091256109,0.0477710055644276,0.0487977352837821));
#4985=CARTESIAN_POINT('',(0.025377413838302,0.047525947484649,0.0485748774061376));
#4986=CARTESIAN_POINT('',(0.0253731138424708,0.0473989730918593,0.0484713961704899));
#4987=CARTESIAN_POINT('',(0.0253590860250448,0.047012992458348,0.0481766400129153));
#4988=CARTESIAN_POINT('',(0.0253481926894393,0.0467492418218315,0.0480006859702171));
#4989=CARTESIAN_POINT('',(0.0253223985422585,0.0462252070499248,0.0476658069137513));
#4990=CARTESIAN_POINT('',(0.0254751379163909,0.0459620159902891,0.0475063427424644));
#4991=CARTESIAN_POINT('',(0.0252895568996703,0.0457076985549655,0.047350514273462));
#4992=CARTESIAN_POINT('',(0.0256137750923266,0.0454690235164846,0.0526029789999902));
#4993=CARTESIAN_POINT('',(0.0258078341694842,0.0456962690805523,0.05244417736249));
#4994=CARTESIAN_POINT('',(0.0256439444664545,0.0459339098942879,0.0522831084856892));
#4995=CARTESIAN_POINT('',(0.0256667760383771,0.0464095753005079,0.0519475064554816));
#4996=CARTESIAN_POINT('',(0.0256762161673304,0.0466506133900017,0.0517723854119362));
#4997=CARTESIAN_POINT('',(0.0256883678727537,0.0470053751183461,0.0514808259334493));
#4998=CARTESIAN_POINT('',(0.0256920970686413,0.0471224226803997,0.0513787443028657));
#4999=CARTESIAN_POINT('',(0.0256988414436328,0.0473488152831931,0.0511594601582631));
#5000=CARTESIAN_POINT('',(0.0257018566227367,0.0474583943261742,0.0510422465885626));
#5001=CARTESIAN_POINT('',(0.0257071016925511,0.0476580571345276,0.0507850444325934));
#5002=CARTESIAN_POINT('',(0.0257093159027937,0.0477485477620938,0.0506445445300252));
#5003=CARTESIAN_POINT('',(0.0257115722581236,0.0478484713857486,0.0504122470162641));
#5004=CARTESIAN_POINT('',(0.0257121347821097,0.0478755882329614,0.0503312250338443));
#5005=CARTESIAN_POINT('',(0.0257127942966439,0.0479124625520704,0.0501642592365362));
#5006=CARTESIAN_POINT('',(0.025712891287192,0.0479220891745782,0.0500784329919275));
#5007=CARTESIAN_POINT('',(0.0257125333903264,0.047921371532218,0.049906467761996));
#5008=CARTESIAN_POINT('',(0.0257120789308506,0.0479109982027423,0.0498205499758294));
#5009=CARTESIAN_POINT('',(0.0257107105319491,0.0478728231797449,0.0496539215570756));
#5010=CARTESIAN_POINT('',(0.0257097965925231,0.0478451559760125,0.0495731786127781));
#5011=CARTESIAN_POINT('',(0.0257065028675234,0.0477437983640694,0.0493416160540715));
#5012=CARTESIAN_POINT('',(0.0257036166412054,0.047652708025449,0.0492016524249161));
#5013=CARTESIAN_POINT('',(0.0256970594059099,0.0474521469880562,0.0489453237304391));
#5014=CARTESIAN_POINT('',(0.0256934036082281,0.0473422834842476,0.0488284902693219));
#5015=CARTESIAN_POINT('',(0.0256854090672963,0.0471154539742196,0.0486098698211679));
#5016=CARTESIAN_POINT('',(0.0256810703240464,0.0469982639148721,0.048508079226341));
#5017=CARTESIAN_POINT('',(0.0256671367976944,0.0466432052758437,0.0482173243191411));
#5018=CARTESIAN_POINT('',(0.025656573733649,0.0464021417269832,0.0480426525891875));
#5019=CARTESIAN_POINT('',(0.0256316482772392,0.0459266833384264,0.0477079075127713));
#5020=CARTESIAN_POINT('',(0.0257945115012932,0.0456892726858603,0.0475472404372981));
#5021=CARTESIAN_POINT('',(0.025599621621365,0.0454624130205743,0.0473888293359796));
#5022=CARTESIAN_POINT('',(0.0257579079227501,0.0453408111965567,0.0525823208640992));
#5023=CARTESIAN_POINT('',(0.0259544078833078,0.0455547608951771,0.0524225845938543));
#5024=CARTESIAN_POINT('',(0.0257872321429654,0.0457797503192488,0.0522611492140519));
#5025=CARTESIAN_POINT('',(0.0258092259279516,0.0462314121815175,0.0519258606376645));
#5026=CARTESIAN_POINT('',(0.0258183159863161,0.046461122503034,0.0517514030212101));
#5027=CARTESIAN_POINT('',(0.0258301803830986,0.0468002919290015,0.0514618184890435));
#5028=CARTESIAN_POINT('',(0.0258338553323171,0.0469123779551805,0.0513605642902276));
#5029=CARTESIAN_POINT('',(0.0258405641250086,0.0471294811228699,0.051143364017949));
#5030=CARTESIAN_POINT('',(0.0258435979684815,0.0472347250236952,0.0510274072310044));
#5031=CARTESIAN_POINT('',(0.0258489431433542,0.047426714305685,0.050773310344107));
#5032=CARTESIAN_POINT('',(0.0258512365785678,0.0475138535020069,0.0506346682246355));
#5033=CARTESIAN_POINT('',(0.0258535915458125,0.0476101396150783,0.0504056755305953));
#5034=CARTESIAN_POINT('',(0.0258541818595727,0.0476362820927199,0.050325838931806));
#5035=CARTESIAN_POINT('',(0.0258548745831037,0.0476718354473467,0.050161365602792));
#5036=CARTESIAN_POINT('',(0.0258549769928746,0.0476811195250434,0.0500768428037668));
#5037=CARTESIAN_POINT('',(0.0258545953550806,0.0476804228470594,0.0499074875139274));
#5038=CARTESIAN_POINT('',(0.0258541117959232,0.0476704139306298,0.0498228765590825));
#5039=CARTESIAN_POINT('',(0.0258526636665586,0.047633597778624,0.0496587324914648));
#5040=CARTESIAN_POINT('',(0.0258516990963515,0.0476069208700579,0.049579168067106));
#5041=CARTESIAN_POINT('',(0.0258482405733624,0.0475092422182028,0.0493508949048715));
#5042=CARTESIAN_POINT('',(0.0258452336987309,0.0474215203775613,0.0492127783713794));
#5043=CARTESIAN_POINT('',(0.0258384977596732,0.0472286587922551,0.048959539725111));
#5044=CARTESIAN_POINT('',(0.025834786055965,0.0471231388553641,0.0488439576148368));
#5045=CARTESIAN_POINT('',(0.0258267566221398,0.0469056130723021,0.0486274143381052));
#5046=CARTESIAN_POINT('',(0.0258224388920228,0.0467933901079805,0.0485264496755273));
#5047=CARTESIAN_POINT('',(0.0258086988249838,0.0464539393175081,0.0482376695857956));
#5048=CARTESIAN_POINT('',(0.0257984314227232,0.0462242124865711,0.0480636667150583));
#5049=CARTESIAN_POINT('',(0.0257742533528696,0.0457727789792529,0.04772925098366));
#5050=CARTESIAN_POINT('',(0.0259403658395644,0.0455480318629263,0.0475682279499698));
#5051=CARTESIAN_POINT('',(0.02574300978517,0.0453344835908063,0.0474088929086816));
#5052=CARTESIAN_POINT('',(0.0260272778553035,0.0450778249149023,0.052539877100632));
#5053=CARTESIAN_POINT('',(0.0262257810937305,0.0452665911166143,0.0523789980363591));
#5054=CARTESIAN_POINT('',(0.0260558589305804,0.0454672946443323,0.0522173047711377));
#5055=CARTESIAN_POINT('',(0.0260769237263797,0.0458725191016315,0.0518831366959615));
#5056=CARTESIAN_POINT('',(0.026085627526885,0.0460800763467241,0.0517100428221528));
#5057=CARTESIAN_POINT('',(0.0260973136111041,0.0463884349734744,0.051424307773367));
#5058=CARTESIAN_POINT('',(0.0261009999665915,0.0464906595242498,0.0513246496823459));
#5059=CARTESIAN_POINT('',(0.0261078516650392,0.0466891994906629,0.0511114818394514));
#5060=CARTESIAN_POINT('',(0.0261110170079994,0.0467857263440403,0.05099796209798));
#5061=CARTESIAN_POINT('',(0.0261167236807036,0.0469622092352611,0.0507499459718613));
#5062=CARTESIAN_POINT('',(0.0261192424271651,0.0470425314887612,0.0506149672339629));
#5063=CARTESIAN_POINT('',(0.026121866736926,0.0471313960461211,0.0503925486508394));
#5064=CARTESIAN_POINT('',(0.0261225317769504,0.0471555457906518,0.050315077803459));
#5065=CARTESIAN_POINT('',(0.0261233179980626,0.0471883963883554,0.0501555905293201));
#5066=CARTESIAN_POINT('',(0.0261234391791506,0.0471969790097596,0.0500736803357072));
#5067=CARTESIAN_POINT('',(0.0261230132832457,0.0471963276960689,0.0499095566006595));
#5068=CARTESIAN_POINT('',(0.0261224668225767,0.0471870675122349,0.0498275653076828));
#5069=CARTESIAN_POINT('',(0.0261208386721214,0.0471530362904931,0.0496683897012985));
#5070=CARTESIAN_POINT('',(0.0261197569823351,0.0471283867737163,0.0495911761919526));
#5071=CARTESIAN_POINT('',(0.0261159067637744,0.0470382201290088,0.0493694432463404));
#5072=CARTESIAN_POINT('',(0.0261125985666904,0.0469573529938023,0.0492349662181976));
#5073=CARTESIAN_POINT('',(0.0261053574713636,0.0467800552154636,0.0489877727528842));
#5074=CARTESIAN_POINT('',(0.0261014464806936,0.0466832710610496,0.0488746140838455));
#5075=CARTESIAN_POINT('',(0.0260931461116683,0.0464843394191513,0.0486620839887478));
#5076=CARTESIAN_POINT('',(0.0260887567333129,0.0463819894836619,0.0485627093027929));
#5077=CARTESIAN_POINT('',(0.0260750247642105,0.0460733795201456,0.0482777682783384));
#5078=CARTESIAN_POINT('',(0.026065044910892,0.0458658198066516,0.0481051321866711));
#5079=CARTESIAN_POINT('',(0.0260416299062046,0.0454608500998966,0.0477718502814154));
#5080=CARTESIAN_POINT('',(0.0262104211235616,0.0452604008641031,0.0476105798552741));
#5081=CARTESIAN_POINT('',(0.0260110110552459,0.0450720489757393,0.0474501110887663));
#5082=CARTESIAN_POINT('',(0.0261526306115361,0.0449429287871747,0.0525180728082838));
#5083=CARTESIAN_POINT('',(0.0263507076428302,0.0451197805612637,0.0523569779520785));
#5084=CARTESIAN_POINT('',(0.0261813350482097,0.0453088261307435,0.0521953890999999));
#5085=CARTESIAN_POINT('',(0.0262023256733104,0.0456915765179168,0.0518620248051012));
#5086=CARTESIAN_POINT('',(0.0262110003640725,0.0458882916970034,0.0516896321841736));
#5087=CARTESIAN_POINT('',(0.0262228039124753,0.0461814117146371,0.0514057756517729));
#5088=CARTESIAN_POINT('',(0.0262265583855719,0.046278730459135,0.0513068879921095));
#5089=CARTESIAN_POINT('',(0.0262335927868883,0.0464679866011622,0.0510956728608831));
#5090=CARTESIAN_POINT('',(0.0262368727151081,0.0465601273577821,0.0509833357814062));
#5091=CARTESIAN_POINT('',(0.0262428435678688,0.0467287706775446,0.0507383003756641));
#5092=CARTESIAN_POINT('',(0.0262455094377493,0.0468056249038799,0.0506051300656343));
#5093=CARTESIAN_POINT('',(0.0262483055002246,0.0468907029000858,0.0503859851800079));
#5094=CARTESIAN_POINT('',(0.0262490177285099,0.0469138336519605,0.0503096961962083));
#5095=CARTESIAN_POINT('',(0.0262498645640727,0.0469453016181836,0.0501527055275973));
#5096=CARTESIAN_POINT('',(0.0262499991713503,0.0469535251181827,0.0500721060169576));
#5097=CARTESIAN_POINT('',(0.0262495527289697,0.0469528982038296,0.049910606943511));
#5098=CARTESIAN_POINT('',(0.0262489723630822,0.0469440225488887,0.0498299300048382));
#5099=CARTESIAN_POINT('',(0.026247243537929,0.0469114182244481,0.0496732415299499));
#5100=CARTESIAN_POINT('',(0.0262460950786634,0.0468878064329796,0.0495972019133195));
#5101=CARTESIAN_POINT('',(0.0262420168548247,0.046801475350511,0.0493787242015139));
#5102=CARTESIAN_POINT('',(0.0262385268909354,0.0467240969383788,0.0492460424198048));
#5103=CARTESIAN_POINT('',(0.026230956450896,0.0465546702244165,0.0490018093355218));
#5104=CARTESIAN_POINT('',(0.026226900279751,0.0464622824794389,0.048889825168412));
#5105=CARTESIAN_POINT('',(0.0262183595639975,0.0462726513183468,0.0486792352675555));
#5106=CARTESIAN_POINT('',(0.026213875019389,0.0461752131893949,0.0485806263984675));
#5107=CARTESIAN_POINT('',(0.0261999491185486,0.0458818563416467,0.0482975536599897));
#5108=CARTESIAN_POINT('',(0.0261899540311914,0.0456851438114833,0.0481256164745385));
#5109=CARTESIAN_POINT('',(0.0261665376597301,0.0453026533142333,0.0477931359009803));
#5110=CARTESIAN_POINT('',(0.0263347484209202,0.0451138619291035,0.0476319699048153));
#5111=CARTESIAN_POINT('',(0.0261357391935902,0.0449374219013605,0.0474712838008655));
#5112=CARTESIAN_POINT('',(0.0263880541866983,0.0446686740746868,0.0524737855165735));
#5113=CARTESIAN_POINT('',(0.0265835772953258,0.044823385983717,0.0523127785209472));
#5114=CARTESIAN_POINT('',(0.0264190436088177,0.0449904358170533,0.0521517404317178));
#5115=CARTESIAN_POINT('',(0.0264415115638494,0.0453303987672958,0.0518203334835196));
#5116=CARTESIAN_POINT('',(0.0264508081980949,0.0455062291626929,0.0516493664061694));
#5117=CARTESIAN_POINT('',(0.0264636771478627,0.0457696785032218,0.0513691855308499));
#5118=CARTESIAN_POINT('',(0.0264678131973192,0.0458573892742885,0.051271792733941));
#5119=CARTESIAN_POINT('',(0.0264756397551113,0.0460283669377053,0.0510643760838132));
#5120=CARTESIAN_POINT('',(0.0264793302634468,0.0461118204747004,0.0509543434123721));
#5121=CARTESIAN_POINT('',(0.0264861273988086,0.0462648642821603,0.0507151610125128));
#5122=CARTESIAN_POINT('',(0.0264892038579783,0.0463347761072716,0.0505855607544401));
#5123=CARTESIAN_POINT('',(0.0264924639503312,0.0464122530066694,0.0503729206947607));
#5124=CARTESIAN_POINT('',(0.0264933016002163,0.0464333338748524,0.0502989856560476));
#5125=CARTESIAN_POINT('',(0.0264943125330228,0.0464620192709421,0.0501469759004429));
#5126=CARTESIAN_POINT('',(0.0264944858159443,0.0464695194308842,0.0500689949598458));
#5127=CARTESIAN_POINT('',(0.0264940017429925,0.0464689436141009,0.0499127397348554));
#5128=CARTESIAN_POINT('',(0.0264933452104346,0.0464608444826151,0.0498346888518568));
#5129=CARTESIAN_POINT('',(0.0264913791197874,0.0464311155129631,0.0496829612476292));
#5130=CARTESIAN_POINT('',(0.0264900695616981,0.0464095929464144,0.0496092587539646));
#5131=CARTESIAN_POINT('',(0.0264854252990816,0.0463309659978646,0.0493972463446665));
#5132=CARTESIAN_POINT('',(0.0264814624787943,0.0462605737811242,0.0492681060202795));
#5133=CARTESIAN_POINT('',(0.0264729490506633,0.0461068131726787,0.0490296803332714));
#5134=CARTESIAN_POINT('',(0.02646842770803,0.0460231344443109,0.0489199814868015));
#5135=CARTESIAN_POINT('',(0.0264589919411073,0.0458518163722487,0.048713158878116));
#5136=CARTESIAN_POINT('',(0.0264540775168179,0.0457639983195117,0.0486160322382583));
#5137=CARTESIAN_POINT('',(0.0264389488846847,0.0455003396840772,0.0483366034088934));
#5138=CARTESIAN_POINT('',(0.0264282512281368,0.0453245188142551,0.0481660780938457));
#5139=CARTESIAN_POINT('',(0.0264032150849491,0.0449848127896596,0.0478355286377481));
#5140=CARTESIAN_POINT('',(0.0265665266291101,0.0448180071344777,0.0476749011112037));
#5141=CARTESIAN_POINT('',(0.0263700150930786,0.0446636875541638,0.0475142855442674));
#5142=CARTESIAN_POINT('',(0.0264978551181291,0.0445298881379195,0.0524513976231061));
#5143=CARTESIAN_POINT('',(0.0266912765082747,0.0446743436707292,0.0522906913434808));
#5144=CARTESIAN_POINT('',(0.0265310549017658,0.0448310286679326,0.0521300948271325));
#5145=CARTESIAN_POINT('',(0.0265551133358234,0.0451506318821,0.0517998291347688));
#5146=CARTESIAN_POINT('',(0.0265650772612755,0.045316400248771,0.051629578814352));
#5147=CARTESIAN_POINT('',(0.0265789136364947,0.0455653943546905,0.0513511824041503));
#5148=CARTESIAN_POINT('',(0.0265833688293418,0.0456483962030535,0.0512545095842894));
#5149=CARTESIAN_POINT('',(0.0265918145884755,0.0458103676327195,0.0510489294520454));
#5150=CARTESIAN_POINT('',(0.0265958051547622,0.0458895152228705,0.0509400137294473));
#5151=CARTESIAN_POINT('',(0.0266031708986666,0.046034791371365,0.0507036937933093));
#5152=CARTESIAN_POINT('',(0.02660651326661,0.0461012259282728,0.0505758501347384));
#5153=CARTESIAN_POINT('',(0.0266100680863544,0.0461748853968684,0.050366433582684));
#5154=CARTESIAN_POINT('',(0.0266109845839664,0.0461949346499778,0.0502936680712107));
#5155=CARTESIAN_POINT('',(0.0266120998238026,0.0462222191411437,0.0501441375010037));
#5156=CARTESIAN_POINT('',(0.0266122985660268,0.0462293548402012,0.0500674618796613));
#5157=CARTESIAN_POINT('',(0.0266117974243056,0.046228805718772,0.0499138207067801));
#5158=CARTESIAN_POINT('',(0.0266110984357739,0.046221098821203,0.0498370789582206));
#5159=CARTESIAN_POINT('',(0.026608994961085,0.0461928192691177,0.0496878199746118));
#5160=CARTESIAN_POINT('',(0.0266075904749279,0.0461723489229054,0.0496152781595828));
#5161=CARTESIAN_POINT('',(0.026602605776594,0.0460975934299381,0.0494064682087649));
#5162=CARTESIAN_POINT('',(0.0265983494571715,0.0460307015704215,0.0492790690812839));
#5163=CARTESIAN_POINT('',(0.0265892159518045,0.0458847436957974,0.0490434806170134));
#5164=CARTESIAN_POINT('',(0.0265843705938427,0.0458053823823776,0.0489348878097302));
#5165=CARTESIAN_POINT('',(0.0265742704604304,0.0456430884552154,0.0487298830898449));
#5166=CARTESIAN_POINT('',(0.0265690156849797,0.0455599854010577,0.0486334684327453));
#5167=CARTESIAN_POINT('',(0.0265528589219952,0.0453107949279534,0.0483558026357729));
#5168=CARTESIAN_POINT('',(0.0265414578186367,0.0451450377511045,0.0481859828218448));
#5169=CARTESIAN_POINT('',(0.0265147646097593,0.0448256830851997,0.0478565510105908));
#5170=CARTESIAN_POINT('',(0.0266737348439799,0.0446692321888813,0.0476963528458389));
#5171=CARTESIAN_POINT('',(0.0264792943958912,0.0445251518997992,0.0475360223299602));
#5172=CARTESIAN_POINT('',(0.0267045095887515,0.0442495767934355,0.0524063152368876));
#5173=CARTESIAN_POINT('',(0.0268929983822368,0.0443752792936598,0.0522464136868667));
#5174=CARTESIAN_POINT('',(0.0267448755834429,0.0445126741070233,0.0520868429921505));
#5175=CARTESIAN_POINT('',(0.026774312195603,0.0447939938394981,0.0517589982644793));
#5176=CARTESIAN_POINT('',(0.0267865288507413,0.0449406026418445,0.0515901891960722));
#5177=CARTESIAN_POINT('',(0.026803410612076,0.0451617672513063,0.0513153295772006));
#5178=CARTESIAN_POINT('',(0.0268088298951847,0.0452356507201802,0.051220078931116));
#5179=CARTESIAN_POINT('',(0.0268190763298077,0.0453800930471201,0.05101813230307));
#5180=CARTESIAN_POINT('',(0.0268239034813219,0.045450812363866,0.0509114287400699));
#5181=CARTESIAN_POINT('',(0.0268327894624997,0.0455808187591263,0.0506807992141439));
#5182=CARTESIAN_POINT('',(0.0268368101136331,0.0456403802222317,0.0505564563330025));
#5183=CARTESIAN_POINT('',(0.0268411039131332,0.0457064753748849,0.0503534827476185));
#5184=CARTESIAN_POINT('',(0.0268422161865079,0.0457244765611006,0.0502830572724804));
#5185=CARTESIAN_POINT('',(0.0268435921844394,0.0457489786827971,0.0501384907700114));
#5186=CARTESIAN_POINT('',(0.0268438559089964,0.0457553898929831,0.050064430362301));
#5187=CARTESIAN_POINT('',(0.0268433242467251,0.0457548951432964,0.0499160264476208));
#5188=CARTESIAN_POINT('',(0.0268425299018329,0.0457479692964613,0.0498419075597539));
#5189=CARTESIAN_POINT('',(0.026840106737313,0.0457225709277456,0.0496975907480105));
#5190=CARTESIAN_POINT('',(0.026838477917685,0.0457041906274347,0.0496273706675326));
#5191=CARTESIAN_POINT('',(0.026832673575863,0.0456371095058007,0.049424959629544));
#5192=CARTESIAN_POINT('',(0.0268276908705036,0.0455771377739405,0.0493010287008961));
#5193=CARTESIAN_POINT('',(0.0268169477317678,0.045446520898159,0.0490710759465204));
#5194=CARTESIAN_POINT('',(0.0268112243345898,0.0453756110177343,0.0489646710000203));
#5195=CARTESIAN_POINT('',(0.0267992451040173,0.0452308819139176,0.0487632568190408));
#5196=CARTESIAN_POINT('',(0.0267929892706227,0.0451569090540949,0.0486682451106481));
#5197=CARTESIAN_POINT('',(0.0267736799452186,0.044935571978521,0.0483940623358027));
#5198=CARTESIAN_POINT('',(0.0267599604922014,0.0447889751369959,0.0482256523888544));
#5199=CARTESIAN_POINT('',(0.0267277606861973,0.0445078786146605,0.0478985731339182));
#5200=CARTESIAN_POINT('',(0.0268745724168673,0.0443706917986292,0.0477393640732741));
#5201=CARTESIAN_POINT('',(0.0266849948235376,0.0442453219805867,0.0475797928222967));
#5202=CARTESIAN_POINT('',(0.026801363127943,0.0441080513857189,0.0523836207441366));
#5203=CARTESIAN_POINT('',(0.0269870329530016,0.0442252319834642,0.0522242126322817));
#5204=CARTESIAN_POINT('',(0.0268467072969223,0.0443536793575749,0.0520652195655013));
#5205=CARTESIAN_POINT('',(0.0268799494531772,0.0446170374713745,0.0517386472397825));
#5206=CARTESIAN_POINT('',(0.0268937589768141,0.0447545329566107,0.0515705619803613));
#5207=CARTESIAN_POINT('',(0.0269127276085003,0.0449623043651537,0.0512974566287207));
#5208=CARTESIAN_POINT('',(0.0269187944358193,0.0450317728530853,0.051202909321396));
#5209=CARTESIAN_POINT('',(0.0269302267947198,0.0451676828405806,0.0510027627069645));
#5210=CARTESIAN_POINT('',(0.0269355923263014,0.045234275884453,0.0508971562399877));
#5211=CARTESIAN_POINT('',(0.0269454328978095,0.0453567738707768,0.0506693589275106));
#5212=CARTESIAN_POINT('',(0.0269498670321678,0.0454129371399278,0.0505467626059868));
#5213=CARTESIAN_POINT('',(0.0269546061896825,0.0454752830384594,0.050347012239388));
#5214=CARTESIAN_POINT('',(0.0269558356667161,0.0454922671804531,0.0502777585577926));
#5215=CARTESIAN_POINT('',(0.026957368481176,0.0455153870473316,0.0501356795381088));
#5216=CARTESIAN_POINT('',(0.0269576718186023,0.0455214380316601,0.0500629303407729));
#5217=CARTESIAN_POINT('',(0.0269571266985168,0.0455209709571659,0.0499171522648768));
#5218=CARTESIAN_POINT('',(0.0269562793573651,0.0455144341238226,0.0498443484199585));
#5219=CARTESIAN_POINT('',(0.026953673509667,0.0454904683088182,0.0497025077626981));
#5220=CARTESIAN_POINT('',(0.0269519150031208,0.0454731264253063,0.049633450024677));
#5221=CARTESIAN_POINT('',(0.0269456303306254,0.0454098505849849,0.0494342392091525));
#5222=CARTESIAN_POINT('',(0.0269402136187194,0.0453533009897452,0.0493120376724969));
#5223=CARTESIAN_POINT('',(0.0269284779426422,0.0452302286897659,0.0490848876945704));
#5224=CARTESIAN_POINT('',(0.0269221986601121,0.0451634567719817,0.0489795664688936));
#5225=CARTESIAN_POINT('',(0.0269090002347864,0.0450272778143144,0.0487799279988205));
#5226=CARTESIAN_POINT('',(0.0269020810919907,0.0449577256733579,0.0486856084179507));
#5227=CARTESIAN_POINT('',(0.0268806384162802,0.0447497927702605,0.04841314764086));
#5228=CARTESIAN_POINT('',(0.0268652966334128,0.0446123083531959,0.0482454414295161));
#5229=CARTESIAN_POINT('',(0.0268292294841384,0.0443491564953747,0.0479195899131514));
#5230=CARTESIAN_POINT('',(0.0269682136363674,0.0442209010982923,0.047760934052176));
#5231=CARTESIAN_POINT('',(0.0267814159483715,0.0441040277157388,0.0476018265289406));
#5232=CARTESIAN_POINT('',(0.0269849971341482,0.0438228387894343,0.0523381070552921));
#5233=CARTESIAN_POINT('',(0.0271650316410173,0.0439246080163443,0.0521794938732634));
#5234=CARTESIAN_POINT('',(0.0270432988575488,0.0440365460695585,0.0520215555615406));
#5235=CARTESIAN_POINT('',(0.0270865585801045,0.0442663952883804,0.0516974201832955));
#5236=CARTESIAN_POINT('',(0.0271045586188526,0.0443866700810185,0.0515307839199746));
#5237=CARTESIAN_POINT('',(0.0271289094843622,0.044568862096816,0.0512612441217177));
#5238=CARTESIAN_POINT('',(0.027136624452133,0.0446298526420031,0.0511681316568419));
#5239=CARTESIAN_POINT('',(0.027151035041862,0.0447493013446094,0.0509716550487756));
#5240=CARTESIAN_POINT('',(0.0271577306638201,0.0448078932175951,0.0508682845880528));
#5241=CARTESIAN_POINT('',(0.0271698871909092,0.0449157764816532,0.0506462443122025));
#5242=CARTESIAN_POINT('',(0.0271753017363963,0.0449652940836426,0.0505271919054354));
#5243=CARTESIAN_POINT('',(0.0271810867399566,0.0450202920570926,0.0503339674047016));
#5244=CARTESIAN_POINT('',(0.0271825898281462,0.0450352797220362,0.0502670843254586));
#5245=CARTESIAN_POINT('',(0.0271844896505339,0.0450556851348509,0.0501300347967206));
#5246=CARTESIAN_POINT('',(0.0271848863847321,0.0450610281116431,0.0500599355302426));
#5247=CARTESIAN_POINT('',(0.0271843176378068,0.0450606161074462,0.0499194640634786));
#5248=CARTESIAN_POINT('',(0.0271833534218913,0.0450548445768204,0.0498493177259125));
#5249=CARTESIAN_POINT('',(0.0271803353695998,0.0450336932510328,0.0497124835483791));
#5250=CARTESIAN_POINT('',(0.0271782815332237,0.0450183903071791,0.0496457772445773));
#5251=CARTESIAN_POINT('',(0.0271708906900716,0.0449625735913094,0.0494530452384314));
#5252=CARTESIAN_POINT('',(0.0271644587704246,0.0449127169687227,0.0493343522174374));
#5253=CARTESIAN_POINT('',(0.0271503430897142,0.044804330525728,0.0491128975652199));
#5254=CARTESIAN_POINT('',(0.0271427043011775,0.0447455825391924,0.0490097838223234));
#5255=CARTESIAN_POINT('',(0.0271264713113125,0.0446258991824834,0.0488137624978221));
#5256=CARTESIAN_POINT('',(0.0271178771099842,0.044564835781951,0.0487208528546231));
#5257=CARTESIAN_POINT('',(0.0270909711121691,0.0443825020622166,0.048451884581209));
#5258=CARTESIAN_POINT('',(0.0270713851855388,0.0442622349601276,0.0482855801269065));
#5259=CARTESIAN_POINT('',(0.0270251795986112,0.0440325544323437,0.0479620592097443));
#5260=CARTESIAN_POINT('',(0.0271455079466205,0.0439207743109553,0.0478043993280256));
#5261=CARTESIAN_POINT('',(0.0269642591359452,0.0438192589266099,0.047646015956147));
#5262=CARTESIAN_POINT('',(0.0270718174228145,0.0436789742573583,0.052315259130768));
#5263=CARTESIAN_POINT('',(0.0272490315398691,0.0437738616091315,0.0521569446648035));
#5264=CARTESIAN_POINT('',(0.0271380909473751,0.0438782444248147,0.0519994826321403));
#5265=CARTESIAN_POINT('',(0.0271875566186928,0.0440925577585036,0.0516765129938493));
#5266=CARTESIAN_POINT('',(0.0272081517695305,0.0442047299227105,0.0515106039601378));
#5267=CARTESIAN_POINT('',(0.0272357949516289,0.0443747414453404,0.0512428799563131));
#5268=CARTESIAN_POINT('',(0.0272445096258309,0.0444316706912909,0.051150500738642));
#5269=CARTESIAN_POINT('',(0.0272607109943904,0.0445431932997529,0.0509558979713068));
#5270=CARTESIAN_POINT('',(0.0272681976887481,0.0445979114634601,0.0508536685252793));
#5271=CARTESIAN_POINT('',(0.027281714557437,0.0446986903179721,0.0506345575219206));
#5272=CARTESIAN_POINT('',(0.0272876956450865,0.0447449611618028,0.050517304815142));
#5273=CARTESIAN_POINT('',(0.0272940807473923,0.0447963611817093,0.0503273865686282));
#5274=CARTESIAN_POINT('',(0.0272957401448717,0.0448103695937708,0.0502617035155526));
#5275=CARTESIAN_POINT('',(0.0272978500253863,0.0448294430488647,0.0501271984445757));
#5276=CARTESIAN_POINT('',(0.0272983005084216,0.0448344383055567,0.0500584391308236));
#5277=CARTESIAN_POINT('',(0.0272977215855159,0.0448340537012728,0.0499206508987073));
#5278=CARTESIAN_POINT('',(0.0272966935192068,0.044828658403102,0.0498518482576019));
#5279=CARTESIAN_POINT('',(0.0272934460649296,0.0448088887809472,0.0497175468541704));
#5280=CARTESIAN_POINT('',(0.0272912266769615,0.0447945861848509,0.0496520308589321));
#5281=CARTESIAN_POINT('',(0.0272832103626478,0.0447424226093447,0.049462581044614));
#5282=CARTESIAN_POINT('',(0.0272761976141726,0.0446958361176471,0.0493456694899121));
#5283=CARTESIAN_POINT('',(0.0272606954641396,0.0445945890724396,0.0491271118303302));
#5284=CARTESIAN_POINT('',(0.0272522536805513,0.0445397258762608,0.0490251239501438));
#5285=CARTESIAN_POINT('',(0.0272342068256102,0.0444279851448932,0.0488309478993811));
#5286=CARTESIAN_POINT('',(0.0272246017542573,0.0443709881147029,0.0487387578046501));
#5287=CARTESIAN_POINT('',(0.0271943688026214,0.0442008437429793,0.0484715645276229));
#5288=CARTESIAN_POINT('',(0.0271721635816051,0.0440886768105159,0.0483059601224076));
#5289=CARTESIAN_POINT('',(0.0271196929565708,0.043874511616355,0.0479835432246806));
#5290=CARTESIAN_POINT('',(0.0272291966155502,0.0437702687407005,0.0478263252537042));
#5291=CARTESIAN_POINT('',(0.0270507208232901,0.0436756073635801,0.0476681995060923));
#5292=CARTESIAN_POINT('',(0.0272369893507353,0.0433887523773505,0.0522694483323988));
#5293=CARTESIAN_POINT('',(0.0274090047486222,0.0434713424651324,0.0521112208646509));
#5294=CARTESIAN_POINT('',(0.0273219150229181,0.0435619126885445,0.0519544207207903));
#5295=CARTESIAN_POINT('',(0.0273859690468139,0.0437474892350972,0.0516334988572364));
#5296=CARTESIAN_POINT('',(0.0274126625914721,0.0438444795654012,0.0514690567533907));
#5297=CARTESIAN_POINT('',(0.0274479767604052,0.0439914344844846,0.051205118983286));
#5298=CARTESIAN_POINT('',(0.0274590069091948,0.0440406373647961,0.051114280241122));
#5299=CARTESIAN_POINT('',(0.0274793301299303,0.0441370169510859,0.0509235999760409));
#5300=CARTESIAN_POINT('',(0.0274886232018761,0.0441843009080915,0.0508237533859366));
#5301=CARTESIAN_POINT('',(0.0275052176737897,0.0442714001493907,0.050610708666094));
#5302=CARTESIAN_POINT('',(0.0275124646182199,0.0443113939727367,0.0504971619137238));
#5303=CARTESIAN_POINT('',(0.0275201829264866,0.0443558252569584,0.0503140068243831));
#5304=CARTESIAN_POINT('',(0.0275221883194337,0.0443679343739255,0.0502507726086494));
#5305=CARTESIAN_POINT('',(0.0275247636077095,0.0443844234874624,0.0501214511098595));
#5306=CARTESIAN_POINT('',(0.0275253335030382,0.0443887435113959,0.0500554177131816));
#5307=CARTESIAN_POINT('',(0.0275247370514092,0.0443884122696145,0.0499230878093438));
#5308=CARTESIAN_POINT('',(0.0275235721906059,0.0443837477568246,0.0498570183955662));
#5309=CARTESIAN_POINT('',(0.0275198262237842,0.0443666592600871,0.0497278773212211));
#5310=CARTESIAN_POINT('',(0.0275172451177659,0.0443542969172928,0.0496647908511195));
#5311=CARTESIAN_POINT('',(0.0275078529690326,0.0443092090357833,0.0494820560984492));
#5312=CARTESIAN_POINT('',(0.0274995509910741,0.0442689444874655,0.0493688138778749));
#5313=CARTESIAN_POINT('',(0.0274809287945918,0.0441814438942038,0.0491562570236671));
#5314=CARTESIAN_POINT('',(0.027470661402253,0.0441340357683999,0.0490566209644485));
#5315=CARTESIAN_POINT('',(0.0274484549582904,0.0440374689105546,0.0488663082839104));
#5316=CARTESIAN_POINT('',(0.0274365159066666,0.0439882074874961,0.0487756300090205));
#5317=CARTESIAN_POINT('',(0.0273985526562343,0.0438411353454597,0.0485121368630358));
#5318=CARTESIAN_POINT('',(0.0273702053021139,0.0437441447614466,0.0483479410580943));
#5319=CARTESIAN_POINT('',(0.0273030315802366,0.0435586762839029,0.0480274388597807));
#5320=CARTESIAN_POINT('',(0.0273886184982419,0.0434682116598231,0.0478708083774848));
#5321=CARTESIAN_POINT('',(0.0272152413919921,0.0433857947907273,0.0477126810122955));
#5322=CARTESIAN_POINT('',(0.0273153409899898,0.0432423950294187,0.0522464854585537));
#5323=CARTESIAN_POINT('',(0.0274849736860382,0.0433195820924089,0.0520880454459955));
#5324=CARTESIAN_POINT('',(0.02741093880084,0.0434039057826544,0.0519314303937306));
#5325=CARTESIAN_POINT('',(0.0274833686393231,0.0435762999831091,0.051611389992211));
#5326=CARTESIAN_POINT('',(0.0275135627117929,0.0436662188422731,0.0514476875340203));
#5327=CARTESIAN_POINT('',(0.0275532522364143,0.043802306935345,0.0511857203533989));
#5328=CARTESIAN_POINT('',(0.0275655971845617,0.0438478474578553,0.0510956889282853));
#5329=CARTESIAN_POINT('',(0.0275882498140318,0.0439370147606592,0.0509070575603289));
#5330=CARTESIAN_POINT('',(0.0275985574953544,0.0439807401561832,0.0508084529583059));
#5331=CARTESIAN_POINT('',(0.0276168681111362,0.0440612672927557,0.0505985455820392));
#5332=CARTESIAN_POINT('',(0.0276248139482398,0.0440982320167744,0.050486905269787));
#5333=CARTESIAN_POINT('',(0.0276332649368649,0.0441392936834338,0.0503072073766353));
#5334=CARTESIAN_POINT('',(0.0276354599080474,0.0441504830497282,0.0502452220722693));
#5335=CARTESIAN_POINT('',(0.027638290398869,0.0441657201691669,0.0501185398907805));
#5336=CARTESIAN_POINT('',(0.0276389259185083,0.0441697127786402,0.0500538925611328));
#5337=CARTESIAN_POINT('',(0.0276383221047516,0.0441694075024672,0.0499243379563704));
#5338=CARTESIAN_POINT('',(0.0276370843296084,0.0441650974474238,0.0498596581762228));
#5339=CARTESIAN_POINT('',(0.0276330693807663,0.0441493079886996,0.049733144860061));
#5340=CARTESIAN_POINT('',(0.0276302922070674,0.0441378852628585,0.0496712977069688));
#5341=CARTESIAN_POINT('',(0.0276201500950982,0.0440962187790351,0.0494919961183263));
#5342=CARTESIAN_POINT('',(0.0276111401214193,0.0440590048856809,0.0493806419522578));
#5343=CARTESIAN_POINT('',(0.0275907854350661,0.0439781082574489,0.0491711892459319));
#5344=CARTESIAN_POINT('',(0.0275794961113494,0.0439342684800616,0.0490727792934445));
#5345=CARTESIAN_POINT('',(0.0275549455863495,0.0438449282328357,0.0488844849488819));
#5346=CARTESIAN_POINT('',(0.0275416843850665,0.0437993333406074,0.048794599036381));
#5347=CARTESIAN_POINT('',(0.0274993210901386,0.0436631348004083,0.0485330311830231));
#5348=CARTESIAN_POINT('',(0.0274674536559117,0.0435732126593786,0.0483695438811471));
#5349=CARTESIAN_POINT('',(0.0273918485161441,0.0434009069923207,0.0480498518056149));
#5350=CARTESIAN_POINT('',(0.0274643472644394,0.0433166725374136,0.0478933663921816));
#5351=CARTESIAN_POINT('',(0.0272933002733492,0.0432396337809044,0.0477349789685532));
#5352=CARTESIAN_POINT('',(0.0274651003985481,0.042947211169711,0.0522005119724253));
#5353=CARTESIAN_POINT('',(0.0276305786958368,0.0430148304706045,0.0520409683812113));
#5354=CARTESIAN_POINT('',(0.0275839509789504,0.0430878170116697,0.0518843347791058));
#5355=CARTESIAN_POINT('',(0.0276746724515461,0.0432360093459903,0.051565694503061));
#5356=CARTESIAN_POINT('',(0.0277125096089493,0.0433127876601662,0.0514034995498764));
#5357=CARTESIAN_POINT('',(0.0277617104031532,0.0434284978327142,0.05114568910467));
#5358=CARTESIAN_POINT('',(0.0277769045764067,0.0434671407004083,0.0510573725911205));
#5359=CARTESIAN_POINT('',(0.0278045882405263,0.0435426754977705,0.0508730687269671));
#5360=CARTESIAN_POINT('',(0.0278170777313925,0.0435796493282232,0.0507770775068748));
#5361=CARTESIAN_POINT('',(0.0278390595313128,0.043647673467301,0.0505736995557205));
#5362=CARTESIAN_POINT('',(0.0278484896298153,0.0436788566503502,0.0504659967407601));
#5363=CARTESIAN_POINT('',(0.0278584911349944,0.0437134773171803,0.0502933758549035));
#5364=CARTESIAN_POINT('',(0.0278610863530876,0.0437229066332089,0.0502339387249644));
#5365=CARTESIAN_POINT('',(0.0278644557756953,0.0437357471019518,0.0501126291129057));
#5366=CARTESIAN_POINT('',(0.0278652299802101,0.0437391124573802,0.050050797780384));
#5367=CARTESIAN_POINT('',(0.0278646135960161,0.043738856687107,0.0499268812692821));
#5368=CARTESIAN_POINT('',(0.027863224705105,0.0437352254778371,0.0498650243629295));
#5369=CARTESIAN_POINT('',(0.0278586474919945,0.0437219222385645,0.0497438611380017));
#5370=CARTESIAN_POINT('',(0.0278554591697951,0.0437122972799883,0.0496845435103279));
#5371=CARTESIAN_POINT('',(0.0278437380057744,0.0436771698627388,0.0495122720979896));
#5372=CARTESIAN_POINT('',(0.0278332293478568,0.043645777860707,0.0494048195270265));
#5373=CARTESIAN_POINT('',(0.0278091779084153,0.043577443414603,0.0492018311504013));
#5374=CARTESIAN_POINT('',(0.0277956954760541,0.0435403730345061,0.0491060033131963));
#5375=CARTESIAN_POINT('',(0.0277660907782579,0.0434646911921836,0.0489219760533037));
#5376=CARTESIAN_POINT('',(0.0277499685128227,0.0434260013113631,0.0488337753678895));
#5377=CARTESIAN_POINT('',(0.0276980523552173,0.0433101924254683,0.0485762740415672));
#5378=CARTESIAN_POINT('',(0.0276585068269143,0.0432334050879897,0.048414231854514));
#5379=CARTESIAN_POINT('',(0.0275645042203971,0.0430852668352024,0.0480957967543946));
#5380=CARTESIAN_POINT('',(0.0276095305392202,0.043012341131382,0.047939212373657));
#5381=CARTESIAN_POINT('',(0.0274425322369722,0.0429448272046035,0.047779626021009));
#5382=CARTESIAN_POINT('',(0.0275364889230351,0.0427983821482804,0.0521775012308044));
#5383=CARTESIAN_POINT('',(0.0277001872257874,0.0428618614863249,0.0520170697255088));
#5384=CARTESIAN_POINT('',(0.0276679045573951,0.0429297791167116,0.051860234436733));
#5385=CARTESIAN_POINT('',(0.027768529342106,0.0430669891826832,0.0515421149858669));
#5386=CARTESIAN_POINT('',(0.0278105038285326,0.0431377139693634,0.051380688099005));
#5387=CARTESIAN_POINT('',(0.0278648342438486,0.0432439317321342,0.0511250632359927));
#5388=CARTESIAN_POINT('',(0.0278815610034838,0.0432793447585932,0.0510376539833451));
#5389=CARTESIAN_POINT('',(0.0279119431330664,0.0433484686980356,0.0508556278400236));
#5390=CARTESIAN_POINT('',(0.0279255985030139,0.0433822534331548,0.0507610074615455));
#5391=CARTESIAN_POINT('',(0.0279495332211402,0.043444352945861,0.0505610203416093));
#5392=CARTESIAN_POINT('',(0.0279597478873895,0.0434727860454081,0.0504553478857394));
#5393=CARTESIAN_POINT('',(0.0279705664187462,0.04350433770265,0.0502863457090592));
#5394=CARTESIAN_POINT('',(0.0279733721007499,0.0435129273158899,0.0502282074657351));
#5395=CARTESIAN_POINT('',(0.0279770249737803,0.043524623933143,0.0501096303437458));
#5396=CARTESIAN_POINT('',(0.027977872164807,0.0435276896572896,0.0500492285557046));
#5397=CARTESIAN_POINT('',(0.0279772505551367,0.0435274574550888,0.0499281740678822));
#5398=CARTESIAN_POINT('',(0.027975783519684,0.0435241504533235,0.0498677500160046));
#5399=CARTESIAN_POINT('',(0.0279709132692666,0.0435120336452956,0.0497493083617698));
#5400=CARTESIAN_POINT('',(0.0279675100543017,0.0435032662673593,0.0496912805658373));
#5401=CARTESIAN_POINT('',(0.0279549605627228,0.0434712542257728,0.0495226050629515));
#5402=CARTESIAN_POINT('',(0.0279436619865841,0.0434426311523362,0.0494171653336103));
#5403=CARTESIAN_POINT('',(0.02791764835193,0.0433802487473172,0.049217535886101));
#5404=CARTESIAN_POINT('',(0.0279029960400097,0.0433463755478443,0.0491230635037218));
#5405=CARTESIAN_POINT('',(0.0278706843751054,0.043277116200227,0.0489412841030999));
#5406=CARTESIAN_POINT('',(0.0278530250221215,0.0432416593686554,0.0488539759466853));
#5407=CARTESIAN_POINT('',(0.0277959623237582,0.0431353478927338,0.0485986152838803));
#5408=CARTESIAN_POINT('',(0.0277522640285596,0.0430646113561503,0.0484373099095944));
#5409=CARTESIAN_POINT('',(0.0276483080061858,0.0429274403043764,0.0481193238095366));
#5410=CARTESIAN_POINT('',(0.0276789574511754,0.0428595713393706,0.047962497339052));
#5411=CARTESIAN_POINT('',(0.0275136861852702,0.0427961791345534,0.0478019752260484));
#5412=CARTESIAN_POINT('',(0.0276731368073279,0.0424982317536379,0.0521314739659625));
#5413=CARTESIAN_POINT('',(0.0278338112693575,0.0425543327288391,0.0519686213632177));
#5414=CARTESIAN_POINT('',(0.0278303339363778,0.0426130317805314,0.0518110225704471));
#5415=CARTESIAN_POINT('',(0.0279513034562902,0.042730106005542,0.0514936442762276));
#5416=CARTESIAN_POINT('',(0.0280017762972273,0.0427896378444494,0.051333812210969));
#5417=CARTESIAN_POINT('',(0.0280666181924475,0.042878197412459,0.0510828010910518));
#5418=CARTESIAN_POINT('',(0.028086480101493,0.0429075852335795,0.0509973123063167));
#5419=CARTESIAN_POINT('',(0.0281223721225274,0.042964722380954,0.0508200709454436));
#5420=CARTESIAN_POINT('',(0.0281384022345163,0.0429925302077686,0.0507283156053852));
#5421=CARTESIAN_POINT('',(0.0281663029764366,0.0430435072089884,0.0505353332840195));
#5422=CARTESIAN_POINT('',(0.0281781042373421,0.043066767105853,0.0504338202545676));
#5423=CARTESIAN_POINT('',(0.0281905714730497,0.0430925403172785,0.050272160609298));
#5424=CARTESIAN_POINT('',(0.0281938012413828,0.04309954781732,0.0502166483164184));
#5425=CARTESIAN_POINT('',(0.0281980252953791,0.0431090887171934,0.0501035813175012));
#5426=CARTESIAN_POINT('',(0.0281990195810422,0.0431115894046782,0.0500460560040337));
#5427=CARTESIAN_POINT('',(0.0281983891408343,0.0431114011722411,0.0499307600318351));
#5428=CARTESIAN_POINT('',(0.0281967663081239,0.0431087050889103,0.0498732187334966));
#5429=CARTESIAN_POINT('',(0.0281913088437378,0.0430988233155225,0.04976026649873));
#5430=CARTESIAN_POINT('',(0.0281874742120623,0.0430916712479127,0.0497048474843744));
#5431=CARTESIAN_POINT('',(0.0281732577579592,0.0430655235178662,0.049543471288718));
#5432=CARTESIAN_POINT('',(0.0281603645139892,0.0430421080845017,0.0494421577796847));
#5433=CARTESIAN_POINT('',(0.0281303712389295,0.0429908978843933,0.0492494726712245));
#5434=CARTESIAN_POINT('',(0.0281133385012897,0.0429630159307033,0.0491578361732165));
#5435=CARTESIAN_POINT('',(0.0280755043717323,0.042905763911449,0.0489807849877467));
#5436=CARTESIAN_POINT('',(0.0280547029798147,0.0428763378326026,0.0488953693983372));
#5437=CARTESIAN_POINT('',(0.0279871011415584,0.0427876933440745,0.0486445374214312));
#5438=CARTESIAN_POINT('',(0.0279348774824239,0.0427281453502365,0.0484847677059293));
#5439=CARTESIAN_POINT('',(0.0278104841890104,0.042611086774997,0.0481673868092646));
#5440=CARTESIAN_POINT('',(0.027812268377876,0.0425524177752916,0.0480097203681787));
#5441=CARTESIAN_POINT('',(0.0276499191487211,0.0424963762111272,0.0478466865883688));
#5442=CARTESIAN_POINT('',(0.0277383961671336,0.042346910380426,0.0521084574427414));
#5443=CARTESIAN_POINT('',(0.027897818416708,0.0423997930756871,0.0519440761939962));
#5444=CARTESIAN_POINT('',(0.0279087940452133,0.0424543600941303,0.0517859184319155));
#5445=CARTESIAN_POINT('',(0.0280401924227271,0.0425623110231971,0.0514687636281243));
#5446=CARTESIAN_POINT('',(0.0280950210490997,0.0426167160837291,0.0513097586290921));
#5447=CARTESIAN_POINT('',(0.0281652385098549,0.0426971250682414,0.0510611748649198));
#5448=CARTESIAN_POINT('',(0.0281867011453132,0.0427237219655264,0.0509766988068809));
#5449=CARTESIAN_POINT('',(0.0282254014418419,0.0427752908027143,0.0508019632283419));
#5450=CARTESIAN_POINT('',(0.0282426391029124,0.042800314000251,0.050711701286121));
#5451=CARTESIAN_POINT('',(0.0282725508458645,0.0428460982243817,0.0505223311207224));
#5452=CARTESIAN_POINT('',(0.028285153343002,0.0428669369263983,0.0504229461461812));
#5453=CARTESIAN_POINT('',(0.0282984514636156,0.0428900026414837,0.0502650087233367));
#5454=CARTESIAN_POINT('',(0.028301894655403,0.0428962682199768,0.0502108229474863));
#5455=CARTESIAN_POINT('',(0.0283064061729879,0.0429047979157978,0.0501005324740607));
#5456=CARTESIAN_POINT('',(0.0283074744987854,0.0429070333708787,0.0500444535299755));
#5457=CARTESIAN_POINT('',(0.0283068404485681,0.0429068655698515,0.0499320529279395));
#5458=CARTESIAN_POINT('',(0.0283051400261834,0.0429044560541936,0.0498759609671942));
#5459=CARTESIAN_POINT('',(0.02829938864231,0.0428956222811053,0.0497657754706517));
#5460=CARTESIAN_POINT('',(0.0282953376808214,0.042889227483343,0.0497116748570514));
#5461=CARTESIAN_POINT('',(0.0282802833708715,0.0428658268342626,0.049554000450243));
#5462=CARTESIAN_POINT('',(0.0282665861590003,0.0428448482419079,0.0494547992983583));
#5463=CARTESIAN_POINT('',(0.0282345775272223,0.042798853194186,0.0492656977641261));
#5464=CARTESIAN_POINT('',(0.0282163355501877,0.0427737621646826,0.0491755408814953));
#5465=CARTESIAN_POINT('',(0.0281756890621369,0.0427220874238496,0.049000968736144));
#5466=CARTESIAN_POINT('',(0.0281532845511206,0.0426954546342157,0.0489165526831458));
#5467=CARTESIAN_POINT('',(0.0280802963995643,0.0426149645661996,0.048668107850505));
#5468=CARTESIAN_POINT('',(0.028023705385915,0.0425605416574508,0.0485091372311647));
#5469=CARTESIAN_POINT('',(0.0278888408300181,0.0424525979176104,0.0481919155508705));
#5470=CARTESIAN_POINT('',(0.0278761439867672,0.0423980543610296,0.0480336539918241));
#5471=CARTESIAN_POINT('',(0.027714998163874,0.042345221357751,0.0478690487456498));
#5472=CARTESIAN_POINT('',(0.027863638916967,0.0420417571135933,0.0520624608302119));
#5473=CARTESIAN_POINT('',(0.0280208109025772,0.0420889070046147,0.0518946367339694));
#5474=CARTESIAN_POINT('',(0.0280594442777896,0.0421360145570926,0.0517351714182903));
#5475=CARTESIAN_POINT('',(0.0282109261298193,0.042227423394523,0.0514183822715239));
#5476=CARTESIAN_POINT('',(0.0282741423988002,0.0422724886179304,0.05126113552086));
#5477=CARTESIAN_POINT('',(0.0283546998333192,0.0423379999400256,0.0510176349253944));
#5478=CARTESIAN_POINT('',(0.0283792390342458,0.0423594879007423,0.0509352716257032));
#5479=CARTESIAN_POINT('',(0.0284233321045518,0.0424008512714402,0.0507657120488041));
#5480=CARTESIAN_POINT('',(0.0284428859739311,0.0424207645674985,0.0506785139816287));
#5481=CARTESIAN_POINT('',(0.0284766496040881,0.0424570114961446,0.050496468571521));
#5482=CARTESIAN_POINT('',(0.0284907836895647,0.0424733987173181,0.0504013616405133));
#5483=CARTESIAN_POINT('',(0.0285056684386026,0.0424914842399991,0.0502508359510503));
#5484=CARTESIAN_POINT('',(0.028509518890704,0.0424963846440257,0.050199281767089));
#5485=CARTESIAN_POINT('',(0.0285145789751462,0.0425030534403935,0.0500944851238757));
#5486=CARTESIAN_POINT('',(0.0285157886074869,0.0425048006475957,0.0500412616998117));
#5487=CARTESIAN_POINT('',(0.0285151484944694,0.0425046702813708,0.0499345770042922));
#5488=CARTESIAN_POINT('',(0.0285133008143774,0.0425027881170571,0.0498813460518504));
#5489=CARTESIAN_POINT('',(0.0285069901455745,0.0424958826181068,0.0497766363507517));
#5490=CARTESIAN_POINT('',(0.0285025271568635,0.0424908810580075,0.049725152370675));
#5491=CARTESIAN_POINT('',(0.0284858751356237,0.0424725329020643,0.0495748520758206));
#5492=CARTESIAN_POINT('',(0.0284706424707519,0.0424560342071195,0.0494799000890855));
#5493=CARTESIAN_POINT('',(0.0284347762168517,0.0424196170273961,0.049298070816122));
#5494=CARTESIAN_POINT('',(0.0284142160388594,0.0423996472536693,0.0492109525341601));
#5495=CARTESIAN_POINT('',(0.0283681714193103,0.0423581943042998,0.049041507428603));
#5496=CARTESIAN_POINT('',(0.0283426869777533,0.0423366748533886,0.0489591800208894));
#5497=CARTESIAN_POINT('',(0.0282593420155153,0.0422710902421728,0.0487157449371734));
#5498=CARTESIAN_POINT('',(0.0281943438024024,0.042226005324593,0.0485584816098228));
#5499=CARTESIAN_POINT('',(0.0280393204830568,0.0421345930361497,0.048241508560347));
#5500=CARTESIAN_POINT('',(0.0279989154219208,0.0420875004966373,0.0480818736677221));
#5501=CARTESIAN_POINT('',(0.0278399303949163,0.0420403876481462,0.0479137476070714));
#5502=CARTESIAN_POINT('',(0.0279237000066847,0.0418879105320736,0.0520394788661612));
#5503=CARTESIAN_POINT('',(0.0280798728867546,0.041932527823108,0.0518697409085905));
#5504=CARTESIAN_POINT('',(0.0281317101340588,0.0419762921002189,0.0517095272744979));
#5505=CARTESIAN_POINT('',(0.0282928450500529,0.0420602549430318,0.0513928807149869));
#5506=CARTESIAN_POINT('',(0.0283600925363867,0.0421010957514154,0.0512365653012493));
#5507=CARTESIAN_POINT('',(0.0284456136180195,0.0421598463401875,0.0509957206957275));
#5508=CARTESIAN_POINT('',(0.0284716284373991,0.0421790123000383,0.0509144574774829));
#5509=CARTESIAN_POINT('',(0.0285183056299262,0.0422157316673742,0.0507475682057689));
#5510=CARTESIAN_POINT('',(0.0285389680030738,0.0422333168323064,0.0506619406518856));
#5511=CARTESIAN_POINT('',(0.0285745722725675,0.042265214656451,0.0504836079042465));
#5512=CARTESIAN_POINT('',(0.0285894366187741,0.0422795698644486,0.0503906509889223));
#5513=CARTESIAN_POINT('',(0.0286050770215305,0.0422953809510063,0.0502438148477545));
#5514=CARTESIAN_POINT('',(0.0286091212884357,0.0422996576638809,0.0501935657505574));
#5515=CARTESIAN_POINT('',(0.0286144424476573,0.0423054761722677,0.0500914864353748));
#5516=CARTESIAN_POINT('',(0.0286157193399737,0.0423070002096484,0.0500396721733559));
#5517=CARTESIAN_POINT('',(0.0286150767767887,0.0423068868223286,0.04993580803709));
#5518=CARTESIAN_POINT('',(0.0286131594377201,0.0423052455715451,0.0498839887668523));
#5519=CARTESIAN_POINT('',(0.028606583436945,0.0422992208906732,0.0497819881466345));
#5520=CARTESIAN_POINT('',(0.0286019247752384,0.0422948557127706,0.0497318024114937));
#5521=CARTESIAN_POINT('',(0.0285845129946332,0.0422788146394019,0.0495851744781369));
#5522=CARTESIAN_POINT('',(0.0285685489391627,0.0422643606841383,0.0494923593275161));
#5523=CARTESIAN_POINT('',(0.028530840668696,0.042232310728486,0.0493142188075459));
#5524=CARTESIAN_POINT('',(0.0285091716834781,0.0422146741115269,0.0492286595487148));
#5525=CARTESIAN_POINT('',(0.0284605416583732,0.0421778724699884,0.049061862532924));
#5526=CARTESIAN_POINT('',(0.0284335806184863,0.0421586770381989,0.0489806242863356));
#5527=CARTESIAN_POINT('',(0.0283452658847733,0.0420998570925636,0.0487398119926843));
#5528=CARTESIAN_POINT('',(0.0282762284260766,0.0420589964612018,0.0485834570229651));
#5529=CARTESIAN_POINT('',(0.0281115190268591,0.0419750281572221,0.0482665738254419));
#5530=CARTESIAN_POINT('',(0.0280578876016828,0.0419312771799806,0.0481061609929006));
#5531=CARTESIAN_POINT('',(0.0278998608929699,0.0418866942279643,0.0479360859355373));
#5532=CARTESIAN_POINT('',(0.0280392110821137,0.0415773490271996,0.0519935361591805));
#5533=CARTESIAN_POINT('',(0.0281933201868976,0.0416172608540038,0.0518199362391719));
#5534=CARTESIAN_POINT('',(0.0282689210078184,0.0416549005369816,0.0516582663025711));
#5535=CARTESIAN_POINT('',(0.0284472202904219,0.0417253321627791,0.0513421132763292));
#5536=CARTESIAN_POINT('',(0.0285216360691151,0.0417585459424036,0.0511878211584096));
#5537=CARTESIAN_POINT('',(0.028615983256841,0.0418051455430395,0.0509524952078047));
#5538=CARTESIAN_POINT('',(0.0286446218911837,0.041820146775991,0.0508734942161343));
#5539=CARTESIAN_POINT('',(0.0286958938473555,0.0418485505163681,0.0507120257923556));
#5540=CARTESIAN_POINT('',(0.0287185271691847,0.0418619739168508,0.0506295573731328));
#5541=CARTESIAN_POINT('',(0.0287574040442815,0.0418861065825552,0.0504585982124742));
#5542=CARTESIAN_POINT('',(0.0287735667238321,0.0418968388260073,0.0503698696946415));
#5543=CARTESIAN_POINT('',(0.0287905507785597,0.0419085972415728,0.0502302153496011));
#5544=CARTESIAN_POINT('',(0.0287949397232038,0.041911763151952,0.0501824961804113));
#5545=CARTESIAN_POINT('',(0.0288007253592403,0.0419160674738464,0.0500856692936413));
#5546=CARTESIAN_POINT('',(0.0288021220506325,0.0419171942023805,0.0500365720734075));
#5547=CARTESIAN_POINT('',(0.0288014757407773,0.0419171110175815,0.0499381459750375));
#5548=CARTESIAN_POINT('',(0.0287994349466667,0.0419158986339539,0.0498890482061302));
#5549=CARTESIAN_POINT('',(0.0287923881104719,0.0419114424766679,0.0497922853623394));
#5550=CARTESIAN_POINT('',(0.0287873820683877,0.0419082107110264,0.0497446174024818));
#5551=CARTESIAN_POINT('',(0.0287686211157633,0.0418962805432747,0.0496051407016341));
#5552=CARTESIAN_POINT('',(0.0287513578745756,0.0418854723879022,0.0495165304886092));
#5553=CARTESIAN_POINT('',(0.028710376772123,0.0418612203964231,0.0493457209143371));
#5554=CARTESIAN_POINT('',(0.0286867373647696,0.0418477548629612,0.0492633002610547));
#5555=CARTESIAN_POINT('',(0.0286335123008819,0.0418192828199762,0.0491018843268651));
#5556=CARTESIAN_POINT('',(0.0286039266443476,0.0418042563057094,0.0490228887238338));
#5557=CARTESIAN_POINT('',(0.0285067774955838,0.041757596563152,0.0487875354618581));
#5558=CARTESIAN_POINT('',(0.0284305588669111,0.0417243647692281,0.0486331624111756));
#5559=CARTESIAN_POINT('',(0.0282486282483925,0.0416539298156478,0.0483166777237917));
#5560=CARTESIAN_POINT('',(0.0281711938024531,0.0416163040677212,0.0481547551828686));
#5561=CARTESIAN_POINT('',(0.0280151580932779,0.0415764265168255,0.047980754850365));
#5562=CARTESIAN_POINT('',(0.0280946610678251,0.0414206341038452,0.0519705754162506));
#5563=CARTESIAN_POINT('',(0.0282477054922416,0.0414583905984751,0.051795027221726));
#5564=CARTESIAN_POINT('',(0.0283338660083242,0.0414932643306851,0.0516326492089425));
#5565=CARTESIAN_POINT('',(0.0285196765871665,0.0415576371213628,0.0513168470624429));
#5566=CARTESIAN_POINT('',(0.0285972294408227,0.0415874593065316,0.0511636469292318));
#5567=CARTESIAN_POINT('',(0.0286954390905538,0.0416286819042999,0.0509311837372044));
#5568=CARTESIAN_POINT('',(0.0287252259229303,0.0416418442823714,0.0508533449310097));
#5569=CARTESIAN_POINT('',(0.0287785085243284,0.0416665830465607,0.050694627143379));
#5570=CARTESIAN_POINT('',(0.0288020042933501,0.0416781755899761,0.0506137473985746));
#5571=CARTESIAN_POINT('',(0.0288423131397521,0.0416988966567852,0.0504464492756379));
#5572=CARTESIAN_POINT('',(0.0288590438946765,0.0417080396276544,0.0503597991997731));
#5573=CARTESIAN_POINT('',(0.0288766159519513,0.0417180215015005,0.0502236371939442));
#5574=CARTESIAN_POINT('',(0.0288811557609875,0.0417207007274141,0.0501771428966472));
#5575=CARTESIAN_POINT('',(0.0288871448019905,0.0417243417292213,0.0500828511712388));
#5576=CARTESIAN_POINT('',(0.0288885940339575,0.041725294470276,0.0500350618610754));
#5577=CARTESIAN_POINT('',(0.0288879464305307,0.0417252245365311,0.0499392533009903));
#5578=CARTESIAN_POINT('',(0.0288858518418117,0.0417241999824217,0.0498914653805212));
#5579=CARTESIAN_POINT('',(0.0288785995050318,0.0417204310064531,0.0497972312891837));
#5580=CARTESIAN_POINT('',(0.0288734417569709,0.0417176958707936,0.0497507828872686));
#5581=CARTESIAN_POINT('',(0.0288540913957801,0.0417075679113919,0.0496147851365933));
#5582=CARTESIAN_POINT('',(0.0288362603620268,0.0416983591871746,0.0495282430729919));
#5583=CARTESIAN_POINT('',(0.028793848448642,0.0416775335699296,0.0493610757720526));
#5584=CARTESIAN_POINT('',(0.0287693474283134,0.041665903226384,0.0492802347338743));
#5585=CARTESIAN_POINT('',(0.0287141127341742,0.0416411028901634,0.0491215518360451));
#5586=CARTESIAN_POINT('',(0.0286833790603637,0.0416279174271533,0.0490437097272847));
#5587=CARTESIAN_POINT('',(0.028582365269395,0.0415866400113054,0.0488111927027788));
#5588=CARTESIAN_POINT('',(0.0285030047149081,0.0415568017356025,0.0486578931578638));
#5589=CARTESIAN_POINT('',(0.0283135389472448,0.0414924296097684,0.0483417168669044));
#5590=CARTESIAN_POINT('',(0.0282255278362894,0.0414575720236948,0.0481790623513917));
#5591=CARTESIAN_POINT('',(0.0280705247955324,0.0414198522258688,0.0480030854367267));
#5592=CARTESIAN_POINT('',(0.0282014594016334,0.041104007469674,0.0519246636882047));
#5593=CARTESIAN_POINT('',(0.0283519744199254,0.0411376916643027,0.0517456342407116));
#5594=CARTESIAN_POINT('',(0.0284552010267091,0.0411675477974407,0.0515821716585889));
#5595=CARTESIAN_POINT('',(0.0286525020598174,0.0412211544940098,0.0512676365253707));
#5596=CARTESIAN_POINT('',(0.0287348549854605,0.0412450629153662,0.0511168434026287));
#5597=CARTESIAN_POINT('',(0.028838986445916,0.0412770365896513,0.0508902717916739));
#5598=CARTESIAN_POINT('',(0.028870536201047,0.0412870558258935,0.0508147832861153));
#5599=CARTESIAN_POINT('',(0.0289269107922603,0.0413055621913392,0.0506615340975526));
#5600=CARTESIAN_POINT('',(0.0289517356283425,0.0413140576777657,0.0505837730197026));
#5601=CARTESIAN_POINT('',(0.0289942569257842,0.0413290294994218,0.0504235527965491));
#5602=CARTESIAN_POINT('',(0.0290118686785297,0.041335506231472,0.0503408719654309));
#5603=CARTESIAN_POINT('',(0.029030354800115,0.0413425138040127,0.0502112973578473));
#5604=CARTESIAN_POINT('',(0.0290351295503765,0.0413443794690347,0.0501671016695339));
#5605=CARTESIAN_POINT('',(0.0290414357179769,0.0413469122471988,0.0500775505707797));
#5606=CARTESIAN_POINT('',(0.0290429671353158,0.0413475746871484,0.0500321993592774));
#5607=CARTESIAN_POINT('',(0.0290423178846817,0.0413475273414343,0.0499412697957994));
#5608=CARTESIAN_POINT('',(0.0290401395285046,0.0413468166498474,0.0498959231359978));
#5609=CARTESIAN_POINT('',(0.0290325675767111,0.0413441967244872,0.049806418993066));
#5610=CARTESIAN_POINT('',(0.0290271739810948,0.0413422922939205,0.0497622603559462));
#5611=CARTESIAN_POINT('',(0.0290069086685084,0.0413351832020828,0.049632827583783));
#5612=CARTESIAN_POINT('',(0.0289881980409222,0.041328658978664,0.0495502374453038));
#5613=CARTESIAN_POINT('',(0.0289435774069203,0.0413136100122177,0.0493901161589002));
#5614=CARTESIAN_POINT('',(0.0289177495745701,0.0413050854016983,0.0493123782544561));
#5615=CARTESIAN_POINT('',(0.0288594262386782,0.0412865316430868,0.0491591334990161));
#5616=CARTESIAN_POINT('',(0.0288269307351364,0.0412764944930972,0.0490836265191707));
#5617=CARTESIAN_POINT('',(0.0287199937569846,0.0412444794584022,0.0488569544563276));
#5618=CARTESIAN_POINT('',(0.0286358263885695,0.0412205612785247,0.0487060290379911));
#5619=CARTESIAN_POINT('',(0.0284348326890643,0.0411669682622037,0.0483910439126188));
#5620=CARTESIAN_POINT('',(0.0283297281585613,0.0411371351998691,0.0482272620396724));
#5621=CARTESIAN_POINT('',(0.0281772018433782,0.0411034950331643,0.0480477533297309));
#5622=CARTESIAN_POINT('',(0.0282528077497303,0.0409440957588571,0.0519017127030887));
#5623=CARTESIAN_POINT('',(0.0284018444931707,0.0409758330107607,0.0517211655506552));
#5624=CARTESIAN_POINT('',(0.0285115656086971,0.0410034112219037,0.0515573359842722));
#5625=CARTESIAN_POINT('',(0.0287128253743383,0.0410522655487594,0.0512437273647244));
#5626=CARTESIAN_POINT('',(0.0287968327583078,0.0410736329637256,0.0510942501389781));
#5627=CARTESIAN_POINT('',(0.0289030132881396,0.0411017120650169,0.0508707043478023));
#5628=CARTESIAN_POINT('',(0.0289351747629943,0.0411104203973797,0.0507964022382374));
#5629=CARTESIAN_POINT('',(0.0289926255346411,0.0411263479784133,0.0506458664991844));
#5630=CARTESIAN_POINT('',(0.0290179148314331,0.041133572519992,0.0505696326196272));
#5631=CARTESIAN_POINT('',(0.0290612131390703,0.041146199081823,0.0504128229564179));
#5632=CARTESIAN_POINT('',(0.0290791365038821,0.041151595978996,0.0503320294202049));
#5633=CARTESIAN_POINT('',(0.0290979473604456,0.0411574028994119,0.0502055443457064));
#5634=CARTESIAN_POINT('',(0.0291028058517432,0.0411589409588988,0.0501624205084781));
#5635=CARTESIAN_POINT('',(0.0291092252826757,0.0411610278459654,0.0500750710601395));
#5636=CARTESIAN_POINT('',(0.0291107862223105,0.0411615737138565,0.0500308481083569));
#5637=CARTESIAN_POINT('',(0.0291101365867017,0.0411615356594647,0.0499421761477743));
#5638=CARTESIAN_POINT('',(0.0291079283488369,0.0411609512136604,0.0498979589736462));
#5639=CARTESIAN_POINT('',(0.0291002426789694,0.0411587940548942,0.0498106522210521));
#5640=CARTESIAN_POINT('',(0.0290947652469667,0.0411572243839631,0.049767561911726));
#5641=CARTESIAN_POINT('',(0.0290741756287259,0.0411513347133348,0.0496412096697403));
#5642=CARTESIAN_POINT('',(0.0290551544534509,0.0411458983454523,0.0495604998268728));
#5643=CARTESIAN_POINT('',(0.0290097592774509,0.0411332071207612,0.0494037760536524));
#5644=CARTESIAN_POINT('',(0.0289834683601622,0.0411259577326497,0.0493275589199057));
#5645=CARTESIAN_POINT('',(0.0289240711044523,0.0411099901011634,0.0491770148682307));
#5646=CARTESIAN_POINT('',(0.028890964766031,0.0411012667899203,0.0491026878686977));
#5647=CARTESIAN_POINT('',(0.0287819794752349,0.041073154393565,0.0488790217496236));
#5648=CARTESIAN_POINT('',(0.0286961557730728,0.0410517816511527,0.0487293980085765));
#5649=CARTESIAN_POINT('',(0.0284911898887302,0.0410029502784224,0.0484153064770822));
#5650=CARTESIAN_POINT('',(0.0283795806471886,0.0409754000799362,0.0482511389895285));
#5651=CARTESIAN_POINT('',(0.0282285121889696,0.0409437121314166,0.0480700906363735));
#5652=CARTESIAN_POINT('',(0.0283519122747016,0.0406207471041325,0.0518558090273634));
#5653=CARTESIAN_POINT('',(0.0284973471308425,0.0406486604133797,0.0516730556114068));
#5654=CARTESIAN_POINT('',(0.028614673023026,0.0406721080209832,0.0515090926503244));
#5655=CARTESIAN_POINT('',(0.0288190620014529,0.0407127286365076,0.0511982348211966));
#5656=CARTESIAN_POINT('',(0.0289043803635173,0.0407299011435317,0.0510516727217378));
#5657=CARTESIAN_POINT('',(0.0290122214385025,0.0407517946010067,0.050834310884806));
#5658=CARTESIAN_POINT('',(0.0290448865317972,0.0407584603807465,0.0507623753258183));
#5659=CARTESIAN_POINT('',(0.0291032383814828,0.0407704348418346,0.050617131338129));
#5660=CARTESIAN_POINT('',(0.0291289251378736,0.0407757446374792,0.0505438228567812));
#5661=CARTESIAN_POINT('',(0.0291729058402485,0.0407848831444903,0.0503934123169394));
#5662=CARTESIAN_POINT('',(0.0291911128619002,0.0407886992056408,0.0503160978694119));
#5663=CARTESIAN_POINT('',(0.0292102255899661,0.0407927613425692,0.0501952074382042));
#5664=CARTESIAN_POINT('',(0.0292151631163007,0.0407938259854196,0.0501540096617255));
#5665=CARTESIAN_POINT('',(0.0292216903313282,0.0407952697975062,0.0500705952172872));
#5666=CARTESIAN_POINT('',(0.0292232800200211,0.0407956483436502,0.0500283791091861));
#5667=CARTESIAN_POINT('',(0.0292226304881642,0.0407956245600497,0.0499437222420252));
#5668=CARTESIAN_POINT('',(0.0292203936398796,0.0407952222282412,0.0499015135119523));
#5669=CARTESIAN_POINT('',(0.029212600817826,0.0407937343551852,0.0498181356685357));
#5670=CARTESIAN_POINT('',(0.029207044844057,0.0407926494543651,0.0497769664013266));
#5671=CARTESIAN_POINT('',(0.0291861557933649,0.0407885349463102,0.0496561956693622));
#5672=CARTESIAN_POINT('',(0.0291668536267179,0.0407846935299383,0.0495789545141118));
#5673=CARTESIAN_POINT('',(0.0291207817630094,0.0407755136905597,0.0494286097890144));
#5674=CARTESIAN_POINT('',(0.0290940963894354,0.0407701880128713,0.0493553078609455));
#5675=CARTESIAN_POINT('',(0.0290338032626934,0.040758189706866,0.0492100347537638));
#5676=CARTESIAN_POINT('',(0.0290001955095254,0.0407515160116294,0.0491380635574712));
#5677=CARTESIAN_POINT('',(0.028889553436399,0.0407296093008451,0.048920547436372));
#5678=CARTESIAN_POINT('',(0.0288024176722306,0.0407124433506926,0.0487738137205879));
#5679=CARTESIAN_POINT('',(0.0285943061366206,0.0406718694580928,0.0484624143836495));
#5680=CARTESIAN_POINT('',(0.0284750786613302,0.0406484618854107,0.0482980801021078));
#5681=CARTESIAN_POINT('',(0.0283275839626256,0.0406206099771146,0.048114786432325));
#5682=CARTESIAN_POINT('',(0.0283996684515759,0.0404573101602249,0.0518328563367541));
#5683=CARTESIAN_POINT('',(0.0285430070385775,0.0404833674702412,0.0516493823762195));
#5684=CARTESIAN_POINT('',(0.0286614671962346,0.040504980798091,0.0514856330649451));
#5685=CARTESIAN_POINT('',(0.0288650679044088,0.0405421516581257,0.0511765776895509));
#5686=CARTESIAN_POINT('',(0.0289500600381775,0.0405576834479359,0.0510316129361207));
#5687=CARTESIAN_POINT('',(0.0290575333670345,0.0405773016832802,0.0508174154241309));
#5688=CARTESIAN_POINT('',(0.0290900964351089,0.0405832404425381,0.0507466635857809));
#5689=CARTESIAN_POINT('',(0.0291482836278249,0.0405938485128901,0.0506040072826786));
#5690=CARTESIAN_POINT('',(0.0291739077524665,0.0405985178239841,0.0505321028179262));
#5691=CARTESIAN_POINT('',(0.0292178008646401,0.040606518854892,0.05038469397099));
#5692=CARTESIAN_POINT('',(0.02923598258696,0.0406098359172534,0.0503089786300468));
#5693=CARTESIAN_POINT('',(0.0292550751452179,0.0406133559388773,0.0501906048344699));
#5694=CARTESIAN_POINT('',(0.0292600086484138,0.0406142752780664,0.0501502652021673));
#5695=CARTESIAN_POINT('',(0.0292665313190208,0.0406155225916856,0.050068592071331));
#5696=CARTESIAN_POINT('',(0.029268120486432,0.0406158505661157,0.0500272585727974));
#5697=CARTESIAN_POINT('',(0.0292674715154654,0.0406158317881621,0.0499443672441555));
#5698=CARTESIAN_POINT('',(0.0292652357586558,0.0406154851727695,0.0499030414948517));
#5699=CARTESIAN_POINT('',(0.0292574487103091,0.0406142031851566,0.0498214031175186));
#5700=CARTESIAN_POINT('',(0.0292518974187721,0.0406132678129362,0.0497810904894893));
#5701=CARTESIAN_POINT('',(0.0292310307539578,0.0406097071050388,0.0496628322241732));
#5702=CARTESIAN_POINT('',(0.0292117556185295,0.0406063708297324,0.0495871867351115));
#5703=CARTESIAN_POINT('',(0.0291657748183856,0.040598339400097,0.0494398365714484));
#5704=CARTESIAN_POINT('',(0.029139153807838,0.0405936589315186,0.0493679348306709));
#5705=CARTESIAN_POINT('',(0.029079028451335,0.0405830359396076,0.0492252411924682));
#5706=CARTESIAN_POINT('',(0.0290455241053796,0.040577093416275,0.049154449295043));
#5707=CARTESIAN_POINT('',(0.0289352528927175,0.040557473943297,0.0489400831096623));
#5708=CARTESIAN_POINT('',(0.0288484441122721,0.0405419561505123,0.0487949356011184));
#5709=CARTESIAN_POINT('',(0.0286411174638383,0.0405048463643464,0.0484853124239129));
#5710=CARTESIAN_POINT('',(0.0285207521074613,0.0404832800209407,0.0483211766627789));
#5711=CARTESIAN_POINT('',(0.02837534539069,0.0404572907245603,0.0481371449216339));
#5712=CARTESIAN_POINT('',(0.0284832262177795,0.0401583275609719,0.051791345290117));
#5713=CARTESIAN_POINT('',(0.0286222948058212,0.0401811873018121,0.0516073062765846));
#5714=CARTESIAN_POINT('',(0.0287370205463842,0.0402000046177214,0.0514444888008671));
#5715=CARTESIAN_POINT('',(0.0289342223927754,0.0402323859669699,0.0511395413688057));
#5716=CARTESIAN_POINT('',(0.0290165500818553,0.0402459242579345,0.0509977527231515));
#5717=CARTESIAN_POINT('',(0.0291208283294879,0.0402631536787997,0.0507894404483223));
#5718=CARTESIAN_POINT('',(0.0291524599681224,0.0402683964055294,0.0507208372016086));
#5719=CARTESIAN_POINT('',(0.0292090513483124,0.0402778128135828,0.0505827580854998));
#5720=CARTESIAN_POINT('',(0.029234011089868,0.0402819864949065,0.0505132822161047));
#5721=CARTESIAN_POINT('',(0.0292768423333074,0.0402891965938593,0.0503709168754927));
#5722=CARTESIAN_POINT('',(0.0292946265699793,0.0402922183540362,0.0502978164455163));
#5723=CARTESIAN_POINT('',(0.0293133229611568,0.0402954456116935,0.0501834344870136));
#5724=CARTESIAN_POINT('',(0.0293181577522244,0.0402962923944455,0.0501444370455064));
#5725=CARTESIAN_POINT('',(0.0293245496670911,0.0402974446488974,0.0500654597421216));
#5726=CARTESIAN_POINT('',(0.0293261067908903,0.0402977501205973,0.050025479880244));
#5727=CARTESIAN_POINT('',(0.0293254603826011,0.0402977363814937,0.049945295559761));
#5728=CARTESIAN_POINT('',(0.0293232592320809,0.0402974173076815,0.04990532318196));
#5729=CARTESIAN_POINT('',(0.0293156080276003,0.0402962404381429,0.0498263795714654));
#5730=CARTESIAN_POINT('',(0.0293101579736399,0.0402953826424168,0.0497874083387718));
#5731=CARTESIAN_POINT('',(0.0292896949405644,0.0402921297022782,0.0496731387286912));
#5732=CARTESIAN_POINT('',(0.0292708221183073,0.0402890986565127,0.0496001049687578));
#5733=CARTESIAN_POINT('',(0.0292259122462805,0.0402818777128566,0.0494577898265159));
#5734=CARTESIAN_POINT('',(0.0291999598506788,0.0402777025007168,0.0493883113780312));
#5735=CARTESIAN_POINT('',(0.0291414378769266,0.0402682899734087,0.0492501821994676));
#5736=CARTESIAN_POINT('',(0.0291088682987761,0.0402630526582406,0.0491815314693885));
#5737=CARTESIAN_POINT('',(0.0290018003954435,0.0402458486245864,0.0489730250664593));
#5738=CARTESIAN_POINT('',(0.0289176591624373,0.040232340877792,0.0488310324534338));
#5739=CARTESIAN_POINT('',(0.028716730433328,0.040200050088446,0.048525466310143));
#5740=CARTESIAN_POINT('',(0.0286000954488364,0.0401812926958698,0.0483622326874053));
#5741=CARTESIAN_POINT('',(0.0284589499205101,0.0401585115020507,0.0481776019536505));
#5742=CARTESIAN_POINT('',(0.0285196075188253,0.0400231170317552,0.0517727458725));
#5743=CARTESIAN_POINT('',(0.0286565168036586,0.0400445671869403,0.0515888207220245));
#5744=CARTESIAN_POINT('',(0.0287693692943347,0.0400621558899513,0.0514266359535046));
#5745=CARTESIAN_POINT('',(0.0289633544447146,0.0400924318801075,0.051123742287503));
#5746=CARTESIAN_POINT('',(0.0290443388863816,0.0401050935043181,0.0509833745655687));
#5747=CARTESIAN_POINT('',(0.0291469860086785,0.0401212686211507,0.0507776008050304));
#5748=CARTESIAN_POINT('',(0.0291781376306565,0.0401262033143912,0.0507099113598598));
#5749=CARTESIAN_POINT('',(0.0292338979292746,0.040135090699219,0.0505737668879146));
#5750=CARTESIAN_POINT('',(0.0292585066059148,0.0401390433908063,0.0505053118611401));
#5751=CARTESIAN_POINT('',(0.029300766239428,0.0401458987954151,0.050365067027699));
#5752=CARTESIAN_POINT('',(0.0293183302884986,0.0401487869109957,0.0502930656971335));
#5753=CARTESIAN_POINT('',(0.0293368029440755,0.0401518808250368,0.0501803727643116));
#5754=CARTESIAN_POINT('',(0.0293415811773109,0.0401526943916847,0.0501419453794239));
#5755=CARTESIAN_POINT('',(0.0293478976088688,0.0401538029844629,0.0500641151356493));
#5756=CARTESIAN_POINT('',(0.0293494358071913,0.0401540980105932,0.0500247122767623));
#5757=CARTESIAN_POINT('',(0.0293487907712571,0.040154086457884,0.0499456817588837));
#5758=CARTESIAN_POINT('',(0.0293466099213265,0.0401537800147855,0.0499062862418106));
#5759=CARTESIAN_POINT('',(0.0293390368611412,0.0401526511584931,0.0498284891049686));
#5760=CARTESIAN_POINT('',(0.0293336446508865,0.0401518287452992,0.0497900874851998));
#5761=CARTESIAN_POINT('',(0.0293134089350411,0.0401487155956629,0.0496775050922076));
#5762=CARTESIAN_POINT('',(0.0292947583840301,0.0401458224302587,0.0496055687970587));
#5763=CARTESIAN_POINT('',(0.0292504239847391,0.0401389645018176,0.0494653702775633));
#5764=CARTESIAN_POINT('',(0.0292248244125045,0.0401350143666298,0.0493969103838765));
#5765=CARTESIAN_POINT('',(0.0291671367527176,0.0401261388449955,0.0492607105423098));
#5766=CARTESIAN_POINT('',(0.0291350486651653,0.040121213458549,0.0491929705944299));
#5767=CARTESIAN_POINT('',(0.029029615974323,0.040105075058335,0.0489869924900277));
#5768=CARTESIAN_POINT('',(0.0289468202275852,0.0400924510493503,0.048846412464215));
#5769=CARTESIAN_POINT('',(0.0287491117929615,0.040062278403986,0.0485428800369361));
#5770=CARTESIAN_POINT('',(0.0286343514188276,0.0400447553360428,0.0483802674311306));
#5771=CARTESIAN_POINT('',(0.0284953660664092,0.0400233885805256,0.0481957368034103));
#5772=CARTESIAN_POINT('',(0.0285904705319339,0.039749801658363,0.0517355077815137));
#5773=CARTESIAN_POINT('',(0.0287227801373825,0.0397685128867229,0.0515523194537485));
#5774=CARTESIAN_POINT('',(0.0288316675941566,0.0397837215081807,0.0513916952007622));
#5775=CARTESIAN_POINT('',(0.0290188338303568,0.039809917674184,0.0510931966303382));
#5776=CARTESIAN_POINT('',(0.0290969651369142,0.0398208798536956,0.0509556629816645));
#5777=CARTESIAN_POINT('',(0.0291961152692161,0.039835004375918,0.0507548266413944));
#5778=CARTESIAN_POINT('',(0.0292262306830669,0.0398393384524229,0.0506888965455208));
#5779=CARTESIAN_POINT('',(0.0292801834187607,0.0398471913940353,0.0505564622468447));
#5780=CARTESIAN_POINT('',(0.0293040207406036,0.0398507102591428,0.0504899580440422));
#5781=CARTESIAN_POINT('',(0.0293450084607729,0.0398568657617017,0.0503537707228133));
#5782=CARTESIAN_POINT('',(0.0293620732915828,0.0398594880267541,0.0502838739612145));
#5783=CARTESIAN_POINT('',(0.0293800327232101,0.039862315242674,0.0501744371640316));
#5784=CARTESIAN_POINT('',(0.0293846801355402,0.0398630620899738,0.0501371128995912));
#5785=CARTESIAN_POINT('',(0.0293908214066378,0.0398640827622897,0.050061506345384));
#5786=CARTESIAN_POINT('',(0.0293923152654054,0.0398643565873057,0.0500232240556172));
#5787=CARTESIAN_POINT('',(0.0293916740055739,0.0398643493087842,0.0499464340895236));
#5788=CARTESIAN_POINT('',(0.0293895412816424,0.0398640683362997,0.049908158784292));
#5789=CARTESIAN_POINT('',(0.0293821506357356,0.039863035883157,0.0498325838445028));
#5790=CARTESIAN_POINT('',(0.0293768927137602,0.0398622844024987,0.0497952842099451));
#5791=CARTESIAN_POINT('',(0.0293571796357494,0.0398594504356733,0.049685953284848));
#5792=CARTESIAN_POINT('',(0.0293390335008249,0.0398568312663206,0.0496161175432951));
#5793=CARTESIAN_POINT('',(0.0292959805179577,0.0398506891879766,0.0494799676080277));
#5794=CARTESIAN_POINT('',(0.0292711565281009,0.0398471806897043,0.0494134534831077));
#5795=CARTESIAN_POINT('',(0.0292152841933317,0.0398393548451794,0.049280952370847));
#5796=CARTESIAN_POINT('',(0.0291842358484193,0.039835037498927,0.0492149653835062));
#5797=CARTESIAN_POINT('',(0.0290823102437845,0.0398209712935299,0.0490139033060805));
#5798=CARTESIAN_POINT('',(0.0290023735377045,0.0398100602102135,0.0488761401881461));
#5799=CARTESIAN_POINT('',(0.0288114955219752,0.0397839919250334,0.048576961500412));
#5800=CARTESIAN_POINT('',(0.0287007057841049,0.0397688599858337,0.0484158853067716));
#5801=CARTESIAN_POINT('',(0.0285663258781275,0.0397502417585368,0.048232062467359));
#5802=CARTESIAN_POINT('',(0.0286249522439968,0.0396116968141875,0.0517168691081443));
#5803=CARTESIAN_POINT('',(0.0287548334075913,0.0396290944119465,0.0515342871203806));
#5804=CARTESIAN_POINT('',(0.0288616395740707,0.0396431653511858,0.0513745803528175));
#5805=CARTESIAN_POINT('',(0.0290452216599481,0.0396674107469704,0.0510784118951023));
#5806=CARTESIAN_POINT('',(0.0291218506529338,0.039677560056942,0.0509422905020732));
#5807=CARTESIAN_POINT('',(0.029219144063274,0.0396907002203459,0.0507438564253516));
#5808=CARTESIAN_POINT('',(0.0292487059634719,0.0396947452023826,0.0506787737794918));
#5809=CARTESIAN_POINT('',(0.0293016868291529,0.0397020987208916,0.0505481199850216));
#5810=CARTESIAN_POINT('',(0.029325105794636,0.0397054072573638,0.0504825488364112));
#5811=CARTESIAN_POINT('',(0.0293653963293374,0.0397112215840415,0.0503483054409279));
#5812=CARTESIAN_POINT('',(0.0293821833139155,0.039713713166879,0.0502794179967486));
#5813=CARTESIAN_POINT('',(0.0293998544684154,0.0397164085727851,0.0501715543659185));
#5814=CARTESIAN_POINT('',(0.0294044279271761,0.0397171223081575,0.050134765231537));
#5815=CARTESIAN_POINT('',(0.0294104699510568,0.0397180992568247,0.0500602394851715));
#5816=CARTESIAN_POINT('',(0.0294119385161769,0.0397183624701194,0.0500225028731874));
#5817=CARTESIAN_POINT('',(0.0294112997112812,0.0397183573190798,0.0499468038755569));
#5818=CARTESIAN_POINT('',(0.029409194743517,0.0397180890823608,0.0499090740290689));
#5819=CARTESIAN_POINT('',(0.0294019080388356,0.0397171045624288,0.0498345789744717));
#5820=CARTESIAN_POINT('',(0.0293967263019185,0.0397163882792157,0.0497978137663624));
#5821=CARTESIAN_POINT('',(0.029377307479657,0.0397136922736921,0.0496900531001893));
#5822=CARTESIAN_POINT('',(0.0293594423979238,0.0397112077682482,0.0496212242470343));
#5823=CARTESIAN_POINT('',(0.0293170924071569,0.0397054146219496,0.0494870130652131));
#5824=CARTESIAN_POINT('',(0.0292926893163718,0.039702120232585,0.0494214291466404));
#5825=CARTESIAN_POINT('',(0.029237793499688,0.0396948011543895,0.0492907022086796));
#5826=CARTESIAN_POINT('',(0.0292073007737894,0.0396907764655585,0.0492255591892916));
#5827=CARTESIAN_POINT('',(0.0291072379769566,0.0396777049493121,0.0490268878116681));
#5828=CARTESIAN_POINT('',(0.0290288072255467,0.0396676131256051,0.0488905277986542));
#5829=CARTESIAN_POINT('',(0.0288415209848454,0.0396435071434982,0.0485936571452065));
#5830=CARTESIAN_POINT('',(0.0287328165232195,0.0396295180235297,0.0484334855732977));
#5831=CARTESIAN_POINT('',(0.0286008695439469,0.039612217858073,0.0482502532815478));
#5832=CARTESIAN_POINT('',(0.028725583535333,0.0391934744764759,0.0516609782587469));
#5833=CARTESIAN_POINT('',(0.0288479213815417,0.0392071443916139,0.0514808447901293));
#5834=CARTESIAN_POINT('',(0.0289482933406142,0.0392179978445712,0.0513242522401423));
#5835=CARTESIAN_POINT('',(0.0291207829618193,0.0392367245712043,0.0510354195788233));
#5836=CARTESIAN_POINT('',(0.02919275578401,0.0392445735324281,0.0509035183456208));
#5837=CARTESIAN_POINT('',(0.0292842554596805,0.0392549180626843,0.0507121071108298));
#5838=CARTESIAN_POINT('',(0.0293120817439028,0.0392581398096395,0.0506494784869173));
#5839=CARTESIAN_POINT('',(0.0293619993399817,0.0392640668949823,0.0505239618344223));
#5840=CARTESIAN_POINT('',(0.0293840906518383,0.0392667722333701,0.0504610738058397));
#5841=CARTESIAN_POINT('',(0.0294221505461556,0.0392716029526046,0.0503324286972982));
#5842=CARTESIAN_POINT('',(0.029438038296777,0.0392737147562012,0.0502664504860677));
#5843=CARTESIAN_POINT('',(0.0294547701662605,0.0392760251717827,0.0501631524084508));
#5844=CARTESIAN_POINT('',(0.029459101553214,0.0392766418246285,0.0501279220880731));
#5845=CARTESIAN_POINT('',(0.0294648182147321,0.0392774903540537,0.0500565502294631));
#5846=CARTESIAN_POINT('',(0.0294662034892969,0.0392777222306332,0.0500204086912308));
#5847=CARTESIAN_POINT('',(0.0294655736193979,0.0392777234026221,0.0499478984347348));
#5848=CARTESIAN_POINT('',(0.0294635609061426,0.039277492812521,0.0499117628973251));
#5849=CARTESIAN_POINT('',(0.0294566166144192,0.0392766491894364,0.0498404184942693));
#5850=CARTESIAN_POINT('',(0.0294516850359512,0.039276036156453,0.0498052096286232));
#5851=CARTESIAN_POINT('',(0.029433227039826,0.039273743257142,0.0497020042744615));
#5852=CARTESIAN_POINT('',(0.0294162725984652,0.0392716501728073,0.0496360762396982));
#5853=CARTESIAN_POINT('',(0.0293761738190825,0.0392668632048839,0.0495074458890798));
#5854=CARTESIAN_POINT('',(0.0293531073290226,0.0392641829648204,0.0494445356500951));
#5855=CARTESIAN_POINT('',(0.0293012911216022,0.0392583115100777,0.0493189251249372));
#5856=CARTESIAN_POINT('',(0.0292725414042415,0.0392551202953986,0.0492562248387638));
#5857=CARTESIAN_POINT('',(0.0291782938713625,0.0392448739958195,0.0490645390297031));
#5858=CARTESIAN_POINT('',(0.0291045323623525,0.039237100659909,0.0489323699699862));
#5859=CARTESIAN_POINT('',(0.0289283669600973,0.039218545803632,0.0486427645717407));
#5860=CARTESIAN_POINT('',(0.0288261120169933,0.0392077884655346,0.0484856661271333));
#5861=CARTESIAN_POINT('',(0.0287017261863214,0.0391942282108091,0.048304831228667));
#5862=CARTESIAN_POINT('',(0.0287889192697542,0.0389094491777551,0.0516237512534298));
#5863=CARTESIAN_POINT('',(0.0289058342539007,0.0389208990728848,0.0514461722215474));
#5864=CARTESIAN_POINT('',(0.0290016189534862,0.0389298514331992,0.0512921896416532));
#5865=CARTESIAN_POINT('',(0.0291661844080062,0.0389453149126304,0.0510087642146832));
#5866=CARTESIAN_POINT('',(0.0292348223101138,0.0389518025136968,0.0508796588943147));
#5867=CARTESIAN_POINT('',(0.0293221229314482,0.0389604785715705,0.0506926678442403));
#5868=CARTESIAN_POINT('',(0.0293486807601048,0.0389632059407597,0.0506315480877528));
#5869=CARTESIAN_POINT('',(0.0293963398571061,0.0389682704776528,0.0505091591228706));
#5870=CARTESIAN_POINT('',(0.0294174411254507,0.0389706076453568,0.050447889914476));
#5871=CARTESIAN_POINT('',(0.0294538152984258,0.0389748308779981,0.050322631406798));
#5872=CARTESIAN_POINT('',(0.0294690109453127,0.0389767039657977,0.0502584153248474));
#5873=CARTESIAN_POINT('',(0.0294850121961782,0.0389787697185297,0.050157925662091));
#5874=CARTESIAN_POINT('',(0.0294891539304341,0.0389793241644482,0.0501236622031419));
#5875=CARTESIAN_POINT('',(0.0294946150037685,0.0389800900739606,0.0500542541660975));
#5876=CARTESIAN_POINT('',(0.0294959343428471,0.0389803015375544,0.0500191095880021));
#5877=CARTESIAN_POINT('',(0.0294953122627148,0.0389803067767438,0.049948592002913));
#5878=CARTESIAN_POINT('',(0.0294933733022904,0.0389801006543278,0.0499134527879117));
#5879=CARTESIAN_POINT('',(0.0294866994090454,0.0389793476318765,0.0498440694864412));
#5880=CARTESIAN_POINT('',(0.0294819644762248,0.0389788007318413,0.0498098253999719));
#5881=CARTESIAN_POINT('',(0.0294642555216494,0.0389767639249095,0.0497094197935301));
#5882=CARTESIAN_POINT('',(0.0294480026968898,0.0389749167883996,0.0496452469605681));
#5883=CARTESIAN_POINT('',(0.0294096067077498,0.0389707512002564,0.0495199894833264));
#5884=CARTESIAN_POINT('',(0.0293875376101059,0.0389684458131346,0.0494586908842767));
#5885=CARTESIAN_POINT('',(0.0293379933864262,0.0389634497551134,0.049336192650203));
#5886=CARTESIAN_POINT('',(0.0293105182603903,0.038960759084214,0.0492749930151789));
#5887=CARTESIAN_POINT('',(0.0292204881063289,0.0389521989993349,0.0490877005834703));
#5888=CARTESIAN_POINT('',(0.0291500732264593,0.0389457977758665,0.0489583068634118));
#5889=CARTESIAN_POINT('',(0.0289818596722755,0.0389305253278395,0.0486740588995871));
#5890=CARTESIAN_POINT('',(0.028884207969508,0.0389216774701579,0.0485195414310716));
#5891=CARTESIAN_POINT('',(0.0287652648077932,0.0389103445181365,0.0483412238661505));
#5892=CARTESIAN_POINT('',(0.0289082766916418,0.038333290658505,0.0515498126545013));
#5893=CARTESIAN_POINT('',(0.0290141380801176,0.0383409577220848,0.0513787272050749));
#5894=CARTESIAN_POINT('',(0.0291006288980063,0.0383466986984752,0.0512307592388502));
#5895=CARTESIAN_POINT('',(0.0292491164698889,0.0383566451949464,0.0509588945881759));
#5896=CARTESIAN_POINT('',(0.0293109751401311,0.0383608291035403,0.0508353321870203));
#5897=CARTESIAN_POINT('',(0.0293896670467649,0.0383666556528591,0.0506567401105965));
#5898=CARTESIAN_POINT('',(0.0294136089458331,0.0383685330350153,0.0505984287189912));
#5899=CARTESIAN_POINT('',(0.0294565818187809,0.038372103686806,0.0504818058339911));
#5900=CARTESIAN_POINT('',(0.0294756127926606,0.0383737969564407,0.0504234943405964));
#5901=CARTESIAN_POINT('',(0.029508430362995,0.0383769448725677,0.0503044325491563));
#5902=CARTESIAN_POINT('',(0.0295221482795367,0.0383783879821915,0.0502434419050939));
#5903=CARTESIAN_POINT('',(0.02953657920198,0.0383800084019634,0.050148158503415));
#5904=CARTESIAN_POINT('',(0.0295403115182379,0.0383804487452614,0.0501156994626966));
#5905=CARTESIAN_POINT('',(0.0295452200774696,0.0383810625756082,0.0500499678133736));
#5906=CARTESIAN_POINT('',(0.0295463963204432,0.0383812360626573,0.0500166952047689));
#5907=CARTESIAN_POINT('',(0.0295457926422682,0.0383812489175095,0.0499499186654382));
#5908=CARTESIAN_POINT('',(0.029544015246093,0.038381088357299,0.0499166499934372));
#5909=CARTESIAN_POINT('',(0.0295379288403069,0.0383805022855555,0.0498509369679666));
#5910=CARTESIAN_POINT('',(0.0295336198306961,0.0383800767740224,0.049818492614497));
#5911=CARTESIAN_POINT('',(0.0295175246328197,0.0383785063483654,0.0497232737166896));
#5912=CARTESIAN_POINT('',(0.0295027719072392,0.038377102328058,0.0496623109443611));
#5913=CARTESIAN_POINT('',(0.0294679728118456,0.0383740371071933,0.0495432205672398));
#5914=CARTESIAN_POINT('',(0.0294479914338279,0.0383723875815134,0.0494848645317394));
#5915=CARTESIAN_POINT('',(0.0294031657477333,0.0383689083135454,0.0493681004206552));
#5916=CARTESIAN_POINT('',(0.0293783214396565,0.0383670785712572,0.0493096923450716));
#5917=CARTESIAN_POINT('',(0.029296945216212,0.0383613994403105,0.0491307445388905));
#5918=CARTESIAN_POINT('',(0.0292333394940712,0.0383573208698486,0.0490068526870508));
#5919=CARTESIAN_POINT('',(0.0290812769041631,0.0383475994389244,0.0487340659587985));
#5920=CARTESIAN_POINT('',(0.0289929622593156,0.0383419779883974,0.0485855051728281));
#5921=CARTESIAN_POINT('',(0.0288851270507086,0.0383344413973211,0.0484136054621098));
#5922=CARTESIAN_POINT('',(0.0289643672801277,0.03804113468074,0.0515130986747129));
#5923=CARTESIAN_POINT('',(0.0290646054301604,0.0380471907849612,0.0513459220441605));
#5924=CARTESIAN_POINT('',(0.0291463962624458,0.0380515792426885,0.0512013398999918));
#5925=CARTESIAN_POINT('',(0.0292867416139422,0.0380591994635991,0.05093560839277));
#5926=CARTESIAN_POINT('',(0.0293451608313621,0.0380624107274578,0.0508147914210195));
#5927=CARTESIAN_POINT('',(0.0294194489874384,0.038067019763764,0.0506401843769007));
#5928=CARTESIAN_POINT('',(0.0294420451526477,0.0380685308763379,0.0505831759986816));
#5929=CARTESIAN_POINT('',(0.0294825933138365,0.038071451877371,0.0504692006866559));
#5930=CARTESIAN_POINT('',(0.0295005453098162,0.0380728617658301,0.0504122337528494));
#5931=CARTESIAN_POINT('',(0.029531494070282,0.0380755295602418,0.0502959948344201));
#5932=CARTESIAN_POINT('',(0.0295444271585895,0.0380767767694833,0.0502364745918266));
#5933=CARTESIAN_POINT('',(0.0295580192071113,0.0380781918309247,0.050143600206146));
#5934=CARTESIAN_POINT('',(0.0295615319764161,0.0380785790939204,0.0501119825339053));
#5935=CARTESIAN_POINT('',(0.0295661439249165,0.0380791218532165,0.0500479711608242));
#5936=CARTESIAN_POINT('',(0.0295672431041121,0.038079277349517,0.0500155774599838));
#5937=CARTESIAN_POINT('',(0.0295666501093568,0.0380792936570304,0.049950557088465));
#5938=CARTESIAN_POINT('',(0.0295649604989884,0.0380791545227282,0.0499181665321057));
#5939=CARTESIAN_POINT('',(0.0295591910075618,0.0380786462235701,0.0498541703776938));
#5940=CARTESIAN_POINT('',(0.0295551111265035,0.038078277058714,0.0498225647796413));
#5941=CARTESIAN_POINT('',(0.0295398800102318,0.0380769213366606,0.0497297439722033));
#5942=CARTESIAN_POINT('',(0.0295259250961786,0.0380757189496552,0.0496702431112413));
#5943=CARTESIAN_POINT('',(0.0294930182572456,0.038073144698969,0.0495539596109636));
#5944=CARTESIAN_POINT('',(0.0294741260304457,0.038071783699546,0.0494969400966432));
#5945=CARTESIAN_POINT('',(0.0294317440337032,0.0380689639225162,0.0493828068368644));
#5946=CARTESIAN_POINT('',(0.0294082542637605,0.0380675051449095,0.049325693091406));
#5947=CARTESIAN_POINT('',(0.0293313087465044,0.038063057099778,0.0491507024541613));
#5948=CARTESIAN_POINT('',(0.0292711606157299,0.0380599594436469,0.0490295352850665));
#5949=CARTESIAN_POINT('',(0.0291272851267559,0.0380525797286197,0.0487628313142513));
#5950=CARTESIAN_POINT('',(0.0290436972214438,0.0380483179381098,0.0486176270368348));
#5951=CARTESIAN_POINT('',(0.0289415191182616,0.0380423993553551,0.0484495970897805));
#5952=CARTESIAN_POINT('',(0.0290697705540723,0.0374511190913266,0.0514405217885489));
#5953=CARTESIAN_POINT('',(0.029159051131694,0.0374545488080884,0.0512819037322753));
#5954=CARTESIAN_POINT('',(0.0292317262465246,0.0374567608021983,0.0511445033169086));
#5955=CARTESIAN_POINT('',(0.0293562624322211,0.0374606323072751,0.0508913830765828));
#5956=CARTESIAN_POINT('',(0.0294079941626402,0.0374622737021221,0.0507759915886595));
#5957=CARTESIAN_POINT('',(0.0294736653131005,0.0374648900215761,0.0506090457752051));
#5958=CARTESIAN_POINT('',(0.0294936168719964,0.0374657957981347,0.0505545049011866));
#5959=CARTESIAN_POINT('',(0.0295293792789489,0.0374676320152921,0.0504455057442645));
#5960=CARTESIAN_POINT('',(0.0295451901270054,0.0374685624558908,0.0503910474613608));
#5961=CARTESIAN_POINT('',(0.0295724080506216,0.037470405325021,0.0502800806168504));
#5962=CARTESIAN_POINT('',(0.0295837621722902,0.0374713088571781,0.0502233068430859));
#5963=CARTESIAN_POINT('',(0.0295956597580604,0.0374723592945237,0.0501349761931369));
#5964=CARTESIAN_POINT('',(0.0295987279296827,0.037472651501387,0.0501049533305098));
#5965=CARTESIAN_POINT('',(0.0296027389773361,0.0374730664339749,0.0500442100712826));
#5966=CARTESIAN_POINT('',(0.0296036818533672,0.0374731891596996,0.0500134896746825));
#5967=CARTESIAN_POINT('',(0.0296031123948496,0.037473211526709,0.0499518124388245));
#5968=CARTESIAN_POINT('',(0.0296016027066171,0.0374731111849758,0.0499210935473015));
#5969=CARTESIAN_POINT('',(0.0295964789157269,0.0374727424052781,0.049860358441928));
#5970=CARTESIAN_POINT('',(0.029592864813069,0.0374724739673136,0.0498303422280776));
#5971=CARTESIAN_POINT('',(0.0295793841387404,0.0374714989404402,0.0497420424403265));
#5972=CARTESIAN_POINT('',(0.0295670373432472,0.0374706499208054,0.0496852705511342));
#5973=CARTESIAN_POINT('',(0.0295379143333971,0.0374689188201979,0.0495742267033197));
#5974=CARTESIAN_POINT('',(0.0295211864734437,0.0374680458664405,0.0495196997747707));
#5975=CARTESIAN_POINT('',(0.0294836338676863,0.0374663273554081,0.0494105096220163));
#5976=CARTESIAN_POINT('',(0.0294628091218823,0.037465481798133,0.0493558463978108));
#5977=CARTESIAN_POINT('',(0.0293945432920037,0.0374630495261157,0.04918846285215));
#5978=CARTESIAN_POINT('',(0.0293411251498431,0.0374615361093695,0.0490726813498674));
#5979=CARTESIAN_POINT('',(0.0292131633264037,0.0374579335023019,0.0488184918121905));
#5980=CARTESIAN_POINT('',(0.0291387531622288,0.0374558621341895,0.048680412945089));
#5981=CARTESIAN_POINT('',(0.0290476106044039,0.0374525850370706,0.0485208653067612));
#5982=CARTESIAN_POINT('',(0.029119083239531,0.037153259479678,0.0514046588821734));
#5983=CARTESIAN_POINT('',(0.0292030272993166,0.0371556750033497,0.0512506955554143));
#5984=CARTESIAN_POINT('',(0.0292712847662871,0.0371570641397344,0.0511170941527886));
#5985=CARTESIAN_POINT('',(0.0293881507141159,0.0371595150784883,0.0508704554464303));
#5986=CARTESIAN_POINT('',(0.0294366330339107,0.03716056003578,0.0507577443174579));
#5987=CARTESIAN_POINT('',(0.0294980892721978,0.0371624021023846,0.0505944737591291));
#5988=CARTESIAN_POINT('',(0.0295167414741936,0.0371630690913249,0.0505410968281757));
#5989=CARTESIAN_POINT('',(0.0295501420061086,0.037164470656012,0.050434424808054));
#5990=CARTESIAN_POINT('',(0.0295648903360278,0.0371652052317588,0.0503811297188855));
#5991=CARTESIAN_POINT('',(0.0295902456732463,0.037166703623388,0.050272610047139));
#5992=CARTESIAN_POINT('',(0.0296008054452082,0.0371674595030757,0.0502171112101701));
#5993=CARTESIAN_POINT('',(0.0296118472281642,0.0371683508023407,0.0501309134970031));
#5994=CARTESIAN_POINT('',(0.0296146902948906,0.0371686010661581,0.0501016434666775));
#5995=CARTESIAN_POINT('',(0.0296183969784783,0.0371689592890251,0.050042446812964));
#5996=CARTESIAN_POINT('',(0.0296192605953397,0.0371690672480748,0.0500125201895762));
#5997=CARTESIAN_POINT('',(0.0296187039845164,0.0371690922285144,0.0499524286752159));
#5998=CARTESIAN_POINT('',(0.0296172864472729,0.0371690092468848,0.0499225027098));
#5999=CARTESIAN_POINT('',(0.0296124915063822,0.0371687021811618,0.0498633105510139));
#6000=CARTESIAN_POINT('',(0.0296091141027351,0.0371684780970684,0.0498340443576437));
#6001=CARTESIAN_POINT('',(0.0295965199880791,0.0371676689529451,0.0497478657183764));
#6002=CARTESIAN_POINT('',(0.0295849837016345,0.0371669715551005,0.0496923597611404));
#6003=CARTESIAN_POINT('',(0.0295577528071714,0.0371655923297627,0.0495837466664486));
#6004=CARTESIAN_POINT('',(0.0295421005035956,0.037164918703062,0.049530374908441));
#6005=CARTESIAN_POINT('',(0.0295069344201831,0.0371636415016926,0.0494234955745475));
#6006=CARTESIAN_POINT('',(0.0294874206403464,0.0371630379270238,0.0493699879986618));
#6007=CARTESIAN_POINT('',(0.0294234054410863,0.0371613894012082,0.0492062534493558));
#6008=CARTESIAN_POINT('',(0.0293732610751809,0.0371604785194978,0.0490931332497874));
#6009=CARTESIAN_POINT('',(0.0292530291369758,0.037158309394268,0.0488453788322183));
#6010=CARTESIAN_POINT('',(0.0291830719160287,0.03715706766833,0.048711071992638));
#6011=CARTESIAN_POINT('',(0.0290973100229932,0.0371548127607523,0.048556141896071));
#6012=CARTESIAN_POINT('',(0.0292113290493101,0.0365542864248934,0.0513341245768962));
#6013=CARTESIAN_POINT('',(0.0292852764312858,0.0365552533526323,0.0511895080211015));
#6014=CARTESIAN_POINT('',(0.0293452909540174,0.0365555036871783,0.0510634926620262));
#6015=CARTESIAN_POINT('',(0.0294478329952456,0.0365559817690896,0.0508297192598667));
#6016=CARTESIAN_POINT('',(0.0294902407114459,0.0365561952134622,0.0507222830669915));
#6017=CARTESIAN_POINT('',(0.0295437772606988,0.0365569218054795,0.0505661975871983));
#6018=CARTESIAN_POINT('',(0.029559979762137,0.0365572373941909,0.0505150872719687));
#6019=CARTESIAN_POINT('',(0.0295889124916065,0.0365579856917922,0.050412937830114));
#6020=CARTESIAN_POINT('',(0.0296016427196379,0.0365584184006821,0.0503618987034891));
#6021=CARTESIAN_POINT('',(0.0296234446588458,0.0365593712760744,0.0502581264713788));
#6022=CARTESIAN_POINT('',(0.029632480571792,0.0365598854267414,0.0502051010270365));
#6023=CARTESIAN_POINT('',(0.0296418764278751,0.036560511617449,0.0501230522478203));
#6024=CARTESIAN_POINT('',(0.0296442859140882,0.0365606911849968,0.0500952485325321));
#6025=CARTESIAN_POINT('',(0.0296474065989289,0.0365609533057963,0.0500390660386367));
#6026=CARTESIAN_POINT('',(0.0296481177975566,0.0365610358590479,0.0500106872600294));
#6027=CARTESIAN_POINT('',(0.0296475885512706,0.036561065262335,0.0499536878206087));
#6028=CARTESIAN_POINT('',(0.0296463508850473,0.0365610120693481,0.0499253080409953));
#6029=CARTESIAN_POINT('',(0.0296421942492855,0.0365608095124826,0.0498691228651021));
#6030=CARTESIAN_POINT('',(0.0296392752797469,0.0365606601486042,0.0498413174688223));
#6031=CARTESIAN_POINT('',(0.0296283935904263,0.0365601272281861,0.0497592646096921));
#6032=CARTESIAN_POINT('',(0.0296184167897121,0.0365596779404416,0.049706214458187));
#6033=CARTESIAN_POINT('',(0.0295948049067681,0.0365588560126785,0.0496023170912697));
#6034=CARTESIAN_POINT('',(0.0295812000290596,0.0365584897206076,0.0495511859540555));
#6035=CARTESIAN_POINT('',(0.0295505574469071,0.0365578763388249,0.0494487982536813));
#6036=CARTESIAN_POINT('',(0.0295335197424629,0.036557629249113,0.0493975416905213));
#6037=CARTESIAN_POINT('',(0.0294775049576336,0.0365571115716233,0.0492409430844712));
#6038=CARTESIAN_POINT('',(0.0294334898767936,0.0365570423928522,0.0491330625270781));
#6039=CARTESIAN_POINT('',(0.0293277123139546,0.0365568691567244,0.0488980873505121));
#6040=CARTESIAN_POINT('',(0.0292660738518059,0.0365567790076933,0.0487713165300145));
#6041=CARTESIAN_POINT('',(0.0291904016700534,0.0365559887025275,0.0486256633385868));
#6042=CARTESIAN_POINT('',(0.0292543109062232,0.0362531315165976,0.051299466664563));
#6043=CARTESIAN_POINT('',(0.0293235930032362,0.0362536443757136,0.0511595350662072));
#6044=CARTESIAN_POINT('',(0.0293797777531913,0.0362535614791094,0.0510373019439784));
#6045=CARTESIAN_POINT('',(0.0294756584630431,0.0362534575133615,0.0508099061581408));
#6046=CARTESIAN_POINT('',(0.0295152378000272,0.0362534234122674,0.0507050631824652));
#6047=CARTESIAN_POINT('',(0.0295650657553907,0.0362537937346787,0.0505524872021141));
#6048=CARTESIAN_POINT('',(0.0295801168012186,0.0362539923043712,0.0505024797375456));
#6049=CARTESIAN_POINT('',(0.0296069416992757,0.0362545144010666,0.050402526521887));
#6050=CARTESIAN_POINT('',(0.0296187155515049,0.0362548379280697,0.0503525807707969));
#6051=CARTESIAN_POINT('',(0.029638825414019,0.0362555846389193,0.0502511103044761));
#6052=CARTESIAN_POINT('',(0.0296471313446271,0.0362560027671102,0.0501992842081554));
#6053=CARTESIAN_POINT('',(0.0296557366057151,0.0362565209994948,0.0501192528710467));
#6054=CARTESIAN_POINT('',(0.0296579374990996,0.0362566713063773,0.0500921631379162));
#6055=CARTESIAN_POINT('',(0.0296607763942633,0.0362568933312224,0.0500374492148121));
#6056=CARTESIAN_POINT('',(0.0296614143960424,0.0362569650491852,0.0500098250248383));
#6057=CARTESIAN_POINT('',(0.0296608996703457,0.0362569961817626,0.0499543329727259));
#6058=CARTESIAN_POINT('',(0.029659749765685,0.0362569555333535,0.049926706969609));
#6059=CARTESIAN_POINT('',(0.0296559027473211,0.0362567963165823,0.0498719868454522));
#6060=CARTESIAN_POINT('',(0.0296532056336178,0.0362566777482202,0.0498448927244123));
#6061=CARTESIAN_POINT('',(0.0296431502908173,0.0362562569273686,0.0497648459387059));
#6062=CARTESIAN_POINT('',(0.029633922945549,0.0362559059284665,0.0497129865499975));
#6063=CARTESIAN_POINT('',(0.0296120392317723,0.0362552942877548,0.0496113756482002));
#6064=CARTESIAN_POINT('',(0.0295994070178244,0.0362550390674705,0.0495613305626842));
#6065=CARTESIAN_POINT('',(0.0295709033177564,0.0362546555951506,0.0494611244490242));
#6066=CARTESIAN_POINT('',(0.0295550318316364,0.0362545273431151,0.0494109634208802));
#6067=CARTESIAN_POINT('',(0.0295027706279387,0.0362543716915406,0.0492578514124164));
#6068=CARTESIAN_POINT('',(0.0294616142149529,0.036254554186953,0.0491525478134157));
#6069=CARTESIAN_POINT('',(0.0293625687082983,0.0362549735442677,0.0489239105531422));
#6070=CARTESIAN_POINT('',(0.0293048004687285,0.036255223009868,0.0488008989006724));
#6071=CARTESIAN_POINT('',(0.0292338423609446,0.0362548954140048,0.0486598979548165));
#6072=CARTESIAN_POINT('',(0.0293345310669102,0.0356497003015169,0.0512315368312341));
#6073=CARTESIAN_POINT('',(0.0293952702253169,0.0356497271011812,0.0511005836194611));
#6074=CARTESIAN_POINT('',(0.0294444538723016,0.0356493387036686,0.0509856570128475));
#6075=CARTESIAN_POINT('',(0.0295281543591992,0.0356486901895458,0.0507706801001704));
#6076=CARTESIAN_POINT('',(0.0295625605375436,0.0356484194241897,0.0506709454277735));
#6077=CARTESIAN_POINT('',(0.0296055925796277,0.0356483942478811,0.0505253344944582));
#6078=CARTESIAN_POINT('',(0.0296185309832203,0.035648452789437,0.0504775257374132));
#6079=CARTESIAN_POINT('',(0.0296414838908602,0.0356486866432631,0.050381956123021));
#6080=CARTESIAN_POINT('',(0.0296514983949074,0.0356488619555335,0.0503341952656739));
#6081=CARTESIAN_POINT('',(0.0296684908247816,0.0356493122541853,0.0502373129089221));
#6082=CARTESIAN_POINT('',(0.0296754493932194,0.035649583985248,0.0501878730742404));
#6083=CARTESIAN_POINT('',(0.0296825949286031,0.0356499331397772,0.0501118317073952));
#6084=CARTESIAN_POINT('',(0.0296844106917116,0.0356500368436583,0.0500861499529419));
#6085=CARTESIAN_POINT('',(0.0296867300604222,0.035650194505357,0.0500343283107306));
#6086=CARTESIAN_POINT('',(0.0296872336660243,0.0356502484631745,0.0500081884229727));
#6087=CARTESIAN_POINT('',(0.0296867487262546,0.0356502822486061,0.049955661645191));
#6088=CARTESIAN_POINT('',(0.0296857630864316,0.0356502619756934,0.0499295184476047));
#6089=CARTESIAN_POINT('',(0.0296824928858548,0.0356501720319322,0.0498776841104005));
#6090=CARTESIAN_POINT('',(0.029680208325101,0.0356501023610836,0.0498519929707825));
#6091=CARTESIAN_POINT('',(0.0296716873898615,0.0356498566516154,0.0497759151519199));
#6092=CARTESIAN_POINT('',(0.0296638489961924,0.0356496551700032,0.0497264262404162));
#6093=CARTESIAN_POINT('',(0.029645160458563,0.0356493455123556,0.0496293755937324));
#6094=CARTESIAN_POINT('',(0.0296343231254869,0.0356492410208031,0.049581502191203));
#6095=CARTESIAN_POINT('',(0.0296097594945054,0.0356491508353396,0.0494856534812306));
#6096=CARTESIAN_POINT('',(0.0295960331966001,0.0356491651414284,0.0494376781737875));
#6097=CARTESIAN_POINT('',(0.0295506666011809,0.0356494134408054,0.0492914907742793));
#6098=CARTESIAN_POINT('',(0.029514749362307,0.0356498391801067,0.0491912670790426));
#6099=CARTESIAN_POINT('',(0.0294280341211615,0.0356508217322499,0.0489749792601726));
#6100=CARTESIAN_POINT('',(0.0293773510372052,0.0356513887026128,0.0488592337893314));
#6101=CARTESIAN_POINT('',(0.0293150348800026,0.0356515641999996,0.0487271532325066));
#6102=CARTESIAN_POINT('',(0.029371769370684,0.0353474239947322,0.0511982649102383));
#6103=CARTESIAN_POINT('',(0.0294286246114904,0.0353474184903788,0.05107162100066));
#6104=CARTESIAN_POINT('',(0.0294746314024808,0.0353470575366215,0.0509602285143151));
#6105=CARTESIAN_POINT('',(0.029552803456141,0.035346446011548,0.0507513035139408));
#6106=CARTESIAN_POINT('',(0.0295848608392027,0.0353461859036482,0.0506540847415868));
#6107=CARTESIAN_POINT('',(0.0296248006957859,0.0353461212166586,0.0505119260828322));
#6108=CARTESIAN_POINT('',(0.0296367764836627,0.0353461566642504,0.0504652113426418));
#6109=CARTESIAN_POINT('',(0.0296579627642124,0.0353463283256055,0.0503718243047575));
#6110=CARTESIAN_POINT('',(0.029667173256885,0.0353464645393688,0.0503251520070635));
#6111=CARTESIAN_POINT('',(0.0296827386471234,0.0353468244793955,0.050230549337879));
#6112=CARTESIAN_POINT('',(0.0296890791910343,0.0353470457904973,0.0501822927191577));
#6113=CARTESIAN_POINT('',(0.0296955549275436,0.0353473337736697,0.0501082180642406));
#6114=CARTESIAN_POINT('',(0.0296971939802957,0.0353474201206301,0.050083228322607));
#6115=CARTESIAN_POINT('',(0.0296992753665641,0.0353475534914926,0.0500328263806146));
#6116=CARTESIAN_POINT('',(0.0296997177000804,0.0353476005153947,0.0500074141802558));
#6117=CARTESIAN_POINT('',(0.0296992479808102,0.0353476352119432,0.0499563412420776));
#6118=CARTESIAN_POINT('',(0.0296983388721816,0.0353476227665615,0.0499309250522897));
#6119=CARTESIAN_POINT('',(0.0296953360290347,0.035347558754758,0.0498805074602078));
#6120=CARTESIAN_POINT('',(0.0296932422945165,0.0353475071883362,0.0498555060579139));
#6121=CARTESIAN_POINT('',(0.0296854299602733,0.0353473245069186,0.0497813853756107));
#6122=CARTESIAN_POINT('',(0.0296782316261831,0.0353471742765031,0.0497330725402252));
#6123=CARTESIAN_POINT('',(0.0296610116334992,0.0353469563853862,0.0496382891856353));
#6124=CARTESIAN_POINT('',(0.0296509974920739,0.0353468915985478,0.0495914985547847));
#6125=CARTESIAN_POINT('',(0.0296282374124912,0.0353468649122018,0.0494978211006919));
#6126=CARTESIAN_POINT('',(0.0296154914743338,0.0353469030126944,0.0494509342774498));
#6127=CARTESIAN_POINT('',(0.0295732707049152,0.0353471935000043,0.0493081820912156));
#6128=CARTESIAN_POINT('',(0.0295397380105774,0.0353476110389827,0.0492104625510962));
#6129=CARTESIAN_POINT('',(0.0294586307670264,0.0353485647712045,0.0490001978626773));
#6130=CARTESIAN_POINT('',(0.0294111683660964,0.0353491099804197,0.0488879698010314));
#6131=CARTESIAN_POINT('',(0.0293527867081693,0.0353493262745171,0.048760173893967));
#6132=CARTESIAN_POINT('',(0.0294410409679062,0.0347439653459922,0.0511332745703107));
#6133=CARTESIAN_POINT('',(0.0294910277807272,0.0347442204197383,0.0510143057495072));
#6134=CARTESIAN_POINT('',(0.0295314062470535,0.0347441829506816,0.0509094020436451));
#6135=CARTESIAN_POINT('',(0.0295997918459877,0.0347441086552288,0.0507119261179398));
#6136=CARTESIAN_POINT('',(0.0296276958680632,0.0347440641988127,0.0506196643963585));
#6137=CARTESIAN_POINT('',(0.0296621857030124,0.034744168543736,0.0504844968649721));
#6138=CARTESIAN_POINT('',(0.0296724684401145,0.0347442334385396,0.0504400330336329));
#6139=CARTESIAN_POINT('',(0.0296905541583813,0.0347444167861327,0.0503511651461639));
#6140=CARTESIAN_POINT('',(0.0296983571395458,0.0347445352389222,0.0503067610900343));
#6141=CARTESIAN_POINT('',(0.0297114313390947,0.0347448190341482,0.0502168885032818));
#6142=CARTESIAN_POINT('',(0.0297166967816546,0.0347449834016925,0.0501710801620785));
#6143=CARTESIAN_POINT('',(0.0297220109741815,0.0347451959229789,0.0501010135103346));
#6144=CARTESIAN_POINT('',(0.029723344343907,0.0347452598442013,0.050077423348072));
#6145=CARTESIAN_POINT('',(0.0297250156257347,0.0347453612870464,0.0500298828182744));
#6146=CARTESIAN_POINT('',(0.0297253535378369,0.0347453988086691,0.0500059324507393));
#6147=CARTESIAN_POINT('',(0.0297249145023619,0.0347454348911284,0.0499577805284864));
#6148=CARTESIAN_POINT('',(0.0297241405651296,0.0347454333039346,0.0499338249885327));
#6149=CARTESIAN_POINT('',(0.029721607348929,0.0347454036808548,0.0498862636709287));
#6150=CARTESIAN_POINT('',(0.0297198480699606,0.0347453756449688,0.0498626578932783));
#6151=CARTESIAN_POINT('',(0.0297132774663315,0.0347452710765043,0.049792528583719));
#6152=CARTESIAN_POINT('',(0.02970720104989,0.034745178857514,0.0497466515706106));
#6153=CARTESIAN_POINT('',(0.0296925612015047,0.0347450388003337,0.0496565764743719));
#6154=CARTESIAN_POINT('',(0.0296839962117881,0.0347449924463731,0.0496120438036578));
#6155=CARTESIAN_POINT('',(0.0296644170894625,0.0347449555638374,0.0495228652311429));
#6156=CARTESIAN_POINT('',(0.0296534029568536,0.0347449650352625,0.049478219329342));
#6157=CARTESIAN_POINT('',(0.0296167483269216,0.0347450899018063,0.049342427298463));
#6158=CARTESIAN_POINT('',(0.0295874452576939,0.034745295175109,0.0492496432382139));
#6159=CARTESIAN_POINT('',(0.0295162874379362,0.0347457239066818,0.0490507748359607));
#6160=CARTESIAN_POINT('',(0.0294745400870622,0.0347459544239823,0.0489450048958015));
#6161=CARTESIAN_POINT('',(0.029423122904332,0.0347459236684524,0.0488248395174054));
#6162=CARTESIAN_POINT('',(0.0294730742613545,0.0344427830040369,0.0511015561513789));
#6163=CARTESIAN_POINT('',(0.029520105366627,0.0344433322656659,0.0509858705030748));
#6164=CARTESIAN_POINT('',(0.0295580577089045,0.034443591981077,0.0508838699984528));
#6165=CARTESIAN_POINT('',(0.0296222289525571,0.0344440198880198,0.0506917350061189));
#6166=CARTESIAN_POINT('',(0.0296483467305147,0.0344441812439329,0.0506019096652467));
#6167=CARTESIAN_POINT('',(0.0296805008644801,0.0344444951144383,0.050470297132407));
#6168=CARTESIAN_POINT('',(0.0296900596537014,0.0344446128373365,0.0504269994584389));
#6169=CARTESIAN_POINT('',(0.0297068226153963,0.0344448705558961,0.050340492489893));
#6170=CARTESIAN_POINT('',(0.0297140267878701,0.0344450105515575,0.0502972831953152));
#6171=CARTESIAN_POINT('',(0.0297260444101897,0.034445308889614,0.0502098950243168));
#6172=CARTESIAN_POINT('',(0.0297308556583073,0.0344454668572294,0.0501653706859201));
#6173=CARTESIAN_POINT('',(0.0297356810625086,0.0344456652121655,0.050097375169008));
#6174=CARTESIAN_POINT('',(0.0297368862173597,0.034445724095743,0.050074502759778));
#6175=CARTESIAN_POINT('',(0.0297383864355185,0.0344458179432997,0.050028424548074));
#6176=CARTESIAN_POINT('',(0.0297386814988261,0.0344458529072787,0.0500052187456));
#6177=CARTESIAN_POINT('',(0.029738258068786,0.034445889465509,0.0499585548280155));
#6178=CARTESIAN_POINT('',(0.0297375426133613,0.0344458908992288,0.0499353433388077));
#6179=CARTESIAN_POINT('',(0.0297352108892944,0.0344458696929533,0.0498892421129703));
#6180=CARTESIAN_POINT('',(0.0297335946206523,0.0344458470529578,0.0498663523763406));
#6181=CARTESIAN_POINT('',(0.0297275545962873,0.0344457574480108,0.0497982870154325));
#6182=CARTESIAN_POINT('',(0.0297219574131612,0.0344456718673523,0.049753688558612));
#6183=CARTESIAN_POINT('',(0.0297084220522569,0.0344455175517474,0.0496660880998675));
#6184=CARTESIAN_POINT('',(0.0297004785354804,0.0344454497220161,0.0496227454787189));
#6185=CARTESIAN_POINT('',(0.0296822659690893,0.0344453386541751,0.0495359183524383));
#6186=CARTESIAN_POINT('',(0.0296719969194746,0.0344452954160653,0.0494924338473063));
#6187=CARTESIAN_POINT('',(0.0296377406810882,0.0344452114923873,0.0493601818552892));
#6188=CARTESIAN_POINT('',(0.0296102642997792,0.0344452118815465,0.0492698234756405));
#6189=CARTESIAN_POINT('',(0.0295434034582474,0.034445142465194,0.0490762699021903));
#6190=CARTESIAN_POINT('',(0.0295041244190864,0.0344450789033202,0.0489733879915635));
#6191=CARTESIAN_POINT('',(0.0294557072723278,0.0344447589878702,0.0488564844793833));
#6192=CARTESIAN_POINT('',(0.0295324743807393,0.0338437276482744,0.0510398403263057));
#6193=CARTESIAN_POINT('',(0.0295744296495809,0.0338450289258323,0.0509294760602574));
#6194=CARTESIAN_POINT('',(0.0296081679917917,0.0338460026306722,0.0508325375865707));
#6195=CARTESIAN_POINT('',(0.0296650441039418,0.0338476447871283,0.0506502835762895));
#6196=CARTESIAN_POINT('',(0.0296880835324239,0.0338483075152882,0.0505652752945435));
#6197=CARTESIAN_POINT('',(0.0297162803722812,0.0338491708623836,0.0504409529016061));
#6198=CARTESIAN_POINT('',(0.0297246263800314,0.0338494373062554,0.0504000928873927));
#6199=CARTESIAN_POINT('',(0.0297391985457312,0.0338499273986224,0.0503185521884608));
#6200=CARTESIAN_POINT('',(0.029745424703681,0.0338501510471177,0.0502778715037424));
#6201=CARTESIAN_POINT('',(0.0297557431977176,0.0338505554303414,0.0501957072264311));
#6202=CARTESIAN_POINT('',(0.0297598383358102,0.0338507366304472,0.050153870259908));
#6203=CARTESIAN_POINT('',(0.029763903567413,0.033850947442068,0.0500901215418747));
#6204=CARTESIAN_POINT('',(0.0297649113464201,0.0338510073696326,0.0500687051499615));
#6205=CARTESIAN_POINT('',(0.0297661511387162,0.0338511014402119,0.0500255785607975));
#6206=CARTESIAN_POINT('',(0.0297663831520052,0.0338511355832266,0.0500038683635467));
#6207=CARTESIAN_POINT('',(0.0297659902435346,0.0338511729861073,0.0499601939968409));
#6208=CARTESIAN_POINT('',(0.029765368398307,0.0338511760679407,0.0499384773088827));
#6209=CARTESIAN_POINT('',(0.0297633570159918,0.0338511561380084,0.0498953242529972));
#6210=CARTESIAN_POINT('',(0.0297619674789041,0.0338511331262425,0.04987388788507));
#6211=CARTESIAN_POINT('',(0.029756771965038,0.0338510326689673,0.0498100582551973));
#6212=CARTESIAN_POINT('',(0.0297519430392194,0.0338509244835371,0.0497681385379337));
#6213=CARTESIAN_POINT('',(0.0297402075565508,0.0338506649824679,0.0496857455974702));
#6214=CARTESIAN_POINT('',(0.0297332903669868,0.0338505137614247,0.0496449233107489));
#6215=CARTESIAN_POINT('',(0.0297173623159961,0.0338501707252994,0.0495630451635555));
#6216=CARTESIAN_POINT('',(0.0297083514545692,0.0338499789102175,0.0495219893030835));
#6217=CARTESIAN_POINT('',(0.0296781861993891,0.0338493460943823,0.0493969984498845));
#6218=CARTESIAN_POINT('',(0.0296538733632674,0.0338488456085416,0.049311435434605));
#6219=CARTESIAN_POINT('',(0.0295944743526909,0.0338475644980099,0.0491277101817607));
#6220=CARTESIAN_POINT('',(0.0295594908292654,0.0338467889754074,0.0490298596612322));
#6221=CARTESIAN_POINT('',(0.0295162299507023,0.0338457207534666,0.0489182369591435));
#6222=CARTESIAN_POINT('',(0.0295598412066757,0.033545854634467,0.0510098429201644));
#6223=CARTESIAN_POINT('',(0.0295996126019717,0.0335475904148571,0.050901660304447));
#6224=CARTESIAN_POINT('',(0.02963150704017,0.0335489604607991,0.0508069700577648));
#6225=CARTESIAN_POINT('',(0.0296852059420074,0.0335512795000886,0.0506293538891472));
#6226=CARTESIAN_POINT('',(0.0297069128590351,0.0335522230877403,0.0505467346814914));
#6227=CARTESIAN_POINT('',(0.0297334393544664,0.0335534086883219,0.0504261195858638));
#6228=CARTESIAN_POINT('',(0.0297412822544997,0.0335537658514182,0.0503865150530928));
#6229=CARTESIAN_POINT('',(0.0297549618087081,0.0335544050554461,0.0503075375693965));
#6230=CARTESIAN_POINT('',(0.0297607984628831,0.0335546870963776,0.0502681646184712));
#6231=CARTESIAN_POINT('',(0.0297704578097371,0.0335551770081064,0.0501886808821027));
#6232=CARTESIAN_POINT('',(0.0297742847340603,0.0335553855843259,0.0501482144621711));
#6233=CARTESIAN_POINT('',(0.0297780721516035,0.0335556207342548,0.0500865896827094));
#6234=CARTESIAN_POINT('',(0.0297790091292943,0.0335556861651645,0.0500658938979614));
#6235=CARTESIAN_POINT('',(0.029780157287481,0.0335557872646948,0.0500242208916202));
#6236=CARTESIAN_POINT('',(0.0297803684679769,0.0335558229333155,0.0500032436700269));
#6237=CARTESIAN_POINT('',(0.0297799902242263,0.0335558606507794,0.0499610347363377));
#6238=CARTESIAN_POINT('',(0.029779403887543,0.0335558625165895,0.049940050750194));
#6239=CARTESIAN_POINT('',(0.0297775131298251,0.0335558361282359,0.0498983501141328));
#6240=CARTESIAN_POINT('',(0.0297762087087906,0.0335558078740722,0.0498776334642153));
#6241=CARTESIAN_POINT('',(0.0297713328370575,0.0335556837304247,0.0498159240810389));
#6242=CARTESIAN_POINT('',(0.0297667987777294,0.0335555484597846,0.0497753719143562));
#6243=CARTESIAN_POINT('',(0.0297557744648472,0.0335552038290443,0.0496956534237898));
#6244=CARTESIAN_POINT('',(0.0297492720660891,0.033554994331934,0.0496561356237285));
#6245=CARTESIAN_POINT('',(0.0297342859652367,0.0335545022784497,0.0495768136330828));
#6246=CARTESIAN_POINT('',(0.0297258022631425,0.0335542197220756,0.0495370094424984));
#6247=CARTESIAN_POINT('',(0.029697377973803,0.0335532644203826,0.0494157133635106));
#6248=CARTESIAN_POINT('',(0.0296744425267539,0.0335524826712595,0.0493325296929238));
#6249=CARTESIAN_POINT('',(0.0296183061857774,0.033550523477388,0.0491534187614661));
#6250=CARTESIAN_POINT('',(0.0295852071514416,0.0335493508085716,0.0490578027701634));
#6251=CARTESIAN_POINT('',(0.0295441682610807,0.0335478471996453,0.0489483444769258));
#6252=CARTESIAN_POINT('',(0.0296096311105566,0.0329651483540533,0.0509526733724859));
#6253=CARTESIAN_POINT('',(0.0296452330074862,0.0329675402707489,0.0508492179624854));
#6254=CARTESIAN_POINT('',(0.0296734858781583,0.0329694846410267,0.0507592757398311));
#6255=CARTESIAN_POINT('',(0.0297209568542773,0.0329727884868223,0.0505911866777573));
#6256=CARTESIAN_POINT('',(0.0297400774131128,0.0329741425566445,0.0505133465526176));
#6257=CARTESIAN_POINT('',(0.0297635152889964,0.0329758208351884,0.0503999154410301));
#6258=CARTESIAN_POINT('',(0.029770460468804,0.0329763217167234,0.0503627081296501));
#6259=CARTESIAN_POINT('',(0.0297826081402644,0.0329772073152525,0.0502885288865577));
#6260=CARTESIAN_POINT('',(0.0297878106319171,0.0329775920322467,0.0502515569548454));
#6261=CARTESIAN_POINT('',(0.0297964651298869,0.0329782462264467,0.050176877732458));
#6262=CARTESIAN_POINT('',(0.029799921367848,0.0329785164090747,0.0501388148072946));
#6263=CARTESIAN_POINT('',(0.0298033503018107,0.0329788131459172,0.0500807961349516));
#6264=CARTESIAN_POINT('',(0.0298042007093018,0.0329788939686814,0.0500613025300709));
#6265=CARTESIAN_POINT('',(0.0298052415655506,0.0329790155742783,0.0500220340065031));
#6266=CARTESIAN_POINT('',(0.0298054320143081,0.0329790563571107,0.0500022590878159));
#6267=CARTESIAN_POINT('',(0.0298050781353492,0.0329790940219455,0.0499624547176944));
#6268=CARTESIAN_POINT('',(0.0298045368951959,0.0329790907209147,0.0499426729922122));
#6269=CARTESIAN_POINT('',(0.0298028021486135,0.0329790437144171,0.0499033766699463));
#6270=CARTESIAN_POINT('',(0.0298016086421844,0.0329790000089501,0.0498838620731625));
#6271=CARTESIAN_POINT('',(0.0297971642260916,0.0329788140795845,0.0498257582901704));
#6272=CARTESIAN_POINT('',(0.0297930494196222,0.0329786170427212,0.0497876091113214));
#6273=CARTESIAN_POINT('',(0.0297831267624443,0.0329781077007677,0.0497126937829109));
#6274=CARTESIAN_POINT('',(0.0297773067665318,0.0329777952586674,0.0496755761571717));
#6275=CARTESIAN_POINT('',(0.0297639485398143,0.0329770561091577,0.0496010503793921));
#6276=CARTESIAN_POINT('',(0.0297564103090093,0.0329766294017485,0.0495636422273516));
#6277=CARTESIAN_POINT('',(0.0297312169138878,0.0329751797969649,0.0494495260769281));
#6278=CARTESIAN_POINT('',(0.029710961370118,0.0329739860458011,0.0493711181092942));
#6279=CARTESIAN_POINT('',(0.0296612361309545,0.0329710376963297,0.0492015261734289));
#6280=CARTESIAN_POINT('',(0.0296318682951526,0.0329692878739535,0.0491106534747656));
#6281=CARTESIAN_POINT('',(0.0295950859247794,0.0329671244265953,0.049005916979944));
#6282=CARTESIAN_POINT('',(0.0296324820392669,0.0326788713442427,0.0509250979191931));
#6283=CARTESIAN_POINT('',(0.0296662959632923,0.0326815641342061,0.0508235622082928));
#6284=CARTESIAN_POINT('',(0.0296930281812244,0.0326837744667322,0.0507356225043284));
#6285=CARTESIAN_POINT('',(0.0297379094329984,0.0326875354038346,0.0505717761678407));
#6286=CARTESIAN_POINT('',(0.0297559624443949,0.0326890806871793,0.0504961714571863));
#6287=CARTESIAN_POINT('',(0.0297781178023564,0.0326909881965593,0.0503862334924032));
#6288=CARTESIAN_POINT('',(0.0297846885446432,0.0326915558861654,0.0503502135414777));
#6289=CARTESIAN_POINT('',(0.0297961931978089,0.0326925558429388,0.0502784524590984));
#6290=CARTESIAN_POINT('',(0.0298011271086879,0.0326929881101064,0.0502427113276446));
#6291=CARTESIAN_POINT('',(0.0298093500216981,0.0326937180932725,0.0501705346290092));
#6292=CARTESIAN_POINT('',(0.029812643189354,0.0326940165036712,0.0501337489841283));
#6293=CARTESIAN_POINT('',(0.0298159133137914,0.0326943414147855,0.0500776694858242));
#6294=CARTESIAN_POINT('',(0.0298167250840961,0.032694429267743,0.0500588261478925));
#6295=CARTESIAN_POINT('',(0.0298177183833946,0.0326945602667122,0.0500208632804284));
#6296=CARTESIAN_POINT('',(0.0298178999123884,0.0326946034127239,0.0500017437508961));
#6297=CARTESIAN_POINT('',(0.029817559030103,0.0326946411923502,0.0499632526522914));
#6298=CARTESIAN_POINT('',(0.0298170396644078,0.0326946356445088,0.0499441262994625));
#6299=CARTESIAN_POINT('',(0.0298153782630482,0.0326945794719849,0.0499061355793927));
#6300=CARTESIAN_POINT('',(0.0298142362273838,0.0326945288473024,0.0498872712121518));
#6301=CARTESIAN_POINT('',(0.0298099888841397,0.0326943150556951,0.0498311064777727));
#6302=CARTESIAN_POINT('',(0.0298060623403094,0.0326940899712106,0.0497942344779781));
#6303=CARTESIAN_POINT('',(0.0297966207223974,0.0326935050764924,0.0497218215324337));
#6304=CARTESIAN_POINT('',(0.0297910936928806,0.0326931451313894,0.0496859346023215));
#6305=CARTESIAN_POINT('',(0.0297784266009384,0.0326922914735542,0.049613826730851));
#6306=CARTESIAN_POINT('',(0.029771286538513,0.032691797760822,0.0495776057894926));
#6307=CARTESIAN_POINT('',(0.0297474459141938,0.0326901178129693,0.0494669823036993));
#6308=CARTESIAN_POINT('',(0.0297283034497134,0.0326887314148943,0.0493908094853148));
#6309=CARTESIAN_POINT('',(0.0296812562568963,0.0326853209281468,0.0492254611095092));
#6310=CARTESIAN_POINT('',(0.0296534517965951,0.032683301540782,0.0491365919580693));
#6311=CARTESIAN_POINT('',(0.0296184994000582,0.0326808320218128,0.0490337789772694));
#6312=CARTESIAN_POINT('',(0.0296752061228982,0.0321051949034326,0.0508710197372917));
#6313=CARTESIAN_POINT('',(0.0297054763505068,0.0321082827507895,0.0507738560439191));
#6314=CARTESIAN_POINT('',(0.029729254820429,0.0321108474406034,0.0506901260362519));
#6315=CARTESIAN_POINT('',(0.0297691192890203,0.0321152187635867,0.0505348532787141));
#6316=CARTESIAN_POINT('',(0.0297851145998242,0.0321170203711482,0.0504635956772753));
#6317=CARTESIAN_POINT('',(0.0298047829947713,0.0321192339522957,0.0503603301652255));
#6318=CARTESIAN_POINT('',(0.0298106244517302,0.0321198905828489,0.0503265584057209));
#6319=CARTESIAN_POINT('',(0.0298208691487703,0.0321210421446955,0.0502593613113647));
#6320=CARTESIAN_POINT('',(0.0298252723888515,0.0321215370759889,0.0502259359765131));
#6321=CARTESIAN_POINT('',(0.0298326317846389,0.0321223659997143,0.0501584780004253));
#6322=CARTESIAN_POINT('',(0.0298355918744517,0.0321227006479687,0.0501241147302508));
#6323=CARTESIAN_POINT('',(0.0298385340404239,0.0321230612888639,0.0500717293542898));
#6324=CARTESIAN_POINT('',(0.0298392651009569,0.0321231579472479,0.050054127483853));
#6325=CARTESIAN_POINT('',(0.0298401581396694,0.0321233005516748,0.0500186620781625));
#6326=CARTESIAN_POINT('',(0.029840320117849,0.0321233464977177,0.0500007985429087));
#6327=CARTESIAN_POINT('',(0.0298400052324173,0.0321233840756167,0.0499648282996672));
#6328=CARTESIAN_POINT('',(0.0298395312674635,0.0321233755315358,0.0499469580239428));
#6329=CARTESIAN_POINT('',(0.0298380214502374,0.0321233073613491,0.0499114651392963));
#6330=CARTESIAN_POINT('',(0.0298369855979653,0.0321232477352435,0.0498938425303742));
#6331=CARTESIAN_POINT('',(0.0298331419459079,0.0321229976099432,0.0498413731663264));
#6332=CARTESIAN_POINT('',(0.029829598050882,0.0321227358637656,0.049806924873919));
#6333=CARTESIAN_POINT('',(0.0298211165974497,0.0321220510517442,0.0497392346564319));
#6334=CARTESIAN_POINT('',(0.029816167747799,0.0321216278585238,0.0497056659683433));
#6335=CARTESIAN_POINT('',(0.029804854480846,0.0321206210300606,0.0496381279423982));
#6336=CARTESIAN_POINT('',(0.0297984900635436,0.0321200373948178,0.0496041586045418));
#6337=CARTESIAN_POINT('',(0.0297772744774851,0.0321180475246517,0.0495002193797047));
#6338=CARTESIAN_POINT('',(0.0297602802482453,0.0321164010347647,0.0494284039887363));
#6339=CARTESIAN_POINT('',(0.0297184304511452,0.0321123686630327,0.0492716591042033));
#6340=CARTESIAN_POINT('',(0.0296936695808738,0.0321099872213116,0.0491870189940654));
#6341=CARTESIAN_POINT('',(0.0296623542891641,0.0321071118054424,0.0490886093774614));
#6342=CARTESIAN_POINT('',(0.0296950792778194,0.0318177954724331,0.0508445170086831));
#6343=CARTESIAN_POINT('',(0.0297235544761794,0.0318209646154579,0.05074995637794));
#6344=CARTESIAN_POINT('',(0.0297458652872211,0.0318236063741789,0.0506685275428556));
#6345=CARTESIAN_POINT('',(0.0297832431823219,0.0318281115006705,0.0505176885598307));
#6346=CARTESIAN_POINT('',(0.0297982233889303,0.0318299700539934,0.0504485515792955));
#6347=CARTESIAN_POINT('',(0.029816657217888,0.0318322506269837,0.0503484362830716));
#6348=CARTESIAN_POINT('',(0.0298221350043519,0.0318329265071022,0.0503157085779384));
#6349=CARTESIAN_POINT('',(0.0298317475694468,0.0318341103531615,0.0502506131516209));
#6350=CARTESIAN_POINT('',(0.0298358823480778,0.0318346183191022,0.0502182454304366));
#6351=CARTESIAN_POINT('',(0.0298427995360512,0.0318354670443847,0.0501529418354165));
#6352=CARTESIAN_POINT('',(0.0298455857142018,0.0318358084319932,0.0501196892246145));
#6353=CARTESIAN_POINT('',(0.0298483547375537,0.0318361753321584,0.0500690045203791));
#6354=CARTESIAN_POINT('',(0.0298490427046921,0.0318362734353389,0.0500519753209619));
#6355=CARTESIAN_POINT('',(0.0298498816209909,0.0318364177948344,0.0500176642314344));
#6356=CARTESIAN_POINT('',(0.0298500325701514,0.0318364640511494,0.0500003823413239));
#6357=CARTESIAN_POINT('',(0.029849730513808,0.0318365012637975,0.0499655817757276));
#6358=CARTESIAN_POINT('',(0.0298492803020139,0.0318364920481356,0.0499482932582333));
#6359=CARTESIAN_POINT('',(0.0298478498043022,0.0318364214070072,0.0499139551723448));
#6360=CARTESIAN_POINT('',(0.0298468695183847,0.0318363599815407,0.0498969056039505));
#6361=CARTESIAN_POINT('',(0.0298432359891294,0.0318361025416851,0.0498461384501554));
#6362=CARTESIAN_POINT('',(0.0298398900742887,0.0318358333638398,0.0498128024161426));
#6363=CARTESIAN_POINT('',(0.0298318974655716,0.0318351273789368,0.0497472711664204));
#6364=CARTESIAN_POINT('',(0.0298272399548727,0.0318346904498544,0.0497147629172403));
#6365=CARTESIAN_POINT('',(0.0298166041765974,0.0318336498090121,0.0496493333316925));
#6366=CARTESIAN_POINT('',(0.0298106259090209,0.031833046097252,0.0496164119953247));
#6367=CARTESIAN_POINT('',(0.0297907124546796,0.0318309864238319,0.049515636597615));
#6368=CARTESIAN_POINT('',(0.029774778417979,0.0318292806783433,0.0494459535117405));
#6369=CARTESIAN_POINT('',(0.0297355084259088,0.0318251083179946,0.0492936741213784));
#6370=CARTESIAN_POINT('',(0.0297122631892377,0.0318226459566988,0.0492113550413498));
#6371=CARTESIAN_POINT('',(0.0296827957029912,0.0318196839938547,0.0491155777803281));
#6372=CARTESIAN_POINT('',(0.0297321422632505,0.0312421145629987,0.0507925751008284));
#6373=CARTESIAN_POINT('',(0.029757059374948,0.0312452678368501,0.0507039450055557));
#6374=CARTESIAN_POINT('',(0.0297765022494636,0.0312479095569798,0.0506274751483223));
#6375=CARTESIAN_POINT('',(0.029809030618329,0.0312524180515239,0.050485779327401));
#6376=CARTESIAN_POINT('',(0.0298220383802228,0.0312542805182746,0.0504207977766546));
#6377=CARTESIAN_POINT('',(0.0298380623078094,0.031256562146231,0.0503266571040556));
#6378=CARTESIAN_POINT('',(0.0298428278622484,0.0312572375516775,0.0502958756973301));
#6379=CARTESIAN_POINT('',(0.0298511969694158,0.0312584187062146,0.0502346592862484));
#6380=CARTESIAN_POINT('',(0.0298548005221442,0.0312589244553053,0.0502042242818923));
#6381=CARTESIAN_POINT('',(0.0298608351336924,0.0312597669151859,0.0501428494429707));
#6382=CARTESIAN_POINT('',(0.0298632695646038,0.0312601041881093,0.0501116262121723));
#6383=CARTESIAN_POINT('',(0.0298656859672403,0.0312604656129053,0.0500640574394842));
#6384=CARTESIAN_POINT('',(0.0298662855608307,0.0312605620070724,0.0500480788608398));
#6385=CARTESIAN_POINT('',(0.029867012844862,0.0312607035423663,0.0500158886931401));
#6386=CARTESIAN_POINT('',(0.0298671405353029,0.0312607486834931,0.0499996771040849));
#6387=CARTESIAN_POINT('',(0.0298668638577956,0.0312607846211957,0.0499670325473162));
#6388=CARTESIAN_POINT('',(0.029866462031683,0.0312607752552378,0.0499508146793429));
#6389=CARTESIAN_POINT('',(0.029865192831019,0.0312607049328404,0.0499185989817388));
#6390=CARTESIAN_POINT('',(0.0298643254564675,0.0312606439764011,0.049902601152108));
#6391=CARTESIAN_POINT('',(0.0298611171495736,0.031260388340067,0.0498549545470109));
#6392=CARTESIAN_POINT('',(0.0298581700339914,0.0312601208931563,0.0498236526553398));
#6393=CARTESIAN_POINT('',(0.0298511507244211,0.0312594165870572,0.0497620636356171));
#6394=CARTESIAN_POINT('',(0.0298470688522234,0.0312589796186888,0.0497314964249866));
#6395=CARTESIAN_POINT('',(0.0298377647297691,0.0312579370787918,0.0496699658070764));
#6396=CARTESIAN_POINT('',(0.0298325424795124,0.0312573315072629,0.0496390023997968));
#6397=CARTESIAN_POINT('',(0.0298151712468032,0.0312552634291518,0.0495442416903186));
#6398=CARTESIAN_POINT('',(0.0298012988513075,0.0312535484209664,0.049478748240859));
#6399=CARTESIAN_POINT('',(0.0297670667384649,0.0312493600247211,0.0493357029347452));
#6400=CARTESIAN_POINT('',(0.02974678819048,0.0312468904424819,0.0492583991210281));
#6401=CARTESIAN_POINT('',(0.0297209908188888,0.0312439349195559,0.0491686325618739));
#6402=CARTESIAN_POINT('',(0.0297493320937605,0.0309538330845637,0.0507671359215823));
#6403=CARTESIAN_POINT('',(0.0297725149095516,0.0309568997920899,0.0506817395339175));
#6404=CARTESIAN_POINT('',(0.0297905827914832,0.0309594737236694,0.0506078690151087));
#6405=CARTESIAN_POINT('',(0.0298207917357787,0.0309638678275838,0.0504708185615679));
#6406=CARTESIAN_POINT('',(0.0298328604002667,0.0309656839878788,0.0504078662663402));
#6407=CARTESIAN_POINT('',(0.0298477310088873,0.0309679077975209,0.0503165680941222));
#6408=CARTESIAN_POINT('',(0.029852154449226,0.030968565856542,0.0502866993660655));
#6409=CARTESIAN_POINT('',(0.0298599233313866,0.0309697161299745,0.0502272877685775));
#6410=CARTESIAN_POINT('',(0.0298632687732086,0.0309702083443862,0.0501977448991461));
#6411=CARTESIAN_POINT('',(0.029868870518222,0.0309710275057098,0.0501381828855017));
#6412=CARTESIAN_POINT('',(0.0298711299620869,0.0309713549761774,0.0501078997938169));
#6413=CARTESIAN_POINT('',(0.029873369797313,0.0309717057416012,0.0500617800409039));
#6414=CARTESIAN_POINT('',(0.0298739248539598,0.0309717992566962,0.0500462909373686));
#6415=CARTESIAN_POINT('',(0.0298745956591283,0.030971936594296,0.0500150906938207));
#6416=CARTESIAN_POINT('',(0.02987471140765,0.0309719804168008,0.0499993795538081));
#6417=CARTESIAN_POINT('',(0.0298744473986334,0.0309720154900558,0.0499677449059572));
#6418=CARTESIAN_POINT('',(0.0298740700360039,0.0309720065837912,0.0499520277138786));
#6419=CARTESIAN_POINT('',(0.0298728820165843,0.0309719387589236,0.0499208028901811));
#6420=CARTESIAN_POINT('',(0.0298720713597941,0.0309718798403207,0.0499052952585622));
#6421=CARTESIAN_POINT('',(0.0298690755813046,0.0309716323761739,0.0498591006495435));
#6422=CARTESIAN_POINT('',(0.0298663266514865,0.030971373122292,0.0498287419579818));
#6423=CARTESIAN_POINT('',(0.0298597846801852,0.0309706890465286,0.0497689743778864));
#6424=CARTESIAN_POINT('',(0.0298559826246835,0.03097026412296,0.0497393046281271));
#6425=CARTESIAN_POINT('',(0.0298473218429893,0.0309692495063902,0.0496795915945733));
#6426=CARTESIAN_POINT('',(0.0298424631167969,0.030968659813389,0.0496495483107789));
#6427=CARTESIAN_POINT('',(0.0298263101357008,0.0309666450831487,0.0495576557364253));
#6428=CARTESIAN_POINT('',(0.029813420886386,0.0309649733193668,0.0494942133827857));
#6429=CARTESIAN_POINT('',(0.0297816026664815,0.0309608925821582,0.0493558710094168));
#6430=CARTESIAN_POINT('',(0.0297627492948072,0.0309584871533683,0.04928120201007));
#6431=CARTESIAN_POINT('',(0.0297387445209593,0.0309556136568449,0.0491947189405531));
#6432=CARTESIAN_POINT('',(0.0297813228797469,0.0303766284540119,0.0507173119371309));
#6433=CARTESIAN_POINT('',(0.0298012676226713,0.0303794456599935,0.0506384035587677));
#6434=CARTESIAN_POINT('',(0.0298168075443659,0.030381818315506,0.0505696819505745));
#6435=CARTESIAN_POINT('',(0.0298427632096333,0.0303858712351493,0.0504417740908575));
#6436=CARTESIAN_POINT('',(0.029853117986574,0.0303875481207201,0.0503827795357585));
#6437=CARTESIAN_POINT('',(0.0298658746454484,0.0303895999354096,0.0502970016967893));
#6438=CARTESIAN_POINT('',(0.0298696690921535,0.0303902067858877,0.0502689010053779));
#6439=CARTESIAN_POINT('',(0.0298763298684335,0.0303912667998989,0.0502129852833217));
#6440=CARTESIAN_POINT('',(0.0298791961980085,0.0303917199634318,0.0501851702526768));
#6441=CARTESIAN_POINT('',(0.029883988168738,0.0303924730921103,0.0501291276697629));
#6442=CARTESIAN_POINT('',(0.02988591645467,0.0303927734981447,0.0501006778459388));
#6443=CARTESIAN_POINT('',(0.0298878209943528,0.0303930953243103,0.0500573921375649));
#6444=CARTESIAN_POINT('',(0.0298882911927111,0.0303931811358846,0.050042861739334));
#6445=CARTESIAN_POINT('',(0.0298888545696783,0.0303933074071662,0.0500136025896451));
#6446=CARTESIAN_POINT('',(0.0298889477482872,0.0303933478668736,0.049998873838187));
#6447=CARTESIAN_POINT('',(0.0298887093624109,0.0303933810101835,0.0499692232863629));
#6448=CARTESIAN_POINT('',(0.0298883798779917,0.0303933735485974,0.0499544889789419));
#6449=CARTESIAN_POINT('',(0.0298873491625013,0.0303933129915212,0.0499252073242574));
#6450=CARTESIAN_POINT('',(0.02988664793143,0.0303932598960311,0.049910659976994));
#6451=CARTESIAN_POINT('',(0.0298840598727028,0.0303930358075714,0.0498673059102031));
#6452=CARTESIAN_POINT('',(0.0298816886795336,0.0303928000126125,0.0498387871656752));
#6453=CARTESIAN_POINT('',(0.0298760453423056,0.0303921750780123,0.0497825577953546));
#6454=CARTESIAN_POINT('',(0.0298727656074944,0.0303917858527397,0.0497546274969509));
#6455=CARTESIAN_POINT('',(0.0298652984579437,0.0303908548326595,0.0496984381843331));
#6456=CARTESIAN_POINT('',(0.0298611110432041,0.0303903130378518,0.049670179170119));
#6457=CARTESIAN_POINT('',(0.0298471999577926,0.030388460218741,0.0495838628197761));
#6458=CARTESIAN_POINT('',(0.0298361108380602,0.0303869208189572,0.0495244258062173));
#6459=CARTESIAN_POINT('',(0.0298087299793101,0.0303831661038481,0.0493953512993605));
#6460=CARTESIAN_POINT('',(0.0297925019025369,0.0303809537734802,0.0493259083495425));
#6461=CARTESIAN_POINT('',(0.0297718485630387,0.0303783196359813,0.0492460212439951));
#6462=CARTESIAN_POINT('',(0.0297961238352235,0.0300877053018949,0.0506929271319256));
#6463=CARTESIAN_POINT('',(0.0298145529415066,0.030090355142215,0.0506173113828104));
#6464=CARTESIAN_POINT('',(0.0298289294700122,0.0300925904142584,0.0505511632454038));
#6465=CARTESIAN_POINT('',(0.0298529333342766,0.0300964098318222,0.0504277787799147));
#6466=CARTESIAN_POINT('',(0.0298625058000666,0.0300979909366387,0.0503707149786145));
#6467=CARTESIAN_POINT('',(0.029874292752219,0.0300999251794259,0.0502876075756246));
#6468=CARTESIAN_POINT('',(0.0298777976616721,0.0301004971732762,0.0502603579764482));
#6469=CARTESIAN_POINT('',(0.0298839459813613,0.0301014960962482,0.050206122088087));
#6470=CARTESIAN_POINT('',(0.0298865893915973,0.03010192302537,0.0501791357989023));
#6471=CARTESIAN_POINT('',(0.0298910013628306,0.0301026322616471,0.0501247841035424));
#6472=CARTESIAN_POINT('',(0.0298927723041276,0.0301029149656025,0.0500972186529676));
#6473=CARTESIAN_POINT('',(0.029894516916639,0.0301032180616701,0.0500553041689617));
#6474=CARTESIAN_POINT('',(0.0298949464875703,0.0301032989337149,0.0500412382896024));
#6475=CARTESIAN_POINT('',(0.0298954584907958,0.0301034181764178,0.0500129207775359));
#6476=CARTESIAN_POINT('',(0.0298955409230899,0.0301034565470757,0.0499986691448285));
#6477=CARTESIAN_POINT('',(0.0298953154435484,0.0301034886055728,0.049969983142099));
#6478=CARTESIAN_POINT('',(0.0298950094438624,0.0301034821545308,0.0499557262261874));
#6479=CARTESIAN_POINT('',(0.0298940551799624,0.030103426489493,0.0499273873485561));
#6480=CARTESIAN_POINT('',(0.0298934069157482,0.0301033772754973,0.0499133053868365));
#6481=CARTESIAN_POINT('',(0.0298910151092667,0.0301031687855196,0.0498713261078935));
#6482=CARTESIAN_POINT('',(0.0298888245531602,0.0301029486615476,0.0498436953968864));
#6483=CARTESIAN_POINT('',(0.0298836054464598,0.0301023637333134,0.0497891671910657));
#6484=CARTESIAN_POINT('',(0.0298805700641887,0.0301019988519829,0.0497620719909021));
#6485=CARTESIAN_POINT('',(0.0298736576700098,0.0301011251731203,0.0497075777550985));
#6486=CARTESIAN_POINT('',(0.029869780658102,0.0301006163755882,0.0496801787194584));
#6487=CARTESIAN_POINT('',(0.0298569022202313,0.0300988754860274,0.0495965633978682));
#6488=CARTESIAN_POINT('',(0.0298466376290671,0.0300974280279814,0.0495390831783887));
#6489=CARTESIAN_POINT('',(0.0298212984508106,0.0300938984906074,0.0494146004465944));
#6490=CARTESIAN_POINT('',(0.0298062811597384,0.0300918190977411,0.0493477730234116));
#6491=CARTESIAN_POINT('',(0.0297871989030475,0.0300893468778288,0.0492712371687579));
#6492=CARTESIAN_POINT('',(0.0298236313205207,0.0295094576977324,0.0506452027202343));
#6493=CARTESIAN_POINT('',(0.0298392500924206,0.0295117228591394,0.0505761349748499));
#6494=CARTESIAN_POINT('',(0.0298514934691504,0.0295136396152446,0.0505150804251925));
#6495=CARTESIAN_POINT('',(0.0298719260611787,0.0295169169292871,0.0504006119715004));
#6496=CARTESIAN_POINT('',(0.0298800725998348,0.0295182751222324,0.050347332254963));
#6497=CARTESIAN_POINT('',(0.0298900867285883,0.0295199364957424,0.0502694376347512));
#6498=CARTESIAN_POINT('',(0.0298930611847683,0.0295204277511912,0.050243845531163));
#6499=CARTESIAN_POINT('',(0.0298982679748129,0.0295212855419993,0.0501928769635912));
#6500=CARTESIAN_POINT('',(0.0299005003086776,0.0295216520773586,0.0501675004996076));
#6501=CARTESIAN_POINT('',(0.0299042079052523,0.029522260779341,0.0501164333112175));
#6502=CARTESIAN_POINT('',(0.0299056850193068,0.0295225032545862,0.0500905869967225));
#6503=CARTESIAN_POINT('',(0.0299071306142904,0.029522763979057,0.0500513398434036));
#6504=CARTESIAN_POINT('',(0.0299074841332687,0.0295228337224811,0.050038177845368));
#6505=CARTESIAN_POINT('',(0.0299079003042344,0.0295229371840673,0.0500116931885836));
#6506=CARTESIAN_POINT('',(0.0299079629562219,0.0295229709022293,0.0499983705298348));
#6507=CARTESIAN_POINT('',(0.0299077632182481,0.0295230006174948,0.0499715631181031));
#6508=CARTESIAN_POINT('',(0.0299075024046041,0.0295229964883321,0.0499582357415619));
#6509=CARTESIAN_POINT('',(0.029906693976119,0.029522951984164,0.0499317320776516));
#6510=CARTESIAN_POINT('',(0.0299061463612779,0.0295229116091585,0.0499185557902825));
#6511=CARTESIAN_POINT('',(0.0299041259471347,0.0295227387070011,0.049879251207718));
#6512=CARTESIAN_POINT('',(0.0299022755782126,0.0295225544027076,0.0498533471920652));
#6513=CARTESIAN_POINT('',(0.0298978486929857,0.0295220615437306,0.0498021246837236));
#6514=CARTESIAN_POINT('',(0.0298952668631542,0.0295217529291051,0.0497766524202071));
#6515=CARTESIAN_POINT('',(0.0298893795673827,0.0295210121916183,0.0497254569463572));
#6516=CARTESIAN_POINT('',(0.0298860741014427,0.0295205800687569,0.0496997337360239));
#6517=CARTESIAN_POINT('',(0.029875091956952,0.0295190997308759,0.0496213942926109));
#6518=CARTESIAN_POINT('',(0.0298663354583029,0.0295178668209867,0.0495677518299988));
#6519=CARTESIAN_POINT('',(0.0298447407873105,0.0295148613758255,0.0494523256913753));
#6520=CARTESIAN_POINT('',(0.0298319471785382,0.0295130909300234,0.0493906781958001));
#6521=CARTESIAN_POINT('',(0.0298157805706984,0.0295109918217641,0.0493208101346384));
#6522=CARTESIAN_POINT('',(0.0298363313429995,0.0292201309386177,0.050621864438601));
#6523=CARTESIAN_POINT('',(0.0298506552171476,0.0292221754250619,0.0505560518854062));
#6524=CARTESIAN_POINT('',(0.0298619286445898,0.0292239081528093,0.0504975173569573));
#6525=CARTESIAN_POINT('',(0.029880741413808,0.0292268719706622,0.0503874414588313));
#6526=CARTESIAN_POINT('',(0.0298882441756048,0.0292281010336319,0.0503360151070091));
#6527=CARTESIAN_POINT('',(0.0298974549771403,0.0292296047582904,0.0502606629486725));
#6528=CARTESIAN_POINT('',(0.0299001884522475,0.0292300494559419,0.0502358772975382));
#6529=CARTESIAN_POINT('',(0.0299049660507942,0.0292308260648551,0.0501864963312982));
#6530=CARTESIAN_POINT('',(0.0299070101742338,0.0292311579761168,0.0501619010161926));
#6531=CARTESIAN_POINT('',(0.0299103933019203,0.0292317093136631,0.0501124275880828));
#6532=CARTESIAN_POINT('',(0.0299117338930339,0.0292319290044811,0.0500874161121455));
#6533=CARTESIAN_POINT('',(0.0299130403480069,0.0292321658527266,0.0500494651825944));
#6534=CARTESIAN_POINT('',(0.029913358427715,0.0292322293541448,0.0500367425868031));
#6535=CARTESIAN_POINT('',(0.0299137301144651,0.0292323240074794,0.0500111492278685));
#6536=CARTESIAN_POINT('',(0.029913783721507,0.0292323551593956,0.0499982784647251));
#6537=CARTESIAN_POINT('',(0.0299135968008241,0.029232383660218,0.0499723851756161));
#6538=CARTESIAN_POINT('',(0.0299133576815004,0.0292323808891653,0.0499595099872576));
#6539=CARTESIAN_POINT('',(0.0299126186270035,0.0292323427964117,0.0499338988399022));
#6540=CARTESIAN_POINT('',(0.0299121186918303,0.0292323074747107,0.0499211628809052));
#6541=CARTESIAN_POINT('',(0.0299102734157091,0.0292321549220547,0.0498831583234109));
#6542=CARTESIAN_POINT('',(0.0299085826041594,0.0292319911035465,0.0498580930444101));
#6543=CARTESIAN_POINT('',(0.0299045237430428,0.0292315511712916,0.0498084752074885));
#6544=CARTESIAN_POINT('',(0.0299021511390242,0.0292312750061661,0.0497837908460011));
#6545=CARTESIAN_POINT('',(0.0298967342581794,0.0292306111076274,0.0497341991678928));
#6546=CARTESIAN_POINT('',(0.029893689981353,0.0292302233742142,0.0497092918512719));
#6547=CARTESIAN_POINT('',(0.029883571652831,0.0292288940661066,0.0496335273650889));
#6548=CARTESIAN_POINT('',(0.029875498874478,0.0292277857297112,0.0495817658929568));
#6549=CARTESIAN_POINT('',(0.0298556074400198,0.0292250838225202,0.0494708044958967));
#6550=CARTESIAN_POINT('',(0.0298438269812611,0.0292234920426991,0.0494117212970568));
#6551=CARTESIAN_POINT('',(0.0298290052470163,0.0292216071122886,0.0493451695865055));
#6552=CARTESIAN_POINT('',(0.029859818144766,0.0286413360967522,0.0505762138358632));
#6553=CARTESIAN_POINT('',(0.0298717883876797,0.028642928693658,0.0505166789681736));
#6554=CARTESIAN_POINT('',(0.0298813089117164,0.0286442827556131,0.0504630418195371));
#6555=CARTESIAN_POINT('',(0.0298971984866358,0.0286466007022655,0.0503615439525372));
#6556=CARTESIAN_POINT('',(0.0299035423887827,0.0286475631933067,0.050313762308949));
#6557=CARTESIAN_POINT('',(0.0299113058162181,0.0286487416185853,0.0502434304948927));
#6558=CARTESIAN_POINT('',(0.0299136048285402,0.0286490902797815,0.0502202411438931));
#6559=CARTESIAN_POINT('',(0.0299176079034201,0.0286496995325723,0.0501740050471367));
#6560=CARTESIAN_POINT('',(0.0299193119659779,0.028649960124167,0.0501509583013799));
#6561=CARTESIAN_POINT('',(0.0299221077852108,0.028650393462614,0.0501046408463139));
#6562=CARTESIAN_POINT('',(0.0299232006328568,0.0286505663913329,0.0500812784499881));
#6563=CARTESIAN_POINT('',(0.0299242550682467,0.0286507541911615,0.0500458835540799));
#6564=CARTESIAN_POINT('',(0.0299245090740302,0.0286508048588961,0.0500340267052072));
#6565=CARTESIAN_POINT('',(0.0299248009330504,0.0286508813328666,0.0500101882739503));
#6566=CARTESIAN_POINT('',(0.0299248387862871,0.0286509071391025,0.0499982066915661));
#6567=CARTESIAN_POINT('',(0.0299246771330264,0.0286509328929934,0.0499741111602477));
#6568=CARTESIAN_POINT('',(0.0299244787200873,0.0286509327325159,0.0499621257261061));
#6569=CARTESIAN_POINT('',(0.0299238686182577,0.0286509073896263,0.0499382718910014));
#6570=CARTESIAN_POINT('',(0.0299234569293673,0.028650882207214,0.0499264034900384));
#6571=CARTESIAN_POINT('',(0.0299219347937688,0.0286507707064415,0.0498909623921326));
#6572=CARTESIAN_POINT('',(0.0299205372781334,0.0286506484345455,0.0498675538001731));
#6573=CARTESIAN_POINT('',(0.0299171519030543,0.0286503164379465,0.0498211131906908));
#6574=CARTESIAN_POINT('',(0.0299151609124251,0.0286501066779206,0.0497979905582161));
#6575=CARTESIAN_POINT('',(0.0299105998251381,0.028649600420591,0.0497515753081227));
#6576=CARTESIAN_POINT('',(0.0299080297284804,0.0286493039232874,0.049728282690504));
#6577=CARTESIAN_POINT('',(0.0298994770296903,0.0286482855047232,0.0496576018654172));
#6578=CARTESIAN_POINT('',(0.0298926403741517,0.0286474341374891,0.04960953888985));
#6579=CARTESIAN_POINT('',(0.0298758307023798,0.0286453581311502,0.0495072956487127));
#6580=CARTESIAN_POINT('',(0.0298658839468223,0.0286441347233404,0.0494531956323282));
#6581=CARTESIAN_POINT('',(0.0298535076330946,0.0286426898077485,0.0493930394633557));
#6582=CARTESIAN_POINT('',(0.0298706049240538,0.0283518680140013,0.0505539015147587));
#6583=CARTESIAN_POINT('',(0.0298815150272461,0.0283532278719936,0.0504973964982295));
#6584=CARTESIAN_POINT('',(0.0298902513413674,0.0283543860211052,0.0504461412069198));
#6585=CARTESIAN_POINT('',(0.0299048353530898,0.0283563694959962,0.0503488335492251));
#6586=CARTESIAN_POINT('',(0.0299106632365354,0.0283571937237435,0.0503028434841781));
#6587=CARTESIAN_POINT('',(0.0299177814673898,0.0283582035741903,0.0502349877981926));
#6588=CARTESIAN_POINT('',(0.029919886657128,0.0283585024999117,0.0502125873589511));
#6589=CARTESIAN_POINT('',(0.029923543805194,0.0283590251619379,0.0501679061380298));
#6590=CARTESIAN_POINT('',(0.0299250957635217,0.0283592488982425,0.0501456253563499));
#6591=CARTESIAN_POINT('',(0.0299276283251159,0.0283596213742066,0.050100866862606));
#6592=CARTESIAN_POINT('',(0.0299286097879351,0.0283597702571549,0.0500783169122866));
#6593=CARTESIAN_POINT('',(0.0299295511661896,0.0283599328472551,0.0500441790160561));
#6594=CARTESIAN_POINT('',(0.029929776489612,0.028359976921568,0.0500327475555208));
#6595=CARTESIAN_POINT('',(0.0299300329329641,0.0283600440417913,0.0500097708249363));
#6596=CARTESIAN_POINT('',(0.0299300640528938,0.0283600670877015,0.0499982255548873));
#6597=CARTESIAN_POINT('',(0.0299299148244259,0.0283600913674906,0.0499750117193454));
#6598=CARTESIAN_POINT('',(0.0299297354226598,0.028360092498756,0.049963462884665));
#6599=CARTESIAN_POINT('',(0.0299291849215801,0.0283600735923554,0.0499404719410833));
#6600=CARTESIAN_POINT('',(0.0299288138222664,0.0283600535546896,0.0499290298321821));
#6601=CARTESIAN_POINT('',(0.0299274397942793,0.0283599629607855,0.0498948494335448));
#6602=CARTESIAN_POINT('',(0.0299261761355595,0.0283598619236411,0.0498722570718748));
#6603=CARTESIAN_POINT('',(0.0299230965581308,0.0283595853535521,0.0498273859668311));
#6604=CARTESIAN_POINT('',(0.0299212781724272,0.0283594097927774,0.0498050358298587));
#6605=CARTESIAN_POINT('',(0.0299171029998212,0.0283589848892651,0.0497601911195125));
#6606=CARTESIAN_POINT('',(0.0299147462129187,0.0283587355465275,0.0497376965461388));
#6607=CARTESIAN_POINT('',(0.0299068964395827,0.0283578779996168,0.0496695232701654));
#6608=CARTESIAN_POINT('',(0.0299006131351427,0.0283571598201981,0.0496232785353564));
#6609=CARTESIAN_POINT('',(0.0298851843205932,0.0283554079523648,0.0495252946414864));
#6610=CARTESIAN_POINT('',(0.0298760595007133,0.0283543752340612,0.0494736187090565));
#6611=CARTESIAN_POINT('',(0.0298647853428549,0.028353157212684,0.0494165498883389));
#6612=CARTESIAN_POINT('',(0.0298904594365875,0.0277730551152937,0.0505102809451828));
#6613=CARTESIAN_POINT('',(0.029899495673491,0.0277739797254846,0.0504593458940089));
#6614=CARTESIAN_POINT('',(0.0299068395866245,0.0277747703929498,0.0504125846177396));
#6615=CARTESIAN_POINT('',(0.029919105638196,0.0277761263299996,0.0503233341369909));
#6616=CARTESIAN_POINT('',(0.0299240171074735,0.0277766910083364,0.0502808784793858));
#6617=CARTESIAN_POINT('',(0.0299299932525419,0.0277773847864578,0.0502179883832436));
#6618=CARTESIAN_POINT('',(0.0299317561104113,0.0277775905395711,0.0501971849811058));
#6619=CARTESIAN_POINT('',(0.0299348039238683,0.0277779511501588,0.0501556650101237));
#6620=CARTESIAN_POINT('',(0.029936088879456,0.0277781060076332,0.0501349484412794));
#6621=CARTESIAN_POINT('',(0.029938161367042,0.0277783649438249,0.0500933690436921));
#6622=CARTESIAN_POINT('',(0.0299389493618764,0.0277784690996978,0.050072467317427));
#6623=CARTESIAN_POINT('',(0.0299396958801792,0.027778584843261,0.0500408690729014));
#6624=CARTESIAN_POINT('',(0.0299398721406221,0.0277786166760744,0.0500302953822049));
#6625=CARTESIAN_POINT('',(0.029940068986773,0.0277786664246337,0.0500090531801158));
#6626=CARTESIAN_POINT('',(0.0299400895724812,0.0277786843403797,0.0499983846687232));
#6627=CARTESIAN_POINT('',(0.0299399645524111,0.0277787058344857,0.0499769398895885));
#6628=CARTESIAN_POINT('',(0.0299398196413899,0.0277787093196932,0.049966268294407));
#6629=CARTESIAN_POINT('',(0.0299393759946856,0.0277787022614191,0.0499450138752842));
#6630=CARTESIAN_POINT('',(0.0299390772590024,0.0277786917179372,0.0499344310513429));
#6631=CARTESIAN_POINT('',(0.0299379667809247,0.0277786397869601,0.0499027965100821));
#6632=CARTESIAN_POINT('',(0.0299369407675021,0.027778578098933,0.0498818587233257));
#6633=CARTESIAN_POINT('',(0.0299344051697285,0.0277784045481387,0.0498401844243958));
#6634=CARTESIAN_POINT('',(0.0299328942569958,0.0277782926703863,0.0498194094695154));
#6635=CARTESIAN_POINT('',(0.0299294071306664,0.0277780194301951,0.0497777523155946));
#6636=CARTESIAN_POINT('',(0.0299274309170697,0.0277778580677562,0.0497568701165542));
#6637=CARTESIAN_POINT('',(0.0299208357152247,0.0277773008334473,0.0496937152031992));
#6638=CARTESIAN_POINT('',(0.0299155405277643,0.0277768314656469,0.0496510496725986));
#6639=CARTESIAN_POINT('',(0.0299025702270752,0.0277756843451918,0.0495612392941565));
#6640=CARTESIAN_POINT('',(0.0298949062547393,0.0277750071149045,0.0495141284914241));
#6641=CARTESIAN_POINT('',(0.0298855791442753,0.0277742106142631,0.0494627267466836));
#6642=CARTESIAN_POINT('',(0.0298995271698334,0.027483710299337,0.0504889726967113));
#6643=CARTESIAN_POINT('',(0.0299077550347023,0.0274844349204864,0.0504405445731284));
#6644=CARTESIAN_POINT('',(0.029914495499284,0.0274850562665722,0.0503958749614889));
#6645=CARTESIAN_POINT('',(0.0299257573719411,0.0274861230556259,0.0503104694403576));
#6646=CARTESIAN_POINT('',(0.0299302719212703,0.027486568118506,0.0502697550967134));
#6647=CARTESIAN_POINT('',(0.0299357554079256,0.0274871164486118,0.0502093616168704));
#6648=CARTESIAN_POINT('',(0.0299373710030263,0.0274872793716656,0.0501893702960763));
#6649=CARTESIAN_POINT('',(0.0299401575688536,0.0274875655795671,0.0501494669523948));
#6650=CARTESIAN_POINT('',(0.0299413285395803,0.0274876888644148,0.0501295549295075));
#6651=CARTESIAN_POINT('',(0.0299432056998548,0.0274878958649938,0.0500896098012395));
#6652=CARTESIAN_POINT('',(0.02994391218694,0.0274879796303252,0.0500695516903088));
#6653=CARTESIAN_POINT('',(0.0299445775078312,0.0274880740501198,0.0500392484079719));
#6654=CARTESIAN_POINT('',(0.0299447335465054,0.0274881003186842,0.0500291112945361));
#6655=CARTESIAN_POINT('',(0.0299449064422487,0.0274881421754514,0.0500087503963934));
#6656=CARTESIAN_POINT('',(0.0299449232993177,0.0274881577636541,0.0499985266116864));
#6657=CARTESIAN_POINT('',(0.0299448101201572,0.0274881779887369,0.0499779777383768));
#6658=CARTESIAN_POINT('',(0.0299446806737372,0.0274881825364067,0.0499677510480634));
#6659=CARTESIAN_POINT('',(0.0299442841627994,0.0274881808477642,0.049947378675864));
#6660=CARTESIAN_POINT('',(0.0299440170982815,0.0274881746114519,0.0499372329939782));
#6661=CARTESIAN_POINT('',(0.029943021620953,0.0274881402451832,0.0499068957345795));
#6662=CARTESIAN_POINT('',(0.0299420989243675,0.0274880964578952,0.0498868039433256));
#6663=CARTESIAN_POINT('',(0.0299398002057809,0.0274879698965231,0.0498467705834687));
#6664=CARTESIAN_POINT('',(0.0299384233298201,0.0274878871128054,0.0498268043016969));
#6665=CARTESIAN_POINT('',(0.0299352363074382,0.0274876832225462,0.04978677367202));
#6666=CARTESIAN_POINT('',(0.0299334261610169,0.0274875621160047,0.049766709324115));
#6667=CARTESIAN_POINT('',(0.029927378460374,0.0274871423370033,0.0497060708875301));
#6668=CARTESIAN_POINT('',(0.0299225145346238,0.0274867869010669,0.0496651635627221));
#6669=CARTESIAN_POINT('',(0.0299106133573576,0.0274859162373308,0.0495792423618943));
#6670=CARTESIAN_POINT('',(0.0299035832678441,0.027485401345339,0.0495342503720159));
#6671=CARTESIAN_POINT('',(0.0298950952359354,0.0274847966109068,0.0494853931800452));
#6672=CARTESIAN_POINT('',(0.0299161377874319,0.0269054085246483,0.0504473383845057));
#6673=CARTESIAN_POINT('',(0.0299229698325654,0.0269057952394605,0.0504032741196792));
#6674=CARTESIAN_POINT('',(0.0299286368143738,0.0269061292134944,0.0503624512777832));
#6675=CARTESIAN_POINT('',(0.0299381054413053,0.0269067053076679,0.0502843618018716));
#6676=CARTESIAN_POINT('',(0.0299419055622624,0.0269069473433437,0.0502470999602666));
#6677=CARTESIAN_POINT('',(0.0299465129218771,0.0269072494333766,0.050191771653132));
#6678=CARTESIAN_POINT('',(0.0299478688315818,0.0269073399793129,0.0501734485355404));
#6679=CARTESIAN_POINT('',(0.0299501997290958,0.0269075007165639,0.050136882978893));
#6680=CARTESIAN_POINT('',(0.0299511747169052,0.0269075709078785,0.0501186405398372));
#6681=CARTESIAN_POINT('',(0.0299527226024005,0.0269076908827471,0.0500820777158908));
#6682=CARTESIAN_POINT('',(0.029953295566206,0.0269077406773234,0.0500637517742112));
#6683=CARTESIAN_POINT('',(0.0299538307445396,0.0269077996672503,0.0500360909854221));
#6684=CARTESIAN_POINT('',(0.0299539550927552,0.0269078167135697,0.0500268420764474));
#6685=CARTESIAN_POINT('',(0.0299540919002345,0.0269078455034542,0.0500082694527897));
#6686=CARTESIAN_POINT('',(0.0299541043594983,0.0269078572470193,0.0499989457381066));
#6687=CARTESIAN_POINT('',(0.0299540135892476,0.0269078753626203,0.0499802059894138));
#6688=CARTESIAN_POINT('',(0.0299539108026158,0.0269078816509649,0.0499708795697129));
#6689=CARTESIAN_POINT('',(0.0299535944722849,0.0269078888186516,0.0499522963166994));
#6690=CARTESIAN_POINT('',(0.0299533809285858,0.0269078896979936,0.0499430394833867));
#6691=CARTESIAN_POINT('',(0.0299525802308055,0.0269078844173803,0.0499153473786771));
#6692=CARTESIAN_POINT('',(0.0299518330100414,0.0269078703387853,0.0498969905025083));
#6693=CARTESIAN_POINT('',(0.0299499440915883,0.0269078221044984,0.0498603472208911));
#6694=CARTESIAN_POINT('',(0.0299488022041304,0.0269077879466658,0.0498420553236273));
#6695=CARTESIAN_POINT('',(0.0299461463843652,0.0269077001260422,0.0498053739910993));
#6696=CARTESIAN_POINT('',(0.0299446324520577,0.0269076464632511,0.049786984555835));
#6697=CARTESIAN_POINT('',(0.0299395668052796,0.0269074570820707,0.0497314344054064));
#6698=CARTESIAN_POINT('',(0.0299354828700157,0.0269072927295465,0.0496939993218588));
#6699=CARTESIAN_POINT('',(0.0299254949851842,0.0269068843640139,0.0496154466890232));
#6700=CARTESIAN_POINT('',(0.0299195926271725,0.0269066404256296,0.0495743340033221));
#6701=CARTESIAN_POINT('',(0.0299125511496129,0.0269063536731995,0.0495298870904093));
#6702=CARTESIAN_POINT('',(0.0299236806717846,0.0266164515659164,0.0504270123207715));
#6703=CARTESIAN_POINT('',(0.0299299137634179,0.026616695469999,0.0503848634526453));
#6704=CARTESIAN_POINT('',(0.0299351005301145,0.0266169070427136,0.0503458318642723));
#6705=CARTESIAN_POINT('',(0.029943762463259,0.0266172740259537,0.0502712523932312));
#6706=CARTESIAN_POINT('',(0.0299472376297067,0.0266174294364791,0.0502357045105631));
#6707=CARTESIAN_POINT('',(0.0299514524664099,0.0266176268060348,0.0501829323254879));
#6708=CARTESIAN_POINT('',(0.0299526932878666,0.0266176866440538,0.0501654584198655));
#6709=CARTESIAN_POINT('',(0.0299548251490268,0.0266177942953086,0.0501305960800472));
#6710=CARTESIAN_POINT('',(0.0299557161887305,0.0266178421085445,0.0501132076458512));
#6711=CARTESIAN_POINT('',(0.0299571269528542,0.0266179255891159,0.0500783680748403));
#6712=CARTESIAN_POINT('',(0.0299576466772742,0.0266179612564514,0.0500609169380253));
#6713=CARTESIAN_POINT('',(0.0299581316272937,0.0266180055571914,0.0500345820753042));
#6714=CARTESIAN_POINT('',(0.0299582441711984,0.0266180187907275,0.0500257774281474));
#6715=CARTESIAN_POINT('',(0.0299583683551129,0.0266180421759058,0.050008096892912));
#6716=CARTESIAN_POINT('',(0.0299583799951227,0.0266180523275479,0.0499992210048333));
#6717=CARTESIAN_POINT('',(0.0299582996795561,0.0266180695337985,0.0499813794659985));
#6718=CARTESIAN_POINT('',(0.0299582081248836,0.0266180765062924,0.0499725009198425));
#6719=CARTESIAN_POINT('',(0.0299579251011259,0.0266180872541233,0.0499548099551124));
#6720=CARTESIAN_POINT('',(0.0299577336320407,0.0266180910294602,0.0499459975365383));
#6721=CARTESIAN_POINT('',(0.0299570136722153,0.0266180976558938,0.0499196319937771));
#6722=CARTESIAN_POINT('',(0.029956339628905,0.0266180958074132,0.0499021505825511));
#6723=CARTESIAN_POINT('',(0.0299546264370259,0.0266180800910906,0.0498672324431333));
#6724=CARTESIAN_POINT('',(0.0299535872884569,0.0266180662232486,0.0498497957149417));
#6725=CARTESIAN_POINT('',(0.0299511669209879,0.0266180269810479,0.0498148203900638));
#6726=CARTESIAN_POINT('',(0.0299497857020878,0.026618001606689,0.0497972817933777));
#6727=CARTESIAN_POINT('',(0.0299451634922829,0.0266179089931039,0.0497442933732846));
#6728=CARTESIAN_POINT('',(0.0299414357885386,0.0266178250399768,0.049708577058813));
#6729=CARTESIAN_POINT('',(0.0299323103229319,0.0266176104588833,0.049633547446222));
#6730=CARTESIAN_POINT('',(0.0299269125610696,0.026617479830917,0.0495942341481026));
#6731=CARTESIAN_POINT('',(0.0299204909716303,0.0266173247388486,0.0495517145674118));
#6732=CARTESIAN_POINT('',(0.0299373600959311,0.0260423666990858,0.0503875389096893));
#6733=CARTESIAN_POINT('',(0.0299424968230736,0.0260423673714638,0.0503491686004059));
#6734=CARTESIAN_POINT('',(0.0299467307589606,0.0260423662742096,0.0503137774505729));
#6735=CARTESIAN_POINT('',(0.0299537720816368,0.026042368359937,0.0502462725085477));
#6736=CARTESIAN_POINT('',(0.0299565794684259,0.0260423715429186,0.0502141587163554));
#6737=CARTESIAN_POINT('',(0.029960004911846,0.0260423853921928,0.0501664353253527));
#6738=CARTESIAN_POINT('',(0.0299610179815758,0.026042391526957,0.0501506272941476));
#6739=CARTESIAN_POINT('',(0.0299627648459907,0.0260424066269162,0.050119071325851));
#6740=CARTESIAN_POINT('',(0.0299634986406761,0.0260424155921111,0.0501033233887596));
#6741=CARTESIAN_POINT('',(0.0299646651694454,0.026042436146684,0.0500717481712126));
#6742=CARTESIAN_POINT('',(0.0299650979035294,0.0260424477360619,0.0500559208907571));
#6743=CARTESIAN_POINT('',(0.0299655048700364,0.0260424669335798,0.0500320158844423));
#6744=CARTESIAN_POINT('',(0.0299656001697691,0.0260424736349943,0.0500240202013989));
#6745=CARTESIAN_POINT('',(0.0299657073345,0.0260424876165261,0.0500079567104167));
#6746=CARTESIAN_POINT('',(0.0299657191994982,0.0260424948966432,0.049999888902478));
#6747=CARTESIAN_POINT('',(0.0299656567715661,0.0260425100097994,0.0499836637320206));
#6748=CARTESIAN_POINT('',(0.0299655828795394,0.0260425177607238,0.0499755934741023));
#6749=CARTESIAN_POINT('',(0.0299653525872275,0.0260425337047298,0.0499595203860159));
#6750=CARTESIAN_POINT('',(0.0299651961869422,0.0260425418978114,0.0499515175558479));
#6751=CARTESIAN_POINT('',(0.0299646074954927,0.0260425672204878,0.0499275843666645));
#6752=CARTESIAN_POINT('',(0.0299640557137346,0.0260425850935146,0.0499117293089696));
#6753=CARTESIAN_POINT('',(0.0299626562915363,0.0260426232497669,0.0498800821821399));
#6754=CARTESIAN_POINT('',(0.0299618086510961,0.0260426435329924,0.0498642901130052));
#6755=CARTESIAN_POINT('',(0.0299598402944348,0.0260426869373559,0.0498326311483352));
#6756=CARTESIAN_POINT('',(0.0299587195782139,0.0260427100584938,0.0498167642527998));
#6757=CARTESIAN_POINT('',(0.0299549819902317,0.0260427843203472,0.0497688446041513));
#6758=CARTESIAN_POINT('',(0.0299519815194169,0.0260428401361095,0.0497365790279658));
#6759=CARTESIAN_POINT('',(0.0299445834735538,0.0260429614489431,0.0496686638991349));
#6760=CARTESIAN_POINT('',(0.0299401858985055,0.0260430269460145,0.0496330143464896));
#6761=CARTESIAN_POINT('',(0.0299348999647168,0.0260430958165347,0.0495942999611378));
#6762=CARTESIAN_POINT('',(0.0299435209652579,0.0257566533460187,0.0503683705656632));
#6763=CARTESIAN_POINT('',(0.0299481924645928,0.0257565666589209,0.0503316219891245));
#6764=CARTESIAN_POINT('',(0.0299520262469532,0.0257564901230748,0.0502978545084128));
#6765=CARTESIAN_POINT('',(0.0299583905082949,0.0257563640756375,0.0502336183423646));
#6766=CARTESIAN_POINT('',(0.029960920987276,0.0257563145640463,0.0502031496570281));
#6767=CARTESIAN_POINT('',(0.02996401832614,0.0257562656061644,0.0501579231783451));
#6768=CARTESIAN_POINT('',(0.0299649365362512,0.0257562535109018,0.0501429519325821));
#6769=CARTESIAN_POINT('',(0.0299665229164063,0.0257562374434683,0.0501130776359216));
#6770=CARTESIAN_POINT('',(0.0299671910864503,0.0257562334712973,0.050098174585024));
#6771=CARTESIAN_POINT('',(0.0299682558187575,0.0257562333250754,0.0500682963786974));
#6772=CARTESIAN_POINT('',(0.0299686523810207,0.0257562371510244,0.0500533212232684));
#6773=CARTESIAN_POINT('',(0.0299690273427948,0.0257562484948093,0.0500306991871782));
#6774=CARTESIAN_POINT('',(0.029969115683116,0.0257562532102145,0.0500231319579904));
#6775=CARTESIAN_POINT('',(0.0299692163739208,0.0257562644686906,0.050007926861208));
#6776=CARTESIAN_POINT('',(0.0299692287244042,0.0257562710117615,0.0500002889936135));
#6777=CARTESIAN_POINT('',(0.0299691747395692,0.0257562858849476,0.0499849250825929));
#6778=CARTESIAN_POINT('',(0.0299691087988904,0.0257562941342314,0.0499772847827577));
#6779=CARTESIAN_POINT('',(0.0299689018090556,0.0257563122955659,0.0499620701566587));
#6780=CARTESIAN_POINT('',(0.0299687607598996,0.0257563222076167,0.0499544958303948));
#6781=CARTESIAN_POINT('',(0.0299682291317836,0.0257563544939979,0.0499318458052917));
#6782=CARTESIAN_POINT('',(0.0299677300721758,0.0257563794185572,0.0499168430601409));
#6783=CARTESIAN_POINT('',(0.0299664649755952,0.0257564363673708,0.0498868934107763));
#6784=CARTESIAN_POINT('',(0.0299656989386225,0.0257564683916251,0.0498719465065627));
#6785=CARTESIAN_POINT('',(0.0299639221916747,0.0257565398389132,0.0498419698368404));
#6786=CARTESIAN_POINT('',(0.0299629114816997,0.0257565792619471,0.0498269400713318));
#6787=CARTESIAN_POINT('',(0.029959545798815,0.025756709077845,0.0497815184295155));
#6788=CARTESIAN_POINT('',(0.0299568492407075,0.0257568107976034,0.049750898688466));
#6789=CARTESIAN_POINT('',(0.0299501759232194,0.0257570407246434,0.0496862548007544));
#6790=CARTESIAN_POINT('',(0.029946199163839,0.0257571689319249,0.0496522306540922));
#6791=CARTESIAN_POINT('',(0.0299413949727036,0.0257573084509032,0.0496151407483227));
#6792=CARTESIAN_POINT('',(0.0299546824358692,0.0251848341199314,0.0503308410256931));
#6793=CARTESIAN_POINT('',(0.0299584883088129,0.0251846079761223,0.0502973997283563));
#6794=CARTESIAN_POINT('',(0.0299615833799155,0.0251844089484809,0.050266872180097));
#6795=CARTESIAN_POINT('',(0.0299667018109327,0.0251840714250621,0.0502090798123826));
#6796=CARTESIAN_POINT('',(0.0299687251708473,0.0251839329292844,0.0501818149929274));
#6797=CARTESIAN_POINT('',(0.0299712188466995,0.0251837753091618,0.0501414412333341));
#6798=CARTESIAN_POINT('',(0.0299719618850478,0.0251837311285044,0.0501280940016319));
#6799=CARTESIAN_POINT('',(0.0299732510228463,0.0251836591729401,0.0501014822421246));
#6800=CARTESIAN_POINT('',(0.0299737971222967,0.0251836313980332,0.0500882177143194));
#6801=CARTESIAN_POINT('',(0.0299746718172727,0.0251835919409532,0.0500616326901784));
#6802=CARTESIAN_POINT('',(0.0299750004127984,0.02518358025878,0.0500483121938425));
#6803=CARTESIAN_POINT('',(0.0299753147543737,0.0251835745703082,0.0500281854686199));
#6804=CARTESIAN_POINT('',(0.02997538977628,0.0251835746466156,0.0500214522300926));
#6805=CARTESIAN_POINT('',(0.0299754777322264,0.0251835787050326,0.050007919758745));
#6806=CARTESIAN_POINT('',(0.0299754906662666,0.0251835826871422,0.0500011205259246));
#6807=CARTESIAN_POINT('',(0.0299754518758526,0.0251835945180366,0.0499874387319374));
#6808=CARTESIAN_POINT('',(0.0299754005241136,0.0251836022904806,0.0499806371508286));
#6809=CARTESIAN_POINT('',(0.029975236516286,0.0251836215839083,0.0499670954748813));
#6810=CARTESIAN_POINT('',(0.0299751238601972,0.0251836331048921,0.0499603553800428));
#6811=CARTESIAN_POINT('',(0.0299746978484773,0.0251836733424726,0.049940201606684));
#6812=CARTESIAN_POINT('',(0.0299742964493924,0.0251837077336981,0.0499268544393203));
#6813=CARTESIAN_POINT('',(0.0299732797383917,0.0251837919248632,0.0499002003036832));
#6814=CARTESIAN_POINT('',(0.0299726644264758,0.0251838417248026,0.0498868933354098));
#6815=CARTESIAN_POINT('',(0.0299712407595251,0.0251839570097648,0.0498601824339593));
#6816=CARTESIAN_POINT('',(0.0299704324044903,0.0251840224947877,0.0498467785007822));
#6817=CARTESIAN_POINT('',(0.0299677490792758,0.025184242892036,0.0498062155079044));
#6818=CARTESIAN_POINT('',(0.029965608262983,0.0251844215387561,0.0497788039309308));
#6819=CARTESIAN_POINT('',(0.0299602673529418,0.0251848385643901,0.0497206166676617));
#6820=CARTESIAN_POINT('',(0.0299570672591935,0.0251850769433039,0.0496898409813661));
#6821=CARTESIAN_POINT('',(0.0299531598208064,0.0251853433391902,0.0496560707674702));
#6822=CARTESIAN_POINT('',(0.0299596830371537,0.0248987282469111,0.0503124798297491));
#6823=CARTESIAN_POINT('',(0.0299630834644069,0.0248984435302512,0.050280783644217));
#6824=CARTESIAN_POINT('',(0.0299658355060696,0.0248981923936155,0.0502519092213467));
#6825=CARTESIAN_POINT('',(0.0299703774170949,0.0248977637976666,0.0501973316367413));
#6826=CARTESIAN_POINT('',(0.0299721672864576,0.0248975863383535,0.0501716284750061));
#6827=CARTESIAN_POINT('',(0.0299743814104378,0.0248973802953312,0.0501335979801134));
#6828=CARTESIAN_POINT('',(0.029975042959757,0.0248973216438785,0.0501210309813218));
#6829=CARTESIAN_POINT('',(0.0299761932993995,0.0248972241605219,0.0500959818962805));
#6830=CARTESIAN_POINT('',(0.0299766820897229,0.0248971853286179,0.0500834998100306));
#6831=CARTESIAN_POINT('',(0.0299774671363928,0.0248971272447982,0.0500584857969358));
#6832=CARTESIAN_POINT('',(0.0299777633927396,0.0248971079928824,0.0500459538700907));
#6833=CARTESIAN_POINT('',(0.0299780485455415,0.0248970936203293,0.050027017534524));
#6834=CARTESIAN_POINT('',(0.0299781170578559,0.0248970912470317,0.0500206823484519));
#6835=CARTESIAN_POINT('',(0.0299781985333726,0.0248970913055983,0.0500079489837325));
#6836=CARTESIAN_POINT('',(0.029978211496575,0.0248970937374625,0.0500015508050852));
#6837=CARTESIAN_POINT('',(0.0299781794019953,0.0248971033764076,0.0499886746110734));
#6838=CARTESIAN_POINT('',(0.0299781347012681,0.0248971105103553,0.0499822741732434));
#6839=CARTESIAN_POINT('',(0.0299779904827896,0.0248971294478337,0.0499695319524249));
#6840=CARTESIAN_POINT('',(0.0299778909650381,0.0248971412513645,0.0499631901694365));
#6841=CARTESIAN_POINT('',(0.0299775139210228,0.0248971837272802,0.0499442278074678));
#6842=CARTESIAN_POINT('',(0.029977157903998,0.0248972214649889,0.0499316702154845));
#6843=CARTESIAN_POINT('',(0.029976256480055,0.0248973161063305,0.0499065896887594));
#6844=CARTESIAN_POINT('',(0.0299757110731368,0.0248973730099636,0.0498940667540178));
#6845=CARTESIAN_POINT('',(0.0299744507882095,0.0248975063082155,0.0498689222336934));
#6846=CARTESIAN_POINT('',(0.0299737359102004,0.0248975827028345,0.0498563006481106));
#6847=CARTESIAN_POINT('',(0.0299713669477405,0.0248978416107624,0.0498180879529763));
#6848=CARTESIAN_POINT('',(0.0299694812675936,0.0248980536491838,0.0497922434350588));
#6849=CARTESIAN_POINT('',(0.0299647560928188,0.0248985535318705,0.0497372857112779));
#6850=CARTESIAN_POINT('',(0.0299619165981909,0.0248988413761357,0.0497081725054144));
#6851=CARTESIAN_POINT('',(0.0299584296609223,0.0248991655931089,0.0496761599994328));
#6852=CARTESIAN_POINT('',(0.0299686456963161,0.0243262499032465,0.0502764534305399));
#6853=CARTESIAN_POINT('',(0.0299712960801625,0.0243258672104574,0.0502484193494011));
#6854=CARTESIAN_POINT('',(0.0299734182914522,0.0243255279433953,0.0502229185256007));
#6855=CARTESIAN_POINT('',(0.0299769048398282,0.0243249437052613,0.0501747672132311));
#6856=CARTESIAN_POINT('',(0.0299782691769144,0.0243246987341893,0.0501521167246617));
#6857=CARTESIAN_POINT('',(0.0299799711300732,0.024324407582976,0.0501186166086465));
#6858=CARTESIAN_POINT('',(0.0299804827712961,0.024324323254817,0.050107549266979));
#6859=CARTESIAN_POINT('',(0.029981376893965,0.0243241800303074,0.0500854922231904));
#6860=CARTESIAN_POINT('',(0.029981759375411,0.0243241211339566,0.0500745025210693));
#6861=CARTESIAN_POINT('',(0.0299823773717428,0.0243240287603814,0.0500524796685782));
#6862=CARTESIAN_POINT('',(0.0299826128866284,0.0243239952831568,0.0500414465182082));
#6863=CARTESIAN_POINT('',(0.0299828425789492,0.0243239641221526,0.0500247733906199));
#6864=CARTESIAN_POINT('',(0.0299828985463882,0.0243239569109566,0.0500191951144183));
#6865=CARTESIAN_POINT('',(0.0299829670620821,0.0243239488385903,0.0500079822920295));
#6866=CARTESIAN_POINT('',(0.0299829796103372,0.02432394797742,0.0500023477458424));
#6867=CARTESIAN_POINT('',(0.0299829590618156,0.0243239526035197,0.0499910072475082));
#6868=CARTESIAN_POINT('',(0.0299829262845091,0.0243239580253547,0.0499853707068394));
#6869=CARTESIAN_POINT('',(0.0299828179373932,0.0243239751481584,0.0499741500681422));
#6870=CARTESIAN_POINT('',(0.0299827423675837,0.0243239868491271,0.0499685659701136));
#6871=CARTESIAN_POINT('',(0.0299824547897834,0.0243240314630785,0.0499518698784535));
#6872=CARTESIAN_POINT('',(0.0299821819134206,0.0243240738871064,0.0499408140872474));
#6873=CARTESIAN_POINT('',(0.0299814915537432,0.0243241845904559,0.0499187325831176));
#6874=CARTESIAN_POINT('',(0.0299810740704287,0.0243242528697773,0.0499077068701939));
#6875=CARTESIAN_POINT('',(0.0299801122055549,0.0243244157762195,0.0498855657277766));
#6876=CARTESIAN_POINT('',(0.0299795678239956,0.0243245104033402,0.049874450298283));
#6877=CARTESIAN_POINT('',(0.0299777708950105,0.0243248345451601,0.0498407897426691));
#6878=CARTESIAN_POINT('',(0.0299763480609893,0.0243251041423015,0.0498180149289074));
#6879=CARTESIAN_POINT('',(0.0299727465545703,0.0243257492167862,0.0497695286553526));
#6880=CARTESIAN_POINT('',(0.0299705678821724,0.0243261246941298,0.0497438171955596));
#6881=CARTESIAN_POINT('',(0.0299678582527623,0.024326552549081,0.0497155035330875));
#6882=CARTESIAN_POINT('',(0.029972607754194,0.024039877432602,0.0502587882272746));
#6883=CARTESIAN_POINT('',(0.0299749203447611,0.0240394593736377,0.050232609249523));
#6884=CARTESIAN_POINT('',(0.0299767614232922,0.0240390874741576,0.0502087874350321));
#6885=CARTESIAN_POINT('',(0.0299797784071146,0.0240384442558064,0.0501637960161959));
#6886=CARTESIAN_POINT('',(0.0299809543124059,0.0240381729369355,0.0501426264118505));
#6887=CARTESIAN_POINT('',(0.0299824276785371,0.0240378475903164,0.0501113145756597));
#6888=CARTESIAN_POINT('',(0.0299828720141714,0.0240377527510831,0.0501009697738348));
#6889=CARTESIAN_POINT('',(0.0299836505107741,0.0240375904460842,0.0500803525926878));
#6890=CARTESIAN_POINT('',(0.0299839846717427,0.0240375229803188,0.0500700802133656));
#6891=CARTESIAN_POINT('',(0.0299845262171674,0.0240374155764441,0.0500494953459157));
#6892=CARTESIAN_POINT('',(0.0299847336016234,0.024037375638335,0.050039182857788));
#6893=CARTESIAN_POINT('',(0.0299849371445382,0.024037336492555,0.0500235996455112));
#6894=CARTESIAN_POINT('',(0.0299849870698815,0.0240373269041922,0.0500183861614047));
#6895=CARTESIAN_POINT('',(0.0299850490007476,0.0240373146672015,0.0500079069667498));
#6896=CARTESIAN_POINT('',(0.0299850610062703,0.0240373120185735,0.0500026412562015));
#6897=CARTESIAN_POINT('',(0.0299850450222641,0.0240373136803259,0.0499920435422492));
#6898=CARTESIAN_POINT('',(0.0299850173302811,0.024037317929762,0.0499867761867909));
#6899=CARTESIAN_POINT('',(0.0299849246058936,0.0240373333438422,0.0499762905630226));
#6900=CARTESIAN_POINT('',(0.029984859573489,0.0240373445084862,0.0499710722947127));
#6901=CARTESIAN_POINT('',(0.0299846115549501,0.0240373884923633,0.0499554702466753));
#6902=CARTESIAN_POINT('',(0.0299843756474908,0.0240374318015408,0.0499451392238399));
#6903=CARTESIAN_POINT('',(0.0299837791853445,0.0240375470177887,0.0499245065361183));
#6904=CARTESIAN_POINT('',(0.0299834186306575,0.024037618924859,0.0499142048712322));
#6905=CARTESIAN_POINT('',(0.0299825893503621,0.0240377919615994,0.0498935195723129));
#6906=CARTESIAN_POINT('',(0.0299821206247535,0.0240378930912695,0.0498831359382796));
#6907=CARTESIAN_POINT('',(0.0299805769060043,0.0240382412512396,0.0498516950918147));
#6908=CARTESIAN_POINT('',(0.0299793583148874,0.0240385328867008,0.0498304267100345));
#6909=CARTESIAN_POINT('',(0.0299762570348492,0.0240392354954739,0.0497851641550731));
#6910=CARTESIAN_POINT('',(0.0299743743459278,0.0240396464687859,0.0497611699818918));
#6911=CARTESIAN_POINT('',(0.0299720170044863,0.0240401172511345,0.0497347578347796));
#6912=CARTESIAN_POINT('',(0.0299796150511792,0.0234669918160176,0.0502240426580193));
#6913=CARTESIAN_POINT('',(0.029981326003201,0.0234665282897603,0.0502015628200711));
#6914=CARTESIAN_POINT('',(0.0299826714826397,0.0234661138444604,0.0501810684461749));
#6915=CARTESIAN_POINT('',(0.0299848648136157,0.0234653925859075,0.0501423138199386));
#6916=CARTESIAN_POINT('',(0.029985712665153,0.0234650857726544,0.0501240535675983));
#6917=CARTESIAN_POINT('',(0.0299867862094821,0.0234647133794086,0.0500970361753436));
#6918=CARTESIAN_POINT('',(0.0299871123904603,0.0234646038897692,0.0500881083024563));
#6919=CARTESIAN_POINT('',(0.0299876873548535,0.0234644146373386,0.0500703136066003));
#6920=CARTESIAN_POINT('',(0.0299879361382685,0.0234643348745474,0.0500614467836314));
#6921=CARTESIAN_POINT('',(0.0299883422442348,0.0234642055197761,0.0500436793884683));
#6922=CARTESIAN_POINT('',(0.0299884995667861,0.0234641559277959,0.050034778816274));
#6923=CARTESIAN_POINT('',(0.02998865640749,0.0234641045009064,0.0500213315467058));
#6924=CARTESIAN_POINT('',(0.0299886954972042,0.0234640911854567,0.0500168330549702));
#6925=CARTESIAN_POINT('',(0.0299887455376789,0.0234640722637461,0.0500077920845138));
#6926=CARTESIAN_POINT('',(0.0299887564884394,0.0234640666574853,0.0500032496057929));
#6927=CARTESIAN_POINT('',(0.0299887484930944,0.0234640632096479,0.0499941088114731));
#6928=CARTESIAN_POINT('',(0.0299887297975538,0.0234640653167499,0.0499895649362492));
#6929=CARTESIAN_POINT('',(0.0299886647347344,0.0234640772980186,0.0499805185065396));
#6930=CARTESIAN_POINT('',(0.0299886183674557,0.0234640871721854,0.049976015952054));
#6931=CARTESIAN_POINT('',(0.0299884403440098,0.0234641286028184,0.0499625526850036));
#6932=CARTESIAN_POINT('',(0.0299882697662329,0.0234641719674175,0.0499536363688456));
#6933=CARTESIAN_POINT('',(0.029987838611706,0.0234642910251587,0.0499358283418763));
#6934=CARTESIAN_POINT('',(0.029987578034956,0.0234643667183008,0.0499269366310651));
#6935=CARTESIAN_POINT('',(0.0299869806744688,0.0234645512733173,0.0499090840297189));
#6936=CARTESIAN_POINT('',(0.0299866438907317,0.0234646601351916,0.0499001231391839));
#6937=CARTESIAN_POINT('',(0.0299855399170189,0.0234650377341963,0.0498729960203872));
#6938=CARTESIAN_POINT('',(0.0299846740047078,0.0234653573450885,0.04985465168179));
#6939=CARTESIAN_POINT('',(0.0299824414835161,0.0234661350722543,0.0498156665577733));
#6940=CARTESIAN_POINT('',(0.0299810748746355,0.023466593188528,0.0497950257723539));
#6941=CARTESIAN_POINT('',(0.0299793374990216,0.023467121931961,0.0497723481328451));
#6942=CARTESIAN_POINT('',(0.0299826602902864,0.0231804786700778,0.0502069622920294));
#6943=CARTESIAN_POINT('',(0.0299841073970423,0.0231800050427025,0.0501863264904972));
#6944=CARTESIAN_POINT('',(0.0299852381671478,0.0231795805302788,0.0501674784364344));
#6945=CARTESIAN_POINT('',(0.0299870766200834,0.0231788397121435,0.0501317938470456));
#6946=CARTESIAN_POINT('',(0.0299877843029133,0.0231785234064322,0.0501149573117197));
#6947=CARTESIAN_POINT('',(0.0299886857012201,0.0231781375855067,0.0500900381656317));
#6948=CARTESIAN_POINT('',(0.0299889607141945,0.023178023754775,0.0500818019105588));
#6949=CARTESIAN_POINT('',(0.0299894471269773,0.0231778262270768,0.050065384228808));
#6950=CARTESIAN_POINT('',(0.0299896585267857,0.0231777425301103,0.05005720280213));
#6951=CARTESIAN_POINT('',(0.0299900050063276,0.0231776058512205,0.0500408093516511));
#6952=CARTESIAN_POINT('',(0.0299901400860608,0.0231775528692972,0.0500325973278501));
#6953=CARTESIAN_POINT('',(0.0299902759354222,0.0231774968686532,0.050020192275168));
#6954=CARTESIAN_POINT('',(0.0299903100901695,0.0231774821138121,0.0500160427547771));
#6955=CARTESIAN_POINT('',(0.0299903545545543,0.02317746050087,0.0500077040301454));
#6956=CARTESIAN_POINT('',(0.0299903648641917,0.0231774536427689,0.0500035148259046));
#6957=CARTESIAN_POINT('',(0.029990360049993,0.0231774478959667,0.0499950860553832));
#6958=CARTESIAN_POINT('',(0.0299903451516652,0.0231774489610761,0.0499908954854403));
#6959=CARTESIAN_POINT('',(0.0299902919179089,0.0231774590855513,0.0499825514120835));
#6960=CARTESIAN_POINT('',(0.0299902535824804,0.0231774681449171,0.0499783979086696));
#6961=CARTESIAN_POINT('',(0.0299901057385777,0.0231775074902515,0.0499659771520617));
#6962=CARTESIAN_POINT('',(0.0299899633924865,0.0231775499434576,0.0499577496525015));
#6963=CARTESIAN_POINT('',(0.0299896034961733,0.0231776682337172,0.0499413161502187));
#6964=CARTESIAN_POINT('',(0.0299893859459515,0.0231777440707708,0.0499331101474963));
#6965=CARTESIAN_POINT('',(0.0299888880042253,0.0231779300666071,0.0499166351260369));
#6966=CARTESIAN_POINT('',(0.0299886076127211,0.0231780402253898,0.0499083661073001));
#6967=CARTESIAN_POINT('',(0.0299876907205571,0.0231784235911543,0.0498833377577895));
#6968=CARTESIAN_POINT('',(0.0299869739123958,0.023178749561894,0.0498664168368865));
#6969=CARTESIAN_POINT('',(0.0299851120499138,0.0231795462182345,0.0498305039004259));
#6970=CARTESIAN_POINT('',(0.0299839669955933,0.0231800169038353,0.0498115118848682));
#6971=CARTESIAN_POINT('',(0.0299824992418326,0.023180561910734,0.0497906841292185));
#6972=CARTESIAN_POINT('',(0.0299879556743659,0.0226074376252314,0.0501732752419214));
#6973=CARTESIAN_POINT('',(0.0299889485297681,0.0226069670819571,0.050156257276898));
#6974=CARTESIAN_POINT('',(0.0299897128320461,0.0226065432021402,0.0501406308801868));
#6975=CARTESIAN_POINT('',(0.0299909470921236,0.0226057995553945,0.0501109442888951));
#6976=CARTESIAN_POINT('',(0.0299914170499231,0.0226054797884656,0.0500968840943145));
#6977=CARTESIAN_POINT('',(0.0299920232995907,0.022605086312218,0.0500760557531708));
#6978=CARTESIAN_POINT('',(0.0299922098951633,0.0226049695183957,0.0500691676633528));
#6979=CARTESIAN_POINT('',(0.0299925421966588,0.0226047654909888,0.0500554343592034));
#6980=CARTESIAN_POINT('',(0.0299926879025817,0.0226046782574043,0.0500485891448722));
#6981=CARTESIAN_POINT('',(0.0299929285104281,0.0226045341808574,0.0500348750860571));
#6982=CARTESIAN_POINT('',(0.0299930234123516,0.0226044773378949,0.0500280062415733));
#6983=CARTESIAN_POINT('',(0.029993120226475,0.022604415489206,0.0500176353730036));
#6984=CARTESIAN_POINT('',(0.0299931449080558,0.0226043987756022,0.0500141671498396));
#6985=CARTESIAN_POINT('',(0.0299931778523364,0.0226043732574441,0.0500071998563589));
#6986=CARTESIAN_POINT('',(0.0299931861150361,0.0226043644528898,0.0500037007860421));
#6987=CARTESIAN_POINT('',(0.029993184982261,0.022604354856629,0.0499966634850506));
#6988=CARTESIAN_POINT('',(0.0299931757621814,0.0226043540289972,0.0499931633626385));
#6989=CARTESIAN_POINT('',(0.0299931412126823,0.0226043604531991,0.0499861919495082));
#6990=CARTESIAN_POINT('',(0.0299931158832627,0.0226043677050327,0.04998272065879));
#6991=CARTESIAN_POINT('',(0.0299930175280596,0.0226044017874332,0.0499723376974658));
#6992=CARTESIAN_POINT('',(0.0299929221353319,0.0226044409448997,0.0499654569376902));
#6993=CARTESIAN_POINT('',(0.0299926812890423,0.0226045532393075,0.049951712051232));
#6994=CARTESIAN_POINT('',(0.0299925358354806,0.022604626376249,0.0499448479245494));
#6995=CARTESIAN_POINT('',(0.0299922044518738,0.0226048077373491,0.0499310705084887));
#6996=CARTESIAN_POINT('',(0.0299920185218287,0.0226049159615078,0.0499241572191107));
#6997=CARTESIAN_POINT('',(0.029991414393495,0.0226052949264238,0.0499032449132512));
#6998=CARTESIAN_POINT('',(0.0299909462871237,0.0226056198618867,0.0498891198948436));
#6999=CARTESIAN_POINT('',(0.0299897102199395,0.0226064203983204,0.0498592576428327));
#7000=CARTESIAN_POINT('',(0.0299889422591267,0.0226068959992912,0.0498435204092294));
#7001=CARTESIAN_POINT('',(0.0299879397980209,0.0226074499735843,0.0498263544415982));
#7002=CARTESIAN_POINT('',(0.029990204274122,0.0223209044950319,0.0501564750305151));
#7003=CARTESIAN_POINT('',(0.0299910047853133,0.0223204550353533,0.0501412449787008));
#7004=CARTESIAN_POINT('',(0.0299916159214255,0.0223200479260608,0.0501272051462461));
#7005=CARTESIAN_POINT('',(0.0299925988706243,0.0223193301740156,0.0501004640395212));
#7006=CARTESIAN_POINT('',(0.029992970683711,0.022319019531263,0.050087762765251));
#7007=CARTESIAN_POINT('',(0.0299934534814216,0.0223186347413656,0.0500689333620831));
#7008=CARTESIAN_POINT('',(0.029993602750024,0.0223185200093072,0.0500627034351598));
#7009=CARTESIAN_POINT('',(0.0299938694509099,0.0223183186345108,0.0500502798088497));
#7010=CARTESIAN_POINT('',(0.0299939868831933,0.0223182319917728,0.050044086109463));
#7011=CARTESIAN_POINT('',(0.0299941814030575,0.0223180878224563,0.0500316780841642));
#7012=CARTESIAN_POINT('',(0.0299942584906384,0.0223180302958777,0.0500254637582522));
#7013=CARTESIAN_POINT('',(0.0299943374821951,0.0223179666132587,0.0500160841589436));
#7014=CARTESIAN_POINT('',(0.0299943577060783,0.0223179491535939,0.0500129479407673));
#7015=CARTESIAN_POINT('',(0.029994384877025,0.0223179218983686,0.0500066490275102));
#7016=CARTESIAN_POINT('',(0.0299943918240887,0.0223179121028083,0.0500034863324294));
#7017=CARTESIAN_POINT('',(0.0299943913778487,0.0223179003041468,0.0499971273586054));
#7018=CARTESIAN_POINT('',(0.029994384134884,0.0223178982702528,0.0499939637440874));
#7019=CARTESIAN_POINT('',(0.0299943566348634,0.0223179020914103,0.0499876612291368));
#7020=CARTESIAN_POINT('',(0.0299943363778076,0.0223179079464617,0.0499845223287044));
#7021=CARTESIAN_POINT('',(0.0299942576239016,0.0223179375821415,0.049975132152482));
#7022=CARTESIAN_POINT('',(0.0299941811443128,0.0223179734332958,0.0499689074017671));
#7023=CARTESIAN_POINT('',(0.0299939884359536,0.0223180785882477,0.0499564723882525));
#7024=CARTESIAN_POINT('',(0.0299938722071833,0.0223181478920453,0.0499502621254528));
#7025=CARTESIAN_POINT('',(0.0299936082052496,0.0223183212168584,0.0499377998421504));
#7026=CARTESIAN_POINT('',(0.0299934604320863,0.0223184252378739,0.0499315478216478));
#7027=CARTESIAN_POINT('',(0.0299929821031891,0.0223187912736095,0.0499126447551583));
#7028=CARTESIAN_POINT('',(0.0299926134781478,0.0223191071772463,0.0498998865063035));
#7029=CARTESIAN_POINT('',(0.0299916316844809,0.0223198904771976,0.0498729914461175));
#7030=CARTESIAN_POINT('',(0.0299910185158553,0.0223203578735121,0.0498588546347863));
#7031=CARTESIAN_POINT('',(0.029990210542755,0.0223209048826914,0.049843495465507));
#7032=CARTESIAN_POINT('',(0.029993963196918,0.0217479613371877,0.050123350122192));
#7033=CARTESIAN_POINT('',(0.0299944466865512,0.0217475512784853,0.0501115819687477));
#7034=CARTESIAN_POINT('',(0.0299948083197366,0.021747179348332,0.0501006281247383));
#7035=CARTESIAN_POINT('',(0.0299953837822464,0.0217465225248257,0.0500796348352166));
#7036=CARTESIAN_POINT('',(0.0299955976115709,0.0217462376314729,0.0500695953897041));
#7037=CARTESIAN_POINT('',(0.0299958794344381,0.0217458836538207,0.0500546863550283));
#7038=CARTESIAN_POINT('',(0.029995967454366,0.0217457778898468,0.0500497482001325));
#7039=CARTESIAN_POINT('',(0.0299961258092627,0.0217455918613464,0.0500398961088941));
#7040=CARTESIAN_POINT('',(0.0299961961442315,0.0217455115968201,0.0500349821725514));
#7041=CARTESIAN_POINT('',(0.0299963132863064,0.0217453776095088,0.0500251396903135));
#7042=CARTESIAN_POINT('',(0.0299963600934124,0.0217453238867238,0.0500202111444182));
#7043=CARTESIAN_POINT('',(0.0299964082759968,0.0217452639905729,0.0500127782473315));
#7044=CARTESIAN_POINT('',(0.0299964206655125,0.0217452474731936,0.0500102939352619));
#7045=CARTESIAN_POINT('',(0.0299964373714894,0.0217452214647307,0.050005307098195));
#7046=CARTESIAN_POINT('',(0.0299964416879506,0.0217452119736469,0.0500028045731976));
#7047=CARTESIAN_POINT('',(0.0299964415174555,0.0217452001480619,0.0499977764567618));
#7048=CARTESIAN_POINT('',(0.0299964371338572,0.0217451977923903,0.0499952733219781));
#7049=CARTESIAN_POINT('',(0.0299964204758846,0.0217452003460064,0.0499902840980541));
#7050=CARTESIAN_POINT('',(0.0299964082015103,0.0217452052552941,0.0499877980089138));
#7051=CARTESIAN_POINT('',(0.0299963606011108,0.0217452311066715,0.0499803581081203));
#7052=CARTESIAN_POINT('',(0.0299963144978093,0.0217452631722756,0.0499754226630946));
#7053=CARTESIAN_POINT('',(0.029996199199205,0.0217453581719264,0.0499655623409156));
#7054=CARTESIAN_POINT('',(0.0299961300039021,0.0217454211059729,0.0499606374637624));
#7055=CARTESIAN_POINT('',(0.0299959741686972,0.0217455790482455,0.0499507598675278));
#7056=CARTESIAN_POINT('',(0.0299958875287951,0.0217456740564715,0.0499458071484464));
#7057=CARTESIAN_POINT('',(0.0299956099132931,0.0217460090010245,0.049930849613609));
#7058=CARTESIAN_POINT('',(0.0299953991382159,0.0217462987996331,0.049920772784213));
#7059=CARTESIAN_POINT('',(0.0299948265123524,0.0217470194085398,0.0498996779384309));
#7060=CARTESIAN_POINT('',(0.0299944646615663,0.0217474502188377,0.0498886599220446));
#7061=CARTESIAN_POINT('',(0.0299939774331471,0.0217479555385851,0.0498768058581725));
#7062=CARTESIAN_POINT('',(0.0299954735199579,0.0214615513095433,0.0501070254252752));
#7063=CARTESIAN_POINT('',(0.0299958319332571,0.0214611675923531,0.0500969364771841));
#7064=CARTESIAN_POINT('',(0.0299960969304414,0.0214608200889138,0.0500874859725079));
#7065=CARTESIAN_POINT('',(0.029996515780749,0.0214602070756404,0.0500693007252078));
#7066=CARTESIAN_POINT('',(0.0299966696338724,0.0214599415658062,0.0500605659825838));
#7067=CARTESIAN_POINT('',(0.0299968738216382,0.0214596119708362,0.0500475798466035));
#7068=CARTESIAN_POINT('',(0.0299969378980422,0.0214595135520025,0.0500432755863197));
#7069=CARTESIAN_POINT('',(0.0299970534904155,0.0214593405619748,0.0500346855766187));
#7070=CARTESIAN_POINT('',(0.0299971050063847,0.0214592659907807,0.0500303998272015));
#7071=CARTESIAN_POINT('',(0.0299971908898231,0.0214591416513588,0.0500218164466806));
#7072=CARTESIAN_POINT('',(0.0299972252572923,0.0214590918831311,0.0500175188155769));
#7073=CARTESIAN_POINT('',(0.0299972605060719,0.0214590365495093,0.0500110406632418));
#7074=CARTESIAN_POINT('',(0.0299972695385943,0.0214590213247553,0.0500088759948502));
#7075=CARTESIAN_POINT('',(0.0299972815959897,0.0214589974342365,0.0500045322904381));
#7076=CARTESIAN_POINT('',(0.0299972846208626,0.0214589887684716,0.0500023532544175));
#7077=CARTESIAN_POINT('',(0.0299972840894507,0.0214589781153469,0.0499979770156783));
#7078=CARTESIAN_POINT('',(0.0299972806145994,0.0214589761113076,0.0499957975060817));
#7079=CARTESIAN_POINT('',(0.0299972678047193,0.0214589788837874,0.0499914519485617));
#7080=CARTESIAN_POINT('',(0.0299972584696903,0.0214589836603065,0.0499892859006383));
#7081=CARTESIAN_POINT('',(0.029997222511506,0.0214590083639705,0.0499828023125699));
#7082=CARTESIAN_POINT('',(0.0299971879352534,0.021459038665222,0.0499784993281262));
#7083=CARTESIAN_POINT('',(0.0299971020393912,0.0214591280161092,0.0499699021114637));
#7084=CARTESIAN_POINT('',(0.0299970507197816,0.0214591870657451,0.0499656078792448));
#7085=CARTESIAN_POINT('',(0.0299969358021084,0.0214593349975015,0.0499569981040526));
#7086=CARTESIAN_POINT('',(0.0299968722040446,0.0214594238796221,0.0499526825610793));
#7087=CARTESIAN_POINT('',(0.0299966696895261,0.0214597369008612,0.049939658871559));
#7088=CARTESIAN_POINT('',(0.0299965173952979,0.0214600073694807,0.0499308952238899));
#7089=CARTESIAN_POINT('',(0.0299960998258092,0.0214606792640212,0.0499126312799835));
#7090=CARTESIAN_POINT('',(0.0299958345505487,0.0214610806899423,0.0499031309837461));
#7091=CARTESIAN_POINT('',(0.0299954735788051,0.0214615512853718,0.0498929752269293));
#7092=CARTESIAN_POINT('',(0.0299978157971726,0.0208890026749175,0.0500752404331249));
#7093=CARTESIAN_POINT('',(0.029997983455471,0.0208886913187028,0.0500683480944332));
#7094=CARTESIAN_POINT('',(0.0299981039241209,0.0208884112565368,0.0500617965506514));
#7095=CARTESIAN_POINT('',(0.029998291278451,0.0208879198449793,0.050049074411786));
#7096=CARTESIAN_POINT('',(0.029998358164131,0.0208877084955877,0.0500429038167022));
#7097=CARTESIAN_POINT('',(0.0299984489026685,0.0208874475995891,0.0500337081547586));
#7098=CARTESIAN_POINT('',(0.0299984777905645,0.02088736998958,0.0500306557305848));
#7099=CARTESIAN_POINT('',(0.029998530384438,0.0208872341163283,0.0500245602978384));
#7100=CARTESIAN_POINT('',(0.0299985540904156,0.0208871758530856,0.0500215172892658));
#7101=CARTESIAN_POINT('',(0.0299985938551004,0.0208870793094859,0.0500154245103745));
#7102=CARTESIAN_POINT('',(0.0299986099138076,0.0208870410291288,0.0500123747400559));
#7103=CARTESIAN_POINT('',(0.0299986264174018,0.0208869990728466,0.0500077828802579));
#7104=CARTESIAN_POINT('',(0.0299986306545222,0.0208869876647947,0.0500062493929387));
#7105=CARTESIAN_POINT('',(0.0299986362924382,0.0208869700829571,0.0500031746613584));
#7106=CARTESIAN_POINT('',(0.029998637693234,0.0208869639091712,0.0500016334170974));
#7107=CARTESIAN_POINT('',(0.029998637350332,0.0208869568753805,0.0499985411494654));
#7108=CARTESIAN_POINT('',(0.0299986356504831,0.0208869560063943,0.04999699965316));
#7109=CARTESIAN_POINT('',(0.0299986294951549,0.0208869596524225,0.0499939239355848));
#7110=CARTESIAN_POINT('',(0.0299986250396756,0.020886964167437,0.049992389714315));
#7111=CARTESIAN_POINT('',(0.0299986079915402,0.020886985920755,0.049987794963081));
#7112=CARTESIAN_POINT('',(0.0299985917171865,0.0208870113673329,0.0499847423456918));
#7113=CARTESIAN_POINT('',(0.0299985517599425,0.0208870848546795,0.0499786422112296));
#7114=CARTESIAN_POINT('',(0.029998528077052,0.020887132895448,0.0499755946941565));
#7115=CARTESIAN_POINT('',(0.0299984757120576,0.0208872522766343,0.0499694887604421));
#7116=CARTESIAN_POINT('',(0.0299984470299537,0.0208873236170521,0.0499664303438008));
#7117=CARTESIAN_POINT('',(0.0299983570988063,0.0208875736459671,0.0499572147446977));
#7118=CARTESIAN_POINT('',(0.0299982910724565,0.0208877883176924,0.0499510288220069));
#7119=CARTESIAN_POINT('',(0.029998104694602,0.0208883185811752,0.0499382648760008));
#7120=CARTESIAN_POINT('',(0.0299979843430973,0.0208886341729325,0.0499316868526855));
#7121=CARTESIAN_POINT('',(0.0299978157386892,0.0208890026989399,0.0499247589187012));
#7122=CARTESIAN_POINT('',(0.0299986546325312,0.0206028613196913,0.050059703709064));
#7123=CARTESIAN_POINT('',(0.0299987562210949,0.0206025996514614,0.0500543367199324));
#7124=CARTESIAN_POINT('',(0.0299988282293991,0.020602364322996,0.0500491855654151));
#7125=CARTESIAN_POINT('',(0.0299989393251381,0.02060195138284,0.0500391233064451));
#7126=CARTESIAN_POINT('',(0.029998978412573,0.0206017737711493,0.0500342122019925));
#7127=CARTESIAN_POINT('',(0.0299990320328102,0.020601554419129,0.0500268818684891));
#7128=CARTESIAN_POINT('',(0.0299990492253862,0.0206014891464544,0.0500244462508681));
#7129=CARTESIAN_POINT('',(0.0299990806656762,0.0206013748368641,0.050019580475929));
#7130=CARTESIAN_POINT('',(0.0299990949133901,0.0206013257999484,0.0500171503186109));
#7131=CARTESIAN_POINT('',(0.0299991188807668,0.0206012445083038,0.0500122852708208));
#7132=CARTESIAN_POINT('',(0.0299991286004295,0.0206012122535748,0.0500098503803487));
#7133=CARTESIAN_POINT('',(0.0299991385964934,0.0206011768679424,0.0500061868496823));
#7134=CARTESIAN_POINT('',(0.0299991411646097,0.0206011672388084,0.050004963806967));
#7135=CARTESIAN_POINT('',(0.0299991445751334,0.0206011523809976,0.0500025127157017));
#7136=CARTESIAN_POINT('',(0.0299991454175409,0.0206011471523208,0.0500012846671516));
#7137=CARTESIAN_POINT('',(0.0299991451787485,0.0206011411637278,0.0499988222900343));
#7138=CARTESIAN_POINT('',(0.0299991441257372,0.0206011403980379,0.0499975940860093));
#7139=CARTESIAN_POINT('',(0.0299991403463007,0.0206011433977468,0.049995142387105));
#7140=CARTESIAN_POINT('',(0.0299991376198754,0.0206011471631456,0.0499939188922257));
#7141=CARTESIAN_POINT('',(0.0299991272212032,0.0206011653667882,0.0499902535814235));
#7142=CARTESIAN_POINT('',(0.0299991173295597,0.0206011867124781,0.0499878169393366));
#7143=CARTESIAN_POINT('',(0.029999093178413,0.0206012484147177,0.0499829473726843));
#7144=CARTESIAN_POINT('',(0.0299990789189097,0.0206012887712674,0.0499805144481191));
#7145=CARTESIAN_POINT('',(0.0299990475825736,0.0206013890862298,0.0499756422371365));
#7146=CARTESIAN_POINT('',(0.0299990305057409,0.0206014490446425,0.0499732029507192));
#7147=CARTESIAN_POINT('',(0.0299989773750447,0.0206016592091801,0.0499658604296282));
#7148=CARTESIAN_POINT('',(0.0299989388472517,0.0206018396888973,0.0499609399960119));
#7149=CARTESIAN_POINT('',(0.0299988284743141,0.020602285669494,0.0499508521193382));
#7150=CARTESIAN_POINT('',(0.0299987566291696,0.0206025511703736,0.0499456846762809));
#7151=CARTESIAN_POINT('',(0.0299986545740024,0.0206028613223903,0.0499402956433381));
#7152=CARTESIAN_POINT('',(0.0299994737085916,0.0201739505535743,0.0500369234278216));
#7153=CARTESIAN_POINT('',(0.0299995124165948,0.0201737760003415,0.0500336941998063));
#7154=CARTESIAN_POINT('',(0.0299995392422306,0.0201736193178697,0.0500305506809154));
#7155=CARTESIAN_POINT('',(0.0299995800692794,0.0201733447642651,0.0500243573618593));
#7156=CARTESIAN_POINT('',(0.0299995940706924,0.0201732268931323,0.0500213075616943));
#7157=CARTESIAN_POINT('',(0.0299996136600289,0.0201730814973001,0.0500167448758491));
#7158=CARTESIAN_POINT('',(0.0299996200186423,0.0201730382673392,0.0500152267217251));
#7159=CARTESIAN_POINT('',(0.0299996317347915,0.0201729626270992,0.050012191916243));
#7160=CARTESIAN_POINT('',(0.0299996370923272,0.0201729302168202,0.050010675264885));
#7161=CARTESIAN_POINT('',(0.0299996461475747,0.0201728765649929,0.0500076394853856));
#7162=CARTESIAN_POINT('',(0.0299996498452865,0.0201728553234446,0.0500061203572443));
#7163=CARTESIAN_POINT('',(0.029999653652926,0.0201728320994568,0.0500038368227829));
#7164=CARTESIAN_POINT('',(0.029999654632318,0.02017282579785,0.0500030748375875));
#7165=CARTESIAN_POINT('',(0.0299996559291157,0.0201728161177123,0.0500015487556699));
#7166=CARTESIAN_POINT('',(0.0299996562465215,0.0201728127391815,0.0500007846589477));
#7167=CARTESIAN_POINT('',(0.0299996561370041,0.0201728089488268,0.0499992538565328));
#7168=CARTESIAN_POINT('',(0.0299996557218258,0.0201728085345974,0.0499984897027328));
#7169=CARTESIAN_POINT('',(0.0299996542515019,0.0201728107139869,0.0499969633984454));
#7170=CARTESIAN_POINT('',(0.0299996531963561,0.0201728133076059,0.0499962012479582));
#7171=CARTESIAN_POINT('',(0.0299996491922743,0.0201728256691647,0.049993917064213));
#7172=CARTESIAN_POINT('',(0.0299996454046937,0.0201728400178061,0.0499923972986715));
#7173=CARTESIAN_POINT('',(0.0299996362401172,0.0201728812979158,0.0499893598828181));
#7174=CARTESIAN_POINT('',(0.0299996308631213,0.0201729082293839,0.0499878422325062));
#7175=CARTESIAN_POINT('',(0.0299996191666841,0.0201729750427687,0.049984805115097));
#7176=CARTESIAN_POINT('',(0.0299996128472428,0.0201730149246853,0.0499832856479998));
#7177=CARTESIAN_POINT('',(0.0299995934457059,0.020173154547541,0.0499787186235085));
#7178=CARTESIAN_POINT('',(0.0299995796813426,0.0201732742590411,0.0499756655524548));
#7179=CARTESIAN_POINT('',(0.0299995392071408,0.0201735696959946,0.0499694630383863));
#7180=CARTESIAN_POINT('',(0.0299995124973023,0.020173745421448,0.0499663135953717));
#7181=CARTESIAN_POINT('',(0.029999473671994,0.0201739505312585,0.0499630761684557));
#7182=CARTESIAN_POINT('',(0.029999673537782,0.0200310305093225,0.0500294174682156));
#7183=CARTESIAN_POINT('',(0.0299996973287377,0.0200308888838374,0.0500268586468268));
#7184=CARTESIAN_POINT('',(0.0299997136956645,0.0200307616980922,0.0500243571667376));
#7185=CARTESIAN_POINT('',(0.0299997385022244,0.0200305387223367,0.0500194184093828));
#7186=CARTESIAN_POINT('',(0.0299997469418574,0.0200304429323264,0.0500169811321171));
#7187=CARTESIAN_POINT('',(0.0299997588464099,0.0200303246813031,0.0500133355085046));
#7188=CARTESIAN_POINT('',(0.0299997627295002,0.020030289503403,0.0500121224838944));
#7189=CARTESIAN_POINT('',(0.0299997699072584,0.0200302279183872,0.0500096981220542));
#7190=CARTESIAN_POINT('',(0.0299997732019264,0.0200302015112715,0.0500084867848242));
#7191=CARTESIAN_POINT('',(0.0299997787846056,0.0200301577603932,0.0500060631186035));
#7192=CARTESIAN_POINT('',(0.0299997810726167,0.0200301404166307,0.0500048507896128));
#7193=CARTESIAN_POINT('',(0.0299997834359651,0.0200301214179286,0.0500030295429505));
#7194=CARTESIAN_POINT('',(0.0299997840456365,0.0200301162545182,0.050002422001867));
#7195=CARTESIAN_POINT('',(0.029999784856477,0.020030108303249,0.050001205667082));
#7196=CARTESIAN_POINT('',(0.0299997850576462,0.0200301055153903,0.0500005968733804));
#7197=CARTESIAN_POINT('',(0.0299997849992033,0.0200301023517956,0.0499993776984667));
#7198=CARTESIAN_POINT('',(0.0299997847470298,0.020030101974536,0.0499987689334531));
#7199=CARTESIAN_POINT('',(0.0299997838478684,0.020030103667134,0.0499975527171831));
#7200=CARTESIAN_POINT('',(0.0299997832008806,0.0200301057369915,0.0499969452659267));
#7201=CARTESIAN_POINT('',(0.0299997807443307,0.0200301156743019,0.049995124386099));
#7202=CARTESIAN_POINT('',(0.0299997784191821,0.0200301272694926,0.0499939124314693));
#7203=CARTESIAN_POINT('',(0.029999772802707,0.0200301607048401,0.0499914898036848));
#7204=CARTESIAN_POINT('',(0.0299997695113805,0.020030182544997,0.0499902791305302));
#7205=CARTESIAN_POINT('',(0.0299997623712688,0.0200302367746088,0.0499878564166603));
#7206=CARTESIAN_POINT('',(0.0299997585224836,0.0200302691640636,0.049986644375945));
#7207=CARTESIAN_POINT('',(0.0299997467530192,0.0200303826128733,0.0499830022289049));
#7208=CARTESIAN_POINT('',(0.0299997384578296,0.0200304799485281,0.049980568067061));
#7209=CARTESIAN_POINT('',(0.0299997138140029,0.0200307203427871,0.0499756359349614));
#7210=CARTESIAN_POINT('',(0.0299996974653659,0.0200308634013914,0.0499731379647057));
#7211=CARTESIAN_POINT('',(0.0299996735121614,0.02003103047983,0.0499705822498552));
#7212=CARTESIAN_POINT('',(0.0299999366834862,0.0197453078136584,0.0500145790084243));
#7213=CARTESIAN_POINT('',(0.0299999411204404,0.0197452354946462,0.0500133197539062));
#7214=CARTESIAN_POINT('',(0.0299999440857865,0.0197451705387804,0.0500120811883155));
#7215=CARTESIAN_POINT('',(0.0299999485153429,0.0197450566252567,0.0500096303823303));
#7216=CARTESIAN_POINT('',(0.0299999499795532,0.0197450076675991,0.0500084181419359));
#7217=CARTESIAN_POINT('',(0.0299999521315772,0.0197449471837053,0.0500066082357479));
#7218=CARTESIAN_POINT('',(0.0299999528501096,0.0197449291811957,0.0500060064412535));
#7219=CARTESIAN_POINT('',(0.0299999541996422,0.0197448976481192,0.0500048047502043));
#7220=CARTESIAN_POINT('',(0.0299999548306423,0.0197448841175522,0.0500042048536496));
#7221=CARTESIAN_POINT('',(0.0299999559151955,0.0197448616827265,0.0500030058412829));
#7222=CARTESIAN_POINT('',(0.0299999563687486,0.0197448527784676,0.050002406725471));
#7223=CARTESIAN_POINT('',(0.0299999568485569,0.0197448430075848,0.0500015077994126));
#7224=CARTESIAN_POINT('',(0.0299999569750727,0.019744840348208,0.0500012081153364));
#7225=CARTESIAN_POINT('',(0.0299999571500246,0.0197448362439189,0.0500006085234209));
#7226=CARTESIAN_POINT('',(0.0299999571984607,0.0197448347990063,0.0500003086155816));
#7227=CARTESIAN_POINT('',(0.0299999572060137,0.0197448331429411,0.0499997084364903));
#7228=CARTESIAN_POINT('',(0.0299999571666967,0.0197448329314677,0.0499994085054907));
#7229=CARTESIAN_POINT('',(0.0299999570123982,0.0197448337612445,0.049998808821726));
#7230=CARTESIAN_POINT('',(0.0299999568974168,0.0197448348024948,0.0499985090689611));
#7231=CARTESIAN_POINT('',(0.0299999564547596,0.0197448398347388,0.0499976098697319));
#7232=CARTESIAN_POINT('',(0.0299999560293711,0.0197448457342258,0.0499970104823338));
#7233=CARTESIAN_POINT('',(0.0299999550022075,0.0197448627793578,0.0499958107541877));
#7234=CARTESIAN_POINT('',(0.0299999544004324,0.0197448739250025,0.0499952104134398));
#7235=CARTESIAN_POINT('',(0.0299999531046766,0.0197449016192918,0.0499940076677353));
#7236=CARTESIAN_POINT('',(0.0299999524106957,0.0197449181679364,0.0499934052627788));
#7237=CARTESIAN_POINT('',(0.0299999503167159,0.0197449761536328,0.0499915932853081));
#7238=CARTESIAN_POINT('',(0.0299999488728055,0.0197450259295747,0.0499903793647981));
#7239=CARTESIAN_POINT('',(0.0299999443677539,0.019745148948989,0.049987924347218));
#7240=CARTESIAN_POINT('',(0.0299999413066127,0.0197452221924614,0.0499866832501481));
#7241=CARTESIAN_POINT('',(0.0299999366761644,0.0197453077846529,0.0499854209120477));
#7242=CARTESIAN_POINT('',(0.03,0.0196025051622461,0.0500072465082392));
#7243=CARTESIAN_POINT('',(0.03,0.0196024692219591,0.0500066164139652));
#7244=CARTESIAN_POINT('',(0.03,0.0196024369373831,0.0500059975749221));
#7245=CARTESIAN_POINT('',(0.03,0.019602380307188,0.0500047764238715));
#7246=CARTESIAN_POINT('',(0.03,0.0196023559615692,0.0500041741118639));
#7247=CARTESIAN_POINT('',(0.03,0.0196023258680102,0.0500032785515594));
#7248=CARTESIAN_POINT('',(0.03,0.0196023169076355,0.050002981349409));
#7249=CARTESIAN_POINT('',(0.03,0.0196023012069511,0.0500023888330822));
#7250=CARTESIAN_POINT('',(0.03,0.0196022944666413,0.0500020935189057));
#7251=CARTESIAN_POINT('',(0.03,0.019602283284529,0.0500015040305985));
#7252=CARTESIAN_POINT('',(0.03,0.0196022788427262,0.0500012098564678));
#7253=CARTESIAN_POINT('',(0.03,0.0196022739627338,0.0500007688893596));
#7254=CARTESIAN_POINT('',(0.03,0.0196022726331883,0.0500006219493382));
#7255=CARTESIAN_POINT('',(0.03,0.0196022705781397,0.0500003280738338));
#7256=CARTESIAN_POINT('',(0.03,0.0196022698526367,0.0500001811383507));
#7257=CARTESIAN_POINT('',(0.03,0.0196022690154782,0.0499998871784318));
#7258=CARTESIAN_POINT('',(0.03,0.0196022689038228,0.049999740153996));
#7259=CARTESIAN_POINT('',(0.03,0.019602269304165,0.0499994459226806));
#7260=CARTESIAN_POINT('',(0.03,0.0196022698161626,0.049999298715801));
#7261=CARTESIAN_POINT('',(0.03,0.0196022723023427,0.04999885668126));
#7262=CARTESIAN_POINT('',(0.03,0.0196022752267124,0.0499985614396963));
#7263=CARTESIAN_POINT('',(0.03,0.0196022836877265,0.0499979691049015));
#7264=CARTESIAN_POINT('',(0.03,0.0196022892243708,0.0499976720116704));
#7265=CARTESIAN_POINT('',(0.03,0.019602302988376,0.0499970752256121));
#7266=CARTESIAN_POINT('',(0.03,0.019602311215737,0.0499967755327851));
#7267=CARTESIAN_POINT('',(0.03,0.0196023400515575,0.0499958714330177));
#7268=CARTESIAN_POINT('',(0.03,0.0196023648137548,0.0499952620047911));
#7269=CARTESIAN_POINT('',(0.03,0.0196024260423186,0.0499940237748148));
#7270=CARTESIAN_POINT('',(0.03,0.0196024625086853,0.0499933949730651));
#7271=CARTESIAN_POINT('',(0.03,0.0196025051409041,0.0499927534928407));
#7272=CARTESIAN_POINT('',(0.03,0.0194597696925531,0.05));
#7273=CARTESIAN_POINT('',(0.03,0.0194597696925531,0.05));
#7274=CARTESIAN_POINT('',(0.03,0.0194597696925531,0.05));
#7275=CARTESIAN_POINT('',(0.03,0.0194597696925531,0.05));
#7276=CARTESIAN_POINT('',(0.03,0.0194597696925531,0.05));
#7277=CARTESIAN_POINT('',(0.03,0.0194597696925531,0.05));
#7278=CARTESIAN_POINT('',(0.03,0.0194597696925531,0.05));
#7279=CARTESIAN_POINT('',(0.03,0.0194597696925531,0.05));
#7280=CARTESIAN_POINT('',(0.03,0.0194597696925531,0.05));
#7281=CARTESIAN_POINT('',(0.03,0.0194597696925531,0.05));
#7282=CARTESIAN_POINT('',(0.03,0.0194597696925531,0.05));
#7283=CARTESIAN_POINT('',(0.03,0.0194597696925531,0.05));
#7284=CARTESIAN_POINT('',(0.03,0.0194597696925531,0.05));
#7285=CARTESIAN_POINT('',(0.03,0.0194597696925531,0.05));
#7286=CARTESIAN_POINT('',(0.03,0.0194597696925531,0.05));
#7287=CARTESIAN_POINT('',(0.03,0.0194597696925531,0.05));
#7288=CARTESIAN_POINT('',(0.03,0.0194597696925531,0.05));
#7289=CARTESIAN_POINT('',(0.03,0.0194597696925531,0.05));
#7290=CARTESIAN_POINT('',(0.03,0.0194597696925531,0.05));
#7291=CARTESIAN_POINT('',(0.03,0.0194597696925531,0.05));
#7292=CARTESIAN_POINT('',(0.03,0.0194597696925531,0.05));
#7293=CARTESIAN_POINT('',(0.03,0.0194597696925531,0.05));
#7294=CARTESIAN_POINT('',(0.03,0.0194597696925531,0.05));
#7295=CARTESIAN_POINT('',(0.03,0.0194597696925531,0.05));
#7296=CARTESIAN_POINT('',(0.03,0.0194597696925531,0.05));
#7297=CARTESIAN_POINT('',(0.03,0.0194597696925531,0.05));
#7298=CARTESIAN_POINT('',(0.03,0.0194597696925531,0.05));
#7299=CARTESIAN_POINT('',(0.03,0.0194597696925531,0.05));
#7300=CARTESIAN_POINT('',(0.03,0.0194597696925531,0.05));
#7301=CARTESIAN_POINT('',(0.03,0.0194597696925531,0.05));
#7302=CARTESIAN_POINT('',(0.03,0.0194597696925531,0.05));
#7303=CARTESIAN_POINT('',(0.03,0.0219427870365397,0.0498739401937799));
#7304=CARTESIAN_POINT('',(0.0299752073698142,0.0256771016663833,0.0496390639542449));
#7305=CARTESIAN_POINT('',(0.0297764468379653,0.0306712947180604,0.0492281497562444));
#7306=CARTESIAN_POINT('',(0.0295030324497356,0.0343463381498885,0.0488772518952313));
#7307=CARTESIAN_POINT('',(0.0290737857216598,0.0375318939032382,0.0485184792652681));
#7308=CARTESIAN_POINT('',(0.0285477744548123,0.0399081007820088,0.0482139163835974));
#7309=CARTESIAN_POINT('',(0.0280586911798177,0.0415356012495474,0.0479889762493678));
#7310=CARTESIAN_POINT('',(0.0274248049039762,0.0430670549725188,0.0477630096859495));
#7311=CARTESIAN_POINT('',(0.0265701352096133,0.0445102408342266,0.0475390200984169));
#7312=CARTESIAN_POINT('',(0.0254890594420753,0.0456597710778688,0.047357273684896));
#7313=CARTESIAN_POINT('',(0.024210163888287,0.0463439459548284,0.0472524573517729));
#7314=CARTESIAN_POINT('',(0.0234108876047092,0.0464960776780576,0.0472298597080051));
#7315=CARTESIAN_POINT('',(0.0229999999999327,0.0464960776780603,0.0472298597080061));
#7316=CARTESIAN_POINT('',(0.023,0.0146440359103271,0.0495));
#7317=CARTESIAN_POINT('',(0.023,0.0146440359103271,0.0495));
#7318=CARTESIAN_POINT('',(0.03,0.0441532436883932,0.0538293545208809));
#7319=CARTESIAN_POINT('',(0.03,0.0467363129305532,0.0473233762477688));
#7320=CARTESIAN_POINT('',(0.023,0.0467363129305532,0.0473233762477688));
#7321=CARTESIAN_POINT('',(0.03,0.0438854145664614,0.0537230183041086));
#7322=CARTESIAN_POINT('',(0.0299999999999979,0.0463071964992406,0.047153004127773));
#7323=CARTESIAN_POINT('',(0.023000000000006,0.0463071965068591,0.0471530041086655));
#7324=CARTESIAN_POINT('',(0.03,0.0433431841271481,0.0535295329739929));
#7325=CARTESIAN_POINT('',(0.030000000000001,0.0455461084470619,0.0468835509437551));
#7326=CARTESIAN_POINT('',(0.0229999999999973,0.0455461084436167,0.0468835509523958));
#7327=CARTESIAN_POINT('',(0.0299999999999999,0.042252005789389,0.0531896487236213));
#7328=CARTESIAN_POINT('',(0.0299999999999994,0.0441511551497767,0.0464495405329572));
#7329=CARTESIAN_POINT('',(0.0230000000000015,0.0441511551517656,0.0464495405279688));
#7330=CARTESIAN_POINT('',(0.03,0.0408754021394279,0.0528254992349399));
#7331=CARTESIAN_POINT('',(0.0300000000000002,0.0425309126178901,0.0460228132815317));
#7332=CARTESIAN_POINT('',(0.0229999999999995,0.0425309126172156,0.0460228132832237));
#7333=CARTESIAN_POINT('',(0.03,0.039212106257815,0.0524488733691665));
#7334=CARTESIAN_POINT('',(0.0299999999999999,0.040658594973507,0.0455990794953048));
#7335=CARTESIAN_POINT('',(0.0230000000000001,0.0406585949736837,0.0455990794948616));
#7336=CARTESIAN_POINT('',(0.03,0.0369827034677447,0.0520061648474473));
#7337=CARTESIAN_POINT('',(0.03,0.0382173150808571,0.045114726341077));
#7338=CARTESIAN_POINT('',(0.0229999999999999,0.0382173150807551,0.0451147263413329));
#7339=CARTESIAN_POINT('',(0.03,0.034179267519796,0.0515387072901024));
#7340=CARTESIAN_POINT('',(0.0300000000000001,0.035223100924453,0.0446160791339069));
#7341=CARTESIAN_POINT('',(0.0230000000000002,0.0352231009244877,0.0446160791338204));
#7342=CARTESIAN_POINT('',(0.03,0.0307967283428366,0.0510730896352695));
#7343=CARTESIAN_POINT('',(0.0299999999999995,0.0316689490628342,0.0441270791853887));
#7344=CARTESIAN_POINT('',(0.0229999999999995,0.0316689490628248,0.0441270791854107));
#7345=CARTESIAN_POINT('',(0.03,0.0273993228740887,0.0506816128945153));
#7346=CARTESIAN_POINT('',(0.0300000000000017,0.0281342002385647,0.0437199200656498));
#7347=CARTESIAN_POINT('',(0.0230000000000017,0.0281342002385677,0.0437199200656485));
#7348=CARTESIAN_POINT('',(0.0300000000000001,0.0228640205614077,0.0502418364690009));
#7349=CARTESIAN_POINT('',(0.0299999999999913,0.0234452795336577,0.0432653511700383));
#7350=CARTESIAN_POINT('',(0.0229999999999911,0.0234452795336533,0.0432653511700164));
#7351=CARTESIAN_POINT('',(0.03,0.0194559418177186,0.0499901739285617));
#7352=CARTESIAN_POINT('',(0.0300000000000391,0.0199441342332623,0.0430069828000635));
#7353=CARTESIAN_POINT('',(0.0230000000000395,0.0199441342332751,0.0430069828001769));
#7354=CARTESIAN_POINT('',(0.03,0.017181724711702,0.0498499001640248));
#7355=CARTESIAN_POINT('',(0.03,0.017612665912817,0.0428631777793024));
#7356=CARTESIAN_POINT('',(0.023,0.017612665912817,0.0428631777793024));
#7357=CARTESIAN_POINT('',(0.023,0.0171817247117021,0.0498499001640248));
#7358=CARTESIAN_POINT('',(0.023,0.0182282962001242,0.0328821458011275));
#7359=CARTESIAN_POINT('',(-0.0260243203293288,-0.043,-0.00930631989465831));
#7360=CARTESIAN_POINT('',(-0.0233271502174483,0.007,-0.00499188569939275));
#7361=CARTESIAN_POINT('',(-0.0233271502174483,-0.0402206993973609,-0.00499188569939275));
#7362=CARTESIAN_POINT('',(-0.0233271502174483,0.0042206993973609,-0.00499188569939275));
#7363=CARTESIAN_POINT('',(-0.0233271502174483,0.0042206993973609,-0.00499188569939275));
#7364=CARTESIAN_POINT('',(-0.0241539016644974,0.00540455360913908,-0.00631436984617388));
#7365=CARTESIAN_POINT('',(-0.0261248456623912,0.00671068532653107,-0.00946712174121018));
#7366=CARTESIAN_POINT('',(-0.0281651392611309,0.00700000000000001,-0.0127308063089763));
#7367=CARTESIAN_POINT('',(-0.0291927151747816,0.007,-0.0143745323166752));
#7368=CARTESIAN_POINT('',(-0.0291927151747816,0.007,-0.0143745323166752));
#7369=CARTESIAN_POINT('',(-0.0260243203293288,0.007,-0.00930631989465831));
#7370=CARTESIAN_POINT('',(-0.03,0.007,-0.0156658773600966));
#7371=CARTESIAN_POINT('',(-0.03,-0.043,-0.0156658773600966));
#7372=CARTESIAN_POINT('',(-0.03,-0.043,-0.0156658773600966));
#7373=CARTESIAN_POINT('',(-0.0260243203293288,-0.043,-0.00930631989465831));
#7374=CARTESIAN_POINT('',(-0.0291927151747816,-0.043,-0.0143745323166752));
#7375=CARTESIAN_POINT('',(-0.0291927151747816,-0.043,-0.0143745323166752));
#7376=CARTESIAN_POINT('',(-0.0281643054843189,-0.043,-0.0127294725869492));
#7377=CARTESIAN_POINT('',(-0.0266372044813239,-0.0427956873735423,-0.0102866986744235));
#7378=CARTESIAN_POINT('',(-0.0246443044539302,-0.0417104463406134,-0.00709882558178469));
#7379=CARTESIAN_POINT('',(-0.0237421413501524,-0.0408149396639557,-0.00565571180579363));
#7380=CARTESIAN_POINT('',(-0.0233271502174483,-0.0402206993973606,-0.00499188569939282));
#7381=CARTESIAN_POINT('',(6.93889390390723E-18,-0.043,-0.06));
#7382=CARTESIAN_POINT('',(6.93889390390723E-18,0.007,-0.06));
#7383=CARTESIAN_POINT('',(0.03,0.007,-0.0156658773600966));
#7384=CARTESIAN_POINT('',(0.03,-0.043,-0.0156658773600966));
#7385=CARTESIAN_POINT('',(0.03,-0.043,-0.0156658773600966));
#7386=CARTESIAN_POINT('',(6.93889390390723E-18,-0.043,-0.06));
#7387=CARTESIAN_POINT('',(0.0260243203293288,-0.043,-0.00930631989465829));
#7388=CARTESIAN_POINT('',(0.0260243203293288,0.007,-0.00930631989465829));
#7389=CARTESIAN_POINT('',(0.0291927151747817,0.007,-0.0143745323166752));
#7390=CARTESIAN_POINT('',(0.0291927151747817,0.007,-0.0143745323166752));
#7391=CARTESIAN_POINT('',(0.0281643054843189,0.007,-0.0127294725869493));
#7392=CARTESIAN_POINT('',(0.026637204481324,0.00679568737354227,-0.0102866986744235));
#7393=CARTESIAN_POINT('',(0.0246443044539302,0.00571044634061337,-0.00709882558178472));
#7394=CARTESIAN_POINT('',(0.0237421413501524,0.00481493966395567,-0.00565571180579365));
#7395=CARTESIAN_POINT('',(0.0233271502174484,0.00422069939736061,-0.00499188569939284));
#7396=CARTESIAN_POINT('',(0.0233271502174483,0.00422069939736091,-0.00499188569939277));
#7397=CARTESIAN_POINT('',(0.0233271502174483,-0.043,-0.00499188569939277));
#7398=CARTESIAN_POINT('',(0.0233271502174483,-0.0402206993973609,-0.00499188569939277));
#7399=CARTESIAN_POINT('',(0.0233271502174483,-0.0402206993973609,-0.00499188569939277));
#7400=CARTESIAN_POINT('',(0.0241539016644974,-0.0414045536091391,-0.0063143698461739));
#7401=CARTESIAN_POINT('',(0.0261248456623912,-0.0427106853265311,-0.00946712174121022));
#7402=CARTESIAN_POINT('',(0.028165139261131,-0.043,-0.0127308063089763));
#7403=CARTESIAN_POINT('',(0.0291927151747817,-0.043,-0.0143745323166752));
#7404=CARTESIAN_POINT('',(0.0291927151747817,-0.043,-0.0143745323166752));
#7405=CARTESIAN_POINT('',(0.0260243203293288,-0.043,-0.00930631989465829));
#7406=CARTESIAN_POINT('',(-8.67361737988404E-18,-0.043,-0.06));
#7407=CARTESIAN_POINT('',(-8.67361737988404E-18,-0.036,-0.06));
#7408=CARTESIAN_POINT('',(0.0196391380848657,-0.036,-0.0020731605601856));
#7409=CARTESIAN_POINT('',(0.0196391380848657,-0.043,-0.00207316056018559));
#7410=CARTESIAN_POINT('',(0.0196391380848657,0.,-0.0020731605601856));
#7411=CARTESIAN_POINT('',(-8.67361737988404E-18,0.,-0.06));
#7412=CARTESIAN_POINT('',(-0.0196391380848656,0.,-0.00207316056018557));
#7413=CARTESIAN_POINT('',(-0.0196391380848656,-0.043,-0.00207316056018558));
#7414=CARTESIAN_POINT('',(-0.0196391380848656,-0.036,-0.00207316056018557));
#7415=CARTESIAN_POINT('',(-8.67361737988404E-18,-0.036,-0.06));
#7416=CARTESIAN_POINT('',(0.00381732342683626,-0.043,-0.023204626613161));
#7417=CARTESIAN_POINT('',(-8.67361737988404E-18,-0.043,-0.06));
#7418=CARTESIAN_POINT('',(0.00381732342683626,0.007,-0.023204626613161));
#7419=CARTESIAN_POINT('',(-8.67361737988404E-18,0.007,-0.06));
#7420=CARTESIAN_POINT('',(-8.67361737988404E-18,-0.036,-0.06));
#7421=CARTESIAN_POINT('',(0.0233271502174483,-0.0402206993973609,-0.00499188569939277));
#7422=CARTESIAN_POINT('',(0.0228739049490155,-0.0395716817005452,-0.00426686769761543));
#7423=CARTESIAN_POINT('',(0.0217725107775959,-0.0382034739773958,-0.00307278314535917));
#7424=CARTESIAN_POINT('',(0.0203699423610333,-0.03672616562688,-0.00232092767870029));
#7425=CARTESIAN_POINT('',(0.0196391380848657,-0.036,-0.00207316056018559));
#7426=CARTESIAN_POINT('',(-0.0233271502174483,-0.0402206993973609,-0.00499188569939275));
#7427=CARTESIAN_POINT('',(-0.0228739049490154,-0.0395716817005453,-0.00426686769761542));
#7428=CARTESIAN_POINT('',(-0.021772510777562,-0.0382034739774338,-0.00307278314534767));
#7429=CARTESIAN_POINT('',(-0.0203699423611009,-0.0367261656268041,-0.00232092767872319));
#7430=CARTESIAN_POINT('',(-0.0196391380848656,-0.036,-0.00207316056018557));
#7431=CARTESIAN_POINT('',(0.017391563249706,-0.043,-0.00870252005868593));
#7432=CARTESIAN_POINT('',(0.0233271502174483,0.00422069939736091,-0.00499188569939277));
#7433=CARTESIAN_POINT('',(0.0228739049490155,0.00357168170054526,-0.00426686769761543));
#7434=CARTESIAN_POINT('',(0.0217725107775095,0.00220347397749282,-0.00307278314532987));
#7435=CARTESIAN_POINT('',(0.0203699423612062,0.000726165626686039,-0.00232092767875889));
#7436=CARTESIAN_POINT('',(0.0196391380848657,0.,-0.00207316056018559));
#7437=CARTESIAN_POINT('',(-0.017391563249706,-0.043,-0.00870252005868592));
#7438=CARTESIAN_POINT('',(-0.0233271502174483,0.0042206993973609,-0.00499188569939275));
#7439=CARTESIAN_POINT('',(-0.0228739049490154,0.00357168170054525,-0.00426686769761541));
#7440=CARTESIAN_POINT('',(-0.0217725107775822,0.00220347397741112,-0.00307278314535452));
#7441=CARTESIAN_POINT('',(-0.0203699423610604,0.000726165626849521,-0.00232092767870947));
#7442=CARTESIAN_POINT('',(-0.0196391380848656,0.,-0.00207316056018557));
#7443=CARTESIAN_POINT('',(-8.67361737988404E-18,0.,-0.06));
#7444=MECHANICAL_DESIGN_GEOMETRIC_PRESENTATION_REPRESENTATION('',(#950),
#7445);
#7445=(
GEOMETRIC_REPRESENTATION_CONTEXT(3)
GLOBAL_UNCERTAINTY_ASSIGNED_CONTEXT((#7446))
GLOBAL_UNIT_ASSIGNED_CONTEXT((#7449,#7448,#7447))
REPRESENTATION_CONTEXT('Antenna Tower V1','TOP_LEVEL_ASSEMBLY_PART')
);
#7446=UNCERTAINTY_MEASURE_WITH_UNIT(LENGTH_MEASURE(2.E-5),#7449,
'DISTANCE_ACCURACY_VALUE','Maximum Tolerance applied to model');
#7447=(
NAMED_UNIT(*)
SI_UNIT($,.STERADIAN.)
SOLID_ANGLE_UNIT()
);
#7448=(
NAMED_UNIT(*)
PLANE_ANGLE_UNIT()
SI_UNIT($,.RADIAN.)
);
#7449=(
LENGTH_UNIT()
NAMED_UNIT(*)
SI_UNIT($,.METRE.)
);
#7450=PRODUCT_DEFINITION_SHAPE('','',#7451);
#7451=PRODUCT_DEFINITION('','',#7453,#7452);
#7452=PRODUCT_DEFINITION_CONTEXT('',#7459,'design');
#7453=PRODUCT_DEFINITION_FORMATION_WITH_SPECIFIED_SOURCE('','',#7455,
 .NOT_KNOWN.);
#7454=PRODUCT_RELATED_PRODUCT_CATEGORY('','',(#7455));
#7455=PRODUCT('Antenna Tower V1','Antenna Tower V1','Antenna Tower V1',
(#7457));
#7456=PRODUCT_CATEGORY('','');
#7457=PRODUCT_CONTEXT('',#7459,'mechanical');
#7458=APPLICATION_PROTOCOL_DEFINITION('international standard',
'ap242_managed_model_based_3d_engineering',2020,#7459);
#7459=APPLICATION_CONTEXT('managed model based 3d engineering');
ENDSEC;
END-ISO-10303-21;
