ISO-10303-21;
HEADER;
/* Generated by software containing ST-Developer
 * from STEP Tools, Inc. (www.steptools.com) 
 */
/* OPTION: using custom renumber hook */

FILE_DESCRIPTION(
/* description */ ('STEP AP242 Edition 2',
'CAx-IF Rec.Pracs.---Representation and Presentation of Product Manufa
cturing Information (PMI)---4.0---2014-10-13',
'CAx-IF Rec.Pracs.---3D Tessellated Geometry---0.4---2014-09-14','2;1',
'CAx-IF Rec.Pracs.---User Defined Attributes---1.5---2016-08-15'),
/* implementation_level */ '2;1');

FILE_NAME(
/* name */ 'Antenna Tower V2 - Antenna Tower V2',
/* time_stamp */ '2026-08-23T20:24:07Z',
/* author */ (''),
/* organization */ (''),
/* preprocessor_version */ 'ST-DEVELOPER v20',
/* originating_system */ 'ONSHAPE BY PTC INC, 1.219',
/* authorisation */ '  ');

FILE_SCHEMA (('AP242_MANAGED_MODEL_BASED_3D_ENGINEERING_MIM_LF { 1 0 10303 442 3 1 4 }'));
ENDSEC;

DATA;
#10=SHAPE_REPRESENTATION_RELATIONSHIP('','',#1797,#11);
#11=ADVANCED_BREP_SHAPE_REPRESENTATION('',(#1795),#3732);
#12=(
BOUNDED_SURFACE()
B_SPLINE_SURFACE(3,2,((#3302,#3303,#3304),(#3305,#3306,#3307),(#3308,#3309,
#3310),(#3311,#3312,#3313),(#3314,#3315,#3316),(#3317,#3318,#3319),(#3320,
#3321,#3322),(#3323,#3324,#3325),(#3326,#3327,#3328),(#3329,#3330,#3331),
(#3332,#3333,#3334),(#3335,#3336,#3337),(#3338,#3339,#3340),(#3341,#3342,
#3343),(#3344,#3345,#3346)),.UNSPECIFIED.,.F.,.F.,.F.)
B_SPLINE_SURFACE_WITH_KNOTS((4,1,1,1,1,1,1,1,1,1,1,1,4),(3,3),(-4.16333634234434E-17,
0.00859806559778965,0.0128970983966845,0.0171961311955794,0.0214951639944742,
0.025794196793369,0.0300932295922639,0.0343922623911587,0.0429903279889484,
0.0515883935867381,0.0601864591845278,0.0644854919834227,0.0687845247823175),
(0.,1.),.UNSPECIFIED.)
GEOMETRIC_REPRESENTATION_ITEM()
RATIONAL_B_SPLINE_SURFACE(((1.,0.707106781186548,1.),(1.,0.707106781186548,
1.),(1.,0.707106781186548,1.),(1.,0.707106781186548,1.),(1.,0.707106781186547,
1.),(1.,0.707106781186547,1.),(1.,0.707106781186547,1.),(1.,0.707106781186548,
1.),(1.,0.707106781186547,1.),(1.,0.707106781186549,1.),(1.,0.707106781186546,
1.),(1.,0.707106781186551,1.),(1.,0.707106781186542,1.),(1.,0.707106781186549,
1.),(1.,0.707106781186549,1.)))
REPRESENTATION_ITEM('')
SURFACE()
);
#13=(
BOUNDED_SURFACE()
B_SPLINE_SURFACE(3,2,((#3354,#3355,#3356),(#3357,#3358,#3359),(#3360,#3361,
#3362),(#3363,#3364,#3365),(#3366,#3367,#3368),(#3369,#3370,#3371),(#3372,
#3373,#3374),(#3375,#3376,#3377),(#3378,#3379,#3380),(#3381,#3382,#3383),
(#3384,#3385,#3386),(#3387,#3388,#3389),(#3390,#3391,#3392),(#3393,#3394,
#3395),(#3396,#3397,#3398)),.UNSPECIFIED.,.F.,.F.,.F.)
B_SPLINE_SURFACE_WITH_KNOTS((4,1,1,1,1,1,1,1,1,1,1,1,4),(3,3),(-4.85722573273506E-17,
0.00859806559778965,0.0128970983966845,0.0171961311955793,0.0214951639944742,
0.025794196793369,0.0300932295922639,0.0343922623911587,0.0429903279889484,
0.0515883935867381,0.0601864591845278,0.0644854919834227,0.0687845247823175),
(0.,1.),.UNSPECIFIED.)
GEOMETRIC_REPRESENTATION_ITEM()
RATIONAL_B_SPLINE_SURFACE(((1.,0.707106781186548,1.),(1.,0.707106781186548,
1.),(1.,0.707106781186548,1.),(1.,0.707106781186548,1.),(1.,0.707106781186547,
1.),(1.,0.707106781186547,1.),(1.,0.707106781186547,1.),(1.,0.707106781186548,
1.),(1.,0.707106781186547,1.),(1.,0.70710678118655,1.),(1.,0.707106781186545,
1.),(1.,0.707106781186553,1.),(1.,0.707106781186545,1.),(1.,0.707106781186546,
1.),(1.,0.707106781186546,1.)))
REPRESENTATION_ITEM('')
SURFACE()
);
#14=(
BOUNDED_SURFACE()
B_SPLINE_SURFACE(3,2,((#3399,#3400,#3401),(#3402,#3403,#3404),(#3405,#3406,
#3407),(#3408,#3409,#3410),(#3411,#3412,#3413),(#3414,#3415,#3416),(#3417,
#3418,#3419)),.UNSPECIFIED.,.F.,.F.,.F.)
B_SPLINE_SURFACE_WITH_KNOTS((4,1,1,1,4),(3,3),(4.96773928250579,5.62697107804764,
6.28620287358949,6.94543466913134,7.60466646467318),(0.,1.),
 .UNSPECIFIED.)
GEOMETRIC_REPRESENTATION_ITEM()
RATIONAL_B_SPLINE_SURFACE(((1.,0.723376942918372,1.),(1.,0.736918704341512,
1.),(1.,0.76071038148862,1.),(1.,0.773967618119939,1.),(1.,0.760472159396119,
1.),(1.,0.736574473494055,1.),(1.,0.723004640213735,1.)))
REPRESENTATION_ITEM('')
SURFACE()
);
#15=(
BOUNDED_SURFACE()
B_SPLINE_SURFACE(3,2,((#3422,#3423,#3424),(#3425,#3426,#3427),(#3428,#3429,
#3430),(#3431,#3432,#3433),(#3434,#3435,#3436),(#3437,#3438,#3439),(#3440,
#3441,#3442),(#3443,#3444,#3445),(#3446,#3447,#3448)),.UNSPECIFIED.,.F.,
 .F.,.F.)
B_SPLINE_SURFACE_WITH_KNOTS((4,1,1,1,1,1,4),(3,3),(-8.23993651088983E-18,
0.00509166949348581,0.0101833389869716,0.0152750084804575,0.0203666779739433,
0.0305500169609149,0.0407333559478865),(0.,1.),.UNSPECIFIED.)
GEOMETRIC_REPRESENTATION_ITEM()
RATIONAL_B_SPLINE_SURFACE(((1.,0.683242929733062,1.),(1.,0.690974702467799,
1.),(1.,0.701431970780084,1.),(1.,0.711163955907921,1.),(1.,0.716845879983689,
1.),(1.,0.721545847122418,1.),(1.,0.72394133688903,1.),(1.,0.723737849132006,
1.),(1.,0.72300464021374,1.)))
REPRESENTATION_ITEM('')
SURFACE()
);
#16=(
BOUNDED_SURFACE()
B_SPLINE_SURFACE(3,2,((#3450,#3451,#3452),(#3453,#3454,#3455),(#3456,#3457,
#3458),(#3459,#3460,#3461),(#3462,#3463,#3464),(#3465,#3466,#3467),(#3468,
#3469,#3470),(#3471,#3472,#3473),(#3474,#3475,#3476)),.UNSPECIFIED.,.F.,
 .F.,.F.)
B_SPLINE_SURFACE_WITH_KNOTS((4,1,1,1,1,1,4),(3,3),(1.73472347597681E-17,
0.00509439254984049,0.010188785099681,0.0152831776495214,0.0203775701993619,
0.0305663552990428,0.0407551403987238),(0.,1.),.UNSPECIFIED.)
GEOMETRIC_REPRESENTATION_ITEM()
RATIONAL_B_SPLINE_SURFACE(((1.,0.683245006864538,1.),(1.,0.690963843718608,
1.),(1.,0.701355490964883,1.),(1.,0.71098514044576,1.),(1.,0.716665718419536,
1.),(1.,0.721416824508113,1.),(1.,0.72396166697194,1.),(1.,0.723963002357155,
1.),(1.,0.723376942918379,1.)))
REPRESENTATION_ITEM('')
SURFACE()
);
#17=(
BOUNDED_SURFACE()
B_SPLINE_SURFACE(3,2,((#3478,#3479,#3480),(#3481,#3482,#3483),(#3484,#3485,
#3486),(#3487,#3488,#3489),(#3490,#3491,#3492),(#3493,#3494,#3495),(#3496,
#3497,#3498)),.UNSPECIFIED.,.F.,.F.,.F.)
B_SPLINE_SURFACE_WITH_KNOTS((4,1,1,1,4),(3,3),(2.16840434497101E-18,0.00257891463915034,
0.00515782927830067,0.00773674391745101,0.0103156585566013),(0.,1.),
 .UNSPECIFIED.)
GEOMETRIC_REPRESENTATION_ITEM()
RATIONAL_B_SPLINE_SURFACE(((1.,0.683242929733085,1.),(1.,0.718851397728632,
1.),(1.,0.788613009200144,1.),(1.,0.888406500317436,1.),(1.,0.959391301771793,
1.),(1.,0.974497775077705,1.),(1.,0.974497774738856,1.)))
REPRESENTATION_ITEM('')
SURFACE()
);
#18=(
BOUNDED_SURFACE()
B_SPLINE_SURFACE(3,2,((#3500,#3501,#3502),(#3503,#3504,#3505),(#3506,#3507,
#3508),(#3509,#3510,#3511),(#3512,#3513,#3514),(#3515,#3516,#3517),(#3518,
#3519,#3520)),.UNSPECIFIED.,.F.,.F.,.F.)
B_SPLINE_SURFACE_WITH_KNOTS((4,1,1,1,4),(3,3),(-7.37257477290143E-18,0.00257166593370666,
0.00514333186741333,0.00771499780112,0.0102866637348267),(0.,1.),
 .UNSPECIFIED.)
GEOMETRIC_REPRESENTATION_ITEM()
RATIONAL_B_SPLINE_SURFACE(((1.,0.974497774738858,1.),(1.,0.974497775012239,
1.),(1.,0.959498253038683,1.),(1.,0.888349451834962,1.),(1.,0.788387596376851,
1.),(1.,0.718927236990884,1.),(1.,0.68324500686456,1.)))
REPRESENTATION_ITEM('')
SURFACE()
);
#19=TOROIDAL_SURFACE('',#1878,0.0205,0.002);
#20=CIRCLE('',#1811,0.0175);
#21=CIRCLE('',#1812,0.0175);
#22=CIRCLE('',#1814,0.0175);
#23=CIRCLE('',#1815,0.0175);
#24=CIRCLE('',#1817,0.0175);
#25=CIRCLE('',#1818,0.0175);
#26=CIRCLE('',#1821,0.0225);
#27=CIRCLE('',#1822,0.0225);
#28=CIRCLE('',#1827,0.002);
#29=CIRCLE('',#1828,0.002);
#30=CIRCLE('',#1829,0.002);
#31=CIRCLE('',#1830,0.002);
#32=CIRCLE('',#1831,0.0045);
#33=CIRCLE('',#1832,0.0045);
#34=CIRCLE('',#1833,0.0045);
#35=CIRCLE('',#1834,0.0045);
#36=CIRCLE('',#1837,0.0205);
#37=CIRCLE('',#1838,0.0205);
#38=CIRCLE('',#1840,0.0045);
#39=CIRCLE('',#1841,0.0045);
#40=CIRCLE('',#1842,0.0045);
#41=CIRCLE('',#1843,0.0045);
#42=CIRCLE('',#1849,0.002);
#43=CIRCLE('',#1852,0.002);
#44=CIRCLE('',#1855,0.002);
#45=CIRCLE('',#1858,0.002);
#46=CIRCLE('',#1879,0.002);
#47=CIRCLE('',#1880,0.002);
#48=CIRCLE('',#1882,0.002);
#49=CIRCLE('',#1884,0.002);
#50=CIRCLE('',#1885,0.002);
#51=CIRCLE('',#1886,0.002);
#52=CIRCLE('',#1887,0.002);
#53=CIRCLE('',#1888,0.002);
#54=CIRCLE('',#1889,0.002);
#55=CIRCLE('',#1891,0.0511302);
#56=CIRCLE('',#1892,0.0511302);
#57=CIRCLE('',#1893,0.05715);
#58=CIRCLE('',#1894,0.0511302);
#59=CIRCLE('',#1896,0.0511302);
#60=CIRCLE('',#1897,0.05715);
#61=CIRCLE('',#1898,0.0511302);
#62=CIRCLE('',#1899,0.0511302);
#63=PLANE('',#1802);
#64=PLANE('',#1803);
#65=PLANE('',#1804);
#66=PLANE('',#1805);
#67=PLANE('',#1806);
#68=PLANE('',#1807);
#69=PLANE('',#1808);
#70=PLANE('',#1809);
#71=PLANE('',#1819);
#72=PLANE('',#1823);
#73=PLANE('',#1824);
#74=PLANE('',#1825);
#75=PLANE('',#1826);
#76=PLANE('',#1835);
#77=PLANE('',#1839);
#78=PLANE('',#1850);
#79=PLANE('',#1853);
#80=PLANE('',#1856);
#81=PLANE('',#1859);
#82=PLANE('',#1860);
#83=PLANE('',#1861);
#84=PLANE('',#1862);
#85=PLANE('',#1863);
#86=PLANE('',#1864);
#87=PLANE('',#1865);
#88=PLANE('',#1866);
#89=PLANE('',#1867);
#90=PLANE('',#1868);
#91=PLANE('',#1869);
#92=PLANE('',#1870);
#93=PLANE('',#1871);
#94=PLANE('',#1872);
#95=PLANE('',#1873);
#96=PLANE('',#1874);
#97=PLANE('',#1875);
#98=PLANE('',#1876);
#99=PLANE('',#1877);
#100=PLANE('',#1890);
#101=PLANE('',#1895);
#102=PLANE('',#1900);
#103=PLANE('',#1903);
#104=PLANE('',#1905);
#105=PLANE('',#1906);
#106=PLANE('',#1909);
#107=PLANE('',#1911);
#108=PLANE('',#1913);
#109=PLANE('',#1915);
#110=PLANE('',#1918);
#111=CYLINDRICAL_SURFACE('',#1800,0.0005);
#112=CYLINDRICAL_SURFACE('',#1810,0.0175);
#113=CYLINDRICAL_SURFACE('',#1813,0.0175);
#114=CYLINDRICAL_SURFACE('',#1816,0.0175);
#115=CYLINDRICAL_SURFACE('',#1820,0.0225);
#116=CYLINDRICAL_SURFACE('',#1844,0.0045);
#117=CYLINDRICAL_SURFACE('',#1845,0.0045);
#118=CYLINDRICAL_SURFACE('',#1846,0.0045);
#119=CYLINDRICAL_SURFACE('',#1847,0.0045);
#120=CYLINDRICAL_SURFACE('',#1848,0.002);
#121=CYLINDRICAL_SURFACE('',#1851,0.002);
#122=CYLINDRICAL_SURFACE('',#1854,0.002);
#123=CYLINDRICAL_SURFACE('',#1857,0.002);
#124=CYLINDRICAL_SURFACE('',#1881,0.002);
#125=CYLINDRICAL_SURFACE('',#1883,0.002);
#126=CYLINDRICAL_SURFACE('',#1904,0.0511302);
#127=CYLINDRICAL_SURFACE('',#1910,0.0511302);
#128=CYLINDRICAL_SURFACE('',#1912,0.05715);
#129=CYLINDRICAL_SURFACE('',#1914,0.0511302);
#130=CYLINDRICAL_SURFACE('',#1916,0.05715);
#131=CYLINDRICAL_SURFACE('',#1919,0.002);
#132=CYLINDRICAL_SURFACE('',#1920,0.002);
#133=CYLINDRICAL_SURFACE('',#1921,0.002);
#134=CYLINDRICAL_SURFACE('',#1922,0.002);
#135=ELLIPSE('',#1799,0.00759908417239785,0.00385721590926878);
#136=ELLIPSE('',#1801,0.000685366006233168,0.0005);
#137=ELLIPSE('',#1836,0.00254356571814058,0.0025);
#138=ELLIPSE('',#1901,0.00217598307342894,0.002);
#139=ELLIPSE('',#1902,0.00217598307342894,0.002);
#140=ELLIPSE('',#1907,0.00217598307342894,0.002);
#141=ELLIPSE('',#1908,0.00217598307342894,0.002);
#142=ELLIPSE('',#1917,0.00759908417239785,0.00385721590926878);
#143=B_SPLINE_CURVE_WITH_KNOTS('',3,(#2348,#2349,#2350,#2351,#2352,#2353,
#2354,#2355,#2356,#2357,#2358,#2359,#2360,#2361,#2362),.UNSPECIFIED.,.F.,
 .F.,(4,1,1,1,1,1,1,1,1,1,1,1,4),(0.,0.0117664256904876,0.0176496385357314,
0.0235328513809752,0.029416064226219,0.0323576706488409,0.0352992770714628,
0.0382408834940847,0.0411824899167066,0.0426532931280176,0.0441240963393285,
0.0455948995506395,0.0470657027619504),.UNSPECIFIED.);
#144=B_SPLINE_CURVE_WITH_KNOTS('',3,(#2366,#2367,#2368,#2369,#2370,#2371,
#2372,#2373),.UNSPECIFIED.,.F.,.F.,(4,1,1,1,1,4),(-5.99999999912801E-8,
0.00100590727528646,0.00201187455057291,0.00402380910114582,0.00603574365171872,
0.00804767820229163),.UNSPECIFIED.);
#145=B_SPLINE_CURVE_WITH_KNOTS('',3,(#2375,#2376,#2377,#2378,#2379,#2380,
#2381,#2382,#2383),.UNSPECIFIED.,.F.,.F.,(4,1,1,1,1,1,4),(0.,0.00494215094960184,
0.00988430189920367,0.0148264528488055,0.0197686037984073,0.029652905697611,
0.0395372075968147),.UNSPECIFIED.);
#146=B_SPLINE_CURVE_WITH_KNOTS('',3,(#2410,#2411,#2412,#2413,#2414,#2415,
#2416,#2417,#2418,#2419,#2420,#2421,#2422,#2423,#2424),.UNSPECIFIED.,.F.,
 .F.,(4,1,1,1,1,1,1,1,1,1,1,1,4),(0.,0.00147529612945281,0.00295059225890562,
0.00442588838835842,0.00590118451781123,0.00885177677671685,0.0118023690356225,
0.0147529612945281,0.0177035535534337,0.0236047380712449,0.0295059225890562,
0.0354071071068674,0.0472094761424899),.UNSPECIFIED.);
#147=B_SPLINE_CURVE_WITH_KNOTS('',3,(#2428,#2429,#2430,#2431,#2432,#2433,
#2434,#2435,#2436),.UNSPECIFIED.,.F.,.F.,(4,1,1,1,1,1,4),(0.,0.00985028792603087,
0.0197005758520617,0.0246257198150772,0.0295508637780926,0.0344760077411081,
0.0394011517041235),.UNSPECIFIED.);
#148=B_SPLINE_CURVE_WITH_KNOTS('',3,(#2438,#2439,#2440,#2441,#2442,#2443,
#2444),.UNSPECIFIED.,.F.,.F.,(4,1,1,1,4),(0.,0.0020269121738181,0.0040538243476362,
0.00608073652145429,0.00810764869527239),.UNSPECIFIED.);
#149=B_SPLINE_CURVE_WITH_KNOTS('',3,(#2499,#2500,#2501,#2502),
 .UNSPECIFIED.,.F.,.F.,(4,4),(0.000965436421670156,0.00114652220483361),
 .UNSPECIFIED.);
#150=B_SPLINE_CURVE_WITH_KNOTS('',3,(#2505,#2506,#2507,#2508,#2509,#2510,
#2511,#2512,#2513,#2514,#2515,#2516,#2517,#2518,#2519),.UNSPECIFIED.,.F.,
 .F.,(4,1,1,1,1,1,1,1,1,1,1,1,4),(0.00914353957056908,0.0114866234538396,
0.0138297073371101,0.0150012492787453,0.0161727912203806,0.0173443331620158,
0.0185158751036511,0.0196874170452864,0.0208589589869216,0.0220305009285569,
0.0232020428701921,0.0255451267534626,0.0278882106367331),.UNSPECIFIED.);
#151=B_SPLINE_CURVE_WITH_KNOTS('',3,(#2521,#2522,#2523,#2524),
 .UNSPECIFIED.,.F.,.F.,(4,4),(0.000964858838289742,0.00114594407604314),
 .UNSPECIFIED.);
#152=B_SPLINE_CURVE_WITH_KNOTS('',3,(#2526,#2527,#2528,#2529,#2530,#2531,
#2532,#2533,#2534,#2535,#2536,#2537,#2538,#2539,#2540),.UNSPECIFIED.,.F.,
 .F.,(4,1,1,1,1,1,1,1,1,1,1,1,4),(0.00859921807586937,0.0108787376112296,
0.0131582571465899,0.01429801691427,0.0154377766819502,0.0165775364496303,
0.0177172962173104,0.0188570559849905,0.0199968157526707,0.0211365755203508,
0.0222763352880309,0.0245558548233912,0.0268353743587514),.UNSPECIFIED.);
#153=B_SPLINE_CURVE_WITH_KNOTS('',3,(#2544,#2545,#2546,#2547,#2548),
 .UNSPECIFIED.,.F.,.F.,(4,1,4),(7.12692857400936E-18,0.000660774708767721,
0.00132154941753543),.UNSPECIFIED.);
#154=B_SPLINE_CURVE_WITH_KNOTS('',3,(#2556,#2557,#2558,#2559),
 .UNSPECIFIED.,.F.,.F.,(4,4),(0.,1.),.PIECEWISE_BEZIER_KNOTS.);
#155=B_SPLINE_CURVE_WITH_KNOTS('',3,(#2563,#2564,#2565,#2566,#2567),
 .UNSPECIFIED.,.F.,.F.,(4,1,4),(0.,0.449498237282193,1.),.UNSPECIFIED.);
#156=B_SPLINE_CURVE_WITH_KNOTS('',3,(#2584,#2585,#2586,#2587,#2588),
 .UNSPECIFIED.,.F.,.F.,(4,1,4),(0.,0.449498237282193,1.),.UNSPECIFIED.);
#157=B_SPLINE_CURVE_WITH_KNOTS('',3,(#2589,#2590,#2591,#2592),
 .UNSPECIFIED.,.F.,.F.,(4,4),(0.,1.),.PIECEWISE_BEZIER_KNOTS.);
#158=B_SPLINE_CURVE_WITH_KNOTS('',3,(#2610,#2611,#2612,#2613,#2614),
 .UNSPECIFIED.,.F.,.F.,(4,1,4),(0.,0.434113495788509,1.),.UNSPECIFIED.);
#159=B_SPLINE_CURVE_WITH_KNOTS('',3,(#2618,#2619,#2620,#2621),
 .UNSPECIFIED.,.F.,.F.,(4,4),(0.,1.),.PIECEWISE_BEZIER_KNOTS.);
#160=B_SPLINE_CURVE_WITH_KNOTS('',3,(#2631,#2632,#2633,#2634),
 .UNSPECIFIED.,.F.,.F.,(4,4),(0.,1.),.PIECEWISE_BEZIER_KNOTS.);
#161=B_SPLINE_CURVE_WITH_KNOTS('',3,(#2635,#2636,#2637,#2638,#2639),
 .UNSPECIFIED.,.F.,.F.,(4,1,4),(0.,0.434113495788509,1.),.UNSPECIFIED.);
#162=B_SPLINE_CURVE_WITH_KNOTS('',3,(#2683,#2684,#2685,#2686,#2687),
 .UNSPECIFIED.,.F.,.F.,(4,1,4),(0.,0.449498237282193,1.),.UNSPECIFIED.);
#163=B_SPLINE_CURVE_WITH_KNOTS('',3,(#2691,#2692,#2693,#2694,#2695),
 .UNSPECIFIED.,.F.,.F.,(4,1,4),(0.,0.449498237282193,1.),.UNSPECIFIED.);
#164=B_SPLINE_CURVE_WITH_KNOTS('',3,(#2709,#2710,#2711,#2712,#2713),
 .UNSPECIFIED.,.F.,.F.,(4,1,4),(0.,0.449498237282193,1.),.UNSPECIFIED.);
#165=B_SPLINE_CURVE_WITH_KNOTS('',3,(#2717,#2718,#2719,#2720,#2721),
 .UNSPECIFIED.,.F.,.F.,(4,1,4),(0.,0.449498237282193,1.),.UNSPECIFIED.);
#166=B_SPLINE_CURVE_WITH_KNOTS('',3,(#2734,#2735,#2736,#2737,#2738),
 .UNSPECIFIED.,.F.,.F.,(4,1,4),(0.,0.449498237282193,1.),.UNSPECIFIED.);
#167=B_SPLINE_CURVE_WITH_KNOTS('',3,(#2743,#2744,#2745,#2746,#2747),
 .UNSPECIFIED.,.F.,.F.,(4,1,4),(0.,0.449498237282193,1.),.UNSPECIFIED.);
#168=B_SPLINE_CURVE_WITH_KNOTS('',3,(#2751,#2752,#2753,#2754,#2755),
 .UNSPECIFIED.,.F.,.F.,(4,1,4),(0.,0.449498237282193,1.),.UNSPECIFIED.);
#169=B_SPLINE_CURVE_WITH_KNOTS('',3,(#2759,#2760,#2761,#2762,#2763),
 .UNSPECIFIED.,.F.,.F.,(4,1,4),(0.,0.449498237282193,1.),.UNSPECIFIED.);
#170=B_SPLINE_CURVE_WITH_KNOTS('',3,(#2774,#2775,#2776,#2777,#2778),
 .UNSPECIFIED.,.F.,.F.,(4,1,4),(0.,0.449498237282193,1.),.UNSPECIFIED.);
#171=B_SPLINE_CURVE_WITH_KNOTS('',3,(#2782,#2783,#2784,#2785,#2786),
 .UNSPECIFIED.,.F.,.F.,(4,1,4),(0.,0.449498237282193,1.),.UNSPECIFIED.);
#172=B_SPLINE_CURVE_WITH_KNOTS('',3,(#2841,#2842,#2843,#2844,#2845,#2846,
#2847,#2848,#2849,#2850,#2851,#2852),.UNSPECIFIED.,.F.,.F.,(4,1,1,1,1,1,
1,1,1,4),(0.,0.0086888143634483,0.0173776287268966,0.0217220359086208,0.0260664430903449,
0.0347552574537932,0.0434440718172415,0.0521328861806898,0.0608217005441381,
0.0695105149075864),.UNSPECIFIED.);
#173=B_SPLINE_CURVE_WITH_KNOTS('',3,(#2856,#2857,#2858,#2859,#2860),
 .UNSPECIFIED.,.F.,.F.,(4,1,4),(0.,0.434113495788509,1.),.UNSPECIFIED.);
#174=B_SPLINE_CURVE_WITH_KNOTS('',3,(#2896,#2897,#2898,#2899,#2900,#2901,
#2902,#2903,#2904,#2905,#2906),.UNSPECIFIED.,.F.,.F.,(4,1,1,1,1,1,1,1,4),
(0.,0.00878113676447718,0.0175622735289544,0.0263434102934315,0.0351245470579087,
0.0439056838223859,0.0526868205868631,0.0614679573513402,0.0702490941158174),
 .UNSPECIFIED.);
#175=B_SPLINE_CURVE_WITH_KNOTS('',3,(#2907,#2908,#2909,#2910,#2911),
 .UNSPECIFIED.,.F.,.F.,(4,1,4),(0.,0.434113495788509,1.),.UNSPECIFIED.);
#176=B_SPLINE_CURVE_WITH_KNOTS('',3,(#2915,#2916,#2917,#2918,#2919),
 .UNSPECIFIED.,.F.,.F.,(4,1,4),(0.,0.434113495788509,1.),.UNSPECIFIED.);
#177=B_SPLINE_CURVE_WITH_KNOTS('',3,(#2920,#2921,#2922,#2923,#2924),
 .UNSPECIFIED.,.F.,.F.,(4,1,4),(0.,0.434113495788509,1.),.UNSPECIFIED.);
#178=B_SPLINE_CURVE_WITH_KNOTS('',3,(#2929,#2930,#2931,#2932),
 .UNSPECIFIED.,.F.,.F.,(4,4),(0.,1.),.PIECEWISE_BEZIER_KNOTS.);
#179=B_SPLINE_CURVE_WITH_KNOTS('',3,(#2936,#2937,#2938,#2939),
 .UNSPECIFIED.,.F.,.F.,(4,4),(0.,1.),.PIECEWISE_BEZIER_KNOTS.);
#180=B_SPLINE_CURVE_WITH_KNOTS('',3,(#2949,#2950,#2951,#2952),
 .UNSPECIFIED.,.F.,.F.,(4,4),(0.,1.),.PIECEWISE_BEZIER_KNOTS.);
#181=B_SPLINE_CURVE_WITH_KNOTS('',3,(#2956,#2957,#2958,#2959),
 .UNSPECIFIED.,.F.,.F.,(4,4),(0.,1.),.PIECEWISE_BEZIER_KNOTS.);
#182=B_SPLINE_CURVE_WITH_KNOTS('',3,(#2978,#2979,#2980,#2981,#2982,#2983,
#2984,#2985,#2986),.UNSPECIFIED.,.F.,.F.,(4,1,1,1,1,1,4),(4.33680868994202E-19,
0.0101521803825065,0.020304360765013,0.0253804509562663,0.0304565411475196,
0.0355326313387728,0.0406087215300261),.UNSPECIFIED.);
#183=B_SPLINE_CURVE_WITH_KNOTS('',3,(#2992,#2993,#2994,#2995,#2996,#2997,
#2998,#2999,#3000,#3001,#3002,#3003),.UNSPECIFIED.,.F.,.F.,(4,1,1,1,1,1,
1,1,1,4),(0.,0.00818354832949323,0.0163670966589865,0.0204588708237331,
0.0245506449884797,0.0327341933179729,0.0409177416474662,0.0491012899769594,
0.0572848383064526,0.0654683866359458),.UNSPECIFIED.);
#184=B_SPLINE_CURVE_WITH_KNOTS('',3,(#3005,#3006,#3007,#3008,#3009,#3010,
#3011,#3012,#3013,#3014,#3015,#3016),.UNSPECIFIED.,.F.,.F.,(4,1,1,1,1,1,
1,1,1,4),(0.,0.00829740320111854,0.0165948064022371,0.0248922096033556,
0.0331896128044742,0.0414870160055927,0.045635717606152,0.0497844192067113,
0.0580818224078298,0.0663792256089484),.UNSPECIFIED.);
#185=B_SPLINE_CURVE_WITH_KNOTS('',3,(#3022,#3023,#3024,#3025,#3026,#3027,
#3028,#3029,#3030),.UNSPECIFIED.,.F.,.F.,(4,1,1,1,1,1,4),(0.,0.00509403449532139,
0.0101880689906428,0.0152821034859642,0.0203761379812856,0.0305642069719284,
0.0407522759625712),.UNSPECIFIED.);
#186=B_SPLINE_CURVE_WITH_KNOTS('',3,(#3032,#3033,#3034,#3035,#3036,#3037,
#3038,#3039,#3040,#3041,#3042,#3043,#3044,#3045,#3046,#3047,#3048,#3049,
#3050,#3051,#3052,#3053,#3054,#3055,#3056,#3057,#3058),.UNSPECIFIED.,.T.,
 .F.,(1,1,1,1,1,1,1,1,1,1,1,1,1,1,1,1,1,1,1,1,1,1,1,1,1,1,1,1,1,1,1),(-0.00344479720228132,
-0.00229653146818755,-0.00114826573409377,0.,0.00114826573409377,0.00229653146818755,
0.00344479720228132,0.0045930629363751,0.00688959440456264,0.00918612587275019,
0.0114826573409377,0.0137791888091253,0.0149274545432191,0.0160757202773128,
0.0172239860114066,0.0183722517455004,0.0195205174795942,0.0206687832136879,
0.0218170489477817,0.0229653146818755,0.025261846150063,0.0275583776182506,
0.0298549090864381,0.0321514405546257,0.0332997062887194,0.0344479720228132,
0.035596237756907,0.0367445034910008,0.0378927692250945,0.0390410349591883,
0.0401893006932821),.UNSPECIFIED.);
#187=B_SPLINE_CURVE_WITH_KNOTS('',3,(#3085,#3086,#3087,#3088),
 .UNSPECIFIED.,.F.,.F.,(4,4),(0.,1.),.PIECEWISE_BEZIER_KNOTS.);
#188=B_SPLINE_CURVE_WITH_KNOTS('',3,(#3103,#3104,#3105,#3106),
 .UNSPECIFIED.,.F.,.F.,(4,4),(0.,1.),.PIECEWISE_BEZIER_KNOTS.);
#189=B_SPLINE_CURVE_WITH_KNOTS('',3,(#3119,#3120,#3121,#3122),
 .UNSPECIFIED.,.F.,.F.,(4,4),(0.,1.),.PIECEWISE_BEZIER_KNOTS.);
#190=B_SPLINE_CURVE_WITH_KNOTS('',3,(#3132,#3133,#3134,#3135),
 .UNSPECIFIED.,.F.,.F.,(4,4),(0.,1.),.PIECEWISE_BEZIER_KNOTS.);
#191=B_SPLINE_CURVE_WITH_KNOTS('',3,(#3160,#3161,#3162,#3163),
 .UNSPECIFIED.,.F.,.F.,(4,4),(0.,1.),.PIECEWISE_BEZIER_KNOTS.);
#192=B_SPLINE_CURVE_WITH_KNOTS('',3,(#3172,#3173,#3174,#3175),
 .UNSPECIFIED.,.F.,.F.,(4,4),(0.,1.),.PIECEWISE_BEZIER_KNOTS.);
#193=B_SPLINE_CURVE_WITH_KNOTS('',3,(#3204,#3205,#3206,#3207),
 .UNSPECIFIED.,.F.,.F.,(4,4),(0.,1.),.PIECEWISE_BEZIER_KNOTS.);
#194=B_SPLINE_CURVE_WITH_KNOTS('',3,(#3223,#3224,#3225,#3226),
 .UNSPECIFIED.,.F.,.F.,(4,4),(0.,1.),.PIECEWISE_BEZIER_KNOTS.);
#195=B_SPLINE_CURVE_WITH_KNOTS('',3,(#3285,#3286,#3287,#3288,#3289),
 .UNSPECIFIED.,.F.,.F.,(4,1,4),(0.,0.00431396674227694,0.00862793348455389),
 .UNSPECIFIED.);
#196=B_SPLINE_CURVE_WITH_KNOTS('',3,(#3291,#3292,#3293,#3294,#3295),
 .UNSPECIFIED.,.F.,.F.,(4,1,4),(0.,0.00430936687476574,0.00861873374953149),
 .UNSPECIFIED.);
#197=B_SPLINE_CURVE_WITH_KNOTS('',3,(#3347,#3348,#3349,#3350,#3351,#3352,
#3353),.UNSPECIFIED.,.F.,.F.,(4,1,1,1,4),(0.,0.00110185309344477,0.00220370618688954,
0.00330555928033431,0.00440741237377907),.UNSPECIFIED.);
#198=B_SPLINE_CURVE_WITH_KNOTS('',3,(#3581,#3582,#3583,#3584,#3585,#3586,
#3587,#3588,#3589,#3590,#3591,#3592,#3593,#3594,#3595,#3596,#3597,#3598,
#3599,#3600,#3601,#3602,#3603,#3604,#3605,#3606,#3607),.UNSPECIFIED.,.T.,
 .F.,(1,1,1,1,1,1,1,1,1,1,1,1,1,1,1,1,1,1,1,1,1,1,1,1,1,1,1,1,1,1,1),(-0.00349825943039464,
-0.00233217295359642,-0.00116608647679822,5.1708956317365E-20,0.00116608647679821,
0.00233217295359643,0.00349825943039464,0.00466434590719286,0.00699651886078929,
0.00932869181438572,0.0116608647679821,0.0139930377215786,0.0151591241983768,
0.016325210675175,0.0174912971519732,0.0186573836287714,0.0198234701055696,
0.0209895565823679,0.0221556430591661,0.0233217295359643,0.0256539024895607,
0.0279860754431571,0.0303182483967536,0.03265042135035,0.0338165078271482,
0.0349825943039464,0.0361486807807447,0.0373147672575429,0.0384808537343411,
0.0396469402111393,0.0408130266879375),.UNSPECIFIED.);
#199=B_SPLINE_CURVE_WITH_KNOTS('',3,(#3621,#3622,#3623,#3624,#3625,#3626,
#3627,#3628,#3629,#3630,#3631,#3632,#3633),.UNSPECIFIED.,.T.,.F.,(1,1,1,
1,1,1,1,1,1,1,1,1,1,1,1,1,1),(-0.00494932759773177,-0.00329955173182118,
-0.00164977586591059,0.,0.00164977586591059,0.00247466379886588,0.00329955173182118,
0.00412443966477647,0.00494932759773177,0.00659910346364236,0.00824887932955295,
0.00989865519546354,0.0115484310613741,0.0131982069272847,0.0148479827931953,
0.0156728707261506,0.0164977586591059),.UNSPECIFIED.);
#200=B_SPLINE_CURVE_WITH_KNOTS('',3,(#3635,#3636,#3637,#3638,#3639,#3640,
#3641,#3642,#3643,#3644,#3645,#3646,#3647),.UNSPECIFIED.,.T.,.F.,(1,1,1,
1,1,1,1,1,1,1,1,1,1,1,1,1,1),(-0.00494932759773175,-0.00329955173182116,
-0.00164977586591058,0.,0.00164977586591058,0.00247466379886587,0.00329955173182116,
0.00412443966477645,0.00494932759773174,0.00659910346364233,0.00824887932955291,
0.00989865519546349,0.0115484310613741,0.0131982069272847,0.0148479827931952,
0.0156728707261505,0.0164977586591058),.UNSPECIFIED.);
#201=B_SPLINE_CURVE_WITH_KNOTS('',3,(#3657,#3658,#3659,#3660,#3661,#3662,
#3663,#3664,#3665,#3666,#3667,#3668,#3669),.UNSPECIFIED.,.T.,.F.,(1,1,1,
1,1,1,1,1,1,1,1,1,1,1,1,1,1),(-0.00330118619544743,-0.00247588964658557,
-0.00165059309772372,0.,0.00165059309772372,0.00330118619544743,0.00495177929317115,
0.00660237239089486,0.00825296548861858,0.00907826203748044,0.00990355858634229,
0.0107288551352042,0.011554151684066,0.0132047447817897,0.0148553378795134,
0.0165059309772372,0.0181565240749609),.UNSPECIFIED.);
#202=B_SPLINE_CURVE_WITH_KNOTS('',3,(#3671,#3672,#3673,#3674,#3675,#3676,
#3677,#3678,#3679,#3680,#3681,#3682,#3683),.UNSPECIFIED.,.T.,.F.,(1,1,1,
1,1,1,1,1,1,1,1,1,1,1,1,1,1),(-0.00330118619544741,-0.00247588964658556,
-0.0016505930977237,0.,0.0016505930977237,0.00330118619544741,0.00495177929317111,
0.00660237239089482,0.00825296548861853,0.00907826203748038,0.00990355858634223,
0.0107288551352041,0.0115541516840659,0.0132047447817896,0.0148553378795133,
0.0165059309772371,0.0181565240749608),.UNSPECIFIED.);
#203=B_SPLINE_CURVE_WITH_KNOTS('',3,(#3688,#3689,#3690,#3691,#3692,#3693,
#3694,#3695,#3696,#3697,#3698,#3699,#3700,#3701,#3702),.UNSPECIFIED.,.F.,
 .F.,(4,1,1,1,1,1,1,1,1,1,1,1,4),(0.0085432879658624,0.0108055492956092,
0.0130678106253559,0.0141989412902293,0.0153300719551027,0.016461202619976,
0.0175923332848494,0.0187234639497228,0.0198545946145962,0.0209857252794695,
0.0221168559443429,0.0243791172740897,0.0266413786038364),.UNSPECIFIED.);
#204=ORIENTED_EDGE('',*,*,#714,.T.);
#205=ORIENTED_EDGE('',*,*,#715,.T.);
#206=ORIENTED_EDGE('',*,*,#716,.T.);
#207=ORIENTED_EDGE('',*,*,#717,.T.);
#208=ORIENTED_EDGE('',*,*,#718,.T.);
#209=ORIENTED_EDGE('',*,*,#716,.F.);
#210=ORIENTED_EDGE('',*,*,#719,.T.);
#211=ORIENTED_EDGE('',*,*,#720,.T.);
#212=ORIENTED_EDGE('',*,*,#721,.T.);
#213=ORIENTED_EDGE('',*,*,#722,.T.);
#214=ORIENTED_EDGE('',*,*,#723,.F.);
#215=ORIENTED_EDGE('',*,*,#724,.T.);
#216=ORIENTED_EDGE('',*,*,#725,.F.);
#217=ORIENTED_EDGE('',*,*,#726,.F.);
#218=ORIENTED_EDGE('',*,*,#727,.T.);
#219=ORIENTED_EDGE('',*,*,#720,.F.);
#220=ORIENTED_EDGE('',*,*,#728,.T.);
#221=ORIENTED_EDGE('',*,*,#714,.F.);
#222=ORIENTED_EDGE('',*,*,#729,.T.);
#223=ORIENTED_EDGE('',*,*,#730,.T.);
#224=ORIENTED_EDGE('',*,*,#731,.T.);
#225=ORIENTED_EDGE('',*,*,#732,.T.);
#226=ORIENTED_EDGE('',*,*,#733,.F.);
#227=ORIENTED_EDGE('',*,*,#734,.T.);
#228=ORIENTED_EDGE('',*,*,#735,.T.);
#229=ORIENTED_EDGE('',*,*,#733,.T.);
#230=ORIENTED_EDGE('',*,*,#736,.T.);
#231=ORIENTED_EDGE('',*,*,#737,.F.);
#232=ORIENTED_EDGE('',*,*,#738,.T.);
#233=ORIENTED_EDGE('',*,*,#739,.F.);
#234=ORIENTED_EDGE('',*,*,#740,.F.);
#235=ORIENTED_EDGE('',*,*,#741,.F.);
#236=ORIENTED_EDGE('',*,*,#742,.F.);
#237=ORIENTED_EDGE('',*,*,#737,.T.);
#238=ORIENTED_EDGE('',*,*,#743,.F.);
#239=ORIENTED_EDGE('',*,*,#744,.F.);
#240=ORIENTED_EDGE('',*,*,#730,.F.);
#241=ORIENTED_EDGE('',*,*,#745,.F.);
#242=ORIENTED_EDGE('',*,*,#740,.T.);
#243=ORIENTED_EDGE('',*,*,#746,.F.);
#244=ORIENTED_EDGE('',*,*,#747,.F.);
#245=ORIENTED_EDGE('',*,*,#748,.F.);
#246=ORIENTED_EDGE('',*,*,#749,.T.);
#247=ORIENTED_EDGE('',*,*,#750,.F.);
#248=ORIENTED_EDGE('',*,*,#749,.F.);
#249=ORIENTED_EDGE('',*,*,#751,.F.);
#250=ORIENTED_EDGE('',*,*,#752,.F.);
#251=ORIENTED_EDGE('',*,*,#753,.T.);
#252=ORIENTED_EDGE('',*,*,#754,.F.);
#253=ORIENTED_EDGE('',*,*,#755,.T.);
#254=ORIENTED_EDGE('',*,*,#756,.T.);
#255=ORIENTED_EDGE('',*,*,#753,.F.);
#256=ORIENTED_EDGE('',*,*,#757,.T.);
#257=ORIENTED_EDGE('',*,*,#747,.T.);
#258=ORIENTED_EDGE('',*,*,#758,.T.);
#259=ORIENTED_EDGE('',*,*,#759,.T.);
#260=ORIENTED_EDGE('',*,*,#755,.F.);
#261=ORIENTED_EDGE('',*,*,#760,.T.);
#262=ORIENTED_EDGE('',*,*,#761,.T.);
#263=ORIENTED_EDGE('',*,*,#762,.T.);
#264=ORIENTED_EDGE('',*,*,#763,.T.);
#265=ORIENTED_EDGE('',*,*,#764,.F.);
#266=ORIENTED_EDGE('',*,*,#765,.T.);
#267=ORIENTED_EDGE('',*,*,#766,.F.);
#268=ORIENTED_EDGE('',*,*,#767,.T.);
#269=ORIENTED_EDGE('',*,*,#768,.T.);
#270=ORIENTED_EDGE('',*,*,#769,.T.);
#271=ORIENTED_EDGE('',*,*,#770,.T.);
#272=ORIENTED_EDGE('',*,*,#771,.T.);
#273=ORIENTED_EDGE('',*,*,#772,.F.);
#274=ORIENTED_EDGE('',*,*,#773,.F.);
#275=ORIENTED_EDGE('',*,*,#738,.F.);
#276=ORIENTED_EDGE('',*,*,#742,.T.);
#277=ORIENTED_EDGE('',*,*,#774,.T.);
#278=ORIENTED_EDGE('',*,*,#775,.T.);
#279=ORIENTED_EDGE('',*,*,#776,.F.);
#280=ORIENTED_EDGE('',*,*,#777,.F.);
#281=ORIENTED_EDGE('',*,*,#778,.T.);
#282=ORIENTED_EDGE('',*,*,#734,.F.);
#283=ORIENTED_EDGE('',*,*,#779,.F.);
#284=ORIENTED_EDGE('',*,*,#780,.T.);
#285=ORIENTED_EDGE('',*,*,#781,.F.);
#286=ORIENTED_EDGE('',*,*,#782,.F.);
#287=ORIENTED_EDGE('',*,*,#783,.F.);
#288=ORIENTED_EDGE('',*,*,#784,.T.);
#289=ORIENTED_EDGE('',*,*,#785,.T.);
#290=ORIENTED_EDGE('',*,*,#786,.F.);
#291=ORIENTED_EDGE('',*,*,#787,.T.);
#292=ORIENTED_EDGE('',*,*,#788,.T.);
#293=ORIENTED_EDGE('',*,*,#789,.F.);
#294=ORIENTED_EDGE('',*,*,#790,.F.);
#295=ORIENTED_EDGE('',*,*,#791,.F.);
#296=ORIENTED_EDGE('',*,*,#792,.T.);
#297=ORIENTED_EDGE('',*,*,#793,.T.);
#298=ORIENTED_EDGE('',*,*,#781,.T.);
#299=ORIENTED_EDGE('',*,*,#794,.T.);
#300=ORIENTED_EDGE('',*,*,#795,.T.);
#301=ORIENTED_EDGE('',*,*,#796,.F.);
#302=ORIENTED_EDGE('',*,*,#797,.T.);
#303=ORIENTED_EDGE('',*,*,#798,.T.);
#304=ORIENTED_EDGE('',*,*,#799,.T.);
#305=ORIENTED_EDGE('',*,*,#800,.F.);
#306=ORIENTED_EDGE('',*,*,#801,.F.);
#307=ORIENTED_EDGE('',*,*,#796,.T.);
#308=ORIENTED_EDGE('',*,*,#802,.T.);
#309=ORIENTED_EDGE('',*,*,#803,.F.);
#310=ORIENTED_EDGE('',*,*,#804,.F.);
#311=ORIENTED_EDGE('',*,*,#803,.T.);
#312=ORIENTED_EDGE('',*,*,#805,.T.);
#313=ORIENTED_EDGE('',*,*,#806,.F.);
#314=ORIENTED_EDGE('',*,*,#751,.T.);
#315=ORIENTED_EDGE('',*,*,#748,.T.);
#316=ORIENTED_EDGE('',*,*,#761,.F.);
#317=ORIENTED_EDGE('',*,*,#807,.F.);
#318=ORIENTED_EDGE('',*,*,#808,.F.);
#319=ORIENTED_EDGE('',*,*,#806,.T.);
#320=ORIENTED_EDGE('',*,*,#809,.T.);
#321=ORIENTED_EDGE('',*,*,#810,.F.);
#322=ORIENTED_EDGE('',*,*,#811,.F.);
#323=ORIENTED_EDGE('',*,*,#807,.T.);
#324=ORIENTED_EDGE('',*,*,#760,.F.);
#325=ORIENTED_EDGE('',*,*,#757,.F.);
#326=ORIENTED_EDGE('',*,*,#752,.T.);
#327=ORIENTED_EDGE('',*,*,#774,.F.);
#328=ORIENTED_EDGE('',*,*,#741,.T.);
#329=ORIENTED_EDGE('',*,*,#745,.T.);
#330=ORIENTED_EDGE('',*,*,#735,.F.);
#331=ORIENTED_EDGE('',*,*,#778,.F.);
#332=ORIENTED_EDGE('',*,*,#812,.F.);
#333=ORIENTED_EDGE('',*,*,#773,.T.);
#334=ORIENTED_EDGE('',*,*,#813,.T.);
#335=ORIENTED_EDGE('',*,*,#814,.F.);
#336=ORIENTED_EDGE('',*,*,#790,.T.);
#337=ORIENTED_EDGE('',*,*,#815,.F.);
#338=ORIENTED_EDGE('',*,*,#769,.F.);
#339=ORIENTED_EDGE('',*,*,#816,.T.);
#340=ORIENTED_EDGE('',*,*,#786,.T.);
#341=ORIENTED_EDGE('',*,*,#817,.T.);
#342=ORIENTED_EDGE('',*,*,#818,.F.);
#343=ORIENTED_EDGE('',*,*,#810,.T.);
#344=ORIENTED_EDGE('',*,*,#819,.T.);
#345=ORIENTED_EDGE('',*,*,#794,.F.);
#346=ORIENTED_EDGE('',*,*,#820,.F.);
#347=ORIENTED_EDGE('',*,*,#821,.T.);
#348=ORIENTED_EDGE('',*,*,#822,.T.);
#349=ORIENTED_EDGE('',*,*,#798,.F.);
#350=ORIENTED_EDGE('',*,*,#823,.T.);
#351=ORIENTED_EDGE('',*,*,#824,.F.);
#352=ORIENTED_EDGE('',*,*,#825,.F.);
#353=ORIENTED_EDGE('',*,*,#826,.F.);
#354=ORIENTED_EDGE('',*,*,#827,.T.);
#355=ORIENTED_EDGE('',*,*,#828,.T.);
#356=ORIENTED_EDGE('',*,*,#829,.T.);
#357=ORIENTED_EDGE('',*,*,#830,.F.);
#358=ORIENTED_EDGE('',*,*,#831,.F.);
#359=ORIENTED_EDGE('',*,*,#832,.F.);
#360=ORIENTED_EDGE('',*,*,#833,.T.);
#361=ORIENTED_EDGE('',*,*,#834,.T.);
#362=ORIENTED_EDGE('',*,*,#835,.T.);
#363=ORIENTED_EDGE('',*,*,#836,.T.);
#364=ORIENTED_EDGE('',*,*,#837,.T.);
#365=ORIENTED_EDGE('',*,*,#838,.T.);
#366=ORIENTED_EDGE('',*,*,#839,.T.);
#367=ORIENTED_EDGE('',*,*,#762,.F.);
#368=ORIENTED_EDGE('',*,*,#840,.T.);
#369=ORIENTED_EDGE('',*,*,#770,.F.);
#370=ORIENTED_EDGE('',*,*,#812,.T.);
#371=ORIENTED_EDGE('',*,*,#777,.T.);
#372=ORIENTED_EDGE('',*,*,#841,.T.);
#373=ORIENTED_EDGE('',*,*,#782,.T.);
#374=ORIENTED_EDGE('',*,*,#793,.F.);
#375=ORIENTED_EDGE('',*,*,#842,.T.);
#376=ORIENTED_EDGE('',*,*,#787,.F.);
#377=ORIENTED_EDGE('',*,*,#816,.F.);
#378=ORIENTED_EDGE('',*,*,#768,.F.);
#379=ORIENTED_EDGE('',*,*,#843,.T.);
#380=ORIENTED_EDGE('',*,*,#797,.F.);
#381=ORIENTED_EDGE('',*,*,#804,.T.);
#382=ORIENTED_EDGE('',*,*,#808,.T.);
#383=ORIENTED_EDGE('',*,*,#811,.T.);
#384=ORIENTED_EDGE('',*,*,#823,.F.);
#385=ORIENTED_EDGE('',*,*,#844,.T.);
#386=ORIENTED_EDGE('',*,*,#845,.T.);
#387=ORIENTED_EDGE('',*,*,#846,.T.);
#388=ORIENTED_EDGE('',*,*,#847,.T.);
#389=ORIENTED_EDGE('',*,*,#848,.T.);
#390=ORIENTED_EDGE('',*,*,#849,.T.);
#391=ORIENTED_EDGE('',*,*,#850,.T.);
#392=ORIENTED_EDGE('',*,*,#851,.T.);
#393=ORIENTED_EDGE('',*,*,#852,.T.);
#394=ORIENTED_EDGE('',*,*,#853,.F.);
#395=ORIENTED_EDGE('',*,*,#780,.F.);
#396=ORIENTED_EDGE('',*,*,#854,.T.);
#397=ORIENTED_EDGE('',*,*,#775,.F.);
#398=ORIENTED_EDGE('',*,*,#813,.F.);
#399=ORIENTED_EDGE('',*,*,#772,.T.);
#400=ORIENTED_EDGE('',*,*,#855,.T.);
#401=ORIENTED_EDGE('',*,*,#764,.T.);
#402=ORIENTED_EDGE('',*,*,#856,.T.);
#403=ORIENTED_EDGE('',*,*,#766,.T.);
#404=ORIENTED_EDGE('',*,*,#815,.T.);
#405=ORIENTED_EDGE('',*,*,#789,.T.);
#406=ORIENTED_EDGE('',*,*,#857,.T.);
#407=ORIENTED_EDGE('',*,*,#791,.T.);
#408=ORIENTED_EDGE('',*,*,#771,.F.);
#409=ORIENTED_EDGE('',*,*,#840,.F.);
#410=ORIENTED_EDGE('',*,*,#765,.F.);
#411=ORIENTED_EDGE('',*,*,#855,.F.);
#412=ORIENTED_EDGE('',*,*,#763,.F.);
#413=ORIENTED_EDGE('',*,*,#843,.F.);
#414=ORIENTED_EDGE('',*,*,#767,.F.);
#415=ORIENTED_EDGE('',*,*,#856,.F.);
#416=ORIENTED_EDGE('',*,*,#788,.F.);
#417=ORIENTED_EDGE('',*,*,#842,.F.);
#418=ORIENTED_EDGE('',*,*,#792,.F.);
#419=ORIENTED_EDGE('',*,*,#857,.F.);
#420=ORIENTED_EDGE('',*,*,#841,.F.);
#421=ORIENTED_EDGE('',*,*,#776,.T.);
#422=ORIENTED_EDGE('',*,*,#854,.F.);
#423=ORIENTED_EDGE('',*,*,#779,.T.);
#424=ORIENTED_EDGE('',*,*,#839,.F.);
#425=ORIENTED_EDGE('',*,*,#858,.F.);
#426=ORIENTED_EDGE('',*,*,#858,.T.);
#427=ORIENTED_EDGE('',*,*,#838,.F.);
#428=ORIENTED_EDGE('',*,*,#859,.F.);
#429=ORIENTED_EDGE('',*,*,#859,.T.);
#430=ORIENTED_EDGE('',*,*,#837,.F.);
#431=ORIENTED_EDGE('',*,*,#860,.F.);
#432=ORIENTED_EDGE('',*,*,#860,.T.);
#433=ORIENTED_EDGE('',*,*,#836,.F.);
#434=ORIENTED_EDGE('',*,*,#861,.F.);
#435=ORIENTED_EDGE('',*,*,#861,.T.);
#436=ORIENTED_EDGE('',*,*,#862,.F.);
#437=ORIENTED_EDGE('',*,*,#863,.F.);
#438=ORIENTED_EDGE('',*,*,#864,.T.);
#439=ORIENTED_EDGE('',*,*,#799,.F.);
#440=ORIENTED_EDGE('',*,*,#822,.F.);
#441=ORIENTED_EDGE('',*,*,#865,.F.);
#442=ORIENTED_EDGE('',*,*,#866,.F.);
#443=ORIENTED_EDGE('',*,*,#865,.T.);
#444=ORIENTED_EDGE('',*,*,#821,.F.);
#445=ORIENTED_EDGE('',*,*,#867,.F.);
#446=ORIENTED_EDGE('',*,*,#868,.T.);
#447=ORIENTED_EDGE('',*,*,#869,.T.);
#448=ORIENTED_EDGE('',*,*,#867,.T.);
#449=ORIENTED_EDGE('',*,*,#820,.T.);
#450=ORIENTED_EDGE('',*,*,#801,.T.);
#451=ORIENTED_EDGE('',*,*,#870,.F.);
#452=ORIENTED_EDGE('',*,*,#864,.F.);
#453=ORIENTED_EDGE('',*,*,#871,.T.);
#454=ORIENTED_EDGE('',*,*,#870,.T.);
#455=ORIENTED_EDGE('',*,*,#800,.T.);
#456=ORIENTED_EDGE('',*,*,#872,.F.);
#457=ORIENTED_EDGE('',*,*,#873,.T.);
#458=ORIENTED_EDGE('',*,*,#874,.T.);
#459=ORIENTED_EDGE('',*,*,#818,.T.);
#460=ORIENTED_EDGE('',*,*,#874,.F.);
#461=ORIENTED_EDGE('',*,*,#875,.T.);
#462=ORIENTED_EDGE('',*,*,#876,.T.);
#463=ORIENTED_EDGE('',*,*,#877,.T.);
#464=ORIENTED_EDGE('',*,*,#783,.T.);
#465=ORIENTED_EDGE('',*,*,#814,.T.);
#466=ORIENTED_EDGE('',*,*,#878,.F.);
#467=ORIENTED_EDGE('',*,*,#879,.T.);
#468=ORIENTED_EDGE('',*,*,#784,.F.);
#469=ORIENTED_EDGE('',*,*,#877,.F.);
#470=ORIENTED_EDGE('',*,*,#880,.F.);
#471=ORIENTED_EDGE('',*,*,#872,.T.);
#472=ORIENTED_EDGE('',*,*,#817,.F.);
#473=ORIENTED_EDGE('',*,*,#785,.F.);
#474=ORIENTED_EDGE('',*,*,#879,.F.);
#475=ORIENTED_EDGE('',*,*,#881,.F.);
#476=ORIENTED_EDGE('',*,*,#824,.T.);
#477=ORIENTED_EDGE('',*,*,#882,.T.);
#478=ORIENTED_EDGE('',*,*,#883,.T.);
#479=ORIENTED_EDGE('',*,*,#884,.F.);
#480=ORIENTED_EDGE('',*,*,#875,.F.);
#481=ORIENTED_EDGE('',*,*,#873,.F.);
#482=ORIENTED_EDGE('',*,*,#880,.T.);
#483=ORIENTED_EDGE('',*,*,#885,.F.);
#484=ORIENTED_EDGE('',*,*,#886,.T.);
#485=ORIENTED_EDGE('',*,*,#758,.F.);
#486=ORIENTED_EDGE('',*,*,#746,.T.);
#487=ORIENTED_EDGE('',*,*,#750,.T.);
#488=ORIENTED_EDGE('',*,*,#887,.T.);
#489=ORIENTED_EDGE('',*,*,#888,.F.);
#490=ORIENTED_EDGE('',*,*,#889,.F.);
#491=ORIENTED_EDGE('',*,*,#828,.F.);
#492=ORIENTED_EDGE('',*,*,#890,.T.);
#493=ORIENTED_EDGE('',*,*,#891,.F.);
#494=ORIENTED_EDGE('',*,*,#887,.F.);
#495=ORIENTED_EDGE('',*,*,#754,.T.);
#496=ORIENTED_EDGE('',*,*,#756,.F.);
#497=ORIENTED_EDGE('',*,*,#759,.F.);
#498=ORIENTED_EDGE('',*,*,#886,.F.);
#499=ORIENTED_EDGE('',*,*,#827,.F.);
#500=ORIENTED_EDGE('',*,*,#825,.T.);
#501=ORIENTED_EDGE('',*,*,#885,.T.);
#502=ORIENTED_EDGE('',*,*,#881,.T.);
#503=ORIENTED_EDGE('',*,*,#878,.T.);
#504=ORIENTED_EDGE('',*,*,#876,.F.);
#505=ORIENTED_EDGE('',*,*,#884,.T.);
#506=ORIENTED_EDGE('',*,*,#892,.T.);
#507=ORIENTED_EDGE('',*,*,#893,.F.);
#508=ORIENTED_EDGE('',*,*,#889,.T.);
#509=ORIENTED_EDGE('',*,*,#894,.F.);
#510=ORIENTED_EDGE('',*,*,#882,.F.);
#511=ORIENTED_EDGE('',*,*,#829,.F.);
#512=ORIENTED_EDGE('',*,*,#826,.T.);
#513=ORIENTED_EDGE('',*,*,#893,.T.);
#514=ORIENTED_EDGE('',*,*,#895,.T.);
#515=ORIENTED_EDGE('',*,*,#890,.F.);
#516=ORIENTED_EDGE('',*,*,#883,.F.);
#517=ORIENTED_EDGE('',*,*,#894,.T.);
#518=ORIENTED_EDGE('',*,*,#888,.T.);
#519=ORIENTED_EDGE('',*,*,#891,.T.);
#520=ORIENTED_EDGE('',*,*,#895,.F.);
#521=ORIENTED_EDGE('',*,*,#892,.F.);
#522=ORIENTED_EDGE('',*,*,#830,.T.);
#523=ORIENTED_EDGE('',*,*,#896,.T.);
#524=ORIENTED_EDGE('',*,*,#897,.T.);
#525=ORIENTED_EDGE('',*,*,#898,.F.);
#526=ORIENTED_EDGE('',*,*,#899,.T.);
#527=ORIENTED_EDGE('',*,*,#731,.F.);
#528=ORIENTED_EDGE('',*,*,#744,.T.);
#529=ORIENTED_EDGE('',*,*,#739,.T.);
#530=ORIENTED_EDGE('',*,*,#900,.T.);
#531=ORIENTED_EDGE('',*,*,#901,.F.);
#532=ORIENTED_EDGE('',*,*,#896,.F.);
#533=ORIENTED_EDGE('',*,*,#835,.F.);
#534=ORIENTED_EDGE('',*,*,#902,.T.);
#535=ORIENTED_EDGE('',*,*,#903,.F.);
#536=ORIENTED_EDGE('',*,*,#900,.F.);
#537=ORIENTED_EDGE('',*,*,#743,.T.);
#538=ORIENTED_EDGE('',*,*,#736,.F.);
#539=ORIENTED_EDGE('',*,*,#732,.F.);
#540=ORIENTED_EDGE('',*,*,#899,.F.);
#541=ORIENTED_EDGE('',*,*,#834,.F.);
#542=ORIENTED_EDGE('',*,*,#904,.T.);
#543=ORIENTED_EDGE('',*,*,#905,.F.);
#544=ORIENTED_EDGE('',*,*,#902,.F.);
#545=ORIENTED_EDGE('',*,*,#833,.F.);
#546=ORIENTED_EDGE('',*,*,#832,.T.);
#547=ORIENTED_EDGE('',*,*,#906,.T.);
#548=ORIENTED_EDGE('',*,*,#862,.T.);
#549=ORIENTED_EDGE('',*,*,#866,.T.);
#550=ORIENTED_EDGE('',*,*,#869,.F.);
#551=ORIENTED_EDGE('',*,*,#907,.T.);
#552=ORIENTED_EDGE('',*,*,#908,.T.);
#553=ORIENTED_EDGE('',*,*,#904,.F.);
#554=ORIENTED_EDGE('',*,*,#831,.T.);
#555=ORIENTED_EDGE('',*,*,#898,.T.);
#556=ORIENTED_EDGE('',*,*,#909,.T.);
#557=ORIENTED_EDGE('',*,*,#907,.F.);
#558=ORIENTED_EDGE('',*,*,#868,.F.);
#559=ORIENTED_EDGE('',*,*,#871,.F.);
#560=ORIENTED_EDGE('',*,*,#863,.T.);
#561=ORIENTED_EDGE('',*,*,#906,.F.);
#562=ORIENTED_EDGE('',*,*,#897,.F.);
#563=ORIENTED_EDGE('',*,*,#901,.T.);
#564=ORIENTED_EDGE('',*,*,#903,.T.);
#565=ORIENTED_EDGE('',*,*,#905,.T.);
#566=ORIENTED_EDGE('',*,*,#908,.F.);
#567=ORIENTED_EDGE('',*,*,#909,.F.);
#568=ORIENTED_EDGE('',*,*,#853,.T.);
#569=ORIENTED_EDGE('',*,*,#727,.F.);
#570=ORIENTED_EDGE('',*,*,#910,.T.);
#571=ORIENTED_EDGE('',*,*,#911,.T.);
#572=ORIENTED_EDGE('',*,*,#851,.F.);
#573=ORIENTED_EDGE('',*,*,#912,.F.);
#574=ORIENTED_EDGE('',*,*,#802,.F.);
#575=ORIENTED_EDGE('',*,*,#913,.F.);
#576=ORIENTED_EDGE('',*,*,#846,.F.);
#577=ORIENTED_EDGE('',*,*,#912,.T.);
#578=ORIENTED_EDGE('',*,*,#850,.F.);
#579=ORIENTED_EDGE('',*,*,#914,.F.);
#580=ORIENTED_EDGE('',*,*,#805,.F.);
#581=ORIENTED_EDGE('',*,*,#913,.T.);
#582=ORIENTED_EDGE('',*,*,#795,.F.);
#583=ORIENTED_EDGE('',*,*,#915,.F.);
#584=ORIENTED_EDGE('',*,*,#847,.F.);
#585=ORIENTED_EDGE('',*,*,#914,.T.);
#586=ORIENTED_EDGE('',*,*,#849,.F.);
#587=ORIENTED_EDGE('',*,*,#916,.F.);
#588=ORIENTED_EDGE('',*,*,#809,.F.);
#589=ORIENTED_EDGE('',*,*,#915,.T.);
#590=ORIENTED_EDGE('',*,*,#819,.F.);
#591=ORIENTED_EDGE('',*,*,#916,.T.);
#592=ORIENTED_EDGE('',*,*,#848,.F.);
#593=ORIENTED_EDGE('',*,*,#917,.F.);
#594=ORIENTED_EDGE('',*,*,#729,.F.);
#595=ORIENTED_EDGE('',*,*,#918,.F.);
#596=ORIENTED_EDGE('',*,*,#844,.F.);
#597=ORIENTED_EDGE('',*,*,#918,.T.);
#598=ORIENTED_EDGE('',*,*,#718,.F.);
#599=ORIENTED_EDGE('',*,*,#919,.F.);
#600=ORIENTED_EDGE('',*,*,#845,.F.);
#601=ORIENTED_EDGE('',*,*,#917,.T.);
#602=ORIENTED_EDGE('',*,*,#852,.F.);
#603=ORIENTED_EDGE('',*,*,#920,.F.);
#604=ORIENTED_EDGE('',*,*,#721,.F.);
#605=ORIENTED_EDGE('',*,*,#919,.T.);
#606=ORIENTED_EDGE('',*,*,#717,.F.);
#607=ORIENTED_EDGE('',*,*,#921,.F.);
#608=ORIENTED_EDGE('',*,*,#910,.F.);
#609=ORIENTED_EDGE('',*,*,#920,.T.);
#610=ORIENTED_EDGE('',*,*,#911,.F.);
#611=ORIENTED_EDGE('',*,*,#921,.T.);
#612=ORIENTED_EDGE('',*,*,#722,.F.);
#613=ORIENTED_EDGE('',*,*,#922,.T.);
#614=ORIENTED_EDGE('',*,*,#923,.T.);
#615=ORIENTED_EDGE('',*,*,#924,.T.);
#616=ORIENTED_EDGE('',*,*,#925,.T.);
#617=ORIENTED_EDGE('',*,*,#926,.T.);
#618=ORIENTED_EDGE('',*,*,#927,.T.);
#619=ORIENTED_EDGE('',*,*,#928,.F.);
#620=ORIENTED_EDGE('',*,*,#929,.F.);
#621=ORIENTED_EDGE('',*,*,#930,.T.);
#622=ORIENTED_EDGE('',*,*,#931,.F.);
#623=ORIENTED_EDGE('',*,*,#932,.F.);
#624=ORIENTED_EDGE('',*,*,#933,.F.);
#625=ORIENTED_EDGE('',*,*,#934,.F.);
#626=ORIENTED_EDGE('',*,*,#935,.T.);
#627=ORIENTED_EDGE('',*,*,#936,.T.);
#628=ORIENTED_EDGE('',*,*,#937,.T.);
#629=ORIENTED_EDGE('',*,*,#938,.F.);
#630=ORIENTED_EDGE('',*,*,#939,.T.);
#631=ORIENTED_EDGE('',*,*,#940,.T.);
#632=ORIENTED_EDGE('',*,*,#941,.F.);
#633=ORIENTED_EDGE('',*,*,#942,.F.);
#634=ORIENTED_EDGE('',*,*,#943,.F.);
#635=ORIENTED_EDGE('',*,*,#944,.F.);
#636=ORIENTED_EDGE('',*,*,#945,.F.);
#637=ORIENTED_EDGE('',*,*,#946,.F.);
#638=ORIENTED_EDGE('',*,*,#947,.F.);
#639=ORIENTED_EDGE('',*,*,#923,.F.);
#640=ORIENTED_EDGE('',*,*,#948,.F.);
#641=ORIENTED_EDGE('',*,*,#945,.T.);
#642=ORIENTED_EDGE('',*,*,#949,.T.);
#643=ORIENTED_EDGE('',*,*,#924,.F.);
#644=ORIENTED_EDGE('',*,*,#949,.F.);
#645=ORIENTED_EDGE('',*,*,#944,.T.);
#646=ORIENTED_EDGE('',*,*,#950,.T.);
#647=ORIENTED_EDGE('',*,*,#951,.F.);
#648=ORIENTED_EDGE('',*,*,#925,.F.);
#649=ORIENTED_EDGE('',*,*,#950,.F.);
#650=ORIENTED_EDGE('',*,*,#943,.T.);
#651=ORIENTED_EDGE('',*,*,#952,.T.);
#652=ORIENTED_EDGE('',*,*,#926,.F.);
#653=ORIENTED_EDGE('',*,*,#952,.F.);
#654=ORIENTED_EDGE('',*,*,#942,.T.);
#655=ORIENTED_EDGE('',*,*,#953,.T.);
#656=ORIENTED_EDGE('',*,*,#954,.F.);
#657=ORIENTED_EDGE('',*,*,#955,.F.);
#658=ORIENTED_EDGE('',*,*,#927,.F.);
#659=ORIENTED_EDGE('',*,*,#953,.F.);
#660=ORIENTED_EDGE('',*,*,#941,.T.);
#661=ORIENTED_EDGE('',*,*,#956,.T.);
#662=ORIENTED_EDGE('',*,*,#928,.T.);
#663=ORIENTED_EDGE('',*,*,#956,.F.);
#664=ORIENTED_EDGE('',*,*,#940,.F.);
#665=ORIENTED_EDGE('',*,*,#957,.T.);
#666=ORIENTED_EDGE('',*,*,#958,.T.);
#667=ORIENTED_EDGE('',*,*,#959,.T.);
#668=ORIENTED_EDGE('',*,*,#929,.T.);
#669=ORIENTED_EDGE('',*,*,#957,.F.);
#670=ORIENTED_EDGE('',*,*,#939,.F.);
#671=ORIENTED_EDGE('',*,*,#960,.T.);
#672=ORIENTED_EDGE('',*,*,#930,.F.);
#673=ORIENTED_EDGE('',*,*,#960,.F.);
#674=ORIENTED_EDGE('',*,*,#938,.T.);
#675=ORIENTED_EDGE('',*,*,#961,.T.);
#676=ORIENTED_EDGE('',*,*,#715,.F.);
#677=ORIENTED_EDGE('',*,*,#728,.F.);
#678=ORIENTED_EDGE('',*,*,#719,.F.);
#679=ORIENTED_EDGE('',*,*,#931,.T.);
#680=ORIENTED_EDGE('',*,*,#961,.F.);
#681=ORIENTED_EDGE('',*,*,#937,.F.);
#682=ORIENTED_EDGE('',*,*,#962,.T.);
#683=ORIENTED_EDGE('',*,*,#932,.T.);
#684=ORIENTED_EDGE('',*,*,#962,.F.);
#685=ORIENTED_EDGE('',*,*,#936,.F.);
#686=ORIENTED_EDGE('',*,*,#963,.T.);
#687=ORIENTED_EDGE('',*,*,#964,.T.);
#688=ORIENTED_EDGE('',*,*,#965,.T.);
#689=ORIENTED_EDGE('',*,*,#933,.T.);
#690=ORIENTED_EDGE('',*,*,#963,.F.);
#691=ORIENTED_EDGE('',*,*,#935,.F.);
#692=ORIENTED_EDGE('',*,*,#966,.T.);
#693=ORIENTED_EDGE('',*,*,#922,.F.);
#694=ORIENTED_EDGE('',*,*,#966,.F.);
#695=ORIENTED_EDGE('',*,*,#934,.T.);
#696=ORIENTED_EDGE('',*,*,#948,.T.);
#697=ORIENTED_EDGE('',*,*,#724,.F.);
#698=ORIENTED_EDGE('',*,*,#967,.T.);
#699=ORIENTED_EDGE('',*,*,#951,.T.);
#700=ORIENTED_EDGE('',*,*,#723,.T.);
#701=ORIENTED_EDGE('',*,*,#968,.T.);
#702=ORIENTED_EDGE('',*,*,#725,.T.);
#703=ORIENTED_EDGE('',*,*,#967,.F.);
#704=ORIENTED_EDGE('',*,*,#726,.T.);
#705=ORIENTED_EDGE('',*,*,#968,.F.);
#706=ORIENTED_EDGE('',*,*,#947,.T.);
#707=ORIENTED_EDGE('',*,*,#965,.F.);
#708=ORIENTED_EDGE('',*,*,#946,.T.);
#709=ORIENTED_EDGE('',*,*,#964,.F.);
#710=ORIENTED_EDGE('',*,*,#955,.T.);
#711=ORIENTED_EDGE('',*,*,#959,.F.);
#712=ORIENTED_EDGE('',*,*,#954,.T.);
#713=ORIENTED_EDGE('',*,*,#958,.F.);
#714=EDGE_CURVE('',#969,#970,#1142,.F.);
#715=EDGE_CURVE('',#970,#971,#143,.T.);
#716=EDGE_CURVE('',#971,#972,#1143,.T.);
#717=EDGE_CURVE('',#972,#973,#144,.T.);
#718=EDGE_CURVE('',#973,#969,#145,.T.);
#719=EDGE_CURVE('',#971,#974,#146,.T.);
#720=EDGE_CURVE('',#974,#975,#1144,.T.);
#721=EDGE_CURVE('',#975,#976,#147,.T.);
#722=EDGE_CURVE('',#976,#972,#148,.T.);
#723=EDGE_CURVE('',#977,#978,#149,.T.);
#724=EDGE_CURVE('',#977,#979,#150,.T.);
#725=EDGE_CURVE('',#980,#979,#151,.F.);
#726=EDGE_CURVE('',#978,#980,#152,.T.);
#727=EDGE_CURVE('',#981,#981,#135,.T.);
#728=EDGE_CURVE('',#974,#970,#153,.T.);
#729=EDGE_CURVE('',#969,#975,#136,.T.);
#730=EDGE_CURVE('',#982,#983,#1145,.T.);
#731=EDGE_CURVE('',#983,#984,#1146,.T.);
#732=EDGE_CURVE('',#984,#985,#154,.T.);
#733=EDGE_CURVE('',#986,#985,#1147,.T.);
#734=EDGE_CURVE('',#986,#987,#155,.F.);
#735=EDGE_CURVE('',#987,#982,#1148,.T.);
#736=EDGE_CURVE('',#985,#988,#1149,.T.);
#737=EDGE_CURVE('',#989,#988,#1150,.T.);
#738=EDGE_CURVE('',#989,#986,#1151,.F.);
#739=EDGE_CURVE('',#990,#991,#1152,.T.);
#740=EDGE_CURVE('',#992,#990,#1153,.T.);
#741=EDGE_CURVE('',#993,#992,#1154,.T.);
#742=EDGE_CURVE('',#989,#993,#156,.F.);
#743=EDGE_CURVE('',#991,#988,#157,.T.);
#744=EDGE_CURVE('',#983,#990,#1155,.T.);
#745=EDGE_CURVE('',#992,#982,#1156,.T.);
#746=EDGE_CURVE('',#994,#995,#1157,.T.);
#747=EDGE_CURVE('',#996,#994,#1158,.T.);
#748=EDGE_CURVE('',#997,#996,#1159,.T.);
#749=EDGE_CURVE('',#997,#995,#1160,.T.);
#750=EDGE_CURVE('',#995,#998,#1161,.T.);
#751=EDGE_CURVE('',#999,#997,#1162,.T.);
#752=EDGE_CURVE('',#1000,#999,#158,.F.);
#753=EDGE_CURVE('',#1000,#1001,#1163,.T.);
#754=EDGE_CURVE('',#998,#1001,#159,.T.);
#755=EDGE_CURVE('',#1002,#1003,#1164,.T.);
#756=EDGE_CURVE('',#1003,#1001,#1165,.T.);
#757=EDGE_CURVE('',#1000,#1002,#1166,.F.);
#758=EDGE_CURVE('',#994,#1004,#1167,.T.);
#759=EDGE_CURVE('',#1004,#1003,#160,.T.);
#760=EDGE_CURVE('',#1002,#1005,#161,.F.);
#761=EDGE_CURVE('',#1005,#996,#1168,.T.);
#762=EDGE_CURVE('',#1006,#1007,#20,.T.);
#763=EDGE_CURVE('',#1007,#1008,#1169,.T.);
#764=EDGE_CURVE('',#1009,#1008,#21,.T.);
#765=EDGE_CURVE('',#1009,#1006,#1170,.F.);
#766=EDGE_CURVE('',#1010,#1011,#22,.T.);
#767=EDGE_CURVE('',#1010,#1012,#1171,.F.);
#768=EDGE_CURVE('',#1012,#1013,#23,.T.);
#769=EDGE_CURVE('',#1013,#1011,#1172,.T.);
#770=EDGE_CURVE('',#1014,#1015,#24,.T.);
#771=EDGE_CURVE('',#1015,#1016,#1173,.T.);
#772=EDGE_CURVE('',#1017,#1016,#25,.T.);
#773=EDGE_CURVE('',#1014,#1017,#1174,.T.);
#774=EDGE_CURVE('',#993,#1018,#1175,.T.);
#775=EDGE_CURVE('',#1018,#1019,#162,.T.);
#776=EDGE_CURVE('',#1020,#1019,#1176,.T.);
#777=EDGE_CURVE('',#1021,#1020,#163,.T.);
#778=EDGE_CURVE('',#1021,#987,#1177,.T.);
#779=EDGE_CURVE('',#1022,#1023,#1178,.F.);
#780=EDGE_CURVE('',#1022,#1024,#164,.T.);
#781=EDGE_CURVE('',#1025,#1024,#1179,.T.);
#782=EDGE_CURVE('',#1023,#1025,#165,.T.);
#783=EDGE_CURVE('',#1026,#1027,#166,.F.);
#784=EDGE_CURVE('',#1026,#1028,#1180,.F.);
#785=EDGE_CURVE('',#1028,#1029,#167,.F.);
#786=EDGE_CURVE('',#1030,#1029,#1181,.T.);
#787=EDGE_CURVE('',#1030,#1031,#168,.T.);
#788=EDGE_CURVE('',#1031,#1032,#1182,.T.);
#789=EDGE_CURVE('',#1033,#1032,#169,.T.);
#790=EDGE_CURVE('',#1027,#1033,#1183,.T.);
#791=EDGE_CURVE('',#1034,#1024,#170,.T.);
#792=EDGE_CURVE('',#1034,#1035,#1184,.F.);
#793=EDGE_CURVE('',#1035,#1025,#171,.T.);
#794=EDGE_CURVE('',#1036,#1037,#1185,.T.);
#795=EDGE_CURVE('',#1037,#1038,#1186,.F.);
#796=EDGE_CURVE('',#1039,#1038,#1187,.T.);
#797=EDGE_CURVE('',#1039,#1040,#1188,.T.);
#798=EDGE_CURVE('',#1040,#1041,#1189,.T.);
#799=EDGE_CURVE('',#1041,#1042,#1190,.T.);
#800=EDGE_CURVE('',#1043,#1042,#1191,.T.);
#801=EDGE_CURVE('',#1036,#1043,#1192,.T.);
#802=EDGE_CURVE('',#1038,#1044,#26,.T.);
#803=EDGE_CURVE('',#1045,#1044,#1193,.T.);
#804=EDGE_CURVE('',#1039,#1045,#27,.T.);
#805=EDGE_CURVE('',#1044,#1046,#1194,.T.);
#806=EDGE_CURVE('',#999,#1046,#1195,.T.);
#807=EDGE_CURVE('',#1047,#1005,#1196,.T.);
#808=EDGE_CURVE('',#1045,#1047,#1197,.T.);
#809=EDGE_CURVE('',#1046,#1048,#172,.T.);
#810=EDGE_CURVE('',#1049,#1048,#1198,.T.);
#811=EDGE_CURVE('',#1047,#1049,#173,.T.);
#812=EDGE_CURVE('',#1014,#1021,#1199,.T.);
#813=EDGE_CURVE('',#1017,#1018,#1200,.T.);
#814=EDGE_CURVE('',#1027,#1050,#1201,.T.);
#815=EDGE_CURVE('',#1011,#1033,#1202,.T.);
#816=EDGE_CURVE('',#1013,#1030,#1203,.T.);
#817=EDGE_CURVE('',#1029,#1051,#1204,.T.);
#818=EDGE_CURVE('',#1050,#1051,#1205,.T.);
#819=EDGE_CURVE('',#1048,#1037,#174,.T.);
#820=EDGE_CURVE('',#1052,#1036,#175,.F.);
#821=EDGE_CURVE('',#1052,#1053,#1206,.F.);
#822=EDGE_CURVE('',#1053,#1041,#176,.F.);
#823=EDGE_CURVE('',#1040,#1049,#177,.T.);
#824=EDGE_CURVE('',#1054,#1055,#1207,.T.);
#825=EDGE_CURVE('',#1056,#1054,#178,.F.);
#826=EDGE_CURVE('',#1057,#1056,#1208,.T.);
#827=EDGE_CURVE('',#1057,#1058,#179,.F.);
#828=EDGE_CURVE('',#1058,#1059,#1209,.T.);
#829=EDGE_CURVE('',#1059,#1055,#1210,.T.);
#830=EDGE_CURVE('',#1060,#1061,#1211,.T.);
#831=EDGE_CURVE('',#1062,#1060,#1212,.T.);
#832=EDGE_CURVE('',#1063,#1062,#180,.F.);
#833=EDGE_CURVE('',#1063,#1064,#1213,.T.);
#834=EDGE_CURVE('',#1064,#1065,#181,.F.);
#835=EDGE_CURVE('',#1065,#1061,#1214,.T.);
#836=EDGE_CURVE('',#1066,#1066,#28,.F.);
#837=EDGE_CURVE('',#1067,#1067,#29,.F.);
#838=EDGE_CURVE('',#1068,#1068,#30,.F.);
#839=EDGE_CURVE('',#1069,#1069,#31,.F.);
#840=EDGE_CURVE('',#1006,#1015,#32,.T.);
#841=EDGE_CURVE('',#1020,#1023,#33,.T.);
#842=EDGE_CURVE('',#1035,#1031,#34,.T.);
#843=EDGE_CURVE('',#1012,#1007,#35,.T.);
#844=EDGE_CURVE('',#1070,#1071,#137,.T.);
#845=EDGE_CURVE('',#1071,#1072,#182,.T.);
#846=EDGE_CURVE('',#1072,#1073,#36,.F.);
#847=EDGE_CURVE('',#1073,#1074,#1215,.T.);
#848=EDGE_CURVE('',#1074,#1075,#183,.T.);
#849=EDGE_CURVE('',#1075,#1076,#184,.T.);
#850=EDGE_CURVE('',#1076,#1077,#1216,.F.);
#851=EDGE_CURVE('',#1077,#1078,#37,.F.);
#852=EDGE_CURVE('',#1078,#1070,#185,.T.);
#853=EDGE_CURVE('',#1079,#1079,#186,.T.);
#854=EDGE_CURVE('',#1022,#1019,#38,.F.);
#855=EDGE_CURVE('',#1016,#1009,#39,.F.);
#856=EDGE_CURVE('',#1008,#1010,#40,.F.);
#857=EDGE_CURVE('',#1032,#1034,#41,.F.);
#858=EDGE_CURVE('',#1080,#1080,#42,.T.);
#859=EDGE_CURVE('',#1081,#1081,#43,.T.);
#860=EDGE_CURVE('',#1082,#1082,#44,.T.);
#861=EDGE_CURVE('',#1083,#1083,#45,.T.);
#862=EDGE_CURVE('',#1084,#1085,#187,.T.);
#863=EDGE_CURVE('',#1086,#1084,#1217,.T.);
#864=EDGE_CURVE('',#1086,#1042,#1218,.T.);
#865=EDGE_CURVE('',#1085,#1053,#1219,.T.);
#866=EDGE_CURVE('',#1085,#1087,#1220,.T.);
#867=EDGE_CURVE('',#1087,#1052,#1221,.T.);
#868=EDGE_CURVE('',#1088,#1089,#1222,.T.);
#869=EDGE_CURVE('',#1089,#1087,#188,.T.);
#870=EDGE_CURVE('',#1088,#1043,#1223,.T.);
#871=EDGE_CURVE('',#1086,#1088,#1224,.T.);
#872=EDGE_CURVE('',#1090,#1051,#1225,.T.);
#873=EDGE_CURVE('',#1090,#1091,#1226,.T.);
#874=EDGE_CURVE('',#1091,#1050,#1227,.T.);
#875=EDGE_CURVE('',#1091,#1092,#1228,.T.);
#876=EDGE_CURVE('',#1092,#1093,#189,.T.);
#877=EDGE_CURVE('',#1093,#1026,#1229,.T.);
#878=EDGE_CURVE('',#1094,#1093,#1230,.T.);
#879=EDGE_CURVE('',#1094,#1028,#1231,.T.);
#880=EDGE_CURVE('',#1090,#1095,#1232,.T.);
#881=EDGE_CURVE('',#1095,#1094,#190,.T.);
#882=EDGE_CURVE('',#1055,#1096,#1233,.T.);
#883=EDGE_CURVE('',#1096,#1097,#1234,.T.);
#884=EDGE_CURVE('',#1092,#1097,#1235,.T.);
#885=EDGE_CURVE('',#1054,#1095,#1236,.T.);
#886=EDGE_CURVE('',#1058,#1004,#1237,.T.);
#887=EDGE_CURVE('',#998,#1098,#1238,.T.);
#888=EDGE_CURVE('',#1099,#1098,#1239,.T.);
#889=EDGE_CURVE('',#1059,#1099,#1240,.T.);
#890=EDGE_CURVE('',#1057,#1100,#1241,.T.);
#891=EDGE_CURVE('',#1098,#1100,#191,.T.);
#892=EDGE_CURVE('',#1097,#1101,#192,.T.);
#893=EDGE_CURVE('',#1056,#1101,#1242,.T.);
#894=EDGE_CURVE('',#1096,#1099,#1243,.T.);
#895=EDGE_CURVE('',#1101,#1100,#1244,.T.);
#896=EDGE_CURVE('',#1061,#1102,#1245,.T.);
#897=EDGE_CURVE('',#1102,#1103,#1246,.T.);
#898=EDGE_CURVE('',#1060,#1103,#1247,.T.);
#899=EDGE_CURVE('',#1065,#984,#1248,.T.);
#900=EDGE_CURVE('',#991,#1104,#1249,.T.);
#901=EDGE_CURVE('',#1102,#1104,#1250,.T.);
#902=EDGE_CURVE('',#1064,#1105,#1251,.T.);
#903=EDGE_CURVE('',#1104,#1105,#193,.T.);
#904=EDGE_CURVE('',#1063,#1106,#1252,.T.);
#905=EDGE_CURVE('',#1105,#1106,#1253,.T.);
#906=EDGE_CURVE('',#1062,#1084,#1254,.T.);
#907=EDGE_CURVE('',#1089,#1107,#1255,.T.);
#908=EDGE_CURVE('',#1107,#1106,#194,.T.);
#909=EDGE_CURVE('',#1103,#1107,#1256,.T.);
#910=EDGE_CURVE('',#1072,#1108,#195,.T.);
#911=EDGE_CURVE('',#1108,#1078,#196,.T.);
#912=EDGE_CURVE('',#1044,#1077,#46,.T.);
#913=EDGE_CURVE('',#1073,#1038,#47,.T.);
#914=EDGE_CURVE('',#1046,#1076,#48,.T.);
#915=EDGE_CURVE('',#1074,#1037,#49,.T.);
#916=EDGE_CURVE('',#1048,#1075,#197,.T.);
#917=EDGE_CURVE('',#975,#1070,#50,.T.);
#918=EDGE_CURVE('',#1071,#969,#51,.T.);
#919=EDGE_CURVE('',#1072,#973,#52,.T.);
#920=EDGE_CURVE('',#976,#1078,#53,.T.);
#921=EDGE_CURVE('',#1108,#972,#54,.T.);
#922=EDGE_CURVE('',#1109,#1110,#1257,.T.);
#923=EDGE_CURVE('',#1110,#1111,#1258,.T.);
#924=EDGE_CURVE('',#1111,#1112,#1259,.T.);
#925=EDGE_CURVE('',#1112,#1113,#55,.T.);
#926=EDGE_CURVE('',#1113,#1114,#1260,.T.);
#927=EDGE_CURVE('',#1114,#1115,#1261,.T.);
#928=EDGE_CURVE('',#1116,#1115,#1262,.T.);
#929=EDGE_CURVE('',#1117,#1116,#56,.T.);
#930=EDGE_CURVE('',#1117,#1118,#1263,.T.);
#931=EDGE_CURVE('',#1119,#1118,#57,.T.);
#932=EDGE_CURVE('',#1120,#1119,#1264,.T.);
#933=EDGE_CURVE('',#1109,#1120,#58,.T.);
#934=EDGE_CURVE('',#1121,#1122,#1265,.T.);
#935=EDGE_CURVE('',#1121,#1123,#59,.T.);
#936=EDGE_CURVE('',#1123,#1124,#1266,.T.);
#937=EDGE_CURVE('',#1124,#1125,#60,.T.);
#938=EDGE_CURVE('',#1126,#1125,#1267,.T.);
#939=EDGE_CURVE('',#1126,#1127,#61,.T.);
#940=EDGE_CURVE('',#1127,#1128,#1268,.T.);
#941=EDGE_CURVE('',#1129,#1128,#1269,.T.);
#942=EDGE_CURVE('',#1130,#1129,#1270,.T.);
#943=EDGE_CURVE('',#1131,#1130,#62,.T.);
#944=EDGE_CURVE('',#1132,#1131,#1271,.T.);
#945=EDGE_CURVE('',#1122,#1132,#1272,.T.);
#946=EDGE_CURVE('',#1133,#1133,#138,.T.);
#947=EDGE_CURVE('',#1134,#1134,#139,.T.);
#948=EDGE_CURVE('',#1122,#1110,#1273,.T.);
#949=EDGE_CURVE('',#1132,#1111,#1274,.T.);
#950=EDGE_CURVE('',#1131,#1112,#1275,.T.);
#951=EDGE_CURVE('',#1135,#1135,#198,.T.);
#952=EDGE_CURVE('',#1130,#1113,#1276,.T.);
#953=EDGE_CURVE('',#1129,#1114,#1277,.T.);
#954=EDGE_CURVE('',#1136,#1136,#140,.T.);
#955=EDGE_CURVE('',#1137,#1137,#141,.T.);
#956=EDGE_CURVE('',#1128,#1115,#1278,.T.);
#957=EDGE_CURVE('',#1127,#1116,#1279,.T.);
#958=EDGE_CURVE('',#1138,#1138,#199,.T.);
#959=EDGE_CURVE('',#1139,#1139,#200,.T.);
#960=EDGE_CURVE('',#1126,#1117,#1280,.T.);
#961=EDGE_CURVE('',#1125,#1118,#1281,.T.);
#962=EDGE_CURVE('',#1124,#1119,#1282,.T.);
#963=EDGE_CURVE('',#1123,#1120,#1283,.T.);
#964=EDGE_CURVE('',#1140,#1140,#201,.T.);
#965=EDGE_CURVE('',#1141,#1141,#202,.T.);
#966=EDGE_CURVE('',#1121,#1109,#1284,.T.);
#967=EDGE_CURVE('',#977,#979,#203,.T.);
#968=EDGE_CURVE('',#978,#980,#142,.T.);
#969=VERTEX_POINT('',#2346);
#970=VERTEX_POINT('',#2347);
#971=VERTEX_POINT('',#2363);
#972=VERTEX_POINT('',#2365);
#973=VERTEX_POINT('',#2374);
#974=VERTEX_POINT('',#2425);
#975=VERTEX_POINT('',#2427);
#976=VERTEX_POINT('',#2437);
#977=VERTEX_POINT('',#2503);
#978=VERTEX_POINT('',#2504);
#979=VERTEX_POINT('',#2520);
#980=VERTEX_POINT('',#2525);
#981=VERTEX_POINT('',#2542);
#982=VERTEX_POINT('',#2552);
#983=VERTEX_POINT('',#2553);
#984=VERTEX_POINT('',#2555);
#985=VERTEX_POINT('',#2560);
#986=VERTEX_POINT('',#2562);
#987=VERTEX_POINT('',#2568);
#988=VERTEX_POINT('',#2572);
#989=VERTEX_POINT('',#2574);
#990=VERTEX_POINT('',#2578);
#991=VERTEX_POINT('',#2579);
#992=VERTEX_POINT('',#2581);
#993=VERTEX_POINT('',#2583);
#994=VERTEX_POINT('',#2598);
#995=VERTEX_POINT('',#2599);
#996=VERTEX_POINT('',#2601);
#997=VERTEX_POINT('',#2603);
#998=VERTEX_POINT('',#2607);
#999=VERTEX_POINT('',#2609);
#1000=VERTEX_POINT('',#2615);
#1001=VERTEX_POINT('',#2617);
#1002=VERTEX_POINT('',#2624);
#1003=VERTEX_POINT('',#2625);
#1004=VERTEX_POINT('',#2630);
#1005=VERTEX_POINT('',#2640);
#1006=VERTEX_POINT('',#2644);
#1007=VERTEX_POINT('',#2645);
#1008=VERTEX_POINT('',#2647);
#1009=VERTEX_POINT('',#2649);
#1010=VERTEX_POINT('',#2653);
#1011=VERTEX_POINT('',#2654);
#1012=VERTEX_POINT('',#2656);
#1013=VERTEX_POINT('',#2658);
#1014=VERTEX_POINT('',#2662);
#1015=VERTEX_POINT('',#2663);
#1016=VERTEX_POINT('',#2665);
#1017=VERTEX_POINT('',#2667);
#1018=VERTEX_POINT('',#2682);
#1019=VERTEX_POINT('',#2688);
#1020=VERTEX_POINT('',#2690);
#1021=VERTEX_POINT('',#2696);
#1022=VERTEX_POINT('',#2707);
#1023=VERTEX_POINT('',#2708);
#1024=VERTEX_POINT('',#2714);
#1025=VERTEX_POINT('',#2716);
#1026=VERTEX_POINT('',#2739);
#1027=VERTEX_POINT('',#2740);
#1028=VERTEX_POINT('',#2742);
#1029=VERTEX_POINT('',#2748);
#1030=VERTEX_POINT('',#2750);
#1031=VERTEX_POINT('',#2756);
#1032=VERTEX_POINT('',#2758);
#1033=VERTEX_POINT('',#2764);
#1034=VERTEX_POINT('',#2779);
#1035=VERTEX_POINT('',#2781);
#1036=VERTEX_POINT('',#2789);
#1037=VERTEX_POINT('',#2790);
#1038=VERTEX_POINT('',#2792);
#1039=VERTEX_POINT('',#2794);
#1040=VERTEX_POINT('',#2796);
#1041=VERTEX_POINT('',#2798);
#1042=VERTEX_POINT('',#2800);
#1043=VERTEX_POINT('',#2802);
#1044=VERTEX_POINT('',#2806);
#1045=VERTEX_POINT('',#2808);
#1046=VERTEX_POINT('',#2812);
#1047=VERTEX_POINT('',#2815);
#1048=VERTEX_POINT('',#2853);
#1049=VERTEX_POINT('',#2855);
#1050=VERTEX_POINT('',#2866);
#1051=VERTEX_POINT('',#2870);
#1052=VERTEX_POINT('',#2912);
#1053=VERTEX_POINT('',#2914);
#1054=VERTEX_POINT('',#2927);
#1055=VERTEX_POINT('',#2928);
#1056=VERTEX_POINT('',#2933);
#1057=VERTEX_POINT('',#2935);
#1058=VERTEX_POINT('',#2940);
#1059=VERTEX_POINT('',#2942);
#1060=VERTEX_POINT('',#2945);
#1061=VERTEX_POINT('',#2946);
#1062=VERTEX_POINT('',#2948);
#1063=VERTEX_POINT('',#2953);
#1064=VERTEX_POINT('',#2955);
#1065=VERTEX_POINT('',#2960);
#1066=VERTEX_POINT('',#2963);
#1067=VERTEX_POINT('',#2965);
#1068=VERTEX_POINT('',#2967);
#1069=VERTEX_POINT('',#2969);
#1070=VERTEX_POINT('',#2976);
#1071=VERTEX_POINT('',#2977);
#1072=VERTEX_POINT('',#2987);
#1073=VERTEX_POINT('',#2989);
#1074=VERTEX_POINT('',#2991);
#1075=VERTEX_POINT('',#3004);
#1076=VERTEX_POINT('',#3017);
#1077=VERTEX_POINT('',#3019);
#1078=VERTEX_POINT('',#3021);
#1079=VERTEX_POINT('',#3059);
#1080=VERTEX_POINT('',#3070);
#1081=VERTEX_POINT('',#3074);
#1082=VERTEX_POINT('',#3078);
#1083=VERTEX_POINT('',#3082);
#1084=VERTEX_POINT('',#3089);
#1085=VERTEX_POINT('',#3090);
#1086=VERTEX_POINT('',#3092);
#1087=VERTEX_POINT('',#3097);
#1088=VERTEX_POINT('',#3101);
#1089=VERTEX_POINT('',#3102);
#1090=VERTEX_POINT('',#3112);
#1091=VERTEX_POINT('',#3114);
#1092=VERTEX_POINT('',#3118);
#1093=VERTEX_POINT('',#3123);
#1094=VERTEX_POINT('',#3127);
#1095=VERTEX_POINT('',#3131);
#1096=VERTEX_POINT('',#3138);
#1097=VERTEX_POINT('',#3140);
#1098=VERTEX_POINT('',#3146);
#1099=VERTEX_POINT('',#3148);
#1100=VERTEX_POINT('',#3159);
#1101=VERTEX_POINT('',#3176);
#1102=VERTEX_POINT('',#3185);
#1103=VERTEX_POINT('',#3187);
#1104=VERTEX_POINT('',#3192);
#1105=VERTEX_POINT('',#3203);
#1106=VERTEX_POINT('',#3210);
#1107=VERTEX_POINT('',#3222);
#1108=VERTEX_POINT('',#3290);
#1109=VERTEX_POINT('',#3523);
#1110=VERTEX_POINT('',#3524);
#1111=VERTEX_POINT('',#3526);
#1112=VERTEX_POINT('',#3528);
#1113=VERTEX_POINT('',#3530);
#1114=VERTEX_POINT('',#3532);
#1115=VERTEX_POINT('',#3534);
#1116=VERTEX_POINT('',#3536);
#1117=VERTEX_POINT('',#3538);
#1118=VERTEX_POINT('',#3540);
#1119=VERTEX_POINT('',#3542);
#1120=VERTEX_POINT('',#3544);
#1121=VERTEX_POINT('',#3548);
#1122=VERTEX_POINT('',#3549);
#1123=VERTEX_POINT('',#3551);
#1124=VERTEX_POINT('',#3553);
#1125=VERTEX_POINT('',#3555);
#1126=VERTEX_POINT('',#3557);
#1127=VERTEX_POINT('',#3559);
#1128=VERTEX_POINT('',#3561);
#1129=VERTEX_POINT('',#3563);
#1130=VERTEX_POINT('',#3565);
#1131=VERTEX_POINT('',#3567);
#1132=VERTEX_POINT('',#3569);
#1133=VERTEX_POINT('',#3573);
#1134=VERTEX_POINT('',#3575);
#1135=VERTEX_POINT('',#3608);
#1136=VERTEX_POINT('',#3614);
#1137=VERTEX_POINT('',#3616);
#1138=VERTEX_POINT('',#3634);
#1139=VERTEX_POINT('',#3648);
#1140=VERTEX_POINT('',#3670);
#1141=VERTEX_POINT('',#3684);
#1142=LINE('',#2345,#1285);
#1143=LINE('',#2364,#1286);
#1144=LINE('',#2426,#1287);
#1145=LINE('',#2551,#1288);
#1146=LINE('',#2554,#1289);
#1147=LINE('',#2561,#1290);
#1148=LINE('',#2569,#1291);
#1149=LINE('',#2571,#1292);
#1150=LINE('',#2573,#1293);
#1151=LINE('',#2575,#1294);
#1152=LINE('',#2577,#1295);
#1153=LINE('',#2580,#1296);
#1154=LINE('',#2582,#1297);
#1155=LINE('',#2594,#1298);
#1156=LINE('',#2595,#1299);
#1157=LINE('',#2597,#1300);
#1158=LINE('',#2600,#1301);
#1159=LINE('',#2602,#1302);
#1160=LINE('',#2604,#1303);
#1161=LINE('',#2606,#1304);
#1162=LINE('',#2608,#1305);
#1163=LINE('',#2616,#1306);
#1164=LINE('',#2623,#1307);
#1165=LINE('',#2626,#1308);
#1166=LINE('',#2627,#1309);
#1167=LINE('',#2629,#1310);
#1168=LINE('',#2641,#1311);
#1169=LINE('',#2646,#1312);
#1170=LINE('',#2650,#1313);
#1171=LINE('',#2655,#1314);
#1172=LINE('',#2659,#1315);
#1173=LINE('',#2664,#1316);
#1174=LINE('',#2668,#1317);
#1175=LINE('',#2681,#1318);
#1176=LINE('',#2689,#1319);
#1177=LINE('',#2697,#1320);
#1178=LINE('',#2706,#1321);
#1179=LINE('',#2715,#1322);
#1180=LINE('',#2741,#1323);
#1181=LINE('',#2749,#1324);
#1182=LINE('',#2757,#1325);
#1183=LINE('',#2765,#1326);
#1184=LINE('',#2780,#1327);
#1185=LINE('',#2788,#1328);
#1186=LINE('',#2791,#1329);
#1187=LINE('',#2793,#1330);
#1188=LINE('',#2795,#1331);
#1189=LINE('',#2797,#1332);
#1190=LINE('',#2799,#1333);
#1191=LINE('',#2801,#1334);
#1192=LINE('',#2803,#1335);
#1193=LINE('',#2807,#1336);
#1194=LINE('',#2811,#1337);
#1195=LINE('',#2813,#1338);
#1196=LINE('',#2814,#1339);
#1197=LINE('',#2816,#1340);
#1198=LINE('',#2854,#1341);
#1199=LINE('',#2862,#1342);
#1200=LINE('',#2863,#1343);
#1201=LINE('',#2865,#1344);
#1202=LINE('',#2867,#1345);
#1203=LINE('',#2868,#1346);
#1204=LINE('',#2869,#1347);
#1205=LINE('',#2871,#1348);
#1206=LINE('',#2913,#1349);
#1207=LINE('',#2926,#1350);
#1208=LINE('',#2934,#1351);
#1209=LINE('',#2941,#1352);
#1210=LINE('',#2943,#1353);
#1211=LINE('',#2944,#1354);
#1212=LINE('',#2947,#1355);
#1213=LINE('',#2954,#1356);
#1214=LINE('',#2961,#1357);
#1215=LINE('',#2990,#1358);
#1216=LINE('',#3018,#1359);
#1217=LINE('',#3091,#1360);
#1218=LINE('',#3093,#1361);
#1219=LINE('',#3094,#1362);
#1220=LINE('',#3096,#1363);
#1221=LINE('',#3098,#1364);
#1222=LINE('',#3100,#1365);
#1223=LINE('',#3107,#1366);
#1224=LINE('',#3109,#1367);
#1225=LINE('',#3111,#1368);
#1226=LINE('',#3113,#1369);
#1227=LINE('',#3115,#1370);
#1228=LINE('',#3117,#1371);
#1229=LINE('',#3124,#1372);
#1230=LINE('',#3126,#1373);
#1231=LINE('',#3128,#1374);
#1232=LINE('',#3130,#1375);
#1233=LINE('',#3137,#1376);
#1234=LINE('',#3139,#1377);
#1235=LINE('',#3141,#1378);
#1236=LINE('',#3142,#1379);
#1237=LINE('',#3144,#1380);
#1238=LINE('',#3145,#1381);
#1239=LINE('',#3147,#1382);
#1240=LINE('',#3149,#1383);
#1241=LINE('',#3158,#1384);
#1242=LINE('',#3177,#1385);
#1243=LINE('',#3179,#1386);
#1244=LINE('',#3181,#1387);
#1245=LINE('',#3184,#1388);
#1246=LINE('',#3186,#1389);
#1247=LINE('',#3188,#1390);
#1248=LINE('',#3190,#1391);
#1249=LINE('',#3191,#1392);
#1250=LINE('',#3193,#1393);
#1251=LINE('',#3202,#1394);
#1252=LINE('',#3209,#1395);
#1253=LINE('',#3211,#1396);
#1254=LINE('',#3220,#1397);
#1255=LINE('',#3221,#1398);
#1256=LINE('',#3228,#1399);
#1257=LINE('',#3522,#1400);
#1258=LINE('',#3525,#1401);
#1259=LINE('',#3527,#1402);
#1260=LINE('',#3531,#1403);
#1261=LINE('',#3533,#1404);
#1262=LINE('',#3535,#1405);
#1263=LINE('',#3539,#1406);
#1264=LINE('',#3543,#1407);
#1265=LINE('',#3547,#1408);
#1266=LINE('',#3552,#1409);
#1267=LINE('',#3556,#1410);
#1268=LINE('',#3560,#1411);
#1269=LINE('',#3562,#1412);
#1270=LINE('',#3564,#1413);
#1271=LINE('',#3568,#1414);
#1272=LINE('',#3570,#1415);
#1273=LINE('',#3576,#1416);
#1274=LINE('',#3577,#1417);
#1275=LINE('',#3579,#1418);
#1276=LINE('',#3609,#1419);
#1277=LINE('',#3611,#1420);
#1278=LINE('',#3617,#1421);
#1279=LINE('',#3619,#1422);
#1280=LINE('',#3649,#1423);
#1281=LINE('',#3651,#1424);
#1282=LINE('',#3653,#1425);
#1283=LINE('',#3655,#1426);
#1284=LINE('',#3685,#1427);
#1285=VECTOR('',#1925,1.);
#1286=VECTOR('',#1926,1.);
#1287=VECTOR('',#1927,1.);
#1288=VECTOR('',#1936,1.);
#1289=VECTOR('',#1937,1.);
#1290=VECTOR('',#1938,1.);
#1291=VECTOR('',#1939,1.);
#1292=VECTOR('',#1942,1.);
#1293=VECTOR('',#1943,1.);
#1294=VECTOR('',#1944,1.);
#1295=VECTOR('',#1947,1.);
#1296=VECTOR('',#1948,1.);
#1297=VECTOR('',#1949,1.);
#1298=VECTOR('',#1952,1.);
#1299=VECTOR('',#1953,1.);
#1300=VECTOR('',#1956,1.);
#1301=VECTOR('',#1957,1.);
#1302=VECTOR('',#1958,1.);
#1303=VECTOR('',#1959,1.);
#1304=VECTOR('',#1962,1.);
#1305=VECTOR('',#1963,1.);
#1306=VECTOR('',#1964,1.);
#1307=VECTOR('',#1967,1.);
#1308=VECTOR('',#1968,1.);
#1309=VECTOR('',#1969,1.);
#1310=VECTOR('',#1972,1.);
#1311=VECTOR('',#1973,1.);
#1312=VECTOR('',#1978,1.);
#1313=VECTOR('',#1981,1.);
#1314=VECTOR('',#1986,1.);
#1315=VECTOR('',#1989,1.);
#1316=VECTOR('',#1994,1.);
#1317=VECTOR('',#1997,1.);
#1318=VECTOR('',#1998,1.);
#1319=VECTOR('',#1999,1.);
#1320=VECTOR('',#2000,1.);
#1321=VECTOR('',#2001,1.);
#1322=VECTOR('',#2002,1.);
#1323=VECTOR('',#2003,1.);
#1324=VECTOR('',#2004,1.);
#1325=VECTOR('',#2005,1.);
#1326=VECTOR('',#2006,1.);
#1327=VECTOR('',#2007,1.);
#1328=VECTOR('',#2010,1.);
#1329=VECTOR('',#2011,1.);
#1330=VECTOR('',#2012,1.);
#1331=VECTOR('',#2013,1.);
#1332=VECTOR('',#2014,1.);
#1333=VECTOR('',#2015,1.);
#1334=VECTOR('',#2016,1.);
#1335=VECTOR('',#2017,1.);
#1336=VECTOR('',#2022,1.);
#1337=VECTOR('',#2027,1.);
#1338=VECTOR('',#2028,1.);
#1339=VECTOR('',#2029,1.);
#1340=VECTOR('',#2030,1.);
#1341=VECTOR('',#2031,1.);
#1342=VECTOR('',#2034,1.);
#1343=VECTOR('',#2035,1.);
#1344=VECTOR('',#2038,1.);
#1345=VECTOR('',#2039,1.);
#1346=VECTOR('',#2040,1.);
#1347=VECTOR('',#2041,1.);
#1348=VECTOR('',#2042,1.);
#1349=VECTOR('',#2043,1.);
#1350=VECTOR('',#2046,1.);
#1351=VECTOR('',#2047,1.);
#1352=VECTOR('',#2048,1.);
#1353=VECTOR('',#2049,1.);
#1354=VECTOR('',#2050,1.);
#1355=VECTOR('',#2051,1.);
#1356=VECTOR('',#2052,1.);
#1357=VECTOR('',#2053,1.);
#1358=VECTOR('',#2076,1.);
#1359=VECTOR('',#2077,1.);
#1360=VECTOR('',#2124,1.);
#1361=VECTOR('',#2125,1.);
#1362=VECTOR('',#2126,1.);
#1363=VECTOR('',#2129,1.);
#1364=VECTOR('',#2130,1.);
#1365=VECTOR('',#2133,1.);
#1366=VECTOR('',#2134,1.);
#1367=VECTOR('',#2137,1.);
#1368=VECTOR('',#2140,1.);
#1369=VECTOR('',#2141,1.);
#1370=VECTOR('',#2142,1.);
#1371=VECTOR('',#2145,1.);
#1372=VECTOR('',#2146,1.);
#1373=VECTOR('',#2149,1.);
#1374=VECTOR('',#2150,1.);
#1375=VECTOR('',#2153,1.);
#1376=VECTOR('',#2156,1.);
#1377=VECTOR('',#2157,1.);
#1378=VECTOR('',#2158,1.);
#1379=VECTOR('',#2159,1.);
#1380=VECTOR('',#2162,1.);
#1381=VECTOR('',#2163,1.);
#1382=VECTOR('',#2164,1.);
#1383=VECTOR('',#2165,1.);
#1384=VECTOR('',#2166,1.);
#1385=VECTOR('',#2167,1.);
#1386=VECTOR('',#2170,1.);
#1387=VECTOR('',#2173,1.);
#1388=VECTOR('',#2178,1.);
#1389=VECTOR('',#2179,1.);
#1390=VECTOR('',#2180,1.);
#1391=VECTOR('',#2183,1.);
#1392=VECTOR('',#2184,1.);
#1393=VECTOR('',#2185,1.);
#1394=VECTOR('',#2186,1.);
#1395=VECTOR('',#2189,1.);
#1396=VECTOR('',#2190,1.);
#1397=VECTOR('',#2191,1.);
#1398=VECTOR('',#2192,1.);
#1399=VECTOR('',#2195,1.);
#1400=VECTOR('',#2224,1.);
#1401=VECTOR('',#2225,1.);
#1402=VECTOR('',#2226,1.);
#1403=VECTOR('',#2229,1.);
#1404=VECTOR('',#2230,1.);
#1405=VECTOR('',#2231,1.);
#1406=VECTOR('',#2234,1.);
#1407=VECTOR('',#2237,1.);
#1408=VECTOR('',#2242,1.);
#1409=VECTOR('',#2245,1.);
#1410=VECTOR('',#2248,1.);
#1411=VECTOR('',#2251,1.);
#1412=VECTOR('',#2252,1.);
#1413=VECTOR('',#2253,1.);
#1414=VECTOR('',#2256,1.);
#1415=VECTOR('',#2257,1.);
#1416=VECTOR('',#2264,1.);
#1417=VECTOR('',#2265,1.);
#1418=VECTOR('',#2268,1.);
#1419=VECTOR('',#2271,1.);
#1420=VECTOR('',#2274,1.);
#1421=VECTOR('',#2281,1.);
#1422=VECTOR('',#2284,1.);
#1423=VECTOR('',#2287,1.);
#1424=VECTOR('',#2290,1.);
#1425=VECTOR('',#2293,1.);
#1426=VECTOR('',#2296,1.);
#1427=VECTOR('',#2299,1.);
#1428=EDGE_LOOP('',(#204,#205,#206,#207,#208));
#1429=EDGE_LOOP('',(#209,#210,#211,#212,#213));
#1430=EDGE_LOOP('',(#214,#215,#216,#217));
#1431=EDGE_LOOP('',(#218));
#1432=EDGE_LOOP('',(#219,#220,#221,#222));
#1433=EDGE_LOOP('',(#223,#224,#225,#226,#227,#228));
#1434=EDGE_LOOP('',(#229,#230,#231,#232));
#1435=EDGE_LOOP('',(#233,#234,#235,#236,#237,#238));
#1436=EDGE_LOOP('',(#239,#240,#241,#242));
#1437=EDGE_LOOP('',(#243,#244,#245,#246));
#1438=EDGE_LOOP('',(#247,#248,#249,#250,#251,#252));
#1439=EDGE_LOOP('',(#253,#254,#255,#256));
#1440=EDGE_LOOP('',(#257,#258,#259,#260,#261,#262));
#1441=EDGE_LOOP('',(#263,#264,#265,#266));
#1442=EDGE_LOOP('',(#267,#268,#269,#270));
#1443=EDGE_LOOP('',(#271,#272,#273,#274));
#1444=EDGE_LOOP('',(#275,#276,#277,#278,#279,#280,#281,#282));
#1445=EDGE_LOOP('',(#283,#284,#285,#286));
#1446=EDGE_LOOP('',(#287,#288,#289,#290,#291,#292,#293,#294));
#1447=EDGE_LOOP('',(#295,#296,#297,#298));
#1448=EDGE_LOOP('',(#299,#300,#301,#302,#303,#304,#305,#306));
#1449=EDGE_LOOP('',(#307,#308,#309,#310));
#1450=EDGE_LOOP('',(#311,#312,#313,#314,#315,#316,#317,#318));
#1451=EDGE_LOOP('',(#319,#320,#321,#322,#323,#324,#325,#326));
#1452=EDGE_LOOP('',(#327,#328,#329,#330,#331,#332,#333,#334));
#1453=EDGE_LOOP('',(#335,#336,#337,#338,#339,#340,#341,#342));
#1454=EDGE_LOOP('',(#343,#344,#345,#346,#347,#348,#349,#350));
#1455=EDGE_LOOP('',(#351,#352,#353,#354,#355,#356));
#1456=EDGE_LOOP('',(#357,#358,#359,#360,#361,#362));
#1457=EDGE_LOOP('',(#363));
#1458=EDGE_LOOP('',(#364));
#1459=EDGE_LOOP('',(#365));
#1460=EDGE_LOOP('',(#366));
#1461=EDGE_LOOP('',(#367,#368,#369,#370,#371,#372,#373,#374,#375,#376,#377,
#378,#379));
#1462=EDGE_LOOP('',(#380,#381,#382,#383,#384));
#1463=EDGE_LOOP('',(#385,#386,#387,#388,#389,#390,#391,#392,#393));
#1464=EDGE_LOOP('',(#394));
#1465=EDGE_LOOP('',(#395,#396,#397,#398,#399,#400,#401,#402,#403,#404,#405,
#406,#407));
#1466=EDGE_LOOP('',(#408,#409,#410,#411));
#1467=EDGE_LOOP('',(#412,#413,#414,#415));
#1468=EDGE_LOOP('',(#416,#417,#418,#419));
#1469=EDGE_LOOP('',(#420,#421,#422,#423));
#1470=EDGE_LOOP('',(#424));
#1471=EDGE_LOOP('',(#425));
#1472=EDGE_LOOP('',(#426));
#1473=EDGE_LOOP('',(#427));
#1474=EDGE_LOOP('',(#428));
#1475=EDGE_LOOP('',(#429));
#1476=EDGE_LOOP('',(#430));
#1477=EDGE_LOOP('',(#431));
#1478=EDGE_LOOP('',(#432));
#1479=EDGE_LOOP('',(#433));
#1480=EDGE_LOOP('',(#434));
#1481=EDGE_LOOP('',(#435));
#1482=EDGE_LOOP('',(#436,#437,#438,#439,#440,#441));
#1483=EDGE_LOOP('',(#442,#443,#444,#445));
#1484=EDGE_LOOP('',(#446,#447,#448,#449,#450,#451));
#1485=EDGE_LOOP('',(#452,#453,#454,#455));
#1486=EDGE_LOOP('',(#456,#457,#458,#459));
#1487=EDGE_LOOP('',(#460,#461,#462,#463,#464,#465));
#1488=EDGE_LOOP('',(#466,#467,#468,#469));
#1489=EDGE_LOOP('',(#470,#471,#472,#473,#474,#475));
#1490=EDGE_LOOP('',(#476,#477,#478,#479,#480,#481,#482,#483));
#1491=EDGE_LOOP('',(#484,#485,#486,#487,#488,#489,#490,#491));
#1492=EDGE_LOOP('',(#492,#493,#494,#495,#496,#497,#498,#499));
#1493=EDGE_LOOP('',(#500,#501,#502,#503,#504,#505,#506,#507));
#1494=EDGE_LOOP('',(#508,#509,#510,#511));
#1495=EDGE_LOOP('',(#512,#513,#514,#515));
#1496=EDGE_LOOP('',(#516,#517,#518,#519,#520,#521));
#1497=EDGE_LOOP('',(#522,#523,#524,#525));
#1498=EDGE_LOOP('',(#526,#527,#528,#529,#530,#531,#532,#533));
#1499=EDGE_LOOP('',(#534,#535,#536,#537,#538,#539,#540,#541));
#1500=EDGE_LOOP('',(#542,#543,#544,#545));
#1501=EDGE_LOOP('',(#546,#547,#548,#549,#550,#551,#552,#553));
#1502=EDGE_LOOP('',(#554,#555,#556,#557,#558,#559,#560,#561));
#1503=EDGE_LOOP('',(#562,#563,#564,#565,#566,#567));
#1504=EDGE_LOOP('',(#568));
#1505=EDGE_LOOP('',(#569));
#1506=EDGE_LOOP('',(#570,#571,#572,#573,#574,#575,#576));
#1507=EDGE_LOOP('',(#577,#578,#579,#580));
#1508=EDGE_LOOP('',(#581,#582,#583,#584));
#1509=EDGE_LOOP('',(#585,#586,#587,#588));
#1510=EDGE_LOOP('',(#589,#590,#591,#592));
#1511=EDGE_LOOP('',(#593,#594,#595,#596));
#1512=EDGE_LOOP('',(#597,#598,#599,#600));
#1513=EDGE_LOOP('',(#601,#602,#603,#604));
#1514=EDGE_LOOP('',(#605,#606,#607,#608));
#1515=EDGE_LOOP('',(#609,#610,#611,#612));
#1516=EDGE_LOOP('',(#613,#614,#615,#616,#617,#618,#619,#620,#621,#622,#623,
#624));
#1517=EDGE_LOOP('',(#625,#626,#627,#628,#629,#630,#631,#632,#633,#634,#635,
#636));
#1518=EDGE_LOOP('',(#637));
#1519=EDGE_LOOP('',(#638));
#1520=EDGE_LOOP('',(#639,#640,#641,#642));
#1521=EDGE_LOOP('',(#643,#644,#645,#646));
#1522=EDGE_LOOP('',(#647));
#1523=EDGE_LOOP('',(#648,#649,#650,#651));
#1524=EDGE_LOOP('',(#652,#653,#654,#655));
#1525=EDGE_LOOP('',(#656));
#1526=EDGE_LOOP('',(#657));
#1527=EDGE_LOOP('',(#658,#659,#660,#661));
#1528=EDGE_LOOP('',(#662,#663,#664,#665));
#1529=EDGE_LOOP('',(#666));
#1530=EDGE_LOOP('',(#667));
#1531=EDGE_LOOP('',(#668,#669,#670,#671));
#1532=EDGE_LOOP('',(#672,#673,#674,#675));
#1533=EDGE_LOOP('',(#676,#677,#678));
#1534=EDGE_LOOP('',(#679,#680,#681,#682));
#1535=EDGE_LOOP('',(#683,#684,#685,#686));
#1536=EDGE_LOOP('',(#687));
#1537=EDGE_LOOP('',(#688));
#1538=EDGE_LOOP('',(#689,#690,#691,#692));
#1539=EDGE_LOOP('',(#693,#694,#695,#696));
#1540=EDGE_LOOP('',(#697,#698));
#1541=EDGE_LOOP('',(#699));
#1542=EDGE_LOOP('',(#700,#701,#702,#703));
#1543=EDGE_LOOP('',(#704,#705));
#1544=EDGE_LOOP('',(#706));
#1545=EDGE_LOOP('',(#707));
#1546=EDGE_LOOP('',(#708));
#1547=EDGE_LOOP('',(#709));
#1548=EDGE_LOOP('',(#710));
#1549=EDGE_LOOP('',(#711));
#1550=EDGE_LOOP('',(#712));
#1551=EDGE_LOOP('',(#713));
#1552=FACE_BOUND('',#1428,.T.);
#1553=FACE_BOUND('',#1429,.T.);
#1554=FACE_BOUND('',#1430,.T.);
#1555=FACE_BOUND('',#1431,.T.);
#1556=FACE_BOUND('',#1432,.T.);
#1557=FACE_BOUND('',#1433,.T.);
#1558=FACE_BOUND('',#1434,.T.);
#1559=FACE_BOUND('',#1435,.T.);
#1560=FACE_BOUND('',#1436,.T.);
#1561=FACE_BOUND('',#1437,.T.);
#1562=FACE_BOUND('',#1438,.T.);
#1563=FACE_BOUND('',#1439,.T.);
#1564=FACE_BOUND('',#1440,.T.);
#1565=FACE_BOUND('',#1441,.T.);
#1566=FACE_BOUND('',#1442,.T.);
#1567=FACE_BOUND('',#1443,.T.);
#1568=FACE_BOUND('',#1444,.T.);
#1569=FACE_BOUND('',#1445,.T.);
#1570=FACE_BOUND('',#1446,.T.);
#1571=FACE_BOUND('',#1447,.T.);
#1572=FACE_BOUND('',#1448,.T.);
#1573=FACE_BOUND('',#1449,.T.);
#1574=FACE_BOUND('',#1450,.T.);
#1575=FACE_BOUND('',#1451,.T.);
#1576=FACE_BOUND('',#1452,.T.);
#1577=FACE_BOUND('',#1453,.T.);
#1578=FACE_BOUND('',#1454,.T.);
#1579=FACE_BOUND('',#1455,.T.);
#1580=FACE_BOUND('',#1456,.T.);
#1581=FACE_BOUND('',#1457,.T.);
#1582=FACE_BOUND('',#1458,.T.);
#1583=FACE_BOUND('',#1459,.T.);
#1584=FACE_BOUND('',#1460,.T.);
#1585=FACE_BOUND('',#1461,.T.);
#1586=FACE_BOUND('',#1462,.T.);
#1587=FACE_BOUND('',#1463,.T.);
#1588=FACE_BOUND('',#1464,.T.);
#1589=FACE_BOUND('',#1465,.T.);
#1590=FACE_BOUND('',#1466,.T.);
#1591=FACE_BOUND('',#1467,.T.);
#1592=FACE_BOUND('',#1468,.T.);
#1593=FACE_BOUND('',#1469,.T.);
#1594=FACE_BOUND('',#1470,.T.);
#1595=FACE_BOUND('',#1471,.T.);
#1596=FACE_BOUND('',#1472,.T.);
#1597=FACE_BOUND('',#1473,.T.);
#1598=FACE_BOUND('',#1474,.T.);
#1599=FACE_BOUND('',#1475,.T.);
#1600=FACE_BOUND('',#1476,.T.);
#1601=FACE_BOUND('',#1477,.T.);
#1602=FACE_BOUND('',#1478,.T.);
#1603=FACE_BOUND('',#1479,.T.);
#1604=FACE_BOUND('',#1480,.T.);
#1605=FACE_BOUND('',#1481,.T.);
#1606=FACE_BOUND('',#1482,.T.);
#1607=FACE_BOUND('',#1483,.T.);
#1608=FACE_BOUND('',#1484,.T.);
#1609=FACE_BOUND('',#1485,.T.);
#1610=FACE_BOUND('',#1486,.T.);
#1611=FACE_BOUND('',#1487,.T.);
#1612=FACE_BOUND('',#1488,.T.);
#1613=FACE_BOUND('',#1489,.T.);
#1614=FACE_BOUND('',#1490,.T.);
#1615=FACE_BOUND('',#1491,.T.);
#1616=FACE_BOUND('',#1492,.T.);
#1617=FACE_BOUND('',#1493,.T.);
#1618=FACE_BOUND('',#1494,.T.);
#1619=FACE_BOUND('',#1495,.T.);
#1620=FACE_BOUND('',#1496,.T.);
#1621=FACE_BOUND('',#1497,.T.);
#1622=FACE_BOUND('',#1498,.T.);
#1623=FACE_BOUND('',#1499,.T.);
#1624=FACE_BOUND('',#1500,.T.);
#1625=FACE_BOUND('',#1501,.T.);
#1626=FACE_BOUND('',#1502,.T.);
#1627=FACE_BOUND('',#1503,.T.);
#1628=FACE_BOUND('',#1504,.T.);
#1629=FACE_BOUND('',#1505,.T.);
#1630=FACE_BOUND('',#1506,.T.);
#1631=FACE_BOUND('',#1507,.T.);
#1632=FACE_BOUND('',#1508,.T.);
#1633=FACE_BOUND('',#1509,.T.);
#1634=FACE_BOUND('',#1510,.T.);
#1635=FACE_BOUND('',#1511,.T.);
#1636=FACE_BOUND('',#1512,.T.);
#1637=FACE_BOUND('',#1513,.T.);
#1638=FACE_BOUND('',#1514,.T.);
#1639=FACE_BOUND('',#1515,.T.);
#1640=FACE_BOUND('',#1516,.T.);
#1641=FACE_BOUND('',#1517,.T.);
#1642=FACE_BOUND('',#1518,.T.);
#1643=FACE_BOUND('',#1519,.T.);
#1644=FACE_BOUND('',#1520,.T.);
#1645=FACE_BOUND('',#1521,.T.);
#1646=FACE_BOUND('',#1522,.T.);
#1647=FACE_BOUND('',#1523,.T.);
#1648=FACE_BOUND('',#1524,.T.);
#1649=FACE_BOUND('',#1525,.T.);
#1650=FACE_BOUND('',#1526,.T.);
#1651=FACE_BOUND('',#1527,.T.);
#1652=FACE_BOUND('',#1528,.T.);
#1653=FACE_BOUND('',#1529,.T.);
#1654=FACE_BOUND('',#1530,.T.);
#1655=FACE_BOUND('',#1531,.T.);
#1656=FACE_BOUND('',#1532,.T.);
#1657=FACE_BOUND('',#1533,.T.);
#1658=FACE_BOUND('',#1534,.T.);
#1659=FACE_BOUND('',#1535,.T.);
#1660=FACE_BOUND('',#1536,.T.);
#1661=FACE_BOUND('',#1537,.T.);
#1662=FACE_BOUND('',#1538,.T.);
#1663=FACE_BOUND('',#1539,.T.);
#1664=FACE_BOUND('',#1540,.T.);
#1665=FACE_BOUND('',#1541,.T.);
#1666=FACE_BOUND('',#1542,.T.);
#1667=FACE_BOUND('',#1543,.T.);
#1668=FACE_BOUND('',#1544,.T.);
#1669=FACE_BOUND('',#1545,.T.);
#1670=FACE_BOUND('',#1546,.T.);
#1671=FACE_BOUND('',#1547,.T.);
#1672=FACE_BOUND('',#1548,.T.);
#1673=FACE_BOUND('',#1549,.T.);
#1674=FACE_BOUND('',#1550,.T.);
#1675=FACE_BOUND('',#1551,.T.);
#1676=B_SPLINE_SURFACE_WITH_KNOTS('',3,1,((#2317,#2318),(#2319,#2320),(#2321,
#2322),(#2323,#2324),(#2325,#2326),(#2327,#2328),(#2329,#2330),(#2331,#2332),
(#2333,#2334),(#2335,#2336),(#2337,#2338),(#2339,#2340),(#2341,#2342),(#2343,
#2344)),.SURF_OF_LINEAR_EXTRUSION.,.F.,.F.,.F.,(4,1,1,1,1,1,1,1,1,1,1,4),
(2,2),(0.0407000355383486,0.280525026653761,0.400437522211468,0.520350017769174,
0.640262513326881,0.700218761105734,0.760175008884587,0.82013125666344,
0.880087504442293,0.91006562833172,0.940043752221147,1.),(0.,1.),
 .UNSPECIFIED.);
#1677=B_SPLINE_SURFACE_WITH_KNOTS('',3,1,((#2384,#2385),(#2386,#2387),(#2388,
#2389),(#2390,#2391),(#2392,#2393),(#2394,#2395),(#2396,#2397),(#2398,#2399),
(#2400,#2401),(#2402,#2403),(#2404,#2405),(#2406,#2407),(#2408,#2409)),
 .SURF_OF_LINEAR_EXTRUSION.,.F.,.F.,.F.,(4,1,1,1,1,1,1,1,1,1,4),(2,2),(-4.07133322344406E-17,
0.0599563555454585,0.119912711090917,0.179869066636376,0.239825422181834,
0.299781777727293,0.359738133272751,0.479650844363668,0.599563555454586,
0.719476266545503,0.959301688727337),(0.,1.),.UNSPECIFIED.);
#1678=B_SPLINE_SURFACE_WITH_KNOTS('',3,1,((#2445,#2446),(#2447,#2448),(#2449,
#2450),(#2451,#2452),(#2453,#2454),(#2455,#2456),(#2457,#2458),(#2459,#2460),
(#2461,#2462),(#2463,#2464),(#2465,#2466),(#2467,#2468),(#2469,#2470),(#2471,
#2472),(#2473,#2474),(#2475,#2476),(#2477,#2478),(#2479,#2480),(#2481,#2482),
(#2483,#2484),(#2485,#2486),(#2487,#2488),(#2489,#2490),(#2491,#2492),(#2493,
#2494),(#2495,#2496),(#2497,#2498)),.SURF_OF_LINEAR_EXTRUSION.,.T.,.F.,
 .F.,(1,1,1,1,1,1,1,1,1,1,1,1,1,1,1,1,1,1,1,1,1,1,1,1,1,1,1,1,1,1,1),(2,
2),(-0.09375,-0.0625,-0.03125,0.,0.03125,0.0625,0.09375,0.125,0.1875,0.25,
0.3125,0.375,0.40625,0.4375,0.46875,0.5,0.53125,0.5625,0.59375,0.625,0.6875,
0.75,0.8125,0.875,0.90625,0.9375,0.96875,1.,1.03125,1.0625,1.09375),(0.,
1.),.UNSPECIFIED.);
#1679=B_SPLINE_SURFACE_WITH_KNOTS('',3,1,((#2669,#2670),(#2671,#2672),(#2673,
#2674),(#2675,#2676),(#2677,#2678),(#2679,#2680)),
 .SURF_OF_LINEAR_EXTRUSION.,.F.,.F.,.F.,(4,1,1,4),(2,2),(0.,0.244253288047299,
0.366379932070949,0.488506576094598),(0.,1.),.UNSPECIFIED.);
#1680=B_SPLINE_SURFACE_WITH_KNOTS('',3,1,((#2698,#2699),(#2700,#2701),(#2702,
#2703),(#2704,#2705)),.SURF_OF_LINEAR_EXTRUSION.,.F.,.F.,.F.,(4,4),(2,2),
(0.642078828429361,1.),(0.,1.),.PIECEWISE_BEZIER_KNOTS.);
#1681=B_SPLINE_SURFACE_WITH_KNOTS('',3,1,((#2722,#2723),(#2724,#2725),(#2726,
#2727),(#2728,#2729),(#2730,#2731),(#2732,#2733)),
 .SURF_OF_LINEAR_EXTRUSION.,.F.,.F.,.F.,(4,1,1,4),(2,2),(0.,0.244253288047299,
0.366379932070949,0.488506576094598),(0.,1.),.UNSPECIFIED.);
#1682=B_SPLINE_SURFACE_WITH_KNOTS('',3,1,((#2766,#2767),(#2768,#2769),(#2770,
#2771),(#2772,#2773)),.SURF_OF_LINEAR_EXTRUSION.,.F.,.F.,.F.,(4,4),(2,2),
(0.642078828429361,1.),(0.,1.),.PIECEWISE_BEZIER_KNOTS.);
#1683=B_SPLINE_SURFACE_WITH_KNOTS('',3,1,((#2817,#2818),(#2819,#2820),(#2821,
#2822),(#2823,#2824),(#2825,#2826),(#2827,#2828),(#2829,#2830),(#2831,#2832),
(#2833,#2834),(#2835,#2836),(#2837,#2838),(#2839,#2840)),
 .SURF_OF_LINEAR_EXTRUSION.,.F.,.F.,.F.,(4,1,1,1,1,1,1,1,1,4),(2,2),(0.,
0.125,0.25,0.375,0.4375,0.5,0.625,0.75,0.875,1.),(0.,1.),.UNSPECIFIED.);
#1684=B_SPLINE_SURFACE_WITH_KNOTS('',3,1,((#2872,#2873),(#2874,#2875),(#2876,
#2877),(#2878,#2879),(#2880,#2881),(#2882,#2883),(#2884,#2885),(#2886,#2887),
(#2888,#2889),(#2890,#2891),(#2892,#2893),(#2894,#2895)),
 .SURF_OF_LINEAR_EXTRUSION.,.F.,.F.,.F.,(4,1,1,1,1,1,1,1,1,4),(2,2),(0.,
0.125,0.25,0.375,0.4375,0.5,0.625,0.75,0.875,1.),(0.,1.),.UNSPECIFIED.);
#1685=B_SPLINE_SURFACE_WITH_KNOTS('',3,1,((#3150,#3151),(#3152,#3153),(#3154,
#3155),(#3156,#3157)),.SURF_OF_LINEAR_EXTRUSION.,.F.,.F.,.F.,(4,4),(2,2),
(0.,1.),(0.,1.),.PIECEWISE_BEZIER_KNOTS.);
#1686=B_SPLINE_SURFACE_WITH_KNOTS('',3,1,((#3164,#3165),(#3166,#3167),(#3168,
#3169),(#3170,#3171)),.SURF_OF_LINEAR_EXTRUSION.,.F.,.F.,.F.,(4,4),(2,2),
(0.,1.),(0.,1.),.PIECEWISE_BEZIER_KNOTS.);
#1687=B_SPLINE_SURFACE_WITH_KNOTS('',3,1,((#3194,#3195),(#3196,#3197),(#3198,
#3199),(#3200,#3201)),.SURF_OF_LINEAR_EXTRUSION.,.F.,.F.,.F.,(4,4),(2,2),
(0.,1.),(0.,1.),.PIECEWISE_BEZIER_KNOTS.);
#1688=B_SPLINE_SURFACE_WITH_KNOTS('',3,1,((#3212,#3213),(#3214,#3215),(#3216,
#3217),(#3218,#3219)),.SURF_OF_LINEAR_EXTRUSION.,.F.,.F.,.F.,(4,4),(2,2),
(0.,1.),(0.,1.),.PIECEWISE_BEZIER_KNOTS.);
#1689=B_SPLINE_SURFACE_WITH_KNOTS('',3,1,((#3230,#3231),(#3232,#3233),(#3234,
#3235),(#3236,#3237),(#3238,#3239),(#3240,#3241),(#3242,#3243),(#3244,#3245),
(#3246,#3247),(#3248,#3249),(#3250,#3251),(#3252,#3253),(#3254,#3255),(#3256,
#3257),(#3258,#3259),(#3260,#3261),(#3262,#3263),(#3264,#3265),(#3266,#3267),
(#3268,#3269),(#3270,#3271),(#3272,#3273),(#3274,#3275),(#3276,#3277),(#3278,
#3279),(#3280,#3281),(#3282,#3283)),.SURF_OF_LINEAR_EXTRUSION.,.T.,.F.,
 .F.,(1,1,1,1,1,1,1,1,1,1,1,1,1,1,1,1,1,1,1,1,1,1,1,1,1,1,1,1,1,1,1),(2,
2),(-0.09375,-0.0625,-0.03125,0.,0.03125,0.0625,0.09375,0.125,0.1875,0.25,
0.3125,0.375,0.40625,0.4375,0.46875,0.5,0.53125,0.5625,0.59375,0.625,0.6875,
0.75,0.8125,0.875,0.90625,0.9375,0.96875,1.,1.03125,1.0625,1.09375),(0.,
1.),.UNSPECIFIED.);
#1690=B_SPLINE_SURFACE_WITH_KNOTS('',3,1,((#3703,#3704),(#3705,#3706),(#3707,
#3708),(#3709,#3710),(#3711,#3712),(#3713,#3714),(#3715,#3716),(#3717,#3718),
(#3719,#3720),(#3721,#3722),(#3723,#3724)),.SURF_OF_LINEAR_EXTRUSION.,.T.,
 .F.,.F.,(1,1,1,1,1,1,1,1,1,1,1,1,1,1,1),(2,2),(-2.35619449019234,-1.5707963267949,
-0.785398163397448,0.,0.785398163397448,1.5707963267949,2.35619449019234,
3.14159265358979,3.92699081698724,4.71238898038469,5.49778714378214,6.28318530717959,
7.06858347057703,7.85398163397448,8.63937979737193),(0.,1.),
 .UNSPECIFIED.);
#1691=ADVANCED_FACE('',(#1552),#1676,.T.);
#1692=ADVANCED_FACE('',(#1553),#1677,.T.);
#1693=ADVANCED_FACE('',(#1554,#1555),#1678,.T.);
#1694=ADVANCED_FACE('',(#1556),#111,.T.);
#1695=ADVANCED_FACE('',(#1557),#63,.T.);
#1696=ADVANCED_FACE('',(#1558),#64,.T.);
#1697=ADVANCED_FACE('',(#1559),#65,.F.);
#1698=ADVANCED_FACE('',(#1560),#66,.F.);
#1699=ADVANCED_FACE('',(#1561),#67,.F.);
#1700=ADVANCED_FACE('',(#1562),#68,.F.);
#1701=ADVANCED_FACE('',(#1563),#69,.T.);
#1702=ADVANCED_FACE('',(#1564),#70,.T.);
#1703=ADVANCED_FACE('',(#1565),#112,.F.);
#1704=ADVANCED_FACE('',(#1566),#113,.F.);
#1705=ADVANCED_FACE('',(#1567),#114,.F.);
#1706=ADVANCED_FACE('',(#1568),#1679,.F.);
#1707=ADVANCED_FACE('',(#1569),#1680,.F.);
#1708=ADVANCED_FACE('',(#1570),#1681,.T.);
#1709=ADVANCED_FACE('',(#1571),#1682,.T.);
#1710=ADVANCED_FACE('',(#1572),#71,.T.);
#1711=ADVANCED_FACE('',(#1573),#115,.T.);
#1712=ADVANCED_FACE('',(#1574),#72,.F.);
#1713=ADVANCED_FACE('',(#1575),#1683,.F.);
#1714=ADVANCED_FACE('',(#1576),#73,.F.);
#1715=ADVANCED_FACE('',(#1577),#74,.T.);
#1716=ADVANCED_FACE('',(#1578),#1684,.T.);
#1717=ADVANCED_FACE('',(#1579,#1580,#1581,#1582,#1583,#1584,#1585,#1586),
#75,.T.);
#1718=ADVANCED_FACE('',(#1587),#76,.F.);
#1719=ADVANCED_FACE('',(#1588,#1589),#77,.T.);
#1720=ADVANCED_FACE('',(#1590),#116,.T.);
#1721=ADVANCED_FACE('',(#1591),#117,.T.);
#1722=ADVANCED_FACE('',(#1592),#118,.T.);
#1723=ADVANCED_FACE('',(#1593),#119,.T.);
#1724=ADVANCED_FACE('',(#1594,#1595),#120,.F.);
#1725=ADVANCED_FACE('',(#1596),#78,.T.);
#1726=ADVANCED_FACE('',(#1597,#1598),#121,.F.);
#1727=ADVANCED_FACE('',(#1599),#79,.T.);
#1728=ADVANCED_FACE('',(#1600,#1601),#122,.F.);
#1729=ADVANCED_FACE('',(#1602),#80,.T.);
#1730=ADVANCED_FACE('',(#1603,#1604),#123,.F.);
#1731=ADVANCED_FACE('',(#1605),#81,.T.);
#1732=ADVANCED_FACE('',(#1606),#82,.T.);
#1733=ADVANCED_FACE('',(#1607),#83,.T.);
#1734=ADVANCED_FACE('',(#1608),#84,.F.);
#1735=ADVANCED_FACE('',(#1609),#85,.F.);
#1736=ADVANCED_FACE('',(#1610),#86,.F.);
#1737=ADVANCED_FACE('',(#1611),#87,.F.);
#1738=ADVANCED_FACE('',(#1612),#88,.T.);
#1739=ADVANCED_FACE('',(#1613),#89,.T.);
#1740=ADVANCED_FACE('',(#1614),#90,.F.);
#1741=ADVANCED_FACE('',(#1615),#91,.T.);
#1742=ADVANCED_FACE('',(#1616),#1685,.T.);
#1743=ADVANCED_FACE('',(#1617),#1686,.F.);
#1744=ADVANCED_FACE('',(#1618),#92,.T.);
#1745=ADVANCED_FACE('',(#1619),#93,.F.);
#1746=ADVANCED_FACE('',(#1620),#94,.T.);
#1747=ADVANCED_FACE('',(#1621),#95,.F.);
#1748=ADVANCED_FACE('',(#1622),#96,.T.);
#1749=ADVANCED_FACE('',(#1623),#1687,.T.);
#1750=ADVANCED_FACE('',(#1624),#97,.T.);
#1751=ADVANCED_FACE('',(#1625),#1688,.F.);
#1752=ADVANCED_FACE('',(#1626),#98,.F.);
#1753=ADVANCED_FACE('',(#1627),#99,.T.);
#1754=ADVANCED_FACE('',(#1628,#1629),#1689,.F.);
#1755=ADVANCED_FACE('',(#1630),#19,.T.);
#1756=ADVANCED_FACE('',(#1631),#124,.T.);
#1757=ADVANCED_FACE('',(#1632),#125,.T.);
#1758=ADVANCED_FACE('',(#1633),#12,.T.);
#1759=ADVANCED_FACE('',(#1634),#13,.T.);
#1760=ADVANCED_FACE('',(#1635),#14,.F.);
#1761=ADVANCED_FACE('',(#1636),#15,.F.);
#1762=ADVANCED_FACE('',(#1637),#16,.F.);
#1763=ADVANCED_FACE('',(#1638),#17,.F.);
#1764=ADVANCED_FACE('',(#1639),#18,.F.);
#1765=ADVANCED_FACE('',(#1640),#100,.F.);
#1766=ADVANCED_FACE('',(#1641),#101,.T.);
#1767=ADVANCED_FACE('',(#1642,#1643,#1644),#102,.T.);
#1768=ADVANCED_FACE('',(#1645),#103,.T.);
#1769=ADVANCED_FACE('',(#1646,#1647),#126,.F.);
#1770=ADVANCED_FACE('',(#1648),#104,.T.);
#1771=ADVANCED_FACE('',(#1649,#1650,#1651),#105,.T.);
#1772=ADVANCED_FACE('',(#1652),#106,.F.);
#1773=ADVANCED_FACE('',(#1653,#1654,#1655),#127,.T.);
#1774=ADVANCED_FACE('',(#1656),#107,.T.);
#1775=ADVANCED_FACE('',(#1657,#1658),#128,.T.);
#1776=ADVANCED_FACE('',(#1659),#108,.F.);
#1777=ADVANCED_FACE('',(#1660,#1661,#1662),#129,.T.);
#1778=ADVANCED_FACE('',(#1663),#109,.T.);
#1779=ADVANCED_FACE('',(#1664),#130,.T.);
#1780=ADVANCED_FACE('',(#1665,#1666),#1690,.F.);
#1781=ADVANCED_FACE('',(#1667),#110,.F.);
#1782=ADVANCED_FACE('',(#1668,#1669),#131,.F.);
#1783=ADVANCED_FACE('',(#1670,#1671),#132,.F.);
#1784=ADVANCED_FACE('',(#1672,#1673),#133,.F.);
#1785=ADVANCED_FACE('',(#1674,#1675),#134,.F.);
#1786=CLOSED_SHELL('',(#1691,#1692,#1693,#1694,#1695,#1696,#1697,#1698,
#1699,#1700,#1701,#1702,#1703,#1704,#1705,#1706,#1707,#1708,#1709,#1710,
#1711,#1712,#1713,#1714,#1715,#1716,#1717,#1718,#1719,#1720,#1721,#1722,
#1723,#1724,#1725,#1726,#1727,#1728,#1729,#1730,#1731,#1732,#1733,#1734,
#1735,#1736,#1737,#1738,#1739,#1740,#1741,#1742,#1743,#1744,#1745,#1746,
#1747,#1748,#1749,#1750,#1751,#1752,#1753,#1754,#1755,#1756,#1757,#1758,
#1759,#1760,#1761,#1762,#1763,#1764,#1765,#1766,#1767,#1768,#1769,#1770,
#1771,#1772,#1773,#1774,#1775,#1776,#1777,#1778,#1779,#1780,#1781,#1782,
#1783,#1784,#1785));
#1787=STYLED_ITEM('',(#1788),#1795);
#1788=PRESENTATION_STYLE_ASSIGNMENT((#1789));
#1789=SURFACE_STYLE_USAGE(.BOTH.,#1790);
#1790=SURFACE_SIDE_STYLE('',(#1791));
#1791=SURFACE_STYLE_FILL_AREA(#1792);
#1792=FILL_AREA_STYLE('',(#1793));
#1793=FILL_AREA_STYLE_COLOUR('',#1794);
#1794=COLOUR_RGB('',0.647058823529412,0.647058823529412,0.647058823529412);
#1795=MANIFOLD_SOLID_BREP('Antenna Tower V2',#1786);
#1796=SHAPE_DEFINITION_REPRESENTATION(#3737,#1797);
#1797=SHAPE_REPRESENTATION('Antenna Tower V2',(#1798),#3732);
#1798=AXIS2_PLACEMENT_3D('',#2316,#1923,#1924);
#1799=AXIS2_PLACEMENT_3D('',#2541,#1928,#1929);
#1800=AXIS2_PLACEMENT_3D('',#2543,#1930,#1931);
#1801=AXIS2_PLACEMENT_3D('',#2549,#1932,#1933);
#1802=AXIS2_PLACEMENT_3D('',#2550,#1934,#1935);
#1803=AXIS2_PLACEMENT_3D('',#2570,#1940,#1941);
#1804=AXIS2_PLACEMENT_3D('',#2576,#1945,#1946);
#1805=AXIS2_PLACEMENT_3D('',#2593,#1950,#1951);
#1806=AXIS2_PLACEMENT_3D('',#2596,#1954,#1955);
#1807=AXIS2_PLACEMENT_3D('',#2605,#1960,#1961);
#1808=AXIS2_PLACEMENT_3D('',#2622,#1965,#1966);
#1809=AXIS2_PLACEMENT_3D('',#2628,#1970,#1971);
#1810=AXIS2_PLACEMENT_3D('',#2642,#1974,#1975);
#1811=AXIS2_PLACEMENT_3D('',#2643,#1976,#1977);
#1812=AXIS2_PLACEMENT_3D('',#2648,#1979,#1980);
#1813=AXIS2_PLACEMENT_3D('',#2651,#1982,#1983);
#1814=AXIS2_PLACEMENT_3D('',#2652,#1984,#1985);
#1815=AXIS2_PLACEMENT_3D('',#2657,#1987,#1988);
#1816=AXIS2_PLACEMENT_3D('',#2660,#1990,#1991);
#1817=AXIS2_PLACEMENT_3D('',#2661,#1992,#1993);
#1818=AXIS2_PLACEMENT_3D('',#2666,#1995,#1996);
#1819=AXIS2_PLACEMENT_3D('',#2787,#2008,#2009);
#1820=AXIS2_PLACEMENT_3D('',#2804,#2018,#2019);
#1821=AXIS2_PLACEMENT_3D('',#2805,#2020,#2021);
#1822=AXIS2_PLACEMENT_3D('',#2809,#2023,#2024);
#1823=AXIS2_PLACEMENT_3D('',#2810,#2025,#2026);
#1824=AXIS2_PLACEMENT_3D('',#2861,#2032,#2033);
#1825=AXIS2_PLACEMENT_3D('',#2864,#2036,#2037);
#1826=AXIS2_PLACEMENT_3D('',#2925,#2044,#2045);
#1827=AXIS2_PLACEMENT_3D('',#2962,#2054,#2055);
#1828=AXIS2_PLACEMENT_3D('',#2964,#2056,#2057);
#1829=AXIS2_PLACEMENT_3D('',#2966,#2058,#2059);
#1830=AXIS2_PLACEMENT_3D('',#2968,#2060,#2061);
#1831=AXIS2_PLACEMENT_3D('',#2970,#2062,#2063);
#1832=AXIS2_PLACEMENT_3D('',#2971,#2064,#2065);
#1833=AXIS2_PLACEMENT_3D('',#2972,#2066,#2067);
#1834=AXIS2_PLACEMENT_3D('',#2973,#2068,#2069);
#1835=AXIS2_PLACEMENT_3D('',#2974,#2070,#2071);
#1836=AXIS2_PLACEMENT_3D('',#2975,#2072,#2073);
#1837=AXIS2_PLACEMENT_3D('',#2988,#2074,#2075);
#1838=AXIS2_PLACEMENT_3D('',#3020,#2078,#2079);
#1839=AXIS2_PLACEMENT_3D('',#3031,#2080,#2081);
#1840=AXIS2_PLACEMENT_3D('',#3060,#2082,#2083);
#1841=AXIS2_PLACEMENT_3D('',#3061,#2084,#2085);
#1842=AXIS2_PLACEMENT_3D('',#3062,#2086,#2087);
#1843=AXIS2_PLACEMENT_3D('',#3063,#2088,#2089);
#1844=AXIS2_PLACEMENT_3D('',#3064,#2090,#2091);
#1845=AXIS2_PLACEMENT_3D('',#3065,#2092,#2093);
#1846=AXIS2_PLACEMENT_3D('',#3066,#2094,#2095);
#1847=AXIS2_PLACEMENT_3D('',#3067,#2096,#2097);
#1848=AXIS2_PLACEMENT_3D('',#3068,#2098,#2099);
#1849=AXIS2_PLACEMENT_3D('',#3069,#2100,#2101);
#1850=AXIS2_PLACEMENT_3D('',#3071,#2102,#2103);
#1851=AXIS2_PLACEMENT_3D('',#3072,#2104,#2105);
#1852=AXIS2_PLACEMENT_3D('',#3073,#2106,#2107);
#1853=AXIS2_PLACEMENT_3D('',#3075,#2108,#2109);
#1854=AXIS2_PLACEMENT_3D('',#3076,#2110,#2111);
#1855=AXIS2_PLACEMENT_3D('',#3077,#2112,#2113);
#1856=AXIS2_PLACEMENT_3D('',#3079,#2114,#2115);
#1857=AXIS2_PLACEMENT_3D('',#3080,#2116,#2117);
#1858=AXIS2_PLACEMENT_3D('',#3081,#2118,#2119);
#1859=AXIS2_PLACEMENT_3D('',#3083,#2120,#2121);
#1860=AXIS2_PLACEMENT_3D('',#3084,#2122,#2123);
#1861=AXIS2_PLACEMENT_3D('',#3095,#2127,#2128);
#1862=AXIS2_PLACEMENT_3D('',#3099,#2131,#2132);
#1863=AXIS2_PLACEMENT_3D('',#3108,#2135,#2136);
#1864=AXIS2_PLACEMENT_3D('',#3110,#2138,#2139);
#1865=AXIS2_PLACEMENT_3D('',#3116,#2143,#2144);
#1866=AXIS2_PLACEMENT_3D('',#3125,#2147,#2148);
#1867=AXIS2_PLACEMENT_3D('',#3129,#2151,#2152);
#1868=AXIS2_PLACEMENT_3D('',#3136,#2154,#2155);
#1869=AXIS2_PLACEMENT_3D('',#3143,#2160,#2161);
#1870=AXIS2_PLACEMENT_3D('',#3178,#2168,#2169);
#1871=AXIS2_PLACEMENT_3D('',#3180,#2171,#2172);
#1872=AXIS2_PLACEMENT_3D('',#3182,#2174,#2175);
#1873=AXIS2_PLACEMENT_3D('',#3183,#2176,#2177);
#1874=AXIS2_PLACEMENT_3D('',#3189,#2181,#2182);
#1875=AXIS2_PLACEMENT_3D('',#3208,#2187,#2188);
#1876=AXIS2_PLACEMENT_3D('',#3227,#2193,#2194);
#1877=AXIS2_PLACEMENT_3D('',#3229,#2196,#2197);
#1878=AXIS2_PLACEMENT_3D('',#3284,#2198,#2199);
#1879=AXIS2_PLACEMENT_3D('',#3296,#2200,#2201);
#1880=AXIS2_PLACEMENT_3D('',#3297,#2202,#2203);
#1881=AXIS2_PLACEMENT_3D('',#3298,#2204,#2205);
#1882=AXIS2_PLACEMENT_3D('',#3299,#2206,#2207);
#1883=AXIS2_PLACEMENT_3D('',#3300,#2208,#2209);
#1884=AXIS2_PLACEMENT_3D('',#3301,#2210,#2211);
#1885=AXIS2_PLACEMENT_3D('',#3420,#2212,#2213);
#1886=AXIS2_PLACEMENT_3D('',#3421,#2214,#2215);
#1887=AXIS2_PLACEMENT_3D('',#3449,#2216,#2217);
#1888=AXIS2_PLACEMENT_3D('',#3477,#2218,#2219);
#1889=AXIS2_PLACEMENT_3D('',#3499,#2220,#2221);
#1890=AXIS2_PLACEMENT_3D('',#3521,#2222,#2223);
#1891=AXIS2_PLACEMENT_3D('',#3529,#2227,#2228);
#1892=AXIS2_PLACEMENT_3D('',#3537,#2232,#2233);
#1893=AXIS2_PLACEMENT_3D('',#3541,#2235,#2236);
#1894=AXIS2_PLACEMENT_3D('',#3545,#2238,#2239);
#1895=AXIS2_PLACEMENT_3D('',#3546,#2240,#2241);
#1896=AXIS2_PLACEMENT_3D('',#3550,#2243,#2244);
#1897=AXIS2_PLACEMENT_3D('',#3554,#2246,#2247);
#1898=AXIS2_PLACEMENT_3D('',#3558,#2249,#2250);
#1899=AXIS2_PLACEMENT_3D('',#3566,#2254,#2255);
#1900=AXIS2_PLACEMENT_3D('',#3571,#2258,#2259);
#1901=AXIS2_PLACEMENT_3D('',#3572,#2260,#2261);
#1902=AXIS2_PLACEMENT_3D('',#3574,#2262,#2263);
#1903=AXIS2_PLACEMENT_3D('',#3578,#2266,#2267);
#1904=AXIS2_PLACEMENT_3D('',#3580,#2269,#2270);
#1905=AXIS2_PLACEMENT_3D('',#3610,#2272,#2273);
#1906=AXIS2_PLACEMENT_3D('',#3612,#2275,#2276);
#1907=AXIS2_PLACEMENT_3D('',#3613,#2277,#2278);
#1908=AXIS2_PLACEMENT_3D('',#3615,#2279,#2280);
#1909=AXIS2_PLACEMENT_3D('',#3618,#2282,#2283);
#1910=AXIS2_PLACEMENT_3D('',#3620,#2285,#2286);
#1911=AXIS2_PLACEMENT_3D('',#3650,#2288,#2289);
#1912=AXIS2_PLACEMENT_3D('',#3652,#2291,#2292);
#1913=AXIS2_PLACEMENT_3D('',#3654,#2294,#2295);
#1914=AXIS2_PLACEMENT_3D('',#3656,#2297,#2298);
#1915=AXIS2_PLACEMENT_3D('',#3686,#2300,#2301);
#1916=AXIS2_PLACEMENT_3D('',#3687,#2302,#2303);
#1917=AXIS2_PLACEMENT_3D('',#3725,#2304,#2305);
#1918=AXIS2_PLACEMENT_3D('',#3726,#2306,#2307);
#1919=AXIS2_PLACEMENT_3D('',#3727,#2308,#2309);
#1920=AXIS2_PLACEMENT_3D('',#3728,#2310,#2311);
#1921=AXIS2_PLACEMENT_3D('',#3729,#2312,#2313);
#1922=AXIS2_PLACEMENT_3D('',#3730,#2314,#2315);
#1923=DIRECTION('',(0.,0.,1.));
#1924=DIRECTION('',(1.,0.,0.));
#1925=DIRECTION('',(0.184288535050185,0.,0.982872186934322));
#1926=DIRECTION('',(0.184288535050185,0.,0.982872186934322));
#1927=DIRECTION('',(0.184288535050185,0.,0.982872186934322));
#1928=DIRECTION('',(0.,0.,1.));
#1929=DIRECTION('',(-1.,0.,0.));
#1930=DIRECTION('',(0.184288535050185,0.,0.982872186934322));
#1931=DIRECTION('',(0.982872186934322,0.,-0.184288535050185));
#1932=DIRECTION('',(0.537781370462338,0.,-0.843084335985226));
#1933=DIRECTION('',(0.843084335985226,0.,0.537781370462338));
#1934=DIRECTION('',(-3.55840713020884E-16,0.,-1.));
#1935=DIRECTION('',(-1.,0.,3.55840713020884E-16));
#1936=DIRECTION('',(0.,1.,0.));
#1937=DIRECTION('',(1.,-3.12989826487416E-16,-3.55840713020884E-16));
#1938=DIRECTION('',(0.,1.,0.));
#1939=DIRECTION('',(-1.,0.,3.55840713020884E-16));
#1940=DIRECTION('',(-1.,0.,0.));
#1941=DIRECTION('',(0.,0.,1.));
#1942=DIRECTION('',(0.,0.,-1.));
#1943=DIRECTION('',(0.,1.,0.));
#1944=DIRECTION('',(0.,0.,-1.));
#1945=DIRECTION('',(-3.55840713020884E-16,0.,-1.));
#1946=DIRECTION('',(-1.,0.,3.55840713020884E-16));
#1947=DIRECTION('',(1.,-3.12989826487416E-16,-3.55840713020884E-16));
#1948=DIRECTION('',(0.,1.,0.));
#1949=DIRECTION('',(-1.,0.,3.55840713020884E-16));
#1950=DIRECTION('',(-1.,0.,0.));
#1951=DIRECTION('',(0.,0.,1.));
#1952=DIRECTION('',(0.,0.,-1.));
#1953=DIRECTION('',(0.,0.,1.));
#1954=DIRECTION('',(-1.,0.,0.));
#1955=DIRECTION('',(0.,0.,1.));
#1956=DIRECTION('',(0.,0.,-1.));
#1957=DIRECTION('',(0.,1.,0.));
#1958=DIRECTION('',(0.,0.,1.));
#1959=DIRECTION('',(0.,1.,0.));
#1960=DIRECTION('',(-3.55840713020884E-16,0.,-1.));
#1961=DIRECTION('',(-1.,0.,3.55840713020884E-16));
#1962=DIRECTION('',(1.,3.12989826487416E-16,-3.55840713020884E-16));
#1963=DIRECTION('',(-1.,0.,3.55840713020884E-16));
#1964=DIRECTION('',(0.,1.,0.));
#1965=DIRECTION('',(-1.,0.,0.));
#1966=DIRECTION('',(0.,0.,1.));
#1967=DIRECTION('',(0.,1.,0.));
#1968=DIRECTION('',(0.,0.,-1.));
#1969=DIRECTION('',(0.,0.,-1.));
#1970=DIRECTION('',(-3.55840713020884E-16,0.,-1.));
#1971=DIRECTION('',(-1.,0.,3.55840713020884E-16));
#1972=DIRECTION('',(1.,3.12989826487416E-16,-3.55840713020884E-16));
#1973=DIRECTION('',(-1.,0.,3.55840713020884E-16));
#1974=DIRECTION('',(0.,0.,-1.));
#1975=DIRECTION('',(-1.,0.,0.));
#1976=DIRECTION('',(0.,0.,1.));
#1977=DIRECTION('',(1.,0.,0.));
#1978=DIRECTION('',(0.,0.,-1.));
#1979=DIRECTION('',(0.,0.,1.));
#1980=DIRECTION('',(1.,0.,0.));
#1981=DIRECTION('',(0.,0.,-1.));
#1982=DIRECTION('',(0.,0.,-1.));
#1983=DIRECTION('',(-1.,0.,0.));
#1984=DIRECTION('',(0.,0.,1.));
#1985=DIRECTION('',(1.,0.,0.));
#1986=DIRECTION('',(0.,0.,-1.));
#1987=DIRECTION('',(0.,0.,1.));
#1988=DIRECTION('',(1.,0.,0.));
#1989=DIRECTION('',(0.,0.,-1.));
#1990=DIRECTION('',(0.,0.,-1.));
#1991=DIRECTION('',(-1.,0.,0.));
#1992=DIRECTION('',(0.,0.,1.));
#1993=DIRECTION('',(1.,0.,0.));
#1994=DIRECTION('',(0.,0.,-1.));
#1995=DIRECTION('',(0.,0.,1.));
#1996=DIRECTION('',(1.,0.,0.));
#1997=DIRECTION('',(0.,0.,-1.));
#1998=DIRECTION('',(0.,0.,-1.));
#1999=DIRECTION('',(0.,0.,-1.));
#2000=DIRECTION('',(0.,0.,-1.));
#2001=DIRECTION('',(0.,0.,-1.));
#2002=DIRECTION('',(0.,0.,-1.));
#2003=DIRECTION('',(0.,0.,-1.));
#2004=DIRECTION('',(0.,0.,-1.));
#2005=DIRECTION('',(0.,0.,-1.));
#2006=DIRECTION('',(0.,0.,-1.));
#2007=DIRECTION('',(0.,0.,-1.));
#2008=DIRECTION('',(0.,1.,0.));
#2009=DIRECTION('',(0.,0.,1.));
#2010=DIRECTION('',(0.,0.,-1.));
#2011=DIRECTION('',(1.,0.,0.));
#2012=DIRECTION('',(0.,0.,-1.));
#2013=DIRECTION('',(1.,0.,0.));
#2014=DIRECTION('',(0.,0.,-1.));
#2015=DIRECTION('',(-1.,0.,3.55840713020884E-16));
#2016=DIRECTION('',(0.,0.,1.));
#2017=DIRECTION('',(-1.,0.,3.55840713020884E-16));
#2018=DIRECTION('',(0.,0.,-1.));
#2019=DIRECTION('',(-1.,0.,0.));
#2020=DIRECTION('',(0.,0.,1.));
#2021=DIRECTION('',(1.,0.,0.));
#2022=DIRECTION('',(0.,0.,-1.));
#2023=DIRECTION('',(0.,0.,1.));
#2024=DIRECTION('',(1.,0.,0.));
#2025=DIRECTION('',(0.,1.,0.));
#2026=DIRECTION('',(0.,0.,1.));
#2027=DIRECTION('',(1.,0.,0.));
#2028=DIRECTION('',(0.,0.,-1.));
#2029=DIRECTION('',(0.,0.,-1.));
#2030=DIRECTION('',(1.,0.,0.));
#2031=DIRECTION('',(0.,0.,-1.));
#2032=DIRECTION('',(0.,1.,0.));
#2033=DIRECTION('',(0.,0.,1.));
#2034=DIRECTION('',(1.,0.,0.));
#2035=DIRECTION('',(1.,0.,0.));
#2036=DIRECTION('',(0.,1.,0.));
#2037=DIRECTION('',(0.,0.,1.));
#2038=DIRECTION('',(-1.,0.,3.55840713020884E-16));
#2039=DIRECTION('',(1.,0.,0.));
#2040=DIRECTION('',(1.,0.,0.));
#2041=DIRECTION('',(-1.,0.,3.55840713020884E-16));
#2042=DIRECTION('',(0.,0.,1.));
#2043=DIRECTION('',(0.,0.,-1.));
#2044=DIRECTION('',(0.,0.,1.));
#2045=DIRECTION('',(1.,0.,0.));
#2046=DIRECTION('',(-1.,-3.12989826487416E-16,0.));
#2047=DIRECTION('',(-0.26729204132775,0.963615568908496,0.));
#2048=DIRECTION('',(-1.,-3.12989826487416E-16,0.));
#2049=DIRECTION('',(0.,1.,0.));
#2050=DIRECTION('',(0.,-1.,0.));
#2051=DIRECTION('',(-1.,3.12989826487416E-16,0.));
#2052=DIRECTION('',(-0.267292041327758,-0.963615568908494,0.));
#2053=DIRECTION('',(-1.,3.12989826487416E-16,0.));
#2054=DIRECTION('',(0.,0.,1.));
#2055=DIRECTION('',(1.,0.,0.));
#2056=DIRECTION('',(0.,0.,1.));
#2057=DIRECTION('',(1.,0.,0.));
#2058=DIRECTION('',(0.,0.,1.));
#2059=DIRECTION('',(1.,0.,0.));
#2060=DIRECTION('',(0.,0.,1.));
#2061=DIRECTION('',(1.,0.,0.));
#2062=DIRECTION('',(0.,0.,1.));
#2063=DIRECTION('',(1.,0.,0.));
#2064=DIRECTION('',(0.,0.,1.));
#2065=DIRECTION('',(1.,0.,0.));
#2066=DIRECTION('',(0.,0.,1.));
#2067=DIRECTION('',(1.,0.,0.));
#2068=DIRECTION('',(0.,0.,1.));
#2069=DIRECTION('',(1.,0.,0.));
#2070=DIRECTION('',(0.,0.,1.));
#2071=DIRECTION('',(1.,0.,0.));
#2072=DIRECTION('',(0.,0.,1.));
#2073=DIRECTION('',(1.,0.,0.));
#2074=DIRECTION('',(0.,0.,1.));
#2075=DIRECTION('',(1.,0.,0.));
#2076=DIRECTION('',(1.,0.,0.));
#2077=DIRECTION('',(1.,0.,0.));
#2078=DIRECTION('',(0.,0.,1.));
#2079=DIRECTION('',(1.,0.,0.));
#2080=DIRECTION('',(0.,0.,1.));
#2081=DIRECTION('',(1.,0.,0.));
#2082=DIRECTION('',(0.,0.,1.));
#2083=DIRECTION('',(1.,0.,0.));
#2084=DIRECTION('',(0.,0.,1.));
#2085=DIRECTION('',(1.,0.,0.));
#2086=DIRECTION('',(0.,0.,1.));
#2087=DIRECTION('',(1.,0.,0.));
#2088=DIRECTION('',(0.,0.,1.));
#2089=DIRECTION('',(1.,0.,0.));
#2090=DIRECTION('',(0.,0.,-1.));
#2091=DIRECTION('',(-1.,0.,0.));
#2092=DIRECTION('',(0.,0.,-1.));
#2093=DIRECTION('',(-1.,0.,0.));
#2094=DIRECTION('',(0.,0.,-1.));
#2095=DIRECTION('',(-1.,0.,0.));
#2096=DIRECTION('',(0.,0.,-1.));
#2097=DIRECTION('',(-1.,0.,0.));
#2098=DIRECTION('',(0.,0.,-1.));
#2099=DIRECTION('',(-1.,0.,0.));
#2100=DIRECTION('',(0.,0.,1.));
#2101=DIRECTION('',(1.,0.,0.));
#2102=DIRECTION('',(0.,0.,1.));
#2103=DIRECTION('',(1.,0.,0.));
#2104=DIRECTION('',(0.,0.,-1.));
#2105=DIRECTION('',(-1.,0.,0.));
#2106=DIRECTION('',(0.,0.,1.));
#2107=DIRECTION('',(1.,0.,0.));
#2108=DIRECTION('',(0.,0.,1.));
#2109=DIRECTION('',(1.,0.,0.));
#2110=DIRECTION('',(0.,0.,-1.));
#2111=DIRECTION('',(-1.,0.,0.));
#2112=DIRECTION('',(0.,0.,1.));
#2113=DIRECTION('',(1.,0.,0.));
#2114=DIRECTION('',(0.,0.,1.));
#2115=DIRECTION('',(1.,0.,0.));
#2116=DIRECTION('',(0.,0.,-1.));
#2117=DIRECTION('',(-1.,0.,0.));
#2118=DIRECTION('',(0.,0.,1.));
#2119=DIRECTION('',(1.,0.,0.));
#2120=DIRECTION('',(0.,0.,1.));
#2121=DIRECTION('',(1.,0.,0.));
#2122=DIRECTION('',(-3.55840713020884E-16,0.,-1.));
#2123=DIRECTION('',(-1.,0.,3.55840713020884E-16));
#2124=DIRECTION('',(1.,-3.12989826487416E-16,-3.55840713020884E-16));
#2125=DIRECTION('',(0.,1.,0.));
#2126=DIRECTION('',(0.,1.,0.));
#2127=DIRECTION('',(-1.,0.,0.));
#2128=DIRECTION('',(0.,0.,1.));
#2129=DIRECTION('',(0.,0.,-1.));
#2130=DIRECTION('',(0.,1.,0.));
#2131=DIRECTION('',(-3.55840713020884E-16,0.,-1.));
#2132=DIRECTION('',(-1.,0.,3.55840713020884E-16));
#2133=DIRECTION('',(1.,-3.12989826487416E-16,-3.55840713020884E-16));
#2134=DIRECTION('',(0.,1.,0.));
#2135=DIRECTION('',(-1.,0.,0.));
#2136=DIRECTION('',(0.,0.,1.));
#2137=DIRECTION('',(0.,0.,-1.));
#2138=DIRECTION('',(-1.,0.,0.));
#2139=DIRECTION('',(0.,0.,1.));
#2140=DIRECTION('',(0.,1.,0.));
#2141=DIRECTION('',(0.,0.,-1.));
#2142=DIRECTION('',(0.,1.,0.));
#2143=DIRECTION('',(-3.55840713020884E-16,0.,-1.));
#2144=DIRECTION('',(-1.,0.,3.55840713020884E-16));
#2145=DIRECTION('',(1.,3.12989826487416E-16,-3.55840713020884E-16));
#2146=DIRECTION('',(0.,1.,0.));
#2147=DIRECTION('',(-1.,0.,0.));
#2148=DIRECTION('',(0.,0.,1.));
#2149=DIRECTION('',(0.,0.,-1.));
#2150=DIRECTION('',(0.,1.,0.));
#2151=DIRECTION('',(-3.55840713020884E-16,0.,-1.));
#2152=DIRECTION('',(-1.,0.,3.55840713020884E-16));
#2153=DIRECTION('',(1.,3.12989826487416E-16,-3.55840713020884E-16));
#2154=DIRECTION('',(-3.12989826487416E-16,1.,0.));
#2155=DIRECTION('',(-1.,-3.12989826487416E-16,0.));
#2156=DIRECTION('',(0.,0.,-1.));
#2157=DIRECTION('',(1.,3.12989826487416E-16,0.));
#2158=DIRECTION('',(0.,0.,-1.));
#2159=DIRECTION('',(0.,0.,-1.));
#2160=DIRECTION('',(-3.12989826487416E-16,1.,0.));
#2161=DIRECTION('',(-1.,-3.12989826487416E-16,0.));
#2162=DIRECTION('',(0.,0.,-1.));
#2163=DIRECTION('',(0.,0.,-1.));
#2164=DIRECTION('',(1.,3.12989826487416E-16,0.));
#2165=DIRECTION('',(0.,0.,-1.));
#2166=DIRECTION('',(0.,0.,-1.));
#2167=DIRECTION('',(0.,0.,-1.));
#2168=DIRECTION('',(1.,0.,0.));
#2169=DIRECTION('',(0.,0.,-1.));
#2170=DIRECTION('',(0.,-1.,0.));
#2171=DIRECTION('',(0.963615568908496,0.26729204132775,0.));
#2172=DIRECTION('',(-0.26729204132775,0.963615568908496,0.));
#2173=DIRECTION('',(0.26729204132775,-0.963615568908496,0.));
#2174=DIRECTION('',(0.,0.,1.));
#2175=DIRECTION('',(1.,0.,0.));
#2176=DIRECTION('',(-1.,0.,0.));
#2177=DIRECTION('',(0.,0.,1.));
#2178=DIRECTION('',(0.,0.,-1.));
#2179=DIRECTION('',(0.,1.,0.));
#2180=DIRECTION('',(0.,0.,-1.));
#2181=DIRECTION('',(3.12989826487416E-16,1.,0.));
#2182=DIRECTION('',(-1.,3.12989826487416E-16,0.));
#2183=DIRECTION('',(0.,0.,-1.));
#2184=DIRECTION('',(0.,0.,-1.));
#2185=DIRECTION('',(1.,-3.12989826487416E-16,0.));
#2186=DIRECTION('',(0.,0.,-1.));
#2187=DIRECTION('',(-0.963615568908494,0.267292041327758,0.));
#2188=DIRECTION('',(-0.267292041327758,-0.963615568908494,0.));
#2189=DIRECTION('',(0.,0.,-1.));
#2190=DIRECTION('',(0.267292041327758,0.963615568908494,0.));
#2191=DIRECTION('',(0.,0.,-1.));
#2192=DIRECTION('',(0.,0.,-1.));
#2193=DIRECTION('',(3.12989826487416E-16,1.,0.));
#2194=DIRECTION('',(-1.,3.12989826487416E-16,0.));
#2195=DIRECTION('',(1.,-3.12989826487416E-16,0.));
#2196=DIRECTION('',(0.,0.,1.));
#2197=DIRECTION('',(1.,0.,0.));
#2198=DIRECTION('',(0.,0.,1.));
#2199=DIRECTION('',(1.,0.,0.));
#2200=DIRECTION('',(1.,0.,0.));
#2201=DIRECTION('',(0.,0.,-1.));
#2202=DIRECTION('',(1.,0.,0.));
#2203=DIRECTION('',(0.,0.,-1.));
#2204=DIRECTION('',(1.,0.,0.));
#2205=DIRECTION('',(0.,0.,-1.));
#2206=DIRECTION('',(1.,0.,0.));
#2207=DIRECTION('',(0.,0.,-1.));
#2208=DIRECTION('',(-1.,0.,0.));
#2209=DIRECTION('',(0.,0.,1.));
#2210=DIRECTION('',(1.,0.,0.));
#2211=DIRECTION('',(0.,0.,-1.));
#2212=DIRECTION('',(0.968624829053044,0.248527544835499,2.4925308566185E-14));
#2213=DIRECTION('',(-0.248527544835499,0.968624829053044,0.));
#2214=DIRECTION('',(0.970085041429881,-0.242765344301831,0.));
#2215=DIRECTION('',(0.242765344301831,0.970085041429881,0.));
#2216=DIRECTION('',(0.934983132849765,0.354692178214349,0.));
#2217=DIRECTION('',(-0.354692178214349,0.934983132849765,0.));
#2218=DIRECTION('',(0.934994693962992,-0.3546617011478,1.53809994752739E-16));
#2219=DIRECTION('',(0.3546617011478,0.934994693962992,0.));
#2220=DIRECTION('',(-2.38209141761192E-28,1.,8.69838769168535E-28));
#2221=DIRECTION('',(0.,-8.69838769168535E-28,1.));
#2222=DIRECTION('',(1.,0.,0.));
#2223=DIRECTION('',(0.,1.,0.));
#2224=DIRECTION('',(0.,-0.61271078285412,-0.790307216577384));
#2225=DIRECTION('',(0.,-0.919124796705508,0.393966506293439));
#2226=DIRECTION('',(0.,-0.792472538458099,0.609907596107621));
#2227=DIRECTION('',(1.,0.,0.));
#2228=DIRECTION('',(0.,0.,-1.));
#2229=DIRECTION('',(0.,-0.792472538458099,-0.609907596107621));
#2230=DIRECTION('',(0.,-0.919124796705508,-0.393966506293439));
#2231=DIRECTION('',(0.,0.61271078285412,-0.790307216577383));
#2232=DIRECTION('',(1.,0.,0.));
#2233=DIRECTION('',(0.,0.,-1.));
#2234=DIRECTION('',(0.,-0.412294508057094,0.911050623525366));
#2235=DIRECTION('',(1.,0.,0.));
#2236=DIRECTION('',(0.,0.,-1.));
#2237=DIRECTION('',(0.,0.412294508057094,0.911050623525366));
#2238=DIRECTION('',(1.,0.,0.));
#2239=DIRECTION('',(0.,0.,-1.));
#2240=DIRECTION('',(1.,0.,0.));
#2241=DIRECTION('',(0.,1.,0.));
#2242=DIRECTION('',(0.,-0.61271078285412,-0.790307216577384));
#2243=DIRECTION('',(1.,0.,0.));
#2244=DIRECTION('',(0.,0.,-1.));
#2245=DIRECTION('',(0.,0.412294508057094,0.911050623525366));
#2246=DIRECTION('',(1.,0.,0.));
#2247=DIRECTION('',(0.,0.,-1.));
#2248=DIRECTION('',(0.,-0.412294508057094,0.911050623525366));
#2249=DIRECTION('',(1.,0.,0.));
#2250=DIRECTION('',(0.,0.,-1.));
#2251=DIRECTION('',(0.,0.61271078285412,-0.790307216577383));
#2252=DIRECTION('',(0.,-0.919124796705508,-0.393966506293439));
#2253=DIRECTION('',(0.,-0.792472538458099,-0.609907596107621));
#2254=DIRECTION('',(1.,0.,0.));
#2255=DIRECTION('',(0.,0.,-1.));
#2256=DIRECTION('',(0.,-0.792472538458099,0.609907596107621));
#2257=DIRECTION('',(0.,-0.919124796705508,0.393966506293439));
#2258=DIRECTION('',(0.,-0.393966506293439,-0.919124796705508));
#2259=DIRECTION('',(0.,0.919124796705508,-0.393966506293439));
#2260=DIRECTION('',(0.,-0.393966506293439,-0.919124796705508));
#2261=DIRECTION('',(0.,-0.919124796705508,0.393966506293439));
#2262=DIRECTION('',(0.,-0.393966506293439,-0.919124796705508));
#2263=DIRECTION('',(0.,-0.919124796705508,0.393966506293439));
#2264=DIRECTION('',(-1.,0.,0.));
#2265=DIRECTION('',(-1.,0.,0.));
#2266=DIRECTION('',(0.,-0.609907596107621,-0.792472538458099));
#2267=DIRECTION('',(0.,0.792472538458099,-0.609907596107621));
#2268=DIRECTION('',(-1.,0.,0.));
#2269=DIRECTION('',(-1.,0.,0.));
#2270=DIRECTION('',(0.,0.,1.));
#2271=DIRECTION('',(-1.,0.,0.));
#2272=DIRECTION('',(0.,0.609907596107621,-0.792472538458099));
#2273=DIRECTION('',(0.,0.792472538458099,0.609907596107621));
#2274=DIRECTION('',(-1.,0.,0.));
#2275=DIRECTION('',(0.,0.393966506293439,-0.919124796705508));
#2276=DIRECTION('',(0.,0.919124796705508,0.393966506293439));
#2277=DIRECTION('',(0.,0.393966506293439,-0.919124796705508));
#2278=DIRECTION('',(0.,0.919124796705508,0.393966506293439));
#2279=DIRECTION('',(0.,0.393966506293439,-0.919124796705508));
#2280=DIRECTION('',(0.,0.919124796705508,0.393966506293439));
#2281=DIRECTION('',(-1.,0.,0.));
#2282=DIRECTION('',(0.,0.790307216577383,0.612710782854121));
#2283=DIRECTION('',(0.,-0.612710782854121,0.790307216577383));
#2284=DIRECTION('',(-1.,0.,0.));
#2285=DIRECTION('',(-1.,0.,0.));
#2286=DIRECTION('',(0.,0.,1.));
#2287=DIRECTION('',(-1.,0.,0.));
#2288=DIRECTION('',(0.,-0.911050623525366,-0.412294508057094));
#2289=DIRECTION('',(0.,0.412294508057094,-0.911050623525366));
#2290=DIRECTION('',(-1.,0.,0.));
#2291=DIRECTION('',(-1.,0.,0.));
#2292=DIRECTION('',(0.,0.,1.));
#2293=DIRECTION('',(-1.,0.,0.));
#2294=DIRECTION('',(0.,-0.911050623525366,0.412294508057094));
#2295=DIRECTION('',(0.,-0.412294508057094,-0.911050623525366));
#2296=DIRECTION('',(-1.,0.,0.));
#2297=DIRECTION('',(-1.,0.,0.));
#2298=DIRECTION('',(0.,0.,1.));
#2299=DIRECTION('',(-1.,0.,0.));
#2300=DIRECTION('',(0.,0.790307216577384,-0.61271078285412));
#2301=DIRECTION('',(0.,0.61271078285412,0.790307216577383));
#2302=DIRECTION('',(-1.,0.,0.));
#2303=DIRECTION('',(0.,0.,1.));
#2304=DIRECTION('',(0.,0.,1.));
#2305=DIRECTION('',(-1.,0.,0.));
#2306=DIRECTION('',(0.,0.,1.));
#2307=DIRECTION('',(1.,0.,0.));
#2308=DIRECTION('',(0.,0.,1.));
#2309=DIRECTION('',(1.,0.,0.));
#2310=DIRECTION('',(0.,0.,1.));
#2311=DIRECTION('',(1.,0.,0.));
#2312=DIRECTION('',(0.,0.,1.));
#2313=DIRECTION('',(1.,0.,0.));
#2314=DIRECTION('',(0.,0.,1.));
#2315=DIRECTION('',(1.,0.,0.));
#2316=CARTESIAN_POINT('',(0.,0.,0.));
#2317=CARTESIAN_POINT('',(0.0417174630137827,0.000477624565305695,-0.00715791205069218));
#2318=CARTESIAN_POINT('',(0.0577969568156007,0.000477624565305693,0.0785993882256708));
#2319=CARTESIAN_POINT('',(0.0380393023504438,0.00143032775332517,-0.00646825692631615));
#2320=CARTESIAN_POINT('',(0.0541187961522619,0.00143032775332517,0.0792890433500468));
#2321=CARTESIAN_POINT('',(0.0325512206836835,0.00297160723468274,-0.00543924161379859));
#2322=CARTESIAN_POINT('',(0.0486307144855015,0.00297160723468273,0.0803180586625643));
#2323=CARTESIAN_POINT('',(0.0251820432348537,0.00483168576220148,-0.00405752084214302));
#2324=CARTESIAN_POINT('',(0.0412615370366717,0.00483168576220148,0.0816997794342199));
#2325=CARTESIAN_POINT('',(0.0196175106635385,0.00600102728350609,-0.00301417098502137));
#2326=CARTESIAN_POINT('',(0.0356970044653565,0.00600102728350608,0.0827431292913416));
#2327=CARTESIAN_POINT('',(0.0149026384612682,0.00663678944719284,-0.00213013244709572));
#2328=CARTESIAN_POINT('',(0.0309821322630862,0.00663678944719284,0.0836271678292672));
#2329=CARTESIAN_POINT('',(0.0111013067906954,0.00676215672735393,-0.00141738275886332));
#2330=CARTESIAN_POINT('',(0.0271808005925135,0.00676215672735393,0.0843399175174996));
#2331=CARTESIAN_POINT('',(0.00825444548013996,0.00658374996681112,-0.000883596263134166));
#2332=CARTESIAN_POINT('',(0.024333939281958,0.00658374996681112,0.0848737040132288));
#2333=CARTESIAN_POINT('',(0.00547311975900393,0.00604697826158356,-0.000362097690421183));
#2334=CARTESIAN_POINT('',(0.021552613560822,0.00604697826158356,0.0853952025859418));
#2335=CARTESIAN_POINT('',(0.00322314654609465,0.00512515687497953,5.97722869993434E-5));
#2336=CARTESIAN_POINT('',(0.0193026403479127,0.00512515687497953,0.0858170725633623));
#2337=CARTESIAN_POINT('',(0.00170392571350966,0.00396122619540763,0.00034462619310901));
#2338=CARTESIAN_POINT('',(0.0177834195153277,0.00396122619540763,0.086101926469472));
#2339=CARTESIAN_POINT('',(0.000475346841199443,0.00243954584744517,0.000574984731667176));
#2340=CARTESIAN_POINT('',(0.0165548406430175,0.00243954584744517,0.0863322850080301));
#2341=CARTESIAN_POINT('',(0.00012029203279553,0.000979842235988484,0.000641557508242905));
#2342=CARTESIAN_POINT('',(0.0161997858346136,0.000979842235988482,0.0863988577846058));
#2343=CARTESIAN_POINT('',(0.000120292032795541,-9.86623976961809E-18,0.000641557508242909));
#2344=CARTESIAN_POINT('',(0.0161997858346136,-1.1828925015832E-17,0.0863988577846058));
#2345=CARTESIAN_POINT('',(0.0580595875051683,0.000477686267550803,0.08));
#2346=CARTESIAN_POINT('',(0.0577016392874962,0.000477686267550803,0.0780909428390824));
#2347=CARTESIAN_POINT('',(0.0432748381807657,0.000477686267550803,0.00114800360318628));
#2348=CARTESIAN_POINT('',(0.0432748381807657,0.000477686267550805,0.00114800360318631));
#2349=CARTESIAN_POINT('',(0.039469777020512,0.00142953562652022,0.00114004732582072));
#2350=CARTESIAN_POINT('',(0.0337915714071919,0.00296687455433607,0.00108754200771257));
#2351=CARTESIAN_POINT('',(0.0261674245430338,0.00482080888040681,0.000951218214057259));
#2352=CARTESIAN_POINT('',(0.0204135567352482,0.00598756461359609,0.000838393481587551));
#2353=CARTESIAN_POINT('',(0.0155421564644316,0.00662693654586599,0.000764672055489255));
#2354=CARTESIAN_POINT('',(0.011615977001471,0.00676287962376529,0.000748410025818304));
#2355=CARTESIAN_POINT('',(0.00866953083734643,0.00659601610490425,0.000768349223153629));
#2356=CARTESIAN_POINT('',(0.0057937840262585,0.00607316401689145,0.00082785640701427));
#2357=CARTESIAN_POINT('',(0.00346320169159531,0.00516760702035904,0.000919959887045212));
#2358=CARTESIAN_POINT('',(0.00187446313288029,0.00400470234819556,0.00101246198344986));
#2359=CARTESIAN_POINT('',(0.000914317639144616,0.00286230539207974,0.00108303430449859));
#2360=CARTESIAN_POINT('',(0.000328586148676088,0.00148259372435096,0.00113688113026752));
#2361=CARTESIAN_POINT('',(0.000215625000000002,0.000497621273226805,0.00115000000000001));
#2362=CARTESIAN_POINT('',(0.000215625000000002,7.88860905221012E-31,0.00115000000000001));
#2363=CARTESIAN_POINT('',(0.000215625000000006,0.,0.00115000000000001));
#2364=CARTESIAN_POINT('',(0.,0.,0.));
#2365=CARTESIAN_POINT('',(0.0151077949992524,0.,0.0805749066626794));
#2366=CARTESIAN_POINT('',(0.0151077949992524,7.88860905221013E-31,0.0805749066626795));
#2367=CARTESIAN_POINT('',(0.0151077957918167,0.000335322425082155,0.0805749037685708));
#2368=CARTESIAN_POINT('',(0.0151433563147574,0.00101157196445482,0.0804693854460215));
#2369=CARTESIAN_POINT('',(0.0153650004826149,0.00221858479151844,0.0799095872935544));
#2370=CARTESIAN_POINT('',(0.0159485378802201,0.00350329825199473,0.0789654210821619));
#2371=CARTESIAN_POINT('',(0.017277087024312,0.0047742042464991,0.0780595079393716));
#2372=CARTESIAN_POINT('',(0.0184857723585159,0.00536927880057975,0.077847950350716));
#2373=CARTESIAN_POINT('',(0.0191187929064603,0.00560804426632031,0.0778672836041209));
#2374=CARTESIAN_POINT('',(0.0191187929064603,0.00560804426632031,0.0778672836041209));
#2375=CARTESIAN_POINT('',(0.0191187929064603,0.00560804426632031,0.0778672836041209));
#2376=CARTESIAN_POINT('',(0.020681429786046,0.00619744649591494,0.0779150085237479));
#2377=CARTESIAN_POINT('',(0.0239443488024717,0.00676699198051128,0.0779737118066786));
#2378=CARTESIAN_POINT('',(0.0289081760319043,0.00672957155800894,0.0780275908785125));
#2379=CARTESIAN_POINT('',(0.0337626653333091,0.00615282614413235,0.0780582369307599));
#2380=CARTESIAN_POINT('',(0.0402011265851504,0.00495624247591555,0.0780836497335434));
#2381=CARTESIAN_POINT('',(0.0481750953881443,0.00297122880515009,0.0780964249603363));
#2382=CARTESIAN_POINT('',(0.0545165555489596,0.00127495034996135,0.07809502930923));
#2383=CARTESIAN_POINT('',(0.0577016392874962,0.000477686267550805,0.0780909428390824));
#2384=CARTESIAN_POINT('',(0.000120289003779311,-6.62075841143447E-20,0.000641541353489649));
#2385=CARTESIAN_POINT('',(0.0162002936996692,3.91379699549342E-18,0.0864015663982358));
#2386=CARTESIAN_POINT('',(0.000120289003779314,-0.000980236196327519,0.000641541353489642));
#2387=CARTESIAN_POINT('',(0.0162002936996692,-0.000980236196327515,0.0864015663982358));
#2388=CARTESIAN_POINT('',(0.000597968157870539,-0.00293475080097143,0.000551976512097509));
#2389=CARTESIAN_POINT('',(0.0166779728537604,-0.00293475080097142,0.0863120015568437));
#2390=CARTESIAN_POINT('',(0.00279796390106062,-0.00495874960284878,0.000139477310249404));
#2391=CARTESIAN_POINT('',(0.0188779685969505,-0.00495874960284878,0.0858995023549956));
#2392=CARTESIAN_POINT('',(0.00546174119595453,-0.00603636090545717,-0.000359980932543187));
#2393=CARTESIAN_POINT('',(0.0215417458918444,-0.00603636090545716,0.085400044112203));
#2394=CARTESIAN_POINT('',(0.00827418754748644,-0.00658489776349664,-0.000887314623455433));
#2395=CARTESIAN_POINT('',(0.0243541922433764,-0.00658489776349664,0.0848727104212908));
#2396=CARTESIAN_POINT('',(0.0110972164343672,-0.00676338955140074,-0.0014166325397455));
#2397=CARTESIAN_POINT('',(0.0271772211302571,-0.00676338955140073,0.0843433925050007));
#2398=CARTESIAN_POINT('',(0.0149056524233163,-0.00664938898706299,-0.00213071428767357));
#2399=CARTESIAN_POINT('',(0.0309856571192062,-0.00664938898706298,0.0836293107570726));
#2400=CARTESIAN_POINT('',(0.0196063838218993,-0.0060301270578135,-0.00301210142490784));
#2401=CARTESIAN_POINT('',(0.0356863885177892,-0.0060301270578135,0.0827479236198383));
#2402=CARTESIAN_POINT('',(0.0251919338549255,-0.0048718549781363,-0.00405939205610025));
#2403=CARTESIAN_POINT('',(0.0412719385508154,-0.0048718549781363,0.0817006329886459));
#2404=CARTESIAN_POINT('',(0.0325585782126444,-0.00301990676370836,-0.00544063787317257));
#2405=CARTESIAN_POINT('',(0.0486385829085343,-0.00301990676370835,0.0803193871715736));
#2406=CARTESIAN_POINT('',(0.0380470235419518,-0.00146610365386697,-0.00646972137241769));
#2407=CARTESIAN_POINT('',(0.0541270282378417,-0.00146610365386697,0.0792903036723285));
#2408=CARTESIAN_POINT('',(0.0417203334313621,-0.000490587611518809,-0.00715846697668212));
#2409=CARTESIAN_POINT('',(0.057800338127252,-0.000490587611518805,0.0786015580680641));
#2410=CARTESIAN_POINT('',(0.000215625000000006,0.,0.00115000000000001));
#2411=CARTESIAN_POINT('',(0.000215625000000006,-0.000497807143502353,0.00115000000000001));
#2412=CARTESIAN_POINT('',(0.000328099582097963,-0.00148020154688148,0.00113692434531758));
#2413=CARTESIAN_POINT('',(0.000913486152412161,-0.00286057687954887,0.00108313500633057));
#2414=CARTESIAN_POINT('',(0.00187581405773872,-0.00400505349569385,0.00101245869355811));
#2415=CARTESIAN_POINT('',(0.00347792354509954,-0.00517178913825163,0.000919575652989497));
#2416=CARTESIAN_POINT('',(0.00578430564462243,-0.00606575576766193,0.000828611476627613));
#2417=CARTESIAN_POINT('',(0.00868947420469249,-0.00659629781598349,0.000768344204433712));
#2418=CARTESIAN_POINT('',(0.0116096851534678,-0.0067645323006117,0.000748207919796777));
#2419=CARTESIAN_POINT('',(0.0155445163461224,-0.0066399129309905,0.000763134353839003));
#2420=CARTESIAN_POINT('',(0.0204023962597302,-0.00601676941821303,0.000835213266675929));
#2421=CARTESIAN_POINT('',(0.0261767665942409,-0.00486109262789501,0.000947728836291856));
#2422=CARTESIAN_POINT('',(0.0337983034339973,-0.0030151675930029,0.00108494405567495));
#2423=CARTESIAN_POINT('',(0.0394774440032811,-0.00146532363056368,0.00113952573306451));
#2424=CARTESIAN_POINT('',(0.0432777905236719,-0.000490641981716198,0.00114789384085628));
#2425=CARTESIAN_POINT('',(0.0432777905236713,-0.000490641981716345,0.00114789384085628));
#2426=CARTESIAN_POINT('',(0.0430625604285113,-0.000490641981716195,3.0932367105358E-19));
#2427=CARTESIAN_POINT('',(0.0577050160796707,-0.000490641981716195,0.0780930968061837));
#2428=CARTESIAN_POINT('',(0.0577050160796707,-0.000490641981716193,0.0780930968061838));
#2429=CARTESIAN_POINT('',(0.0545246373376545,-0.0013068136524223,0.0780963677968595));
#2430=CARTESIAN_POINT('',(0.0481873966638041,-0.00302013350587058,0.0780965888923679));
#2431=CARTESIAN_POINT('',(0.0402093740763096,-0.00499630403438253,0.0780829278036983));
#2432=CARTESIAN_POINT('',(0.0337668058508887,-0.00617634507693087,0.0780571732422356));
#2433=CARTESIAN_POINT('',(0.0289092356880288,-0.0067389029753235,0.0780264838722829));
#2434=CARTESIAN_POINT('',(0.0239432117364571,-0.00676433221556138,0.0779731467361752));
#2435=CARTESIAN_POINT('',(0.0206801107288473,-0.00619307673947204,0.0779149135740341));
#2436=CARTESIAN_POINT('',(0.0191169773779689,-0.00560353655999768,0.0778672949576213));
#2437=CARTESIAN_POINT('',(0.0191169773779687,-0.00560353655999763,0.0778672949576212));
#2438=CARTESIAN_POINT('',(0.0191169773779687,-0.00560353655999763,0.0778672949576212));
#2439=CARTESIAN_POINT('',(0.0184841667243155,-0.00536487022604835,0.0778480172883416));
#2440=CARTESIAN_POINT('',(0.0172805588969083,-0.00477407329018567,0.0780586020556918));
#2441=CARTESIAN_POINT('',(0.0159490891719178,-0.00350041775306936,0.0789613517673123));
#2442=CARTESIAN_POINT('',(0.0152497463769567,-0.00197566250445008,0.0801042283698951));
#2443=CARTESIAN_POINT('',(0.0151077965946691,-0.000675637391245894,0.0805749008368943));
#2444=CARTESIAN_POINT('',(0.0151077949992524,0.,0.0805749066626794));
#2445=CARTESIAN_POINT('',(0.0219523845506095,0.00113791617698375,0.0831988068481723));
#2446=CARTESIAN_POINT('',(0.0064777262899586,0.00113791617698371,0.000667296124700748));
#2447=CARTESIAN_POINT('',(0.021605022624761,8.50437701733223E-7,0.0832639372092689));
#2448=CARTESIAN_POINT('',(0.0061303643641101,8.50437701692071E-7,0.000732426485797313));
#2449=CARTESIAN_POINT('',(0.0219534604770335,-0.00114131792779056,0.0831986051119678));
#2450=CARTESIAN_POINT('',(0.00647880221638256,-0.00114131792779061,0.000667094388496201));
#2451=CARTESIAN_POINT('',(0.0227178485084551,-0.00200321899192269,0.0830552823560763));
#2452=CARTESIAN_POINT('',(0.00724319024780416,-0.00200321899192273,0.000523771632604697));
#2453=CARTESIAN_POINT('',(0.0236570697875907,-0.00264643049682841,0.0828791783662383));
#2454=CARTESIAN_POINT('',(0.00818241152693983,-0.00264643049682845,0.000347667642766711));
#2455=CARTESIAN_POINT('',(0.0250165078341299,-0.00327491332284977,0.0826242837325123));
#2456=CARTESIAN_POINT('',(0.00954184957347899,-0.00327491332284981,9.27730090407308E-5));
#2457=CARTESIAN_POINT('',(0.0268357016397291,-0.00374052893366424,0.0822831848939623));
#2458=CARTESIAN_POINT('',(0.0113610433790782,-0.00374052893366428,-0.000248325829509247));
#2459=CARTESIAN_POINT('',(0.0290618210673087,-0.00391665672137253,0.0818657875012913));
#2460=CARTESIAN_POINT('',(0.0135871628066578,-0.00391665672137257,-0.000665723222180309));
#2461=CARTESIAN_POINT('',(0.0313168822954485,-0.00373613498679819,0.0814429635210148));
#2462=CARTESIAN_POINT('',(0.0158422240347976,-0.00373613498679823,-0.00108854720245674));
#2463=CARTESIAN_POINT('',(0.0331162837799147,-0.00327223400847403,0.0811055757426775));
#2464=CARTESIAN_POINT('',(0.0176416255192638,-0.00327223400847407,-0.00142593498079405));
#2465=CARTESIAN_POINT('',(0.0344864110670788,-0.00263606223609977,0.0808486768763344));
#2466=CARTESIAN_POINT('',(0.0190117528064279,-0.00263606223609981,-0.0016828338471372));
#2467=CARTESIAN_POINT('',(0.0354222304618064,-0.0019890517014876,0.0806732107398229));
#2468=CARTESIAN_POINT('',(0.0199475722011555,-0.00198905170148764,-0.00185829998364871));
#2469=CARTESIAN_POINT('',(0.0361782426475931,-0.00112677229458413,0.0805314584549879));
#2470=CARTESIAN_POINT('',(0.0207035843869422,-0.00112677229458417,-0.00200005226848372));
#2471=CARTESIAN_POINT('',(0.0365191730290288,1.28739927407191E-5,0.0804675340084687));
#2472=CARTESIAN_POINT('',(0.0210445147683779,1.28739927406779E-5,-0.00206397671500291));
#2473=CARTESIAN_POINT('',(0.0361627705849985,0.00115402724157275,0.0805343594667244));
#2474=CARTESIAN_POINT('',(0.0206881123243476,0.00115402724157271,-0.00199715125674718));
#2475=CARTESIAN_POINT('',(0.0353954391498143,0.00201187249506529,0.0806782341108214));
#2476=CARTESIAN_POINT('',(0.0199207808891634,0.00201187249506525,-0.00185327661265024));
#2477=CARTESIAN_POINT('',(0.0344592858731672,0.00265051060461674,0.0808537628501927));
#2478=CARTESIAN_POINT('',(0.0189846276125162,0.0026505106046167,-0.00167774787327885));
#2479=CARTESIAN_POINT('',(0.0330973167986509,0.00327864876201611,0.0811091320516645));
#2480=CARTESIAN_POINT('',(0.017622658538,0.00327864876201607,-0.00142237867180704));
#2481=CARTESIAN_POINT('',(0.0312741879045229,0.00374247903260377,0.0814509687193136));
#2482=CARTESIAN_POINT('',(0.015799529643872,0.00374247903260373,-0.00108054200415798));
#2483=CARTESIAN_POINT('',(0.0290633273683823,0.00391549561175941,0.0818655050698399));
#2484=CARTESIAN_POINT('',(0.0135886691077314,0.00391549561175937,-0.000666005653631688));
#2485=CARTESIAN_POINT('',(0.02682370897446,0.00373883140991668,0.0822854335187003));
#2486=CARTESIAN_POINT('',(0.0113490507138091,0.00373883140991664,-0.000246077204771267));
#2487=CARTESIAN_POINT('',(0.02501562958448,0.00327497950899135,0.0826244484043216));
#2488=CARTESIAN_POINT('',(0.00954097132382905,0.00327497950899131,9.29376808500304E-5));
#2489=CARTESIAN_POINT('',(0.0236477992534411,0.00264147555897998,0.0828809165913914));
#2490=CARTESIAN_POINT('',(0.00817314099279015,0.00264147555897994,0.000349405867919761));
#2491=CARTESIAN_POINT('',(0.0227128352209379,0.00199856076748322,0.0830562223474857));
#2492=CARTESIAN_POINT('',(0.00723817696028698,0.00199856076748318,0.000524711624014157));
#2493=CARTESIAN_POINT('',(0.0219523845506095,0.00113791617698375,0.0831988068481723));
#2494=CARTESIAN_POINT('',(0.0064777262899586,0.00113791617698371,0.000667296124700748));
#2495=CARTESIAN_POINT('',(0.021605022624761,8.50437701733223E-7,0.0832639372092689));
#2496=CARTESIAN_POINT('',(0.0061303643641101,8.50437701692071E-7,0.000732426485797313));
#2497=CARTESIAN_POINT('',(0.0219534604770335,-0.00114131792779056,0.0831986051119678));
#2498=CARTESIAN_POINT('',(0.00647880221638256,-0.00114131792779061,0.000667094388496201));
#2499=CARTESIAN_POINT('',(0.0138076468263751,0.00385691139620395,0.00101971539036898));
#2500=CARTESIAN_POINT('',(0.0138132750852738,0.00385687549628526,0.00107981433767065));
#2501=CARTESIAN_POINT('',(0.0138189035600256,0.00385683642035779,0.00113991326316729));
#2502=CARTESIAN_POINT('',(0.0138245322460618,0.00385679416744082,0.00120001216728624));
#2503=CARTESIAN_POINT('',(0.0138077594806724,0.00385691067721321,0.00101970483988846));
#2504=CARTESIAN_POINT('',(0.0138246621519328,0.00385679319171125,0.0012));
#2505=CARTESIAN_POINT('',(0.0138077594806724,0.00385691067721321,0.00101970483988845));
#2506=CARTESIAN_POINT('',(0.0145884218339464,0.00386189642123499,0.00101936759560762));
#2507=CARTESIAN_POINT('',(0.0161531931262037,0.0037496864587997,0.00102709116121278));
#2508=CARTESIAN_POINT('',(0.0180353658542177,0.00329563702424734,0.00105603087777855));
#2509=CARTESIAN_POINT('',(0.0194727310784301,0.00266789496560716,0.00108858707601584));
#2510=CARTESIAN_POINT('',(0.0204616008642845,0.0020258262052891,0.00111560809296956));
#2511=CARTESIAN_POINT('',(0.0212730183769958,0.00116344741361288,0.00114122469574359));
#2512=CARTESIAN_POINT('',(0.0216542013845939,1.37495312448413E-6,0.00115440144256203));
#2513=CARTESIAN_POINT('',(0.0212714039883598,-0.00116795406804321,0.00114116953257003));
#2514=CARTESIAN_POINT('',(0.0204565404416195,-0.00202979075786557,0.00111545324162725));
#2515=CARTESIAN_POINT('',(0.0194678808231025,-0.00266990042869728,0.00108848184141228));
#2516=CARTESIAN_POINT('',(0.0180461560306042,-0.00329160125892243,0.00105625030051505));
#2517=CARTESIAN_POINT('',(0.0161440658865191,-0.00375246440226735,0.00102692658985844));
#2518=CARTESIAN_POINT('',(0.0145816184842472,-0.00386185297125844,0.0010193705346386));
#2519=CARTESIAN_POINT('',(0.0138077594806936,-0.00385691067721335,0.00101970483988844));
#2520=CARTESIAN_POINT('',(0.0138077594806936,-0.00385691067721335,0.00101970483988845));
#2521=CARTESIAN_POINT('',(0.0138078037646414,-0.00385691039434855,0.001019700687115));
#2522=CARTESIAN_POINT('',(0.0138134393129257,-0.00385687438884368,0.00107979895954433));
#2523=CARTESIAN_POINT('',(0.0138190747138255,-0.00385683520142221,0.0011398972359113));
#2524=CARTESIAN_POINT('',(0.0138247099754837,-0.00385679283222216,0.00119999551545299));
#2525=CARTESIAN_POINT('',(0.0138246621519139,-0.00385679319171111,0.0012));
#2526=CARTESIAN_POINT('',(0.0138246621519328,0.00385679319171125,0.0012));
#2527=CARTESIAN_POINT('',(0.0130684944366824,0.00385111029594632,0.0012));
#2528=CARTESIAN_POINT('',(0.0115686007260939,0.00372807459544413,0.0012));
#2529=CARTESIAN_POINT('',(0.00970948253466411,0.00326184621465587,0.0012));
#2530=CARTESIAN_POINT('',(0.00831195236107251,0.00262878925393637,0.0012));
#2531=CARTESIAN_POINT('',(0.00736339161687034,0.00199674814937632,0.0012));
#2532=CARTESIAN_POINT('',(0.0065742983017235,0.00113239571852519,0.0012));
#2533=CARTESIAN_POINT('',(0.00621887797033433,9.67223654415323E-7,0.0012));
#2534=CARTESIAN_POINT('',(0.00657865875880715,-0.00114126598525786,0.0012));
#2535=CARTESIAN_POINT('',(0.00736628739423341,-0.0019982154827941,0.0012));
#2536=CARTESIAN_POINT('',(0.00831663651819289,-0.00263180260264333,0.0012));
#2537=CARTESIAN_POINT('',(0.00971511713883136,-0.00326280670085845,0.0012));
#2538=CARTESIAN_POINT('',(0.011548430216649,-0.00372496503120981,0.0012));
#2539=CARTESIAN_POINT('',(0.0130720758647057,-0.003851137211776,0.0012));
#2540=CARTESIAN_POINT('',(0.0138246621519139,-0.00385679319171111,0.0012));
#2541=CARTESIAN_POINT('',(0.0287121621519327,0.,0.08));
#2542=CARTESIAN_POINT('',(0.0211130779795348,1.85045038526416E-17,0.08));
#2543=CARTESIAN_POINT('',(0.050504231188103,-6.85454460773043E-6,0.0403742066522307));
#2544=CARTESIAN_POINT('',(0.0432777905236713,-0.000490641981716345,0.00114789384085628));
#2545=CARTESIAN_POINT('',(0.0434941782758881,-0.000435144629043779,0.00114837031215321));
#2546=CARTESIAN_POINT('',(0.0438239384516059,-5.72884651654321E-6,0.00115158587521057));
#2547=CARTESIAN_POINT('',(0.043491562262751,0.000423471980362764,0.00114845676723163));
#2548=CARTESIAN_POINT('',(0.0432748381807651,0.000477686267550941,0.00114800360318631));
#2549=CARTESIAN_POINT('',(0.0575590674408098,-6.85454460773043E-6,0.078));
#2550=CARTESIAN_POINT('',(0.061,-0.075,0.094));
#2551=CARTESIAN_POINT('',(0.0415,-0.075,0.094));
#2552=CARTESIAN_POINT('',(0.0415,0.0175,0.094));
#2553=CARTESIAN_POINT('',(0.0415,0.01920625,0.094));
#2554=CARTESIAN_POINT('',(0.061,0.01920625,0.094));
#2555=CARTESIAN_POINT('',(0.059669710695648,0.01920625,0.094));
#2556=CARTESIAN_POINT('',(0.059669710695648,0.01920625,0.094));
#2557=CARTESIAN_POINT('',(0.0680733546614647,0.0192946791648865,0.094));
#2558=CARTESIAN_POINT('',(0.078294575214386,0.0185879189521075,0.094));
#2559=CARTESIAN_POINT('',(0.08453863409972,0.0161890583926658,0.094));
#2560=CARTESIAN_POINT('',(0.0805,0.017400187256548,0.094));
#2561=CARTESIAN_POINT('',(0.0805,-0.075,0.094));
#2562=CARTESIAN_POINT('',(0.0805,0.0157218929542478,0.094));
#2563=CARTESIAN_POINT('',(0.059669710695648,0.0175,0.094));
#2564=CARTESIAN_POINT('',(0.0717074540377815,0.0175,0.094));
#2565=CARTESIAN_POINT('',(0.0833240529005595,0.0160386535867575,0.094));
#2566=CARTESIAN_POINT('',(0.104790943259742,0.00749582841338433,0.094));
#2567=CARTESIAN_POINT('',(0.118,-1.15649515261306E-18,0.094));
#2568=CARTESIAN_POINT('',(0.059669710695648,0.0175,0.094));
#2569=CARTESIAN_POINT('',(0.0485848553478238,0.0175,0.094));
#2570=CARTESIAN_POINT('',(0.0805,-0.075,0.09));
#2571=CARTESIAN_POINT('',(0.0805,0.017400187256548,0.11));
#2572=CARTESIAN_POINT('',(0.0805000000090848,0.0174001872544157,0.086));
#2573=CARTESIAN_POINT('',(0.0805,-0.075,0.086));
#2574=CARTESIAN_POINT('',(0.0805,0.0157218929542482,0.086));
#2575=CARTESIAN_POINT('',(0.0804999999999983,0.0157218929542482,0.1));
#2576=CARTESIAN_POINT('',(0.061,-0.075,0.086));
#2577=CARTESIAN_POINT('',(0.061,0.01920625,0.086));
#2578=CARTESIAN_POINT('',(0.0415,0.01920625,0.086));
#2579=CARTESIAN_POINT('',(0.059669710695648,0.01920625,0.086));
#2580=CARTESIAN_POINT('',(0.0415,-0.075,0.086));
#2581=CARTESIAN_POINT('',(0.0415,0.0175,0.086));
#2582=CARTESIAN_POINT('',(0.0485848553478238,0.0175,0.086));
#2583=CARTESIAN_POINT('',(0.059669710695648,0.0175,0.086));
#2584=CARTESIAN_POINT('',(0.059669710695648,0.0175,0.086));
#2585=CARTESIAN_POINT('',(0.0717074540377815,0.0175,0.086));
#2586=CARTESIAN_POINT('',(0.0833240529005595,0.0160386535867575,0.086));
#2587=CARTESIAN_POINT('',(0.104790943259742,0.00749582841338433,0.086));
#2588=CARTESIAN_POINT('',(0.118,-1.15649515261306E-18,0.086));
#2589=CARTESIAN_POINT('',(0.059669710695648,0.01920625,0.086));
#2590=CARTESIAN_POINT('',(0.0680733546614647,0.0192946791648865,0.086));
#2591=CARTESIAN_POINT('',(0.078294575214386,0.0185879189521075,0.086));
#2592=CARTESIAN_POINT('',(0.08453863409972,0.0161890583926658,0.086));
#2593=CARTESIAN_POINT('',(0.0415,-0.075,0.09));
#2594=CARTESIAN_POINT('',(0.0415,0.01920625,0.09));
#2595=CARTESIAN_POINT('',(0.0415,0.0175,0.1));
#2596=CARTESIAN_POINT('',(0.0415,-0.075,0.09));
#2597=CARTESIAN_POINT('',(0.0415,-0.02079375,0.09));
#2598=CARTESIAN_POINT('',(0.0415,-0.02079375,0.094));
#2599=CARTESIAN_POINT('',(0.0415,-0.02079375,0.086));
#2600=CARTESIAN_POINT('',(0.0415,-0.075,0.094));
#2601=CARTESIAN_POINT('',(0.0415,-0.0225,0.094));
#2602=CARTESIAN_POINT('',(0.0415,-0.0225,0.1));
#2603=CARTESIAN_POINT('',(0.0415,-0.0225,0.086));
#2604=CARTESIAN_POINT('',(0.0415,-0.075,0.086));
#2605=CARTESIAN_POINT('',(0.061,-0.075,0.086));
#2606=CARTESIAN_POINT('',(0.061,-0.02079375,0.086));
#2607=CARTESIAN_POINT('',(0.059669710695648,-0.02079375,0.086));
#2608=CARTESIAN_POINT('',(0.0485848553478238,-0.0225,0.086));
#2609=CARTESIAN_POINT('',(0.059669710695648,-0.0225,0.086));
#2610=CARTESIAN_POINT('',(0.059669710695648,-0.0225,0.086));
#2611=CARTESIAN_POINT('',(0.0738990604877472,-0.0225,0.086));
#2612=CARTESIAN_POINT('',(0.0838086203121738,-0.0199555798796061,0.086));
#2613=CARTESIAN_POINT('',(0.108882648952764,-0.0113701233152973,0.086));
#2614=CARTESIAN_POINT('',(0.125,0.,0.086));
#2615=CARTESIAN_POINT('',(0.0805,-0.0205770409233725,0.086));
#2616=CARTESIAN_POINT('',(0.0805,-0.075,0.086));
#2617=CARTESIAN_POINT('',(0.0805,-0.0189582873029735,0.086));
#2618=CARTESIAN_POINT('',(0.059669710695648,-0.02079375,0.086));
#2619=CARTESIAN_POINT('',(0.0715966414263183,-0.0207915383138865,0.086));
#2620=CARTESIAN_POINT('',(0.078397884964943,-0.0198320150375366,0.086));
#2621=CARTESIAN_POINT('',(0.0849629602153279,-0.017718798108308,0.086));
#2622=CARTESIAN_POINT('',(0.0805,-0.075,0.09));
#2623=CARTESIAN_POINT('',(0.0805,-0.075,0.094));
#2624=CARTESIAN_POINT('',(0.0805,-0.0205770409233724,0.094));
#2625=CARTESIAN_POINT('',(0.0805,-0.0189582873028958,0.094));
#2626=CARTESIAN_POINT('',(0.0805,-0.0189582873029735,0.11));
#2627=CARTESIAN_POINT('',(0.0805,-0.0205770409233725,0.1));
#2628=CARTESIAN_POINT('',(0.061,-0.075,0.094));
#2629=CARTESIAN_POINT('',(0.061,-0.02079375,0.094));
#2630=CARTESIAN_POINT('',(0.059669710695648,-0.02079375,0.094));
#2631=CARTESIAN_POINT('',(0.059669710695648,-0.02079375,0.094));
#2632=CARTESIAN_POINT('',(0.0715966414263183,-0.0207915383138865,0.094));
#2633=CARTESIAN_POINT('',(0.078397884964943,-0.0198320150375366,0.094));
#2634=CARTESIAN_POINT('',(0.0849629602153279,-0.017718798108308,0.094));
#2635=CARTESIAN_POINT('',(0.059669710695648,-0.0225,0.094));
#2636=CARTESIAN_POINT('',(0.0738990604877472,-0.0225,0.094));
#2637=CARTESIAN_POINT('',(0.0838086203121738,-0.0199555798796061,0.094));
#2638=CARTESIAN_POINT('',(0.108882648952764,-0.0113701233152973,0.094));
#2639=CARTESIAN_POINT('',(0.125,0.,0.094));
#2640=CARTESIAN_POINT('',(0.059669710695648,-0.0225,0.094));
#2641=CARTESIAN_POINT('',(0.0485848553478238,-0.0225,0.094));
#2642=CARTESIAN_POINT('',(0.0375,0.,0.1));
#2643=CARTESIAN_POINT('',(0.0375,0.,0.1));
#2644=CARTESIAN_POINT('',(0.0242805125055107,0.0114671334858826,0.1));
#2645=CARTESIAN_POINT('',(0.0242805125055107,-0.0114671334858826,0.1));
#2646=CARTESIAN_POINT('',(0.0242805125055107,-0.0114671334858826,0.09));
#2647=CARTESIAN_POINT('',(0.0242805125055107,-0.0114671334858826,0.085));
#2648=CARTESIAN_POINT('',(0.0375,0.,0.085));
#2649=CARTESIAN_POINT('',(0.0242805125055107,0.0114671334858826,0.085));
#2650=CARTESIAN_POINT('',(0.0242805125055107,0.0114671334858826,0.09));
#2651=CARTESIAN_POINT('',(0.0375,0.,0.1));
#2652=CARTESIAN_POINT('',(0.0375,0.,0.085));
#2653=CARTESIAN_POINT('',(0.0317277844377205,-0.016520639439882,0.085));
#2654=CARTESIAN_POINT('',(0.0375,-0.0175,0.085));
#2655=CARTESIAN_POINT('',(0.0317277844377205,-0.016520639439882,0.09));
#2656=CARTESIAN_POINT('',(0.0317277844377205,-0.016520639439882,0.1));
#2657=CARTESIAN_POINT('',(0.0375,0.,0.1));
#2658=CARTESIAN_POINT('',(0.0375,-0.0175,0.1));
#2659=CARTESIAN_POINT('',(0.0375,-0.0175,0.1));
#2660=CARTESIAN_POINT('',(0.0375,0.,0.1));
#2661=CARTESIAN_POINT('',(0.0375,0.,0.1));
#2662=CARTESIAN_POINT('',(0.0375,0.0175,0.1));
#2663=CARTESIAN_POINT('',(0.0317277844377205,0.016520639439882,0.1));
#2664=CARTESIAN_POINT('',(0.0317277844377205,0.016520639439882,0.09));
#2665=CARTESIAN_POINT('',(0.0317277844377205,0.016520639439882,0.085));
#2666=CARTESIAN_POINT('',(0.0375,0.,0.085));
#2667=CARTESIAN_POINT('',(0.0375,0.0175,0.085));
#2668=CARTESIAN_POINT('',(0.0375,0.0175,0.1));
#2669=CARTESIAN_POINT('',(0.059669710695648,0.0175,0.1));
#2670=CARTESIAN_POINT('',(0.059669710695648,0.0175,0.085));
#2671=CARTESIAN_POINT('',(0.0662109118575554,0.0175,0.1));
#2672=CARTESIAN_POINT('',(0.0662109118575554,0.0175,0.085));
#2673=CARTESIAN_POINT('',(0.0730074634021763,0.0172089039407962,0.1));
#2674=CARTESIAN_POINT('',(0.0730074634021763,0.0172089039407962,0.085));
#2675=CARTESIAN_POINT('',(0.0802558950971348,0.0158670153866966,0.1));
#2676=CARTESIAN_POINT('',(0.0802558950971348,0.0158670153866966,0.085));
#2677=CARTESIAN_POINT('',(0.0840114432704625,0.0148147812615642,0.1));
#2678=CARTESIAN_POINT('',(0.0840114432704625,0.0148147812615642,0.085));
#2679=CARTESIAN_POINT('',(0.0860629558157903,0.0141793767667775,0.1));
#2680=CARTESIAN_POINT('',(0.0860629558157903,0.0141793767667775,0.085));
#2681=CARTESIAN_POINT('',(0.059669710695648,0.0175,0.1));
#2682=CARTESIAN_POINT('',(0.059669710695648,0.0175,0.085));
#2683=CARTESIAN_POINT('',(0.059669710695648,0.0175,0.085));
#2684=CARTESIAN_POINT('',(0.0717074540377815,0.0175,0.085));
#2685=CARTESIAN_POINT('',(0.0833240529005595,0.0160386535867575,0.085));
#2686=CARTESIAN_POINT('',(0.104790943259742,0.00749582841338433,0.085));
#2687=CARTESIAN_POINT('',(0.118,-1.15649515261306E-18,0.085));
#2688=CARTESIAN_POINT('',(0.0860629558157891,0.0141793767667779,0.085));
#2689=CARTESIAN_POINT('',(0.0860629558157891,0.0141793767667779,0.1));
#2690=CARTESIAN_POINT('',(0.0860629558157891,0.0141793767667779,0.1));
#2691=CARTESIAN_POINT('',(0.059669710695648,0.0175,0.1));
#2692=CARTESIAN_POINT('',(0.0717074540377815,0.0175,0.1));
#2693=CARTESIAN_POINT('',(0.0833240529005595,0.0160386535867575,0.1));
#2694=CARTESIAN_POINT('',(0.104790943259742,0.00749582841338433,0.1));
#2695=CARTESIAN_POINT('',(0.118,-1.15649515261306E-18,0.1));
#2696=CARTESIAN_POINT('',(0.059669710695648,0.0175,0.1));
#2697=CARTESIAN_POINT('',(0.059669710695648,0.0175,0.1));
#2698=CARTESIAN_POINT('',(0.0944381635354966,0.0112565590593867,0.1));
#2699=CARTESIAN_POINT('',(0.0944381635354966,0.0112565590593867,0.085));
#2700=CARTESIAN_POINT('',(0.101411885282823,0.00856650044241509,0.1));
#2701=CARTESIAN_POINT('',(0.101411885282823,0.00856650044241509,0.085));
#2702=CARTESIAN_POINT('',(0.109411833014893,0.00487358237395198,0.1));
#2703=CARTESIAN_POINT('',(0.109411833014893,0.00487358237395198,0.085));
#2704=CARTESIAN_POINT('',(0.118,-1.15649515261306E-18,0.1));
#2705=CARTESIAN_POINT('',(0.118,-1.15649515261306E-18,0.085));
#2706=CARTESIAN_POINT('',(0.0944381635354975,0.0112565590593863,0.1));
#2707=CARTESIAN_POINT('',(0.0944381635354975,0.0112565590593863,0.085));
#2708=CARTESIAN_POINT('',(0.0944381635354975,0.0112565590593863,0.1));
#2709=CARTESIAN_POINT('',(0.059669710695648,0.0175,0.085));
#2710=CARTESIAN_POINT('',(0.0717074540377815,0.0175,0.085));
#2711=CARTESIAN_POINT('',(0.0833240529005595,0.0160386535867575,0.085));
#2712=CARTESIAN_POINT('',(0.104790943259742,0.00749582841338433,0.085));
#2713=CARTESIAN_POINT('',(0.118,-1.15649515261306E-18,0.085));
#2714=CARTESIAN_POINT('',(0.118,1.15649515261115E-18,0.085));
#2715=CARTESIAN_POINT('',(0.118,1.15649515261115E-18,0.1));
#2716=CARTESIAN_POINT('',(0.118,1.15649515261115E-18,0.1));
#2717=CARTESIAN_POINT('',(0.059669710695648,0.0175,0.1));
#2718=CARTESIAN_POINT('',(0.0717074540377815,0.0175,0.1));
#2719=CARTESIAN_POINT('',(0.0833240529005595,0.0160386535867575,0.1));
#2720=CARTESIAN_POINT('',(0.104790943259742,0.00749582841338433,0.1));
#2721=CARTESIAN_POINT('',(0.118,-1.15649515261306E-18,0.1));
#2722=CARTESIAN_POINT('',(0.059669710695648,-0.0175,0.1));
#2723=CARTESIAN_POINT('',(0.059669710695648,-0.0175,0.085));
#2724=CARTESIAN_POINT('',(0.0662109118575554,-0.0175,0.1));
#2725=CARTESIAN_POINT('',(0.0662109118575554,-0.0175,0.085));
#2726=CARTESIAN_POINT('',(0.0730074634021763,-0.0172089039407962,0.1));
#2727=CARTESIAN_POINT('',(0.0730074634021763,-0.0172089039407962,0.085));
#2728=CARTESIAN_POINT('',(0.0802558950971348,-0.0158670153866966,0.1));
#2729=CARTESIAN_POINT('',(0.0802558950971348,-0.0158670153866966,0.085));
#2730=CARTESIAN_POINT('',(0.0840114432704625,-0.0148147812615642,0.1));
#2731=CARTESIAN_POINT('',(0.0840114432704625,-0.0148147812615642,0.085));
#2732=CARTESIAN_POINT('',(0.0860629558157903,-0.0141793767667775,0.1));
#2733=CARTESIAN_POINT('',(0.0860629558157903,-0.0141793767667775,0.085));
#2734=CARTESIAN_POINT('',(0.059669710695648,-0.0175,0.086));
#2735=CARTESIAN_POINT('',(0.0717074540377815,-0.0175,0.086));
#2736=CARTESIAN_POINT('',(0.0833240529005595,-0.0160386535867575,0.086));
#2737=CARTESIAN_POINT('',(0.104790943259742,-0.00749582841338433,0.086));
#2738=CARTESIAN_POINT('',(0.118,1.15649515261115E-18,0.086));
#2739=CARTESIAN_POINT('',(0.0805,-0.0157218929542482,0.086));
#2740=CARTESIAN_POINT('',(0.059669710695648,-0.0175,0.086));
#2741=CARTESIAN_POINT('',(0.0804999999999983,-0.0157218929542482,0.1));
#2742=CARTESIAN_POINT('',(0.0805,-0.0157218929542478,0.094));
#2743=CARTESIAN_POINT('',(0.059669710695648,-0.0175,0.094));
#2744=CARTESIAN_POINT('',(0.0717074540377815,-0.0175,0.094));
#2745=CARTESIAN_POINT('',(0.0833240529005595,-0.0160386535867575,0.094));
#2746=CARTESIAN_POINT('',(0.104790943259742,-0.00749582841338433,0.094));
#2747=CARTESIAN_POINT('',(0.118,1.15649515261115E-18,0.094));
#2748=CARTESIAN_POINT('',(0.059669710695648,-0.0175,0.094));
#2749=CARTESIAN_POINT('',(0.059669710695648,-0.0175,0.1));
#2750=CARTESIAN_POINT('',(0.059669710695648,-0.0175,0.1));
#2751=CARTESIAN_POINT('',(0.059669710695648,-0.0175,0.1));
#2752=CARTESIAN_POINT('',(0.0717074540377815,-0.0175,0.1));
#2753=CARTESIAN_POINT('',(0.0833240529005595,-0.0160386535867575,0.1));
#2754=CARTESIAN_POINT('',(0.104790943259742,-0.00749582841338433,0.1));
#2755=CARTESIAN_POINT('',(0.118,1.15649515261115E-18,0.1));
#2756=CARTESIAN_POINT('',(0.0860629558157891,-0.0141793767667779,0.1));
#2757=CARTESIAN_POINT('',(0.0860629558157891,-0.0141793767667779,0.1));
#2758=CARTESIAN_POINT('',(0.0860629558157891,-0.0141793767667779,0.085));
#2759=CARTESIAN_POINT('',(0.059669710695648,-0.0175,0.085));
#2760=CARTESIAN_POINT('',(0.0717074540377815,-0.0175,0.085));
#2761=CARTESIAN_POINT('',(0.0833240529005595,-0.0160386535867575,0.085));
#2762=CARTESIAN_POINT('',(0.104790943259742,-0.00749582841338433,0.085));
#2763=CARTESIAN_POINT('',(0.118,1.15649515261115E-18,0.085));
#2764=CARTESIAN_POINT('',(0.059669710695648,-0.0175,0.085));
#2765=CARTESIAN_POINT('',(0.059669710695648,-0.0175,0.1));
#2766=CARTESIAN_POINT('',(0.0944381635354966,-0.0112565590593867,0.1));
#2767=CARTESIAN_POINT('',(0.0944381635354966,-0.0112565590593867,0.085));
#2768=CARTESIAN_POINT('',(0.101411885282823,-0.00856650044241509,0.1));
#2769=CARTESIAN_POINT('',(0.101411885282823,-0.00856650044241509,0.085));
#2770=CARTESIAN_POINT('',(0.109411833014893,-0.00487358237395198,0.1));
#2771=CARTESIAN_POINT('',(0.109411833014893,-0.00487358237395198,0.085));
#2772=CARTESIAN_POINT('',(0.118,1.15649515261115E-18,0.1));
#2773=CARTESIAN_POINT('',(0.118,1.15649515261115E-18,0.085));
#2774=CARTESIAN_POINT('',(0.059669710695648,-0.0175,0.085));
#2775=CARTESIAN_POINT('',(0.0717074540377815,-0.0175,0.085));
#2776=CARTESIAN_POINT('',(0.0833240529005595,-0.0160386535867575,0.085));
#2777=CARTESIAN_POINT('',(0.104790943259742,-0.00749582841338433,0.085));
#2778=CARTESIAN_POINT('',(0.118,1.15649515261115E-18,0.085));
#2779=CARTESIAN_POINT('',(0.0944381635354975,-0.0112565590593863,0.085));
#2780=CARTESIAN_POINT('',(0.0944381635354975,-0.0112565590593863,0.1));
#2781=CARTESIAN_POINT('',(0.0944381635354975,-0.0112565590593863,0.1));
#2782=CARTESIAN_POINT('',(0.059669710695648,-0.0175,0.1));
#2783=CARTESIAN_POINT('',(0.0717074540377815,-0.0175,0.1));
#2784=CARTESIAN_POINT('',(0.0833240529005595,-0.0160386535867575,0.1));
#2785=CARTESIAN_POINT('',(0.104790943259742,-0.00749582841338433,0.1));
#2786=CARTESIAN_POINT('',(0.118,1.15649515261115E-18,0.1));
#2787=CARTESIAN_POINT('',(0.0485848553478238,0.0225,0.1));
#2788=CARTESIAN_POINT('',(0.059669710695648,0.0225,0.1));
#2789=CARTESIAN_POINT('',(0.059669710695648,0.0225,0.086));
#2790=CARTESIAN_POINT('',(0.059669710695648,0.0225,0.082));
#2791=CARTESIAN_POINT('',(0.0375,0.0225,0.082));
#2792=CARTESIAN_POINT('',(0.0375,0.0225,0.082));
#2793=CARTESIAN_POINT('',(0.0375,0.0225,0.1));
#2794=CARTESIAN_POINT('',(0.0375,0.0225,0.1));
#2795=CARTESIAN_POINT('',(0.0485848553478238,0.0225,0.1));
#2796=CARTESIAN_POINT('',(0.059669710695648,0.0225,0.1));
#2797=CARTESIAN_POINT('',(0.059669710695648,0.0225,0.1));
#2798=CARTESIAN_POINT('',(0.059669710695648,0.0225,0.094));
#2799=CARTESIAN_POINT('',(0.0485848553478238,0.0225,0.094));
#2800=CARTESIAN_POINT('',(0.0415,0.0225,0.094));
#2801=CARTESIAN_POINT('',(0.0415,0.0225,0.1));
#2802=CARTESIAN_POINT('',(0.0415,0.0225,0.086));
#2803=CARTESIAN_POINT('',(0.0485848553478238,0.0225,0.086));
#2804=CARTESIAN_POINT('',(0.0375,0.,0.1));
#2805=CARTESIAN_POINT('',(0.0375,0.,0.082));
#2806=CARTESIAN_POINT('',(0.0375,-0.0225,0.082));
#2807=CARTESIAN_POINT('',(0.0375,-0.0225,0.1));
#2808=CARTESIAN_POINT('',(0.0375,-0.0225,0.1));
#2809=CARTESIAN_POINT('',(0.0375,0.,0.1));
#2810=CARTESIAN_POINT('',(0.0485848553478238,-0.0225,0.1));
#2811=CARTESIAN_POINT('',(0.0485848553478238,-0.0225,0.082));
#2812=CARTESIAN_POINT('',(0.059669710695648,-0.0225,0.082));
#2813=CARTESIAN_POINT('',(0.059669710695648,-0.0225,0.1));
#2814=CARTESIAN_POINT('',(0.059669710695648,-0.0225,0.1));
#2815=CARTESIAN_POINT('',(0.059669710695648,-0.0225,0.1));
#2816=CARTESIAN_POINT('',(0.0485848553478238,-0.0225,0.1));
#2817=CARTESIAN_POINT('',(0.059669710695648,-0.0225,0.1));
#2818=CARTESIAN_POINT('',(0.059669710695648,-0.0225,0.082));
#2819=CARTESIAN_POINT('',(0.0637669542535376,-0.0225,0.1));
#2820=CARTESIAN_POINT('',(0.0637669542535376,-0.0225,0.082));
#2821=CARTESIAN_POINT('',(0.0703151729968293,-0.0223168279104377,0.1));
#2822=CARTESIAN_POINT('',(0.0703151729968293,-0.0223168279104377,0.082));
#2823=CARTESIAN_POINT('',(0.0770307163319917,-0.0214877886444631,0.1));
#2824=CARTESIAN_POINT('',(0.0770307163319917,-0.0214877886444631,0.082));
#2825=CARTESIAN_POINT('',(0.0815626135812069,-0.0203307504965621,0.1));
#2826=CARTESIAN_POINT('',(0.0815626135812069,-0.0203307504965621,0.082));
#2827=CARTESIAN_POINT('',(0.0854686359738912,-0.0191234849371802,0.1));
#2828=CARTESIAN_POINT('',(0.0854686359738912,-0.0191234849371802,0.082));
#2829=CARTESIAN_POINT('',(0.0898551634120351,-0.0177259633867716,0.1));
#2830=CARTESIAN_POINT('',(0.0898551634120351,-0.0177259633867716,0.082));
#2831=CARTESIAN_POINT('',(0.0961616356120754,-0.015527170002746,0.1));
#2832=CARTESIAN_POINT('',(0.0961616356120754,-0.015527170002746,0.082));
#2833=CARTESIAN_POINT('',(0.104863163532504,-0.0118704242651142,0.1));
#2834=CARTESIAN_POINT('',(0.104863163532504,-0.0118704242651142,0.082));
#2835=CARTESIAN_POINT('',(0.114507562040213,-0.00689925830551864,0.1));
#2836=CARTESIAN_POINT('',(0.114507562040213,-0.00689925830551864,0.082));
#2837=CARTESIAN_POINT('',(0.12143980044424,-0.00251157326395787,0.1));
#2838=CARTESIAN_POINT('',(0.12143980044424,-0.00251157326395787,0.082));
#2839=CARTESIAN_POINT('',(0.125,0.,0.1));
#2840=CARTESIAN_POINT('',(0.125,0.,0.082));
#2841=CARTESIAN_POINT('',(0.059669710695648,-0.0225,0.082));
#2842=CARTESIAN_POINT('',(0.0625930961344479,-0.0225,0.082));
#2843=CARTESIAN_POINT('',(0.0684287694881818,-0.02241960652395,0.082));
#2844=CARTESIAN_POINT('',(0.0756462991378563,-0.0217546473318663,0.082));
#2845=CARTESIAN_POINT('',(0.0813082767920341,-0.0204111976155615,0.082));
#2846=CARTESIAN_POINT('',(0.0869198955191052,-0.0186808213540735,0.082));
#2847=CARTESIAN_POINT('',(0.0938960351395274,-0.0163793214719675,0.082));
#2848=CARTESIAN_POINT('',(0.102053223790428,-0.0131083584466769,0.082));
#2849=CARTESIAN_POINT('',(0.110004389798088,-0.00928919981290511,0.082));
#2850=CARTESIAN_POINT('',(0.117685029165511,-0.00493115739165189,0.082));
#2851=CARTESIAN_POINT('',(0.122596027657595,-0.00169590287508187,0.082));
#2852=CARTESIAN_POINT('',(0.125,0.,0.082));
#2853=CARTESIAN_POINT('',(0.125,0.,0.082));
#2854=CARTESIAN_POINT('',(0.125,0.,0.1));
#2855=CARTESIAN_POINT('',(0.125,0.,0.1));
#2856=CARTESIAN_POINT('',(0.059669710695648,-0.0225,0.1));
#2857=CARTESIAN_POINT('',(0.0738990604877472,-0.0225,0.1));
#2858=CARTESIAN_POINT('',(0.0838086203121738,-0.0199555798796061,0.1));
#2859=CARTESIAN_POINT('',(0.108882648952764,-0.0113701233152973,0.1));
#2860=CARTESIAN_POINT('',(0.125,0.,0.1));
#2861=CARTESIAN_POINT('',(0.0485848553478238,0.0175,0.1));
#2862=CARTESIAN_POINT('',(0.0485848553478238,0.0175,0.1));
#2863=CARTESIAN_POINT('',(0.0485848553478238,0.0175,0.085));
#2864=CARTESIAN_POINT('',(0.0485848553478238,-0.0175,0.1));
#2865=CARTESIAN_POINT('',(0.0485848553478238,-0.0175,0.086));
#2866=CARTESIAN_POINT('',(0.0415,-0.0175,0.086));
#2867=CARTESIAN_POINT('',(0.0485848553478238,-0.0175,0.085));
#2868=CARTESIAN_POINT('',(0.0485848553478238,-0.0175,0.1));
#2869=CARTESIAN_POINT('',(0.0485848553478238,-0.0175,0.094));
#2870=CARTESIAN_POINT('',(0.0415,-0.0175,0.094));
#2871=CARTESIAN_POINT('',(0.0415,-0.0175,0.1));
#2872=CARTESIAN_POINT('',(0.059669710695648,0.0225,0.1));
#2873=CARTESIAN_POINT('',(0.059669710695648,0.0225,0.082));
#2874=CARTESIAN_POINT('',(0.0637669542535376,0.0225,0.1));
#2875=CARTESIAN_POINT('',(0.0637669542535376,0.0225,0.082));
#2876=CARTESIAN_POINT('',(0.0703151729968293,0.0223168279104377,0.1));
#2877=CARTESIAN_POINT('',(0.0703151729968293,0.0223168279104377,0.082));
#2878=CARTESIAN_POINT('',(0.0770307163319917,0.0214877886444631,0.1));
#2879=CARTESIAN_POINT('',(0.0770307163319917,0.0214877886444631,0.082));
#2880=CARTESIAN_POINT('',(0.0815626135812069,0.0203307504965621,0.1));
#2881=CARTESIAN_POINT('',(0.0815626135812069,0.0203307504965621,0.082));
#2882=CARTESIAN_POINT('',(0.0854686359738912,0.0191234849371802,0.1));
#2883=CARTESIAN_POINT('',(0.0854686359738912,0.0191234849371802,0.082));
#2884=CARTESIAN_POINT('',(0.0898551634120351,0.0177259633867716,0.1));
#2885=CARTESIAN_POINT('',(0.0898551634120351,0.0177259633867716,0.082));
#2886=CARTESIAN_POINT('',(0.0961616356120754,0.015527170002746,0.1));
#2887=CARTESIAN_POINT('',(0.0961616356120754,0.015527170002746,0.082));
#2888=CARTESIAN_POINT('',(0.104863163532504,0.0118704242651142,0.1));
#2889=CARTESIAN_POINT('',(0.104863163532504,0.0118704242651142,0.082));
#2890=CARTESIAN_POINT('',(0.114507562040213,0.00689925830551864,0.1));
#2891=CARTESIAN_POINT('',(0.114507562040213,0.00689925830551864,0.082));
#2892=CARTESIAN_POINT('',(0.12143980044424,0.00251157326395787,0.1));
#2893=CARTESIAN_POINT('',(0.12143980044424,0.00251157326395787,0.082));
#2894=CARTESIAN_POINT('',(0.125,0.,0.1));
#2895=CARTESIAN_POINT('',(0.125,0.,0.082));
#2896=CARTESIAN_POINT('',(0.125,0.,0.082));
#2897=CARTESIAN_POINT('',(0.12260205583782,0.00169165024372025,0.082));
#2898=CARTESIAN_POINT('',(0.117710453337028,0.00491445846596445,0.082));
#2899=CARTESIAN_POINT('',(0.110068691457507,0.009254629377566,0.082));
#2900=CARTESIAN_POINT('',(0.102134607172842,0.0130727683611817,0.082));
#2901=CARTESIAN_POINT('',(0.0940004736244118,0.0163386030080626,0.082));
#2902=CARTESIAN_POINT('',(0.085652543626294,0.0191099094805899,0.082));
#2903=CARTESIAN_POINT('',(0.0772360365769667,0.0216081706247563,0.082));
#2904=CARTESIAN_POINT('',(0.0684965822901463,0.0224173248067435,0.082));
#2905=CARTESIAN_POINT('',(0.0626082657369147,0.0225,0.082));
#2906=CARTESIAN_POINT('',(0.059669710695648,0.0225,0.082));
#2907=CARTESIAN_POINT('',(0.059669710695648,0.0225,0.086));
#2908=CARTESIAN_POINT('',(0.0738990604877472,0.0225,0.086));
#2909=CARTESIAN_POINT('',(0.0838086203121738,0.0199555798796061,0.086));
#2910=CARTESIAN_POINT('',(0.108882648952764,0.0113701233152973,0.086));
#2911=CARTESIAN_POINT('',(0.125,0.,0.086));
#2912=CARTESIAN_POINT('',(0.0805,0.0205770409233725,0.086));
#2913=CARTESIAN_POINT('',(0.0805,0.0205770409233725,0.1));
#2914=CARTESIAN_POINT('',(0.0805,0.0205770409233724,0.094));
#2915=CARTESIAN_POINT('',(0.059669710695648,0.0225,0.094));
#2916=CARTESIAN_POINT('',(0.0738990604877472,0.0225,0.094));
#2917=CARTESIAN_POINT('',(0.0838086203121738,0.0199555798796061,0.094));
#2918=CARTESIAN_POINT('',(0.108882648952764,0.0113701233152973,0.094));
#2919=CARTESIAN_POINT('',(0.125,0.,0.094));
#2920=CARTESIAN_POINT('',(0.059669710695648,0.0225,0.1));
#2921=CARTESIAN_POINT('',(0.0738990604877472,0.0225,0.1));
#2922=CARTESIAN_POINT('',(0.0838086203121738,0.0199555798796061,0.1));
#2923=CARTESIAN_POINT('',(0.108882648952764,0.0113701233152973,0.1));
#2924=CARTESIAN_POINT('',(0.125,0.,0.1));
#2925=CARTESIAN_POINT('',(0.0632421360933222,0.,0.1));
#2926=CARTESIAN_POINT('',(0.0632421360933222,-0.01920625,0.1));
#2927=CARTESIAN_POINT('',(0.059669710695648,-0.01920625,0.1));
#2928=CARTESIAN_POINT('',(0.0375,-0.01920625,0.1));
#2929=CARTESIAN_POINT('',(0.059669710695648,-0.01920625,0.1));
#2930=CARTESIAN_POINT('',(0.0680733546614647,-0.0192946791648865,0.1));
#2931=CARTESIAN_POINT('',(0.078294575214386,-0.0185879189521075,0.1));
#2932=CARTESIAN_POINT('',(0.08453863409972,-0.0161890583926658,0.1));
#2933=CARTESIAN_POINT('',(0.08453863409972,-0.0161890583926658,0.1));
#2934=CARTESIAN_POINT('',(0.0788473415271622,0.00432864240713206,0.1));
#2935=CARTESIAN_POINT('',(0.0849629602153278,-0.017718798108308,0.1));
#2936=CARTESIAN_POINT('',(0.059669710695648,-0.02079375,0.1));
#2937=CARTESIAN_POINT('',(0.0715966414263183,-0.0207915383138865,0.1));
#2938=CARTESIAN_POINT('',(0.078397884964943,-0.0198320150375366,0.1));
#2939=CARTESIAN_POINT('',(0.0849629602153279,-0.017718798108308,0.1));
#2940=CARTESIAN_POINT('',(0.059669710695648,-0.02079375,0.1));
#2941=CARTESIAN_POINT('',(0.0632421360933222,-0.02079375,0.1));
#2942=CARTESIAN_POINT('',(0.0375,-0.02079375,0.1));
#2943=CARTESIAN_POINT('',(0.0375,0.,0.1));
#2944=CARTESIAN_POINT('',(0.0375,0.,0.1));
#2945=CARTESIAN_POINT('',(0.0375,0.02079375,0.1));
#2946=CARTESIAN_POINT('',(0.0375,0.01920625,0.1));
#2947=CARTESIAN_POINT('',(0.0632421360933222,0.02079375,0.1));
#2948=CARTESIAN_POINT('',(0.059669710695648,0.02079375,0.1));
#2949=CARTESIAN_POINT('',(0.059669710695648,0.02079375,0.1));
#2950=CARTESIAN_POINT('',(0.0715966414263183,0.0207915383138865,0.1));
#2951=CARTESIAN_POINT('',(0.078397884964943,0.0198320150375366,0.1));
#2952=CARTESIAN_POINT('',(0.0849629602153279,0.017718798108308,0.1));
#2953=CARTESIAN_POINT('',(0.0849629602153279,0.017718798108308,0.1));
#2954=CARTESIAN_POINT('',(0.0788473415271621,-0.00432864240713214,0.1));
#2955=CARTESIAN_POINT('',(0.08453863409972,0.0161890583926658,0.1));
#2956=CARTESIAN_POINT('',(0.059669710695648,0.01920625,0.1));
#2957=CARTESIAN_POINT('',(0.0680733546614647,0.0192946791648865,0.1));
#2958=CARTESIAN_POINT('',(0.078294575214386,0.0185879189521075,0.1));
#2959=CARTESIAN_POINT('',(0.08453863409972,0.0161890583926658,0.1));
#2960=CARTESIAN_POINT('',(0.059669710695648,0.01920625,0.1));
#2961=CARTESIAN_POINT('',(0.0632421360933222,0.01920625,0.1));
#2962=CARTESIAN_POINT('',(0.09,0.012,0.1));
#2963=CARTESIAN_POINT('',(0.092,0.012,0.1));
#2964=CARTESIAN_POINT('',(0.09,-0.012,0.1));
#2965=CARTESIAN_POINT('',(0.092,-0.012,0.1));
#2966=CARTESIAN_POINT('',(0.028,-0.014,0.1));
#2967=CARTESIAN_POINT('',(0.03,-0.014,0.1));
#2968=CARTESIAN_POINT('',(0.028,0.014,0.1));
#2969=CARTESIAN_POINT('',(0.03,0.014,0.1));
#2970=CARTESIAN_POINT('',(0.028,0.014,0.1));
#2971=CARTESIAN_POINT('',(0.09,0.012,0.1));
#2972=CARTESIAN_POINT('',(0.09,-0.012,0.1));
#2973=CARTESIAN_POINT('',(0.028,-0.014,0.1));
#2974=CARTESIAN_POINT('',(0.0632421360933222,0.,0.08));
#2975=CARTESIAN_POINT('',(0.0575590674408098,-6.85454460773043E-6,0.08));
#2976=CARTESIAN_POINT('',(0.0582015323793174,-0.00242579173015005,0.08));
#2977=CARTESIAN_POINT('',(0.0581866677626022,0.00241584951618494,0.08));
#2978=CARTESIAN_POINT('',(0.0581866677626022,0.00241584951618494,0.08));
#2979=CARTESIAN_POINT('',(0.054903830227765,0.00323738489751294,0.08));
#2980=CARTESIAN_POINT('',(0.048368564404872,0.00498901977274159,0.08));
#2981=CARTESIAN_POINT('',(0.0401451669922758,0.00702194463016835,0.08));
#2982=CARTESIAN_POINT('',(0.0335030094614131,0.00821714318928037,0.08));
#2983=CARTESIAN_POINT('',(0.0284941913839473,0.00876347793317016,0.08));
#2984=CARTESIAN_POINT('',(0.023365118615467,0.0087287749381667,0.0800000000000001));
#2985=CARTESIAN_POINT('',(0.0200201146717199,0.00808432798760331,0.08));
#2986=CARTESIAN_POINT('',(0.0184109721284384,0.0074738888751946,0.08));
#2987=CARTESIAN_POINT('',(0.0184109721284384,0.00747388887519461,0.08));
#2988=CARTESIAN_POINT('',(0.0375,0.,0.08));
#2989=CARTESIAN_POINT('',(0.0375,0.0205,0.08));
#2990=CARTESIAN_POINT('',(0.059669710695648,0.0205,0.08));
#2991=CARTESIAN_POINT('',(0.059669710695648,0.0205,0.08));
#2992=CARTESIAN_POINT('',(0.059669710695648,0.0205,0.08));
#2993=CARTESIAN_POINT('',(0.0624229471046506,0.0205,0.08));
#2994=CARTESIAN_POINT('',(0.0679192258112198,0.0204256165264257,0.08));
#2995=CARTESIAN_POINT('',(0.0747241914475023,0.0198536900298146,0.0800000000000001));
#2996=CARTESIAN_POINT('',(0.0800694961088458,0.0186763325716247,0.08));
#2997=CARTESIAN_POINT('',(0.0853586909635063,0.017082437327194,0.0800000000000001));
#2998=CARTESIAN_POINT('',(0.0919436475523925,0.0149405103442384,0.08));
#2999=CARTESIAN_POINT('',(0.0996633080024792,0.0119517661757634,0.08));
#3000=CARTESIAN_POINT('',(0.107197505474043,0.00846935003510784,0.08));
#3001=CARTESIAN_POINT('',(0.114499523395589,0.0044978259999801,0.08));
#3002=CARTESIAN_POINT('',(0.119179923334082,0.00154891552487902,0.08));
#3003=CARTESIAN_POINT('',(0.121477619567629,1.99929101689213E-18,0.08));
#3004=CARTESIAN_POINT('',(0.121477619567629,0.,0.08));
#3005=CARTESIAN_POINT('',(0.121477619567629,0.,0.08));
#3006=CARTESIAN_POINT('',(0.119179923334082,-0.00154891552487902,0.08));
#3007=CARTESIAN_POINT('',(0.114499523395589,-0.0044978259999801,0.08));
#3008=CARTESIAN_POINT('',(0.107197505474043,-0.00846935003510783,0.08));
#3009=CARTESIAN_POINT('',(0.0996633080024792,-0.0119517661757634,0.08));
#3010=CARTESIAN_POINT('',(0.0919436475523925,-0.0149405103442384,0.08));
#3011=CARTESIAN_POINT('',(0.0853586909635063,-0.017082437327194,0.08));
#3012=CARTESIAN_POINT('',(0.0800694961088458,-0.0186763325716247,0.08));
#3013=CARTESIAN_POINT('',(0.0747241914475023,-0.0198536900298146,0.08));
#3014=CARTESIAN_POINT('',(0.0679192258112197,-0.0204256165264257,0.08));
#3015=CARTESIAN_POINT('',(0.0624229471046506,-0.0205,0.08));
#3016=CARTESIAN_POINT('',(0.059669710695648,-0.0205,0.08));
#3017=CARTESIAN_POINT('',(0.059669710695648,-0.0205,0.08));
#3018=CARTESIAN_POINT('',(0.0632421360933222,-0.0205,0.08));
#3019=CARTESIAN_POINT('',(0.0375,-0.0205,0.08));
#3020=CARTESIAN_POINT('',(0.0375,0.,0.08));
#3021=CARTESIAN_POINT('',(0.0184092171519487,-0.00746940494608259,0.08));
#3022=CARTESIAN_POINT('',(0.0184092171519487,-0.00746940494608259,0.08));
#3023=CARTESIAN_POINT('',(0.0200190829886591,-0.00808005841818674,0.08));
#3024=CARTESIAN_POINT('',(0.0233649929665048,-0.00872578511785582,0.08));
#3025=CARTESIAN_POINT('',(0.02849649727165,-0.00877121585881274,0.08));
#3026=CARTESIAN_POINT('',(0.0335091069388508,-0.00823878731918163,0.08));
#3027=CARTESIAN_POINT('',(0.0401560376340473,-0.0070604533313515,0.08));
#3028=CARTESIAN_POINT('',(0.0483864597456118,-0.00503692671330568,0.08));
#3029=CARTESIAN_POINT('',(0.0549214618378901,-0.00326738473303139,0.08));
#3030=CARTESIAN_POINT('',(0.0582015323793174,-0.00242579173015005,0.08));
#3031=CARTESIAN_POINT('',(0.0632421360933222,0.,0.085));
#3032=CARTESIAN_POINT('',(0.022296320576797,0.00115255253136444,0.0850000000000001));
#3033=CARTESIAN_POINT('',(0.0219282565737874,-1.92040673301468E-6,0.085));
#3034=CARTESIAN_POINT('',(0.0222941210052623,-0.00114487090443238,0.085));
#3035=CARTESIAN_POINT('',(0.023082880831479,-0.00200287730953378,0.085));
#3036=CARTESIAN_POINT('',(0.0240491737217745,-0.00264333640648126,0.085));
#3037=CARTESIAN_POINT('',(0.0254573728219451,-0.0032733839430173,0.085));
#3038=CARTESIAN_POINT('',(0.0273307387420083,-0.00373830734723043,0.085));
#3039=CARTESIAN_POINT('',(0.0296333863260747,-0.00391463278510541,0.085));
#3040=CARTESIAN_POINT('',(0.0319091710376411,-0.00374637066333482,0.0850000000000001));
#3041=CARTESIAN_POINT('',(0.033793507812985,-0.00329002289368695,0.085));
#3042=CARTESIAN_POINT('',(0.0352091461626142,-0.00266427021762466,0.085));
#3043=CARTESIAN_POINT('',(0.0361632239022826,-0.00204536500425849,0.085));
#3044=CARTESIAN_POINT('',(0.0369753178706388,-0.00119370226203355,0.085));
#3045=CARTESIAN_POINT('',(0.0373709794675064,-5.28364813447686E-5,0.085));
#3046=CARTESIAN_POINT('',(0.0370295321930663,0.00110981662695011,0.085));
#3047=CARTESIAN_POINT('',(0.0362434073396712,0.00198157925963984,0.085));
#3048=CARTESIAN_POINT('',(0.0352679128583765,0.00263420804533375,0.085));
#3049=CARTESIAN_POINT('',(0.0338642835952109,0.00326571426399382,0.085));
#3050=CARTESIAN_POINT('',(0.0319882719315428,0.0037356537658348,0.085));
#3051=CARTESIAN_POINT('',(0.029670834670618,0.00391659870548444,0.085));
#3052=CARTESIAN_POINT('',(0.0273542242958724,0.00374115586519367,0.085));
#3053=CARTESIAN_POINT('',(0.0254935713822123,0.00328553096916347,0.085));
#3054=CARTESIAN_POINT('',(0.0240692733423066,0.00265470831424267,0.085));
#3055=CARTESIAN_POINT('',(0.0230968258710142,0.00201476782285183,0.085));
#3056=CARTESIAN_POINT('',(0.022296320576797,0.00115255253136444,0.0850000000000001));
#3057=CARTESIAN_POINT('',(0.0219282565737874,-1.92040673301468E-6,0.085));
#3058=CARTESIAN_POINT('',(0.0222941210052623,-0.00114487090443238,0.085));
#3059=CARTESIAN_POINT('',(0.0220505779795349,1.64919109854744E-17,0.085));
#3060=CARTESIAN_POINT('',(0.09,0.012,0.085));
#3061=CARTESIAN_POINT('',(0.028,0.014,0.085));
#3062=CARTESIAN_POINT('',(0.028,-0.014,0.085));
#3063=CARTESIAN_POINT('',(0.09,-0.012,0.085));
#3064=CARTESIAN_POINT('',(0.028,0.014,0.1));
#3065=CARTESIAN_POINT('',(0.028,-0.014,0.1));
#3066=CARTESIAN_POINT('',(0.09,-0.012,0.1));
#3067=CARTESIAN_POINT('',(0.09,0.012,0.1));
#3068=CARTESIAN_POINT('',(0.028,0.014,0.11));
#3069=CARTESIAN_POINT('',(0.028,0.014,0.085));
#3070=CARTESIAN_POINT('',(0.03,0.014,0.085));
#3071=CARTESIAN_POINT('',(0.0667128413915634,0.,0.085));
#3072=CARTESIAN_POINT('',(0.028,-0.014,0.11));
#3073=CARTESIAN_POINT('',(0.028,-0.014,0.085));
#3074=CARTESIAN_POINT('',(0.03,-0.014,0.085));
#3075=CARTESIAN_POINT('',(0.0667128413915634,0.,0.085));
#3076=CARTESIAN_POINT('',(0.09,-0.012,0.11));
#3077=CARTESIAN_POINT('',(0.09,-0.012,0.085));
#3078=CARTESIAN_POINT('',(0.092,-0.012,0.085));
#3079=CARTESIAN_POINT('',(0.0667128413915634,0.,0.085));
#3080=CARTESIAN_POINT('',(0.09,0.012,0.11));
#3081=CARTESIAN_POINT('',(0.09,0.012,0.085));
#3082=CARTESIAN_POINT('',(0.092,0.012,0.085));
#3083=CARTESIAN_POINT('',(0.0667128413915634,0.,0.085));
#3084=CARTESIAN_POINT('',(0.061,-0.075,0.094));
#3085=CARTESIAN_POINT('',(0.059669710695648,0.02079375,0.094));
#3086=CARTESIAN_POINT('',(0.0715966414263183,0.0207915383138865,0.094));
#3087=CARTESIAN_POINT('',(0.078397884964943,0.0198320150375366,0.094));
#3088=CARTESIAN_POINT('',(0.0849629602153279,0.017718798108308,0.094));
#3089=CARTESIAN_POINT('',(0.059669710695648,0.02079375,0.094));
#3090=CARTESIAN_POINT('',(0.0805,0.0189582873029735,0.094));
#3091=CARTESIAN_POINT('',(0.061,0.02079375,0.094));
#3092=CARTESIAN_POINT('',(0.0415,0.02079375,0.094));
#3093=CARTESIAN_POINT('',(0.0415,-0.075,0.094));
#3094=CARTESIAN_POINT('',(0.0805,-0.075,0.094));
#3095=CARTESIAN_POINT('',(0.0805,-0.075,0.09));
#3096=CARTESIAN_POINT('',(0.0805,0.0189582873029735,0.11));
#3097=CARTESIAN_POINT('',(0.0805000000003331,0.0189582873028958,0.086));
#3098=CARTESIAN_POINT('',(0.0805,-0.075,0.086));
#3099=CARTESIAN_POINT('',(0.061,-0.075,0.086));
#3100=CARTESIAN_POINT('',(0.061,0.02079375,0.086));
#3101=CARTESIAN_POINT('',(0.0415,0.02079375,0.086));
#3102=CARTESIAN_POINT('',(0.059669710695648,0.02079375,0.086));
#3103=CARTESIAN_POINT('',(0.059669710695648,0.02079375,0.086));
#3104=CARTESIAN_POINT('',(0.0715966414263183,0.0207915383138865,0.086));
#3105=CARTESIAN_POINT('',(0.078397884964943,0.0198320150375366,0.086));
#3106=CARTESIAN_POINT('',(0.0849629602153279,0.017718798108308,0.086));
#3107=CARTESIAN_POINT('',(0.0415,-0.075,0.086));
#3108=CARTESIAN_POINT('',(0.0415,-0.075,0.09));
#3109=CARTESIAN_POINT('',(0.0415,0.02079375,0.09));
#3110=CARTESIAN_POINT('',(0.0415,-0.075,0.09));
#3111=CARTESIAN_POINT('',(0.0415,-0.075,0.094));
#3112=CARTESIAN_POINT('',(0.0415,-0.01920625,0.094));
#3113=CARTESIAN_POINT('',(0.0415,-0.01920625,0.09));
#3114=CARTESIAN_POINT('',(0.0415,-0.01920625,0.086));
#3115=CARTESIAN_POINT('',(0.0415,-0.075,0.086));
#3116=CARTESIAN_POINT('',(0.061,-0.075,0.086));
#3117=CARTESIAN_POINT('',(0.061,-0.01920625,0.086));
#3118=CARTESIAN_POINT('',(0.059669710695648,-0.01920625,0.086));
#3119=CARTESIAN_POINT('',(0.059669710695648,-0.01920625,0.086));
#3120=CARTESIAN_POINT('',(0.0680733546614647,-0.0192946791648865,0.086));
#3121=CARTESIAN_POINT('',(0.078294575214386,-0.0185879189521075,0.086));
#3122=CARTESIAN_POINT('',(0.08453863409972,-0.0161890583926658,0.086));
#3123=CARTESIAN_POINT('',(0.0805,-0.017400187256548,0.086));
#3124=CARTESIAN_POINT('',(0.0805,-0.075,0.086));
#3125=CARTESIAN_POINT('',(0.0805,-0.075,0.09));
#3126=CARTESIAN_POINT('',(0.0805,-0.017400187256548,0.11));
#3127=CARTESIAN_POINT('',(0.0805000000090848,-0.0174001872544157,0.094));
#3128=CARTESIAN_POINT('',(0.0805,-0.075,0.094));
#3129=CARTESIAN_POINT('',(0.061,-0.075,0.094));
#3130=CARTESIAN_POINT('',(0.061,-0.01920625,0.094));
#3131=CARTESIAN_POINT('',(0.059669710695648,-0.01920625,0.094));
#3132=CARTESIAN_POINT('',(0.059669710695648,-0.01920625,0.094));
#3133=CARTESIAN_POINT('',(0.0680733546614647,-0.0192946791648865,0.094));
#3134=CARTESIAN_POINT('',(0.078294575214386,-0.0185879189521075,0.094));
#3135=CARTESIAN_POINT('',(0.08453863409972,-0.0161890583926658,0.094));
#3136=CARTESIAN_POINT('',(0.0485848553478238,-0.01920625,0.11));
#3137=CARTESIAN_POINT('',(0.0375,-0.01920625,0.11));
#3138=CARTESIAN_POINT('',(0.0375,-0.01920625,0.085));
#3139=CARTESIAN_POINT('',(0.0485848553478238,-0.01920625,0.085));
#3140=CARTESIAN_POINT('',(0.059669710695648,-0.01920625,0.085));
#3141=CARTESIAN_POINT('',(0.059669710695648,-0.01920625,0.11));
#3142=CARTESIAN_POINT('',(0.059669710695648,-0.01920625,0.11));
#3143=CARTESIAN_POINT('',(0.0485848553478238,-0.02079375,0.11));
#3144=CARTESIAN_POINT('',(0.059669710695648,-0.02079375,0.11));
#3145=CARTESIAN_POINT('',(0.059669710695648,-0.02079375,0.11));
#3146=CARTESIAN_POINT('',(0.059669710695648,-0.02079375,0.085));
#3147=CARTESIAN_POINT('',(0.0485848553478238,-0.02079375,0.085));
#3148=CARTESIAN_POINT('',(0.0375,-0.02079375,0.085));
#3149=CARTESIAN_POINT('',(0.0375,-0.02079375,0.11));
#3150=CARTESIAN_POINT('',(0.059669710695648,-0.02079375,0.1));
#3151=CARTESIAN_POINT('',(0.059669710695648,-0.02079375,0.085));
#3152=CARTESIAN_POINT('',(0.0715966414263183,-0.0207915383138865,0.1));
#3153=CARTESIAN_POINT('',(0.0715966414263183,-0.0207915383138865,0.085));
#3154=CARTESIAN_POINT('',(0.078397884964943,-0.0198320150375366,0.1));
#3155=CARTESIAN_POINT('',(0.078397884964943,-0.0198320150375366,0.085));
#3156=CARTESIAN_POINT('',(0.0849629602153279,-0.017718798108308,0.1));
#3157=CARTESIAN_POINT('',(0.0849629602153279,-0.017718798108308,0.085));
#3158=CARTESIAN_POINT('',(0.0849629602153278,-0.017718798108308,0.11));
#3159=CARTESIAN_POINT('',(0.0849629602153278,-0.017718798108308,0.085));
#3160=CARTESIAN_POINT('',(0.059669710695648,-0.02079375,0.085));
#3161=CARTESIAN_POINT('',(0.0715966414263183,-0.0207915383138865,0.085));
#3162=CARTESIAN_POINT('',(0.078397884964943,-0.0198320150375366,0.085));
#3163=CARTESIAN_POINT('',(0.0849629602153279,-0.017718798108308,0.085));
#3164=CARTESIAN_POINT('',(0.059669710695648,-0.01920625,0.1));
#3165=CARTESIAN_POINT('',(0.059669710695648,-0.01920625,0.085));
#3166=CARTESIAN_POINT('',(0.0680733546614647,-0.0192946791648865,0.1));
#3167=CARTESIAN_POINT('',(0.0680733546614647,-0.0192946791648865,0.085));
#3168=CARTESIAN_POINT('',(0.078294575214386,-0.0185879189521075,0.1));
#3169=CARTESIAN_POINT('',(0.078294575214386,-0.0185879189521075,0.085));
#3170=CARTESIAN_POINT('',(0.08453863409972,-0.0161890583926658,0.1));
#3171=CARTESIAN_POINT('',(0.08453863409972,-0.0161890583926658,0.085));
#3172=CARTESIAN_POINT('',(0.059669710695648,-0.01920625,0.085));
#3173=CARTESIAN_POINT('',(0.0680733546614647,-0.0192946791648865,0.085));
#3174=CARTESIAN_POINT('',(0.078294575214386,-0.0185879189521075,0.085));
#3175=CARTESIAN_POINT('',(0.08453863409972,-0.0161890583926658,0.085));
#3176=CARTESIAN_POINT('',(0.08453863409972,-0.0161890583926658,0.085));
#3177=CARTESIAN_POINT('',(0.08453863409972,-0.0161890583926658,0.11));
#3178=CARTESIAN_POINT('',(0.0375,-0.02,0.11));
#3179=CARTESIAN_POINT('',(0.0375,-0.02,0.085));
#3180=CARTESIAN_POINT('',(0.0847507971575239,-0.016953928250487,0.11));
#3181=CARTESIAN_POINT('',(0.0847507971575239,-0.016953928250487,0.085));
#3182=CARTESIAN_POINT('',(0.0667128413915634,0.,0.085));
#3183=CARTESIAN_POINT('',(0.0375,0.02,0.11));
#3184=CARTESIAN_POINT('',(0.0375,0.01920625,0.11));
#3185=CARTESIAN_POINT('',(0.0375,0.01920625,0.085));
#3186=CARTESIAN_POINT('',(0.0375,0.02,0.085));
#3187=CARTESIAN_POINT('',(0.0375,0.02079375,0.085));
#3188=CARTESIAN_POINT('',(0.0375,0.02079375,0.11));
#3189=CARTESIAN_POINT('',(0.0485848553478238,0.01920625,0.11));
#3190=CARTESIAN_POINT('',(0.059669710695648,0.01920625,0.11));
#3191=CARTESIAN_POINT('',(0.059669710695648,0.01920625,0.11));
#3192=CARTESIAN_POINT('',(0.059669710695648,0.01920625,0.085));
#3193=CARTESIAN_POINT('',(0.0485848553478238,0.01920625,0.085));
#3194=CARTESIAN_POINT('',(0.059669710695648,0.01920625,0.1));
#3195=CARTESIAN_POINT('',(0.059669710695648,0.01920625,0.085));
#3196=CARTESIAN_POINT('',(0.0680733546614647,0.0192946791648865,0.1));
#3197=CARTESIAN_POINT('',(0.0680733546614647,0.0192946791648865,0.085));
#3198=CARTESIAN_POINT('',(0.078294575214386,0.0185879189521075,0.1));
#3199=CARTESIAN_POINT('',(0.078294575214386,0.0185879189521075,0.085));
#3200=CARTESIAN_POINT('',(0.08453863409972,0.0161890583926658,0.1));
#3201=CARTESIAN_POINT('',(0.08453863409972,0.0161890583926658,0.085));
#3202=CARTESIAN_POINT('',(0.08453863409972,0.0161890583926658,0.11));
#3203=CARTESIAN_POINT('',(0.08453863409972,0.0161890583926658,0.085));
#3204=CARTESIAN_POINT('',(0.059669710695648,0.01920625,0.085));
#3205=CARTESIAN_POINT('',(0.0680733546614647,0.0192946791648865,0.085));
#3206=CARTESIAN_POINT('',(0.078294575214386,0.0185879189521075,0.085));
#3207=CARTESIAN_POINT('',(0.08453863409972,0.0161890583926658,0.085));
#3208=CARTESIAN_POINT('',(0.084750797157524,0.016953928250487,0.11));
#3209=CARTESIAN_POINT('',(0.0849629602153279,0.017718798108308,0.11));
#3210=CARTESIAN_POINT('',(0.0849629602153279,0.017718798108308,0.085));
#3211=CARTESIAN_POINT('',(0.084750797157524,0.016953928250487,0.085));
#3212=CARTESIAN_POINT('',(0.059669710695648,0.02079375,0.1));
#3213=CARTESIAN_POINT('',(0.059669710695648,0.02079375,0.085));
#3214=CARTESIAN_POINT('',(0.0715966414263183,0.0207915383138865,0.1));
#3215=CARTESIAN_POINT('',(0.0715966414263183,0.0207915383138865,0.085));
#3216=CARTESIAN_POINT('',(0.078397884964943,0.0198320150375366,0.1));
#3217=CARTESIAN_POINT('',(0.078397884964943,0.0198320150375366,0.085));
#3218=CARTESIAN_POINT('',(0.0849629602153279,0.017718798108308,0.1));
#3219=CARTESIAN_POINT('',(0.0849629602153279,0.017718798108308,0.085));
#3220=CARTESIAN_POINT('',(0.059669710695648,0.02079375,0.11));
#3221=CARTESIAN_POINT('',(0.059669710695648,0.02079375,0.11));
#3222=CARTESIAN_POINT('',(0.059669710695648,0.02079375,0.085));
#3223=CARTESIAN_POINT('',(0.059669710695648,0.02079375,0.085));
#3224=CARTESIAN_POINT('',(0.0715966414263183,0.0207915383138865,0.085));
#3225=CARTESIAN_POINT('',(0.078397884964943,0.0198320150375366,0.085));
#3226=CARTESIAN_POINT('',(0.0849629602153279,0.017718798108308,0.085));
#3227=CARTESIAN_POINT('',(0.0485848553478238,0.02079375,0.11));
#3228=CARTESIAN_POINT('',(0.0485848553478238,0.02079375,0.085));
#3229=CARTESIAN_POINT('',(0.0667128413915634,0.,0.085));
#3230=CARTESIAN_POINT('',(0.022807955478244,-0.00114213226978879,0.0877569628842466));
#3231=CARTESIAN_POINT('',(0.0213366355738087,-0.00114213226978878,0.079909923393925));
#3232=CARTESIAN_POINT('',(0.0224601017201758,1.99512083098744E-6,0.0878221854638844));
#3233=CARTESIAN_POINT('',(0.0209887818157405,1.99512083099037E-6,0.0799751459735628));
#3234=CARTESIAN_POINT('',(0.0228056855016331,0.00113415178646493,0.0877573885048612));
#3235=CARTESIAN_POINT('',(0.0213343655971978,0.00113415178646493,0.0799103490145396));
#3236=CARTESIAN_POINT('',(0.0235623212193093,0.00199403092416384,0.0876155193077968));
#3237=CARTESIAN_POINT('',(0.022091001314874,0.00199403092416384,0.0797684798174752));
#3238=CARTESIAN_POINT('',(0.0244956680386039,0.00263753556236031,0.0874405167791791));
#3239=CARTESIAN_POINT('',(0.0230243481341686,0.00263753556236031,0.0795934772888575));
#3240=CARTESIAN_POINT('',(0.025861324992491,0.00327219140030276,0.0871844561003254));
#3241=CARTESIAN_POINT('',(0.0243900050880557,0.00327219140030277,0.0793374166100038));
#3242=CARTESIAN_POINT('',(0.0276823066866411,0.00374014621070093,0.0868430220326721));
#3243=CARTESIAN_POINT('',(0.0262109867822058,0.00374014621070093,0.0789959825423505));
#3244=CARTESIAN_POINT('',(0.0299229762056289,0.00391535686646856,0.0864228964978621));
#3245=CARTESIAN_POINT('',(0.0284516563011936,0.00391535686646856,0.0785758570075405));
#3246=CARTESIAN_POINT('',(0.0321360669251762,0.00374172115626757,0.0860079419879467));
#3247=CARTESIAN_POINT('',(0.0306647470207409,0.00374172115626757,0.0781609024976251));
#3248=CARTESIAN_POINT('',(0.0339691526863648,0.0032738447001241,0.0856642384077239));
#3249=CARTESIAN_POINT('',(0.0324978327819295,0.0032738447001241,0.0778171989174023));
#3250=CARTESIAN_POINT('',(0.035334102977656,0.00263884840306893,0.085408310228107));
#3251=CARTESIAN_POINT('',(0.0338627830732207,0.00263884840306893,0.0775612707377854));
#3252=CARTESIAN_POINT('',(0.0362614130421421,0.00200263951749985,0.0852344395910157));
#3253=CARTESIAN_POINT('',(0.0347900931377068,0.00200263951749986,0.0773874001006941));
#3254=CARTESIAN_POINT('',(0.0370272590614034,0.00113619704545641,0.0850908434624041));
#3255=CARTESIAN_POINT('',(0.0355559391569681,0.00113619704545641,0.0772438039720825));
#3256=CARTESIAN_POINT('',(0.0373722824225834,6.9950655019027E-6,0.0850261515821832));
#3257=CARTESIAN_POINT('',(0.0359009625181481,6.99506550190563E-6,0.0771791120918616));
#3258=CARTESIAN_POINT('',(0.037029645684731,-0.00113410608697874,0.0850903959705302));
#3259=CARTESIAN_POINT('',(0.0355583257802957,-0.00113410608697874,0.0772433564802086));
#3260=CARTESIAN_POINT('',(0.0362682514816107,-0.00199576863114108,0.0852331573836154));
#3261=CARTESIAN_POINT('',(0.0347969315771754,-0.00199576863114108,0.0773861178932938));
#3262=CARTESIAN_POINT('',(0.0353423535468456,-0.00263462224425587,0.0854067632463839));
#3263=CARTESIAN_POINT('',(0.0338710336424103,-0.00263462224425587,0.0775597237560623));
#3264=CARTESIAN_POINT('',(0.0339750210702888,-0.00327165399133389,0.0856631380857383));
#3265=CARTESIAN_POINT('',(0.0325037011658535,-0.00327165399133389,0.0778160985954167));
#3266=CARTESIAN_POINT('',(0.0321518037459581,-0.00373953685027911,0.0860049913340503));
#3267=CARTESIAN_POINT('',(0.0306804838415228,-0.00373953685027911,0.0781579518437287));
#3268=CARTESIAN_POINT('',(0.0299191795488484,-0.00391576368290115,0.0864236083710083));
#3269=CARTESIAN_POINT('',(0.0284478596444131,-0.00391576368290115,0.0785765688806867));
#3270=CARTESIAN_POINT('',(0.0276903902562988,-0.00374070175393558,0.0868415063633614));
#3271=CARTESIAN_POINT('',(0.0262190703518635,-0.00374070175393558,0.0789944668730398));
#3272=CARTESIAN_POINT('',(0.0258649289373674,-0.00327443919400808,0.0871837803606611));
#3273=CARTESIAN_POINT('',(0.0243936090329321,-0.00327443919400808,0.0793367408703395));
#3274=CARTESIAN_POINT('',(0.0244931148812831,-0.00263555315457937,0.0874409954961768));
#3275=CARTESIAN_POINT('',(0.0230217949768478,-0.00263555315457937,0.0795939560058552));
#3276=CARTESIAN_POINT('',(0.0235737784982828,-0.00200266272289064,0.0876133710679893));
#3277=CARTESIAN_POINT('',(0.0221024585938475,-0.00200266272289064,0.0797663315776677));
#3278=CARTESIAN_POINT('',(0.022807955478244,-0.00114213226978879,0.0877569628842466));
#3279=CARTESIAN_POINT('',(0.0213366355738087,-0.00114213226978878,0.079909923393925));
#3280=CARTESIAN_POINT('',(0.0224601017201758,1.99512083098744E-6,0.0878221854638844));
#3281=CARTESIAN_POINT('',(0.0209887818157405,1.99512083099037E-6,0.0799751459735628));
#3282=CARTESIAN_POINT('',(0.0228056855016331,0.00113415178646493,0.0877573885048612));
#3283=CARTESIAN_POINT('',(0.0213343655971978,0.00113415178646493,0.0799103490145396));
#3284=CARTESIAN_POINT('',(0.0375,0.,0.082));
#3285=CARTESIAN_POINT('',(0.0184109721284384,0.00747388887519461,0.08));
#3286=CARTESIAN_POINT('',(0.0172980133709924,0.00654963787172738,0.0800000000000001));
#3287=CARTESIAN_POINT('',(0.0155089122016502,0.00428514004966562,0.0807259566456607));
#3288=CARTESIAN_POINT('',(0.0150710253126917,0.0014458178434148,0.0814717418663899));
#3289=CARTESIAN_POINT('',(0.0150710253126917,-6.14333303042487E-19,0.0814717418663899));
#3290=CARTESIAN_POINT('',(0.0150710253126917,0.,0.0814717418663899));
#3291=CARTESIAN_POINT('',(0.0150710253126917,0.,0.0814717418663899));
#3292=CARTESIAN_POINT('',(0.0150710253126917,-0.00144642995840817,0.0814717418663899));
#3293=CARTESIAN_POINT('',(0.0155092346835404,-0.00428370213491076,0.0807261550068592));
#3294=CARTESIAN_POINT('',(0.0172956467925728,-0.00654463224273356,0.0800000000000001));
#3295=CARTESIAN_POINT('',(0.0184092171519487,-0.00746940494608259,0.08));
#3296=CARTESIAN_POINT('',(0.0375,-0.0205,0.082));
#3297=CARTESIAN_POINT('',(0.0375,0.0205,0.082));
#3298=CARTESIAN_POINT('',(0.0485848553478238,-0.0205,0.082));
#3299=CARTESIAN_POINT('',(0.059669710695648,-0.0205,0.082));
#3300=CARTESIAN_POINT('',(0.0632421360933222,0.0205,0.082));
#3301=CARTESIAN_POINT('',(0.059669710695648,0.0205,0.082));
#3302=CARTESIAN_POINT('',(0.059669710695648,-0.0205,0.08));
#3303=CARTESIAN_POINT('',(0.059669710695648,-0.0225,0.08));
#3304=CARTESIAN_POINT('',(0.059669710695648,-0.0225,0.082));
#3305=CARTESIAN_POINT('',(0.0625624054411151,-0.0205000000003462,0.08));
#3306=CARTESIAN_POINT('',(0.062583600462073,-0.0225000000003832,0.08));
#3307=CARTESIAN_POINT('',(0.0625836004620992,-0.0225,0.082));
#3308=CARTESIAN_POINT('',(0.0668934107122436,-0.0204411583620974,0.08));
#3309=CARTESIAN_POINT('',(0.066957465579674,-0.0224413764286522,0.08));
#3310=CARTESIAN_POINT('',(0.0669574655796681,-0.0224413764287386,0.082));
#3311=CARTESIAN_POINT('',(0.0726217823363473,-0.0200243868447343,0.08));
#3312=CARTESIAN_POINT('',(0.0728234035222566,-0.022015725570154,0.08));
#3313=CARTESIAN_POINT('',(0.0728234035222577,-0.0220157255701377,0.082));
#3314=CARTESIAN_POINT('',(0.0768782831636112,-0.0194202212253715,0.08));
#3315=CARTESIAN_POINT('',(0.0772520483770594,-0.021388545908473,0.08));
#3316=CARTESIAN_POINT('',(0.077252048377059,-0.0213885459084774,0.082));
#3317=CARTESIAN_POINT('',(0.081077122077547,-0.0183970496429276,0.08));
#3318=CARTESIAN_POINT('',(0.0816391536473979,-0.0203179207795587,0.08));
#3319=CARTESIAN_POINT('',(0.0816391536473981,-0.0203179207795575,0.082));
#3320=CARTESIAN_POINT('',(0.0852400571186085,-0.0171013734533028,0.08));
#3321=CARTESIAN_POINT('',(0.0858417559653769,-0.0190084770325142,0.0800000000000001));
#3322=CARTESIAN_POINT('',(0.0858417559653767,-0.0190084770325145,0.082));
#3323=CARTESIAN_POINT('',(0.0893922786980153,-0.015764481988744,0.08));
#3324=CARTESIAN_POINT('',(0.0900280357490494,-0.0176610243397369,0.0799999999999995));
#3325=CARTESIAN_POINT('',(0.0900280357490501,-0.0176610243397368,0.082));
#3326=CARTESIAN_POINT('',(0.0948695840367585,-0.0138375405382882,0.08));
#3327=CARTESIAN_POINT('',(0.0955789350030375,-0.0157082876128174,0.0800000000000026));
#3328=CARTESIAN_POINT('',(0.0955789350030337,-0.0157082876128176,0.082));
#3329=CARTESIAN_POINT('',(0.101590634535432,-0.0111275360724207,0.08));
#3330=CARTESIAN_POINT('',(0.102401111131677,-0.0129575614965194,0.0799999999999793));
#3331=CARTESIAN_POINT('',(0.102401111131708,-0.0129575614965183,0.082));
#3332=CARTESIAN_POINT('',(0.109455975598283,-0.00731715171454922,0.08));
#3333=CARTESIAN_POINT('',(0.110388962064744,-0.00908817785538802,0.0800000000000757));
#3334=CARTESIAN_POINT('',(0.110388962064633,-0.00908817785539228,0.082));
#3335=CARTESIAN_POINT('',(0.115748006397553,-0.00371714084607422,0.08));
#3336=CARTESIAN_POINT('',(0.116782925982795,-0.00542920144123053,0.0799999999997777));
#3337=CARTESIAN_POINT('',(0.116782925983122,-0.005429201441218,0.082));
#3338=CARTESIAN_POINT('',(0.120621849793085,-0.000602289580067252,0.0799999999999999));
#3339=CARTESIAN_POINT('',(0.121721658654071,-0.00227344416461394,0.0800000000003851));
#3340=CARTESIAN_POINT('',(0.121721658653506,-0.00227344416463566,0.0819999999999999));
#3341=CARTESIAN_POINT('',(0.123003463265084,0.00103911408791577,0.08));
#3342=CARTESIAN_POINT('',(0.124156367357594,-0.00059514787109886,0.0799999999991483));
#3343=CARTESIAN_POINT('',(0.124156367358845,-0.00059514787105079,0.082));
#3344=CARTESIAN_POINT('',(0.124185488943354,0.00187298422480721,0.08));
#3345=CARTESIAN_POINT('',(0.125338393037124,0.000238722265827803,0.08));
#3346=CARTESIAN_POINT('',(0.125338393037124,0.000238722265827797,0.082));
#3347=CARTESIAN_POINT('',(0.125,0.,0.082));
#3348=CARTESIAN_POINT('',(0.125,0.,0.0816250494952345));
#3349=CARTESIAN_POINT('',(0.124614285784555,-1.54813722866269E-22,0.0809393021355432));
#3350=CARTESIAN_POINT('',(0.123647354586553,5.41848030031941E-22,0.0803670678982826));
#3351=CARTESIAN_POINT('',(0.122581658222865,-2.0125783972615E-21,0.0800620821013406));
#3352=CARTESIAN_POINT('',(0.121844904028827,4.33478424025553E-21,0.08));
#3353=CARTESIAN_POINT('',(0.121477619567629,0.,0.08));
#3354=CARTESIAN_POINT('',(0.059669710695648,0.0225,0.082));
#3355=CARTESIAN_POINT('',(0.059669710695648,0.0225,0.08));
#3356=CARTESIAN_POINT('',(0.059669710695648,0.0205,0.08));
#3357=CARTESIAN_POINT('',(0.0625836004620992,0.0225,0.082));
#3358=CARTESIAN_POINT('',(0.062583600462073,0.0225000000003832,0.08));
#3359=CARTESIAN_POINT('',(0.0625624054411151,0.0205000000003462,0.08));
#3360=CARTESIAN_POINT('',(0.0669574655796681,0.0224413764287386,0.082));
#3361=CARTESIAN_POINT('',(0.066957465579674,0.0224413764286522,0.08));
#3362=CARTESIAN_POINT('',(0.0668934107122436,0.0204411583620974,0.08));
#3363=CARTESIAN_POINT('',(0.0728234035222577,0.0220157255701377,0.082));
#3364=CARTESIAN_POINT('',(0.0728234035222566,0.022015725570154,0.08));
#3365=CARTESIAN_POINT('',(0.0726217823363473,0.0200243868447343,0.08));
#3366=CARTESIAN_POINT('',(0.077252048377059,0.0213885459084774,0.082));
#3367=CARTESIAN_POINT('',(0.0772520483770593,0.021388545908473,0.08));
#3368=CARTESIAN_POINT('',(0.0768782831636112,0.0194202212253715,0.08));
#3369=CARTESIAN_POINT('',(0.0816391536473981,0.0203179207795576,0.082));
#3370=CARTESIAN_POINT('',(0.081639153647398,0.0203179207795587,0.08));
#3371=CARTESIAN_POINT('',(0.081077122077547,0.0183970496429276,0.08));
#3372=CARTESIAN_POINT('',(0.0858417559653767,0.0190084770325145,0.082));
#3373=CARTESIAN_POINT('',(0.0858417559653766,0.0190084770325142,0.08));
#3374=CARTESIAN_POINT('',(0.0852400571186085,0.0171013734533028,0.08));
#3375=CARTESIAN_POINT('',(0.09002803574905,0.0176610243397368,0.082));
#3376=CARTESIAN_POINT('',(0.0900280357490504,0.0176610243397369,0.0800000000000002));
#3377=CARTESIAN_POINT('',(0.0893922786980153,0.015764481988744,0.08));
#3378=CARTESIAN_POINT('',(0.0955789350030336,0.0157082876128176,0.082));
#3379=CARTESIAN_POINT('',(0.0955789350030316,0.0157082876128176,0.0799999999999987));
#3380=CARTESIAN_POINT('',(0.0948695840367584,0.0138375405382883,0.08));
#3381=CARTESIAN_POINT('',(0.102401111131709,0.0129575614965176,0.082));
#3382=CARTESIAN_POINT('',(0.102401111131725,0.0129575614965175,0.0800000000000104));
#3383=CARTESIAN_POINT('',(0.101590634535433,0.01112753607242,0.08));
#3384=CARTESIAN_POINT('',(0.110388962064629,0.00908817785539485,0.082));
#3385=CARTESIAN_POINT('',(0.11038896206457,0.00908817785539517,0.0799999999999621));
#3386=CARTESIAN_POINT('',(0.10945597559828,0.00731715171455184,0.08));
#3387=CARTESIAN_POINT('',(0.116782925983132,0.00542920144121051,0.082));
#3388=CARTESIAN_POINT('',(0.116782925983307,0.0054292014412096,0.0800000000001113));
#3389=CARTESIAN_POINT('',(0.115748006397563,0.00371714084606659,0.0800000000000001));
#3390=CARTESIAN_POINT('',(0.121721658653487,0.00227344416464863,0.082));
#3391=CARTESIAN_POINT('',(0.121721658653185,0.00227344416465017,0.0799999999998074));
#3392=CARTESIAN_POINT('',(0.120621849793067,0.000602289580080485,0.08));
#3393=CARTESIAN_POINT('',(0.124156367358886,0.000595147871022211,0.082));
#3394=CARTESIAN_POINT('',(0.124156367359553,0.000595147871018833,0.0800000000004258));
#3395=CARTESIAN_POINT('',(0.123003463265124,-0.00103911408794492,0.08));
#3396=CARTESIAN_POINT('',(0.125338393037124,-0.00023872226582777,0.082));
#3397=CARTESIAN_POINT('',(0.125338393037124,-0.000238722265827763,0.08));
#3398=CARTESIAN_POINT('',(0.124185488943353,-0.00187298422480718,0.08));
#3399=CARTESIAN_POINT('',(0.0582015323793171,-0.00242579173015012,0.08));
#3400=CARTESIAN_POINT('',(0.0577271001426623,-0.000576713615161064,0.08));
#3401=CARTESIAN_POINT('',(0.0577050160796707,-0.000490641981716219,0.0780930968061837));
#3402=CARTESIAN_POINT('',(0.0587423420619517,-0.00228703201779744,0.08));
#3403=CARTESIAN_POINT('',(0.0578833828437315,-0.000612583020968693,0.0800000000000013));
#3404=CARTESIAN_POINT('',(0.0578278717132315,-0.000462890039248325,0.0781714631903819));
#3405=CARTESIAN_POINT('',(0.059725383982697,-0.00164676044520015,0.08));
#3406=CARTESIAN_POINT('',(0.0582606636822032,-0.000541811813938502,0.0799999999999992));
#3407=CARTESIAN_POINT('',(0.058051189160893,-0.000334835724725078,0.0783139115290895));
#3408=CARTESIAN_POINT('',(0.0602937676036659,1.25627826301274E-6,0.08));
#3409=CARTESIAN_POINT('',(0.0585333901072306,-3.98935844377419E-6,0.0800000000000008));
#3410=CARTESIAN_POINT('',(0.0581803087608245,-5.23238003371082E-6,0.0783962735330332));
#3411=CARTESIAN_POINT('',(0.0597152750735016,0.00164587149195755,0.08));
#3412=CARTESIAN_POINT('',(0.0582560529942349,0.000531468165079752,0.0799999999999977));
#3413=CARTESIAN_POINT('',(0.0580488927218958,0.000323690662704706,0.0783124466909233));
#3414=CARTESIAN_POINT('',(0.0587283196178262,0.00228030026687307,0.08));
#3415=CARTESIAN_POINT('',(0.0578784802724197,0.000599051348442475,0.080000000000005));
#3416=CARTESIAN_POINT('',(0.0578246862372513,0.000450576417690041,0.078169431258864));
#3417=CARTESIAN_POINT('',(0.0581866677626021,0.00241584951618496,0.08));
#3418=CARTESIAN_POINT('',(0.0577227349701411,0.000561984157068089,0.08));
#3419=CARTESIAN_POINT('',(0.0577016392874962,0.000477686267550817,0.0780909428390824));
#3420=CARTESIAN_POINT('',(0.0582015323793174,-0.00242579173015004,0.078));
#3421=CARTESIAN_POINT('',(0.0581866677626022,0.00241584951618494,0.078));
#3422=CARTESIAN_POINT('',(0.0191187929064603,0.00560804426632031,0.0778672836041209));
#3423=CARTESIAN_POINT('',(0.019169100970206,0.0054754301464224,0.08));
#3424=CARTESIAN_POINT('',(0.0184109721284384,0.0074738888751946,0.08));
#3425=CARTESIAN_POINT('',(0.0205025411431158,0.00612997249323649,0.0779095450369152));
#3426=CARTESIAN_POINT('',(0.0205045585774965,0.00603002184154084,0.0800000000000187));
#3427=CARTESIAN_POINT('',(0.0200201146731363,0.00808432798045048,0.08));
#3428=CARTESIAN_POINT('',(0.023536516273512,0.00672730034050654,0.0779678629389767));
#3429=CARTESIAN_POINT('',(0.023508551058313,0.00669383464250716,0.0799999999999918));
#3430=CARTESIAN_POINT('',(0.0233651186148092,0.00872877494148543,0.0800000000000001));
#3431=CARTESIAN_POINT('',(0.0283718496329473,0.00676256707425861,0.0780229390783492));
#3432=CARTESIAN_POINT('',(0.0283545919109647,0.00678641293101987,0.0800000000000014));
#3433=CARTESIAN_POINT('',(0.0284941913841252,0.00876347793228386,0.08));
#3434=CARTESIAN_POINT('',(0.03320727743032,0.00623851682681621,0.0780554497558229));
#3435=CARTESIAN_POINT('',(0.0332049301795932,0.006293649525661,0.0800000000000025));
#3436=CARTESIAN_POINT('',(0.0335030094613592,0.00821714318950684,0.08));
#3437=CARTESIAN_POINT('',(0.0397052356985309,0.00507092741519989,0.0780824871175681));
#3438=CARTESIAN_POINT('',(0.0397068679563867,0.00515144152471701,0.0799999999999842));
#3439=CARTESIAN_POINT('',(0.0401451669923439,0.00702194463006677,0.08));
#3440=CARTESIAN_POINT('',(0.047854599183908,0.00305886017005562,0.0780963684790477));
#3441=CARTESIAN_POINT('',(0.0478733400736721,0.00314908350059547,0.0800000000001293));
#3442=CARTESIAN_POINT('',(0.0483685644045287,0.00498901977252346,0.08));
#3443=CARTESIAN_POINT('',(0.0543961835787761,0.00130508087593359,0.0780951837464353));
#3444=CARTESIAN_POINT('',(0.0544225507328429,0.00139204221404042,0.0799999999997281));
#3445=CARTESIAN_POINT('',(0.0549038302284659,0.0032373848980741,0.08));
#3446=CARTESIAN_POINT('',(0.0577016392874962,0.000477686267550804,0.0780909428390824));
#3447=CARTESIAN_POINT('',(0.0577227349701411,0.000561984157068101,0.08));
#3448=CARTESIAN_POINT('',(0.0581866677626021,0.00241584951618495,0.08));
#3449=CARTESIAN_POINT('',(0.0184109721284384,0.00747388887519461,0.078));
#3450=CARTESIAN_POINT('',(0.0184092171519487,-0.00746940494608258,0.08));
#3451=CARTESIAN_POINT('',(0.0191672765288364,-0.00547093290129984,0.08));
#3452=CARTESIAN_POINT('',(0.0191169773779687,-0.00560353655999762,0.0778672949576213));
#3453=CARTESIAN_POINT('',(0.0200191961459043,-0.0080801013332278,0.08));
#3454=CARTESIAN_POINT('',(0.0205040163956141,-0.00602588106086007,0.0800000000000062));
#3455=CARTESIAN_POINT('',(0.020501938481867,-0.00612587857087634,0.0779094858118723));
#3456=CARTESIAN_POINT('',(0.0233653535870104,-0.00872583746725988,0.08));
#3457=CARTESIAN_POINT('',(0.0235114555975521,-0.00669087901651868,0.0799999999999973));
#3458=CARTESIAN_POINT('',(0.0235390186600915,-0.00672479788958376,0.0779674377988599));
#3459=CARTESIAN_POINT('',(0.028497212266807,-0.00877118681797056,0.08));
#3460=CARTESIAN_POINT('',(0.0283630335064176,-0.0067927942147766,0.0800000000000002));
#3461=CARTESIAN_POINT('',(0.0283802904697189,-0.00677000317123631,0.078021922836937));
#3462=CARTESIAN_POINT('',(0.0335101518604607,-0.00823864323764269,0.08));
#3463=CARTESIAN_POINT('',(0.033217214745373,-0.00631331633277905,0.0800000000000016));
#3464=CARTESIAN_POINT('',(0.0332199317041132,-0.00625914891265943,0.0780544162793209));
#3465=CARTESIAN_POINT('',(0.0401576026299071,-0.0070601168126915,0.0800000000000001));
#3466=CARTESIAN_POINT('',(0.0397226770112474,-0.00518802309876399,0.0799999999999907));
#3467=CARTESIAN_POINT('',(0.039721647880538,-0.00510811835852295,0.0780817415154972));
#3468=CARTESIAN_POINT('',(0.048388105299128,-0.00503647764871925,0.08));
#3469=CARTESIAN_POINT('',(0.0478912464466002,-0.00319703163027019,0.0800000000000757));
#3470=CARTESIAN_POINT('',(0.0478735184240936,-0.00310640797664037,0.0780964850391262));
#3471=CARTESIAN_POINT('',(0.0549220366704144,-0.00326723724450574,0.08));
#3472=CARTESIAN_POINT('',(0.0544337576884876,-0.00142505847183508,0.079999999999841));
#3473=CARTESIAN_POINT('',(0.0544074321832795,-0.00133689168224494,0.0780964883412196));
#3474=CARTESIAN_POINT('',(0.0582015323793174,-0.00242579173015004,0.08));
#3475=CARTESIAN_POINT('',(0.0577271001426624,-0.000576713615161065,0.08));
#3476=CARTESIAN_POINT('',(0.0577050160796708,-0.000490641981716187,0.0780930968061838));
#3477=CARTESIAN_POINT('',(0.0184092171519487,-0.00746940494608259,0.078));
#3478=CARTESIAN_POINT('',(0.0184109721284385,0.00747388887519453,0.08));
#3479=CARTESIAN_POINT('',(0.0191691009702061,0.00547543014642246,0.0799999999999999));
#3480=CARTESIAN_POINT('',(0.0191187929064603,0.00560804426632031,0.0778672836041209));
#3481=CARTESIAN_POINT('',(0.0178976954782382,0.00704764086449507,0.08));
#3482=CARTESIAN_POINT('',(0.0187424496843484,0.00530590046981095,0.0797801055848352));
#3483=CARTESIAN_POINT('',(0.0184191342561037,0.00534414394836822,0.0778459151462503));
#3484=CARTESIAN_POINT('',(0.0169383948864662,0.00610258730427044,0.0801563291910646));
#3485=CARTESIAN_POINT('',(0.017766249279796,0.00487590951393676,0.079569426459117));
#3486=CARTESIAN_POINT('',(0.0171508251646863,0.00469274595364746,0.0781082495646736));
#3487=CARTESIAN_POINT('',(0.015854395588322,0.00436894311658125,0.0806664031558919));
#3488=CARTESIAN_POINT('',(0.0163381533069729,0.00375267419966053,0.0799373049013205));
#3489=CARTESIAN_POINT('',(0.0158864884641909,0.00340253971253938,0.0790416144426498));
#3490=CARTESIAN_POINT('',(0.0152108794751994,0.00236078377032573,0.0812484461117362));
#3491=CARTESIAN_POINT('',(0.0153983132769488,0.00213946412096678,0.0806913402416167));
#3492=CARTESIAN_POINT('',(0.015239123452437,0.00189733140373021,0.0801410338153848));
#3493=CARTESIAN_POINT('',(0.0150710253119906,0.000802734271743362,0.0814717418689499));
#3494=CARTESIAN_POINT('',(0.0151926670750664,0.00072775043467515,0.0810275577381567));
#3495=CARTESIAN_POINT('',(0.0151077950003063,0.000667270773639646,0.0805749066683005));
#3496=CARTESIAN_POINT('',(0.0150710253126917,7.26388785972585E-31,0.0814717418663899));
#3497=CARTESIAN_POINT('',(0.0151926670751465,7.55968582727367E-31,0.0810275577341147));
#3498=CARTESIAN_POINT('',(0.0151077949992524,7.88860905221012E-31,0.0805749066626793));
#3499=CARTESIAN_POINT('',(0.0131420506253837,0.,0.0809434837327798));
#3500=CARTESIAN_POINT('',(0.0150710253126917,0.,0.0814717418663898));
#3501=CARTESIAN_POINT('',(0.0151926670751465,0.,0.0810275577341147));
#3502=CARTESIAN_POINT('',(0.0151077949992524,0.,0.0805749066626794));
#3503=CARTESIAN_POINT('',(0.0150710253122549,-0.000804753080020419,0.0814717418679848));
#3504=CARTESIAN_POINT('',(0.015192667075915,-0.000729624673123323,0.0810275577368359));
#3505=CARTESIAN_POINT('',(0.0151077950000058,-0.000669032486964342,0.080574906666698));
#3506=CARTESIAN_POINT('',(0.0152099965980535,-0.00235488724925514,0.0812495520980084));
#3507=CARTESIAN_POINT('',(0.0153969710052631,-0.00213429984682749,0.0806928449437551));
#3508=CARTESIAN_POINT('',(0.0152383024472357,-0.00189256684542889,0.0801431482639503));
#3509=CARTESIAN_POINT('',(0.01585419441387,-0.00436919096715642,0.080665967305641));
#3510=CARTESIAN_POINT('',(0.0163383342829812,-0.00375256110417714,0.0799365628441389));
#3511=CARTESIAN_POINT('',(0.0158857482366666,-0.00340174732846341,0.079040840072626));
#3512=CARTESIAN_POINT('',(0.0169398579734463,-0.00610146108868866,0.0801558707690944));
#3513=CARTESIAN_POINT('',(0.0177672451655674,-0.00487273266173076,0.0795700083311764));
#3514=CARTESIAN_POINT('',(0.0171522825833256,-0.00469029991251679,0.0781075970928546));
#3515=CARTESIAN_POINT('',(0.0178950587538094,-0.00704241832237184,0.08));
#3516=CARTESIAN_POINT('',(0.0187396919519046,-0.00530110017700245,0.0797797246740065));
#3517=CARTESIAN_POINT('',(0.0184157349187052,-0.00533906097597923,0.0778459326167401));
#3518=CARTESIAN_POINT('',(0.0184092171519488,-0.00746940494608253,0.08));
#3519=CARTESIAN_POINT('',(0.0191672765288366,-0.00547093290129991,0.0799999999999999));
#3520=CARTESIAN_POINT('',(0.0191169773779687,-0.00560353655999763,0.0778672949576213));
#3521=CARTESIAN_POINT('',(-0.005,6.93889390390723E-18,-0.056));
#3522=CARTESIAN_POINT('',(-0.005,0.02625,-0.0145072436244519));
#3523=CARTESIAN_POINT('',(-0.005,0.0275,-0.0128949266090406));
#3524=CARTESIAN_POINT('',(-0.005,0.025,-0.0161195606398633));
#3525=CARTESIAN_POINT('',(-0.005,0.0185661264230614,-0.0133617950958092));
#3526=CARTESIAN_POINT('',(-0.005,0.0121322528461229,-0.0106040295517552));
#3527=CARTESIAN_POINT('',(-0.005,0.00856612642306145,-0.00785944536927086));
#3528=CARTESIAN_POINT('',(-0.005,0.005,-0.00511486118678657));
#3529=CARTESIAN_POINT('',(-0.005,4.33680868994202E-18,-0.056));
#3530=CARTESIAN_POINT('',(-0.005,-0.005,-0.00511486118678657));
#3531=CARTESIAN_POINT('',(-0.005,-0.00856612642306145,-0.00785944536927087));
#3532=CARTESIAN_POINT('',(-0.005,-0.0121322528461229,-0.0106040295517552));
#3533=CARTESIAN_POINT('',(-0.005,-0.0185661264230614,-0.0133617950958092));
#3534=CARTESIAN_POINT('',(-0.005,-0.025,-0.0161195606398633));
#3535=CARTESIAN_POINT('',(-0.005,-0.02625,-0.0145072436244519));
#3536=CARTESIAN_POINT('',(-0.005,-0.0275,-0.0128949266090406));
#3537=CARTESIAN_POINT('',(-0.005,1.99493199737333E-17,-0.056));
#3538=CARTESIAN_POINT('',(-0.005,-0.015,-0.00711956063986331));
#3539=CARTESIAN_POINT('',(-0.005,-0.01625,-0.00435742518292192));
#3540=CARTESIAN_POINT('',(-0.005,-0.0175,-0.00159528972598052));
#3541=CARTESIAN_POINT('',(-0.005,3.46944695195361E-18,-0.056));
#3542=CARTESIAN_POINT('',(-0.005,0.0175,-0.00159528972598052));
#3543=CARTESIAN_POINT('',(-0.005,0.01625,-0.00435742518292192));
#3544=CARTESIAN_POINT('',(-0.005,0.015,-0.00711956063986331));
#3545=CARTESIAN_POINT('',(-0.005,-2.42861286636753E-17,-0.056));
#3546=CARTESIAN_POINT('',(0.05,6.93889390390723E-18,-0.056));
#3547=CARTESIAN_POINT('',(0.05,0.02625,-0.0145072436244519));
#3548=CARTESIAN_POINT('',(0.05,0.0275,-0.0128949266090406));
#3549=CARTESIAN_POINT('',(0.05,0.025,-0.0161195606398633));
#3550=CARTESIAN_POINT('',(0.05,-2.42861286636753E-17,-0.056));
#3551=CARTESIAN_POINT('',(0.05,0.015,-0.00711956063986331));
#3552=CARTESIAN_POINT('',(0.05,0.01625,-0.00435742518292192));
#3553=CARTESIAN_POINT('',(0.05,0.0175,-0.00159528972598052));
#3554=CARTESIAN_POINT('',(0.05,3.46944695195361E-18,-0.056));
#3555=CARTESIAN_POINT('',(0.05,-0.0175,-0.00159528972598052));
#3556=CARTESIAN_POINT('',(0.05,-0.01625,-0.00435742518292192));
#3557=CARTESIAN_POINT('',(0.05,-0.015,-0.00711956063986331));
#3558=CARTESIAN_POINT('',(0.05,1.99493199737333E-17,-0.056));
#3559=CARTESIAN_POINT('',(0.05,-0.0275,-0.0128949266090406));
#3560=CARTESIAN_POINT('',(0.05,-0.02625,-0.0145072436244519));
#3561=CARTESIAN_POINT('',(0.05,-0.025,-0.0161195606398633));
#3562=CARTESIAN_POINT('',(0.05,-0.0185661264230614,-0.0133617950958092));
#3563=CARTESIAN_POINT('',(0.05,-0.0121322528461229,-0.0106040295517552));
#3564=CARTESIAN_POINT('',(0.05,-0.00856612642306145,-0.00785944536927087));
#3565=CARTESIAN_POINT('',(0.05,-0.005,-0.00511486118678657));
#3566=CARTESIAN_POINT('',(0.05,4.33680868994202E-18,-0.056));
#3567=CARTESIAN_POINT('',(0.05,0.005,-0.00511486118678657));
#3568=CARTESIAN_POINT('',(0.05,0.00856612642306145,-0.00785944536927086));
#3569=CARTESIAN_POINT('',(0.05,0.0121322528461229,-0.0106040295517552));
#3570=CARTESIAN_POINT('',(0.05,0.0185661264230614,-0.0133617950958092));
#3571=CARTESIAN_POINT('',(0.05,0.0185661264230614,-0.0133617950958092));
#3572=CARTESIAN_POINT('',(0.0375,0.0225,-0.0150479800783727));
#3573=CARTESIAN_POINT('',(0.0375,0.0205,-0.0141907156291803));
#3574=CARTESIAN_POINT('',(0.0075,0.0225,-0.0150479800783727));
#3575=CARTESIAN_POINT('',(0.0075,0.0205,-0.0141907156291803));
#3576=CARTESIAN_POINT('',(0.05,0.025,-0.0161195606398633));
#3577=CARTESIAN_POINT('',(0.05,0.0121322528461229,-0.0106040295517552));
#3578=CARTESIAN_POINT('',(0.05,0.00856612642306145,-0.00785944536927086));
#3579=CARTESIAN_POINT('',(0.05,0.005,-0.00511486118678657));
#3580=CARTESIAN_POINT('',(0.05,4.33680868994202E-18,-0.056));
#3581=CARTESIAN_POINT('',(0.00635850987267574,-0.00114967656476074,-0.0048793472866953));
#3582=CARTESIAN_POINT('',(0.00599007311329523,-8.41718939281061E-7,-0.00486501482248891));
#3583=CARTESIAN_POINT('',(0.00635966555135252,0.00115304344051786,-0.00487939342334908));
#3584=CARTESIAN_POINT('',(0.00715627767689518,0.0020111276536207,-0.00490769905067241));
#3585=CARTESIAN_POINT('',(0.00811517831112885,0.00264499616537716,-0.00493727217256618));
#3586=CARTESIAN_POINT('',(0.00952925343992759,0.00327703642224642,-0.00497361752328782));
#3587=CARTESIAN_POINT('',(0.0114048303577941,0.00373997038865184,-0.00500648277907791));
#3588=CARTESIAN_POINT('',(0.0137157099914404,0.00391606100096896,-0.0050200250633767));
#3589=CARTESIAN_POINT('',(0.0160252327565813,0.00373907885206758,-0.00500641696376278));
#3590=CARTESIAN_POINT('',(0.0179027096593017,0.00327474469557923,-0.00497345722510373));
#3591=CARTESIAN_POINT('',(0.0193158470389018,0.00264115179366197,-0.00493707962867152));
#3592=CARTESIAN_POINT('',(0.0202732209986811,0.0020075330984333,-0.0049075281098288));
#3593=CARTESIAN_POINT('',(0.0210702898045809,0.00114307112663518,-0.0048791818207669));
#3594=CARTESIAN_POINT('',(0.0214330002580876,-2.47782598134754E-6,-0.00486506126713308));
#3595=CARTESIAN_POINT('',(0.0210651726399914,-0.00115159740942995,-0.00487937366475133));
#3596=CARTESIAN_POINT('',(0.0202692170227678,-0.00201023441027603,-0.00490765915687866));
#3597=CARTESIAN_POINT('',(0.0193113114380543,-0.00264373957441733,-0.00493720913570474));
#3598=CARTESIAN_POINT('',(0.0178981089230335,-0.0032760816556413,-0.00497355287527266));
#3599=CARTESIAN_POINT('',(0.016021727407483,-0.00373961644783032,-0.00500645570348357));
#3600=CARTESIAN_POINT('',(0.0137119822667786,-0.00391605478278425,-0.00502002552141724));
#3601=CARTESIAN_POINT('',(0.0114014122770938,-0.00373945985646275,-0.0050064423729418));
#3602=CARTESIAN_POINT('',(0.00952621300680798,-0.00327592405104519,-0.0049735479818596));
#3603=CARTESIAN_POINT('',(0.00811339054507594,-0.00264410605057433,-0.0049372237324519));
#3604=CARTESIAN_POINT('',(0.00715217636993805,-0.00200806552935136,-0.00490756339863998));
#3605=CARTESIAN_POINT('',(0.00635850987267574,-0.00114967656476074,-0.0048793472866953));
#3606=CARTESIAN_POINT('',(0.00599007311329523,-8.41718939281061E-7,-0.00486501482248891));
#3607=CARTESIAN_POINT('',(0.00635966555135252,0.00115304344051786,-0.00487939342334908));
#3608=CARTESIAN_POINT('',(0.00611307797953486,-5.21306863511651E-20,-0.0048698));
#3609=CARTESIAN_POINT('',(0.05,-0.005,-0.00511486118678657));
#3610=CARTESIAN_POINT('',(0.05,-0.00856612642306145,-0.00785944536927087));
#3611=CARTESIAN_POINT('',(0.05,-0.0121322528461229,-0.0106040295517552));
#3612=CARTESIAN_POINT('',(0.05,-0.0185661264230614,-0.0133617950958092));
#3613=CARTESIAN_POINT('',(0.0075,-0.0225,-0.0150479800783727));
#3614=CARTESIAN_POINT('',(0.0075,-0.0205,-0.0141907156291803));
#3615=CARTESIAN_POINT('',(0.0375,-0.0225,-0.0150479800783727));
#3616=CARTESIAN_POINT('',(0.0375,-0.0205,-0.0141907156291803));
#3617=CARTESIAN_POINT('',(0.05,-0.025,-0.0161195606398633));
#3618=CARTESIAN_POINT('',(0.05,-0.02625,-0.0145072436244519));
#3619=CARTESIAN_POINT('',(0.05,-0.0275,-0.0128949266090406));
#3620=CARTESIAN_POINT('',(0.05,1.99493199737333E-17,-0.056));
#3621=CARTESIAN_POINT('',(0.00912384039106764,-0.0209813575667166,-0.00936674703474306));
#3622=CARTESIAN_POINT('',(0.00968776218585148,-0.022509420657531,-0.0100792153986312));
#3623=CARTESIAN_POINT('',(0.00921888608558062,-0.0237357032788879,-0.0107094780324728));
#3624=CARTESIAN_POINT('',(0.00835139354864446,-0.0243713893156294,-0.0110513979913595));
#3625=CARTESIAN_POINT('',(0.00752545177537386,-0.0245589736298514,-0.0111541841418697));
#3626=CARTESIAN_POINT('',(0.00669333590509596,-0.0243918214248575,-0.0110625435230657));
#3627=CARTESIAN_POINT('',(0.00580306354871675,-0.0237699167515065,-0.0107274817652326));
#3628=CARTESIAN_POINT('',(0.00531324440310966,-0.0225418180811876,-0.0100951742562406));
#3629=CARTESIAN_POINT('',(0.00584770486269474,-0.0210197585802434,-0.00938385988559653));
#3630=CARTESIAN_POINT('',(0.00746891073738432,-0.020249964217343,-0.00905146596756482));
#3631=CARTESIAN_POINT('',(0.00912384039106764,-0.0209813575667166,-0.00936674703474306));
#3632=CARTESIAN_POINT('',(0.00968776218585148,-0.022509420657531,-0.0100792153986312));
#3633=CARTESIAN_POINT('',(0.00921888608558062,-0.0237357032788879,-0.0107094780324728));
#3634=CARTESIAN_POINT('',(0.0095,-0.0225,-0.0100865231980849));
#3635=CARTESIAN_POINT('',(0.0391238403910676,-0.0209813575667166,-0.00936674703474306));
#3636=CARTESIAN_POINT('',(0.0396877621858515,-0.022509420657531,-0.0100792153986312));
#3637=CARTESIAN_POINT('',(0.0392188860855806,-0.0237357032788879,-0.0107094780324728));
#3638=CARTESIAN_POINT('',(0.0383513935486445,-0.0243713893156295,-0.0110513979913595));
#3639=CARTESIAN_POINT('',(0.0375254517753739,-0.0245589736298514,-0.0111541841418697));
#3640=CARTESIAN_POINT('',(0.036693335905096,-0.0243918214248575,-0.0110625435230657));
#3641=CARTESIAN_POINT('',(0.0358030635487168,-0.0237699167515065,-0.0107274817652325));
#3642=CARTESIAN_POINT('',(0.0353132444031097,-0.0225418180811876,-0.0100951742562406));
#3643=CARTESIAN_POINT('',(0.0358477048626947,-0.0210197585802434,-0.00938385988559653));
#3644=CARTESIAN_POINT('',(0.0374689107373843,-0.0202499642173431,-0.00905146596756483));
#3645=CARTESIAN_POINT('',(0.0391238403910676,-0.0209813575667166,-0.00936674703474306));
#3646=CARTESIAN_POINT('',(0.0396877621858515,-0.022509420657531,-0.0100792153986312));
#3647=CARTESIAN_POINT('',(0.0392188860855806,-0.0237357032788879,-0.0107094780324728));
#3648=CARTESIAN_POINT('',(0.0395,-0.0225,-0.0100865231980849));
#3649=CARTESIAN_POINT('',(0.05,-0.015,-0.00711956063986331));
#3650=CARTESIAN_POINT('',(0.05,-0.01625,-0.00435742518292192));
#3651=CARTESIAN_POINT('',(0.05,-0.0175,-0.00159528972598052));
#3652=CARTESIAN_POINT('',(0.05,3.46944695195361E-18,-0.056));
#3653=CARTESIAN_POINT('',(0.05,0.0175,-0.00159528972598052));
#3654=CARTESIAN_POINT('',(0.05,0.01625,-0.00435742518292192));
#3655=CARTESIAN_POINT('',(0.05,0.015,-0.00711956063986331));
#3656=CARTESIAN_POINT('',(0.05,-2.42861286636753E-17,-0.056));
#3657=CARTESIAN_POINT('',(0.0392161128601254,0.0237432009711891,-0.0107133467656196));
#3658=CARTESIAN_POINT('',(0.0396878300008523,0.0225044870140433,-0.0100768179549863));
#3659=CARTESIAN_POINT('',(0.0391269105646109,0.0209911081812084,-0.00937121484081752));
#3660=CARTESIAN_POINT('',(0.0374892300262664,0.020250020775094,-0.00905146760717746));
#3661=CARTESIAN_POINT('',(0.0358541099292974,0.0210089691932074,-0.00937902990709602));
#3662=CARTESIAN_POINT('',(0.0353129242077745,0.0225356608030435,-0.0100921238498743));
#3663=CARTESIAN_POINT('',(0.0357981748810839,0.0237607315226983,-0.0107226733926755));
#3664=CARTESIAN_POINT('',(0.0366778207274228,0.0243844057672566,-0.0110585006567976));
#3665=CARTESIAN_POINT('',(0.0375062328159739,0.0245593780286801,-0.0111544036403124));
#3666=CARTESIAN_POINT('',(0.0383384076565499,0.0243780115296233,-0.0110550127851611));
#3667=CARTESIAN_POINT('',(0.0392161128601254,0.0237432009711891,-0.0107133467656196));
#3668=CARTESIAN_POINT('',(0.0396878300008523,0.0225044870140433,-0.0100768179549863));
#3669=CARTESIAN_POINT('',(0.0391269105646109,0.0209911081812084,-0.00937121484081752));
#3670=CARTESIAN_POINT('',(0.0395,0.0225,-0.0100865231980848));
#3671=CARTESIAN_POINT('',(0.00921611286012535,0.0237432009711891,-0.0107133467656196));
#3672=CARTESIAN_POINT('',(0.00968783000085229,0.0225044870140433,-0.0100768179549863));
#3673=CARTESIAN_POINT('',(0.00912691056461087,0.0209911081812084,-0.0093712148408175));
#3674=CARTESIAN_POINT('',(0.00748923002626644,0.020250020775094,-0.00905146760717747));
#3675=CARTESIAN_POINT('',(0.00585410992929739,0.0210089691932074,-0.00937902990709601));
#3676=CARTESIAN_POINT('',(0.0053129242077745,0.0225356608030435,-0.0100921238498743));
#3677=CARTESIAN_POINT('',(0.00579817488108391,0.0237607315226983,-0.0107226733926755));
#3678=CARTESIAN_POINT('',(0.00667782072742276,0.0243844057672566,-0.0110585006567976));
#3679=CARTESIAN_POINT('',(0.00750623281597385,0.0245593780286801,-0.0111544036403124));
#3680=CARTESIAN_POINT('',(0.00833840765654989,0.0243780115296233,-0.0110550127851611));
#3681=CARTESIAN_POINT('',(0.00921611286012535,0.0237432009711891,-0.0107133467656196));
#3682=CARTESIAN_POINT('',(0.00968783000085229,0.0225044870140433,-0.0100768179549863));
#3683=CARTESIAN_POINT('',(0.00912691056461087,0.0209911081812084,-0.0093712148408175));
#3684=CARTESIAN_POINT('',(0.0095,0.0225,-0.0100865231980848));
#3685=CARTESIAN_POINT('',(0.05,0.0275,-0.0128949266090406));
#3686=CARTESIAN_POINT('',(0.05,0.02625,-0.0145072436244519));
#3687=CARTESIAN_POINT('',(0.05,3.46944695195361E-18,-0.056));
#3688=CARTESIAN_POINT('',(0.0138077594806724,0.00385691067721321,0.00101970483988845));
#3689=CARTESIAN_POINT('',(0.0145692052190036,0.00385204805505368,0.00102003375599524));
#3690=CARTESIAN_POINT('',(0.0160921479139418,0.00372746953036539,0.00102859760334887));
#3691=CARTESIAN_POINT('',(0.0179469766696922,0.0032583397125083,0.00105819068118153));
#3692=CARTESIAN_POINT('',(0.019337981651057,0.00262920461826253,0.00109038497011553));
#3693=CARTESIAN_POINT('',(0.0202942679931479,0.00198856995856932,0.00111688787191407));
#3694=CARTESIAN_POINT('',(0.0210679933030742,0.00114147184515928,0.00114154617944646));
#3695=CARTESIAN_POINT('',(0.0214308632920179,6.20824785843962E-6,0.00115415944184993));
#3696=CARTESIAN_POINT('',(0.0210759727201029,-0.00112915086537497,0.0011418140402965));
#3697=CARTESIAN_POINT('',(0.0203010677743817,-0.00198341812563452,0.00111708921857049));
#3698=CARTESIAN_POINT('',(0.0193457976775186,-0.00262491442821843,0.00109058307526739));
#3699=CARTESIAN_POINT('',(0.0179518159183577,-0.00325712668164537,0.00105827431735893));
#3700=CARTESIAN_POINT('',(0.0160953080123338,-0.00372697203721567,0.0010286274822462));
#3701=CARTESIAN_POINT('',(0.014570826553853,-0.00385203770114506,0.00102003445635139));
#3702=CARTESIAN_POINT('',(0.0138077594806936,-0.00385691067721308,0.00101970483988846));
#3703=CARTESIAN_POINT('',(0.00775743145591489,0.0030225592262184,-0.00505377774147265));
#3704=CARTESIAN_POINT('',(0.00775743145591489,0.0030225592262184,0.00123731111306415));
#3705=CARTESIAN_POINT('',(0.00529090124134487,-4.11996825544492E-18,-0.00505377774147265));
#3706=CARTESIAN_POINT('',(0.00529090124134487,-4.11996825544492E-18,0.00123731111306415));
#3707=CARTESIAN_POINT('',(0.00775743145591486,-0.00302255922621838,-0.00505377774147265));
#3708=CARTESIAN_POINT('',(0.00775743145591486,-0.00302255922621838,0.00123731111306415));
#3709=CARTESIAN_POINT('',(0.0137121621519327,-0.00427454425079397,-0.00505377774147265));
#3710=CARTESIAN_POINT('',(0.0137121621519327,-0.00427454425079397,0.00123731111306415));
#3711=CARTESIAN_POINT('',(0.0196668928479506,-0.00302255922621838,-0.00505377774147265));
#3712=CARTESIAN_POINT('',(0.0196668928479506,-0.00302255922621838,0.00123731111306415));
#3713=CARTESIAN_POINT('',(0.0221334230625206,-2.95021575528673E-18,-0.00505377774147265));
#3714=CARTESIAN_POINT('',(0.0221334230625206,-2.95021575528673E-18,0.00123731111306415));
#3715=CARTESIAN_POINT('',(0.0196668928479506,0.00302255922621839,-0.00505377774147265));
#3716=CARTESIAN_POINT('',(0.0196668928479506,0.00302255922621839,0.00123731111306415));
#3717=CARTESIAN_POINT('',(0.0137121621519327,0.00427454425079397,-0.00505377774147265));
#3718=CARTESIAN_POINT('',(0.0137121621519327,0.00427454425079397,0.00123731111306415));
#3719=CARTESIAN_POINT('',(0.00775743145591489,0.0030225592262184,-0.00505377774147265));
#3720=CARTESIAN_POINT('',(0.00775743145591489,0.0030225592262184,0.00123731111306415));
#3721=CARTESIAN_POINT('',(0.00529090124134487,-4.11996825544492E-18,-0.00505377774147265));
#3722=CARTESIAN_POINT('',(0.00529090124134487,-4.11996825544492E-18,0.00123731111306415));
#3723=CARTESIAN_POINT('',(0.00775743145591486,-0.00302255922621838,-0.00505377774147265));
#3724=CARTESIAN_POINT('',(0.00775743145591486,-0.00302255922621838,0.00123731111306415));
#3725=CARTESIAN_POINT('',(0.0137121621519327,0.,0.0012));
#3726=CARTESIAN_POINT('',(0.0225,1.29704078448631E-5,0.0012));
#3727=CARTESIAN_POINT('',(0.0075,0.0225,-0.025));
#3728=CARTESIAN_POINT('',(0.0375,0.0225,-0.025));
#3729=CARTESIAN_POINT('',(0.0375,-0.0225,-0.025));
#3730=CARTESIAN_POINT('',(0.0075,-0.0225,-0.025));
#3731=MECHANICAL_DESIGN_GEOMETRIC_PRESENTATION_REPRESENTATION('',(#1787),
#3732);
#3732=(
GEOMETRIC_REPRESENTATION_CONTEXT(3)
GLOBAL_UNCERTAINTY_ASSIGNED_CONTEXT((#3733))
GLOBAL_UNIT_ASSIGNED_CONTEXT((#3736,#3735,#3734))
REPRESENTATION_CONTEXT('Antenna Tower V2','TOP_LEVEL_ASSEMBLY_PART')
);
#3733=UNCERTAINTY_MEASURE_WITH_UNIT(LENGTH_MEASURE(2.E-5),#3736,
'DISTANCE_ACCURACY_VALUE','Maximum Tolerance applied to model');
#3734=(
NAMED_UNIT(*)
SI_UNIT($,.STERADIAN.)
SOLID_ANGLE_UNIT()
);
#3735=(
NAMED_UNIT(*)
PLANE_ANGLE_UNIT()
SI_UNIT($,.RADIAN.)
);
#3736=(
LENGTH_UNIT()
NAMED_UNIT(*)
SI_UNIT($,.METRE.)
);
#3737=PRODUCT_DEFINITION_SHAPE('','',#3738);
#3738=PRODUCT_DEFINITION('','',#3740,#3739);
#3739=PRODUCT_DEFINITION_CONTEXT('',#3746,'design');
#3740=PRODUCT_DEFINITION_FORMATION_WITH_SPECIFIED_SOURCE('','',#3742,
 .NOT_KNOWN.);
#3741=PRODUCT_RELATED_PRODUCT_CATEGORY('','',(#3742));
#3742=PRODUCT('Antenna Tower V2','Antenna Tower V2','Antenna Tower V2',
(#3744));
#3743=PRODUCT_CATEGORY('','');
#3744=PRODUCT_CONTEXT('',#3746,'mechanical');
#3745=APPLICATION_PROTOCOL_DEFINITION('international standard',
'ap242_managed_model_based_3d_engineering',2020,#3746);
#3746=APPLICATION_CONTEXT('managed model based 3d engineering');
ENDSEC;
END-ISO-10303-21;
