ISO-10303-21;
HEADER;
/* Generated by software containing ST-Developer
 * from STEP Tools, Inc. (www.steptools.com) 
 */
/* OPTION: using custom renumber hook */

FILE_DESCRIPTION(
/* description */ ('STEP AP242 Edition 2',
'CAx-IF Rec.Pracs.---Representation and Presentation of Product Manufa
cturing Information (PMI)---4.0---2014-10-13',
'CAx-IF Rec.Pracs.---3D Tessellated Geometry---0.4---2014-09-14','2;1',
'CAx-IF Rec.Pracs.---User Defined Attributes---1.5---2016-08-15'),
/* implementation_level */ '2;1');

FILE_NAME(
/* name */ 'Buldge Shell - Hull Shell1',
/* time_stamp */ '2026-08-23T20:28:25Z',
/* author */ (''),
/* organization */ (''),
/* preprocessor_version */ 'ST-DEVELOPER v20',
/* originating_system */ 'ONSHAPE BY PTC INC, 1.219',
/* authorisation */ '  ');

FILE_SCHEMA (('AP242_MANAGED_MODEL_BASED_3D_ENGINEERING_MIM_LF { 1 0 10303 442 3 1 4 }'));
ENDSEC;

DATA;
#10=SHAPE_REPRESENTATION_RELATIONSHIP('','',#1121,#11);
#11=ADVANCED_BREP_SHAPE_REPRESENTATION('',(#1119),#2050);
#12=(
BOUNDED_SURFACE()
B_SPLINE_SURFACE(3,2,((#1871,#1872,#1873),(#1874,#1875,#1876),(#1877,#1878,
#1879),(#1880,#1881,#1882),(#1883,#1884,#1885),(#1886,#1887,#1888),(#1889,
#1890,#1891),(#1892,#1893,#1894)),.UNSPECIFIED.,.F.,.F.,.F.)
B_SPLINE_SURFACE_WITH_KNOTS((4,1,1,1,1,4),(3,3),(0.00290921446084322,0.00409347911825229,
0.00527774377566136,0.00764627309047951,0.0100148024052977,0.0123833317201158),
(0.,1.),.UNSPECIFIED.)
GEOMETRIC_REPRESENTATION_ITEM()
RATIONAL_B_SPLINE_SURFACE(((1.,0.970759022851015,1.),(1.,0.970759022262237,
1.),(1.,0.963110665286196,1.),(1.,0.930770837419677,1.),(1.,0.876592186415811,
1.),(1.,0.798659627518724,1.),(1.,0.739401340483067,1.),(1.,0.707106781186545,
1.)))
REPRESENTATION_ITEM('')
SURFACE()
);
#13=(
BOUNDED_SURFACE()
B_SPLINE_SURFACE(3,2,((#1900,#1901,#1902),(#1903,#1904,#1905),(#1906,#1907,
#1908),(#1909,#1910,#1911),(#1912,#1913,#1914),(#1915,#1916,#1917),(#1918,
#1919,#1920),(#1921,#1922,#1923),(#1924,#1925,#1926)),.UNSPECIFIED.,.F.,
 .F.,.F.)
B_SPLINE_SURFACE_WITH_KNOTS((4,1,1,1,1,1,4),(3,3),(0.00384417519584719,
0.00618747966314432,0.00853078413044145,0.00970243636409002,0.0108740885977386,
0.0120457408313872,0.0132173930650357),(0.,1.),.UNSPECIFIED.)
GEOMETRIC_REPRESENTATION_ITEM()
RATIONAL_B_SPLINE_SURFACE(((1.,0.707106781186543,1.),(1.,0.739541859058377,
1.),(1.,0.798861481950836,1.),(1.,0.863727123911474,1.),(1.,0.909169630395189,
1.),(1.,0.938897794776487,1.),(1.,0.963074174903591,1.),(1.,0.970759023387032,
1.),(1.,0.970759022851014,1.)))
REPRESENTATION_ITEM('')
SURFACE()
);
#14=(
BOUNDED_SURFACE()
B_SPLINE_SURFACE(3,2,((#1954,#1955,#1956),(#1957,#1958,#1959),(#1960,#1961,
#1962),(#1963,#1964,#1965),(#1966,#1967,#1968),(#1969,#1970,#1971),(#1972,
#1973,#1974),(#1975,#1976,#1977),(#1978,#1979,#1980)),.UNSPECIFIED.,.F.,
 .F.,.F.)
B_SPLINE_SURFACE_WITH_KNOTS((4,1,1,1,1,1,4),(3,3),(0.00384417519584722,
0.00618747966314436,0.0085307841304415,0.00970243636409008,0.0108740885977386,
0.0120457408313872,0.0132173930650358),(0.,1.),.UNSPECIFIED.)
GEOMETRIC_REPRESENTATION_ITEM()
RATIONAL_B_SPLINE_SURFACE(((1.,0.707106781186543,1.),(1.,0.739541859059561,
1.),(1.,0.798861481950268,1.),(1.,0.863727123911548,1.),(1.,0.909169630395169,
1.),(1.,0.938897794776512,1.),(1.,0.963074174903509,1.),(1.,0.970759023387209,
1.),(1.,0.970759022851014,1.)))
REPRESENTATION_ITEM('')
SURFACE()
);
#15=(
BOUNDED_SURFACE()
B_SPLINE_SURFACE(3,2,((#1982,#1983,#1984),(#1985,#1986,#1987),(#1988,#1989,
#1990),(#1991,#1992,#1993),(#1994,#1995,#1996),(#1997,#1998,#1999),(#2000,
#2001,#2002),(#2003,#2004,#2005)),.UNSPECIFIED.,.F.,.F.,.F.)
B_SPLINE_SURFACE_WITH_KNOTS((4,1,1,1,1,4),(3,3),(0.0029092144608432,0.00409347911825226,
0.00527774377566133,0.00764627309047945,0.0100148024052976,0.0123833317201157),
(0.,1.),.UNSPECIFIED.)
GEOMETRIC_REPRESENTATION_ITEM()
RATIONAL_B_SPLINE_SURFACE(((1.,0.970759022851016,1.),(1.,0.970759022262148,
1.),(1.,0.963110665286234,1.),(1.,0.930770837419664,1.),(1.,0.876592186415736,
1.),(1.,0.798659627519025,1.),(1.,0.739401340482413,1.),(1.,0.707106781186546,
1.)))
REPRESENTATION_ITEM('')
SURFACE()
);
#16=TOROIDAL_SURFACE('',#1198,0.0695,0.002);
#17=TOROIDAL_SURFACE('',#1215,0.0695,0.002);
#18=SPHERICAL_SURFACE('',#1183,0.002);
#19=SPHERICAL_SURFACE('',#1186,0.002);
#20=SPHERICAL_SURFACE('',#1202,0.002);
#21=SPHERICAL_SURFACE('',#1204,0.002);
#22=B_SPLINE_CURVE_WITH_KNOTS('',3,(#1603,#1604,#1605,#1606,#1607,#1608,
#1609,#1610,#1611,#1612,#1613),.UNSPECIFIED.,.T.,.F.,(1,1,1,1,1,1,1,1,1,
1,1,1,1,1,1),(-0.00293079311555029,-0.00195386207703353,-0.000976931038516763,
0.,0.000976931038516763,0.00195386207703353,0.00293079311555029,0.00390772415406705,
0.00488465519258381,0.00586158623110058,0.00683851726961734,0.0078154483081341,
0.00879237934665087,0.00976931038516763,0.0107462414236844),
 .UNSPECIFIED.);
#23=B_SPLINE_CURVE_WITH_KNOTS('',3,(#1726,#1727,#1728,#1729,#1730,#1731,
#1732,#1733,#1734),.UNSPECIFIED.,.F.,.F.,(4,1,1,1,1,1,4),(0.,0.0011787253437868,
0.0023574506875736,0.00353617603136039,0.00471490137514719,0.00707235206272079,
0.00942980275029438),.UNSPECIFIED.);
#24=B_SPLINE_CURVE_WITH_KNOTS('',3,(#1738,#1739,#1740,#1741,#1742,#1743,
#1744,#1745),.UNSPECIFIED.,.F.,.F.,(4,1,1,1,1,4),(0.,0.00229072075023116,
0.00458144150046233,0.00687216225069349,0.00801752262580908,0.00916288300092466),
 .UNSPECIFIED.);
#25=B_SPLINE_CURVE_WITH_KNOTS('',3,(#1749,#1750,#1751,#1752,#1753,#1754,
#1755,#1756,#1757),.UNSPECIFIED.,.F.,.F.,(4,1,1,1,1,1,4),(0.,0.00117872534378679,
0.00235745068757359,0.00353617603136038,0.00471490137514718,0.00707235206272076,
0.00942980275029435),.UNSPECIFIED.);
#26=B_SPLINE_CURVE_WITH_KNOTS('',3,(#1761,#1762,#1763,#1764,#1765,#1766,
#1767,#1768),.UNSPECIFIED.,.F.,.F.,(4,1,1,1,1,4),(0.,0.00229072075023116,
0.00458144150046232,0.00687216225069348,0.00801752262580906,0.00916288300092464),
 .UNSPECIFIED.);
#27=B_SPLINE_CURVE_WITH_KNOTS('',3,(#1840,#1841,#1842,#1843,#1844,#1845,
#1846,#1847,#1848,#1849),.UNSPECIFIED.,.F.,.F.,(4,1,1,1,1,1,1,4),(0.,0.000474489196392588,
0.000948978392785177,0.00189795678557035,0.00284693517835553,0.00379591357114071,
0.00569387035671106,0.00759182714228141),.UNSPECIFIED.);
#28=B_SPLINE_CURVE_WITH_KNOTS('',3,(#1858,#1859,#1860,#1861,#1862,#1863,
#1864,#1865,#1866,#1867),.UNSPECIFIED.,.F.,.F.,(4,1,1,1,1,1,1,4),(0.,0.00188192939810728,
0.00376385879621455,0.00470482349526819,0.00564578819432183,0.00658675289337547,
0.00705723524290229,0.00752771759242911),.UNSPECIFIED.);
#29=B_SPLINE_CURVE_WITH_KNOTS('',3,(#1931,#1932,#1933,#1934,#1935,#1936,
#1937,#1938,#1939,#1940),.UNSPECIFIED.,.F.,.F.,(4,1,1,1,1,1,1,4),(0.,0.00188192939810727,
0.00376385879621454,0.00470482349526818,0.00564578819432182,0.00658675289337545,
0.00705723524290227,0.00752771759242909),.UNSPECIFIED.);
#30=B_SPLINE_CURVE_WITH_KNOTS('',3,(#1942,#1943,#1944,#1945,#1946,#1947,
#1948,#1949,#1950,#1951),.UNSPECIFIED.,.F.,.F.,(4,1,1,1,1,1,1,4),(0.,0.000474489196392585,
0.000948978392785171,0.00189795678557034,0.00284693517835551,0.00379591357114068,
0.00569387035671102,0.00759182714228136),.UNSPECIFIED.);
#31=PLANE('',#1126);
#32=PLANE('',#1128);
#33=PLANE('',#1140);
#34=PLANE('',#1141);
#35=PLANE('',#1142);
#36=PLANE('',#1143);
#37=PLANE('',#1144);
#38=PLANE('',#1145);
#39=PLANE('',#1146);
#40=PLANE('',#1147);
#41=PLANE('',#1148);
#42=PLANE('',#1157);
#43=PLANE('',#1161);
#44=PLANE('',#1165);
#45=PLANE('',#1166);
#46=PLANE('',#1167);
#47=PLANE('',#1168);
#48=PLANE('',#1169);
#49=PLANE('',#1170);
#50=PLANE('',#1171);
#51=PLANE('',#1172);
#52=PLANE('',#1174);
#53=PLANE('',#1175);
#54=PLANE('',#1176);
#55=PLANE('',#1178);
#56=PLANE('',#1220);
#57=PLANE('',#1221);
#58=PLANE('',#1222);
#59=PLANE('',#1223);
#60=PLANE('',#1224);
#61=PLANE('',#1225);
#62=PLANE('',#1226);
#63=PLANE('',#1227);
#64=PLANE('',#1228);
#65=PLANE('',#1229);
#66=PLANE('',#1230);
#67=PLANE('',#1231);
#68=PLANE('',#1232);
#69=LINE('',#1560,#169);
#70=LINE('',#1564,#170);
#71=LINE('',#1566,#171);
#72=LINE('',#1568,#172);
#73=LINE('',#1572,#173);
#74=LINE('',#1574,#174);
#75=LINE('',#1577,#175);
#76=LINE('',#1581,#176);
#77=LINE('',#1596,#177);
#78=LINE('',#1600,#178);
#79=LINE('',#1616,#179);
#80=LINE('',#1618,#180);
#81=LINE('',#1620,#181);
#82=LINE('',#1622,#182);
#83=LINE('',#1624,#183);
#84=LINE('',#1626,#184);
#85=LINE('',#1628,#185);
#86=LINE('',#1630,#186);
#87=LINE('',#1632,#187);
#88=LINE('',#1634,#188);
#89=LINE('',#1636,#189);
#90=LINE('',#1638,#190);
#91=LINE('',#1640,#191);
#92=LINE('',#1642,#192);
#93=LINE('',#1644,#193);
#94=LINE('',#1646,#194);
#95=LINE('',#1648,#195);
#96=LINE('',#1650,#196);
#97=LINE('',#1652,#197);
#98=LINE('',#1654,#198);
#99=LINE('',#1656,#199);
#100=LINE('',#1658,#200);
#101=LINE('',#1660,#201);
#102=LINE('',#1662,#202);
#103=LINE('',#1664,#203);
#104=LINE('',#1666,#204);
#105=LINE('',#1668,#205);
#106=LINE('',#1670,#206);
#107=LINE('',#1671,#207);
#108=LINE('',#1673,#208);
#109=LINE('',#1674,#209);
#110=LINE('',#1676,#210);
#111=LINE('',#1677,#211);
#112=LINE('',#1685,#212);
#113=LINE('',#1689,#213);
#114=LINE('',#1697,#214);
#115=LINE('',#1699,#215);
#116=LINE('',#1704,#216);
#117=LINE('',#1706,#217);
#118=LINE('',#1708,#218);
#119=LINE('',#1710,#219);
#120=LINE('',#1712,#220);
#121=LINE('',#1714,#221);
#122=LINE('',#1715,#222);
#123=LINE('',#1717,#223);
#124=LINE('',#1719,#224);
#125=LINE('',#1721,#225);
#126=LINE('',#1723,#226);
#127=LINE('',#1725,#227);
#128=LINE('',#1736,#228);
#129=LINE('',#1759,#229);
#130=LINE('',#1769,#230);
#131=LINE('',#1771,#231);
#132=LINE('',#1773,#232);
#133=LINE('',#1775,#233);
#134=LINE('',#1777,#234);
#135=LINE('',#1786,#235);
#136=LINE('',#1789,#236);
#137=LINE('',#1791,#237);
#138=LINE('',#1793,#238);
#139=LINE('',#1795,#239);
#140=LINE('',#1798,#240);
#141=LINE('',#1800,#241);
#142=LINE('',#1802,#242);
#143=LINE('',#1804,#243);
#144=LINE('',#1807,#244);
#145=LINE('',#1809,#245);
#146=LINE('',#1811,#246);
#147=LINE('',#1813,#247);
#148=LINE('',#1818,#248);
#149=LINE('',#1820,#249);
#150=LINE('',#1822,#250);
#151=LINE('',#1827,#251);
#152=LINE('',#1829,#252);
#153=LINE('',#2016,#253);
#154=LINE('',#2018,#254);
#155=LINE('',#2020,#255);
#156=LINE('',#2022,#256);
#157=LINE('',#2024,#257);
#158=LINE('',#2026,#258);
#159=LINE('',#2028,#259);
#160=LINE('',#2030,#260);
#161=LINE('',#2033,#261);
#162=LINE('',#2035,#262);
#163=LINE('',#2037,#263);
#164=LINE('',#2039,#264);
#165=LINE('',#2041,#265);
#166=LINE('',#2043,#266);
#167=LINE('',#2045,#267);
#168=LINE('',#2046,#268);
#169=VECTOR('',#1239,1.);
#170=VECTOR('',#1242,1.);
#171=VECTOR('',#1245,1.);
#172=VECTOR('',#1246,1.);
#173=VECTOR('',#1249,1.);
#174=VECTOR('',#1252,1.);
#175=VECTOR('',#1253,1.);
#176=VECTOR('',#1256,1.);
#177=VECTOR('',#1273,1.);
#178=VECTOR('',#1276,1.);
#179=VECTOR('',#1281,1.);
#180=VECTOR('',#1282,1.);
#181=VECTOR('',#1283,1.);
#182=VECTOR('',#1284,1.);
#183=VECTOR('',#1285,1.);
#184=VECTOR('',#1288,1.);
#185=VECTOR('',#1289,1.);
#186=VECTOR('',#1290,1.);
#187=VECTOR('',#1291,1.);
#188=VECTOR('',#1294,1.);
#189=VECTOR('',#1295,1.);
#190=VECTOR('',#1296,1.);
#191=VECTOR('',#1299,1.);
#192=VECTOR('',#1300,1.);
#193=VECTOR('',#1301,1.);
#194=VECTOR('',#1302,1.);
#195=VECTOR('',#1303,1.);
#196=VECTOR('',#1306,1.);
#197=VECTOR('',#1307,1.);
#198=VECTOR('',#1308,1.);
#199=VECTOR('',#1309,1.);
#200=VECTOR('',#1310,1.);
#201=VECTOR('',#1313,1.);
#202=VECTOR('',#1314,1.);
#203=VECTOR('',#1315,1.);
#204=VECTOR('',#1316,1.);
#205=VECTOR('',#1317,1.);
#206=VECTOR('',#1320,1.);
#207=VECTOR('',#1321,1.);
#208=VECTOR('',#1324,1.);
#209=VECTOR('',#1325,1.);
#210=VECTOR('',#1328,1.);
#211=VECTOR('',#1329,1.);
#212=VECTOR('',#1344,1.);
#213=VECTOR('',#1349,1.);
#214=VECTOR('',#1356,1.);
#215=VECTOR('',#1359,1.);
#216=VECTOR('',#1362,1.);
#217=VECTOR('',#1363,1.);
#218=VECTOR('',#1364,1.);
#219=VECTOR('',#1365,1.);
#220=VECTOR('',#1366,1.);
#221=VECTOR('',#1367,1.);
#222=VECTOR('',#1368,1.);
#223=VECTOR('',#1369,1.);
#224=VECTOR('',#1370,1.);
#225=VECTOR('',#1371,1.);
#226=VECTOR('',#1372,1.);
#227=VECTOR('',#1375,1.);
#228=VECTOR('',#1376,1.);
#229=VECTOR('',#1379,1.);
#230=VECTOR('',#1380,1.);
#231=VECTOR('',#1383,1.);
#232=VECTOR('',#1384,1.);
#233=VECTOR('',#1387,1.);
#234=VECTOR('',#1388,1.);
#235=VECTOR('',#1403,1.);
#236=VECTOR('',#1404,1.);
#237=VECTOR('',#1405,1.);
#238=VECTOR('',#1406,1.);
#239=VECTOR('',#1409,1.);
#240=VECTOR('',#1410,1.);
#241=VECTOR('',#1411,1.);
#242=VECTOR('',#1412,1.);
#243=VECTOR('',#1415,1.);
#244=VECTOR('',#1416,1.);
#245=VECTOR('',#1417,1.);
#246=VECTOR('',#1418,1.);
#247=VECTOR('',#1421,1.);
#248=VECTOR('',#1424,1.);
#249=VECTOR('',#1425,1.);
#250=VECTOR('',#1428,1.);
#251=VECTOR('',#1431,1.);
#252=VECTOR('',#1432,1.);
#253=VECTOR('',#1517,1.);
#254=VECTOR('',#1518,1.);
#255=VECTOR('',#1521,1.);
#256=VECTOR('',#1524,1.);
#257=VECTOR('',#1525,1.);
#258=VECTOR('',#1528,1.);
#259=VECTOR('',#1529,1.);
#260=VECTOR('',#1532,1.);
#261=VECTOR('',#1537,1.);
#262=VECTOR('',#1538,1.);
#263=VECTOR('',#1541,1.);
#264=VECTOR('',#1542,1.);
#265=VECTOR('',#1545,1.);
#266=VECTOR('',#1546,1.);
#267=VECTOR('',#1549,1.);
#268=VECTOR('',#1550,1.);
#269=ORIENTED_EDGE('',*,*,#583,.F.);
#270=ORIENTED_EDGE('',*,*,#584,.T.);
#271=ORIENTED_EDGE('',*,*,#585,.T.);
#272=ORIENTED_EDGE('',*,*,#586,.F.);
#273=ORIENTED_EDGE('',*,*,#587,.F.);
#274=ORIENTED_EDGE('',*,*,#588,.T.);
#275=ORIENTED_EDGE('',*,*,#589,.T.);
#276=ORIENTED_EDGE('',*,*,#590,.F.);
#277=ORIENTED_EDGE('',*,*,#585,.F.);
#278=ORIENTED_EDGE('',*,*,#591,.F.);
#279=ORIENTED_EDGE('',*,*,#592,.T.);
#280=ORIENTED_EDGE('',*,*,#593,.F.);
#281=ORIENTED_EDGE('',*,*,#594,.T.);
#282=ORIENTED_EDGE('',*,*,#595,.T.);
#283=ORIENTED_EDGE('',*,*,#595,.F.);
#284=ORIENTED_EDGE('',*,*,#596,.F.);
#285=ORIENTED_EDGE('',*,*,#597,.F.);
#286=ORIENTED_EDGE('',*,*,#598,.F.);
#287=ORIENTED_EDGE('',*,*,#599,.F.);
#288=ORIENTED_EDGE('',*,*,#600,.F.);
#289=ORIENTED_EDGE('',*,*,#589,.F.);
#290=ORIENTED_EDGE('',*,*,#601,.F.);
#291=ORIENTED_EDGE('',*,*,#602,.T.);
#292=ORIENTED_EDGE('',*,*,#603,.T.);
#293=ORIENTED_EDGE('',*,*,#604,.F.);
#294=ORIENTED_EDGE('',*,*,#605,.F.);
#295=ORIENTED_EDGE('',*,*,#606,.F.);
#296=ORIENTED_EDGE('',*,*,#607,.T.);
#297=ORIENTED_EDGE('',*,*,#608,.T.);
#298=ORIENTED_EDGE('',*,*,#609,.F.);
#299=ORIENTED_EDGE('',*,*,#610,.F.);
#300=ORIENTED_EDGE('',*,*,#611,.T.);
#301=ORIENTED_EDGE('',*,*,#612,.F.);
#302=ORIENTED_EDGE('',*,*,#594,.F.);
#303=ORIENTED_EDGE('',*,*,#613,.F.);
#304=ORIENTED_EDGE('',*,*,#614,.T.);
#305=ORIENTED_EDGE('',*,*,#615,.T.);
#306=ORIENTED_EDGE('',*,*,#590,.T.);
#307=ORIENTED_EDGE('',*,*,#616,.T.);
#308=ORIENTED_EDGE('',*,*,#617,.F.);
#309=ORIENTED_EDGE('',*,*,#618,.F.);
#310=ORIENTED_EDGE('',*,*,#586,.T.);
#311=ORIENTED_EDGE('',*,*,#619,.F.);
#312=ORIENTED_EDGE('',*,*,#620,.F.);
#313=ORIENTED_EDGE('',*,*,#621,.F.);
#314=ORIENTED_EDGE('',*,*,#622,.T.);
#315=ORIENTED_EDGE('',*,*,#623,.T.);
#316=ORIENTED_EDGE('',*,*,#624,.T.);
#317=ORIENTED_EDGE('',*,*,#625,.T.);
#318=ORIENTED_EDGE('',*,*,#626,.F.);
#319=ORIENTED_EDGE('',*,*,#627,.F.);
#320=ORIENTED_EDGE('',*,*,#628,.T.);
#321=ORIENTED_EDGE('',*,*,#629,.F.);
#322=ORIENTED_EDGE('',*,*,#630,.F.);
#323=ORIENTED_EDGE('',*,*,#631,.F.);
#324=ORIENTED_EDGE('',*,*,#632,.T.);
#325=ORIENTED_EDGE('',*,*,#633,.T.);
#326=ORIENTED_EDGE('',*,*,#609,.T.);
#327=ORIENTED_EDGE('',*,*,#634,.T.);
#328=ORIENTED_EDGE('',*,*,#615,.F.);
#329=ORIENTED_EDGE('',*,*,#635,.F.);
#330=ORIENTED_EDGE('',*,*,#617,.T.);
#331=ORIENTED_EDGE('',*,*,#636,.T.);
#332=ORIENTED_EDGE('',*,*,#623,.F.);
#333=ORIENTED_EDGE('',*,*,#637,.F.);
#334=ORIENTED_EDGE('',*,*,#626,.T.);
#335=ORIENTED_EDGE('',*,*,#638,.T.);
#336=ORIENTED_EDGE('',*,*,#633,.F.);
#337=ORIENTED_EDGE('',*,*,#639,.F.);
#338=ORIENTED_EDGE('',*,*,#631,.T.);
#339=ORIENTED_EDGE('',*,*,#640,.T.);
#340=ORIENTED_EDGE('',*,*,#611,.F.);
#341=ORIENTED_EDGE('',*,*,#641,.F.);
#342=ORIENTED_EDGE('',*,*,#621,.T.);
#343=ORIENTED_EDGE('',*,*,#642,.T.);
#344=ORIENTED_EDGE('',*,*,#628,.F.);
#345=ORIENTED_EDGE('',*,*,#643,.F.);
#346=ORIENTED_EDGE('',*,*,#644,.F.);
#347=ORIENTED_EDGE('',*,*,#645,.F.);
#348=ORIENTED_EDGE('',*,*,#613,.T.);
#349=ORIENTED_EDGE('',*,*,#593,.T.);
#350=ORIENTED_EDGE('',*,*,#603,.F.);
#351=ORIENTED_EDGE('',*,*,#646,.T.);
#352=ORIENTED_EDGE('',*,*,#647,.T.);
#353=ORIENTED_EDGE('',*,*,#648,.T.);
#354=ORIENTED_EDGE('',*,*,#649,.T.);
#355=ORIENTED_EDGE('',*,*,#650,.F.);
#356=ORIENTED_EDGE('',*,*,#651,.F.);
#357=ORIENTED_EDGE('',*,*,#652,.F.);
#358=ORIENTED_EDGE('',*,*,#653,.T.);
#359=ORIENTED_EDGE('',*,*,#654,.T.);
#360=ORIENTED_EDGE('',*,*,#655,.F.);
#361=ORIENTED_EDGE('',*,*,#656,.F.);
#362=ORIENTED_EDGE('',*,*,#657,.F.);
#363=ORIENTED_EDGE('',*,*,#658,.T.);
#364=ORIENTED_EDGE('',*,*,#583,.T.);
#365=ORIENTED_EDGE('',*,*,#618,.T.);
#366=ORIENTED_EDGE('',*,*,#637,.T.);
#367=ORIENTED_EDGE('',*,*,#622,.F.);
#368=ORIENTED_EDGE('',*,*,#643,.T.);
#369=ORIENTED_EDGE('',*,*,#627,.T.);
#370=ORIENTED_EDGE('',*,*,#639,.T.);
#371=ORIENTED_EDGE('',*,*,#632,.F.);
#372=ORIENTED_EDGE('',*,*,#641,.T.);
#373=ORIENTED_EDGE('',*,*,#610,.T.);
#374=ORIENTED_EDGE('',*,*,#635,.T.);
#375=ORIENTED_EDGE('',*,*,#614,.F.);
#376=ORIENTED_EDGE('',*,*,#645,.T.);
#377=ORIENTED_EDGE('',*,*,#659,.F.);
#378=ORIENTED_EDGE('',*,*,#660,.T.);
#379=ORIENTED_EDGE('',*,*,#661,.T.);
#380=ORIENTED_EDGE('',*,*,#662,.T.);
#381=ORIENTED_EDGE('',*,*,#663,.F.);
#382=ORIENTED_EDGE('',*,*,#652,.T.);
#383=ORIENTED_EDGE('',*,*,#664,.F.);
#384=ORIENTED_EDGE('',*,*,#649,.F.);
#385=ORIENTED_EDGE('',*,*,#665,.T.);
#386=ORIENTED_EDGE('',*,*,#666,.T.);
#387=ORIENTED_EDGE('',*,*,#667,.T.);
#388=ORIENTED_EDGE('',*,*,#668,.T.);
#389=ORIENTED_EDGE('',*,*,#669,.T.);
#390=ORIENTED_EDGE('',*,*,#670,.T.);
#391=ORIENTED_EDGE('',*,*,#671,.T.);
#392=ORIENTED_EDGE('',*,*,#647,.F.);
#393=ORIENTED_EDGE('',*,*,#672,.T.);
#394=ORIENTED_EDGE('',*,*,#602,.F.);
#395=ORIENTED_EDGE('',*,*,#673,.T.);
#396=ORIENTED_EDGE('',*,*,#674,.F.);
#397=ORIENTED_EDGE('',*,*,#653,.F.);
#398=ORIENTED_EDGE('',*,*,#672,.F.);
#399=ORIENTED_EDGE('',*,*,#646,.F.);
#400=ORIENTED_EDGE('',*,*,#664,.T.);
#401=ORIENTED_EDGE('',*,*,#651,.T.);
#402=ORIENTED_EDGE('',*,*,#675,.T.);
#403=ORIENTED_EDGE('',*,*,#676,.F.);
#404=ORIENTED_EDGE('',*,*,#604,.T.);
#405=ORIENTED_EDGE('',*,*,#650,.T.);
#406=ORIENTED_EDGE('',*,*,#607,.F.);
#407=ORIENTED_EDGE('',*,*,#640,.F.);
#408=ORIENTED_EDGE('',*,*,#630,.T.);
#409=ORIENTED_EDGE('',*,*,#597,.T.);
#410=ORIENTED_EDGE('',*,*,#642,.F.);
#411=ORIENTED_EDGE('',*,*,#620,.T.);
#412=ORIENTED_EDGE('',*,*,#599,.T.);
#413=ORIENTED_EDGE('',*,*,#624,.F.);
#414=ORIENTED_EDGE('',*,*,#598,.T.);
#415=ORIENTED_EDGE('',*,*,#629,.T.);
#416=ORIENTED_EDGE('',*,*,#638,.F.);
#417=ORIENTED_EDGE('',*,*,#625,.F.);
#418=ORIENTED_EDGE('',*,*,#600,.T.);
#419=ORIENTED_EDGE('',*,*,#619,.T.);
#420=ORIENTED_EDGE('',*,*,#636,.F.);
#421=ORIENTED_EDGE('',*,*,#616,.F.);
#422=ORIENTED_EDGE('',*,*,#596,.T.);
#423=ORIENTED_EDGE('',*,*,#612,.T.);
#424=ORIENTED_EDGE('',*,*,#634,.F.);
#425=ORIENTED_EDGE('',*,*,#608,.F.);
#426=ORIENTED_EDGE('',*,*,#677,.T.);
#427=ORIENTED_EDGE('',*,*,#678,.T.);
#428=ORIENTED_EDGE('',*,*,#679,.T.);
#429=ORIENTED_EDGE('',*,*,#680,.T.);
#430=ORIENTED_EDGE('',*,*,#681,.T.);
#431=ORIENTED_EDGE('',*,*,#682,.T.);
#432=ORIENTED_EDGE('',*,*,#683,.T.);
#433=ORIENTED_EDGE('',*,*,#684,.T.);
#434=ORIENTED_EDGE('',*,*,#685,.T.);
#435=ORIENTED_EDGE('',*,*,#686,.T.);
#436=ORIENTED_EDGE('',*,*,#687,.T.);
#437=ORIENTED_EDGE('',*,*,#688,.T.);
#438=ORIENTED_EDGE('',*,*,#689,.T.);
#439=ORIENTED_EDGE('',*,*,#690,.T.);
#440=ORIENTED_EDGE('',*,*,#691,.T.);
#441=ORIENTED_EDGE('',*,*,#692,.T.);
#442=ORIENTED_EDGE('',*,*,#693,.T.);
#443=ORIENTED_EDGE('',*,*,#694,.T.);
#444=ORIENTED_EDGE('',*,*,#695,.T.);
#445=ORIENTED_EDGE('',*,*,#696,.T.);
#446=ORIENTED_EDGE('',*,*,#697,.T.);
#447=ORIENTED_EDGE('',*,*,#698,.F.);
#448=ORIENTED_EDGE('',*,*,#681,.F.);
#449=ORIENTED_EDGE('',*,*,#699,.F.);
#450=ORIENTED_EDGE('',*,*,#697,.F.);
#451=ORIENTED_EDGE('',*,*,#700,.F.);
#452=ORIENTED_EDGE('',*,*,#698,.T.);
#453=ORIENTED_EDGE('',*,*,#701,.F.);
#454=ORIENTED_EDGE('',*,*,#702,.F.);
#455=ORIENTED_EDGE('',*,*,#699,.T.);
#456=ORIENTED_EDGE('',*,*,#703,.F.);
#457=ORIENTED_EDGE('',*,*,#701,.T.);
#458=ORIENTED_EDGE('',*,*,#696,.F.);
#459=ORIENTED_EDGE('',*,*,#704,.F.);
#460=ORIENTED_EDGE('',*,*,#686,.F.);
#461=ORIENTED_EDGE('',*,*,#700,.T.);
#462=ORIENTED_EDGE('',*,*,#689,.F.);
#463=ORIENTED_EDGE('',*,*,#705,.F.);
#464=ORIENTED_EDGE('',*,*,#678,.F.);
#465=ORIENTED_EDGE('',*,*,#706,.F.);
#466=ORIENTED_EDGE('',*,*,#679,.F.);
#467=ORIENTED_EDGE('',*,*,#707,.F.);
#468=ORIENTED_EDGE('',*,*,#693,.F.);
#469=ORIENTED_EDGE('',*,*,#703,.T.);
#470=ORIENTED_EDGE('',*,*,#680,.F.);
#471=ORIENTED_EDGE('',*,*,#708,.F.);
#472=ORIENTED_EDGE('',*,*,#685,.F.);
#473=ORIENTED_EDGE('',*,*,#702,.T.);
#474=ORIENTED_EDGE('',*,*,#684,.F.);
#475=ORIENTED_EDGE('',*,*,#709,.F.);
#476=ORIENTED_EDGE('',*,*,#694,.F.);
#477=ORIENTED_EDGE('',*,*,#710,.F.);
#478=ORIENTED_EDGE('',*,*,#648,.F.);
#479=ORIENTED_EDGE('',*,*,#711,.F.);
#480=ORIENTED_EDGE('',*,*,#695,.F.);
#481=ORIENTED_EDGE('',*,*,#711,.T.);
#482=ORIENTED_EDGE('',*,*,#671,.F.);
#483=ORIENTED_EDGE('',*,*,#712,.F.);
#484=ORIENTED_EDGE('',*,*,#704,.T.);
#485=ORIENTED_EDGE('',*,*,#707,.T.);
#486=ORIENTED_EDGE('',*,*,#705,.T.);
#487=ORIENTED_EDGE('',*,*,#713,.F.);
#488=ORIENTED_EDGE('',*,*,#708,.T.);
#489=ORIENTED_EDGE('',*,*,#706,.T.);
#490=ORIENTED_EDGE('',*,*,#714,.F.);
#491=ORIENTED_EDGE('',*,*,#710,.T.);
#492=ORIENTED_EDGE('',*,*,#709,.T.);
#493=ORIENTED_EDGE('',*,*,#715,.F.);
#494=ORIENTED_EDGE('',*,*,#665,.F.);
#495=ORIENTED_EDGE('',*,*,#712,.T.);
#496=ORIENTED_EDGE('',*,*,#670,.F.);
#497=ORIENTED_EDGE('',*,*,#716,.F.);
#498=ORIENTED_EDGE('',*,*,#687,.F.);
#499=ORIENTED_EDGE('',*,*,#713,.T.);
#500=ORIENTED_EDGE('',*,*,#688,.F.);
#501=ORIENTED_EDGE('',*,*,#717,.F.);
#502=ORIENTED_EDGE('',*,*,#690,.F.);
#503=ORIENTED_EDGE('',*,*,#714,.T.);
#504=ORIENTED_EDGE('',*,*,#692,.F.);
#505=ORIENTED_EDGE('',*,*,#718,.F.);
#506=ORIENTED_EDGE('',*,*,#682,.F.);
#507=ORIENTED_EDGE('',*,*,#715,.T.);
#508=ORIENTED_EDGE('',*,*,#683,.F.);
#509=ORIENTED_EDGE('',*,*,#719,.F.);
#510=ORIENTED_EDGE('',*,*,#666,.F.);
#511=ORIENTED_EDGE('',*,*,#716,.T.);
#512=ORIENTED_EDGE('',*,*,#669,.F.);
#513=ORIENTED_EDGE('',*,*,#720,.F.);
#514=ORIENTED_EDGE('',*,*,#717,.T.);
#515=ORIENTED_EDGE('',*,*,#719,.T.);
#516=ORIENTED_EDGE('',*,*,#718,.T.);
#517=ORIENTED_EDGE('',*,*,#721,.F.);
#518=ORIENTED_EDGE('',*,*,#667,.F.);
#519=ORIENTED_EDGE('',*,*,#720,.T.);
#520=ORIENTED_EDGE('',*,*,#668,.F.);
#521=ORIENTED_EDGE('',*,*,#721,.T.);
#522=ORIENTED_EDGE('',*,*,#691,.F.);
#523=ORIENTED_EDGE('',*,*,#722,.T.);
#524=ORIENTED_EDGE('',*,*,#606,.T.);
#525=ORIENTED_EDGE('',*,*,#677,.F.);
#526=ORIENTED_EDGE('',*,*,#723,.F.);
#527=ORIENTED_EDGE('',*,*,#722,.F.);
#528=ORIENTED_EDGE('',*,*,#723,.T.);
#529=ORIENTED_EDGE('',*,*,#724,.T.);
#530=ORIENTED_EDGE('',*,*,#725,.F.);
#531=ORIENTED_EDGE('',*,*,#654,.F.);
#532=ORIENTED_EDGE('',*,*,#674,.T.);
#533=ORIENTED_EDGE('',*,*,#584,.F.);
#534=ORIENTED_EDGE('',*,*,#658,.F.);
#535=ORIENTED_EDGE('',*,*,#726,.T.);
#536=ORIENTED_EDGE('',*,*,#587,.T.);
#537=ORIENTED_EDGE('',*,*,#588,.F.);
#538=ORIENTED_EDGE('',*,*,#726,.F.);
#539=ORIENTED_EDGE('',*,*,#657,.T.);
#540=ORIENTED_EDGE('',*,*,#727,.T.);
#541=ORIENTED_EDGE('',*,*,#728,.F.);
#542=ORIENTED_EDGE('',*,*,#729,.F.);
#543=ORIENTED_EDGE('',*,*,#727,.F.);
#544=ORIENTED_EDGE('',*,*,#656,.T.);
#545=ORIENTED_EDGE('',*,*,#730,.T.);
#546=ORIENTED_EDGE('',*,*,#731,.F.);
#547=ORIENTED_EDGE('',*,*,#730,.F.);
#548=ORIENTED_EDGE('',*,*,#655,.T.);
#549=ORIENTED_EDGE('',*,*,#725,.T.);
#550=ORIENTED_EDGE('',*,*,#673,.F.);
#551=ORIENTED_EDGE('',*,*,#601,.T.);
#552=ORIENTED_EDGE('',*,*,#728,.T.);
#553=ORIENTED_EDGE('',*,*,#729,.T.);
#554=ORIENTED_EDGE('',*,*,#731,.T.);
#555=ORIENTED_EDGE('',*,*,#724,.F.);
#556=ORIENTED_EDGE('',*,*,#732,.F.);
#557=ORIENTED_EDGE('',*,*,#675,.F.);
#558=ORIENTED_EDGE('',*,*,#663,.T.);
#559=ORIENTED_EDGE('',*,*,#733,.T.);
#560=ORIENTED_EDGE('',*,*,#734,.T.);
#561=ORIENTED_EDGE('',*,*,#733,.F.);
#562=ORIENTED_EDGE('',*,*,#662,.F.);
#563=ORIENTED_EDGE('',*,*,#735,.T.);
#564=ORIENTED_EDGE('',*,*,#736,.T.);
#565=ORIENTED_EDGE('',*,*,#735,.F.);
#566=ORIENTED_EDGE('',*,*,#661,.F.);
#567=ORIENTED_EDGE('',*,*,#737,.T.);
#568=ORIENTED_EDGE('',*,*,#591,.T.);
#569=ORIENTED_EDGE('',*,*,#738,.T.);
#570=ORIENTED_EDGE('',*,*,#737,.F.);
#571=ORIENTED_EDGE('',*,*,#660,.F.);
#572=ORIENTED_EDGE('',*,*,#739,.T.);
#573=ORIENTED_EDGE('',*,*,#659,.T.);
#574=ORIENTED_EDGE('',*,*,#644,.T.);
#575=ORIENTED_EDGE('',*,*,#592,.F.);
#576=ORIENTED_EDGE('',*,*,#739,.F.);
#577=ORIENTED_EDGE('',*,*,#738,.F.);
#578=ORIENTED_EDGE('',*,*,#605,.T.);
#579=ORIENTED_EDGE('',*,*,#676,.T.);
#580=ORIENTED_EDGE('',*,*,#732,.T.);
#581=ORIENTED_EDGE('',*,*,#734,.F.);
#582=ORIENTED_EDGE('',*,*,#736,.F.);
#583=EDGE_CURVE('',#740,#741,#836,.T.);
#584=EDGE_CURVE('',#740,#742,#69,.T.);
#585=EDGE_CURVE('',#742,#743,#837,.T.);
#586=EDGE_CURVE('',#741,#743,#70,.T.);
#587=EDGE_CURVE('',#744,#742,#71,.T.);
#588=EDGE_CURVE('',#744,#745,#72,.T.);
#589=EDGE_CURVE('',#745,#746,#838,.T.);
#590=EDGE_CURVE('',#743,#746,#73,.T.);
#591=EDGE_CURVE('',#747,#748,#74,.T.);
#592=EDGE_CURVE('',#747,#749,#75,.T.);
#593=EDGE_CURVE('',#750,#749,#839,.T.);
#594=EDGE_CURVE('',#750,#751,#76,.T.);
#595=EDGE_CURVE('',#751,#748,#840,.T.);
#596=EDGE_CURVE('',#752,#751,#841,.T.);
#597=EDGE_CURVE('',#753,#752,#842,.T.);
#598=EDGE_CURVE('',#754,#753,#843,.T.);
#599=EDGE_CURVE('',#755,#754,#844,.T.);
#600=EDGE_CURVE('',#746,#755,#845,.T.);
#601=EDGE_CURVE('',#756,#745,#846,.T.);
#602=EDGE_CURVE('',#756,#757,#77,.T.);
#603=EDGE_CURVE('',#757,#758,#847,.T.);
#604=EDGE_CURVE('',#759,#758,#78,.T.);
#605=EDGE_CURVE('',#748,#759,#848,.T.);
#606=EDGE_CURVE('',#760,#760,#22,.T.);
#607=EDGE_CURVE('',#761,#752,#79,.T.);
#608=EDGE_CURVE('',#752,#762,#80,.T.);
#609=EDGE_CURVE('',#763,#762,#81,.T.);
#610=EDGE_CURVE('',#764,#763,#82,.T.);
#611=EDGE_CURVE('',#764,#761,#83,.T.);
#612=EDGE_CURVE('',#751,#765,#84,.T.);
#613=EDGE_CURVE('',#766,#750,#85,.T.);
#614=EDGE_CURVE('',#766,#767,#86,.T.);
#615=EDGE_CURVE('',#767,#765,#87,.T.);
#616=EDGE_CURVE('',#746,#768,#88,.T.);
#617=EDGE_CURVE('',#769,#768,#89,.T.);
#618=EDGE_CURVE('',#741,#769,#90,.T.);
#619=EDGE_CURVE('',#755,#770,#91,.T.);
#620=EDGE_CURVE('',#771,#755,#92,.T.);
#621=EDGE_CURVE('',#772,#771,#93,.T.);
#622=EDGE_CURVE('',#772,#773,#94,.T.);
#623=EDGE_CURVE('',#773,#770,#95,.T.);
#624=EDGE_CURVE('',#774,#754,#96,.T.);
#625=EDGE_CURVE('',#754,#775,#97,.T.);
#626=EDGE_CURVE('',#776,#775,#98,.T.);
#627=EDGE_CURVE('',#777,#776,#99,.T.);
#628=EDGE_CURVE('',#777,#774,#100,.T.);
#629=EDGE_CURVE('',#753,#778,#101,.T.);
#630=EDGE_CURVE('',#779,#753,#102,.T.);
#631=EDGE_CURVE('',#780,#779,#103,.T.);
#632=EDGE_CURVE('',#780,#781,#104,.T.);
#633=EDGE_CURVE('',#781,#778,#105,.T.);
#634=EDGE_CURVE('',#762,#765,#106,.T.);
#635=EDGE_CURVE('',#763,#767,#107,.T.);
#636=EDGE_CURVE('',#768,#770,#108,.T.);
#637=EDGE_CURVE('',#769,#773,#109,.T.);
#638=EDGE_CURVE('',#775,#778,#110,.T.);
#639=EDGE_CURVE('',#776,#781,#111,.T.);
#640=EDGE_CURVE('',#779,#761,#849,.T.);
#641=EDGE_CURVE('',#780,#764,#850,.T.);
#642=EDGE_CURVE('',#771,#774,#851,.T.);
#643=EDGE_CURVE('',#772,#777,#852,.T.);
#644=EDGE_CURVE('',#782,#749,#112,.T.);
#645=EDGE_CURVE('',#766,#782,#853,.T.);
#646=EDGE_CURVE('',#757,#783,#113,.T.);
#647=EDGE_CURVE('',#783,#784,#854,.T.);
#648=EDGE_CURVE('',#784,#785,#855,.T.);
#649=EDGE_CURVE('',#785,#786,#856,.T.);
#650=EDGE_CURVE('',#758,#786,#114,.T.);
#651=EDGE_CURVE('',#787,#788,#115,.T.);
#652=EDGE_CURVE('',#789,#787,#857,.T.);
#653=EDGE_CURVE('',#789,#790,#116,.T.);
#654=EDGE_CURVE('',#790,#791,#117,.T.);
#655=EDGE_CURVE('',#792,#791,#118,.T.);
#656=EDGE_CURVE('',#793,#792,#119,.T.);
#657=EDGE_CURVE('',#794,#793,#120,.T.);
#658=EDGE_CURVE('',#794,#740,#121,.T.);
#659=EDGE_CURVE('',#795,#782,#122,.T.);
#660=EDGE_CURVE('',#795,#796,#123,.T.);
#661=EDGE_CURVE('',#796,#797,#124,.T.);
#662=EDGE_CURVE('',#797,#798,#125,.T.);
#663=EDGE_CURVE('',#788,#798,#126,.T.);
#664=EDGE_CURVE('',#786,#787,#127,.T.);
#665=EDGE_CURVE('',#785,#799,#23,.F.);
#666=EDGE_CURVE('',#799,#800,#128,.F.);
#667=EDGE_CURVE('',#800,#801,#24,.F.);
#668=EDGE_CURVE('',#801,#802,#858,.F.);
#669=EDGE_CURVE('',#802,#803,#25,.F.);
#670=EDGE_CURVE('',#803,#804,#129,.T.);
#671=EDGE_CURVE('',#804,#784,#26,.F.);
#672=EDGE_CURVE('',#783,#789,#130,.T.);
#673=EDGE_CURVE('',#756,#805,#131,.T.);
#674=EDGE_CURVE('',#790,#805,#132,.T.);
#675=EDGE_CURVE('',#788,#806,#133,.T.);
#676=EDGE_CURVE('',#759,#806,#134,.T.);
#677=EDGE_CURVE('',#807,#807,#859,.F.);
#678=EDGE_CURVE('',#808,#809,#135,.F.);
#679=EDGE_CURVE('',#809,#810,#136,.T.);
#680=EDGE_CURVE('',#810,#811,#137,.T.);
#681=EDGE_CURVE('',#811,#808,#138,.F.);
#682=EDGE_CURVE('',#812,#813,#139,.T.);
#683=EDGE_CURVE('',#813,#814,#140,.F.);
#684=EDGE_CURVE('',#814,#815,#141,.F.);
#685=EDGE_CURVE('',#815,#812,#142,.F.);
#686=EDGE_CURVE('',#816,#817,#143,.T.);
#687=EDGE_CURVE('',#817,#818,#144,.F.);
#688=EDGE_CURVE('',#818,#819,#145,.F.);
#689=EDGE_CURVE('',#819,#816,#146,.T.);
#690=EDGE_CURVE('',#820,#821,#147,.T.);
#691=EDGE_CURVE('',#821,#822,#860,.T.);
#692=EDGE_CURVE('',#822,#823,#148,.F.);
#693=EDGE_CURVE('',#823,#820,#149,.F.);
#694=EDGE_CURVE('',#824,#825,#150,.T.);
#695=EDGE_CURVE('',#825,#826,#861,.F.);
#696=EDGE_CURVE('',#826,#827,#151,.F.);
#697=EDGE_CURVE('',#827,#824,#152,.T.);
#698=EDGE_CURVE('',#808,#827,#862,.T.);
#699=EDGE_CURVE('',#824,#811,#863,.T.);
#700=EDGE_CURVE('',#808,#816,#864,.F.);
#701=EDGE_CURVE('',#816,#827,#865,.F.);
#702=EDGE_CURVE('',#824,#815,#866,.F.);
#703=EDGE_CURVE('',#815,#811,#867,.F.);
#704=EDGE_CURVE('',#817,#826,#27,.T.);
#705=EDGE_CURVE('',#809,#819,#868,.T.);
#706=EDGE_CURVE('',#810,#823,#869,.T.);
#707=EDGE_CURVE('',#820,#809,#870,.T.);
#708=EDGE_CURVE('',#812,#810,#871,.T.);
#709=EDGE_CURVE('',#825,#814,#28,.T.);
#710=EDGE_CURVE('',#785,#825,#872,.T.);
#711=EDGE_CURVE('',#826,#784,#873,.T.);
#712=EDGE_CURVE('',#817,#804,#874,.F.);
#713=EDGE_CURVE('',#820,#819,#875,.F.);
#714=EDGE_CURVE('',#812,#823,#876,.F.);
#715=EDGE_CURVE('',#799,#814,#877,.F.);
#716=EDGE_CURVE('',#818,#803,#878,.T.);
#717=EDGE_CURVE('',#821,#818,#29,.T.);
#718=EDGE_CURVE('',#813,#822,#30,.T.);
#719=EDGE_CURVE('',#800,#813,#879,.T.);
#720=EDGE_CURVE('',#821,#802,#880,.F.);
#721=EDGE_CURVE('',#801,#822,#881,.F.);
#722=EDGE_CURVE('',#828,#828,#882,.T.);
#723=EDGE_CURVE('',#829,#829,#883,.T.);
#724=EDGE_CURVE('',#805,#830,#153,.T.);
#725=EDGE_CURVE('',#791,#830,#154,.T.);
#726=EDGE_CURVE('',#794,#744,#155,.T.);
#727=EDGE_CURVE('',#793,#831,#156,.T.);
#728=EDGE_CURVE('',#745,#831,#157,.T.);
#729=EDGE_CURVE('',#831,#832,#158,.T.);
#730=EDGE_CURVE('',#792,#832,#159,.T.);
#731=EDGE_CURVE('',#832,#830,#160,.T.);
#732=EDGE_CURVE('',#806,#833,#161,.T.);
#733=EDGE_CURVE('',#798,#833,#162,.T.);
#734=EDGE_CURVE('',#834,#833,#163,.T.);
#735=EDGE_CURVE('',#797,#834,#164,.T.);
#736=EDGE_CURVE('',#835,#834,#165,.T.);
#737=EDGE_CURVE('',#796,#835,#166,.T.);
#738=EDGE_CURVE('',#748,#835,#167,.T.);
#739=EDGE_CURVE('',#795,#747,#168,.T.);
#740=VERTEX_POINT('',#1558);
#741=VERTEX_POINT('',#1559);
#742=VERTEX_POINT('',#1561);
#743=VERTEX_POINT('',#1563);
#744=VERTEX_POINT('',#1567);
#745=VERTEX_POINT('',#1569);
#746=VERTEX_POINT('',#1571);
#747=VERTEX_POINT('',#1575);
#748=VERTEX_POINT('',#1576);
#749=VERTEX_POINT('',#1578);
#750=VERTEX_POINT('',#1580);
#751=VERTEX_POINT('',#1582);
#752=VERTEX_POINT('',#1586);
#753=VERTEX_POINT('',#1588);
#754=VERTEX_POINT('',#1590);
#755=VERTEX_POINT('',#1592);
#756=VERTEX_POINT('',#1595);
#757=VERTEX_POINT('',#1597);
#758=VERTEX_POINT('',#1599);
#759=VERTEX_POINT('',#1601);
#760=VERTEX_POINT('',#1614);
#761=VERTEX_POINT('',#1617);
#762=VERTEX_POINT('',#1619);
#763=VERTEX_POINT('',#1621);
#764=VERTEX_POINT('',#1623);
#765=VERTEX_POINT('',#1627);
#766=VERTEX_POINT('',#1629);
#767=VERTEX_POINT('',#1631);
#768=VERTEX_POINT('',#1635);
#769=VERTEX_POINT('',#1637);
#770=VERTEX_POINT('',#1641);
#771=VERTEX_POINT('',#1643);
#772=VERTEX_POINT('',#1645);
#773=VERTEX_POINT('',#1647);
#774=VERTEX_POINT('',#1651);
#775=VERTEX_POINT('',#1653);
#776=VERTEX_POINT('',#1655);
#777=VERTEX_POINT('',#1657);
#778=VERTEX_POINT('',#1661);
#779=VERTEX_POINT('',#1663);
#780=VERTEX_POINT('',#1665);
#781=VERTEX_POINT('',#1667);
#782=VERTEX_POINT('',#1686);
#783=VERTEX_POINT('',#1690);
#784=VERTEX_POINT('',#1692);
#785=VERTEX_POINT('',#1694);
#786=VERTEX_POINT('',#1696);
#787=VERTEX_POINT('',#1700);
#788=VERTEX_POINT('',#1701);
#789=VERTEX_POINT('',#1703);
#790=VERTEX_POINT('',#1705);
#791=VERTEX_POINT('',#1707);
#792=VERTEX_POINT('',#1709);
#793=VERTEX_POINT('',#1711);
#794=VERTEX_POINT('',#1713);
#795=VERTEX_POINT('',#1716);
#796=VERTEX_POINT('',#1718);
#797=VERTEX_POINT('',#1720);
#798=VERTEX_POINT('',#1722);
#799=VERTEX_POINT('',#1735);
#800=VERTEX_POINT('',#1737);
#801=VERTEX_POINT('',#1746);
#802=VERTEX_POINT('',#1748);
#803=VERTEX_POINT('',#1758);
#804=VERTEX_POINT('',#1760);
#805=VERTEX_POINT('',#1772);
#806=VERTEX_POINT('',#1776);
#807=VERTEX_POINT('',#1785);
#808=VERTEX_POINT('',#1787);
#809=VERTEX_POINT('',#1788);
#810=VERTEX_POINT('',#1790);
#811=VERTEX_POINT('',#1792);
#812=VERTEX_POINT('',#1796);
#813=VERTEX_POINT('',#1797);
#814=VERTEX_POINT('',#1799);
#815=VERTEX_POINT('',#1801);
#816=VERTEX_POINT('',#1805);
#817=VERTEX_POINT('',#1806);
#818=VERTEX_POINT('',#1808);
#819=VERTEX_POINT('',#1810);
#820=VERTEX_POINT('',#1814);
#821=VERTEX_POINT('',#1815);
#822=VERTEX_POINT('',#1817);
#823=VERTEX_POINT('',#1819);
#824=VERTEX_POINT('',#1823);
#825=VERTEX_POINT('',#1824);
#826=VERTEX_POINT('',#1826);
#827=VERTEX_POINT('',#1828);
#828=VERTEX_POINT('',#2010);
#829=VERTEX_POINT('',#2013);
#830=VERTEX_POINT('',#2017);
#831=VERTEX_POINT('',#2023);
#832=VERTEX_POINT('',#2027);
#833=VERTEX_POINT('',#2034);
#834=VERTEX_POINT('',#2038);
#835=VERTEX_POINT('',#2042);
#836=CIRCLE('',#1124,0.0661);
#837=CIRCLE('',#1125,0.0661);
#838=CIRCLE('',#1127,0.0635);
#839=CIRCLE('',#1129,0.0661);
#840=CIRCLE('',#1130,0.0635);
#841=CIRCLE('',#1132,0.0635);
#842=CIRCLE('',#1133,0.0635);
#843=CIRCLE('',#1134,0.0635);
#844=CIRCLE('',#1135,0.0635);
#845=CIRCLE('',#1136,0.0635);
#846=CIRCLE('',#1137,0.0635);
#847=CIRCLE('',#1138,0.0635);
#848=CIRCLE('',#1139,0.0635);
#849=CIRCLE('',#1150,0.0661);
#850=CIRCLE('',#1151,0.0661);
#851=CIRCLE('',#1153,0.0661);
#852=CIRCLE('',#1154,0.0661);
#853=CIRCLE('',#1156,0.0661);
#854=CIRCLE('',#1158,0.0675);
#855=CIRCLE('',#1159,0.0675);
#856=CIRCLE('',#1160,0.0675);
#857=CIRCLE('',#1162,0.0675);
#858=CIRCLE('',#1164,0.0675);
#859=CIRCLE('',#1173,0.00285);
#860=CIRCLE('',#1177,0.0695);
#861=CIRCLE('',#1179,0.0695);
#862=CIRCLE('',#1181,0.002);
#863=CIRCLE('',#1182,0.002);
#864=CIRCLE('',#1184,0.002);
#865=CIRCLE('',#1185,0.002);
#866=CIRCLE('',#1187,0.002);
#867=CIRCLE('',#1188,0.002);
#868=CIRCLE('',#1191,0.002);
#869=CIRCLE('',#1193,0.002);
#870=CIRCLE('',#1194,0.002);
#871=CIRCLE('',#1196,0.002);
#872=CIRCLE('',#1199,0.002);
#873=CIRCLE('',#1200,0.002);
#874=CIRCLE('',#1201,0.002);
#875=CIRCLE('',#1203,0.002);
#876=CIRCLE('',#1205,0.002);
#877=CIRCLE('',#1206,0.002);
#878=CIRCLE('',#1208,0.002);
#879=CIRCLE('',#1212,0.002);
#880=CIRCLE('',#1213,0.002);
#881=CIRCLE('',#1214,0.002);
#882=CIRCLE('',#1217,0.00125);
#883=CIRCLE('',#1219,0.00285);
#884=EDGE_LOOP('',(#269,#270,#271,#272));
#885=EDGE_LOOP('',(#273,#274,#275,#276,#277));
#886=EDGE_LOOP('',(#278,#279,#280,#281,#282));
#887=EDGE_LOOP('',(#283,#284,#285,#286,#287,#288,#289,#290,#291,#292,#293,
#294));
#888=EDGE_LOOP('',(#295));
#889=EDGE_LOOP('',(#296,#297,#298,#299,#300));
#890=EDGE_LOOP('',(#301,#302,#303,#304,#305));
#891=EDGE_LOOP('',(#306,#307,#308,#309,#310));
#892=EDGE_LOOP('',(#311,#312,#313,#314,#315));
#893=EDGE_LOOP('',(#316,#317,#318,#319,#320));
#894=EDGE_LOOP('',(#321,#322,#323,#324,#325));
#895=EDGE_LOOP('',(#326,#327,#328,#329));
#896=EDGE_LOOP('',(#330,#331,#332,#333));
#897=EDGE_LOOP('',(#334,#335,#336,#337));
#898=EDGE_LOOP('',(#338,#339,#340,#341));
#899=EDGE_LOOP('',(#342,#343,#344,#345));
#900=EDGE_LOOP('',(#346,#347,#348,#349));
#901=EDGE_LOOP('',(#350,#351,#352,#353,#354,#355));
#902=EDGE_LOOP('',(#356,#357,#358,#359,#360,#361,#362,#363,#364,#365,#366,
#367,#368,#369,#370,#371,#372,#373,#374,#375,#376,#377,#378,#379,#380,#381));
#903=EDGE_LOOP('',(#382,#383,#384,#385,#386,#387,#388,#389,#390,#391,#392,
#393));
#904=EDGE_LOOP('',(#394,#395,#396,#397,#398,#399));
#905=EDGE_LOOP('',(#400,#401,#402,#403,#404,#405));
#906=EDGE_LOOP('',(#406,#407,#408,#409));
#907=EDGE_LOOP('',(#410,#411,#412,#413));
#908=EDGE_LOOP('',(#414,#415,#416,#417));
#909=EDGE_LOOP('',(#418,#419,#420,#421));
#910=EDGE_LOOP('',(#422,#423,#424,#425));
#911=EDGE_LOOP('',(#426));
#912=EDGE_LOOP('',(#427,#428,#429,#430));
#913=EDGE_LOOP('',(#431,#432,#433,#434));
#914=EDGE_LOOP('',(#435,#436,#437,#438));
#915=EDGE_LOOP('',(#439,#440,#441,#442));
#916=EDGE_LOOP('',(#443,#444,#445,#446));
#917=EDGE_LOOP('',(#447,#448,#449,#450));
#918=EDGE_LOOP('',(#451,#452,#453));
#919=EDGE_LOOP('',(#454,#455,#456));
#920=EDGE_LOOP('',(#457,#458,#459,#460));
#921=EDGE_LOOP('',(#461,#462,#463,#464));
#922=EDGE_LOOP('',(#465,#466,#467,#468));
#923=EDGE_LOOP('',(#469,#470,#471,#472));
#924=EDGE_LOOP('',(#473,#474,#475,#476));
#925=EDGE_LOOP('',(#477,#478,#479,#480));
#926=EDGE_LOOP('',(#481,#482,#483,#484));
#927=EDGE_LOOP('',(#485,#486,#487));
#928=EDGE_LOOP('',(#488,#489,#490));
#929=EDGE_LOOP('',(#491,#492,#493,#494));
#930=EDGE_LOOP('',(#495,#496,#497,#498));
#931=EDGE_LOOP('',(#499,#500,#501,#502));
#932=EDGE_LOOP('',(#503,#504,#505,#506));
#933=EDGE_LOOP('',(#507,#508,#509,#510));
#934=EDGE_LOOP('',(#511,#512,#513,#514));
#935=EDGE_LOOP('',(#515,#516,#517,#518));
#936=EDGE_LOOP('',(#519,#520,#521,#522));
#937=EDGE_LOOP('',(#523));
#938=EDGE_LOOP('',(#524));
#939=EDGE_LOOP('',(#525));
#940=EDGE_LOOP('',(#526));
#941=EDGE_LOOP('',(#527));
#942=EDGE_LOOP('',(#528));
#943=EDGE_LOOP('',(#529,#530,#531,#532));
#944=EDGE_LOOP('',(#533,#534,#535,#536));
#945=EDGE_LOOP('',(#537,#538,#539,#540,#541));
#946=EDGE_LOOP('',(#542,#543,#544,#545));
#947=EDGE_LOOP('',(#546,#547,#548,#549));
#948=EDGE_LOOP('',(#550,#551,#552,#553,#554,#555));
#949=EDGE_LOOP('',(#556,#557,#558,#559));
#950=EDGE_LOOP('',(#560,#561,#562,#563));
#951=EDGE_LOOP('',(#564,#565,#566,#567));
#952=EDGE_LOOP('',(#568,#569,#570,#571,#572));
#953=EDGE_LOOP('',(#573,#574,#575,#576));
#954=EDGE_LOOP('',(#577,#578,#579,#580,#581,#582));
#955=FACE_BOUND('',#884,.T.);
#956=FACE_BOUND('',#885,.T.);
#957=FACE_BOUND('',#886,.T.);
#958=FACE_BOUND('',#887,.T.);
#959=FACE_BOUND('',#888,.T.);
#960=FACE_BOUND('',#889,.T.);
#961=FACE_BOUND('',#890,.T.);
#962=FACE_BOUND('',#891,.T.);
#963=FACE_BOUND('',#892,.T.);
#964=FACE_BOUND('',#893,.T.);
#965=FACE_BOUND('',#894,.T.);
#966=FACE_BOUND('',#895,.T.);
#967=FACE_BOUND('',#896,.T.);
#968=FACE_BOUND('',#897,.T.);
#969=FACE_BOUND('',#898,.T.);
#970=FACE_BOUND('',#899,.T.);
#971=FACE_BOUND('',#900,.T.);
#972=FACE_BOUND('',#901,.T.);
#973=FACE_BOUND('',#902,.T.);
#974=FACE_BOUND('',#903,.T.);
#975=FACE_BOUND('',#904,.T.);
#976=FACE_BOUND('',#905,.T.);
#977=FACE_BOUND('',#906,.T.);
#978=FACE_BOUND('',#907,.T.);
#979=FACE_BOUND('',#908,.T.);
#980=FACE_BOUND('',#909,.T.);
#981=FACE_BOUND('',#910,.T.);
#982=FACE_BOUND('',#911,.T.);
#983=FACE_BOUND('',#912,.T.);
#984=FACE_BOUND('',#913,.T.);
#985=FACE_BOUND('',#914,.T.);
#986=FACE_BOUND('',#915,.T.);
#987=FACE_BOUND('',#916,.T.);
#988=FACE_BOUND('',#917,.T.);
#989=FACE_BOUND('',#918,.T.);
#990=FACE_BOUND('',#919,.T.);
#991=FACE_BOUND('',#920,.T.);
#992=FACE_BOUND('',#921,.T.);
#993=FACE_BOUND('',#922,.T.);
#994=FACE_BOUND('',#923,.T.);
#995=FACE_BOUND('',#924,.T.);
#996=FACE_BOUND('',#925,.T.);
#997=FACE_BOUND('',#926,.T.);
#998=FACE_BOUND('',#927,.T.);
#999=FACE_BOUND('',#928,.T.);
#1000=FACE_BOUND('',#929,.T.);
#1001=FACE_BOUND('',#930,.T.);
#1002=FACE_BOUND('',#931,.T.);
#1003=FACE_BOUND('',#932,.T.);
#1004=FACE_BOUND('',#933,.T.);
#1005=FACE_BOUND('',#934,.T.);
#1006=FACE_BOUND('',#935,.T.);
#1007=FACE_BOUND('',#936,.T.);
#1008=FACE_BOUND('',#937,.T.);
#1009=FACE_BOUND('',#938,.T.);
#1010=FACE_BOUND('',#939,.T.);
#1011=FACE_BOUND('',#940,.T.);
#1012=FACE_BOUND('',#941,.T.);
#1013=FACE_BOUND('',#942,.T.);
#1014=FACE_BOUND('',#943,.T.);
#1015=FACE_BOUND('',#944,.T.);
#1016=FACE_BOUND('',#945,.T.);
#1017=FACE_BOUND('',#946,.T.);
#1018=FACE_BOUND('',#947,.T.);
#1019=FACE_BOUND('',#948,.T.);
#1020=FACE_BOUND('',#949,.T.);
#1021=FACE_BOUND('',#950,.T.);
#1022=FACE_BOUND('',#951,.T.);
#1023=FACE_BOUND('',#952,.T.);
#1024=FACE_BOUND('',#953,.T.);
#1025=FACE_BOUND('',#954,.T.);
#1026=CYLINDRICAL_SURFACE('',#1123,0.0661);
#1027=CYLINDRICAL_SURFACE('',#1131,0.0635);
#1028=CYLINDRICAL_SURFACE('',#1149,0.0661);
#1029=CYLINDRICAL_SURFACE('',#1152,0.0661);
#1030=CYLINDRICAL_SURFACE('',#1155,0.0661);
#1031=CYLINDRICAL_SURFACE('',#1163,0.0675);
#1032=CYLINDRICAL_SURFACE('',#1180,0.002);
#1033=CYLINDRICAL_SURFACE('',#1189,0.002);
#1034=CYLINDRICAL_SURFACE('',#1190,0.002);
#1035=CYLINDRICAL_SURFACE('',#1192,0.002);
#1036=CYLINDRICAL_SURFACE('',#1195,0.002);
#1037=CYLINDRICAL_SURFACE('',#1197,0.002);
#1038=CYLINDRICAL_SURFACE('',#1207,0.002);
#1039=CYLINDRICAL_SURFACE('',#1209,0.002);
#1040=CYLINDRICAL_SURFACE('',#1210,0.002);
#1041=CYLINDRICAL_SURFACE('',#1211,0.002);
#1042=CYLINDRICAL_SURFACE('',#1216,0.00125);
#1043=CYLINDRICAL_SURFACE('',#1218,0.00285);
#1044=ADVANCED_FACE('',(#955),#1026,.F.);
#1045=ADVANCED_FACE('',(#956),#31,.F.);
#1046=ADVANCED_FACE('',(#957),#32,.F.);
#1047=ADVANCED_FACE('',(#958,#959),#1027,.F.);
#1048=ADVANCED_FACE('',(#960),#33,.T.);
#1049=ADVANCED_FACE('',(#961),#34,.F.);
#1050=ADVANCED_FACE('',(#962),#35,.T.);
#1051=ADVANCED_FACE('',(#963),#36,.F.);
#1052=ADVANCED_FACE('',(#964),#37,.T.);
#1053=ADVANCED_FACE('',(#965),#38,.F.);
#1054=ADVANCED_FACE('',(#966),#39,.T.);
#1055=ADVANCED_FACE('',(#967),#40,.T.);
#1056=ADVANCED_FACE('',(#968),#41,.T.);
#1057=ADVANCED_FACE('',(#969),#1028,.F.);
#1058=ADVANCED_FACE('',(#970),#1029,.F.);
#1059=ADVANCED_FACE('',(#971),#1030,.F.);
#1060=ADVANCED_FACE('',(#972),#42,.T.);
#1061=ADVANCED_FACE('',(#973),#43,.T.);
#1062=ADVANCED_FACE('',(#974),#1031,.T.);
#1063=ADVANCED_FACE('',(#975),#44,.T.);
#1064=ADVANCED_FACE('',(#976),#45,.F.);
#1065=ADVANCED_FACE('',(#977),#46,.F.);
#1066=ADVANCED_FACE('',(#978),#47,.F.);
#1067=ADVANCED_FACE('',(#979),#48,.T.);
#1068=ADVANCED_FACE('',(#980),#49,.T.);
#1069=ADVANCED_FACE('',(#981),#50,.T.);
#1070=ADVANCED_FACE('',(#982,#983),#51,.T.);
#1071=ADVANCED_FACE('',(#984),#52,.T.);
#1072=ADVANCED_FACE('',(#985),#53,.F.);
#1073=ADVANCED_FACE('',(#986),#54,.F.);
#1074=ADVANCED_FACE('',(#987),#55,.T.);
#1075=ADVANCED_FACE('',(#988),#1032,.T.);
#1076=ADVANCED_FACE('',(#989),#18,.T.);
#1077=ADVANCED_FACE('',(#990),#19,.T.);
#1078=ADVANCED_FACE('',(#991),#1033,.T.);
#1079=ADVANCED_FACE('',(#992),#1034,.T.);
#1080=ADVANCED_FACE('',(#993),#1035,.T.);
#1081=ADVANCED_FACE('',(#994),#1036,.T.);
#1082=ADVANCED_FACE('',(#995),#1037,.T.);
#1083=ADVANCED_FACE('',(#996),#16,.F.);
#1084=ADVANCED_FACE('',(#997),#12,.F.);
#1085=ADVANCED_FACE('',(#998),#20,.T.);
#1086=ADVANCED_FACE('',(#999),#21,.T.);
#1087=ADVANCED_FACE('',(#1000),#13,.F.);
#1088=ADVANCED_FACE('',(#1001),#1038,.F.);
#1089=ADVANCED_FACE('',(#1002),#1039,.T.);
#1090=ADVANCED_FACE('',(#1003),#1040,.T.);
#1091=ADVANCED_FACE('',(#1004),#1041,.F.);
#1092=ADVANCED_FACE('',(#1005),#14,.F.);
#1093=ADVANCED_FACE('',(#1006),#15,.F.);
#1094=ADVANCED_FACE('',(#1007),#17,.F.);
#1095=ADVANCED_FACE('',(#1008,#1009),#1042,.F.);
#1096=ADVANCED_FACE('',(#1010,#1011),#1043,.F.);
#1097=ADVANCED_FACE('',(#1012,#1013),#56,.T.);
#1098=ADVANCED_FACE('',(#1014),#57,.F.);
#1099=ADVANCED_FACE('',(#1015),#58,.F.);
#1100=ADVANCED_FACE('',(#1016),#59,.T.);
#1101=ADVANCED_FACE('',(#1017),#60,.T.);
#1102=ADVANCED_FACE('',(#1018),#61,.T.);
#1103=ADVANCED_FACE('',(#1019),#62,.T.);
#1104=ADVANCED_FACE('',(#1020),#63,.T.);
#1105=ADVANCED_FACE('',(#1021),#64,.F.);
#1106=ADVANCED_FACE('',(#1022),#65,.F.);
#1107=ADVANCED_FACE('',(#1023),#66,.F.);
#1108=ADVANCED_FACE('',(#1024),#67,.T.);
#1109=ADVANCED_FACE('',(#1025),#68,.T.);
#1110=CLOSED_SHELL('',(#1044,#1045,#1046,#1047,#1048,#1049,#1050,#1051,
#1052,#1053,#1054,#1055,#1056,#1057,#1058,#1059,#1060,#1061,#1062,#1063,
#1064,#1065,#1066,#1067,#1068,#1069,#1070,#1071,#1072,#1073,#1074,#1075,
#1076,#1077,#1078,#1079,#1080,#1081,#1082,#1083,#1084,#1085,#1086,#1087,
#1088,#1089,#1090,#1091,#1092,#1093,#1094,#1095,#1096,#1097,#1098,#1099,
#1100,#1101,#1102,#1103,#1104,#1105,#1106,#1107,#1108,#1109));
#1111=STYLED_ITEM('',(#1112),#1119);
#1112=PRESENTATION_STYLE_ASSIGNMENT((#1113));
#1113=SURFACE_STYLE_USAGE(.BOTH.,#1114);
#1114=SURFACE_SIDE_STYLE('',(#1115));
#1115=SURFACE_STYLE_FILL_AREA(#1116);
#1116=FILL_AREA_STYLE('',(#1117));
#1117=FILL_AREA_STYLE_COLOUR('',#1118);
#1118=COLOUR_RGB('',0.615686274509804,0.811764705882353,0.929411764705882);
#1119=MANIFOLD_SOLID_BREP('Hull Shell1',#1110);
#1120=SHAPE_DEFINITION_REPRESENTATION(#2055,#1121);
#1121=SHAPE_REPRESENTATION('Hull Shell1',(#1122),#2050);
#1122=AXIS2_PLACEMENT_3D('',#1555,#1233,#1234);
#1123=AXIS2_PLACEMENT_3D('',#1556,#1235,#1236);
#1124=AXIS2_PLACEMENT_3D('',#1557,#1237,#1238);
#1125=AXIS2_PLACEMENT_3D('',#1562,#1240,#1241);
#1126=AXIS2_PLACEMENT_3D('',#1565,#1243,#1244);
#1127=AXIS2_PLACEMENT_3D('',#1570,#1247,#1248);
#1128=AXIS2_PLACEMENT_3D('',#1573,#1250,#1251);
#1129=AXIS2_PLACEMENT_3D('',#1579,#1254,#1255);
#1130=AXIS2_PLACEMENT_3D('',#1583,#1257,#1258);
#1131=AXIS2_PLACEMENT_3D('',#1584,#1259,#1260);
#1132=AXIS2_PLACEMENT_3D('',#1585,#1261,#1262);
#1133=AXIS2_PLACEMENT_3D('',#1587,#1263,#1264);
#1134=AXIS2_PLACEMENT_3D('',#1589,#1265,#1266);
#1135=AXIS2_PLACEMENT_3D('',#1591,#1267,#1268);
#1136=AXIS2_PLACEMENT_3D('',#1593,#1269,#1270);
#1137=AXIS2_PLACEMENT_3D('',#1594,#1271,#1272);
#1138=AXIS2_PLACEMENT_3D('',#1598,#1274,#1275);
#1139=AXIS2_PLACEMENT_3D('',#1602,#1277,#1278);
#1140=AXIS2_PLACEMENT_3D('',#1615,#1279,#1280);
#1141=AXIS2_PLACEMENT_3D('',#1625,#1286,#1287);
#1142=AXIS2_PLACEMENT_3D('',#1633,#1292,#1293);
#1143=AXIS2_PLACEMENT_3D('',#1639,#1297,#1298);
#1144=AXIS2_PLACEMENT_3D('',#1649,#1304,#1305);
#1145=AXIS2_PLACEMENT_3D('',#1659,#1311,#1312);
#1146=AXIS2_PLACEMENT_3D('',#1669,#1318,#1319);
#1147=AXIS2_PLACEMENT_3D('',#1672,#1322,#1323);
#1148=AXIS2_PLACEMENT_3D('',#1675,#1326,#1327);
#1149=AXIS2_PLACEMENT_3D('',#1678,#1330,#1331);
#1150=AXIS2_PLACEMENT_3D('',#1679,#1332,#1333);
#1151=AXIS2_PLACEMENT_3D('',#1680,#1334,#1335);
#1152=AXIS2_PLACEMENT_3D('',#1681,#1336,#1337);
#1153=AXIS2_PLACEMENT_3D('',#1682,#1338,#1339);
#1154=AXIS2_PLACEMENT_3D('',#1683,#1340,#1341);
#1155=AXIS2_PLACEMENT_3D('',#1684,#1342,#1343);
#1156=AXIS2_PLACEMENT_3D('',#1687,#1345,#1346);
#1157=AXIS2_PLACEMENT_3D('',#1688,#1347,#1348);
#1158=AXIS2_PLACEMENT_3D('',#1691,#1350,#1351);
#1159=AXIS2_PLACEMENT_3D('',#1693,#1352,#1353);
#1160=AXIS2_PLACEMENT_3D('',#1695,#1354,#1355);
#1161=AXIS2_PLACEMENT_3D('',#1698,#1357,#1358);
#1162=AXIS2_PLACEMENT_3D('',#1702,#1360,#1361);
#1163=AXIS2_PLACEMENT_3D('',#1724,#1373,#1374);
#1164=AXIS2_PLACEMENT_3D('',#1747,#1377,#1378);
#1165=AXIS2_PLACEMENT_3D('',#1770,#1381,#1382);
#1166=AXIS2_PLACEMENT_3D('',#1774,#1385,#1386);
#1167=AXIS2_PLACEMENT_3D('',#1778,#1389,#1390);
#1168=AXIS2_PLACEMENT_3D('',#1779,#1391,#1392);
#1169=AXIS2_PLACEMENT_3D('',#1780,#1393,#1394);
#1170=AXIS2_PLACEMENT_3D('',#1781,#1395,#1396);
#1171=AXIS2_PLACEMENT_3D('',#1782,#1397,#1398);
#1172=AXIS2_PLACEMENT_3D('',#1783,#1399,#1400);
#1173=AXIS2_PLACEMENT_3D('',#1784,#1401,#1402);
#1174=AXIS2_PLACEMENT_3D('',#1794,#1407,#1408);
#1175=AXIS2_PLACEMENT_3D('',#1803,#1413,#1414);
#1176=AXIS2_PLACEMENT_3D('',#1812,#1419,#1420);
#1177=AXIS2_PLACEMENT_3D('',#1816,#1422,#1423);
#1178=AXIS2_PLACEMENT_3D('',#1821,#1426,#1427);
#1179=AXIS2_PLACEMENT_3D('',#1825,#1429,#1430);
#1180=AXIS2_PLACEMENT_3D('',#1830,#1433,#1434);
#1181=AXIS2_PLACEMENT_3D('',#1831,#1435,#1436);
#1182=AXIS2_PLACEMENT_3D('',#1832,#1437,#1438);
#1183=AXIS2_PLACEMENT_3D('',#1833,#1439,#1440);
#1184=AXIS2_PLACEMENT_3D('',#1834,#1441,#1442);
#1185=AXIS2_PLACEMENT_3D('',#1835,#1443,#1444);
#1186=AXIS2_PLACEMENT_3D('',#1836,#1445,#1446);
#1187=AXIS2_PLACEMENT_3D('',#1837,#1447,#1448);
#1188=AXIS2_PLACEMENT_3D('',#1838,#1449,#1450);
#1189=AXIS2_PLACEMENT_3D('',#1839,#1451,#1452);
#1190=AXIS2_PLACEMENT_3D('',#1850,#1453,#1454);
#1191=AXIS2_PLACEMENT_3D('',#1851,#1455,#1456);
#1192=AXIS2_PLACEMENT_3D('',#1852,#1457,#1458);
#1193=AXIS2_PLACEMENT_3D('',#1853,#1459,#1460);
#1194=AXIS2_PLACEMENT_3D('',#1854,#1461,#1462);
#1195=AXIS2_PLACEMENT_3D('',#1855,#1463,#1464);
#1196=AXIS2_PLACEMENT_3D('',#1856,#1465,#1466);
#1197=AXIS2_PLACEMENT_3D('',#1857,#1467,#1468);
#1198=AXIS2_PLACEMENT_3D('',#1868,#1469,#1470);
#1199=AXIS2_PLACEMENT_3D('',#1869,#1471,#1472);
#1200=AXIS2_PLACEMENT_3D('',#1870,#1473,#1474);
#1201=AXIS2_PLACEMENT_3D('',#1895,#1475,#1476);
#1202=AXIS2_PLACEMENT_3D('',#1896,#1477,#1478);
#1203=AXIS2_PLACEMENT_3D('',#1897,#1479,#1480);
#1204=AXIS2_PLACEMENT_3D('',#1898,#1481,#1482);
#1205=AXIS2_PLACEMENT_3D('',#1899,#1483,#1484);
#1206=AXIS2_PLACEMENT_3D('',#1927,#1485,#1486);
#1207=AXIS2_PLACEMENT_3D('',#1928,#1487,#1488);
#1208=AXIS2_PLACEMENT_3D('',#1929,#1489,#1490);
#1209=AXIS2_PLACEMENT_3D('',#1930,#1491,#1492);
#1210=AXIS2_PLACEMENT_3D('',#1941,#1493,#1494);
#1211=AXIS2_PLACEMENT_3D('',#1952,#1495,#1496);
#1212=AXIS2_PLACEMENT_3D('',#1953,#1497,#1498);
#1213=AXIS2_PLACEMENT_3D('',#1981,#1499,#1500);
#1214=AXIS2_PLACEMENT_3D('',#2006,#1501,#1502);
#1215=AXIS2_PLACEMENT_3D('',#2007,#1503,#1504);
#1216=AXIS2_PLACEMENT_3D('',#2008,#1505,#1506);
#1217=AXIS2_PLACEMENT_3D('',#2009,#1507,#1508);
#1218=AXIS2_PLACEMENT_3D('',#2011,#1509,#1510);
#1219=AXIS2_PLACEMENT_3D('',#2012,#1511,#1512);
#1220=AXIS2_PLACEMENT_3D('',#2014,#1513,#1514);
#1221=AXIS2_PLACEMENT_3D('',#2015,#1515,#1516);
#1222=AXIS2_PLACEMENT_3D('',#2019,#1519,#1520);
#1223=AXIS2_PLACEMENT_3D('',#2021,#1522,#1523);
#1224=AXIS2_PLACEMENT_3D('',#2025,#1526,#1527);
#1225=AXIS2_PLACEMENT_3D('',#2029,#1530,#1531);
#1226=AXIS2_PLACEMENT_3D('',#2031,#1533,#1534);
#1227=AXIS2_PLACEMENT_3D('',#2032,#1535,#1536);
#1228=AXIS2_PLACEMENT_3D('',#2036,#1539,#1540);
#1229=AXIS2_PLACEMENT_3D('',#2040,#1543,#1544);
#1230=AXIS2_PLACEMENT_3D('',#2044,#1547,#1548);
#1231=AXIS2_PLACEMENT_3D('',#2047,#1551,#1552);
#1232=AXIS2_PLACEMENT_3D('',#2048,#1553,#1554);
#1233=DIRECTION('',(0.,0.,1.));
#1234=DIRECTION('',(1.,0.,0.));
#1235=DIRECTION('',(0.,-1.,0.));
#1236=DIRECTION('',(0.,0.,-1.));
#1237=DIRECTION('',(0.,-1.,0.));
#1238=DIRECTION('',(0.,0.,-1.));
#1239=DIRECTION('',(0.,-1.,0.));
#1240=DIRECTION('',(0.,-1.,0.));
#1241=DIRECTION('',(0.,0.,-1.));
#1242=DIRECTION('',(0.,-1.,0.));
#1243=DIRECTION('',(0.,-1.,0.));
#1244=DIRECTION('',(1.,0.,0.));
#1245=DIRECTION('',(0.587836794467625,0.,0.808979544284049));
#1246=DIRECTION('',(-0.202599719211846,0.,-0.979261637038479));
#1247=DIRECTION('',(0.,-1.,0.));
#1248=DIRECTION('',(0.,0.,-1.));
#1249=DIRECTION('',(-0.866025403784439,0.,-0.5));
#1250=DIRECTION('',(0.,-1.,0.));
#1251=DIRECTION('',(1.,0.,0.));
#1252=DIRECTION('',(0.202599719211846,0.,-0.979261637038479));
#1253=DIRECTION('',(-0.587836794467625,0.,0.808979544284049));
#1254=DIRECTION('',(0.,-1.,0.));
#1255=DIRECTION('',(0.,0.,-1.));
#1256=DIRECTION('',(0.866025403784439,0.,-0.5));
#1257=DIRECTION('',(0.,-1.,0.));
#1258=DIRECTION('',(0.,0.,-1.));
#1259=DIRECTION('',(0.,-1.,0.));
#1260=DIRECTION('',(0.,0.,-1.));
#1261=DIRECTION('',(0.,-1.,0.));
#1262=DIRECTION('',(0.,0.,-1.));
#1263=DIRECTION('',(0.,-1.,0.));
#1264=DIRECTION('',(0.,0.,-1.));
#1265=DIRECTION('',(0.,-1.,0.));
#1266=DIRECTION('',(0.,0.,-1.));
#1267=DIRECTION('',(0.,-1.,0.));
#1268=DIRECTION('',(0.,0.,-1.));
#1269=DIRECTION('',(0.,-1.,0.));
#1270=DIRECTION('',(0.,0.,-1.));
#1271=DIRECTION('',(0.,-1.,0.));
#1272=DIRECTION('',(0.,0.,-1.));
#1273=DIRECTION('',(0.,-1.,0.));
#1274=DIRECTION('',(0.,-1.,0.));
#1275=DIRECTION('',(0.,0.,-1.));
#1276=DIRECTION('',(0.,-1.,0.));
#1277=DIRECTION('',(0.,-1.,0.));
#1278=DIRECTION('',(0.,0.,-1.));
#1279=DIRECTION('',(0.5,0.,0.866025403784439));
#1280=DIRECTION('',(0.,1.,0.));
#1281=DIRECTION('',(0.866025403784439,0.,-0.5));
#1282=DIRECTION('',(0.866025403784439,0.,-0.5));
#1283=DIRECTION('',(1.50231459873716E-16,-1.,-8.67361737988403E-17));
#1284=DIRECTION('',(0.866025403784439,0.,-0.5));
#1285=DIRECTION('',(0.,-1.,0.));
#1286=DIRECTION('',(0.5,0.,0.866025403784439));
#1287=DIRECTION('',(0.,1.,0.));
#1288=DIRECTION('',(0.866025403784439,0.,-0.5));
#1289=DIRECTION('',(0.,-1.,0.));
#1290=DIRECTION('',(0.866025403784439,0.,-0.5));
#1291=DIRECTION('',(1.50231459873716E-16,-1.,-8.67361737988403E-17));
#1292=DIRECTION('',(0.5,0.,-0.866025403784439));
#1293=DIRECTION('',(0.,1.,0.));
#1294=DIRECTION('',(-0.866025403784439,0.,-0.5));
#1295=DIRECTION('',(-1.50231459873716E-16,-1.,-8.67361737988404E-17));
#1296=DIRECTION('',(-0.866025403784439,0.,-0.5));
#1297=DIRECTION('',(0.5,0.,-0.866025403784439));
#1298=DIRECTION('',(0.,1.,0.));
#1299=DIRECTION('',(-0.866025403784439,0.,-0.5));
#1300=DIRECTION('',(-0.866025403784439,0.,-0.5));
#1301=DIRECTION('',(0.,-1.,0.));
#1302=DIRECTION('',(-0.866025403784439,0.,-0.5));
#1303=DIRECTION('',(-1.50231459873716E-16,-1.,-8.67361737988404E-17));
#1304=DIRECTION('',(1.,0.,0.));
#1305=DIRECTION('',(0.,1.,0.));
#1306=DIRECTION('',(0.,0.,-1.));
#1307=DIRECTION('',(0.,0.,-1.));
#1308=DIRECTION('',(0.,-1.,-1.7347234759768E-16));
#1309=DIRECTION('',(0.,0.,-1.));
#1310=DIRECTION('',(0.,-1.,0.));
#1311=DIRECTION('',(1.,0.,0.));
#1312=DIRECTION('',(0.,1.,0.));
#1313=DIRECTION('',(0.,0.,-1.));
#1314=DIRECTION('',(0.,0.,-1.));
#1315=DIRECTION('',(0.,-1.,0.));
#1316=DIRECTION('',(0.,0.,-1.));
#1317=DIRECTION('',(0.,-1.,-1.7347234759768E-16));
#1318=DIRECTION('',(0.866025403784439,1.7347234759768E-16,-0.5));
#1319=DIRECTION('',(-1.50231459873716E-16,1.,8.67361737988402E-17));
#1320=DIRECTION('',(-0.5,0.,-0.866025403784439));
#1321=DIRECTION('',(-0.5,0.,-0.866025403784439));
#1322=DIRECTION('',(-0.866025403784439,1.7347234759768E-16,-0.5));
#1323=DIRECTION('',(1.50231459873716E-16,1.,8.67361737988404E-17));
#1324=DIRECTION('',(-0.5,0.,0.866025403784439));
#1325=DIRECTION('',(-0.5,0.,0.866025403784439));
#1326=DIRECTION('',(0.,1.7347234759768E-16,-1.));
#1327=DIRECTION('',(0.,1.,1.7347234759768E-16));
#1328=DIRECTION('',(-1.,0.,0.));
#1329=DIRECTION('',(-1.,0.,0.));
#1330=DIRECTION('',(0.,-1.,0.));
#1331=DIRECTION('',(0.,0.,-1.));
#1332=DIRECTION('',(0.,-1.,0.));
#1333=DIRECTION('',(0.,0.,-1.));
#1334=DIRECTION('',(0.,-1.,0.));
#1335=DIRECTION('',(0.,0.,-1.));
#1336=DIRECTION('',(0.,-1.,0.));
#1337=DIRECTION('',(0.,0.,-1.));
#1338=DIRECTION('',(0.,-1.,0.));
#1339=DIRECTION('',(0.,0.,-1.));
#1340=DIRECTION('',(0.,-1.,0.));
#1341=DIRECTION('',(0.,0.,-1.));
#1342=DIRECTION('',(0.,-1.,0.));
#1343=DIRECTION('',(0.,0.,-1.));
#1344=DIRECTION('',(0.,-1.,0.));
#1345=DIRECTION('',(0.,-1.,0.));
#1346=DIRECTION('',(0.,0.,-1.));
#1347=DIRECTION('',(0.,-1.,0.));
#1348=DIRECTION('',(0.,0.,-1.));
#1349=DIRECTION('',(1.,0.,3.06161699786839E-16));
#1350=DIRECTION('',(0.,-1.,0.));
#1351=DIRECTION('',(0.,0.,-1.));
#1352=DIRECTION('',(0.,-1.,0.));
#1353=DIRECTION('',(0.,0.,-1.));
#1354=DIRECTION('',(0.,-1.,0.));
#1355=DIRECTION('',(0.,0.,-1.));
#1356=DIRECTION('',(-1.,0.,-1.83697019872103E-16));
#1357=DIRECTION('',(0.,1.,0.));
#1358=DIRECTION('',(0.,0.,1.));
#1359=DIRECTION('',(1.,0.,1.83697019872103E-16));
#1360=DIRECTION('',(0.,-1.,0.));
#1361=DIRECTION('',(0.,0.,-1.));
#1362=DIRECTION('',(-1.,0.,-3.06161699786839E-16));
#1363=DIRECTION('',(-0.0871557427476577,0.,-0.996194698091746));
#1364=DIRECTION('',(1.,0.,0.));
#1365=DIRECTION('',(0.,0.,-1.));
#1366=DIRECTION('',(-0.202599719211846,0.,-0.979261637038479));
#1367=DIRECTION('',(0.587836794467625,0.,0.808979544284049));
#1368=DIRECTION('',(-0.587836794467625,0.,0.808979544284049));
#1369=DIRECTION('',(0.202599719211846,0.,-0.979261637038479));
#1370=DIRECTION('',(0.,0.,-1.));
#1371=DIRECTION('',(-1.,0.,0.));
#1372=DIRECTION('',(0.0871557427476577,0.,-0.996194698091746));
#1373=DIRECTION('',(0.,-1.,0.));
#1374=DIRECTION('',(0.,0.,-1.));
#1375=DIRECTION('',(0.,1.,0.));
#1376=DIRECTION('',(0.,-1.,0.));
#1377=DIRECTION('',(0.,-1.,0.));
#1378=DIRECTION('',(0.,0.,-1.));
#1379=DIRECTION('',(0.,-1.,0.));
#1380=DIRECTION('',(0.,1.,0.));
#1381=DIRECTION('',(3.06161699786839E-16,0.,-1.));
#1382=DIRECTION('',(0.,1.,0.));
#1383=DIRECTION('',(-1.,0.,0.));
#1384=DIRECTION('',(0.,-1.,0.));
#1385=DIRECTION('',(-1.83697019872103E-16,0.,1.));
#1386=DIRECTION('',(0.,1.,0.));
#1387=DIRECTION('',(0.,-1.,0.));
#1388=DIRECTION('',(1.,0.,0.));
#1389=DIRECTION('',(0.,-1.,0.));
#1390=DIRECTION('',(1.,0.,0.));
#1391=DIRECTION('',(0.,-1.,0.));
#1392=DIRECTION('',(1.,0.,0.));
#1393=DIRECTION('',(0.,-1.,0.));
#1394=DIRECTION('',(1.,0.,0.));
#1395=DIRECTION('',(0.,-1.,0.));
#1396=DIRECTION('',(1.,0.,0.));
#1397=DIRECTION('',(0.,-1.,0.));
#1398=DIRECTION('',(1.,0.,0.));
#1399=DIRECTION('',(0.,0.,1.));
#1400=DIRECTION('',(1.,0.,0.));
#1401=DIRECTION('',(0.,0.,1.));
#1402=DIRECTION('',(1.,0.,0.));
#1403=DIRECTION('',(0.,-1.,0.));
#1404=DIRECTION('',(-1.,0.,0.));
#1405=DIRECTION('',(0.,-1.,0.));
#1406=DIRECTION('',(-1.,0.,0.));
#1407=DIRECTION('',(-0.650791373455969,0.,0.759256602365297));
#1408=DIRECTION('',(0.759256602365297,0.,0.650791373455969));
#1409=DIRECTION('',(-0.759256602365297,0.,-0.650791373455969));
#1410=DIRECTION('',(0.,1.,0.));
#1411=DIRECTION('',(-0.759256602365297,0.,-0.650791373455969));
#1412=DIRECTION('',(0.,-1.,0.));
#1413=DIRECTION('',(-0.650791373455969,0.,-0.759256602365297));
#1414=DIRECTION('',(-0.759256602365297,0.,0.650791373455969));
#1415=DIRECTION('',(0.759256602365297,0.,-0.650791373455969));
#1416=DIRECTION('',(0.,-1.,0.));
#1417=DIRECTION('',(0.759256602365297,0.,-0.650791373455969));
#1418=DIRECTION('',(0.,-1.,0.));
#1419=DIRECTION('',(0.,-1.,0.));
#1420=DIRECTION('',(1.,0.,0.));
#1421=DIRECTION('',(0.759256602365297,0.,-0.650791373455969));
#1422=DIRECTION('',(0.,-1.,0.));
#1423=DIRECTION('',(0.,0.,-1.));
#1424=DIRECTION('',(-0.759256602365297,0.,-0.650791373455969));
#1425=DIRECTION('',(-1.,0.,0.));
#1426=DIRECTION('',(0.,-1.,0.));
#1427=DIRECTION('',(1.,0.,0.));
#1428=DIRECTION('',(-0.759256602365297,0.,-0.650791373455969));
#1429=DIRECTION('',(0.,-1.,0.));
#1430=DIRECTION('',(0.,0.,-1.));
#1431=DIRECTION('',(0.759256602365297,0.,-0.650791373455969));
#1432=DIRECTION('',(-1.,0.,0.));
#1433=DIRECTION('',(-1.,0.,0.));
#1434=DIRECTION('',(0.,0.,1.));
#1435=DIRECTION('',(1.,4.33680868994202E-16,0.));
#1436=DIRECTION('',(-4.33680868994202E-16,1.,0.));
#1437=DIRECTION('',(-1.,0.,-8.67361737988403E-16));
#1438=DIRECTION('',(-8.67361737988403E-16,0.,1.));
#1439=DIRECTION('',(0.,-1.,0.));
#1440=DIRECTION('',(0.,0.,-1.));
#1441=DIRECTION('',(0.,-1.,0.));
#1442=DIRECTION('',(0.,0.,-1.));
#1443=DIRECTION('',(-0.759256602365297,0.,0.650791373455969));
#1444=DIRECTION('',(0.650791373455969,0.,0.759256602365297));
#1445=DIRECTION('',(4.33680868994202E-16,-1.,0.));
#1446=DIRECTION('',(1.,4.33680868994202E-16,0.));
#1447=DIRECTION('',(0.759256602365296,3.29275063103367E-16,0.650791373455969));
#1448=DIRECTION('',(0.650791373455969,0.,-0.759256602365297));
#1449=DIRECTION('',(0.,-1.,0.));
#1450=DIRECTION('',(0.,0.,-1.));
#1451=DIRECTION('',(-0.759256602365297,0.,0.650791373455969));
#1452=DIRECTION('',(0.650791373455969,0.,0.759256602365297));
#1453=DIRECTION('',(0.,1.,0.));
#1454=DIRECTION('',(0.,0.,1.));
#1455=DIRECTION('',(0.,1.,0.));
#1456=DIRECTION('',(0.,0.,1.));
#1457=DIRECTION('',(1.,0.,0.));
#1458=DIRECTION('',(0.,0.,-1.));
#1459=DIRECTION('',(-1.,-2.16840434497101E-15,0.));
#1460=DIRECTION('',(2.16840434497101E-15,-1.,0.));
#1461=DIRECTION('',(1.,0.,-6.93889390390722E-15));
#1462=DIRECTION('',(-6.93889390390722E-15,0.,-1.));
#1463=DIRECTION('',(0.,-1.,0.));
#1464=DIRECTION('',(0.,0.,-1.));
#1465=DIRECTION('',(0.,1.,0.));
#1466=DIRECTION('',(0.,0.,1.));
#1467=DIRECTION('',(-0.759256602365297,0.,-0.650791373455969));
#1468=DIRECTION('',(-0.650791373455969,0.,0.759256602365297));
#1469=DIRECTION('',(0.,-1.,0.));
#1470=DIRECTION('',(0.,0.,-1.));
#1471=DIRECTION('',(0.993743235140642,5.17905724639226E-16,0.111688775676926));
#1472=DIRECTION('',(0.111688775676926,0.,-0.993743235140642));
#1473=DIRECTION('',(-0.993743235140642,0.,0.111688775676926));
#1474=DIRECTION('',(0.111688775676926,0.,0.993743235140642));
#1475=DIRECTION('',(0.,1.,0.));
#1476=DIRECTION('',(0.,0.,1.));
#1477=DIRECTION('',(-7.37257477290142E-15,1.,0.));
#1478=DIRECTION('',(-1.,-7.37257477290142E-15,0.));
#1479=DIRECTION('',(-0.759256602365297,-5.59767607275723E-15,0.650791373455969));
#1480=DIRECTION('',(0.650791373455969,0.,0.759256602365297));
#1481=DIRECTION('',(-2.60208521396521E-15,1.,0.));
#1482=DIRECTION('',(-1.,-2.60208521396521E-15,0.));
#1483=DIRECTION('',(0.759256602365298,0.,0.650791373455967));
#1484=DIRECTION('',(0.650791373455967,0.,-0.759256602365298));
#1485=DIRECTION('',(0.,1.,0.));
#1486=DIRECTION('',(0.,0.,1.));
#1487=DIRECTION('',(0.,-1.,0.));
#1488=DIRECTION('',(0.,0.,-1.));
#1489=DIRECTION('',(0.,-1.,0.));
#1490=DIRECTION('',(0.,0.,-1.));
#1491=DIRECTION('',(0.759256602365297,0.,-0.650791373455969));
#1492=DIRECTION('',(-0.650791373455969,0.,-0.759256602365297));
#1493=DIRECTION('',(0.759256602365297,0.,0.650791373455969));
#1494=DIRECTION('',(0.650791373455969,0.,-0.759256602365297));
#1495=DIRECTION('',(0.,-1.,0.));
#1496=DIRECTION('',(0.,0.,-1.));
#1497=DIRECTION('',(0.,-1.,0.));
#1498=DIRECTION('',(0.,0.,-1.));
#1499=DIRECTION('',(-0.993743235140642,0.,0.111688775676926));
#1500=DIRECTION('',(0.111688775676926,0.,0.993743235140642));
#1501=DIRECTION('',(0.993743235140642,0.,0.111688775676926));
#1502=DIRECTION('',(0.111688775676926,0.,-0.993743235140642));
#1503=DIRECTION('',(0.,-1.,0.));
#1504=DIRECTION('',(0.,0.,-1.));
#1505=DIRECTION('',(0.,0.,-1.));
#1506=DIRECTION('',(-1.,0.,0.));
#1507=DIRECTION('',(0.,0.,1.));
#1508=DIRECTION('',(1.,0.,0.));
#1509=DIRECTION('',(0.,0.,-1.));
#1510=DIRECTION('',(-1.,0.,0.));
#1511=DIRECTION('',(0.,0.,1.));
#1512=DIRECTION('',(1.,0.,0.));
#1513=DIRECTION('',(0.,0.,1.));
#1514=DIRECTION('',(1.,0.,0.));
#1515=DIRECTION('',(-0.996194698091746,0.,0.0871557427476576));
#1516=DIRECTION('',(0.0871557427476577,0.,0.996194698091746));
#1517=DIRECTION('',(-0.0871557427476577,0.,-0.996194698091746));
#1518=DIRECTION('',(0.,-1.,0.));
#1519=DIRECTION('',(0.808979544284049,0.,-0.587836794467625));
#1520=DIRECTION('',(-0.587836794467625,0.,-0.808979544284049));
#1521=DIRECTION('',(0.,-1.,0.));
#1522=DIRECTION('',(-0.979261637038479,0.,0.202599719211846));
#1523=DIRECTION('',(0.202599719211846,0.,0.979261637038479));
#1524=DIRECTION('',(0.,-1.,0.));
#1525=DIRECTION('',(-0.202599719211846,0.,-0.979261637038479));
#1526=DIRECTION('',(-1.,0.,0.));
#1527=DIRECTION('',(0.,0.,1.));
#1528=DIRECTION('',(0.,0.,-1.));
#1529=DIRECTION('',(0.,-1.,0.));
#1530=DIRECTION('',(0.,0.,-1.));
#1531=DIRECTION('',(-1.,0.,0.));
#1532=DIRECTION('',(1.,0.,0.));
#1533=DIRECTION('',(0.,-1.,0.));
#1534=DIRECTION('',(1.,0.,0.));
#1535=DIRECTION('',(-0.996194698091746,0.,-0.0871557427476576));
#1536=DIRECTION('',(-0.0871557427476577,0.,0.996194698091746));
#1537=DIRECTION('',(0.0871557427476577,0.,-0.996194698091746));
#1538=DIRECTION('',(0.,-1.,0.));
#1539=DIRECTION('',(0.,0.,1.));
#1540=DIRECTION('',(1.,0.,0.));
#1541=DIRECTION('',(-1.,0.,0.));
#1542=DIRECTION('',(0.,-1.,0.));
#1543=DIRECTION('',(-1.,0.,0.));
#1544=DIRECTION('',(0.,0.,1.));
#1545=DIRECTION('',(0.,0.,-1.));
#1546=DIRECTION('',(0.,-1.,0.));
#1547=DIRECTION('',(-0.979261637038479,0.,-0.202599719211846));
#1548=DIRECTION('',(-0.202599719211846,0.,0.979261637038479));
#1549=DIRECTION('',(0.202599719211846,0.,-0.979261637038479));
#1550=DIRECTION('',(0.,-1.,0.));
#1551=DIRECTION('',(0.808979544284049,0.,0.587836794467625));
#1552=DIRECTION('',(0.587836794467625,0.,-0.808979544284049));
#1553=DIRECTION('',(0.,-1.,0.));
#1554=DIRECTION('',(1.,0.,0.));
#1555=CARTESIAN_POINT('',(0.,0.,0.));
#1556=CARTESIAN_POINT('',(0.,0.078810453414917,0.));
#1557=CARTESIAN_POINT('',(0.,0.12,0.));
#1558=CARTESIAN_POINT('',(0.062827360867877,0.12,0.0205410011045608));
#1559=CARTESIAN_POINT('',(0.0579795378279434,0.12,0.0317424509648843));
#1560=CARTESIAN_POINT('',(0.062827360867877,0.078810453414917,0.0205410011045608));
#1561=CARTESIAN_POINT('',(0.062827360867877,0.02,0.0205410011045608));
#1562=CARTESIAN_POINT('',(0.,0.02,0.));
#1563=CARTESIAN_POINT('',(0.0579795378279434,0.02,0.0317424509648843));
#1564=CARTESIAN_POINT('',(0.0579795378279434,0.078810453414917,0.0317424509648843));
#1565=CARTESIAN_POINT('',(0.,0.02,0.00221209944769902));
#1566=CARTESIAN_POINT('',(0.0623844763793839,0.02,0.0199315045656514));
#1567=CARTESIAN_POINT('',(0.0609311966305421,0.02,0.0179315045656515));
#1568=CARTESIAN_POINT('',(0.0597155983152711,0.02,0.0120559347434205));
#1569=CARTESIAN_POINT('',(0.0609247584425173,0.02,0.0179003857143058));
#1570=CARTESIAN_POINT('',(0.,0.02,3.88825358729284E-18));
#1571=CARTESIAN_POINT('',(0.0557272680296138,0.02,0.0304421023905311));
#1572=CARTESIAN_POINT('',(0.0299783573777248,0.02,0.0155759618943234));
#1573=CARTESIAN_POINT('',(0.,0.02,0.00221209944769902));
#1574=CARTESIAN_POINT('',(-0.0597155983152711,0.02,0.0120559347434205));
#1575=CARTESIAN_POINT('',(-0.0609311966305421,0.02,0.0179315045656515));
#1576=CARTESIAN_POINT('',(-0.0609247584425173,0.02,0.0179003857143058));
#1577=CARTESIAN_POINT('',(-0.0623844763793839,0.02,0.0199315045656514));
#1578=CARTESIAN_POINT('',(-0.062827360867877,0.02,0.0205410011045608));
#1579=CARTESIAN_POINT('',(0.,0.02,0.));
#1580=CARTESIAN_POINT('',(-0.0579795378279434,0.02,0.0317424509648843));
#1581=CARTESIAN_POINT('',(-0.0299783573777248,0.02,0.0155759618943233));
#1582=CARTESIAN_POINT('',(-0.0557272680296139,0.02,0.0304421023905311));
#1583=CARTESIAN_POINT('',(0.,0.02,3.88825358729284E-18));
#1584=CARTESIAN_POINT('',(0.,0.02,3.88825358729284E-18));
#1585=CARTESIAN_POINT('',(0.,0.02,3.88825358729284E-18));
#1586=CARTESIAN_POINT('',(-0.0542272680296139,0.02,0.0330401786018844));
#1587=CARTESIAN_POINT('',(0.,0.02,3.88825358729284E-18));
#1588=CARTESIAN_POINT('',(-0.0015,0.02,0.0634822809924155));
#1589=CARTESIAN_POINT('',(0.,0.02,3.88825358729284E-18));
#1590=CARTESIAN_POINT('',(0.0015,0.02,0.0634822809924155));
#1591=CARTESIAN_POINT('',(0.,0.02,3.88825358729284E-18));
#1592=CARTESIAN_POINT('',(0.0542272680296138,0.02,0.0330401786018844));
#1593=CARTESIAN_POINT('',(0.,0.02,3.88825358729284E-18));
#1594=CARTESIAN_POINT('',(0.,0.02,3.88825358729284E-18));
#1595=CARTESIAN_POINT('',(0.0635,0.02,4.13318294712231E-18));
#1596=CARTESIAN_POINT('',(0.0635,0.02,0.));
#1597=CARTESIAN_POINT('',(0.0635,0.,0.));
#1598=CARTESIAN_POINT('',(0.,0.,3.88825358729284E-18));
#1599=CARTESIAN_POINT('',(-0.0635,0.,7.77650717458569E-18));
#1600=CARTESIAN_POINT('',(-0.0635,0.02,7.77650717458569E-18));
#1601=CARTESIAN_POINT('',(-0.0635,0.02,7.77650717458569E-18));
#1602=CARTESIAN_POINT('',(0.,0.02,3.88825358729284E-18));
#1603=CARTESIAN_POINT('',(-0.000978749939639055,0.0110193727249093,0.0634938642065662));
#1604=CARTESIAN_POINT('',(-0.00138554596037465,0.012000251722772,0.0634846143984557));
#1605=CARTESIAN_POINT('',(-0.000979066218862356,0.0129796203840026,0.0634938521493675));
#1606=CARTESIAN_POINT('',(-1.01163482299064E-6,0.0133850459452193,0.0635030724265115));
#1607=CARTESIAN_POINT('',(0.000979125902436966,0.0129801947754522,0.0634938581237267));
#1608=CARTESIAN_POINT('',(0.00138510209294274,0.012000181222068,0.0634846215127914));
#1609=CARTESIAN_POINT('',(0.000980465255789404,0.0110217355273684,0.0634938297841179));
#1610=CARTESIAN_POINT('',(1.48085007339552E-6,0.0106147239094307,0.0635030764831853));
#1611=CARTESIAN_POINT('',(-0.000978749939639055,0.0110193727249093,0.0634938642065662));
#1612=CARTESIAN_POINT('',(-0.00138554596037465,0.012000251722772,0.0634846143984557));
#1613=CARTESIAN_POINT('',(-0.000979066218862356,0.0129796203840026,0.0634938521493675));
#1614=CARTESIAN_POINT('',(-0.00125,0.012,0.0634876956582927));
#1615=CARTESIAN_POINT('',(-0.0284783573777248,0.078810453414917,0.0181740381056767));
#1616=CARTESIAN_POINT('',(-0.0284783573777248,0.02,0.0181740381056767));
#1617=CARTESIAN_POINT('',(-0.0564795378279434,0.02,0.0343405271762376));
#1618=CARTESIAN_POINT('',(-0.0284783573777248,0.02,0.0181740381056767));
#1619=CARTESIAN_POINT('',(-0.052510562332743,0.02,0.0320490381056766));
#1620=CARTESIAN_POINT('',(-0.052510562332743,0.06,0.0320490381056766));
#1621=CARTESIAN_POINT('',(-0.052510562332743,0.12,0.0320490381056766));
#1622=CARTESIAN_POINT('',(-0.0545024207614472,0.12,0.0331990381056766));
#1623=CARTESIAN_POINT('',(-0.0564795378279434,0.12,0.0343405271762376));
#1624=CARTESIAN_POINT('',(-0.0564795378279434,0.078810453414917,0.0343405271762376));
#1625=CARTESIAN_POINT('',(-0.0299783573777248,0.078810453414917,0.0155759618943233));
#1626=CARTESIAN_POINT('',(-0.0299783573777248,0.02,0.0155759618943233));
#1627=CARTESIAN_POINT('',(-0.054010562332743,0.02,0.0294509618943233));
#1628=CARTESIAN_POINT('',(-0.0579795378279434,0.078810453414917,0.0317424509648843));
#1629=CARTESIAN_POINT('',(-0.0579795378279434,0.12,0.0317424509648843));
#1630=CARTESIAN_POINT('',(-0.0560024207614472,0.12,0.0306009618943233));
#1631=CARTESIAN_POINT('',(-0.054010562332743,0.12,0.0294509618943233));
#1632=CARTESIAN_POINT('',(-0.054010562332743,0.06,0.0294509618943233));
#1633=CARTESIAN_POINT('',(0.0299783573777248,0.078810453414917,0.0155759618943234));
#1634=CARTESIAN_POINT('',(0.0299783573777248,0.02,0.0155759618943234));
#1635=CARTESIAN_POINT('',(0.054010562332743,0.02,0.0294509618943234));
#1636=CARTESIAN_POINT('',(0.054010562332743,0.06,0.0294509618943234));
#1637=CARTESIAN_POINT('',(0.054010562332743,0.12,0.0294509618943234));
#1638=CARTESIAN_POINT('',(0.0560024207614472,0.12,0.0306009618943234));
#1639=CARTESIAN_POINT('',(0.0284783573777248,0.078810453414917,0.0181740381056767));
#1640=CARTESIAN_POINT('',(0.0284783573777248,0.02,0.0181740381056767));
#1641=CARTESIAN_POINT('',(0.052510562332743,0.02,0.0320490381056766));
#1642=CARTESIAN_POINT('',(0.0284783573777248,0.02,0.0181740381056767));
#1643=CARTESIAN_POINT('',(0.0564795378279434,0.02,0.0343405271762376));
#1644=CARTESIAN_POINT('',(0.0564795378279434,0.078810453414917,0.0343405271762376));
#1645=CARTESIAN_POINT('',(0.0564795378279434,0.12,0.0343405271762376));
#1646=CARTESIAN_POINT('',(0.0545024207614472,0.12,0.0331990381056767));
#1647=CARTESIAN_POINT('',(0.052510562332743,0.12,0.0320490381056767));
#1648=CARTESIAN_POINT('',(0.052510562332743,0.06,0.0320490381056766));
#1649=CARTESIAN_POINT('',(0.0015,0.078810453414917,0.03375));
#1650=CARTESIAN_POINT('',(0.0015,0.02,0.03375));
#1651=CARTESIAN_POINT('',(0.0015,0.02,0.066082978141122));
#1652=CARTESIAN_POINT('',(0.0015,0.02,0.03375));
#1653=CARTESIAN_POINT('',(0.0015,0.02,0.0615));
#1654=CARTESIAN_POINT('',(0.0015,0.06,0.0615));
#1655=CARTESIAN_POINT('',(0.0015,0.12,0.0615));
#1656=CARTESIAN_POINT('',(0.0015,0.12,0.0638));
#1657=CARTESIAN_POINT('',(0.0015,0.12,0.066082978141122));
#1658=CARTESIAN_POINT('',(0.0015,0.078810453414917,0.066082978141122));
#1659=CARTESIAN_POINT('',(-0.0015,0.078810453414917,0.03375));
#1660=CARTESIAN_POINT('',(-0.0015,0.02,0.03375));
#1661=CARTESIAN_POINT('',(-0.0015,0.02,0.0615));
#1662=CARTESIAN_POINT('',(-0.0015,0.02,0.03375));
#1663=CARTESIAN_POINT('',(-0.0015,0.02,0.066082978141122));
#1664=CARTESIAN_POINT('',(-0.0015,0.078810453414917,0.066082978141122));
#1665=CARTESIAN_POINT('',(-0.0015,0.12,0.066082978141122));
#1666=CARTESIAN_POINT('',(-0.0015,0.12,0.0638));
#1667=CARTESIAN_POINT('',(-0.0015,0.12,0.0615));
#1668=CARTESIAN_POINT('',(-0.0015,0.06,0.0615));
#1669=CARTESIAN_POINT('',(-0.052510562332743,0.06,0.0320490381056766));
#1670=CARTESIAN_POINT('',(-0.052510562332743,0.02,0.0320490381056766));
#1671=CARTESIAN_POINT('',(-0.052510562332743,0.12,0.0320490381056766));
#1672=CARTESIAN_POINT('',(0.054010562332743,0.06,0.0294509618943234));
#1673=CARTESIAN_POINT('',(0.054010562332743,0.02,0.0294509618943234));
#1674=CARTESIAN_POINT('',(0.054010562332743,0.12,0.0294509618943234));
#1675=CARTESIAN_POINT('',(0.0015,0.06,0.0615));
#1676=CARTESIAN_POINT('',(0.0015,0.02,0.0615));
#1677=CARTESIAN_POINT('',(0.0015,0.12,0.0615));
#1678=CARTESIAN_POINT('',(0.,0.078810453414917,0.));
#1679=CARTESIAN_POINT('',(0.,0.02,0.));
#1680=CARTESIAN_POINT('',(0.,0.12,0.));
#1681=CARTESIAN_POINT('',(0.,0.078810453414917,0.));
#1682=CARTESIAN_POINT('',(0.,0.02,0.));
#1683=CARTESIAN_POINT('',(0.,0.12,0.));
#1684=CARTESIAN_POINT('',(0.,0.078810453414917,0.));
#1685=CARTESIAN_POINT('',(-0.062827360867877,0.078810453414917,0.0205410011045608));
#1686=CARTESIAN_POINT('',(-0.062827360867877,0.12,0.0205410011045608));
#1687=CARTESIAN_POINT('',(0.,0.12,0.));
#1688=CARTESIAN_POINT('',(0.0668,0.,2.04516015457608E-17));
#1689=CARTESIAN_POINT('',(0.0668,-3.72660071393188E-19,2.04516015457608E-17));
#1690=CARTESIAN_POINT('',(0.0675,6.93889390390723E-18,2.06659147356116E-17));
#1691=CARTESIAN_POINT('',(0.,0.,0.));
#1692=CARTESIAN_POINT('',(0.0075389923581925,0.,0.0670776683719934));
#1693=CARTESIAN_POINT('',(0.,0.,0.));
#1694=CARTESIAN_POINT('',(-0.00753899235819251,0.,0.0670776683719933));
#1695=CARTESIAN_POINT('',(0.,0.,0.));
#1696=CARTESIAN_POINT('',(-0.0675,6.93889390390723E-18,-1.23995488413669E-17));
#1697=CARTESIAN_POINT('',(-0.0668,-3.72660071393188E-19,-1.22709609274565E-17));
#1698=CARTESIAN_POINT('',(0.0668,0.12,2.04516015457608E-17));
#1699=CARTESIAN_POINT('',(-0.0668,0.12,-1.22709609274565E-17));
#1700=CARTESIAN_POINT('',(-0.0675,0.12,-1.23995488413669E-17));
#1701=CARTESIAN_POINT('',(-0.0625,0.12,3.46944695195361E-18));
#1702=CARTESIAN_POINT('',(0.,0.12,0.));
#1703=CARTESIAN_POINT('',(0.0675,0.12,2.06659147356116E-17));
#1704=CARTESIAN_POINT('',(0.0668,0.12,2.04516015457608E-17));
#1705=CARTESIAN_POINT('',(0.0625,0.12,4.13318294712231E-18));
#1706=CARTESIAN_POINT('',(0.0618438350235556,0.12,-0.0075));
#1707=CARTESIAN_POINT('',(0.0611876700471112,0.12,-0.015));
#1708=CARTESIAN_POINT('',(0.0598438350235556,0.12,-0.015));
#1709=CARTESIAN_POINT('',(0.0585,0.12,-0.015));
#1710=CARTESIAN_POINT('',(0.0585,0.12,-0.00440981753940518));
#1711=CARTESIAN_POINT('',(0.0585,0.12,0.00618036492118968));
#1712=CARTESIAN_POINT('',(0.0597155983152711,0.12,0.0120559347434205));
#1713=CARTESIAN_POINT('',(0.0609311966305421,0.12,0.0179315045656515));
#1714=CARTESIAN_POINT('',(0.0623844763793839,0.12,0.0199315045656514));
#1715=CARTESIAN_POINT('',(-0.0623844763793839,0.12,0.0199315045656514));
#1716=CARTESIAN_POINT('',(-0.0609311966305421,0.12,0.0179315045656515));
#1717=CARTESIAN_POINT('',(-0.0597155983152711,0.12,0.0120559347434205));
#1718=CARTESIAN_POINT('',(-0.0585,0.12,0.00618036492118968));
#1719=CARTESIAN_POINT('',(-0.0585,0.12,-0.00440981753940518));
#1720=CARTESIAN_POINT('',(-0.0585,0.12,-0.015));
#1721=CARTESIAN_POINT('',(-0.0598438350235556,0.12,-0.015));
#1722=CARTESIAN_POINT('',(-0.0611876700471112,0.12,-0.015));
#1723=CARTESIAN_POINT('',(-0.0618438350235556,0.12,-0.0075));
#1724=CARTESIAN_POINT('',(0.,0.078810453414917,0.));
#1725=CARTESIAN_POINT('',(-0.0675,0.06,-1.23995488413669E-17));
#1726=CARTESIAN_POINT('',(-0.014979330840857,0.004,0.0658169404299543));
#1727=CARTESIAN_POINT('',(-0.014979330840857,0.00360708170014652,0.0658169404299543));
#1728=CARTESIAN_POINT('',(-0.0147321768709014,0.00284966730650764,0.0658736432749581));
#1729=CARTESIAN_POINT('',(-0.0139536324267861,0.00198445787747411,0.0660440393104713));
#1730=CARTESIAN_POINT('',(-0.0130223602937279,0.00133483269097575,0.0662344548632831));
#1731=CARTESIAN_POINT('',(-0.0116492657454123,0.000665965246913499,0.0664939363532718));
#1732=CARTESIAN_POINT('',(-0.00981317180344048,0.000145337936233133,0.0667956589886978));
#1733=CARTESIAN_POINT('',(-0.00830718755958324,1.05114899580456E-17,0.0669913293877466));
#1734=CARTESIAN_POINT('',(-0.00753899235819251,-5.42343088270712E-19,0.0670776683719934));
#1735=CARTESIAN_POINT('',(-0.014979330840857,0.004,0.0658169404299543));
#1736=CARTESIAN_POINT('',(-0.014979330840857,0.078810453414917,0.0658169404299543));
#1737=CARTESIAN_POINT('',(-0.014979330840857,0.02,0.0658169404299543));
#1738=CARTESIAN_POINT('',(-0.00753899235819251,0.024,0.0670776683719933));
#1739=CARTESIAN_POINT('',(-0.00830692013561711,0.024,0.0669913594440571));
#1740=CARTESIAN_POINT('',(-0.0098148148268826,0.0238558160742724,0.066795381906044));
#1741=CARTESIAN_POINT('',(-0.0120173579325068,0.0232246944026446,0.0664336029708959));
#1742=CARTESIAN_POINT('',(-0.0136942980808492,0.0223019437982777,0.0661009021701857));
#1743=CARTESIAN_POINT('',(-0.0147337861153784,0.0211482131383527,0.065873264233662));
#1744=CARTESIAN_POINT('',(-0.014979330840857,0.0203921138660221,0.0658169404299543));
#1745=CARTESIAN_POINT('',(-0.014979330840857,0.02,0.0658169404299543));
#1746=CARTESIAN_POINT('',(-0.00753899235819251,0.024,0.0670776683719933));
#1747=CARTESIAN_POINT('',(0.,0.024,0.));
#1748=CARTESIAN_POINT('',(0.00753899235819248,0.024,0.0670776683719934));
#1749=CARTESIAN_POINT('',(0.0149793308408569,0.02,0.0658169404299543));
#1750=CARTESIAN_POINT('',(0.0149793308408569,0.0203929182998535,0.0658169404299543));
#1751=CARTESIAN_POINT('',(0.0147321768709014,0.0211503326934924,0.0658736432749581));
#1752=CARTESIAN_POINT('',(0.0139536324267861,0.0220155421225259,0.0660440393104712));
#1753=CARTESIAN_POINT('',(0.0130223602937279,0.0226651673090242,0.0662344548632831));
#1754=CARTESIAN_POINT('',(0.0116492657454123,0.0233340347530865,0.0664939363532718));
#1755=CARTESIAN_POINT('',(0.00981317180344043,0.0238546620637669,0.0667956589886979));
#1756=CARTESIAN_POINT('',(0.00830718755958321,0.024,0.0669913293877466));
#1757=CARTESIAN_POINT('',(0.00753899235819248,0.024,0.0670776683719934));
#1758=CARTESIAN_POINT('',(0.0149793308408569,0.02,0.0658169404299543));
#1759=CARTESIAN_POINT('',(0.0149793308408569,0.078810453414917,0.0658169404299543));
#1760=CARTESIAN_POINT('',(0.0149793308408569,0.004,0.0658169404299543));
#1761=CARTESIAN_POINT('',(0.0075389923581925,0.,0.0670776683719934));
#1762=CARTESIAN_POINT('',(0.0083069201356171,2.16476231675943E-18,0.0669913594440572));
#1763=CARTESIAN_POINT('',(0.00981481482688256,0.000144183925727629,0.0667953819060439));
#1764=CARTESIAN_POINT('',(0.0120173579325068,0.000775305597355396,0.0664336029708959));
#1765=CARTESIAN_POINT('',(0.0136942980808491,0.0016980562017223,0.0661009021701857));
#1766=CARTESIAN_POINT('',(0.0147337861153784,0.00285178686164731,0.065873264233662));
#1767=CARTESIAN_POINT('',(0.0149793308408569,0.00360788613397787,0.0658169404299543));
#1768=CARTESIAN_POINT('',(0.0149793308408569,0.004,0.0658169404299543));
#1769=CARTESIAN_POINT('',(0.0675,0.06,2.06659147356116E-17));
#1770=CARTESIAN_POINT('',(0.03375,0.078810453414917,1.03329573678058E-17));
#1771=CARTESIAN_POINT('',(0.065,0.02,4.13318294712231E-18));
#1772=CARTESIAN_POINT('',(0.0625,0.02,4.13318294712231E-18));
#1773=CARTESIAN_POINT('',(0.0625,0.12,4.13318294712231E-18));
#1774=CARTESIAN_POINT('',(-0.03375,0.078810453414917,-6.19977442068348E-18));
#1775=CARTESIAN_POINT('',(-0.0625,0.12,3.46944695195361E-18));
#1776=CARTESIAN_POINT('',(-0.0625,0.02,3.46944695195361E-18));
#1777=CARTESIAN_POINT('',(-0.065,0.02,4.13318294712231E-18));
#1778=CARTESIAN_POINT('',(0.,0.02,0.00221209944769902));
#1779=CARTESIAN_POINT('',(0.,0.02,0.00221209944769902));
#1780=CARTESIAN_POINT('',(0.,0.02,0.00221209944769902));
#1781=CARTESIAN_POINT('',(0.,0.02,0.00221209944769902));
#1782=CARTESIAN_POINT('',(0.,0.02,0.00221209944769902));
#1783=CARTESIAN_POINT('',(-8.67361737988404E-18,0.022,0.0719241988953981));
#1784=CARTESIAN_POINT('',(0.,0.012,0.0719241988953981));
#1785=CARTESIAN_POINT('',(0.00285,0.012,0.0719241988953981));
#1786=CARTESIAN_POINT('',(0.00676015184756902,0.022,0.0719241988953981));
#1787=CARTESIAN_POINT('',(0.00676015184756902,0.004,0.0719241988953981));
#1788=CARTESIAN_POINT('',(0.00676015184756902,0.02,0.0719241988953981));
#1789=CARTESIAN_POINT('',(-0.0075,0.02,0.0719241988953981));
#1790=CARTESIAN_POINT('',(-0.00676015184756903,0.02,0.0719241988953981));
#1791=CARTESIAN_POINT('',(-0.00676015184756903,0.022,0.0719241988953981));
#1792=CARTESIAN_POINT('',(-0.00676015184756903,0.004,0.0719241988953981));
#1793=CARTESIAN_POINT('',(-8.67361737988404E-18,0.004,0.0719241988953981));
#1794=CARTESIAN_POINT('',(-0.011,0.022,0.0689241988953981));
#1795=CARTESIAN_POINT('',(-0.0145,0.02,0.065924198895398));
#1796=CARTESIAN_POINT('',(-0.00806173459448097,0.02,0.0714427121001287));
#1797=CARTESIAN_POINT('',(-0.0141215801188593,0.02,0.0662485587935186));
#1798=CARTESIAN_POINT('',(-0.0141215801188593,0.002,0.0662485587935186));
#1799=CARTESIAN_POINT('',(-0.0141215801188593,0.004,0.0662485587935186));
#1800=CARTESIAN_POINT('',(-0.011,0.004,0.0689241988953981));
#1801=CARTESIAN_POINT('',(-0.00806173459448097,0.004,0.0714427121001287));
#1802=CARTESIAN_POINT('',(-0.00806173459448097,0.022,0.0714427121001287));
#1803=CARTESIAN_POINT('',(0.011,0.022,0.0689241988953981));
#1804=CARTESIAN_POINT('',(0.0145,0.004,0.065924198895398));
#1805=CARTESIAN_POINT('',(0.00806173459448095,0.004,0.0714427121001287));
#1806=CARTESIAN_POINT('',(0.0141215801188593,0.004,0.0662485587935187));
#1807=CARTESIAN_POINT('',(0.0141215801188593,0.022,0.0662485587935187));
#1808=CARTESIAN_POINT('',(0.0141215801188593,0.02,0.0662485587935187));
#1809=CARTESIAN_POINT('',(0.011,0.02,0.0689241988953981));
#1810=CARTESIAN_POINT('',(0.00806173459448095,0.02,0.0714427121001287));
#1811=CARTESIAN_POINT('',(0.00806173459448095,0.002,0.0714427121001287));
#1812=CARTESIAN_POINT('',(0.,0.022,0.00221209944769902));
#1813=CARTESIAN_POINT('',(0.0363208663919511,0.022,0.044586443571642));
#1814=CARTESIAN_POINT('',(0.006760151847569,0.022,0.0699241988953981));
#1815=CARTESIAN_POINT('',(0.00776236990954633,0.022,0.0690651548422746));
#1816=CARTESIAN_POINT('',(0.,0.022,0.));
#1817=CARTESIAN_POINT('',(-0.00776236990954637,0.022,0.0690651548422746));
#1818=CARTESIAN_POINT('',(-0.00619841725308806,0.022,0.0704056856906675));
#1819=CARTESIAN_POINT('',(-0.00676015184756904,0.022,0.0699241988953981));
#1820=CARTESIAN_POINT('',(0.0075,0.022,0.0699241988953981));
#1821=CARTESIAN_POINT('',(0.,0.002,0.00221209944769902));
#1822=CARTESIAN_POINT('',(-0.0363208663919511,0.002,0.044586443571642));
#1823=CARTESIAN_POINT('',(-0.00676015184756903,0.002,0.0699241988953981));
#1824=CARTESIAN_POINT('',(-0.00776236990954636,0.002,0.0690651548422746));
#1825=CARTESIAN_POINT('',(0.,0.002,0.));
#1826=CARTESIAN_POINT('',(0.00776236990954635,0.002,0.0690651548422746));
#1827=CARTESIAN_POINT('',(0.00619841725308804,0.002,0.0704056856906675));
#1828=CARTESIAN_POINT('',(0.00676015184756902,0.002,0.0699241988953981));
#1829=CARTESIAN_POINT('',(0.,0.002,0.0699241988953981));
#1830=CARTESIAN_POINT('',(0.,0.004,0.0699241988953981));
#1831=CARTESIAN_POINT('',(0.00676015184756902,0.004,0.0699241988953981));
#1832=CARTESIAN_POINT('',(-0.00676015184756903,0.004,0.0699241988953981));
#1833=CARTESIAN_POINT('',(0.00676015184756902,0.004,0.0699241988953981));
#1834=CARTESIAN_POINT('',(0.00676015184756902,0.004,0.0699241988953981));
#1835=CARTESIAN_POINT('',(0.00676015184756902,0.004,0.0699241988953981));
#1836=CARTESIAN_POINT('',(-0.00676015184756903,0.004,0.0699241988953981));
#1837=CARTESIAN_POINT('',(-0.00676015184756903,0.004,0.0699241988953981));
#1838=CARTESIAN_POINT('',(-0.00676015184756903,0.004,0.0699241988953981));
#1839=CARTESIAN_POINT('',(0.00969841725308804,0.004,0.0674056856906675));
#1840=CARTESIAN_POINT('',(0.0141215801188593,0.004,0.0662485587935187));
#1841=CARTESIAN_POINT('',(0.0141215801188593,0.00383863697631363,0.0662485587935187));
#1842=CARTESIAN_POINT('',(0.013976517975926,0.00354379092318237,0.0663188720511789));
#1843=CARTESIAN_POINT('',(0.0135249016833585,0.00315906724946051,0.0665359432248304));
#1844=CARTESIAN_POINT('',(0.0128728809668543,0.00283253418488238,0.0668447657703035));
#1845=CARTESIAN_POINT('',(0.0120544574041144,0.0025529968608193,0.0672237186919544));
#1846=CARTESIAN_POINT('',(0.0109381400007551,0.00227578924947273,0.0677285708041669));
#1847=CARTESIAN_POINT('',(0.00950785459637497,0.00206035229709597,0.0683517575727479));
#1848=CARTESIAN_POINT('',(0.00834682037147987,0.00199999999999958,0.0688309059656452));
#1849=CARTESIAN_POINT('',(0.0077623699095464,0.00199999999999957,0.0690651548422747));
#1850=CARTESIAN_POINT('',(0.00676015184756902,0.022,0.0699241988953981));
#1851=CARTESIAN_POINT('',(0.00676015184756902,0.02,0.0699241988953981));
#1852=CARTESIAN_POINT('',(-8.67361737988404E-18,0.02,0.0699241988953981));
#1853=CARTESIAN_POINT('',(-0.00676015184756903,0.02,0.0699241988953981));
#1854=CARTESIAN_POINT('',(0.006760151847569,0.02,0.0699241988953981));
#1855=CARTESIAN_POINT('',(-0.00676015184756903,0.022,0.0699241988953981));
#1856=CARTESIAN_POINT('',(-0.00676015184756903,0.02,0.0699241988953981));
#1857=CARTESIAN_POINT('',(-0.0363208663919511,0.004,0.044586443571642));
#1858=CARTESIAN_POINT('',(-0.00776236990954636,0.002,0.0690651548422746));
#1859=CARTESIAN_POINT('',(-0.00834704086964682,0.00200000000000001,0.0688308175895529));
#1860=CARTESIAN_POINT('',(-0.00950562785287912,0.00206024925950612,0.0683526718097103));
#1861=CARTESIAN_POINT('',(-0.0109346503599101,0.00227512897947636,0.0677301270445209));
#1862=CARTESIAN_POINT('',(-0.0120536955024625,0.00255259631044024,0.0672240792994798));
#1863=CARTESIAN_POINT('',(-0.0128735154968119,0.00283319451385657,0.0668444548899955));
#1864=CARTESIAN_POINT('',(-0.0135208380974019,0.00315617829791703,0.0665378861597741));
#1865=CARTESIAN_POINT('',(-0.0139770851298886,0.00354403879121942,0.0663186018892662));
#1866=CARTESIAN_POINT('',(-0.0141215801188593,0.00383866937896143,0.0662485587935187));
#1867=CARTESIAN_POINT('',(-0.0141215801188593,0.004,0.0662485587935187));
#1868=CARTESIAN_POINT('',(0.,0.,0.));
#1869=CARTESIAN_POINT('',(-0.00776236990954636,0.,0.0690651548422746));
#1870=CARTESIAN_POINT('',(0.00776236990954635,0.,0.0690651548422746));
#1871=CARTESIAN_POINT('',(0.014979330840857,0.004,0.0658169404299544));
#1872=CARTESIAN_POINT('',(0.0144970886770864,0.004,0.0659266943150384));
#1873=CARTESIAN_POINT('',(0.0141215801188593,0.004,0.0662485587935187));
#1874=CARTESIAN_POINT('',(0.0149793308211679,0.0035988318738128,0.0658169404344354));
#1875=CARTESIAN_POINT('',(0.0144970886576595,0.00370525684072778,0.0659266943192831));
#1876=CARTESIAN_POINT('',(0.0141215801049062,0.0037994159369064,0.0662485588054785));
#1877=CARTESIAN_POINT('',(0.0147219702925646,0.00282907383747582,0.0658759655148422));
#1878=CARTESIAN_POINT('',(0.0142393468274248,0.00313578909144139,0.065983759752807));
#1879=CARTESIAN_POINT('',(0.0138976940164223,0.00341453691873476,0.066357282704002));
#1880=CARTESIAN_POINT('',(0.0136635713727511,0.00167592579380947,0.0661073766682654));
#1881=CARTESIAN_POINT('',(0.0131845158239882,0.00232367590067306,0.06620623463537));
#1882=CARTESIAN_POINT('',(0.012979841443773,0.00283796289692052,0.0667961078518613));
#1883=CARTESIAN_POINT('',(0.0119838760608018,0.00076274733510087,0.0664395957544622));
#1884=CARTESIAN_POINT('',(0.0115163905228597,0.00178285187431627,0.0665226666970074));
#1885=CARTESIAN_POINT('',(0.0115321072419874,0.00238137366742421,0.0674668553033718));
#1886=CARTESIAN_POINT('',(0.00979099012041839,0.000140745666961132,0.0667987024849643));
#1887=CARTESIAN_POINT('',(0.00943476501124325,0.00162736351437647,0.0668486593851965));
#1888=CARTESIAN_POINT('',(0.00966103279274248,0.00207037283394129,0.068287852437619));
#1889=CARTESIAN_POINT('',(0.0082976525338266,1.98172966631846E-12,0.0669924010482269));
#1890=CARTESIAN_POINT('',(0.00814657966130884,0.00182529347423359,0.0670093804292125));
#1891=CARTESIAN_POINT('',(0.00839978145934722,0.002,0.068809679059026));
#1892=CARTESIAN_POINT('',(0.00753899235819249,-9.21082155715685E-20,0.0670776683719933));
#1893=CARTESIAN_POINT('',(0.0075389923581925,0.00200000000000001,0.0670776683719933));
#1894=CARTESIAN_POINT('',(0.00776236990954635,0.002,0.0690651548422746));
#1895=CARTESIAN_POINT('',(0.0154231628657712,0.004,0.0677670719982493));
#1896=CARTESIAN_POINT('',(0.00676015184756902,0.02,0.0699241988953981));
#1897=CARTESIAN_POINT('',(0.00676015184756902,0.02,0.0699241988953981));
#1898=CARTESIAN_POINT('',(-0.00676015184756903,0.02,0.0699241988953981));
#1899=CARTESIAN_POINT('',(-0.00676015184756904,0.02,0.0699241988953981));
#1900=CARTESIAN_POINT('',(-0.00753899235819251,-2.6668323628225E-19,0.0670776683719933));
#1901=CARTESIAN_POINT('',(-0.0075389923581925,0.00200000000000003,0.0670776683719933));
#1902=CARTESIAN_POINT('',(-0.00776236990954635,0.002,0.0690651548422746));
#1903=CARTESIAN_POINT('',(-0.00830095358054648,2.11910619554577E-12,0.0669920300370305));
#1904=CARTESIAN_POINT('',(-0.00814910741848218,0.00182456663946411,0.067009096329575));
#1905=CARTESIAN_POINT('',(-0.00840255493470797,0.00200000000000001,0.0688085674447349));
#1906=CARTESIAN_POINT('',(-0.0097963448037505,0.000143109157322381,0.0667979609211978));
#1907=CARTESIAN_POINT('',(-0.0094396255213279,0.00162826781885476,0.0668480725598804));
#1908=CARTESIAN_POINT('',(-0.00966556724065652,0.00207155457916553,0.0682859468601063));
#1909=CARTESIAN_POINT('',(-0.0116222425375663,0.000656832547879373,0.0664986241339862));
#1910=CARTESIAN_POINT('',(-0.0111997629256009,0.00175680483391566,0.0665719667500772));
#1911=CARTESIAN_POINT('',(-0.0112235933562252,0.0023284162738772,0.0676021064942234));
#1912=CARTESIAN_POINT('',(-0.0129935078296589,0.00131826671558892,0.0662401278622463));
#1913=CARTESIAN_POINT('',(-0.0125421845243283,0.00212036039941721,0.0663284190225818));
#1914=CARTESIAN_POINT('',(-0.0124022551674802,0.00265913335780606,0.0670638452495368));
#1915=CARTESIAN_POINT('',(-0.013929640351077,0.00196412191755165,0.0660491458825867));
#1916=CARTESIAN_POINT('',(-0.0134567012921336,0.0025319332734174,0.0661487464768707));
#1917=CARTESIAN_POINT('',(-0.0132105931688245,0.00298206095877272,0.0666857508012579));
#1918=CARTESIAN_POINT('',(-0.0147207412153841,0.00282748300575112,0.0658762534981893));
#1919=CARTESIAN_POINT('',(-0.0142381001799614,0.00313463572687496,0.0659840483587072));
#1920=CARTESIAN_POINT('',(-0.0138966232549899,0.00341374150287637,0.0663578064084998));
#1921=CARTESIAN_POINT('',(-0.01497933085879,0.00359940121811204,0.0658169404258729));
#1922=CARTESIAN_POINT('',(-0.0144970886947556,0.00370567514532568,0.0659266943111476));
#1923=CARTESIAN_POINT('',(-0.0141215801315773,0.0037997006090562,0.0662485587826175));
#1924=CARTESIAN_POINT('',(-0.014979330840857,0.004,0.0658169404299543));
#1925=CARTESIAN_POINT('',(-0.0144970886770864,0.004,0.0659266943150383));
#1926=CARTESIAN_POINT('',(-0.0141215801188593,0.004,0.0662485587935187));
#1927=CARTESIAN_POINT('',(-0.0154231628657713,0.004,0.0677670719982492));
#1928=CARTESIAN_POINT('',(0.0154231628657712,0.078810453414917,0.0677670719982493));
#1929=CARTESIAN_POINT('',(0.0154231628657712,0.02,0.0677670719982493));
#1930=CARTESIAN_POINT('',(0.0363208663919511,0.02,0.044586443571642));
#1931=CARTESIAN_POINT('',(0.00776236990954633,0.022,0.0690651548422746));
#1932=CARTESIAN_POINT('',(0.00834704086964679,0.022,0.0688308175895529));
#1933=CARTESIAN_POINT('',(0.0095056278528791,0.0219397507404939,0.0683526718097104));
#1934=CARTESIAN_POINT('',(0.0109346503599101,0.0217248710205236,0.0677301270445209));
#1935=CARTESIAN_POINT('',(0.0120536955024624,0.0214474036895598,0.0672240792994798));
#1936=CARTESIAN_POINT('',(0.0128735154968118,0.0211668054861435,0.0668444548899955));
#1937=CARTESIAN_POINT('',(0.0135208380974018,0.0208438217020829,0.0665378861597742));
#1938=CARTESIAN_POINT('',(0.0139770851298886,0.0204559612087807,0.0663186018892662));
#1939=CARTESIAN_POINT('',(0.0141215801188593,0.0201613306210386,0.0662485587935187));
#1940=CARTESIAN_POINT('',(0.0141215801188593,0.02,0.0662485587935187));
#1941=CARTESIAN_POINT('',(-0.00969841725308806,0.02,0.0674056856906675));
#1942=CARTESIAN_POINT('',(-0.0141215801188593,0.02,0.0662485587935186));
#1943=CARTESIAN_POINT('',(-0.0141215801188593,0.0201613630236864,0.0662485587935186));
#1944=CARTESIAN_POINT('',(-0.013976517975926,0.0204562090768176,0.0663188720511789));
#1945=CARTESIAN_POINT('',(-0.0135249016833585,0.0208409327505395,0.0665359432248304));
#1946=CARTESIAN_POINT('',(-0.0128728809668543,0.0211674658151176,0.0668447657703035));
#1947=CARTESIAN_POINT('',(-0.0120544574041144,0.0214470031391807,0.0672237186919543));
#1948=CARTESIAN_POINT('',(-0.0109381400007551,0.0217242107505273,0.067728570804167));
#1949=CARTESIAN_POINT('',(-0.00950785459637499,0.021939647702904,0.0683517575727479));
#1950=CARTESIAN_POINT('',(-0.00834682037147989,0.0220000000000004,0.0688309059656452));
#1951=CARTESIAN_POINT('',(-0.00776236990954642,0.0220000000000004,0.0690651548422747));
#1952=CARTESIAN_POINT('',(-0.0154231628657713,0.078810453414917,0.0677670719982492));
#1953=CARTESIAN_POINT('',(-0.0154231628657713,0.02,0.0677670719982493));
#1954=CARTESIAN_POINT('',(0.00753899235819249,0.024,0.0670776683719933));
#1955=CARTESIAN_POINT('',(0.00753899235819248,0.022,0.0670776683719933));
#1956=CARTESIAN_POINT('',(0.00776236990954633,0.022,0.0690651548422746));
#1957=CARTESIAN_POINT('',(0.00830095358053558,0.0239999999978827,0.0669920300370317));
#1958=CARTESIAN_POINT('',(0.00814910741847421,0.0221754333605434,0.0670090963296048));
#1959=CARTESIAN_POINT('',(0.00840255493469906,0.022,0.0688085674447514));
#1960=CARTESIAN_POINT('',(0.0097963448037556,0.0238568908426768,0.0667979609211973));
#1961=CARTESIAN_POINT('',(0.00943962552133216,0.0223717321811421,0.066848072559867));
#1962=CARTESIAN_POINT('',(0.00966556724066064,0.0219284454208345,0.0682859468600986));
#1963=CARTESIAN_POINT('',(0.0116222425375658,0.0233431674521207,0.0664986241339863));
#1964=CARTESIAN_POINT('',(0.0111997629256006,0.0222431951660847,0.066571966750079));
#1965=CARTESIAN_POINT('',(0.0112235933562249,0.0216715837261228,0.0676021064942242));
#1966=CARTESIAN_POINT('',(0.0129935078296587,0.0226817332844112,0.0662401278622464));
#1967=CARTESIAN_POINT('',(0.012542184524328,0.0218796396005828,0.066328419022581));
#1968=CARTESIAN_POINT('',(0.0124022551674799,0.021340866642194,0.0670638452495369));
#1969=CARTESIAN_POINT('',(0.0139296403510783,0.0220358780824479,0.0660491458825864));
#1970=CARTESIAN_POINT('',(0.0134567012921353,0.0214680667265823,0.0661487464768726));
#1971=CARTESIAN_POINT('',(0.013210593168826,0.021017939041227,0.0666857508012565));
#1972=CARTESIAN_POINT('',(0.0147207412153792,0.0211725169942505,0.0658762534981905));
#1973=CARTESIAN_POINT('',(0.0142381001799551,0.0208653642731262,0.0659840483587008));
#1974=CARTESIAN_POINT('',(0.0138966232549838,0.0205862584971245,0.066357806408505));
#1975=CARTESIAN_POINT('',(0.0149793308588006,0.0204005987818845,0.0658169404258705));
#1976=CARTESIAN_POINT('',(0.0144970886947691,0.0202943248546718,0.0659266943111612));
#1977=CARTESIAN_POINT('',(0.0141215801315904,0.0202002993909419,0.0662485587826063));
#1978=CARTESIAN_POINT('',(0.014979330840857,0.02,0.0658169404299543));
#1979=CARTESIAN_POINT('',(0.0144970886770864,0.02,0.0659266943150383));
#1980=CARTESIAN_POINT('',(0.0141215801188593,0.02,0.0662485587935187));
#1981=CARTESIAN_POINT('',(0.00776236990954633,0.024,0.0690651548422746));
#1982=CARTESIAN_POINT('',(-0.014979330840857,0.02,0.0658169404299544));
#1983=CARTESIAN_POINT('',(-0.0144970886770864,0.02,0.0659266943150384));
#1984=CARTESIAN_POINT('',(-0.0141215801188593,0.02,0.0662485587935187));
#1985=CARTESIAN_POINT('',(-0.0149793308211755,0.020401168126191,0.0658169404344337));
#1986=CARTESIAN_POINT('',(-0.0144970886576634,0.0202947431592734,0.0659266943192863));
#1987=CARTESIAN_POINT('',(-0.0141215801049101,0.0202005840630955,0.0662485588054752));
#1988=CARTESIAN_POINT('',(-0.0147219702925612,0.0211709261625225,0.065875965514843));
#1989=CARTESIAN_POINT('',(-0.0142393468274231,0.0208642109085581,0.0659837597528055));
#1990=CARTESIAN_POINT('',(-0.0138976940164206,0.0205854630812644,0.0663572827040035));
#1991=CARTESIAN_POINT('',(-0.013663571372753,0.0223240742061915,0.066107376668265));
#1992=CARTESIAN_POINT('',(-0.0131845158239891,0.0216763240993273,0.0662062346353709));
#1993=CARTESIAN_POINT('',(-0.012979841443774,0.02116203710308,0.0667961078518605));
#1994=CARTESIAN_POINT('',(-0.0119838760608012,0.0232372526648989,0.0664395957544623));
#1995=CARTESIAN_POINT('',(-0.01151639052286,0.0222171481256837,0.0665226666970075));
#1996=CARTESIAN_POINT('',(-0.0115321072419872,0.0216186263325756,0.067466855303372));
#1997=CARTESIAN_POINT('',(-0.00979099012041847,0.0238592543330388,0.0667987024849643));
#1998=CARTESIAN_POINT('',(-0.00943476501124158,0.022372636485623,0.066848659385195));
#1999=CARTESIAN_POINT('',(-0.0096610327927423,0.0219296271660588,0.068287852437619));
#2000=CARTESIAN_POINT('',(-0.00829765253382695,0.0239999999980187,0.0669924010482269));
#2001=CARTESIAN_POINT('',(-0.00814657966131191,0.0221747065257676,0.0670093804292165));
#2002=CARTESIAN_POINT('',(-0.00839978145934791,0.022,0.068809679059026));
#2003=CARTESIAN_POINT('',(-0.00753899235819251,0.024,0.0670776683719934));
#2004=CARTESIAN_POINT('',(-0.00753899235819252,0.022,0.0670776683719933));
#2005=CARTESIAN_POINT('',(-0.00776236990954637,0.022,0.0690651548422747));
#2006=CARTESIAN_POINT('',(-0.00776236990954637,0.024,0.0690651548422746));
#2007=CARTESIAN_POINT('',(0.,0.024,0.));
#2008=CARTESIAN_POINT('',(0.,0.012,0.075));
#2009=CARTESIAN_POINT('',(0.,0.012,0.069));
#2010=CARTESIAN_POINT('',(0.00125,0.012,0.069));
#2011=CARTESIAN_POINT('',(0.,0.012,0.079));
#2012=CARTESIAN_POINT('',(0.,0.012,0.069));
#2013=CARTESIAN_POINT('',(0.00285,0.012,0.069));
#2014=CARTESIAN_POINT('',(0.,0.075,0.069));
#2015=CARTESIAN_POINT('',(0.0618438350235556,0.12,-0.0075));
#2016=CARTESIAN_POINT('',(0.0618438350235556,0.02,-0.0075));
#2017=CARTESIAN_POINT('',(0.0611876700471112,0.02,-0.015));
#2018=CARTESIAN_POINT('',(0.0611876700471112,0.12,-0.015));
#2019=CARTESIAN_POINT('',(0.0623844763793839,0.12,0.0199315045656514));
#2020=CARTESIAN_POINT('',(0.0609311966305421,0.12,0.0179315045656515));
#2021=CARTESIAN_POINT('',(0.0597155983152711,0.12,0.0120559347434205));
#2022=CARTESIAN_POINT('',(0.0585,0.12,0.00618036492118968));
#2023=CARTESIAN_POINT('',(0.0585,0.02,0.00618036492118968));
#2024=CARTESIAN_POINT('',(0.0597155983152711,0.02,0.0120559347434205));
#2025=CARTESIAN_POINT('',(0.0585,0.12,-0.00440981753940518));
#2026=CARTESIAN_POINT('',(0.0585,0.02,-0.00440981753940518));
#2027=CARTESIAN_POINT('',(0.0585,0.02,-0.015));
#2028=CARTESIAN_POINT('',(0.0585,0.12,-0.015));
#2029=CARTESIAN_POINT('',(0.0598438350235556,0.12,-0.015));
#2030=CARTESIAN_POINT('',(0.0598438350235556,0.02,-0.015));
#2031=CARTESIAN_POINT('',(0.,0.02,0.));
#2032=CARTESIAN_POINT('',(-0.0618438350235556,0.12,-0.0075));
#2033=CARTESIAN_POINT('',(-0.0618438350235556,0.02,-0.0075));
#2034=CARTESIAN_POINT('',(-0.0611876700471112,0.02,-0.015));
#2035=CARTESIAN_POINT('',(-0.0611876700471112,0.12,-0.015));
#2036=CARTESIAN_POINT('',(-0.0598438350235556,0.12,-0.015));
#2037=CARTESIAN_POINT('',(-0.0598438350235556,0.02,-0.015));
#2038=CARTESIAN_POINT('',(-0.0585,0.02,-0.015));
#2039=CARTESIAN_POINT('',(-0.0585,0.12,-0.015));
#2040=CARTESIAN_POINT('',(-0.0585,0.12,-0.00440981753940518));
#2041=CARTESIAN_POINT('',(-0.0585,0.02,-0.00440981753940518));
#2042=CARTESIAN_POINT('',(-0.0585,0.02,0.00618036492118968));
#2043=CARTESIAN_POINT('',(-0.0585,0.12,0.00618036492118968));
#2044=CARTESIAN_POINT('',(-0.0597155983152711,0.12,0.0120559347434205));
#2045=CARTESIAN_POINT('',(-0.0597155983152711,0.02,0.0120559347434205));
#2046=CARTESIAN_POINT('',(-0.0609311966305421,0.12,0.0179315045656515));
#2047=CARTESIAN_POINT('',(-0.0623844763793839,0.12,0.0199315045656514));
#2048=CARTESIAN_POINT('',(0.,0.02,0.));
#2049=MECHANICAL_DESIGN_GEOMETRIC_PRESENTATION_REPRESENTATION('',(#1111),
#2050);
#2050=(
GEOMETRIC_REPRESENTATION_CONTEXT(3)
GLOBAL_UNCERTAINTY_ASSIGNED_CONTEXT((#2051))
GLOBAL_UNIT_ASSIGNED_CONTEXT((#2054,#2053,#2052))
REPRESENTATION_CONTEXT('Hull Shell1','TOP_LEVEL_ASSEMBLY_PART')
);
#2051=UNCERTAINTY_MEASURE_WITH_UNIT(LENGTH_MEASURE(2.E-5),#2054,
'DISTANCE_ACCURACY_VALUE','Maximum Tolerance applied to model');
#2052=(
NAMED_UNIT(*)
SI_UNIT($,.STERADIAN.)
SOLID_ANGLE_UNIT()
);
#2053=(
NAMED_UNIT(*)
PLANE_ANGLE_UNIT()
SI_UNIT($,.RADIAN.)
);
#2054=(
LENGTH_UNIT()
NAMED_UNIT(*)
SI_UNIT($,.METRE.)
);
#2055=PRODUCT_DEFINITION_SHAPE('','',#2056);
#2056=PRODUCT_DEFINITION('','',#2058,#2057);
#2057=PRODUCT_DEFINITION_CONTEXT('',#2064,'design');
#2058=PRODUCT_DEFINITION_FORMATION_WITH_SPECIFIED_SOURCE('','',#2060,
 .NOT_KNOWN.);
#2059=PRODUCT_RELATED_PRODUCT_CATEGORY('','',(#2060));
#2060=PRODUCT('Hull Shell1','Hull Shell1','Hull Shell1',(#2062));
#2061=PRODUCT_CATEGORY('','');
#2062=PRODUCT_CONTEXT('',#2064,'mechanical');
#2063=APPLICATION_PROTOCOL_DEFINITION('international standard',
'ap242_managed_model_based_3d_engineering',2020,#2064);
#2064=APPLICATION_CONTEXT('managed model based 3d engineering');
ENDSEC;
END-ISO-10303-21;
