ISO-10303-21;
HEADER;
/* Generated by software containing ST-Developer
 * from STEP Tools, Inc. (www.steptools.com) 
 */
/* OPTION: using custom renumber hook */

FILE_DESCRIPTION(
/* description */ ('STEP AP242 Edition 2',
'CAx-IF Rec.Pracs.---Representation and Presentation of Product Manufa
cturing Information (PMI)---4.0---2014-10-13',
'CAx-IF Rec.Pracs.---3D Tessellated Geometry---0.4---2014-09-14','2;1',
'CAx-IF Rec.Pracs.---User Defined Attributes---1.5---2016-08-15'),
/* implementation_level */ '2;1');

FILE_NAME(
/* name */ 'Buldge Shell - Hull Shell3',
/* time_stamp */ '2026-08-23T20:28:48Z',
/* author */ (''),
/* organization */ (''),
/* preprocessor_version */ 'ST-DEVELOPER v20',
/* originating_system */ 'ONSHAPE BY PTC INC, 1.219',
/* authorisation */ '  ');

FILE_SCHEMA (('AP242_MANAGED_MODEL_BASED_3D_ENGINEERING_MIM_LF { 1 0 10303 442 3 1 4 }'));
ENDSEC;

DATA;
#10=SHAPE_REPRESENTATION_RELATIONSHIP('','',#1121,#11);
#11=ADVANCED_BREP_SHAPE_REPRESENTATION('',(#1119),#2050);
#12=(
BOUNDED_SURFACE()
B_SPLINE_SURFACE(3,2,((#1869,#1870,#1871),(#1872,#1873,#1874),(#1875,#1876,
#1877),(#1878,#1879,#1880),(#1881,#1882,#1883),(#1884,#1885,#1886),(#1887,
#1888,#1889),(#1890,#1891,#1892),(#1893,#1894,#1895)),.UNSPECIFIED.,.F.,
 .F.,.F.)
B_SPLINE_SURFACE_WITH_KNOTS((4,1,1,1,1,1,4),(3,3),(0.00384417519584724,
0.00618747966314438,0.00853078413044153,0.0097024363640901,0.0108740885977387,
0.0120457408313872,0.0132173930650358),(0.,1.),.UNSPECIFIED.)
GEOMETRIC_REPRESENTATION_ITEM()
RATIONAL_B_SPLINE_SURFACE(((1.,0.707106781186543,1.),(1.,0.739541859059342,
1.),(1.,0.798861481950374,1.),(1.,0.86372712391153,1.),(1.,0.909169630395178,
1.),(1.,0.938897794776493,1.),(1.,0.963074174903581,1.),(1.,0.970759023387054,
1.),(1.,0.970759022851014,1.)))
REPRESENTATION_ITEM('')
SURFACE()
);
#13=(
BOUNDED_SURFACE()
B_SPLINE_SURFACE(3,2,((#1897,#1898,#1899),(#1900,#1901,#1902),(#1903,#1904,
#1905),(#1906,#1907,#1908),(#1909,#1910,#1911),(#1912,#1913,#1914),(#1915,
#1916,#1917),(#1918,#1919,#1920)),.UNSPECIFIED.,.F.,.F.,.F.)
B_SPLINE_SURFACE_WITH_KNOTS((4,1,1,1,1,4),(3,3),(0.00290921446084308,0.00409347911825216,
0.00527774377566124,0.0076462730904794,0.0100148024052976,0.0123833317201157),
(0.,1.),.UNSPECIFIED.)
GEOMETRIC_REPRESENTATION_ITEM()
RATIONAL_B_SPLINE_SURFACE(((1.,0.970759022851015,1.),(1.,0.970759022262148,
1.),(1.,0.963110665286236,1.),(1.,0.930770837419653,1.),(1.,0.876592186415824,
1.),(1.,0.798659627518702,1.),(1.,0.739401340483111,1.),(1.,0.707106781186545,
1.)))
REPRESENTATION_ITEM('')
SURFACE()
);
#14=(
BOUNDED_SURFACE()
B_SPLINE_SURFACE(3,2,((#1950,#1951,#1952),(#1953,#1954,#1955),(#1956,#1957,
#1958),(#1959,#1960,#1961),(#1962,#1963,#1964),(#1965,#1966,#1967),(#1968,
#1969,#1970),(#1971,#1972,#1973)),.UNSPECIFIED.,.F.,.F.,.F.)
B_SPLINE_SURFACE_WITH_KNOTS((4,1,1,1,1,4),(3,3),(0.00290921446084328,0.00409347911825238,
0.00527774377566148,0.00764627309047967,0.0100148024052979,0.0123833317201161),
(0.,1.),.UNSPECIFIED.)
GEOMETRIC_REPRESENTATION_ITEM()
RATIONAL_B_SPLINE_SURFACE(((1.,0.970759022851015,1.),(1.,0.970759022262237,
1.),(1.,0.963110665286195,1.),(1.,0.930770837419677,1.),(1.,0.87659218641581,
1.),(1.,0.798659627518724,1.),(1.,0.739401340483067,1.),(1.,0.707106781186545,
1.)))
REPRESENTATION_ITEM('')
SURFACE()
);
#15=(
BOUNDED_SURFACE()
B_SPLINE_SURFACE(3,2,((#1975,#1976,#1977),(#1978,#1979,#1980),(#1981,#1982,
#1983),(#1984,#1985,#1986),(#1987,#1988,#1989),(#1990,#1991,#1992),(#1993,
#1994,#1995),(#1996,#1997,#1998),(#1999,#2000,#2001)),.UNSPECIFIED.,.F.,
 .F.,.F.)
B_SPLINE_SURFACE_WITH_KNOTS((4,1,1,1,1,1,4),(3,3),(0.00384417519584721,
0.00618747966314435,0.00853078413044149,0.00970243636409006,0.0108740885977386,
0.0120457408313872,0.0132173930650358),(0.,1.),.UNSPECIFIED.)
GEOMETRIC_REPRESENTATION_ITEM()
RATIONAL_B_SPLINE_SURFACE(((1.,0.707106781186543,1.),(1.,0.739541859058334,
1.),(1.,0.798861481950856,1.),(1.,0.863727123911475,1.),(1.,0.909169630395186,
1.),(1.,0.938897794776498,1.),(1.,0.963074174903551,1.),(1.,0.970759023387121,
1.),(1.,0.970759022851014,1.)))
REPRESENTATION_ITEM('')
SURFACE()
);
#16=TOROIDAL_SURFACE('',#1192,0.0695,0.002);
#17=TOROIDAL_SURFACE('',#1215,0.0695,0.002);
#18=SPHERICAL_SURFACE('',#1183,0.002);
#19=SPHERICAL_SURFACE('',#1186,0.002);
#20=SPHERICAL_SURFACE('',#1201,0.002);
#21=SPHERICAL_SURFACE('',#1205,0.002);
#22=PLANE('',#1137);
#23=PLANE('',#1147);
#24=PLANE('',#1148);
#25=PLANE('',#1149);
#26=PLANE('',#1150);
#27=PLANE('',#1152);
#28=PLANE('',#1158);
#29=PLANE('',#1159);
#30=PLANE('',#1160);
#31=PLANE('',#1161);
#32=PLANE('',#1162);
#33=PLANE('',#1163);
#34=PLANE('',#1164);
#35=PLANE('',#1165);
#36=PLANE('',#1166);
#37=PLANE('',#1167);
#38=PLANE('',#1168);
#39=PLANE('',#1169);
#40=PLANE('',#1170);
#41=PLANE('',#1171);
#42=PLANE('',#1172);
#43=PLANE('',#1174);
#44=PLANE('',#1175);
#45=PLANE('',#1176);
#46=PLANE('',#1178);
#47=PLANE('',#1216);
#48=PLANE('',#1217);
#49=PLANE('',#1218);
#50=PLANE('',#1219);
#51=PLANE('',#1220);
#52=PLANE('',#1221);
#53=PLANE('',#1222);
#54=PLANE('',#1223);
#55=PLANE('',#1224);
#56=PLANE('',#1225);
#57=PLANE('',#1226);
#58=PLANE('',#1227);
#59=PLANE('',#1232);
#60=B_SPLINE_CURVE_WITH_KNOTS('',3,(#1581,#1582,#1583,#1584,#1585,#1586,
#1587,#1588,#1589,#1590,#1591),.UNSPECIFIED.,.T.,.F.,(1,1,1,1,1,1,1,1,1,
1,1,1,1,1,1),(-0.00293079245759113,-0.00195386163839409,-0.000976930819197043,
0.,0.000976930819197043,0.00195386163839409,0.00293079245759113,0.00390772327678817,
0.00488465409598521,0.00586158491518226,0.0068385157343793,0.00781544655357634,
0.00879237737277339,0.00976930819197043,0.0107462390111675),
 .UNSPECIFIED.);
#61=B_SPLINE_CURVE_WITH_KNOTS('',3,(#1695,#1696,#1697,#1698,#1699,#1700,
#1701,#1702,#1703),.UNSPECIFIED.,.F.,.F.,(4,1,1,1,1,1,4),(0.,0.0011787253437868,
0.00235745068757359,0.00353617603136039,0.00471490137514719,0.00707235206272078,
0.00942980275029438),.UNSPECIFIED.);
#62=B_SPLINE_CURVE_WITH_KNOTS('',3,(#1707,#1708,#1709,#1710,#1711,#1712,
#1713,#1714),.UNSPECIFIED.,.F.,.F.,(4,1,1,1,1,4),(0.,0.00229072075023117,
0.00458144150046235,0.00687216225069352,0.00801752262580911,0.00916288300092469),
 .UNSPECIFIED.);
#63=B_SPLINE_CURVE_WITH_KNOTS('',3,(#1718,#1719,#1720,#1721,#1722,#1723,
#1724,#1725,#1726),.UNSPECIFIED.,.F.,.F.,(4,1,1,1,1,1,4),(0.,0.00117872534378679,
0.00235745068757359,0.00353617603136038,0.00471490137514717,0.00707235206272076,
0.00942980275029435),.UNSPECIFIED.);
#64=B_SPLINE_CURVE_WITH_KNOTS('',3,(#1730,#1731,#1732,#1733,#1734,#1735,
#1736,#1737),.UNSPECIFIED.,.F.,.F.,(4,1,1,1,1,4),(0.,0.00229072075023115,
0.00458144150046231,0.00687216225069346,0.00801752262580904,0.00916288300092461),
 .UNSPECIFIED.);
#65=B_SPLINE_CURVE_WITH_KNOTS('',3,(#1838,#1839,#1840,#1841,#1842,#1843,
#1844,#1845,#1846,#1847),.UNSPECIFIED.,.F.,.F.,(4,1,1,1,1,1,1,4),(0.,0.00188192939810726,
0.00376385879621452,0.00470482349526815,0.00564578819432178,0.00658675289337541,
0.00705723524290223,0.00752771759242904),.UNSPECIFIED.);
#66=B_SPLINE_CURVE_WITH_KNOTS('',3,(#1852,#1853,#1854,#1855,#1856,#1857,
#1858,#1859,#1860,#1861),.UNSPECIFIED.,.F.,.F.,(4,1,1,1,1,1,1,4),(0.,0.000474489196392562,
0.000948978392785124,0.00189795678557025,0.00284693517835537,0.0037959135711405,
0.00569387035671074,0.00759182714228099),.UNSPECIFIED.);
#67=B_SPLINE_CURVE_WITH_KNOTS('',3,(#1925,#1926,#1927,#1928,#1929,#1930,
#1931,#1932,#1933,#1934),.UNSPECIFIED.,.F.,.F.,(4,1,1,1,1,1,1,4),(0.,0.000474489196392579,
0.000948978392785157,0.00189795678557031,0.00284693517835547,0.00379591357114063,
0.00569387035671094,0.00759182714228126),.UNSPECIFIED.);
#68=B_SPLINE_CURVE_WITH_KNOTS('',3,(#1940,#1941,#1942,#1943,#1944,#1945,
#1946,#1947,#1948,#1949),.UNSPECIFIED.,.F.,.F.,(4,1,1,1,1,1,1,4),(0.,0.00188192939810729,
0.00376385879621457,0.00470482349526821,0.00564578819432186,0.0065867528933755,
0.00705723524290232,0.00752771759242914),.UNSPECIFIED.);
#69=LINE('',#1560,#169);
#70=LINE('',#1580,#170);
#71=LINE('',#1594,#171);
#72=LINE('',#1599,#172);
#73=LINE('',#1603,#173);
#74=LINE('',#1604,#174);
#75=LINE('',#1606,#175);
#76=LINE('',#1611,#176);
#77=LINE('',#1618,#177);
#78=LINE('',#1622,#178);
#79=LINE('',#1627,#179);
#80=LINE('',#1631,#180);
#81=LINE('',#1633,#181);
#82=LINE('',#1634,#182);
#83=LINE('',#1636,#183);
#84=LINE('',#1637,#184);
#85=LINE('',#1639,#185);
#86=LINE('',#1640,#186);
#87=LINE('',#1642,#187);
#88=LINE('',#1645,#188);
#89=LINE('',#1647,#189);
#90=LINE('',#1649,#190);
#91=LINE('',#1651,#191);
#92=LINE('',#1653,#192);
#93=LINE('',#1654,#193);
#94=LINE('',#1656,#194);
#95=LINE('',#1658,#195);
#96=LINE('',#1659,#196);
#97=LINE('',#1661,#197);
#98=LINE('',#1663,#198);
#99=LINE('',#1664,#199);
#100=LINE('',#1666,#200);
#101=LINE('',#1668,#201);
#102=LINE('',#1669,#202);
#103=LINE('',#1671,#203);
#104=LINE('',#1673,#204);
#105=LINE('',#1675,#205);
#106=LINE('',#1677,#206);
#107=LINE('',#1679,#207);
#108=LINE('',#1686,#208);
#109=LINE('',#1687,#209);
#110=LINE('',#1693,#210);
#111=LINE('',#1694,#211);
#112=LINE('',#1705,#212);
#113=LINE('',#1728,#213);
#114=LINE('',#1739,#214);
#115=LINE('',#1741,#215);
#116=LINE('',#1743,#216);
#117=LINE('',#1745,#217);
#118=LINE('',#1747,#218);
#119=LINE('',#1749,#219);
#120=LINE('',#1751,#220);
#121=LINE('',#1753,#221);
#122=LINE('',#1755,#222);
#123=LINE('',#1758,#223);
#124=LINE('',#1760,#224);
#125=LINE('',#1762,#225);
#126=LINE('',#1764,#226);
#127=LINE('',#1766,#227);
#128=LINE('',#1769,#228);
#129=LINE('',#1771,#229);
#130=LINE('',#1773,#230);
#131=LINE('',#1775,#231);
#132=LINE('',#1777,#232);
#133=LINE('',#1782,#233);
#134=LINE('',#1785,#234);
#135=LINE('',#1787,#235);
#136=LINE('',#1789,#236);
#137=LINE('',#1791,#237);
#138=LINE('',#1794,#238);
#139=LINE('',#1796,#239);
#140=LINE('',#1798,#240);
#141=LINE('',#1800,#241);
#142=LINE('',#1803,#242);
#143=LINE('',#1805,#243);
#144=LINE('',#1807,#244);
#145=LINE('',#1809,#245);
#146=LINE('',#1814,#246);
#147=LINE('',#1816,#247);
#148=LINE('',#1818,#248);
#149=LINE('',#1823,#249);
#150=LINE('',#1825,#250);
#151=LINE('',#2005,#251);
#152=LINE('',#2007,#252);
#153=LINE('',#2009,#253);
#154=LINE('',#2011,#254);
#155=LINE('',#2013,#255);
#156=LINE('',#2015,#256);
#157=LINE('',#2017,#257);
#158=LINE('',#2019,#258);
#159=LINE('',#2021,#259);
#160=LINE('',#2024,#260);
#161=LINE('',#2026,#261);
#162=LINE('',#2028,#262);
#163=LINE('',#2030,#263);
#164=LINE('',#2032,#264);
#165=LINE('',#2034,#265);
#166=LINE('',#2036,#266);
#167=LINE('',#2038,#267);
#168=LINE('',#2040,#268);
#169=VECTOR('',#1239,1.);
#170=VECTOR('',#1258,1.);
#171=VECTOR('',#1261,1.);
#172=VECTOR('',#1264,1.);
#173=VECTOR('',#1269,1.);
#174=VECTOR('',#1270,1.);
#175=VECTOR('',#1273,1.);
#176=VECTOR('',#1276,1.);
#177=VECTOR('',#1283,1.);
#178=VECTOR('',#1286,1.);
#179=VECTOR('',#1291,1.);
#180=VECTOR('',#1294,1.);
#181=VECTOR('',#1297,1.);
#182=VECTOR('',#1298,1.);
#183=VECTOR('',#1301,1.);
#184=VECTOR('',#1302,1.);
#185=VECTOR('',#1305,1.);
#186=VECTOR('',#1306,1.);
#187=VECTOR('',#1309,1.);
#188=VECTOR('',#1310,1.);
#189=VECTOR('',#1311,1.);
#190=VECTOR('',#1312,1.);
#191=VECTOR('',#1313,1.);
#192=VECTOR('',#1314,1.);
#193=VECTOR('',#1315,1.);
#194=VECTOR('',#1316,1.);
#195=VECTOR('',#1317,1.);
#196=VECTOR('',#1318,1.);
#197=VECTOR('',#1319,1.);
#198=VECTOR('',#1320,1.);
#199=VECTOR('',#1321,1.);
#200=VECTOR('',#1322,1.);
#201=VECTOR('',#1323,1.);
#202=VECTOR('',#1324,1.);
#203=VECTOR('',#1325,1.);
#204=VECTOR('',#1326,1.);
#205=VECTOR('',#1327,1.);
#206=VECTOR('',#1328,1.);
#207=VECTOR('',#1329,1.);
#208=VECTOR('',#1336,1.);
#209=VECTOR('',#1337,1.);
#210=VECTOR('',#1344,1.);
#211=VECTOR('',#1345,1.);
#212=VECTOR('',#1346,1.);
#213=VECTOR('',#1349,1.);
#214=VECTOR('',#1352,1.);
#215=VECTOR('',#1353,1.);
#216=VECTOR('',#1356,1.);
#217=VECTOR('',#1357,1.);
#218=VECTOR('',#1360,1.);
#219=VECTOR('',#1361,1.);
#220=VECTOR('',#1364,1.);
#221=VECTOR('',#1365,1.);
#222=VECTOR('',#1368,1.);
#223=VECTOR('',#1373,1.);
#224=VECTOR('',#1374,1.);
#225=VECTOR('',#1377,1.);
#226=VECTOR('',#1378,1.);
#227=VECTOR('',#1381,1.);
#228=VECTOR('',#1386,1.);
#229=VECTOR('',#1387,1.);
#230=VECTOR('',#1390,1.);
#231=VECTOR('',#1391,1.);
#232=VECTOR('',#1394,1.);
#233=VECTOR('',#1401,1.);
#234=VECTOR('',#1402,1.);
#235=VECTOR('',#1403,1.);
#236=VECTOR('',#1404,1.);
#237=VECTOR('',#1407,1.);
#238=VECTOR('',#1408,1.);
#239=VECTOR('',#1409,1.);
#240=VECTOR('',#1410,1.);
#241=VECTOR('',#1413,1.);
#242=VECTOR('',#1414,1.);
#243=VECTOR('',#1415,1.);
#244=VECTOR('',#1416,1.);
#245=VECTOR('',#1419,1.);
#246=VECTOR('',#1422,1.);
#247=VECTOR('',#1423,1.);
#248=VECTOR('',#1426,1.);
#249=VECTOR('',#1429,1.);
#250=VECTOR('',#1430,1.);
#251=VECTOR('',#1505,1.);
#252=VECTOR('',#1506,1.);
#253=VECTOR('',#1509,1.);
#254=VECTOR('',#1510,1.);
#255=VECTOR('',#1513,1.);
#256=VECTOR('',#1514,1.);
#257=VECTOR('',#1517,1.);
#258=VECTOR('',#1518,1.);
#259=VECTOR('',#1521,1.);
#260=VECTOR('',#1526,1.);
#261=VECTOR('',#1527,1.);
#262=VECTOR('',#1530,1.);
#263=VECTOR('',#1531,1.);
#264=VECTOR('',#1534,1.);
#265=VECTOR('',#1535,1.);
#266=VECTOR('',#1538,1.);
#267=VECTOR('',#1539,1.);
#268=VECTOR('',#1542,1.);
#269=ORIENTED_EDGE('',*,*,#583,.F.);
#270=ORIENTED_EDGE('',*,*,#584,.T.);
#271=ORIENTED_EDGE('',*,*,#585,.T.);
#272=ORIENTED_EDGE('',*,*,#586,.T.);
#273=ORIENTED_EDGE('',*,*,#587,.T.);
#274=ORIENTED_EDGE('',*,*,#588,.T.);
#275=ORIENTED_EDGE('',*,*,#589,.T.);
#276=ORIENTED_EDGE('',*,*,#590,.T.);
#277=ORIENTED_EDGE('',*,*,#591,.T.);
#278=ORIENTED_EDGE('',*,*,#592,.T.);
#279=ORIENTED_EDGE('',*,*,#593,.T.);
#280=ORIENTED_EDGE('',*,*,#594,.F.);
#281=ORIENTED_EDGE('',*,*,#595,.T.);
#282=ORIENTED_EDGE('',*,*,#596,.F.);
#283=ORIENTED_EDGE('',*,*,#597,.T.);
#284=ORIENTED_EDGE('',*,*,#598,.T.);
#285=ORIENTED_EDGE('',*,*,#599,.F.);
#286=ORIENTED_EDGE('',*,*,#586,.F.);
#287=ORIENTED_EDGE('',*,*,#600,.T.);
#288=ORIENTED_EDGE('',*,*,#599,.T.);
#289=ORIENTED_EDGE('',*,*,#601,.F.);
#290=ORIENTED_EDGE('',*,*,#602,.F.);
#291=ORIENTED_EDGE('',*,*,#603,.T.);
#292=ORIENTED_EDGE('',*,*,#604,.T.);
#293=ORIENTED_EDGE('',*,*,#605,.F.);
#294=ORIENTED_EDGE('',*,*,#606,.T.);
#295=ORIENTED_EDGE('',*,*,#607,.T.);
#296=ORIENTED_EDGE('',*,*,#608,.F.);
#297=ORIENTED_EDGE('',*,*,#609,.F.);
#298=ORIENTED_EDGE('',*,*,#610,.T.);
#299=ORIENTED_EDGE('',*,*,#611,.T.);
#300=ORIENTED_EDGE('',*,*,#612,.F.);
#301=ORIENTED_EDGE('',*,*,#613,.F.);
#302=ORIENTED_EDGE('',*,*,#590,.F.);
#303=ORIENTED_EDGE('',*,*,#614,.T.);
#304=ORIENTED_EDGE('',*,*,#605,.T.);
#305=ORIENTED_EDGE('',*,*,#615,.F.);
#306=ORIENTED_EDGE('',*,*,#616,.F.);
#307=ORIENTED_EDGE('',*,*,#588,.F.);
#308=ORIENTED_EDGE('',*,*,#617,.T.);
#309=ORIENTED_EDGE('',*,*,#608,.T.);
#310=ORIENTED_EDGE('',*,*,#618,.F.);
#311=ORIENTED_EDGE('',*,*,#592,.F.);
#312=ORIENTED_EDGE('',*,*,#619,.T.);
#313=ORIENTED_EDGE('',*,*,#612,.T.);
#314=ORIENTED_EDGE('',*,*,#620,.T.);
#315=ORIENTED_EDGE('',*,*,#621,.T.);
#316=ORIENTED_EDGE('',*,*,#622,.F.);
#317=ORIENTED_EDGE('',*,*,#623,.F.);
#318=ORIENTED_EDGE('',*,*,#624,.F.);
#319=ORIENTED_EDGE('',*,*,#625,.T.);
#320=ORIENTED_EDGE('',*,*,#610,.F.);
#321=ORIENTED_EDGE('',*,*,#626,.T.);
#322=ORIENTED_EDGE('',*,*,#627,.F.);
#323=ORIENTED_EDGE('',*,*,#628,.F.);
#324=ORIENTED_EDGE('',*,*,#603,.F.);
#325=ORIENTED_EDGE('',*,*,#629,.T.);
#326=ORIENTED_EDGE('',*,*,#630,.F.);
#327=ORIENTED_EDGE('',*,*,#631,.F.);
#328=ORIENTED_EDGE('',*,*,#606,.F.);
#329=ORIENTED_EDGE('',*,*,#632,.T.);
#330=ORIENTED_EDGE('',*,*,#633,.F.);
#331=ORIENTED_EDGE('',*,*,#634,.F.);
#332=ORIENTED_EDGE('',*,*,#597,.F.);
#333=ORIENTED_EDGE('',*,*,#635,.F.);
#334=ORIENTED_EDGE('',*,*,#636,.T.);
#335=ORIENTED_EDGE('',*,*,#637,.T.);
#336=ORIENTED_EDGE('',*,*,#638,.T.);
#337=ORIENTED_EDGE('',*,*,#639,.F.);
#338=ORIENTED_EDGE('',*,*,#640,.F.);
#339=ORIENTED_EDGE('',*,*,#641,.T.);
#340=ORIENTED_EDGE('',*,*,#642,.F.);
#341=ORIENTED_EDGE('',*,*,#643,.F.);
#342=ORIENTED_EDGE('',*,*,#583,.T.);
#343=ORIENTED_EDGE('',*,*,#644,.T.);
#344=ORIENTED_EDGE('',*,*,#645,.F.);
#345=ORIENTED_EDGE('',*,*,#646,.F.);
#346=ORIENTED_EDGE('',*,*,#647,.F.);
#347=ORIENTED_EDGE('',*,*,#641,.F.);
#348=ORIENTED_EDGE('',*,*,#648,.T.);
#349=ORIENTED_EDGE('',*,*,#642,.T.);
#350=ORIENTED_EDGE('',*,*,#649,.T.);
#351=ORIENTED_EDGE('',*,*,#650,.T.);
#352=ORIENTED_EDGE('',*,*,#651,.T.);
#353=ORIENTED_EDGE('',*,*,#652,.T.);
#354=ORIENTED_EDGE('',*,*,#653,.T.);
#355=ORIENTED_EDGE('',*,*,#654,.T.);
#356=ORIENTED_EDGE('',*,*,#655,.T.);
#357=ORIENTED_EDGE('',*,*,#645,.T.);
#358=ORIENTED_EDGE('',*,*,#640,.T.);
#359=ORIENTED_EDGE('',*,*,#656,.F.);
#360=ORIENTED_EDGE('',*,*,#657,.F.);
#361=ORIENTED_EDGE('',*,*,#584,.F.);
#362=ORIENTED_EDGE('',*,*,#643,.T.);
#363=ORIENTED_EDGE('',*,*,#648,.F.);
#364=ORIENTED_EDGE('',*,*,#647,.T.);
#365=ORIENTED_EDGE('',*,*,#644,.F.);
#366=ORIENTED_EDGE('',*,*,#594,.T.);
#367=ORIENTED_EDGE('',*,*,#658,.T.);
#368=ORIENTED_EDGE('',*,*,#659,.T.);
#369=ORIENTED_EDGE('',*,*,#620,.F.);
#370=ORIENTED_EDGE('',*,*,#604,.F.);
#371=ORIENTED_EDGE('',*,*,#628,.T.);
#372=ORIENTED_EDGE('',*,*,#660,.F.);
#373=ORIENTED_EDGE('',*,*,#661,.T.);
#374=ORIENTED_EDGE('',*,*,#615,.T.);
#375=ORIENTED_EDGE('',*,*,#626,.F.);
#376=ORIENTED_EDGE('',*,*,#613,.T.);
#377=ORIENTED_EDGE('',*,*,#619,.F.);
#378=ORIENTED_EDGE('',*,*,#662,.F.);
#379=ORIENTED_EDGE('',*,*,#663,.T.);
#380=ORIENTED_EDGE('',*,*,#591,.F.);
#381=ORIENTED_EDGE('',*,*,#661,.F.);
#382=ORIENTED_EDGE('',*,*,#664,.T.);
#383=ORIENTED_EDGE('',*,*,#662,.T.);
#384=ORIENTED_EDGE('',*,*,#663,.F.);
#385=ORIENTED_EDGE('',*,*,#664,.F.);
#386=ORIENTED_EDGE('',*,*,#660,.T.);
#387=ORIENTED_EDGE('',*,*,#627,.T.);
#388=ORIENTED_EDGE('',*,*,#598,.F.);
#389=ORIENTED_EDGE('',*,*,#634,.T.);
#390=ORIENTED_EDGE('',*,*,#665,.F.);
#391=ORIENTED_EDGE('',*,*,#666,.T.);
#392=ORIENTED_EDGE('',*,*,#601,.T.);
#393=ORIENTED_EDGE('',*,*,#632,.F.);
#394=ORIENTED_EDGE('',*,*,#609,.T.);
#395=ORIENTED_EDGE('',*,*,#617,.F.);
#396=ORIENTED_EDGE('',*,*,#667,.F.);
#397=ORIENTED_EDGE('',*,*,#668,.T.);
#398=ORIENTED_EDGE('',*,*,#587,.F.);
#399=ORIENTED_EDGE('',*,*,#666,.F.);
#400=ORIENTED_EDGE('',*,*,#669,.T.);
#401=ORIENTED_EDGE('',*,*,#667,.T.);
#402=ORIENTED_EDGE('',*,*,#668,.F.);
#403=ORIENTED_EDGE('',*,*,#669,.F.);
#404=ORIENTED_EDGE('',*,*,#665,.T.);
#405=ORIENTED_EDGE('',*,*,#633,.T.);
#406=ORIENTED_EDGE('',*,*,#607,.F.);
#407=ORIENTED_EDGE('',*,*,#631,.T.);
#408=ORIENTED_EDGE('',*,*,#670,.F.);
#409=ORIENTED_EDGE('',*,*,#671,.T.);
#410=ORIENTED_EDGE('',*,*,#616,.T.);
#411=ORIENTED_EDGE('',*,*,#629,.F.);
#412=ORIENTED_EDGE('',*,*,#602,.T.);
#413=ORIENTED_EDGE('',*,*,#614,.F.);
#414=ORIENTED_EDGE('',*,*,#672,.F.);
#415=ORIENTED_EDGE('',*,*,#673,.T.);
#416=ORIENTED_EDGE('',*,*,#589,.F.);
#417=ORIENTED_EDGE('',*,*,#671,.F.);
#418=ORIENTED_EDGE('',*,*,#674,.T.);
#419=ORIENTED_EDGE('',*,*,#672,.T.);
#420=ORIENTED_EDGE('',*,*,#673,.F.);
#421=ORIENTED_EDGE('',*,*,#674,.F.);
#422=ORIENTED_EDGE('',*,*,#670,.T.);
#423=ORIENTED_EDGE('',*,*,#630,.T.);
#424=ORIENTED_EDGE('',*,*,#675,.T.);
#425=ORIENTED_EDGE('',*,*,#676,.T.);
#426=ORIENTED_EDGE('',*,*,#677,.T.);
#427=ORIENTED_EDGE('',*,*,#678,.T.);
#428=ORIENTED_EDGE('',*,*,#679,.T.);
#429=ORIENTED_EDGE('',*,*,#680,.T.);
#430=ORIENTED_EDGE('',*,*,#681,.T.);
#431=ORIENTED_EDGE('',*,*,#682,.T.);
#432=ORIENTED_EDGE('',*,*,#683,.T.);
#433=ORIENTED_EDGE('',*,*,#684,.T.);
#434=ORIENTED_EDGE('',*,*,#685,.T.);
#435=ORIENTED_EDGE('',*,*,#686,.T.);
#436=ORIENTED_EDGE('',*,*,#687,.T.);
#437=ORIENTED_EDGE('',*,*,#688,.T.);
#438=ORIENTED_EDGE('',*,*,#689,.T.);
#439=ORIENTED_EDGE('',*,*,#690,.T.);
#440=ORIENTED_EDGE('',*,*,#691,.T.);
#441=ORIENTED_EDGE('',*,*,#692,.T.);
#442=ORIENTED_EDGE('',*,*,#693,.T.);
#443=ORIENTED_EDGE('',*,*,#694,.T.);
#444=ORIENTED_EDGE('',*,*,#695,.T.);
#445=ORIENTED_EDGE('',*,*,#696,.F.);
#446=ORIENTED_EDGE('',*,*,#691,.F.);
#447=ORIENTED_EDGE('',*,*,#697,.F.);
#448=ORIENTED_EDGE('',*,*,#676,.F.);
#449=ORIENTED_EDGE('',*,*,#698,.F.);
#450=ORIENTED_EDGE('',*,*,#696,.T.);
#451=ORIENTED_EDGE('',*,*,#699,.F.);
#452=ORIENTED_EDGE('',*,*,#700,.F.);
#453=ORIENTED_EDGE('',*,*,#697,.T.);
#454=ORIENTED_EDGE('',*,*,#701,.F.);
#455=ORIENTED_EDGE('',*,*,#699,.T.);
#456=ORIENTED_EDGE('',*,*,#679,.F.);
#457=ORIENTED_EDGE('',*,*,#702,.F.);
#458=ORIENTED_EDGE('',*,*,#687,.F.);
#459=ORIENTED_EDGE('',*,*,#698,.T.);
#460=ORIENTED_EDGE('',*,*,#686,.F.);
#461=ORIENTED_EDGE('',*,*,#703,.F.);
#462=ORIENTED_EDGE('',*,*,#688,.F.);
#463=ORIENTED_EDGE('',*,*,#704,.F.);
#464=ORIENTED_EDGE('',*,*,#689,.F.);
#465=ORIENTED_EDGE('',*,*,#705,.F.);
#466=ORIENTED_EDGE('',*,*,#646,.T.);
#467=ORIENTED_EDGE('',*,*,#701,.T.);
#468=ORIENTED_EDGE('',*,*,#690,.F.);
#469=ORIENTED_EDGE('',*,*,#706,.F.);
#470=ORIENTED_EDGE('',*,*,#680,.F.);
#471=ORIENTED_EDGE('',*,*,#700,.T.);
#472=ORIENTED_EDGE('',*,*,#683,.F.);
#473=ORIENTED_EDGE('',*,*,#707,.F.);
#474=ORIENTED_EDGE('',*,*,#677,.F.);
#475=ORIENTED_EDGE('',*,*,#708,.F.);
#476=ORIENTED_EDGE('',*,*,#678,.F.);
#477=ORIENTED_EDGE('',*,*,#709,.F.);
#478=ORIENTED_EDGE('',*,*,#695,.F.);
#479=ORIENTED_EDGE('',*,*,#702,.T.);
#480=ORIENTED_EDGE('',*,*,#708,.T.);
#481=ORIENTED_EDGE('',*,*,#710,.F.);
#482=ORIENTED_EDGE('',*,*,#705,.T.);
#483=ORIENTED_EDGE('',*,*,#703,.T.);
#484=ORIENTED_EDGE('',*,*,#711,.F.);
#485=ORIENTED_EDGE('',*,*,#649,.F.);
#486=ORIENTED_EDGE('',*,*,#704,.T.);
#487=ORIENTED_EDGE('',*,*,#655,.F.);
#488=ORIENTED_EDGE('',*,*,#712,.F.);
#489=ORIENTED_EDGE('',*,*,#706,.T.);
#490=ORIENTED_EDGE('',*,*,#709,.T.);
#491=ORIENTED_EDGE('',*,*,#707,.T.);
#492=ORIENTED_EDGE('',*,*,#713,.F.);
#493=ORIENTED_EDGE('',*,*,#710,.T.);
#494=ORIENTED_EDGE('',*,*,#694,.F.);
#495=ORIENTED_EDGE('',*,*,#714,.F.);
#496=ORIENTED_EDGE('',*,*,#684,.F.);
#497=ORIENTED_EDGE('',*,*,#711,.T.);
#498=ORIENTED_EDGE('',*,*,#685,.F.);
#499=ORIENTED_EDGE('',*,*,#715,.F.);
#500=ORIENTED_EDGE('',*,*,#650,.F.);
#501=ORIENTED_EDGE('',*,*,#712,.T.);
#502=ORIENTED_EDGE('',*,*,#654,.F.);
#503=ORIENTED_EDGE('',*,*,#716,.F.);
#504=ORIENTED_EDGE('',*,*,#681,.F.);
#505=ORIENTED_EDGE('',*,*,#713,.T.);
#506=ORIENTED_EDGE('',*,*,#682,.F.);
#507=ORIENTED_EDGE('',*,*,#717,.F.);
#508=ORIENTED_EDGE('',*,*,#692,.F.);
#509=ORIENTED_EDGE('',*,*,#715,.T.);
#510=ORIENTED_EDGE('',*,*,#714,.T.);
#511=ORIENTED_EDGE('',*,*,#718,.F.);
#512=ORIENTED_EDGE('',*,*,#651,.F.);
#513=ORIENTED_EDGE('',*,*,#716,.T.);
#514=ORIENTED_EDGE('',*,*,#653,.F.);
#515=ORIENTED_EDGE('',*,*,#719,.F.);
#516=ORIENTED_EDGE('',*,*,#717,.T.);
#517=ORIENTED_EDGE('',*,*,#718,.T.);
#518=ORIENTED_EDGE('',*,*,#693,.F.);
#519=ORIENTED_EDGE('',*,*,#719,.T.);
#520=ORIENTED_EDGE('',*,*,#652,.F.);
#521=ORIENTED_EDGE('',*,*,#635,.T.);
#522=ORIENTED_EDGE('',*,*,#596,.T.);
#523=ORIENTED_EDGE('',*,*,#600,.F.);
#524=ORIENTED_EDGE('',*,*,#720,.F.);
#525=ORIENTED_EDGE('',*,*,#721,.T.);
#526=ORIENTED_EDGE('',*,*,#639,.T.);
#527=ORIENTED_EDGE('',*,*,#722,.F.);
#528=ORIENTED_EDGE('',*,*,#723,.F.);
#529=ORIENTED_EDGE('',*,*,#656,.T.);
#530=ORIENTED_EDGE('',*,*,#636,.F.);
#531=ORIENTED_EDGE('',*,*,#721,.F.);
#532=ORIENTED_EDGE('',*,*,#724,.T.);
#533=ORIENTED_EDGE('',*,*,#725,.T.);
#534=ORIENTED_EDGE('',*,*,#637,.F.);
#535=ORIENTED_EDGE('',*,*,#725,.F.);
#536=ORIENTED_EDGE('',*,*,#726,.T.);
#537=ORIENTED_EDGE('',*,*,#727,.T.);
#538=ORIENTED_EDGE('',*,*,#638,.F.);
#539=ORIENTED_EDGE('',*,*,#727,.F.);
#540=ORIENTED_EDGE('',*,*,#728,.T.);
#541=ORIENTED_EDGE('',*,*,#722,.T.);
#542=ORIENTED_EDGE('',*,*,#585,.F.);
#543=ORIENTED_EDGE('',*,*,#657,.T.);
#544=ORIENTED_EDGE('',*,*,#723,.T.);
#545=ORIENTED_EDGE('',*,*,#728,.F.);
#546=ORIENTED_EDGE('',*,*,#726,.F.);
#547=ORIENTED_EDGE('',*,*,#724,.F.);
#548=ORIENTED_EDGE('',*,*,#720,.T.);
#549=ORIENTED_EDGE('',*,*,#611,.F.);
#550=ORIENTED_EDGE('',*,*,#625,.F.);
#551=ORIENTED_EDGE('',*,*,#729,.F.);
#552=ORIENTED_EDGE('',*,*,#730,.T.);
#553=ORIENTED_EDGE('',*,*,#618,.T.);
#554=ORIENTED_EDGE('',*,*,#621,.F.);
#555=ORIENTED_EDGE('',*,*,#659,.F.);
#556=ORIENTED_EDGE('',*,*,#731,.T.);
#557=ORIENTED_EDGE('',*,*,#732,.T.);
#558=ORIENTED_EDGE('',*,*,#622,.T.);
#559=ORIENTED_EDGE('',*,*,#732,.F.);
#560=ORIENTED_EDGE('',*,*,#733,.F.);
#561=ORIENTED_EDGE('',*,*,#734,.T.);
#562=ORIENTED_EDGE('',*,*,#623,.T.);
#563=ORIENTED_EDGE('',*,*,#734,.F.);
#564=ORIENTED_EDGE('',*,*,#735,.F.);
#565=ORIENTED_EDGE('',*,*,#736,.T.);
#566=ORIENTED_EDGE('',*,*,#624,.T.);
#567=ORIENTED_EDGE('',*,*,#736,.F.);
#568=ORIENTED_EDGE('',*,*,#737,.F.);
#569=ORIENTED_EDGE('',*,*,#729,.T.);
#570=ORIENTED_EDGE('',*,*,#593,.F.);
#571=ORIENTED_EDGE('',*,*,#730,.F.);
#572=ORIENTED_EDGE('',*,*,#737,.T.);
#573=ORIENTED_EDGE('',*,*,#735,.T.);
#574=ORIENTED_EDGE('',*,*,#733,.T.);
#575=ORIENTED_EDGE('',*,*,#731,.F.);
#576=ORIENTED_EDGE('',*,*,#658,.F.);
#577=ORIENTED_EDGE('',*,*,#595,.F.);
#578=ORIENTED_EDGE('',*,*,#738,.T.);
#579=ORIENTED_EDGE('',*,*,#675,.F.);
#580=ORIENTED_EDGE('',*,*,#739,.F.);
#581=ORIENTED_EDGE('',*,*,#738,.F.);
#582=ORIENTED_EDGE('',*,*,#739,.T.);
#583=EDGE_CURVE('',#740,#741,#836,.T.);
#584=EDGE_CURVE('',#740,#742,#69,.T.);
#585=EDGE_CURVE('',#742,#743,#837,.T.);
#586=EDGE_CURVE('',#743,#744,#838,.T.);
#587=EDGE_CURVE('',#744,#745,#839,.T.);
#588=EDGE_CURVE('',#745,#746,#840,.T.);
#589=EDGE_CURVE('',#746,#747,#841,.T.);
#590=EDGE_CURVE('',#747,#748,#842,.T.);
#591=EDGE_CURVE('',#748,#749,#843,.T.);
#592=EDGE_CURVE('',#749,#750,#844,.T.);
#593=EDGE_CURVE('',#750,#751,#845,.T.);
#594=EDGE_CURVE('',#741,#751,#70,.T.);
#595=EDGE_CURVE('',#752,#752,#60,.T.);
#596=EDGE_CURVE('',#753,#754,#71,.F.);
#597=EDGE_CURVE('',#753,#755,#846,.T.);
#598=EDGE_CURVE('',#755,#756,#72,.F.);
#599=EDGE_CURVE('',#754,#756,#847,.T.);
#600=EDGE_CURVE('',#743,#754,#73,.T.);
#601=EDGE_CURVE('',#744,#756,#74,.T.);
#602=EDGE_CURVE('',#757,#758,#75,.F.);
#603=EDGE_CURVE('',#757,#759,#848,.T.);
#604=EDGE_CURVE('',#759,#760,#76,.F.);
#605=EDGE_CURVE('',#758,#760,#849,.T.);
#606=EDGE_CURVE('',#761,#762,#850,.T.);
#607=EDGE_CURVE('',#762,#763,#77,.F.);
#608=EDGE_CURVE('',#764,#763,#851,.T.);
#609=EDGE_CURVE('',#761,#764,#78,.F.);
#610=EDGE_CURVE('',#765,#766,#852,.T.);
#611=EDGE_CURVE('',#766,#767,#79,.F.);
#612=EDGE_CURVE('',#768,#767,#853,.T.);
#613=EDGE_CURVE('',#765,#768,#80,.F.);
#614=EDGE_CURVE('',#747,#758,#81,.T.);
#615=EDGE_CURVE('',#748,#760,#82,.T.);
#616=EDGE_CURVE('',#746,#763,#83,.T.);
#617=EDGE_CURVE('',#745,#764,#84,.T.);
#618=EDGE_CURVE('',#750,#767,#85,.T.);
#619=EDGE_CURVE('',#749,#768,#86,.T.);
#620=EDGE_CURVE('',#769,#770,#87,.T.);
#621=EDGE_CURVE('',#770,#771,#88,.T.);
#622=EDGE_CURVE('',#772,#771,#89,.T.);
#623=EDGE_CURVE('',#773,#772,#90,.T.);
#624=EDGE_CURVE('',#774,#773,#91,.T.);
#625=EDGE_CURVE('',#774,#766,#92,.T.);
#626=EDGE_CURVE('',#765,#775,#93,.T.);
#627=EDGE_CURVE('',#776,#775,#94,.T.);
#628=EDGE_CURVE('',#759,#776,#95,.T.);
#629=EDGE_CURVE('',#757,#777,#96,.T.);
#630=EDGE_CURVE('',#778,#777,#97,.T.);
#631=EDGE_CURVE('',#762,#778,#98,.T.);
#632=EDGE_CURVE('',#761,#779,#99,.T.);
#633=EDGE_CURVE('',#780,#779,#100,.T.);
#634=EDGE_CURVE('',#755,#780,#101,.T.);
#635=EDGE_CURVE('',#781,#753,#102,.T.);
#636=EDGE_CURVE('',#781,#782,#103,.T.);
#637=EDGE_CURVE('',#782,#783,#104,.T.);
#638=EDGE_CURVE('',#783,#784,#105,.T.);
#639=EDGE_CURVE('',#785,#784,#106,.T.);
#640=EDGE_CURVE('',#786,#785,#107,.T.);
#641=EDGE_CURVE('',#786,#769,#854,.T.);
#642=EDGE_CURVE('',#787,#788,#855,.T.);
#643=EDGE_CURVE('',#740,#787,#108,.T.);
#644=EDGE_CURVE('',#741,#789,#109,.T.);
#645=EDGE_CURVE('',#790,#789,#856,.T.);
#646=EDGE_CURVE('',#788,#790,#857,.T.);
#647=EDGE_CURVE('',#769,#789,#110,.T.);
#648=EDGE_CURVE('',#786,#787,#111,.T.);
#649=EDGE_CURVE('',#788,#791,#61,.F.);
#650=EDGE_CURVE('',#791,#792,#112,.T.);
#651=EDGE_CURVE('',#792,#793,#62,.F.);
#652=EDGE_CURVE('',#793,#794,#858,.T.);
#653=EDGE_CURVE('',#794,#795,#63,.F.);
#654=EDGE_CURVE('',#795,#796,#113,.F.);
#655=EDGE_CURVE('',#796,#790,#64,.F.);
#656=EDGE_CURVE('',#797,#785,#114,.T.);
#657=EDGE_CURVE('',#742,#797,#115,.T.);
#658=EDGE_CURVE('',#751,#798,#116,.T.);
#659=EDGE_CURVE('',#798,#770,#117,.T.);
#660=EDGE_CURVE('',#799,#776,#118,.T.);
#661=EDGE_CURVE('',#799,#748,#119,.T.);
#662=EDGE_CURVE('',#800,#749,#120,.T.);
#663=EDGE_CURVE('',#800,#775,#121,.T.);
#664=EDGE_CURVE('',#799,#800,#122,.T.);
#665=EDGE_CURVE('',#801,#780,#123,.T.);
#666=EDGE_CURVE('',#801,#744,#124,.T.);
#667=EDGE_CURVE('',#802,#745,#125,.T.);
#668=EDGE_CURVE('',#802,#779,#126,.T.);
#669=EDGE_CURVE('',#801,#802,#127,.T.);
#670=EDGE_CURVE('',#803,#778,#128,.T.);
#671=EDGE_CURVE('',#803,#746,#129,.T.);
#672=EDGE_CURVE('',#804,#747,#130,.T.);
#673=EDGE_CURVE('',#804,#777,#131,.T.);
#674=EDGE_CURVE('',#803,#804,#132,.T.);
#675=EDGE_CURVE('',#805,#805,#859,.F.);
#676=EDGE_CURVE('',#806,#807,#133,.T.);
#677=EDGE_CURVE('',#807,#808,#134,.T.);
#678=EDGE_CURVE('',#808,#809,#135,.F.);
#679=EDGE_CURVE('',#809,#806,#136,.F.);
#680=EDGE_CURVE('',#810,#811,#137,.T.);
#681=EDGE_CURVE('',#811,#812,#138,.F.);
#682=EDGE_CURVE('',#812,#813,#139,.F.);
#683=EDGE_CURVE('',#813,#810,#140,.F.);
#684=EDGE_CURVE('',#814,#815,#141,.T.);
#685=EDGE_CURVE('',#815,#816,#142,.F.);
#686=EDGE_CURVE('',#816,#817,#143,.F.);
#687=EDGE_CURVE('',#817,#814,#144,.T.);
#688=EDGE_CURVE('',#818,#819,#145,.T.);
#689=EDGE_CURVE('',#819,#820,#860,.T.);
#690=EDGE_CURVE('',#820,#821,#146,.F.);
#691=EDGE_CURVE('',#821,#818,#147,.F.);
#692=EDGE_CURVE('',#822,#823,#148,.T.);
#693=EDGE_CURVE('',#823,#824,#861,.F.);
#694=EDGE_CURVE('',#824,#825,#149,.F.);
#695=EDGE_CURVE('',#825,#822,#150,.T.);
#696=EDGE_CURVE('',#818,#806,#862,.T.);
#697=EDGE_CURVE('',#807,#821,#863,.T.);
#698=EDGE_CURVE('',#818,#817,#864,.F.);
#699=EDGE_CURVE('',#817,#806,#865,.F.);
#700=EDGE_CURVE('',#807,#810,#866,.F.);
#701=EDGE_CURVE('',#810,#821,#867,.F.);
#702=EDGE_CURVE('',#814,#809,#868,.T.);
#703=EDGE_CURVE('',#819,#816,#65,.T.);
#704=EDGE_CURVE('',#820,#790,#869,.T.);
#705=EDGE_CURVE('',#788,#819,#870,.T.);
#706=EDGE_CURVE('',#811,#820,#66,.T.);
#707=EDGE_CURVE('',#808,#813,#871,.T.);
#708=EDGE_CURVE('',#809,#825,#872,.T.);
#709=EDGE_CURVE('',#822,#808,#873,.T.);
#710=EDGE_CURVE('',#814,#825,#874,.F.);
#711=EDGE_CURVE('',#791,#816,#875,.F.);
#712=EDGE_CURVE('',#811,#796,#876,.F.);
#713=EDGE_CURVE('',#822,#813,#877,.F.);
#714=EDGE_CURVE('',#815,#824,#67,.T.);
#715=EDGE_CURVE('',#792,#815,#878,.T.);
#716=EDGE_CURVE('',#812,#795,#879,.T.);
#717=EDGE_CURVE('',#823,#812,#68,.T.);
#718=EDGE_CURVE('',#793,#824,#880,.F.);
#719=EDGE_CURVE('',#823,#794,#881,.F.);
#720=EDGE_CURVE('',#826,#743,#151,.T.);
#721=EDGE_CURVE('',#826,#781,#152,.T.);
#722=EDGE_CURVE('',#827,#784,#153,.T.);
#723=EDGE_CURVE('',#797,#827,#154,.T.);
#724=EDGE_CURVE('',#826,#828,#155,.T.);
#725=EDGE_CURVE('',#828,#782,#156,.T.);
#726=EDGE_CURVE('',#828,#829,#157,.T.);
#727=EDGE_CURVE('',#829,#783,#158,.T.);
#728=EDGE_CURVE('',#829,#827,#159,.T.);
#729=EDGE_CURVE('',#830,#774,#160,.T.);
#730=EDGE_CURVE('',#830,#750,#161,.T.);
#731=EDGE_CURVE('',#798,#831,#162,.T.);
#732=EDGE_CURVE('',#831,#771,#163,.T.);
#733=EDGE_CURVE('',#832,#831,#164,.T.);
#734=EDGE_CURVE('',#832,#772,#165,.T.);
#735=EDGE_CURVE('',#833,#832,#166,.T.);
#736=EDGE_CURVE('',#833,#773,#167,.T.);
#737=EDGE_CURVE('',#830,#833,#168,.T.);
#738=EDGE_CURVE('',#834,#834,#882,.T.);
#739=EDGE_CURVE('',#835,#835,#883,.T.);
#740=VERTEX_POINT('',#1558);
#741=VERTEX_POINT('',#1559);
#742=VERTEX_POINT('',#1561);
#743=VERTEX_POINT('',#1563);
#744=VERTEX_POINT('',#1565);
#745=VERTEX_POINT('',#1567);
#746=VERTEX_POINT('',#1569);
#747=VERTEX_POINT('',#1571);
#748=VERTEX_POINT('',#1573);
#749=VERTEX_POINT('',#1575);
#750=VERTEX_POINT('',#1577);
#751=VERTEX_POINT('',#1579);
#752=VERTEX_POINT('',#1592);
#753=VERTEX_POINT('',#1595);
#754=VERTEX_POINT('',#1596);
#755=VERTEX_POINT('',#1598);
#756=VERTEX_POINT('',#1600);
#757=VERTEX_POINT('',#1607);
#758=VERTEX_POINT('',#1608);
#759=VERTEX_POINT('',#1610);
#760=VERTEX_POINT('',#1612);
#761=VERTEX_POINT('',#1616);
#762=VERTEX_POINT('',#1617);
#763=VERTEX_POINT('',#1619);
#764=VERTEX_POINT('',#1621);
#765=VERTEX_POINT('',#1625);
#766=VERTEX_POINT('',#1626);
#767=VERTEX_POINT('',#1628);
#768=VERTEX_POINT('',#1630);
#769=VERTEX_POINT('',#1643);
#770=VERTEX_POINT('',#1644);
#771=VERTEX_POINT('',#1646);
#772=VERTEX_POINT('',#1648);
#773=VERTEX_POINT('',#1650);
#774=VERTEX_POINT('',#1652);
#775=VERTEX_POINT('',#1655);
#776=VERTEX_POINT('',#1657);
#777=VERTEX_POINT('',#1660);
#778=VERTEX_POINT('',#1662);
#779=VERTEX_POINT('',#1665);
#780=VERTEX_POINT('',#1667);
#781=VERTEX_POINT('',#1670);
#782=VERTEX_POINT('',#1672);
#783=VERTEX_POINT('',#1674);
#784=VERTEX_POINT('',#1676);
#785=VERTEX_POINT('',#1678);
#786=VERTEX_POINT('',#1680);
#787=VERTEX_POINT('',#1684);
#788=VERTEX_POINT('',#1685);
#789=VERTEX_POINT('',#1688);
#790=VERTEX_POINT('',#1690);
#791=VERTEX_POINT('',#1704);
#792=VERTEX_POINT('',#1706);
#793=VERTEX_POINT('',#1715);
#794=VERTEX_POINT('',#1717);
#795=VERTEX_POINT('',#1727);
#796=VERTEX_POINT('',#1729);
#797=VERTEX_POINT('',#1740);
#798=VERTEX_POINT('',#1744);
#799=VERTEX_POINT('',#1748);
#800=VERTEX_POINT('',#1752);
#801=VERTEX_POINT('',#1759);
#802=VERTEX_POINT('',#1763);
#803=VERTEX_POINT('',#1770);
#804=VERTEX_POINT('',#1774);
#805=VERTEX_POINT('',#1781);
#806=VERTEX_POINT('',#1783);
#807=VERTEX_POINT('',#1784);
#808=VERTEX_POINT('',#1786);
#809=VERTEX_POINT('',#1788);
#810=VERTEX_POINT('',#1792);
#811=VERTEX_POINT('',#1793);
#812=VERTEX_POINT('',#1795);
#813=VERTEX_POINT('',#1797);
#814=VERTEX_POINT('',#1801);
#815=VERTEX_POINT('',#1802);
#816=VERTEX_POINT('',#1804);
#817=VERTEX_POINT('',#1806);
#818=VERTEX_POINT('',#1810);
#819=VERTEX_POINT('',#1811);
#820=VERTEX_POINT('',#1813);
#821=VERTEX_POINT('',#1815);
#822=VERTEX_POINT('',#1819);
#823=VERTEX_POINT('',#1820);
#824=VERTEX_POINT('',#1822);
#825=VERTEX_POINT('',#1824);
#826=VERTEX_POINT('',#2006);
#827=VERTEX_POINT('',#2010);
#828=VERTEX_POINT('',#2014);
#829=VERTEX_POINT('',#2018);
#830=VERTEX_POINT('',#2025);
#831=VERTEX_POINT('',#2029);
#832=VERTEX_POINT('',#2033);
#833=VERTEX_POINT('',#2037);
#834=VERTEX_POINT('',#2044);
#835=VERTEX_POINT('',#2047);
#836=CIRCLE('',#1124,0.0638);
#837=CIRCLE('',#1125,0.0638);
#838=CIRCLE('',#1126,0.0638);
#839=CIRCLE('',#1127,0.0638);
#840=CIRCLE('',#1128,0.0638);
#841=CIRCLE('',#1129,0.0638);
#842=CIRCLE('',#1130,0.0638);
#843=CIRCLE('',#1131,0.0638);
#844=CIRCLE('',#1132,0.0638);
#845=CIRCLE('',#1133,0.0638);
#846=CIRCLE('',#1135,0.0661);
#847=CIRCLE('',#1136,0.0661);
#848=CIRCLE('',#1139,0.0661);
#849=CIRCLE('',#1140,0.0661);
#850=CIRCLE('',#1142,0.0661);
#851=CIRCLE('',#1143,0.0661);
#852=CIRCLE('',#1145,0.0661);
#853=CIRCLE('',#1146,0.0661);
#854=CIRCLE('',#1151,0.0675);
#855=CIRCLE('',#1153,0.0675);
#856=CIRCLE('',#1154,0.0675);
#857=CIRCLE('',#1155,0.0675);
#858=CIRCLE('',#1157,0.0675);
#859=CIRCLE('',#1173,0.00285);
#860=CIRCLE('',#1177,0.0695);
#861=CIRCLE('',#1179,0.0695);
#862=CIRCLE('',#1181,0.002);
#863=CIRCLE('',#1182,0.002);
#864=CIRCLE('',#1184,0.002);
#865=CIRCLE('',#1185,0.002);
#866=CIRCLE('',#1187,0.002);
#867=CIRCLE('',#1188,0.002);
#868=CIRCLE('',#1190,0.002);
#869=CIRCLE('',#1193,0.002);
#870=CIRCLE('',#1194,0.002);
#871=CIRCLE('',#1197,0.002);
#872=CIRCLE('',#1199,0.002);
#873=CIRCLE('',#1200,0.002);
#874=CIRCLE('',#1202,0.002);
#875=CIRCLE('',#1203,0.002);
#876=CIRCLE('',#1204,0.002);
#877=CIRCLE('',#1206,0.002);
#878=CIRCLE('',#1209,0.002);
#879=CIRCLE('',#1211,0.002);
#880=CIRCLE('',#1213,0.002);
#881=CIRCLE('',#1214,0.002);
#882=CIRCLE('',#1229,0.00125);
#883=CIRCLE('',#1231,0.00285);
#884=EDGE_LOOP('',(#269,#270,#271,#272,#273,#274,#275,#276,#277,#278,#279,
#280));
#885=EDGE_LOOP('',(#281));
#886=EDGE_LOOP('',(#282,#283,#284,#285));
#887=EDGE_LOOP('',(#286,#287,#288,#289));
#888=EDGE_LOOP('',(#290,#291,#292,#293));
#889=EDGE_LOOP('',(#294,#295,#296,#297));
#890=EDGE_LOOP('',(#298,#299,#300,#301));
#891=EDGE_LOOP('',(#302,#303,#304,#305));
#892=EDGE_LOOP('',(#306,#307,#308,#309));
#893=EDGE_LOOP('',(#310,#311,#312,#313));
#894=EDGE_LOOP('',(#314,#315,#316,#317,#318,#319,#320,#321,#322,#323,#324,
#325,#326,#327,#328,#329,#330,#331,#332,#333,#334,#335,#336,#337,#338,#339));
#895=EDGE_LOOP('',(#340,#341,#342,#343,#344,#345));
#896=EDGE_LOOP('',(#346,#347,#348,#349,#350,#351,#352,#353,#354,#355,#356,
#357));
#897=EDGE_LOOP('',(#358,#359,#360,#361,#362,#363));
#898=EDGE_LOOP('',(#364,#365,#366,#367,#368,#369));
#899=EDGE_LOOP('',(#370,#371,#372,#373,#374));
#900=EDGE_LOOP('',(#375,#376,#377,#378,#379));
#901=EDGE_LOOP('',(#380,#381,#382,#383));
#902=EDGE_LOOP('',(#384,#385,#386,#387));
#903=EDGE_LOOP('',(#388,#389,#390,#391,#392));
#904=EDGE_LOOP('',(#393,#394,#395,#396,#397));
#905=EDGE_LOOP('',(#398,#399,#400,#401));
#906=EDGE_LOOP('',(#402,#403,#404,#405));
#907=EDGE_LOOP('',(#406,#407,#408,#409,#410));
#908=EDGE_LOOP('',(#411,#412,#413,#414,#415));
#909=EDGE_LOOP('',(#416,#417,#418,#419));
#910=EDGE_LOOP('',(#420,#421,#422,#423));
#911=EDGE_LOOP('',(#424));
#912=EDGE_LOOP('',(#425,#426,#427,#428));
#913=EDGE_LOOP('',(#429,#430,#431,#432));
#914=EDGE_LOOP('',(#433,#434,#435,#436));
#915=EDGE_LOOP('',(#437,#438,#439,#440));
#916=EDGE_LOOP('',(#441,#442,#443,#444));
#917=EDGE_LOOP('',(#445,#446,#447,#448));
#918=EDGE_LOOP('',(#449,#450,#451));
#919=EDGE_LOOP('',(#452,#453,#454));
#920=EDGE_LOOP('',(#455,#456,#457,#458));
#921=EDGE_LOOP('',(#459,#460,#461,#462));
#922=EDGE_LOOP('',(#463,#464,#465,#466));
#923=EDGE_LOOP('',(#467,#468,#469,#470));
#924=EDGE_LOOP('',(#471,#472,#473,#474));
#925=EDGE_LOOP('',(#475,#476,#477,#478));
#926=EDGE_LOOP('',(#479,#480,#481));
#927=EDGE_LOOP('',(#482,#483,#484,#485));
#928=EDGE_LOOP('',(#486,#487,#488,#489));
#929=EDGE_LOOP('',(#490,#491,#492));
#930=EDGE_LOOP('',(#493,#494,#495,#496));
#931=EDGE_LOOP('',(#497,#498,#499,#500));
#932=EDGE_LOOP('',(#501,#502,#503,#504));
#933=EDGE_LOOP('',(#505,#506,#507,#508));
#934=EDGE_LOOP('',(#509,#510,#511,#512));
#935=EDGE_LOOP('',(#513,#514,#515,#516));
#936=EDGE_LOOP('',(#517,#518,#519,#520));
#937=EDGE_LOOP('',(#521,#522,#523,#524,#525));
#938=EDGE_LOOP('',(#526,#527,#528,#529));
#939=EDGE_LOOP('',(#530,#531,#532,#533));
#940=EDGE_LOOP('',(#534,#535,#536,#537));
#941=EDGE_LOOP('',(#538,#539,#540,#541));
#942=EDGE_LOOP('',(#542,#543,#544,#545,#546,#547,#548));
#943=EDGE_LOOP('',(#549,#550,#551,#552,#553));
#944=EDGE_LOOP('',(#554,#555,#556,#557));
#945=EDGE_LOOP('',(#558,#559,#560,#561));
#946=EDGE_LOOP('',(#562,#563,#564,#565));
#947=EDGE_LOOP('',(#566,#567,#568,#569));
#948=EDGE_LOOP('',(#570,#571,#572,#573,#574,#575,#576));
#949=EDGE_LOOP('',(#577));
#950=EDGE_LOOP('',(#578));
#951=EDGE_LOOP('',(#579));
#952=EDGE_LOOP('',(#580));
#953=EDGE_LOOP('',(#581));
#954=EDGE_LOOP('',(#582));
#955=FACE_BOUND('',#884,.T.);
#956=FACE_BOUND('',#885,.T.);
#957=FACE_BOUND('',#886,.T.);
#958=FACE_BOUND('',#887,.T.);
#959=FACE_BOUND('',#888,.T.);
#960=FACE_BOUND('',#889,.T.);
#961=FACE_BOUND('',#890,.T.);
#962=FACE_BOUND('',#891,.T.);
#963=FACE_BOUND('',#892,.T.);
#964=FACE_BOUND('',#893,.T.);
#965=FACE_BOUND('',#894,.T.);
#966=FACE_BOUND('',#895,.T.);
#967=FACE_BOUND('',#896,.T.);
#968=FACE_BOUND('',#897,.T.);
#969=FACE_BOUND('',#898,.T.);
#970=FACE_BOUND('',#899,.T.);
#971=FACE_BOUND('',#900,.T.);
#972=FACE_BOUND('',#901,.T.);
#973=FACE_BOUND('',#902,.T.);
#974=FACE_BOUND('',#903,.T.);
#975=FACE_BOUND('',#904,.T.);
#976=FACE_BOUND('',#905,.T.);
#977=FACE_BOUND('',#906,.T.);
#978=FACE_BOUND('',#907,.T.);
#979=FACE_BOUND('',#908,.T.);
#980=FACE_BOUND('',#909,.T.);
#981=FACE_BOUND('',#910,.T.);
#982=FACE_BOUND('',#911,.T.);
#983=FACE_BOUND('',#912,.T.);
#984=FACE_BOUND('',#913,.T.);
#985=FACE_BOUND('',#914,.T.);
#986=FACE_BOUND('',#915,.T.);
#987=FACE_BOUND('',#916,.T.);
#988=FACE_BOUND('',#917,.T.);
#989=FACE_BOUND('',#918,.T.);
#990=FACE_BOUND('',#919,.T.);
#991=FACE_BOUND('',#920,.T.);
#992=FACE_BOUND('',#921,.T.);
#993=FACE_BOUND('',#922,.T.);
#994=FACE_BOUND('',#923,.T.);
#995=FACE_BOUND('',#924,.T.);
#996=FACE_BOUND('',#925,.T.);
#997=FACE_BOUND('',#926,.T.);
#998=FACE_BOUND('',#927,.T.);
#999=FACE_BOUND('',#928,.T.);
#1000=FACE_BOUND('',#929,.T.);
#1001=FACE_BOUND('',#930,.T.);
#1002=FACE_BOUND('',#931,.T.);
#1003=FACE_BOUND('',#932,.T.);
#1004=FACE_BOUND('',#933,.T.);
#1005=FACE_BOUND('',#934,.T.);
#1006=FACE_BOUND('',#935,.T.);
#1007=FACE_BOUND('',#936,.T.);
#1008=FACE_BOUND('',#937,.T.);
#1009=FACE_BOUND('',#938,.T.);
#1010=FACE_BOUND('',#939,.T.);
#1011=FACE_BOUND('',#940,.T.);
#1012=FACE_BOUND('',#941,.T.);
#1013=FACE_BOUND('',#942,.T.);
#1014=FACE_BOUND('',#943,.T.);
#1015=FACE_BOUND('',#944,.T.);
#1016=FACE_BOUND('',#945,.T.);
#1017=FACE_BOUND('',#946,.T.);
#1018=FACE_BOUND('',#947,.T.);
#1019=FACE_BOUND('',#948,.T.);
#1020=FACE_BOUND('',#949,.T.);
#1021=FACE_BOUND('',#950,.T.);
#1022=FACE_BOUND('',#951,.T.);
#1023=FACE_BOUND('',#952,.T.);
#1024=FACE_BOUND('',#953,.T.);
#1025=FACE_BOUND('',#954,.T.);
#1026=CYLINDRICAL_SURFACE('',#1123,0.0638);
#1027=CYLINDRICAL_SURFACE('',#1134,0.0661);
#1028=CYLINDRICAL_SURFACE('',#1138,0.0661);
#1029=CYLINDRICAL_SURFACE('',#1141,0.0661);
#1030=CYLINDRICAL_SURFACE('',#1144,0.0661);
#1031=CYLINDRICAL_SURFACE('',#1156,0.0675);
#1032=CYLINDRICAL_SURFACE('',#1180,0.002);
#1033=CYLINDRICAL_SURFACE('',#1189,0.002);
#1034=CYLINDRICAL_SURFACE('',#1191,0.002);
#1035=CYLINDRICAL_SURFACE('',#1195,0.002);
#1036=CYLINDRICAL_SURFACE('',#1196,0.002);
#1037=CYLINDRICAL_SURFACE('',#1198,0.002);
#1038=CYLINDRICAL_SURFACE('',#1207,0.002);
#1039=CYLINDRICAL_SURFACE('',#1208,0.002);
#1040=CYLINDRICAL_SURFACE('',#1210,0.002);
#1041=CYLINDRICAL_SURFACE('',#1212,0.002);
#1042=CYLINDRICAL_SURFACE('',#1228,0.00125);
#1043=CYLINDRICAL_SURFACE('',#1230,0.00285);
#1044=ADVANCED_FACE('',(#955,#956),#1026,.F.);
#1045=ADVANCED_FACE('',(#957),#1027,.F.);
#1046=ADVANCED_FACE('',(#958),#22,.T.);
#1047=ADVANCED_FACE('',(#959),#1028,.F.);
#1048=ADVANCED_FACE('',(#960),#1029,.F.);
#1049=ADVANCED_FACE('',(#961),#1030,.F.);
#1050=ADVANCED_FACE('',(#962),#23,.T.);
#1051=ADVANCED_FACE('',(#963),#24,.T.);
#1052=ADVANCED_FACE('',(#964),#25,.T.);
#1053=ADVANCED_FACE('',(#965),#26,.F.);
#1054=ADVANCED_FACE('',(#966),#27,.F.);
#1055=ADVANCED_FACE('',(#967),#1031,.T.);
#1056=ADVANCED_FACE('',(#968),#28,.T.);
#1057=ADVANCED_FACE('',(#969),#29,.F.);
#1058=ADVANCED_FACE('',(#970),#30,.T.);
#1059=ADVANCED_FACE('',(#971),#31,.F.);
#1060=ADVANCED_FACE('',(#972),#32,.F.);
#1061=ADVANCED_FACE('',(#973),#33,.T.);
#1062=ADVANCED_FACE('',(#974),#34,.T.);
#1063=ADVANCED_FACE('',(#975),#35,.F.);
#1064=ADVANCED_FACE('',(#976),#36,.F.);
#1065=ADVANCED_FACE('',(#977),#37,.T.);
#1066=ADVANCED_FACE('',(#978),#38,.T.);
#1067=ADVANCED_FACE('',(#979),#39,.F.);
#1068=ADVANCED_FACE('',(#980),#40,.F.);
#1069=ADVANCED_FACE('',(#981),#41,.T.);
#1070=ADVANCED_FACE('',(#982,#983),#42,.T.);
#1071=ADVANCED_FACE('',(#984),#43,.T.);
#1072=ADVANCED_FACE('',(#985),#44,.F.);
#1073=ADVANCED_FACE('',(#986),#45,.F.);
#1074=ADVANCED_FACE('',(#987),#46,.T.);
#1075=ADVANCED_FACE('',(#988),#1032,.T.);
#1076=ADVANCED_FACE('',(#989),#18,.T.);
#1077=ADVANCED_FACE('',(#990),#19,.T.);
#1078=ADVANCED_FACE('',(#991),#1033,.T.);
#1079=ADVANCED_FACE('',(#992),#1034,.T.);
#1080=ADVANCED_FACE('',(#993),#16,.F.);
#1081=ADVANCED_FACE('',(#994),#1035,.T.);
#1082=ADVANCED_FACE('',(#995),#1036,.T.);
#1083=ADVANCED_FACE('',(#996),#1037,.T.);
#1084=ADVANCED_FACE('',(#997),#20,.T.);
#1085=ADVANCED_FACE('',(#998),#12,.F.);
#1086=ADVANCED_FACE('',(#999),#13,.F.);
#1087=ADVANCED_FACE('',(#1000),#21,.T.);
#1088=ADVANCED_FACE('',(#1001),#1038,.T.);
#1089=ADVANCED_FACE('',(#1002),#1039,.F.);
#1090=ADVANCED_FACE('',(#1003),#1040,.F.);
#1091=ADVANCED_FACE('',(#1004),#1041,.T.);
#1092=ADVANCED_FACE('',(#1005),#14,.F.);
#1093=ADVANCED_FACE('',(#1006),#15,.F.);
#1094=ADVANCED_FACE('',(#1007),#17,.F.);
#1095=ADVANCED_FACE('',(#1008),#47,.F.);
#1096=ADVANCED_FACE('',(#1009),#48,.F.);
#1097=ADVANCED_FACE('',(#1010),#49,.T.);
#1098=ADVANCED_FACE('',(#1011),#50,.T.);
#1099=ADVANCED_FACE('',(#1012),#51,.T.);
#1100=ADVANCED_FACE('',(#1013),#52,.F.);
#1101=ADVANCED_FACE('',(#1014),#53,.T.);
#1102=ADVANCED_FACE('',(#1015),#54,.T.);
#1103=ADVANCED_FACE('',(#1016),#55,.F.);
#1104=ADVANCED_FACE('',(#1017),#56,.F.);
#1105=ADVANCED_FACE('',(#1018),#57,.F.);
#1106=ADVANCED_FACE('',(#1019),#58,.F.);
#1107=ADVANCED_FACE('',(#1020,#1021),#1042,.F.);
#1108=ADVANCED_FACE('',(#1022,#1023),#1043,.F.);
#1109=ADVANCED_FACE('',(#1024,#1025),#59,.T.);
#1110=CLOSED_SHELL('',(#1044,#1045,#1046,#1047,#1048,#1049,#1050,#1051,
#1052,#1053,#1054,#1055,#1056,#1057,#1058,#1059,#1060,#1061,#1062,#1063,
#1064,#1065,#1066,#1067,#1068,#1069,#1070,#1071,#1072,#1073,#1074,#1075,
#1076,#1077,#1078,#1079,#1080,#1081,#1082,#1083,#1084,#1085,#1086,#1087,
#1088,#1089,#1090,#1091,#1092,#1093,#1094,#1095,#1096,#1097,#1098,#1099,
#1100,#1101,#1102,#1103,#1104,#1105,#1106,#1107,#1108,#1109));
#1111=STYLED_ITEM('',(#1112),#1119);
#1112=PRESENTATION_STYLE_ASSIGNMENT((#1113));
#1113=SURFACE_STYLE_USAGE(.BOTH.,#1114);
#1114=SURFACE_SIDE_STYLE('',(#1115));
#1115=SURFACE_STYLE_FILL_AREA(#1116);
#1116=FILL_AREA_STYLE('',(#1117));
#1117=FILL_AREA_STYLE_COLOUR('',#1118);
#1118=COLOUR_RGB('',0.917647058823529,0.917647058823529,0.917647058823529);
#1119=MANIFOLD_SOLID_BREP('Hull Shell3',#1110);
#1120=SHAPE_DEFINITION_REPRESENTATION(#2055,#1121);
#1121=SHAPE_REPRESENTATION('Hull Shell3',(#1122),#2050);
#1122=AXIS2_PLACEMENT_3D('',#1555,#1233,#1234);
#1123=AXIS2_PLACEMENT_3D('',#1556,#1235,#1236);
#1124=AXIS2_PLACEMENT_3D('',#1557,#1237,#1238);
#1125=AXIS2_PLACEMENT_3D('',#1562,#1240,#1241);
#1126=AXIS2_PLACEMENT_3D('',#1564,#1242,#1243);
#1127=AXIS2_PLACEMENT_3D('',#1566,#1244,#1245);
#1128=AXIS2_PLACEMENT_3D('',#1568,#1246,#1247);
#1129=AXIS2_PLACEMENT_3D('',#1570,#1248,#1249);
#1130=AXIS2_PLACEMENT_3D('',#1572,#1250,#1251);
#1131=AXIS2_PLACEMENT_3D('',#1574,#1252,#1253);
#1132=AXIS2_PLACEMENT_3D('',#1576,#1254,#1255);
#1133=AXIS2_PLACEMENT_3D('',#1578,#1256,#1257);
#1134=AXIS2_PLACEMENT_3D('',#1593,#1259,#1260);
#1135=AXIS2_PLACEMENT_3D('',#1597,#1262,#1263);
#1136=AXIS2_PLACEMENT_3D('',#1601,#1265,#1266);
#1137=AXIS2_PLACEMENT_3D('',#1602,#1267,#1268);
#1138=AXIS2_PLACEMENT_3D('',#1605,#1271,#1272);
#1139=AXIS2_PLACEMENT_3D('',#1609,#1274,#1275);
#1140=AXIS2_PLACEMENT_3D('',#1613,#1277,#1278);
#1141=AXIS2_PLACEMENT_3D('',#1614,#1279,#1280);
#1142=AXIS2_PLACEMENT_3D('',#1615,#1281,#1282);
#1143=AXIS2_PLACEMENT_3D('',#1620,#1284,#1285);
#1144=AXIS2_PLACEMENT_3D('',#1623,#1287,#1288);
#1145=AXIS2_PLACEMENT_3D('',#1624,#1289,#1290);
#1146=AXIS2_PLACEMENT_3D('',#1629,#1292,#1293);
#1147=AXIS2_PLACEMENT_3D('',#1632,#1295,#1296);
#1148=AXIS2_PLACEMENT_3D('',#1635,#1299,#1300);
#1149=AXIS2_PLACEMENT_3D('',#1638,#1303,#1304);
#1150=AXIS2_PLACEMENT_3D('',#1641,#1307,#1308);
#1151=AXIS2_PLACEMENT_3D('',#1681,#1330,#1331);
#1152=AXIS2_PLACEMENT_3D('',#1682,#1332,#1333);
#1153=AXIS2_PLACEMENT_3D('',#1683,#1334,#1335);
#1154=AXIS2_PLACEMENT_3D('',#1689,#1338,#1339);
#1155=AXIS2_PLACEMENT_3D('',#1691,#1340,#1341);
#1156=AXIS2_PLACEMENT_3D('',#1692,#1342,#1343);
#1157=AXIS2_PLACEMENT_3D('',#1716,#1347,#1348);
#1158=AXIS2_PLACEMENT_3D('',#1738,#1350,#1351);
#1159=AXIS2_PLACEMENT_3D('',#1742,#1354,#1355);
#1160=AXIS2_PLACEMENT_3D('',#1746,#1358,#1359);
#1161=AXIS2_PLACEMENT_3D('',#1750,#1362,#1363);
#1162=AXIS2_PLACEMENT_3D('',#1754,#1366,#1367);
#1163=AXIS2_PLACEMENT_3D('',#1756,#1369,#1370);
#1164=AXIS2_PLACEMENT_3D('',#1757,#1371,#1372);
#1165=AXIS2_PLACEMENT_3D('',#1761,#1375,#1376);
#1166=AXIS2_PLACEMENT_3D('',#1765,#1379,#1380);
#1167=AXIS2_PLACEMENT_3D('',#1767,#1382,#1383);
#1168=AXIS2_PLACEMENT_3D('',#1768,#1384,#1385);
#1169=AXIS2_PLACEMENT_3D('',#1772,#1388,#1389);
#1170=AXIS2_PLACEMENT_3D('',#1776,#1392,#1393);
#1171=AXIS2_PLACEMENT_3D('',#1778,#1395,#1396);
#1172=AXIS2_PLACEMENT_3D('',#1779,#1397,#1398);
#1173=AXIS2_PLACEMENT_3D('',#1780,#1399,#1400);
#1174=AXIS2_PLACEMENT_3D('',#1790,#1405,#1406);
#1175=AXIS2_PLACEMENT_3D('',#1799,#1411,#1412);
#1176=AXIS2_PLACEMENT_3D('',#1808,#1417,#1418);
#1177=AXIS2_PLACEMENT_3D('',#1812,#1420,#1421);
#1178=AXIS2_PLACEMENT_3D('',#1817,#1424,#1425);
#1179=AXIS2_PLACEMENT_3D('',#1821,#1427,#1428);
#1180=AXIS2_PLACEMENT_3D('',#1826,#1431,#1432);
#1181=AXIS2_PLACEMENT_3D('',#1827,#1433,#1434);
#1182=AXIS2_PLACEMENT_3D('',#1828,#1435,#1436);
#1183=AXIS2_PLACEMENT_3D('',#1829,#1437,#1438);
#1184=AXIS2_PLACEMENT_3D('',#1830,#1439,#1440);
#1185=AXIS2_PLACEMENT_3D('',#1831,#1441,#1442);
#1186=AXIS2_PLACEMENT_3D('',#1832,#1443,#1444);
#1187=AXIS2_PLACEMENT_3D('',#1833,#1445,#1446);
#1188=AXIS2_PLACEMENT_3D('',#1834,#1447,#1448);
#1189=AXIS2_PLACEMENT_3D('',#1835,#1449,#1450);
#1190=AXIS2_PLACEMENT_3D('',#1836,#1451,#1452);
#1191=AXIS2_PLACEMENT_3D('',#1837,#1453,#1454);
#1192=AXIS2_PLACEMENT_3D('',#1848,#1455,#1456);
#1193=AXIS2_PLACEMENT_3D('',#1849,#1457,#1458);
#1194=AXIS2_PLACEMENT_3D('',#1850,#1459,#1460);
#1195=AXIS2_PLACEMENT_3D('',#1851,#1461,#1462);
#1196=AXIS2_PLACEMENT_3D('',#1862,#1463,#1464);
#1197=AXIS2_PLACEMENT_3D('',#1863,#1465,#1466);
#1198=AXIS2_PLACEMENT_3D('',#1864,#1467,#1468);
#1199=AXIS2_PLACEMENT_3D('',#1865,#1469,#1470);
#1200=AXIS2_PLACEMENT_3D('',#1866,#1471,#1472);
#1201=AXIS2_PLACEMENT_3D('',#1867,#1473,#1474);
#1202=AXIS2_PLACEMENT_3D('',#1868,#1475,#1476);
#1203=AXIS2_PLACEMENT_3D('',#1896,#1477,#1478);
#1204=AXIS2_PLACEMENT_3D('',#1921,#1479,#1480);
#1205=AXIS2_PLACEMENT_3D('',#1922,#1481,#1482);
#1206=AXIS2_PLACEMENT_3D('',#1923,#1483,#1484);
#1207=AXIS2_PLACEMENT_3D('',#1924,#1485,#1486);
#1208=AXIS2_PLACEMENT_3D('',#1935,#1487,#1488);
#1209=AXIS2_PLACEMENT_3D('',#1936,#1489,#1490);
#1210=AXIS2_PLACEMENT_3D('',#1937,#1491,#1492);
#1211=AXIS2_PLACEMENT_3D('',#1938,#1493,#1494);
#1212=AXIS2_PLACEMENT_3D('',#1939,#1495,#1496);
#1213=AXIS2_PLACEMENT_3D('',#1974,#1497,#1498);
#1214=AXIS2_PLACEMENT_3D('',#2002,#1499,#1500);
#1215=AXIS2_PLACEMENT_3D('',#2003,#1501,#1502);
#1216=AXIS2_PLACEMENT_3D('',#2004,#1503,#1504);
#1217=AXIS2_PLACEMENT_3D('',#2008,#1507,#1508);
#1218=AXIS2_PLACEMENT_3D('',#2012,#1511,#1512);
#1219=AXIS2_PLACEMENT_3D('',#2016,#1515,#1516);
#1220=AXIS2_PLACEMENT_3D('',#2020,#1519,#1520);
#1221=AXIS2_PLACEMENT_3D('',#2022,#1522,#1523);
#1222=AXIS2_PLACEMENT_3D('',#2023,#1524,#1525);
#1223=AXIS2_PLACEMENT_3D('',#2027,#1528,#1529);
#1224=AXIS2_PLACEMENT_3D('',#2031,#1532,#1533);
#1225=AXIS2_PLACEMENT_3D('',#2035,#1536,#1537);
#1226=AXIS2_PLACEMENT_3D('',#2039,#1540,#1541);
#1227=AXIS2_PLACEMENT_3D('',#2041,#1543,#1544);
#1228=AXIS2_PLACEMENT_3D('',#2042,#1545,#1546);
#1229=AXIS2_PLACEMENT_3D('',#2043,#1547,#1548);
#1230=AXIS2_PLACEMENT_3D('',#2045,#1549,#1550);
#1231=AXIS2_PLACEMENT_3D('',#2046,#1551,#1552);
#1232=AXIS2_PLACEMENT_3D('',#2048,#1553,#1554);
#1233=DIRECTION('',(0.,0.,1.));
#1234=DIRECTION('',(1.,0.,0.));
#1235=DIRECTION('',(0.,-1.,0.));
#1236=DIRECTION('',(0.,0.,-1.));
#1237=DIRECTION('',(0.,-1.,0.));
#1238=DIRECTION('',(0.,0.,-1.));
#1239=DIRECTION('',(0.,-1.,0.));
#1240=DIRECTION('',(0.,-1.,0.));
#1241=DIRECTION('',(0.,0.,-1.));
#1242=DIRECTION('',(0.,-1.,0.));
#1243=DIRECTION('',(0.,0.,-1.));
#1244=DIRECTION('',(0.,-1.,0.));
#1245=DIRECTION('',(0.,0.,-1.));
#1246=DIRECTION('',(0.,-1.,0.));
#1247=DIRECTION('',(0.,0.,-1.));
#1248=DIRECTION('',(0.,-1.,0.));
#1249=DIRECTION('',(0.,0.,-1.));
#1250=DIRECTION('',(0.,-1.,0.));
#1251=DIRECTION('',(0.,0.,-1.));
#1252=DIRECTION('',(0.,-1.,0.));
#1253=DIRECTION('',(0.,0.,-1.));
#1254=DIRECTION('',(0.,-1.,0.));
#1255=DIRECTION('',(0.,0.,-1.));
#1256=DIRECTION('',(0.,-1.,0.));
#1257=DIRECTION('',(0.,0.,-1.));
#1258=DIRECTION('',(0.,-1.,0.));
#1259=DIRECTION('',(0.,-1.,0.));
#1260=DIRECTION('',(0.,0.,-1.));
#1261=DIRECTION('',(0.,-1.,0.));
#1262=DIRECTION('',(0.,-1.,0.));
#1263=DIRECTION('',(0.,0.,-1.));
#1264=DIRECTION('',(0.,-1.,0.));
#1265=DIRECTION('',(0.,-1.,0.));
#1266=DIRECTION('',(0.,0.,-1.));
#1267=DIRECTION('',(0.,-1.,0.));
#1268=DIRECTION('',(0.,0.,-1.));
#1269=DIRECTION('',(0.587836794467625,0.,0.808979544284049));
#1270=DIRECTION('',(0.866025403784439,0.,0.5));
#1271=DIRECTION('',(0.,-1.,0.));
#1272=DIRECTION('',(0.,0.,-1.));
#1273=DIRECTION('',(0.,-1.,0.));
#1274=DIRECTION('',(0.,-1.,0.));
#1275=DIRECTION('',(0.,0.,-1.));
#1276=DIRECTION('',(0.,-1.,0.));
#1277=DIRECTION('',(0.,-1.,0.));
#1278=DIRECTION('',(0.,0.,-1.));
#1279=DIRECTION('',(0.,-1.,0.));
#1280=DIRECTION('',(0.,0.,-1.));
#1281=DIRECTION('',(0.,-1.,0.));
#1282=DIRECTION('',(0.,0.,-1.));
#1283=DIRECTION('',(0.,-1.,0.));
#1284=DIRECTION('',(0.,-1.,0.));
#1285=DIRECTION('',(0.,0.,-1.));
#1286=DIRECTION('',(0.,-1.,0.));
#1287=DIRECTION('',(0.,-1.,0.));
#1288=DIRECTION('',(0.,0.,-1.));
#1289=DIRECTION('',(0.,-1.,0.));
#1290=DIRECTION('',(0.,0.,-1.));
#1291=DIRECTION('',(0.,-1.,0.));
#1292=DIRECTION('',(0.,-1.,0.));
#1293=DIRECTION('',(0.,0.,-1.));
#1294=DIRECTION('',(0.,-1.,0.));
#1295=DIRECTION('',(0.,-1.,0.));
#1296=DIRECTION('',(0.,0.,-1.));
#1297=DIRECTION('',(0.,0.,1.));
#1298=DIRECTION('',(-0.866025403784439,0.,0.5));
#1299=DIRECTION('',(0.,-1.,0.));
#1300=DIRECTION('',(0.,0.,-1.));
#1301=DIRECTION('',(0.,0.,1.));
#1302=DIRECTION('',(0.866025403784439,0.,0.5));
#1303=DIRECTION('',(0.,-1.,0.));
#1304=DIRECTION('',(0.,0.,-1.));
#1305=DIRECTION('',(-0.587836794467625,0.,0.808979544284049));
#1306=DIRECTION('',(-0.866025403784439,0.,0.5));
#1307=DIRECTION('',(0.,1.,0.));
#1308=DIRECTION('',(0.,0.,1.));
#1309=DIRECTION('',(1.,0.,1.83697019872103E-16));
#1310=DIRECTION('',(0.0871557427476577,0.,-0.996194698091746));
#1311=DIRECTION('',(-1.,0.,0.));
#1312=DIRECTION('',(0.,0.,-1.));
#1313=DIRECTION('',(0.202599719211846,0.,-0.979261637038479));
#1314=DIRECTION('',(-0.587836794467625,0.,0.808979544284049));
#1315=DIRECTION('',(0.866025403784439,0.,-0.5));
#1316=DIRECTION('',(-0.5,0.,-0.866025403784439));
#1317=DIRECTION('',(0.866025403784439,0.,-0.5));
#1318=DIRECTION('',(0.,0.,-1.));
#1319=DIRECTION('',(-1.,0.,0.));
#1320=DIRECTION('',(0.,0.,-1.));
#1321=DIRECTION('',(-0.866025403784439,0.,-0.5));
#1322=DIRECTION('',(-0.5,0.,0.866025403784439));
#1323=DIRECTION('',(-0.866025403784439,0.,-0.5));
#1324=DIRECTION('',(0.587836794467625,0.,0.808979544284049));
#1325=DIRECTION('',(-0.202599719211846,0.,-0.979261637038479));
#1326=DIRECTION('',(0.,0.,-1.));
#1327=DIRECTION('',(1.,0.,0.));
#1328=DIRECTION('',(-0.0871557427476577,0.,-0.996194698091746));
#1329=DIRECTION('',(-1.,0.,-3.06161699786839E-16));
#1330=DIRECTION('',(0.,-1.,0.));
#1331=DIRECTION('',(0.,0.,-1.));
#1332=DIRECTION('',(0.,-1.,0.));
#1333=DIRECTION('',(0.,0.,-1.));
#1334=DIRECTION('',(0.,-1.,0.));
#1335=DIRECTION('',(0.,0.,-1.));
#1336=DIRECTION('',(1.,0.,3.06161699786839E-16));
#1337=DIRECTION('',(-1.,0.,-1.83697019872103E-16));
#1338=DIRECTION('',(0.,-1.,0.));
#1339=DIRECTION('',(0.,0.,-1.));
#1340=DIRECTION('',(0.,-1.,0.));
#1341=DIRECTION('',(0.,0.,-1.));
#1342=DIRECTION('',(0.,-1.,0.));
#1343=DIRECTION('',(0.,0.,-1.));
#1344=DIRECTION('',(0.,1.,0.));
#1345=DIRECTION('',(0.,1.,0.));
#1346=DIRECTION('',(0.,-1.,0.));
#1347=DIRECTION('',(0.,-1.,0.));
#1348=DIRECTION('',(0.,0.,-1.));
#1349=DIRECTION('',(0.,-1.,0.));
#1350=DIRECTION('',(3.06161699786839E-16,0.,-1.));
#1351=DIRECTION('',(0.,1.,0.));
#1352=DIRECTION('',(0.,-1.,0.));
#1353=DIRECTION('',(-1.,0.,0.));
#1354=DIRECTION('',(-1.83697019872103E-16,0.,1.));
#1355=DIRECTION('',(0.,1.,0.));
#1356=DIRECTION('',(1.,0.,0.));
#1357=DIRECTION('',(0.,-1.,0.));
#1358=DIRECTION('',(0.5,0.,0.866025403784439));
#1359=DIRECTION('',(0.,1.,0.));
#1360=DIRECTION('',(1.80277751848459E-16,-1.,-1.04083408558608E-16));
#1361=DIRECTION('',(-0.866025403784439,0.,0.5));
#1362=DIRECTION('',(0.5,0.,0.866025403784439));
#1363=DIRECTION('',(0.,1.,0.));
#1364=DIRECTION('',(-0.866025403784439,0.,0.5));
#1365=DIRECTION('',(1.80277751848459E-16,-1.,-1.04083408558608E-16));
#1366=DIRECTION('',(0.,-1.,0.));
#1367=DIRECTION('',(0.866025403784439,0.,-0.5));
#1368=DIRECTION('',(-0.5,0.,-0.866025403784439));
#1369=DIRECTION('',(0.866025403784439,2.08166817117217E-16,-0.5));
#1370=DIRECTION('',(-1.80277751848459E-16,1.,1.04083408558608E-16));
#1371=DIRECTION('',(0.5,0.,-0.866025403784439));
#1372=DIRECTION('',(0.,1.,0.));
#1373=DIRECTION('',(-1.80277751848459E-16,-1.,-1.04083408558608E-16));
#1374=DIRECTION('',(0.866025403784439,0.,0.5));
#1375=DIRECTION('',(0.5,0.,-0.866025403784439));
#1376=DIRECTION('',(0.,1.,0.));
#1377=DIRECTION('',(0.866025403784439,0.,0.5));
#1378=DIRECTION('',(-1.80277751848459E-16,-1.,-1.04083408558608E-16));
#1379=DIRECTION('',(0.,-1.,0.));
#1380=DIRECTION('',(-0.866025403784439,0.,-0.5));
#1381=DIRECTION('',(-0.5,0.,0.866025403784439));
#1382=DIRECTION('',(-0.866025403784439,2.08166817117217E-16,-0.5));
#1383=DIRECTION('',(1.80277751848459E-16,1.,1.04083408558608E-16));
#1384=DIRECTION('',(1.,0.,0.));
#1385=DIRECTION('',(0.,1.,0.));
#1386=DIRECTION('',(0.,-1.,-2.08166817117217E-16));
#1387=DIRECTION('',(0.,0.,1.));
#1388=DIRECTION('',(1.,0.,0.));
#1389=DIRECTION('',(0.,1.,0.));
#1390=DIRECTION('',(0.,0.,1.));
#1391=DIRECTION('',(0.,-1.,-2.08166817117217E-16));
#1392=DIRECTION('',(0.,-1.,0.));
#1393=DIRECTION('',(0.,0.,-1.));
#1394=DIRECTION('',(-1.,0.,0.));
#1395=DIRECTION('',(0.,2.08166817117217E-16,-1.));
#1396=DIRECTION('',(0.,1.,2.08166817117217E-16));
#1397=DIRECTION('',(0.,0.,1.));
#1398=DIRECTION('',(1.,0.,0.));
#1399=DIRECTION('',(0.,0.,1.));
#1400=DIRECTION('',(1.,0.,0.));
#1401=DIRECTION('',(-1.,0.,0.));
#1402=DIRECTION('',(0.,-1.,0.));
#1403=DIRECTION('',(-1.,0.,0.));
#1404=DIRECTION('',(0.,-1.,0.));
#1405=DIRECTION('',(-0.650791373455969,0.,0.759256602365297));
#1406=DIRECTION('',(0.759256602365297,0.,0.650791373455969));
#1407=DIRECTION('',(-0.759256602365297,0.,-0.650791373455969));
#1408=DIRECTION('',(0.,1.,0.));
#1409=DIRECTION('',(-0.759256602365297,0.,-0.650791373455969));
#1410=DIRECTION('',(0.,-1.,0.));
#1411=DIRECTION('',(-0.650791373455969,0.,-0.759256602365297));
#1412=DIRECTION('',(-0.759256602365297,0.,0.650791373455969));
#1413=DIRECTION('',(0.759256602365297,0.,-0.650791373455969));
#1414=DIRECTION('',(0.,-1.,0.));
#1415=DIRECTION('',(0.759256602365297,0.,-0.650791373455969));
#1416=DIRECTION('',(0.,-1.,0.));
#1417=DIRECTION('',(0.,-1.,0.));
#1418=DIRECTION('',(1.,0.,0.));
#1419=DIRECTION('',(0.759256602365297,0.,-0.650791373455969));
#1420=DIRECTION('',(0.,-1.,0.));
#1421=DIRECTION('',(0.,0.,-1.));
#1422=DIRECTION('',(-0.759256602365297,0.,-0.650791373455969));
#1423=DIRECTION('',(-1.,0.,0.));
#1424=DIRECTION('',(0.,-1.,0.));
#1425=DIRECTION('',(1.,0.,0.));
#1426=DIRECTION('',(-0.759256602365297,0.,-0.650791373455969));
#1427=DIRECTION('',(0.,-1.,0.));
#1428=DIRECTION('',(0.,0.,-1.));
#1429=DIRECTION('',(0.759256602365297,0.,-0.650791373455969));
#1430=DIRECTION('',(-1.,0.,0.));
#1431=DIRECTION('',(1.,0.,0.));
#1432=DIRECTION('',(0.,0.,-1.));
#1433=DIRECTION('',(1.,0.,-6.93889390390722E-15));
#1434=DIRECTION('',(-6.93889390390722E-15,0.,-1.));
#1435=DIRECTION('',(-1.,-2.16840434497101E-15,0.));
#1436=DIRECTION('',(2.16840434497101E-15,-1.,0.));
#1437=DIRECTION('',(-7.37257477290142E-15,1.,0.));
#1438=DIRECTION('',(-1.,-7.37257477290142E-15,0.));
#1439=DIRECTION('',(-0.759256602365297,-5.59767607275723E-15,0.650791373455969));
#1440=DIRECTION('',(0.650791373455969,0.,0.759256602365297));
#1441=DIRECTION('',(0.,1.,0.));
#1442=DIRECTION('',(0.,0.,1.));
#1443=DIRECTION('',(-2.60208521396521E-15,1.,0.));
#1444=DIRECTION('',(-1.,-2.60208521396521E-15,0.));
#1445=DIRECTION('',(0.,1.,0.));
#1446=DIRECTION('',(0.,0.,1.));
#1447=DIRECTION('',(0.759256602365298,0.,0.650791373455967));
#1448=DIRECTION('',(0.650791373455967,0.,-0.759256602365298));
#1449=DIRECTION('',(0.,1.,0.));
#1450=DIRECTION('',(0.,0.,1.));
#1451=DIRECTION('',(0.,-1.,0.));
#1452=DIRECTION('',(0.,0.,-1.));
#1453=DIRECTION('',(0.759256602365297,0.,-0.650791373455969));
#1454=DIRECTION('',(-0.650791373455969,0.,-0.759256602365297));
#1455=DIRECTION('',(0.,-1.,0.));
#1456=DIRECTION('',(0.,0.,-1.));
#1457=DIRECTION('',(0.993743235140642,0.,0.111688775676926));
#1458=DIRECTION('',(0.111688775676926,0.,-0.993743235140642));
#1459=DIRECTION('',(-0.993743235140642,0.,0.111688775676926));
#1460=DIRECTION('',(0.111688775676926,0.,0.993743235140642));
#1461=DIRECTION('',(0.759256602365297,0.,0.650791373455969));
#1462=DIRECTION('',(0.650791373455969,0.,-0.759256602365297));
#1463=DIRECTION('',(0.,-1.,0.));
#1464=DIRECTION('',(0.,0.,-1.));
#1465=DIRECTION('',(0.,-1.,0.));
#1466=DIRECTION('',(0.,0.,-1.));
#1467=DIRECTION('',(-1.,0.,0.));
#1468=DIRECTION('',(0.,0.,1.));
#1469=DIRECTION('',(1.,4.33680868994202E-16,0.));
#1470=DIRECTION('',(-4.33680868994202E-16,1.,0.));
#1471=DIRECTION('',(-1.,0.,-8.67361737988403E-16));
#1472=DIRECTION('',(-8.67361737988403E-16,0.,1.));
#1473=DIRECTION('',(0.,-1.,0.));
#1474=DIRECTION('',(0.,0.,-1.));
#1475=DIRECTION('',(-0.759256602365297,0.,0.650791373455969));
#1476=DIRECTION('',(0.650791373455969,0.,0.759256602365297));
#1477=DIRECTION('',(0.,-1.,0.));
#1478=DIRECTION('',(0.,0.,-1.));
#1479=DIRECTION('',(0.,-1.,0.));
#1480=DIRECTION('',(0.,0.,-1.));
#1481=DIRECTION('',(4.33680868994202E-16,-1.,0.));
#1482=DIRECTION('',(1.,4.33680868994202E-16,0.));
#1483=DIRECTION('',(0.759256602365297,3.29275063103367E-16,0.650791373455969));
#1484=DIRECTION('',(0.650791373455969,0.,-0.759256602365297));
#1485=DIRECTION('',(-0.759256602365297,0.,0.650791373455969));
#1486=DIRECTION('',(0.650791373455969,0.,0.759256602365297));
#1487=DIRECTION('',(0.,-1.,0.));
#1488=DIRECTION('',(0.,0.,-1.));
#1489=DIRECTION('',(0.,1.,0.));
#1490=DIRECTION('',(0.,0.,1.));
#1491=DIRECTION('',(0.,-1.,0.));
#1492=DIRECTION('',(0.,0.,-1.));
#1493=DIRECTION('',(0.,1.,0.));
#1494=DIRECTION('',(0.,0.,1.));
#1495=DIRECTION('',(-0.759256602365297,0.,-0.650791373455969));
#1496=DIRECTION('',(-0.650791373455969,0.,0.759256602365297));
#1497=DIRECTION('',(-0.993743235140642,0.,0.111688775676926));
#1498=DIRECTION('',(0.111688775676926,0.,0.993743235140642));
#1499=DIRECTION('',(0.993743235140642,5.17905724639225E-16,0.111688775676926));
#1500=DIRECTION('',(0.111688775676926,0.,-0.993743235140642));
#1501=DIRECTION('',(0.,-1.,0.));
#1502=DIRECTION('',(0.,0.,-1.));
#1503=DIRECTION('',(0.808979544284049,0.,-0.587836794467625));
#1504=DIRECTION('',(-0.587836794467625,0.,-0.808979544284049));
#1505=DIRECTION('',(0.587836794467625,0.,0.808979544284049));
#1506=DIRECTION('',(0.,-1.,0.));
#1507=DIRECTION('',(-0.996194698091746,0.,0.0871557427476576));
#1508=DIRECTION('',(0.0871557427476577,0.,0.996194698091746));
#1509=DIRECTION('',(0.,-1.,0.));
#1510=DIRECTION('',(-0.0871557427476577,0.,-0.996194698091746));
#1511=DIRECTION('',(-0.979261637038479,0.,0.202599719211846));
#1512=DIRECTION('',(0.202599719211846,0.,0.979261637038479));
#1513=DIRECTION('',(-0.202599719211846,0.,-0.979261637038479));
#1514=DIRECTION('',(0.,-1.,0.));
#1515=DIRECTION('',(-1.,0.,0.));
#1516=DIRECTION('',(0.,0.,1.));
#1517=DIRECTION('',(0.,0.,-1.));
#1518=DIRECTION('',(0.,-1.,0.));
#1519=DIRECTION('',(0.,0.,-1.));
#1520=DIRECTION('',(-1.,0.,0.));
#1521=DIRECTION('',(1.,0.,0.));
#1522=DIRECTION('',(0.,-1.,0.));
#1523=DIRECTION('',(1.,0.,0.));
#1524=DIRECTION('',(0.808979544284049,0.,0.587836794467625));
#1525=DIRECTION('',(0.587836794467625,0.,-0.808979544284049));
#1526=DIRECTION('',(0.,-1.,0.));
#1527=DIRECTION('',(-0.587836794467625,0.,0.808979544284049));
#1528=DIRECTION('',(-0.996194698091746,0.,-0.0871557427476576));
#1529=DIRECTION('',(-0.0871557427476577,0.,0.996194698091746));
#1530=DIRECTION('',(0.0871557427476577,0.,-0.996194698091746));
#1531=DIRECTION('',(0.,-1.,0.));
#1532=DIRECTION('',(0.,0.,1.));
#1533=DIRECTION('',(1.,0.,0.));
#1534=DIRECTION('',(-1.,0.,0.));
#1535=DIRECTION('',(0.,-1.,0.));
#1536=DIRECTION('',(-1.,0.,0.));
#1537=DIRECTION('',(0.,0.,1.));
#1538=DIRECTION('',(0.,0.,-1.));
#1539=DIRECTION('',(0.,-1.,0.));
#1540=DIRECTION('',(-0.979261637038479,0.,-0.202599719211846));
#1541=DIRECTION('',(-0.202599719211846,0.,0.979261637038479));
#1542=DIRECTION('',(0.202599719211846,0.,-0.979261637038479));
#1543=DIRECTION('',(0.,-1.,0.));
#1544=DIRECTION('',(1.,0.,0.));
#1545=DIRECTION('',(0.,0.,-1.));
#1546=DIRECTION('',(-1.,0.,0.));
#1547=DIRECTION('',(0.,0.,1.));
#1548=DIRECTION('',(1.,0.,0.));
#1549=DIRECTION('',(0.,0.,-1.));
#1550=DIRECTION('',(-1.,0.,0.));
#1551=DIRECTION('',(0.,0.,1.));
#1552=DIRECTION('',(1.,0.,0.));
#1553=DIRECTION('',(0.,0.,1.));
#1554=DIRECTION('',(1.,0.,0.));
#1555=CARTESIAN_POINT('',(0.,0.,0.));
#1556=CARTESIAN_POINT('',(0.,0.00752320699393749,0.));
#1557=CARTESIAN_POINT('',(0.,0.15,0.));
#1558=CARTESIAN_POINT('',(0.0638,0.15,1.95331164464003E-17));
#1559=CARTESIAN_POINT('',(-0.0638,0.15,-1.17198698678402E-17));
#1560=CARTESIAN_POINT('',(0.0638,0.14,1.95331164464003E-17));
#1561=CARTESIAN_POINT('',(0.0638,0.13,1.95331164464003E-17));
#1562=CARTESIAN_POINT('',(0.,0.13,0.));
#1563=CARTESIAN_POINT('',(0.0611423984335308,0.13,0.0182221599651462));
#1564=CARTESIAN_POINT('',(0.,0.13,0.));
#1565=CARTESIAN_POINT('',(0.0559871478264402,0.13,0.0305921440611858));
#1566=CARTESIAN_POINT('',(0.,0.13,0.));
#1567=CARTESIAN_POINT('',(0.0544871478264402,0.13,0.0331902202725391));
#1568=CARTESIAN_POINT('',(0.,0.13,0.));
#1569=CARTESIAN_POINT('',(0.0015,0.13,0.0637823643337248));
#1570=CARTESIAN_POINT('',(0.,0.13,0.));
#1571=CARTESIAN_POINT('',(-0.0015,0.13,0.0637823643337248));
#1572=CARTESIAN_POINT('',(0.,0.13,0.));
#1573=CARTESIAN_POINT('',(-0.0544871478264402,0.13,0.033190220272539));
#1574=CARTESIAN_POINT('',(0.,0.13,0.));
#1575=CARTESIAN_POINT('',(-0.0559871478264402,0.13,0.0305921440611857));
#1576=CARTESIAN_POINT('',(0.,0.13,0.));
#1577=CARTESIAN_POINT('',(-0.0611423984335308,0.13,0.0182221599651462));
#1578=CARTESIAN_POINT('',(0.,0.13,0.));
#1579=CARTESIAN_POINT('',(-0.0638,0.13,4.13318294712231E-18));
#1580=CARTESIAN_POINT('',(-0.0638,0.14,-1.17198698678402E-17));
#1581=CARTESIAN_POINT('',(-0.000978749947237234,0.138980627281112,0.06379389305833));
#1582=CARTESIAN_POINT('',(-0.00138554595507957,0.137999748274791,0.06378468676124));
#1583=CARTESIAN_POINT('',(-0.000979066232444495,0.137020379619723,0.0637938810577088));
#1584=CARTESIAN_POINT('',(-1.01160886622097E-6,0.136614954065387,0.0638030579792305));
#1585=CARTESIAN_POINT('',(0.000979125854354826,0.137019805178375,0.0637938870046081));
#1586=CARTESIAN_POINT('',(0.00138510210827756,0.137999818801133,0.0637846938419754));
#1587=CARTESIAN_POINT('',(0.00098046524254582,0.13897826446427,0.0637938587976985));
#1588=CARTESIAN_POINT('',(1.48089739633445E-6,0.139385276091112,0.0638030620169383));
#1589=CARTESIAN_POINT('',(-0.000978749947237234,0.138980627281112,0.06379389305833));
#1590=CARTESIAN_POINT('',(-0.00138554595507957,0.137999748274791,0.06378468676124));
#1591=CARTESIAN_POINT('',(-0.000979066232444495,0.137020379619723,0.0637938810577088));
#1592=CARTESIAN_POINT('',(-0.00125,0.138,0.0637877535268331));
#1593=CARTESIAN_POINT('',(0.,0.00752320699393749,0.));
#1594=CARTESIAN_POINT('',(0.062827360867877,0.00752320699393749,0.0205410011045608));
#1595=CARTESIAN_POINT('',(0.062827360867877,0.03,0.0205410011045608));
#1596=CARTESIAN_POINT('',(0.062827360867877,0.13,0.0205410011045608));
#1597=CARTESIAN_POINT('',(0.,0.03,0.));
#1598=CARTESIAN_POINT('',(0.0579795378279434,0.03,0.0317424509648843));
#1599=CARTESIAN_POINT('',(0.0579795378279434,0.00752320699393749,0.0317424509648843));
#1600=CARTESIAN_POINT('',(0.0579795378279434,0.13,0.0317424509648843));
#1601=CARTESIAN_POINT('',(0.,0.13,0.));
#1602=CARTESIAN_POINT('',(0.06495,0.13,1.98852024011552E-17));
#1603=CARTESIAN_POINT('',(0.0623844763793839,0.13,0.0199315045656514));
#1604=CARTESIAN_POINT('',(0.0550064915470951,0.13,0.0300259618943234));
#1605=CARTESIAN_POINT('',(0.,0.00752320699393749,0.));
#1606=CARTESIAN_POINT('',(-0.0015,0.00752320699393749,0.066082978141122));
#1607=CARTESIAN_POINT('',(-0.0015,0.03,0.066082978141122));
#1608=CARTESIAN_POINT('',(-0.0015,0.13,0.066082978141122));
#1609=CARTESIAN_POINT('',(0.,0.03,0.));
#1610=CARTESIAN_POINT('',(-0.0564795378279434,0.03,0.0343405271762376));
#1611=CARTESIAN_POINT('',(-0.0564795378279434,0.00752320699393749,0.0343405271762376));
#1612=CARTESIAN_POINT('',(-0.0564795378279434,0.13,0.0343405271762376));
#1613=CARTESIAN_POINT('',(0.,0.13,0.));
#1614=CARTESIAN_POINT('',(0.,0.00752320699393749,0.));
#1615=CARTESIAN_POINT('',(0.,0.03,0.));
#1616=CARTESIAN_POINT('',(0.0564795378279434,0.03,0.0343405271762376));
#1617=CARTESIAN_POINT('',(0.0015,0.03,0.066082978141122));
#1618=CARTESIAN_POINT('',(0.0015,0.00752320699393749,0.066082978141122));
#1619=CARTESIAN_POINT('',(0.0015,0.13,0.066082978141122));
#1620=CARTESIAN_POINT('',(0.,0.13,0.));
#1621=CARTESIAN_POINT('',(0.0564795378279434,0.13,0.0343405271762376));
#1622=CARTESIAN_POINT('',(0.0564795378279434,0.00752320699393749,0.0343405271762376));
#1623=CARTESIAN_POINT('',(0.,0.00752320699393749,0.));
#1624=CARTESIAN_POINT('',(0.,0.03,0.));
#1625=CARTESIAN_POINT('',(-0.0579795378279434,0.03,0.0317424509648843));
#1626=CARTESIAN_POINT('',(-0.062827360867877,0.03,0.0205410011045608));
#1627=CARTESIAN_POINT('',(-0.062827360867877,0.00752320699393749,0.0205410011045608));
#1628=CARTESIAN_POINT('',(-0.062827360867877,0.13,0.0205410011045608));
#1629=CARTESIAN_POINT('',(0.,0.13,0.));
#1630=CARTESIAN_POINT('',(-0.0579795378279434,0.13,0.0317424509648843));
#1631=CARTESIAN_POINT('',(-0.0579795378279434,0.00752320699393749,0.0317424509648843));
#1632=CARTESIAN_POINT('',(0.06495,0.13,1.98852024011552E-17));
#1633=CARTESIAN_POINT('',(-0.0015,0.13,0.06265));
#1634=CARTESIAN_POINT('',(-0.0535064915470952,0.13,0.0326240381056766));
#1635=CARTESIAN_POINT('',(0.06495,0.13,1.98852024011552E-17));
#1636=CARTESIAN_POINT('',(0.0015,0.13,0.06265));
#1637=CARTESIAN_POINT('',(0.0535064915470951,0.13,0.0326240381056767));
#1638=CARTESIAN_POINT('',(0.06495,0.13,1.98852024011552E-17));
#1639=CARTESIAN_POINT('',(-0.0623844763793839,0.13,0.0199315045656514));
#1640=CARTESIAN_POINT('',(-0.0550064915470952,0.13,0.0300259618943234));
#1641=CARTESIAN_POINT('',(0.0668,0.03,2.04516015457608E-17));
#1642=CARTESIAN_POINT('',(-0.0668,0.03,-1.22709609274565E-17));
#1643=CARTESIAN_POINT('',(-0.0675,0.03,-1.23995488413669E-17));
#1644=CARTESIAN_POINT('',(-0.0625,0.03,3.46944695195361E-18));
#1645=CARTESIAN_POINT('',(-0.0618438350235556,0.03,-0.0075));
#1646=CARTESIAN_POINT('',(-0.0611876700471112,0.03,-0.015));
#1647=CARTESIAN_POINT('',(-0.0598438350235556,0.03,-0.015));
#1648=CARTESIAN_POINT('',(-0.0585,0.03,-0.015));
#1649=CARTESIAN_POINT('',(-0.0585,0.03,-0.00440981753940518));
#1650=CARTESIAN_POINT('',(-0.0585,0.03,0.00618036492118968));
#1651=CARTESIAN_POINT('',(-0.0597155983152711,0.03,0.0120559347434205));
#1652=CARTESIAN_POINT('',(-0.0609311966305421,0.03,0.0179315045656515));
#1653=CARTESIAN_POINT('',(-0.0623844763793839,0.03,0.0199315045656514));
#1654=CARTESIAN_POINT('',(-0.0560024207614472,0.03,0.0306009618943233));
#1655=CARTESIAN_POINT('',(-0.054010562332743,0.03,0.0294509618943233));
#1656=CARTESIAN_POINT('',(-0.052510562332743,0.03,0.0320490381056766));
#1657=CARTESIAN_POINT('',(-0.052510562332743,0.03,0.0320490381056766));
#1658=CARTESIAN_POINT('',(-0.0545024207614472,0.03,0.0331990381056766));
#1659=CARTESIAN_POINT('',(-0.0015,0.03,0.0638));
#1660=CARTESIAN_POINT('',(-0.0015,0.03,0.0615));
#1661=CARTESIAN_POINT('',(0.0015,0.03,0.0615));
#1662=CARTESIAN_POINT('',(0.0015,0.03,0.0615));
#1663=CARTESIAN_POINT('',(0.0015,0.03,0.0638));
#1664=CARTESIAN_POINT('',(0.0545024207614472,0.03,0.0331990381056767));
#1665=CARTESIAN_POINT('',(0.052510562332743,0.03,0.0320490381056767));
#1666=CARTESIAN_POINT('',(0.054010562332743,0.03,0.0294509618943234));
#1667=CARTESIAN_POINT('',(0.054010562332743,0.03,0.0294509618943234));
#1668=CARTESIAN_POINT('',(0.0560024207614472,0.03,0.0306009618943234));
#1669=CARTESIAN_POINT('',(0.0623844763793839,0.03,0.0199315045656514));
#1670=CARTESIAN_POINT('',(0.0609311966305421,0.03,0.0179315045656515));
#1671=CARTESIAN_POINT('',(0.0597155983152711,0.03,0.0120559347434205));
#1672=CARTESIAN_POINT('',(0.0585,0.03,0.00618036492118968));
#1673=CARTESIAN_POINT('',(0.0585,0.03,-0.00440981753940518));
#1674=CARTESIAN_POINT('',(0.0585,0.03,-0.015));
#1675=CARTESIAN_POINT('',(0.0598438350235556,0.03,-0.015));
#1676=CARTESIAN_POINT('',(0.0611876700471112,0.03,-0.015));
#1677=CARTESIAN_POINT('',(0.0618438350235556,0.03,-0.0075));
#1678=CARTESIAN_POINT('',(0.0625,0.03,4.13318294712231E-18));
#1679=CARTESIAN_POINT('',(0.0668,0.03,2.04516015457608E-17));
#1680=CARTESIAN_POINT('',(0.0675,0.03,2.06659147356116E-17));
#1681=CARTESIAN_POINT('',(0.,0.03,0.));
#1682=CARTESIAN_POINT('',(0.0668,0.15,2.04516015457608E-17));
#1683=CARTESIAN_POINT('',(0.,0.15,0.));
#1684=CARTESIAN_POINT('',(0.0675,0.15,2.06659147356116E-17));
#1685=CARTESIAN_POINT('',(0.00753899235819248,0.15,0.0670776683719934));
#1686=CARTESIAN_POINT('',(0.0668,0.15,2.04516015457608E-17));
#1687=CARTESIAN_POINT('',(-0.0668,0.15,-1.22709609274565E-17));
#1688=CARTESIAN_POINT('',(-0.0675,0.15,-1.23995488413669E-17));
#1689=CARTESIAN_POINT('',(0.,0.15,0.));
#1690=CARTESIAN_POINT('',(-0.00753899235819251,0.15,0.0670776683719933));
#1691=CARTESIAN_POINT('',(0.,0.15,0.));
#1692=CARTESIAN_POINT('',(0.,0.00752320699393749,0.));
#1693=CARTESIAN_POINT('',(-0.0675,0.09,-1.23995488413669E-17));
#1694=CARTESIAN_POINT('',(0.0675,0.09,2.06659147356116E-17));
#1695=CARTESIAN_POINT('',(0.0149793308408569,0.146,0.0658169404299543));
#1696=CARTESIAN_POINT('',(0.0149793308408569,0.146392918299853,0.0658169404299543));
#1697=CARTESIAN_POINT('',(0.0147321768709014,0.147150332693492,0.065873643274958));
#1698=CARTESIAN_POINT('',(0.0139536324267861,0.148015542122526,0.0660440393104713));
#1699=CARTESIAN_POINT('',(0.0130223602937279,0.148665167309024,0.0662344548632831));
#1700=CARTESIAN_POINT('',(0.0116492657454123,0.149334034753086,0.0664939363532718));
#1701=CARTESIAN_POINT('',(0.00981317180344044,0.149854662063767,0.0667956589886979));
#1702=CARTESIAN_POINT('',(0.00830718755958322,0.15,0.0669913293877466));
#1703=CARTESIAN_POINT('',(0.00753899235819248,0.15,0.0670776683719934));
#1704=CARTESIAN_POINT('',(0.0149793308408569,0.146,0.0658169404299543));
#1705=CARTESIAN_POINT('',(0.0149793308408569,0.00752320699393749,0.0658169404299543));
#1706=CARTESIAN_POINT('',(0.0149793308408569,0.13,0.0658169404299543));
#1707=CARTESIAN_POINT('',(0.0075389923581925,0.126,0.0670776683719934));
#1708=CARTESIAN_POINT('',(0.0083069201356171,0.126,0.0669913594440572));
#1709=CARTESIAN_POINT('',(0.00981481482688258,0.126144183925728,0.066795381906044));
#1710=CARTESIAN_POINT('',(0.0120173579325068,0.126775305597355,0.0664336029708959));
#1711=CARTESIAN_POINT('',(0.0136942980808491,0.127698056201722,0.0661009021701858));
#1712=CARTESIAN_POINT('',(0.0147337861153784,0.128851786861647,0.065873264233662));
#1713=CARTESIAN_POINT('',(0.0149793308408569,0.129607886133978,0.0658169404299543));
#1714=CARTESIAN_POINT('',(0.0149793308408569,0.13,0.0658169404299543));
#1715=CARTESIAN_POINT('',(0.0075389923581925,0.126,0.0670776683719934));
#1716=CARTESIAN_POINT('',(0.,0.126,0.));
#1717=CARTESIAN_POINT('',(-0.00753899235819251,0.126,0.0670776683719933));
#1718=CARTESIAN_POINT('',(-0.014979330840857,0.13,0.0658169404299543));
#1719=CARTESIAN_POINT('',(-0.014979330840857,0.129607081700147,0.0658169404299543));
#1720=CARTESIAN_POINT('',(-0.0147321768709014,0.128849667306508,0.0658736432749581));
#1721=CARTESIAN_POINT('',(-0.0139536324267861,0.127984457877474,0.0660440393104712));
#1722=CARTESIAN_POINT('',(-0.0130223602937279,0.127334832690976,0.0662344548632831));
#1723=CARTESIAN_POINT('',(-0.0116492657454123,0.126665965246913,0.0664939363532718));
#1724=CARTESIAN_POINT('',(-0.00981317180344048,0.126145337936233,0.0667956589886979));
#1725=CARTESIAN_POINT('',(-0.00830718755958323,0.126,0.0669913293877466));
#1726=CARTESIAN_POINT('',(-0.0075389923581925,0.126,0.0670776683719934));
#1727=CARTESIAN_POINT('',(-0.014979330840857,0.13,0.0658169404299543));
#1728=CARTESIAN_POINT('',(-0.014979330840857,0.00752320699393749,0.0658169404299543));
#1729=CARTESIAN_POINT('',(-0.014979330840857,0.146,0.0658169404299543));
#1730=CARTESIAN_POINT('',(-0.00753899235819251,0.15,0.0670776683719933));
#1731=CARTESIAN_POINT('',(-0.00830692013561711,0.15,0.0669913594440571));
#1732=CARTESIAN_POINT('',(-0.00981481482688258,0.149855816074272,0.066795381906044));
#1733=CARTESIAN_POINT('',(-0.0120173579325068,0.149224694402645,0.0664336029708959));
#1734=CARTESIAN_POINT('',(-0.0136942980808491,0.148301943798278,0.0661009021701857));
#1735=CARTESIAN_POINT('',(-0.0147337861153784,0.147148213138353,0.065873264233662));
#1736=CARTESIAN_POINT('',(-0.014979330840857,0.146392113866022,0.0658169404299543));
#1737=CARTESIAN_POINT('',(-0.014979330840857,0.146,0.0658169404299543));
#1738=CARTESIAN_POINT('',(0.03375,0.105,1.03329573678058E-17));
#1739=CARTESIAN_POINT('',(0.0625,0.13,4.13318294712231E-18));
#1740=CARTESIAN_POINT('',(0.0625,0.13,4.13318294712231E-18));
#1741=CARTESIAN_POINT('',(0.065,0.13,4.13318294712231E-18));
#1742=CARTESIAN_POINT('',(-0.03375,0.105,-6.19977442068348E-18));
#1743=CARTESIAN_POINT('',(-0.065,0.13,4.13318294712231E-18));
#1744=CARTESIAN_POINT('',(-0.0625,0.13,3.46944695195361E-18));
#1745=CARTESIAN_POINT('',(-0.0625,0.13,3.46944695195361E-18));
#1746=CARTESIAN_POINT('',(-0.0284783573777249,0.105,0.0181740381056767));
#1747=CARTESIAN_POINT('',(-0.052510562332743,0.08,0.0320490381056766));
#1748=CARTESIAN_POINT('',(-0.0525105623327431,0.13,0.0320490381056766));
#1749=CARTESIAN_POINT('',(-0.0535064915470952,0.13,0.0326240381056766));
#1750=CARTESIAN_POINT('',(-0.0299783573777249,0.105,0.0155759618943234));
#1751=CARTESIAN_POINT('',(-0.0550064915470952,0.13,0.0300259618943234));
#1752=CARTESIAN_POINT('',(-0.0540105623327431,0.13,0.0294509618943234));
#1753=CARTESIAN_POINT('',(-0.054010562332743,0.08,0.0294509618943233));
#1754=CARTESIAN_POINT('',(-0.0535064915470952,0.13,0.0326240381056766));
#1755=CARTESIAN_POINT('',(-0.0525105623327431,0.13,0.0320490381056766));
#1756=CARTESIAN_POINT('',(-0.052510562332743,0.08,0.0320490381056766));
#1757=CARTESIAN_POINT('',(0.0299783573777248,0.105,0.0155759618943234));
#1758=CARTESIAN_POINT('',(0.054010562332743,0.08,0.0294509618943234));
#1759=CARTESIAN_POINT('',(0.054010562332743,0.13,0.0294509618943234));
#1760=CARTESIAN_POINT('',(0.0550064915470951,0.13,0.0300259618943234));
#1761=CARTESIAN_POINT('',(0.0284783573777248,0.105,0.0181740381056767));
#1762=CARTESIAN_POINT('',(0.0535064915470951,0.13,0.0326240381056767));
#1763=CARTESIAN_POINT('',(0.052510562332743,0.13,0.0320490381056767));
#1764=CARTESIAN_POINT('',(0.052510562332743,0.08,0.0320490381056767));
#1765=CARTESIAN_POINT('',(0.0550064915470951,0.13,0.0300259618943234));
#1766=CARTESIAN_POINT('',(0.054010562332743,0.13,0.0294509618943234));
#1767=CARTESIAN_POINT('',(0.054010562332743,0.08,0.0294509618943234));
#1768=CARTESIAN_POINT('',(0.0015,0.105,0.03375));
#1769=CARTESIAN_POINT('',(0.0015,0.08,0.0615));
#1770=CARTESIAN_POINT('',(0.0015,0.13,0.0615));
#1771=CARTESIAN_POINT('',(0.0015,0.13,0.06265));
#1772=CARTESIAN_POINT('',(-0.0015,0.105,0.03375));
#1773=CARTESIAN_POINT('',(-0.0015,0.13,0.06265));
#1774=CARTESIAN_POINT('',(-0.0015,0.13,0.0615));
#1775=CARTESIAN_POINT('',(-0.0015,0.08,0.0615));
#1776=CARTESIAN_POINT('',(0.0015,0.13,0.06265));
#1777=CARTESIAN_POINT('',(0.0015,0.13,0.0615));
#1778=CARTESIAN_POINT('',(0.0015,0.08,0.0615));
#1779=CARTESIAN_POINT('',(-8.67361737988404E-18,0.148,0.0719241988953981));
#1780=CARTESIAN_POINT('',(0.,0.138,0.0719241988953981));
#1781=CARTESIAN_POINT('',(0.00285,0.138,0.0719241988953981));
#1782=CARTESIAN_POINT('',(-0.0075,0.146,0.0719241988953981));
#1783=CARTESIAN_POINT('',(0.00676015184756902,0.146,0.0719241988953981));
#1784=CARTESIAN_POINT('',(-0.00676015184756903,0.146,0.0719241988953981));
#1785=CARTESIAN_POINT('',(-0.00676015184756903,0.148,0.0719241988953981));
#1786=CARTESIAN_POINT('',(-0.00676015184756903,0.13,0.0719241988953981));
#1787=CARTESIAN_POINT('',(-8.67361737988404E-18,0.13,0.0719241988953981));
#1788=CARTESIAN_POINT('',(0.00676015184756902,0.13,0.0719241988953981));
#1789=CARTESIAN_POINT('',(0.00676015184756902,0.148,0.0719241988953981));
#1790=CARTESIAN_POINT('',(-0.011,0.148,0.0689241988953981));
#1791=CARTESIAN_POINT('',(-0.0145,0.146,0.065924198895398));
#1792=CARTESIAN_POINT('',(-0.00806173459448097,0.146,0.0714427121001287));
#1793=CARTESIAN_POINT('',(-0.0141215801188593,0.146,0.0662485587935186));
#1794=CARTESIAN_POINT('',(-0.0141215801188593,0.128,0.0662485587935186));
#1795=CARTESIAN_POINT('',(-0.0141215801188593,0.13,0.0662485587935186));
#1796=CARTESIAN_POINT('',(-0.011,0.13,0.0689241988953981));
#1797=CARTESIAN_POINT('',(-0.00806173459448097,0.13,0.0714427121001287));
#1798=CARTESIAN_POINT('',(-0.00806173459448097,0.148,0.0714427121001287));
#1799=CARTESIAN_POINT('',(0.011,0.148,0.0689241988953981));
#1800=CARTESIAN_POINT('',(0.0145,0.13,0.065924198895398));
#1801=CARTESIAN_POINT('',(0.00806173459448095,0.13,0.0714427121001287));
#1802=CARTESIAN_POINT('',(0.0141215801188593,0.13,0.0662485587935187));
#1803=CARTESIAN_POINT('',(0.0141215801188593,0.148,0.0662485587935187));
#1804=CARTESIAN_POINT('',(0.0141215801188593,0.146,0.0662485587935187));
#1805=CARTESIAN_POINT('',(0.011,0.146,0.0689241988953981));
#1806=CARTESIAN_POINT('',(0.00806173459448095,0.146,0.0714427121001287));
#1807=CARTESIAN_POINT('',(0.00806173459448095,0.128,0.0714427121001287));
#1808=CARTESIAN_POINT('',(0.,0.148,0.00221209944769902));
#1809=CARTESIAN_POINT('',(0.0363208663919511,0.148,0.044586443571642));
#1810=CARTESIAN_POINT('',(0.006760151847569,0.148,0.0699241988953981));
#1811=CARTESIAN_POINT('',(0.00776236990954633,0.148,0.0690651548422746));
#1812=CARTESIAN_POINT('',(0.,0.148,0.));
#1813=CARTESIAN_POINT('',(-0.00776236990954637,0.148,0.0690651548422746));
#1814=CARTESIAN_POINT('',(-0.00619841725308806,0.148,0.0704056856906675));
#1815=CARTESIAN_POINT('',(-0.00676015184756904,0.148,0.0699241988953981));
#1816=CARTESIAN_POINT('',(0.0075,0.148,0.0699241988953981));
#1817=CARTESIAN_POINT('',(0.,0.128,0.00221209944769902));
#1818=CARTESIAN_POINT('',(-0.0363208663919511,0.128,0.044586443571642));
#1819=CARTESIAN_POINT('',(-0.00676015184756903,0.128,0.0699241988953981));
#1820=CARTESIAN_POINT('',(-0.00776236990954636,0.128,0.0690651548422746));
#1821=CARTESIAN_POINT('',(0.,0.128,0.));
#1822=CARTESIAN_POINT('',(0.00776236990954635,0.128,0.0690651548422746));
#1823=CARTESIAN_POINT('',(0.00619841725308804,0.128,0.0704056856906675));
#1824=CARTESIAN_POINT('',(0.00676015184756902,0.128,0.0699241988953981));
#1825=CARTESIAN_POINT('',(0.,0.128,0.0699241988953981));
#1826=CARTESIAN_POINT('',(-8.67361737988404E-18,0.146,0.0699241988953981));
#1827=CARTESIAN_POINT('',(0.006760151847569,0.146,0.0699241988953981));
#1828=CARTESIAN_POINT('',(-0.00676015184756903,0.146,0.0699241988953981));
#1829=CARTESIAN_POINT('',(0.00676015184756902,0.146,0.0699241988953981));
#1830=CARTESIAN_POINT('',(0.00676015184756902,0.146,0.0699241988953981));
#1831=CARTESIAN_POINT('',(0.00676015184756902,0.146,0.0699241988953981));
#1832=CARTESIAN_POINT('',(-0.00676015184756903,0.146,0.0699241988953981));
#1833=CARTESIAN_POINT('',(-0.00676015184756903,0.146,0.0699241988953981));
#1834=CARTESIAN_POINT('',(-0.00676015184756904,0.146,0.0699241988953981));
#1835=CARTESIAN_POINT('',(0.00676015184756902,0.148,0.0699241988953981));
#1836=CARTESIAN_POINT('',(0.00676015184756902,0.13,0.0699241988953981));
#1837=CARTESIAN_POINT('',(0.0363208663919511,0.146,0.044586443571642));
#1838=CARTESIAN_POINT('',(0.00776236990954633,0.148,0.0690651548422746));
#1839=CARTESIAN_POINT('',(0.00834704086964678,0.148,0.0688308175895529));
#1840=CARTESIAN_POINT('',(0.00950562785287908,0.147939750740494,0.0683526718097103));
#1841=CARTESIAN_POINT('',(0.0109346503599101,0.147724871020524,0.0677301270445209));
#1842=CARTESIAN_POINT('',(0.0120536955024624,0.14744740368956,0.0672240792994798));
#1843=CARTESIAN_POINT('',(0.0128735154968118,0.147166805486143,0.0668444548899955));
#1844=CARTESIAN_POINT('',(0.0135208380974018,0.146843821702083,0.0665378861597742));
#1845=CARTESIAN_POINT('',(0.0139770851298886,0.146455961208781,0.0663186018892662));
#1846=CARTESIAN_POINT('',(0.0141215801188593,0.146161330621039,0.0662485587935187));
#1847=CARTESIAN_POINT('',(0.0141215801188593,0.146,0.0662485587935187));
#1848=CARTESIAN_POINT('',(0.,0.15,0.));
#1849=CARTESIAN_POINT('',(-0.00776236990954637,0.15,0.0690651548422746));
#1850=CARTESIAN_POINT('',(0.00776236990954633,0.15,0.0690651548422746));
#1851=CARTESIAN_POINT('',(-0.00969841725308806,0.146,0.0674056856906675));
#1852=CARTESIAN_POINT('',(-0.0141215801188593,0.146,0.0662485587935186));
#1853=CARTESIAN_POINT('',(-0.0141215801188593,0.146161363023686,0.0662485587935186));
#1854=CARTESIAN_POINT('',(-0.013976517975926,0.146456209076818,0.0663188720511789));
#1855=CARTESIAN_POINT('',(-0.0135249016833586,0.146840932750539,0.0665359432248303));
#1856=CARTESIAN_POINT('',(-0.0128728809668543,0.147167465815118,0.0668447657703035));
#1857=CARTESIAN_POINT('',(-0.0120544574041144,0.147447003139181,0.0672237186919543));
#1858=CARTESIAN_POINT('',(-0.0109381400007552,0.147724210750527,0.0677285708041669));
#1859=CARTESIAN_POINT('',(-0.009507854596375,0.147939647702904,0.0683517575727479));
#1860=CARTESIAN_POINT('',(-0.00834682037147988,0.148,0.0688309059656452));
#1861=CARTESIAN_POINT('',(-0.00776236990954642,0.148,0.0690651548422747));
#1862=CARTESIAN_POINT('',(-0.00676015184756903,0.148,0.0699241988953981));
#1863=CARTESIAN_POINT('',(-0.00676015184756903,0.13,0.0699241988953981));
#1864=CARTESIAN_POINT('',(0.,0.13,0.0699241988953981));
#1865=CARTESIAN_POINT('',(0.00676015184756902,0.13,0.0699241988953981));
#1866=CARTESIAN_POINT('',(-0.00676015184756903,0.13,0.0699241988953981));
#1867=CARTESIAN_POINT('',(0.00676015184756902,0.13,0.0699241988953981));
#1868=CARTESIAN_POINT('',(0.00676015184756902,0.13,0.0699241988953981));
#1869=CARTESIAN_POINT('',(0.00753899235819249,0.15,0.0670776683719933));
#1870=CARTESIAN_POINT('',(0.00753899235819248,0.148,0.0670776683719933));
#1871=CARTESIAN_POINT('',(0.00776236990954633,0.148,0.0690651548422746));
#1872=CARTESIAN_POINT('',(0.00830095358053592,0.149999999997885,0.0669920300370317));
#1873=CARTESIAN_POINT('',(0.00814910741847385,0.14817543336058,0.0670090963296062));
#1874=CARTESIAN_POINT('',(0.0084025549346994,0.148,0.0688085674447514));
#1875=CARTESIAN_POINT('',(0.00979634480375554,0.149856890842675,0.0667979609211973));
#1876=CARTESIAN_POINT('',(0.00943962552133225,0.148371732181126,0.0668480725598664));
#1877=CARTESIAN_POINT('',(0.0096655672406606,0.147928445420834,0.0682859468600984));
#1878=CARTESIAN_POINT('',(0.0116222425375656,0.149343167452121,0.0664986241339863));
#1879=CARTESIAN_POINT('',(0.0111997629256004,0.148243195166086,0.0665719667500791));
#1880=CARTESIAN_POINT('',(0.0112235933562246,0.147671583726123,0.0676021064942245));
#1881=CARTESIAN_POINT('',(0.0129935078296592,0.148681733284411,0.0662401278622463));
#1882=CARTESIAN_POINT('',(0.0125421845243283,0.147879639600583,0.0663284190225809));
#1883=CARTESIAN_POINT('',(0.0124022551674804,0.147340866642194,0.0670638452495365));
#1884=CARTESIAN_POINT('',(0.0139296403510762,0.148035878082449,0.0660491458825869));
#1885=CARTESIAN_POINT('',(0.013456701292134,0.147468066726581,0.0661487464768728));
#1886=CARTESIAN_POINT('',(0.0132105931688238,0.147017939041228,0.0666857508012585));
#1887=CARTESIAN_POINT('',(0.0147207412153868,0.147172516994247,0.0658762534981887));
#1888=CARTESIAN_POINT('',(0.0142381001799599,0.146865364273133,0.0659840483586999));
#1889=CARTESIAN_POINT('',(0.0138966232549922,0.146586258497121,0.0663578064084978));
#1890=CARTESIAN_POINT('',(0.0149793308587842,0.146400598781892,0.0658169404258742));
#1891=CARTESIAN_POINT('',(0.0144970886947588,0.146294324854658,0.0659266943111632));
#1892=CARTESIAN_POINT('',(0.0141215801315724,0.146200299390949,0.0662485587826217));
#1893=CARTESIAN_POINT('',(0.014979330840857,0.146,0.0658169404299543));
#1894=CARTESIAN_POINT('',(0.0144970886770864,0.146,0.0659266943150383));
#1895=CARTESIAN_POINT('',(0.0141215801188593,0.146,0.0662485587935187));
#1896=CARTESIAN_POINT('',(0.0154231628657712,0.146,0.0677670719982493));
#1897=CARTESIAN_POINT('',(-0.014979330840857,0.146,0.0658169404299544));
#1898=CARTESIAN_POINT('',(-0.0144970886770864,0.146,0.0659266943150384));
#1899=CARTESIAN_POINT('',(-0.0141215801188593,0.146,0.0662485587935187));
#1900=CARTESIAN_POINT('',(-0.0149793308211755,0.146401168126185,0.0658169404344337));
#1901=CARTESIAN_POINT('',(-0.0144970886576634,0.146294743159257,0.0659266943192863));
#1902=CARTESIAN_POINT('',(-0.0141215801049101,0.146200584063095,0.0662485588054752));
#1903=CARTESIAN_POINT('',(-0.0147219702925612,0.147170926162525,0.065875965514843));
#1904=CARTESIAN_POINT('',(-0.0142393468274231,0.146864210908566,0.0659837597528055));
#1905=CARTESIAN_POINT('',(-0.0138976940164206,0.146585463081264,0.0663572827040035));
#1906=CARTESIAN_POINT('',(-0.013663571372753,0.14832407420619,0.066107376668265));
#1907=CARTESIAN_POINT('',(-0.0131845158239891,0.147676324099322,0.066206234635371));
#1908=CARTESIAN_POINT('',(-0.0129798414437739,0.14716203710308,0.0667961078518605));
#1909=CARTESIAN_POINT('',(-0.0119838760608014,0.149237252664899,0.0664395957544623));
#1910=CARTESIAN_POINT('',(-0.0115163905228598,0.14821714812569,0.0665226666970071));
#1911=CARTESIAN_POINT('',(-0.0115321072419873,0.147618626332576,0.067466855303372));
#1912=CARTESIAN_POINT('',(-0.00979099012041751,0.149859254333041,0.0667987024849644));
#1913=CARTESIAN_POINT('',(-0.00943476501124163,0.148372636485604,0.0668486593851967));
#1914=CARTESIAN_POINT('',(-0.0096610327927418,0.147929627166059,0.068287852437619));
#1915=CARTESIAN_POINT('',(-0.00829765253382897,0.149999999998015,0.0669924010482267));
#1916=CARTESIAN_POINT('',(-0.00814657966131298,0.14817470652581,0.0670093804292123));
#1917=CARTESIAN_POINT('',(-0.00839978145934894,0.148,0.068809679059026));
#1918=CARTESIAN_POINT('',(-0.0075389923581925,0.15,0.0670776683719933));
#1919=CARTESIAN_POINT('',(-0.00753899235819251,0.148,0.0670776683719933));
#1920=CARTESIAN_POINT('',(-0.00776236990954637,0.148,0.0690651548422746));
#1921=CARTESIAN_POINT('',(-0.0154231628657713,0.146,0.0677670719982493));
#1922=CARTESIAN_POINT('',(-0.00676015184756903,0.13,0.0699241988953981));
#1923=CARTESIAN_POINT('',(-0.00676015184756903,0.13,0.0699241988953981));
#1924=CARTESIAN_POINT('',(0.00969841725308804,0.13,0.0674056856906675));
#1925=CARTESIAN_POINT('',(0.0141215801188593,0.13,0.0662485587935187));
#1926=CARTESIAN_POINT('',(0.0141215801188593,0.129838636976314,0.0662485587935187));
#1927=CARTESIAN_POINT('',(0.013976517975926,0.129543790923182,0.0663188720511789));
#1928=CARTESIAN_POINT('',(0.0135249016833585,0.129159067249461,0.0665359432248304));
#1929=CARTESIAN_POINT('',(0.0128728809668543,0.128832534184882,0.0668447657703035));
#1930=CARTESIAN_POINT('',(0.0120544574041144,0.128552996860819,0.0672237186919543));
#1931=CARTESIAN_POINT('',(0.0109381400007551,0.128275789249473,0.0677285708041669));
#1932=CARTESIAN_POINT('',(0.00950785459637496,0.128060352297096,0.0683517575727479));
#1933=CARTESIAN_POINT('',(0.00834682037147985,0.128,0.0688309059656452));
#1934=CARTESIAN_POINT('',(0.0077623699095464,0.128,0.0690651548422747));
#1935=CARTESIAN_POINT('',(0.0154231628657712,0.00752320699393749,0.0677670719982493));
#1936=CARTESIAN_POINT('',(0.0154231628657712,0.13,0.0677670719982493));
#1937=CARTESIAN_POINT('',(-0.0154231628657713,0.00752320699393749,0.0677670719982492));
#1938=CARTESIAN_POINT('',(-0.0154231628657713,0.13,0.0677670719982492));
#1939=CARTESIAN_POINT('',(-0.0363208663919511,0.13,0.044586443571642));
#1940=CARTESIAN_POINT('',(-0.00776236990954636,0.128,0.0690651548422746));
#1941=CARTESIAN_POINT('',(-0.00834704086964682,0.128,0.0688308175895529));
#1942=CARTESIAN_POINT('',(-0.00950562785287913,0.128060249259506,0.0683526718097103));
#1943=CARTESIAN_POINT('',(-0.0109346503599102,0.128275128979476,0.0677301270445209));
#1944=CARTESIAN_POINT('',(-0.0120536955024625,0.12855259631044,0.0672240792994797));
#1945=CARTESIAN_POINT('',(-0.0128735154968119,0.128833194513857,0.0668444548899954));
#1946=CARTESIAN_POINT('',(-0.0135208380974019,0.129156178297917,0.0665378861597741));
#1947=CARTESIAN_POINT('',(-0.0139770851298886,0.129544038791219,0.0663186018892662));
#1948=CARTESIAN_POINT('',(-0.0141215801188593,0.129838669378961,0.0662485587935187));
#1949=CARTESIAN_POINT('',(-0.0141215801188593,0.13,0.0662485587935187));
#1950=CARTESIAN_POINT('',(0.014979330840857,0.13,0.0658169404299544));
#1951=CARTESIAN_POINT('',(0.0144970886770864,0.13,0.0659266943150384));
#1952=CARTESIAN_POINT('',(0.0141215801188593,0.13,0.0662485587935187));
#1953=CARTESIAN_POINT('',(0.0149793308211679,0.129598831873815,0.0658169404344354));
#1954=CARTESIAN_POINT('',(0.0144970886576595,0.129705256840737,0.0659266943192831));
#1955=CARTESIAN_POINT('',(0.0141215801049062,0.12979941593691,0.0662485588054785));
#1956=CARTESIAN_POINT('',(0.0147219702925646,0.128829073837475,0.0658759655148422));
#1957=CARTESIAN_POINT('',(0.0142393468274248,0.129135789091437,0.065983759752807));
#1958=CARTESIAN_POINT('',(0.0138976940164223,0.129414536918733,0.066357282704002));
#1959=CARTESIAN_POINT('',(0.013663571372751,0.12767592579381,0.0661073766682654));
#1960=CARTESIAN_POINT('',(0.0131845158239882,0.128323675900676,0.0662062346353701));
#1961=CARTESIAN_POINT('',(0.012979841443773,0.128837962896921,0.0667961078518614));
#1962=CARTESIAN_POINT('',(0.0119838760608018,0.126762747335101,0.0664395957544621));
#1963=CARTESIAN_POINT('',(0.01151639052286,0.127782851874311,0.0665226666970067));
#1964=CARTESIAN_POINT('',(0.0115321072419875,0.128381373667424,0.067466855303371));
#1965=CARTESIAN_POINT('',(0.00979099012041814,0.12614074566696,0.0667987024849643));
#1966=CARTESIAN_POINT('',(0.00943476501124208,0.127627363514394,0.0668486593851997));
#1967=CARTESIAN_POINT('',(0.00966103279274203,0.128070372833941,0.0682878524376216));
#1968=CARTESIAN_POINT('',(0.00829765253382721,0.126000000001985,0.0669924010482269));
#1969=CARTESIAN_POINT('',(0.00814657966131161,0.127825293474193,0.0670093804292052));
#1970=CARTESIAN_POINT('',(0.00839978145934825,0.128,0.0688096790590206));
#1971=CARTESIAN_POINT('',(0.00753899235819248,0.126,0.0670776683719933));
#1972=CARTESIAN_POINT('',(0.0075389923581925,0.128,0.0670776683719933));
#1973=CARTESIAN_POINT('',(0.00776236990954635,0.128,0.0690651548422746));
#1974=CARTESIAN_POINT('',(0.00776236990954635,0.126,0.0690651548422746));
#1975=CARTESIAN_POINT('',(-0.00753899235819251,0.126,0.0670776683719933));
#1976=CARTESIAN_POINT('',(-0.0075389923581925,0.128,0.0670776683719933));
#1977=CARTESIAN_POINT('',(-0.00776236990954635,0.128,0.0690651548422746));
#1978=CARTESIAN_POINT('',(-0.00830095358054682,0.126000000002115,0.0669920300370305));
#1979=CARTESIAN_POINT('',(-0.00814910741848312,0.127824566639444,0.0670090963295753));
#1980=CARTESIAN_POINT('',(-0.008402554934709,0.128,0.0688085674447349));
#1981=CARTESIAN_POINT('',(-0.00979634480375022,0.126143109157325,0.0667979609211979));
#1982=CARTESIAN_POINT('',(-0.00943962552132726,0.127628267818864,0.0668480725598802));
#1983=CARTESIAN_POINT('',(-0.0096655672406559,0.128071554579166,0.0682859468601064));
#1984=CARTESIAN_POINT('',(-0.0116222425375666,0.126656832547879,0.0664986241339862));
#1985=CARTESIAN_POINT('',(-0.0111997629256014,0.127756804833915,0.0665719667500774));
#1986=CARTESIAN_POINT('',(-0.0112235933562256,0.128328416273877,0.0676021064942232));
#1987=CARTESIAN_POINT('',(-0.0129935078296584,0.127318266715589,0.0662401278622464));
#1988=CARTESIAN_POINT('',(-0.0125421845243276,0.128120360399417,0.0663284190225814));
#1989=CARTESIAN_POINT('',(-0.0124022551674796,0.128659133357806,0.0670638452495373));
#1990=CARTESIAN_POINT('',(-0.0139296403510792,0.127964121917551,0.0660491458825862));
#1991=CARTESIAN_POINT('',(-0.0134567012921363,0.128531933273418,0.0661487464768722));
#1992=CARTESIAN_POINT('',(-0.0132105931688266,0.128982060958772,0.066685750801256));
#1993=CARTESIAN_POINT('',(-0.0147207412153759,0.128827483005753,0.0658762534981912));
#1994=CARTESIAN_POINT('',(-0.0142381001799516,0.129134635726874,0.065984048358702));
#1995=CARTESIAN_POINT('',(-0.013896623254982,0.129413741502879,0.0663578064085066));
#1996=CARTESIAN_POINT('',(-0.0149793308588075,0.129599401218108,0.0658169404258689));
#1997=CARTESIAN_POINT('',(-0.0144970886947765,0.129705675145327,0.0659266943111587));
#1998=CARTESIAN_POINT('',(-0.0141215801315944,0.129799700609051,0.0662485587826028));
#1999=CARTESIAN_POINT('',(-0.014979330840857,0.13,0.0658169404299543));
#2000=CARTESIAN_POINT('',(-0.0144970886770864,0.13,0.0659266943150383));
#2001=CARTESIAN_POINT('',(-0.0141215801188593,0.13,0.0662485587935187));
#2002=CARTESIAN_POINT('',(-0.00776236990954636,0.126,0.0690651548422746));
#2003=CARTESIAN_POINT('',(0.,0.126,0.));
#2004=CARTESIAN_POINT('',(0.0623844763793839,0.13,0.0199315045656514));
#2005=CARTESIAN_POINT('',(0.0623844763793839,0.13,0.0199315045656514));
#2006=CARTESIAN_POINT('',(0.0609311966305421,0.13,0.0179315045656515));
#2007=CARTESIAN_POINT('',(0.0609311966305421,0.13,0.0179315045656515));
#2008=CARTESIAN_POINT('',(0.0618438350235556,0.13,-0.0075));
#2009=CARTESIAN_POINT('',(0.0611876700471112,0.13,-0.015));
#2010=CARTESIAN_POINT('',(0.0611876700471112,0.13,-0.015));
#2011=CARTESIAN_POINT('',(0.0618438350235556,0.13,-0.0075));
#2012=CARTESIAN_POINT('',(0.0597155983152711,0.13,0.0120559347434205));
#2013=CARTESIAN_POINT('',(0.0597155983152711,0.13,0.0120559347434205));
#2014=CARTESIAN_POINT('',(0.0585,0.13,0.00618036492118968));
#2015=CARTESIAN_POINT('',(0.0585,0.13,0.00618036492118968));
#2016=CARTESIAN_POINT('',(0.0585,0.13,-0.00440981753940518));
#2017=CARTESIAN_POINT('',(0.0585,0.13,-0.00440981753940518));
#2018=CARTESIAN_POINT('',(0.0585,0.13,-0.015));
#2019=CARTESIAN_POINT('',(0.0585,0.13,-0.015));
#2020=CARTESIAN_POINT('',(0.0598438350235556,0.13,-0.015));
#2021=CARTESIAN_POINT('',(0.0598438350235556,0.13,-0.015));
#2022=CARTESIAN_POINT('',(0.,0.13,0.));
#2023=CARTESIAN_POINT('',(-0.0623844763793839,0.13,0.0199315045656514));
#2024=CARTESIAN_POINT('',(-0.0609311966305421,0.13,0.0179315045656515));
#2025=CARTESIAN_POINT('',(-0.0609311966305421,0.13,0.0179315045656515));
#2026=CARTESIAN_POINT('',(-0.0623844763793839,0.13,0.0199315045656514));
#2027=CARTESIAN_POINT('',(-0.0618438350235556,0.13,-0.0075));
#2028=CARTESIAN_POINT('',(-0.0618438350235556,0.13,-0.0075));
#2029=CARTESIAN_POINT('',(-0.0611876700471112,0.13,-0.015));
#2030=CARTESIAN_POINT('',(-0.0611876700471112,0.13,-0.015));
#2031=CARTESIAN_POINT('',(-0.0598438350235556,0.13,-0.015));
#2032=CARTESIAN_POINT('',(-0.0598438350235556,0.13,-0.015));
#2033=CARTESIAN_POINT('',(-0.0585,0.13,-0.015));
#2034=CARTESIAN_POINT('',(-0.0585,0.13,-0.015));
#2035=CARTESIAN_POINT('',(-0.0585,0.13,-0.00440981753940518));
#2036=CARTESIAN_POINT('',(-0.0585,0.13,-0.00440981753940518));
#2037=CARTESIAN_POINT('',(-0.0585,0.13,0.00618036492118968));
#2038=CARTESIAN_POINT('',(-0.0585,0.13,0.00618036492118968));
#2039=CARTESIAN_POINT('',(-0.0597155983152711,0.13,0.0120559347434205));
#2040=CARTESIAN_POINT('',(-0.0597155983152711,0.13,0.0120559347434205));
#2041=CARTESIAN_POINT('',(0.,0.13,0.));
#2042=CARTESIAN_POINT('',(0.,0.138,0.075));
#2043=CARTESIAN_POINT('',(0.,0.138,0.069));
#2044=CARTESIAN_POINT('',(0.00125,0.138,0.069));
#2045=CARTESIAN_POINT('',(0.,0.138,0.079));
#2046=CARTESIAN_POINT('',(0.,0.138,0.069));
#2047=CARTESIAN_POINT('',(0.00285,0.138,0.069));
#2048=CARTESIAN_POINT('',(0.,0.075,0.069));
#2049=MECHANICAL_DESIGN_GEOMETRIC_PRESENTATION_REPRESENTATION('',(#1111),
#2050);
#2050=(
GEOMETRIC_REPRESENTATION_CONTEXT(3)
GLOBAL_UNCERTAINTY_ASSIGNED_CONTEXT((#2051))
GLOBAL_UNIT_ASSIGNED_CONTEXT((#2054,#2053,#2052))
REPRESENTATION_CONTEXT('Hull Shell3','TOP_LEVEL_ASSEMBLY_PART')
);
#2051=UNCERTAINTY_MEASURE_WITH_UNIT(LENGTH_MEASURE(2.E-5),#2054,
'DISTANCE_ACCURACY_VALUE','Maximum Tolerance applied to model');
#2052=(
NAMED_UNIT(*)
SI_UNIT($,.STERADIAN.)
SOLID_ANGLE_UNIT()
);
#2053=(
NAMED_UNIT(*)
PLANE_ANGLE_UNIT()
SI_UNIT($,.RADIAN.)
);
#2054=(
LENGTH_UNIT()
NAMED_UNIT(*)
SI_UNIT($,.METRE.)
);
#2055=PRODUCT_DEFINITION_SHAPE('','',#2056);
#2056=PRODUCT_DEFINITION('','',#2058,#2057);
#2057=PRODUCT_DEFINITION_CONTEXT('',#2064,'design');
#2058=PRODUCT_DEFINITION_FORMATION_WITH_SPECIFIED_SOURCE('','',#2060,
 .NOT_KNOWN.);
#2059=PRODUCT_RELATED_PRODUCT_CATEGORY('','',(#2060));
#2060=PRODUCT('Hull Shell3','Hull Shell3','Hull Shell3',(#2062));
#2061=PRODUCT_CATEGORY('','');
#2062=PRODUCT_CONTEXT('',#2064,'mechanical');
#2063=APPLICATION_PROTOCOL_DEFINITION('international standard',
'ap242_managed_model_based_3d_engineering',2020,#2064);
#2064=APPLICATION_CONTEXT('managed model based 3d engineering');
ENDSEC;
END-ISO-10303-21;
