ISO-10303-21;
HEADER;
/* Generated by software containing ST-Developer
 * from STEP Tools, Inc. (www.steptools.com) 
 */
/* OPTION: using custom renumber hook */

FILE_DESCRIPTION(
/* description */ ('STEP AP242 Edition 2',
'CAx-IF Rec.Pracs.---Representation and Presentation of Product Manufa
cturing Information (PMI)---4.0---2014-10-13',
'CAx-IF Rec.Pracs.---3D Tessellated Geometry---0.4---2014-09-14','2;1',
'CAx-IF Rec.Pracs.---User Defined Attributes---1.5---2016-08-15'),
/* implementation_level */ '2;1');

FILE_NAME(
/* name */ 'Buldge Shell - Hull Shell4',
/* time_stamp */ '2026-08-23T20:28:52Z',
/* author */ (''),
/* organization */ (''),
/* preprocessor_version */ 'ST-DEVELOPER v20',
/* originating_system */ 'ONSHAPE BY PTC INC, 1.219',
/* authorisation */ '  ');

FILE_SCHEMA (('AP242_MANAGED_MODEL_BASED_3D_ENGINEERING_MIM_LF { 1 0 10303 442 3 1 4 }'));
ENDSEC;

DATA;
#10=SHAPE_REPRESENTATION_RELATIONSHIP('','',#1397,#11);
#11=ADVANCED_BREP_SHAPE_REPRESENTATION('',(#1395),#2721);
#12=(
BOUNDED_SURFACE()
B_SPLINE_SURFACE(3,2,((#2377,#2378,#2379),(#2380,#2381,#2382),(#2383,#2384,
#2385),(#2386,#2387,#2388),(#2389,#2390,#2391),(#2392,#2393,#2394),(#2395,
#2396,#2397),(#2398,#2399,#2400)),.UNSPECIFIED.,.F.,.F.,.F.)
B_SPLINE_SURFACE_WITH_KNOTS((4,1,1,1,1,4),(3,3),(0.00290921446084324,0.00409347911825232,
0.0052777437756614,0.00764627309047956,0.0100148024052977,0.0123833317201159),
(0.,1.),.UNSPECIFIED.)
GEOMETRIC_REPRESENTATION_ITEM()
RATIONAL_B_SPLINE_SURFACE(((1.,0.970759022851015,1.),(1.,0.970759022261903,
1.),(1.,0.963110665286356,1.),(1.,0.930770837419549,1.),(1.,0.876592186416183,
1.),(1.,0.79865962751748,1.),(1.,0.73940134048573,1.),(1.,0.707106781186547,
1.)))
REPRESENTATION_ITEM('')
SURFACE()
);
#13=(
BOUNDED_SURFACE()
B_SPLINE_SURFACE(3,2,((#2406,#2407,#2408),(#2409,#2410,#2411),(#2412,#2413,
#2414),(#2415,#2416,#2417),(#2418,#2419,#2420),(#2421,#2422,#2423),(#2424,
#2425,#2426),(#2427,#2428,#2429),(#2430,#2431,#2432)),.UNSPECIFIED.,.F.,
 .F.,.F.)
B_SPLINE_SURFACE_WITH_KNOTS((4,1,1,1,1,1,4),(3,3),(0.0038441751958472,0.00618747966314435,
0.00853078413044151,0.00970243636409009,0.0108740885977387,0.0120457408313872,
0.0132173930650358),(0.,1.),.UNSPECIFIED.)
GEOMETRIC_REPRESENTATION_ITEM()
RATIONAL_B_SPLINE_SURFACE(((1.,0.70710678118655,1.),(1.,0.739541859053695,
1.),(1.,0.798861481953069,1.),(1.,0.863727123911196,1.),(1.,0.909169630395247,
1.),(1.,0.938897794776465,1.),(1.,0.963074174903629,1.),(1.,0.970759023386967,
1.),(1.,0.970759022851016,1.)))
REPRESENTATION_ITEM('')
SURFACE()
);
#14=(
BOUNDED_SURFACE()
B_SPLINE_SURFACE(3,2,((#2460,#2461,#2462),(#2463,#2464,#2465),(#2466,#2467,
#2468),(#2469,#2470,#2471),(#2472,#2473,#2474),(#2475,#2476,#2477),(#2478,
#2479,#2480),(#2481,#2482,#2483),(#2484,#2485,#2486)),.UNSPECIFIED.,.F.,
 .F.,.F.)
B_SPLINE_SURFACE_WITH_KNOTS((4,1,1,1,1,1,4),(3,3),(0.0038441751958473,0.00618747966314445,
0.00853078413044159,0.00970243636409017,0.0108740885977387,0.0120457408313873,
0.0132173930650359),(0.,1.),.UNSPECIFIED.)
GEOMETRIC_REPRESENTATION_ITEM()
RATIONAL_B_SPLINE_SURFACE(((1.,0.707106781186546,1.),(1.,0.739541859056146,
1.),(1.,0.798861481951899,1.),(1.,0.863727123911341,1.),(1.,0.909169630395215,
1.),(1.,0.938897794776483,1.),(1.,0.963074174903584,1.),(1.,0.970759023387055,
1.),(1.,0.970759022851015,1.)))
REPRESENTATION_ITEM('')
SURFACE()
);
#15=(
BOUNDED_SURFACE()
B_SPLINE_SURFACE(3,2,((#2488,#2489,#2490),(#2491,#2492,#2493),(#2494,#2495,
#2496),(#2497,#2498,#2499),(#2500,#2501,#2502),(#2503,#2504,#2505),(#2506,
#2507,#2508),(#2509,#2510,#2511)),.UNSPECIFIED.,.F.,.F.,.F.)
B_SPLINE_SURFACE_WITH_KNOTS((4,1,1,1,1,4),(3,3),(0.00290921446084332,0.00409347911825241,
0.0052777437756615,0.00764627309047968,0.0100148024052979,0.012383331720116),
(0.,1.),.UNSPECIFIED.)
GEOMETRIC_REPRESENTATION_ITEM()
RATIONAL_B_SPLINE_SURFACE(((1.,0.970759022851016,1.),(1.,0.970759022262126,
1.),(1.,0.963110665286258,1.),(1.,0.930770837419595,1.),(1.,0.876592186416236,
1.),(1.,0.798659627517218,1.),(1.,0.739401340486295,1.),(1.,0.707106781186543,
1.)))
REPRESENTATION_ITEM('')
SURFACE()
);
#16=(
BOUNDED_SURFACE()
B_SPLINE_SURFACE(3,2,((#2555,#2556,#2557),(#2558,#2559,#2560),(#2561,#2562,
#2563),(#2564,#2565,#2566),(#2567,#2568,#2569),(#2570,#2571,#2572),(#2573,
#2574,#2575),(#2576,#2577,#2578)),.UNSPECIFIED.,.F.,.F.,.F.)
B_SPLINE_SURFACE_WITH_KNOTS((4,1,1,1,1,4),(3,3),(0.00290921446084329,0.0040934791182524,
0.00527774377566151,0.00764627309047972,0.0100148024052979,0.0123833317201162),
(0.,1.),.UNSPECIFIED.)
GEOMETRIC_REPRESENTATION_ITEM()
RATIONAL_B_SPLINE_SURFACE(((1.,0.970759022851015,1.),(1.,0.970759022262259,
1.),(1.,0.963110665286184,1.),(1.,0.93077083741969,1.),(1.,0.87659218641572,
1.),(1.,0.798659627519045,1.),(1.,0.739401340482368,1.),(1.,0.707106781186544,
1.)))
REPRESENTATION_ITEM('')
SURFACE()
);
#17=(
BOUNDED_SURFACE()
B_SPLINE_SURFACE(3,2,((#2584,#2585,#2586),(#2587,#2588,#2589),(#2590,#2591,
#2592),(#2593,#2594,#2595),(#2596,#2597,#2598),(#2599,#2600,#2601),(#2602,
#2603,#2604),(#2605,#2606,#2607),(#2608,#2609,#2610)),.UNSPECIFIED.,.F.,
 .F.,.F.)
B_SPLINE_SURFACE_WITH_KNOTS((4,1,1,1,1,1,4),(3,3),(0.00384417519584729,
0.00618747966314445,0.00853078413044161,0.0097024363640902,0.0108740885977388,
0.0120457408313874,0.0132173930650359),(0.,1.),.UNSPECIFIED.)
GEOMETRIC_REPRESENTATION_ITEM()
RATIONAL_B_SPLINE_SURFACE(((1.,0.707106781186548,1.),(1.,0.739541859052993,
1.),(1.,0.7988614819534,1.),(1.,0.863727123911161,1.),(1.,0.909169630395247,
1.),(1.,0.938897794776486,1.),(1.,0.963074174903548,1.),(1.,0.970759023387144,
1.),(1.,0.970759022851015,1.)))
REPRESENTATION_ITEM('')
SURFACE()
);
#18=(
BOUNDED_SURFACE()
B_SPLINE_SURFACE(3,2,((#2638,#2639,#2640),(#2641,#2642,#2643),(#2644,#2645,
#2646),(#2647,#2648,#2649),(#2650,#2651,#2652),(#2653,#2654,#2655),(#2656,
#2657,#2658),(#2659,#2660,#2661),(#2662,#2663,#2664)),.UNSPECIFIED.,.F.,
 .F.,.F.)
B_SPLINE_SURFACE_WITH_KNOTS((4,1,1,1,1,1,4),(3,3),(0.0038441751958472,0.00618747966314436,
0.00853078413044152,0.0097024363640901,0.0108740885977387,0.0120457408313873,
0.0132173930650358),(0.,1.),.UNSPECIFIED.)
GEOMETRIC_REPRESENTATION_ITEM()
RATIONAL_B_SPLINE_SURFACE(((1.,0.707106781186548,1.),(1.,0.73954185905834,
1.),(1.,0.798861481950857,1.),(1.,0.863727123911475,1.),(1.,0.909169630395195,
1.),(1.,0.938897794776477,1.),(1.,0.963074174903634,1.),(1.,0.970759023386945,
1.),(1.,0.970759022851016,1.)))
REPRESENTATION_ITEM('')
SURFACE()
);
#19=(
BOUNDED_SURFACE()
B_SPLINE_SURFACE(3,2,((#2666,#2667,#2668),(#2669,#2670,#2671),(#2672,#2673,
#2674),(#2675,#2676,#2677),(#2678,#2679,#2680),(#2681,#2682,#2683),(#2684,
#2685,#2686),(#2687,#2688,#2689)),.UNSPECIFIED.,.F.,.F.,.F.)
B_SPLINE_SURFACE_WITH_KNOTS((4,1,1,1,1,4),(3,3),(0.00290921446084311,0.0040934791182522,
0.00527774377566129,0.00764627309047948,0.0100148024052977,0.0123833317201159),
(0.,1.),.UNSPECIFIED.)
GEOMETRIC_REPRESENTATION_ITEM()
RATIONAL_B_SPLINE_SURFACE(((1.,0.970759022851015,1.),(1.,0.97075902226246,
1.),(1.,0.963110665286091,1.),(1.,0.93077083741975,1.),(1.,0.876592186415696,
1.),(1.,0.798659627519095,1.),(1.,0.739401340482284,1.),(1.,0.707106781186547,
1.)))
REPRESENTATION_ITEM('')
SURFACE()
);
#20=TOROIDAL_SURFACE('',#1485,0.0695,0.002);
#21=TOROIDAL_SURFACE('',#1502,0.0695,0.002);
#22=TOROIDAL_SURFACE('',#1521,0.0695,0.002);
#23=TOROIDAL_SURFACE('',#1538,0.0695,0.002);
#24=SPHERICAL_SURFACE('',#1470,0.002);
#25=SPHERICAL_SURFACE('',#1473,0.002);
#26=SPHERICAL_SURFACE('',#1489,0.002);
#27=SPHERICAL_SURFACE('',#1491,0.002);
#28=SPHERICAL_SURFACE('',#1506,0.002);
#29=SPHERICAL_SURFACE('',#1509,0.002);
#30=SPHERICAL_SURFACE('',#1525,0.002);
#31=SPHERICAL_SURFACE('',#1527,0.002);
#32=PLANE('',#1413);
#33=PLANE('',#1423);
#34=PLANE('',#1424);
#35=PLANE('',#1425);
#36=PLANE('',#1426);
#37=PLANE('',#1428);
#38=PLANE('',#1437);
#39=PLANE('',#1438);
#40=PLANE('',#1439);
#41=PLANE('',#1440);
#42=PLANE('',#1441);
#43=PLANE('',#1442);
#44=PLANE('',#1443);
#45=PLANE('',#1444);
#46=PLANE('',#1445);
#47=PLANE('',#1446);
#48=PLANE('',#1447);
#49=PLANE('',#1448);
#50=PLANE('',#1449);
#51=PLANE('',#1450);
#52=PLANE('',#1451);
#53=PLANE('',#1453);
#54=PLANE('',#1454);
#55=PLANE('',#1455);
#56=PLANE('',#1457);
#57=PLANE('',#1459);
#58=PLANE('',#1461);
#59=PLANE('',#1462);
#60=PLANE('',#1463);
#61=PLANE('',#1465);
#62=PLANE('',#1539);
#63=PLANE('',#1540);
#64=PLANE('',#1541);
#65=PLANE('',#1542);
#66=PLANE('',#1543);
#67=PLANE('',#1544);
#68=PLANE('',#1549);
#69=PLANE('',#1554);
#70=LINE('',#1988,#172);
#71=LINE('',#2008,#173);
#72=LINE('',#2022,#174);
#73=LINE('',#2027,#175);
#74=LINE('',#2031,#176);
#75=LINE('',#2032,#177);
#76=LINE('',#2037,#178);
#77=LINE('',#2041,#179);
#78=LINE('',#2046,#180);
#79=LINE('',#2050,#181);
#80=LINE('',#2055,#182);
#81=LINE('',#2059,#183);
#82=LINE('',#2061,#184);
#83=LINE('',#2062,#185);
#84=LINE('',#2064,#186);
#85=LINE('',#2065,#187);
#86=LINE('',#2067,#188);
#87=LINE('',#2068,#189);
#88=LINE('',#2070,#190);
#89=LINE('',#2073,#191);
#90=LINE('',#2075,#192);
#91=LINE('',#2076,#193);
#92=LINE('',#2078,#194);
#93=LINE('',#2080,#195);
#94=LINE('',#2081,#196);
#95=LINE('',#2083,#197);
#96=LINE('',#2085,#198);
#97=LINE('',#2086,#199);
#98=LINE('',#2088,#200);
#99=LINE('',#2090,#201);
#100=LINE('',#2091,#202);
#101=LINE('',#2093,#203);
#102=LINE('',#2095,#204);
#103=LINE('',#2102,#205);
#104=LINE('',#2103,#206);
#105=LINE('',#2113,#207);
#106=LINE('',#2114,#208);
#107=LINE('',#2125,#209);
#108=LINE('',#2148,#210);
#109=LINE('',#2168,#211);
#110=LINE('',#2191,#212);
#111=LINE('',#2202,#213);
#112=LINE('',#2204,#214);
#113=LINE('',#2206,#215);
#114=LINE('',#2208,#216);
#115=LINE('',#2210,#217);
#116=LINE('',#2212,#218);
#117=LINE('',#2214,#219);
#118=LINE('',#2216,#220);
#119=LINE('',#2218,#221);
#120=LINE('',#2221,#222);
#121=LINE('',#2223,#223);
#122=LINE('',#2225,#224);
#123=LINE('',#2227,#225);
#124=LINE('',#2229,#226);
#125=LINE('',#2232,#227);
#126=LINE('',#2234,#228);
#127=LINE('',#2236,#229);
#128=LINE('',#2238,#230);
#129=LINE('',#2240,#231);
#130=LINE('',#2245,#232);
#131=LINE('',#2248,#233);
#132=LINE('',#2250,#234);
#133=LINE('',#2252,#235);
#134=LINE('',#2254,#236);
#135=LINE('',#2257,#237);
#136=LINE('',#2259,#238);
#137=LINE('',#2261,#239);
#138=LINE('',#2263,#240);
#139=LINE('',#2266,#241);
#140=LINE('',#2268,#242);
#141=LINE('',#2270,#243);
#142=LINE('',#2272,#244);
#143=LINE('',#2277,#245);
#144=LINE('',#2279,#246);
#145=LINE('',#2281,#247);
#146=LINE('',#2286,#248);
#147=LINE('',#2288,#249);
#148=LINE('',#2292,#250);
#149=LINE('',#2295,#251);
#150=LINE('',#2297,#252);
#151=LINE('',#2299,#253);
#152=LINE('',#2301,#254);
#153=LINE('',#2304,#255);
#154=LINE('',#2306,#256);
#155=LINE('',#2308,#257);
#156=LINE('',#2310,#258);
#157=LINE('',#2313,#259);
#158=LINE('',#2315,#260);
#159=LINE('',#2317,#261);
#160=LINE('',#2319,#262);
#161=LINE('',#2324,#263);
#162=LINE('',#2326,#264);
#163=LINE('',#2328,#265);
#164=LINE('',#2331,#266);
#165=LINE('',#2335,#267);
#166=LINE('',#2693,#268);
#167=LINE('',#2695,#269);
#168=LINE('',#2697,#270);
#169=LINE('',#2700,#271);
#170=LINE('',#2702,#272);
#171=LINE('',#2704,#273);
#172=VECTOR('',#1561,1.);
#173=VECTOR('',#1580,1.);
#174=VECTOR('',#1583,1.);
#175=VECTOR('',#1586,1.);
#176=VECTOR('',#1591,1.);
#177=VECTOR('',#1592,1.);
#178=VECTOR('',#1597,1.);
#179=VECTOR('',#1600,1.);
#180=VECTOR('',#1605,1.);
#181=VECTOR('',#1608,1.);
#182=VECTOR('',#1613,1.);
#183=VECTOR('',#1616,1.);
#184=VECTOR('',#1619,1.);
#185=VECTOR('',#1620,1.);
#186=VECTOR('',#1623,1.);
#187=VECTOR('',#1624,1.);
#188=VECTOR('',#1627,1.);
#189=VECTOR('',#1628,1.);
#190=VECTOR('',#1631,1.);
#191=VECTOR('',#1632,1.);
#192=VECTOR('',#1633,1.);
#193=VECTOR('',#1634,1.);
#194=VECTOR('',#1635,1.);
#195=VECTOR('',#1636,1.);
#196=VECTOR('',#1637,1.);
#197=VECTOR('',#1638,1.);
#198=VECTOR('',#1639,1.);
#199=VECTOR('',#1640,1.);
#200=VECTOR('',#1641,1.);
#201=VECTOR('',#1642,1.);
#202=VECTOR('',#1643,1.);
#203=VECTOR('',#1644,1.);
#204=VECTOR('',#1645,1.);
#205=VECTOR('',#1652,1.);
#206=VECTOR('',#1653,1.);
#207=VECTOR('',#1664,1.);
#208=VECTOR('',#1665,1.);
#209=VECTOR('',#1666,1.);
#210=VECTOR('',#1669,1.);
#211=VECTOR('',#1670,1.);
#212=VECTOR('',#1673,1.);
#213=VECTOR('',#1676,1.);
#214=VECTOR('',#1677,1.);
#215=VECTOR('',#1680,1.);
#216=VECTOR('',#1681,1.);
#217=VECTOR('',#1684,1.);
#218=VECTOR('',#1685,1.);
#219=VECTOR('',#1688,1.);
#220=VECTOR('',#1689,1.);
#221=VECTOR('',#1692,1.);
#222=VECTOR('',#1697,1.);
#223=VECTOR('',#1698,1.);
#224=VECTOR('',#1701,1.);
#225=VECTOR('',#1702,1.);
#226=VECTOR('',#1705,1.);
#227=VECTOR('',#1710,1.);
#228=VECTOR('',#1711,1.);
#229=VECTOR('',#1714,1.);
#230=VECTOR('',#1715,1.);
#231=VECTOR('',#1718,1.);
#232=VECTOR('',#1725,1.);
#233=VECTOR('',#1726,1.);
#234=VECTOR('',#1727,1.);
#235=VECTOR('',#1728,1.);
#236=VECTOR('',#1731,1.);
#237=VECTOR('',#1732,1.);
#238=VECTOR('',#1733,1.);
#239=VECTOR('',#1734,1.);
#240=VECTOR('',#1737,1.);
#241=VECTOR('',#1738,1.);
#242=VECTOR('',#1739,1.);
#243=VECTOR('',#1740,1.);
#244=VECTOR('',#1743,1.);
#245=VECTOR('',#1746,1.);
#246=VECTOR('',#1747,1.);
#247=VECTOR('',#1750,1.);
#248=VECTOR('',#1753,1.);
#249=VECTOR('',#1754,1.);
#250=VECTOR('',#1759,1.);
#251=VECTOR('',#1760,1.);
#252=VECTOR('',#1761,1.);
#253=VECTOR('',#1762,1.);
#254=VECTOR('',#1765,1.);
#255=VECTOR('',#1766,1.);
#256=VECTOR('',#1767,1.);
#257=VECTOR('',#1768,1.);
#258=VECTOR('',#1771,1.);
#259=VECTOR('',#1772,1.);
#260=VECTOR('',#1773,1.);
#261=VECTOR('',#1774,1.);
#262=VECTOR('',#1777,1.);
#263=VECTOR('',#1780,1.);
#264=VECTOR('',#1781,1.);
#265=VECTOR('',#1784,1.);
#266=VECTOR('',#1785,1.);
#267=VECTOR('',#1788,1.);
#268=VECTOR('',#1935,1.);
#269=VECTOR('',#1936,1.);
#270=VECTOR('',#1939,1.);
#271=VECTOR('',#1944,1.);
#272=VECTOR('',#1945,1.);
#273=VECTOR('',#1948,1.);
#274=CIRCLE('',#1400,0.0638);
#275=CIRCLE('',#1401,0.0638);
#276=CIRCLE('',#1402,0.0638);
#277=CIRCLE('',#1403,0.0638);
#278=CIRCLE('',#1404,0.0638);
#279=CIRCLE('',#1405,0.0638);
#280=CIRCLE('',#1406,0.0638);
#281=CIRCLE('',#1407,0.0638);
#282=CIRCLE('',#1408,0.0638);
#283=CIRCLE('',#1409,0.0638);
#284=CIRCLE('',#1411,0.0661);
#285=CIRCLE('',#1412,0.0661);
#286=CIRCLE('',#1415,0.0661);
#287=CIRCLE('',#1416,0.0661);
#288=CIRCLE('',#1418,0.0661);
#289=CIRCLE('',#1419,0.0661);
#290=CIRCLE('',#1421,0.0661);
#291=CIRCLE('',#1422,0.0661);
#292=CIRCLE('',#1427,0.0675);
#293=CIRCLE('',#1429,0.0675);
#294=CIRCLE('',#1430,0.0675);
#295=CIRCLE('',#1431,0.0675);
#296=CIRCLE('',#1432,0.0675);
#297=CIRCLE('',#1433,0.0675);
#298=CIRCLE('',#1435,0.0675);
#299=CIRCLE('',#1436,0.0675);
#300=CIRCLE('',#1452,0.00285);
#301=CIRCLE('',#1456,0.0695);
#302=CIRCLE('',#1458,0.0695);
#303=CIRCLE('',#1460,0.00285);
#304=CIRCLE('',#1464,0.0695);
#305=CIRCLE('',#1466,0.0695);
#306=CIRCLE('',#1468,0.002);
#307=CIRCLE('',#1469,0.002);
#308=CIRCLE('',#1471,0.002);
#309=CIRCLE('',#1472,0.002);
#310=CIRCLE('',#1474,0.002);
#311=CIRCLE('',#1475,0.002);
#312=CIRCLE('',#1478,0.002);
#313=CIRCLE('',#1480,0.002);
#314=CIRCLE('',#1481,0.002);
#315=CIRCLE('',#1483,0.002);
#316=CIRCLE('',#1486,0.002);
#317=CIRCLE('',#1487,0.002);
#318=CIRCLE('',#1488,0.002);
#319=CIRCLE('',#1490,0.002);
#320=CIRCLE('',#1492,0.002);
#321=CIRCLE('',#1493,0.002);
#322=CIRCLE('',#1495,0.002);
#323=CIRCLE('',#1499,0.002);
#324=CIRCLE('',#1500,0.002);
#325=CIRCLE('',#1501,0.002);
#326=CIRCLE('',#1504,0.002);
#327=CIRCLE('',#1505,0.002);
#328=CIRCLE('',#1507,0.002);
#329=CIRCLE('',#1508,0.002);
#330=CIRCLE('',#1510,0.002);
#331=CIRCLE('',#1511,0.002);
#332=CIRCLE('',#1514,0.002);
#333=CIRCLE('',#1516,0.002);
#334=CIRCLE('',#1517,0.002);
#335=CIRCLE('',#1519,0.002);
#336=CIRCLE('',#1522,0.002);
#337=CIRCLE('',#1523,0.002);
#338=CIRCLE('',#1524,0.002);
#339=CIRCLE('',#1526,0.002);
#340=CIRCLE('',#1528,0.002);
#341=CIRCLE('',#1529,0.002);
#342=CIRCLE('',#1531,0.002);
#343=CIRCLE('',#1535,0.002);
#344=CIRCLE('',#1536,0.002);
#345=CIRCLE('',#1537,0.002);
#346=CIRCLE('',#1546,0.00125);
#347=CIRCLE('',#1548,0.00285);
#348=CIRCLE('',#1551,0.00125);
#349=CIRCLE('',#1553,0.00285);
#350=ORIENTED_EDGE('',*,*,#742,.T.);
#351=ORIENTED_EDGE('',*,*,#743,.F.);
#352=ORIENTED_EDGE('',*,*,#744,.T.);
#353=ORIENTED_EDGE('',*,*,#745,.T.);
#354=ORIENTED_EDGE('',*,*,#746,.T.);
#355=ORIENTED_EDGE('',*,*,#747,.T.);
#356=ORIENTED_EDGE('',*,*,#748,.T.);
#357=ORIENTED_EDGE('',*,*,#749,.T.);
#358=ORIENTED_EDGE('',*,*,#750,.T.);
#359=ORIENTED_EDGE('',*,*,#751,.T.);
#360=ORIENTED_EDGE('',*,*,#752,.T.);
#361=ORIENTED_EDGE('',*,*,#753,.T.);
#362=ORIENTED_EDGE('',*,*,#754,.F.);
#363=ORIENTED_EDGE('',*,*,#755,.T.);
#364=ORIENTED_EDGE('',*,*,#756,.F.);
#365=ORIENTED_EDGE('',*,*,#757,.T.);
#366=ORIENTED_EDGE('',*,*,#758,.T.);
#367=ORIENTED_EDGE('',*,*,#759,.F.);
#368=ORIENTED_EDGE('',*,*,#746,.F.);
#369=ORIENTED_EDGE('',*,*,#760,.T.);
#370=ORIENTED_EDGE('',*,*,#759,.T.);
#371=ORIENTED_EDGE('',*,*,#761,.F.);
#372=ORIENTED_EDGE('',*,*,#762,.T.);
#373=ORIENTED_EDGE('',*,*,#763,.T.);
#374=ORIENTED_EDGE('',*,*,#764,.F.);
#375=ORIENTED_EDGE('',*,*,#765,.F.);
#376=ORIENTED_EDGE('',*,*,#766,.T.);
#377=ORIENTED_EDGE('',*,*,#767,.T.);
#378=ORIENTED_EDGE('',*,*,#768,.F.);
#379=ORIENTED_EDGE('',*,*,#769,.F.);
#380=ORIENTED_EDGE('',*,*,#770,.T.);
#381=ORIENTED_EDGE('',*,*,#771,.T.);
#382=ORIENTED_EDGE('',*,*,#772,.F.);
#383=ORIENTED_EDGE('',*,*,#773,.F.);
#384=ORIENTED_EDGE('',*,*,#774,.F.);
#385=ORIENTED_EDGE('',*,*,#752,.F.);
#386=ORIENTED_EDGE('',*,*,#775,.T.);
#387=ORIENTED_EDGE('',*,*,#764,.T.);
#388=ORIENTED_EDGE('',*,*,#776,.F.);
#389=ORIENTED_EDGE('',*,*,#750,.F.);
#390=ORIENTED_EDGE('',*,*,#777,.T.);
#391=ORIENTED_EDGE('',*,*,#768,.T.);
#392=ORIENTED_EDGE('',*,*,#778,.F.);
#393=ORIENTED_EDGE('',*,*,#748,.F.);
#394=ORIENTED_EDGE('',*,*,#779,.T.);
#395=ORIENTED_EDGE('',*,*,#772,.T.);
#396=ORIENTED_EDGE('',*,*,#780,.T.);
#397=ORIENTED_EDGE('',*,*,#781,.T.);
#398=ORIENTED_EDGE('',*,*,#782,.T.);
#399=ORIENTED_EDGE('',*,*,#762,.F.);
#400=ORIENTED_EDGE('',*,*,#783,.T.);
#401=ORIENTED_EDGE('',*,*,#784,.F.);
#402=ORIENTED_EDGE('',*,*,#785,.F.);
#403=ORIENTED_EDGE('',*,*,#766,.F.);
#404=ORIENTED_EDGE('',*,*,#786,.T.);
#405=ORIENTED_EDGE('',*,*,#787,.F.);
#406=ORIENTED_EDGE('',*,*,#788,.F.);
#407=ORIENTED_EDGE('',*,*,#770,.F.);
#408=ORIENTED_EDGE('',*,*,#789,.T.);
#409=ORIENTED_EDGE('',*,*,#790,.F.);
#410=ORIENTED_EDGE('',*,*,#791,.F.);
#411=ORIENTED_EDGE('',*,*,#757,.F.);
#412=ORIENTED_EDGE('',*,*,#792,.F.);
#413=ORIENTED_EDGE('',*,*,#793,.F.);
#414=ORIENTED_EDGE('',*,*,#794,.F.);
#415=ORIENTED_EDGE('',*,*,#795,.T.);
#416=ORIENTED_EDGE('',*,*,#796,.F.);
#417=ORIENTED_EDGE('',*,*,#797,.F.);
#418=ORIENTED_EDGE('',*,*,#743,.T.);
#419=ORIENTED_EDGE('',*,*,#798,.T.);
#420=ORIENTED_EDGE('',*,*,#799,.F.);
#421=ORIENTED_EDGE('',*,*,#800,.F.);
#422=ORIENTED_EDGE('',*,*,#801,.F.);
#423=ORIENTED_EDGE('',*,*,#802,.F.);
#424=ORIENTED_EDGE('',*,*,#799,.T.);
#425=ORIENTED_EDGE('',*,*,#803,.F.);
#426=ORIENTED_EDGE('',*,*,#795,.F.);
#427=ORIENTED_EDGE('',*,*,#804,.T.);
#428=ORIENTED_EDGE('',*,*,#796,.T.);
#429=ORIENTED_EDGE('',*,*,#805,.T.);
#430=ORIENTED_EDGE('',*,*,#806,.T.);
#431=ORIENTED_EDGE('',*,*,#807,.T.);
#432=ORIENTED_EDGE('',*,*,#808,.T.);
#433=ORIENTED_EDGE('',*,*,#809,.T.);
#434=ORIENTED_EDGE('',*,*,#810,.T.);
#435=ORIENTED_EDGE('',*,*,#811,.T.);
#436=ORIENTED_EDGE('',*,*,#801,.T.);
#437=ORIENTED_EDGE('',*,*,#812,.T.);
#438=ORIENTED_EDGE('',*,*,#813,.T.);
#439=ORIENTED_EDGE('',*,*,#814,.T.);
#440=ORIENTED_EDGE('',*,*,#815,.T.);
#441=ORIENTED_EDGE('',*,*,#816,.T.);
#442=ORIENTED_EDGE('',*,*,#817,.T.);
#443=ORIENTED_EDGE('',*,*,#818,.T.);
#444=ORIENTED_EDGE('',*,*,#794,.T.);
#445=ORIENTED_EDGE('',*,*,#819,.F.);
#446=ORIENTED_EDGE('',*,*,#820,.F.);
#447=ORIENTED_EDGE('',*,*,#744,.F.);
#448=ORIENTED_EDGE('',*,*,#797,.T.);
#449=ORIENTED_EDGE('',*,*,#804,.F.);
#450=ORIENTED_EDGE('',*,*,#803,.T.);
#451=ORIENTED_EDGE('',*,*,#798,.F.);
#452=ORIENTED_EDGE('',*,*,#754,.T.);
#453=ORIENTED_EDGE('',*,*,#821,.T.);
#454=ORIENTED_EDGE('',*,*,#822,.T.);
#455=ORIENTED_EDGE('',*,*,#780,.F.);
#456=ORIENTED_EDGE('',*,*,#758,.F.);
#457=ORIENTED_EDGE('',*,*,#791,.T.);
#458=ORIENTED_EDGE('',*,*,#823,.F.);
#459=ORIENTED_EDGE('',*,*,#824,.T.);
#460=ORIENTED_EDGE('',*,*,#761,.T.);
#461=ORIENTED_EDGE('',*,*,#789,.F.);
#462=ORIENTED_EDGE('',*,*,#773,.T.);
#463=ORIENTED_EDGE('',*,*,#779,.F.);
#464=ORIENTED_EDGE('',*,*,#825,.F.);
#465=ORIENTED_EDGE('',*,*,#826,.T.);
#466=ORIENTED_EDGE('',*,*,#747,.F.);
#467=ORIENTED_EDGE('',*,*,#824,.F.);
#468=ORIENTED_EDGE('',*,*,#827,.T.);
#469=ORIENTED_EDGE('',*,*,#825,.T.);
#470=ORIENTED_EDGE('',*,*,#826,.F.);
#471=ORIENTED_EDGE('',*,*,#827,.F.);
#472=ORIENTED_EDGE('',*,*,#823,.T.);
#473=ORIENTED_EDGE('',*,*,#790,.T.);
#474=ORIENTED_EDGE('',*,*,#771,.F.);
#475=ORIENTED_EDGE('',*,*,#788,.T.);
#476=ORIENTED_EDGE('',*,*,#828,.F.);
#477=ORIENTED_EDGE('',*,*,#829,.T.);
#478=ORIENTED_EDGE('',*,*,#778,.T.);
#479=ORIENTED_EDGE('',*,*,#786,.F.);
#480=ORIENTED_EDGE('',*,*,#769,.T.);
#481=ORIENTED_EDGE('',*,*,#777,.F.);
#482=ORIENTED_EDGE('',*,*,#830,.F.);
#483=ORIENTED_EDGE('',*,*,#831,.T.);
#484=ORIENTED_EDGE('',*,*,#749,.F.);
#485=ORIENTED_EDGE('',*,*,#829,.F.);
#486=ORIENTED_EDGE('',*,*,#832,.T.);
#487=ORIENTED_EDGE('',*,*,#830,.T.);
#488=ORIENTED_EDGE('',*,*,#831,.F.);
#489=ORIENTED_EDGE('',*,*,#832,.F.);
#490=ORIENTED_EDGE('',*,*,#828,.T.);
#491=ORIENTED_EDGE('',*,*,#787,.T.);
#492=ORIENTED_EDGE('',*,*,#767,.F.);
#493=ORIENTED_EDGE('',*,*,#785,.T.);
#494=ORIENTED_EDGE('',*,*,#833,.F.);
#495=ORIENTED_EDGE('',*,*,#834,.T.);
#496=ORIENTED_EDGE('',*,*,#776,.T.);
#497=ORIENTED_EDGE('',*,*,#783,.F.);
#498=ORIENTED_EDGE('',*,*,#765,.T.);
#499=ORIENTED_EDGE('',*,*,#775,.F.);
#500=ORIENTED_EDGE('',*,*,#835,.F.);
#501=ORIENTED_EDGE('',*,*,#836,.T.);
#502=ORIENTED_EDGE('',*,*,#751,.F.);
#503=ORIENTED_EDGE('',*,*,#834,.F.);
#504=ORIENTED_EDGE('',*,*,#837,.T.);
#505=ORIENTED_EDGE('',*,*,#835,.T.);
#506=ORIENTED_EDGE('',*,*,#836,.F.);
#507=ORIENTED_EDGE('',*,*,#837,.F.);
#508=ORIENTED_EDGE('',*,*,#833,.T.);
#509=ORIENTED_EDGE('',*,*,#784,.T.);
#510=ORIENTED_EDGE('',*,*,#838,.T.);
#511=ORIENTED_EDGE('',*,*,#839,.T.);
#512=ORIENTED_EDGE('',*,*,#840,.T.);
#513=ORIENTED_EDGE('',*,*,#841,.T.);
#514=ORIENTED_EDGE('',*,*,#842,.T.);
#515=ORIENTED_EDGE('',*,*,#843,.T.);
#516=ORIENTED_EDGE('',*,*,#844,.T.);
#517=ORIENTED_EDGE('',*,*,#845,.T.);
#518=ORIENTED_EDGE('',*,*,#846,.T.);
#519=ORIENTED_EDGE('',*,*,#847,.T.);
#520=ORIENTED_EDGE('',*,*,#848,.T.);
#521=ORIENTED_EDGE('',*,*,#849,.T.);
#522=ORIENTED_EDGE('',*,*,#850,.T.);
#523=ORIENTED_EDGE('',*,*,#851,.T.);
#524=ORIENTED_EDGE('',*,*,#852,.T.);
#525=ORIENTED_EDGE('',*,*,#853,.T.);
#526=ORIENTED_EDGE('',*,*,#854,.T.);
#527=ORIENTED_EDGE('',*,*,#855,.T.);
#528=ORIENTED_EDGE('',*,*,#856,.T.);
#529=ORIENTED_EDGE('',*,*,#857,.T.);
#530=ORIENTED_EDGE('',*,*,#858,.T.);
#531=ORIENTED_EDGE('',*,*,#859,.T.);
#532=ORIENTED_EDGE('',*,*,#860,.T.);
#533=ORIENTED_EDGE('',*,*,#861,.T.);
#534=ORIENTED_EDGE('',*,*,#862,.T.);
#535=ORIENTED_EDGE('',*,*,#863,.T.);
#536=ORIENTED_EDGE('',*,*,#864,.T.);
#537=ORIENTED_EDGE('',*,*,#865,.T.);
#538=ORIENTED_EDGE('',*,*,#866,.T.);
#539=ORIENTED_EDGE('',*,*,#867,.T.);
#540=ORIENTED_EDGE('',*,*,#868,.T.);
#541=ORIENTED_EDGE('',*,*,#869,.T.);
#542=ORIENTED_EDGE('',*,*,#870,.T.);
#543=ORIENTED_EDGE('',*,*,#871,.T.);
#544=ORIENTED_EDGE('',*,*,#872,.T.);
#545=ORIENTED_EDGE('',*,*,#873,.T.);
#546=ORIENTED_EDGE('',*,*,#874,.T.);
#547=ORIENTED_EDGE('',*,*,#875,.T.);
#548=ORIENTED_EDGE('',*,*,#876,.T.);
#549=ORIENTED_EDGE('',*,*,#877,.T.);
#550=ORIENTED_EDGE('',*,*,#878,.T.);
#551=ORIENTED_EDGE('',*,*,#879,.T.);
#552=ORIENTED_EDGE('',*,*,#880,.F.);
#553=ORIENTED_EDGE('',*,*,#862,.F.);
#554=ORIENTED_EDGE('',*,*,#881,.F.);
#555=ORIENTED_EDGE('',*,*,#876,.F.);
#556=ORIENTED_EDGE('',*,*,#882,.F.);
#557=ORIENTED_EDGE('',*,*,#880,.T.);
#558=ORIENTED_EDGE('',*,*,#883,.F.);
#559=ORIENTED_EDGE('',*,*,#884,.F.);
#560=ORIENTED_EDGE('',*,*,#881,.T.);
#561=ORIENTED_EDGE('',*,*,#885,.F.);
#562=ORIENTED_EDGE('',*,*,#883,.T.);
#563=ORIENTED_EDGE('',*,*,#879,.F.);
#564=ORIENTED_EDGE('',*,*,#886,.F.);
#565=ORIENTED_EDGE('',*,*,#868,.F.);
#566=ORIENTED_EDGE('',*,*,#882,.T.);
#567=ORIENTED_EDGE('',*,*,#871,.F.);
#568=ORIENTED_EDGE('',*,*,#887,.F.);
#569=ORIENTED_EDGE('',*,*,#863,.F.);
#570=ORIENTED_EDGE('',*,*,#888,.F.);
#571=ORIENTED_EDGE('',*,*,#860,.F.);
#572=ORIENTED_EDGE('',*,*,#889,.F.);
#573=ORIENTED_EDGE('',*,*,#875,.F.);
#574=ORIENTED_EDGE('',*,*,#885,.T.);
#575=ORIENTED_EDGE('',*,*,#861,.F.);
#576=ORIENTED_EDGE('',*,*,#890,.F.);
#577=ORIENTED_EDGE('',*,*,#867,.F.);
#578=ORIENTED_EDGE('',*,*,#884,.T.);
#579=ORIENTED_EDGE('',*,*,#866,.F.);
#580=ORIENTED_EDGE('',*,*,#891,.F.);
#581=ORIENTED_EDGE('',*,*,#877,.F.);
#582=ORIENTED_EDGE('',*,*,#892,.F.);
#583=ORIENTED_EDGE('',*,*,#815,.F.);
#584=ORIENTED_EDGE('',*,*,#893,.F.);
#585=ORIENTED_EDGE('',*,*,#878,.F.);
#586=ORIENTED_EDGE('',*,*,#893,.T.);
#587=ORIENTED_EDGE('',*,*,#814,.F.);
#588=ORIENTED_EDGE('',*,*,#894,.F.);
#589=ORIENTED_EDGE('',*,*,#886,.T.);
#590=ORIENTED_EDGE('',*,*,#889,.T.);
#591=ORIENTED_EDGE('',*,*,#887,.T.);
#592=ORIENTED_EDGE('',*,*,#895,.F.);
#593=ORIENTED_EDGE('',*,*,#890,.T.);
#594=ORIENTED_EDGE('',*,*,#888,.T.);
#595=ORIENTED_EDGE('',*,*,#896,.F.);
#596=ORIENTED_EDGE('',*,*,#892,.T.);
#597=ORIENTED_EDGE('',*,*,#891,.T.);
#598=ORIENTED_EDGE('',*,*,#897,.F.);
#599=ORIENTED_EDGE('',*,*,#816,.F.);
#600=ORIENTED_EDGE('',*,*,#894,.T.);
#601=ORIENTED_EDGE('',*,*,#813,.F.);
#602=ORIENTED_EDGE('',*,*,#898,.F.);
#603=ORIENTED_EDGE('',*,*,#869,.F.);
#604=ORIENTED_EDGE('',*,*,#895,.T.);
#605=ORIENTED_EDGE('',*,*,#870,.F.);
#606=ORIENTED_EDGE('',*,*,#899,.F.);
#607=ORIENTED_EDGE('',*,*,#872,.F.);
#608=ORIENTED_EDGE('',*,*,#896,.T.);
#609=ORIENTED_EDGE('',*,*,#874,.F.);
#610=ORIENTED_EDGE('',*,*,#900,.F.);
#611=ORIENTED_EDGE('',*,*,#864,.F.);
#612=ORIENTED_EDGE('',*,*,#897,.T.);
#613=ORIENTED_EDGE('',*,*,#865,.F.);
#614=ORIENTED_EDGE('',*,*,#901,.F.);
#615=ORIENTED_EDGE('',*,*,#817,.F.);
#616=ORIENTED_EDGE('',*,*,#898,.T.);
#617=ORIENTED_EDGE('',*,*,#812,.F.);
#618=ORIENTED_EDGE('',*,*,#902,.F.);
#619=ORIENTED_EDGE('',*,*,#899,.T.);
#620=ORIENTED_EDGE('',*,*,#901,.T.);
#621=ORIENTED_EDGE('',*,*,#900,.T.);
#622=ORIENTED_EDGE('',*,*,#903,.F.);
#623=ORIENTED_EDGE('',*,*,#818,.F.);
#624=ORIENTED_EDGE('',*,*,#902,.T.);
#625=ORIENTED_EDGE('',*,*,#800,.T.);
#626=ORIENTED_EDGE('',*,*,#903,.T.);
#627=ORIENTED_EDGE('',*,*,#873,.F.);
#628=ORIENTED_EDGE('',*,*,#904,.F.);
#629=ORIENTED_EDGE('',*,*,#841,.F.);
#630=ORIENTED_EDGE('',*,*,#905,.F.);
#631=ORIENTED_EDGE('',*,*,#858,.F.);
#632=ORIENTED_EDGE('',*,*,#906,.F.);
#633=ORIENTED_EDGE('',*,*,#904,.T.);
#634=ORIENTED_EDGE('',*,*,#907,.F.);
#635=ORIENTED_EDGE('',*,*,#908,.F.);
#636=ORIENTED_EDGE('',*,*,#905,.T.);
#637=ORIENTED_EDGE('',*,*,#909,.F.);
#638=ORIENTED_EDGE('',*,*,#907,.T.);
#639=ORIENTED_EDGE('',*,*,#857,.F.);
#640=ORIENTED_EDGE('',*,*,#910,.F.);
#641=ORIENTED_EDGE('',*,*,#847,.F.);
#642=ORIENTED_EDGE('',*,*,#906,.T.);
#643=ORIENTED_EDGE('',*,*,#850,.F.);
#644=ORIENTED_EDGE('',*,*,#911,.F.);
#645=ORIENTED_EDGE('',*,*,#842,.F.);
#646=ORIENTED_EDGE('',*,*,#912,.F.);
#647=ORIENTED_EDGE('',*,*,#839,.F.);
#648=ORIENTED_EDGE('',*,*,#913,.F.);
#649=ORIENTED_EDGE('',*,*,#854,.F.);
#650=ORIENTED_EDGE('',*,*,#909,.T.);
#651=ORIENTED_EDGE('',*,*,#840,.F.);
#652=ORIENTED_EDGE('',*,*,#914,.F.);
#653=ORIENTED_EDGE('',*,*,#846,.F.);
#654=ORIENTED_EDGE('',*,*,#908,.T.);
#655=ORIENTED_EDGE('',*,*,#845,.F.);
#656=ORIENTED_EDGE('',*,*,#915,.F.);
#657=ORIENTED_EDGE('',*,*,#855,.F.);
#658=ORIENTED_EDGE('',*,*,#916,.F.);
#659=ORIENTED_EDGE('',*,*,#808,.F.);
#660=ORIENTED_EDGE('',*,*,#917,.F.);
#661=ORIENTED_EDGE('',*,*,#856,.F.);
#662=ORIENTED_EDGE('',*,*,#917,.T.);
#663=ORIENTED_EDGE('',*,*,#807,.F.);
#664=ORIENTED_EDGE('',*,*,#918,.F.);
#665=ORIENTED_EDGE('',*,*,#910,.T.);
#666=ORIENTED_EDGE('',*,*,#913,.T.);
#667=ORIENTED_EDGE('',*,*,#911,.T.);
#668=ORIENTED_EDGE('',*,*,#919,.F.);
#669=ORIENTED_EDGE('',*,*,#914,.T.);
#670=ORIENTED_EDGE('',*,*,#912,.T.);
#671=ORIENTED_EDGE('',*,*,#920,.F.);
#672=ORIENTED_EDGE('',*,*,#916,.T.);
#673=ORIENTED_EDGE('',*,*,#915,.T.);
#674=ORIENTED_EDGE('',*,*,#921,.F.);
#675=ORIENTED_EDGE('',*,*,#809,.F.);
#676=ORIENTED_EDGE('',*,*,#918,.T.);
#677=ORIENTED_EDGE('',*,*,#806,.F.);
#678=ORIENTED_EDGE('',*,*,#922,.F.);
#679=ORIENTED_EDGE('',*,*,#848,.F.);
#680=ORIENTED_EDGE('',*,*,#919,.T.);
#681=ORIENTED_EDGE('',*,*,#849,.F.);
#682=ORIENTED_EDGE('',*,*,#923,.F.);
#683=ORIENTED_EDGE('',*,*,#851,.F.);
#684=ORIENTED_EDGE('',*,*,#920,.T.);
#685=ORIENTED_EDGE('',*,*,#853,.F.);
#686=ORIENTED_EDGE('',*,*,#924,.F.);
#687=ORIENTED_EDGE('',*,*,#843,.F.);
#688=ORIENTED_EDGE('',*,*,#921,.T.);
#689=ORIENTED_EDGE('',*,*,#844,.F.);
#690=ORIENTED_EDGE('',*,*,#925,.F.);
#691=ORIENTED_EDGE('',*,*,#810,.F.);
#692=ORIENTED_EDGE('',*,*,#922,.T.);
#693=ORIENTED_EDGE('',*,*,#805,.F.);
#694=ORIENTED_EDGE('',*,*,#926,.F.);
#695=ORIENTED_EDGE('',*,*,#923,.T.);
#696=ORIENTED_EDGE('',*,*,#925,.T.);
#697=ORIENTED_EDGE('',*,*,#924,.T.);
#698=ORIENTED_EDGE('',*,*,#927,.F.);
#699=ORIENTED_EDGE('',*,*,#811,.F.);
#700=ORIENTED_EDGE('',*,*,#926,.T.);
#701=ORIENTED_EDGE('',*,*,#802,.T.);
#702=ORIENTED_EDGE('',*,*,#927,.T.);
#703=ORIENTED_EDGE('',*,*,#852,.F.);
#704=ORIENTED_EDGE('',*,*,#792,.T.);
#705=ORIENTED_EDGE('',*,*,#756,.T.);
#706=ORIENTED_EDGE('',*,*,#760,.F.);
#707=ORIENTED_EDGE('',*,*,#928,.F.);
#708=ORIENTED_EDGE('',*,*,#929,.T.);
#709=ORIENTED_EDGE('',*,*,#793,.T.);
#710=ORIENTED_EDGE('',*,*,#929,.F.);
#711=ORIENTED_EDGE('',*,*,#930,.F.);
#712=ORIENTED_EDGE('',*,*,#819,.T.);
#713=ORIENTED_EDGE('',*,*,#745,.F.);
#714=ORIENTED_EDGE('',*,*,#820,.T.);
#715=ORIENTED_EDGE('',*,*,#930,.T.);
#716=ORIENTED_EDGE('',*,*,#928,.T.);
#717=ORIENTED_EDGE('',*,*,#763,.F.);
#718=ORIENTED_EDGE('',*,*,#782,.F.);
#719=ORIENTED_EDGE('',*,*,#931,.F.);
#720=ORIENTED_EDGE('',*,*,#932,.T.);
#721=ORIENTED_EDGE('',*,*,#774,.T.);
#722=ORIENTED_EDGE('',*,*,#781,.F.);
#723=ORIENTED_EDGE('',*,*,#822,.F.);
#724=ORIENTED_EDGE('',*,*,#933,.T.);
#725=ORIENTED_EDGE('',*,*,#931,.T.);
#726=ORIENTED_EDGE('',*,*,#753,.F.);
#727=ORIENTED_EDGE('',*,*,#932,.F.);
#728=ORIENTED_EDGE('',*,*,#933,.F.);
#729=ORIENTED_EDGE('',*,*,#821,.F.);
#730=ORIENTED_EDGE('',*,*,#755,.F.);
#731=ORIENTED_EDGE('',*,*,#934,.T.);
#732=ORIENTED_EDGE('',*,*,#859,.F.);
#733=ORIENTED_EDGE('',*,*,#935,.F.);
#734=ORIENTED_EDGE('',*,*,#934,.F.);
#735=ORIENTED_EDGE('',*,*,#935,.T.);
#736=ORIENTED_EDGE('',*,*,#742,.F.);
#737=ORIENTED_EDGE('',*,*,#936,.T.);
#738=ORIENTED_EDGE('',*,*,#838,.F.);
#739=ORIENTED_EDGE('',*,*,#937,.F.);
#740=ORIENTED_EDGE('',*,*,#936,.F.);
#741=ORIENTED_EDGE('',*,*,#937,.T.);
#742=EDGE_CURVE('',#938,#938,#1054,.T.);
#743=EDGE_CURVE('',#939,#940,#274,.T.);
#744=EDGE_CURVE('',#939,#941,#70,.T.);
#745=EDGE_CURVE('',#941,#942,#275,.T.);
#746=EDGE_CURVE('',#942,#943,#276,.T.);
#747=EDGE_CURVE('',#943,#944,#277,.T.);
#748=EDGE_CURVE('',#944,#945,#278,.T.);
#749=EDGE_CURVE('',#945,#946,#279,.T.);
#750=EDGE_CURVE('',#946,#947,#280,.T.);
#751=EDGE_CURVE('',#947,#948,#281,.T.);
#752=EDGE_CURVE('',#948,#949,#282,.T.);
#753=EDGE_CURVE('',#949,#950,#283,.T.);
#754=EDGE_CURVE('',#940,#950,#71,.T.);
#755=EDGE_CURVE('',#951,#951,#1055,.T.);
#756=EDGE_CURVE('',#952,#953,#72,.F.);
#757=EDGE_CURVE('',#952,#954,#284,.T.);
#758=EDGE_CURVE('',#954,#955,#73,.F.);
#759=EDGE_CURVE('',#953,#955,#285,.T.);
#760=EDGE_CURVE('',#942,#953,#74,.T.);
#761=EDGE_CURVE('',#943,#955,#75,.T.);
#762=EDGE_CURVE('',#956,#957,#286,.T.);
#763=EDGE_CURVE('',#957,#958,#76,.F.);
#764=EDGE_CURVE('',#959,#958,#287,.T.);
#765=EDGE_CURVE('',#956,#959,#77,.F.);
#766=EDGE_CURVE('',#960,#961,#288,.T.);
#767=EDGE_CURVE('',#961,#962,#78,.F.);
#768=EDGE_CURVE('',#963,#962,#289,.T.);
#769=EDGE_CURVE('',#960,#963,#79,.F.);
#770=EDGE_CURVE('',#964,#965,#290,.T.);
#771=EDGE_CURVE('',#965,#966,#80,.F.);
#772=EDGE_CURVE('',#967,#966,#291,.T.);
#773=EDGE_CURVE('',#964,#967,#81,.F.);
#774=EDGE_CURVE('',#949,#958,#82,.T.);
#775=EDGE_CURVE('',#948,#959,#83,.T.);
#776=EDGE_CURVE('',#947,#962,#84,.T.);
#777=EDGE_CURVE('',#946,#963,#85,.T.);
#778=EDGE_CURVE('',#945,#966,#86,.T.);
#779=EDGE_CURVE('',#944,#967,#87,.T.);
#780=EDGE_CURVE('',#968,#969,#88,.T.);
#781=EDGE_CURVE('',#969,#970,#89,.T.);
#782=EDGE_CURVE('',#970,#957,#90,.T.);
#783=EDGE_CURVE('',#956,#971,#91,.T.);
#784=EDGE_CURVE('',#972,#971,#92,.T.);
#785=EDGE_CURVE('',#961,#972,#93,.T.);
#786=EDGE_CURVE('',#960,#973,#94,.T.);
#787=EDGE_CURVE('',#974,#973,#95,.T.);
#788=EDGE_CURVE('',#965,#974,#96,.T.);
#789=EDGE_CURVE('',#964,#975,#97,.T.);
#790=EDGE_CURVE('',#976,#975,#98,.T.);
#791=EDGE_CURVE('',#954,#976,#99,.T.);
#792=EDGE_CURVE('',#977,#952,#100,.T.);
#793=EDGE_CURVE('',#978,#977,#101,.T.);
#794=EDGE_CURVE('',#979,#978,#102,.T.);
#795=EDGE_CURVE('',#979,#968,#292,.T.);
#796=EDGE_CURVE('',#980,#981,#293,.T.);
#797=EDGE_CURVE('',#939,#980,#103,.T.);
#798=EDGE_CURVE('',#940,#982,#104,.T.);
#799=EDGE_CURVE('',#983,#982,#294,.T.);
#800=EDGE_CURVE('',#984,#983,#295,.T.);
#801=EDGE_CURVE('',#985,#984,#296,.T.);
#802=EDGE_CURVE('',#981,#985,#297,.T.);
#803=EDGE_CURVE('',#968,#982,#105,.T.);
#804=EDGE_CURVE('',#979,#980,#106,.T.);
#805=EDGE_CURVE('',#981,#986,#1056,.F.);
#806=EDGE_CURVE('',#986,#987,#107,.T.);
#807=EDGE_CURVE('',#987,#988,#1057,.F.);
#808=EDGE_CURVE('',#988,#989,#298,.T.);
#809=EDGE_CURVE('',#989,#990,#1058,.F.);
#810=EDGE_CURVE('',#990,#991,#108,.F.);
#811=EDGE_CURVE('',#991,#985,#1059,.F.);
#812=EDGE_CURVE('',#984,#992,#1060,.F.);
#813=EDGE_CURVE('',#992,#993,#109,.T.);
#814=EDGE_CURVE('',#993,#994,#1061,.F.);
#815=EDGE_CURVE('',#994,#995,#299,.T.);
#816=EDGE_CURVE('',#995,#996,#1062,.F.);
#817=EDGE_CURVE('',#996,#997,#110,.F.);
#818=EDGE_CURVE('',#997,#983,#1063,.F.);
#819=EDGE_CURVE('',#998,#978,#111,.T.);
#820=EDGE_CURVE('',#941,#998,#112,.T.);
#821=EDGE_CURVE('',#950,#999,#113,.T.);
#822=EDGE_CURVE('',#999,#969,#114,.T.);
#823=EDGE_CURVE('',#1000,#976,#115,.T.);
#824=EDGE_CURVE('',#1000,#943,#116,.T.);
#825=EDGE_CURVE('',#1001,#944,#117,.T.);
#826=EDGE_CURVE('',#1001,#975,#118,.T.);
#827=EDGE_CURVE('',#1000,#1001,#119,.T.);
#828=EDGE_CURVE('',#1002,#974,#120,.T.);
#829=EDGE_CURVE('',#1002,#945,#121,.T.);
#830=EDGE_CURVE('',#1003,#946,#122,.T.);
#831=EDGE_CURVE('',#1003,#973,#123,.T.);
#832=EDGE_CURVE('',#1002,#1003,#124,.T.);
#833=EDGE_CURVE('',#1004,#972,#125,.T.);
#834=EDGE_CURVE('',#1004,#947,#126,.T.);
#835=EDGE_CURVE('',#1005,#948,#127,.T.);
#836=EDGE_CURVE('',#1005,#971,#128,.T.);
#837=EDGE_CURVE('',#1004,#1005,#129,.T.);
#838=EDGE_CURVE('',#1006,#1006,#300,.F.);
#839=EDGE_CURVE('',#1007,#1008,#130,.T.);
#840=EDGE_CURVE('',#1008,#1009,#131,.T.);
#841=EDGE_CURVE('',#1009,#1010,#132,.F.);
#842=EDGE_CURVE('',#1010,#1007,#133,.F.);
#843=EDGE_CURVE('',#1011,#1012,#134,.T.);
#844=EDGE_CURVE('',#1012,#1013,#135,.F.);
#845=EDGE_CURVE('',#1013,#1014,#136,.F.);
#846=EDGE_CURVE('',#1014,#1011,#137,.F.);
#847=EDGE_CURVE('',#1015,#1016,#138,.T.);
#848=EDGE_CURVE('',#1016,#1017,#139,.F.);
#849=EDGE_CURVE('',#1017,#1018,#140,.F.);
#850=EDGE_CURVE('',#1018,#1015,#141,.T.);
#851=EDGE_CURVE('',#1019,#1020,#142,.T.);
#852=EDGE_CURVE('',#1020,#1021,#301,.T.);
#853=EDGE_CURVE('',#1021,#1022,#143,.F.);
#854=EDGE_CURVE('',#1022,#1019,#144,.F.);
#855=EDGE_CURVE('',#1023,#1024,#145,.T.);
#856=EDGE_CURVE('',#1024,#1025,#302,.F.);
#857=EDGE_CURVE('',#1025,#1026,#146,.F.);
#858=EDGE_CURVE('',#1026,#1023,#147,.T.);
#859=EDGE_CURVE('',#1027,#1027,#303,.F.);
#860=EDGE_CURVE('',#1028,#1029,#148,.T.);
#861=EDGE_CURVE('',#1029,#1030,#149,.T.);
#862=EDGE_CURVE('',#1030,#1031,#150,.F.);
#863=EDGE_CURVE('',#1031,#1028,#151,.F.);
#864=EDGE_CURVE('',#1032,#1033,#152,.T.);
#865=EDGE_CURVE('',#1033,#1034,#153,.F.);
#866=EDGE_CURVE('',#1034,#1035,#154,.F.);
#867=EDGE_CURVE('',#1035,#1032,#155,.F.);
#868=EDGE_CURVE('',#1036,#1037,#156,.T.);
#869=EDGE_CURVE('',#1037,#1038,#157,.F.);
#870=EDGE_CURVE('',#1038,#1039,#158,.F.);
#871=EDGE_CURVE('',#1039,#1036,#159,.T.);
#872=EDGE_CURVE('',#1040,#1041,#160,.T.);
#873=EDGE_CURVE('',#1041,#1042,#304,.T.);
#874=EDGE_CURVE('',#1042,#1043,#161,.F.);
#875=EDGE_CURVE('',#1043,#1040,#162,.F.);
#876=EDGE_CURVE('',#1044,#1045,#163,.T.);
#877=EDGE_CURVE('',#1045,#1046,#164,.T.);
#878=EDGE_CURVE('',#1046,#1047,#305,.F.);
#879=EDGE_CURVE('',#1047,#1044,#165,.F.);
#880=EDGE_CURVE('',#1031,#1044,#306,.T.);
#881=EDGE_CURVE('',#1045,#1030,#307,.T.);
#882=EDGE_CURVE('',#1031,#1036,#308,.F.);
#883=EDGE_CURVE('',#1036,#1044,#309,.F.);
#884=EDGE_CURVE('',#1045,#1035,#310,.F.);
#885=EDGE_CURVE('',#1035,#1030,#311,.F.);
#886=EDGE_CURVE('',#1037,#1047,#1064,.T.);
#887=EDGE_CURVE('',#1028,#1039,#312,.T.);
#888=EDGE_CURVE('',#1029,#1043,#313,.T.);
#889=EDGE_CURVE('',#1040,#1028,#314,.T.);
#890=EDGE_CURVE('',#1032,#1029,#315,.T.);
#891=EDGE_CURVE('',#1046,#1034,#1065,.T.);
#892=EDGE_CURVE('',#995,#1046,#316,.T.);
#893=EDGE_CURVE('',#1047,#994,#317,.T.);
#894=EDGE_CURVE('',#1037,#993,#318,.F.);
#895=EDGE_CURVE('',#1040,#1039,#319,.F.);
#896=EDGE_CURVE('',#1032,#1043,#320,.F.);
#897=EDGE_CURVE('',#996,#1034,#321,.F.);
#898=EDGE_CURVE('',#1038,#992,#322,.T.);
#899=EDGE_CURVE('',#1041,#1038,#1066,.T.);
#900=EDGE_CURVE('',#1033,#1042,#1067,.T.);
#901=EDGE_CURVE('',#997,#1033,#323,.T.);
#902=EDGE_CURVE('',#1041,#984,#324,.F.);
#903=EDGE_CURVE('',#983,#1042,#325,.F.);
#904=EDGE_CURVE('',#1010,#1026,#326,.T.);
#905=EDGE_CURVE('',#1023,#1009,#327,.T.);
#906=EDGE_CURVE('',#1010,#1015,#328,.F.);
#907=EDGE_CURVE('',#1015,#1026,#329,.F.);
#908=EDGE_CURVE('',#1023,#1014,#330,.F.);
#909=EDGE_CURVE('',#1014,#1009,#331,.F.);
#910=EDGE_CURVE('',#1016,#1025,#1068,.T.);
#911=EDGE_CURVE('',#1007,#1018,#332,.T.);
#912=EDGE_CURVE('',#1008,#1022,#333,.T.);
#913=EDGE_CURVE('',#1019,#1007,#334,.T.);
#914=EDGE_CURVE('',#1011,#1008,#335,.T.);
#915=EDGE_CURVE('',#1024,#1013,#1069,.T.);
#916=EDGE_CURVE('',#989,#1024,#336,.T.);
#917=EDGE_CURVE('',#1025,#988,#337,.T.);
#918=EDGE_CURVE('',#1016,#987,#338,.F.);
#919=EDGE_CURVE('',#1019,#1018,#339,.F.);
#920=EDGE_CURVE('',#1011,#1022,#340,.F.);
#921=EDGE_CURVE('',#990,#1013,#341,.F.);
#922=EDGE_CURVE('',#1017,#986,#342,.T.);
#923=EDGE_CURVE('',#1020,#1017,#1070,.T.);
#924=EDGE_CURVE('',#1012,#1021,#1071,.T.);
#925=EDGE_CURVE('',#991,#1012,#343,.T.);
#926=EDGE_CURVE('',#1020,#981,#344,.F.);
#927=EDGE_CURVE('',#985,#1021,#345,.F.);
#928=EDGE_CURVE('',#1048,#942,#166,.T.);
#929=EDGE_CURVE('',#1048,#977,#167,.T.);
#930=EDGE_CURVE('',#998,#1048,#168,.T.);
#931=EDGE_CURVE('',#1049,#970,#169,.T.);
#932=EDGE_CURVE('',#1049,#949,#170,.T.);
#933=EDGE_CURVE('',#999,#1049,#171,.T.);
#934=EDGE_CURVE('',#1050,#1050,#346,.T.);
#935=EDGE_CURVE('',#1051,#1051,#347,.T.);
#936=EDGE_CURVE('',#1052,#1052,#348,.T.);
#937=EDGE_CURVE('',#1053,#1053,#349,.T.);
#938=VERTEX_POINT('',#1984);
#939=VERTEX_POINT('',#1986);
#940=VERTEX_POINT('',#1987);
#941=VERTEX_POINT('',#1989);
#942=VERTEX_POINT('',#1991);
#943=VERTEX_POINT('',#1993);
#944=VERTEX_POINT('',#1995);
#945=VERTEX_POINT('',#1997);
#946=VERTEX_POINT('',#1999);
#947=VERTEX_POINT('',#2001);
#948=VERTEX_POINT('',#2003);
#949=VERTEX_POINT('',#2005);
#950=VERTEX_POINT('',#2007);
#951=VERTEX_POINT('',#2020);
#952=VERTEX_POINT('',#2023);
#953=VERTEX_POINT('',#2024);
#954=VERTEX_POINT('',#2026);
#955=VERTEX_POINT('',#2028);
#956=VERTEX_POINT('',#2035);
#957=VERTEX_POINT('',#2036);
#958=VERTEX_POINT('',#2038);
#959=VERTEX_POINT('',#2040);
#960=VERTEX_POINT('',#2044);
#961=VERTEX_POINT('',#2045);
#962=VERTEX_POINT('',#2047);
#963=VERTEX_POINT('',#2049);
#964=VERTEX_POINT('',#2053);
#965=VERTEX_POINT('',#2054);
#966=VERTEX_POINT('',#2056);
#967=VERTEX_POINT('',#2058);
#968=VERTEX_POINT('',#2071);
#969=VERTEX_POINT('',#2072);
#970=VERTEX_POINT('',#2074);
#971=VERTEX_POINT('',#2077);
#972=VERTEX_POINT('',#2079);
#973=VERTEX_POINT('',#2082);
#974=VERTEX_POINT('',#2084);
#975=VERTEX_POINT('',#2087);
#976=VERTEX_POINT('',#2089);
#977=VERTEX_POINT('',#2092);
#978=VERTEX_POINT('',#2094);
#979=VERTEX_POINT('',#2096);
#980=VERTEX_POINT('',#2100);
#981=VERTEX_POINT('',#2101);
#982=VERTEX_POINT('',#2104);
#983=VERTEX_POINT('',#2106);
#984=VERTEX_POINT('',#2108);
#985=VERTEX_POINT('',#2110);
#986=VERTEX_POINT('',#2124);
#987=VERTEX_POINT('',#2126);
#988=VERTEX_POINT('',#2135);
#989=VERTEX_POINT('',#2137);
#990=VERTEX_POINT('',#2147);
#991=VERTEX_POINT('',#2149);
#992=VERTEX_POINT('',#2167);
#993=VERTEX_POINT('',#2169);
#994=VERTEX_POINT('',#2178);
#995=VERTEX_POINT('',#2180);
#996=VERTEX_POINT('',#2190);
#997=VERTEX_POINT('',#2192);
#998=VERTEX_POINT('',#2203);
#999=VERTEX_POINT('',#2207);
#1000=VERTEX_POINT('',#2211);
#1001=VERTEX_POINT('',#2215);
#1002=VERTEX_POINT('',#2222);
#1003=VERTEX_POINT('',#2226);
#1004=VERTEX_POINT('',#2233);
#1005=VERTEX_POINT('',#2237);
#1006=VERTEX_POINT('',#2244);
#1007=VERTEX_POINT('',#2246);
#1008=VERTEX_POINT('',#2247);
#1009=VERTEX_POINT('',#2249);
#1010=VERTEX_POINT('',#2251);
#1011=VERTEX_POINT('',#2255);
#1012=VERTEX_POINT('',#2256);
#1013=VERTEX_POINT('',#2258);
#1014=VERTEX_POINT('',#2260);
#1015=VERTEX_POINT('',#2264);
#1016=VERTEX_POINT('',#2265);
#1017=VERTEX_POINT('',#2267);
#1018=VERTEX_POINT('',#2269);
#1019=VERTEX_POINT('',#2273);
#1020=VERTEX_POINT('',#2274);
#1021=VERTEX_POINT('',#2276);
#1022=VERTEX_POINT('',#2278);
#1023=VERTEX_POINT('',#2282);
#1024=VERTEX_POINT('',#2283);
#1025=VERTEX_POINT('',#2285);
#1026=VERTEX_POINT('',#2287);
#1027=VERTEX_POINT('',#2291);
#1028=VERTEX_POINT('',#2293);
#1029=VERTEX_POINT('',#2294);
#1030=VERTEX_POINT('',#2296);
#1031=VERTEX_POINT('',#2298);
#1032=VERTEX_POINT('',#2302);
#1033=VERTEX_POINT('',#2303);
#1034=VERTEX_POINT('',#2305);
#1035=VERTEX_POINT('',#2307);
#1036=VERTEX_POINT('',#2311);
#1037=VERTEX_POINT('',#2312);
#1038=VERTEX_POINT('',#2314);
#1039=VERTEX_POINT('',#2316);
#1040=VERTEX_POINT('',#2320);
#1041=VERTEX_POINT('',#2321);
#1042=VERTEX_POINT('',#2323);
#1043=VERTEX_POINT('',#2325);
#1044=VERTEX_POINT('',#2329);
#1045=VERTEX_POINT('',#2330);
#1046=VERTEX_POINT('',#2332);
#1047=VERTEX_POINT('',#2334);
#1048=VERTEX_POINT('',#2694);
#1049=VERTEX_POINT('',#2701);
#1050=VERTEX_POINT('',#2708);
#1051=VERTEX_POINT('',#2711);
#1052=VERTEX_POINT('',#2715);
#1053=VERTEX_POINT('',#2718);
#1054=B_SPLINE_CURVE_WITH_KNOTS('',3,(#1973,#1974,#1975,#1976,#1977,#1978,
#1979,#1980,#1981,#1982,#1983),.UNSPECIFIED.,.T.,.F.,(1,1,1,1,1,1,1,1,1,
1,1,1,1,1,1),(-0.00293079245759117,-0.00195386163839412,-0.000976930819197058,
0.,0.000976930819197058,0.00195386163839412,0.00293079245759117,0.00390772327678823,
0.00488465409598529,0.00586158491518235,0.00683851573437941,0.00781544655357647,
0.00879237737277352,0.00976930819197058,0.0107462390111676),
 .UNSPECIFIED.);
#1055=B_SPLINE_CURVE_WITH_KNOTS('',3,(#2009,#2010,#2011,#2012,#2013,#2014,
#2015,#2016,#2017,#2018,#2019),.UNSPECIFIED.,.T.,.F.,(1,1,1,1,1,1,1,1,1,
1,1,1,1,1,1),(-0.00293079245759116,-0.0019538616383941,-0.000976930819197052,
0.,0.000976930819197052,0.0019538616383941,0.00293079245759116,0.00390772327678821,
0.00488465409598526,0.00586158491518231,0.00683851573437937,0.00781544655357642,
0.00879237737277347,0.00976930819197052,0.0107462390111676),
 .UNSPECIFIED.);
#1056=B_SPLINE_CURVE_WITH_KNOTS('',3,(#2115,#2116,#2117,#2118,#2119,#2120,
#2121,#2122,#2123),.UNSPECIFIED.,.F.,.F.,(4,1,1,1,1,1,4),(0.,0.0011787253437868,
0.0023574506875736,0.00353617603136039,0.00471490137514719,0.00707235206272079,
0.00942980275029439),.UNSPECIFIED.);
#1057=B_SPLINE_CURVE_WITH_KNOTS('',3,(#2127,#2128,#2129,#2130,#2131,#2132,
#2133,#2134),.UNSPECIFIED.,.F.,.F.,(4,1,1,1,1,4),(0.,0.00229072075023118,
0.00458144150046236,0.00687216225069353,0.00801752262580912,0.00916288300092471),
 .UNSPECIFIED.);
#1058=B_SPLINE_CURVE_WITH_KNOTS('',3,(#2138,#2139,#2140,#2141,#2142,#2143,
#2144,#2145,#2146),.UNSPECIFIED.,.F.,.F.,(4,1,1,1,1,1,4),(0.,0.00117872534378677,
0.00235745068757355,0.00353617603136032,0.0047149013751471,0.00707235206272065,
0.0094298027502942),.UNSPECIFIED.);
#1059=B_SPLINE_CURVE_WITH_KNOTS('',3,(#2150,#2151,#2152,#2153,#2154,#2155,
#2156,#2157),.UNSPECIFIED.,.F.,.F.,(4,1,1,1,1,4),(0.,0.00229072075023115,
0.0045814415004623,0.00687216225069345,0.00801752262580903,0.0091628830009246),
 .UNSPECIFIED.);
#1060=B_SPLINE_CURVE_WITH_KNOTS('',3,(#2158,#2159,#2160,#2161,#2162,#2163,
#2164,#2165,#2166),.UNSPECIFIED.,.F.,.F.,(4,1,1,1,1,1,4),(0.,0.0011787253437868,
0.0023574506875736,0.0035361760313604,0.0047149013751472,0.0070723520627208,
0.00942980275029439),.UNSPECIFIED.);
#1061=B_SPLINE_CURVE_WITH_KNOTS('',3,(#2170,#2171,#2172,#2173,#2174,#2175,
#2176,#2177),.UNSPECIFIED.,.F.,.F.,(4,1,1,1,1,4),(0.,0.00229072075023116,
0.00458144150046232,0.00687216225069348,0.00801752262580906,0.00916288300092464),
 .UNSPECIFIED.);
#1062=B_SPLINE_CURVE_WITH_KNOTS('',3,(#2181,#2182,#2183,#2184,#2185,#2186,
#2187,#2188,#2189),.UNSPECIFIED.,.F.,.F.,(4,1,1,1,1,1,4),(0.,0.00117872534378676,
0.00235745068757353,0.00353617603136029,0.00471490137514706,0.00707235206272058,
0.00942980275029411),.UNSPECIFIED.);
#1063=B_SPLINE_CURVE_WITH_KNOTS('',3,(#2193,#2194,#2195,#2196,#2197,#2198,
#2199,#2200),.UNSPECIFIED.,.F.,.F.,(4,1,1,1,1,4),(0.,0.00229072075023115,
0.0045814415004623,0.00687216225069345,0.00801752262580903,0.0091628830009246),
 .UNSPECIFIED.);
#1064=B_SPLINE_CURVE_WITH_KNOTS('',3,(#2346,#2347,#2348,#2349,#2350,#2351,
#2352,#2353,#2354,#2355),.UNSPECIFIED.,.F.,.F.,(4,1,1,1,1,1,1,4),(0.,0.00047448919639256,
0.000948978392785119,0.00189795678557024,0.00284693517835536,0.00379591357114048,
0.00569387035671072,0.00759182714228095),.UNSPECIFIED.);
#1065=B_SPLINE_CURVE_WITH_KNOTS('',3,(#2364,#2365,#2366,#2367,#2368,#2369,
#2370,#2371,#2372,#2373),.UNSPECIFIED.,.F.,.F.,(4,1,1,1,1,1,1,4),(0.,0.00188192939810727,
0.00376385879621453,0.00470482349526816,0.0056457881943218,0.00658675289337543,
0.00705723524290225,0.00752771759242906),.UNSPECIFIED.);
#1066=B_SPLINE_CURVE_WITH_KNOTS('',3,(#2437,#2438,#2439,#2440,#2441,#2442,
#2443,#2444,#2445,#2446),.UNSPECIFIED.,.F.,.F.,(4,1,1,1,1,1,1,4),(0.,0.00188192939810726,
0.00376385879621453,0.00470482349526816,0.00564578819432179,0.00658675289337542,
0.00705723524290224,0.00752771759242905),.UNSPECIFIED.);
#1067=B_SPLINE_CURVE_WITH_KNOTS('',3,(#2448,#2449,#2450,#2451,#2452,#2453,
#2454,#2455,#2456,#2457),.UNSPECIFIED.,.F.,.F.,(4,1,1,1,1,1,1,4),(0.,0.000474489196392572,
0.000948978392785144,0.00189795678557029,0.00284693517835543,0.00379591357114058,
0.00569387035671086,0.00759182714228115),.UNSPECIFIED.);
#1068=B_SPLINE_CURVE_WITH_KNOTS('',3,(#2524,#2525,#2526,#2527,#2528,#2529,
#2530,#2531,#2532,#2533),.UNSPECIFIED.,.F.,.F.,(4,1,1,1,1,1,1,4),(0.,0.000474489196392581,
0.000948978392785161,0.00189795678557032,0.00284693517835548,0.00379591357114064,
0.00569387035671097,0.00759182714228129),.UNSPECIFIED.);
#1069=B_SPLINE_CURVE_WITH_KNOTS('',3,(#2542,#2543,#2544,#2545,#2546,#2547,
#2548,#2549,#2550,#2551),.UNSPECIFIED.,.F.,.F.,(4,1,1,1,1,1,1,4),(0.,0.00188192939810729,
0.00376385879621458,0.00470482349526822,0.00564578819432187,0.00658675289337551,
0.00705723524290233,0.00752771759242915),.UNSPECIFIED.);
#1070=B_SPLINE_CURVE_WITH_KNOTS('',3,(#2615,#2616,#2617,#2618,#2619,#2620,
#2621,#2622,#2623,#2624),.UNSPECIFIED.,.F.,.F.,(4,1,1,1,1,1,1,4),(0.,0.00188192939810729,
0.00376385879621458,0.00470482349526823,0.00564578819432187,0.00658675289337552,
0.00705723524290234,0.00752771759242916),.UNSPECIFIED.);
#1071=B_SPLINE_CURVE_WITH_KNOTS('',3,(#2626,#2627,#2628,#2629,#2630,#2631,
#2632,#2633,#2634,#2635),.UNSPECIFIED.,.F.,.F.,(4,1,1,1,1,1,1,4),(0.,0.000474489196392594,
0.000948978392785189,0.00189795678557038,0.00284693517835557,0.00379591357114075,
0.00569387035671113,0.00759182714228151),.UNSPECIFIED.);
#1072=EDGE_LOOP('',(#350));
#1073=EDGE_LOOP('',(#351,#352,#353,#354,#355,#356,#357,#358,#359,#360,#361,
#362));
#1074=EDGE_LOOP('',(#363));
#1075=EDGE_LOOP('',(#364,#365,#366,#367));
#1076=EDGE_LOOP('',(#368,#369,#370,#371));
#1077=EDGE_LOOP('',(#372,#373,#374,#375));
#1078=EDGE_LOOP('',(#376,#377,#378,#379));
#1079=EDGE_LOOP('',(#380,#381,#382,#383));
#1080=EDGE_LOOP('',(#384,#385,#386,#387));
#1081=EDGE_LOOP('',(#388,#389,#390,#391));
#1082=EDGE_LOOP('',(#392,#393,#394,#395));
#1083=EDGE_LOOP('',(#396,#397,#398,#399,#400,#401,#402,#403,#404,#405,#406,
#407,#408,#409,#410,#411,#412,#413,#414,#415));
#1084=EDGE_LOOP('',(#416,#417,#418,#419,#420,#421,#422,#423));
#1085=EDGE_LOOP('',(#424,#425,#426,#427,#428,#429,#430,#431,#432,#433,#434,
#435,#436,#437,#438,#439,#440,#441,#442,#443));
#1086=EDGE_LOOP('',(#444,#445,#446,#447,#448,#449));
#1087=EDGE_LOOP('',(#450,#451,#452,#453,#454,#455));
#1088=EDGE_LOOP('',(#456,#457,#458,#459,#460));
#1089=EDGE_LOOP('',(#461,#462,#463,#464,#465));
#1090=EDGE_LOOP('',(#466,#467,#468,#469));
#1091=EDGE_LOOP('',(#470,#471,#472,#473));
#1092=EDGE_LOOP('',(#474,#475,#476,#477,#478));
#1093=EDGE_LOOP('',(#479,#480,#481,#482,#483));
#1094=EDGE_LOOP('',(#484,#485,#486,#487));
#1095=EDGE_LOOP('',(#488,#489,#490,#491));
#1096=EDGE_LOOP('',(#492,#493,#494,#495,#496));
#1097=EDGE_LOOP('',(#497,#498,#499,#500,#501));
#1098=EDGE_LOOP('',(#502,#503,#504,#505));
#1099=EDGE_LOOP('',(#506,#507,#508,#509));
#1100=EDGE_LOOP('',(#510));
#1101=EDGE_LOOP('',(#511,#512,#513,#514));
#1102=EDGE_LOOP('',(#515,#516,#517,#518));
#1103=EDGE_LOOP('',(#519,#520,#521,#522));
#1104=EDGE_LOOP('',(#523,#524,#525,#526));
#1105=EDGE_LOOP('',(#527,#528,#529,#530));
#1106=EDGE_LOOP('',(#531));
#1107=EDGE_LOOP('',(#532,#533,#534,#535));
#1108=EDGE_LOOP('',(#536,#537,#538,#539));
#1109=EDGE_LOOP('',(#540,#541,#542,#543));
#1110=EDGE_LOOP('',(#544,#545,#546,#547));
#1111=EDGE_LOOP('',(#548,#549,#550,#551));
#1112=EDGE_LOOP('',(#552,#553,#554,#555));
#1113=EDGE_LOOP('',(#556,#557,#558));
#1114=EDGE_LOOP('',(#559,#560,#561));
#1115=EDGE_LOOP('',(#562,#563,#564,#565));
#1116=EDGE_LOOP('',(#566,#567,#568,#569));
#1117=EDGE_LOOP('',(#570,#571,#572,#573));
#1118=EDGE_LOOP('',(#574,#575,#576,#577));
#1119=EDGE_LOOP('',(#578,#579,#580,#581));
#1120=EDGE_LOOP('',(#582,#583,#584,#585));
#1121=EDGE_LOOP('',(#586,#587,#588,#589));
#1122=EDGE_LOOP('',(#590,#591,#592));
#1123=EDGE_LOOP('',(#593,#594,#595));
#1124=EDGE_LOOP('',(#596,#597,#598,#599));
#1125=EDGE_LOOP('',(#600,#601,#602,#603));
#1126=EDGE_LOOP('',(#604,#605,#606,#607));
#1127=EDGE_LOOP('',(#608,#609,#610,#611));
#1128=EDGE_LOOP('',(#612,#613,#614,#615));
#1129=EDGE_LOOP('',(#616,#617,#618,#619));
#1130=EDGE_LOOP('',(#620,#621,#622,#623));
#1131=EDGE_LOOP('',(#624,#625,#626,#627));
#1132=EDGE_LOOP('',(#628,#629,#630,#631));
#1133=EDGE_LOOP('',(#632,#633,#634));
#1134=EDGE_LOOP('',(#635,#636,#637));
#1135=EDGE_LOOP('',(#638,#639,#640,#641));
#1136=EDGE_LOOP('',(#642,#643,#644,#645));
#1137=EDGE_LOOP('',(#646,#647,#648,#649));
#1138=EDGE_LOOP('',(#650,#651,#652,#653));
#1139=EDGE_LOOP('',(#654,#655,#656,#657));
#1140=EDGE_LOOP('',(#658,#659,#660,#661));
#1141=EDGE_LOOP('',(#662,#663,#664,#665));
#1142=EDGE_LOOP('',(#666,#667,#668));
#1143=EDGE_LOOP('',(#669,#670,#671));
#1144=EDGE_LOOP('',(#672,#673,#674,#675));
#1145=EDGE_LOOP('',(#676,#677,#678,#679));
#1146=EDGE_LOOP('',(#680,#681,#682,#683));
#1147=EDGE_LOOP('',(#684,#685,#686,#687));
#1148=EDGE_LOOP('',(#688,#689,#690,#691));
#1149=EDGE_LOOP('',(#692,#693,#694,#695));
#1150=EDGE_LOOP('',(#696,#697,#698,#699));
#1151=EDGE_LOOP('',(#700,#701,#702,#703));
#1152=EDGE_LOOP('',(#704,#705,#706,#707,#708));
#1153=EDGE_LOOP('',(#709,#710,#711,#712));
#1154=EDGE_LOOP('',(#713,#714,#715,#716));
#1155=EDGE_LOOP('',(#717,#718,#719,#720,#721));
#1156=EDGE_LOOP('',(#722,#723,#724,#725));
#1157=EDGE_LOOP('',(#726,#727,#728,#729));
#1158=EDGE_LOOP('',(#730));
#1159=EDGE_LOOP('',(#731));
#1160=EDGE_LOOP('',(#732));
#1161=EDGE_LOOP('',(#733));
#1162=EDGE_LOOP('',(#734));
#1163=EDGE_LOOP('',(#735));
#1164=EDGE_LOOP('',(#736));
#1165=EDGE_LOOP('',(#737));
#1166=EDGE_LOOP('',(#738));
#1167=EDGE_LOOP('',(#739));
#1168=EDGE_LOOP('',(#740));
#1169=EDGE_LOOP('',(#741));
#1170=FACE_BOUND('',#1072,.T.);
#1171=FACE_BOUND('',#1073,.T.);
#1172=FACE_BOUND('',#1074,.T.);
#1173=FACE_BOUND('',#1075,.T.);
#1174=FACE_BOUND('',#1076,.T.);
#1175=FACE_BOUND('',#1077,.T.);
#1176=FACE_BOUND('',#1078,.T.);
#1177=FACE_BOUND('',#1079,.T.);
#1178=FACE_BOUND('',#1080,.T.);
#1179=FACE_BOUND('',#1081,.T.);
#1180=FACE_BOUND('',#1082,.T.);
#1181=FACE_BOUND('',#1083,.T.);
#1182=FACE_BOUND('',#1084,.T.);
#1183=FACE_BOUND('',#1085,.T.);
#1184=FACE_BOUND('',#1086,.T.);
#1185=FACE_BOUND('',#1087,.T.);
#1186=FACE_BOUND('',#1088,.T.);
#1187=FACE_BOUND('',#1089,.T.);
#1188=FACE_BOUND('',#1090,.T.);
#1189=FACE_BOUND('',#1091,.T.);
#1190=FACE_BOUND('',#1092,.T.);
#1191=FACE_BOUND('',#1093,.T.);
#1192=FACE_BOUND('',#1094,.T.);
#1193=FACE_BOUND('',#1095,.T.);
#1194=FACE_BOUND('',#1096,.T.);
#1195=FACE_BOUND('',#1097,.T.);
#1196=FACE_BOUND('',#1098,.T.);
#1197=FACE_BOUND('',#1099,.T.);
#1198=FACE_BOUND('',#1100,.T.);
#1199=FACE_BOUND('',#1101,.T.);
#1200=FACE_BOUND('',#1102,.T.);
#1201=FACE_BOUND('',#1103,.T.);
#1202=FACE_BOUND('',#1104,.T.);
#1203=FACE_BOUND('',#1105,.T.);
#1204=FACE_BOUND('',#1106,.T.);
#1205=FACE_BOUND('',#1107,.T.);
#1206=FACE_BOUND('',#1108,.T.);
#1207=FACE_BOUND('',#1109,.T.);
#1208=FACE_BOUND('',#1110,.T.);
#1209=FACE_BOUND('',#1111,.T.);
#1210=FACE_BOUND('',#1112,.T.);
#1211=FACE_BOUND('',#1113,.T.);
#1212=FACE_BOUND('',#1114,.T.);
#1213=FACE_BOUND('',#1115,.T.);
#1214=FACE_BOUND('',#1116,.T.);
#1215=FACE_BOUND('',#1117,.T.);
#1216=FACE_BOUND('',#1118,.T.);
#1217=FACE_BOUND('',#1119,.T.);
#1218=FACE_BOUND('',#1120,.T.);
#1219=FACE_BOUND('',#1121,.T.);
#1220=FACE_BOUND('',#1122,.T.);
#1221=FACE_BOUND('',#1123,.T.);
#1222=FACE_BOUND('',#1124,.T.);
#1223=FACE_BOUND('',#1125,.T.);
#1224=FACE_BOUND('',#1126,.T.);
#1225=FACE_BOUND('',#1127,.T.);
#1226=FACE_BOUND('',#1128,.T.);
#1227=FACE_BOUND('',#1129,.T.);
#1228=FACE_BOUND('',#1130,.T.);
#1229=FACE_BOUND('',#1131,.T.);
#1230=FACE_BOUND('',#1132,.T.);
#1231=FACE_BOUND('',#1133,.T.);
#1232=FACE_BOUND('',#1134,.T.);
#1233=FACE_BOUND('',#1135,.T.);
#1234=FACE_BOUND('',#1136,.T.);
#1235=FACE_BOUND('',#1137,.T.);
#1236=FACE_BOUND('',#1138,.T.);
#1237=FACE_BOUND('',#1139,.T.);
#1238=FACE_BOUND('',#1140,.T.);
#1239=FACE_BOUND('',#1141,.T.);
#1240=FACE_BOUND('',#1142,.T.);
#1241=FACE_BOUND('',#1143,.T.);
#1242=FACE_BOUND('',#1144,.T.);
#1243=FACE_BOUND('',#1145,.T.);
#1244=FACE_BOUND('',#1146,.T.);
#1245=FACE_BOUND('',#1147,.T.);
#1246=FACE_BOUND('',#1148,.T.);
#1247=FACE_BOUND('',#1149,.T.);
#1248=FACE_BOUND('',#1150,.T.);
#1249=FACE_BOUND('',#1151,.T.);
#1250=FACE_BOUND('',#1152,.T.);
#1251=FACE_BOUND('',#1153,.T.);
#1252=FACE_BOUND('',#1154,.T.);
#1253=FACE_BOUND('',#1155,.T.);
#1254=FACE_BOUND('',#1156,.T.);
#1255=FACE_BOUND('',#1157,.T.);
#1256=FACE_BOUND('',#1158,.T.);
#1257=FACE_BOUND('',#1159,.T.);
#1258=FACE_BOUND('',#1160,.T.);
#1259=FACE_BOUND('',#1161,.T.);
#1260=FACE_BOUND('',#1162,.T.);
#1261=FACE_BOUND('',#1163,.T.);
#1262=FACE_BOUND('',#1164,.T.);
#1263=FACE_BOUND('',#1165,.T.);
#1264=FACE_BOUND('',#1166,.T.);
#1265=FACE_BOUND('',#1167,.T.);
#1266=FACE_BOUND('',#1168,.T.);
#1267=FACE_BOUND('',#1169,.T.);
#1268=CYLINDRICAL_SURFACE('',#1399,0.0638);
#1269=CYLINDRICAL_SURFACE('',#1410,0.0661);
#1270=CYLINDRICAL_SURFACE('',#1414,0.0661);
#1271=CYLINDRICAL_SURFACE('',#1417,0.0661);
#1272=CYLINDRICAL_SURFACE('',#1420,0.0661);
#1273=CYLINDRICAL_SURFACE('',#1434,0.0675);
#1274=CYLINDRICAL_SURFACE('',#1467,0.002);
#1275=CYLINDRICAL_SURFACE('',#1476,0.002);
#1276=CYLINDRICAL_SURFACE('',#1477,0.002);
#1277=CYLINDRICAL_SURFACE('',#1479,0.002);
#1278=CYLINDRICAL_SURFACE('',#1482,0.002);
#1279=CYLINDRICAL_SURFACE('',#1484,0.002);
#1280=CYLINDRICAL_SURFACE('',#1494,0.002);
#1281=CYLINDRICAL_SURFACE('',#1496,0.002);
#1282=CYLINDRICAL_SURFACE('',#1497,0.002);
#1283=CYLINDRICAL_SURFACE('',#1498,0.002);
#1284=CYLINDRICAL_SURFACE('',#1503,0.002);
#1285=CYLINDRICAL_SURFACE('',#1512,0.002);
#1286=CYLINDRICAL_SURFACE('',#1513,0.002);
#1287=CYLINDRICAL_SURFACE('',#1515,0.002);
#1288=CYLINDRICAL_SURFACE('',#1518,0.002);
#1289=CYLINDRICAL_SURFACE('',#1520,0.002);
#1290=CYLINDRICAL_SURFACE('',#1530,0.002);
#1291=CYLINDRICAL_SURFACE('',#1532,0.002);
#1292=CYLINDRICAL_SURFACE('',#1533,0.002);
#1293=CYLINDRICAL_SURFACE('',#1534,0.002);
#1294=CYLINDRICAL_SURFACE('',#1545,0.00125);
#1295=CYLINDRICAL_SURFACE('',#1547,0.00285);
#1296=CYLINDRICAL_SURFACE('',#1550,0.00125);
#1297=CYLINDRICAL_SURFACE('',#1552,0.00285);
#1298=ADVANCED_FACE('',(#1170,#1171,#1172),#1268,.F.);
#1299=ADVANCED_FACE('',(#1173),#1269,.F.);
#1300=ADVANCED_FACE('',(#1174),#32,.T.);
#1301=ADVANCED_FACE('',(#1175),#1270,.F.);
#1302=ADVANCED_FACE('',(#1176),#1271,.F.);
#1303=ADVANCED_FACE('',(#1177),#1272,.F.);
#1304=ADVANCED_FACE('',(#1178),#33,.T.);
#1305=ADVANCED_FACE('',(#1179),#34,.T.);
#1306=ADVANCED_FACE('',(#1180),#35,.T.);
#1307=ADVANCED_FACE('',(#1181),#36,.F.);
#1308=ADVANCED_FACE('',(#1182),#37,.F.);
#1309=ADVANCED_FACE('',(#1183),#1273,.T.);
#1310=ADVANCED_FACE('',(#1184),#38,.T.);
#1311=ADVANCED_FACE('',(#1185),#39,.F.);
#1312=ADVANCED_FACE('',(#1186),#40,.T.);
#1313=ADVANCED_FACE('',(#1187),#41,.F.);
#1314=ADVANCED_FACE('',(#1188),#42,.F.);
#1315=ADVANCED_FACE('',(#1189),#43,.T.);
#1316=ADVANCED_FACE('',(#1190),#44,.T.);
#1317=ADVANCED_FACE('',(#1191),#45,.F.);
#1318=ADVANCED_FACE('',(#1192),#46,.F.);
#1319=ADVANCED_FACE('',(#1193),#47,.T.);
#1320=ADVANCED_FACE('',(#1194),#48,.T.);
#1321=ADVANCED_FACE('',(#1195),#49,.F.);
#1322=ADVANCED_FACE('',(#1196),#50,.F.);
#1323=ADVANCED_FACE('',(#1197),#51,.T.);
#1324=ADVANCED_FACE('',(#1198,#1199),#52,.T.);
#1325=ADVANCED_FACE('',(#1200),#53,.T.);
#1326=ADVANCED_FACE('',(#1201),#54,.F.);
#1327=ADVANCED_FACE('',(#1202),#55,.F.);
#1328=ADVANCED_FACE('',(#1203),#56,.T.);
#1329=ADVANCED_FACE('',(#1204,#1205),#57,.T.);
#1330=ADVANCED_FACE('',(#1206),#58,.T.);
#1331=ADVANCED_FACE('',(#1207),#59,.F.);
#1332=ADVANCED_FACE('',(#1208),#60,.F.);
#1333=ADVANCED_FACE('',(#1209),#61,.T.);
#1334=ADVANCED_FACE('',(#1210),#1274,.T.);
#1335=ADVANCED_FACE('',(#1211),#24,.T.);
#1336=ADVANCED_FACE('',(#1212),#25,.T.);
#1337=ADVANCED_FACE('',(#1213),#1275,.T.);
#1338=ADVANCED_FACE('',(#1214),#1276,.T.);
#1339=ADVANCED_FACE('',(#1215),#1277,.T.);
#1340=ADVANCED_FACE('',(#1216),#1278,.T.);
#1341=ADVANCED_FACE('',(#1217),#1279,.T.);
#1342=ADVANCED_FACE('',(#1218),#20,.F.);
#1343=ADVANCED_FACE('',(#1219),#12,.F.);
#1344=ADVANCED_FACE('',(#1220),#26,.T.);
#1345=ADVANCED_FACE('',(#1221),#27,.T.);
#1346=ADVANCED_FACE('',(#1222),#13,.F.);
#1347=ADVANCED_FACE('',(#1223),#1280,.F.);
#1348=ADVANCED_FACE('',(#1224),#1281,.T.);
#1349=ADVANCED_FACE('',(#1225),#1282,.T.);
#1350=ADVANCED_FACE('',(#1226),#1283,.F.);
#1351=ADVANCED_FACE('',(#1227),#14,.F.);
#1352=ADVANCED_FACE('',(#1228),#15,.F.);
#1353=ADVANCED_FACE('',(#1229),#21,.F.);
#1354=ADVANCED_FACE('',(#1230),#1284,.T.);
#1355=ADVANCED_FACE('',(#1231),#28,.T.);
#1356=ADVANCED_FACE('',(#1232),#29,.T.);
#1357=ADVANCED_FACE('',(#1233),#1285,.T.);
#1358=ADVANCED_FACE('',(#1234),#1286,.T.);
#1359=ADVANCED_FACE('',(#1235),#1287,.T.);
#1360=ADVANCED_FACE('',(#1236),#1288,.T.);
#1361=ADVANCED_FACE('',(#1237),#1289,.T.);
#1362=ADVANCED_FACE('',(#1238),#22,.F.);
#1363=ADVANCED_FACE('',(#1239),#16,.F.);
#1364=ADVANCED_FACE('',(#1240),#30,.T.);
#1365=ADVANCED_FACE('',(#1241),#31,.T.);
#1366=ADVANCED_FACE('',(#1242),#17,.F.);
#1367=ADVANCED_FACE('',(#1243),#1290,.F.);
#1368=ADVANCED_FACE('',(#1244),#1291,.T.);
#1369=ADVANCED_FACE('',(#1245),#1292,.T.);
#1370=ADVANCED_FACE('',(#1246),#1293,.F.);
#1371=ADVANCED_FACE('',(#1247),#18,.F.);
#1372=ADVANCED_FACE('',(#1248),#19,.F.);
#1373=ADVANCED_FACE('',(#1249),#23,.F.);
#1374=ADVANCED_FACE('',(#1250),#62,.F.);
#1375=ADVANCED_FACE('',(#1251),#63,.F.);
#1376=ADVANCED_FACE('',(#1252),#64,.F.);
#1377=ADVANCED_FACE('',(#1253),#65,.T.);
#1378=ADVANCED_FACE('',(#1254),#66,.T.);
#1379=ADVANCED_FACE('',(#1255),#67,.F.);
#1380=ADVANCED_FACE('',(#1256,#1257),#1294,.F.);
#1381=ADVANCED_FACE('',(#1258,#1259),#1295,.F.);
#1382=ADVANCED_FACE('',(#1260,#1261),#68,.T.);
#1383=ADVANCED_FACE('',(#1262,#1263),#1296,.F.);
#1384=ADVANCED_FACE('',(#1264,#1265),#1297,.F.);
#1385=ADVANCED_FACE('',(#1266,#1267),#69,.T.);
#1386=CLOSED_SHELL('',(#1298,#1299,#1300,#1301,#1302,#1303,#1304,#1305,
#1306,#1307,#1308,#1309,#1310,#1311,#1312,#1313,#1314,#1315,#1316,#1317,
#1318,#1319,#1320,#1321,#1322,#1323,#1324,#1325,#1326,#1327,#1328,#1329,
#1330,#1331,#1332,#1333,#1334,#1335,#1336,#1337,#1338,#1339,#1340,#1341,
#1342,#1343,#1344,#1345,#1346,#1347,#1348,#1349,#1350,#1351,#1352,#1353,
#1354,#1355,#1356,#1357,#1358,#1359,#1360,#1361,#1362,#1363,#1364,#1365,
#1366,#1367,#1368,#1369,#1370,#1371,#1372,#1373,#1374,#1375,#1376,#1377,
#1378,#1379,#1380,#1381,#1382,#1383,#1384,#1385));
#1387=STYLED_ITEM('',(#1388),#1395);
#1388=PRESENTATION_STYLE_ASSIGNMENT((#1389));
#1389=SURFACE_STYLE_USAGE(.BOTH.,#1390);
#1390=SURFACE_SIDE_STYLE('',(#1391));
#1391=SURFACE_STYLE_FILL_AREA(#1392);
#1392=FILL_AREA_STYLE('',(#1393));
#1393=FILL_AREA_STYLE_COLOUR('',#1394);
#1394=COLOUR_RGB('',0.768627450980392,0.886274509803922,0.952941176470588);
#1395=MANIFOLD_SOLID_BREP('Hull Shell4',#1386);
#1396=SHAPE_DEFINITION_REPRESENTATION(#2726,#1397);
#1397=SHAPE_REPRESENTATION('Hull Shell4',(#1398),#2721);
#1398=AXIS2_PLACEMENT_3D('',#1971,#1555,#1556);
#1399=AXIS2_PLACEMENT_3D('',#1972,#1557,#1558);
#1400=AXIS2_PLACEMENT_3D('',#1985,#1559,#1560);
#1401=AXIS2_PLACEMENT_3D('',#1990,#1562,#1563);
#1402=AXIS2_PLACEMENT_3D('',#1992,#1564,#1565);
#1403=AXIS2_PLACEMENT_3D('',#1994,#1566,#1567);
#1404=AXIS2_PLACEMENT_3D('',#1996,#1568,#1569);
#1405=AXIS2_PLACEMENT_3D('',#1998,#1570,#1571);
#1406=AXIS2_PLACEMENT_3D('',#2000,#1572,#1573);
#1407=AXIS2_PLACEMENT_3D('',#2002,#1574,#1575);
#1408=AXIS2_PLACEMENT_3D('',#2004,#1576,#1577);
#1409=AXIS2_PLACEMENT_3D('',#2006,#1578,#1579);
#1410=AXIS2_PLACEMENT_3D('',#2021,#1581,#1582);
#1411=AXIS2_PLACEMENT_3D('',#2025,#1584,#1585);
#1412=AXIS2_PLACEMENT_3D('',#2029,#1587,#1588);
#1413=AXIS2_PLACEMENT_3D('',#2030,#1589,#1590);
#1414=AXIS2_PLACEMENT_3D('',#2033,#1593,#1594);
#1415=AXIS2_PLACEMENT_3D('',#2034,#1595,#1596);
#1416=AXIS2_PLACEMENT_3D('',#2039,#1598,#1599);
#1417=AXIS2_PLACEMENT_3D('',#2042,#1601,#1602);
#1418=AXIS2_PLACEMENT_3D('',#2043,#1603,#1604);
#1419=AXIS2_PLACEMENT_3D('',#2048,#1606,#1607);
#1420=AXIS2_PLACEMENT_3D('',#2051,#1609,#1610);
#1421=AXIS2_PLACEMENT_3D('',#2052,#1611,#1612);
#1422=AXIS2_PLACEMENT_3D('',#2057,#1614,#1615);
#1423=AXIS2_PLACEMENT_3D('',#2060,#1617,#1618);
#1424=AXIS2_PLACEMENT_3D('',#2063,#1621,#1622);
#1425=AXIS2_PLACEMENT_3D('',#2066,#1625,#1626);
#1426=AXIS2_PLACEMENT_3D('',#2069,#1629,#1630);
#1427=AXIS2_PLACEMENT_3D('',#2097,#1646,#1647);
#1428=AXIS2_PLACEMENT_3D('',#2098,#1648,#1649);
#1429=AXIS2_PLACEMENT_3D('',#2099,#1650,#1651);
#1430=AXIS2_PLACEMENT_3D('',#2105,#1654,#1655);
#1431=AXIS2_PLACEMENT_3D('',#2107,#1656,#1657);
#1432=AXIS2_PLACEMENT_3D('',#2109,#1658,#1659);
#1433=AXIS2_PLACEMENT_3D('',#2111,#1660,#1661);
#1434=AXIS2_PLACEMENT_3D('',#2112,#1662,#1663);
#1435=AXIS2_PLACEMENT_3D('',#2136,#1667,#1668);
#1436=AXIS2_PLACEMENT_3D('',#2179,#1671,#1672);
#1437=AXIS2_PLACEMENT_3D('',#2201,#1674,#1675);
#1438=AXIS2_PLACEMENT_3D('',#2205,#1678,#1679);
#1439=AXIS2_PLACEMENT_3D('',#2209,#1682,#1683);
#1440=AXIS2_PLACEMENT_3D('',#2213,#1686,#1687);
#1441=AXIS2_PLACEMENT_3D('',#2217,#1690,#1691);
#1442=AXIS2_PLACEMENT_3D('',#2219,#1693,#1694);
#1443=AXIS2_PLACEMENT_3D('',#2220,#1695,#1696);
#1444=AXIS2_PLACEMENT_3D('',#2224,#1699,#1700);
#1445=AXIS2_PLACEMENT_3D('',#2228,#1703,#1704);
#1446=AXIS2_PLACEMENT_3D('',#2230,#1706,#1707);
#1447=AXIS2_PLACEMENT_3D('',#2231,#1708,#1709);
#1448=AXIS2_PLACEMENT_3D('',#2235,#1712,#1713);
#1449=AXIS2_PLACEMENT_3D('',#2239,#1716,#1717);
#1450=AXIS2_PLACEMENT_3D('',#2241,#1719,#1720);
#1451=AXIS2_PLACEMENT_3D('',#2242,#1721,#1722);
#1452=AXIS2_PLACEMENT_3D('',#2243,#1723,#1724);
#1453=AXIS2_PLACEMENT_3D('',#2253,#1729,#1730);
#1454=AXIS2_PLACEMENT_3D('',#2262,#1735,#1736);
#1455=AXIS2_PLACEMENT_3D('',#2271,#1741,#1742);
#1456=AXIS2_PLACEMENT_3D('',#2275,#1744,#1745);
#1457=AXIS2_PLACEMENT_3D('',#2280,#1748,#1749);
#1458=AXIS2_PLACEMENT_3D('',#2284,#1751,#1752);
#1459=AXIS2_PLACEMENT_3D('',#2289,#1755,#1756);
#1460=AXIS2_PLACEMENT_3D('',#2290,#1757,#1758);
#1461=AXIS2_PLACEMENT_3D('',#2300,#1763,#1764);
#1462=AXIS2_PLACEMENT_3D('',#2309,#1769,#1770);
#1463=AXIS2_PLACEMENT_3D('',#2318,#1775,#1776);
#1464=AXIS2_PLACEMENT_3D('',#2322,#1778,#1779);
#1465=AXIS2_PLACEMENT_3D('',#2327,#1782,#1783);
#1466=AXIS2_PLACEMENT_3D('',#2333,#1786,#1787);
#1467=AXIS2_PLACEMENT_3D('',#2336,#1789,#1790);
#1468=AXIS2_PLACEMENT_3D('',#2337,#1791,#1792);
#1469=AXIS2_PLACEMENT_3D('',#2338,#1793,#1794);
#1470=AXIS2_PLACEMENT_3D('',#2339,#1795,#1796);
#1471=AXIS2_PLACEMENT_3D('',#2340,#1797,#1798);
#1472=AXIS2_PLACEMENT_3D('',#2341,#1799,#1800);
#1473=AXIS2_PLACEMENT_3D('',#2342,#1801,#1802);
#1474=AXIS2_PLACEMENT_3D('',#2343,#1803,#1804);
#1475=AXIS2_PLACEMENT_3D('',#2344,#1805,#1806);
#1476=AXIS2_PLACEMENT_3D('',#2345,#1807,#1808);
#1477=AXIS2_PLACEMENT_3D('',#2356,#1809,#1810);
#1478=AXIS2_PLACEMENT_3D('',#2357,#1811,#1812);
#1479=AXIS2_PLACEMENT_3D('',#2358,#1813,#1814);
#1480=AXIS2_PLACEMENT_3D('',#2359,#1815,#1816);
#1481=AXIS2_PLACEMENT_3D('',#2360,#1817,#1818);
#1482=AXIS2_PLACEMENT_3D('',#2361,#1819,#1820);
#1483=AXIS2_PLACEMENT_3D('',#2362,#1821,#1822);
#1484=AXIS2_PLACEMENT_3D('',#2363,#1823,#1824);
#1485=AXIS2_PLACEMENT_3D('',#2374,#1825,#1826);
#1486=AXIS2_PLACEMENT_3D('',#2375,#1827,#1828);
#1487=AXIS2_PLACEMENT_3D('',#2376,#1829,#1830);
#1488=AXIS2_PLACEMENT_3D('',#2401,#1831,#1832);
#1489=AXIS2_PLACEMENT_3D('',#2402,#1833,#1834);
#1490=AXIS2_PLACEMENT_3D('',#2403,#1835,#1836);
#1491=AXIS2_PLACEMENT_3D('',#2404,#1837,#1838);
#1492=AXIS2_PLACEMENT_3D('',#2405,#1839,#1840);
#1493=AXIS2_PLACEMENT_3D('',#2433,#1841,#1842);
#1494=AXIS2_PLACEMENT_3D('',#2434,#1843,#1844);
#1495=AXIS2_PLACEMENT_3D('',#2435,#1845,#1846);
#1496=AXIS2_PLACEMENT_3D('',#2436,#1847,#1848);
#1497=AXIS2_PLACEMENT_3D('',#2447,#1849,#1850);
#1498=AXIS2_PLACEMENT_3D('',#2458,#1851,#1852);
#1499=AXIS2_PLACEMENT_3D('',#2459,#1853,#1854);
#1500=AXIS2_PLACEMENT_3D('',#2487,#1855,#1856);
#1501=AXIS2_PLACEMENT_3D('',#2512,#1857,#1858);
#1502=AXIS2_PLACEMENT_3D('',#2513,#1859,#1860);
#1503=AXIS2_PLACEMENT_3D('',#2514,#1861,#1862);
#1504=AXIS2_PLACEMENT_3D('',#2515,#1863,#1864);
#1505=AXIS2_PLACEMENT_3D('',#2516,#1865,#1866);
#1506=AXIS2_PLACEMENT_3D('',#2517,#1867,#1868);
#1507=AXIS2_PLACEMENT_3D('',#2518,#1869,#1870);
#1508=AXIS2_PLACEMENT_3D('',#2519,#1871,#1872);
#1509=AXIS2_PLACEMENT_3D('',#2520,#1873,#1874);
#1510=AXIS2_PLACEMENT_3D('',#2521,#1875,#1876);
#1511=AXIS2_PLACEMENT_3D('',#2522,#1877,#1878);
#1512=AXIS2_PLACEMENT_3D('',#2523,#1879,#1880);
#1513=AXIS2_PLACEMENT_3D('',#2534,#1881,#1882);
#1514=AXIS2_PLACEMENT_3D('',#2535,#1883,#1884);
#1515=AXIS2_PLACEMENT_3D('',#2536,#1885,#1886);
#1516=AXIS2_PLACEMENT_3D('',#2537,#1887,#1888);
#1517=AXIS2_PLACEMENT_3D('',#2538,#1889,#1890);
#1518=AXIS2_PLACEMENT_3D('',#2539,#1891,#1892);
#1519=AXIS2_PLACEMENT_3D('',#2540,#1893,#1894);
#1520=AXIS2_PLACEMENT_3D('',#2541,#1895,#1896);
#1521=AXIS2_PLACEMENT_3D('',#2552,#1897,#1898);
#1522=AXIS2_PLACEMENT_3D('',#2553,#1899,#1900);
#1523=AXIS2_PLACEMENT_3D('',#2554,#1901,#1902);
#1524=AXIS2_PLACEMENT_3D('',#2579,#1903,#1904);
#1525=AXIS2_PLACEMENT_3D('',#2580,#1905,#1906);
#1526=AXIS2_PLACEMENT_3D('',#2581,#1907,#1908);
#1527=AXIS2_PLACEMENT_3D('',#2582,#1909,#1910);
#1528=AXIS2_PLACEMENT_3D('',#2583,#1911,#1912);
#1529=AXIS2_PLACEMENT_3D('',#2611,#1913,#1914);
#1530=AXIS2_PLACEMENT_3D('',#2612,#1915,#1916);
#1531=AXIS2_PLACEMENT_3D('',#2613,#1917,#1918);
#1532=AXIS2_PLACEMENT_3D('',#2614,#1919,#1920);
#1533=AXIS2_PLACEMENT_3D('',#2625,#1921,#1922);
#1534=AXIS2_PLACEMENT_3D('',#2636,#1923,#1924);
#1535=AXIS2_PLACEMENT_3D('',#2637,#1925,#1926);
#1536=AXIS2_PLACEMENT_3D('',#2665,#1927,#1928);
#1537=AXIS2_PLACEMENT_3D('',#2690,#1929,#1930);
#1538=AXIS2_PLACEMENT_3D('',#2691,#1931,#1932);
#1539=AXIS2_PLACEMENT_3D('',#2692,#1933,#1934);
#1540=AXIS2_PLACEMENT_3D('',#2696,#1937,#1938);
#1541=AXIS2_PLACEMENT_3D('',#2698,#1940,#1941);
#1542=AXIS2_PLACEMENT_3D('',#2699,#1942,#1943);
#1543=AXIS2_PLACEMENT_3D('',#2703,#1946,#1947);
#1544=AXIS2_PLACEMENT_3D('',#2705,#1949,#1950);
#1545=AXIS2_PLACEMENT_3D('',#2706,#1951,#1952);
#1546=AXIS2_PLACEMENT_3D('',#2707,#1953,#1954);
#1547=AXIS2_PLACEMENT_3D('',#2709,#1955,#1956);
#1548=AXIS2_PLACEMENT_3D('',#2710,#1957,#1958);
#1549=AXIS2_PLACEMENT_3D('',#2712,#1959,#1960);
#1550=AXIS2_PLACEMENT_3D('',#2713,#1961,#1962);
#1551=AXIS2_PLACEMENT_3D('',#2714,#1963,#1964);
#1552=AXIS2_PLACEMENT_3D('',#2716,#1965,#1966);
#1553=AXIS2_PLACEMENT_3D('',#2717,#1967,#1968);
#1554=AXIS2_PLACEMENT_3D('',#2719,#1969,#1970);
#1555=DIRECTION('',(0.,0.,1.));
#1556=DIRECTION('',(1.,0.,0.));
#1557=DIRECTION('',(0.,-1.,0.));
#1558=DIRECTION('',(0.,0.,-1.));
#1559=DIRECTION('',(0.,-1.,0.));
#1560=DIRECTION('',(0.,0.,-1.));
#1561=DIRECTION('',(0.,-1.,0.));
#1562=DIRECTION('',(0.,-1.,0.));
#1563=DIRECTION('',(0.,0.,-1.));
#1564=DIRECTION('',(0.,-1.,0.));
#1565=DIRECTION('',(0.,0.,-1.));
#1566=DIRECTION('',(0.,-1.,0.));
#1567=DIRECTION('',(0.,0.,-1.));
#1568=DIRECTION('',(0.,-1.,0.));
#1569=DIRECTION('',(0.,0.,-1.));
#1570=DIRECTION('',(0.,-1.,0.));
#1571=DIRECTION('',(0.,0.,-1.));
#1572=DIRECTION('',(0.,-1.,0.));
#1573=DIRECTION('',(0.,0.,-1.));
#1574=DIRECTION('',(0.,-1.,0.));
#1575=DIRECTION('',(0.,0.,-1.));
#1576=DIRECTION('',(0.,-1.,0.));
#1577=DIRECTION('',(0.,0.,-1.));
#1578=DIRECTION('',(0.,-1.,0.));
#1579=DIRECTION('',(0.,0.,-1.));
#1580=DIRECTION('',(0.,-1.,0.));
#1581=DIRECTION('',(0.,-1.,0.));
#1582=DIRECTION('',(0.,0.,-1.));
#1583=DIRECTION('',(0.,-1.,0.));
#1584=DIRECTION('',(0.,-1.,0.));
#1585=DIRECTION('',(0.,0.,-1.));
#1586=DIRECTION('',(0.,-1.,0.));
#1587=DIRECTION('',(0.,-1.,0.));
#1588=DIRECTION('',(0.,0.,-1.));
#1589=DIRECTION('',(0.,-1.,0.));
#1590=DIRECTION('',(0.,0.,-1.));
#1591=DIRECTION('',(-0.587836794467618,0.,-0.808979544284054));
#1592=DIRECTION('',(-0.866025403784438,0.,-0.5));
#1593=DIRECTION('',(0.,-1.,0.));
#1594=DIRECTION('',(0.,0.,-1.));
#1595=DIRECTION('',(0.,-1.,0.));
#1596=DIRECTION('',(0.,0.,-1.));
#1597=DIRECTION('',(0.,-1.,0.));
#1598=DIRECTION('',(0.,-1.,0.));
#1599=DIRECTION('',(0.,0.,-1.));
#1600=DIRECTION('',(0.,-1.,0.));
#1601=DIRECTION('',(0.,-1.,0.));
#1602=DIRECTION('',(0.,0.,-1.));
#1603=DIRECTION('',(0.,-1.,0.));
#1604=DIRECTION('',(0.,0.,-1.));
#1605=DIRECTION('',(0.,-1.,0.));
#1606=DIRECTION('',(0.,-1.,0.));
#1607=DIRECTION('',(0.,0.,-1.));
#1608=DIRECTION('',(0.,-1.,0.));
#1609=DIRECTION('',(0.,-1.,0.));
#1610=DIRECTION('',(0.,0.,-1.));
#1611=DIRECTION('',(0.,-1.,0.));
#1612=DIRECTION('',(0.,0.,-1.));
#1613=DIRECTION('',(0.,-1.,0.));
#1614=DIRECTION('',(0.,-1.,0.));
#1615=DIRECTION('',(0.,0.,-1.));
#1616=DIRECTION('',(0.,-1.,0.));
#1617=DIRECTION('',(0.,-1.,0.));
#1618=DIRECTION('',(0.,0.,-1.));
#1619=DIRECTION('',(0.587836794467618,0.,-0.808979544284054));
#1620=DIRECTION('',(0.866025403784439,0.,-0.5));
#1621=DIRECTION('',(0.,-1.,0.));
#1622=DIRECTION('',(0.,0.,-1.));
#1623=DIRECTION('',(0.866025403784439,0.,-0.5));
#1624=DIRECTION('',(1.22464679914735E-16,0.,-1.));
#1625=DIRECTION('',(0.,-1.,0.));
#1626=DIRECTION('',(0.,0.,-1.));
#1627=DIRECTION('',(1.22464679914735E-16,0.,-1.));
#1628=DIRECTION('',(-0.866025403784438,0.,-0.5));
#1629=DIRECTION('',(0.,1.,0.));
#1630=DIRECTION('',(0.,0.,1.));
#1631=DIRECTION('',(-1.,0.,-6.12323399573677E-17));
#1632=DIRECTION('',(-0.0871557427476577,0.,-0.996194698091746));
#1633=DIRECTION('',(0.587836794467618,0.,-0.808979544284054));
#1634=DIRECTION('',(-0.866025403784439,0.,0.5));
#1635=DIRECTION('',(0.5,0.,0.866025403784439));
#1636=DIRECTION('',(-0.866025403784439,0.,0.5));
#1637=DIRECTION('',(-1.22464679914735E-16,0.,1.));
#1638=DIRECTION('',(1.,0.,1.22464679914735E-16));
#1639=DIRECTION('',(-1.22464679914735E-16,0.,1.));
#1640=DIRECTION('',(0.866025403784438,0.,0.5));
#1641=DIRECTION('',(0.5,0.,-0.866025403784438));
#1642=DIRECTION('',(0.866025403784438,0.,0.5));
#1643=DIRECTION('',(-0.587836794467618,0.,-0.808979544284054));
#1644=DIRECTION('',(0.0871557427476583,0.,-0.996194698091746));
#1645=DIRECTION('',(1.,0.,1.83697019872103E-16));
#1646=DIRECTION('',(0.,-1.,0.));
#1647=DIRECTION('',(0.,0.,-1.));
#1648=DIRECTION('',(0.,-1.,0.));
#1649=DIRECTION('',(0.,0.,-1.));
#1650=DIRECTION('',(0.,-1.,0.));
#1651=DIRECTION('',(0.,0.,-1.));
#1652=DIRECTION('',(-1.,0.,-1.83697019872103E-16));
#1653=DIRECTION('',(1.,0.,6.12323399573677E-17));
#1654=DIRECTION('',(0.,-1.,0.));
#1655=DIRECTION('',(0.,0.,-1.));
#1656=DIRECTION('',(0.,-1.,0.));
#1657=DIRECTION('',(0.,0.,-1.));
#1658=DIRECTION('',(0.,-1.,0.));
#1659=DIRECTION('',(0.,0.,-1.));
#1660=DIRECTION('',(0.,-1.,0.));
#1661=DIRECTION('',(0.,0.,-1.));
#1662=DIRECTION('',(0.,-1.,0.));
#1663=DIRECTION('',(0.,0.,-1.));
#1664=DIRECTION('',(0.,1.,0.));
#1665=DIRECTION('',(0.,1.,0.));
#1666=DIRECTION('',(0.,-1.,0.));
#1667=DIRECTION('',(0.,-1.,0.));
#1668=DIRECTION('',(0.,0.,-1.));
#1669=DIRECTION('',(0.,-1.,0.));
#1670=DIRECTION('',(0.,-1.,0.));
#1671=DIRECTION('',(0.,-1.,0.));
#1672=DIRECTION('',(0.,0.,-1.));
#1673=DIRECTION('',(0.,-1.,0.));
#1674=DIRECTION('',(-1.83697019872103E-16,0.,1.));
#1675=DIRECTION('',(0.,1.,0.));
#1676=DIRECTION('',(0.,-1.,0.));
#1677=DIRECTION('',(1.,0.,0.));
#1678=DIRECTION('',(6.12323399573677E-17,0.,-1.));
#1679=DIRECTION('',(0.,1.,0.));
#1680=DIRECTION('',(-1.,0.,0.));
#1681=DIRECTION('',(0.,-1.,0.));
#1682=DIRECTION('',(-0.5,0.,0.866025403784438));
#1683=DIRECTION('',(0.,1.,0.));
#1684=DIRECTION('',(1.80277751848459E-16,-1.,1.04083408558609E-16));
#1685=DIRECTION('',(-0.866025403784438,0.,-0.5));
#1686=DIRECTION('',(-0.5,0.,0.866025403784438));
#1687=DIRECTION('',(0.,1.,0.));
#1688=DIRECTION('',(-0.866025403784438,0.,-0.5));
#1689=DIRECTION('',(1.80277751848459E-16,-1.,1.04083408558609E-16));
#1690=DIRECTION('',(0.,-1.,0.));
#1691=DIRECTION('',(0.866025403784438,0.,0.5));
#1692=DIRECTION('',(0.5,0.,-0.866025403784438));
#1693=DIRECTION('',(0.866025403784438,2.08166817117217E-16,0.5));
#1694=DIRECTION('',(-1.80277751848459E-16,1.,-1.04083408558609E-16));
#1695=DIRECTION('',(-1.,0.,-1.22464679914735E-16));
#1696=DIRECTION('',(0.,1.,0.));
#1697=DIRECTION('',(-2.54930826271292E-32,-1.,2.08166817117217E-16));
#1698=DIRECTION('',(1.22464679914735E-16,0.,-1.));
#1699=DIRECTION('',(-1.,0.,-1.22464679914735E-16));
#1700=DIRECTION('',(0.,1.,0.));
#1701=DIRECTION('',(1.22464679914735E-16,0.,-1.));
#1702=DIRECTION('',(-2.54930826271292E-32,-1.,2.08166817117217E-16));
#1703=DIRECTION('',(0.,-1.,0.));
#1704=DIRECTION('',(-1.22464679914735E-16,0.,1.));
#1705=DIRECTION('',(1.,0.,1.22464679914735E-16));
#1706=DIRECTION('',(-1.22464679914735E-16,2.08166817117217E-16,1.));
#1707=DIRECTION('',(2.54930826271292E-32,1.,-2.08166817117217E-16));
#1708=DIRECTION('',(-0.5,0.,-0.866025403784439));
#1709=DIRECTION('',(0.,1.,0.));
#1710=DIRECTION('',(-1.80277751848459E-16,-1.,1.04083408558608E-16));
#1711=DIRECTION('',(0.866025403784439,0.,-0.5));
#1712=DIRECTION('',(-0.5,0.,-0.866025403784439));
#1713=DIRECTION('',(0.,1.,0.));
#1714=DIRECTION('',(0.866025403784439,0.,-0.5));
#1715=DIRECTION('',(-1.80277751848459E-16,-1.,1.04083408558608E-16));
#1716=DIRECTION('',(0.,-1.,0.));
#1717=DIRECTION('',(-0.866025403784439,0.,0.5));
#1718=DIRECTION('',(0.5,0.,0.866025403784439));
#1719=DIRECTION('',(-0.866025403784439,2.08166817117217E-16,0.5));
#1720=DIRECTION('',(1.80277751848459E-16,1.,-1.04083408558608E-16));
#1721=DIRECTION('',(-0.866025403784438,0.,-0.5));
#1722=DIRECTION('',(-0.5,0.,0.866025403784438));
#1723=DIRECTION('',(-0.866025403784438,0.,-0.5));
#1724=DIRECTION('',(-0.5,0.,0.866025403784438));
#1725=DIRECTION('',(0.5,0.,-0.866025403784438));
#1726=DIRECTION('',(0.,-1.,0.));
#1727=DIRECTION('',(0.5,0.,-0.866025403784438));
#1728=DIRECTION('',(0.,-1.,0.));
#1729=DIRECTION('',(-0.332139818911422,0.,-0.943230163159283));
#1730=DIRECTION('',(-0.943230163159283,0.,0.332139818911422));
#1731=DIRECTION('',(0.943230163159283,0.,-0.332139818911422));
#1732=DIRECTION('',(0.,1.,0.));
#1733=DIRECTION('',(0.943230163159283,0.,-0.332139818911422));
#1734=DIRECTION('',(0.,-1.,0.));
#1735=DIRECTION('',(0.982931192367391,0.,-0.183973560793986));
#1736=DIRECTION('',(-0.183973560793986,0.,-0.982931192367391));
#1737=DIRECTION('',(0.183973560793986,0.,0.982931192367391));
#1738=DIRECTION('',(0.,-1.,0.));
#1739=DIRECTION('',(0.183973560793986,0.,0.982931192367391));
#1740=DIRECTION('',(0.,-1.,0.));
#1741=DIRECTION('',(0.,-1.,0.));
#1742=DIRECTION('',(-0.5,0.,0.866025403784438));
#1743=DIRECTION('',(0.183973560793986,0.,0.982931192367391));
#1744=DIRECTION('',(0.,-1.,0.));
#1745=DIRECTION('',(0.,0.,-1.));
#1746=DIRECTION('',(0.943230163159283,0.,-0.332139818911422));
#1747=DIRECTION('',(0.5,0.,-0.866025403784438));
#1748=DIRECTION('',(0.,-1.,0.));
#1749=DIRECTION('',(-0.5,0.,0.866025403784438));
#1750=DIRECTION('',(0.943230163159283,0.,-0.332139818911422));
#1751=DIRECTION('',(0.,-1.,0.));
#1752=DIRECTION('',(0.,0.,-1.));
#1753=DIRECTION('',(0.183973560793986,0.,0.982931192367391));
#1754=DIRECTION('',(0.5,0.,-0.866025403784438));
#1755=DIRECTION('',(0.866025403784439,0.,-0.5));
#1756=DIRECTION('',(-0.5,0.,-0.866025403784439));
#1757=DIRECTION('',(0.866025403784439,0.,-0.5));
#1758=DIRECTION('',(-0.5,0.,-0.866025403784439));
#1759=DIRECTION('',(0.5,0.,0.866025403784439));
#1760=DIRECTION('',(0.,-1.,0.));
#1761=DIRECTION('',(0.5,0.,0.866025403784439));
#1762=DIRECTION('',(0.,-1.,0.));
#1763=DIRECTION('',(0.982931192367391,0.,0.183973560793987));
#1764=DIRECTION('',(0.183973560793987,0.,-0.982931192367391));
#1765=DIRECTION('',(-0.183973560793987,0.,0.982931192367391));
#1766=DIRECTION('',(0.,1.,0.));
#1767=DIRECTION('',(-0.183973560793987,0.,0.982931192367391));
#1768=DIRECTION('',(0.,-1.,0.));
#1769=DIRECTION('',(-0.332139818911423,0.,0.943230163159283));
#1770=DIRECTION('',(0.943230163159283,0.,0.332139818911423));
#1771=DIRECTION('',(-0.943230163159283,0.,-0.332139818911423));
#1772=DIRECTION('',(0.,-1.,0.));
#1773=DIRECTION('',(-0.943230163159283,0.,-0.332139818911423));
#1774=DIRECTION('',(0.,-1.,0.));
#1775=DIRECTION('',(0.,-1.,0.));
#1776=DIRECTION('',(-0.5,0.,-0.866025403784439));
#1777=DIRECTION('',(-0.943230163159283,0.,-0.332139818911423));
#1778=DIRECTION('',(0.,-1.,0.));
#1779=DIRECTION('',(0.,0.,-1.));
#1780=DIRECTION('',(-0.183973560793987,0.,0.982931192367391));
#1781=DIRECTION('',(0.5,0.,0.866025403784439));
#1782=DIRECTION('',(0.,-1.,0.));
#1783=DIRECTION('',(-0.5,0.,-0.866025403784439));
#1784=DIRECTION('',(0.5,0.,0.866025403784439));
#1785=DIRECTION('',(-0.183973560793987,0.,0.982931192367391));
#1786=DIRECTION('',(0.,-1.,0.));
#1787=DIRECTION('',(0.,0.,-1.));
#1788=DIRECTION('',(-0.943230163159283,0.,-0.332139818911423));
#1789=DIRECTION('',(0.5,0.,0.866025403784439));
#1790=DIRECTION('',(0.866025403784439,0.,-0.5));
#1791=DIRECTION('',(-0.5,0.,-0.866025403784439));
#1792=DIRECTION('',(-0.866025403784439,0.,0.5));
#1793=DIRECTION('',(0.499999999999993,0.,0.866025403784443));
#1794=DIRECTION('',(0.866025403784443,0.,-0.499999999999993));
#1795=DIRECTION('',(0.,-1.,0.));
#1796=DIRECTION('',(0.,0.,-1.));
#1797=DIRECTION('',(0.,-1.,0.));
#1798=DIRECTION('',(0.,0.,-1.));
#1799=DIRECTION('',(0.943230163159283,0.,0.332139818911423));
#1800=DIRECTION('',(0.332139818911423,0.,-0.943230163159283));
#1801=DIRECTION('',(0.,-1.,-6.93889390390722E-15));
#1802=DIRECTION('',(0.,6.93889390390722E-15,-1.));
#1803=DIRECTION('',(0.183973560793986,8.52556907334794E-15,-0.982931192367391));
#1804=DIRECTION('',(-0.982931192367391,0.,-0.183973560793986));
#1805=DIRECTION('',(0.,-1.,0.));
#1806=DIRECTION('',(0.,0.,-1.));
#1807=DIRECTION('',(0.943230163159283,0.,0.332139818911423));
#1808=DIRECTION('',(0.332139818911423,0.,-0.943230163159283));
#1809=DIRECTION('',(0.,1.,0.));
#1810=DIRECTION('',(0.,0.,1.));
#1811=DIRECTION('',(0.,1.,0.));
#1812=DIRECTION('',(0.,0.,1.));
#1813=DIRECTION('',(-0.5,0.,-0.866025403784439));
#1814=DIRECTION('',(-0.866025403784439,0.,0.5));
#1815=DIRECTION('',(0.5,6.47407614942793E-15,0.866025403784438));
#1816=DIRECTION('',(0.866025403784438,0.,-0.5));
#1817=DIRECTION('',(-0.5,0.,-0.866025403784437));
#1818=DIRECTION('',(-0.866025403784437,0.,0.5));
#1819=DIRECTION('',(0.,-1.,0.));
#1820=DIRECTION('',(0.,0.,-1.));
#1821=DIRECTION('',(0.,1.,0.));
#1822=DIRECTION('',(0.,0.,1.));
#1823=DIRECTION('',(-0.183973560793987,0.,0.982931192367391));
#1824=DIRECTION('',(0.982931192367391,0.,0.183973560793987));
#1825=DIRECTION('',(0.,-1.,0.));
#1826=DIRECTION('',(0.,0.,-1.));
#1827=DIRECTION('',(-0.400146300516522,0.,-0.916451274309192));
#1828=DIRECTION('',(-0.916451274309192,0.,0.400146300516522));
#1829=DIRECTION('',(0.593596934624119,0.,0.804762498632267));
#1830=DIRECTION('',(0.804762498632267,0.,-0.593596934624119));
#1831=DIRECTION('',(0.,1.,0.));
#1832=DIRECTION('',(0.,0.,1.));
#1833=DIRECTION('',(0.,1.,3.46944695195361E-15));
#1834=DIRECTION('',(0.,-3.46944695195361E-15,1.));
#1835=DIRECTION('',(0.943230163159283,-1.15234148234466E-15,0.332139818911423));
#1836=DIRECTION('',(0.332139818911423,0.,-0.943230163159283));
#1837=DIRECTION('',(0.,1.,-3.46944695195361E-15));
#1838=DIRECTION('',(0.,3.46944695195361E-15,1.));
#1839=DIRECTION('',(0.18397356079399,0.,-0.98293119236739));
#1840=DIRECTION('',(-0.982931192367391,0.,-0.18397356079399));
#1841=DIRECTION('',(0.,1.,0.));
#1842=DIRECTION('',(0.,0.,1.));
#1843=DIRECTION('',(0.,-1.,0.));
#1844=DIRECTION('',(0.,0.,-1.));
#1845=DIRECTION('',(0.,-1.,0.));
#1846=DIRECTION('',(0.,0.,-1.));
#1847=DIRECTION('',(-0.943230163159283,0.,-0.332139818911423));
#1848=DIRECTION('',(-0.332139818911423,0.,0.943230163159283));
#1849=DIRECTION('',(0.183973560793987,0.,-0.982931192367391));
#1850=DIRECTION('',(-0.982931192367391,0.,-0.183973560793987));
#1851=DIRECTION('',(0.,-1.,0.));
#1852=DIRECTION('',(0.,0.,-1.));
#1853=DIRECTION('',(0.,-1.,0.));
#1854=DIRECTION('',(0.,0.,-1.));
#1855=DIRECTION('',(0.593596934624119,0.,0.804762498632267));
#1856=DIRECTION('',(0.804762498632267,0.,-0.593596934624119));
#1857=DIRECTION('',(-0.400146300516522,0.,-0.916451274309192));
#1858=DIRECTION('',(-0.916451274309192,0.,0.400146300516522));
#1859=DIRECTION('',(0.,-1.,0.));
#1860=DIRECTION('',(0.,0.,-1.));
#1861=DIRECTION('',(0.5,0.,-0.866025403784438));
#1862=DIRECTION('',(-0.866025403784438,0.,-0.5));
#1863=DIRECTION('',(-0.5,0.,0.866025403784438));
#1864=DIRECTION('',(0.866025403784438,0.,0.5));
#1865=DIRECTION('',(0.5,0.,-0.866025403784437));
#1866=DIRECTION('',(-0.866025403784437,0.,-0.5));
#1867=DIRECTION('',(0.,-1.,-1.73472347597681E-15));
#1868=DIRECTION('',(0.,1.73472347597681E-15,-1.));
#1869=DIRECTION('',(0.,-1.,0.));
#1870=DIRECTION('',(0.,0.,-1.));
#1871=DIRECTION('',(-0.183973560793988,0.,-0.982931192367391));
#1872=DIRECTION('',(-0.982931192367391,0.,0.183973560793988));
#1873=DIRECTION('',(0.,-1.,3.46944695195361E-15));
#1874=DIRECTION('',(0.,-3.46944695195361E-15,-1.));
#1875=DIRECTION('',(-0.943230163159283,1.15234148234466E-15,0.332139818911423));
#1876=DIRECTION('',(0.332139818911423,0.,0.943230163159283));
#1877=DIRECTION('',(0.,-1.,0.));
#1878=DIRECTION('',(0.,0.,-1.));
#1879=DIRECTION('',(-0.183973560793986,0.,-0.982931192367391));
#1880=DIRECTION('',(-0.982931192367391,0.,0.183973560793986));
#1881=DIRECTION('',(0.,1.,0.));
#1882=DIRECTION('',(0.,0.,1.));
#1883=DIRECTION('',(0.,1.,0.));
#1884=DIRECTION('',(0.,0.,1.));
#1885=DIRECTION('',(-0.5,0.,0.866025403784438));
#1886=DIRECTION('',(0.866025403784438,0.,0.5));
#1887=DIRECTION('',(0.5,0.,-0.866025403784439));
#1888=DIRECTION('',(-0.866025403784439,0.,-0.5));
#1889=DIRECTION('',(-0.5,0.,0.866025403784438));
#1890=DIRECTION('',(0.866025403784438,0.,0.5));
#1891=DIRECTION('',(0.,-1.,0.));
#1892=DIRECTION('',(0.,0.,-1.));
#1893=DIRECTION('',(0.,1.,0.));
#1894=DIRECTION('',(0.,0.,1.));
#1895=DIRECTION('',(0.943230163159283,0.,-0.332139818911422));
#1896=DIRECTION('',(-0.332139818911422,0.,-0.943230163159283));
#1897=DIRECTION('',(0.,-1.,0.));
#1898=DIRECTION('',(0.,0.,-1.));
#1899=DIRECTION('',(-0.59359693462412,2.05945307552066E-15,0.804762498632266));
#1900=DIRECTION('',(0.804762498632266,0.,0.59359693462412));
#1901=DIRECTION('',(0.400146300516522,0.,-0.916451274309192));
#1902=DIRECTION('',(-0.916451274309192,0.,-0.400146300516522));
#1903=DIRECTION('',(0.,1.,0.));
#1904=DIRECTION('',(0.,0.,1.));
#1905=DIRECTION('',(0.,1.,0.));
#1906=DIRECTION('',(0.,0.,1.));
#1907=DIRECTION('',(-0.183973560793986,0.,-0.982931192367391));
#1908=DIRECTION('',(-0.982931192367391,0.,0.183973560793986));
#1909=DIRECTION('',(0.,1.,0.));
#1910=DIRECTION('',(0.,0.,1.));
#1911=DIRECTION('',(-0.943230163159283,0.,0.332139818911423));
#1912=DIRECTION('',(0.332139818911423,0.,0.943230163159283));
#1913=DIRECTION('',(0.,1.,0.));
#1914=DIRECTION('',(0.,0.,1.));
#1915=DIRECTION('',(0.,-1.,0.));
#1916=DIRECTION('',(0.,0.,-1.));
#1917=DIRECTION('',(0.,-1.,0.));
#1918=DIRECTION('',(0.,0.,-1.));
#1919=DIRECTION('',(0.183973560793986,0.,0.982931192367391));
#1920=DIRECTION('',(0.982931192367391,0.,-0.183973560793986));
#1921=DIRECTION('',(-0.943230163159283,0.,0.332139818911422));
#1922=DIRECTION('',(0.332139818911422,0.,0.943230163159283));
#1923=DIRECTION('',(0.,-1.,0.));
#1924=DIRECTION('',(0.,0.,-1.));
#1925=DIRECTION('',(0.,-1.,0.));
#1926=DIRECTION('',(0.,0.,-1.));
#1927=DIRECTION('',(0.400146300516522,0.,-0.916451274309192));
#1928=DIRECTION('',(-0.916451274309192,0.,-0.400146300516522));
#1929=DIRECTION('',(-0.593596934624121,0.,0.804762498632265));
#1930=DIRECTION('',(0.804762498632266,0.,0.593596934624121));
#1931=DIRECTION('',(0.,-1.,0.));
#1932=DIRECTION('',(0.,0.,-1.));
#1933=DIRECTION('',(-0.808979544284054,0.,0.587836794467618));
#1934=DIRECTION('',(0.587836794467618,0.,0.808979544284054));
#1935=DIRECTION('',(-0.587836794467618,0.,-0.808979544284054));
#1936=DIRECTION('',(0.,-1.,0.));
#1937=DIRECTION('',(-0.996194698091746,0.,-0.0871557427476583));
#1938=DIRECTION('',(-0.0871557427476583,0.,0.996194698091746));
#1939=DIRECTION('',(0.0871557427476583,0.,-0.996194698091746));
#1940=DIRECTION('',(0.,-1.,0.));
#1941=DIRECTION('',(1.,0.,0.));
#1942=DIRECTION('',(-0.808979544284054,0.,-0.587836794467618));
#1943=DIRECTION('',(-0.587836794467618,0.,0.808979544284054));
#1944=DIRECTION('',(0.,-1.,0.));
#1945=DIRECTION('',(0.587836794467618,0.,-0.808979544284054));
#1946=DIRECTION('',(-0.996194698091746,0.,0.0871557427476576));
#1947=DIRECTION('',(0.0871557427476577,0.,0.996194698091746));
#1948=DIRECTION('',(-0.0871557427476577,0.,-0.996194698091746));
#1949=DIRECTION('',(0.,-1.,0.));
#1950=DIRECTION('',(1.,0.,0.));
#1951=DIRECTION('',(-0.866025403784439,0.,0.5));
#1952=DIRECTION('',(0.5,0.,0.866025403784439));
#1953=DIRECTION('',(0.866025403784439,0.,-0.5));
#1954=DIRECTION('',(-0.5,0.,-0.866025403784439));
#1955=DIRECTION('',(-0.866025403784439,0.,0.5));
#1956=DIRECTION('',(0.5,0.,0.866025403784439));
#1957=DIRECTION('',(0.866025403784439,0.,-0.5));
#1958=DIRECTION('',(-0.5,0.,-0.866025403784439));
#1959=DIRECTION('',(0.866025403784439,0.,-0.5));
#1960=DIRECTION('',(-0.5,0.,-0.866025403784439));
#1961=DIRECTION('',(0.866025403784438,0.,0.5));
#1962=DIRECTION('',(0.5,0.,-0.866025403784438));
#1963=DIRECTION('',(-0.866025403784438,0.,-0.5));
#1964=DIRECTION('',(-0.5,0.,0.866025403784438));
#1965=DIRECTION('',(0.866025403784438,0.,0.5));
#1966=DIRECTION('',(0.5,0.,-0.866025403784438));
#1967=DIRECTION('',(-0.866025403784438,0.,-0.5));
#1968=DIRECTION('',(-0.5,0.,0.866025403784438));
#1969=DIRECTION('',(-0.866025403784438,0.,-0.5));
#1970=DIRECTION('',(-0.5,0.,0.866025403784438));
#1971=CARTESIAN_POINT('',(0.,0.,0.));
#1972=CARTESIAN_POINT('',(0.,0.00752320699393749,0.));
#1973=CARTESIAN_POINT('',(-0.0547577570212029,0.138980627281112,-0.0327445688474251));
#1974=CARTESIAN_POINT('',(-0.054546386130127,0.137999748274791,-0.0330922613758297));
#1975=CARTESIAN_POINT('',(-0.0547575884857565,0.137020379619723,-0.0327448367581388));
#1976=CARTESIAN_POINT('',(-0.0552545632447119,0.136614954065387,-0.0319024050685921));
#1977=CARTESIAN_POINT('',(-0.055736689679322,0.137019805178375,-0.0310489956389306));
#1978=CARTESIAN_POINT('',(-0.0559317162939023,0.137999818801133,-0.0306928133083839));
#1979=CARTESIAN_POINT('',(-0.0557373349455172,0.13897826446427,-0.0310478215912769));
#1980=CARTESIAN_POINT('',(-0.0552558129946008,0.139385276091112,-0.0319002485137036));
#1981=CARTESIAN_POINT('',(-0.0547577570212029,0.138980627281112,-0.0327445688474251));
#1982=CARTESIAN_POINT('',(-0.054546386130127,0.137999748274791,-0.0330922613758297));
#1983=CARTESIAN_POINT('',(-0.0547575884857565,0.137020379619723,-0.0327448367581388));
#1984=CARTESIAN_POINT('',(-0.0546168150045779,0.138,-0.0329764085181471));
#1985=CARTESIAN_POINT('',(0.,0.15,0.));
#1986=CARTESIAN_POINT('',(-0.0638,0.15,-1.17198698678402E-17));
#1987=CARTESIAN_POINT('',(0.0638,0.15,3.90662328928006E-18));
#1988=CARTESIAN_POINT('',(-0.0638,0.14,-1.17198698678402E-17));
#1989=CARTESIAN_POINT('',(-0.0638,0.13,-1.17198698678402E-17));
#1990=CARTESIAN_POINT('',(0.,0.13,0.));
#1991=CARTESIAN_POINT('',(-0.0611423984335308,0.13,-0.0182221599651462));
#1992=CARTESIAN_POINT('',(0.,0.13,0.));
#1993=CARTESIAN_POINT('',(-0.0559871478264402,0.13,-0.0305921440611858));
#1994=CARTESIAN_POINT('',(0.,0.13,0.));
#1995=CARTESIAN_POINT('',(-0.0544871478264402,0.13,-0.0331902202725391));
#1996=CARTESIAN_POINT('',(0.,0.13,0.));
#1997=CARTESIAN_POINT('',(-0.0015,0.13,-0.0637823643337248));
#1998=CARTESIAN_POINT('',(0.,0.13,0.));
#1999=CARTESIAN_POINT('',(0.0015,0.13,-0.0637823643337248));
#2000=CARTESIAN_POINT('',(0.,0.13,0.));
#2001=CARTESIAN_POINT('',(0.0544871478264402,0.13,-0.0331902202725391));
#2002=CARTESIAN_POINT('',(0.,0.13,0.));
#2003=CARTESIAN_POINT('',(0.0559871478264402,0.13,-0.0305921440611857));
#2004=CARTESIAN_POINT('',(0.,0.13,0.));
#2005=CARTESIAN_POINT('',(0.0611423984335308,0.13,-0.0182221599651462));
#2006=CARTESIAN_POINT('',(0.,0.13,0.));
#2007=CARTESIAN_POINT('',(0.0638,0.13,4.13318294712231E-18));
#2008=CARTESIAN_POINT('',(0.0638,0.14,3.90662328928006E-18));
#2009=CARTESIAN_POINT('',(0.0557365069684401,0.138980627281112,-0.0310493242109049));
#2010=CARTESIAN_POINT('',(0.0559319320852066,0.137999748274791,-0.0306924253854103));
#2011=CARTESIAN_POINT('',(0.0557366547182009,0.137020379619723,-0.0310490442995699));
#2012=CARTESIAN_POINT('',(0.0552555748535782,0.136614954065387,-0.0319006529106384));
#2013=CARTESIAN_POINT('',(0.0547575638249672,0.137019805178375,-0.0327448913656775));
#2014=CARTESIAN_POINT('',(0.0545466141856248,0.137999818801133,-0.0330918805335915));
#2015=CARTESIAN_POINT('',(0.0547568697029714,0.13897826446427,-0.0327460372064216));
#2016=CARTESIAN_POINT('',(0.0552543320972045,0.139385276091112,-0.0319028135032348));
#2017=CARTESIAN_POINT('',(0.0557365069684401,0.138980627281112,-0.0310493242109049));
#2018=CARTESIAN_POINT('',(0.0559319320852066,0.137999748274791,-0.0306924253854103));
#2019=CARTESIAN_POINT('',(0.0557366547182009,0.137020379619723,-0.0310490442995699));
#2020=CARTESIAN_POINT('',(0.0558668150045779,0.138,-0.030811345008686));
#2021=CARTESIAN_POINT('',(0.,0.00752320699393749,0.));
#2022=CARTESIAN_POINT('',(-0.062827360867877,0.00752320699393749,-0.0205410011045608));
#2023=CARTESIAN_POINT('',(-0.062827360867877,0.03,-0.0205410011045608));
#2024=CARTESIAN_POINT('',(-0.062827360867877,0.13,-0.0205410011045608));
#2025=CARTESIAN_POINT('',(0.,0.03,0.));
#2026=CARTESIAN_POINT('',(-0.0579795378279434,0.03,-0.0317424509648843));
#2027=CARTESIAN_POINT('',(-0.0579795378279434,0.00752320699393749,-0.0317424509648843));
#2028=CARTESIAN_POINT('',(-0.0579795378279434,0.13,-0.0317424509648843));
#2029=CARTESIAN_POINT('',(0.,0.13,0.));
#2030=CARTESIAN_POINT('',(-0.06495,0.13,-1.19311214406931E-17));
#2031=CARTESIAN_POINT('',(-0.0623844763793839,0.13,-0.0199315045656515));
#2032=CARTESIAN_POINT('',(-0.0550064915470951,0.13,-0.0300259618943234));
#2033=CARTESIAN_POINT('',(0.,0.00752320699393749,0.));
#2034=CARTESIAN_POINT('',(0.,0.03,0.));
#2035=CARTESIAN_POINT('',(0.0579795378279434,0.03,-0.0317424509648843));
#2036=CARTESIAN_POINT('',(0.062827360867877,0.03,-0.0205410011045608));
#2037=CARTESIAN_POINT('',(0.062827360867877,0.00752320699393749,-0.0205410011045608));
#2038=CARTESIAN_POINT('',(0.062827360867877,0.13,-0.0205410011045608));
#2039=CARTESIAN_POINT('',(0.,0.13,0.));
#2040=CARTESIAN_POINT('',(0.0579795378279434,0.13,-0.0317424509648843));
#2041=CARTESIAN_POINT('',(0.0579795378279434,0.00752320699393749,-0.0317424509648843));
#2042=CARTESIAN_POINT('',(0.,0.00752320699393749,0.));
#2043=CARTESIAN_POINT('',(0.,0.03,0.));
#2044=CARTESIAN_POINT('',(0.0015,0.03,-0.066082978141122));
#2045=CARTESIAN_POINT('',(0.0564795378279434,0.03,-0.0343405271762376));
#2046=CARTESIAN_POINT('',(0.0564795378279434,0.00752320699393749,-0.0343405271762376));
#2047=CARTESIAN_POINT('',(0.0564795378279434,0.13,-0.0343405271762376));
#2048=CARTESIAN_POINT('',(0.,0.13,0.));
#2049=CARTESIAN_POINT('',(0.0015,0.13,-0.066082978141122));
#2050=CARTESIAN_POINT('',(0.0015,0.00752320699393749,-0.066082978141122));
#2051=CARTESIAN_POINT('',(0.,0.00752320699393749,0.));
#2052=CARTESIAN_POINT('',(0.,0.03,0.));
#2053=CARTESIAN_POINT('',(-0.0564795378279434,0.03,-0.0343405271762377));
#2054=CARTESIAN_POINT('',(-0.0015,0.03,-0.066082978141122));
#2055=CARTESIAN_POINT('',(-0.0015,0.00752320699393749,-0.066082978141122));
#2056=CARTESIAN_POINT('',(-0.0015,0.13,-0.066082978141122));
#2057=CARTESIAN_POINT('',(0.,0.13,0.));
#2058=CARTESIAN_POINT('',(-0.0564795378279434,0.13,-0.0343405271762377));
#2059=CARTESIAN_POINT('',(-0.0564795378279434,0.00752320699393749,-0.0343405271762377));
#2060=CARTESIAN_POINT('',(-0.06495,0.13,-1.19311214406931E-17));
#2061=CARTESIAN_POINT('',(0.0623844763793839,0.13,-0.0199315045656515));
#2062=CARTESIAN_POINT('',(0.0550064915470951,0.13,-0.0300259618943234));
#2063=CARTESIAN_POINT('',(-0.06495,0.13,-1.19311214406931E-17));
#2064=CARTESIAN_POINT('',(0.0535064915470951,0.13,-0.0326240381056766));
#2065=CARTESIAN_POINT('',(0.0015,0.13,-0.06265));
#2066=CARTESIAN_POINT('',(-0.06495,0.13,-1.19311214406931E-17));
#2067=CARTESIAN_POINT('',(-0.0015,0.13,-0.06265));
#2068=CARTESIAN_POINT('',(-0.0535064915470951,0.13,-0.0326240381056767));
#2069=CARTESIAN_POINT('',(-0.0668,0.03,-1.22709609274565E-17));
#2070=CARTESIAN_POINT('',(0.0668,0.03,4.09032030915216E-18));
#2071=CARTESIAN_POINT('',(0.0675,0.03,4.13318294712232E-18));
#2072=CARTESIAN_POINT('',(0.0625,0.03,4.13318294712231E-18));
#2073=CARTESIAN_POINT('',(0.0618438350235556,0.03,-0.0075));
#2074=CARTESIAN_POINT('',(0.0609311966305422,0.03,-0.0179315045656515));
#2075=CARTESIAN_POINT('',(0.0623844763793839,0.03,-0.0199315045656515));
#2076=CARTESIAN_POINT('',(0.0560024207614472,0.03,-0.0306009618943234));
#2077=CARTESIAN_POINT('',(0.054010562332743,0.03,-0.0294509618943234));
#2078=CARTESIAN_POINT('',(0.052510562332743,0.03,-0.0320490381056766));
#2079=CARTESIAN_POINT('',(0.052510562332743,0.03,-0.0320490381056766));
#2080=CARTESIAN_POINT('',(0.0545024207614472,0.03,-0.0331990381056766));
#2081=CARTESIAN_POINT('',(0.0015,0.03,-0.0638));
#2082=CARTESIAN_POINT('',(0.0015,0.03,-0.0615));
#2083=CARTESIAN_POINT('',(-0.0015,0.03,-0.0615));
#2084=CARTESIAN_POINT('',(-0.0015,0.03,-0.0615));
#2085=CARTESIAN_POINT('',(-0.0015,0.03,-0.0638));
#2086=CARTESIAN_POINT('',(-0.0545024207614472,0.03,-0.0331990381056767));
#2087=CARTESIAN_POINT('',(-0.052510562332743,0.03,-0.0320490381056767));
#2088=CARTESIAN_POINT('',(-0.054010562332743,0.03,-0.0294509618943234));
#2089=CARTESIAN_POINT('',(-0.054010562332743,0.03,-0.0294509618943234));
#2090=CARTESIAN_POINT('',(-0.0560024207614472,0.03,-0.0306009618943234));
#2091=CARTESIAN_POINT('',(-0.0623844763793839,0.03,-0.0199315045656515));
#2092=CARTESIAN_POINT('',(-0.0609311966305422,0.03,-0.0179315045656514));
#2093=CARTESIAN_POINT('',(-0.0610594333388267,0.03,-0.0164657522828257));
#2094=CARTESIAN_POINT('',(-0.0625,0.03,3.46944695195361E-18));
#2095=CARTESIAN_POINT('',(-0.0668,0.03,-1.22709609274565E-17));
#2096=CARTESIAN_POINT('',(-0.0675,0.03,-1.2399548841367E-17));
#2097=CARTESIAN_POINT('',(0.,0.03,0.));
#2098=CARTESIAN_POINT('',(-0.0668,0.15,-1.22709609274565E-17));
#2099=CARTESIAN_POINT('',(0.,0.15,0.));
#2100=CARTESIAN_POINT('',(-0.0675,0.15,-1.23995488413669E-17));
#2101=CARTESIAN_POINT('',(-0.0618604610158704,0.15,-0.0270098752848652));
#2102=CARTESIAN_POINT('',(-0.0668,0.15,-1.22709609274565E-17));
#2103=CARTESIAN_POINT('',(0.0668,0.15,4.09032030915216E-18));
#2104=CARTESIAN_POINT('',(0.0675,0.15,4.13318294712231E-18));
#2105=CARTESIAN_POINT('',(0.,0.15,0.));
#2106=CARTESIAN_POINT('',(0.0618604610158705,0.15,-0.0270098752848652));
#2107=CARTESIAN_POINT('',(0.,0.15,0.));
#2108=CARTESIAN_POINT('',(0.054321468657678,0.15,-0.0400677930871281));
#2109=CARTESIAN_POINT('',(0.,0.15,0.));
#2110=CARTESIAN_POINT('',(-0.0543214686576779,0.15,-0.0400677930871281));
#2111=CARTESIAN_POINT('',(0.,0.15,0.));
#2112=CARTESIAN_POINT('',(0.,0.00752320699393749,0.));
#2113=CARTESIAN_POINT('',(0.0675,0.09,4.13318294712232E-18));
#2114=CARTESIAN_POINT('',(-0.0675,0.09,-1.2399548841367E-17));
#2115=CARTESIAN_POINT('',(-0.064488807832136,0.146,-0.0199359891751033));
#2116=CARTESIAN_POINT('',(-0.064488807832136,0.146392918299853,-0.0199359891751033));
#2117=CARTESIAN_POINT('',(-0.0644143369513983,0.147150332693492,-0.020178382214233));
#2118=CARTESIAN_POINT('',(-0.0641726320247993,0.148015542122526,-0.0209378194985686));
#2119=CARTESIAN_POINT('',(-0.0638719006642808,0.148665167309024,-0.0218395326000394));
#2120=CARTESIAN_POINT('',(-0.0634100709522651,0.149334034753087,-0.023158408105673));
#2121=CARTESIAN_POINT('',(-0.062753323448455,0.149854662063767,-0.0248993734208684));
#2122=CARTESIAN_POINT('',(-0.0621697868628711,0.15,-0.0263014292332721));
#2123=CARTESIAN_POINT('',(-0.0618604610158704,0.15,-0.0270098752848652));
#2124=CARTESIAN_POINT('',(-0.064488807832136,0.146,-0.0199359891751033));
#2125=CARTESIAN_POINT('',(-0.064488807832136,0.00752320699393749,-0.0199359891751033));
#2126=CARTESIAN_POINT('',(-0.064488807832136,0.13,-0.0199359891751033));
#2127=CARTESIAN_POINT('',(-0.0618604610158704,0.126,-0.0270098752848652));
#2128=CARTESIAN_POINT('',(-0.0621696791804165,0.126,-0.0263016758573757));
#2129=CARTESIAN_POINT('',(-0.0627539049995589,0.126144183925728,-0.0248978119795016));
#2130=CARTESIAN_POINT('',(-0.0635418668039786,0.126775305597355,-0.0228094642295267));
#2131=CARTESIAN_POINT('',(-0.0640922095328754,0.127698056201722,-0.0211908410600811));
#2132=CARTESIAN_POINT('',(-0.0644148133142453,0.128851786861647,-0.0201767990469869));
#2133=CARTESIAN_POINT('',(-0.064488807832136,0.129607886133978,-0.0199359891751033));
#2134=CARTESIAN_POINT('',(-0.064488807832136,0.13,-0.0199359891751033));
#2135=CARTESIAN_POINT('',(-0.0618604610158704,0.126,-0.0270098752848652));
#2136=CARTESIAN_POINT('',(0.,0.126,0.));
#2137=CARTESIAN_POINT('',(-0.0543214686576779,0.126,-0.0400677930871281));
#2138=CARTESIAN_POINT('',(-0.049509476991279,0.13,-0.045880951254851));
#2139=CARTESIAN_POINT('',(-0.049509476991279,0.129607081700147,-0.045880951254851));
#2140=CARTESIAN_POINT('',(-0.049682160080497,0.128849667306508,-0.0456952610607252));
#2141=CARTESIAN_POINT('',(-0.0502189995980131,0.127984457877474,-0.0451062198119027));
#2142=CARTESIAN_POINT('',(-0.0508495403705529,0.127334832690976,-0.0443949222632438));
#2143=CARTESIAN_POINT('',(-0.0517608052068528,0.126665965246914,-0.0433355282475989));
#2144=CARTESIAN_POINT('',(-0.0529401516450145,0.126145337936233,-0.0418962855678296));
#2145=CARTESIAN_POINT('',(-0.0538625993032878,0.126,-0.0406899001544744));
#2146=CARTESIAN_POINT('',(-0.0543214686576779,0.126,-0.0400677930871281));
#2147=CARTESIAN_POINT('',(-0.049509476991279,0.13,-0.045880951254851));
#2148=CARTESIAN_POINT('',(-0.049509476991279,0.00752320699393749,-0.045880951254851));
#2149=CARTESIAN_POINT('',(-0.049509476991279,0.146,-0.045880951254851));
#2150=CARTESIAN_POINT('',(-0.0543214686576779,0.15,-0.0400677930871281));
#2151=CARTESIAN_POINT('',(-0.0538627590447994,0.15,-0.0406896835866815));
#2152=CARTESIAN_POINT('',(-0.0529390901726762,0.149855816074272,-0.0418975699265425));
#2153=CARTESIAN_POINT('',(-0.0515245088714718,0.149224694402645,-0.0436241387413693));
#2154=CARTESIAN_POINT('',(-0.0503979114520261,0.148301943798278,-0.0449100611101047));
#2155=CARTESIAN_POINT('',(-0.049681027198867,0.147148213138353,-0.0456964651866751));
#2156=CARTESIAN_POINT('',(-0.049509476991279,0.146392113866022,-0.045880951254851));
#2157=CARTESIAN_POINT('',(-0.049509476991279,0.146,-0.045880951254851));
#2158=CARTESIAN_POINT('',(0.0495094769912791,0.146,-0.045880951254851));
#2159=CARTESIAN_POINT('',(0.0495094769912791,0.146392918299853,-0.045880951254851));
#2160=CARTESIAN_POINT('',(0.0496821600804969,0.147150332693492,-0.0456952610607251));
#2161=CARTESIAN_POINT('',(0.0502189995980132,0.148015542122526,-0.0451062198119027));
#2162=CARTESIAN_POINT('',(0.050849540370553,0.148665167309024,-0.0443949222632437));
#2163=CARTESIAN_POINT('',(0.0517608052068529,0.149334034753086,-0.0433355282475988));
#2164=CARTESIAN_POINT('',(0.0529401516450146,0.149854662063767,-0.0418962855678295));
#2165=CARTESIAN_POINT('',(0.0538625993032879,0.15,-0.0406899001544744));
#2166=CARTESIAN_POINT('',(0.054321468657678,0.15,-0.0400677930871281));
#2167=CARTESIAN_POINT('',(0.0495094769912791,0.146,-0.045880951254851));
#2168=CARTESIAN_POINT('',(0.0495094769912791,0.00752320699393749,-0.045880951254851));
#2169=CARTESIAN_POINT('',(0.0495094769912791,0.13,-0.045880951254851));
#2170=CARTESIAN_POINT('',(0.054321468657678,0.126,-0.0400677930871281));
#2171=CARTESIAN_POINT('',(0.0538627590447995,0.126,-0.0406896835866814));
#2172=CARTESIAN_POINT('',(0.0529390901726763,0.126144183925728,-0.0418975699265424));
#2173=CARTESIAN_POINT('',(0.0515245088714718,0.126775305597355,-0.0436241387413692));
#2174=CARTESIAN_POINT('',(0.0503979114520263,0.127698056201722,-0.0449100611101047));
#2175=CARTESIAN_POINT('',(0.049681027198867,0.128851786861647,-0.045696465186675));
#2176=CARTESIAN_POINT('',(0.0495094769912791,0.129607886133978,-0.045880951254851));
#2177=CARTESIAN_POINT('',(0.0495094769912791,0.13,-0.045880951254851));
#2178=CARTESIAN_POINT('',(0.054321468657678,0.126,-0.0400677930871281));
#2179=CARTESIAN_POINT('',(0.,0.126,0.));
#2180=CARTESIAN_POINT('',(0.0618604610158705,0.126,-0.0270098752848652));
#2181=CARTESIAN_POINT('',(0.064488807832136,0.13,-0.0199359891751033));
#2182=CARTESIAN_POINT('',(0.064488807832136,0.129607081700147,-0.0199359891751033));
#2183=CARTESIAN_POINT('',(0.0644143369513983,0.128849667306508,-0.0201783822142329));
#2184=CARTESIAN_POINT('',(0.0641726320247993,0.127984457877474,-0.0209378194985685));
#2185=CARTESIAN_POINT('',(0.0638719006642809,0.127334832690976,-0.0218395326000394));
#2186=CARTESIAN_POINT('',(0.0634100709522652,0.126665965246913,-0.0231584081056729));
#2187=CARTESIAN_POINT('',(0.062753323448455,0.126145337936233,-0.0248993734208683));
#2188=CARTESIAN_POINT('',(0.0621697868628711,0.126,-0.0263014292332721));
#2189=CARTESIAN_POINT('',(0.0618604610158705,0.126,-0.0270098752848652));
#2190=CARTESIAN_POINT('',(0.064488807832136,0.13,-0.0199359891751033));
#2191=CARTESIAN_POINT('',(0.064488807832136,0.00752320699393749,-0.0199359891751033));
#2192=CARTESIAN_POINT('',(0.064488807832136,0.146,-0.0199359891751033));
#2193=CARTESIAN_POINT('',(0.0618604610158705,0.15,-0.0270098752848652));
#2194=CARTESIAN_POINT('',(0.0621696791804166,0.15,-0.0263016758573757));
#2195=CARTESIAN_POINT('',(0.0627539049995588,0.149855816074272,-0.0248978119795015));
#2196=CARTESIAN_POINT('',(0.0635418668039786,0.149224694402645,-0.0228094642295266));
#2197=CARTESIAN_POINT('',(0.0640922095328754,0.148301943798278,-0.021190841060081));
#2198=CARTESIAN_POINT('',(0.0644148133142453,0.147148213138353,-0.0201767990469868));
#2199=CARTESIAN_POINT('',(0.064488807832136,0.146392113866022,-0.0199359891751033));
#2200=CARTESIAN_POINT('',(0.064488807832136,0.146,-0.0199359891751033));
#2201=CARTESIAN_POINT('',(-0.03375,0.105,-6.19977442068348E-18));
#2202=CARTESIAN_POINT('',(-0.0625,0.13,3.46944695195361E-18));
#2203=CARTESIAN_POINT('',(-0.0625,0.13,3.46944695195361E-18));
#2204=CARTESIAN_POINT('',(-0.065,0.13,4.13318294712231E-18));
#2205=CARTESIAN_POINT('',(0.03375,0.105,2.06659147356116E-18));
#2206=CARTESIAN_POINT('',(0.065,0.13,4.13318294712231E-18));
#2207=CARTESIAN_POINT('',(0.0625,0.13,4.13318294712231E-18));
#2208=CARTESIAN_POINT('',(0.0625,0.13,4.13318294712231E-18));
#2209=CARTESIAN_POINT('',(-0.0299783573777248,0.105,-0.0155759618943234));
#2210=CARTESIAN_POINT('',(-0.054010562332743,0.08,-0.0294509618943234));
#2211=CARTESIAN_POINT('',(-0.054010562332743,0.13,-0.0294509618943234));
#2212=CARTESIAN_POINT('',(-0.0550064915470951,0.13,-0.0300259618943234));
#2213=CARTESIAN_POINT('',(-0.0284783573777248,0.105,-0.0181740381056767));
#2214=CARTESIAN_POINT('',(-0.0535064915470951,0.13,-0.0326240381056767));
#2215=CARTESIAN_POINT('',(-0.052510562332743,0.13,-0.0320490381056767));
#2216=CARTESIAN_POINT('',(-0.052510562332743,0.08,-0.0320490381056767));
#2217=CARTESIAN_POINT('',(-0.0550064915470951,0.13,-0.0300259618943234));
#2218=CARTESIAN_POINT('',(-0.054010562332743,0.13,-0.0294509618943234));
#2219=CARTESIAN_POINT('',(-0.054010562332743,0.08,-0.0294509618943234));
#2220=CARTESIAN_POINT('',(-0.0015,0.105,-0.03375));
#2221=CARTESIAN_POINT('',(-0.0015,0.08,-0.0615));
#2222=CARTESIAN_POINT('',(-0.0015,0.13,-0.0615));
#2223=CARTESIAN_POINT('',(-0.0015,0.13,-0.06265));
#2224=CARTESIAN_POINT('',(0.0015,0.105,-0.03375));
#2225=CARTESIAN_POINT('',(0.0015,0.13,-0.06265));
#2226=CARTESIAN_POINT('',(0.0015,0.13,-0.0615));
#2227=CARTESIAN_POINT('',(0.0015,0.08,-0.0615));
#2228=CARTESIAN_POINT('',(-0.0015,0.13,-0.06265));
#2229=CARTESIAN_POINT('',(-0.0015,0.13,-0.0615));
#2230=CARTESIAN_POINT('',(-0.0015,0.08,-0.0615));
#2231=CARTESIAN_POINT('',(0.0284783573777248,0.105,-0.0181740381056767));
#2232=CARTESIAN_POINT('',(0.052510562332743,0.08,-0.0320490381056766));
#2233=CARTESIAN_POINT('',(0.052510562332743,0.13,-0.0320490381056767));
#2234=CARTESIAN_POINT('',(0.0535064915470951,0.13,-0.0326240381056766));
#2235=CARTESIAN_POINT('',(0.0299783573777248,0.105,-0.0155759618943234));
#2236=CARTESIAN_POINT('',(0.0550064915470951,0.13,-0.0300259618943234));
#2237=CARTESIAN_POINT('',(0.054010562332743,0.13,-0.0294509618943234));
#2238=CARTESIAN_POINT('',(0.054010562332743,0.08,-0.0294509618943234));
#2239=CARTESIAN_POINT('',(0.0535064915470951,0.13,-0.0326240381056766));
#2240=CARTESIAN_POINT('',(0.052510562332743,0.13,-0.0320490381056767));
#2241=CARTESIAN_POINT('',(0.052510562332743,0.08,-0.0320490381056766));
#2242=CARTESIAN_POINT('',(-0.0622881833902594,0.148,-0.0359620994476991));
#2243=CARTESIAN_POINT('',(-0.0622881833902594,0.138,-0.0359620994476991));
#2244=CARTESIAN_POINT('',(-0.0637131833902594,0.138,-0.0334939270469134));
#2245=CARTESIAN_POINT('',(-0.0585381833902594,0.146,-0.0424572899760823));
#2246=CARTESIAN_POINT('',(-0.0656682593140439,0.146,-0.030107636214264));
#2247=CARTESIAN_POINT('',(-0.0589081074664749,0.146,-0.0418165626811342));
#2248=CARTESIAN_POINT('',(-0.0589081074664749,0.148,-0.0418165626811342));
#2249=CARTESIAN_POINT('',(-0.0589081074664749,0.13,-0.0418165626811342));
#2250=CARTESIAN_POINT('',(-0.0622881833902594,0.13,-0.0359620994476991));
#2251=CARTESIAN_POINT('',(-0.0656682593140439,0.13,-0.030107636214264));
#2252=CARTESIAN_POINT('',(-0.0656682593140439,0.148,-0.030107636214264));
#2253=CARTESIAN_POINT('',(-0.054190107178906,0.148,-0.0439883788893278));
#2254=CARTESIAN_POINT('',(-0.0498420309675527,0.146,-0.0455194678025734));
#2255=CARTESIAN_POINT('',(-0.0578403362967288,0.146,-0.0427030230074527));
#2256=CARTESIAN_POINT('',(-0.0503121448198644,0.146,-0.0453539265212688));
#2257=CARTESIAN_POINT('',(-0.0503121448198644,0.128,-0.0453539265212688));
#2258=CARTESIAN_POINT('',(-0.0503121448198644,0.13,-0.0453539265212688));
#2259=CARTESIAN_POINT('',(-0.054190107178906,0.13,-0.0439883788893278));
#2260=CARTESIAN_POINT('',(-0.0578403362967288,0.13,-0.0427030230074527));
#2261=CARTESIAN_POINT('',(-0.0578403362967288,0.148,-0.0427030230074527));
#2262=CARTESIAN_POINT('',(-0.065190107178906,0.148,-0.0249358200060702));
#2263=CARTESIAN_POINT('',(-0.0643420309675527,0.13,-0.0204047310928247));
#2264=CARTESIAN_POINT('',(-0.0659020708912098,0.13,-0.028739689092676));
#2265=CARTESIAN_POINT('',(-0.0644337249387238,0.13,-0.02089463227225));
#2266=CARTESIAN_POINT('',(-0.0644337249387238,0.148,-0.02089463227225));
#2267=CARTESIAN_POINT('',(-0.0644337249387238,0.146,-0.02089463227225));
#2268=CARTESIAN_POINT('',(-0.065190107178906,0.146,-0.0249358200060702));
#2269=CARTESIAN_POINT('',(-0.0659020708912098,0.146,-0.028739689092676));
#2270=CARTESIAN_POINT('',(-0.0659020708912098,0.128,-0.028739689092676));
#2271=CARTESIAN_POINT('',(-0.00191573431740488,0.148,-0.00110604972384951));
#2272=CARTESIAN_POINT('',(-0.0567734259934189,0.148,0.00916157119706908));
#2273=CARTESIAN_POINT('',(-0.063936208506475,0.148,-0.029107636214264));
#2274=CARTESIAN_POINT('',(-0.0636933635644888,0.148,-0.0278101678858983));
#2275=CARTESIAN_POINT('',(0.,0.148,0.));
#2276=CARTESIAN_POINT('',(-0.0559309936549425,0.148,-0.0412549869563764));
#2277=CARTESIAN_POINT('',(-0.0578739037524365,0.148,-0.0405708296497637));
#2278=CARTESIAN_POINT('',(-0.057176056658906,0.148,-0.0408165626811341));
#2279=CARTESIAN_POINT('',(-0.0643061325826905,0.148,-0.0284669089193158));
#2280=CARTESIAN_POINT('',(-0.00191573431740488,0.128,-0.00110604972384951));
#2281=CARTESIAN_POINT('',(-0.0204525596014677,0.128,-0.0537480147687111));
#2282=CARTESIAN_POINT('',(-0.057176056658906,0.128,-0.0408165626811341));
#2283=CARTESIAN_POINT('',(-0.0559309936549425,0.128,-0.0412549869563764));
#2284=CARTESIAN_POINT('',(0.,0.128,0.));
#2285=CARTESIAN_POINT('',(-0.0636933635644888,0.128,-0.0278101678858983));
#2286=CARTESIAN_POINT('',(-0.0640723210055246,0.128,-0.0298348560409037));
#2287=CARTESIAN_POINT('',(-0.063936208506475,0.128,-0.029107636214264));
#2288=CARTESIAN_POINT('',(-0.0605561325826905,0.128,-0.0349620994476991));
#2289=CARTESIAN_POINT('',(0.0622881833902594,0.148,-0.035962099447699));
#2290=CARTESIAN_POINT('',(0.0622881833902594,0.138,-0.035962099447699));
#2291=CARTESIAN_POINT('',(0.0608631833902594,0.138,-0.0384302718484847));
#2292=CARTESIAN_POINT('',(0.0660381833902594,0.146,-0.0294669089193158));
#2293=CARTESIAN_POINT('',(0.0589081074664749,0.146,-0.0418165626811341));
#2294=CARTESIAN_POINT('',(0.0656682593140439,0.146,-0.030107636214264));
#2295=CARTESIAN_POINT('',(0.0656682593140439,0.148,-0.030107636214264));
#2296=CARTESIAN_POINT('',(0.0656682593140439,0.13,-0.030107636214264));
#2297=CARTESIAN_POINT('',(0.0622881833902594,0.13,-0.035962099447699));
#2298=CARTESIAN_POINT('',(0.0589081074664749,0.13,-0.0418165626811341));
#2299=CARTESIAN_POINT('',(0.0589081074664749,0.148,-0.0418165626811341));
#2300=CARTESIAN_POINT('',(0.0651901071789061,0.148,-0.0249358200060702));
#2301=CARTESIAN_POINT('',(0.0643420309675527,0.146,-0.0204047310928246));
#2302=CARTESIAN_POINT('',(0.0659020708912098,0.146,-0.0287396890926759));
#2303=CARTESIAN_POINT('',(0.0644337249387238,0.146,-0.0208946322722499));
#2304=CARTESIAN_POINT('',(0.0644337249387238,0.128,-0.0208946322722499));
#2305=CARTESIAN_POINT('',(0.0644337249387238,0.13,-0.0208946322722499));
#2306=CARTESIAN_POINT('',(0.0651901071789061,0.13,-0.0249358200060702));
#2307=CARTESIAN_POINT('',(0.0659020708912098,0.13,-0.0287396890926759));
#2308=CARTESIAN_POINT('',(0.0659020708912098,0.148,-0.0287396890926759));
#2309=CARTESIAN_POINT('',(0.0541901071789061,0.148,-0.0439883788893278));
#2310=CARTESIAN_POINT('',(0.0498420309675527,0.13,-0.0455194678025734));
#2311=CARTESIAN_POINT('',(0.0578403362967289,0.13,-0.0427030230074526));
#2312=CARTESIAN_POINT('',(0.0503121448198645,0.13,-0.0453539265212687));
#2313=CARTESIAN_POINT('',(0.0503121448198645,0.148,-0.0453539265212687));
#2314=CARTESIAN_POINT('',(0.0503121448198645,0.146,-0.0453539265212687));
#2315=CARTESIAN_POINT('',(0.0541901071789061,0.146,-0.0439883788893278));
#2316=CARTESIAN_POINT('',(0.0578403362967289,0.146,-0.0427030230074526));
#2317=CARTESIAN_POINT('',(0.0578403362967289,0.128,-0.0427030230074526));
#2318=CARTESIAN_POINT('',(0.00191573431740488,0.148,-0.00110604972384951));
#2319=CARTESIAN_POINT('',(0.0204525596014678,0.148,-0.0537480147687111));
#2320=CARTESIAN_POINT('',(0.057176056658906,0.148,-0.0408165626811341));
#2321=CARTESIAN_POINT('',(0.0559309936549425,0.148,-0.0412549869563763));
#2322=CARTESIAN_POINT('',(0.,0.148,0.));
#2323=CARTESIAN_POINT('',(0.0636933635644888,0.148,-0.0278101678858983));
#2324=CARTESIAN_POINT('',(0.0640723210055246,0.148,-0.0298348560409037));
#2325=CARTESIAN_POINT('',(0.063936208506475,0.148,-0.0291076362142639));
#2326=CARTESIAN_POINT('',(0.0568061325826905,0.148,-0.0414572899760823));
#2327=CARTESIAN_POINT('',(0.00191573431740488,0.128,-0.00110604972384951));
#2328=CARTESIAN_POINT('',(0.0605561325826905,0.128,-0.034962099447699));
#2329=CARTESIAN_POINT('',(0.057176056658906,0.128,-0.0408165626811341));
#2330=CARTESIAN_POINT('',(0.063936208506475,0.128,-0.0291076362142639));
#2331=CARTESIAN_POINT('',(0.0567734259934189,0.128,0.00916157119706912));
#2332=CARTESIAN_POINT('',(0.0636933635644888,0.128,-0.0278101678858983));
#2333=CARTESIAN_POINT('',(0.,0.128,0.));
#2334=CARTESIAN_POINT('',(0.0559309936549425,0.128,-0.0412549869563763));
#2335=CARTESIAN_POINT('',(0.0578739037524366,0.128,-0.0405708296497637));
#2336=CARTESIAN_POINT('',(0.0605561325826905,0.13,-0.034962099447699));
#2337=CARTESIAN_POINT('',(0.057176056658906,0.13,-0.0408165626811341));
#2338=CARTESIAN_POINT('',(0.063936208506475,0.13,-0.0291076362142639));
#2339=CARTESIAN_POINT('',(0.057176056658906,0.13,-0.0408165626811341));
#2340=CARTESIAN_POINT('',(0.057176056658906,0.13,-0.0408165626811341));
#2341=CARTESIAN_POINT('',(0.057176056658906,0.13,-0.0408165626811341));
#2342=CARTESIAN_POINT('',(0.063936208506475,0.13,-0.0291076362142639));
#2343=CARTESIAN_POINT('',(0.063936208506475,0.13,-0.0291076362142639));
#2344=CARTESIAN_POINT('',(0.063936208506475,0.13,-0.0291076362142639));
#2345=CARTESIAN_POINT('',(0.0535258275410832,0.13,-0.0421019185630093));
#2346=CARTESIAN_POINT('',(0.0503121448198645,0.13,-0.0453539265212687));
#2347=CARTESIAN_POINT('',(0.0503121448198645,0.129838636976314,-0.0453539265212687));
#2348=CARTESIAN_POINT('',(0.0504455689586878,0.129543790923182,-0.0452634556491911));
#2349=CARTESIAN_POINT('',(0.0508593662557829,0.129159067249461,-0.0449808800538906));
#2350=CARTESIAN_POINT('',(0.0514528247836762,0.128832534184882,-0.0445706248223407));
#2351=CARTESIAN_POINT('',(0.0521902194220341,0.128552996860819,-0.0440513256867776));
#2352=CARTESIAN_POINT('',(0.0531855928780441,0.128275789249473,-0.0433369925128881));
#2353=CARTESIAN_POINT('',(0.0544404311531276,0.128060352297096,-0.0424099224023233));
#2354=CARTESIAN_POINT('',(0.0554359029460068,0.128,-0.0416440114653496));
#2355=CARTESIAN_POINT('',(0.0559309936549426,0.128,-0.0412549869563765));
#2356=CARTESIAN_POINT('',(0.057176056658906,0.148,-0.0408165626811341));
#2357=CARTESIAN_POINT('',(0.057176056658906,0.146,-0.0408165626811341));
#2358=CARTESIAN_POINT('',(0.0605561325826905,0.146,-0.034962099447699));
#2359=CARTESIAN_POINT('',(0.063936208506475,0.146,-0.0291076362142639));
#2360=CARTESIAN_POINT('',(0.057176056658906,0.146,-0.0408165626811341));
#2361=CARTESIAN_POINT('',(0.063936208506475,0.148,-0.0291076362142639));
#2362=CARTESIAN_POINT('',(0.063936208506475,0.146,-0.0291076362142639));
#2363=CARTESIAN_POINT('',(0.0567734259934189,0.13,0.00916157119706913));
#2364=CARTESIAN_POINT('',(0.0636933635644888,0.128,-0.0278101678858983));
#2365=CARTESIAN_POINT('',(0.063782757030629,0.128,-0.0271866593552354));
#2366=CARTESIAN_POINT('',(0.0639479641301891,0.128060249259506,-0.0259442207053409));
#2367=CARTESIAN_POINT('',(0.0641233358020576,0.128275128979476,-0.0243953785290776));
#2368=CARTESIAN_POINT('',(0.0642446081706003,0.12855259631044,-0.0231732331351252));
#2369=CARTESIAN_POINT('',(0.0643257537852649,0.128833194513857,-0.022273435988746));
#2370=CARTESIAN_POINT('',(0.0643839187771823,0.129156178297917,-0.0215595538070807));
#2371=CARTESIAN_POINT('',(0.0644221365445155,0.129544038791219,-0.0210547901512918));
#2372=CARTESIAN_POINT('',(0.0644337249387238,0.129838669378961,-0.0208946322722499));
#2373=CARTESIAN_POINT('',(0.0644337249387238,0.13,-0.0208946322722499));
#2374=CARTESIAN_POINT('',(0.,0.126,0.));
#2375=CARTESIAN_POINT('',(0.0636933635644888,0.126,-0.0278101678858983));
#2376=CARTESIAN_POINT('',(0.0559309936549425,0.126,-0.0412549869563763));
#2377=CARTESIAN_POINT('',(0.049509476991279,0.13,-0.045880951254851));
#2378=CARTESIAN_POINT('',(0.0498456477258111,0.13,-0.0455181942327917));
#2379=CARTESIAN_POINT('',(0.0503121448198645,0.13,-0.0453539265212687));
#2380=CARTESIAN_POINT('',(0.0495094770050625,0.129598831873831,-0.0458809512399774));
#2381=CARTESIAN_POINT('',(0.0498456477392725,0.129705256840753,-0.0455181942180601));
#2382=CARTESIAN_POINT('',(0.0503121448372982,0.129799415936927,-0.0453539265151298));
#2383=CARTESIAN_POINT('',(0.0496892744883724,0.128829073837468,-0.0456875830245702));
#2384=CARTESIAN_POINT('',(0.0500239387693951,0.12913578909143,-0.0453235159622642));
#2385=CARTESIAN_POINT('',(0.0505182455395153,0.129414536918726,-0.0452143974242615));
#2386=CARTESIAN_POINT('',(0.0504188818859043,0.127675925793814,-0.0448866882493404));
#2387=CARTESIAN_POINT('',(0.0507440231711688,0.12832367590068,-0.0445212429578484));
#2388=CARTESIAN_POINT('',(0.0513572055517768,0.128837962896926,-0.0446389263533229));
#2389=CARTESIAN_POINT('',(0.0515464397101264,0.1267627473351,-0.0435981389816958));
#2390=CARTESIAN_POINT('',(0.0518521240256598,0.127782851874316,-0.0432348201012068));
#2391=CARTESIAN_POINT('',(0.0526619569851655,0.128381373667422,-0.0437205254824169));
#2392=CARTESIAN_POINT('',(0.0529538782316118,0.12614074566696,-0.041878597414963));
#2393=CARTESIAN_POINT('',(0.0531752547308827,0.127627363514367,-0.0415950758710631));
#2394=CARTESIAN_POINT('',(0.0543084985844953,0.128070372833942,-0.0425106260441167));
#2395=CARTESIAN_POINT('',(0.0538682949013629,0.126000000001985,-0.0406821784101885));
#2396=CARTESIAN_POINT('',(0.0539585359129227,0.127825293474257,-0.0405598351552743));
#2397=CARTESIAN_POINT('',(0.055391039361691,0.128,-0.0416792636595481));
#2398=CARTESIAN_POINT('',(0.054321468657678,0.126,-0.0400677930871281));
#2399=CARTESIAN_POINT('',(0.054321468657678,0.128,-0.0400677930871281));
#2400=CARTESIAN_POINT('',(0.0559309936549425,0.128,-0.0412549869563763));
#2401=CARTESIAN_POINT('',(0.0509764244576873,0.13,-0.0472403868475873));
#2402=CARTESIAN_POINT('',(0.057176056658906,0.146,-0.0408165626811341));
#2403=CARTESIAN_POINT('',(0.057176056658906,0.146,-0.0408165626811341));
#2404=CARTESIAN_POINT('',(0.063936208506475,0.146,-0.0291076362142639));
#2405=CARTESIAN_POINT('',(0.063936208506475,0.146,-0.0291076362142639));
#2406=CARTESIAN_POINT('',(0.0618604610158705,0.126,-0.0270098752848652));
#2407=CARTESIAN_POINT('',(0.0618604610158705,0.128,-0.0270098752848652));
#2408=CARTESIAN_POINT('',(0.0636933635644889,0.128,-0.0278101678858983));
#2409=CARTESIAN_POINT('',(0.0621672766534146,0.126000000002115,-0.0263071783421662));
#2410=CARTESIAN_POINT('',(0.0621061334152036,0.127824566639461,-0.026447214122202));
#2411=CARTESIAN_POINT('',(0.0637912448724303,0.128,-0.027127457692202));
#2412=CARTESIAN_POINT('',(0.0627469034806409,0.126143109157325,-0.0249150969963005));
#2413=CARTESIAN_POINT('',(0.0626119417915832,0.127628267818856,-0.025249080776267));
#2414=CARTESIAN_POINT('',(0.0639701483226921,0.128071554579166,-0.0257723466576647));
#2415=CARTESIAN_POINT('',(0.0634006190855273,0.126656832547879,-0.0231841547805187));
#2416=CARTESIAN_POINT('',(0.0632528958482562,0.127756804833915,-0.023586704165103));
#2417=CARTESIAN_POINT('',(0.0641569382514464,0.128328416273877,-0.0240811362788733));
#2418=CARTESIAN_POINT('',(0.0638623873934642,0.127318266715589,-0.0218673560663664));
#2419=CARTESIAN_POINT('',(0.0637131881285796,0.128120360399417,-0.0223023590942717));
#2420=CARTESIAN_POINT('',(0.0642801212453083,0.128659133357806,-0.0227912545855144));
#2421=CARTESIAN_POINT('',(0.0641650584081234,0.12796412191755,-0.0209611505316786));
#2422=CARTESIAN_POINT('',(0.0640148455235333,0.128531933273417,-0.0214205280683054));
#2423=CARTESIAN_POINT('',(0.0643568508487394,0.128982060958772,-0.0219021661173636));
#2424=CARTESIAN_POINT('',(0.0644108796432659,0.128827483005756,-0.0201895908940406));
#2425=CARTESIAN_POINT('',(0.0642629122131613,0.129134635726878,-0.0206614677218908));
#2426=CARTESIAN_POINT('',(0.0644158577166671,0.129413741502879,-0.0211440744386149));
#2427=CARTESIAN_POINT('',(0.0644888078375714,0.129599401218102,-0.019935989157521));
#2428=CARTESIAN_POINT('',(0.0643427364083644,0.12970567514532,-0.0204085000649745));
#2429=CARTESIAN_POINT('',(0.0644337249356389,0.129799700609051,-0.0208946322557681));
#2430=CARTESIAN_POINT('',(0.064488807832136,0.13,-0.0199359891751033));
#2431=CARTESIAN_POINT('',(0.0643427364028975,0.13,-0.0204085000822466));
#2432=CARTESIAN_POINT('',(0.0644337249387238,0.13,-0.0208946322722499));
#2433=CARTESIAN_POINT('',(0.0663995873234586,0.13,-0.0205266851506619));
#2434=CARTESIAN_POINT('',(0.0509764244576873,0.00752320699393749,-0.0472403868475873));
#2435=CARTESIAN_POINT('',(0.0509764244576873,0.146,-0.0472403868475873));
#2436=CARTESIAN_POINT('',(0.0204525596014678,0.146,-0.0537480147687111));
#2437=CARTESIAN_POINT('',(0.0559309936549425,0.148,-0.0412549869563764));
#2438=CARTESIAN_POINT('',(0.0554357161609822,0.148,-0.0416441582343175));
#2439=CARTESIAN_POINT('',(0.0544423362773101,0.147939750740494,-0.0424084511043693));
#2440=CARTESIAN_POINT('',(0.0531886854421475,0.147724871020524,-0.0433347485154433));
#2441=CARTESIAN_POINT('',(0.0521909126681379,0.14744740368956,-0.0440508461643546));
#2442=CARTESIAN_POINT('',(0.0514522382884531,0.147166805486143,-0.0445710189012494));
#2443=CARTESIAN_POINT('',(0.0508630806797806,0.146843821702083,-0.0449783323526935));
#2444=CARTESIAN_POINT('',(0.0504450514146269,0.146455961208781,-0.0452638117379743));
#2445=CARTESIAN_POINT('',(0.0503121448198645,0.146161330621039,-0.0453539265212687));
#2446=CARTESIAN_POINT('',(0.0503121448198645,0.146,-0.0453539265212687));
#2447=CARTESIAN_POINT('',(0.0632242447941713,0.146,-0.0253037671276581));
#2448=CARTESIAN_POINT('',(0.0644337249387238,0.146,-0.0208946322722499));
#2449=CARTESIAN_POINT('',(0.0644337249387238,0.146161363023686,-0.0208946322722499));
#2450=CARTESIAN_POINT('',(0.0644220869346137,0.146456209076818,-0.0210554164019877));
#2451=CARTESIAN_POINT('',(0.0643842679391415,0.146840932750539,-0.0215550631709398));
#2452=CARTESIAN_POINT('',(0.0643257057505305,0.147167465815118,-0.0222741409479628));
#2453=CARTESIAN_POINT('',(0.0642446768261485,0.147447003139181,-0.0231723930051767));
#2454=CARTESIAN_POINT('',(0.0641237328787992,0.147724210750527,-0.0243915782912788));
#2455=CARTESIAN_POINT('',(0.0639482857495026,0.147939647702904,-0.0259418351704246));
#2456=CARTESIAN_POINT('',(0.0637827233174865,0.148,-0.0271868945002956));
#2457=CARTESIAN_POINT('',(0.0636933635644889,0.148,-0.0278101678858983));
#2458=CARTESIAN_POINT('',(0.0663995873234586,0.00752320699393749,-0.0205266851506619));
#2459=CARTESIAN_POINT('',(0.0663995873234586,0.146,-0.0205266851506619));
#2460=CARTESIAN_POINT('',(0.054321468657678,0.15,-0.0400677930871281));
#2461=CARTESIAN_POINT('',(0.054321468657678,0.148,-0.0400677930871281));
#2462=CARTESIAN_POINT('',(0.0559309936549425,0.148,-0.0412549869563764));
#2463=CARTESIAN_POINT('',(0.0538663230728827,0.149999999997885,-0.0406848516949076));
#2464=CARTESIAN_POINT('',(0.0539570259967962,0.14817543336054,-0.040561882207354));
#2465=CARTESIAN_POINT('',(0.0553886899377744,0.148,-0.0416811097525165));
#2466=CARTESIAN_POINT('',(0.0529505586768835,0.149856890842675,-0.0418828639248767));
#2467=CARTESIAN_POINT('',(0.0531723162702247,0.148371732181143,-0.0415989917836238));
#2468=CARTESIAN_POINT('',(0.0543045810820109,0.147928445420834,-0.0425136002024494));
#2469=CARTESIAN_POINT('',(0.0517783765479618,0.149343167452121,-0.0433144693534698));
#2470=CARTESIAN_POINT('',(0.0520531329226585,0.148243195166084,-0.0429852625849724));
#2471=CARTESIAN_POINT('',(0.0529333448952243,0.147671583726123,-0.0435209702153489));
#2472=CARTESIAN_POINT('',(0.0508688795638053,0.148681733284411,-0.0443727717958797));
#2473=CARTESIAN_POINT('',(0.0511710036042506,0.147879639600583,-0.0440260599283108));
#2474=CARTESIAN_POINT('',(0.0518778660778275,0.147340866642194,-0.0442725906640231));
#2475=CARTESIAN_POINT('',(0.050235418057046,0.148035878082449,-0.0450879953509068));
#2476=CARTESIAN_POINT('',(0.0505581442314004,0.147468066726581,-0.0447282184085637));
#2477=CARTESIAN_POINT('',(0.0511462576799153,0.147017939041227,-0.0447835846838922));
#2478=CARTESIAN_POINT('',(0.0496901384278835,0.147172516994247,-0.0456866626041538));
#2479=CARTESIAN_POINT('',(0.0500248120331976,0.14686536427313,-0.0453225806368216));
#2480=CARTESIAN_POINT('',(0.0505192344616765,0.146586258497124,-0.0452137319698924));
#2481=CARTESIAN_POINT('',(0.0495094769787779,0.146400598781892,-0.0458809512683408));
#2482=CARTESIAN_POINT('',(0.0498456477136136,0.146294324854664,-0.0455181942461619));
#2483=CARTESIAN_POINT('',(0.0503121448040629,0.146200299390943,-0.0453539265268329));
#2484=CARTESIAN_POINT('',(0.049509476991279,0.146,-0.045880951254851));
#2485=CARTESIAN_POINT('',(0.0498456477258111,0.146,-0.0455181942327917));
#2486=CARTESIAN_POINT('',(0.0503121448198645,0.146,-0.0453539265212687));
#2487=CARTESIAN_POINT('',(0.0559309936549425,0.15,-0.0412549869563763));
#2488=CARTESIAN_POINT('',(0.0644888078321359,0.146,-0.0199359891751033));
#2489=CARTESIAN_POINT('',(0.0643427364028974,0.146,-0.0204085000822466));
#2490=CARTESIAN_POINT('',(0.0644337249387237,0.146,-0.0208946322722499));
#2491=CARTESIAN_POINT('',(0.0644888078261745,0.146401168126185,-0.0199359891943874));
#2492=CARTESIAN_POINT('',(0.0643427363969239,0.146294743159266,-0.0204085001011993));
#2493=CARTESIAN_POINT('',(0.06443372494211,0.146200584063096,-0.020894632290342));
#2494=CARTESIAN_POINT('',(0.0644112447809623,0.147170926162525,-0.0201883824903038));
#2495=CARTESIAN_POINT('',(0.0642632855968234,0.146864210908561,-0.0206602437905535));
#2496=CARTESIAN_POINT('',(0.0644159395559802,0.146585463081264,-0.0211428852797433));
#2497=CARTESIAN_POINT('',(0.0640824532586406,0.14832407420619,-0.0212206884189065));
#2498=CARTESIAN_POINT('',(0.0639285389951551,0.147676324099325,-0.0216849916775147));
#2499=CARTESIAN_POINT('',(0.0643370469955254,0.14716203710308,-0.0221571814985368));
#2500=CARTESIAN_POINT('',(0.0635303157709338,0.149237252664899,-0.0228414567727729));
#2501=CARTESIAN_POINT('',(0.0633685145485174,0.14821714812569,-0.0232878465958069));
#2502=CARTESIAN_POINT('',(0.0641940642271588,0.147618626332576,-0.0237463298209544));
#2503=CARTESIAN_POINT('',(0.0627448683520264,0.149859254333041,-0.0249201050699985));
#2504=CARTESIAN_POINT('',(0.0626100197421341,0.1483726364856,-0.0252535835141184));
#2505=CARTESIAN_POINT('',(0.0639695313772442,0.147929627166059,-0.0257772263935059));
#2506=CARTESIAN_POINT('',(0.0621659474351944,0.149999999998015,-0.0263102226380404));
#2507=CARTESIAN_POINT('',(0.0621051155742167,0.148174706525821,-0.0264495452739699));
#2508=CARTESIAN_POINT('',(0.0637908208210192,0.148,-0.0271304153994697));
#2509=CARTESIAN_POINT('',(0.0618604610158704,0.15,-0.0270098752848652));
#2510=CARTESIAN_POINT('',(0.0618604610158705,0.148,-0.0270098752848652));
#2511=CARTESIAN_POINT('',(0.0636933635644889,0.148,-0.0278101678858983));
#2512=CARTESIAN_POINT('',(0.0636933635644888,0.15,-0.0278101678858983));
#2513=CARTESIAN_POINT('',(0.,0.15,0.));
#2514=CARTESIAN_POINT('',(-0.0605561325826905,0.13,-0.0349620994476991));
#2515=CARTESIAN_POINT('',(-0.063936208506475,0.13,-0.029107636214264));
#2516=CARTESIAN_POINT('',(-0.057176056658906,0.13,-0.0408165626811341));
#2517=CARTESIAN_POINT('',(-0.063936208506475,0.13,-0.029107636214264));
#2518=CARTESIAN_POINT('',(-0.063936208506475,0.13,-0.029107636214264));
#2519=CARTESIAN_POINT('',(-0.063936208506475,0.13,-0.029107636214264));
#2520=CARTESIAN_POINT('',(-0.057176056658906,0.13,-0.0408165626811341));
#2521=CARTESIAN_POINT('',(-0.057176056658906,0.13,-0.0408165626811341));
#2522=CARTESIAN_POINT('',(-0.057176056658906,0.13,-0.0408165626811341));
#2523=CARTESIAN_POINT('',(-0.0632242447941713,0.13,-0.0253037671276582));
#2524=CARTESIAN_POINT('',(-0.0644337249387238,0.13,-0.02089463227225));
#2525=CARTESIAN_POINT('',(-0.0644337249387238,0.129838636976314,-0.0208946322722499));
#2526=CARTESIAN_POINT('',(-0.0644220869346137,0.129543790923182,-0.0210554164019877));
#2527=CARTESIAN_POINT('',(-0.0643842679391415,0.12915906724946,-0.0215550631709399));
#2528=CARTESIAN_POINT('',(-0.0643257057505305,0.128832534184882,-0.0222741409479628));
#2529=CARTESIAN_POINT('',(-0.0642446768261484,0.128552996860819,-0.0231723930051767));
#2530=CARTESIAN_POINT('',(-0.0641237328787992,0.128275789249473,-0.0243915782912788));
#2531=CARTESIAN_POINT('',(-0.0639482857495025,0.128060352297096,-0.0259418351704246));
#2532=CARTESIAN_POINT('',(-0.0637827233174865,0.128,-0.0271868945002956));
#2533=CARTESIAN_POINT('',(-0.0636933635644889,0.128,-0.0278101678858983));
#2534=CARTESIAN_POINT('',(-0.063936208506475,0.148,-0.029107636214264));
#2535=CARTESIAN_POINT('',(-0.063936208506475,0.146,-0.029107636214264));
#2536=CARTESIAN_POINT('',(-0.0605561325826905,0.146,-0.0349620994476991));
#2537=CARTESIAN_POINT('',(-0.057176056658906,0.146,-0.0408165626811341));
#2538=CARTESIAN_POINT('',(-0.063936208506475,0.146,-0.029107636214264));
#2539=CARTESIAN_POINT('',(-0.057176056658906,0.148,-0.0408165626811341));
#2540=CARTESIAN_POINT('',(-0.057176056658906,0.146,-0.0408165626811341));
#2541=CARTESIAN_POINT('',(-0.0204525596014677,0.13,-0.0537480147687111));
#2542=CARTESIAN_POINT('',(-0.0559309936549425,0.128,-0.0412549869563764));
#2543=CARTESIAN_POINT('',(-0.0554357161609822,0.128,-0.0416441582343176));
#2544=CARTESIAN_POINT('',(-0.05444233627731,0.128060249259506,-0.0424084511043694));
#2545=CARTESIAN_POINT('',(-0.0531886854421474,0.128275128979476,-0.0433347485154433));
#2546=CARTESIAN_POINT('',(-0.0521909126681378,0.12855259631044,-0.0440508461643546));
#2547=CARTESIAN_POINT('',(-0.051452238288453,0.128833194513857,-0.0445710189012494));
#2548=CARTESIAN_POINT('',(-0.0508630806797805,0.129156178297917,-0.0449783323526935));
#2549=CARTESIAN_POINT('',(-0.0504450514146268,0.129544038791219,-0.0452638117379744));
#2550=CARTESIAN_POINT('',(-0.0503121448198645,0.129838669378961,-0.0453539265212688));
#2551=CARTESIAN_POINT('',(-0.0503121448198645,0.13,-0.0453539265212688));
#2552=CARTESIAN_POINT('',(0.,0.126,0.));
#2553=CARTESIAN_POINT('',(-0.0559309936549425,0.126,-0.0412549869563764));
#2554=CARTESIAN_POINT('',(-0.0636933635644888,0.126,-0.0278101678858983));
#2555=CARTESIAN_POINT('',(-0.0644888078321359,0.13,-0.0199359891751033));
#2556=CARTESIAN_POINT('',(-0.0643427364028974,0.13,-0.0204085000822466));
#2557=CARTESIAN_POINT('',(-0.0644337249387237,0.13,-0.0208946322722499));
#2558=CARTESIAN_POINT('',(-0.064488807826178,0.129598831873815,-0.019935989194376));
#2559=CARTESIAN_POINT('',(-0.0643427363969094,0.129705256840734,-0.0204085001011822));
#2560=CARTESIAN_POINT('',(-0.0644337249421063,0.129799415936904,-0.0208946322903226));
#2561=CARTESIAN_POINT('',(-0.0644112447809607,0.128829073837475,-0.020188382490309));
#2562=CARTESIAN_POINT('',(-0.0642632855968301,0.129135789091438,-0.0206602437905613));
#2563=CARTESIAN_POINT('',(-0.0644159395559819,0.129414536918736,-0.0211428852797522));
#2564=CARTESIAN_POINT('',(-0.0640824532586415,0.12767592579381,-0.0212206884189036));
#2565=CARTESIAN_POINT('',(-0.0639285389951508,0.128323675900675,-0.0216849916775104));
#2566=CARTESIAN_POINT('',(-0.0643370469955241,0.12883796289692,-0.0221571814985317));
#2567=CARTESIAN_POINT('',(-0.0635303157709334,0.126762747335101,-0.0228414567727741));
#2568=CARTESIAN_POINT('',(-0.0633685145485212,0.127782851874317,-0.0232878465958063));
#2569=CARTESIAN_POINT('',(-0.0641940642271619,0.128381373667424,-0.0237463298209567));
#2570=CARTESIAN_POINT('',(-0.0627448683520267,0.126140745666959,-0.0249201050699977));
#2571=CARTESIAN_POINT('',(-0.0626100197421255,0.127627363514371,-0.0252535835141228));
#2572=CARTESIAN_POINT('',(-0.063969531377234,0.128070372833941,-0.0257772263935035));
#2573=CARTESIAN_POINT('',(-0.0621659474351939,0.126000000001985,-0.0263102226380416));
#2574=CARTESIAN_POINT('',(-0.0621051155742331,0.127825293474248,-0.0264495452739647));
#2575=CARTESIAN_POINT('',(-0.063790820821041,0.128,-0.0271304153994738));
#2576=CARTESIAN_POINT('',(-0.0618604610158704,0.126,-0.0270098752848653));
#2577=CARTESIAN_POINT('',(-0.0618604610158704,0.128,-0.0270098752848653));
#2578=CARTESIAN_POINT('',(-0.0636933635644889,0.128,-0.0278101678858983));
#2579=CARTESIAN_POINT('',(-0.0663995873234585,0.13,-0.020526685150662));
#2580=CARTESIAN_POINT('',(-0.063936208506475,0.146,-0.029107636214264));
#2581=CARTESIAN_POINT('',(-0.063936208506475,0.146,-0.029107636214264));
#2582=CARTESIAN_POINT('',(-0.057176056658906,0.146,-0.0408165626811341));
#2583=CARTESIAN_POINT('',(-0.057176056658906,0.146,-0.0408165626811341));
#2584=CARTESIAN_POINT('',(-0.054321468657678,0.126,-0.0400677930871282));
#2585=CARTESIAN_POINT('',(-0.054321468657678,0.128,-0.0400677930871282));
#2586=CARTESIAN_POINT('',(-0.0559309936549425,0.128,-0.0412549869563764));
#2587=CARTESIAN_POINT('',(-0.053866323072888,0.126000000002115,-0.0406848516949004));
#2588=CARTESIAN_POINT('',(-0.0539570259967561,0.127824566639464,-0.0405618822073438));
#2589=CARTESIAN_POINT('',(-0.0553886899377634,0.128,-0.0416811097524973));
#2590=CARTESIAN_POINT('',(-0.052950558676881,0.126143109157325,-0.0418828639248802));
#2591=CARTESIAN_POINT('',(-0.0531723162702438,0.127628267818855,-0.0415989917836264));
#2592=CARTESIAN_POINT('',(-0.0543045810820161,0.128071554579166,-0.0425136002024586));
#2593=CARTESIAN_POINT('',(-0.0517783765479621,0.126656832547879,-0.0433144693534695));
#2594=CARTESIAN_POINT('',(-0.0520531329226562,0.127756804833916,-0.0429852625849724));
#2595=CARTESIAN_POINT('',(-0.0529333448952236,0.128328416273877,-0.0435209702153478));
#2596=CARTESIAN_POINT('',(-0.0508688795638052,0.127318266715589,-0.0443727717958799));
#2597=CARTESIAN_POINT('',(-0.0511710036042508,0.128120360399417,-0.0440260599283108));
#2598=CARTESIAN_POINT('',(-0.0518778660778275,0.128659133357807,-0.0442725906640233));
#2599=CARTESIAN_POINT('',(-0.050235418057046,0.127964121917551,-0.0450879953509068));
#2600=CARTESIAN_POINT('',(-0.0505581442314013,0.128531933273419,-0.0447282184085638));
#2601=CARTESIAN_POINT('',(-0.0511462576799152,0.12898206095877,-0.0447835846838921));
#2602=CARTESIAN_POINT('',(-0.0496901384278834,0.128827483005753,-0.0456866626041539));
#2603=CARTESIAN_POINT('',(-0.0500248120331937,0.12913463572687,-0.0453225806368215));
#2604=CARTESIAN_POINT('',(-0.0505192344616765,0.129413741502886,-0.0452137319698925));
#2605=CARTESIAN_POINT('',(-0.0495094769787779,0.129599401218108,-0.0458809512683408));
#2606=CARTESIAN_POINT('',(-0.0498456477136219,0.129705675145336,-0.045518194246162));
#2607=CARTESIAN_POINT('',(-0.0503121448040629,0.129799700609035,-0.045353926526833));
#2608=CARTESIAN_POINT('',(-0.049509476991279,0.13,-0.045880951254851));
#2609=CARTESIAN_POINT('',(-0.0498456477258111,0.13,-0.0455181942327917));
#2610=CARTESIAN_POINT('',(-0.0503121448198644,0.13,-0.0453539265212688));
#2611=CARTESIAN_POINT('',(-0.0509764244576873,0.13,-0.0472403868475873));
#2612=CARTESIAN_POINT('',(-0.0663995873234585,0.00752320699393749,-0.020526685150662));
#2613=CARTESIAN_POINT('',(-0.0663995873234585,0.146,-0.020526685150662));
#2614=CARTESIAN_POINT('',(-0.0567734259934189,0.146,0.00916157119706908));
#2615=CARTESIAN_POINT('',(-0.0636933635644888,0.148,-0.0278101678858983));
#2616=CARTESIAN_POINT('',(-0.063782757030629,0.148,-0.0271866593552354));
#2617=CARTESIAN_POINT('',(-0.0639479641301891,0.147939750740494,-0.0259442207053409));
#2618=CARTESIAN_POINT('',(-0.0641233358020576,0.147724871020524,-0.0243953785290776));
#2619=CARTESIAN_POINT('',(-0.0642446081706003,0.14744740368956,-0.0231732331351252));
#2620=CARTESIAN_POINT('',(-0.0643257537852649,0.147166805486143,-0.022273435988746));
#2621=CARTESIAN_POINT('',(-0.0643839187771824,0.146843821702083,-0.0215595538070806));
#2622=CARTESIAN_POINT('',(-0.0644221365445155,0.146455961208781,-0.0210547901512919));
#2623=CARTESIAN_POINT('',(-0.0644337249387238,0.146161330621039,-0.02089463227225));
#2624=CARTESIAN_POINT('',(-0.0644337249387238,0.146,-0.02089463227225));
#2625=CARTESIAN_POINT('',(-0.0535258275410832,0.146,-0.0421019185630093));
#2626=CARTESIAN_POINT('',(-0.0503121448198644,0.146,-0.0453539265212688));
#2627=CARTESIAN_POINT('',(-0.0503121448198644,0.146161363023686,-0.0453539265212688));
#2628=CARTESIAN_POINT('',(-0.0504455689586878,0.146456209076818,-0.0452634556491912));
#2629=CARTESIAN_POINT('',(-0.0508593662557829,0.146840932750539,-0.0449808800538906));
#2630=CARTESIAN_POINT('',(-0.0514528247836762,0.147167465815118,-0.0445706248223408));
#2631=CARTESIAN_POINT('',(-0.052190219422034,0.147447003139181,-0.0440513256867777));
#2632=CARTESIAN_POINT('',(-0.053185592878044,0.147724210750527,-0.0433369925128881));
#2633=CARTESIAN_POINT('',(-0.0544404311531276,0.147939647702904,-0.0424099224023233));
#2634=CARTESIAN_POINT('',(-0.0554359029460067,0.148,-0.0416440114653497));
#2635=CARTESIAN_POINT('',(-0.0559309936549425,0.148,-0.0412549869563765));
#2636=CARTESIAN_POINT('',(-0.0509764244576873,0.00752320699393749,-0.0472403868475873));
#2637=CARTESIAN_POINT('',(-0.0509764244576873,0.146,-0.0472403868475873));
#2638=CARTESIAN_POINT('',(-0.0618604610158704,0.15,-0.0270098752848653));
#2639=CARTESIAN_POINT('',(-0.0618604610158704,0.148,-0.0270098752848652));
#2640=CARTESIAN_POINT('',(-0.0636933635644888,0.148,-0.0278101678858983));
#2641=CARTESIAN_POINT('',(-0.0621672766534293,0.149999999997885,-0.0263071783421324));
#2642=CARTESIAN_POINT('',(-0.0621061334152838,0.148175433360582,-0.0264472141222248));
#2643=CARTESIAN_POINT('',(-0.063791244872496,0.148,-0.0271274576922171));
#2644=CARTESIAN_POINT('',(-0.0627469034806339,0.149856890842675,-0.0249150969963167));
#2645=CARTESIAN_POINT('',(-0.0626119417915492,0.148371732181125,-0.0252490807762537));
#2646=CARTESIAN_POINT('',(-0.0639701483226609,0.147928445420834,-0.0257723466576576));
#2647=CARTESIAN_POINT('',(-0.0634006190855281,0.149343167452121,-0.0231841547805168));
#2648=CARTESIAN_POINT('',(-0.06325289584826,0.148243195166087,-0.0235867041651051));
#2649=CARTESIAN_POINT('',(-0.0641569382514502,0.147671583726123,-0.0240811362788742));
#2650=CARTESIAN_POINT('',(-0.063862387393464,0.148681733284411,-0.0218673560663668));
#2651=CARTESIAN_POINT('',(-0.0637131881285789,0.147879639600582,-0.0223023590942714));
#2652=CARTESIAN_POINT('',(-0.0642801212453075,0.147340866642194,-0.0227912545855142));
#2653=CARTESIAN_POINT('',(-0.0641650584081234,0.148035878082449,-0.0209611505316785));
#2654=CARTESIAN_POINT('',(-0.0640148455235339,0.147468066726583,-0.0214205280683053));
#2655=CARTESIAN_POINT('',(-0.0643568508487396,0.147017939041227,-0.0219021661173637));
#2656=CARTESIAN_POINT('',(-0.0644108796432658,0.147172516994247,-0.020189590894041));
#2657=CARTESIAN_POINT('',(-0.0642629122131598,0.146865364273124,-0.0206614677218923));
#2658=CARTESIAN_POINT('',(-0.064415857716667,0.146586258497124,-0.021144074438615));
#2659=CARTESIAN_POINT('',(-0.0644888078375715,0.146400598781892,-0.0199359891575205));
#2660=CARTESIAN_POINT('',(-0.0643427364083673,0.146294324854675,-0.0204085000649715));
#2661=CARTESIAN_POINT('',(-0.0644337249356389,0.146200299390943,-0.0208946322557682));
#2662=CARTESIAN_POINT('',(-0.064488807832136,0.146,-0.0199359891751034));
#2663=CARTESIAN_POINT('',(-0.0643427364028975,0.146,-0.0204085000822467));
#2664=CARTESIAN_POINT('',(-0.0644337249387237,0.146,-0.0208946322722499));
#2665=CARTESIAN_POINT('',(-0.0636933635644888,0.15,-0.0278101678858983));
#2666=CARTESIAN_POINT('',(-0.049509476991279,0.146,-0.045880951254851));
#2667=CARTESIAN_POINT('',(-0.0498456477258111,0.146,-0.0455181942327917));
#2668=CARTESIAN_POINT('',(-0.0503121448198645,0.146,-0.0453539265212687));
#2669=CARTESIAN_POINT('',(-0.0495094770050145,0.146401168126185,-0.0458809512400293));
#2670=CARTESIAN_POINT('',(-0.0498456477392267,0.146294743159273,-0.04551819421811));
#2671=CARTESIAN_POINT('',(-0.0503121448372288,0.14620058406309,-0.0453539265151542));
#2672=CARTESIAN_POINT('',(-0.0496892744883941,0.147170926162525,-0.0456875830245469));
#2673=CARTESIAN_POINT('',(-0.0500239387694158,0.146864210908558,-0.0453235159622415));
#2674=CARTESIAN_POINT('',(-0.0505182455395467,0.146585463081267,-0.0452143974242505));
#2675=CARTESIAN_POINT('',(-0.0504188818858917,0.14832407420619,-0.0448866882493541));
#2676=CARTESIAN_POINT('',(-0.0507440231711567,0.147676324099327,-0.0445212429578621));
#2677=CARTESIAN_POINT('',(-0.0513572055517586,0.147162037103079,-0.0446389263533294));
#2678=CARTESIAN_POINT('',(-0.051546439710131,0.149237252664899,-0.0435981389816908));
#2679=CARTESIAN_POINT('',(-0.0518521240256599,0.148217148125683,-0.0432348201012016));
#2680=CARTESIAN_POINT('',(-0.0526619569851723,0.147618626332576,-0.0437205254824144));
#2681=CARTESIAN_POINT('',(-0.0529538782316093,0.149859254333041,-0.0418785974149661));
#2682=CARTESIAN_POINT('',(-0.0531752547308967,0.148372636485625,-0.0415950758710686));
#2683=CARTESIAN_POINT('',(-0.054308498584491,0.147929627166059,-0.0425106260441187));
#2684=CARTESIAN_POINT('',(-0.0538682949013655,0.149999999998015,-0.040682178410185));
#2685=CARTESIAN_POINT('',(-0.0539585359128902,0.148174706525762,-0.0405598351552606));
#2686=CARTESIAN_POINT('',(-0.0553910393616965,0.148,-0.0416792636595454));
#2687=CARTESIAN_POINT('',(-0.054321468657678,0.15,-0.0400677930871281));
#2688=CARTESIAN_POINT('',(-0.054321468657678,0.148,-0.0400677930871281));
#2689=CARTESIAN_POINT('',(-0.0559309936549425,0.148,-0.0412549869563764));
#2690=CARTESIAN_POINT('',(-0.0559309936549425,0.15,-0.0412549869563764));
#2691=CARTESIAN_POINT('',(0.,0.15,0.));
#2692=CARTESIAN_POINT('',(-0.0623844763793839,0.13,-0.0199315045656515));
#2693=CARTESIAN_POINT('',(-0.0623844763793839,0.13,-0.0199315045656515));
#2694=CARTESIAN_POINT('',(-0.0609311966305422,0.13,-0.0179315045656514));
#2695=CARTESIAN_POINT('',(-0.0609311966305422,0.13,-0.0179315045656514));
#2696=CARTESIAN_POINT('',(-0.0610594333388267,0.13,-0.0164657522828257));
#2697=CARTESIAN_POINT('',(-0.0610594333388267,0.13,-0.0164657522828257));
#2698=CARTESIAN_POINT('',(0.,0.13,0.));
#2699=CARTESIAN_POINT('',(0.0623844763793839,0.13,-0.0199315045656515));
#2700=CARTESIAN_POINT('',(0.0609311966305422,0.13,-0.0179315045656515));
#2701=CARTESIAN_POINT('',(0.0609311966305422,0.13,-0.0179315045656515));
#2702=CARTESIAN_POINT('',(0.0623844763793839,0.13,-0.0199315045656515));
#2703=CARTESIAN_POINT('',(0.0618438350235556,0.13,-0.0075));
#2704=CARTESIAN_POINT('',(0.0618438350235556,0.13,-0.0075));
#2705=CARTESIAN_POINT('',(0.,0.13,0.));
#2706=CARTESIAN_POINT('',(0.0649519052838329,0.138,-0.0375));
#2707=CARTESIAN_POINT('',(0.0597557528611263,0.138,-0.0345));
#2708=CARTESIAN_POINT('',(0.0591307528611263,0.138,-0.0355825317547305));
#2709=CARTESIAN_POINT('',(0.0684160068989707,0.138,-0.0395));
#2710=CARTESIAN_POINT('',(0.0597557528611263,0.138,-0.0345));
#2711=CARTESIAN_POINT('',(0.0583307528611263,0.138,-0.0369681724007857));
#2712=CARTESIAN_POINT('',(0.0597557528611263,0.075,-0.0345));
#2713=CARTESIAN_POINT('',(-0.0649519052838329,0.138,-0.0375));
#2714=CARTESIAN_POINT('',(-0.0597557528611263,0.138,-0.0345));
#2715=CARTESIAN_POINT('',(-0.0603807528611263,0.138,-0.0334174682452695));
#2716=CARTESIAN_POINT('',(-0.0684160068989706,0.138,-0.0395));
#2717=CARTESIAN_POINT('',(-0.0597557528611263,0.138,-0.0345));
#2718=CARTESIAN_POINT('',(-0.0611807528611263,0.138,-0.0320318275992144));
#2719=CARTESIAN_POINT('',(-0.0597557528611263,0.075,-0.0345));
#2720=MECHANICAL_DESIGN_GEOMETRIC_PRESENTATION_REPRESENTATION('',(#1387),
#2721);
#2721=(
GEOMETRIC_REPRESENTATION_CONTEXT(3)
GLOBAL_UNCERTAINTY_ASSIGNED_CONTEXT((#2722))
GLOBAL_UNIT_ASSIGNED_CONTEXT((#2725,#2724,#2723))
REPRESENTATION_CONTEXT('Hull Shell4','TOP_LEVEL_ASSEMBLY_PART')
);
#2722=UNCERTAINTY_MEASURE_WITH_UNIT(LENGTH_MEASURE(2.E-5),#2725,
'DISTANCE_ACCURACY_VALUE','Maximum Tolerance applied to model');
#2723=(
NAMED_UNIT(*)
SI_UNIT($,.STERADIAN.)
SOLID_ANGLE_UNIT()
);
#2724=(
NAMED_UNIT(*)
PLANE_ANGLE_UNIT()
SI_UNIT($,.RADIAN.)
);
#2725=(
LENGTH_UNIT()
NAMED_UNIT(*)
SI_UNIT($,.METRE.)
);
#2726=PRODUCT_DEFINITION_SHAPE('','',#2727);
#2727=PRODUCT_DEFINITION('','',#2729,#2728);
#2728=PRODUCT_DEFINITION_CONTEXT('',#2735,'design');
#2729=PRODUCT_DEFINITION_FORMATION_WITH_SPECIFIED_SOURCE('','',#2731,
 .NOT_KNOWN.);
#2730=PRODUCT_RELATED_PRODUCT_CATEGORY('','',(#2731));
#2731=PRODUCT('Hull Shell4','Hull Shell4','Hull Shell4',(#2733));
#2732=PRODUCT_CATEGORY('','');
#2733=PRODUCT_CONTEXT('',#2735,'mechanical');
#2734=APPLICATION_PROTOCOL_DEFINITION('international standard',
'ap242_managed_model_based_3d_engineering',2020,#2735);
#2735=APPLICATION_CONTEXT('managed model based 3d engineering');
ENDSEC;
END-ISO-10303-21;
