ISO-10303-21;
HEADER;
/* Generated by software containing ST-Developer
 * from STEP Tools, Inc. (www.steptools.com) 
 */
/* OPTION: using custom renumber hook */

FILE_DESCRIPTION(
/* description */ ('STEP AP242 Edition 2',
'CAx-IF Rec.Pracs.---Representation and Presentation of Product Manufa
cturing Information (PMI)---4.0---2014-10-13',
'CAx-IF Rec.Pracs.---3D Tessellated Geometry---0.4---2014-09-14','2;1',
'CAx-IF Rec.Pracs.---User Defined Attributes---1.5---2016-08-15'),
/* implementation_level */ '2;1');

FILE_NAME(
/* name */ 'Buldge Shell - Hull Shell2',
/* time_stamp */ '2026-08-23T20:28:32Z',
/* author */ (''),
/* organization */ (''),
/* preprocessor_version */ 'ST-DEVELOPER v20',
/* originating_system */ 'ONSHAPE BY PTC INC, 1.219',
/* authorisation */ '  ');

FILE_SCHEMA (('AP242_MANAGED_MODEL_BASED_3D_ENGINEERING_MIM_LF { 1 0 10303 442 3 1 4 }'));
ENDSEC;

DATA;
#10=SHAPE_REPRESENTATION_RELATIONSHIP('','',#1397,#11);
#11=ADVANCED_BREP_SHAPE_REPRESENTATION('',(#1395),#2721);
#12=(
BOUNDED_SURFACE()
B_SPLINE_SURFACE(3,2,((#2381,#2382,#2383),(#2384,#2385,#2386),(#2387,#2388,
#2389),(#2390,#2391,#2392),(#2393,#2394,#2395),(#2396,#2397,#2398),(#2399,
#2400,#2401),(#2402,#2403,#2404)),.UNSPECIFIED.,.F.,.F.,.F.)
B_SPLINE_SURFACE_WITH_KNOTS((4,1,1,1,1,4),(3,3),(0.00290921446084321,0.00409347911825229,
0.00527774377566137,0.00764627309047954,0.0100148024052977,0.0123833317201159),
(0.,1.),.UNSPECIFIED.)
GEOMETRIC_REPRESENTATION_ITEM()
RATIONAL_B_SPLINE_SURFACE(((1.,0.970759022851016,1.),(1.,0.970759022262037,
1.),(1.,0.963110665286289,1.),(1.,0.930770837419615,1.),(1.,0.876592186415909,
1.),(1.,0.798659627518435,1.),(1.,0.739401340483681,1.),(1.,0.707106781186548,
1.)))
REPRESENTATION_ITEM('')
SURFACE()
);
#13=(
BOUNDED_SURFACE()
B_SPLINE_SURFACE(3,2,((#2410,#2411,#2412),(#2413,#2414,#2415),(#2416,#2417,
#2418),(#2419,#2420,#2421),(#2422,#2423,#2424),(#2425,#2426,#2427),(#2428,
#2429,#2430),(#2431,#2432,#2433),(#2434,#2435,#2436)),.UNSPECIFIED.,.F.,
 .F.,.F.)
B_SPLINE_SURFACE_WITH_KNOTS((4,1,1,1,1,1,4),(3,3),(0.00384417519584724,
0.00618747966314438,0.00853078413044152,0.00970243636409009,0.0108740885977387,
0.0120457408313872,0.0132173930650358),(0.,1.),.UNSPECIFIED.)
GEOMETRIC_REPRESENTATION_ITEM()
RATIONAL_B_SPLINE_SURFACE(((1.,0.70710678118655,1.),(1.,0.739541859052643,
1.),(1.,0.798861481953568,1.),(1.,0.863727123911137,1.),(1.,0.90916963039525,
1.),(1.,0.938897794776484,1.),(1.,0.963074174903546,1.),(1.,0.970759023387143,
1.),(1.,0.970759022851015,1.)))
REPRESENTATION_ITEM('')
SURFACE()
);
#14=(
BOUNDED_SURFACE()
B_SPLINE_SURFACE(3,2,((#2464,#2465,#2466),(#2467,#2468,#2469),(#2470,#2471,
#2472),(#2473,#2474,#2475),(#2476,#2477,#2478),(#2479,#2480,#2481),(#2482,
#2483,#2484),(#2485,#2486,#2487),(#2488,#2489,#2490)),.UNSPECIFIED.,.F.,
 .F.,.F.)
B_SPLINE_SURFACE_WITH_KNOTS((4,1,1,1,1,1,4),(3,3),(0.00384417519584723,
0.00618747966314439,0.00853078413044155,0.00970243636409014,0.0108740885977387,
0.0120457408313873,0.0132173930650359),(0.,1.),.UNSPECIFIED.)
GEOMETRIC_REPRESENTATION_ITEM()
RATIONAL_B_SPLINE_SURFACE(((1.,0.707106781186551,1.),(1.,0.739541859052426,
1.),(1.,0.798861481953673,1.),(1.,0.863727123911125,1.),(1.,0.909169630395257,
1.),(1.,0.938897794776482,1.),(1.,0.963074174903558,1.),(1.,0.970759023387123,
1.),(1.,0.970759022851016,1.)))
REPRESENTATION_ITEM('')
SURFACE()
);
#15=(
BOUNDED_SURFACE()
B_SPLINE_SURFACE(3,2,((#2492,#2493,#2494),(#2495,#2496,#2497),(#2498,#2499,
#2500),(#2501,#2502,#2503),(#2504,#2505,#2506),(#2507,#2508,#2509),(#2510,
#2511,#2512),(#2513,#2514,#2515)),.UNSPECIFIED.,.F.,.F.,.F.)
B_SPLINE_SURFACE_WITH_KNOTS((4,1,1,1,1,4),(3,3),(0.00290921446084323,0.00409347911825233,
0.00527774377566143,0.00764627309047962,0.0100148024052978,0.012383331720116),
(0.,1.),.UNSPECIFIED.)
GEOMETRIC_REPRESENTATION_ITEM()
RATIONAL_B_SPLINE_SURFACE(((1.,0.970759022851016,1.),(1.,0.97075902226226,
1.),(1.,0.963110665286188,1.),(1.,0.930770837419676,1.),(1.,0.876592186415867,
1.),(1.,0.798659627518525,1.),(1.,0.739401340483506,1.),(1.,0.707106781186547,
1.)))
REPRESENTATION_ITEM('')
SURFACE()
);
#16=(
BOUNDED_SURFACE()
B_SPLINE_SURFACE(3,2,((#2559,#2560,#2561),(#2562,#2563,#2564),(#2565,#2566,
#2567),(#2568,#2569,#2570),(#2571,#2572,#2573),(#2574,#2575,#2576),(#2577,
#2578,#2579),(#2580,#2581,#2582)),.UNSPECIFIED.,.F.,.F.,.F.)
B_SPLINE_SURFACE_WITH_KNOTS((4,1,1,1,1,4),(3,3),(0.00290921446084323,0.00409347911825231,
0.00527774377566138,0.00764627309047954,0.0100148024052977,0.0123833317201158),
(0.,1.),.UNSPECIFIED.)
GEOMETRIC_REPRESENTATION_ITEM()
RATIONAL_B_SPLINE_SURFACE(((1.,0.970759022851015,1.),(1.,0.970759022262259,
1.),(1.,0.963110665286193,1.),(1.,0.930770837419643,1.),(1.,0.876592186416126,
1.),(1.,0.798659627517569,1.),(1.,0.739401340485553,1.),(1.,0.707106781186543,
1.)))
REPRESENTATION_ITEM('')
SURFACE()
);
#17=(
BOUNDED_SURFACE()
B_SPLINE_SURFACE(3,2,((#2588,#2589,#2590),(#2591,#2592,#2593),(#2594,#2595,
#2596),(#2597,#2598,#2599),(#2600,#2601,#2602),(#2603,#2604,#2605),(#2606,
#2607,#2608),(#2609,#2610,#2611),(#2612,#2613,#2614)),.UNSPECIFIED.,.F.,
 .F.,.F.)
B_SPLINE_SURFACE_WITH_KNOTS((4,1,1,1,1,1,4),(3,3),(0.00384417519584728,
0.0061874796631444,0.00853078413044152,0.00970243636409008,0.0108740885977386,
0.0120457408313872,0.0132173930650358),(0.,1.),.UNSPECIFIED.)
GEOMETRIC_REPRESENTATION_ITEM()
RATIONAL_B_SPLINE_SURFACE(((1.,0.707106781186546,1.),(1.,0.7395418590554,
1.),(1.,0.798861481952249,1.),(1.,0.863727123911302,1.),(1.,0.909169630395216,
1.),(1.,0.938897794776499,1.),(1.,0.963074174903512,1.),(1.,0.970759023387209,
1.),(1.,0.970759022851014,1.)))
REPRESENTATION_ITEM('')
SURFACE()
);
#18=(
BOUNDED_SURFACE()
B_SPLINE_SURFACE(3,2,((#2642,#2643,#2644),(#2645,#2646,#2647),(#2648,#2649,
#2650),(#2651,#2652,#2653),(#2654,#2655,#2656),(#2657,#2658,#2659),(#2660,
#2661,#2662),(#2663,#2664,#2665),(#2666,#2667,#2668)),.UNSPECIFIED.,.F.,
 .F.,.F.)
B_SPLINE_SURFACE_WITH_KNOTS((4,1,1,1,1,1,4),(3,3),(0.00384417519584729,
0.00618747966314443,0.00853078413044157,0.00970243636409015,0.0108740885977387,
0.0120457408313873,0.0132173930650359),(0.,1.),.UNSPECIFIED.)
GEOMETRIC_REPRESENTATION_ITEM()
RATIONAL_B_SPLINE_SURFACE(((1.,0.707106781186548,1.),(1.,0.739541859058164,
1.),(1.,0.798861481950943,1.),(1.,0.863727123911462,1.),(1.,0.909169630395196,
1.),(1.,0.938897794776476,1.),(1.,0.963074174903635,1.),(1.,0.970759023386944,
1.),(1.,0.970759022851016,1.)))
REPRESENTATION_ITEM('')
SURFACE()
);
#19=(
BOUNDED_SURFACE()
B_SPLINE_SURFACE(3,2,((#2670,#2671,#2672),(#2673,#2674,#2675),(#2676,#2677,
#2678),(#2679,#2680,#2681),(#2682,#2683,#2684),(#2685,#2686,#2687),(#2688,
#2689,#2690),(#2691,#2692,#2693)),.UNSPECIFIED.,.F.,.F.,.F.)
B_SPLINE_SURFACE_WITH_KNOTS((4,1,1,1,1,4),(3,3),(0.00290921446084323,0.00409347911825229,
0.00527774377566135,0.00764627309047947,0.0100148024052976,0.0123833317201157),
(0.,1.),.UNSPECIFIED.)
GEOMETRIC_REPRESENTATION_ITEM()
RATIONAL_B_SPLINE_SURFACE(((1.,0.970759022851015,1.),(1.,0.970759022262326,
1.),(1.,0.963110665286155,1.),(1.,0.930770837419705,1.),(1.,0.876592186415767,
1.),(1.,0.798659627518865,1.),(1.,0.739401340482762,1.),(1.,0.707106781186546,
1.)))
REPRESENTATION_ITEM('')
SURFACE()
);
#20=TOROIDAL_SURFACE('',#1485,0.0695,0.002);
#21=TOROIDAL_SURFACE('',#1502,0.0695,0.002);
#22=TOROIDAL_SURFACE('',#1521,0.0695,0.002);
#23=TOROIDAL_SURFACE('',#1538,0.0695,0.002);
#24=SPHERICAL_SURFACE('',#1470,0.002);
#25=SPHERICAL_SURFACE('',#1473,0.002);
#26=SPHERICAL_SURFACE('',#1489,0.002);
#27=SPHERICAL_SURFACE('',#1491,0.002);
#28=SPHERICAL_SURFACE('',#1506,0.002);
#29=SPHERICAL_SURFACE('',#1509,0.002);
#30=SPHERICAL_SURFACE('',#1525,0.002);
#31=SPHERICAL_SURFACE('',#1527,0.002);
#32=B_SPLINE_CURVE_WITH_KNOTS('',3,(#2011,#2012,#2013,#2014,#2015,#2016,
#2017,#2018,#2019,#2020,#2021),.UNSPECIFIED.,.T.,.F.,(1,1,1,1,1,1,1,1,1,
1,1,1,1,1,1),(-0.00293079311555036,-0.00195386207703358,-0.000976931038516788,
0.,0.000976931038516788,0.00195386207703358,0.00293079311555036,0.00390772415406715,
0.00488465519258394,0.00586158623110073,0.00683851726961752,0.00781544830813431,
0.00879237934665109,0.00976931038516788,0.0107462414236847),
 .UNSPECIFIED.);
#33=B_SPLINE_CURVE_WITH_KNOTS('',3,(#2023,#2024,#2025,#2026,#2027,#2028,
#2029,#2030,#2031,#2032,#2033),.UNSPECIFIED.,.T.,.F.,(1,1,1,1,1,1,1,1,1,
1,1,1,1,1,1),(-0.00293079311555029,-0.00195386207703352,-0.000976931038516762,
0.,0.000976931038516762,0.00195386207703352,0.00293079311555029,0.00390772415406705,
0.00488465519258381,0.00586158623110057,0.00683851726961734,0.0078154483081341,
0.00879237934665086,0.00976931038516762,0.0107462414236844),
 .UNSPECIFIED.);
#34=B_SPLINE_CURVE_WITH_KNOTS('',3,(#2142,#2143,#2144,#2145,#2146,#2147,
#2148,#2149,#2150),.UNSPECIFIED.,.F.,.F.,(4,1,1,1,1,1,4),(0.,0.00117872534378679,
0.00235745068757358,0.00353617603136037,0.00471490137514715,0.00707235206272073,
0.00942980275029431),.UNSPECIFIED.);
#35=B_SPLINE_CURVE_WITH_KNOTS('',3,(#2154,#2155,#2156,#2157,#2158,#2159,
#2160,#2161),.UNSPECIFIED.,.F.,.F.,(4,1,1,1,1,4),(0.,0.00229072075023116,
0.00458144150046231,0.00687216225069347,0.00801752262580905,0.00916288300092463),
 .UNSPECIFIED.);
#36=B_SPLINE_CURVE_WITH_KNOTS('',3,(#2165,#2166,#2167,#2168,#2169,#2170,
#2171,#2172,#2173),.UNSPECIFIED.,.F.,.F.,(4,1,1,1,1,1,4),(0.,0.00117872534378679,
0.00235745068757358,0.00353617603136037,0.00471490137514716,0.00707235206272074,
0.00942980275029432),.UNSPECIFIED.);
#37=B_SPLINE_CURVE_WITH_KNOTS('',3,(#2177,#2178,#2179,#2180,#2181,#2182,
#2183,#2184),.UNSPECIFIED.,.F.,.F.,(4,1,1,1,1,4),(0.,0.00229072075023116,
0.00458144150046232,0.00687216225069348,0.00801752262580906,0.00916288300092464),
 .UNSPECIFIED.);
#38=B_SPLINE_CURVE_WITH_KNOTS('',3,(#2185,#2186,#2187,#2188,#2189,#2190,
#2191,#2192,#2193),.UNSPECIFIED.,.F.,.F.,(4,1,1,1,1,1,4),(0.,0.00117872534378681,
0.00235745068757361,0.00353617603136042,0.00471490137514722,0.00707235206272083,
0.00942980275029445),.UNSPECIFIED.);
#39=B_SPLINE_CURVE_WITH_KNOTS('',3,(#2197,#2198,#2199,#2200,#2201,#2202,
#2203,#2204),.UNSPECIFIED.,.F.,.F.,(4,1,1,1,1,4),(0.,0.00229072075023117,
0.00458144150046234,0.00687216225069351,0.00801752262580909,0.00916288300092468),
 .UNSPECIFIED.);
#40=B_SPLINE_CURVE_WITH_KNOTS('',3,(#2208,#2209,#2210,#2211,#2212,#2213,
#2214,#2215,#2216),.UNSPECIFIED.,.F.,.F.,(4,1,1,1,1,1,4),(0.,0.00117872534378678,
0.00235745068757357,0.00353617603136035,0.00471490137514713,0.0070723520627207,
0.00942980275029426),.UNSPECIFIED.);
#41=B_SPLINE_CURVE_WITH_KNOTS('',3,(#2220,#2221,#2222,#2223,#2224,#2225,
#2226,#2227),.UNSPECIFIED.,.F.,.F.,(4,1,1,1,1,4),(0.,0.00229072075023117,
0.00458144150046234,0.0068721622506935,0.00801752262580909,0.00916288300092467),
 .UNSPECIFIED.);
#42=B_SPLINE_CURVE_WITH_KNOTS('',3,(#2350,#2351,#2352,#2353,#2354,#2355,
#2356,#2357,#2358,#2359),.UNSPECIFIED.,.F.,.F.,(4,1,1,1,1,1,1,4),(0.,0.000474489196392595,
0.000948978392785191,0.00189795678557038,0.00284693517835557,0.00379591357114076,
0.00569387035671115,0.00759182714228153),.UNSPECIFIED.);
#43=B_SPLINE_CURVE_WITH_KNOTS('',3,(#2368,#2369,#2370,#2371,#2372,#2373,
#2374,#2375,#2376,#2377),.UNSPECIFIED.,.F.,.F.,(4,1,1,1,1,1,1,4),(0.,0.00188192939810729,
0.00376385879621458,0.00470482349526823,0.00564578819432188,0.00658675289337552,
0.00705723524290235,0.00752771759242917),.UNSPECIFIED.);
#44=B_SPLINE_CURVE_WITH_KNOTS('',3,(#2441,#2442,#2443,#2444,#2445,#2446,
#2447,#2448,#2449,#2450),.UNSPECIFIED.,.F.,.F.,(4,1,1,1,1,1,1,4),(0.,0.00188192939810731,
0.00376385879621461,0.00470482349526827,0.00564578819432192,0.00658675289337557,
0.0070572352429024,0.00752771759242923),.UNSPECIFIED.);
#45=B_SPLINE_CURVE_WITH_KNOTS('',3,(#2452,#2453,#2454,#2455,#2456,#2457,
#2458,#2459,#2460,#2461),.UNSPECIFIED.,.F.,.F.,(4,1,1,1,1,1,1,4),(0.,0.000474489196392587,
0.000948978392785173,0.00189795678557035,0.00284693517835552,0.00379591357114069,
0.00569387035671104,0.00759182714228138),.UNSPECIFIED.);
#46=B_SPLINE_CURVE_WITH_KNOTS('',3,(#2528,#2529,#2530,#2531,#2532,#2533,
#2534,#2535,#2536,#2537),.UNSPECIFIED.,.F.,.F.,(4,1,1,1,1,1,1,4),(0.,0.000474489196392605,
0.00094897839278521,0.00189795678557042,0.00284693517835563,0.00379591357114084,
0.00569387035671126,0.00759182714228168),.UNSPECIFIED.);
#47=B_SPLINE_CURVE_WITH_KNOTS('',3,(#2546,#2547,#2548,#2549,#2550,#2551,
#2552,#2553,#2554,#2555),.UNSPECIFIED.,.F.,.F.,(4,1,1,1,1,1,1,4),(0.,0.00188192939810726,
0.00376385879621453,0.00470482349526816,0.00564578819432179,0.00658675289337542,
0.00705723524290224,0.00752771759242905),.UNSPECIFIED.);
#48=B_SPLINE_CURVE_WITH_KNOTS('',3,(#2619,#2620,#2621,#2622,#2623,#2624,
#2625,#2626,#2627,#2628),.UNSPECIFIED.,.F.,.F.,(4,1,1,1,1,1,1,4),(0.,0.00188192939810728,
0.00376385879621456,0.00470482349526819,0.00564578819432183,0.00658675289337547,
0.00705723524290229,0.00752771759242911),.UNSPECIFIED.);
#49=B_SPLINE_CURVE_WITH_KNOTS('',3,(#2630,#2631,#2632,#2633,#2634,#2635,
#2636,#2637,#2638,#2639),.UNSPECIFIED.,.F.,.F.,(4,1,1,1,1,1,1,4),(0.,0.000474489196392593,
0.000948978392785186,0.00189795678557037,0.00284693517835556,0.00379591357114074,
0.00569387035671111,0.00759182714228148),.UNSPECIFIED.);
#50=PLANE('',#1402);
#51=PLANE('',#1414);
#52=PLANE('',#1415);
#53=PLANE('',#1416);
#54=PLANE('',#1417);
#55=PLANE('',#1418);
#56=PLANE('',#1419);
#57=PLANE('',#1420);
#58=PLANE('',#1421);
#59=PLANE('',#1422);
#60=PLANE('',#1432);
#61=PLANE('',#1438);
#62=PLANE('',#1443);
#63=PLANE('',#1444);
#64=PLANE('',#1445);
#65=PLANE('',#1446);
#66=PLANE('',#1447);
#67=PLANE('',#1448);
#68=PLANE('',#1449);
#69=PLANE('',#1450);
#70=PLANE('',#1451);
#71=PLANE('',#1452);
#72=PLANE('',#1454);
#73=PLANE('',#1455);
#74=PLANE('',#1457);
#75=PLANE('',#1459);
#76=PLANE('',#1461);
#77=PLANE('',#1462);
#78=PLANE('',#1463);
#79=PLANE('',#1465);
#80=PLANE('',#1543);
#81=PLANE('',#1548);
#82=PLANE('',#1549);
#83=PLANE('',#1550);
#84=PLANE('',#1551);
#85=PLANE('',#1552);
#86=PLANE('',#1553);
#87=PLANE('',#1554);
#88=LINE('',#1976,#190);
#89=LINE('',#1980,#191);
#90=LINE('',#1982,#192);
#91=LINE('',#1984,#193);
#92=LINE('',#1988,#194);
#93=LINE('',#1996,#195);
#94=LINE('',#2000,#196);
#95=LINE('',#2036,#197);
#96=LINE('',#2038,#198);
#97=LINE('',#2040,#199);
#98=LINE('',#2042,#200);
#99=LINE('',#2044,#201);
#100=LINE('',#2046,#202);
#101=LINE('',#2048,#203);
#102=LINE('',#2050,#204);
#103=LINE('',#2052,#205);
#104=LINE('',#2054,#206);
#105=LINE('',#2056,#207);
#106=LINE('',#2058,#208);
#107=LINE('',#2060,#209);
#108=LINE('',#2062,#210);
#109=LINE('',#2064,#211);
#110=LINE('',#2066,#212);
#111=LINE('',#2068,#213);
#112=LINE('',#2070,#214);
#113=LINE('',#2072,#215);
#114=LINE('',#2074,#216);
#115=LINE('',#2076,#217);
#116=LINE('',#2078,#218);
#117=LINE('',#2080,#219);
#118=LINE('',#2082,#220);
#119=LINE('',#2084,#221);
#120=LINE('',#2086,#222);
#121=LINE('',#2088,#223);
#122=LINE('',#2090,#224);
#123=LINE('',#2092,#225);
#124=LINE('',#2093,#226);
#125=LINE('',#2095,#227);
#126=LINE('',#2096,#228);
#127=LINE('',#2098,#229);
#128=LINE('',#2099,#230);
#129=LINE('',#2101,#231);
#130=LINE('',#2113,#232);
#131=LINE('',#2115,#233);
#132=LINE('',#2127,#234);
#133=LINE('',#2132,#235);
#134=LINE('',#2134,#236);
#135=LINE('',#2136,#237);
#136=LINE('',#2137,#238);
#137=LINE('',#2139,#239);
#138=LINE('',#2141,#240);
#139=LINE('',#2152,#241);
#140=LINE('',#2175,#242);
#141=LINE('',#2195,#243);
#142=LINE('',#2218,#244);
#143=LINE('',#2228,#245);
#144=LINE('',#2230,#246);
#145=LINE('',#2232,#247);
#146=LINE('',#2234,#248);
#147=LINE('',#2236,#249);
#148=LINE('',#2238,#250);
#149=LINE('',#2240,#251);
#150=LINE('',#2247,#252);
#151=LINE('',#2250,#253);
#152=LINE('',#2252,#254);
#153=LINE('',#2254,#255);
#154=LINE('',#2258,#256);
#155=LINE('',#2261,#257);
#156=LINE('',#2263,#258);
#157=LINE('',#2265,#259);
#158=LINE('',#2267,#260);
#159=LINE('',#2270,#261);
#160=LINE('',#2272,#262);
#161=LINE('',#2274,#263);
#162=LINE('',#2276,#264);
#163=LINE('',#2281,#265);
#164=LINE('',#2283,#266);
#165=LINE('',#2285,#267);
#166=LINE('',#2290,#268);
#167=LINE('',#2292,#269);
#168=LINE('',#2296,#270);
#169=LINE('',#2299,#271);
#170=LINE('',#2301,#272);
#171=LINE('',#2303,#273);
#172=LINE('',#2305,#274);
#173=LINE('',#2308,#275);
#174=LINE('',#2310,#276);
#175=LINE('',#2312,#277);
#176=LINE('',#2314,#278);
#177=LINE('',#2317,#279);
#178=LINE('',#2319,#280);
#179=LINE('',#2321,#281);
#180=LINE('',#2323,#282);
#181=LINE('',#2328,#283);
#182=LINE('',#2330,#284);
#183=LINE('',#2332,#285);
#184=LINE('',#2337,#286);
#185=LINE('',#2339,#287);
#186=LINE('',#2711,#288);
#187=LINE('',#2713,#289);
#188=LINE('',#2716,#290);
#189=LINE('',#2717,#291);
#190=VECTOR('',#1561,1.);
#191=VECTOR('',#1564,1.);
#192=VECTOR('',#1567,1.);
#193=VECTOR('',#1568,1.);
#194=VECTOR('',#1571,1.);
#195=VECTOR('',#1580,1.);
#196=VECTOR('',#1583,1.);
#197=VECTOR('',#1596,1.);
#198=VECTOR('',#1597,1.);
#199=VECTOR('',#1598,1.);
#200=VECTOR('',#1601,1.);
#201=VECTOR('',#1602,1.);
#202=VECTOR('',#1603,1.);
#203=VECTOR('',#1604,1.);
#204=VECTOR('',#1605,1.);
#205=VECTOR('',#1608,1.);
#206=VECTOR('',#1609,1.);
#207=VECTOR('',#1610,1.);
#208=VECTOR('',#1611,1.);
#209=VECTOR('',#1612,1.);
#210=VECTOR('',#1615,1.);
#211=VECTOR('',#1616,1.);
#212=VECTOR('',#1617,1.);
#213=VECTOR('',#1618,1.);
#214=VECTOR('',#1619,1.);
#215=VECTOR('',#1622,1.);
#216=VECTOR('',#1623,1.);
#217=VECTOR('',#1624,1.);
#218=VECTOR('',#1625,1.);
#219=VECTOR('',#1626,1.);
#220=VECTOR('',#1629,1.);
#221=VECTOR('',#1630,1.);
#222=VECTOR('',#1631,1.);
#223=VECTOR('',#1632,1.);
#224=VECTOR('',#1633,1.);
#225=VECTOR('',#1636,1.);
#226=VECTOR('',#1637,1.);
#227=VECTOR('',#1640,1.);
#228=VECTOR('',#1641,1.);
#229=VECTOR('',#1644,1.);
#230=VECTOR('',#1645,1.);
#231=VECTOR('',#1648,1.);
#232=VECTOR('',#1667,1.);
#233=VECTOR('',#1668,1.);
#234=VECTOR('',#1681,1.);
#235=VECTOR('',#1684,1.);
#236=VECTOR('',#1685,1.);
#237=VECTOR('',#1686,1.);
#238=VECTOR('',#1687,1.);
#239=VECTOR('',#1688,1.);
#240=VECTOR('',#1691,1.);
#241=VECTOR('',#1692,1.);
#242=VECTOR('',#1695,1.);
#243=VECTOR('',#1696,1.);
#244=VECTOR('',#1699,1.);
#245=VECTOR('',#1700,1.);
#246=VECTOR('',#1703,1.);
#247=VECTOR('',#1704,1.);
#248=VECTOR('',#1707,1.);
#249=VECTOR('',#1708,1.);
#250=VECTOR('',#1711,1.);
#251=VECTOR('',#1712,1.);
#252=VECTOR('',#1725,1.);
#253=VECTOR('',#1726,1.);
#254=VECTOR('',#1727,1.);
#255=VECTOR('',#1728,1.);
#256=VECTOR('',#1733,1.);
#257=VECTOR('',#1734,1.);
#258=VECTOR('',#1735,1.);
#259=VECTOR('',#1736,1.);
#260=VECTOR('',#1739,1.);
#261=VECTOR('',#1740,1.);
#262=VECTOR('',#1741,1.);
#263=VECTOR('',#1742,1.);
#264=VECTOR('',#1745,1.);
#265=VECTOR('',#1748,1.);
#266=VECTOR('',#1749,1.);
#267=VECTOR('',#1752,1.);
#268=VECTOR('',#1755,1.);
#269=VECTOR('',#1756,1.);
#270=VECTOR('',#1761,1.);
#271=VECTOR('',#1762,1.);
#272=VECTOR('',#1763,1.);
#273=VECTOR('',#1764,1.);
#274=VECTOR('',#1767,1.);
#275=VECTOR('',#1768,1.);
#276=VECTOR('',#1769,1.);
#277=VECTOR('',#1770,1.);
#278=VECTOR('',#1773,1.);
#279=VECTOR('',#1774,1.);
#280=VECTOR('',#1775,1.);
#281=VECTOR('',#1776,1.);
#282=VECTOR('',#1779,1.);
#283=VECTOR('',#1782,1.);
#284=VECTOR('',#1783,1.);
#285=VECTOR('',#1786,1.);
#286=VECTOR('',#1789,1.);
#287=VECTOR('',#1790,1.);
#288=VECTOR('',#1957,1.);
#289=VECTOR('',#1960,1.);
#290=VECTOR('',#1965,1.);
#291=VECTOR('',#1966,1.);
#292=ORIENTED_EDGE('',*,*,#684,.F.);
#293=ORIENTED_EDGE('',*,*,#685,.T.);
#294=ORIENTED_EDGE('',*,*,#686,.T.);
#295=ORIENTED_EDGE('',*,*,#687,.F.);
#296=ORIENTED_EDGE('',*,*,#688,.F.);
#297=ORIENTED_EDGE('',*,*,#689,.F.);
#298=ORIENTED_EDGE('',*,*,#690,.T.);
#299=ORIENTED_EDGE('',*,*,#691,.F.);
#300=ORIENTED_EDGE('',*,*,#686,.F.);
#301=ORIENTED_EDGE('',*,*,#692,.F.);
#302=ORIENTED_EDGE('',*,*,#693,.F.);
#303=ORIENTED_EDGE('',*,*,#690,.F.);
#304=ORIENTED_EDGE('',*,*,#694,.F.);
#305=ORIENTED_EDGE('',*,*,#695,.T.);
#306=ORIENTED_EDGE('',*,*,#696,.T.);
#307=ORIENTED_EDGE('',*,*,#697,.F.);
#308=ORIENTED_EDGE('',*,*,#698,.F.);
#309=ORIENTED_EDGE('',*,*,#699,.F.);
#310=ORIENTED_EDGE('',*,*,#700,.F.);
#311=ORIENTED_EDGE('',*,*,#701,.F.);
#312=ORIENTED_EDGE('',*,*,#702,.F.);
#313=ORIENTED_EDGE('',*,*,#703,.F.);
#314=ORIENTED_EDGE('',*,*,#704,.F.);
#315=ORIENTED_EDGE('',*,*,#691,.T.);
#316=ORIENTED_EDGE('',*,*,#705,.T.);
#317=ORIENTED_EDGE('',*,*,#706,.F.);
#318=ORIENTED_EDGE('',*,*,#707,.F.);
#319=ORIENTED_EDGE('',*,*,#687,.T.);
#320=ORIENTED_EDGE('',*,*,#708,.F.);
#321=ORIENTED_EDGE('',*,*,#709,.F.);
#322=ORIENTED_EDGE('',*,*,#710,.F.);
#323=ORIENTED_EDGE('',*,*,#711,.T.);
#324=ORIENTED_EDGE('',*,*,#712,.T.);
#325=ORIENTED_EDGE('',*,*,#713,.T.);
#326=ORIENTED_EDGE('',*,*,#714,.T.);
#327=ORIENTED_EDGE('',*,*,#715,.F.);
#328=ORIENTED_EDGE('',*,*,#716,.F.);
#329=ORIENTED_EDGE('',*,*,#717,.T.);
#330=ORIENTED_EDGE('',*,*,#718,.F.);
#331=ORIENTED_EDGE('',*,*,#719,.F.);
#332=ORIENTED_EDGE('',*,*,#720,.F.);
#333=ORIENTED_EDGE('',*,*,#721,.T.);
#334=ORIENTED_EDGE('',*,*,#722,.T.);
#335=ORIENTED_EDGE('',*,*,#723,.T.);
#336=ORIENTED_EDGE('',*,*,#724,.T.);
#337=ORIENTED_EDGE('',*,*,#725,.F.);
#338=ORIENTED_EDGE('',*,*,#726,.F.);
#339=ORIENTED_EDGE('',*,*,#727,.T.);
#340=ORIENTED_EDGE('',*,*,#728,.F.);
#341=ORIENTED_EDGE('',*,*,#729,.F.);
#342=ORIENTED_EDGE('',*,*,#730,.F.);
#343=ORIENTED_EDGE('',*,*,#731,.T.);
#344=ORIENTED_EDGE('',*,*,#732,.T.);
#345=ORIENTED_EDGE('',*,*,#706,.T.);
#346=ORIENTED_EDGE('',*,*,#733,.T.);
#347=ORIENTED_EDGE('',*,*,#712,.F.);
#348=ORIENTED_EDGE('',*,*,#734,.F.);
#349=ORIENTED_EDGE('',*,*,#715,.T.);
#350=ORIENTED_EDGE('',*,*,#735,.T.);
#351=ORIENTED_EDGE('',*,*,#722,.F.);
#352=ORIENTED_EDGE('',*,*,#736,.F.);
#353=ORIENTED_EDGE('',*,*,#725,.T.);
#354=ORIENTED_EDGE('',*,*,#737,.T.);
#355=ORIENTED_EDGE('',*,*,#732,.F.);
#356=ORIENTED_EDGE('',*,*,#738,.F.);
#357=ORIENTED_EDGE('',*,*,#739,.F.);
#358=ORIENTED_EDGE('',*,*,#740,.F.);
#359=ORIENTED_EDGE('',*,*,#730,.T.);
#360=ORIENTED_EDGE('',*,*,#741,.T.);
#361=ORIENTED_EDGE('',*,*,#720,.T.);
#362=ORIENTED_EDGE('',*,*,#742,.T.);
#363=ORIENTED_EDGE('',*,*,#727,.F.);
#364=ORIENTED_EDGE('',*,*,#743,.F.);
#365=ORIENTED_EDGE('',*,*,#710,.T.);
#366=ORIENTED_EDGE('',*,*,#744,.T.);
#367=ORIENTED_EDGE('',*,*,#717,.F.);
#368=ORIENTED_EDGE('',*,*,#745,.F.);
#369=ORIENTED_EDGE('',*,*,#746,.F.);
#370=ORIENTED_EDGE('',*,*,#696,.F.);
#371=ORIENTED_EDGE('',*,*,#747,.T.);
#372=ORIENTED_EDGE('',*,*,#748,.T.);
#373=ORIENTED_EDGE('',*,*,#749,.T.);
#374=ORIENTED_EDGE('',*,*,#750,.T.);
#375=ORIENTED_EDGE('',*,*,#751,.T.);
#376=ORIENTED_EDGE('',*,*,#752,.T.);
#377=ORIENTED_EDGE('',*,*,#753,.F.);
#378=ORIENTED_EDGE('',*,*,#754,.F.);
#379=ORIENTED_EDGE('',*,*,#755,.T.);
#380=ORIENTED_EDGE('',*,*,#756,.T.);
#381=ORIENTED_EDGE('',*,*,#757,.T.);
#382=ORIENTED_EDGE('',*,*,#684,.T.);
#383=ORIENTED_EDGE('',*,*,#707,.T.);
#384=ORIENTED_EDGE('',*,*,#734,.T.);
#385=ORIENTED_EDGE('',*,*,#711,.F.);
#386=ORIENTED_EDGE('',*,*,#745,.T.);
#387=ORIENTED_EDGE('',*,*,#716,.T.);
#388=ORIENTED_EDGE('',*,*,#736,.T.);
#389=ORIENTED_EDGE('',*,*,#721,.F.);
#390=ORIENTED_EDGE('',*,*,#743,.T.);
#391=ORIENTED_EDGE('',*,*,#726,.T.);
#392=ORIENTED_EDGE('',*,*,#738,.T.);
#393=ORIENTED_EDGE('',*,*,#731,.F.);
#394=ORIENTED_EDGE('',*,*,#740,.T.);
#395=ORIENTED_EDGE('',*,*,#758,.F.);
#396=ORIENTED_EDGE('',*,*,#759,.F.);
#397=ORIENTED_EDGE('',*,*,#754,.T.);
#398=ORIENTED_EDGE('',*,*,#760,.F.);
#399=ORIENTED_EDGE('',*,*,#752,.F.);
#400=ORIENTED_EDGE('',*,*,#761,.T.);
#401=ORIENTED_EDGE('',*,*,#762,.T.);
#402=ORIENTED_EDGE('',*,*,#763,.T.);
#403=ORIENTED_EDGE('',*,*,#764,.T.);
#404=ORIENTED_EDGE('',*,*,#765,.T.);
#405=ORIENTED_EDGE('',*,*,#766,.T.);
#406=ORIENTED_EDGE('',*,*,#767,.T.);
#407=ORIENTED_EDGE('',*,*,#750,.F.);
#408=ORIENTED_EDGE('',*,*,#768,.T.);
#409=ORIENTED_EDGE('',*,*,#769,.T.);
#410=ORIENTED_EDGE('',*,*,#770,.T.);
#411=ORIENTED_EDGE('',*,*,#771,.T.);
#412=ORIENTED_EDGE('',*,*,#772,.T.);
#413=ORIENTED_EDGE('',*,*,#773,.T.);
#414=ORIENTED_EDGE('',*,*,#774,.T.);
#415=ORIENTED_EDGE('',*,*,#748,.F.);
#416=ORIENTED_EDGE('',*,*,#775,.T.);
#417=ORIENTED_EDGE('',*,*,#776,.F.);
#418=ORIENTED_EDGE('',*,*,#755,.F.);
#419=ORIENTED_EDGE('',*,*,#775,.F.);
#420=ORIENTED_EDGE('',*,*,#747,.F.);
#421=ORIENTED_EDGE('',*,*,#695,.F.);
#422=ORIENTED_EDGE('',*,*,#777,.T.);
#423=ORIENTED_EDGE('',*,*,#760,.T.);
#424=ORIENTED_EDGE('',*,*,#753,.T.);
#425=ORIENTED_EDGE('',*,*,#778,.T.);
#426=ORIENTED_EDGE('',*,*,#779,.F.);
#427=ORIENTED_EDGE('',*,*,#697,.T.);
#428=ORIENTED_EDGE('',*,*,#746,.T.);
#429=ORIENTED_EDGE('',*,*,#699,.T.);
#430=ORIENTED_EDGE('',*,*,#780,.T.);
#431=ORIENTED_EDGE('',*,*,#781,.T.);
#432=ORIENTED_EDGE('',*,*,#741,.F.);
#433=ORIENTED_EDGE('',*,*,#729,.T.);
#434=ORIENTED_EDGE('',*,*,#742,.F.);
#435=ORIENTED_EDGE('',*,*,#719,.T.);
#436=ORIENTED_EDGE('',*,*,#701,.T.);
#437=ORIENTED_EDGE('',*,*,#723,.F.);
#438=ORIENTED_EDGE('',*,*,#744,.F.);
#439=ORIENTED_EDGE('',*,*,#709,.T.);
#440=ORIENTED_EDGE('',*,*,#692,.T.);
#441=ORIENTED_EDGE('',*,*,#713,.F.);
#442=ORIENTED_EDGE('',*,*,#700,.T.);
#443=ORIENTED_EDGE('',*,*,#728,.T.);
#444=ORIENTED_EDGE('',*,*,#737,.F.);
#445=ORIENTED_EDGE('',*,*,#724,.F.);
#446=ORIENTED_EDGE('',*,*,#702,.T.);
#447=ORIENTED_EDGE('',*,*,#718,.T.);
#448=ORIENTED_EDGE('',*,*,#735,.F.);
#449=ORIENTED_EDGE('',*,*,#714,.F.);
#450=ORIENTED_EDGE('',*,*,#693,.T.);
#451=ORIENTED_EDGE('',*,*,#708,.T.);
#452=ORIENTED_EDGE('',*,*,#733,.F.);
#453=ORIENTED_EDGE('',*,*,#705,.F.);
#454=ORIENTED_EDGE('',*,*,#782,.T.);
#455=ORIENTED_EDGE('',*,*,#783,.T.);
#456=ORIENTED_EDGE('',*,*,#784,.T.);
#457=ORIENTED_EDGE('',*,*,#785,.T.);
#458=ORIENTED_EDGE('',*,*,#786,.T.);
#459=ORIENTED_EDGE('',*,*,#787,.T.);
#460=ORIENTED_EDGE('',*,*,#788,.T.);
#461=ORIENTED_EDGE('',*,*,#789,.T.);
#462=ORIENTED_EDGE('',*,*,#790,.T.);
#463=ORIENTED_EDGE('',*,*,#791,.T.);
#464=ORIENTED_EDGE('',*,*,#792,.T.);
#465=ORIENTED_EDGE('',*,*,#793,.T.);
#466=ORIENTED_EDGE('',*,*,#794,.T.);
#467=ORIENTED_EDGE('',*,*,#795,.T.);
#468=ORIENTED_EDGE('',*,*,#796,.T.);
#469=ORIENTED_EDGE('',*,*,#797,.T.);
#470=ORIENTED_EDGE('',*,*,#798,.T.);
#471=ORIENTED_EDGE('',*,*,#799,.T.);
#472=ORIENTED_EDGE('',*,*,#800,.T.);
#473=ORIENTED_EDGE('',*,*,#801,.T.);
#474=ORIENTED_EDGE('',*,*,#802,.T.);
#475=ORIENTED_EDGE('',*,*,#803,.T.);
#476=ORIENTED_EDGE('',*,*,#804,.T.);
#477=ORIENTED_EDGE('',*,*,#805,.T.);
#478=ORIENTED_EDGE('',*,*,#806,.T.);
#479=ORIENTED_EDGE('',*,*,#807,.T.);
#480=ORIENTED_EDGE('',*,*,#808,.T.);
#481=ORIENTED_EDGE('',*,*,#809,.T.);
#482=ORIENTED_EDGE('',*,*,#810,.T.);
#483=ORIENTED_EDGE('',*,*,#811,.T.);
#484=ORIENTED_EDGE('',*,*,#812,.T.);
#485=ORIENTED_EDGE('',*,*,#813,.T.);
#486=ORIENTED_EDGE('',*,*,#814,.T.);
#487=ORIENTED_EDGE('',*,*,#815,.T.);
#488=ORIENTED_EDGE('',*,*,#816,.T.);
#489=ORIENTED_EDGE('',*,*,#817,.T.);
#490=ORIENTED_EDGE('',*,*,#818,.T.);
#491=ORIENTED_EDGE('',*,*,#819,.T.);
#492=ORIENTED_EDGE('',*,*,#820,.T.);
#493=ORIENTED_EDGE('',*,*,#821,.T.);
#494=ORIENTED_EDGE('',*,*,#822,.T.);
#495=ORIENTED_EDGE('',*,*,#823,.T.);
#496=ORIENTED_EDGE('',*,*,#824,.F.);
#497=ORIENTED_EDGE('',*,*,#806,.F.);
#498=ORIENTED_EDGE('',*,*,#825,.F.);
#499=ORIENTED_EDGE('',*,*,#823,.F.);
#500=ORIENTED_EDGE('',*,*,#826,.F.);
#501=ORIENTED_EDGE('',*,*,#824,.T.);
#502=ORIENTED_EDGE('',*,*,#827,.F.);
#503=ORIENTED_EDGE('',*,*,#828,.F.);
#504=ORIENTED_EDGE('',*,*,#825,.T.);
#505=ORIENTED_EDGE('',*,*,#829,.F.);
#506=ORIENTED_EDGE('',*,*,#827,.T.);
#507=ORIENTED_EDGE('',*,*,#822,.F.);
#508=ORIENTED_EDGE('',*,*,#830,.F.);
#509=ORIENTED_EDGE('',*,*,#812,.F.);
#510=ORIENTED_EDGE('',*,*,#826,.T.);
#511=ORIENTED_EDGE('',*,*,#815,.F.);
#512=ORIENTED_EDGE('',*,*,#831,.F.);
#513=ORIENTED_EDGE('',*,*,#807,.F.);
#514=ORIENTED_EDGE('',*,*,#832,.F.);
#515=ORIENTED_EDGE('',*,*,#804,.F.);
#516=ORIENTED_EDGE('',*,*,#833,.F.);
#517=ORIENTED_EDGE('',*,*,#819,.F.);
#518=ORIENTED_EDGE('',*,*,#829,.T.);
#519=ORIENTED_EDGE('',*,*,#805,.F.);
#520=ORIENTED_EDGE('',*,*,#834,.F.);
#521=ORIENTED_EDGE('',*,*,#811,.F.);
#522=ORIENTED_EDGE('',*,*,#828,.T.);
#523=ORIENTED_EDGE('',*,*,#810,.F.);
#524=ORIENTED_EDGE('',*,*,#835,.F.);
#525=ORIENTED_EDGE('',*,*,#820,.F.);
#526=ORIENTED_EDGE('',*,*,#836,.F.);
#527=ORIENTED_EDGE('',*,*,#749,.F.);
#528=ORIENTED_EDGE('',*,*,#837,.F.);
#529=ORIENTED_EDGE('',*,*,#821,.F.);
#530=ORIENTED_EDGE('',*,*,#837,.T.);
#531=ORIENTED_EDGE('',*,*,#774,.F.);
#532=ORIENTED_EDGE('',*,*,#838,.F.);
#533=ORIENTED_EDGE('',*,*,#830,.T.);
#534=ORIENTED_EDGE('',*,*,#833,.T.);
#535=ORIENTED_EDGE('',*,*,#831,.T.);
#536=ORIENTED_EDGE('',*,*,#839,.F.);
#537=ORIENTED_EDGE('',*,*,#834,.T.);
#538=ORIENTED_EDGE('',*,*,#832,.T.);
#539=ORIENTED_EDGE('',*,*,#840,.F.);
#540=ORIENTED_EDGE('',*,*,#836,.T.);
#541=ORIENTED_EDGE('',*,*,#835,.T.);
#542=ORIENTED_EDGE('',*,*,#841,.F.);
#543=ORIENTED_EDGE('',*,*,#768,.F.);
#544=ORIENTED_EDGE('',*,*,#838,.T.);
#545=ORIENTED_EDGE('',*,*,#773,.F.);
#546=ORIENTED_EDGE('',*,*,#842,.F.);
#547=ORIENTED_EDGE('',*,*,#813,.F.);
#548=ORIENTED_EDGE('',*,*,#839,.T.);
#549=ORIENTED_EDGE('',*,*,#814,.F.);
#550=ORIENTED_EDGE('',*,*,#843,.F.);
#551=ORIENTED_EDGE('',*,*,#816,.F.);
#552=ORIENTED_EDGE('',*,*,#840,.T.);
#553=ORIENTED_EDGE('',*,*,#818,.F.);
#554=ORIENTED_EDGE('',*,*,#844,.F.);
#555=ORIENTED_EDGE('',*,*,#808,.F.);
#556=ORIENTED_EDGE('',*,*,#841,.T.);
#557=ORIENTED_EDGE('',*,*,#809,.F.);
#558=ORIENTED_EDGE('',*,*,#845,.F.);
#559=ORIENTED_EDGE('',*,*,#769,.F.);
#560=ORIENTED_EDGE('',*,*,#842,.T.);
#561=ORIENTED_EDGE('',*,*,#772,.F.);
#562=ORIENTED_EDGE('',*,*,#846,.F.);
#563=ORIENTED_EDGE('',*,*,#843,.T.);
#564=ORIENTED_EDGE('',*,*,#845,.T.);
#565=ORIENTED_EDGE('',*,*,#844,.T.);
#566=ORIENTED_EDGE('',*,*,#847,.F.);
#567=ORIENTED_EDGE('',*,*,#770,.F.);
#568=ORIENTED_EDGE('',*,*,#846,.T.);
#569=ORIENTED_EDGE('',*,*,#771,.F.);
#570=ORIENTED_EDGE('',*,*,#847,.T.);
#571=ORIENTED_EDGE('',*,*,#817,.F.);
#572=ORIENTED_EDGE('',*,*,#848,.F.);
#573=ORIENTED_EDGE('',*,*,#790,.F.);
#574=ORIENTED_EDGE('',*,*,#849,.F.);
#575=ORIENTED_EDGE('',*,*,#802,.F.);
#576=ORIENTED_EDGE('',*,*,#850,.F.);
#577=ORIENTED_EDGE('',*,*,#848,.T.);
#578=ORIENTED_EDGE('',*,*,#851,.F.);
#579=ORIENTED_EDGE('',*,*,#852,.F.);
#580=ORIENTED_EDGE('',*,*,#849,.T.);
#581=ORIENTED_EDGE('',*,*,#853,.F.);
#582=ORIENTED_EDGE('',*,*,#851,.T.);
#583=ORIENTED_EDGE('',*,*,#801,.F.);
#584=ORIENTED_EDGE('',*,*,#854,.F.);
#585=ORIENTED_EDGE('',*,*,#782,.F.);
#586=ORIENTED_EDGE('',*,*,#850,.T.);
#587=ORIENTED_EDGE('',*,*,#785,.F.);
#588=ORIENTED_EDGE('',*,*,#855,.F.);
#589=ORIENTED_EDGE('',*,*,#787,.F.);
#590=ORIENTED_EDGE('',*,*,#856,.F.);
#591=ORIENTED_EDGE('',*,*,#788,.F.);
#592=ORIENTED_EDGE('',*,*,#857,.F.);
#593=ORIENTED_EDGE('',*,*,#798,.F.);
#594=ORIENTED_EDGE('',*,*,#853,.T.);
#595=ORIENTED_EDGE('',*,*,#789,.F.);
#596=ORIENTED_EDGE('',*,*,#858,.F.);
#597=ORIENTED_EDGE('',*,*,#794,.F.);
#598=ORIENTED_EDGE('',*,*,#852,.T.);
#599=ORIENTED_EDGE('',*,*,#793,.F.);
#600=ORIENTED_EDGE('',*,*,#859,.F.);
#601=ORIENTED_EDGE('',*,*,#799,.F.);
#602=ORIENTED_EDGE('',*,*,#860,.F.);
#603=ORIENTED_EDGE('',*,*,#751,.F.);
#604=ORIENTED_EDGE('',*,*,#861,.F.);
#605=ORIENTED_EDGE('',*,*,#800,.F.);
#606=ORIENTED_EDGE('',*,*,#861,.T.);
#607=ORIENTED_EDGE('',*,*,#767,.F.);
#608=ORIENTED_EDGE('',*,*,#862,.F.);
#609=ORIENTED_EDGE('',*,*,#854,.T.);
#610=ORIENTED_EDGE('',*,*,#857,.T.);
#611=ORIENTED_EDGE('',*,*,#855,.T.);
#612=ORIENTED_EDGE('',*,*,#863,.F.);
#613=ORIENTED_EDGE('',*,*,#858,.T.);
#614=ORIENTED_EDGE('',*,*,#856,.T.);
#615=ORIENTED_EDGE('',*,*,#864,.F.);
#616=ORIENTED_EDGE('',*,*,#860,.T.);
#617=ORIENTED_EDGE('',*,*,#859,.T.);
#618=ORIENTED_EDGE('',*,*,#865,.F.);
#619=ORIENTED_EDGE('',*,*,#761,.F.);
#620=ORIENTED_EDGE('',*,*,#862,.T.);
#621=ORIENTED_EDGE('',*,*,#766,.F.);
#622=ORIENTED_EDGE('',*,*,#866,.F.);
#623=ORIENTED_EDGE('',*,*,#783,.F.);
#624=ORIENTED_EDGE('',*,*,#863,.T.);
#625=ORIENTED_EDGE('',*,*,#784,.F.);
#626=ORIENTED_EDGE('',*,*,#867,.F.);
#627=ORIENTED_EDGE('',*,*,#795,.F.);
#628=ORIENTED_EDGE('',*,*,#864,.T.);
#629=ORIENTED_EDGE('',*,*,#797,.F.);
#630=ORIENTED_EDGE('',*,*,#868,.F.);
#631=ORIENTED_EDGE('',*,*,#791,.F.);
#632=ORIENTED_EDGE('',*,*,#865,.T.);
#633=ORIENTED_EDGE('',*,*,#792,.F.);
#634=ORIENTED_EDGE('',*,*,#869,.F.);
#635=ORIENTED_EDGE('',*,*,#762,.F.);
#636=ORIENTED_EDGE('',*,*,#866,.T.);
#637=ORIENTED_EDGE('',*,*,#765,.F.);
#638=ORIENTED_EDGE('',*,*,#870,.F.);
#639=ORIENTED_EDGE('',*,*,#867,.T.);
#640=ORIENTED_EDGE('',*,*,#869,.T.);
#641=ORIENTED_EDGE('',*,*,#868,.T.);
#642=ORIENTED_EDGE('',*,*,#871,.F.);
#643=ORIENTED_EDGE('',*,*,#763,.F.);
#644=ORIENTED_EDGE('',*,*,#870,.T.);
#645=ORIENTED_EDGE('',*,*,#764,.F.);
#646=ORIENTED_EDGE('',*,*,#871,.T.);
#647=ORIENTED_EDGE('',*,*,#796,.F.);
#648=ORIENTED_EDGE('',*,*,#872,.T.);
#649=ORIENTED_EDGE('',*,*,#703,.T.);
#650=ORIENTED_EDGE('',*,*,#803,.F.);
#651=ORIENTED_EDGE('',*,*,#873,.F.);
#652=ORIENTED_EDGE('',*,*,#872,.F.);
#653=ORIENTED_EDGE('',*,*,#873,.T.);
#654=ORIENTED_EDGE('',*,*,#874,.T.);
#655=ORIENTED_EDGE('',*,*,#704,.T.);
#656=ORIENTED_EDGE('',*,*,#786,.F.);
#657=ORIENTED_EDGE('',*,*,#875,.F.);
#658=ORIENTED_EDGE('',*,*,#874,.F.);
#659=ORIENTED_EDGE('',*,*,#875,.T.);
#660=ORIENTED_EDGE('',*,*,#685,.F.);
#661=ORIENTED_EDGE('',*,*,#757,.F.);
#662=ORIENTED_EDGE('',*,*,#876,.T.);
#663=ORIENTED_EDGE('',*,*,#688,.T.);
#664=ORIENTED_EDGE('',*,*,#877,.T.);
#665=ORIENTED_EDGE('',*,*,#689,.T.);
#666=ORIENTED_EDGE('',*,*,#876,.F.);
#667=ORIENTED_EDGE('',*,*,#756,.F.);
#668=ORIENTED_EDGE('',*,*,#776,.T.);
#669=ORIENTED_EDGE('',*,*,#777,.F.);
#670=ORIENTED_EDGE('',*,*,#694,.T.);
#671=ORIENTED_EDGE('',*,*,#877,.F.);
#672=ORIENTED_EDGE('',*,*,#878,.F.);
#673=ORIENTED_EDGE('',*,*,#778,.F.);
#674=ORIENTED_EDGE('',*,*,#759,.T.);
#675=ORIENTED_EDGE('',*,*,#879,.T.);
#676=ORIENTED_EDGE('',*,*,#780,.F.);
#677=ORIENTED_EDGE('',*,*,#758,.T.);
#678=ORIENTED_EDGE('',*,*,#739,.T.);
#679=ORIENTED_EDGE('',*,*,#781,.F.);
#680=ORIENTED_EDGE('',*,*,#879,.F.);
#681=ORIENTED_EDGE('',*,*,#878,.T.);
#682=ORIENTED_EDGE('',*,*,#698,.T.);
#683=ORIENTED_EDGE('',*,*,#779,.T.);
#684=EDGE_CURVE('',#880,#881,#996,.T.);
#685=EDGE_CURVE('',#880,#882,#88,.T.);
#686=EDGE_CURVE('',#882,#883,#997,.T.);
#687=EDGE_CURVE('',#881,#883,#89,.T.);
#688=EDGE_CURVE('',#884,#882,#90,.T.);
#689=EDGE_CURVE('',#885,#884,#91,.T.);
#690=EDGE_CURVE('',#885,#886,#998,.T.);
#691=EDGE_CURVE('',#883,#886,#92,.T.);
#692=EDGE_CURVE('',#887,#888,#999,.T.);
#693=EDGE_CURVE('',#886,#887,#1000,.T.);
#694=EDGE_CURVE('',#889,#885,#1001,.T.);
#695=EDGE_CURVE('',#889,#890,#93,.T.);
#696=EDGE_CURVE('',#890,#891,#1002,.T.);
#697=EDGE_CURVE('',#892,#891,#94,.T.);
#698=EDGE_CURVE('',#893,#892,#1003,.T.);
#699=EDGE_CURVE('',#894,#893,#1004,.T.);
#700=EDGE_CURVE('',#895,#894,#1005,.T.);
#701=EDGE_CURVE('',#896,#895,#1006,.T.);
#702=EDGE_CURVE('',#888,#896,#1007,.T.);
#703=EDGE_CURVE('',#897,#897,#32,.T.);
#704=EDGE_CURVE('',#898,#898,#33,.T.);
#705=EDGE_CURVE('',#886,#899,#95,.T.);
#706=EDGE_CURVE('',#900,#899,#96,.T.);
#707=EDGE_CURVE('',#881,#900,#97,.T.);
#708=EDGE_CURVE('',#887,#901,#98,.T.);
#709=EDGE_CURVE('',#902,#887,#99,.T.);
#710=EDGE_CURVE('',#903,#902,#100,.T.);
#711=EDGE_CURVE('',#903,#904,#101,.T.);
#712=EDGE_CURVE('',#904,#901,#102,.T.);
#713=EDGE_CURVE('',#905,#888,#103,.T.);
#714=EDGE_CURVE('',#888,#906,#104,.T.);
#715=EDGE_CURVE('',#907,#906,#105,.T.);
#716=EDGE_CURVE('',#908,#907,#106,.T.);
#717=EDGE_CURVE('',#908,#905,#107,.T.);
#718=EDGE_CURVE('',#896,#909,#108,.T.);
#719=EDGE_CURVE('',#910,#896,#109,.T.);
#720=EDGE_CURVE('',#911,#910,#110,.T.);
#721=EDGE_CURVE('',#911,#912,#111,.T.);
#722=EDGE_CURVE('',#912,#909,#112,.T.);
#723=EDGE_CURVE('',#913,#895,#113,.T.);
#724=EDGE_CURVE('',#895,#914,#114,.T.);
#725=EDGE_CURVE('',#915,#914,#115,.T.);
#726=EDGE_CURVE('',#916,#915,#116,.T.);
#727=EDGE_CURVE('',#916,#913,#117,.T.);
#728=EDGE_CURVE('',#894,#917,#118,.T.);
#729=EDGE_CURVE('',#918,#894,#119,.T.);
#730=EDGE_CURVE('',#919,#918,#120,.T.);
#731=EDGE_CURVE('',#919,#920,#121,.T.);
#732=EDGE_CURVE('',#920,#917,#122,.T.);
#733=EDGE_CURVE('',#899,#901,#123,.T.);
#734=EDGE_CURVE('',#900,#904,#124,.T.);
#735=EDGE_CURVE('',#906,#909,#125,.T.);
#736=EDGE_CURVE('',#907,#912,#126,.T.);
#737=EDGE_CURVE('',#914,#917,#127,.T.);
#738=EDGE_CURVE('',#915,#920,#128,.T.);
#739=EDGE_CURVE('',#921,#922,#129,.T.);
#740=EDGE_CURVE('',#919,#921,#1008,.T.);
#741=EDGE_CURVE('',#918,#922,#1009,.T.);
#742=EDGE_CURVE('',#910,#913,#1010,.T.);
#743=EDGE_CURVE('',#911,#916,#1011,.T.);
#744=EDGE_CURVE('',#902,#905,#1012,.T.);
#745=EDGE_CURVE('',#903,#908,#1013,.T.);
#746=EDGE_CURVE('',#891,#923,#130,.T.);
#747=EDGE_CURVE('',#890,#924,#131,.T.);
#748=EDGE_CURVE('',#924,#925,#1014,.T.);
#749=EDGE_CURVE('',#925,#926,#1015,.T.);
#750=EDGE_CURVE('',#926,#927,#1016,.T.);
#751=EDGE_CURVE('',#927,#928,#1017,.T.);
#752=EDGE_CURVE('',#928,#923,#1018,.T.);
#753=EDGE_CURVE('',#929,#930,#132,.T.);
#754=EDGE_CURVE('',#931,#929,#1019,.T.);
#755=EDGE_CURVE('',#931,#932,#133,.T.);
#756=EDGE_CURVE('',#932,#933,#134,.T.);
#757=EDGE_CURVE('',#933,#880,#135,.T.);
#758=EDGE_CURVE('',#934,#921,#136,.T.);
#759=EDGE_CURVE('',#930,#934,#137,.T.);
#760=EDGE_CURVE('',#923,#929,#138,.T.);
#761=EDGE_CURVE('',#928,#935,#34,.F.);
#762=EDGE_CURVE('',#935,#936,#139,.F.);
#763=EDGE_CURVE('',#936,#937,#35,.F.);
#764=EDGE_CURVE('',#937,#938,#1020,.F.);
#765=EDGE_CURVE('',#938,#939,#36,.F.);
#766=EDGE_CURVE('',#939,#940,#140,.T.);
#767=EDGE_CURVE('',#940,#927,#37,.F.);
#768=EDGE_CURVE('',#926,#941,#38,.F.);
#769=EDGE_CURVE('',#941,#942,#141,.F.);
#770=EDGE_CURVE('',#942,#943,#39,.F.);
#771=EDGE_CURVE('',#943,#944,#1021,.F.);
#772=EDGE_CURVE('',#944,#945,#40,.F.);
#773=EDGE_CURVE('',#945,#946,#142,.T.);
#774=EDGE_CURVE('',#946,#925,#41,.F.);
#775=EDGE_CURVE('',#924,#931,#143,.T.);
#776=EDGE_CURVE('',#932,#947,#144,.T.);
#777=EDGE_CURVE('',#889,#947,#145,.T.);
#778=EDGE_CURVE('',#930,#948,#146,.T.);
#779=EDGE_CURVE('',#892,#948,#147,.T.);
#780=EDGE_CURVE('',#893,#949,#148,.T.);
#781=EDGE_CURVE('',#949,#922,#149,.T.);
#782=EDGE_CURVE('',#950,#951,#150,.T.);
#783=EDGE_CURVE('',#951,#952,#151,.F.);
#784=EDGE_CURVE('',#952,#953,#152,.F.);
#785=EDGE_CURVE('',#953,#950,#153,.T.);
#786=EDGE_CURVE('',#954,#954,#1022,.F.);
#787=EDGE_CURVE('',#955,#956,#154,.F.);
#788=EDGE_CURVE('',#956,#957,#155,.T.);
#789=EDGE_CURVE('',#957,#958,#156,.T.);
#790=EDGE_CURVE('',#958,#955,#157,.F.);
#791=EDGE_CURVE('',#959,#960,#158,.T.);
#792=EDGE_CURVE('',#960,#961,#159,.F.);
#793=EDGE_CURVE('',#961,#962,#160,.F.);
#794=EDGE_CURVE('',#962,#959,#161,.F.);
#795=EDGE_CURVE('',#963,#964,#162,.T.);
#796=EDGE_CURVE('',#964,#965,#1023,.T.);
#797=EDGE_CURVE('',#965,#966,#163,.F.);
#798=EDGE_CURVE('',#966,#963,#164,.F.);
#799=EDGE_CURVE('',#967,#968,#165,.T.);
#800=EDGE_CURVE('',#968,#969,#1024,.F.);
#801=EDGE_CURVE('',#969,#970,#166,.F.);
#802=EDGE_CURVE('',#970,#967,#167,.T.);
#803=EDGE_CURVE('',#971,#971,#1025,.F.);
#804=EDGE_CURVE('',#972,#973,#168,.T.);
#805=EDGE_CURVE('',#973,#974,#169,.T.);
#806=EDGE_CURVE('',#974,#975,#170,.F.);
#807=EDGE_CURVE('',#975,#972,#171,.F.);
#808=EDGE_CURVE('',#976,#977,#172,.T.);
#809=EDGE_CURVE('',#977,#978,#173,.F.);
#810=EDGE_CURVE('',#978,#979,#174,.F.);
#811=EDGE_CURVE('',#979,#976,#175,.F.);
#812=EDGE_CURVE('',#980,#981,#176,.T.);
#813=EDGE_CURVE('',#981,#982,#177,.F.);
#814=EDGE_CURVE('',#982,#983,#178,.F.);
#815=EDGE_CURVE('',#983,#980,#179,.T.);
#816=EDGE_CURVE('',#984,#985,#180,.T.);
#817=EDGE_CURVE('',#985,#986,#1026,.T.);
#818=EDGE_CURVE('',#986,#987,#181,.F.);
#819=EDGE_CURVE('',#987,#984,#182,.F.);
#820=EDGE_CURVE('',#988,#989,#183,.T.);
#821=EDGE_CURVE('',#989,#990,#1027,.F.);
#822=EDGE_CURVE('',#990,#991,#184,.F.);
#823=EDGE_CURVE('',#991,#988,#185,.T.);
#824=EDGE_CURVE('',#975,#991,#1028,.T.);
#825=EDGE_CURVE('',#988,#974,#1029,.T.);
#826=EDGE_CURVE('',#975,#980,#1030,.F.);
#827=EDGE_CURVE('',#980,#991,#1031,.F.);
#828=EDGE_CURVE('',#988,#979,#1032,.F.);
#829=EDGE_CURVE('',#979,#974,#1033,.F.);
#830=EDGE_CURVE('',#981,#990,#42,.T.);
#831=EDGE_CURVE('',#972,#983,#1034,.T.);
#832=EDGE_CURVE('',#973,#987,#1035,.T.);
#833=EDGE_CURVE('',#984,#972,#1036,.T.);
#834=EDGE_CURVE('',#976,#973,#1037,.T.);
#835=EDGE_CURVE('',#989,#978,#43,.T.);
#836=EDGE_CURVE('',#926,#989,#1038,.T.);
#837=EDGE_CURVE('',#990,#925,#1039,.T.);
#838=EDGE_CURVE('',#981,#946,#1040,.F.);
#839=EDGE_CURVE('',#984,#983,#1041,.F.);
#840=EDGE_CURVE('',#976,#987,#1042,.F.);
#841=EDGE_CURVE('',#941,#978,#1043,.F.);
#842=EDGE_CURVE('',#982,#945,#1044,.T.);
#843=EDGE_CURVE('',#985,#982,#44,.T.);
#844=EDGE_CURVE('',#977,#986,#45,.T.);
#845=EDGE_CURVE('',#942,#977,#1045,.T.);
#846=EDGE_CURVE('',#985,#944,#1046,.F.);
#847=EDGE_CURVE('',#943,#986,#1047,.F.);
#848=EDGE_CURVE('',#955,#970,#1048,.T.);
#849=EDGE_CURVE('',#967,#958,#1049,.T.);
#850=EDGE_CURVE('',#955,#950,#1050,.F.);
#851=EDGE_CURVE('',#950,#970,#1051,.F.);
#852=EDGE_CURVE('',#967,#962,#1052,.F.);
#853=EDGE_CURVE('',#962,#958,#1053,.F.);
#854=EDGE_CURVE('',#951,#969,#46,.T.);
#855=EDGE_CURVE('',#956,#953,#1054,.T.);
#856=EDGE_CURVE('',#957,#966,#1055,.T.);
#857=EDGE_CURVE('',#963,#956,#1056,.T.);
#858=EDGE_CURVE('',#959,#957,#1057,.T.);
#859=EDGE_CURVE('',#968,#961,#47,.T.);
#860=EDGE_CURVE('',#928,#968,#1058,.T.);
#861=EDGE_CURVE('',#969,#927,#1059,.T.);
#862=EDGE_CURVE('',#951,#940,#1060,.F.);
#863=EDGE_CURVE('',#963,#953,#1061,.F.);
#864=EDGE_CURVE('',#959,#966,#1062,.F.);
#865=EDGE_CURVE('',#935,#961,#1063,.F.);
#866=EDGE_CURVE('',#952,#939,#1064,.T.);
#867=EDGE_CURVE('',#964,#952,#48,.T.);
#868=EDGE_CURVE('',#960,#965,#49,.T.);
#869=EDGE_CURVE('',#936,#960,#1065,.T.);
#870=EDGE_CURVE('',#964,#938,#1066,.F.);
#871=EDGE_CURVE('',#937,#965,#1067,.F.);
#872=EDGE_CURVE('',#992,#992,#1068,.T.);
#873=EDGE_CURVE('',#993,#993,#1069,.T.);
#874=EDGE_CURVE('',#994,#994,#1070,.T.);
#875=EDGE_CURVE('',#995,#995,#1071,.T.);
#876=EDGE_CURVE('',#933,#884,#186,.T.);
#877=EDGE_CURVE('',#947,#885,#187,.T.);
#878=EDGE_CURVE('',#948,#893,#188,.T.);
#879=EDGE_CURVE('',#934,#949,#189,.T.);
#880=VERTEX_POINT('',#1974);
#881=VERTEX_POINT('',#1975);
#882=VERTEX_POINT('',#1977);
#883=VERTEX_POINT('',#1979);
#884=VERTEX_POINT('',#1983);
#885=VERTEX_POINT('',#1985);
#886=VERTEX_POINT('',#1987);
#887=VERTEX_POINT('',#1991);
#888=VERTEX_POINT('',#1992);
#889=VERTEX_POINT('',#1995);
#890=VERTEX_POINT('',#1997);
#891=VERTEX_POINT('',#1999);
#892=VERTEX_POINT('',#2001);
#893=VERTEX_POINT('',#2003);
#894=VERTEX_POINT('',#2005);
#895=VERTEX_POINT('',#2007);
#896=VERTEX_POINT('',#2009);
#897=VERTEX_POINT('',#2022);
#898=VERTEX_POINT('',#2034);
#899=VERTEX_POINT('',#2037);
#900=VERTEX_POINT('',#2039);
#901=VERTEX_POINT('',#2043);
#902=VERTEX_POINT('',#2045);
#903=VERTEX_POINT('',#2047);
#904=VERTEX_POINT('',#2049);
#905=VERTEX_POINT('',#2053);
#906=VERTEX_POINT('',#2055);
#907=VERTEX_POINT('',#2057);
#908=VERTEX_POINT('',#2059);
#909=VERTEX_POINT('',#2063);
#910=VERTEX_POINT('',#2065);
#911=VERTEX_POINT('',#2067);
#912=VERTEX_POINT('',#2069);
#913=VERTEX_POINT('',#2073);
#914=VERTEX_POINT('',#2075);
#915=VERTEX_POINT('',#2077);
#916=VERTEX_POINT('',#2079);
#917=VERTEX_POINT('',#2083);
#918=VERTEX_POINT('',#2085);
#919=VERTEX_POINT('',#2087);
#920=VERTEX_POINT('',#2089);
#921=VERTEX_POINT('',#2102);
#922=VERTEX_POINT('',#2103);
#923=VERTEX_POINT('',#2114);
#924=VERTEX_POINT('',#2116);
#925=VERTEX_POINT('',#2118);
#926=VERTEX_POINT('',#2120);
#927=VERTEX_POINT('',#2122);
#928=VERTEX_POINT('',#2124);
#929=VERTEX_POINT('',#2128);
#930=VERTEX_POINT('',#2129);
#931=VERTEX_POINT('',#2131);
#932=VERTEX_POINT('',#2133);
#933=VERTEX_POINT('',#2135);
#934=VERTEX_POINT('',#2138);
#935=VERTEX_POINT('',#2151);
#936=VERTEX_POINT('',#2153);
#937=VERTEX_POINT('',#2162);
#938=VERTEX_POINT('',#2164);
#939=VERTEX_POINT('',#2174);
#940=VERTEX_POINT('',#2176);
#941=VERTEX_POINT('',#2194);
#942=VERTEX_POINT('',#2196);
#943=VERTEX_POINT('',#2205);
#944=VERTEX_POINT('',#2207);
#945=VERTEX_POINT('',#2217);
#946=VERTEX_POINT('',#2219);
#947=VERTEX_POINT('',#2231);
#948=VERTEX_POINT('',#2235);
#949=VERTEX_POINT('',#2239);
#950=VERTEX_POINT('',#2248);
#951=VERTEX_POINT('',#2249);
#952=VERTEX_POINT('',#2251);
#953=VERTEX_POINT('',#2253);
#954=VERTEX_POINT('',#2257);
#955=VERTEX_POINT('',#2259);
#956=VERTEX_POINT('',#2260);
#957=VERTEX_POINT('',#2262);
#958=VERTEX_POINT('',#2264);
#959=VERTEX_POINT('',#2268);
#960=VERTEX_POINT('',#2269);
#961=VERTEX_POINT('',#2271);
#962=VERTEX_POINT('',#2273);
#963=VERTEX_POINT('',#2277);
#964=VERTEX_POINT('',#2278);
#965=VERTEX_POINT('',#2280);
#966=VERTEX_POINT('',#2282);
#967=VERTEX_POINT('',#2286);
#968=VERTEX_POINT('',#2287);
#969=VERTEX_POINT('',#2289);
#970=VERTEX_POINT('',#2291);
#971=VERTEX_POINT('',#2295);
#972=VERTEX_POINT('',#2297);
#973=VERTEX_POINT('',#2298);
#974=VERTEX_POINT('',#2300);
#975=VERTEX_POINT('',#2302);
#976=VERTEX_POINT('',#2306);
#977=VERTEX_POINT('',#2307);
#978=VERTEX_POINT('',#2309);
#979=VERTEX_POINT('',#2311);
#980=VERTEX_POINT('',#2315);
#981=VERTEX_POINT('',#2316);
#982=VERTEX_POINT('',#2318);
#983=VERTEX_POINT('',#2320);
#984=VERTEX_POINT('',#2324);
#985=VERTEX_POINT('',#2325);
#986=VERTEX_POINT('',#2327);
#987=VERTEX_POINT('',#2329);
#988=VERTEX_POINT('',#2333);
#989=VERTEX_POINT('',#2334);
#990=VERTEX_POINT('',#2336);
#991=VERTEX_POINT('',#2338);
#992=VERTEX_POINT('',#2698);
#993=VERTEX_POINT('',#2701);
#994=VERTEX_POINT('',#2705);
#995=VERTEX_POINT('',#2708);
#996=CIRCLE('',#1400,0.0661);
#997=CIRCLE('',#1401,0.0661);
#998=CIRCLE('',#1403,0.0635);
#999=CIRCLE('',#1405,0.0635);
#1000=CIRCLE('',#1406,0.0635);
#1001=CIRCLE('',#1407,0.0635);
#1002=CIRCLE('',#1408,0.0635);
#1003=CIRCLE('',#1409,0.0635);
#1004=CIRCLE('',#1410,0.0635);
#1005=CIRCLE('',#1411,0.0635);
#1006=CIRCLE('',#1412,0.0635);
#1007=CIRCLE('',#1413,0.0635);
#1008=CIRCLE('',#1424,0.0661);
#1009=CIRCLE('',#1425,0.0661);
#1010=CIRCLE('',#1427,0.0661);
#1011=CIRCLE('',#1428,0.0661);
#1012=CIRCLE('',#1430,0.0661);
#1013=CIRCLE('',#1431,0.0661);
#1014=CIRCLE('',#1433,0.0675);
#1015=CIRCLE('',#1434,0.0675);
#1016=CIRCLE('',#1435,0.0675);
#1017=CIRCLE('',#1436,0.0675);
#1018=CIRCLE('',#1437,0.0675);
#1019=CIRCLE('',#1439,0.0675);
#1020=CIRCLE('',#1441,0.0675);
#1021=CIRCLE('',#1442,0.0675);
#1022=CIRCLE('',#1453,0.00285);
#1023=CIRCLE('',#1456,0.0695);
#1024=CIRCLE('',#1458,0.0695);
#1025=CIRCLE('',#1460,0.00285);
#1026=CIRCLE('',#1464,0.0695);
#1027=CIRCLE('',#1466,0.0695);
#1028=CIRCLE('',#1468,0.002);
#1029=CIRCLE('',#1469,0.002);
#1030=CIRCLE('',#1471,0.002);
#1031=CIRCLE('',#1472,0.002);
#1032=CIRCLE('',#1474,0.002);
#1033=CIRCLE('',#1475,0.002);
#1034=CIRCLE('',#1478,0.002);
#1035=CIRCLE('',#1480,0.002);
#1036=CIRCLE('',#1481,0.002);
#1037=CIRCLE('',#1483,0.002);
#1038=CIRCLE('',#1486,0.002);
#1039=CIRCLE('',#1487,0.002);
#1040=CIRCLE('',#1488,0.002);
#1041=CIRCLE('',#1490,0.002);
#1042=CIRCLE('',#1492,0.002);
#1043=CIRCLE('',#1493,0.002);
#1044=CIRCLE('',#1495,0.002);
#1045=CIRCLE('',#1499,0.002);
#1046=CIRCLE('',#1500,0.002);
#1047=CIRCLE('',#1501,0.002);
#1048=CIRCLE('',#1504,0.002);
#1049=CIRCLE('',#1505,0.002);
#1050=CIRCLE('',#1507,0.002);
#1051=CIRCLE('',#1508,0.002);
#1052=CIRCLE('',#1510,0.002);
#1053=CIRCLE('',#1511,0.002);
#1054=CIRCLE('',#1514,0.002);
#1055=CIRCLE('',#1516,0.002);
#1056=CIRCLE('',#1517,0.002);
#1057=CIRCLE('',#1519,0.002);
#1058=CIRCLE('',#1522,0.002);
#1059=CIRCLE('',#1523,0.002);
#1060=CIRCLE('',#1524,0.002);
#1061=CIRCLE('',#1526,0.002);
#1062=CIRCLE('',#1528,0.002);
#1063=CIRCLE('',#1529,0.002);
#1064=CIRCLE('',#1531,0.002);
#1065=CIRCLE('',#1535,0.002);
#1066=CIRCLE('',#1536,0.002);
#1067=CIRCLE('',#1537,0.002);
#1068=CIRCLE('',#1540,0.00125);
#1069=CIRCLE('',#1542,0.00285);
#1070=CIRCLE('',#1545,0.00125);
#1071=CIRCLE('',#1547,0.00285);
#1072=EDGE_LOOP('',(#292,#293,#294,#295));
#1073=EDGE_LOOP('',(#296,#297,#298,#299,#300));
#1074=EDGE_LOOP('',(#301,#302,#303,#304,#305,#306,#307,#308,#309,#310,#311,
#312));
#1075=EDGE_LOOP('',(#313));
#1076=EDGE_LOOP('',(#314));
#1077=EDGE_LOOP('',(#315,#316,#317,#318,#319));
#1078=EDGE_LOOP('',(#320,#321,#322,#323,#324));
#1079=EDGE_LOOP('',(#325,#326,#327,#328,#329));
#1080=EDGE_LOOP('',(#330,#331,#332,#333,#334));
#1081=EDGE_LOOP('',(#335,#336,#337,#338,#339));
#1082=EDGE_LOOP('',(#340,#341,#342,#343,#344));
#1083=EDGE_LOOP('',(#345,#346,#347,#348));
#1084=EDGE_LOOP('',(#349,#350,#351,#352));
#1085=EDGE_LOOP('',(#353,#354,#355,#356));
#1086=EDGE_LOOP('',(#357,#358,#359,#360));
#1087=EDGE_LOOP('',(#361,#362,#363,#364));
#1088=EDGE_LOOP('',(#365,#366,#367,#368));
#1089=EDGE_LOOP('',(#369,#370,#371,#372,#373,#374,#375,#376));
#1090=EDGE_LOOP('',(#377,#378,#379,#380,#381,#382,#383,#384,#385,#386,#387,
#388,#389,#390,#391,#392,#393,#394,#395,#396));
#1091=EDGE_LOOP('',(#397,#398,#399,#400,#401,#402,#403,#404,#405,#406,#407,
#408,#409,#410,#411,#412,#413,#414,#415,#416));
#1092=EDGE_LOOP('',(#417,#418,#419,#420,#421,#422));
#1093=EDGE_LOOP('',(#423,#424,#425,#426,#427,#428));
#1094=EDGE_LOOP('',(#429,#430,#431,#432,#433));
#1095=EDGE_LOOP('',(#434,#435,#436,#437));
#1096=EDGE_LOOP('',(#438,#439,#440,#441));
#1097=EDGE_LOOP('',(#442,#443,#444,#445));
#1098=EDGE_LOOP('',(#446,#447,#448,#449));
#1099=EDGE_LOOP('',(#450,#451,#452,#453));
#1100=EDGE_LOOP('',(#454,#455,#456,#457));
#1101=EDGE_LOOP('',(#458));
#1102=EDGE_LOOP('',(#459,#460,#461,#462));
#1103=EDGE_LOOP('',(#463,#464,#465,#466));
#1104=EDGE_LOOP('',(#467,#468,#469,#470));
#1105=EDGE_LOOP('',(#471,#472,#473,#474));
#1106=EDGE_LOOP('',(#475));
#1107=EDGE_LOOP('',(#476,#477,#478,#479));
#1108=EDGE_LOOP('',(#480,#481,#482,#483));
#1109=EDGE_LOOP('',(#484,#485,#486,#487));
#1110=EDGE_LOOP('',(#488,#489,#490,#491));
#1111=EDGE_LOOP('',(#492,#493,#494,#495));
#1112=EDGE_LOOP('',(#496,#497,#498,#499));
#1113=EDGE_LOOP('',(#500,#501,#502));
#1114=EDGE_LOOP('',(#503,#504,#505));
#1115=EDGE_LOOP('',(#506,#507,#508,#509));
#1116=EDGE_LOOP('',(#510,#511,#512,#513));
#1117=EDGE_LOOP('',(#514,#515,#516,#517));
#1118=EDGE_LOOP('',(#518,#519,#520,#521));
#1119=EDGE_LOOP('',(#522,#523,#524,#525));
#1120=EDGE_LOOP('',(#526,#527,#528,#529));
#1121=EDGE_LOOP('',(#530,#531,#532,#533));
#1122=EDGE_LOOP('',(#534,#535,#536));
#1123=EDGE_LOOP('',(#537,#538,#539));
#1124=EDGE_LOOP('',(#540,#541,#542,#543));
#1125=EDGE_LOOP('',(#544,#545,#546,#547));
#1126=EDGE_LOOP('',(#548,#549,#550,#551));
#1127=EDGE_LOOP('',(#552,#553,#554,#555));
#1128=EDGE_LOOP('',(#556,#557,#558,#559));
#1129=EDGE_LOOP('',(#560,#561,#562,#563));
#1130=EDGE_LOOP('',(#564,#565,#566,#567));
#1131=EDGE_LOOP('',(#568,#569,#570,#571));
#1132=EDGE_LOOP('',(#572,#573,#574,#575));
#1133=EDGE_LOOP('',(#576,#577,#578));
#1134=EDGE_LOOP('',(#579,#580,#581));
#1135=EDGE_LOOP('',(#582,#583,#584,#585));
#1136=EDGE_LOOP('',(#586,#587,#588,#589));
#1137=EDGE_LOOP('',(#590,#591,#592,#593));
#1138=EDGE_LOOP('',(#594,#595,#596,#597));
#1139=EDGE_LOOP('',(#598,#599,#600,#601));
#1140=EDGE_LOOP('',(#602,#603,#604,#605));
#1141=EDGE_LOOP('',(#606,#607,#608,#609));
#1142=EDGE_LOOP('',(#610,#611,#612));
#1143=EDGE_LOOP('',(#613,#614,#615));
#1144=EDGE_LOOP('',(#616,#617,#618,#619));
#1145=EDGE_LOOP('',(#620,#621,#622,#623));
#1146=EDGE_LOOP('',(#624,#625,#626,#627));
#1147=EDGE_LOOP('',(#628,#629,#630,#631));
#1148=EDGE_LOOP('',(#632,#633,#634,#635));
#1149=EDGE_LOOP('',(#636,#637,#638,#639));
#1150=EDGE_LOOP('',(#640,#641,#642,#643));
#1151=EDGE_LOOP('',(#644,#645,#646,#647));
#1152=EDGE_LOOP('',(#648));
#1153=EDGE_LOOP('',(#649));
#1154=EDGE_LOOP('',(#650));
#1155=EDGE_LOOP('',(#651));
#1156=EDGE_LOOP('',(#652));
#1157=EDGE_LOOP('',(#653));
#1158=EDGE_LOOP('',(#654));
#1159=EDGE_LOOP('',(#655));
#1160=EDGE_LOOP('',(#656));
#1161=EDGE_LOOP('',(#657));
#1162=EDGE_LOOP('',(#658));
#1163=EDGE_LOOP('',(#659));
#1164=EDGE_LOOP('',(#660,#661,#662,#663));
#1165=EDGE_LOOP('',(#664,#665,#666,#667,#668));
#1166=EDGE_LOOP('',(#669,#670,#671));
#1167=EDGE_LOOP('',(#672,#673,#674,#675,#676));
#1168=EDGE_LOOP('',(#677,#678,#679,#680));
#1169=EDGE_LOOP('',(#681,#682,#683));
#1170=FACE_BOUND('',#1072,.T.);
#1171=FACE_BOUND('',#1073,.T.);
#1172=FACE_BOUND('',#1074,.T.);
#1173=FACE_BOUND('',#1075,.T.);
#1174=FACE_BOUND('',#1076,.T.);
#1175=FACE_BOUND('',#1077,.T.);
#1176=FACE_BOUND('',#1078,.T.);
#1177=FACE_BOUND('',#1079,.T.);
#1178=FACE_BOUND('',#1080,.T.);
#1179=FACE_BOUND('',#1081,.T.);
#1180=FACE_BOUND('',#1082,.T.);
#1181=FACE_BOUND('',#1083,.T.);
#1182=FACE_BOUND('',#1084,.T.);
#1183=FACE_BOUND('',#1085,.T.);
#1184=FACE_BOUND('',#1086,.T.);
#1185=FACE_BOUND('',#1087,.T.);
#1186=FACE_BOUND('',#1088,.T.);
#1187=FACE_BOUND('',#1089,.T.);
#1188=FACE_BOUND('',#1090,.T.);
#1189=FACE_BOUND('',#1091,.T.);
#1190=FACE_BOUND('',#1092,.T.);
#1191=FACE_BOUND('',#1093,.T.);
#1192=FACE_BOUND('',#1094,.T.);
#1193=FACE_BOUND('',#1095,.T.);
#1194=FACE_BOUND('',#1096,.T.);
#1195=FACE_BOUND('',#1097,.T.);
#1196=FACE_BOUND('',#1098,.T.);
#1197=FACE_BOUND('',#1099,.T.);
#1198=FACE_BOUND('',#1100,.T.);
#1199=FACE_BOUND('',#1101,.T.);
#1200=FACE_BOUND('',#1102,.T.);
#1201=FACE_BOUND('',#1103,.T.);
#1202=FACE_BOUND('',#1104,.T.);
#1203=FACE_BOUND('',#1105,.T.);
#1204=FACE_BOUND('',#1106,.T.);
#1205=FACE_BOUND('',#1107,.T.);
#1206=FACE_BOUND('',#1108,.T.);
#1207=FACE_BOUND('',#1109,.T.);
#1208=FACE_BOUND('',#1110,.T.);
#1209=FACE_BOUND('',#1111,.T.);
#1210=FACE_BOUND('',#1112,.T.);
#1211=FACE_BOUND('',#1113,.T.);
#1212=FACE_BOUND('',#1114,.T.);
#1213=FACE_BOUND('',#1115,.T.);
#1214=FACE_BOUND('',#1116,.T.);
#1215=FACE_BOUND('',#1117,.T.);
#1216=FACE_BOUND('',#1118,.T.);
#1217=FACE_BOUND('',#1119,.T.);
#1218=FACE_BOUND('',#1120,.T.);
#1219=FACE_BOUND('',#1121,.T.);
#1220=FACE_BOUND('',#1122,.T.);
#1221=FACE_BOUND('',#1123,.T.);
#1222=FACE_BOUND('',#1124,.T.);
#1223=FACE_BOUND('',#1125,.T.);
#1224=FACE_BOUND('',#1126,.T.);
#1225=FACE_BOUND('',#1127,.T.);
#1226=FACE_BOUND('',#1128,.T.);
#1227=FACE_BOUND('',#1129,.T.);
#1228=FACE_BOUND('',#1130,.T.);
#1229=FACE_BOUND('',#1131,.T.);
#1230=FACE_BOUND('',#1132,.T.);
#1231=FACE_BOUND('',#1133,.T.);
#1232=FACE_BOUND('',#1134,.T.);
#1233=FACE_BOUND('',#1135,.T.);
#1234=FACE_BOUND('',#1136,.T.);
#1235=FACE_BOUND('',#1137,.T.);
#1236=FACE_BOUND('',#1138,.T.);
#1237=FACE_BOUND('',#1139,.T.);
#1238=FACE_BOUND('',#1140,.T.);
#1239=FACE_BOUND('',#1141,.T.);
#1240=FACE_BOUND('',#1142,.T.);
#1241=FACE_BOUND('',#1143,.T.);
#1242=FACE_BOUND('',#1144,.T.);
#1243=FACE_BOUND('',#1145,.T.);
#1244=FACE_BOUND('',#1146,.T.);
#1245=FACE_BOUND('',#1147,.T.);
#1246=FACE_BOUND('',#1148,.T.);
#1247=FACE_BOUND('',#1149,.T.);
#1248=FACE_BOUND('',#1150,.T.);
#1249=FACE_BOUND('',#1151,.T.);
#1250=FACE_BOUND('',#1152,.T.);
#1251=FACE_BOUND('',#1153,.T.);
#1252=FACE_BOUND('',#1154,.T.);
#1253=FACE_BOUND('',#1155,.T.);
#1254=FACE_BOUND('',#1156,.T.);
#1255=FACE_BOUND('',#1157,.T.);
#1256=FACE_BOUND('',#1158,.T.);
#1257=FACE_BOUND('',#1159,.T.);
#1258=FACE_BOUND('',#1160,.T.);
#1259=FACE_BOUND('',#1161,.T.);
#1260=FACE_BOUND('',#1162,.T.);
#1261=FACE_BOUND('',#1163,.T.);
#1262=FACE_BOUND('',#1164,.T.);
#1263=FACE_BOUND('',#1165,.T.);
#1264=FACE_BOUND('',#1166,.T.);
#1265=FACE_BOUND('',#1167,.T.);
#1266=FACE_BOUND('',#1168,.T.);
#1267=FACE_BOUND('',#1169,.T.);
#1268=CYLINDRICAL_SURFACE('',#1399,0.0661);
#1269=CYLINDRICAL_SURFACE('',#1404,0.0635);
#1270=CYLINDRICAL_SURFACE('',#1423,0.0661);
#1271=CYLINDRICAL_SURFACE('',#1426,0.0661);
#1272=CYLINDRICAL_SURFACE('',#1429,0.0661);
#1273=CYLINDRICAL_SURFACE('',#1440,0.0675);
#1274=CYLINDRICAL_SURFACE('',#1467,0.002);
#1275=CYLINDRICAL_SURFACE('',#1476,0.002);
#1276=CYLINDRICAL_SURFACE('',#1477,0.002);
#1277=CYLINDRICAL_SURFACE('',#1479,0.002);
#1278=CYLINDRICAL_SURFACE('',#1482,0.002);
#1279=CYLINDRICAL_SURFACE('',#1484,0.002);
#1280=CYLINDRICAL_SURFACE('',#1494,0.002);
#1281=CYLINDRICAL_SURFACE('',#1496,0.002);
#1282=CYLINDRICAL_SURFACE('',#1497,0.002);
#1283=CYLINDRICAL_SURFACE('',#1498,0.002);
#1284=CYLINDRICAL_SURFACE('',#1503,0.002);
#1285=CYLINDRICAL_SURFACE('',#1512,0.002);
#1286=CYLINDRICAL_SURFACE('',#1513,0.002);
#1287=CYLINDRICAL_SURFACE('',#1515,0.002);
#1288=CYLINDRICAL_SURFACE('',#1518,0.002);
#1289=CYLINDRICAL_SURFACE('',#1520,0.002);
#1290=CYLINDRICAL_SURFACE('',#1530,0.002);
#1291=CYLINDRICAL_SURFACE('',#1532,0.002);
#1292=CYLINDRICAL_SURFACE('',#1533,0.002);
#1293=CYLINDRICAL_SURFACE('',#1534,0.002);
#1294=CYLINDRICAL_SURFACE('',#1539,0.00125);
#1295=CYLINDRICAL_SURFACE('',#1541,0.00285);
#1296=CYLINDRICAL_SURFACE('',#1544,0.00125);
#1297=CYLINDRICAL_SURFACE('',#1546,0.00285);
#1298=ADVANCED_FACE('',(#1170),#1268,.F.);
#1299=ADVANCED_FACE('',(#1171),#50,.F.);
#1300=ADVANCED_FACE('',(#1172,#1173,#1174),#1269,.F.);
#1301=ADVANCED_FACE('',(#1175),#51,.T.);
#1302=ADVANCED_FACE('',(#1176),#52,.F.);
#1303=ADVANCED_FACE('',(#1177),#53,.T.);
#1304=ADVANCED_FACE('',(#1178),#54,.F.);
#1305=ADVANCED_FACE('',(#1179),#55,.T.);
#1306=ADVANCED_FACE('',(#1180),#56,.F.);
#1307=ADVANCED_FACE('',(#1181),#57,.T.);
#1308=ADVANCED_FACE('',(#1182),#58,.T.);
#1309=ADVANCED_FACE('',(#1183),#59,.T.);
#1310=ADVANCED_FACE('',(#1184),#1270,.F.);
#1311=ADVANCED_FACE('',(#1185),#1271,.F.);
#1312=ADVANCED_FACE('',(#1186),#1272,.F.);
#1313=ADVANCED_FACE('',(#1187),#60,.T.);
#1314=ADVANCED_FACE('',(#1188),#61,.T.);
#1315=ADVANCED_FACE('',(#1189),#1273,.T.);
#1316=ADVANCED_FACE('',(#1190),#62,.T.);
#1317=ADVANCED_FACE('',(#1191),#63,.F.);
#1318=ADVANCED_FACE('',(#1192),#64,.F.);
#1319=ADVANCED_FACE('',(#1193),#65,.F.);
#1320=ADVANCED_FACE('',(#1194),#66,.F.);
#1321=ADVANCED_FACE('',(#1195),#67,.T.);
#1322=ADVANCED_FACE('',(#1196),#68,.T.);
#1323=ADVANCED_FACE('',(#1197),#69,.T.);
#1324=ADVANCED_FACE('',(#1198),#70,.F.);
#1325=ADVANCED_FACE('',(#1199,#1200),#71,.T.);
#1326=ADVANCED_FACE('',(#1201),#72,.T.);
#1327=ADVANCED_FACE('',(#1202),#73,.F.);
#1328=ADVANCED_FACE('',(#1203),#74,.T.);
#1329=ADVANCED_FACE('',(#1204,#1205),#75,.T.);
#1330=ADVANCED_FACE('',(#1206),#76,.T.);
#1331=ADVANCED_FACE('',(#1207),#77,.F.);
#1332=ADVANCED_FACE('',(#1208),#78,.F.);
#1333=ADVANCED_FACE('',(#1209),#79,.T.);
#1334=ADVANCED_FACE('',(#1210),#1274,.T.);
#1335=ADVANCED_FACE('',(#1211),#24,.T.);
#1336=ADVANCED_FACE('',(#1212),#25,.T.);
#1337=ADVANCED_FACE('',(#1213),#1275,.T.);
#1338=ADVANCED_FACE('',(#1214),#1276,.T.);
#1339=ADVANCED_FACE('',(#1215),#1277,.T.);
#1340=ADVANCED_FACE('',(#1216),#1278,.T.);
#1341=ADVANCED_FACE('',(#1217),#1279,.T.);
#1342=ADVANCED_FACE('',(#1218),#20,.F.);
#1343=ADVANCED_FACE('',(#1219),#12,.F.);
#1344=ADVANCED_FACE('',(#1220),#26,.T.);
#1345=ADVANCED_FACE('',(#1221),#27,.T.);
#1346=ADVANCED_FACE('',(#1222),#13,.F.);
#1347=ADVANCED_FACE('',(#1223),#1280,.F.);
#1348=ADVANCED_FACE('',(#1224),#1281,.T.);
#1349=ADVANCED_FACE('',(#1225),#1282,.T.);
#1350=ADVANCED_FACE('',(#1226),#1283,.F.);
#1351=ADVANCED_FACE('',(#1227),#14,.F.);
#1352=ADVANCED_FACE('',(#1228),#15,.F.);
#1353=ADVANCED_FACE('',(#1229),#21,.F.);
#1354=ADVANCED_FACE('',(#1230),#1284,.T.);
#1355=ADVANCED_FACE('',(#1231),#28,.T.);
#1356=ADVANCED_FACE('',(#1232),#29,.T.);
#1357=ADVANCED_FACE('',(#1233),#1285,.T.);
#1358=ADVANCED_FACE('',(#1234),#1286,.T.);
#1359=ADVANCED_FACE('',(#1235),#1287,.T.);
#1360=ADVANCED_FACE('',(#1236),#1288,.T.);
#1361=ADVANCED_FACE('',(#1237),#1289,.T.);
#1362=ADVANCED_FACE('',(#1238),#22,.F.);
#1363=ADVANCED_FACE('',(#1239),#16,.F.);
#1364=ADVANCED_FACE('',(#1240),#30,.T.);
#1365=ADVANCED_FACE('',(#1241),#31,.T.);
#1366=ADVANCED_FACE('',(#1242),#17,.F.);
#1367=ADVANCED_FACE('',(#1243),#1290,.F.);
#1368=ADVANCED_FACE('',(#1244),#1291,.T.);
#1369=ADVANCED_FACE('',(#1245),#1292,.T.);
#1370=ADVANCED_FACE('',(#1246),#1293,.F.);
#1371=ADVANCED_FACE('',(#1247),#18,.F.);
#1372=ADVANCED_FACE('',(#1248),#19,.F.);
#1373=ADVANCED_FACE('',(#1249),#23,.F.);
#1374=ADVANCED_FACE('',(#1250,#1251),#1294,.F.);
#1375=ADVANCED_FACE('',(#1252,#1253),#1295,.F.);
#1376=ADVANCED_FACE('',(#1254,#1255),#80,.T.);
#1377=ADVANCED_FACE('',(#1256,#1257),#1296,.F.);
#1378=ADVANCED_FACE('',(#1258,#1259),#1297,.F.);
#1379=ADVANCED_FACE('',(#1260,#1261),#81,.T.);
#1380=ADVANCED_FACE('',(#1262),#82,.F.);
#1381=ADVANCED_FACE('',(#1263),#83,.F.);
#1382=ADVANCED_FACE('',(#1264),#84,.T.);
#1383=ADVANCED_FACE('',(#1265),#85,.T.);
#1384=ADVANCED_FACE('',(#1266),#86,.T.);
#1385=ADVANCED_FACE('',(#1267),#87,.T.);
#1386=CLOSED_SHELL('',(#1298,#1299,#1300,#1301,#1302,#1303,#1304,#1305,
#1306,#1307,#1308,#1309,#1310,#1311,#1312,#1313,#1314,#1315,#1316,#1317,
#1318,#1319,#1320,#1321,#1322,#1323,#1324,#1325,#1326,#1327,#1328,#1329,
#1330,#1331,#1332,#1333,#1334,#1335,#1336,#1337,#1338,#1339,#1340,#1341,
#1342,#1343,#1344,#1345,#1346,#1347,#1348,#1349,#1350,#1351,#1352,#1353,
#1354,#1355,#1356,#1357,#1358,#1359,#1360,#1361,#1362,#1363,#1364,#1365,
#1366,#1367,#1368,#1369,#1370,#1371,#1372,#1373,#1374,#1375,#1376,#1377,
#1378,#1379,#1380,#1381,#1382,#1383,#1384,#1385));
#1387=STYLED_ITEM('',(#1388),#1395);
#1388=PRESENTATION_STYLE_ASSIGNMENT((#1389));
#1389=SURFACE_STYLE_USAGE(.BOTH.,#1390);
#1390=SURFACE_SIDE_STYLE('',(#1391));
#1391=SURFACE_STYLE_FILL_AREA(#1392);
#1392=FILL_AREA_STYLE('',(#1393));
#1393=FILL_AREA_STYLE_COLOUR('',#1394);
#1394=COLOUR_RGB('',0.231372549019608,0.380392156862745,0.705882352941177);
#1395=MANIFOLD_SOLID_BREP('Hull Shell2',#1386);
#1396=SHAPE_DEFINITION_REPRESENTATION(#2726,#1397);
#1397=SHAPE_REPRESENTATION('Hull Shell2',(#1398),#2721);
#1398=AXIS2_PLACEMENT_3D('',#1971,#1555,#1556);
#1399=AXIS2_PLACEMENT_3D('',#1972,#1557,#1558);
#1400=AXIS2_PLACEMENT_3D('',#1973,#1559,#1560);
#1401=AXIS2_PLACEMENT_3D('',#1978,#1562,#1563);
#1402=AXIS2_PLACEMENT_3D('',#1981,#1565,#1566);
#1403=AXIS2_PLACEMENT_3D('',#1986,#1569,#1570);
#1404=AXIS2_PLACEMENT_3D('',#1989,#1572,#1573);
#1405=AXIS2_PLACEMENT_3D('',#1990,#1574,#1575);
#1406=AXIS2_PLACEMENT_3D('',#1993,#1576,#1577);
#1407=AXIS2_PLACEMENT_3D('',#1994,#1578,#1579);
#1408=AXIS2_PLACEMENT_3D('',#1998,#1581,#1582);
#1409=AXIS2_PLACEMENT_3D('',#2002,#1584,#1585);
#1410=AXIS2_PLACEMENT_3D('',#2004,#1586,#1587);
#1411=AXIS2_PLACEMENT_3D('',#2006,#1588,#1589);
#1412=AXIS2_PLACEMENT_3D('',#2008,#1590,#1591);
#1413=AXIS2_PLACEMENT_3D('',#2010,#1592,#1593);
#1414=AXIS2_PLACEMENT_3D('',#2035,#1594,#1595);
#1415=AXIS2_PLACEMENT_3D('',#2041,#1599,#1600);
#1416=AXIS2_PLACEMENT_3D('',#2051,#1606,#1607);
#1417=AXIS2_PLACEMENT_3D('',#2061,#1613,#1614);
#1418=AXIS2_PLACEMENT_3D('',#2071,#1620,#1621);
#1419=AXIS2_PLACEMENT_3D('',#2081,#1627,#1628);
#1420=AXIS2_PLACEMENT_3D('',#2091,#1634,#1635);
#1421=AXIS2_PLACEMENT_3D('',#2094,#1638,#1639);
#1422=AXIS2_PLACEMENT_3D('',#2097,#1642,#1643);
#1423=AXIS2_PLACEMENT_3D('',#2100,#1646,#1647);
#1424=AXIS2_PLACEMENT_3D('',#2104,#1649,#1650);
#1425=AXIS2_PLACEMENT_3D('',#2105,#1651,#1652);
#1426=AXIS2_PLACEMENT_3D('',#2106,#1653,#1654);
#1427=AXIS2_PLACEMENT_3D('',#2107,#1655,#1656);
#1428=AXIS2_PLACEMENT_3D('',#2108,#1657,#1658);
#1429=AXIS2_PLACEMENT_3D('',#2109,#1659,#1660);
#1430=AXIS2_PLACEMENT_3D('',#2110,#1661,#1662);
#1431=AXIS2_PLACEMENT_3D('',#2111,#1663,#1664);
#1432=AXIS2_PLACEMENT_3D('',#2112,#1665,#1666);
#1433=AXIS2_PLACEMENT_3D('',#2117,#1669,#1670);
#1434=AXIS2_PLACEMENT_3D('',#2119,#1671,#1672);
#1435=AXIS2_PLACEMENT_3D('',#2121,#1673,#1674);
#1436=AXIS2_PLACEMENT_3D('',#2123,#1675,#1676);
#1437=AXIS2_PLACEMENT_3D('',#2125,#1677,#1678);
#1438=AXIS2_PLACEMENT_3D('',#2126,#1679,#1680);
#1439=AXIS2_PLACEMENT_3D('',#2130,#1682,#1683);
#1440=AXIS2_PLACEMENT_3D('',#2140,#1689,#1690);
#1441=AXIS2_PLACEMENT_3D('',#2163,#1693,#1694);
#1442=AXIS2_PLACEMENT_3D('',#2206,#1697,#1698);
#1443=AXIS2_PLACEMENT_3D('',#2229,#1701,#1702);
#1444=AXIS2_PLACEMENT_3D('',#2233,#1705,#1706);
#1445=AXIS2_PLACEMENT_3D('',#2237,#1709,#1710);
#1446=AXIS2_PLACEMENT_3D('',#2241,#1713,#1714);
#1447=AXIS2_PLACEMENT_3D('',#2242,#1715,#1716);
#1448=AXIS2_PLACEMENT_3D('',#2243,#1717,#1718);
#1449=AXIS2_PLACEMENT_3D('',#2244,#1719,#1720);
#1450=AXIS2_PLACEMENT_3D('',#2245,#1721,#1722);
#1451=AXIS2_PLACEMENT_3D('',#2246,#1723,#1724);
#1452=AXIS2_PLACEMENT_3D('',#2255,#1729,#1730);
#1453=AXIS2_PLACEMENT_3D('',#2256,#1731,#1732);
#1454=AXIS2_PLACEMENT_3D('',#2266,#1737,#1738);
#1455=AXIS2_PLACEMENT_3D('',#2275,#1743,#1744);
#1456=AXIS2_PLACEMENT_3D('',#2279,#1746,#1747);
#1457=AXIS2_PLACEMENT_3D('',#2284,#1750,#1751);
#1458=AXIS2_PLACEMENT_3D('',#2288,#1753,#1754);
#1459=AXIS2_PLACEMENT_3D('',#2293,#1757,#1758);
#1460=AXIS2_PLACEMENT_3D('',#2294,#1759,#1760);
#1461=AXIS2_PLACEMENT_3D('',#2304,#1765,#1766);
#1462=AXIS2_PLACEMENT_3D('',#2313,#1771,#1772);
#1463=AXIS2_PLACEMENT_3D('',#2322,#1777,#1778);
#1464=AXIS2_PLACEMENT_3D('',#2326,#1780,#1781);
#1465=AXIS2_PLACEMENT_3D('',#2331,#1784,#1785);
#1466=AXIS2_PLACEMENT_3D('',#2335,#1787,#1788);
#1467=AXIS2_PLACEMENT_3D('',#2340,#1791,#1792);
#1468=AXIS2_PLACEMENT_3D('',#2341,#1793,#1794);
#1469=AXIS2_PLACEMENT_3D('',#2342,#1795,#1796);
#1470=AXIS2_PLACEMENT_3D('',#2343,#1797,#1798);
#1471=AXIS2_PLACEMENT_3D('',#2344,#1799,#1800);
#1472=AXIS2_PLACEMENT_3D('',#2345,#1801,#1802);
#1473=AXIS2_PLACEMENT_3D('',#2346,#1803,#1804);
#1474=AXIS2_PLACEMENT_3D('',#2347,#1805,#1806);
#1475=AXIS2_PLACEMENT_3D('',#2348,#1807,#1808);
#1476=AXIS2_PLACEMENT_3D('',#2349,#1809,#1810);
#1477=AXIS2_PLACEMENT_3D('',#2360,#1811,#1812);
#1478=AXIS2_PLACEMENT_3D('',#2361,#1813,#1814);
#1479=AXIS2_PLACEMENT_3D('',#2362,#1815,#1816);
#1480=AXIS2_PLACEMENT_3D('',#2363,#1817,#1818);
#1481=AXIS2_PLACEMENT_3D('',#2364,#1819,#1820);
#1482=AXIS2_PLACEMENT_3D('',#2365,#1821,#1822);
#1483=AXIS2_PLACEMENT_3D('',#2366,#1823,#1824);
#1484=AXIS2_PLACEMENT_3D('',#2367,#1825,#1826);
#1485=AXIS2_PLACEMENT_3D('',#2378,#1827,#1828);
#1486=AXIS2_PLACEMENT_3D('',#2379,#1829,#1830);
#1487=AXIS2_PLACEMENT_3D('',#2380,#1831,#1832);
#1488=AXIS2_PLACEMENT_3D('',#2405,#1833,#1834);
#1489=AXIS2_PLACEMENT_3D('',#2406,#1835,#1836);
#1490=AXIS2_PLACEMENT_3D('',#2407,#1837,#1838);
#1491=AXIS2_PLACEMENT_3D('',#2408,#1839,#1840);
#1492=AXIS2_PLACEMENT_3D('',#2409,#1841,#1842);
#1493=AXIS2_PLACEMENT_3D('',#2437,#1843,#1844);
#1494=AXIS2_PLACEMENT_3D('',#2438,#1845,#1846);
#1495=AXIS2_PLACEMENT_3D('',#2439,#1847,#1848);
#1496=AXIS2_PLACEMENT_3D('',#2440,#1849,#1850);
#1497=AXIS2_PLACEMENT_3D('',#2451,#1851,#1852);
#1498=AXIS2_PLACEMENT_3D('',#2462,#1853,#1854);
#1499=AXIS2_PLACEMENT_3D('',#2463,#1855,#1856);
#1500=AXIS2_PLACEMENT_3D('',#2491,#1857,#1858);
#1501=AXIS2_PLACEMENT_3D('',#2516,#1859,#1860);
#1502=AXIS2_PLACEMENT_3D('',#2517,#1861,#1862);
#1503=AXIS2_PLACEMENT_3D('',#2518,#1863,#1864);
#1504=AXIS2_PLACEMENT_3D('',#2519,#1865,#1866);
#1505=AXIS2_PLACEMENT_3D('',#2520,#1867,#1868);
#1506=AXIS2_PLACEMENT_3D('',#2521,#1869,#1870);
#1507=AXIS2_PLACEMENT_3D('',#2522,#1871,#1872);
#1508=AXIS2_PLACEMENT_3D('',#2523,#1873,#1874);
#1509=AXIS2_PLACEMENT_3D('',#2524,#1875,#1876);
#1510=AXIS2_PLACEMENT_3D('',#2525,#1877,#1878);
#1511=AXIS2_PLACEMENT_3D('',#2526,#1879,#1880);
#1512=AXIS2_PLACEMENT_3D('',#2527,#1881,#1882);
#1513=AXIS2_PLACEMENT_3D('',#2538,#1883,#1884);
#1514=AXIS2_PLACEMENT_3D('',#2539,#1885,#1886);
#1515=AXIS2_PLACEMENT_3D('',#2540,#1887,#1888);
#1516=AXIS2_PLACEMENT_3D('',#2541,#1889,#1890);
#1517=AXIS2_PLACEMENT_3D('',#2542,#1891,#1892);
#1518=AXIS2_PLACEMENT_3D('',#2543,#1893,#1894);
#1519=AXIS2_PLACEMENT_3D('',#2544,#1895,#1896);
#1520=AXIS2_PLACEMENT_3D('',#2545,#1897,#1898);
#1521=AXIS2_PLACEMENT_3D('',#2556,#1899,#1900);
#1522=AXIS2_PLACEMENT_3D('',#2557,#1901,#1902);
#1523=AXIS2_PLACEMENT_3D('',#2558,#1903,#1904);
#1524=AXIS2_PLACEMENT_3D('',#2583,#1905,#1906);
#1525=AXIS2_PLACEMENT_3D('',#2584,#1907,#1908);
#1526=AXIS2_PLACEMENT_3D('',#2585,#1909,#1910);
#1527=AXIS2_PLACEMENT_3D('',#2586,#1911,#1912);
#1528=AXIS2_PLACEMENT_3D('',#2587,#1913,#1914);
#1529=AXIS2_PLACEMENT_3D('',#2615,#1915,#1916);
#1530=AXIS2_PLACEMENT_3D('',#2616,#1917,#1918);
#1531=AXIS2_PLACEMENT_3D('',#2617,#1919,#1920);
#1532=AXIS2_PLACEMENT_3D('',#2618,#1921,#1922);
#1533=AXIS2_PLACEMENT_3D('',#2629,#1923,#1924);
#1534=AXIS2_PLACEMENT_3D('',#2640,#1925,#1926);
#1535=AXIS2_PLACEMENT_3D('',#2641,#1927,#1928);
#1536=AXIS2_PLACEMENT_3D('',#2669,#1929,#1930);
#1537=AXIS2_PLACEMENT_3D('',#2694,#1931,#1932);
#1538=AXIS2_PLACEMENT_3D('',#2695,#1933,#1934);
#1539=AXIS2_PLACEMENT_3D('',#2696,#1935,#1936);
#1540=AXIS2_PLACEMENT_3D('',#2697,#1937,#1938);
#1541=AXIS2_PLACEMENT_3D('',#2699,#1939,#1940);
#1542=AXIS2_PLACEMENT_3D('',#2700,#1941,#1942);
#1543=AXIS2_PLACEMENT_3D('',#2702,#1943,#1944);
#1544=AXIS2_PLACEMENT_3D('',#2703,#1945,#1946);
#1545=AXIS2_PLACEMENT_3D('',#2704,#1947,#1948);
#1546=AXIS2_PLACEMENT_3D('',#2706,#1949,#1950);
#1547=AXIS2_PLACEMENT_3D('',#2707,#1951,#1952);
#1548=AXIS2_PLACEMENT_3D('',#2709,#1953,#1954);
#1549=AXIS2_PLACEMENT_3D('',#2710,#1955,#1956);
#1550=AXIS2_PLACEMENT_3D('',#2712,#1958,#1959);
#1551=AXIS2_PLACEMENT_3D('',#2714,#1961,#1962);
#1552=AXIS2_PLACEMENT_3D('',#2715,#1963,#1964);
#1553=AXIS2_PLACEMENT_3D('',#2718,#1967,#1968);
#1554=AXIS2_PLACEMENT_3D('',#2719,#1969,#1970);
#1555=DIRECTION('',(0.,0.,1.));
#1556=DIRECTION('',(1.,0.,0.));
#1557=DIRECTION('',(0.,-1.,0.));
#1558=DIRECTION('',(0.,0.,-1.));
#1559=DIRECTION('',(0.,-1.,0.));
#1560=DIRECTION('',(0.,0.,-1.));
#1561=DIRECTION('',(0.,-1.,0.));
#1562=DIRECTION('',(0.,-1.,0.));
#1563=DIRECTION('',(0.,0.,-1.));
#1564=DIRECTION('',(0.,-1.,0.));
#1565=DIRECTION('',(0.,-1.,0.));
#1566=DIRECTION('',(1.,0.,0.));
#1567=DIRECTION('',(-0.587836794467618,0.,-0.808979544284054));
#1568=DIRECTION('',(0.0871557427476583,0.,-0.996194698091746));
#1569=DIRECTION('',(0.,-1.,0.));
#1570=DIRECTION('',(0.,0.,-1.));
#1571=DIRECTION('',(0.866025403784438,0.,0.5));
#1572=DIRECTION('',(0.,-1.,0.));
#1573=DIRECTION('',(0.,0.,-1.));
#1574=DIRECTION('',(0.,-1.,0.));
#1575=DIRECTION('',(0.,0.,-1.));
#1576=DIRECTION('',(0.,-1.,0.));
#1577=DIRECTION('',(0.,0.,-1.));
#1578=DIRECTION('',(0.,-1.,0.));
#1579=DIRECTION('',(0.,0.,-1.));
#1580=DIRECTION('',(0.,-1.,0.));
#1581=DIRECTION('',(0.,-1.,0.));
#1582=DIRECTION('',(0.,0.,-1.));
#1583=DIRECTION('',(0.,-1.,0.));
#1584=DIRECTION('',(0.,-1.,0.));
#1585=DIRECTION('',(0.,0.,-1.));
#1586=DIRECTION('',(0.,-1.,0.));
#1587=DIRECTION('',(0.,0.,-1.));
#1588=DIRECTION('',(0.,-1.,0.));
#1589=DIRECTION('',(0.,0.,-1.));
#1590=DIRECTION('',(0.,-1.,0.));
#1591=DIRECTION('',(0.,0.,-1.));
#1592=DIRECTION('',(0.,-1.,0.));
#1593=DIRECTION('',(0.,0.,-1.));
#1594=DIRECTION('',(-0.5,0.,0.866025403784438));
#1595=DIRECTION('',(0.,1.,0.));
#1596=DIRECTION('',(0.866025403784438,0.,0.5));
#1597=DIRECTION('',(1.50231459873716E-16,-1.,8.67361737988404E-17));
#1598=DIRECTION('',(0.866025403784438,0.,0.5));
#1599=DIRECTION('',(-0.5,0.,0.866025403784438));
#1600=DIRECTION('',(0.,1.,0.));
#1601=DIRECTION('',(0.866025403784438,0.,0.5));
#1602=DIRECTION('',(0.866025403784438,0.,0.5));
#1603=DIRECTION('',(0.,-1.,0.));
#1604=DIRECTION('',(0.866025403784438,0.,0.5));
#1605=DIRECTION('',(1.50231459873716E-16,-1.,8.67361737988404E-17));
#1606=DIRECTION('',(-1.,0.,-1.22464679914735E-16));
#1607=DIRECTION('',(0.,1.,0.));
#1608=DIRECTION('',(-1.22464679914735E-16,0.,1.));
#1609=DIRECTION('',(-1.22464679914735E-16,0.,1.));
#1610=DIRECTION('',(-2.12442355226077E-32,-1.,1.7347234759768E-16));
#1611=DIRECTION('',(-1.22464679914735E-16,0.,1.));
#1612=DIRECTION('',(0.,-1.,0.));
#1613=DIRECTION('',(-1.,0.,-1.22464679914735E-16));
#1614=DIRECTION('',(0.,1.,0.));
#1615=DIRECTION('',(-1.22464679914735E-16,0.,1.));
#1616=DIRECTION('',(-1.22464679914735E-16,0.,1.));
#1617=DIRECTION('',(0.,-1.,0.));
#1618=DIRECTION('',(-1.22464679914735E-16,0.,1.));
#1619=DIRECTION('',(-2.12442355226077E-32,-1.,1.7347234759768E-16));
#1620=DIRECTION('',(-0.5,0.,-0.866025403784439));
#1621=DIRECTION('',(0.,1.,0.));
#1622=DIRECTION('',(-0.866025403784439,0.,0.5));
#1623=DIRECTION('',(-0.866025403784439,0.,0.5));
#1624=DIRECTION('',(-1.50231459873716E-16,-1.,8.67361737988403E-17));
#1625=DIRECTION('',(-0.866025403784439,0.,0.5));
#1626=DIRECTION('',(0.,-1.,0.));
#1627=DIRECTION('',(-0.5,0.,-0.866025403784439));
#1628=DIRECTION('',(0.,1.,0.));
#1629=DIRECTION('',(-0.866025403784439,0.,0.5));
#1630=DIRECTION('',(-0.866025403784439,0.,0.5));
#1631=DIRECTION('',(0.,-1.,0.));
#1632=DIRECTION('',(-0.866025403784439,0.,0.5));
#1633=DIRECTION('',(-1.50231459873716E-16,-1.,8.67361737988403E-17));
#1634=DIRECTION('',(0.866025403784438,1.7347234759768E-16,0.5));
#1635=DIRECTION('',(-1.50231459873716E-16,1.,-8.67361737988404E-17));
#1636=DIRECTION('',(0.5,0.,-0.866025403784438));
#1637=DIRECTION('',(0.5,0.,-0.866025403784438));
#1638=DIRECTION('',(-1.22464679914735E-16,1.7347234759768E-16,1.));
#1639=DIRECTION('',(2.12442355226076E-32,1.,-1.7347234759768E-16));
#1640=DIRECTION('',(1.,0.,1.22464679914735E-16));
#1641=DIRECTION('',(1.,0.,1.22464679914735E-16));
#1642=DIRECTION('',(-0.866025403784439,1.7347234759768E-16,0.5));
#1643=DIRECTION('',(1.50231459873716E-16,1.,-8.67361737988403E-17));
#1644=DIRECTION('',(0.5,0.,0.866025403784439));
#1645=DIRECTION('',(0.5,0.,0.866025403784439));
#1646=DIRECTION('',(0.,-1.,0.));
#1647=DIRECTION('',(0.,0.,-1.));
#1648=DIRECTION('',(0.,-1.,0.));
#1649=DIRECTION('',(0.,-1.,0.));
#1650=DIRECTION('',(0.,0.,-1.));
#1651=DIRECTION('',(0.,-1.,0.));
#1652=DIRECTION('',(0.,0.,-1.));
#1653=DIRECTION('',(0.,-1.,0.));
#1654=DIRECTION('',(0.,0.,-1.));
#1655=DIRECTION('',(0.,-1.,0.));
#1656=DIRECTION('',(0.,0.,-1.));
#1657=DIRECTION('',(0.,-1.,0.));
#1658=DIRECTION('',(0.,0.,-1.));
#1659=DIRECTION('',(0.,-1.,0.));
#1660=DIRECTION('',(0.,0.,-1.));
#1661=DIRECTION('',(0.,-1.,0.));
#1662=DIRECTION('',(0.,0.,-1.));
#1663=DIRECTION('',(0.,-1.,0.));
#1664=DIRECTION('',(0.,0.,-1.));
#1665=DIRECTION('',(0.,-1.,0.));
#1666=DIRECTION('',(0.,0.,-1.));
#1667=DIRECTION('',(1.,0.,6.12323399573677E-17));
#1668=DIRECTION('',(-1.,0.,-1.83697019872103E-16));
#1669=DIRECTION('',(0.,-1.,0.));
#1670=DIRECTION('',(0.,0.,-1.));
#1671=DIRECTION('',(0.,-1.,0.));
#1672=DIRECTION('',(0.,0.,-1.));
#1673=DIRECTION('',(0.,-1.,0.));
#1674=DIRECTION('',(0.,0.,-1.));
#1675=DIRECTION('',(0.,-1.,0.));
#1676=DIRECTION('',(0.,0.,-1.));
#1677=DIRECTION('',(0.,-1.,0.));
#1678=DIRECTION('',(0.,0.,-1.));
#1679=DIRECTION('',(0.,1.,0.));
#1680=DIRECTION('',(0.,0.,1.));
#1681=DIRECTION('',(-1.,0.,-6.12323399573677E-17));
#1682=DIRECTION('',(0.,-1.,0.));
#1683=DIRECTION('',(0.,0.,-1.));
#1684=DIRECTION('',(1.,0.,1.83697019872103E-16));
#1685=DIRECTION('',(0.0871557427476583,0.,-0.996194698091746));
#1686=DIRECTION('',(-0.587836794467618,0.,-0.808979544284054));
#1687=DIRECTION('',(0.587836794467618,0.,-0.808979544284054));
#1688=DIRECTION('',(-0.0871557427476577,0.,-0.996194698091746));
#1689=DIRECTION('',(0.,-1.,0.));
#1690=DIRECTION('',(0.,0.,-1.));
#1691=DIRECTION('',(0.,1.,0.));
#1692=DIRECTION('',(0.,-1.,0.));
#1693=DIRECTION('',(0.,-1.,0.));
#1694=DIRECTION('',(0.,0.,-1.));
#1695=DIRECTION('',(0.,-1.,0.));
#1696=DIRECTION('',(0.,-1.,0.));
#1697=DIRECTION('',(0.,-1.,0.));
#1698=DIRECTION('',(0.,0.,-1.));
#1699=DIRECTION('',(0.,-1.,0.));
#1700=DIRECTION('',(0.,1.,0.));
#1701=DIRECTION('',(-1.83697019872103E-16,0.,1.));
#1702=DIRECTION('',(0.,1.,0.));
#1703=DIRECTION('',(0.,-1.,0.));
#1704=DIRECTION('',(1.,0.,0.));
#1705=DIRECTION('',(6.12323399573677E-17,0.,-1.));
#1706=DIRECTION('',(0.,1.,0.));
#1707=DIRECTION('',(0.,-1.,0.));
#1708=DIRECTION('',(-1.,0.,0.));
#1709=DIRECTION('',(0.,-1.,0.));
#1710=DIRECTION('',(1.,0.,0.));
#1711=DIRECTION('',(-0.0871557427476577,0.,-0.996194698091746));
#1712=DIRECTION('',(0.587836794467618,0.,-0.808979544284054));
#1713=DIRECTION('',(0.,-1.,0.));
#1714=DIRECTION('',(1.,0.,0.));
#1715=DIRECTION('',(0.,-1.,0.));
#1716=DIRECTION('',(1.,0.,0.));
#1717=DIRECTION('',(0.,-1.,0.));
#1718=DIRECTION('',(1.,0.,0.));
#1719=DIRECTION('',(0.,-1.,0.));
#1720=DIRECTION('',(1.,0.,0.));
#1721=DIRECTION('',(0.,-1.,0.));
#1722=DIRECTION('',(1.,0.,0.));
#1723=DIRECTION('',(-0.332139818911421,0.,0.943230163159283));
#1724=DIRECTION('',(0.943230163159283,0.,0.332139818911421));
#1725=DIRECTION('',(-0.943230163159283,0.,-0.332139818911421));
#1726=DIRECTION('',(0.,-1.,0.));
#1727=DIRECTION('',(-0.943230163159283,0.,-0.332139818911421));
#1728=DIRECTION('',(0.,-1.,0.));
#1729=DIRECTION('',(0.866025403784439,0.,-0.5));
#1730=DIRECTION('',(-0.5,0.,-0.866025403784439));
#1731=DIRECTION('',(0.866025403784439,0.,-0.5));
#1732=DIRECTION('',(-0.5,0.,-0.866025403784439));
#1733=DIRECTION('',(0.,-1.,0.));
#1734=DIRECTION('',(0.5,0.,0.866025403784439));
#1735=DIRECTION('',(0.,-1.,0.));
#1736=DIRECTION('',(0.5,0.,0.866025403784439));
#1737=DIRECTION('',(0.982931192367391,0.,0.18397356079399));
#1738=DIRECTION('',(0.18397356079399,0.,-0.982931192367391));
#1739=DIRECTION('',(-0.18397356079399,0.,0.982931192367391));
#1740=DIRECTION('',(0.,1.,0.));
#1741=DIRECTION('',(-0.18397356079399,0.,0.982931192367391));
#1742=DIRECTION('',(0.,-1.,0.));
#1743=DIRECTION('',(0.,-1.,0.));
#1744=DIRECTION('',(1.,0.,0.));
#1745=DIRECTION('',(-0.943230163159283,0.,-0.332139818911421));
#1746=DIRECTION('',(0.,-1.,0.));
#1747=DIRECTION('',(0.,0.,-1.));
#1748=DIRECTION('',(-0.18397356079399,0.,0.982931192367391));
#1749=DIRECTION('',(0.5,0.,0.866025403784439));
#1750=DIRECTION('',(0.,-1.,0.));
#1751=DIRECTION('',(1.,0.,0.));
#1752=DIRECTION('',(-0.18397356079399,0.,0.982931192367391));
#1753=DIRECTION('',(0.,-1.,0.));
#1754=DIRECTION('',(0.,0.,-1.));
#1755=DIRECTION('',(-0.943230163159283,0.,-0.332139818911421));
#1756=DIRECTION('',(0.5,0.,0.866025403784439));
#1757=DIRECTION('',(-0.866025403784439,0.,-0.5));
#1758=DIRECTION('',(-0.5,0.,0.866025403784439));
#1759=DIRECTION('',(-0.866025403784439,0.,-0.5));
#1760=DIRECTION('',(-0.5,0.,0.866025403784439));
#1761=DIRECTION('',(0.5,0.,-0.866025403784439));
#1762=DIRECTION('',(0.,-1.,0.));
#1763=DIRECTION('',(0.5,0.,-0.866025403784439));
#1764=DIRECTION('',(0.,-1.,0.));
#1765=DIRECTION('',(-0.332139818911423,0.,-0.943230163159283));
#1766=DIRECTION('',(-0.943230163159283,0.,0.332139818911423));
#1767=DIRECTION('',(0.943230163159283,0.,-0.332139818911423));
#1768=DIRECTION('',(0.,1.,0.));
#1769=DIRECTION('',(0.943230163159283,0.,-0.332139818911423));
#1770=DIRECTION('',(0.,-1.,0.));
#1771=DIRECTION('',(0.982931192367391,0.,-0.183973560793986));
#1772=DIRECTION('',(-0.183973560793986,0.,-0.982931192367391));
#1773=DIRECTION('',(0.183973560793986,0.,0.982931192367391));
#1774=DIRECTION('',(0.,-1.,0.));
#1775=DIRECTION('',(0.183973560793986,0.,0.982931192367391));
#1776=DIRECTION('',(0.,-1.,0.));
#1777=DIRECTION('',(0.,-1.,0.));
#1778=DIRECTION('',(1.,0.,0.));
#1779=DIRECTION('',(0.183973560793986,0.,0.982931192367391));
#1780=DIRECTION('',(0.,-1.,0.));
#1781=DIRECTION('',(0.,0.,-1.));
#1782=DIRECTION('',(0.943230163159283,0.,-0.332139818911423));
#1783=DIRECTION('',(0.5,0.,-0.866025403784439));
#1784=DIRECTION('',(0.,-1.,0.));
#1785=DIRECTION('',(1.,0.,0.));
#1786=DIRECTION('',(0.943230163159283,0.,-0.332139818911423));
#1787=DIRECTION('',(0.,-1.,0.));
#1788=DIRECTION('',(0.,0.,-1.));
#1789=DIRECTION('',(0.183973560793986,0.,0.982931192367391));
#1790=DIRECTION('',(0.5,0.,-0.866025403784439));
#1791=DIRECTION('',(0.5,0.,-0.866025403784439));
#1792=DIRECTION('',(-0.866025403784439,0.,-0.5));
#1793=DIRECTION('',(-0.5,0.,0.866025403784438));
#1794=DIRECTION('',(0.866025403784438,0.,0.5));
#1795=DIRECTION('',(0.499999999999993,0.,-0.866025403784443));
#1796=DIRECTION('',(-0.866025403784443,0.,-0.499999999999993));
#1797=DIRECTION('',(0.,-1.,-1.73472347597681E-15));
#1798=DIRECTION('',(0.,1.73472347597681E-15,-1.));
#1799=DIRECTION('',(0.,-1.,0.));
#1800=DIRECTION('',(0.,0.,-1.));
#1801=DIRECTION('',(-0.183973560793986,0.,-0.982931192367391));
#1802=DIRECTION('',(-0.982931192367391,0.,0.183973560793986));
#1803=DIRECTION('',(3.46944695195361E-15,-1.,-6.93889390390723E-15));
#1804=DIRECTION('',(0.,6.93889390390723E-15,-1.));
#1805=DIRECTION('',(-0.943230163159282,-5.57716997925301E-15,0.332139818911424));
#1806=DIRECTION('',(0.332139818911424,0.,0.943230163159282));
#1807=DIRECTION('',(0.,-1.,0.));
#1808=DIRECTION('',(0.,0.,-1.));
#1809=DIRECTION('',(-0.183973560793986,0.,-0.982931192367391));
#1810=DIRECTION('',(-0.982931192367391,0.,0.183973560793986));
#1811=DIRECTION('',(0.,1.,0.));
#1812=DIRECTION('',(0.,0.,1.));
#1813=DIRECTION('',(0.,1.,0.));
#1814=DIRECTION('',(0.,0.,1.));
#1815=DIRECTION('',(-0.5,0.,0.866025403784439));
#1816=DIRECTION('',(0.866025403784439,0.,0.5));
#1817=DIRECTION('',(0.5,-6.47407614942793E-15,-0.866025403784439));
#1818=DIRECTION('',(-0.866025403784439,0.,-0.5));
#1819=DIRECTION('',(-0.500000000000007,0.,0.866025403784435));
#1820=DIRECTION('',(0.866025403784435,0.,0.500000000000007));
#1821=DIRECTION('',(0.,-1.,0.));
#1822=DIRECTION('',(0.,0.,-1.));
#1823=DIRECTION('',(0.,1.,0.));
#1824=DIRECTION('',(0.,0.,1.));
#1825=DIRECTION('',(0.943230163159283,0.,-0.332139818911423));
#1826=DIRECTION('',(-0.332139818911423,0.,-0.943230163159283));
#1827=DIRECTION('',(0.,-1.,0.));
#1828=DIRECTION('',(0.,0.,-1.));
#1829=DIRECTION('',(-0.59359693462412,-2.05945307552067E-15,0.804762498632266));
#1830=DIRECTION('',(0.804762498632266,0.,0.593596934624121));
#1831=DIRECTION('',(0.400146300516522,0.,-0.916451274309192));
#1832=DIRECTION('',(-0.916451274309192,0.,-0.400146300516522));
#1833=DIRECTION('',(0.,1.,0.));
#1834=DIRECTION('',(0.,0.,1.));
#1835=DIRECTION('',(0.,1.,3.46944695195361E-15));
#1836=DIRECTION('',(0.,-3.46944695195361E-15,1.));
#1837=DIRECTION('',(-0.183973560793984,5.11534144400876E-15,-0.982931192367392));
#1838=DIRECTION('',(-0.982931192367392,0.,0.183973560793984));
#1839=DIRECTION('',(3.46944695195361E-15,1.,-3.46944695195361E-15));
#1840=DIRECTION('',(0.,3.46944695195361E-15,1.));
#1841=DIRECTION('',(-0.94323016315928,0.,0.332139818911431));
#1842=DIRECTION('',(0.332139818911431,0.,0.94323016315928));
#1843=DIRECTION('',(0.,1.,0.));
#1844=DIRECTION('',(0.,0.,1.));
#1845=DIRECTION('',(0.,-1.,0.));
#1846=DIRECTION('',(0.,0.,-1.));
#1847=DIRECTION('',(0.,-1.,0.));
#1848=DIRECTION('',(0.,0.,-1.));
#1849=DIRECTION('',(0.183973560793986,0.,0.982931192367391));
#1850=DIRECTION('',(0.982931192367391,0.,-0.183973560793986));
#1851=DIRECTION('',(-0.943230163159283,0.,0.332139818911423));
#1852=DIRECTION('',(0.332139818911423,0.,0.943230163159283));
#1853=DIRECTION('',(0.,-1.,0.));
#1854=DIRECTION('',(0.,0.,-1.));
#1855=DIRECTION('',(0.,-1.,0.));
#1856=DIRECTION('',(0.,0.,-1.));
#1857=DIRECTION('',(0.400146300516522,-1.58978954013301E-15,-0.916451274309192));
#1858=DIRECTION('',(-0.916451274309192,0.,-0.400146300516522));
#1859=DIRECTION('',(-0.593596934624119,0.,0.804762498632267));
#1860=DIRECTION('',(0.804762498632267,0.,0.593596934624119));
#1861=DIRECTION('',(0.,-1.,0.));
#1862=DIRECTION('',(0.,0.,-1.));
#1863=DIRECTION('',(0.5,0.,0.866025403784439));
#1864=DIRECTION('',(0.866025403784439,0.,-0.5));
#1865=DIRECTION('',(-0.5,4.73935267345113E-15,-0.866025403784439));
#1866=DIRECTION('',(-0.866025403784439,0.,0.5));
#1867=DIRECTION('',(0.5,0.,0.86602540378444));
#1868=DIRECTION('',(0.866025403784439,0.,-0.5));
#1869=DIRECTION('',(0.,-1.,0.));
#1870=DIRECTION('',(0.,0.,-1.));
#1871=DIRECTION('',(0.,-1.,0.));
#1872=DIRECTION('',(0.,0.,-1.));
#1873=DIRECTION('',(0.943230163159283,0.,0.332139818911423));
#1874=DIRECTION('',(0.332139818911423,0.,-0.943230163159283));
#1875=DIRECTION('',(0.,-1.,1.73472347597681E-15));
#1876=DIRECTION('',(0.,-1.73472347597681E-15,-1.));
#1877=DIRECTION('',(0.18397356079399,0.,-0.982931192367391));
#1878=DIRECTION('',(-0.982931192367391,0.,-0.18397356079399));
#1879=DIRECTION('',(0.,-1.,0.));
#1880=DIRECTION('',(0.,0.,-1.));
#1881=DIRECTION('',(0.943230163159283,0.,0.332139818911421));
#1882=DIRECTION('',(0.332139818911421,0.,-0.943230163159283));
#1883=DIRECTION('',(0.,1.,0.));
#1884=DIRECTION('',(0.,0.,1.));
#1885=DIRECTION('',(0.,1.,0.));
#1886=DIRECTION('',(0.,0.,1.));
#1887=DIRECTION('',(-0.5,0.,-0.866025403784439));
#1888=DIRECTION('',(-0.866025403784439,0.,0.5));
#1889=DIRECTION('',(0.5,6.47407614942793E-15,0.866025403784439));
#1890=DIRECTION('',(0.866025403784439,0.,-0.5));
#1891=DIRECTION('',(-0.5,0.,-0.866025403784439));
#1892=DIRECTION('',(-0.866025403784439,0.,0.5));
#1893=DIRECTION('',(0.,-1.,0.));
#1894=DIRECTION('',(0.,0.,-1.));
#1895=DIRECTION('',(0.,1.,0.));
#1896=DIRECTION('',(0.,0.,1.));
#1897=DIRECTION('',(-0.18397356079399,0.,0.982931192367391));
#1898=DIRECTION('',(0.982931192367391,0.,0.18397356079399));
#1899=DIRECTION('',(0.,-1.,0.));
#1900=DIRECTION('',(0.,0.,-1.));
#1901=DIRECTION('',(-0.400146300516522,4.03006354940908E-16,-0.916451274309192));
#1902=DIRECTION('',(-0.916451274309192,0.,0.400146300516522));
#1903=DIRECTION('',(0.593596934624119,0.,0.804762498632267));
#1904=DIRECTION('',(0.804762498632267,0.,-0.593596934624119));
#1905=DIRECTION('',(0.,1.,0.));
#1906=DIRECTION('',(0.,0.,1.));
#1907=DIRECTION('',(0.,1.,0.));
#1908=DIRECTION('',(0.,0.,1.));
#1909=DIRECTION('',(0.943230163159284,-1.15234148234465E-15,0.33213981891142));
#1910=DIRECTION('',(0.33213981891142,0.,-0.943230163159284));
#1911=DIRECTION('',(0.,1.,-3.46944695195361E-15));
#1912=DIRECTION('',(0.,3.46944695195361E-15,1.));
#1913=DIRECTION('',(0.183973560793995,0.,-0.98293119236739));
#1914=DIRECTION('',(-0.98293119236739,0.,-0.183973560793995));
#1915=DIRECTION('',(0.,1.,0.));
#1916=DIRECTION('',(0.,0.,1.));
#1917=DIRECTION('',(0.,-1.,0.));
#1918=DIRECTION('',(0.,0.,-1.));
#1919=DIRECTION('',(0.,-1.,0.));
#1920=DIRECTION('',(0.,0.,-1.));
#1921=DIRECTION('',(-0.943230163159283,0.,-0.332139818911421));
#1922=DIRECTION('',(-0.332139818911421,0.,0.943230163159283));
#1923=DIRECTION('',(0.18397356079399,0.,-0.982931192367391));
#1924=DIRECTION('',(-0.982931192367391,0.,-0.18397356079399));
#1925=DIRECTION('',(0.,-1.,0.));
#1926=DIRECTION('',(0.,0.,-1.));
#1927=DIRECTION('',(0.,-1.,0.));
#1928=DIRECTION('',(0.,0.,-1.));
#1929=DIRECTION('',(0.59359693462412,2.05945307552066E-15,0.804762498632266));
#1930=DIRECTION('',(0.804762498632266,0.,-0.59359693462412));
#1931=DIRECTION('',(-0.400146300516522,0.,-0.916451274309192));
#1932=DIRECTION('',(-0.916451274309192,0.,0.400146300516522));
#1933=DIRECTION('',(0.,-1.,0.));
#1934=DIRECTION('',(0.,0.,-1.));
#1935=DIRECTION('',(0.866025403784438,0.,0.5));
#1936=DIRECTION('',(0.5,0.,-0.866025403784438));
#1937=DIRECTION('',(-0.866025403784438,0.,-0.5));
#1938=DIRECTION('',(-0.5,0.,0.866025403784438));
#1939=DIRECTION('',(0.866025403784438,0.,0.5));
#1940=DIRECTION('',(0.5,0.,-0.866025403784438));
#1941=DIRECTION('',(-0.866025403784438,0.,-0.5));
#1942=DIRECTION('',(-0.5,0.,0.866025403784438));
#1943=DIRECTION('',(-0.866025403784438,0.,-0.5));
#1944=DIRECTION('',(-0.5,0.,0.866025403784438));
#1945=DIRECTION('',(-0.866025403784439,0.,0.5));
#1946=DIRECTION('',(0.5,0.,0.866025403784439));
#1947=DIRECTION('',(0.866025403784439,0.,-0.5));
#1948=DIRECTION('',(-0.5,0.,-0.866025403784439));
#1949=DIRECTION('',(-0.866025403784439,0.,0.5));
#1950=DIRECTION('',(0.5,0.,0.866025403784439));
#1951=DIRECTION('',(0.866025403784439,0.,-0.5));
#1952=DIRECTION('',(-0.5,0.,-0.866025403784439));
#1953=DIRECTION('',(0.866025403784439,0.,-0.5));
#1954=DIRECTION('',(-0.5,0.,-0.866025403784439));
#1955=DIRECTION('',(-0.808979544284054,0.,0.587836794467618));
#1956=DIRECTION('',(0.587836794467618,0.,0.808979544284054));
#1957=DIRECTION('',(0.,-1.,0.));
#1958=DIRECTION('',(-0.996194698091746,0.,-0.0871557427476583));
#1959=DIRECTION('',(-0.0871557427476583,0.,0.996194698091746));
#1960=DIRECTION('',(0.0871557427476583,0.,-0.996194698091746));
#1961=DIRECTION('',(0.,-1.,0.));
#1962=DIRECTION('',(1.,0.,0.));
#1963=DIRECTION('',(-0.996194698091746,0.,0.0871557427476576));
#1964=DIRECTION('',(0.0871557427476577,0.,0.996194698091746));
#1965=DIRECTION('',(-0.0871557427476577,0.,-0.996194698091746));
#1966=DIRECTION('',(0.,-1.,0.));
#1967=DIRECTION('',(-0.808979544284054,0.,-0.587836794467618));
#1968=DIRECTION('',(-0.587836794467618,0.,0.808979544284054));
#1969=DIRECTION('',(0.,-1.,0.));
#1970=DIRECTION('',(1.,0.,0.));
#1971=CARTESIAN_POINT('',(0.,0.,0.));
#1972=CARTESIAN_POINT('',(0.,0.078810453414917,0.));
#1973=CARTESIAN_POINT('',(0.,0.12,0.));
#1974=CARTESIAN_POINT('',(-0.062827360867877,0.12,-0.0205410011045608));
#1975=CARTESIAN_POINT('',(-0.0579795378279434,0.12,-0.0317424509648843));
#1976=CARTESIAN_POINT('',(-0.062827360867877,0.078810453414917,-0.0205410011045608));
#1977=CARTESIAN_POINT('',(-0.062827360867877,0.02,-0.0205410011045608));
#1978=CARTESIAN_POINT('',(0.,0.02,0.));
#1979=CARTESIAN_POINT('',(-0.0579795378279434,0.02,-0.0317424509648843));
#1980=CARTESIAN_POINT('',(-0.0579795378279434,0.078810453414917,-0.0317424509648843));
#1981=CARTESIAN_POINT('',(0.,0.02,0.00221209944769902));
#1982=CARTESIAN_POINT('',(-0.0623844763793839,0.02,-0.0199315045656515));
#1983=CARTESIAN_POINT('',(-0.0609311966305422,0.02,-0.0179315045656514));
#1984=CARTESIAN_POINT('',(-0.0610594333388267,0.02,-0.0164657522828257));
#1985=CARTESIAN_POINT('',(-0.0609378111567407,0.02,-0.0178559001852444));
#1986=CARTESIAN_POINT('',(0.,0.02,3.88825358729284E-18));
#1987=CARTESIAN_POINT('',(-0.0557272680296138,0.02,-0.0304421023905311));
#1988=CARTESIAN_POINT('',(-0.0299783573777248,0.02,-0.0155759618943234));
#1989=CARTESIAN_POINT('',(0.,0.02,3.88825358729284E-18));
#1990=CARTESIAN_POINT('',(0.,0.02,3.88825358729284E-18));
#1991=CARTESIAN_POINT('',(-0.0542272680296138,0.02,-0.0330401786018844));
#1992=CARTESIAN_POINT('',(-0.0015,0.02,-0.0634822809924155));
#1993=CARTESIAN_POINT('',(0.,0.02,3.88825358729284E-18));
#1994=CARTESIAN_POINT('',(0.,0.02,3.88825358729284E-18));
#1995=CARTESIAN_POINT('',(-0.0635,0.02,4.13318294712231E-18));
#1996=CARTESIAN_POINT('',(-0.0635,0.02,7.77650717458569E-18));
#1997=CARTESIAN_POINT('',(-0.0635,0.,7.77650717458569E-18));
#1998=CARTESIAN_POINT('',(0.,0.,3.88825358729284E-18));
#1999=CARTESIAN_POINT('',(0.0635,0.,0.));
#2000=CARTESIAN_POINT('',(0.0635,0.02,0.));
#2001=CARTESIAN_POINT('',(0.0635,0.02,0.));
#2002=CARTESIAN_POINT('',(0.,0.02,3.88825358729284E-18));
#2003=CARTESIAN_POINT('',(0.0609378111567407,0.02,-0.0178559001852443));
#2004=CARTESIAN_POINT('',(0.,0.02,3.88825358729284E-18));
#2005=CARTESIAN_POINT('',(0.0557272680296138,0.02,-0.0304421023905311));
#2006=CARTESIAN_POINT('',(0.,0.02,3.88825358729284E-18));
#2007=CARTESIAN_POINT('',(0.0542272680296138,0.02,-0.0330401786018844));
#2008=CARTESIAN_POINT('',(0.,0.02,3.88825358729284E-18));
#2009=CARTESIAN_POINT('',(0.0015,0.02,-0.0634822809924155));
#2010=CARTESIAN_POINT('',(0.,0.02,3.88825358729284E-18));
#2011=CARTESIAN_POINT('',(-0.0544979244175063,0.0110193727249093,-0.032594554414963));
#2012=CARTESIAN_POINT('',(-0.0542865158383346,0.012000251722772,-0.0329422251990233));
#2013=CARTESIAN_POINT('',(-0.0544977558360542,0.0129796203840026,-0.0325948222922057));
#2014=CARTESIAN_POINT('',(-0.0549947681223106,0.0133850459452193,-0.0317524123147118));
#2015=CARTESIAN_POINT('',(-0.0554768570706508,0.0129801947754522,-0.0308989811568496));
#2016=CARTESIAN_POINT('',(-0.0556718460261888,0.012000181222068,-0.0305427771570723));
#2017=CARTESIAN_POINT('',(-0.0554775022045058,0.0110217355273684,-0.0308978070730173));
#2018=CARTESIAN_POINT('',(-0.0549960178779413,0.0106147239094307,-0.0317502557878099));
#2019=CARTESIAN_POINT('',(-0.0544979244175063,0.0110193727249093,-0.032594554414963));
#2020=CARTESIAN_POINT('',(-0.0542865158383346,0.012000251722772,-0.0329422251990233));
#2021=CARTESIAN_POINT('',(-0.0544977558360542,0.0129796203840026,-0.0325948222922057));
#2022=CARTESIAN_POINT('',(-0.0543569572678165,0.012,-0.0328263795838769));
#2023=CARTESIAN_POINT('',(0.0554766743571453,0.0110193727249093,-0.0308993097916032));
#2024=CARTESIAN_POINT('',(0.0556720617987093,0.012000251722772,-0.0305423891994325));
#2025=CARTESIAN_POINT('',(0.0554768220549166,0.0129796203840026,-0.0308990298571617));
#2026=CARTESIAN_POINT('',(0.0549957797571336,0.0133850459452193,-0.0317506601117997));
#2027=CARTESIAN_POINT('',(0.0544977311682138,0.0129801947754522,-0.0325948769668771));
#2028=CARTESIAN_POINT('',(0.054286743933246,0.012000181222068,-0.0329418443557191));
#2029=CARTESIAN_POINT('',(0.0544970369487164,0.0110217355273684,-0.0325960227111005));
#2030=CARTESIAN_POINT('',(0.0549945370278679,0.0106147239094307,-0.0317528206953754));
#2031=CARTESIAN_POINT('',(0.0554766743571453,0.0110193727249093,-0.0308993097916032));
#2032=CARTESIAN_POINT('',(0.0556720617987093,0.012000251722772,-0.0305423891994325));
#2033=CARTESIAN_POINT('',(0.0554768220549166,0.0129796203840026,-0.0308990298571617));
#2034=CARTESIAN_POINT('',(0.0556069572678165,0.012,-0.0306613160744158));
#2035=CARTESIAN_POINT('',(-0.0299783573777248,0.078810453414917,-0.0155759618943234));
#2036=CARTESIAN_POINT('',(-0.0299783573777248,0.02,-0.0155759618943234));
#2037=CARTESIAN_POINT('',(-0.054010562332743,0.02,-0.0294509618943234));
#2038=CARTESIAN_POINT('',(-0.054010562332743,0.06,-0.0294509618943234));
#2039=CARTESIAN_POINT('',(-0.054010562332743,0.12,-0.0294509618943234));
#2040=CARTESIAN_POINT('',(-0.0560024207614472,0.12,-0.0306009618943234));
#2041=CARTESIAN_POINT('',(-0.0284783573777248,0.078810453414917,-0.0181740381056767));
#2042=CARTESIAN_POINT('',(-0.0284783573777248,0.02,-0.0181740381056767));
#2043=CARTESIAN_POINT('',(-0.052510562332743,0.02,-0.0320490381056767));
#2044=CARTESIAN_POINT('',(-0.0284783573777248,0.02,-0.0181740381056767));
#2045=CARTESIAN_POINT('',(-0.0564795378279434,0.02,-0.0343405271762376));
#2046=CARTESIAN_POINT('',(-0.0564795378279434,0.078810453414917,-0.0343405271762376));
#2047=CARTESIAN_POINT('',(-0.0564795378279434,0.12,-0.0343405271762377));
#2048=CARTESIAN_POINT('',(-0.0545024207614472,0.12,-0.0331990381056767));
#2049=CARTESIAN_POINT('',(-0.052510562332743,0.12,-0.0320490381056767));
#2050=CARTESIAN_POINT('',(-0.052510562332743,0.06,-0.0320490381056767));
#2051=CARTESIAN_POINT('',(-0.0015,0.078810453414917,-0.03375));
#2052=CARTESIAN_POINT('',(-0.0015,0.02,-0.03375));
#2053=CARTESIAN_POINT('',(-0.0015,0.02,-0.066082978141122));
#2054=CARTESIAN_POINT('',(-0.0015,0.02,-0.03375));
#2055=CARTESIAN_POINT('',(-0.0015,0.02,-0.0615));
#2056=CARTESIAN_POINT('',(-0.0015,0.06,-0.0615));
#2057=CARTESIAN_POINT('',(-0.0015,0.12,-0.0615));
#2058=CARTESIAN_POINT('',(-0.0015,0.12,-0.0638));
#2059=CARTESIAN_POINT('',(-0.0015,0.12,-0.066082978141122));
#2060=CARTESIAN_POINT('',(-0.0015,0.078810453414917,-0.066082978141122));
#2061=CARTESIAN_POINT('',(0.0015,0.078810453414917,-0.03375));
#2062=CARTESIAN_POINT('',(0.0015,0.02,-0.03375));
#2063=CARTESIAN_POINT('',(0.0015,0.02,-0.0615));
#2064=CARTESIAN_POINT('',(0.0015,0.02,-0.03375));
#2065=CARTESIAN_POINT('',(0.0015,0.02,-0.066082978141122));
#2066=CARTESIAN_POINT('',(0.0015,0.078810453414917,-0.066082978141122));
#2067=CARTESIAN_POINT('',(0.0015,0.12,-0.066082978141122));
#2068=CARTESIAN_POINT('',(0.0015,0.12,-0.0638));
#2069=CARTESIAN_POINT('',(0.0015,0.12,-0.0615));
#2070=CARTESIAN_POINT('',(0.0015,0.06,-0.0615));
#2071=CARTESIAN_POINT('',(0.0284783573777248,0.078810453414917,-0.0181740381056767));
#2072=CARTESIAN_POINT('',(0.0284783573777248,0.02,-0.0181740381056767));
#2073=CARTESIAN_POINT('',(0.0564795378279434,0.02,-0.0343405271762376));
#2074=CARTESIAN_POINT('',(0.0284783573777248,0.02,-0.0181740381056767));
#2075=CARTESIAN_POINT('',(0.052510562332743,0.02,-0.0320490381056766));
#2076=CARTESIAN_POINT('',(0.052510562332743,0.06,-0.0320490381056766));
#2077=CARTESIAN_POINT('',(0.052510562332743,0.12,-0.0320490381056766));
#2078=CARTESIAN_POINT('',(0.0545024207614472,0.12,-0.0331990381056766));
#2079=CARTESIAN_POINT('',(0.0564795378279434,0.12,-0.0343405271762376));
#2080=CARTESIAN_POINT('',(0.0564795378279434,0.078810453414917,-0.0343405271762376));
#2081=CARTESIAN_POINT('',(0.0299783573777248,0.078810453414917,-0.0155759618943234));
#2082=CARTESIAN_POINT('',(0.0299783573777248,0.02,-0.0155759618943234));
#2083=CARTESIAN_POINT('',(0.054010562332743,0.02,-0.0294509618943234));
#2084=CARTESIAN_POINT('',(0.0299783573777248,0.02,-0.0155759618943234));
#2085=CARTESIAN_POINT('',(0.0579795378279434,0.02,-0.0317424509648843));
#2086=CARTESIAN_POINT('',(0.0579795378279434,0.078810453414917,-0.0317424509648843));
#2087=CARTESIAN_POINT('',(0.0579795378279434,0.12,-0.0317424509648843));
#2088=CARTESIAN_POINT('',(0.0560024207614472,0.12,-0.0306009618943234));
#2089=CARTESIAN_POINT('',(0.054010562332743,0.12,-0.0294509618943234));
#2090=CARTESIAN_POINT('',(0.054010562332743,0.06,-0.0294509618943234));
#2091=CARTESIAN_POINT('',(-0.054010562332743,0.06,-0.0294509618943234));
#2092=CARTESIAN_POINT('',(-0.054010562332743,0.02,-0.0294509618943234));
#2093=CARTESIAN_POINT('',(-0.054010562332743,0.12,-0.0294509618943234));
#2094=CARTESIAN_POINT('',(-0.0015,0.06,-0.0615));
#2095=CARTESIAN_POINT('',(-0.0015,0.02,-0.0615));
#2096=CARTESIAN_POINT('',(-0.0015,0.12,-0.0615));
#2097=CARTESIAN_POINT('',(0.052510562332743,0.06,-0.0320490381056766));
#2098=CARTESIAN_POINT('',(0.052510562332743,0.02,-0.0320490381056766));
#2099=CARTESIAN_POINT('',(0.052510562332743,0.12,-0.0320490381056766));
#2100=CARTESIAN_POINT('',(0.,0.078810453414917,0.));
#2101=CARTESIAN_POINT('',(0.062827360867877,0.078810453414917,-0.0205410011045608));
#2102=CARTESIAN_POINT('',(0.062827360867877,0.12,-0.0205410011045608));
#2103=CARTESIAN_POINT('',(0.062827360867877,0.02,-0.0205410011045608));
#2104=CARTESIAN_POINT('',(0.,0.12,0.));
#2105=CARTESIAN_POINT('',(0.,0.02,0.));
#2106=CARTESIAN_POINT('',(0.,0.078810453414917,0.));
#2107=CARTESIAN_POINT('',(0.,0.02,0.));
#2108=CARTESIAN_POINT('',(0.,0.12,0.));
#2109=CARTESIAN_POINT('',(0.,0.078810453414917,0.));
#2110=CARTESIAN_POINT('',(0.,0.02,0.));
#2111=CARTESIAN_POINT('',(0.,0.12,0.));
#2112=CARTESIAN_POINT('',(-0.0668,0.,-1.22709609274565E-17));
#2113=CARTESIAN_POINT('',(0.0668,-3.72660071393188E-19,4.09032030915216E-18));
#2114=CARTESIAN_POINT('',(0.0675,6.93889390390723E-18,4.13318294712231E-18));
#2115=CARTESIAN_POINT('',(-0.0668,-3.72660071393188E-19,-1.22709609274565E-17));
#2116=CARTESIAN_POINT('',(-0.0675,6.93889390390723E-18,-1.23995488413669E-17));
#2117=CARTESIAN_POINT('',(0.,0.,0.));
#2118=CARTESIAN_POINT('',(-0.0618604610158705,0.,-0.0270098752848652));
#2119=CARTESIAN_POINT('',(0.,0.,0.));
#2120=CARTESIAN_POINT('',(-0.0543214686576779,0.,-0.0400677930871281));
#2121=CARTESIAN_POINT('',(0.,0.,0.));
#2122=CARTESIAN_POINT('',(0.054321468657678,0.,-0.0400677930871281));
#2123=CARTESIAN_POINT('',(0.,0.,0.));
#2124=CARTESIAN_POINT('',(0.0618604610158705,0.,-0.0270098752848652));
#2125=CARTESIAN_POINT('',(0.,0.,0.));
#2126=CARTESIAN_POINT('',(-0.0668,0.12,-1.22709609274565E-17));
#2127=CARTESIAN_POINT('',(0.0668,0.12,4.09032030915216E-18));
#2128=CARTESIAN_POINT('',(0.0675,0.12,4.13318294712231E-18));
#2129=CARTESIAN_POINT('',(0.0625,0.12,4.13318294712231E-18));
#2130=CARTESIAN_POINT('',(0.,0.12,0.));
#2131=CARTESIAN_POINT('',(-0.0675,0.12,-1.23995488413669E-17));
#2132=CARTESIAN_POINT('',(-0.0668,0.12,-1.22709609274565E-17));
#2133=CARTESIAN_POINT('',(-0.0625,0.12,3.46944695195361E-18));
#2134=CARTESIAN_POINT('',(-0.0610594333388267,0.12,-0.0164657522828257));
#2135=CARTESIAN_POINT('',(-0.0609311966305422,0.12,-0.0179315045656514));
#2136=CARTESIAN_POINT('',(-0.0623844763793839,0.12,-0.0199315045656515));
#2137=CARTESIAN_POINT('',(0.0623844763793839,0.12,-0.0199315045656515));
#2138=CARTESIAN_POINT('',(0.0609311966305422,0.12,-0.0179315045656515));
#2139=CARTESIAN_POINT('',(0.0618438350235556,0.12,-0.0075));
#2140=CARTESIAN_POINT('',(0.,0.078810453414917,0.));
#2141=CARTESIAN_POINT('',(0.0675,0.06,4.13318294712231E-18));
#2142=CARTESIAN_POINT('',(0.064488807832136,0.004,-0.0199359891751033));
#2143=CARTESIAN_POINT('',(0.064488807832136,0.00360708170014652,-0.0199359891751033));
#2144=CARTESIAN_POINT('',(0.0644143369513983,0.00284966730650761,-0.0201783822142329));
#2145=CARTESIAN_POINT('',(0.0641726320247993,0.00198445787747408,-0.0209378194985685));
#2146=CARTESIAN_POINT('',(0.0638719006642808,0.00133483269097574,-0.0218395326000394));
#2147=CARTESIAN_POINT('',(0.0634100709522652,0.000665965246913485,-0.023158408105673));
#2148=CARTESIAN_POINT('',(0.062753323448455,0.000145337936233122,-0.0248993734208683));
#2149=CARTESIAN_POINT('',(0.0621697868628712,6.18890105955105E-18,-0.0263014292332721));
#2150=CARTESIAN_POINT('',(0.0618604610158705,-4.36463995713319E-19,-0.0270098752848652));
#2151=CARTESIAN_POINT('',(0.064488807832136,0.004,-0.0199359891751033));
#2152=CARTESIAN_POINT('',(0.064488807832136,0.078810453414917,-0.0199359891751033));
#2153=CARTESIAN_POINT('',(0.064488807832136,0.02,-0.0199359891751033));
#2154=CARTESIAN_POINT('',(0.0618604610158705,0.024,-0.0270098752848652));
#2155=CARTESIAN_POINT('',(0.0621696791804166,0.024,-0.0263016758573757));
#2156=CARTESIAN_POINT('',(0.0627539049995588,0.0238558160742724,-0.0248978119795015));
#2157=CARTESIAN_POINT('',(0.0635418668039786,0.0232246944026446,-0.0228094642295266));
#2158=CARTESIAN_POINT('',(0.0640922095328754,0.0223019437982777,-0.021190841060081));
#2159=CARTESIAN_POINT('',(0.0644148133142453,0.0211482131383527,-0.0201767990469868));
#2160=CARTESIAN_POINT('',(0.064488807832136,0.0203921138660221,-0.0199359891751033));
#2161=CARTESIAN_POINT('',(0.064488807832136,0.02,-0.0199359891751033));
#2162=CARTESIAN_POINT('',(0.0618604610158705,0.024,-0.0270098752848652));
#2163=CARTESIAN_POINT('',(0.,0.024,0.));
#2164=CARTESIAN_POINT('',(0.054321468657678,0.024,-0.0400677930871281));
#2165=CARTESIAN_POINT('',(0.0495094769912791,0.02,-0.045880951254851));
#2166=CARTESIAN_POINT('',(0.0495094769912791,0.0203929182998535,-0.045880951254851));
#2167=CARTESIAN_POINT('',(0.049682160080497,0.0211503326934923,-0.0456952610607251));
#2168=CARTESIAN_POINT('',(0.0502189995980132,0.0220155421225259,-0.0451062198119027));
#2169=CARTESIAN_POINT('',(0.050849540370553,0.0226651673090242,-0.0443949222632437));
#2170=CARTESIAN_POINT('',(0.0517608052068529,0.0233340347530865,-0.0433355282475988));
#2171=CARTESIAN_POINT('',(0.0529401516450146,0.0238546620637669,-0.0418962855678295));
#2172=CARTESIAN_POINT('',(0.0538625993032879,0.024,-0.0406899001544744));
#2173=CARTESIAN_POINT('',(0.054321468657678,0.024,-0.0400677930871281));
#2174=CARTESIAN_POINT('',(0.0495094769912791,0.02,-0.045880951254851));
#2175=CARTESIAN_POINT('',(0.0495094769912791,0.078810453414917,-0.0458809512548509));
#2176=CARTESIAN_POINT('',(0.0495094769912791,0.004,-0.045880951254851));
#2177=CARTESIAN_POINT('',(0.054321468657678,0.,-0.0400677930871281));
#2178=CARTESIAN_POINT('',(0.0538627590447995,-2.73691127179901E-18,-0.0406896835866814));
#2179=CARTESIAN_POINT('',(0.0529390901726763,0.000144183925727626,-0.0418975699265424));
#2180=CARTESIAN_POINT('',(0.0515245088714718,0.000775305597355408,-0.0436241387413693));
#2181=CARTESIAN_POINT('',(0.0503979114520263,0.00169805620172229,-0.0449100611101046));
#2182=CARTESIAN_POINT('',(0.0496810271988669,0.0028517868616473,-0.0456964651866751));
#2183=CARTESIAN_POINT('',(0.0495094769912791,0.00360788613397787,-0.0458809512548509));
#2184=CARTESIAN_POINT('',(0.0495094769912791,0.004,-0.0458809512548509));
#2185=CARTESIAN_POINT('',(-0.049509476991279,0.004,-0.045880951254851));
#2186=CARTESIAN_POINT('',(-0.049509476991279,0.00360708170014651,-0.045880951254851));
#2187=CARTESIAN_POINT('',(-0.049682160080497,0.00284966730650766,-0.0456952610607251));
#2188=CARTESIAN_POINT('',(-0.0502189995980132,0.00198445787747411,-0.0451062198119027));
#2189=CARTESIAN_POINT('',(-0.050849540370553,0.00133483269097578,-0.0443949222632437));
#2190=CARTESIAN_POINT('',(-0.0517608052068528,0.000665965246913509,-0.0433355282475988));
#2191=CARTESIAN_POINT('',(-0.0529401516450146,0.000145337936233163,-0.0418962855678296));
#2192=CARTESIAN_POINT('',(-0.0538625993032878,6.0467274731988E-18,-0.0406899001544744));
#2193=CARTESIAN_POINT('',(-0.0543214686576779,-9.55926105018078E-21,-0.0400677930871281));
#2194=CARTESIAN_POINT('',(-0.049509476991279,0.004,-0.045880951254851));
#2195=CARTESIAN_POINT('',(-0.049509476991279,0.078810453414917,-0.045880951254851));
#2196=CARTESIAN_POINT('',(-0.049509476991279,0.02,-0.045880951254851));
#2197=CARTESIAN_POINT('',(-0.054321468657678,0.024,-0.0400677930871281));
#2198=CARTESIAN_POINT('',(-0.0538627590447995,0.024,-0.0406896835866814));
#2199=CARTESIAN_POINT('',(-0.0529390901726763,0.0238558160742724,-0.0418975699265424));
#2200=CARTESIAN_POINT('',(-0.0515245088714718,0.0232246944026446,-0.0436241387413692));
#2201=CARTESIAN_POINT('',(-0.0503979114520263,0.0223019437982777,-0.0449100611101047));
#2202=CARTESIAN_POINT('',(-0.049681027198867,0.0211482131383526,-0.045696465186675));
#2203=CARTESIAN_POINT('',(-0.0495094769912791,0.0203921138660221,-0.045880951254851));
#2204=CARTESIAN_POINT('',(-0.0495094769912791,0.02,-0.045880951254851));
#2205=CARTESIAN_POINT('',(-0.054321468657678,0.024,-0.0400677930871281));
#2206=CARTESIAN_POINT('',(0.,0.024,0.));
#2207=CARTESIAN_POINT('',(-0.0618604610158705,0.024,-0.0270098752848652));
#2208=CARTESIAN_POINT('',(-0.064488807832136,0.02,-0.0199359891751033));
#2209=CARTESIAN_POINT('',(-0.064488807832136,0.0203929182998535,-0.0199359891751033));
#2210=CARTESIAN_POINT('',(-0.0644143369513983,0.0211503326934924,-0.0201783822142329));
#2211=CARTESIAN_POINT('',(-0.0641726320247993,0.0220155421225259,-0.0209378194985685));
#2212=CARTESIAN_POINT('',(-0.0638719006642809,0.0226651673090242,-0.0218395326000393));
#2213=CARTESIAN_POINT('',(-0.0634100709522652,0.0233340347530865,-0.0231584081056729));
#2214=CARTESIAN_POINT('',(-0.062753323448455,0.0238546620637668,-0.0248993734208683));
#2215=CARTESIAN_POINT('',(-0.0621697868628711,0.024,-0.0263014292332721));
#2216=CARTESIAN_POINT('',(-0.0618604610158705,0.024,-0.0270098752848652));
#2217=CARTESIAN_POINT('',(-0.064488807832136,0.02,-0.0199359891751033));
#2218=CARTESIAN_POINT('',(-0.064488807832136,0.078810453414917,-0.0199359891751033));
#2219=CARTESIAN_POINT('',(-0.064488807832136,0.004,-0.0199359891751033));
#2220=CARTESIAN_POINT('',(-0.0618604610158705,0.,-0.0270098752848652));
#2221=CARTESIAN_POINT('',(-0.0621696791804166,1.86526610395677E-18,-0.0263016758573757));
#2222=CARTESIAN_POINT('',(-0.0627539049995588,0.000144183925727636,-0.0248978119795015));
#2223=CARTESIAN_POINT('',(-0.0635418668039787,0.00077530559735542,-0.0228094642295266));
#2224=CARTESIAN_POINT('',(-0.0640922095328753,0.0016980562017223,-0.021190841060081));
#2225=CARTESIAN_POINT('',(-0.0644148133142453,0.00285178686164733,-0.0201767990469868));
#2226=CARTESIAN_POINT('',(-0.064488807832136,0.00360788613397786,-0.0199359891751033));
#2227=CARTESIAN_POINT('',(-0.064488807832136,0.004,-0.0199359891751033));
#2228=CARTESIAN_POINT('',(-0.0675,0.06,-1.23995488413669E-17));
#2229=CARTESIAN_POINT('',(-0.03375,0.078810453414917,-6.19977442068348E-18));
#2230=CARTESIAN_POINT('',(-0.0625,0.12,3.46944695195361E-18));
#2231=CARTESIAN_POINT('',(-0.0625,0.02,3.46944695195361E-18));
#2232=CARTESIAN_POINT('',(-0.065,0.02,4.13318294712231E-18));
#2233=CARTESIAN_POINT('',(0.03375,0.078810453414917,2.06659147356116E-18));
#2234=CARTESIAN_POINT('',(0.0625,0.12,4.13318294712231E-18));
#2235=CARTESIAN_POINT('',(0.0625,0.02,4.13318294712231E-18));
#2236=CARTESIAN_POINT('',(0.065,0.02,4.13318294712231E-18));
#2237=CARTESIAN_POINT('',(0.,0.02,0.00221209944769902));
#2238=CARTESIAN_POINT('',(0.0618438350235556,0.02,-0.0075));
#2239=CARTESIAN_POINT('',(0.0609311966305422,0.02,-0.0179315045656515));
#2240=CARTESIAN_POINT('',(0.0623844763793839,0.02,-0.0199315045656515));
#2241=CARTESIAN_POINT('',(0.,0.02,0.00221209944769902));
#2242=CARTESIAN_POINT('',(0.,0.02,0.00221209944769902));
#2243=CARTESIAN_POINT('',(0.,0.02,0.00221209944769902));
#2244=CARTESIAN_POINT('',(0.,0.02,0.00221209944769902));
#2245=CARTESIAN_POINT('',(0.,0.02,0.00221209944769902));
#2246=CARTESIAN_POINT('',(0.0541901071789061,0.022,-0.0439883788893278));
#2247=CARTESIAN_POINT('',(0.0498420309675528,0.004,-0.0455194678025733));
#2248=CARTESIAN_POINT('',(0.0578403362967289,0.004,-0.0427030230074526));
#2249=CARTESIAN_POINT('',(0.0503121448198645,0.004,-0.0453539265212687));
#2250=CARTESIAN_POINT('',(0.0503121448198645,0.022,-0.0453539265212687));
#2251=CARTESIAN_POINT('',(0.0503121448198645,0.02,-0.0453539265212687));
#2252=CARTESIAN_POINT('',(0.0541901071789061,0.02,-0.0439883788893278));
#2253=CARTESIAN_POINT('',(0.0578403362967289,0.02,-0.0427030230074526));
#2254=CARTESIAN_POINT('',(0.0578403362967289,0.002,-0.0427030230074526));
#2255=CARTESIAN_POINT('',(0.0622881833902594,0.022,-0.035962099447699));
#2256=CARTESIAN_POINT('',(0.0622881833902594,0.012,-0.035962099447699));
#2257=CARTESIAN_POINT('',(0.0608631833902594,0.012,-0.0384302718484847));
#2258=CARTESIAN_POINT('',(0.0589081074664749,0.022,-0.0418165626811341));
#2259=CARTESIAN_POINT('',(0.0589081074664749,0.004,-0.0418165626811341));
#2260=CARTESIAN_POINT('',(0.0589081074664749,0.02,-0.0418165626811341));
#2261=CARTESIAN_POINT('',(0.0660381833902594,0.02,-0.0294669089193157));
#2262=CARTESIAN_POINT('',(0.0656682593140439,0.02,-0.0301076362142639));
#2263=CARTESIAN_POINT('',(0.0656682593140439,0.022,-0.0301076362142639));
#2264=CARTESIAN_POINT('',(0.0656682593140439,0.004,-0.0301076362142639));
#2265=CARTESIAN_POINT('',(0.0622881833902594,0.004,-0.035962099447699));
#2266=CARTESIAN_POINT('',(0.0651901071789061,0.022,-0.0249358200060702));
#2267=CARTESIAN_POINT('',(0.0643420309675527,0.02,-0.0204047310928246));
#2268=CARTESIAN_POINT('',(0.0659020708912098,0.02,-0.0287396890926759));
#2269=CARTESIAN_POINT('',(0.0644337249387238,0.02,-0.0208946322722499));
#2270=CARTESIAN_POINT('',(0.0644337249387238,0.002,-0.0208946322722499));
#2271=CARTESIAN_POINT('',(0.0644337249387238,0.004,-0.0208946322722499));
#2272=CARTESIAN_POINT('',(0.0651901071789061,0.004,-0.0249358200060702));
#2273=CARTESIAN_POINT('',(0.0659020708912098,0.004,-0.0287396890926759));
#2274=CARTESIAN_POINT('',(0.0659020708912098,0.022,-0.0287396890926759));
#2275=CARTESIAN_POINT('',(0.,0.022,0.00221209944769902));
#2276=CARTESIAN_POINT('',(0.0197876871030742,0.022,-0.0539821364495487));
#2277=CARTESIAN_POINT('',(0.057176056658906,0.022,-0.0408165626811341));
#2278=CARTESIAN_POINT('',(0.0559309936549425,0.022,-0.0412549869563763));
#2279=CARTESIAN_POINT('',(0.,0.022,0.));
#2280=CARTESIAN_POINT('',(0.0636933635644889,0.022,-0.0278101678858983));
#2281=CARTESIAN_POINT('',(0.0640723210055246,0.022,-0.0298348560409037));
#2282=CARTESIAN_POINT('',(0.063936208506475,0.022,-0.0291076362142639));
#2283=CARTESIAN_POINT('',(0.0568061325826905,0.022,-0.0414572899760823));
#2284=CARTESIAN_POINT('',(0.,0.002,0.00221209944769902));
#2285=CARTESIAN_POINT('',(0.0561085534950253,0.002,0.0127138420494554));
#2286=CARTESIAN_POINT('',(0.063936208506475,0.002,-0.0291076362142639));
#2287=CARTESIAN_POINT('',(0.0636933635644889,0.002,-0.0278101678858982));
#2288=CARTESIAN_POINT('',(0.,0.002,0.));
#2289=CARTESIAN_POINT('',(0.0559309936549425,0.002,-0.0412549869563763));
#2290=CARTESIAN_POINT('',(0.0578739037524366,0.002,-0.0405708296497637));
#2291=CARTESIAN_POINT('',(0.057176056658906,0.002,-0.0408165626811341));
#2292=CARTESIAN_POINT('',(0.061513999741393,0.002,-0.0333030248619247));
#2293=CARTESIAN_POINT('',(-0.0622881833902594,0.022,-0.035962099447699));
#2294=CARTESIAN_POINT('',(-0.0622881833902594,0.012,-0.0359620994476991));
#2295=CARTESIAN_POINT('',(-0.0637131833902594,0.012,-0.0334939270469134));
#2296=CARTESIAN_POINT('',(-0.0585381833902594,0.02,-0.0424572899760823));
#2297=CARTESIAN_POINT('',(-0.0656682593140439,0.02,-0.0301076362142639));
#2298=CARTESIAN_POINT('',(-0.0589081074664749,0.02,-0.0418165626811341));
#2299=CARTESIAN_POINT('',(-0.0589081074664749,0.022,-0.0418165626811341));
#2300=CARTESIAN_POINT('',(-0.0589081074664749,0.004,-0.0418165626811341));
#2301=CARTESIAN_POINT('',(-0.0622881833902594,0.004,-0.035962099447699));
#2302=CARTESIAN_POINT('',(-0.0656682593140439,0.004,-0.0301076362142639));
#2303=CARTESIAN_POINT('',(-0.0656682593140439,0.022,-0.0301076362142639));
#2304=CARTESIAN_POINT('',(-0.0541901071789061,0.022,-0.0439883788893278));
#2305=CARTESIAN_POINT('',(-0.0498420309675527,0.02,-0.0455194678025734));
#2306=CARTESIAN_POINT('',(-0.0578403362967288,0.02,-0.0427030230074526));
#2307=CARTESIAN_POINT('',(-0.0503121448198645,0.02,-0.0453539265212687));
#2308=CARTESIAN_POINT('',(-0.0503121448198645,0.002,-0.0453539265212687));
#2309=CARTESIAN_POINT('',(-0.0503121448198645,0.004,-0.0453539265212687));
#2310=CARTESIAN_POINT('',(-0.0541901071789061,0.004,-0.0439883788893278));
#2311=CARTESIAN_POINT('',(-0.0578403362967288,0.004,-0.0427030230074526));
#2312=CARTESIAN_POINT('',(-0.0578403362967288,0.022,-0.0427030230074526));
#2313=CARTESIAN_POINT('',(-0.0651901071789061,0.022,-0.0249358200060702));
#2314=CARTESIAN_POINT('',(-0.0643420309675527,0.004,-0.0204047310928246));
#2315=CARTESIAN_POINT('',(-0.0659020708912098,0.004,-0.0287396890926759));
#2316=CARTESIAN_POINT('',(-0.0644337249387238,0.004,-0.0208946322722499));
#2317=CARTESIAN_POINT('',(-0.0644337249387238,0.022,-0.0208946322722499));
#2318=CARTESIAN_POINT('',(-0.0644337249387238,0.02,-0.0208946322722499));
#2319=CARTESIAN_POINT('',(-0.0651901071789061,0.02,-0.0249358200060702));
#2320=CARTESIAN_POINT('',(-0.0659020708912098,0.02,-0.0287396890926759));
#2321=CARTESIAN_POINT('',(-0.0659020708912098,0.002,-0.0287396890926759));
#2322=CARTESIAN_POINT('',(0.,0.022,0.00221209944769902));
#2323=CARTESIAN_POINT('',(-0.0561085534950255,0.022,0.0127138420494552));
#2324=CARTESIAN_POINT('',(-0.063936208506475,0.022,-0.0291076362142639));
#2325=CARTESIAN_POINT('',(-0.0636933635644889,0.022,-0.0278101678858983));
#2326=CARTESIAN_POINT('',(0.,0.022,0.));
#2327=CARTESIAN_POINT('',(-0.0559309936549425,0.022,-0.0412549869563763));
#2328=CARTESIAN_POINT('',(-0.0578739037524365,0.022,-0.0405708296497637));
#2329=CARTESIAN_POINT('',(-0.057176056658906,0.022,-0.0408165626811341));
#2330=CARTESIAN_POINT('',(-0.0643061325826905,0.022,-0.0284669089193157));
#2331=CARTESIAN_POINT('',(0.,0.002,0.00221209944769902));
#2332=CARTESIAN_POINT('',(-0.0197876871030744,0.002,-0.0539821364495487));
#2333=CARTESIAN_POINT('',(-0.057176056658906,0.002,-0.0408165626811341));
#2334=CARTESIAN_POINT('',(-0.0559309936549425,0.002,-0.0412549869563763));
#2335=CARTESIAN_POINT('',(0.,0.002,0.));
#2336=CARTESIAN_POINT('',(-0.0636933635644889,0.002,-0.0278101678858982));
#2337=CARTESIAN_POINT('',(-0.0640723210055246,0.002,-0.0298348560409037));
#2338=CARTESIAN_POINT('',(-0.063936208506475,0.002,-0.0291076362142639));
#2339=CARTESIAN_POINT('',(-0.0615139997413929,0.002,-0.0333030248619247));
#2340=CARTESIAN_POINT('',(-0.0615139997413929,0.004,-0.0333030248619247));
#2341=CARTESIAN_POINT('',(-0.063936208506475,0.004,-0.0291076362142639));
#2342=CARTESIAN_POINT('',(-0.057176056658906,0.004,-0.0408165626811341));
#2343=CARTESIAN_POINT('',(-0.063936208506475,0.004,-0.0291076362142639));
#2344=CARTESIAN_POINT('',(-0.063936208506475,0.004,-0.0291076362142639));
#2345=CARTESIAN_POINT('',(-0.063936208506475,0.004,-0.0291076362142639));
#2346=CARTESIAN_POINT('',(-0.057176056658906,0.004,-0.0408165626811341));
#2347=CARTESIAN_POINT('',(-0.057176056658906,0.004,-0.0408165626811341));
#2348=CARTESIAN_POINT('',(-0.057176056658906,0.004,-0.0408165626811341));
#2349=CARTESIAN_POINT('',(-0.0632242447941713,0.004,-0.0253037671276581));
#2350=CARTESIAN_POINT('',(-0.0644337249387238,0.004,-0.0208946322722499));
#2351=CARTESIAN_POINT('',(-0.0644337249387238,0.00383863697631362,-0.0208946322722499));
#2352=CARTESIAN_POINT('',(-0.0644220869346137,0.0035437909231824,-0.0210554164019877));
#2353=CARTESIAN_POINT('',(-0.0643842679391415,0.00315906724946051,-0.0215550631709398));
#2354=CARTESIAN_POINT('',(-0.0643257057505305,0.0028325341848824,-0.0222741409479627));
#2355=CARTESIAN_POINT('',(-0.0642446768261485,0.0025529968608193,-0.0231723930051766));
#2356=CARTESIAN_POINT('',(-0.0641237328787992,0.00227578924947275,-0.0243915782912788));
#2357=CARTESIAN_POINT('',(-0.0639482857495025,0.00206035229709597,-0.0259418351704245));
#2358=CARTESIAN_POINT('',(-0.0637827233174866,0.00199999999999958,-0.0271868945002955));
#2359=CARTESIAN_POINT('',(-0.063693363564489,0.00199999999999957,-0.0278101678858982));
#2360=CARTESIAN_POINT('',(-0.063936208506475,0.022,-0.0291076362142639));
#2361=CARTESIAN_POINT('',(-0.063936208506475,0.02,-0.0291076362142639));
#2362=CARTESIAN_POINT('',(-0.0605561325826905,0.02,-0.034962099447699));
#2363=CARTESIAN_POINT('',(-0.057176056658906,0.02,-0.0408165626811341));
#2364=CARTESIAN_POINT('',(-0.063936208506475,0.02,-0.0291076362142639));
#2365=CARTESIAN_POINT('',(-0.057176056658906,0.022,-0.0408165626811341));
#2366=CARTESIAN_POINT('',(-0.057176056658906,0.02,-0.0408165626811341));
#2367=CARTESIAN_POINT('',(-0.0197876871030744,0.004,-0.0539821364495487));
#2368=CARTESIAN_POINT('',(-0.0559309936549425,0.002,-0.0412549869563763));
#2369=CARTESIAN_POINT('',(-0.0554357161609822,0.00200000000000001,-0.0416441582343175));
#2370=CARTESIAN_POINT('',(-0.05444233627731,0.00206024925950612,-0.0424084511043694));
#2371=CARTESIAN_POINT('',(-0.0531886854421475,0.00227512897947637,-0.0433347485154433));
#2372=CARTESIAN_POINT('',(-0.0521909126681378,0.00255259631044024,-0.0440508461643546));
#2373=CARTESIAN_POINT('',(-0.0514522382884531,0.00283319451385658,-0.0445710189012494));
#2374=CARTESIAN_POINT('',(-0.0508630806797804,0.00315617829791704,-0.0449783323526936));
#2375=CARTESIAN_POINT('',(-0.0504450514146269,0.00354403879121945,-0.0452638117379743));
#2376=CARTESIAN_POINT('',(-0.0503121448198645,0.00383866937896143,-0.0453539265212688));
#2377=CARTESIAN_POINT('',(-0.0503121448198645,0.004,-0.0453539265212688));
#2378=CARTESIAN_POINT('',(0.,0.,0.));
#2379=CARTESIAN_POINT('',(-0.0559309936549425,0.,-0.0412549869563763));
#2380=CARTESIAN_POINT('',(-0.0636933635644889,0.,-0.0278101678858982));
#2381=CARTESIAN_POINT('',(-0.064488807832136,0.004,-0.0199359891751032));
#2382=CARTESIAN_POINT('',(-0.0643427364028975,0.004,-0.0204085000822466));
#2383=CARTESIAN_POINT('',(-0.0644337249387238,0.004,-0.0208946322722498));
#2384=CARTESIAN_POINT('',(-0.0644888078261606,0.00359883187382063,-0.0199359891944324));
#2385=CARTESIAN_POINT('',(-0.0643427363968654,0.00370525684073356,-0.0204085001012348));
#2386=CARTESIAN_POINT('',(-0.0644337249421138,0.0037994159369104,-0.0208946322903618));
#2387=CARTESIAN_POINT('',(-0.0644112447809685,0.00282907383747229,-0.0201883824902835));
#2388=CARTESIAN_POINT('',(-0.0642632855968502,0.00313578909143879,-0.0206602437905372));
#2389=CARTESIAN_POINT('',(-0.0644159395559785,0.00341453691873295,-0.0211428852797345));
#2390=CARTESIAN_POINT('',(-0.0640824532586371,0.00167592579381154,-0.021220688418918));
#2391=CARTESIAN_POINT('',(-0.0639285389951388,0.00232367590067461,-0.0216849916775245));
#2392=CARTESIAN_POINT('',(-0.064337046995526,0.00283796289692158,-0.0221571814985416));
#2393=CARTESIAN_POINT('',(-0.0635303157709342,0.000762747335100227,-0.0228414567727707));
#2394=CARTESIAN_POINT('',(-0.0633685145485255,0.00178285187431539,-0.0232878465958028));
#2395=CARTESIAN_POINT('',(-0.0641940642271613,0.00238137366742385,-0.0237463298209551));
#2396=CARTESIAN_POINT('',(-0.0627448683520292,0.00014074566696117,-0.0249201050699926));
#2397=CARTESIAN_POINT('',(-0.0626100197421242,0.00162736351437797,-0.0252535835141183));
#2398=CARTESIAN_POINT('',(-0.0639695313772342,0.00207037283394139,-0.0257772263934969));
#2399=CARTESIAN_POINT('',(-0.0621659474351878,1.98209872142458E-12,-0.0263102226380555));
#2400=CARTESIAN_POINT('',(-0.0621051155742338,0.00182529347423034,-0.0264495452739768));
#2401=CARTESIAN_POINT('',(-0.063790820821041,0.002,-0.0271304153994901));
#2402=CARTESIAN_POINT('',(-0.0618604610158705,1.65399726560202E-19,-0.0270098752848652));
#2403=CARTESIAN_POINT('',(-0.0618604610158705,0.002,-0.0270098752848652));
#2404=CARTESIAN_POINT('',(-0.0636933635644889,0.002,-0.0278101678858982));
#2405=CARTESIAN_POINT('',(-0.0663995873234586,0.004,-0.0205266851506619));
#2406=CARTESIAN_POINT('',(-0.063936208506475,0.02,-0.0291076362142639));
#2407=CARTESIAN_POINT('',(-0.063936208506475,0.02,-0.0291076362142639));
#2408=CARTESIAN_POINT('',(-0.057176056658906,0.02,-0.0408165626811341));
#2409=CARTESIAN_POINT('',(-0.057176056658906,0.02,-0.0408165626811341));
#2410=CARTESIAN_POINT('',(-0.054321468657678,4.16363429280098E-20,-0.0400677930871282));
#2411=CARTESIAN_POINT('',(-0.054321468657678,0.00199999999999999,-0.0400677930871281));
#2412=CARTESIAN_POINT('',(-0.0559309936549425,0.002,-0.0412549869563764));
#2413=CARTESIAN_POINT('',(-0.0538663230729159,2.11760900520118E-12,-0.0406848516948625));
#2414=CARTESIAN_POINT('',(-0.0539570259967928,0.00182456663949074,-0.0405618822073111));
#2415=CARTESIAN_POINT('',(-0.0553886899378018,0.00200000000000001,-0.0416811097524809));
#2416=CARTESIAN_POINT('',(-0.0529505586768678,0.00014310915732309,-0.0418828639248982));
#2417=CARTESIAN_POINT('',(-0.0531723162702279,0.00162826781884367,-0.0415989917836405));
#2418=CARTESIAN_POINT('',(-0.0543045810819979,0.00207155457916552,-0.0425136002024664));
#2419=CARTESIAN_POINT('',(-0.0517783765479636,0.000656832547879305,-0.0433144693534673));
#2420=CARTESIAN_POINT('',(-0.0520531329226579,0.001756804833917,-0.0429852625849708));
#2421=CARTESIAN_POINT('',(-0.0529333448952257,0.00232841627387721,-0.0435209702153468));
#2422=CARTESIAN_POINT('',(-0.050868879563805,0.00131826671558891,-0.0443727717958801));
#2423=CARTESIAN_POINT('',(-0.0511710036042508,0.00212036039941693,-0.044026059928311));
#2424=CARTESIAN_POINT('',(-0.0518778660778274,0.00265913335780605,-0.0442725906640234));
#2425=CARTESIAN_POINT('',(-0.0502354180570455,0.00196412191755178,-0.0450879953509073));
#2426=CARTESIAN_POINT('',(-0.0505581442314003,0.00253193327341757,-0.0447282184085635));
#2427=CARTESIAN_POINT('',(-0.0511462576799145,0.00298206095877281,-0.0447835846838923));
#2428=CARTESIAN_POINT('',(-0.0496901384278856,0.00282748300575067,-0.0456866626041516));
#2429=CARTESIAN_POINT('',(-0.0500248120331977,0.00313463572687468,-0.0453225806368222));
#2430=CARTESIAN_POINT('',(-0.0505192344616796,0.00341374150287607,-0.0452137319698914));
#2431=CARTESIAN_POINT('',(-0.0495094769787733,0.00359940121811309,-0.0458809512683458));
#2432=CARTESIAN_POINT('',(-0.0498456477136134,0.00370567514532624,-0.0455181942461605));
#2433=CARTESIAN_POINT('',(-0.0503121448040563,0.00379970060905689,-0.0453539265268353));
#2434=CARTESIAN_POINT('',(-0.049509476991279,0.004,-0.045880951254851));
#2435=CARTESIAN_POINT('',(-0.0498456477258111,0.004,-0.0455181942327917));
#2436=CARTESIAN_POINT('',(-0.0503121448198645,0.004,-0.0453539265212687));
#2437=CARTESIAN_POINT('',(-0.0509764244576873,0.004,-0.0472403868475873));
#2438=CARTESIAN_POINT('',(-0.0663995873234586,0.078810453414917,-0.0205266851506619));
#2439=CARTESIAN_POINT('',(-0.0663995873234586,0.02,-0.0205266851506619));
#2440=CARTESIAN_POINT('',(-0.0561085534950255,0.02,0.0127138420494552));
#2441=CARTESIAN_POINT('',(-0.0636933635644889,0.022,-0.0278101678858983));
#2442=CARTESIAN_POINT('',(-0.0637827570306291,0.022,-0.0271866593552353));
#2443=CARTESIAN_POINT('',(-0.0639479641301891,0.0219397507404939,-0.0259442207053409));
#2444=CARTESIAN_POINT('',(-0.0641233358020576,0.0217248710205236,-0.0243953785290775));
#2445=CARTESIAN_POINT('',(-0.0642446081706003,0.0214474036895598,-0.0231732331351251));
#2446=CARTESIAN_POINT('',(-0.0643257537852649,0.0211668054861434,-0.0222734359887459));
#2447=CARTESIAN_POINT('',(-0.0643839187771824,0.020843821702083,-0.0215595538070805));
#2448=CARTESIAN_POINT('',(-0.0644221365445155,0.0204559612087806,-0.0210547901512917));
#2449=CARTESIAN_POINT('',(-0.0644337249387238,0.0201613306210386,-0.0208946322722498));
#2450=CARTESIAN_POINT('',(-0.0644337249387238,0.02,-0.0208946322722499));
#2451=CARTESIAN_POINT('',(-0.0535258275410832,0.02,-0.0421019185630093));
#2452=CARTESIAN_POINT('',(-0.0503121448198645,0.02,-0.0453539265212687));
#2453=CARTESIAN_POINT('',(-0.0503121448198645,0.0201613630236864,-0.0453539265212687));
#2454=CARTESIAN_POINT('',(-0.0504455689586878,0.0204562090768176,-0.0452634556491911));
#2455=CARTESIAN_POINT('',(-0.050859366255783,0.0208409327505394,-0.0449808800538906));
#2456=CARTESIAN_POINT('',(-0.0514528247836762,0.0211674658151176,-0.0445706248223407));
#2457=CARTESIAN_POINT('',(-0.0521902194220341,0.0214470031391807,-0.0440513256867776));
#2458=CARTESIAN_POINT('',(-0.0531855928780441,0.0217242107505273,-0.0433369925128881));
#2459=CARTESIAN_POINT('',(-0.0544404311531276,0.021939647702904,-0.0424099224023233));
#2460=CARTESIAN_POINT('',(-0.0554359029460067,0.0220000000000004,-0.0416440114653496));
#2461=CARTESIAN_POINT('',(-0.0559309936549425,0.0220000000000004,-0.0412549869563765));
#2462=CARTESIAN_POINT('',(-0.0509764244576873,0.078810453414917,-0.0472403868475873));
#2463=CARTESIAN_POINT('',(-0.0509764244576873,0.02,-0.0472403868475873));
#2464=CARTESIAN_POINT('',(-0.0618604610158705,0.024,-0.0270098752848652));
#2465=CARTESIAN_POINT('',(-0.0618604610158705,0.022,-0.0270098752848652));
#2466=CARTESIAN_POINT('',(-0.0636933635644889,0.022,-0.0278101678858982));
#2467=CARTESIAN_POINT('',(-0.0621672766534283,0.0239999999978827,-0.0263071783421349));
#2468=CARTESIAN_POINT('',(-0.0621061334152289,0.0221754333605011,-0.026447214122179));
#2469=CARTESIAN_POINT('',(-0.0637912448724523,0.022,-0.0271274576921719));
#2470=CARTESIAN_POINT('',(-0.0627469034806344,0.0238568908426768,-0.0249150969963154));
#2471=CARTESIAN_POINT('',(-0.0626119417915715,0.0223717321811599,-0.025249080776278));
#2472=CARTESIAN_POINT('',(-0.0639701483226817,0.0219284454208345,-0.025772346657679));
#2473=CARTESIAN_POINT('',(-0.0634006190855281,0.0233431674521207,-0.0231841547805167));
#2474=CARTESIAN_POINT('',(-0.0632528958482581,0.0222431951660826,-0.0235867041651014));
#2475=CARTESIAN_POINT('',(-0.0641569382514477,0.0216715837261227,-0.0240811362788714));
#2476=CARTESIAN_POINT('',(-0.0638623873934641,0.0226817332844111,-0.0218673560663669));
#2477=CARTESIAN_POINT('',(-0.0637131881285785,0.0218796396005832,-0.0223023590942721));
#2478=CARTESIAN_POINT('',(-0.064280121245308,0.021340866642194,-0.0227912545855147));
#2479=CARTESIAN_POINT('',(-0.0641650584081236,0.022035878082448,-0.0209611505316779));
#2480=CARTESIAN_POINT('',(-0.0640148455235367,0.0214680667265821,-0.0214205280683046));
#2481=CARTESIAN_POINT('',(-0.0643568508487395,0.0210179390412269,-0.0219021661173632));
#2482=CARTESIAN_POINT('',(-0.0644108796432652,0.0211725169942502,-0.0201895908940429));
#2483=CARTESIAN_POINT('',(-0.0642629122131493,0.0208653642731264,-0.0206614677218933));
#2484=CARTESIAN_POINT('',(-0.0644158577166673,0.0205862584971252,-0.0211440744386158));
#2485=CARTESIAN_POINT('',(-0.0644888078375729,0.0204005987818852,-0.019935989157516));
#2486=CARTESIAN_POINT('',(-0.0643427364083899,0.0202943248546716,-0.0204085000649691));
#2487=CARTESIAN_POINT('',(-0.0644337249356385,0.0202002993909405,-0.020894632255766));
#2488=CARTESIAN_POINT('',(-0.064488807832136,0.02,-0.0199359891751033));
#2489=CARTESIAN_POINT('',(-0.0643427364028975,0.02,-0.0204085000822466));
#2490=CARTESIAN_POINT('',(-0.0644337249387238,0.02,-0.0208946322722498));
#2491=CARTESIAN_POINT('',(-0.0636933635644889,0.024,-0.0278101678858983));
#2492=CARTESIAN_POINT('',(-0.049509476991279,0.02,-0.045880951254851));
#2493=CARTESIAN_POINT('',(-0.0498456477258111,0.02,-0.0455181942327917));
#2494=CARTESIAN_POINT('',(-0.0503121448198645,0.02,-0.0453539265212687));
#2495=CARTESIAN_POINT('',(-0.0495094770050572,0.0204011681261757,-0.0458809512399832));
#2496=CARTESIAN_POINT('',(-0.0498456477392771,0.0202947431592603,-0.0455181942180606));
#2497=CARTESIAN_POINT('',(-0.0503121448372865,0.0202005840630865,-0.0453539265151339));
#2498=CARTESIAN_POINT('',(-0.0496892744883749,0.0211709261625293,-0.0456875830245676));
#2499=CARTESIAN_POINT('',(-0.0500239387693929,0.0208642109085641,-0.045323515962264));
#2500=CARTESIAN_POINT('',(-0.0505182455395206,0.0205854630812684,-0.0452143974242596));
#2501=CARTESIAN_POINT('',(-0.0504188818859029,0.0223240742061875,-0.044886688249342));
#2502=CARTESIAN_POINT('',(-0.0507440231711704,0.0216763240993235,-0.0445212429578488));
#2503=CARTESIAN_POINT('',(-0.0513572055517738,0.0211620371030776,-0.0446389263533242));
#2504=CARTESIAN_POINT('',(-0.0515464397101271,0.0232372526649002,-0.0435981389816951));
#2505=CARTESIAN_POINT('',(-0.051852124025656,0.0222171481256866,-0.0432348201012051));
#2506=CARTESIAN_POINT('',(-0.0526619569851666,0.0216186263325764,-0.0437205254824151));
#2507=CARTESIAN_POINT('',(-0.052953878231611,0.0238592543330383,-0.041878597414964));
#2508=CARTESIAN_POINT('',(-0.0531752547308949,0.0223726364856165,-0.0415950758710712));
#2509=CARTESIAN_POINT('',(-0.054308498584495,0.0219296271660585,-0.0425106260441219));
#2510=CARTESIAN_POINT('',(-0.0538682949013642,0.0239999999980187,-0.0406821784101867));
#2511=CARTESIAN_POINT('',(-0.0539585359128969,0.022174706525782,-0.0405598351552525));
#2512=CARTESIAN_POINT('',(-0.055391039361691,0.022,-0.0416792636595372));
#2513=CARTESIAN_POINT('',(-0.054321468657678,0.024,-0.0400677930871281));
#2514=CARTESIAN_POINT('',(-0.054321468657678,0.022,-0.0400677930871281));
#2515=CARTESIAN_POINT('',(-0.0559309936549425,0.022,-0.0412549869563763));
#2516=CARTESIAN_POINT('',(-0.0559309936549425,0.024,-0.0412549869563763));
#2517=CARTESIAN_POINT('',(0.,0.024,0.));
#2518=CARTESIAN_POINT('',(0.061513999741393,0.004,-0.0333030248619247));
#2519=CARTESIAN_POINT('',(0.057176056658906,0.004,-0.0408165626811341));
#2520=CARTESIAN_POINT('',(0.063936208506475,0.004,-0.0291076362142639));
#2521=CARTESIAN_POINT('',(0.057176056658906,0.004,-0.0408165626811341));
#2522=CARTESIAN_POINT('',(0.057176056658906,0.004,-0.0408165626811341));
#2523=CARTESIAN_POINT('',(0.057176056658906,0.004,-0.0408165626811341));
#2524=CARTESIAN_POINT('',(0.063936208506475,0.004,-0.0291076362142639));
#2525=CARTESIAN_POINT('',(0.063936208506475,0.004,-0.0291076362142639));
#2526=CARTESIAN_POINT('',(0.063936208506475,0.004,-0.0291076362142639));
#2527=CARTESIAN_POINT('',(0.0535258275410833,0.004,-0.0421019185630093));
#2528=CARTESIAN_POINT('',(0.0503121448198645,0.004,-0.0453539265212687));
#2529=CARTESIAN_POINT('',(0.0503121448198645,0.00383863697631361,-0.0453539265212687));
#2530=CARTESIAN_POINT('',(0.0504455689586878,0.00354379092318234,-0.0452634556491911));
#2531=CARTESIAN_POINT('',(0.050859366255783,0.00315906724946051,-0.0449808800538905));
#2532=CARTESIAN_POINT('',(0.0514528247836763,0.00283253418488238,-0.0445706248223407));
#2533=CARTESIAN_POINT('',(0.0521902194220341,0.00255299686081928,-0.0440513256867776));
#2534=CARTESIAN_POINT('',(0.0531855928780441,0.00227578924947274,-0.0433369925128881));
#2535=CARTESIAN_POINT('',(0.0544404311531276,0.00206035229709597,-0.0424099224023233));
#2536=CARTESIAN_POINT('',(0.0554359029460068,0.00199999999999958,-0.0416440114653496));
#2537=CARTESIAN_POINT('',(0.0559309936549426,0.00199999999999957,-0.0412549869563765));
#2538=CARTESIAN_POINT('',(0.057176056658906,0.022,-0.0408165626811341));
#2539=CARTESIAN_POINT('',(0.057176056658906,0.02,-0.0408165626811341));
#2540=CARTESIAN_POINT('',(0.0605561325826905,0.02,-0.034962099447699));
#2541=CARTESIAN_POINT('',(0.063936208506475,0.02,-0.0291076362142639));
#2542=CARTESIAN_POINT('',(0.057176056658906,0.02,-0.0408165626811341));
#2543=CARTESIAN_POINT('',(0.063936208506475,0.022,-0.0291076362142639));
#2544=CARTESIAN_POINT('',(0.063936208506475,0.02,-0.0291076362142639));
#2545=CARTESIAN_POINT('',(0.0561085534950253,0.004,0.0127138420494554));
#2546=CARTESIAN_POINT('',(0.0636933635644889,0.002,-0.0278101678858982));
#2547=CARTESIAN_POINT('',(0.0637827570306291,0.00200000000000001,-0.0271866593552353));
#2548=CARTESIAN_POINT('',(0.0639479641301891,0.00206024925950611,-0.0259442207053409));
#2549=CARTESIAN_POINT('',(0.0641233358020577,0.00227512897947637,-0.0243953785290776));
#2550=CARTESIAN_POINT('',(0.0642446081706003,0.00255259631044021,-0.0231732331351251));
#2551=CARTESIAN_POINT('',(0.064325753785265,0.00283319451385657,-0.022273435988746));
#2552=CARTESIAN_POINT('',(0.0643839187771823,0.00315617829791703,-0.0215595538070806));
#2553=CARTESIAN_POINT('',(0.0644221365445155,0.00354403879121936,-0.0210547901512918));
#2554=CARTESIAN_POINT('',(0.0644337249387238,0.00383866937896142,-0.0208946322722499));
#2555=CARTESIAN_POINT('',(0.0644337249387238,0.004,-0.0208946322722499));
#2556=CARTESIAN_POINT('',(0.,0.,0.));
#2557=CARTESIAN_POINT('',(0.0636933635644889,0.,-0.0278101678858982));
#2558=CARTESIAN_POINT('',(0.0559309936549425,0.,-0.0412549869563763));
#2559=CARTESIAN_POINT('',(0.0495094769912791,0.004,-0.045880951254851));
#2560=CARTESIAN_POINT('',(0.0498456477258112,0.004,-0.0455181942327917));
#2561=CARTESIAN_POINT('',(0.0503121448198646,0.004,-0.0453539265212687));
#2562=CARTESIAN_POINT('',(0.049509477005003,0.00359883187381054,-0.0458809512400418));
#2563=CARTESIAN_POINT('',(0.0498456477391883,0.00370525684072617,-0.0455181942180893));
#2564=CARTESIAN_POINT('',(0.050312144837197,0.00379941593690571,-0.0453539265151655));
#2565=CARTESIAN_POINT('',(0.0496892744883993,0.00282907383747683,-0.0456875830245412));
#2566=CARTESIAN_POINT('',(0.0500239387694334,0.00313578909144206,-0.045323515962251));
#2567=CARTESIAN_POINT('',(0.0505182455395611,0.00341453691873506,-0.0452143974242454));
#2568=CARTESIAN_POINT('',(0.0504188818858887,0.0016759257938089,-0.0448866882493573));
#2569=CARTESIAN_POINT('',(0.0507440231711459,0.00232367590067282,-0.0445212429578565));
#2570=CARTESIAN_POINT('',(0.0513572055517503,0.00283796289692034,-0.0446389263533322));
#2571=CARTESIAN_POINT('',(0.051546439710132,0.000762747335101103,-0.0435981389816897));
#2572=CARTESIAN_POINT('',(0.0518521240256671,0.00178285187431513,-0.0432348201012035));
#2573=CARTESIAN_POINT('',(0.0526619569851749,0.00238137366742426,-0.0437205254824137));
#2574=CARTESIAN_POINT('',(0.0529538782316092,0.000140745666960898,-0.0418785974149661));
#2575=CARTESIAN_POINT('',(0.0531752547308842,0.00162736351438136,-0.0415950758710654));
#2576=CARTESIAN_POINT('',(0.0543084985844914,0.00207037283394127,-0.0425106260441177));
#2577=CARTESIAN_POINT('',(0.0538682949013651,1.98211869543477E-12,-0.0406821784101855));
#2578=CARTESIAN_POINT('',(0.0539585359129133,0.00182529347422147,-0.040559835155271));
#2579=CARTESIAN_POINT('',(0.0553910393616938,0.002,-0.0416792636595481));
#2580=CARTESIAN_POINT('',(0.054321468657678,1.3831452458385E-19,-0.0400677930871281));
#2581=CARTESIAN_POINT('',(0.054321468657678,0.00200000000000002,-0.0400677930871281));
#2582=CARTESIAN_POINT('',(0.0559309936549425,0.002,-0.0412549869563763));
#2583=CARTESIAN_POINT('',(0.0509764244576873,0.004,-0.0472403868475873));
#2584=CARTESIAN_POINT('',(0.057176056658906,0.02,-0.0408165626811341));
#2585=CARTESIAN_POINT('',(0.057176056658906,0.02,-0.0408165626811341));
#2586=CARTESIAN_POINT('',(0.063936208506475,0.02,-0.0291076362142639));
#2587=CARTESIAN_POINT('',(0.063936208506475,0.02,-0.0291076362142639));
#2588=CARTESIAN_POINT('',(0.0618604610158705,1.87326216650903E-19,-0.0270098752848652));
#2589=CARTESIAN_POINT('',(0.0618604610158705,0.00200000000000001,-0.0270098752848652));
#2590=CARTESIAN_POINT('',(0.0636933635644889,0.002,-0.0278101678858982));
#2591=CARTESIAN_POINT('',(0.0621672766534305,2.11773586702548E-12,-0.0263071783421297));
#2592=CARTESIAN_POINT('',(0.0621061334152564,0.00182456663947851,-0.0264472141221853));
#2593=CARTESIAN_POINT('',(0.0637912448724687,0.00200000000000001,-0.0271274576921883));
#2594=CARTESIAN_POINT('',(0.0627469034806334,0.00014310915732301,-0.0249150969963178));
#2595=CARTESIAN_POINT('',(0.0626119417915604,0.00162826781884875,-0.0252490807762729));
#2596=CARTESIAN_POINT('',(0.0639701483226739,0.00207155457916552,-0.0257723466576712));
#2597=CARTESIAN_POINT('',(0.0634006190855282,0.000656832547879329,-0.0231841547805165));
#2598=CARTESIAN_POINT('',(0.0632528958482589,0.00175680483391641,-0.023586704165103));
#2599=CARTESIAN_POINT('',(0.0641569382514486,0.00232841627387721,-0.0240811362788725));
#2600=CARTESIAN_POINT('',(0.0638623873934641,0.00131826671558886,-0.0218673560663668));
#2601=CARTESIAN_POINT('',(0.063713188128579,0.00212036039941702,-0.0223023590942709));
#2602=CARTESIAN_POINT('',(0.0642801212453079,0.00265913335780606,-0.0227912545855145));
#2603=CARTESIAN_POINT('',(0.0641650584081234,0.00196412191755189,-0.0209611505316786));
#2604=CARTESIAN_POINT('',(0.0640148455235345,0.00253193327341758,-0.0214205280683085));
#2605=CARTESIAN_POINT('',(0.0643568508487396,0.00298206095877273,-0.0219021661173638));
#2606=CARTESIAN_POINT('',(0.064410879643266,0.00282748300575014,-0.0201895908940403));
#2607=CARTESIAN_POINT('',(0.0642629122131574,0.00313463572687447,-0.0206614677218795));
#2608=CARTESIAN_POINT('',(0.0644158577166669,0.00341374150287629,-0.021144074438614));
#2609=CARTESIAN_POINT('',(0.0644888078375712,0.00359940121811414,-0.0199359891575217));
#2610=CARTESIAN_POINT('',(0.0643427364083725,0.00370567514532662,-0.0204085000649987));
#2611=CARTESIAN_POINT('',(0.0644337249356393,0.00379970060905638,-0.0208946322557701));
#2612=CARTESIAN_POINT('',(0.064488807832136,0.00400000000000001,-0.0199359891751032));
#2613=CARTESIAN_POINT('',(0.0643427364028975,0.00400000000000001,-0.0204085000822466));
#2614=CARTESIAN_POINT('',(0.0644337249387238,0.00400000000000001,-0.0208946322722499));
#2615=CARTESIAN_POINT('',(0.0663995873234585,0.004,-0.020526685150662));
#2616=CARTESIAN_POINT('',(0.0509764244576873,0.078810453414917,-0.0472403868475873));
#2617=CARTESIAN_POINT('',(0.0509764244576873,0.02,-0.0472403868475873));
#2618=CARTESIAN_POINT('',(0.0197876871030742,0.02,-0.0539821364495487));
#2619=CARTESIAN_POINT('',(0.0559309936549425,0.022,-0.0412549869563763));
#2620=CARTESIAN_POINT('',(0.0554357161609822,0.022,-0.0416441582343175));
#2621=CARTESIAN_POINT('',(0.05444233627731,0.0219397507404939,-0.0424084511043693));
#2622=CARTESIAN_POINT('',(0.0531886854421475,0.0217248710205236,-0.0433347485154432));
#2623=CARTESIAN_POINT('',(0.0521909126681379,0.0214474036895598,-0.0440508461643546));
#2624=CARTESIAN_POINT('',(0.0514522382884531,0.0211668054861434,-0.0445710189012494));
#2625=CARTESIAN_POINT('',(0.0508630806797805,0.020843821702083,-0.0449783323526935));
#2626=CARTESIAN_POINT('',(0.0504450514146269,0.0204559612087807,-0.0452638117379743));
#2627=CARTESIAN_POINT('',(0.0503121448198645,0.0201613306210386,-0.0453539265212687));
#2628=CARTESIAN_POINT('',(0.0503121448198645,0.02,-0.0453539265212687));
#2629=CARTESIAN_POINT('',(0.0632242447941713,0.02,-0.0253037671276581));
#2630=CARTESIAN_POINT('',(0.0644337249387238,0.02,-0.0208946322722499));
#2631=CARTESIAN_POINT('',(0.0644337249387238,0.0201613630236864,-0.0208946322722499));
#2632=CARTESIAN_POINT('',(0.0644220869346137,0.0204562090768176,-0.0210554164019877));
#2633=CARTESIAN_POINT('',(0.0643842679391415,0.0208409327505395,-0.0215550631709398));
#2634=CARTESIAN_POINT('',(0.0643257057505305,0.0211674658151176,-0.0222741409479628));
#2635=CARTESIAN_POINT('',(0.0642446768261485,0.0214470031391807,-0.0231723930051767));
#2636=CARTESIAN_POINT('',(0.0641237328787992,0.0217242107505273,-0.0243915782912788));
#2637=CARTESIAN_POINT('',(0.0639482857495026,0.021939647702904,-0.0259418351704246));
#2638=CARTESIAN_POINT('',(0.0637827233174865,0.0220000000000004,-0.0271868945002956));
#2639=CARTESIAN_POINT('',(0.0636933635644889,0.0220000000000005,-0.0278101678858983));
#2640=CARTESIAN_POINT('',(0.0663995873234585,0.078810453414917,-0.020526685150662));
#2641=CARTESIAN_POINT('',(0.0663995873234586,0.02,-0.020526685150662));
#2642=CARTESIAN_POINT('',(0.054321468657678,0.024,-0.0400677930871281));
#2643=CARTESIAN_POINT('',(0.054321468657678,0.022,-0.0400677930871281));
#2644=CARTESIAN_POINT('',(0.0559309936549425,0.022,-0.0412549869563764));
#2645=CARTESIAN_POINT('',(0.0538663230728827,0.0239999999978827,-0.0406848516949076));
#2646=CARTESIAN_POINT('',(0.0539570259967862,0.0221754333605355,-0.0405618822073546));
#2647=CARTESIAN_POINT('',(0.0553886899377634,0.022,-0.0416811097525137));
#2648=CARTESIAN_POINT('',(0.0529505586768836,0.0238568908426768,-0.0418828639248767));
#2649=CARTESIAN_POINT('',(0.0531723162702283,0.0223717321811455,-0.0415989917836248));
#2650=CARTESIAN_POINT('',(0.0543045810820162,0.0219284454208345,-0.0425136002024508));
#2651=CARTESIAN_POINT('',(0.0517783765479617,0.0233431674521207,-0.0433144693534699));
#2652=CARTESIAN_POINT('',(0.0520531329226581,0.0222431951660842,-0.042985262584972));
#2653=CARTESIAN_POINT('',(0.0529333448952235,0.0216715837261227,-0.0435209702153487));
#2654=CARTESIAN_POINT('',(0.0508688795638054,0.0226817332844112,-0.0443727717958795));
#2655=CARTESIAN_POINT('',(0.051171003604251,0.021879639600583,-0.044026059928311));
#2656=CARTESIAN_POINT('',(0.0518778660778277,0.0213408666421941,-0.044272590664023));
#2657=CARTESIAN_POINT('',(0.0502354180570454,0.0220358780824479,-0.0450879953509074));
#2658=CARTESIAN_POINT('',(0.0505581442313991,0.021468066726582,-0.0447282184085631));
#2659=CARTESIAN_POINT('',(0.0511462576799147,0.0210179390412268,-0.0447835846838923));
#2660=CARTESIAN_POINT('',(0.0496901384278856,0.0211725169942505,-0.0456866626041516));
#2661=CARTESIAN_POINT('',(0.0500248120332023,0.0208653642731272,-0.0453225806368238));
#2662=CARTESIAN_POINT('',(0.0505192344616785,0.0205862584971255,-0.0452137319698917));
#2663=CARTESIAN_POINT('',(0.0495094769787735,0.0204005987818845,-0.0458809512683456));
#2664=CARTESIAN_POINT('',(0.0498456477136036,0.0202943248546696,-0.045518194246157));
#2665=CARTESIAN_POINT('',(0.0503121448040588,0.0202002993909398,-0.0453539265268344));
#2666=CARTESIAN_POINT('',(0.0495094769912791,0.02,-0.045880951254851));
#2667=CARTESIAN_POINT('',(0.0498456477258112,0.02,-0.0455181942327917));
#2668=CARTESIAN_POINT('',(0.0503121448198645,0.02,-0.0453539265212687));
#2669=CARTESIAN_POINT('',(0.0559309936549425,0.024,-0.0412549869563763));
#2670=CARTESIAN_POINT('',(0.064488807832136,0.02,-0.0199359891751033));
#2671=CARTESIAN_POINT('',(0.0643427364028974,0.02,-0.0204085000822466));
#2672=CARTESIAN_POINT('',(0.0644337249387237,0.02,-0.0208946322722499));
#2673=CARTESIAN_POINT('',(0.0644888078261712,0.0204011681261882,-0.0199359891943982));
#2674=CARTESIAN_POINT('',(0.0643427363969135,0.020294743159274,-0.0204085001012095));
#2675=CARTESIAN_POINT('',(0.0644337249421106,0.0202005840630927,-0.0208946322903455));
#2676=CARTESIAN_POINT('',(0.0644112447809638,0.0211709261625237,-0.020188382490299));
#2677=CARTESIAN_POINT('',(0.0642632855968281,0.0208642109085579,-0.0206602437905488));
#2678=CARTESIAN_POINT('',(0.0644159395559799,0.0205854630812656,-0.0211428852797419));
#2679=CARTESIAN_POINT('',(0.0640824532586398,0.0223240742061908,-0.0212206884189091));
#2680=CARTESIAN_POINT('',(0.0639285389951523,0.0216763240993273,-0.0216849916775178));
#2681=CARTESIAN_POINT('',(0.0643370469955255,0.0211620371030792,-0.0221571814985376));
#2682=CARTESIAN_POINT('',(0.0635303157709335,0.0232372526648991,-0.0228414567727734));
#2683=CARTESIAN_POINT('',(0.063368514548518,0.0222171481256842,-0.0232878465958028));
#2684=CARTESIAN_POINT('',(0.0641940642271595,0.0216186263325759,-0.0237463298209549));
#2685=CARTESIAN_POINT('',(0.0627448683520287,0.0238592543330387,-0.0249201050699933));
#2686=CARTESIAN_POINT('',(0.0626100197421367,0.0223726364856212,-0.025253583514127));
#2687=CARTESIAN_POINT('',(0.0639695313772417,0.0219296271660587,-0.0257772263935028));
#2688=CARTESIAN_POINT('',(0.0621659474351893,0.0239999999980187,-0.0263102226380521));
#2689=CARTESIAN_POINT('',(0.0621051155742075,0.0221747065257719,-0.0264495452739562));
#2690=CARTESIAN_POINT('',(0.0637908208210246,0.022,-0.0271304153994765));
#2691=CARTESIAN_POINT('',(0.0618604610158705,0.024,-0.0270098752848652));
#2692=CARTESIAN_POINT('',(0.0618604610158705,0.022,-0.0270098752848652));
#2693=CARTESIAN_POINT('',(0.0636933635644889,0.022,-0.0278101678858982));
#2694=CARTESIAN_POINT('',(0.0636933635644889,0.024,-0.0278101678858983));
#2695=CARTESIAN_POINT('',(0.,0.024,0.));
#2696=CARTESIAN_POINT('',(-0.0649519052838329,0.012,-0.0375));
#2697=CARTESIAN_POINT('',(-0.0597557528611263,0.012,-0.0345));
#2698=CARTESIAN_POINT('',(-0.0603807528611263,0.012,-0.0334174682452695));
#2699=CARTESIAN_POINT('',(-0.0684160068989706,0.012,-0.0395));
#2700=CARTESIAN_POINT('',(-0.0597557528611263,0.012,-0.0345));
#2701=CARTESIAN_POINT('',(-0.0611807528611263,0.012,-0.0320318275992144));
#2702=CARTESIAN_POINT('',(-0.0597557528611263,0.075,-0.0345));
#2703=CARTESIAN_POINT('',(0.0649519052838329,0.012,-0.0375));
#2704=CARTESIAN_POINT('',(0.0597557528611263,0.012,-0.0345));
#2705=CARTESIAN_POINT('',(0.0591307528611263,0.012,-0.0355825317547305));
#2706=CARTESIAN_POINT('',(0.0684160068989707,0.012,-0.0395));
#2707=CARTESIAN_POINT('',(0.0597557528611263,0.012,-0.0345));
#2708=CARTESIAN_POINT('',(0.0583307528611263,0.012,-0.0369681724007857));
#2709=CARTESIAN_POINT('',(0.0597557528611263,0.075,-0.0345));
#2710=CARTESIAN_POINT('',(-0.0623844763793839,0.12,-0.0199315045656515));
#2711=CARTESIAN_POINT('',(-0.0609311966305422,0.12,-0.0179315045656514));
#2712=CARTESIAN_POINT('',(-0.0610594333388267,0.12,-0.0164657522828257));
#2713=CARTESIAN_POINT('',(-0.0610594333388267,0.02,-0.0164657522828257));
#2714=CARTESIAN_POINT('',(0.,0.02,0.));
#2715=CARTESIAN_POINT('',(0.0618438350235556,0.12,-0.0075));
#2716=CARTESIAN_POINT('',(0.0618438350235556,0.02,-0.0075));
#2717=CARTESIAN_POINT('',(0.0609311966305422,0.12,-0.0179315045656515));
#2718=CARTESIAN_POINT('',(0.0623844763793839,0.12,-0.0199315045656515));
#2719=CARTESIAN_POINT('',(0.,0.02,0.));
#2720=MECHANICAL_DESIGN_GEOMETRIC_PRESENTATION_REPRESENTATION('',(#1387),
#2721);
#2721=(
GEOMETRIC_REPRESENTATION_CONTEXT(3)
GLOBAL_UNCERTAINTY_ASSIGNED_CONTEXT((#2722))
GLOBAL_UNIT_ASSIGNED_CONTEXT((#2725,#2724,#2723))
REPRESENTATION_CONTEXT('Hull Shell2','TOP_LEVEL_ASSEMBLY_PART')
);
#2722=UNCERTAINTY_MEASURE_WITH_UNIT(LENGTH_MEASURE(2.E-5),#2725,
'DISTANCE_ACCURACY_VALUE','Maximum Tolerance applied to model');
#2723=(
NAMED_UNIT(*)
SI_UNIT($,.STERADIAN.)
SOLID_ANGLE_UNIT()
);
#2724=(
NAMED_UNIT(*)
PLANE_ANGLE_UNIT()
SI_UNIT($,.RADIAN.)
);
#2725=(
LENGTH_UNIT()
NAMED_UNIT(*)
SI_UNIT($,.METRE.)
);
#2726=PRODUCT_DEFINITION_SHAPE('','',#2727);
#2727=PRODUCT_DEFINITION('','',#2729,#2728);
#2728=PRODUCT_DEFINITION_CONTEXT('',#2735,'design');
#2729=PRODUCT_DEFINITION_FORMATION_WITH_SPECIFIED_SOURCE('','',#2731,
 .NOT_KNOWN.);
#2730=PRODUCT_RELATED_PRODUCT_CATEGORY('','',(#2731));
#2731=PRODUCT('Hull Shell2','Hull Shell2','Hull Shell2',(#2733));
#2732=PRODUCT_CATEGORY('','');
#2733=PRODUCT_CONTEXT('',#2735,'mechanical');
#2734=APPLICATION_PROTOCOL_DEFINITION('international standard',
'ap242_managed_model_based_3d_engineering',2020,#2735);
#2735=APPLICATION_CONTEXT('managed model based 3d engineering');
ENDSEC;
END-ISO-10303-21;
