ISO-10303-21;
HEADER;
/* Generated by software containing ST-Developer
 * from STEP Tools, Inc. (www.steptools.com) 
 */
/* OPTION: using custom renumber hook */

FILE_DESCRIPTION(
/* description */ ('STEP AP242 Edition 2',
'CAx-IF Rec.Pracs.---Representation and Presentation of Product Manufa
cturing Information (PMI)---4.0---2014-10-13',
'CAx-IF Rec.Pracs.---3D Tessellated Geometry---0.4---2014-09-14','2;1',
'CAx-IF Rec.Pracs.---User Defined Attributes---1.5---2016-08-15'),
/* implementation_level */ '2;1');

FILE_NAME(
/* name */ 'DC_Gear_Motor - Ballast Motor',
/* time_stamp */ '2026-08-23T20:36:25Z',
/* author */ (''),
/* organization */ (''),
/* preprocessor_version */ 'ST-DEVELOPER v20',
/* originating_system */ 'ONSHAPE BY PTC INC, 1.219',
/* authorisation */ '  ');

FILE_SCHEMA (('AP242_MANAGED_MODEL_BASED_3D_ENGINEERING_MIM_LF { 1 0 10303 442 3 1 4 }'));
ENDSEC;

DATA;
#10=SHAPE_REPRESENTATION_RELATIONSHIP('','',#1864,#11);
#11=ADVANCED_BREP_SHAPE_REPRESENTATION('',(#1862),#3502);
#12=CONICAL_SURFACE('',#1996,0.0012,0.463647609000808);
#13=CONICAL_SURFACE('',#2005,0.0012,0.463647609000808);
#14=B_SPLINE_SURFACE_WITH_KNOTS('',3,1,((#2939,#2940),(#2941,#2942),(#2943,
#2944),(#2945,#2946),(#2947,#2948),(#2949,#2950),(#2951,#2952)),
 .SURF_OF_LINEAR_EXTRUSION.,.F.,.F.,.F.,(4,1,1,1,4),(2,2),(-6.01477961953522E-5,
0.249954889152853,0.499969926101902,0.749984963050951,1.),(0.,1.),
 .UNSPECIFIED.);
#15=B_SPLINE_SURFACE_WITH_KNOTS('',3,1,((#2957,#2958),(#2959,#2960),(#2961,
#2962),(#2963,#2964),(#2965,#2966),(#2967,#2968),(#2969,#2970)),
 .SURF_OF_LINEAR_EXTRUSION.,.F.,.F.,.F.,(4,1,1,1,4),(2,2),(-3.87215061601971E-17,
0.250015038517329,0.500030077034657,0.750045115551986,1.00006015406931),
(0.,1.),.UNSPECIFIED.);
#16=B_SPLINE_SURFACE_WITH_KNOTS('',3,3,((#3300,#3301,#3302,#3303,#3304,
#3305,#3306,#3307,#3308,#3309,#3310,#3311,#3312),(#3313,#3314,#3315,#3316,
#3317,#3318,#3319,#3320,#3321,#3322,#3323,#3324,#3325),(#3326,#3327,#3328,
#3329,#3330,#3331,#3332,#3333,#3334,#3335,#3336,#3337,#3338),(#3339,#3340,
#3341,#3342,#3343,#3344,#3345,#3346,#3347,#3348,#3349,#3350,#3351),(#3352,
#3353,#3354,#3355,#3356,#3357,#3358,#3359,#3360,#3361,#3362,#3363,#3364),
(#3365,#3366,#3367,#3368,#3369,#3370,#3371,#3372,#3373,#3374,#3375,#3376,
#3377),(#3378,#3379,#3380,#3381,#3382,#3383,#3384,#3385,#3386,#3387,#3388,
#3389,#3390),(#3391,#3392,#3393,#3394,#3395,#3396,#3397,#3398,#3399,#3400,
#3401,#3402,#3403),(#3404,#3405,#3406,#3407,#3408,#3409,#3410,#3411,#3412,
#3413,#3414,#3415,#3416),(#3417,#3418,#3419,#3420,#3421,#3422,#3423,#3424,
#3425,#3426,#3427,#3428,#3429)),.UNSPECIFIED.,.F.,.T.,.F.,(4,3,1,1,1,4),
(4,3,1,1,1,1,1,1,4),(-0.00888098197614517,0.,0.285714285714286,0.571428571428571,
0.785714285714286,1.),(0.,7.46591073398623E-6,0.134027023514312,0.268054047028624,
0.402081070542936,0.536108094057248,0.67013511757156,0.804162141085871,
0.938189164600183),.UNSPECIFIED.);
#17=(
BOUNDED_SURFACE()
B_SPLINE_SURFACE(3,3,((#2675,#2676,#2677,#2678),(#2679,#2680,#2681,#2682),
(#2683,#2684,#2685,#2686),(#2687,#2688,#2689,#2690),(#2691,#2692,#2693,
#2694),(#2695,#2696,#2697,#2698),(#2699,#2700,#2701,#2702)),
 .SURF_OF_REVOLUTION.,.F.,.F.,.F.)
B_SPLINE_SURFACE_WITH_KNOTS((4,1,1,1,4),(4,4),(-1.02586056819954E-5,0.000405790084121235,
0.000821838773924465,0.00123788746372769,0.00165393615353092),(0.,1.),
 .UNSPECIFIED.)
GEOMETRIC_REPRESENTATION_ITEM()
RATIONAL_B_SPLINE_SURFACE(((1.,0.93210542232543,0.93210542232543,1.),(1.,
0.93210542232543,0.93210542232543,1.),(1.,0.93210542232543,0.93210542232543,
1.),(1.,0.93210542232543,0.93210542232543,1.),(1.,0.93210542232543,0.93210542232543,
1.),(1.,0.93210542232543,0.93210542232543,1.),(1.,0.93210542232543,0.93210542232543,
1.)))
REPRESENTATION_ITEM('')
SURFACE()
);
#18=(
BOUNDED_SURFACE()
B_SPLINE_SURFACE(3,3,((#2721,#2722,#2723,#2724),(#2725,#2726,#2727,#2728),
(#2729,#2730,#2731,#2732),(#2733,#2734,#2735,#2736),(#2737,#2738,#2739,
#2740),(#2741,#2742,#2743,#2744),(#2745,#2746,#2747,#2748)),
 .SURF_OF_REVOLUTION.,.F.,.F.,.F.)
B_SPLINE_SURFACE_WITH_KNOTS((4,1,1,1,4),(4,4),(-1.10745670213797E-5,0.000405178113116725,
0.00082143079325483,0.00123768347339294,0.00165393615353104),(0.,1.),
 .UNSPECIFIED.)
GEOMETRIC_REPRESENTATION_ITEM()
RATIONAL_B_SPLINE_SURFACE(((1.,0.932102853082675,0.932102853082675,1.),
(1.,0.932102853082675,0.932102853082675,1.),(1.,0.932102853082675,0.932102853082675,
1.),(1.,0.932102853082675,0.932102853082675,1.),(1.,0.932102853082675,0.932102853082675,
1.),(1.,0.932102853082675,0.932102853082675,1.),(1.,0.932102853082675,0.932102853082675,
1.)))
REPRESENTATION_ITEM('')
SURFACE()
);
#19=(
BOUNDED_SURFACE()
B_SPLINE_SURFACE(3,3,((#2796,#2797,#2798,#2799),(#2800,#2801,#2802,#2803),
(#2804,#2805,#2806,#2807),(#2808,#2809,#2810,#2811),(#2812,#2813,#2814,
#2815),(#2816,#2817,#2818,#2819),(#2820,#2821,#2822,#2823)),
 .SURF_OF_REVOLUTION.,.F.,.F.,.F.)
B_SPLINE_SURFACE_WITH_KNOTS((4,1,1,1,4),(4,4),(-1.02586057284004E-5,0.000405790084086265,
0.00082183877390093,0.0012378874637156,0.00165393615353026),(0.,1.),
 .UNSPECIFIED.)
GEOMETRIC_REPRESENTATION_ITEM()
RATIONAL_B_SPLINE_SURFACE(((1.,0.932105422338391,0.932105422338391,1.),
(1.,0.932105422338391,0.932105422338391,1.),(1.,0.932105422338391,0.932105422338391,
1.),(1.,0.932105422338391,0.932105422338391,1.),(1.,0.932105422338391,0.932105422338391,
1.),(1.,0.932105422338391,0.932105422338391,1.),(1.,0.932105422338391,0.932105422338391,
1.)))
REPRESENTATION_ITEM('')
SURFACE()
);
#20=(
BOUNDED_SURFACE()
B_SPLINE_SURFACE(3,3,((#2850,#2851,#2852,#2853),(#2854,#2855,#2856,#2857),
(#2858,#2859,#2860,#2861),(#2862,#2863,#2864,#2865),(#2866,#2867,#2868,
#2869),(#2870,#2871,#2872,#2873),(#2874,#2875,#2876,#2877)),
 .SURF_OF_REVOLUTION.,.F.,.F.,.F.)
B_SPLINE_SURFACE_WITH_KNOTS((4,1,1,1,4),(4,4),(-1.10745670885129E-5,0.0004051781130661,
0.000821430793220714,0.00123768347337533,0.00165393615352994),(0.,1.),
 .UNSPECIFIED.)
GEOMETRIC_REPRESENTATION_ITEM()
RATIONAL_B_SPLINE_SURFACE(((1.,0.932102853096499,0.932102853096499,1.),
(1.,0.932102853096499,0.932102853096499,1.),(1.,0.932102853096499,0.932102853096499,
1.),(1.,0.932102853096499,0.932102853096499,1.),(1.,0.932102853096499,0.932102853096499,
1.),(1.,0.932102853096499,0.932102853096499,1.),(1.,0.932102853096499,0.932102853096499,
1.)))
REPRESENTATION_ITEM('')
SURFACE()
);
#21=TOROIDAL_SURFACE('',#1900,0.00564852682538051,0.000300128685411037);
#22=TOROIDAL_SURFACE('',#1901,0.0056485268253801,0.000300128685411035);
#23=PLANE('',#1875);
#24=PLANE('',#1879);
#25=PLANE('',#1883);
#26=PLANE('',#1887);
#27=PLANE('',#1888);
#28=PLANE('',#1889);
#29=PLANE('',#1890);
#30=PLANE('',#1891);
#31=PLANE('',#1895);
#32=PLANE('',#1899);
#33=PLANE('',#1905);
#34=PLANE('',#1907);
#35=PLANE('',#1910);
#36=PLANE('',#1911);
#37=PLANE('',#1912);
#38=PLANE('',#1913);
#39=PLANE('',#1914);
#40=PLANE('',#1915);
#41=PLANE('',#1926);
#42=PLANE('',#1927);
#43=PLANE('',#1932);
#44=PLANE('',#1933);
#45=PLANE('',#1938);
#46=PLANE('',#1939);
#47=PLANE('',#1940);
#48=PLANE('',#1941);
#49=PLANE('',#1942);
#50=PLANE('',#1943);
#51=PLANE('',#1944);
#52=PLANE('',#1945);
#53=PLANE('',#1946);
#54=PLANE('',#1947);
#55=PLANE('',#1949);
#56=PLANE('',#1951);
#57=PLANE('',#1953);
#58=PLANE('',#1967);
#59=PLANE('',#1971);
#60=PLANE('',#1978);
#61=PLANE('',#1979);
#62=PLANE('',#1980);
#63=PLANE('',#1987);
#64=PLANE('',#1989);
#65=PLANE('',#1991);
#66=PLANE('',#1999);
#67=PLANE('',#2008);
#68=PLANE('',#2009);
#69=PLANE('',#2010);
#70=PLANE('',#2013);
#71=PLANE('',#2016);
#72=PLANE('',#2019);
#73=PLANE('',#2022);
#74=PLANE('',#2023);
#75=PLANE('',#2024);
#76=PLANE('',#2027);
#77=PLANE('',#2030);
#78=PLANE('',#2033);
#79=PLANE('',#2035);
#80=PLANE('',#2037);
#81=PLANE('',#2040);
#82=B_SPLINE_CURVE_WITH_KNOTS('',3,(#2556,#2557,#2558,#2559),
 .UNSPECIFIED.,.F.,.F.,(4,4),(0.,1.),.UNSPECIFIED.);
#83=B_SPLINE_CURVE_WITH_KNOTS('',3,(#2571,#2572,#2573,#2574),
 .UNSPECIFIED.,.F.,.F.,(4,4),(0.,1.),.UNSPECIFIED.);
#84=B_SPLINE_CURVE_WITH_KNOTS('',3,(#2587,#2588,#2589,#2590),
 .UNSPECIFIED.,.F.,.F.,(4,4),(0.,1.),.UNSPECIFIED.);
#85=B_SPLINE_CURVE_WITH_KNOTS('',3,(#2602,#2603,#2604,#2605),
 .UNSPECIFIED.,.F.,.F.,(4,4),(0.,1.),.UNSPECIFIED.);
#86=B_SPLINE_CURVE_WITH_KNOTS('',3,(#2646,#2647,#2648,#2649,#2650,#2651,
#2652),.UNSPECIFIED.,.F.,.F.,(4,1,1,1,4),(-0.000288590660497887,0.000126432067401128,
0.000541454795300143,0.000956477523199159,0.00137150025109817),
 .UNSPECIFIED.);
#87=B_SPLINE_CURVE_WITH_KNOTS('',3,(#2654,#2655,#2656,#2657),
 .UNSPECIFIED.,.F.,.F.,(4,4),(5.13088091326574E-15,0.000459288958580957),
 .UNSPECIFIED.);
#88=B_SPLINE_CURVE_WITH_KNOTS('',3,(#2661,#2662,#2663,#2664),
 .UNSPECIFIED.,.F.,.F.,(4,4),(5.13109329087484E-15,0.000459296960753748),
 .UNSPECIFIED.);
#89=B_SPLINE_CURVE_WITH_KNOTS('',3,(#2667,#2668,#2669,#2670),
 .UNSPECIFIED.,.F.,.F.,(4,4),(0.511860481428642,0.611841239405343),
 .UNSPECIFIED.);
#90=B_SPLINE_CURVE_WITH_KNOTS('',3,(#2671,#2672,#2673,#2674),
 .UNSPECIFIED.,.F.,.F.,(4,4),(6.98513798727999E-10,0.00100049893221507),
 .UNSPECIFIED.);
#91=B_SPLINE_CURVE_WITH_KNOTS('',3,(#2703,#2704,#2705,#2706,#2707),
 .UNSPECIFIED.,.F.,.F.,(4,1,4),(0.,0.5,1.),.UNSPECIFIED.);
#92=B_SPLINE_CURVE_WITH_KNOTS('',3,(#2709,#2710,#2711,#2712),
 .UNSPECIFIED.,.F.,.F.,(4,4),(0.544414377420381,0.960910778117357),
 .UNSPECIFIED.);
#93=B_SPLINE_CURVE_WITH_KNOTS('',3,(#2714,#2715,#2716,#2717,#2718,#2719,
#2720),.UNSPECIFIED.,.F.,.F.,(4,1,1,1,4),(0.,0.25,0.5,0.75,1.),
 .UNSPECIFIED.);
#94=B_SPLINE_CURVE_WITH_KNOTS('',3,(#2749,#2750,#2751,#2752,#2753,#2754,
#2755),.UNSPECIFIED.,.F.,.F.,(4,1,1,1,4),(0.,0.000417383901025099,0.000834767802050197,
0.0012521517030753,0.00166953560410039),.UNSPECIFIED.);
#95=B_SPLINE_CURVE_WITH_KNOTS('',3,(#2757,#2758,#2759,#2760,#2761),
 .UNSPECIFIED.,.F.,.F.,(4,1,4),(0.,0.5,1.),.UNSPECIFIED.);
#96=B_SPLINE_CURVE_WITH_KNOTS('',3,(#2763,#2764,#2765,#2766,#2767,#2768,
#2769),.UNSPECIFIED.,.F.,.F.,(4,1,1,1,4),(0.,0.25,0.5,0.75,1.),
 .UNSPECIFIED.);
#97=B_SPLINE_CURVE_WITH_KNOTS('',3,(#2771,#2772,#2773,#2774),
 .UNSPECIFIED.,.F.,.F.,(4,4),(0.0278785838360163,0.44437496755814),
 .UNSPECIFIED.);
#98=B_SPLINE_CURVE_WITH_KNOTS('',3,(#2776,#2777,#2778,#2779),
 .UNSPECIFIED.,.F.,.F.,(4,4),(5.13130566885725E-15,0.000459296960753749),
 .UNSPECIFIED.);
#99=B_SPLINE_CURVE_WITH_KNOTS('',3,(#2782,#2783,#2784,#2785),
 .UNSPECIFIED.,.F.,.F.,(4,4),(0.511860481428642,0.611841239405343),
 .UNSPECIFIED.);
#100=B_SPLINE_CURVE_WITH_KNOTS('',3,(#2787,#2788,#2789,#2790),
 .UNSPECIFIED.,.F.,.F.,(4,4),(5.13088091326574E-15,0.000459288958580947),
 .UNSPECIFIED.);
#101=B_SPLINE_CURVE_WITH_KNOTS('',3,(#2792,#2793,#2794,#2795),
 .UNSPECIFIED.,.F.,.F.,(4,4),(6.98513798944717E-10,0.00100049893221526),
 .UNSPECIFIED.);
#102=B_SPLINE_CURVE_WITH_KNOTS('',3,(#2824,#2825,#2826,#2827,#2828,#2829,
#2830),.UNSPECIFIED.,.F.,.F.,(4,1,1,1,4),(-0.00137697662047736,-0.000960207770121031,
-0.000543438919764699,-0.000126670069408368,0.000290098780947964),
 .UNSPECIFIED.);
#103=B_SPLINE_CURVE_WITH_KNOTS('',3,(#2832,#2833,#2834,#2835),
 .UNSPECIFIED.,.F.,.F.,(4,4),(0.544414377420383,0.960910778117003),
 .UNSPECIFIED.);
#104=B_SPLINE_CURVE_WITH_KNOTS('',3,(#2837,#2838,#2839,#2840,#2841,#2842,
#2843),.UNSPECIFIED.,.F.,.F.,(4,1,1,1,4),(0.,0.25,0.5,0.75,1.),
 .UNSPECIFIED.);
#105=B_SPLINE_CURVE_WITH_KNOTS('',3,(#2845,#2846,#2847,#2848,#2849),
 .UNSPECIFIED.,.F.,.F.,(4,1,4),(0.,0.5,1.),.UNSPECIFIED.);
#106=B_SPLINE_CURVE_WITH_KNOTS('',3,(#2878,#2879,#2880,#2881,#2882,#2883,
#2884),.UNSPECIFIED.,.F.,.F.,(4,1,1,1,4),(6.50521303491303E-19,0.000417383901042953,
0.000834767802085905,0.00125215170312886,0.00166953560417181),
 .UNSPECIFIED.);
#107=B_SPLINE_CURVE_WITH_KNOTS('',3,(#2886,#2887,#2888,#2889,#2890),
 .UNSPECIFIED.,.F.,.F.,(4,1,4),(0.,0.5,1.),.UNSPECIFIED.);
#108=B_SPLINE_CURVE_WITH_KNOTS('',3,(#2892,#2893,#2894,#2895,#2896,#2897,
#2898),.UNSPECIFIED.,.F.,.F.,(4,1,1,1,4),(0.,0.25,0.5,0.75,1.),
 .UNSPECIFIED.);
#109=B_SPLINE_CURVE_WITH_KNOTS('',3,(#2900,#2901,#2902,#2903),
 .UNSPECIFIED.,.F.,.F.,(4,4),(0.0278785838366055,0.444374967558135),
 .UNSPECIFIED.);
#110=B_SPLINE_CURVE_WITH_KNOTS('',3,(#2953,#2954,#2955,#2956),
 .UNSPECIFIED.,.F.,.F.,(4,4),(9.63944760385969E-9,0.999999990360469),
 .UNSPECIFIED.);
#111=B_SPLINE_CURVE_WITH_KNOTS('',3,(#2971,#2972,#2973,#2974),
 .UNSPECIFIED.,.F.,.F.,(4,4),(9.63944827617256E-9,0.999999990360469),
 .UNSPECIFIED.);
#112=B_SPLINE_CURVE_WITH_KNOTS('',3,(#3022,#3023,#3024,#3025),
 .UNSPECIFIED.,.F.,.F.,(4,4),(90.,180.),.UNSPECIFIED.);
#113=B_SPLINE_CURVE_WITH_KNOTS('',3,(#3029,#3030,#3031,#3032),
 .UNSPECIFIED.,.F.,.F.,(4,4),(90.,180.),.UNSPECIFIED.);
#114=B_SPLINE_CURVE_WITH_KNOTS('',3,(#3034,#3035,#3036,#3037),
 .UNSPECIFIED.,.F.,.F.,(4,4),(90.,180.),.UNSPECIFIED.);
#115=B_SPLINE_CURVE_WITH_KNOTS('',3,(#3043,#3044,#3045,#3046),
 .UNSPECIFIED.,.F.,.F.,(4,4),(0.,90.),.UNSPECIFIED.);
#116=B_SPLINE_CURVE_WITH_KNOTS('',3,(#3060,#3061,#3062,#3063),
 .UNSPECIFIED.,.F.,.F.,(4,4),(90.,180.),.UNSPECIFIED.);
#117=B_SPLINE_CURVE_WITH_KNOTS('',3,(#3067,#3068,#3069,#3070),
 .UNSPECIFIED.,.F.,.F.,(4,4),(0.,90.),.UNSPECIFIED.);
#118=B_SPLINE_CURVE_WITH_KNOTS('',3,(#3072,#3073,#3074,#3075),
 .UNSPECIFIED.,.F.,.F.,(4,4),(90.,180.),.UNSPECIFIED.);
#119=B_SPLINE_CURVE_WITH_KNOTS('',3,(#3081,#3082,#3083,#3084),
 .UNSPECIFIED.,.F.,.F.,(4,4),(90.,180.),.UNSPECIFIED.);
#120=B_SPLINE_CURVE_WITH_KNOTS('',3,(#3260,#3261,#3262,#3263,#3264,#3265,
#3266,#3267,#3268,#3269,#3270),.UNSPECIFIED.,.T.,.F.,(1,1,1,1,1,1,1,1,1,
1,1,1,1,1,1),(-0.00471502314158626,-0.00314334876105751,-0.00157167438052875,
0.,0.00157167438052875,0.00314334876105751,0.00471502314158626,0.00628669752211502,
0.00785837190264378,0.00943004628317253,0.0110017206637013,0.01257339504423,
0.0141450694247588,0.0157167438052876,0.0172884181858163),.UNSPECIFIED.);
#121=B_SPLINE_CURVE_WITH_KNOTS('',3,(#3274,#3275,#3276,#3277,#3278,#3279,
#3280,#3281,#3282),.UNSPECIFIED.,.F.,.F.,(4,1,1,1,1,1,4),(-0.00108921482328893,
0.000627385005385923,0.00148568491972335,0.00234398483406077,0.0032022847483982,
0.00406058466273562,0.00577718449141047),.UNSPECIFIED.);
#122=B_SPLINE_CURVE_WITH_KNOTS('',3,(#3295,#3296,#3297,#3298,#3299),
 .UNSPECIFIED.,.F.,.F.,(4,1,4),(-0.3599192508377,-0.23444017323725,-0.1089610956368),
 .UNSPECIFIED.);
#123=LINE('',#2552,#267);
#124=LINE('',#2563,#268);
#125=LINE('',#2565,#269);
#126=LINE('',#2567,#270);
#127=LINE('',#2576,#271);
#128=LINE('',#2578,#272);
#129=LINE('',#2583,#273);
#130=LINE('',#2594,#274);
#131=LINE('',#2596,#275);
#132=LINE('',#2598,#276);
#133=LINE('',#2607,#277);
#134=LINE('',#2609,#278);
#135=LINE('',#2611,#279);
#136=LINE('',#2613,#280);
#137=LINE('',#2615,#281);
#138=LINE('',#2617,#282);
#139=LINE('',#2619,#283);
#140=LINE('',#2621,#284);
#141=LINE('',#2626,#285);
#142=LINE('',#2630,#286);
#143=LINE('',#2632,#287);
#144=LINE('',#2634,#288);
#145=LINE('',#2636,#289);
#146=LINE('',#2642,#290);
#147=LINE('',#2644,#291);
#148=LINE('',#2659,#292);
#149=LINE('',#2908,#293);
#150=LINE('',#2912,#294);
#151=LINE('',#2914,#295);
#152=LINE('',#2918,#296);
#153=LINE('',#2919,#297);
#154=LINE('',#2921,#298);
#155=LINE('',#2923,#299);
#156=LINE('',#2927,#300);
#157=LINE('',#2929,#301);
#158=LINE('',#2930,#302);
#159=LINE('',#2933,#303);
#160=LINE('',#2934,#304);
#161=LINE('',#2937,#305);
#162=LINE('',#2938,#306);
#163=LINE('',#2976,#307);
#164=LINE('',#2978,#308);
#165=LINE('',#2980,#309);
#166=LINE('',#2982,#310);
#167=LINE('',#3000,#311);
#168=LINE('',#3002,#312);
#169=LINE('',#3003,#313);
#170=LINE('',#3006,#314);
#171=LINE('',#3008,#315);
#172=LINE('',#3010,#316);
#173=LINE('',#3011,#317);
#174=LINE('',#3014,#318);
#175=LINE('',#3016,#319);
#176=LINE('',#3018,#320);
#177=LINE('',#3020,#321);
#178=LINE('',#3027,#322);
#179=LINE('',#3039,#323);
#180=LINE('',#3041,#324);
#181=LINE('',#3048,#325);
#182=LINE('',#3050,#326);
#183=LINE('',#3052,#327);
#184=LINE('',#3054,#328);
#185=LINE('',#3056,#329);
#186=LINE('',#3058,#330);
#187=LINE('',#3065,#331);
#188=LINE('',#3077,#332);
#189=LINE('',#3079,#333);
#190=LINE('',#3086,#334);
#191=LINE('',#3088,#335);
#192=LINE('',#3090,#336);
#193=LINE('',#3092,#337);
#194=LINE('',#3094,#338);
#195=LINE('',#3096,#339);
#196=LINE('',#3098,#340);
#197=LINE('',#3100,#341);
#198=LINE('',#3102,#342);
#199=LINE('',#3105,#343);
#200=LINE('',#3107,#344);
#201=LINE('',#3109,#345);
#202=LINE('',#3112,#346);
#203=LINE('',#3114,#347);
#204=LINE('',#3116,#348);
#205=LINE('',#3120,#349);
#206=LINE('',#3122,#350);
#207=LINE('',#3126,#351);
#208=LINE('',#3128,#352);
#209=LINE('',#3132,#353);
#210=LINE('',#3134,#354);
#211=LINE('',#3156,#355);
#212=LINE('',#3160,#356);
#213=LINE('',#3162,#357);
#214=LINE('',#3164,#358);
#215=LINE('',#3166,#359);
#216=LINE('',#3170,#360);
#217=LINE('',#3174,#361);
#218=LINE('',#3178,#362);
#219=LINE('',#3182,#363);
#220=LINE('',#3186,#364);
#221=LINE('',#3190,#365);
#222=LINE('',#3192,#366);
#223=LINE('',#3196,#367);
#224=LINE('',#3198,#368);
#225=LINE('',#3200,#369);
#226=LINE('',#3202,#370);
#227=LINE('',#3208,#371);
#228=LINE('',#3212,#372);
#229=LINE('',#3216,#373);
#230=LINE('',#3220,#374);
#231=LINE('',#3222,#375);
#232=LINE('',#3224,#376);
#233=LINE('',#3226,#377);
#234=LINE('',#3228,#378);
#235=LINE('',#3245,#379);
#236=LINE('',#3249,#380);
#237=LINE('',#3253,#381);
#238=LINE('',#3257,#382);
#239=LINE('',#3285,#383);
#240=LINE('',#3289,#384);
#241=LINE('',#3291,#385);
#242=LINE('',#3292,#386);
#243=LINE('',#3431,#387);
#244=LINE('',#3435,#388);
#245=LINE('',#3437,#389);
#246=LINE('',#3439,#390);
#247=LINE('',#3441,#391);
#248=LINE('',#3445,#392);
#249=LINE('',#3447,#393);
#250=LINE('',#3449,#394);
#251=LINE('',#3453,#395);
#252=LINE('',#3455,#396);
#253=LINE('',#3457,#397);
#254=LINE('',#3461,#398);
#255=LINE('',#3464,#399);
#256=LINE('',#3466,#400);
#257=LINE('',#3468,#401);
#258=LINE('',#3472,#402);
#259=LINE('',#3474,#403);
#260=LINE('',#3476,#404);
#261=LINE('',#3480,#405);
#262=LINE('',#3482,#406);
#263=LINE('',#3484,#407);
#264=LINE('',#3488,#408);
#265=LINE('',#3492,#409);
#266=LINE('',#3494,#410);
#267=VECTOR('',#2059,1.);
#268=VECTOR('',#2066,1.);
#269=VECTOR('',#2067,1.);
#270=VECTOR('',#2068,1.);
#271=VECTOR('',#2075,1.);
#272=VECTOR('',#2076,1.);
#273=VECTOR('',#2081,1.);
#274=VECTOR('',#2088,1.);
#275=VECTOR('',#2089,1.);
#276=VECTOR('',#2090,1.);
#277=VECTOR('',#2097,1.);
#278=VECTOR('',#2098,1.);
#279=VECTOR('',#2101,1.);
#280=VECTOR('',#2102,1.);
#281=VECTOR('',#2105,1.);
#282=VECTOR('',#2108,1.);
#283=VECTOR('',#2109,1.);
#284=VECTOR('',#2112,1.);
#285=VECTOR('',#2117,1.);
#286=VECTOR('',#2120,1.);
#287=VECTOR('',#2123,1.);
#288=VECTOR('',#2124,1.);
#289=VECTOR('',#2125,1.);
#290=VECTOR('',#2132,1.);
#291=VECTOR('',#2135,1.);
#292=VECTOR('',#2136,1.);
#293=VECTOR('',#2145,1.);
#294=VECTOR('',#2148,1.);
#295=VECTOR('',#2151,1.);
#296=VECTOR('',#2154,1.);
#297=VECTOR('',#2155,1.);
#298=VECTOR('',#2158,1.);
#299=VECTOR('',#2159,1.);
#300=VECTOR('',#2164,1.);
#301=VECTOR('',#2167,1.);
#302=VECTOR('',#2168,1.);
#303=VECTOR('',#2173,1.);
#304=VECTOR('',#2174,1.);
#305=VECTOR('',#2179,1.);
#306=VECTOR('',#2180,1.);
#307=VECTOR('',#2183,1.);
#308=VECTOR('',#2184,1.);
#309=VECTOR('',#2185,1.);
#310=VECTOR('',#2188,1.);
#311=VECTOR('',#2207,1.);
#312=VECTOR('',#2210,1.);
#313=VECTOR('',#2211,1.);
#314=VECTOR('',#2212,1.);
#315=VECTOR('',#2213,1.);
#316=VECTOR('',#2214,1.);
#317=VECTOR('',#2215,1.);
#318=VECTOR('',#2216,1.);
#319=VECTOR('',#2217,1.);
#320=VECTOR('',#2218,1.);
#321=VECTOR('',#2221,1.);
#322=VECTOR('',#2224,1.);
#323=VECTOR('',#2227,1.);
#324=VECTOR('',#2230,1.);
#325=VECTOR('',#2233,1.);
#326=VECTOR('',#2236,1.);
#327=VECTOR('',#2237,1.);
#328=VECTOR('',#2238,1.);
#329=VECTOR('',#2241,1.);
#330=VECTOR('',#2242,1.);
#331=VECTOR('',#2245,1.);
#332=VECTOR('',#2248,1.);
#333=VECTOR('',#2251,1.);
#334=VECTOR('',#2254,1.);
#335=VECTOR('',#2257,1.);
#336=VECTOR('',#2258,1.);
#337=VECTOR('',#2259,1.);
#338=VECTOR('',#2262,1.);
#339=VECTOR('',#2263,1.);
#340=VECTOR('',#2266,1.);
#341=VECTOR('',#2267,1.);
#342=VECTOR('',#2270,1.);
#343=VECTOR('',#2275,1.);
#344=VECTOR('',#2276,1.);
#345=VECTOR('',#2279,1.);
#346=VECTOR('',#2284,1.);
#347=VECTOR('',#2287,1.);
#348=VECTOR('',#2288,1.);
#349=VECTOR('',#2293,1.);
#350=VECTOR('',#2294,1.);
#351=VECTOR('',#2299,1.);
#352=VECTOR('',#2300,1.);
#353=VECTOR('',#2305,1.);
#354=VECTOR('',#2306,1.);
#355=VECTOR('',#2331,1.);
#356=VECTOR('',#2334,1.);
#357=VECTOR('',#2337,1.);
#358=VECTOR('',#2338,1.);
#359=VECTOR('',#2339,1.);
#360=VECTOR('',#2344,1.);
#361=VECTOR('',#2349,1.);
#362=VECTOR('',#2352,1.);
#363=VECTOR('',#2355,1.);
#364=VECTOR('',#2358,1.);
#365=VECTOR('',#2361,1.);
#366=VECTOR('',#2364,1.);
#367=VECTOR('',#2367,1.);
#368=VECTOR('',#2370,1.);
#369=VECTOR('',#2373,1.);
#370=VECTOR('',#2374,1.);
#371=VECTOR('',#2381,1.);
#372=VECTOR('',#2384,1.);
#373=VECTOR('',#2387,1.);
#374=VECTOR('',#2392,1.);
#375=VECTOR('',#2395,1.);
#376=VECTOR('',#2398,1.);
#377=VECTOR('',#2401,1.);
#378=VECTOR('',#2404,1.);
#379=VECTOR('',#2425,1.);
#380=VECTOR('',#2428,1.);
#381=VECTOR('',#2431,1.);
#382=VECTOR('',#2434,1.);
#383=VECTOR('',#2441,1.);
#384=VECTOR('',#2444,1.);
#385=VECTOR('',#2447,1.);
#386=VECTOR('',#2448,1.);
#387=VECTOR('',#2455,1.);
#388=VECTOR('',#2458,1.);
#389=VECTOR('',#2461,1.);
#390=VECTOR('',#2462,1.);
#391=VECTOR('',#2465,1.);
#392=VECTOR('',#2470,1.);
#393=VECTOR('',#2471,1.);
#394=VECTOR('',#2474,1.);
#395=VECTOR('',#2479,1.);
#396=VECTOR('',#2480,1.);
#397=VECTOR('',#2483,1.);
#398=VECTOR('',#2488,1.);
#399=VECTOR('',#2493,1.);
#400=VECTOR('',#2494,1.);
#401=VECTOR('',#2495,1.);
#402=VECTOR('',#2500,1.);
#403=VECTOR('',#2503,1.);
#404=VECTOR('',#2504,1.);
#405=VECTOR('',#2509,1.);
#406=VECTOR('',#2512,1.);
#407=VECTOR('',#2513,1.);
#408=VECTOR('',#2518,1.);
#409=VECTOR('',#2523,1.);
#410=VECTOR('',#2526,1.);
#411=ORIENTED_EDGE('',*,*,#923,.F.);
#412=ORIENTED_EDGE('',*,*,#924,.F.);
#413=ORIENTED_EDGE('',*,*,#925,.F.);
#414=ORIENTED_EDGE('',*,*,#926,.F.);
#415=ORIENTED_EDGE('',*,*,#927,.T.);
#416=ORIENTED_EDGE('',*,*,#928,.F.);
#417=ORIENTED_EDGE('',*,*,#929,.T.);
#418=ORIENTED_EDGE('',*,*,#930,.T.);
#419=ORIENTED_EDGE('',*,*,#929,.F.);
#420=ORIENTED_EDGE('',*,*,#931,.F.);
#421=ORIENTED_EDGE('',*,*,#932,.F.);
#422=ORIENTED_EDGE('',*,*,#933,.F.);
#423=ORIENTED_EDGE('',*,*,#934,.T.);
#424=ORIENTED_EDGE('',*,*,#924,.T.);
#425=ORIENTED_EDGE('',*,*,#931,.T.);
#426=ORIENTED_EDGE('',*,*,#928,.T.);
#427=ORIENTED_EDGE('',*,*,#935,.T.);
#428=ORIENTED_EDGE('',*,*,#936,.T.);
#429=ORIENTED_EDGE('',*,*,#936,.F.);
#430=ORIENTED_EDGE('',*,*,#937,.F.);
#431=ORIENTED_EDGE('',*,*,#938,.F.);
#432=ORIENTED_EDGE('',*,*,#932,.T.);
#433=ORIENTED_EDGE('',*,*,#939,.T.);
#434=ORIENTED_EDGE('',*,*,#940,.F.);
#435=ORIENTED_EDGE('',*,*,#941,.T.);
#436=ORIENTED_EDGE('',*,*,#942,.T.);
#437=ORIENTED_EDGE('',*,*,#941,.F.);
#438=ORIENTED_EDGE('',*,*,#943,.F.);
#439=ORIENTED_EDGE('',*,*,#944,.F.);
#440=ORIENTED_EDGE('',*,*,#945,.F.);
#441=ORIENTED_EDGE('',*,*,#946,.T.);
#442=ORIENTED_EDGE('',*,*,#926,.T.);
#443=ORIENTED_EDGE('',*,*,#943,.T.);
#444=ORIENTED_EDGE('',*,*,#940,.T.);
#445=ORIENTED_EDGE('',*,*,#947,.T.);
#446=ORIENTED_EDGE('',*,*,#948,.T.);
#447=ORIENTED_EDGE('',*,*,#948,.F.);
#448=ORIENTED_EDGE('',*,*,#949,.F.);
#449=ORIENTED_EDGE('',*,*,#950,.F.);
#450=ORIENTED_EDGE('',*,*,#944,.T.);
#451=ORIENTED_EDGE('',*,*,#927,.F.);
#452=ORIENTED_EDGE('',*,*,#951,.F.);
#453=ORIENTED_EDGE('',*,*,#952,.F.);
#454=ORIENTED_EDGE('',*,*,#937,.T.);
#455=ORIENTED_EDGE('',*,*,#935,.F.);
#456=ORIENTED_EDGE('',*,*,#923,.T.);
#457=ORIENTED_EDGE('',*,*,#930,.F.);
#458=ORIENTED_EDGE('',*,*,#934,.F.);
#459=ORIENTED_EDGE('',*,*,#953,.F.);
#460=ORIENTED_EDGE('',*,*,#951,.T.);
#461=ORIENTED_EDGE('',*,*,#939,.F.);
#462=ORIENTED_EDGE('',*,*,#954,.F.);
#463=ORIENTED_EDGE('',*,*,#955,.F.);
#464=ORIENTED_EDGE('',*,*,#949,.T.);
#465=ORIENTED_EDGE('',*,*,#947,.F.);
#466=ORIENTED_EDGE('',*,*,#925,.T.);
#467=ORIENTED_EDGE('',*,*,#942,.F.);
#468=ORIENTED_EDGE('',*,*,#946,.F.);
#469=ORIENTED_EDGE('',*,*,#956,.F.);
#470=ORIENTED_EDGE('',*,*,#954,.T.);
#471=ORIENTED_EDGE('',*,*,#957,.T.);
#472=ORIENTED_EDGE('',*,*,#958,.T.);
#473=ORIENTED_EDGE('',*,*,#959,.T.);
#474=ORIENTED_EDGE('',*,*,#960,.T.);
#475=ORIENTED_EDGE('',*,*,#958,.F.);
#476=ORIENTED_EDGE('',*,*,#961,.T.);
#477=ORIENTED_EDGE('',*,*,#962,.F.);
#478=ORIENTED_EDGE('',*,*,#963,.F.);
#479=ORIENTED_EDGE('',*,*,#964,.F.);
#480=ORIENTED_EDGE('',*,*,#962,.T.);
#481=ORIENTED_EDGE('',*,*,#965,.F.);
#482=ORIENTED_EDGE('',*,*,#966,.T.);
#483=ORIENTED_EDGE('',*,*,#965,.T.);
#484=ORIENTED_EDGE('',*,*,#961,.F.);
#485=ORIENTED_EDGE('',*,*,#957,.F.);
#486=ORIENTED_EDGE('',*,*,#967,.F.);
#487=ORIENTED_EDGE('',*,*,#968,.F.);
#488=ORIENTED_EDGE('',*,*,#969,.T.);
#489=ORIENTED_EDGE('',*,*,#970,.T.);
#490=ORIENTED_EDGE('',*,*,#971,.T.);
#491=ORIENTED_EDGE('',*,*,#972,.T.);
#492=ORIENTED_EDGE('',*,*,#969,.F.);
#493=ORIENTED_EDGE('',*,*,#973,.T.);
#494=ORIENTED_EDGE('',*,*,#974,.T.);
#495=ORIENTED_EDGE('',*,*,#968,.T.);
#496=ORIENTED_EDGE('',*,*,#975,.T.);
#497=ORIENTED_EDGE('',*,*,#976,.T.);
#498=ORIENTED_EDGE('',*,*,#977,.F.);
#499=ORIENTED_EDGE('',*,*,#978,.T.);
#500=ORIENTED_EDGE('',*,*,#979,.F.);
#501=ORIENTED_EDGE('',*,*,#980,.T.);
#502=ORIENTED_EDGE('',*,*,#981,.T.);
#503=ORIENTED_EDGE('',*,*,#982,.T.);
#504=ORIENTED_EDGE('',*,*,#983,.F.);
#505=ORIENTED_EDGE('',*,*,#984,.T.);
#506=ORIENTED_EDGE('',*,*,#985,.F.);
#507=ORIENTED_EDGE('',*,*,#986,.T.);
#508=ORIENTED_EDGE('',*,*,#987,.T.);
#509=ORIENTED_EDGE('',*,*,#988,.T.);
#510=ORIENTED_EDGE('',*,*,#989,.F.);
#511=ORIENTED_EDGE('',*,*,#990,.T.);
#512=ORIENTED_EDGE('',*,*,#991,.T.);
#513=ORIENTED_EDGE('',*,*,#992,.T.);
#514=ORIENTED_EDGE('',*,*,#993,.F.);
#515=ORIENTED_EDGE('',*,*,#994,.T.);
#516=ORIENTED_EDGE('',*,*,#995,.F.);
#517=ORIENTED_EDGE('',*,*,#996,.T.);
#518=ORIENTED_EDGE('',*,*,#995,.T.);
#519=ORIENTED_EDGE('',*,*,#997,.F.);
#520=ORIENTED_EDGE('',*,*,#998,.F.);
#521=ORIENTED_EDGE('',*,*,#999,.F.);
#522=ORIENTED_EDGE('',*,*,#985,.T.);
#523=ORIENTED_EDGE('',*,*,#983,.T.);
#524=ORIENTED_EDGE('',*,*,#1000,.T.);
#525=ORIENTED_EDGE('',*,*,#994,.F.);
#526=ORIENTED_EDGE('',*,*,#1001,.F.);
#527=ORIENTED_EDGE('',*,*,#1002,.F.);
#528=ORIENTED_EDGE('',*,*,#997,.T.);
#529=ORIENTED_EDGE('',*,*,#998,.T.);
#530=ORIENTED_EDGE('',*,*,#1002,.T.);
#531=ORIENTED_EDGE('',*,*,#1003,.T.);
#532=ORIENTED_EDGE('',*,*,#1004,.T.);
#533=ORIENTED_EDGE('',*,*,#993,.T.);
#534=ORIENTED_EDGE('',*,*,#1005,.T.);
#535=ORIENTED_EDGE('',*,*,#981,.F.);
#536=ORIENTED_EDGE('',*,*,#989,.T.);
#537=ORIENTED_EDGE('',*,*,#1006,.F.);
#538=ORIENTED_EDGE('',*,*,#1003,.F.);
#539=ORIENTED_EDGE('',*,*,#1001,.T.);
#540=ORIENTED_EDGE('',*,*,#982,.F.);
#541=ORIENTED_EDGE('',*,*,#1005,.F.);
#542=ORIENTED_EDGE('',*,*,#996,.F.);
#543=ORIENTED_EDGE('',*,*,#1000,.F.);
#544=ORIENTED_EDGE('',*,*,#964,.T.);
#545=ORIENTED_EDGE('',*,*,#1007,.T.);
#546=ORIENTED_EDGE('',*,*,#971,.F.);
#547=ORIENTED_EDGE('',*,*,#977,.T.);
#548=ORIENTED_EDGE('',*,*,#1008,.F.);
#549=ORIENTED_EDGE('',*,*,#959,.F.);
#550=ORIENTED_EDGE('',*,*,#963,.T.);
#551=ORIENTED_EDGE('',*,*,#966,.F.);
#552=ORIENTED_EDGE('',*,*,#970,.F.);
#553=ORIENTED_EDGE('',*,*,#972,.F.);
#554=ORIENTED_EDGE('',*,*,#1007,.F.);
#555=ORIENTED_EDGE('',*,*,#1008,.T.);
#556=ORIENTED_EDGE('',*,*,#980,.F.);
#557=ORIENTED_EDGE('',*,*,#1009,.F.);
#558=ORIENTED_EDGE('',*,*,#986,.F.);
#559=ORIENTED_EDGE('',*,*,#999,.T.);
#560=ORIENTED_EDGE('',*,*,#1004,.F.);
#561=ORIENTED_EDGE('',*,*,#1006,.T.);
#562=ORIENTED_EDGE('',*,*,#992,.F.);
#563=ORIENTED_EDGE('',*,*,#1010,.F.);
#564=ORIENTED_EDGE('',*,*,#975,.F.);
#565=ORIENTED_EDGE('',*,*,#967,.T.);
#566=ORIENTED_EDGE('',*,*,#960,.F.);
#567=ORIENTED_EDGE('',*,*,#938,.T.);
#568=ORIENTED_EDGE('',*,*,#952,.T.);
#569=ORIENTED_EDGE('',*,*,#953,.T.);
#570=ORIENTED_EDGE('',*,*,#933,.T.);
#571=ORIENTED_EDGE('',*,*,#950,.T.);
#572=ORIENTED_EDGE('',*,*,#955,.T.);
#573=ORIENTED_EDGE('',*,*,#956,.T.);
#574=ORIENTED_EDGE('',*,*,#945,.T.);
#575=ORIENTED_EDGE('',*,*,#1011,.T.);
#576=ORIENTED_EDGE('',*,*,#987,.F.);
#577=ORIENTED_EDGE('',*,*,#1009,.T.);
#578=ORIENTED_EDGE('',*,*,#979,.T.);
#579=ORIENTED_EDGE('',*,*,#1010,.T.);
#580=ORIENTED_EDGE('',*,*,#991,.F.);
#581=ORIENTED_EDGE('',*,*,#1012,.T.);
#582=ORIENTED_EDGE('',*,*,#976,.F.);
#583=ORIENTED_EDGE('',*,*,#1012,.F.);
#584=ORIENTED_EDGE('',*,*,#1013,.T.);
#585=ORIENTED_EDGE('',*,*,#1014,.F.);
#586=ORIENTED_EDGE('',*,*,#1015,.F.);
#587=ORIENTED_EDGE('',*,*,#1016,.T.);
#588=ORIENTED_EDGE('',*,*,#1017,.F.);
#589=ORIENTED_EDGE('',*,*,#1018,.F.);
#590=ORIENTED_EDGE('',*,*,#1019,.F.);
#591=ORIENTED_EDGE('',*,*,#1020,.F.);
#592=ORIENTED_EDGE('',*,*,#1013,.F.);
#593=ORIENTED_EDGE('',*,*,#990,.F.);
#594=ORIENTED_EDGE('',*,*,#984,.F.);
#595=ORIENTED_EDGE('',*,*,#988,.F.);
#596=ORIENTED_EDGE('',*,*,#1015,.T.);
#597=ORIENTED_EDGE('',*,*,#1021,.F.);
#598=ORIENTED_EDGE('',*,*,#1022,.F.);
#599=ORIENTED_EDGE('',*,*,#1023,.F.);
#600=ORIENTED_EDGE('',*,*,#1024,.F.);
#601=ORIENTED_EDGE('',*,*,#1025,.F.);
#602=ORIENTED_EDGE('',*,*,#978,.F.);
#603=ORIENTED_EDGE('',*,*,#973,.F.);
#604=ORIENTED_EDGE('',*,*,#974,.F.);
#605=ORIENTED_EDGE('',*,*,#1011,.F.);
#606=ORIENTED_EDGE('',*,*,#1025,.T.);
#607=ORIENTED_EDGE('',*,*,#1026,.F.);
#608=ORIENTED_EDGE('',*,*,#1016,.F.);
#609=ORIENTED_EDGE('',*,*,#1027,.F.);
#610=ORIENTED_EDGE('',*,*,#1028,.F.);
#611=ORIENTED_EDGE('',*,*,#1029,.F.);
#612=ORIENTED_EDGE('',*,*,#1030,.F.);
#613=ORIENTED_EDGE('',*,*,#1031,.F.);
#614=ORIENTED_EDGE('',*,*,#1032,.F.);
#615=ORIENTED_EDGE('',*,*,#1033,.F.);
#616=ORIENTED_EDGE('',*,*,#1034,.F.);
#617=ORIENTED_EDGE('',*,*,#1035,.F.);
#618=ORIENTED_EDGE('',*,*,#1021,.T.);
#619=ORIENTED_EDGE('',*,*,#1014,.T.);
#620=ORIENTED_EDGE('',*,*,#1020,.T.);
#621=ORIENTED_EDGE('',*,*,#1031,.T.);
#622=ORIENTED_EDGE('',*,*,#1036,.T.);
#623=ORIENTED_EDGE('',*,*,#1037,.T.);
#624=ORIENTED_EDGE('',*,*,#1038,.F.);
#625=ORIENTED_EDGE('',*,*,#1034,.T.);
#626=ORIENTED_EDGE('',*,*,#1039,.T.);
#627=ORIENTED_EDGE('',*,*,#1040,.T.);
#628=ORIENTED_EDGE('',*,*,#1036,.F.);
#629=ORIENTED_EDGE('',*,*,#1041,.T.);
#630=ORIENTED_EDGE('',*,*,#1042,.T.);
#631=ORIENTED_EDGE('',*,*,#1032,.T.);
#632=ORIENTED_EDGE('',*,*,#1038,.T.);
#633=ORIENTED_EDGE('',*,*,#1033,.T.);
#634=ORIENTED_EDGE('',*,*,#1042,.F.);
#635=ORIENTED_EDGE('',*,*,#1043,.T.);
#636=ORIENTED_EDGE('',*,*,#1039,.F.);
#637=ORIENTED_EDGE('',*,*,#1041,.F.);
#638=ORIENTED_EDGE('',*,*,#1044,.T.);
#639=ORIENTED_EDGE('',*,*,#1045,.T.);
#640=ORIENTED_EDGE('',*,*,#1046,.F.);
#641=ORIENTED_EDGE('',*,*,#1037,.F.);
#642=ORIENTED_EDGE('',*,*,#1047,.T.);
#643=ORIENTED_EDGE('',*,*,#1048,.T.);
#644=ORIENTED_EDGE('',*,*,#1044,.F.);
#645=ORIENTED_EDGE('',*,*,#1027,.T.);
#646=ORIENTED_EDGE('',*,*,#1049,.T.);
#647=ORIENTED_EDGE('',*,*,#1050,.T.);
#648=ORIENTED_EDGE('',*,*,#1051,.T.);
#649=ORIENTED_EDGE('',*,*,#1030,.T.);
#650=ORIENTED_EDGE('',*,*,#1052,.T.);
#651=ORIENTED_EDGE('',*,*,#1053,.T.);
#652=ORIENTED_EDGE('',*,*,#1049,.F.);
#653=ORIENTED_EDGE('',*,*,#1054,.T.);
#654=ORIENTED_EDGE('',*,*,#1052,.F.);
#655=ORIENTED_EDGE('',*,*,#1029,.T.);
#656=ORIENTED_EDGE('',*,*,#1055,.T.);
#657=ORIENTED_EDGE('',*,*,#1028,.T.);
#658=ORIENTED_EDGE('',*,*,#1051,.F.);
#659=ORIENTED_EDGE('',*,*,#1056,.T.);
#660=ORIENTED_EDGE('',*,*,#1055,.F.);
#661=ORIENTED_EDGE('',*,*,#1056,.F.);
#662=ORIENTED_EDGE('',*,*,#1057,.T.);
#663=ORIENTED_EDGE('',*,*,#1058,.T.);
#664=ORIENTED_EDGE('',*,*,#1059,.F.);
#665=ORIENTED_EDGE('',*,*,#1050,.F.);
#666=ORIENTED_EDGE('',*,*,#1060,.T.);
#667=ORIENTED_EDGE('',*,*,#1061,.T.);
#668=ORIENTED_EDGE('',*,*,#1057,.F.);
#669=ORIENTED_EDGE('',*,*,#1040,.F.);
#670=ORIENTED_EDGE('',*,*,#1062,.T.);
#671=ORIENTED_EDGE('',*,*,#1063,.T.);
#672=ORIENTED_EDGE('',*,*,#1047,.F.);
#673=ORIENTED_EDGE('',*,*,#1043,.F.);
#674=ORIENTED_EDGE('',*,*,#1046,.T.);
#675=ORIENTED_EDGE('',*,*,#1064,.T.);
#676=ORIENTED_EDGE('',*,*,#1062,.F.);
#677=ORIENTED_EDGE('',*,*,#1064,.F.);
#678=ORIENTED_EDGE('',*,*,#1045,.F.);
#679=ORIENTED_EDGE('',*,*,#1048,.F.);
#680=ORIENTED_EDGE('',*,*,#1063,.F.);
#681=ORIENTED_EDGE('',*,*,#1053,.F.);
#682=ORIENTED_EDGE('',*,*,#1065,.T.);
#683=ORIENTED_EDGE('',*,*,#1066,.T.);
#684=ORIENTED_EDGE('',*,*,#1060,.F.);
#685=ORIENTED_EDGE('',*,*,#1054,.F.);
#686=ORIENTED_EDGE('',*,*,#1059,.T.);
#687=ORIENTED_EDGE('',*,*,#1067,.T.);
#688=ORIENTED_EDGE('',*,*,#1065,.F.);
#689=ORIENTED_EDGE('',*,*,#1058,.F.);
#690=ORIENTED_EDGE('',*,*,#1061,.F.);
#691=ORIENTED_EDGE('',*,*,#1066,.F.);
#692=ORIENTED_EDGE('',*,*,#1067,.F.);
#693=ORIENTED_EDGE('',*,*,#1068,.F.);
#694=ORIENTED_EDGE('',*,*,#1017,.T.);
#695=ORIENTED_EDGE('',*,*,#1026,.T.);
#696=ORIENTED_EDGE('',*,*,#1024,.T.);
#697=ORIENTED_EDGE('',*,*,#1069,.F.);
#698=ORIENTED_EDGE('',*,*,#1019,.T.);
#699=ORIENTED_EDGE('',*,*,#1070,.F.);
#700=ORIENTED_EDGE('',*,*,#1071,.F.);
#701=ORIENTED_EDGE('',*,*,#1072,.F.);
#702=ORIENTED_EDGE('',*,*,#1018,.T.);
#703=ORIENTED_EDGE('',*,*,#1073,.F.);
#704=ORIENTED_EDGE('',*,*,#1074,.F.);
#705=ORIENTED_EDGE('',*,*,#1075,.F.);
#706=ORIENTED_EDGE('',*,*,#1023,.T.);
#707=ORIENTED_EDGE('',*,*,#1076,.F.);
#708=ORIENTED_EDGE('',*,*,#1077,.F.);
#709=ORIENTED_EDGE('',*,*,#1078,.F.);
#710=ORIENTED_EDGE('',*,*,#1022,.T.);
#711=ORIENTED_EDGE('',*,*,#1079,.F.);
#712=ORIENTED_EDGE('',*,*,#1080,.F.);
#713=ORIENTED_EDGE('',*,*,#1081,.F.);
#714=ORIENTED_EDGE('',*,*,#1082,.F.);
#715=ORIENTED_EDGE('',*,*,#1083,.F.);
#716=ORIENTED_EDGE('',*,*,#1084,.T.);
#717=ORIENTED_EDGE('',*,*,#1085,.T.);
#718=ORIENTED_EDGE('',*,*,#1086,.F.);
#719=ORIENTED_EDGE('',*,*,#1087,.T.);
#720=ORIENTED_EDGE('',*,*,#1088,.T.);
#721=ORIENTED_EDGE('',*,*,#1089,.T.);
#722=ORIENTED_EDGE('',*,*,#1090,.T.);
#723=ORIENTED_EDGE('',*,*,#1088,.F.);
#724=ORIENTED_EDGE('',*,*,#1091,.F.);
#725=ORIENTED_EDGE('',*,*,#1092,.F.);
#726=ORIENTED_EDGE('',*,*,#1093,.F.);
#727=ORIENTED_EDGE('',*,*,#1094,.T.);
#728=ORIENTED_EDGE('',*,*,#1095,.T.);
#729=ORIENTED_EDGE('',*,*,#1096,.T.);
#730=ORIENTED_EDGE('',*,*,#1092,.T.);
#731=ORIENTED_EDGE('',*,*,#1082,.T.);
#732=ORIENTED_EDGE('',*,*,#1086,.T.);
#733=ORIENTED_EDGE('',*,*,#1096,.F.);
#734=ORIENTED_EDGE('',*,*,#1097,.F.);
#735=ORIENTED_EDGE('',*,*,#1098,.F.);
#736=ORIENTED_EDGE('',*,*,#1099,.F.);
#737=ORIENTED_EDGE('',*,*,#1100,.F.);
#738=ORIENTED_EDGE('',*,*,#1101,.F.);
#739=ORIENTED_EDGE('',*,*,#1102,.F.);
#740=ORIENTED_EDGE('',*,*,#1103,.F.);
#741=ORIENTED_EDGE('',*,*,#1104,.F.);
#742=ORIENTED_EDGE('',*,*,#1105,.T.);
#743=ORIENTED_EDGE('',*,*,#1089,.F.);
#744=ORIENTED_EDGE('',*,*,#1093,.T.);
#745=ORIENTED_EDGE('',*,*,#1104,.T.);
#746=ORIENTED_EDGE('',*,*,#1106,.T.);
#747=ORIENTED_EDGE('',*,*,#1107,.T.);
#748=ORIENTED_EDGE('',*,*,#1108,.T.);
#749=ORIENTED_EDGE('',*,*,#1090,.F.);
#750=ORIENTED_EDGE('',*,*,#1105,.F.);
#751=ORIENTED_EDGE('',*,*,#1108,.F.);
#752=ORIENTED_EDGE('',*,*,#1109,.F.);
#753=ORIENTED_EDGE('',*,*,#1095,.F.);
#754=ORIENTED_EDGE('',*,*,#1110,.F.);
#755=ORIENTED_EDGE('',*,*,#1111,.F.);
#756=ORIENTED_EDGE('',*,*,#1097,.T.);
#757=ORIENTED_EDGE('',*,*,#1112,.F.);
#758=ORIENTED_EDGE('',*,*,#1113,.F.);
#759=ORIENTED_EDGE('',*,*,#1094,.F.);
#760=ORIENTED_EDGE('',*,*,#1091,.T.);
#761=ORIENTED_EDGE('',*,*,#1087,.F.);
#762=ORIENTED_EDGE('',*,*,#1109,.T.);
#763=ORIENTED_EDGE('',*,*,#1107,.F.);
#764=ORIENTED_EDGE('',*,*,#1114,.T.);
#765=ORIENTED_EDGE('',*,*,#1115,.F.);
#766=ORIENTED_EDGE('',*,*,#1116,.T.);
#767=ORIENTED_EDGE('',*,*,#1117,.F.);
#768=ORIENTED_EDGE('',*,*,#1118,.T.);
#769=ORIENTED_EDGE('',*,*,#1119,.F.);
#770=ORIENTED_EDGE('',*,*,#1110,.T.);
#771=ORIENTED_EDGE('',*,*,#1119,.T.);
#772=ORIENTED_EDGE('',*,*,#1120,.T.);
#773=ORIENTED_EDGE('',*,*,#1098,.T.);
#774=ORIENTED_EDGE('',*,*,#1111,.T.);
#775=ORIENTED_EDGE('',*,*,#1120,.F.);
#776=ORIENTED_EDGE('',*,*,#1118,.F.);
#777=ORIENTED_EDGE('',*,*,#1121,.F.);
#778=ORIENTED_EDGE('',*,*,#1099,.T.);
#779=ORIENTED_EDGE('',*,*,#1117,.T.);
#780=ORIENTED_EDGE('',*,*,#1122,.T.);
#781=ORIENTED_EDGE('',*,*,#1100,.T.);
#782=ORIENTED_EDGE('',*,*,#1121,.T.);
#783=ORIENTED_EDGE('',*,*,#1122,.F.);
#784=ORIENTED_EDGE('',*,*,#1116,.F.);
#785=ORIENTED_EDGE('',*,*,#1123,.F.);
#786=ORIENTED_EDGE('',*,*,#1101,.T.);
#787=ORIENTED_EDGE('',*,*,#1115,.T.);
#788=ORIENTED_EDGE('',*,*,#1124,.T.);
#789=ORIENTED_EDGE('',*,*,#1102,.T.);
#790=ORIENTED_EDGE('',*,*,#1123,.T.);
#791=ORIENTED_EDGE('',*,*,#1106,.F.);
#792=ORIENTED_EDGE('',*,*,#1103,.T.);
#793=ORIENTED_EDGE('',*,*,#1124,.F.);
#794=ORIENTED_EDGE('',*,*,#1114,.F.);
#795=ORIENTED_EDGE('',*,*,#1112,.T.);
#796=ORIENTED_EDGE('',*,*,#1125,.F.);
#797=ORIENTED_EDGE('',*,*,#1113,.T.);
#798=ORIENTED_EDGE('',*,*,#1126,.F.);
#799=ORIENTED_EDGE('',*,*,#1127,.T.);
#800=ORIENTED_EDGE('',*,*,#1128,.T.);
#801=ORIENTED_EDGE('',*,*,#1129,.F.);
#802=ORIENTED_EDGE('',*,*,#1130,.T.);
#803=ORIENTED_EDGE('',*,*,#1131,.F.);
#804=ORIENTED_EDGE('',*,*,#1132,.T.);
#805=ORIENTED_EDGE('',*,*,#1133,.F.);
#806=ORIENTED_EDGE('',*,*,#1134,.T.);
#807=ORIENTED_EDGE('',*,*,#1135,.F.);
#808=ORIENTED_EDGE('',*,*,#1136,.T.);
#809=ORIENTED_EDGE('',*,*,#1137,.F.);
#810=ORIENTED_EDGE('',*,*,#1138,.T.);
#811=ORIENTED_EDGE('',*,*,#1128,.F.);
#812=ORIENTED_EDGE('',*,*,#1083,.T.);
#813=ORIENTED_EDGE('',*,*,#1137,.T.);
#814=ORIENTED_EDGE('',*,*,#1139,.F.);
#815=ORIENTED_EDGE('',*,*,#1140,.T.);
#816=ORIENTED_EDGE('',*,*,#1141,.F.);
#817=ORIENTED_EDGE('',*,*,#1142,.F.);
#818=ORIENTED_EDGE('',*,*,#1143,.F.);
#819=ORIENTED_EDGE('',*,*,#1142,.T.);
#820=ORIENTED_EDGE('',*,*,#1144,.F.);
#821=ORIENTED_EDGE('',*,*,#1140,.F.);
#822=ORIENTED_EDGE('',*,*,#1144,.T.);
#823=ORIENTED_EDGE('',*,*,#1141,.T.);
#824=ORIENTED_EDGE('',*,*,#1143,.T.);
#825=ORIENTED_EDGE('',*,*,#1145,.F.);
#826=ORIENTED_EDGE('',*,*,#1138,.F.);
#827=ORIENTED_EDGE('',*,*,#1145,.T.);
#828=ORIENTED_EDGE('',*,*,#1139,.T.);
#829=ORIENTED_EDGE('',*,*,#1129,.T.);
#830=ORIENTED_EDGE('',*,*,#1146,.T.);
#831=ORIENTED_EDGE('',*,*,#1147,.T.);
#832=ORIENTED_EDGE('',*,*,#1148,.T.);
#833=ORIENTED_EDGE('',*,*,#1146,.F.);
#834=ORIENTED_EDGE('',*,*,#1136,.F.);
#835=ORIENTED_EDGE('',*,*,#1149,.F.);
#836=ORIENTED_EDGE('',*,*,#1150,.T.);
#837=ORIENTED_EDGE('',*,*,#1135,.T.);
#838=ORIENTED_EDGE('',*,*,#1151,.T.);
#839=ORIENTED_EDGE('',*,*,#1152,.T.);
#840=ORIENTED_EDGE('',*,*,#1149,.T.);
#841=ORIENTED_EDGE('',*,*,#1151,.F.);
#842=ORIENTED_EDGE('',*,*,#1134,.F.);
#843=ORIENTED_EDGE('',*,*,#1153,.F.);
#844=ORIENTED_EDGE('',*,*,#1154,.T.);
#845=ORIENTED_EDGE('',*,*,#1133,.T.);
#846=ORIENTED_EDGE('',*,*,#1155,.T.);
#847=ORIENTED_EDGE('',*,*,#1156,.T.);
#848=ORIENTED_EDGE('',*,*,#1153,.T.);
#849=ORIENTED_EDGE('',*,*,#1155,.F.);
#850=ORIENTED_EDGE('',*,*,#1132,.F.);
#851=ORIENTED_EDGE('',*,*,#1157,.F.);
#852=ORIENTED_EDGE('',*,*,#1158,.T.);
#853=ORIENTED_EDGE('',*,*,#1131,.T.);
#854=ORIENTED_EDGE('',*,*,#1159,.T.);
#855=ORIENTED_EDGE('',*,*,#1160,.T.);
#856=ORIENTED_EDGE('',*,*,#1157,.T.);
#857=ORIENTED_EDGE('',*,*,#1148,.F.);
#858=ORIENTED_EDGE('',*,*,#1161,.T.);
#859=ORIENTED_EDGE('',*,*,#1159,.F.);
#860=ORIENTED_EDGE('',*,*,#1130,.F.);
#861=ORIENTED_EDGE('',*,*,#1125,.T.);
#862=ORIENTED_EDGE('',*,*,#1126,.T.);
#863=ORIENTED_EDGE('',*,*,#1147,.F.);
#864=ORIENTED_EDGE('',*,*,#1150,.F.);
#865=ORIENTED_EDGE('',*,*,#1152,.F.);
#866=ORIENTED_EDGE('',*,*,#1154,.F.);
#867=ORIENTED_EDGE('',*,*,#1156,.F.);
#868=ORIENTED_EDGE('',*,*,#1158,.F.);
#869=ORIENTED_EDGE('',*,*,#1160,.F.);
#870=ORIENTED_EDGE('',*,*,#1161,.F.);
#871=ORIENTED_EDGE('',*,*,#1162,.F.);
#872=ORIENTED_EDGE('',*,*,#1073,.T.);
#873=ORIENTED_EDGE('',*,*,#1068,.T.);
#874=ORIENTED_EDGE('',*,*,#1075,.T.);
#875=ORIENTED_EDGE('',*,*,#1163,.F.);
#876=ORIENTED_EDGE('',*,*,#1164,.F.);
#877=ORIENTED_EDGE('',*,*,#1165,.T.);
#878=ORIENTED_EDGE('',*,*,#1163,.T.);
#879=ORIENTED_EDGE('',*,*,#1077,.T.);
#880=ORIENTED_EDGE('',*,*,#1166,.T.);
#881=ORIENTED_EDGE('',*,*,#1167,.F.);
#882=ORIENTED_EDGE('',*,*,#1168,.F.);
#883=ORIENTED_EDGE('',*,*,#1166,.F.);
#884=ORIENTED_EDGE('',*,*,#1076,.T.);
#885=ORIENTED_EDGE('',*,*,#1078,.T.);
#886=ORIENTED_EDGE('',*,*,#1169,.T.);
#887=ORIENTED_EDGE('',*,*,#1167,.T.);
#888=ORIENTED_EDGE('',*,*,#1080,.T.);
#889=ORIENTED_EDGE('',*,*,#1170,.T.);
#890=ORIENTED_EDGE('',*,*,#1171,.F.);
#891=ORIENTED_EDGE('',*,*,#1172,.F.);
#892=ORIENTED_EDGE('',*,*,#1170,.F.);
#893=ORIENTED_EDGE('',*,*,#1079,.T.);
#894=ORIENTED_EDGE('',*,*,#1035,.T.);
#895=ORIENTED_EDGE('',*,*,#1069,.T.);
#896=ORIENTED_EDGE('',*,*,#1173,.T.);
#897=ORIENTED_EDGE('',*,*,#1171,.T.);
#898=ORIENTED_EDGE('',*,*,#1071,.T.);
#899=ORIENTED_EDGE('',*,*,#1174,.T.);
#900=ORIENTED_EDGE('',*,*,#1081,.T.);
#901=ORIENTED_EDGE('',*,*,#1085,.F.);
#902=ORIENTED_EDGE('',*,*,#1175,.F.);
#903=ORIENTED_EDGE('',*,*,#1164,.T.);
#904=ORIENTED_EDGE('',*,*,#1165,.F.);
#905=ORIENTED_EDGE('',*,*,#1168,.T.);
#906=ORIENTED_EDGE('',*,*,#1169,.F.);
#907=ORIENTED_EDGE('',*,*,#1172,.T.);
#908=ORIENTED_EDGE('',*,*,#1173,.F.);
#909=ORIENTED_EDGE('',*,*,#1176,.T.);
#910=ORIENTED_EDGE('',*,*,#1177,.F.);
#911=ORIENTED_EDGE('',*,*,#1176,.F.);
#912=ORIENTED_EDGE('',*,*,#1174,.F.);
#913=ORIENTED_EDGE('',*,*,#1070,.T.);
#914=ORIENTED_EDGE('',*,*,#1072,.T.);
#915=ORIENTED_EDGE('',*,*,#1175,.T.);
#916=ORIENTED_EDGE('',*,*,#1177,.T.);
#917=ORIENTED_EDGE('',*,*,#1074,.T.);
#918=ORIENTED_EDGE('',*,*,#1162,.T.);
#919=ORIENTED_EDGE('',*,*,#1084,.F.);
#920=ORIENTED_EDGE('',*,*,#1178,.T.);
#921=ORIENTED_EDGE('',*,*,#1127,.F.);
#922=ORIENTED_EDGE('',*,*,#1178,.F.);
#923=EDGE_CURVE('',#1179,#1179,#1348,.F.);
#924=EDGE_CURVE('',#1180,#1180,#1349,.T.);
#925=EDGE_CURVE('',#1181,#1181,#1350,.F.);
#926=EDGE_CURVE('',#1182,#1182,#1351,.T.);
#927=EDGE_CURVE('',#1183,#1184,#1352,.T.);
#928=EDGE_CURVE('',#1185,#1184,#123,.F.);
#929=EDGE_CURVE('',#1185,#1186,#1353,.F.);
#930=EDGE_CURVE('',#1186,#1183,#82,.F.);
#931=EDGE_CURVE('',#1187,#1185,#1354,.F.);
#932=EDGE_CURVE('',#1188,#1187,#124,.T.);
#933=EDGE_CURVE('',#1189,#1188,#125,.T.);
#934=EDGE_CURVE('',#1189,#1186,#126,.T.);
#935=EDGE_CURVE('',#1184,#1190,#1355,.T.);
#936=EDGE_CURVE('',#1190,#1187,#83,.F.);
#937=EDGE_CURVE('',#1191,#1190,#127,.T.);
#938=EDGE_CURVE('',#1188,#1191,#128,.F.);
#939=EDGE_CURVE('',#1192,#1193,#1356,.T.);
#940=EDGE_CURVE('',#1194,#1193,#129,.F.);
#941=EDGE_CURVE('',#1194,#1195,#1357,.F.);
#942=EDGE_CURVE('',#1195,#1192,#84,.F.);
#943=EDGE_CURVE('',#1196,#1194,#1358,.F.);
#944=EDGE_CURVE('',#1197,#1196,#130,.T.);
#945=EDGE_CURVE('',#1198,#1197,#131,.T.);
#946=EDGE_CURVE('',#1198,#1195,#132,.T.);
#947=EDGE_CURVE('',#1193,#1199,#1359,.T.);
#948=EDGE_CURVE('',#1199,#1196,#85,.F.);
#949=EDGE_CURVE('',#1200,#1199,#133,.T.);
#950=EDGE_CURVE('',#1197,#1200,#134,.F.);
#951=EDGE_CURVE('',#1201,#1183,#135,.T.);
#952=EDGE_CURVE('',#1191,#1201,#136,.F.);
#953=EDGE_CURVE('',#1201,#1189,#137,.T.);
#954=EDGE_CURVE('',#1202,#1192,#138,.T.);
#955=EDGE_CURVE('',#1200,#1202,#139,.F.);
#956=EDGE_CURVE('',#1202,#1198,#140,.T.);
#957=EDGE_CURVE('',#1203,#1204,#1360,.T.);
#958=EDGE_CURVE('',#1204,#1205,#141,.T.);
#959=EDGE_CURVE('',#1205,#1206,#1361,.F.);
#960=EDGE_CURVE('',#1206,#1203,#142,.F.);
#961=EDGE_CURVE('',#1204,#1207,#143,.T.);
#962=EDGE_CURVE('',#1208,#1207,#144,.F.);
#963=EDGE_CURVE('',#1205,#1208,#145,.T.);
#964=EDGE_CURVE('',#1208,#1209,#1362,.F.);
#965=EDGE_CURVE('',#1210,#1207,#1363,.T.);
#966=EDGE_CURVE('',#1210,#1209,#146,.T.);
#967=EDGE_CURVE('',#1211,#1203,#147,.T.);
#968=EDGE_CURVE('',#1212,#1211,#86,.T.);
#969=EDGE_CURVE('',#1212,#1213,#87,.T.);
#970=EDGE_CURVE('',#1213,#1210,#148,.T.);
#971=EDGE_CURVE('',#1214,#1215,#88,.T.);
#972=EDGE_CURVE('',#1215,#1213,#89,.F.);
#973=EDGE_CURVE('',#1212,#1214,#90,.T.);
#974=EDGE_CURVE('',#1216,#1212,#91,.F.);
#975=EDGE_CURVE('',#1211,#1217,#92,.F.);
#976=EDGE_CURVE('',#1217,#1216,#93,.F.);
#977=EDGE_CURVE('',#1214,#1218,#94,.T.);
#978=EDGE_CURVE('',#1214,#1219,#95,.F.);
#979=EDGE_CURVE('',#1220,#1219,#96,.T.);
#980=EDGE_CURVE('',#1220,#1218,#97,.F.);
#981=EDGE_CURVE('',#1221,#1222,#98,.T.);
#982=EDGE_CURVE('',#1222,#1223,#99,.F.);
#983=EDGE_CURVE('',#1224,#1223,#100,.T.);
#984=EDGE_CURVE('',#1224,#1221,#101,.T.);
#985=EDGE_CURVE('',#1225,#1224,#102,.T.);
#986=EDGE_CURVE('',#1225,#1226,#103,.F.);
#987=EDGE_CURVE('',#1226,#1227,#104,.F.);
#988=EDGE_CURVE('',#1227,#1224,#105,.F.);
#989=EDGE_CURVE('',#1221,#1228,#106,.T.);
#990=EDGE_CURVE('',#1221,#1229,#107,.F.);
#991=EDGE_CURVE('',#1229,#1230,#108,.F.);
#992=EDGE_CURVE('',#1230,#1228,#109,.F.);
#993=EDGE_CURVE('',#1231,#1232,#1364,.F.);
#994=EDGE_CURVE('',#1231,#1233,#149,.F.);
#995=EDGE_CURVE('',#1234,#1233,#1365,.T.);
#996=EDGE_CURVE('',#1234,#1232,#150,.T.);
#997=EDGE_CURVE('',#1235,#1233,#151,.T.);
#998=EDGE_CURVE('',#1236,#1235,#1366,.T.);
#999=EDGE_CURVE('',#1225,#1236,#152,.T.);
#1000=EDGE_CURVE('',#1223,#1234,#153,.T.);
#1001=EDGE_CURVE('',#1237,#1231,#154,.T.);
#1002=EDGE_CURVE('',#1235,#1237,#155,.T.);
#1003=EDGE_CURVE('',#1237,#1238,#1367,.F.);
#1004=EDGE_CURVE('',#1238,#1236,#156,.F.);
#1005=EDGE_CURVE('',#1232,#1222,#157,.T.);
#1006=EDGE_CURVE('',#1238,#1228,#158,.T.);
#1007=EDGE_CURVE('',#1209,#1215,#159,.T.);
#1008=EDGE_CURVE('',#1206,#1218,#160,.T.);
#1009=EDGE_CURVE('',#1226,#1220,#161,.T.);
#1010=EDGE_CURVE('',#1217,#1230,#162,.F.);
#1011=EDGE_CURVE('',#1219,#1227,#110,.F.);
#1012=EDGE_CURVE('',#1229,#1216,#111,.F.);
#1013=EDGE_CURVE('',#1229,#1239,#163,.T.);
#1014=EDGE_CURVE('',#1240,#1239,#164,.F.);
#1015=EDGE_CURVE('',#1216,#1240,#165,.T.);
#1016=EDGE_CURVE('',#1227,#1241,#166,.T.);
#1017=EDGE_CURVE('',#1242,#1241,#1368,.T.);
#1018=EDGE_CURVE('',#1243,#1242,#1369,.T.);
#1019=EDGE_CURVE('',#1244,#1243,#1370,.T.);
#1020=EDGE_CURVE('',#1239,#1244,#1371,.T.);
#1021=EDGE_CURVE('',#1245,#1240,#1372,.T.);
#1022=EDGE_CURVE('',#1246,#1245,#1373,.T.);
#1023=EDGE_CURVE('',#1247,#1246,#1374,.T.);
#1024=EDGE_CURVE('',#1248,#1247,#1375,.T.);
#1025=EDGE_CURVE('',#1219,#1248,#167,.T.);
#1026=EDGE_CURVE('',#1241,#1248,#168,.T.);
#1027=EDGE_CURVE('',#1249,#1250,#169,.F.);
#1028=EDGE_CURVE('',#1251,#1249,#170,.F.);
#1029=EDGE_CURVE('',#1252,#1251,#171,.F.);
#1030=EDGE_CURVE('',#1250,#1252,#172,.F.);
#1031=EDGE_CURVE('',#1253,#1254,#173,.F.);
#1032=EDGE_CURVE('',#1255,#1253,#174,.F.);
#1033=EDGE_CURVE('',#1256,#1255,#175,.F.);
#1034=EDGE_CURVE('',#1254,#1256,#176,.F.);
#1035=EDGE_CURVE('',#1245,#1244,#177,.T.);
#1036=EDGE_CURVE('',#1254,#1257,#112,.T.);
#1037=EDGE_CURVE('',#1257,#1258,#178,.T.);
#1038=EDGE_CURVE('',#1253,#1258,#113,.T.);
#1039=EDGE_CURVE('',#1256,#1259,#114,.T.);
#1040=EDGE_CURVE('',#1259,#1257,#179,.T.);
#1041=EDGE_CURVE('',#1258,#1260,#180,.T.);
#1042=EDGE_CURVE('',#1260,#1255,#115,.T.);
#1043=EDGE_CURVE('',#1260,#1259,#181,.T.);
#1044=EDGE_CURVE('',#1258,#1261,#182,.T.);
#1045=EDGE_CURVE('',#1261,#1262,#183,.T.);
#1046=EDGE_CURVE('',#1260,#1262,#184,.T.);
#1047=EDGE_CURVE('',#1257,#1263,#185,.T.);
#1048=EDGE_CURVE('',#1263,#1261,#186,.T.);
#1049=EDGE_CURVE('',#1250,#1264,#116,.T.);
#1050=EDGE_CURVE('',#1264,#1265,#187,.T.);
#1051=EDGE_CURVE('',#1265,#1249,#117,.T.);
#1052=EDGE_CURVE('',#1252,#1266,#118,.T.);
#1053=EDGE_CURVE('',#1266,#1264,#188,.T.);
#1054=EDGE_CURVE('',#1267,#1266,#189,.T.);
#1055=EDGE_CURVE('',#1251,#1267,#119,.T.);
#1056=EDGE_CURVE('',#1265,#1267,#190,.T.);
#1057=EDGE_CURVE('',#1265,#1268,#191,.T.);
#1058=EDGE_CURVE('',#1268,#1269,#192,.T.);
#1059=EDGE_CURVE('',#1267,#1269,#193,.T.);
#1060=EDGE_CURVE('',#1264,#1270,#194,.T.);
#1061=EDGE_CURVE('',#1270,#1268,#195,.T.);
#1062=EDGE_CURVE('',#1259,#1271,#196,.T.);
#1063=EDGE_CURVE('',#1271,#1263,#197,.T.);
#1064=EDGE_CURVE('',#1262,#1271,#198,.T.);
#1065=EDGE_CURVE('',#1266,#1272,#199,.T.);
#1066=EDGE_CURVE('',#1272,#1270,#200,.T.);
#1067=EDGE_CURVE('',#1269,#1272,#201,.T.);
#1068=EDGE_CURVE('',#1242,#1247,#202,.T.);
#1069=EDGE_CURVE('',#1244,#1273,#203,.T.);
#1070=EDGE_CURVE('',#1274,#1243,#204,.T.);
#1071=EDGE_CURVE('',#1273,#1274,#1376,.T.);
#1072=EDGE_CURVE('',#1243,#1275,#205,.T.);
#1073=EDGE_CURVE('',#1276,#1242,#206,.T.);
#1074=EDGE_CURVE('',#1275,#1276,#1377,.T.);
#1075=EDGE_CURVE('',#1247,#1277,#207,.T.);
#1076=EDGE_CURVE('',#1278,#1246,#208,.T.);
#1077=EDGE_CURVE('',#1277,#1278,#1378,.T.);
#1078=EDGE_CURVE('',#1246,#1279,#209,.T.);
#1079=EDGE_CURVE('',#1280,#1245,#210,.T.);
#1080=EDGE_CURVE('',#1279,#1280,#1379,.T.);
#1081=EDGE_CURVE('',#1281,#1281,#1380,.F.);
#1082=EDGE_CURVE('',#1282,#1282,#1381,.T.);
#1083=EDGE_CURVE('',#1283,#1283,#1382,.T.);
#1084=EDGE_CURVE('',#1284,#1284,#1383,.T.);
#1085=EDGE_CURVE('',#1285,#1285,#1384,.T.);
#1086=EDGE_CURVE('',#1286,#1286,#1385,.T.);
#1087=EDGE_CURVE('',#1287,#1288,#1386,.F.);
#1088=EDGE_CURVE('',#1288,#1289,#211,.T.);
#1089=EDGE_CURVE('',#1289,#1290,#1387,.T.);
#1090=EDGE_CURVE('',#1290,#1287,#212,.F.);
#1091=EDGE_CURVE('',#1291,#1288,#213,.T.);
#1092=EDGE_CURVE('',#1292,#1291,#214,.T.);
#1093=EDGE_CURVE('',#1289,#1292,#215,.T.);
#1094=EDGE_CURVE('',#1291,#1293,#1388,.F.);
#1095=EDGE_CURVE('',#1293,#1294,#216,.F.);
#1096=EDGE_CURVE('',#1294,#1292,#1389,.T.);
#1097=EDGE_CURVE('',#1295,#1294,#217,.T.);
#1098=EDGE_CURVE('',#1296,#1295,#1390,.T.);
#1099=EDGE_CURVE('',#1297,#1296,#218,.T.);
#1100=EDGE_CURVE('',#1298,#1297,#1391,.T.);
#1101=EDGE_CURVE('',#1299,#1298,#219,.T.);
#1102=EDGE_CURVE('',#1300,#1299,#1392,.T.);
#1103=EDGE_CURVE('',#1301,#1300,#220,.T.);
#1104=EDGE_CURVE('',#1302,#1301,#1393,.F.);
#1105=EDGE_CURVE('',#1302,#1290,#221,.T.);
#1106=EDGE_CURVE('',#1301,#1303,#222,.F.);
#1107=EDGE_CURVE('',#1303,#1304,#1394,.T.);
#1108=EDGE_CURVE('',#1304,#1302,#223,.T.);
#1109=EDGE_CURVE('',#1287,#1304,#224,.T.);
#1110=EDGE_CURVE('',#1305,#1293,#225,.T.);
#1111=EDGE_CURVE('',#1295,#1305,#226,.T.);
#1112=EDGE_CURVE('',#1306,#1306,#1395,.T.);
#1113=EDGE_CURVE('',#1307,#1307,#1396,.T.);
#1114=EDGE_CURVE('',#1303,#1308,#227,.T.);
#1115=EDGE_CURVE('',#1309,#1308,#1397,.F.);
#1116=EDGE_CURVE('',#1309,#1310,#228,.F.);
#1117=EDGE_CURVE('',#1311,#1310,#1398,.F.);
#1118=EDGE_CURVE('',#1311,#1312,#229,.F.);
#1119=EDGE_CURVE('',#1305,#1312,#1399,.F.);
#1120=EDGE_CURVE('',#1312,#1296,#230,.F.);
#1121=EDGE_CURVE('',#1297,#1311,#231,.T.);
#1122=EDGE_CURVE('',#1310,#1298,#232,.F.);
#1123=EDGE_CURVE('',#1299,#1309,#233,.T.);
#1124=EDGE_CURVE('',#1308,#1300,#234,.F.);
#1125=EDGE_CURVE('',#1313,#1313,#1400,.T.);
#1126=EDGE_CURVE('',#1314,#1314,#1401,.T.);
#1127=EDGE_CURVE('',#1315,#1315,#1402,.T.);
#1128=EDGE_CURVE('',#1316,#1316,#1403,.T.);
#1129=EDGE_CURVE('',#1317,#1318,#1404,.F.);
#1130=EDGE_CURVE('',#1317,#1319,#235,.T.);
#1131=EDGE_CURVE('',#1320,#1319,#1405,.F.);
#1132=EDGE_CURVE('',#1320,#1321,#236,.T.);
#1133=EDGE_CURVE('',#1322,#1321,#1406,.F.);
#1134=EDGE_CURVE('',#1322,#1323,#237,.F.);
#1135=EDGE_CURVE('',#1324,#1323,#1407,.F.);
#1136=EDGE_CURVE('',#1324,#1318,#238,.F.);
#1137=EDGE_CURVE('',#1325,#1325,#1408,.T.);
#1138=EDGE_CURVE('',#1326,#1326,#120,.T.);
#1139=EDGE_CURVE('',#1327,#1328,#121,.T.);
#1140=EDGE_CURVE('',#1327,#1329,#239,.T.);
#1141=EDGE_CURVE('',#1330,#1329,#1409,.T.);
#1142=EDGE_CURVE('',#1328,#1330,#240,.T.);
#1143=EDGE_CURVE('',#1328,#1327,#241,.T.);
#1144=EDGE_CURVE('',#1329,#1330,#242,.T.);
#1145=EDGE_CURVE('',#1328,#1327,#122,.F.);
#1146=EDGE_CURVE('',#1318,#1331,#243,.F.);
#1147=EDGE_CURVE('',#1331,#1332,#1410,.T.);
#1148=EDGE_CURVE('',#1332,#1317,#244,.T.);
#1149=EDGE_CURVE('',#1333,#1324,#245,.T.);
#1150=EDGE_CURVE('',#1333,#1331,#246,.T.);
#1151=EDGE_CURVE('',#1323,#1334,#247,.F.);
#1152=EDGE_CURVE('',#1334,#1333,#1411,.T.);
#1153=EDGE_CURVE('',#1335,#1322,#248,.T.);
#1154=EDGE_CURVE('',#1335,#1334,#249,.T.);
#1155=EDGE_CURVE('',#1321,#1336,#250,.F.);
#1156=EDGE_CURVE('',#1336,#1335,#1412,.T.);
#1157=EDGE_CURVE('',#1337,#1320,#251,.T.);
#1158=EDGE_CURVE('',#1337,#1336,#252,.T.);
#1159=EDGE_CURVE('',#1319,#1338,#253,.F.);
#1160=EDGE_CURVE('',#1338,#1337,#1413,.T.);
#1161=EDGE_CURVE('',#1332,#1338,#254,.T.);
#1162=EDGE_CURVE('',#1276,#1339,#255,.T.);
#1163=EDGE_CURVE('',#1340,#1277,#256,.F.);
#1164=EDGE_CURVE('',#1339,#1340,#257,.T.);
#1165=EDGE_CURVE('',#1341,#1340,#1414,.F.);
#1166=EDGE_CURVE('',#1278,#1341,#258,.T.);
#1167=EDGE_CURVE('',#1342,#1279,#259,.F.);
#1168=EDGE_CURVE('',#1341,#1342,#260,.T.);
#1169=EDGE_CURVE('',#1343,#1342,#1415,.F.);
#1170=EDGE_CURVE('',#1280,#1343,#261,.T.);
#1171=EDGE_CURVE('',#1344,#1273,#262,.F.);
#1172=EDGE_CURVE('',#1343,#1344,#263,.F.);
#1173=EDGE_CURVE('',#1345,#1344,#1416,.F.);
#1174=EDGE_CURVE('',#1274,#1345,#264,.T.);
#1175=EDGE_CURVE('',#1339,#1346,#1417,.F.);
#1176=EDGE_CURVE('',#1345,#1346,#265,.F.);
#1177=EDGE_CURVE('',#1346,#1275,#266,.F.);
#1178=EDGE_CURVE('',#1347,#1347,#1418,.T.);
#1179=VERTEX_POINT('',#2540);
#1180=VERTEX_POINT('',#2542);
#1181=VERTEX_POINT('',#2545);
#1182=VERTEX_POINT('',#2547);
#1183=VERTEX_POINT('',#2550);
#1184=VERTEX_POINT('',#2551);
#1185=VERTEX_POINT('',#2553);
#1186=VERTEX_POINT('',#2555);
#1187=VERTEX_POINT('',#2562);
#1188=VERTEX_POINT('',#2564);
#1189=VERTEX_POINT('',#2566);
#1190=VERTEX_POINT('',#2570);
#1191=VERTEX_POINT('',#2577);
#1192=VERTEX_POINT('',#2581);
#1193=VERTEX_POINT('',#2582);
#1194=VERTEX_POINT('',#2584);
#1195=VERTEX_POINT('',#2586);
#1196=VERTEX_POINT('',#2593);
#1197=VERTEX_POINT('',#2595);
#1198=VERTEX_POINT('',#2597);
#1199=VERTEX_POINT('',#2601);
#1200=VERTEX_POINT('',#2608);
#1201=VERTEX_POINT('',#2612);
#1202=VERTEX_POINT('',#2618);
#1203=VERTEX_POINT('',#2624);
#1204=VERTEX_POINT('',#2625);
#1205=VERTEX_POINT('',#2627);
#1206=VERTEX_POINT('',#2629);
#1207=VERTEX_POINT('',#2633);
#1208=VERTEX_POINT('',#2635);
#1209=VERTEX_POINT('',#2639);
#1210=VERTEX_POINT('',#2641);
#1211=VERTEX_POINT('',#2645);
#1212=VERTEX_POINT('',#2653);
#1213=VERTEX_POINT('',#2658);
#1214=VERTEX_POINT('',#2665);
#1215=VERTEX_POINT('',#2666);
#1216=VERTEX_POINT('',#2708);
#1217=VERTEX_POINT('',#2713);
#1218=VERTEX_POINT('',#2756);
#1219=VERTEX_POINT('',#2762);
#1220=VERTEX_POINT('',#2770);
#1221=VERTEX_POINT('',#2780);
#1222=VERTEX_POINT('',#2781);
#1223=VERTEX_POINT('',#2786);
#1224=VERTEX_POINT('',#2791);
#1225=VERTEX_POINT('',#2831);
#1226=VERTEX_POINT('',#2836);
#1227=VERTEX_POINT('',#2844);
#1228=VERTEX_POINT('',#2885);
#1229=VERTEX_POINT('',#2891);
#1230=VERTEX_POINT('',#2899);
#1231=VERTEX_POINT('',#2906);
#1232=VERTEX_POINT('',#2907);
#1233=VERTEX_POINT('',#2909);
#1234=VERTEX_POINT('',#2911);
#1235=VERTEX_POINT('',#2915);
#1236=VERTEX_POINT('',#2917);
#1237=VERTEX_POINT('',#2922);
#1238=VERTEX_POINT('',#2926);
#1239=VERTEX_POINT('',#2977);
#1240=VERTEX_POINT('',#2979);
#1241=VERTEX_POINT('',#2983);
#1242=VERTEX_POINT('',#2985);
#1243=VERTEX_POINT('',#2987);
#1244=VERTEX_POINT('',#2989);
#1245=VERTEX_POINT('',#2993);
#1246=VERTEX_POINT('',#2995);
#1247=VERTEX_POINT('',#2997);
#1248=VERTEX_POINT('',#2999);
#1249=VERTEX_POINT('',#3004);
#1250=VERTEX_POINT('',#3005);
#1251=VERTEX_POINT('',#3007);
#1252=VERTEX_POINT('',#3009);
#1253=VERTEX_POINT('',#3012);
#1254=VERTEX_POINT('',#3013);
#1255=VERTEX_POINT('',#3015);
#1256=VERTEX_POINT('',#3017);
#1257=VERTEX_POINT('',#3026);
#1258=VERTEX_POINT('',#3028);
#1259=VERTEX_POINT('',#3038);
#1260=VERTEX_POINT('',#3042);
#1261=VERTEX_POINT('',#3051);
#1262=VERTEX_POINT('',#3053);
#1263=VERTEX_POINT('',#3057);
#1264=VERTEX_POINT('',#3064);
#1265=VERTEX_POINT('',#3066);
#1266=VERTEX_POINT('',#3076);
#1267=VERTEX_POINT('',#3080);
#1268=VERTEX_POINT('',#3089);
#1269=VERTEX_POINT('',#3091);
#1270=VERTEX_POINT('',#3095);
#1271=VERTEX_POINT('',#3099);
#1272=VERTEX_POINT('',#3106);
#1273=VERTEX_POINT('',#3115);
#1274=VERTEX_POINT('',#3117);
#1275=VERTEX_POINT('',#3121);
#1276=VERTEX_POINT('',#3123);
#1277=VERTEX_POINT('',#3127);
#1278=VERTEX_POINT('',#3129);
#1279=VERTEX_POINT('',#3133);
#1280=VERTEX_POINT('',#3135);
#1281=VERTEX_POINT('',#3139);
#1282=VERTEX_POINT('',#3141);
#1283=VERTEX_POINT('',#3144);
#1284=VERTEX_POINT('',#3146);
#1285=VERTEX_POINT('',#3149);
#1286=VERTEX_POINT('',#3151);
#1287=VERTEX_POINT('',#3154);
#1288=VERTEX_POINT('',#3155);
#1289=VERTEX_POINT('',#3157);
#1290=VERTEX_POINT('',#3159);
#1291=VERTEX_POINT('',#3163);
#1292=VERTEX_POINT('',#3165);
#1293=VERTEX_POINT('',#3169);
#1294=VERTEX_POINT('',#3171);
#1295=VERTEX_POINT('',#3175);
#1296=VERTEX_POINT('',#3177);
#1297=VERTEX_POINT('',#3179);
#1298=VERTEX_POINT('',#3181);
#1299=VERTEX_POINT('',#3183);
#1300=VERTEX_POINT('',#3185);
#1301=VERTEX_POINT('',#3187);
#1302=VERTEX_POINT('',#3189);
#1303=VERTEX_POINT('',#3193);
#1304=VERTEX_POINT('',#3195);
#1305=VERTEX_POINT('',#3201);
#1306=VERTEX_POINT('',#3205);
#1307=VERTEX_POINT('',#3207);
#1308=VERTEX_POINT('',#3209);
#1309=VERTEX_POINT('',#3211);
#1310=VERTEX_POINT('',#3213);
#1311=VERTEX_POINT('',#3215);
#1312=VERTEX_POINT('',#3217);
#1313=VERTEX_POINT('',#3232);
#1314=VERTEX_POINT('',#3235);
#1315=VERTEX_POINT('',#3238);
#1316=VERTEX_POINT('',#3240);
#1317=VERTEX_POINT('',#3243);
#1318=VERTEX_POINT('',#3244);
#1319=VERTEX_POINT('',#3246);
#1320=VERTEX_POINT('',#3248);
#1321=VERTEX_POINT('',#3250);
#1322=VERTEX_POINT('',#3252);
#1323=VERTEX_POINT('',#3254);
#1324=VERTEX_POINT('',#3256);
#1325=VERTEX_POINT('',#3259);
#1326=VERTEX_POINT('',#3271);
#1327=VERTEX_POINT('',#3283);
#1328=VERTEX_POINT('',#3284);
#1329=VERTEX_POINT('',#3286);
#1330=VERTEX_POINT('',#3288);
#1331=VERTEX_POINT('',#3432);
#1332=VERTEX_POINT('',#3434);
#1333=VERTEX_POINT('',#3438);
#1334=VERTEX_POINT('',#3442);
#1335=VERTEX_POINT('',#3446);
#1336=VERTEX_POINT('',#3450);
#1337=VERTEX_POINT('',#3454);
#1338=VERTEX_POINT('',#3458);
#1339=VERTEX_POINT('',#3465);
#1340=VERTEX_POINT('',#3467);
#1341=VERTEX_POINT('',#3471);
#1342=VERTEX_POINT('',#3475);
#1343=VERTEX_POINT('',#3479);
#1344=VERTEX_POINT('',#3483);
#1345=VERTEX_POINT('',#3487);
#1346=VERTEX_POINT('',#3491);
#1347=VERTEX_POINT('',#3499);
#1348=CIRCLE('',#1867,0.000253615996327187);
#1349=CIRCLE('',#1868,0.000253615996327187);
#1350=CIRCLE('',#1870,0.000253615996327187);
#1351=CIRCLE('',#1871,0.000253615996327187);
#1352=CIRCLE('',#1873,0.000499712376524239);
#1353=CIRCLE('',#1874,0.000499712376524239);
#1354=CIRCLE('',#1876,0.000499712376525892);
#1355=CIRCLE('',#1878,0.000499712376525892);
#1356=CIRCLE('',#1881,0.000499712376524212);
#1357=CIRCLE('',#1882,0.000499712376524212);
#1358=CIRCLE('',#1884,0.000499712376525549);
#1359=CIRCLE('',#1886,0.000499712376525549);
#1360=CIRCLE('',#1893,0.0003);
#1361=CIRCLE('',#1894,0.0003);
#1362=CIRCLE('',#1897,0.0003);
#1363=CIRCLE('',#1898,0.0003);
#1364=CIRCLE('',#1903,0.0003);
#1365=CIRCLE('',#1904,0.0003);
#1366=CIRCLE('',#1906,0.0003);
#1367=CIRCLE('',#1909,0.0003);
#1368=CIRCLE('',#1917,0.00595);
#1369=CIRCLE('',#1918,0.00595);
#1370=CIRCLE('',#1919,0.00595);
#1371=CIRCLE('',#1920,0.00595);
#1372=CIRCLE('',#1922,0.00595);
#1373=CIRCLE('',#1923,0.00595);
#1374=CIRCLE('',#1924,0.00595);
#1375=CIRCLE('',#1925,0.00595);
#1376=CIRCLE('',#1948,0.0005);
#1377=CIRCLE('',#1950,0.0005);
#1378=CIRCLE('',#1952,0.0005);
#1379=CIRCLE('',#1954,0.0005);
#1380=CIRCLE('',#1956,0.00125);
#1381=CIRCLE('',#1957,0.00125);
#1382=CIRCLE('',#1959,0.001075);
#1383=CIRCLE('',#1960,0.001075);
#1384=CIRCLE('',#1962,0.00125);
#1385=CIRCLE('',#1963,0.00125);
#1386=CIRCLE('',#1965,0.0005);
#1387=CIRCLE('',#1966,0.0005);
#1388=CIRCLE('',#1969,0.0005);
#1389=CIRCLE('',#1970,0.0005);
#1390=CIRCLE('',#1972,0.0005);
#1391=CIRCLE('',#1973,0.0005);
#1392=CIRCLE('',#1974,0.0005);
#1393=CIRCLE('',#1975,0.0005);
#1394=CIRCLE('',#1977,0.0005);
#1395=CIRCLE('',#1981,0.00125);
#1396=CIRCLE('',#1982,0.00125);
#1397=CIRCLE('',#1983,0.0005);
#1398=CIRCLE('',#1984,0.0005);
#1399=CIRCLE('',#1985,0.0005);
#1400=CIRCLE('',#1993,0.00125);
#1401=CIRCLE('',#1995,0.00125);
#1402=CIRCLE('',#1997,0.001075);
#1403=CIRCLE('',#1998,0.001325);
#1404=CIRCLE('',#2000,0.0005);
#1405=CIRCLE('',#2001,0.0005);
#1406=CIRCLE('',#2002,0.0005);
#1407=CIRCLE('',#2003,0.0005);
#1408=CIRCLE('',#2004,0.001325);
#1409=CIRCLE('',#2007,0.0015);
#1410=CIRCLE('',#2012,0.0005);
#1411=CIRCLE('',#2015,0.0005);
#1412=CIRCLE('',#2018,0.0005);
#1413=CIRCLE('',#2021,0.0005);
#1414=CIRCLE('',#2026,0.0005);
#1415=CIRCLE('',#2029,0.0005);
#1416=CIRCLE('',#2032,0.0005);
#1417=CIRCLE('',#2034,0.0005);
#1418=CIRCLE('',#2039,0.001075);
#1419=EDGE_LOOP('',(#411));
#1420=EDGE_LOOP('',(#412));
#1421=EDGE_LOOP('',(#413));
#1422=EDGE_LOOP('',(#414));
#1423=EDGE_LOOP('',(#415,#416,#417,#418));
#1424=EDGE_LOOP('',(#419,#420,#421,#422,#423));
#1425=EDGE_LOOP('',(#424));
#1426=EDGE_LOOP('',(#425,#426,#427,#428));
#1427=EDGE_LOOP('',(#429,#430,#431,#432));
#1428=EDGE_LOOP('',(#433,#434,#435,#436));
#1429=EDGE_LOOP('',(#437,#438,#439,#440,#441));
#1430=EDGE_LOOP('',(#442));
#1431=EDGE_LOOP('',(#443,#444,#445,#446));
#1432=EDGE_LOOP('',(#447,#448,#449,#450));
#1433=EDGE_LOOP('',(#451,#452,#453,#454,#455));
#1434=EDGE_LOOP('',(#456));
#1435=EDGE_LOOP('',(#457,#458,#459,#460));
#1436=EDGE_LOOP('',(#461,#462,#463,#464,#465));
#1437=EDGE_LOOP('',(#466));
#1438=EDGE_LOOP('',(#467,#468,#469,#470));
#1439=EDGE_LOOP('',(#471,#472,#473,#474));
#1440=EDGE_LOOP('',(#475,#476,#477,#478));
#1441=EDGE_LOOP('',(#479,#480,#481,#482));
#1442=EDGE_LOOP('',(#483,#484,#485,#486,#487,#488,#489));
#1443=EDGE_LOOP('',(#490,#491,#492,#493));
#1444=EDGE_LOOP('',(#494,#495,#496,#497));
#1445=EDGE_LOOP('',(#498,#499,#500,#501));
#1446=EDGE_LOOP('',(#502,#503,#504,#505));
#1447=EDGE_LOOP('',(#506,#507,#508,#509));
#1448=EDGE_LOOP('',(#510,#511,#512,#513));
#1449=EDGE_LOOP('',(#514,#515,#516,#517));
#1450=EDGE_LOOP('',(#518,#519,#520,#521,#522,#523,#524));
#1451=EDGE_LOOP('',(#525,#526,#527,#528));
#1452=EDGE_LOOP('',(#529,#530,#531,#532));
#1453=EDGE_LOOP('',(#533,#534,#535,#536,#537,#538,#539));
#1454=EDGE_LOOP('',(#540,#541,#542,#543));
#1455=EDGE_LOOP('',(#544,#545,#546,#547,#548,#549,#550));
#1456=EDGE_LOOP('',(#551,#552,#553,#554));
#1457=EDGE_LOOP('',(#555,#556,#557,#558,#559,#560,#561,#562,#563,#564,#565,
#566));
#1458=EDGE_LOOP('',(#567,#568,#569,#570));
#1459=EDGE_LOOP('',(#571,#572,#573,#574));
#1460=EDGE_LOOP('',(#575,#576,#577,#578));
#1461=EDGE_LOOP('',(#579,#580,#581,#582));
#1462=EDGE_LOOP('',(#583,#584,#585,#586));
#1463=EDGE_LOOP('',(#587,#588,#589,#590,#591,#592,#593,#594,#595));
#1464=EDGE_LOOP('',(#596,#597,#598,#599,#600,#601,#602,#603,#604));
#1465=EDGE_LOOP('',(#605,#606,#607,#608));
#1466=EDGE_LOOP('',(#609,#610,#611,#612));
#1467=EDGE_LOOP('',(#613,#614,#615,#616));
#1468=EDGE_LOOP('',(#617,#618,#619,#620));
#1469=EDGE_LOOP('',(#621,#622,#623,#624));
#1470=EDGE_LOOP('',(#625,#626,#627,#628));
#1471=EDGE_LOOP('',(#629,#630,#631,#632));
#1472=EDGE_LOOP('',(#633,#634,#635,#636));
#1473=EDGE_LOOP('',(#637,#638,#639,#640));
#1474=EDGE_LOOP('',(#641,#642,#643,#644));
#1475=EDGE_LOOP('',(#645,#646,#647,#648));
#1476=EDGE_LOOP('',(#649,#650,#651,#652));
#1477=EDGE_LOOP('',(#653,#654,#655,#656));
#1478=EDGE_LOOP('',(#657,#658,#659,#660));
#1479=EDGE_LOOP('',(#661,#662,#663,#664));
#1480=EDGE_LOOP('',(#665,#666,#667,#668));
#1481=EDGE_LOOP('',(#669,#670,#671,#672));
#1482=EDGE_LOOP('',(#673,#674,#675,#676));
#1483=EDGE_LOOP('',(#677,#678,#679,#680));
#1484=EDGE_LOOP('',(#681,#682,#683,#684));
#1485=EDGE_LOOP('',(#685,#686,#687,#688));
#1486=EDGE_LOOP('',(#689,#690,#691,#692));
#1487=EDGE_LOOP('',(#693,#694,#695,#696));
#1488=EDGE_LOOP('',(#697,#698,#699,#700));
#1489=EDGE_LOOP('',(#701,#702,#703,#704));
#1490=EDGE_LOOP('',(#705,#706,#707,#708));
#1491=EDGE_LOOP('',(#709,#710,#711,#712));
#1492=EDGE_LOOP('',(#713));
#1493=EDGE_LOOP('',(#714));
#1494=EDGE_LOOP('',(#715));
#1495=EDGE_LOOP('',(#716));
#1496=EDGE_LOOP('',(#717));
#1497=EDGE_LOOP('',(#718));
#1498=EDGE_LOOP('',(#719,#720,#721,#722));
#1499=EDGE_LOOP('',(#723,#724,#725,#726));
#1500=EDGE_LOOP('',(#727,#728,#729,#730));
#1501=EDGE_LOOP('',(#731));
#1502=EDGE_LOOP('',(#732));
#1503=EDGE_LOOP('',(#733,#734,#735,#736,#737,#738,#739,#740,#741,#742,#743,
#744));
#1504=EDGE_LOOP('',(#745,#746,#747,#748));
#1505=EDGE_LOOP('',(#749,#750,#751,#752));
#1506=EDGE_LOOP('',(#753,#754,#755,#756));
#1507=EDGE_LOOP('',(#757));
#1508=EDGE_LOOP('',(#758));
#1509=EDGE_LOOP('',(#759,#760,#761,#762,#763,#764,#765,#766,#767,#768,#769,
#770));
#1510=EDGE_LOOP('',(#771,#772,#773,#774));
#1511=EDGE_LOOP('',(#775,#776,#777,#778));
#1512=EDGE_LOOP('',(#779,#780,#781,#782));
#1513=EDGE_LOOP('',(#783,#784,#785,#786));
#1514=EDGE_LOOP('',(#787,#788,#789,#790));
#1515=EDGE_LOOP('',(#791,#792,#793,#794));
#1516=EDGE_LOOP('',(#795));
#1517=EDGE_LOOP('',(#796));
#1518=EDGE_LOOP('',(#797));
#1519=EDGE_LOOP('',(#798));
#1520=EDGE_LOOP('',(#799));
#1521=EDGE_LOOP('',(#800));
#1522=EDGE_LOOP('',(#801,#802,#803,#804,#805,#806,#807,#808));
#1523=EDGE_LOOP('',(#809));
#1524=EDGE_LOOP('',(#810));
#1525=EDGE_LOOP('',(#811));
#1526=EDGE_LOOP('',(#812));
#1527=EDGE_LOOP('',(#813));
#1528=EDGE_LOOP('',(#814,#815,#816,#817));
#1529=EDGE_LOOP('',(#818,#819,#820,#821));
#1530=EDGE_LOOP('',(#822,#823));
#1531=EDGE_LOOP('',(#824,#825));
#1532=EDGE_LOOP('',(#826));
#1533=EDGE_LOOP('',(#827,#828));
#1534=EDGE_LOOP('',(#829,#830,#831,#832));
#1535=EDGE_LOOP('',(#833,#834,#835,#836));
#1536=EDGE_LOOP('',(#837,#838,#839,#840));
#1537=EDGE_LOOP('',(#841,#842,#843,#844));
#1538=EDGE_LOOP('',(#845,#846,#847,#848));
#1539=EDGE_LOOP('',(#849,#850,#851,#852));
#1540=EDGE_LOOP('',(#853,#854,#855,#856));
#1541=EDGE_LOOP('',(#857,#858,#859,#860));
#1542=EDGE_LOOP('',(#861));
#1543=EDGE_LOOP('',(#862));
#1544=EDGE_LOOP('',(#863,#864,#865,#866,#867,#868,#869,#870));
#1545=EDGE_LOOP('',(#871,#872,#873,#874,#875,#876));
#1546=EDGE_LOOP('',(#877,#878,#879,#880));
#1547=EDGE_LOOP('',(#881,#882,#883,#884,#885));
#1548=EDGE_LOOP('',(#886,#887,#888,#889));
#1549=EDGE_LOOP('',(#890,#891,#892,#893,#894,#895));
#1550=EDGE_LOOP('',(#896,#897,#898,#899));
#1551=EDGE_LOOP('',(#900));
#1552=EDGE_LOOP('',(#901));
#1553=EDGE_LOOP('',(#902,#903,#904,#905,#906,#907,#908,#909));
#1554=EDGE_LOOP('',(#910,#911,#912,#913,#914));
#1555=EDGE_LOOP('',(#915,#916,#917,#918));
#1556=EDGE_LOOP('',(#919));
#1557=EDGE_LOOP('',(#920));
#1558=EDGE_LOOP('',(#921));
#1559=EDGE_LOOP('',(#922));
#1560=FACE_BOUND('',#1419,.T.);
#1561=FACE_BOUND('',#1420,.T.);
#1562=FACE_BOUND('',#1421,.T.);
#1563=FACE_BOUND('',#1422,.T.);
#1564=FACE_BOUND('',#1423,.T.);
#1565=FACE_BOUND('',#1424,.T.);
#1566=FACE_BOUND('',#1425,.T.);
#1567=FACE_BOUND('',#1426,.T.);
#1568=FACE_BOUND('',#1427,.T.);
#1569=FACE_BOUND('',#1428,.T.);
#1570=FACE_BOUND('',#1429,.T.);
#1571=FACE_BOUND('',#1430,.T.);
#1572=FACE_BOUND('',#1431,.T.);
#1573=FACE_BOUND('',#1432,.T.);
#1574=FACE_BOUND('',#1433,.T.);
#1575=FACE_BOUND('',#1434,.T.);
#1576=FACE_BOUND('',#1435,.T.);
#1577=FACE_BOUND('',#1436,.T.);
#1578=FACE_BOUND('',#1437,.T.);
#1579=FACE_BOUND('',#1438,.T.);
#1580=FACE_BOUND('',#1439,.T.);
#1581=FACE_BOUND('',#1440,.T.);
#1582=FACE_BOUND('',#1441,.T.);
#1583=FACE_BOUND('',#1442,.T.);
#1584=FACE_BOUND('',#1443,.T.);
#1585=FACE_BOUND('',#1444,.T.);
#1586=FACE_BOUND('',#1445,.T.);
#1587=FACE_BOUND('',#1446,.T.);
#1588=FACE_BOUND('',#1447,.T.);
#1589=FACE_BOUND('',#1448,.T.);
#1590=FACE_BOUND('',#1449,.T.);
#1591=FACE_BOUND('',#1450,.T.);
#1592=FACE_BOUND('',#1451,.T.);
#1593=FACE_BOUND('',#1452,.T.);
#1594=FACE_BOUND('',#1453,.T.);
#1595=FACE_BOUND('',#1454,.T.);
#1596=FACE_BOUND('',#1455,.T.);
#1597=FACE_BOUND('',#1456,.T.);
#1598=FACE_BOUND('',#1457,.T.);
#1599=FACE_BOUND('',#1458,.T.);
#1600=FACE_BOUND('',#1459,.T.);
#1601=FACE_BOUND('',#1460,.T.);
#1602=FACE_BOUND('',#1461,.T.);
#1603=FACE_BOUND('',#1462,.T.);
#1604=FACE_BOUND('',#1463,.T.);
#1605=FACE_BOUND('',#1464,.T.);
#1606=FACE_BOUND('',#1465,.T.);
#1607=FACE_BOUND('',#1466,.T.);
#1608=FACE_BOUND('',#1467,.T.);
#1609=FACE_BOUND('',#1468,.T.);
#1610=FACE_BOUND('',#1469,.T.);
#1611=FACE_BOUND('',#1470,.T.);
#1612=FACE_BOUND('',#1471,.T.);
#1613=FACE_BOUND('',#1472,.T.);
#1614=FACE_BOUND('',#1473,.T.);
#1615=FACE_BOUND('',#1474,.T.);
#1616=FACE_BOUND('',#1475,.T.);
#1617=FACE_BOUND('',#1476,.T.);
#1618=FACE_BOUND('',#1477,.T.);
#1619=FACE_BOUND('',#1478,.T.);
#1620=FACE_BOUND('',#1479,.T.);
#1621=FACE_BOUND('',#1480,.T.);
#1622=FACE_BOUND('',#1481,.T.);
#1623=FACE_BOUND('',#1482,.T.);
#1624=FACE_BOUND('',#1483,.T.);
#1625=FACE_BOUND('',#1484,.T.);
#1626=FACE_BOUND('',#1485,.T.);
#1627=FACE_BOUND('',#1486,.T.);
#1628=FACE_BOUND('',#1487,.T.);
#1629=FACE_BOUND('',#1488,.T.);
#1630=FACE_BOUND('',#1489,.T.);
#1631=FACE_BOUND('',#1490,.T.);
#1632=FACE_BOUND('',#1491,.T.);
#1633=FACE_BOUND('',#1492,.T.);
#1634=FACE_BOUND('',#1493,.T.);
#1635=FACE_BOUND('',#1494,.T.);
#1636=FACE_BOUND('',#1495,.T.);
#1637=FACE_BOUND('',#1496,.T.);
#1638=FACE_BOUND('',#1497,.T.);
#1639=FACE_BOUND('',#1498,.T.);
#1640=FACE_BOUND('',#1499,.T.);
#1641=FACE_BOUND('',#1500,.T.);
#1642=FACE_BOUND('',#1501,.T.);
#1643=FACE_BOUND('',#1502,.T.);
#1644=FACE_BOUND('',#1503,.T.);
#1645=FACE_BOUND('',#1504,.T.);
#1646=FACE_BOUND('',#1505,.T.);
#1647=FACE_BOUND('',#1506,.T.);
#1648=FACE_BOUND('',#1507,.T.);
#1649=FACE_BOUND('',#1508,.T.);
#1650=FACE_BOUND('',#1509,.T.);
#1651=FACE_BOUND('',#1510,.T.);
#1652=FACE_BOUND('',#1511,.T.);
#1653=FACE_BOUND('',#1512,.T.);
#1654=FACE_BOUND('',#1513,.T.);
#1655=FACE_BOUND('',#1514,.T.);
#1656=FACE_BOUND('',#1515,.T.);
#1657=FACE_BOUND('',#1516,.T.);
#1658=FACE_BOUND('',#1517,.T.);
#1659=FACE_BOUND('',#1518,.T.);
#1660=FACE_BOUND('',#1519,.T.);
#1661=FACE_BOUND('',#1520,.T.);
#1662=FACE_BOUND('',#1521,.T.);
#1663=FACE_BOUND('',#1522,.T.);
#1664=FACE_BOUND('',#1523,.T.);
#1665=FACE_BOUND('',#1524,.T.);
#1666=FACE_BOUND('',#1525,.T.);
#1667=FACE_BOUND('',#1526,.T.);
#1668=FACE_BOUND('',#1527,.T.);
#1669=FACE_BOUND('',#1528,.T.);
#1670=FACE_BOUND('',#1529,.T.);
#1671=FACE_BOUND('',#1530,.T.);
#1672=FACE_BOUND('',#1531,.T.);
#1673=FACE_BOUND('',#1532,.T.);
#1674=FACE_BOUND('',#1533,.T.);
#1675=FACE_BOUND('',#1534,.T.);
#1676=FACE_BOUND('',#1535,.T.);
#1677=FACE_BOUND('',#1536,.T.);
#1678=FACE_BOUND('',#1537,.T.);
#1679=FACE_BOUND('',#1538,.T.);
#1680=FACE_BOUND('',#1539,.T.);
#1681=FACE_BOUND('',#1540,.T.);
#1682=FACE_BOUND('',#1541,.T.);
#1683=FACE_BOUND('',#1542,.T.);
#1684=FACE_BOUND('',#1543,.T.);
#1685=FACE_BOUND('',#1544,.T.);
#1686=FACE_BOUND('',#1545,.T.);
#1687=FACE_BOUND('',#1546,.T.);
#1688=FACE_BOUND('',#1547,.T.);
#1689=FACE_BOUND('',#1548,.T.);
#1690=FACE_BOUND('',#1549,.T.);
#1691=FACE_BOUND('',#1550,.T.);
#1692=FACE_BOUND('',#1551,.T.);
#1693=FACE_BOUND('',#1552,.T.);
#1694=FACE_BOUND('',#1553,.T.);
#1695=FACE_BOUND('',#1554,.T.);
#1696=FACE_BOUND('',#1555,.T.);
#1697=FACE_BOUND('',#1556,.T.);
#1698=FACE_BOUND('',#1557,.T.);
#1699=FACE_BOUND('',#1558,.T.);
#1700=FACE_BOUND('',#1559,.T.);
#1701=CYLINDRICAL_SURFACE('',#1866,0.000253615996327187);
#1702=CYLINDRICAL_SURFACE('',#1869,0.000253615996327187);
#1703=CYLINDRICAL_SURFACE('',#1872,0.000499712376524239);
#1704=CYLINDRICAL_SURFACE('',#1877,0.000499712376525892);
#1705=CYLINDRICAL_SURFACE('',#1880,0.000499712376524212);
#1706=CYLINDRICAL_SURFACE('',#1885,0.000499712376525549);
#1707=CYLINDRICAL_SURFACE('',#1892,0.0003);
#1708=CYLINDRICAL_SURFACE('',#1896,0.0003);
#1709=CYLINDRICAL_SURFACE('',#1902,0.0003);
#1710=CYLINDRICAL_SURFACE('',#1908,0.0003);
#1711=CYLINDRICAL_SURFACE('',#1916,0.00595);
#1712=CYLINDRICAL_SURFACE('',#1921,0.00595);
#1713=CYLINDRICAL_SURFACE('',#1928,0.0002);
#1714=CYLINDRICAL_SURFACE('',#1929,0.0002);
#1715=CYLINDRICAL_SURFACE('',#1930,0.0002);
#1716=CYLINDRICAL_SURFACE('',#1931,0.0002);
#1717=CYLINDRICAL_SURFACE('',#1934,0.0002);
#1718=CYLINDRICAL_SURFACE('',#1935,0.0002);
#1719=CYLINDRICAL_SURFACE('',#1936,0.0002);
#1720=CYLINDRICAL_SURFACE('',#1937,0.0002);
#1721=CYLINDRICAL_SURFACE('',#1955,0.00125);
#1722=CYLINDRICAL_SURFACE('',#1958,0.001075);
#1723=CYLINDRICAL_SURFACE('',#1961,0.00125);
#1724=CYLINDRICAL_SURFACE('',#1964,0.0005);
#1725=CYLINDRICAL_SURFACE('',#1968,0.0005);
#1726=CYLINDRICAL_SURFACE('',#1976,0.0005);
#1727=CYLINDRICAL_SURFACE('',#1986,0.0005);
#1728=CYLINDRICAL_SURFACE('',#1988,0.0005);
#1729=CYLINDRICAL_SURFACE('',#1990,0.0005);
#1730=CYLINDRICAL_SURFACE('',#1992,0.00125);
#1731=CYLINDRICAL_SURFACE('',#1994,0.00125);
#1732=CYLINDRICAL_SURFACE('',#2006,0.0015);
#1733=CYLINDRICAL_SURFACE('',#2011,0.0005);
#1734=CYLINDRICAL_SURFACE('',#2014,0.0005);
#1735=CYLINDRICAL_SURFACE('',#2017,0.0005);
#1736=CYLINDRICAL_SURFACE('',#2020,0.0005);
#1737=CYLINDRICAL_SURFACE('',#2025,0.0005);
#1738=CYLINDRICAL_SURFACE('',#2028,0.0005);
#1739=CYLINDRICAL_SURFACE('',#2031,0.0005);
#1740=CYLINDRICAL_SURFACE('',#2036,0.0005);
#1741=CYLINDRICAL_SURFACE('',#2038,0.001075);
#1742=ADVANCED_FACE('',(#1560,#1561),#1701,.F.);
#1743=ADVANCED_FACE('',(#1562,#1563),#1702,.F.);
#1744=ADVANCED_FACE('',(#1564),#1703,.T.);
#1745=ADVANCED_FACE('',(#1565,#1566),#23,.T.);
#1746=ADVANCED_FACE('',(#1567),#1704,.T.);
#1747=ADVANCED_FACE('',(#1568),#24,.T.);
#1748=ADVANCED_FACE('',(#1569),#1705,.T.);
#1749=ADVANCED_FACE('',(#1570,#1571),#25,.T.);
#1750=ADVANCED_FACE('',(#1572),#1706,.T.);
#1751=ADVANCED_FACE('',(#1573),#26,.T.);
#1752=ADVANCED_FACE('',(#1574,#1575),#27,.T.);
#1753=ADVANCED_FACE('',(#1576),#28,.T.);
#1754=ADVANCED_FACE('',(#1577,#1578),#29,.T.);
#1755=ADVANCED_FACE('',(#1579),#30,.T.);
#1756=ADVANCED_FACE('',(#1580),#1707,.T.);
#1757=ADVANCED_FACE('',(#1581),#31,.F.);
#1758=ADVANCED_FACE('',(#1582),#1708,.F.);
#1759=ADVANCED_FACE('',(#1583),#32,.F.);
#1760=ADVANCED_FACE('',(#1584),#21,.T.);
#1761=ADVANCED_FACE('',(#1585),#17,.T.);
#1762=ADVANCED_FACE('',(#1586),#18,.T.);
#1763=ADVANCED_FACE('',(#1587),#22,.T.);
#1764=ADVANCED_FACE('',(#1588),#19,.T.);
#1765=ADVANCED_FACE('',(#1589),#20,.T.);
#1766=ADVANCED_FACE('',(#1590),#1709,.F.);
#1767=ADVANCED_FACE('',(#1591),#33,.F.);
#1768=ADVANCED_FACE('',(#1592),#34,.F.);
#1769=ADVANCED_FACE('',(#1593),#1710,.T.);
#1770=ADVANCED_FACE('',(#1594),#35,.F.);
#1771=ADVANCED_FACE('',(#1595),#36,.F.);
#1772=ADVANCED_FACE('',(#1596),#37,.F.);
#1773=ADVANCED_FACE('',(#1597),#38,.F.);
#1774=ADVANCED_FACE('',(#1598,#1599,#1600),#39,.F.);
#1775=ADVANCED_FACE('',(#1601),#14,.T.);
#1776=ADVANCED_FACE('',(#1602),#15,.T.);
#1777=ADVANCED_FACE('',(#1603),#40,.T.);
#1778=ADVANCED_FACE('',(#1604),#1711,.T.);
#1779=ADVANCED_FACE('',(#1605),#1712,.T.);
#1780=ADVANCED_FACE('',(#1606,#1607,#1608),#41,.T.);
#1781=ADVANCED_FACE('',(#1609),#42,.T.);
#1782=ADVANCED_FACE('',(#1610),#1713,.T.);
#1783=ADVANCED_FACE('',(#1611),#1714,.T.);
#1784=ADVANCED_FACE('',(#1612),#1715,.T.);
#1785=ADVANCED_FACE('',(#1613),#1716,.T.);
#1786=ADVANCED_FACE('',(#1614),#43,.F.);
#1787=ADVANCED_FACE('',(#1615),#44,.F.);
#1788=ADVANCED_FACE('',(#1616),#1717,.T.);
#1789=ADVANCED_FACE('',(#1617),#1718,.T.);
#1790=ADVANCED_FACE('',(#1618),#1719,.T.);
#1791=ADVANCED_FACE('',(#1619),#1720,.T.);
#1792=ADVANCED_FACE('',(#1620),#45,.F.);
#1793=ADVANCED_FACE('',(#1621),#46,.F.);
#1794=ADVANCED_FACE('',(#1622),#47,.F.);
#1795=ADVANCED_FACE('',(#1623),#48,.F.);
#1796=ADVANCED_FACE('',(#1624),#49,.F.);
#1797=ADVANCED_FACE('',(#1625),#50,.F.);
#1798=ADVANCED_FACE('',(#1626),#51,.F.);
#1799=ADVANCED_FACE('',(#1627),#52,.F.);
#1800=ADVANCED_FACE('',(#1628),#53,.T.);
#1801=ADVANCED_FACE('',(#1629),#54,.F.);
#1802=ADVANCED_FACE('',(#1630),#55,.F.);
#1803=ADVANCED_FACE('',(#1631),#56,.F.);
#1804=ADVANCED_FACE('',(#1632),#57,.F.);
#1805=ADVANCED_FACE('',(#1633,#1634),#1721,.T.);
#1806=ADVANCED_FACE('',(#1635,#1636),#1722,.F.);
#1807=ADVANCED_FACE('',(#1637,#1638),#1723,.T.);
#1808=ADVANCED_FACE('',(#1639),#1724,.F.);
#1809=ADVANCED_FACE('',(#1640),#58,.F.);
#1810=ADVANCED_FACE('',(#1641),#1725,.T.);
#1811=ADVANCED_FACE('',(#1642,#1643,#1644),#59,.F.);
#1812=ADVANCED_FACE('',(#1645),#1726,.T.);
#1813=ADVANCED_FACE('',(#1646),#60,.F.);
#1814=ADVANCED_FACE('',(#1647),#61,.T.);
#1815=ADVANCED_FACE('',(#1648,#1649,#1650),#62,.T.);
#1816=ADVANCED_FACE('',(#1651),#1727,.T.);
#1817=ADVANCED_FACE('',(#1652),#63,.T.);
#1818=ADVANCED_FACE('',(#1653),#1728,.T.);
#1819=ADVANCED_FACE('',(#1654),#64,.T.);
#1820=ADVANCED_FACE('',(#1655),#1729,.T.);
#1821=ADVANCED_FACE('',(#1656),#65,.T.);
#1822=ADVANCED_FACE('',(#1657,#1658),#1730,.T.);
#1823=ADVANCED_FACE('',(#1659,#1660),#1731,.T.);
#1824=ADVANCED_FACE('',(#1661,#1662),#12,.F.);
#1825=ADVANCED_FACE('',(#1663,#1664,#1665,#1666),#66,.T.);
#1826=ADVANCED_FACE('',(#1667,#1668),#13,.F.);
#1827=ADVANCED_FACE('',(#1669),#1732,.T.);
#1828=ADVANCED_FACE('',(#1670),#67,.T.);
#1829=ADVANCED_FACE('',(#1671),#68,.T.);
#1830=ADVANCED_FACE('',(#1672),#69,.T.);
#1831=ADVANCED_FACE('',(#1673,#1674),#16,.T.);
#1832=ADVANCED_FACE('',(#1675),#1733,.T.);
#1833=ADVANCED_FACE('',(#1676),#70,.T.);
#1834=ADVANCED_FACE('',(#1677),#1734,.T.);
#1835=ADVANCED_FACE('',(#1678),#71,.T.);
#1836=ADVANCED_FACE('',(#1679),#1735,.T.);
#1837=ADVANCED_FACE('',(#1680),#72,.T.);
#1838=ADVANCED_FACE('',(#1681),#1736,.T.);
#1839=ADVANCED_FACE('',(#1682),#73,.T.);
#1840=ADVANCED_FACE('',(#1683,#1684,#1685),#74,.F.);
#1841=ADVANCED_FACE('',(#1686),#75,.T.);
#1842=ADVANCED_FACE('',(#1687),#1737,.T.);
#1843=ADVANCED_FACE('',(#1688),#76,.T.);
#1844=ADVANCED_FACE('',(#1689),#1738,.T.);
#1845=ADVANCED_FACE('',(#1690),#77,.T.);
#1846=ADVANCED_FACE('',(#1691),#1739,.T.);
#1847=ADVANCED_FACE('',(#1692,#1693,#1694),#78,.T.);
#1848=ADVANCED_FACE('',(#1695),#79,.T.);
#1849=ADVANCED_FACE('',(#1696),#1740,.T.);
#1850=ADVANCED_FACE('',(#1697),#80,.T.);
#1851=ADVANCED_FACE('',(#1698,#1699),#1741,.F.);
#1852=ADVANCED_FACE('',(#1700),#81,.T.);
#1853=CLOSED_SHELL('',(#1742,#1743,#1744,#1745,#1746,#1747,#1748,#1749,
#1750,#1751,#1752,#1753,#1754,#1755,#1756,#1757,#1758,#1759,#1760,#1761,
#1762,#1763,#1764,#1765,#1766,#1767,#1768,#1769,#1770,#1771,#1772,#1773,
#1774,#1775,#1776,#1777,#1778,#1779,#1780,#1781,#1782,#1783,#1784,#1785,
#1786,#1787,#1788,#1789,#1790,#1791,#1792,#1793,#1794,#1795,#1796,#1797,
#1798,#1799,#1800,#1801,#1802,#1803,#1804,#1805,#1806,#1807,#1808,#1809,
#1810,#1811,#1812,#1813,#1814,#1815,#1816,#1817,#1818,#1819,#1820,#1821,
#1822,#1823,#1824,#1825,#1826,#1827,#1828,#1829,#1830,#1831,#1832,#1833,
#1834,#1835,#1836,#1837,#1838,#1839,#1840,#1841,#1842,#1843,#1844,#1845,
#1846,#1847,#1848,#1849,#1850,#1851,#1852));
#1854=STYLED_ITEM('',(#1855),#1862);
#1855=PRESENTATION_STYLE_ASSIGNMENT((#1856));
#1856=SURFACE_STYLE_USAGE(.BOTH.,#1857);
#1857=SURFACE_SIDE_STYLE('',(#1858));
#1858=SURFACE_STYLE_FILL_AREA(#1859);
#1859=FILL_AREA_STYLE('',(#1860));
#1860=FILL_AREA_STYLE_COLOUR('',#1861);
#1861=COLOUR_RGB('',0.980392156862745,0.713725490196078,0.00392156862745098);
#1862=MANIFOLD_SOLID_BREP('Ballast Motor',#1853);
#1863=SHAPE_DEFINITION_REPRESENTATION(#3507,#1864);
#1864=SHAPE_REPRESENTATION('Ballast Motor',(#1865),#3502);
#1865=AXIS2_PLACEMENT_3D('',#2537,#2041,#2042);
#1866=AXIS2_PLACEMENT_3D('',#2538,#2043,#2044);
#1867=AXIS2_PLACEMENT_3D('',#2539,#2045,#2046);
#1868=AXIS2_PLACEMENT_3D('',#2541,#2047,#2048);
#1869=AXIS2_PLACEMENT_3D('',#2543,#2049,#2050);
#1870=AXIS2_PLACEMENT_3D('',#2544,#2051,#2052);
#1871=AXIS2_PLACEMENT_3D('',#2546,#2053,#2054);
#1872=AXIS2_PLACEMENT_3D('',#2548,#2055,#2056);
#1873=AXIS2_PLACEMENT_3D('',#2549,#2057,#2058);
#1874=AXIS2_PLACEMENT_3D('',#2554,#2060,#2061);
#1875=AXIS2_PLACEMENT_3D('',#2560,#2062,#2063);
#1876=AXIS2_PLACEMENT_3D('',#2561,#2064,#2065);
#1877=AXIS2_PLACEMENT_3D('',#2568,#2069,#2070);
#1878=AXIS2_PLACEMENT_3D('',#2569,#2071,#2072);
#1879=AXIS2_PLACEMENT_3D('',#2575,#2073,#2074);
#1880=AXIS2_PLACEMENT_3D('',#2579,#2077,#2078);
#1881=AXIS2_PLACEMENT_3D('',#2580,#2079,#2080);
#1882=AXIS2_PLACEMENT_3D('',#2585,#2082,#2083);
#1883=AXIS2_PLACEMENT_3D('',#2591,#2084,#2085);
#1884=AXIS2_PLACEMENT_3D('',#2592,#2086,#2087);
#1885=AXIS2_PLACEMENT_3D('',#2599,#2091,#2092);
#1886=AXIS2_PLACEMENT_3D('',#2600,#2093,#2094);
#1887=AXIS2_PLACEMENT_3D('',#2606,#2095,#2096);
#1888=AXIS2_PLACEMENT_3D('',#2610,#2099,#2100);
#1889=AXIS2_PLACEMENT_3D('',#2614,#2103,#2104);
#1890=AXIS2_PLACEMENT_3D('',#2616,#2106,#2107);
#1891=AXIS2_PLACEMENT_3D('',#2620,#2110,#2111);
#1892=AXIS2_PLACEMENT_3D('',#2622,#2113,#2114);
#1893=AXIS2_PLACEMENT_3D('',#2623,#2115,#2116);
#1894=AXIS2_PLACEMENT_3D('',#2628,#2118,#2119);
#1895=AXIS2_PLACEMENT_3D('',#2631,#2121,#2122);
#1896=AXIS2_PLACEMENT_3D('',#2637,#2126,#2127);
#1897=AXIS2_PLACEMENT_3D('',#2638,#2128,#2129);
#1898=AXIS2_PLACEMENT_3D('',#2640,#2130,#2131);
#1899=AXIS2_PLACEMENT_3D('',#2643,#2133,#2134);
#1900=AXIS2_PLACEMENT_3D('',#2660,#2137,#2138);
#1901=AXIS2_PLACEMENT_3D('',#2775,#2139,#2140);
#1902=AXIS2_PLACEMENT_3D('',#2904,#2141,#2142);
#1903=AXIS2_PLACEMENT_3D('',#2905,#2143,#2144);
#1904=AXIS2_PLACEMENT_3D('',#2910,#2146,#2147);
#1905=AXIS2_PLACEMENT_3D('',#2913,#2149,#2150);
#1906=AXIS2_PLACEMENT_3D('',#2916,#2152,#2153);
#1907=AXIS2_PLACEMENT_3D('',#2920,#2156,#2157);
#1908=AXIS2_PLACEMENT_3D('',#2924,#2160,#2161);
#1909=AXIS2_PLACEMENT_3D('',#2925,#2162,#2163);
#1910=AXIS2_PLACEMENT_3D('',#2928,#2165,#2166);
#1911=AXIS2_PLACEMENT_3D('',#2931,#2169,#2170);
#1912=AXIS2_PLACEMENT_3D('',#2932,#2171,#2172);
#1913=AXIS2_PLACEMENT_3D('',#2935,#2175,#2176);
#1914=AXIS2_PLACEMENT_3D('',#2936,#2177,#2178);
#1915=AXIS2_PLACEMENT_3D('',#2975,#2181,#2182);
#1916=AXIS2_PLACEMENT_3D('',#2981,#2186,#2187);
#1917=AXIS2_PLACEMENT_3D('',#2984,#2189,#2190);
#1918=AXIS2_PLACEMENT_3D('',#2986,#2191,#2192);
#1919=AXIS2_PLACEMENT_3D('',#2988,#2193,#2194);
#1920=AXIS2_PLACEMENT_3D('',#2990,#2195,#2196);
#1921=AXIS2_PLACEMENT_3D('',#2991,#2197,#2198);
#1922=AXIS2_PLACEMENT_3D('',#2992,#2199,#2200);
#1923=AXIS2_PLACEMENT_3D('',#2994,#2201,#2202);
#1924=AXIS2_PLACEMENT_3D('',#2996,#2203,#2204);
#1925=AXIS2_PLACEMENT_3D('',#2998,#2205,#2206);
#1926=AXIS2_PLACEMENT_3D('',#3001,#2208,#2209);
#1927=AXIS2_PLACEMENT_3D('',#3019,#2219,#2220);
#1928=AXIS2_PLACEMENT_3D('',#3021,#2222,#2223);
#1929=AXIS2_PLACEMENT_3D('',#3033,#2225,#2226);
#1930=AXIS2_PLACEMENT_3D('',#3040,#2228,#2229);
#1931=AXIS2_PLACEMENT_3D('',#3047,#2231,#2232);
#1932=AXIS2_PLACEMENT_3D('',#3049,#2234,#2235);
#1933=AXIS2_PLACEMENT_3D('',#3055,#2239,#2240);
#1934=AXIS2_PLACEMENT_3D('',#3059,#2243,#2244);
#1935=AXIS2_PLACEMENT_3D('',#3071,#2246,#2247);
#1936=AXIS2_PLACEMENT_3D('',#3078,#2249,#2250);
#1937=AXIS2_PLACEMENT_3D('',#3085,#2252,#2253);
#1938=AXIS2_PLACEMENT_3D('',#3087,#2255,#2256);
#1939=AXIS2_PLACEMENT_3D('',#3093,#2260,#2261);
#1940=AXIS2_PLACEMENT_3D('',#3097,#2264,#2265);
#1941=AXIS2_PLACEMENT_3D('',#3101,#2268,#2269);
#1942=AXIS2_PLACEMENT_3D('',#3103,#2271,#2272);
#1943=AXIS2_PLACEMENT_3D('',#3104,#2273,#2274);
#1944=AXIS2_PLACEMENT_3D('',#3108,#2277,#2278);
#1945=AXIS2_PLACEMENT_3D('',#3110,#2280,#2281);
#1946=AXIS2_PLACEMENT_3D('',#3111,#2282,#2283);
#1947=AXIS2_PLACEMENT_3D('',#3113,#2285,#2286);
#1948=AXIS2_PLACEMENT_3D('',#3118,#2289,#2290);
#1949=AXIS2_PLACEMENT_3D('',#3119,#2291,#2292);
#1950=AXIS2_PLACEMENT_3D('',#3124,#2295,#2296);
#1951=AXIS2_PLACEMENT_3D('',#3125,#2297,#2298);
#1952=AXIS2_PLACEMENT_3D('',#3130,#2301,#2302);
#1953=AXIS2_PLACEMENT_3D('',#3131,#2303,#2304);
#1954=AXIS2_PLACEMENT_3D('',#3136,#2307,#2308);
#1955=AXIS2_PLACEMENT_3D('',#3137,#2309,#2310);
#1956=AXIS2_PLACEMENT_3D('',#3138,#2311,#2312);
#1957=AXIS2_PLACEMENT_3D('',#3140,#2313,#2314);
#1958=AXIS2_PLACEMENT_3D('',#3142,#2315,#2316);
#1959=AXIS2_PLACEMENT_3D('',#3143,#2317,#2318);
#1960=AXIS2_PLACEMENT_3D('',#3145,#2319,#2320);
#1961=AXIS2_PLACEMENT_3D('',#3147,#2321,#2322);
#1962=AXIS2_PLACEMENT_3D('',#3148,#2323,#2324);
#1963=AXIS2_PLACEMENT_3D('',#3150,#2325,#2326);
#1964=AXIS2_PLACEMENT_3D('',#3152,#2327,#2328);
#1965=AXIS2_PLACEMENT_3D('',#3153,#2329,#2330);
#1966=AXIS2_PLACEMENT_3D('',#3158,#2332,#2333);
#1967=AXIS2_PLACEMENT_3D('',#3161,#2335,#2336);
#1968=AXIS2_PLACEMENT_3D('',#3167,#2340,#2341);
#1969=AXIS2_PLACEMENT_3D('',#3168,#2342,#2343);
#1970=AXIS2_PLACEMENT_3D('',#3172,#2345,#2346);
#1971=AXIS2_PLACEMENT_3D('',#3173,#2347,#2348);
#1972=AXIS2_PLACEMENT_3D('',#3176,#2350,#2351);
#1973=AXIS2_PLACEMENT_3D('',#3180,#2353,#2354);
#1974=AXIS2_PLACEMENT_3D('',#3184,#2356,#2357);
#1975=AXIS2_PLACEMENT_3D('',#3188,#2359,#2360);
#1976=AXIS2_PLACEMENT_3D('',#3191,#2362,#2363);
#1977=AXIS2_PLACEMENT_3D('',#3194,#2365,#2366);
#1978=AXIS2_PLACEMENT_3D('',#3197,#2368,#2369);
#1979=AXIS2_PLACEMENT_3D('',#3199,#2371,#2372);
#1980=AXIS2_PLACEMENT_3D('',#3203,#2375,#2376);
#1981=AXIS2_PLACEMENT_3D('',#3204,#2377,#2378);
#1982=AXIS2_PLACEMENT_3D('',#3206,#2379,#2380);
#1983=AXIS2_PLACEMENT_3D('',#3210,#2382,#2383);
#1984=AXIS2_PLACEMENT_3D('',#3214,#2385,#2386);
#1985=AXIS2_PLACEMENT_3D('',#3218,#2388,#2389);
#1986=AXIS2_PLACEMENT_3D('',#3219,#2390,#2391);
#1987=AXIS2_PLACEMENT_3D('',#3221,#2393,#2394);
#1988=AXIS2_PLACEMENT_3D('',#3223,#2396,#2397);
#1989=AXIS2_PLACEMENT_3D('',#3225,#2399,#2400);
#1990=AXIS2_PLACEMENT_3D('',#3227,#2402,#2403);
#1991=AXIS2_PLACEMENT_3D('',#3229,#2405,#2406);
#1992=AXIS2_PLACEMENT_3D('',#3230,#2407,#2408);
#1993=AXIS2_PLACEMENT_3D('',#3231,#2409,#2410);
#1994=AXIS2_PLACEMENT_3D('',#3233,#2411,#2412);
#1995=AXIS2_PLACEMENT_3D('',#3234,#2413,#2414);
#1996=AXIS2_PLACEMENT_3D('',#3236,#2415,#2416);
#1997=AXIS2_PLACEMENT_3D('',#3237,#2417,#2418);
#1998=AXIS2_PLACEMENT_3D('',#3239,#2419,#2420);
#1999=AXIS2_PLACEMENT_3D('',#3241,#2421,#2422);
#2000=AXIS2_PLACEMENT_3D('',#3242,#2423,#2424);
#2001=AXIS2_PLACEMENT_3D('',#3247,#2426,#2427);
#2002=AXIS2_PLACEMENT_3D('',#3251,#2429,#2430);
#2003=AXIS2_PLACEMENT_3D('',#3255,#2432,#2433);
#2004=AXIS2_PLACEMENT_3D('',#3258,#2435,#2436);
#2005=AXIS2_PLACEMENT_3D('',#3272,#2437,#2438);
#2006=AXIS2_PLACEMENT_3D('',#3273,#2439,#2440);
#2007=AXIS2_PLACEMENT_3D('',#3287,#2442,#2443);
#2008=AXIS2_PLACEMENT_3D('',#3290,#2445,#2446);
#2009=AXIS2_PLACEMENT_3D('',#3293,#2449,#2450);
#2010=AXIS2_PLACEMENT_3D('',#3294,#2451,#2452);
#2011=AXIS2_PLACEMENT_3D('',#3430,#2453,#2454);
#2012=AXIS2_PLACEMENT_3D('',#3433,#2456,#2457);
#2013=AXIS2_PLACEMENT_3D('',#3436,#2459,#2460);
#2014=AXIS2_PLACEMENT_3D('',#3440,#2463,#2464);
#2015=AXIS2_PLACEMENT_3D('',#3443,#2466,#2467);
#2016=AXIS2_PLACEMENT_3D('',#3444,#2468,#2469);
#2017=AXIS2_PLACEMENT_3D('',#3448,#2472,#2473);
#2018=AXIS2_PLACEMENT_3D('',#3451,#2475,#2476);
#2019=AXIS2_PLACEMENT_3D('',#3452,#2477,#2478);
#2020=AXIS2_PLACEMENT_3D('',#3456,#2481,#2482);
#2021=AXIS2_PLACEMENT_3D('',#3459,#2484,#2485);
#2022=AXIS2_PLACEMENT_3D('',#3460,#2486,#2487);
#2023=AXIS2_PLACEMENT_3D('',#3462,#2489,#2490);
#2024=AXIS2_PLACEMENT_3D('',#3463,#2491,#2492);
#2025=AXIS2_PLACEMENT_3D('',#3469,#2496,#2497);
#2026=AXIS2_PLACEMENT_3D('',#3470,#2498,#2499);
#2027=AXIS2_PLACEMENT_3D('',#3473,#2501,#2502);
#2028=AXIS2_PLACEMENT_3D('',#3477,#2505,#2506);
#2029=AXIS2_PLACEMENT_3D('',#3478,#2507,#2508);
#2030=AXIS2_PLACEMENT_3D('',#3481,#2510,#2511);
#2031=AXIS2_PLACEMENT_3D('',#3485,#2514,#2515);
#2032=AXIS2_PLACEMENT_3D('',#3486,#2516,#2517);
#2033=AXIS2_PLACEMENT_3D('',#3489,#2519,#2520);
#2034=AXIS2_PLACEMENT_3D('',#3490,#2521,#2522);
#2035=AXIS2_PLACEMENT_3D('',#3493,#2524,#2525);
#2036=AXIS2_PLACEMENT_3D('',#3495,#2527,#2528);
#2037=AXIS2_PLACEMENT_3D('',#3496,#2529,#2530);
#2038=AXIS2_PLACEMENT_3D('',#3497,#2531,#2532);
#2039=AXIS2_PLACEMENT_3D('',#3498,#2533,#2534);
#2040=AXIS2_PLACEMENT_3D('',#3500,#2535,#2536);
#2041=DIRECTION('',(0.,0.,1.));
#2042=DIRECTION('',(1.,0.,0.));
#2043=DIRECTION('',(-1.,0.,0.));
#2044=DIRECTION('',(0.,1.,0.));
#2045=DIRECTION('',(-1.,0.,0.));
#2046=DIRECTION('',(0.,0.,1.));
#2047=DIRECTION('',(-1.,0.,0.));
#2048=DIRECTION('',(0.,0.,1.));
#2049=DIRECTION('',(-1.,0.,0.));
#2050=DIRECTION('',(0.,1.,0.));
#2051=DIRECTION('',(-1.,0.,0.));
#2052=DIRECTION('',(0.,0.,1.));
#2053=DIRECTION('',(-1.,0.,0.));
#2054=DIRECTION('',(0.,0.,1.));
#2055=DIRECTION('',(1.,-3.8739341766036E-17,-1.39442467514572E-17));
#2056=DIRECTION('',(3.8739341766036E-17,1.,0.));
#2057=DIRECTION('',(1.,-3.8739341766036E-17,-1.39442467514572E-17));
#2058=DIRECTION('',(3.8739341766036E-17,1.,0.));
#2059=DIRECTION('',(1.,-3.35537985190252E-17,1.14484534761576E-16));
#2060=DIRECTION('',(1.,-3.8739341766036E-17,-1.39442467514572E-17));
#2061=DIRECTION('',(3.8739341766036E-17,1.,0.));
#2062=DIRECTION('',(1.,0.,0.));
#2063=DIRECTION('',(0.,-1.,0.));
#2064=DIRECTION('',(1.,-3.35537985190252E-17,1.14484534761576E-16));
#2065=DIRECTION('',(1.14484534761576E-16,0.,-1.));
#2066=DIRECTION('',(0.,0.,-1.));
#2067=DIRECTION('',(0.,1.,0.));
#2068=DIRECTION('',(0.,0.,-1.));
#2069=DIRECTION('',(1.,-3.35537985190252E-17,1.14484534761576E-16));
#2070=DIRECTION('',(1.14484534761576E-16,0.,-1.));
#2071=DIRECTION('',(1.,-3.35537985190252E-17,1.14484534761576E-16));
#2072=DIRECTION('',(1.14484534761576E-16,0.,-1.));
#2073=DIRECTION('',(0.,1.,0.));
#2074=DIRECTION('',(1.,0.,0.));
#2075=DIRECTION('',(0.,0.,-1.));
#2076=DIRECTION('',(1.,0.,0.));
#2077=DIRECTION('',(1.,-6.26386122701561E-17,7.58777102016049E-18));
#2078=DIRECTION('',(6.26386122701561E-17,1.,0.));
#2079=DIRECTION('',(1.,-6.26386122701561E-17,7.58777102016049E-18));
#2080=DIRECTION('',(6.26386122701561E-17,1.,0.));
#2081=DIRECTION('',(1.,1.34769000522839E-16,6.20159650563775E-17));
#2082=DIRECTION('',(1.,-6.26386122701561E-17,7.58777102016049E-18));
#2083=DIRECTION('',(6.26386122701561E-17,1.,0.));
#2084=DIRECTION('',(1.,0.,0.));
#2085=DIRECTION('',(0.,-1.,0.));
#2086=DIRECTION('',(1.,1.34769000522839E-16,6.20159650563775E-17));
#2087=DIRECTION('',(-1.34769000522839E-16,1.,0.));
#2088=DIRECTION('',(0.,0.,-1.));
#2089=DIRECTION('',(0.,1.,0.));
#2090=DIRECTION('',(0.,0.,-1.));
#2091=DIRECTION('',(1.,1.34769000522839E-16,6.20159650563775E-17));
#2092=DIRECTION('',(-1.34769000522839E-16,1.,0.));
#2093=DIRECTION('',(1.,1.34769000522839E-16,6.20159650563775E-17));
#2094=DIRECTION('',(-1.34769000522839E-16,1.,0.));
#2095=DIRECTION('',(0.,1.,0.));
#2096=DIRECTION('',(1.,0.,0.));
#2097=DIRECTION('',(0.,0.,-1.));
#2098=DIRECTION('',(1.,0.,0.));
#2099=DIRECTION('',(-1.,0.,0.));
#2100=DIRECTION('',(0.,1.,0.));
#2101=DIRECTION('',(0.,0.,-1.));
#2102=DIRECTION('',(0.,1.,0.));
#2103=DIRECTION('',(0.,-1.,0.));
#2104=DIRECTION('',(-1.,0.,0.));
#2105=DIRECTION('',(1.,0.,0.));
#2106=DIRECTION('',(-1.,0.,0.));
#2107=DIRECTION('',(0.,1.,0.));
#2108=DIRECTION('',(0.,0.,-1.));
#2109=DIRECTION('',(0.,1.,0.));
#2110=DIRECTION('',(0.,-1.,0.));
#2111=DIRECTION('',(-1.,0.,0.));
#2112=DIRECTION('',(1.,0.,0.));
#2113=DIRECTION('',(0.,-1.,0.));
#2114=DIRECTION('',(0.707106781186548,0.,-0.707106781186547));
#2115=DIRECTION('',(0.,-1.,0.));
#2116=DIRECTION('',(0.,0.,-1.));
#2117=DIRECTION('',(0.,-1.,0.));
#2118=DIRECTION('',(0.,-1.,0.));
#2119=DIRECTION('',(0.,0.,-1.));
#2120=DIRECTION('',(0.,-1.,0.));
#2121=DIRECTION('',(-1.,0.,0.));
#2122=DIRECTION('',(0.,-1.,0.));
#2123=DIRECTION('',(0.,0.,1.));
#2124=DIRECTION('',(0.,-1.,0.));
#2125=DIRECTION('',(0.,0.,1.));
#2126=DIRECTION('',(0.,-1.,0.));
#2127=DIRECTION('',(-0.707106781186548,0.,0.707106781186547));
#2128=DIRECTION('',(0.,-1.,0.));
#2129=DIRECTION('',(0.,0.,-1.));
#2130=DIRECTION('',(0.,-1.,0.));
#2131=DIRECTION('',(0.,0.,-1.));
#2132=DIRECTION('',(0.,-1.,0.));
#2133=DIRECTION('',(0.,1.,0.));
#2134=DIRECTION('',(-1.,0.,0.));
#2135=DIRECTION('',(-1.,0.,0.));
#2136=DIRECTION('',(-1.,0.,0.));
#2137=DIRECTION('',(-1.23494860225156E-5,2.13272887972039E-16,0.999999999923745));
#2138=DIRECTION('',(0.999999999923745,0.,1.23494860225156E-5));
#2139=DIRECTION('',(1.23494860430341E-5,-7.20355424879511E-16,0.999999999923745));
#2140=DIRECTION('',(0.999999999923745,0.,-1.23494860430341E-5));
#2141=DIRECTION('',(0.,1.,0.));
#2142=DIRECTION('',(0.707106781186548,0.,0.707106781186547));
#2143=DIRECTION('',(0.,1.,0.));
#2144=DIRECTION('',(0.,0.,1.));
#2145=DIRECTION('',(0.,1.,0.));
#2146=DIRECTION('',(0.,1.,0.));
#2147=DIRECTION('',(0.,0.,1.));
#2148=DIRECTION('',(0.,1.,0.));
#2149=DIRECTION('',(0.,-1.,0.));
#2150=DIRECTION('',(1.,0.,0.));
#2151=DIRECTION('',(0.,0.,1.));
#2152=DIRECTION('',(0.,1.,0.));
#2153=DIRECTION('',(0.,0.,1.));
#2154=DIRECTION('',(1.,0.,0.));
#2155=DIRECTION('',(1.,0.,0.));
#2156=DIRECTION('',(1.,0.,0.));
#2157=DIRECTION('',(0.,1.,0.));
#2158=DIRECTION('',(0.,0.,1.));
#2159=DIRECTION('',(0.,1.,0.));
#2160=DIRECTION('',(0.,1.,0.));
#2161=DIRECTION('',(-0.707106781186548,0.,-0.707106781186547));
#2162=DIRECTION('',(0.,1.,0.));
#2163=DIRECTION('',(0.,0.,1.));
#2164=DIRECTION('',(0.,1.,0.));
#2165=DIRECTION('',(0.,1.,0.));
#2166=DIRECTION('',(-1.,0.,0.));
#2167=DIRECTION('',(-1.,0.,0.));
#2168=DIRECTION('',(-1.,0.,0.));
#2169=DIRECTION('',(0.,0.,1.));
#2170=DIRECTION('',(1.,0.,0.));
#2171=DIRECTION('',(0.,-1.,0.));
#2172=DIRECTION('',(1.,0.,0.));
#2173=DIRECTION('',(1.,0.,0.));
#2174=DIRECTION('',(1.,0.,0.));
#2175=DIRECTION('',(0.,0.,1.));
#2176=DIRECTION('',(1.,0.,0.));
#2177=DIRECTION('',(0.,0.,1.));
#2178=DIRECTION('',(1.,0.,0.));
#2179=DIRECTION('',(1.,0.,0.));
#2180=DIRECTION('',(1.,0.,0.));
#2181=DIRECTION('',(0.,1.,0.));
#2182=DIRECTION('',(-1.,0.,0.));
#2183=DIRECTION('',(0.,0.,1.));
#2184=DIRECTION('',(1.,0.,0.));
#2185=DIRECTION('',(0.,0.,1.));
#2186=DIRECTION('',(0.,0.,1.));
#2187=DIRECTION('',(-0.542065641860766,0.840336146975766,0.));
#2188=DIRECTION('',(0.,0.,1.));
#2189=DIRECTION('',(0.,0.,1.));
#2190=DIRECTION('',(1.,0.,0.));
#2191=DIRECTION('',(0.,0.,1.));
#2192=DIRECTION('',(1.,0.,0.));
#2193=DIRECTION('',(0.,0.,1.));
#2194=DIRECTION('',(1.,0.,0.));
#2195=DIRECTION('',(0.,0.,1.));
#2196=DIRECTION('',(1.,0.,0.));
#2197=DIRECTION('',(0.,0.,1.));
#2198=DIRECTION('',(0.542065641860766,-0.840336146975766,0.));
#2199=DIRECTION('',(0.,0.,1.));
#2200=DIRECTION('',(1.,0.,0.));
#2201=DIRECTION('',(0.,0.,1.));
#2202=DIRECTION('',(1.,0.,0.));
#2203=DIRECTION('',(0.,0.,1.));
#2204=DIRECTION('',(1.,0.,0.));
#2205=DIRECTION('',(0.,0.,1.));
#2206=DIRECTION('',(1.,0.,0.));
#2207=DIRECTION('',(0.,0.,1.));
#2208=DIRECTION('',(1.72112093600415E-16,-1.,0.));
#2209=DIRECTION('',(1.,1.72112093600415E-16,0.));
#2210=DIRECTION('',(1.,0.,0.));
#2211=DIRECTION('',(0.,0.,-1.));
#2212=DIRECTION('',(-1.,-1.72112093600415E-16,-1.23259516440783E-32));
#2213=DIRECTION('',(0.,0.,1.));
#2214=DIRECTION('',(1.,1.72112093600415E-16,-1.23259516440783E-32));
#2215=DIRECTION('',(-1.,-1.72112093600415E-16,0.));
#2216=DIRECTION('',(0.,0.,1.));
#2217=DIRECTION('',(1.,1.72112093600415E-16,0.));
#2218=DIRECTION('',(0.,0.,-1.));
#2219=DIRECTION('',(0.,0.,1.));
#2220=DIRECTION('',(1.,0.,0.));
#2221=DIRECTION('',(-1.,0.,0.));
#2222=DIRECTION('',(-1.,-1.72112093600415E-16,0.));
#2223=DIRECTION('',(1.21701628509067E-16,-0.707106781186549,0.707106781186546));
#2224=DIRECTION('',(-1.,-1.72112093600415E-16,0.));
#2225=DIRECTION('',(0.,0.,-1.));
#2226=DIRECTION('',(-0.707106781186548,-0.707106781186548,0.));
#2227=DIRECTION('',(0.,0.,-1.));
#2228=DIRECTION('',(0.,0.,1.));
#2229=DIRECTION('',(0.707106781186547,-0.707106781186548,0.));
#2230=DIRECTION('',(0.,0.,1.));
#2231=DIRECTION('',(1.,1.72112093600415E-16,0.));
#2232=DIRECTION('',(1.21701628509067E-16,-0.707106781186549,-0.707106781186546));
#2233=DIRECTION('',(1.,1.72112093600415E-16,0.));
#2234=DIRECTION('',(-1.,0.,0.));
#2235=DIRECTION('',(0.,0.,1.));
#2236=DIRECTION('',(0.,1.,0.));
#2237=DIRECTION('',(0.,0.,1.));
#2238=DIRECTION('',(-1.72112093600415E-16,1.,0.));
#2239=DIRECTION('',(0.,0.,-1.));
#2240=DIRECTION('',(-1.,-1.72112093600415E-16,0.));
#2241=DIRECTION('',(-1.72112093600415E-16,1.,0.));
#2242=DIRECTION('',(-1.,-1.72112093600415E-16,0.));
#2243=DIRECTION('',(0.,0.,-1.));
#2244=DIRECTION('',(-0.707106781186547,-0.707106781186548,0.));
#2245=DIRECTION('',(0.,0.,-1.));
#2246=DIRECTION('',(1.,1.72112093600415E-16,-1.23259516440783E-32));
#2247=DIRECTION('',(1.21701628509067E-16,-0.707106781186548,-0.707106781186548));
#2248=DIRECTION('',(1.,1.72112093600415E-16,-1.23259516440783E-32));
#2249=DIRECTION('',(0.,0.,1.));
#2250=DIRECTION('',(0.707106781186548,-0.707106781186548,0.));
#2251=DIRECTION('',(0.,0.,1.));
#2252=DIRECTION('',(-1.,-1.72112093600415E-16,-1.23259516440783E-32));
#2253=DIRECTION('',(1.21701628509067E-16,-0.707106781186548,0.707106781186548));
#2254=DIRECTION('',(-1.,-1.72112093600415E-16,-1.23259516440783E-32));
#2255=DIRECTION('',(0.,0.,-1.));
#2256=DIRECTION('',(-1.,-1.72112093600415E-16,0.));
#2257=DIRECTION('',(-1.72112093600415E-16,1.,0.));
#2258=DIRECTION('',(-1.,-1.72112093600415E-16,0.));
#2259=DIRECTION('',(-2.77555756156289E-16,1.,0.));
#2260=DIRECTION('',(1.,2.77555756156289E-16,0.));
#2261=DIRECTION('',(0.,0.,-1.));
#2262=DIRECTION('',(-2.77555756156289E-16,1.,0.));
#2263=DIRECTION('',(0.,0.,-1.));
#2264=DIRECTION('',(1.,0.,0.));
#2265=DIRECTION('',(0.,0.,-1.));
#2266=DIRECTION('',(0.,1.,0.));
#2267=DIRECTION('',(0.,0.,-1.));
#2268=DIRECTION('',(0.,0.,1.));
#2269=DIRECTION('',(1.,1.72112093600415E-16,0.));
#2270=DIRECTION('',(1.,1.72112093600415E-16,0.));
#2271=DIRECTION('',(0.,1.,0.));
#2272=DIRECTION('',(0.,0.,1.));
#2273=DIRECTION('',(0.,0.,1.));
#2274=DIRECTION('',(1.,1.72112093600415E-16,0.));
#2275=DIRECTION('',(-1.72112093600415E-16,1.,0.));
#2276=DIRECTION('',(1.,1.72112093600415E-16,0.));
#2277=DIRECTION('',(-1.,-2.77555756156289E-16,0.));
#2278=DIRECTION('',(0.,0.,1.));
#2279=DIRECTION('',(0.,0.,1.));
#2280=DIRECTION('',(-2.77555756156289E-16,1.,0.));
#2281=DIRECTION('',(0.,0.,1.));
#2282=DIRECTION('',(0.,0.,1.));
#2283=DIRECTION('',(1.,0.,0.));
#2284=DIRECTION('',(1.,0.,0.));
#2285=DIRECTION('',(0.,0.,1.));
#2286=DIRECTION('',(-1.,0.,0.));
#2287=DIRECTION('',(-1.,0.,0.));
#2288=DIRECTION('',(0.,-1.,0.));
#2289=DIRECTION('',(0.,0.,1.));
#2290=DIRECTION('',(1.,0.,0.));
#2291=DIRECTION('',(0.,0.,1.));
#2292=DIRECTION('',(-1.,0.,0.));
#2293=DIRECTION('',(0.,-1.,0.));
#2294=DIRECTION('',(1.,0.,0.));
#2295=DIRECTION('',(0.,0.,1.));
#2296=DIRECTION('',(1.,0.,0.));
#2297=DIRECTION('',(0.,0.,1.));
#2298=DIRECTION('',(-1.,0.,0.));
#2299=DIRECTION('',(1.,0.,0.));
#2300=DIRECTION('',(0.,1.,0.));
#2301=DIRECTION('',(0.,0.,1.));
#2302=DIRECTION('',(1.,0.,0.));
#2303=DIRECTION('',(0.,0.,1.));
#2304=DIRECTION('',(-1.,0.,0.));
#2305=DIRECTION('',(0.,1.,0.));
#2306=DIRECTION('',(-1.,0.,0.));
#2307=DIRECTION('',(0.,0.,1.));
#2308=DIRECTION('',(1.,0.,0.));
#2309=DIRECTION('',(0.,0.,1.));
#2310=DIRECTION('',(-1.,0.,0.));
#2311=DIRECTION('',(0.,0.,1.));
#2312=DIRECTION('',(1.,0.,0.));
#2313=DIRECTION('',(0.,0.,1.));
#2314=DIRECTION('',(1.,0.,0.));
#2315=DIRECTION('',(0.,0.,-1.));
#2316=DIRECTION('',(-1.,0.,0.));
#2317=DIRECTION('',(0.,0.,-1.));
#2318=DIRECTION('',(-1.,0.,0.));
#2319=DIRECTION('',(0.,0.,-1.));
#2320=DIRECTION('',(-1.,0.,0.));
#2321=DIRECTION('',(0.,0.,1.));
#2322=DIRECTION('',(-1.,0.,0.));
#2323=DIRECTION('',(0.,0.,1.));
#2324=DIRECTION('',(1.,0.,0.));
#2325=DIRECTION('',(0.,0.,1.));
#2326=DIRECTION('',(1.,0.,0.));
#2327=DIRECTION('',(0.,0.,-1.));
#2328=DIRECTION('',(-0.707106781186548,0.707106781186547,0.));
#2329=DIRECTION('',(0.,0.,-1.));
#2330=DIRECTION('',(-1.,0.,0.));
#2331=DIRECTION('',(0.,0.,-1.));
#2332=DIRECTION('',(0.,0.,-1.));
#2333=DIRECTION('',(-1.,0.,0.));
#2334=DIRECTION('',(0.,0.,-1.));
#2335=DIRECTION('',(-1.,0.,0.));
#2336=DIRECTION('',(0.,1.,0.));
#2337=DIRECTION('',(0.,1.,0.));
#2338=DIRECTION('',(0.,0.,1.));
#2339=DIRECTION('',(0.,-1.,0.));
#2340=DIRECTION('',(0.,0.,1.));
#2341=DIRECTION('',(0.707106781186548,-0.707106781186547,0.));
#2342=DIRECTION('',(0.,0.,1.));
#2343=DIRECTION('',(1.,0.,0.));
#2344=DIRECTION('',(0.,0.,1.));
#2345=DIRECTION('',(0.,0.,1.));
#2346=DIRECTION('',(1.,0.,0.));
#2347=DIRECTION('',(0.,0.,1.));
#2348=DIRECTION('',(-1.,0.,0.));
#2349=DIRECTION('',(1.,0.,0.));
#2350=DIRECTION('',(0.,0.,1.));
#2351=DIRECTION('',(1.,0.,0.));
#2352=DIRECTION('',(0.,-1.,0.));
#2353=DIRECTION('',(0.,0.,1.));
#2354=DIRECTION('',(1.,0.,0.));
#2355=DIRECTION('',(-1.,0.,0.));
#2356=DIRECTION('',(0.,0.,1.));
#2357=DIRECTION('',(1.,0.,0.));
#2358=DIRECTION('',(0.,1.,0.));
#2359=DIRECTION('',(0.,0.,-1.));
#2360=DIRECTION('',(-1.,0.,0.));
#2361=DIRECTION('',(-1.,0.,0.));
#2362=DIRECTION('',(0.,0.,-1.));
#2363=DIRECTION('',(0.707106781186548,-0.707106781186547,0.));
#2364=DIRECTION('',(0.,0.,-1.));
#2365=DIRECTION('',(0.,0.,-1.));
#2366=DIRECTION('',(-1.,0.,0.));
#2367=DIRECTION('',(0.,0.,-1.));
#2368=DIRECTION('',(0.,1.,0.));
#2369=DIRECTION('',(1.,0.,0.));
#2370=DIRECTION('',(1.,0.,0.));
#2371=DIRECTION('',(0.,-1.,0.));
#2372=DIRECTION('',(1.,0.,0.));
#2373=DIRECTION('',(1.,0.,0.));
#2374=DIRECTION('',(0.,0.,1.));
#2375=DIRECTION('',(0.,0.,1.));
#2376=DIRECTION('',(1.,0.,0.));
#2377=DIRECTION('',(0.,0.,1.));
#2378=DIRECTION('',(1.,0.,0.));
#2379=DIRECTION('',(0.,0.,1.));
#2380=DIRECTION('',(1.,0.,0.));
#2381=DIRECTION('',(0.,1.,0.));
#2382=DIRECTION('',(0.,0.,1.));
#2383=DIRECTION('',(1.,0.,0.));
#2384=DIRECTION('',(1.,0.,0.));
#2385=DIRECTION('',(0.,0.,1.));
#2386=DIRECTION('',(1.,0.,0.));
#2387=DIRECTION('',(0.,1.,0.));
#2388=DIRECTION('',(0.,0.,1.));
#2389=DIRECTION('',(1.,0.,0.));
#2390=DIRECTION('',(0.,0.,1.));
#2391=DIRECTION('',(-0.707106781186548,-0.707106781186548,0.));
#2392=DIRECTION('',(0.,0.,1.));
#2393=DIRECTION('',(-1.,0.,0.));
#2394=DIRECTION('',(0.,-1.,0.));
#2395=DIRECTION('',(0.,0.,1.));
#2396=DIRECTION('',(0.,0.,1.));
#2397=DIRECTION('',(-0.707106781186548,0.707106781186548,0.));
#2398=DIRECTION('',(0.,0.,1.));
#2399=DIRECTION('',(0.,1.,0.));
#2400=DIRECTION('',(-1.,0.,0.));
#2401=DIRECTION('',(0.,0.,1.));
#2402=DIRECTION('',(0.,0.,1.));
#2403=DIRECTION('',(0.707106781186548,0.707106781186548,0.));
#2404=DIRECTION('',(0.,0.,1.));
#2405=DIRECTION('',(1.,0.,0.));
#2406=DIRECTION('',(0.,1.,0.));
#2407=DIRECTION('',(0.,0.,1.));
#2408=DIRECTION('',(-1.,0.,0.));
#2409=DIRECTION('',(0.,0.,1.));
#2410=DIRECTION('',(1.,0.,0.));
#2411=DIRECTION('',(0.,0.,1.));
#2412=DIRECTION('',(-1.,0.,0.));
#2413=DIRECTION('',(0.,0.,1.));
#2414=DIRECTION('',(1.,0.,0.));
#2415=DIRECTION('',(0.,0.,1.));
#2416=DIRECTION('',(-1.,0.,0.));
#2417=DIRECTION('',(0.,0.,-1.));
#2418=DIRECTION('',(-1.,0.,0.));
#2419=DIRECTION('',(0.,0.,1.));
#2420=DIRECTION('',(1.,0.,0.));
#2421=DIRECTION('',(0.,0.,1.));
#2422=DIRECTION('',(1.,0.,0.));
#2423=DIRECTION('',(0.,0.,1.));
#2424=DIRECTION('',(1.,0.,0.));
#2425=DIRECTION('',(1.,0.,0.));
#2426=DIRECTION('',(0.,0.,1.));
#2427=DIRECTION('',(1.,0.,0.));
#2428=DIRECTION('',(0.,1.,0.));
#2429=DIRECTION('',(0.,0.,1.));
#2430=DIRECTION('',(1.,0.,0.));
#2431=DIRECTION('',(1.,0.,0.));
#2432=DIRECTION('',(0.,0.,1.));
#2433=DIRECTION('',(1.,0.,0.));
#2434=DIRECTION('',(0.,1.,0.));
#2435=DIRECTION('',(0.,0.,1.));
#2436=DIRECTION('',(1.,0.,0.));
#2437=DIRECTION('',(0.,0.,1.));
#2438=DIRECTION('',(-1.,0.,0.));
#2439=DIRECTION('',(0.,0.,1.));
#2440=DIRECTION('',(2.96059473233375E-15,-1.,0.));
#2441=DIRECTION('',(0.,0.,1.));
#2442=DIRECTION('',(0.,0.,1.));
#2443=DIRECTION('',(1.,0.,0.));
#2444=DIRECTION('',(0.,0.,1.));
#2445=DIRECTION('',(0.,1.,0.));
#2446=DIRECTION('',(-1.,0.,0.));
#2447=DIRECTION('',(1.,0.,0.));
#2448=DIRECTION('',(-1.,0.,0.));
#2449=DIRECTION('',(0.,0.,1.));
#2450=DIRECTION('',(-1.,0.,0.));
#2451=DIRECTION('',(0.,0.,1.));
#2452=DIRECTION('',(-1.,0.,0.));
#2453=DIRECTION('',(0.,0.,1.));
#2454=DIRECTION('',(-0.707106781186548,-0.707106781186548,0.));
#2455=DIRECTION('',(0.,0.,1.));
#2456=DIRECTION('',(0.,0.,1.));
#2457=DIRECTION('',(1.,0.,0.));
#2458=DIRECTION('',(0.,0.,1.));
#2459=DIRECTION('',(-1.,0.,0.));
#2460=DIRECTION('',(0.,-1.,0.));
#2461=DIRECTION('',(0.,0.,1.));
#2462=DIRECTION('',(0.,-1.,0.));
#2463=DIRECTION('',(0.,0.,1.));
#2464=DIRECTION('',(-0.707106781186548,0.707106781186548,0.));
#2465=DIRECTION('',(0.,0.,1.));
#2466=DIRECTION('',(0.,0.,1.));
#2467=DIRECTION('',(1.,0.,0.));
#2468=DIRECTION('',(0.,1.,0.));
#2469=DIRECTION('',(-1.,0.,0.));
#2470=DIRECTION('',(0.,0.,1.));
#2471=DIRECTION('',(-1.,0.,0.));
#2472=DIRECTION('',(0.,0.,1.));
#2473=DIRECTION('',(0.707106781186548,0.707106781186548,0.));
#2474=DIRECTION('',(0.,0.,1.));
#2475=DIRECTION('',(0.,0.,1.));
#2476=DIRECTION('',(1.,0.,0.));
#2477=DIRECTION('',(1.,0.,0.));
#2478=DIRECTION('',(0.,1.,0.));
#2479=DIRECTION('',(0.,0.,1.));
#2480=DIRECTION('',(0.,1.,0.));
#2481=DIRECTION('',(0.,0.,1.));
#2482=DIRECTION('',(0.707106781186548,-0.707106781186548,0.));
#2483=DIRECTION('',(0.,0.,1.));
#2484=DIRECTION('',(0.,0.,1.));
#2485=DIRECTION('',(1.,0.,0.));
#2486=DIRECTION('',(0.,-1.,0.));
#2487=DIRECTION('',(1.,0.,0.));
#2488=DIRECTION('',(1.,0.,0.));
#2489=DIRECTION('',(0.,0.,1.));
#2490=DIRECTION('',(-1.,0.,0.));
#2491=DIRECTION('',(0.,-1.,0.));
#2492=DIRECTION('',(1.,0.,0.));
#2493=DIRECTION('',(0.,0.,1.));
#2494=DIRECTION('',(0.,0.,1.));
#2495=DIRECTION('',(1.,0.,0.));
#2496=DIRECTION('',(0.,0.,1.));
#2497=DIRECTION('',(0.707106781186548,-0.707106781186548,0.));
#2498=DIRECTION('',(0.,0.,1.));
#2499=DIRECTION('',(1.,0.,0.));
#2500=DIRECTION('',(0.,0.,1.));
#2501=DIRECTION('',(1.,0.,0.));
#2502=DIRECTION('',(0.,1.,0.));
#2503=DIRECTION('',(0.,0.,1.));
#2504=DIRECTION('',(0.,1.,0.));
#2505=DIRECTION('',(0.,0.,1.));
#2506=DIRECTION('',(0.707106781186548,0.707106781186548,0.));
#2507=DIRECTION('',(0.,0.,1.));
#2508=DIRECTION('',(1.,0.,0.));
#2509=DIRECTION('',(0.,0.,1.));
#2510=DIRECTION('',(0.,1.,0.));
#2511=DIRECTION('',(-1.,0.,0.));
#2512=DIRECTION('',(0.,0.,1.));
#2513=DIRECTION('',(1.,0.,0.));
#2514=DIRECTION('',(0.,0.,1.));
#2515=DIRECTION('',(-0.707106781186548,0.707106781186548,0.));
#2516=DIRECTION('',(0.,0.,1.));
#2517=DIRECTION('',(1.,0.,0.));
#2518=DIRECTION('',(0.,0.,1.));
#2519=DIRECTION('',(0.,0.,1.));
#2520=DIRECTION('',(1.,0.,0.));
#2521=DIRECTION('',(0.,0.,1.));
#2522=DIRECTION('',(1.,0.,0.));
#2523=DIRECTION('',(0.,1.,0.));
#2524=DIRECTION('',(-1.,0.,0.));
#2525=DIRECTION('',(0.,-1.,0.));
#2526=DIRECTION('',(0.,0.,1.));
#2527=DIRECTION('',(0.,0.,1.));
#2528=DIRECTION('',(-0.707106781186548,-0.707106781186548,0.));
#2529=DIRECTION('',(0.,0.,1.));
#2530=DIRECTION('',(-1.,0.,0.));
#2531=DIRECTION('',(0.,0.,-1.));
#2532=DIRECTION('',(-1.,0.,0.));
#2533=DIRECTION('',(0.,0.,-1.));
#2534=DIRECTION('',(-1.,0.,0.));
#2535=DIRECTION('',(0.,0.,1.));
#2536=DIRECTION('',(-1.,0.,0.));
#2537=CARTESIAN_POINT('',(0.,0.,0.));
#2538=CARTESIAN_POINT('',(0.00399999991059303,0.,-0.000599999986588955));
#2539=CARTESIAN_POINT('',(0.0034999999217689,0.,-0.000599999986588955));
#2540=CARTESIAN_POINT('',(0.0034999999217689,0.,-0.000346383990261768));
#2541=CARTESIAN_POINT('',(0.00399999991059303,0.,-0.000599999986588955));
#2542=CARTESIAN_POINT('',(0.00399999991059303,0.,-0.000346383990261768));
#2543=CARTESIAN_POINT('',(0.00399999991059303,0.,-0.000599999986588955));
#2544=CARTESIAN_POINT('',(-0.00399999991059303,0.,-0.000599999986588955));
#2545=CARTESIAN_POINT('',(-0.00399999991059303,0.,-0.000346383990261768));
#2546=CARTESIAN_POINT('',(-0.0034999999217689,0.,-0.000599999986588955));
#2547=CARTESIAN_POINT('',(-0.0034999999217689,0.,-0.000346383990261768));
#2548=CARTESIAN_POINT('',(0.00374999991618154,8.92756588820688E-8,-0.00050035636140592));
#2549=CARTESIAN_POINT('',(0.0034999999217689,8.92756588820785E-8,-0.00050035636140592));
#2550=CARTESIAN_POINT('',(0.00350000000593557,-0.000499999988824129,-0.000500004711748913));
#2551=CARTESIAN_POINT('',(0.0034999999217689,2.39619311169386E-9,-0.00100006872951426));
#2552=CARTESIAN_POINT('',(0.00374999991618007,4.79678558856843E-9,-0.00100006872907387));
#2553=CARTESIAN_POINT('',(0.00399999991059303,2.39619311167643E-9,-0.00100006872951426));
#2554=CARTESIAN_POINT('',(0.00399999991059303,8.92756588820591E-8,-0.00050035636140592));
#2555=CARTESIAN_POINT('',(0.00399999982642636,-0.000499999988824129,-0.000500003958688187));
#2556=CARTESIAN_POINT('',(0.0034999999217689,-0.000499999988824129,-0.000500004795022992));
#2557=CARTESIAN_POINT('',(0.00366666658471028,-0.000499999988824129,-0.000500004795022992));
#2558=CARTESIAN_POINT('',(0.00383333324765165,-0.000499999988824129,-0.000500004795022992));
#2559=CARTESIAN_POINT('',(0.00399999991059303,-0.000499999988824129,-0.000500004795022992));
#2560=CARTESIAN_POINT('',(0.00399999991059303,0.000499999988824129,0.));
#2561=CARTESIAN_POINT('',(0.00399999991059303,-8.92756597850754E-8,-0.000500356361402696));
#2562=CARTESIAN_POINT('',(0.00399999982642636,0.000499999988824129,-0.000500004711748913));
#2563=CARTESIAN_POINT('',(0.00399999991059303,0.000499999988824129,0.));
#2564=CARTESIAN_POINT('',(0.00399999991059303,0.000499999988824129,0.));
#2565=CARTESIAN_POINT('',(0.00399999991059303,-1.11022302462516E-18,0.));
#2566=CARTESIAN_POINT('',(0.00399999991059303,-0.000499999988824129,0.));
#2567=CARTESIAN_POINT('',(0.00399999991059303,-0.000499999988824129,0.));
#2568=CARTESIAN_POINT('',(0.00374999991618007,-8.92756597850671E-8,-0.000500356361402696));
#2569=CARTESIAN_POINT('',(0.0034999999217689,-8.92756597850587E-8,-0.000500356361402696));
#2570=CARTESIAN_POINT('',(0.00350000000593557,0.000499999988824129,-0.000500003958688187));
#2571=CARTESIAN_POINT('',(0.00399999991059303,0.000499999988824129,-0.000500004795022992));
#2572=CARTESIAN_POINT('',(0.00383333324765165,0.000499999988824129,-0.000500004795022992));
#2573=CARTESIAN_POINT('',(0.00366666658471028,0.000499999988824129,-0.000500004795022992));
#2574=CARTESIAN_POINT('',(0.0034999999217689,0.000499999988824129,-0.000500004795022992));
#2575=CARTESIAN_POINT('',(0.0034999999217689,0.000499999988824129,0.));
#2576=CARTESIAN_POINT('',(0.0034999999217689,0.000499999988824129,0.));
#2577=CARTESIAN_POINT('',(0.0034999999217689,0.000499999988824129,0.));
#2578=CARTESIAN_POINT('',(0.,0.000499999988824129,0.));
#2579=CARTESIAN_POINT('',(-0.00374999991618007,8.92756587640007E-8,-0.00050035636140626));
#2580=CARTESIAN_POINT('',(-0.00399999991059303,8.92756587640163E-8,-0.00050035636140626));
#2581=CARTESIAN_POINT('',(-0.00399999982642636,-0.000499999988824129,-0.000500004711748913));
#2582=CARTESIAN_POINT('',(-0.00399999991059303,2.39611696181832E-9,-0.00100006872951453));
#2583=CARTESIAN_POINT('',(-0.00374999991618154,4.79678558858015E-9,-0.00100006872907413));
#2584=CARTESIAN_POINT('',(-0.0034999999217689,2.39611696186104E-9,-0.00100006872951453));
#2585=CARTESIAN_POINT('',(-0.0034999999217689,8.9275658763985E-8,-0.00050035636140626));
#2586=CARTESIAN_POINT('',(-0.00350000000593557,-0.000499999988824129,-0.000500003958688187));
#2587=CARTESIAN_POINT('',(-0.00399999991059303,-0.000499999988824129,-0.000500004795022992));
#2588=CARTESIAN_POINT('',(-0.00383333324765165,-0.000499999988824129,-0.000500004795022992));
#2589=CARTESIAN_POINT('',(-0.00366666658471028,-0.000499999988824129,-0.000500004795022992));
#2590=CARTESIAN_POINT('',(-0.0034999999217689,-0.000499999988824129,-0.000500004795022992));
#2591=CARTESIAN_POINT('',(-0.0034999999217689,0.000499999988824129,0.));
#2592=CARTESIAN_POINT('',(-0.0034999999217689,-8.92756596164395E-8,-0.000500356361403297));
#2593=CARTESIAN_POINT('',(-0.00350000000593557,0.000499999988824129,-0.000500004711748913));
#2594=CARTESIAN_POINT('',(-0.0034999999217689,0.000499999988824129,0.));
#2595=CARTESIAN_POINT('',(-0.0034999999217689,0.000499999988824129,0.));
#2596=CARTESIAN_POINT('',(-0.0034999999217689,-1.11022302462516E-18,0.));
#2597=CARTESIAN_POINT('',(-0.0034999999217689,-0.000499999988824129,0.));
#2598=CARTESIAN_POINT('',(-0.0034999999217689,-0.000499999988824129,0.));
#2599=CARTESIAN_POINT('',(-0.00374999991618154,-8.92756596164732E-8,-0.000500356361403297));
#2600=CARTESIAN_POINT('',(-0.00399999991059303,-8.92756596165069E-8,-0.000500356361403297));
#2601=CARTESIAN_POINT('',(-0.00399999982642636,0.000499999988824129,-0.000500003958688187));
#2602=CARTESIAN_POINT('',(-0.0034999999217689,0.000499999988824129,-0.000500004795022992));
#2603=CARTESIAN_POINT('',(-0.00366666658471028,0.000499999988824129,-0.000500004795022992));
#2604=CARTESIAN_POINT('',(-0.00383333324765165,0.000499999988824129,-0.000500004795022992));
#2605=CARTESIAN_POINT('',(-0.00399999991059303,0.000499999988824129,-0.000500004795022992));
#2606=CARTESIAN_POINT('',(-0.00399999991059303,0.000499999988824129,0.));
#2607=CARTESIAN_POINT('',(-0.00399999991059303,0.000499999988824129,0.));
#2608=CARTESIAN_POINT('',(-0.00399999991059303,0.000499999988824129,0.));
#2609=CARTESIAN_POINT('',(0.,0.000499999988824129,0.));
#2610=CARTESIAN_POINT('',(0.0034999999217689,-0.000499999988824129,0.));
#2611=CARTESIAN_POINT('',(0.0034999999217689,-0.000499999988824129,0.));
#2612=CARTESIAN_POINT('',(0.0034999999217689,-0.000499999988824129,0.));
#2613=CARTESIAN_POINT('',(0.0034999999217689,-1.11022302462516E-18,0.));
#2614=CARTESIAN_POINT('',(0.00399999991059303,-0.000499999988824129,0.));
#2615=CARTESIAN_POINT('',(0.,-0.000499999988824129,0.));
#2616=CARTESIAN_POINT('',(-0.00399999991059303,-0.000499999988824129,0.));
#2617=CARTESIAN_POINT('',(-0.00399999991059303,-0.000499999988824129,0.));
#2618=CARTESIAN_POINT('',(-0.00399999991059303,-0.000499999988824129,0.));
#2619=CARTESIAN_POINT('',(-0.00399999991059303,-1.11022302462516E-18,0.));
#2620=CARTESIAN_POINT('',(-0.0034999999217689,-0.000499999988824129,0.));
#2621=CARTESIAN_POINT('',(0.,-0.000499999988824129,0.));
#2622=CARTESIAN_POINT('',(0.00420000006705522,0.00025000000372529,0.0003));
#2623=CARTESIAN_POINT('',(0.00420000006705522,0.000500000007450581,0.0003));
#2624=CARTESIAN_POINT('',(0.00420000006705522,0.000500000007450581,0.));
#2625=CARTESIAN_POINT('',(0.00450000006705523,0.000500000007450581,0.0003));
#2626=CARTESIAN_POINT('',(0.00450000006705522,0.00025000000372529,0.0003));
#2627=CARTESIAN_POINT('',(0.00450000006705522,-0.000500000007450581,0.0003));
#2628=CARTESIAN_POINT('',(0.00420000006705522,-0.000500000007450581,0.0003));
#2629=CARTESIAN_POINT('',(0.00420000006705522,-0.000500000007450581,0.));
#2630=CARTESIAN_POINT('',(0.00420000006705522,0.00025000000372529,0.));
#2631=CARTESIAN_POINT('',(0.00450000006705523,0.000500000007450581,0.));
#2632=CARTESIAN_POINT('',(0.00450000006705523,0.000500000007450581,0.));
#2633=CARTESIAN_POINT('',(0.00450000006705523,0.000500000007450581,0.0004));
#2634=CARTESIAN_POINT('',(0.00450000006705523,0.00025000000372529,0.0004));
#2635=CARTESIAN_POINT('',(0.00450000006705523,-0.000500000007450581,0.0004));
#2636=CARTESIAN_POINT('',(0.00450000006705523,-0.000500000007450581,0.));
#2637=CARTESIAN_POINT('',(0.00480000006705523,0.00025000000372529,0.0004));
#2638=CARTESIAN_POINT('',(0.00480000006705523,-0.000500000007450581,0.0004));
#2639=CARTESIAN_POINT('',(0.00480000006705523,-0.000500000007450581,0.0007));
#2640=CARTESIAN_POINT('',(0.00480000006705523,0.000500000007450581,0.0004));
#2641=CARTESIAN_POINT('',(0.00480000006705523,0.000500000007450581,0.0007));
#2642=CARTESIAN_POINT('',(0.00480000006705523,0.00025000000372529,0.0007));
#2643=CARTESIAN_POINT('',(0.00600000008940697,0.000500000007450581,0.));
#2644=CARTESIAN_POINT('',(0.,0.000500000007450581,0.));
#2645=CARTESIAN_POINT('',(0.00493477441331683,0.00049999898163906,-3.79470760370025E-21));
#2646=CARTESIAN_POINT('',(0.00592832824804786,0.000500000007450581,0.000989942188111792));
#2647=CARTESIAN_POINT('',(0.00592830118146685,0.000500000007450581,0.000850741673173935));
#2648=CARTESIAN_POINT('',(0.00592117619770297,0.000500000007450582,0.000575192806053297));
#2649=CARTESIAN_POINT('',(0.00576465499371103,0.000500000007450582,0.000158633307425929));
#2650=CARTESIAN_POINT('',(0.00534806293849378,0.00050000000745058,8.21718034694294E-6));
#2651=CARTESIAN_POINT('',(0.00507366646125704,0.000500000007450581,3.3437253142594E-22));
#2652=CARTESIAN_POINT('',(0.00493477441331683,0.000500000007450581,1.71214545087445E-20));
#2653=CARTESIAN_POINT('',(0.00592895432246457,0.000500000699300146,0.000989942066375935));
#2654=CARTESIAN_POINT('',(0.00592886793958046,0.000500000007450581,0.000989945034286607));
#2655=CARTESIAN_POINT('',(0.00592353521699524,0.000500000007450581,0.000834732557714706));
#2656=CARTESIAN_POINT('',(0.00578328921614346,0.000500000007450581,0.000700192738413694));
#2657=CARTESIAN_POINT('',(0.00562800154929484,0.000500000007450581,0.00070008557600833));
#2658=CARTESIAN_POINT('',(0.00562800160834767,0.000499999923062613,0.0007));
#2659=CARTESIAN_POINT('',(0.00600000008940697,0.000500000007450581,0.0007));
#2660=CARTESIAN_POINT('',(1.4391871190332E-6,6.29877062613243E-18,0.00100014470681556));
#2661=CARTESIAN_POINT('',(0.00592886793933649,-0.000500000007450581,0.000989945027185625));
#2662=CARTESIAN_POINT('',(0.00592353512015192,-0.000500000007450581,0.000834729846479496));
#2663=CARTESIAN_POINT('',(0.00578328387293256,-0.000500000007450581,0.000700188601532979));
#2664=CARTESIAN_POINT('',(0.0056279934978165,-0.000500000007450581,0.000700085570559239));
#2665=CARTESIAN_POINT('',(0.00592895432213599,-0.000500000698927259,0.000989942059275805));
#2666=CARTESIAN_POINT('',(0.00562799355458381,-0.000499999757450505,0.0007));
#2667=CARTESIAN_POINT('',(0.0056280016844734,0.00050000000745043,0.0007));
#2668=CARTESIAN_POINT('',(0.00565756318388133,0.000167255675481749,0.0007));
#2669=CARTESIAN_POINT('',(0.00565756318388038,-0.000167255675492461,0.0007));
#2670=CARTESIAN_POINT('',(0.0056280016844734,-0.00050000000745043,0.0007));
#2671=CARTESIAN_POINT('',(0.0059289544660842,0.000499998962900885,0.000992880834728238));
#2672=CARTESIAN_POINT('',(0.00595701537531064,0.000167254566562072,0.000992603397277091));
#2673=CARTESIAN_POINT('',(0.00595701537319329,-0.000167254567651115,0.000992603397303673));
#2674=CARTESIAN_POINT('',(0.00592895446411838,-0.000499998962409641,0.000992880834752516));
#2675=CARTESIAN_POINT('',(0.00265542016506181,0.00417971920051826,-2.24822994190787E-20));
#2676=CARTESIAN_POINT('',(0.0039851530422001,0.00331852062819413,-5.00752611363063E-21));
#2677=CARTESIAN_POINT('',(0.00480081805312345,0.00196038105676895,1.00861174559145E-20));
#2678=CARTESIAN_POINT('',(0.00493627750351018,0.000381931424117809,1.93217847105479E-20));
#2679=CARTESIAN_POINT('',(0.00273113745908332,0.00429667424129444,-4.06459552358142E-20));
#2680=CARTESIAN_POINT('',(0.00409764866759431,0.00341166518836438,-2.26879016707639E-20));
#2681=CARTESIAN_POINT('',(0.0049358776208175,0.00201596961671108,-7.18299043954977E-21));
#2682=CARTESIAN_POINT('',(0.00507509071643186,0.000393868010533528,2.30816334621878E-21));
#2683=CARTESIAN_POINT('',(0.0028800955995413,0.00452675913294756,6.67121278544045E-6));
#2684=CARTESIAN_POINT('',(0.00431896058034727,0.00359490787626069,6.67121278544047E-6));
#2685=CARTESIAN_POINT('',(0.0052015794306187,0.00212532862942702,6.67121278544049E-6));
#2686=CARTESIAN_POINT('',(0.00534817704809521,0.000417350779415829,6.6712127854405E-6));
#2687=CARTESIAN_POINT('',(0.00310896692977204,0.00488028016279348,0.000156500190213199));
#2688=CARTESIAN_POINT('',(0.00465900209611769,0.00387645675707333,0.000156500190213199));
#2689=CARTESIAN_POINT('',(0.00560982517312689,0.00229335665821459,0.000156500190213199));
#2690=CARTESIAN_POINT('',(0.00576776896702931,0.000453431604102998,0.000156500190213199));
#2691=CARTESIAN_POINT('',(0.00319415509107411,0.00501186416889785,0.000573560271519915));
#2692=CARTESIAN_POINT('',(0.00478556889443906,0.00398125202107128,0.000573560271519915));
#2693=CARTESIAN_POINT('',(0.00576177825579835,0.00235589834399584,0.000573560271519915));
#2694=CARTESIAN_POINT('',(0.00592394520821764,0.00046686124210207,0.000573560271519915));
#2695=CARTESIAN_POINT('',(0.00319810210139718,0.00501796083095164,0.000850290669911508));
#2696=CARTESIAN_POINT('',(0.00479143309495584,0.00398610748434792,0.000850290669911508));
#2697=CARTESIAN_POINT('',(0.00576881867522703,0.00235879607855926,0.000850290669911508));
#2698=CARTESIAN_POINT('',(0.00593118129861758,0.000467483475508761,0.000850290669911508));
#2699=CARTESIAN_POINT('',(0.00319811669862116,0.0050179833782303,0.000989949493661166));
#2700=CARTESIAN_POINT('',(0.00479145478252224,0.00398612544130249,0.000989949493661166));
#2701=CARTESIAN_POINT('',(0.00576884471280256,0.00235880679524786,0.000989949493661166));
#2702=CARTESIAN_POINT('',(0.00593120805984285,0.0004674857767139,0.000989949493661166));
#2703=CARTESIAN_POINT('',(0.00592895431780297,0.000500000697405099,0.000989949493661166));
#2704=CARTESIAN_POINT('',(0.0058528067034609,0.00140295089164851,0.000989949493661166));
#2705=CARTESIAN_POINT('',(0.00528071350334236,0.00317272792060292,0.000989949493661166));
#2706=CARTESIAN_POINT('',(0.00398676566172585,0.00450880439484104,0.000989949493661166));
#2707=CARTESIAN_POINT('',(0.00322529056907156,0.00500000007450581,0.000989949493661166));
#2708=CARTESIAN_POINT('',(0.00322529050689152,0.00500000007389625,0.000989949618311166));
#2709=CARTESIAN_POINT('',(0.00291905466342266,0.00400988218407444,0.));
#2710=CARTESIAN_POINT('',(0.00404118530357103,0.00318791514627621,0.));
#2711=CARTESIAN_POINT('',(0.00479336360794869,0.00188213355538104,0.));
#2712=CARTESIAN_POINT('',(0.00493476452968231,0.000499997955826135,0.));
#2713=CARTESIAN_POINT('',(0.00291911549513017,0.00400996638316003,1.15042638031975E-22));
#2714=CARTESIAN_POINT('',(0.00322529056907155,0.00500000007450581,0.000989949493661166));
#2715=CARTESIAN_POINT('',(0.00322529056907155,0.00500000007450581,0.000748887252586186));
#2716=CARTESIAN_POINT('',(0.00321303846999238,0.00495299834883689,0.000437187015559239));
#2717=CARTESIAN_POINT('',(0.00317450585673313,0.00482928261319572,0.000187194717145662));
#2718=CARTESIAN_POINT('',(0.00306601328104233,0.00446874641021592,9.95766328052034E-6));
#2719=CARTESIAN_POINT('',(0.00297295682262559,0.0041655419304257,-5.90483154131368E-21));
#2720=CARTESIAN_POINT('',(0.00291908724973388,0.00401005058084464,-5.79783679766076E-21));
#2721=CARTESIAN_POINT('',(0.00493629029970659,-0.000381959759033153,4.78620184639747E-20));
#2722=CARTESIAN_POINT('',(0.00480031675155497,-0.00196010818580791,-5.54854685588958E-23));
#2723=CARTESIAN_POINT('',(0.00398431053148684,-0.0033177440396136,-1.9433029545095E-20));
#2724=CARTESIAN_POINT('',(0.00265448512213046,-0.00417832851737201,-3.2360279934608E-21));
#2725=CARTESIAN_POINT('',(0.00507517207534781,-0.000393896358154638,4.88985270259315E-20));
#2726=CARTESIAN_POINT('',(0.00493544480041547,-0.00201571922144784,-3.453813858153E-22));
#2727=CARTESIAN_POINT('',(0.00409686435907602,-0.00341093101707728,-2.02120374986578E-20));
#2728=CARTESIAN_POINT('',(0.00273024240961232,-0.00429533904423704,-3.56722760505877E-21));
#2729=CARTESIAN_POINT('',(0.00534837767316367,-0.000417377809797935,6.58180787858862E-6));
#2730=CARTESIAN_POINT('',(0.00520126613802569,-0.00212511619716334,6.58180787858857E-6));
#2731=CARTESIAN_POINT('',(0.00431827811628789,-0.00359424667364241,6.58180787858855E-6));
#2732=CARTESIAN_POINT('',(0.00287927071026479,-0.0045255199358285,6.58180787858856E-6));
#2733=CARTESIAN_POINT('',(0.00576831895337976,-0.00045347088747744,0.00015614634614492));
#2734=CARTESIAN_POINT('',(0.00560985715415859,-0.00229326906958261,0.00015614634614492));
#2735=CARTESIAN_POINT('',(0.00465861073540085,-0.00387601912675856,0.00015614634614492));
#2736=CARTESIAN_POINT('',(0.00310834045065343,-0.00487932841950884,0.00015614634614492));
#2737=CARTESIAN_POINT('',(0.0059247929597351,-0.000466919502158274,0.000573346331197603));
#2738=CARTESIAN_POINT('',(0.00576210194710256,-0.00235592438561646,0.000573346331197603));
#2739=CARTESIAN_POINT('',(0.00478542181808034,-0.00398101014978198,0.000573346331197603));
#2740=CARTESIAN_POINT('',(0.00319369395530282,-0.00501116073400644,0.000573346331197603));
#2741=CARTESIAN_POINT('',(0.0059320144092317,-0.00046754017068961,0.000850222194632238));
#2742=CARTESIAN_POINT('',(0.00576912821369452,-0.00235881599816586,0.000850222194632238));
#2743=CARTESIAN_POINT('',(0.00479127429064437,-0.00398585560231445,0.000850222194632238));
#2744=CARTESIAN_POINT('',(0.00319763311451233,-0.00501724494200583,0.000850222194632238));
#2745=CARTESIAN_POINT('',(0.0059320411836749,-0.000467542471897194,0.000989949493661166));
#2746=CARTESIAN_POINT('',(0.00576915426447224,-0.00235882671918745,0.000989949493661166));
#2747=CARTESIAN_POINT('',(0.00479129598943134,-0.00398587356744647,0.000989949493661166));
#2748=CARTESIAN_POINT('',(0.00319764771944649,-0.00501726749998142,0.000989949493661166));
#2749=CARTESIAN_POINT('',(0.00592915750023761,-0.000500000007450581,0.000989942019762089));
#2750=CARTESIAN_POINT('',(0.00592913041598231,-0.000500000007450581,0.000850675757053204));
#2751=CARTESIAN_POINT('',(0.00592201898097243,-0.00050000000745058,0.00057498366572232));
#2752=CARTESIAN_POINT('',(0.00576520609203476,-0.000500000007450578,0.000158287845631155));
#2753=CARTESIAN_POINT('',(0.0053482554762258,-0.00050000000745058,8.12364246114656E-6));
#2754=CARTESIAN_POINT('',(0.00507371708287093,-0.000500000007450581,4.62469075477044E-20));
#2755=CARTESIAN_POINT('',(0.00493475482918405,-0.000500000007450581,4.48768808819779E-20));
#2756=CARTESIAN_POINT('',(0.00493475482918405,-0.000499997134168229,4.10365463845628E-24));
#2757=CARTESIAN_POINT('',(0.00322529056907156,-0.00500000007450581,0.000989949493661166));
#2758=CARTESIAN_POINT('',(0.00398676566172587,-0.00450880439484103,0.000989949493661166));
#2759=CARTESIAN_POINT('',(0.0052807135033424,-0.00317272792060288,0.000989949493661166));
#2760=CARTESIAN_POINT('',(0.00585280670346093,-0.00140295089164841,0.000989949493661166));
#2761=CARTESIAN_POINT('',(0.00592895431780298,-0.000500000697404981,0.000989949493661166));
#2762=CARTESIAN_POINT('',(0.00322529050689098,-0.00500000007389641,0.000989949618311166));
#2763=CARTESIAN_POINT('',(0.00291914650210985,-0.00401005058084464,9.67275185528857E-21));
#2764=CARTESIAN_POINT('',(0.00297434068846213,-0.00417965228781488,9.85564081548811E-21));
#2765=CARTESIAN_POINT('',(0.00306914329663919,-0.00448215502751166,1.51938946600609E-5));
#2766=CARTESIAN_POINT('',(0.00317341022439444,-0.0048254290450255,0.000185658014431403));
#2767=CARTESIAN_POINT('',(0.00321327924042292,-0.00495478596919168,0.000438130370023103));
#2768=CARTESIAN_POINT('',(0.00322529056907156,-0.00500000007450581,0.000750779611239394));
#2769=CARTESIAN_POINT('',(0.00322529056907156,-0.00500000007450581,0.000989949493661166));
#2770=CARTESIAN_POINT('',(0.00291911562989823,-0.0040099663831602,1.17801055757547E-22));
#2771=CARTESIAN_POINT('',(0.0049347645123932,-0.000499998124820077,0.));
#2772=CARTESIAN_POINT('',(0.00479336354663609,-0.00188213366182029,0.));
#2773=CARTESIAN_POINT('',(0.00404118525783874,-0.00318791517977624,0.));
#2774=CARTESIAN_POINT('',(0.00291905466342221,-0.0040098821840748,0.));
#2775=CARTESIAN_POINT('',(-1.43918711943903E-6,1.93099369552581E-18,0.00100014470681544));
#2776=CARTESIAN_POINT('',(-0.00592886793933649,0.000500000007450581,0.000989945027185626));
#2777=CARTESIAN_POINT('',(-0.00592353512015192,0.000500000007450581,0.000834729846479497));
#2778=CARTESIAN_POINT('',(-0.00578328387293256,0.000500000007450581,0.000700188601532984));
#2779=CARTESIAN_POINT('',(-0.0056279934978165,0.000500000007450581,0.00070008557055924));
#2780=CARTESIAN_POINT('',(-0.00592895432213599,0.000500000698927259,0.000989942059275806));
#2781=CARTESIAN_POINT('',(-0.00562799355458381,0.000499999757450504,0.0007));
#2782=CARTESIAN_POINT('',(-0.0056280016844734,-0.000500000007450429,0.0007));
#2783=CARTESIAN_POINT('',(-0.00565756318388133,-0.000167255675481748,0.0007));
#2784=CARTESIAN_POINT('',(-0.00565756318388038,0.000167255675492461,0.0007));
#2785=CARTESIAN_POINT('',(-0.0056280016844734,0.00050000000745043,0.0007));
#2786=CARTESIAN_POINT('',(-0.00562800160834768,-0.000499999923062613,0.0007));
#2787=CARTESIAN_POINT('',(-0.00592886793958046,-0.000500000007450581,0.000989945034286607));
#2788=CARTESIAN_POINT('',(-0.00592353521699524,-0.000500000007450581,0.000834732557714709));
#2789=CARTESIAN_POINT('',(-0.00578328921614346,-0.000500000007450581,0.000700192738413702));
#2790=CARTESIAN_POINT('',(-0.00562800154929485,-0.000500000007450581,0.000700085576008329));
#2791=CARTESIAN_POINT('',(-0.00592895432246457,-0.000500000699300146,0.000989942066375935));
#2792=CARTESIAN_POINT('',(-0.0059289544660842,-0.000499998962900885,0.000992880834728337));
#2793=CARTESIAN_POINT('',(-0.00595701537531064,-0.000167254566562007,0.00099260339727709));
#2794=CARTESIAN_POINT('',(-0.00595701537319329,0.000167254567651049,0.000992603397303607));
#2795=CARTESIAN_POINT('',(-0.00592895446411838,0.00049999896240964,0.000992880834752504));
#2796=CARTESIAN_POINT('',(-0.00265542016503481,-0.00417971920055673,-3.80063693163685E-20));
#2797=CARTESIAN_POINT('',(-0.0039851530421411,-0.00331852062816508,6.00502108429845E-21));
#2798=CARTESIAN_POINT('',(-0.00480081805306609,-0.00196038105672938,1.71622223327638E-20));
#2799=CARTESIAN_POINT('',(-0.00493627750351946,-0.000381931424074077,-1.02455261573668E-20));
#2800=CARTESIAN_POINT('',(-0.00273113745906356,-0.00429667424133276,-4.88636922269218E-20));
#2801=CARTESIAN_POINT('',(-0.00409764866753867,-0.00341166518833539,-3.63482468251967E-21));
#2802=CARTESIAN_POINT('',(-0.00493587762076176,-0.00201596961667445,7.77838369121758E-21));
#2803=CARTESIAN_POINT('',(-0.0050750907164444,-0.00039386801049626,-2.03869721790506E-20));
#2804=CARTESIAN_POINT('',(-0.00288009559953521,-0.00452675913298499,6.67121278033027E-6));
#2805=CARTESIAN_POINT('',(-0.00431896058029748,-0.00359490787623138,6.67121278033032E-6));
#2806=CARTESIAN_POINT('',(-0.0052015794305653,-0.00212532862939602,6.67121278033033E-6));
#2807=CARTESIAN_POINT('',(-0.00534817704811336,-0.000417350779391364,6.6712127803303E-6));
#2808=CARTESIAN_POINT('',(-0.00310896692979214,-0.00488028016283733,0.000156500190193267));
#2809=CARTESIAN_POINT('',(-0.00465900209608453,-0.0038764567570497,0.000156500190193267));
#2810=CARTESIAN_POINT('',(-0.00560982517308623,-0.00229335665819582,0.000156500190193267));
#2811=CARTESIAN_POINT('',(-0.00576776896706541,-0.000453431604098888,0.000156500190193267));
#2812=CARTESIAN_POINT('',(-0.00319415509110902,-0.0050118641689519,0.000573560271507916));
#2813=CARTESIAN_POINT('',(-0.0047855688944196,-0.00398125202105599,0.000573560271507916));
#2814=CARTESIAN_POINT('',(-0.00576177825577144,-0.00235589834398536,0.000573560271507916));
#2815=CARTESIAN_POINT('',(-0.00592394520826969,-0.000466861242106342,0.000573560271507916));
#2816=CARTESIAN_POINT('',(-0.00319810210143189,-0.00501796083100482,0.000850290669907663));
#2817=CARTESIAN_POINT('',(-0.00479143309493571,-0.00398610748433196,0.000850290669907663));
#2818=CARTESIAN_POINT('',(-0.0057688186751992,-0.00235879607854853,0.000850290669907663));
#2819=CARTESIAN_POINT('',(-0.00593118129866877,-0.00046748347551329,0.000850290669907663));
#2820=CARTESIAN_POINT('',(-0.00319811669865589,-0.00501798337828348,0.000989949493661166));
#2821=CARTESIAN_POINT('',(-0.00479145478250212,-0.00398612544128652,0.000989949493661166));
#2822=CARTESIAN_POINT('',(-0.00576884471277475,-0.00235880679523712,0.000989949493661166));
#2823=CARTESIAN_POINT('',(-0.00593120805989405,-0.00046748577671842,0.000989949493661166));
#2824=CARTESIAN_POINT('',(-0.00493477441331683,-0.000500000007450581,-1.14195918939059E-20));
#2825=CARTESIAN_POINT('',(-0.00507376227360712,-0.000500000007450581,-2.1660972783273E-20));
#2826=CARTESIAN_POINT('',(-0.00534815126341369,-0.000500000007450578,7.91851179734616E-6));
#2827=CARTESIAN_POINT('',(-0.00576592764439228,-0.000500000007450584,0.00016000346463746));
#2828=CARTESIAN_POINT('',(-0.00592082332409158,-0.000500000007450579,0.000574796834507308));
#2829=CARTESIAN_POINT('',(-0.00592830120894156,-0.000500000007450581,0.000850882714363827));
#2830=CARTESIAN_POINT('',(-0.00592832824809809,-0.000500000007450581,0.000989942188111782));
#2831=CARTESIAN_POINT('',(-0.00493477441331683,-0.000499998981639059,-2.16840434492617E-21));
#2832=CARTESIAN_POINT('',(-0.0029190546634226,-0.00400988218407436,0.));
#2833=CARTESIAN_POINT('',(-0.00404118530355642,-0.00318791514628424,0.));
#2834=CARTESIAN_POINT('',(-0.00479336360794819,-0.00188213355538025,0.));
#2835=CARTESIAN_POINT('',(-0.0049347645296823,-0.000499997955826134,0.));
#2836=CARTESIAN_POINT('',(-0.00291911549513014,-0.00400996638315998,1.17801055757494E-22));
#2837=CARTESIAN_POINT('',(-0.00322529056907156,-0.00500000007450581,0.000989949493661166));
#2838=CARTESIAN_POINT('',(-0.00322529056907156,-0.00500000007450581,0.000748938399315412));
#2839=CARTESIAN_POINT('',(-0.00321384652168221,-0.00495594573259328,0.000436742621570179));
#2840=CARTESIAN_POINT('',(-0.00317167767582305,-0.00481889793414535,0.000184894278292313));
#2841=CARTESIAN_POINT('',(-0.00307651795300997,-0.00450721505199567,1.97286238849922E-5));
#2842=CARTESIAN_POINT('',(-0.00297427988849128,-0.00416936088212423,-9.85543935148499E-21));
#2843=CARTESIAN_POINT('',(-0.00291908724973386,-0.00401005058084464,-9.67255551932578E-21));
#2844=CARTESIAN_POINT('',(-0.00322529050689152,-0.00500000007389625,0.000989949618311166));
#2845=CARTESIAN_POINT('',(-0.00592895431780297,-0.000500000697405099,0.000989949493661166));
#2846=CARTESIAN_POINT('',(-0.0058528067034609,-0.00140295089164851,0.000989949493661166));
#2847=CARTESIAN_POINT('',(-0.00528071350334236,-0.00317272792060292,0.000989949493661166));
#2848=CARTESIAN_POINT('',(-0.00398676566172585,-0.00450880439484104,0.000989949493661166));
#2849=CARTESIAN_POINT('',(-0.00322529056907156,-0.00500000007450581,0.000989949493661166));
#2850=CARTESIAN_POINT('',(-0.00493629029971787,0.000381959758981406,5.27624045346956E-20));
#2851=CARTESIAN_POINT('',(-0.00480031675148326,0.00196010818575566,7.03323286746632E-21));
#2852=CARTESIAN_POINT('',(-0.00398431053140484,0.00331774403956289,-1.69968711211079E-20));
#2853=CARTESIAN_POINT('',(-0.00265448512207912,0.00417832851738087,-1.19862159987191E-20));
#2854=CARTESIAN_POINT('',(-0.0050751720753641,0.000393896358109702,1.96250948226486E-20));
#2855=CARTESIAN_POINT('',(-0.00493544480034705,0.00201571922139912,-2.73698289703651E-20));
#2856=CARTESIAN_POINT('',(-0.00409686435899898,0.00341093101702746,-5.20275799537557E-20));
#2857=CARTESIAN_POINT('',(-0.00273024240956972,0.0042953390442469,-4.68786203745834E-20));
#2858=CARTESIAN_POINT('',(-0.00534837767318837,0.000417377809766609,6.58180787121818E-6));
#2859=CARTESIAN_POINT('',(-0.00520126613796222,0.00212511619712133,6.58180787121813E-6));
#2860=CARTESIAN_POINT('',(-0.00431827811621921,0.00359424667359367,6.58180787121811E-6));
#2861=CARTESIAN_POINT('',(-0.0028792707102383,0.00452551993583929,6.58180787121811E-6));
#2862=CARTESIAN_POINT('',(-0.00576831895343101,0.000453470887467926,0.000156146346116153));
#2863=CARTESIAN_POINT('',(-0.00560985715411608,0.00229326906955608,0.000156146346116153));
#2864=CARTESIAN_POINT('',(-0.00465861073535623,0.00387601912672037,0.000156146346116153));
#2865=CARTESIAN_POINT('',(-0.00310834045065938,0.00487932841953237,0.000156146346116153));
#2866=CARTESIAN_POINT('',(-0.00592479295980965,0.000466919502158078,0.000573346331180272));
#2867=CARTESIAN_POINT('',(-0.00576210194708087,0.0023559243856011,0.000573346331180271));
#2868=CARTESIAN_POINT('',(-0.00478542181805553,0.00398101014975675,0.000573346331180271));
#2869=CARTESIAN_POINT('',(-0.00319369395532813,0.00501116073404603,0.000573346331180271));
#2870=CARTESIAN_POINT('',(-0.00593201440930501,0.00046754017068964,0.000850222194626686));
#2871=CARTESIAN_POINT('',(-0.00576912821367155,0.00235881599815008,0.000850222194626686));
#2872=CARTESIAN_POINT('',(-0.00479127429061861,0.00398585560228826,0.000850222194626686));
#2873=CARTESIAN_POINT('',(-0.00319763311453727,0.00501724494204422,0.000850222194626686));
#2874=CARTESIAN_POINT('',(-0.00593204118374821,0.000467542471897225,0.000989949493661166));
#2875=CARTESIAN_POINT('',(-0.00576915426444928,0.00235882671917167,0.000989949493661166));
#2876=CARTESIAN_POINT('',(-0.00479129598940557,0.00398587356742028,0.000989949493661166));
#2877=CARTESIAN_POINT('',(-0.00319764771947144,0.00501726750001981,0.000989949493661166));
#2878=CARTESIAN_POINT('',(-0.00592915750030926,0.000500000007450582,0.000989942019762076));
#2879=CARTESIAN_POINT('',(-0.00592913041605397,0.000500000007450582,0.000850675757047222));
#2880=CARTESIAN_POINT('',(-0.00592201898104532,0.000500000007450583,0.000574983665703657));
#2881=CARTESIAN_POINT('',(-0.0057652060920812,0.000500000007450585,0.000158287845600371));
#2882=CARTESIAN_POINT('',(-0.00534825547624121,0.000500000007450576,8.12364245344225E-6));
#2883=CARTESIAN_POINT('',(-0.00507371708287655,0.000500000007450583,1.48795813426397E-20));
#2884=CARTESIAN_POINT('',(-0.00493475482918403,0.000500000007450583,4.73864831400615E-20));
#2885=CARTESIAN_POINT('',(-0.00493475482918403,0.000499997134168229,4.10365399356808E-24));
#2886=CARTESIAN_POINT('',(-0.00322529056907156,0.00500000007450581,0.000989949493661166));
#2887=CARTESIAN_POINT('',(-0.00398676566172587,0.00450880439484103,0.000989949493661166));
#2888=CARTESIAN_POINT('',(-0.0052807135033424,0.00317272792060288,0.000989949493661166));
#2889=CARTESIAN_POINT('',(-0.00585280670346093,0.00140295089164841,0.000989949493661166));
#2890=CARTESIAN_POINT('',(-0.00592895431780298,0.000500000697404981,0.000989949493661166));
#2891=CARTESIAN_POINT('',(-0.00322529050689099,0.00500000007389641,0.000989949618311166));
#2892=CARTESIAN_POINT('',(-0.00291908726407215,0.00401005058084464,5.79783682613732E-21));
#2893=CARTESIAN_POINT('',(-0.00297294834332885,0.00416551750923676,5.90481469989039E-21));
#2894=CARTESIAN_POINT('',(-0.00306599357698946,0.00446871708904765,9.94525776386644E-6));
#2895=CARTESIAN_POINT('',(-0.00317451116563057,0.00482929601178037,0.00018721087446371));
#2896=CARTESIAN_POINT('',(-0.00321303695429601,0.004952974128071,0.000437134842775199));
#2897=CARTESIAN_POINT('',(-0.00322529056907156,0.00500000007450581,0.000748833969792975));
#2898=CARTESIAN_POINT('',(-0.00322529056907156,0.00500000007450581,0.000989949493661166));
#2899=CARTESIAN_POINT('',(-0.00291911562989818,0.00400996638315964,1.14881705157896E-22));
#2900=CARTESIAN_POINT('',(-0.00493476451239318,0.000499998124820078,0.));
#2901=CARTESIAN_POINT('',(-0.00479336354663527,0.00188213366181888,0.));
#2902=CARTESIAN_POINT('',(-0.00404118525781442,0.00318791517978959,0.));
#2903=CARTESIAN_POINT('',(-0.00291905466342211,0.00400988218407465,0.));
#2904=CARTESIAN_POINT('',(-0.00480000006705523,-0.00025000000372529,0.0004));
#2905=CARTESIAN_POINT('',(-0.00480000006705523,0.000500000007450581,0.0004));
#2906=CARTESIAN_POINT('',(-0.00450000006705523,0.000500000007450581,0.0004));
#2907=CARTESIAN_POINT('',(-0.00480000006705523,0.000500000007450581,0.0007));
#2908=CARTESIAN_POINT('',(-0.00450000006705523,-0.00025000000372529,0.0004));
#2909=CARTESIAN_POINT('',(-0.00450000006705523,-0.000500000007450581,0.0004));
#2910=CARTESIAN_POINT('',(-0.00480000006705523,-0.000500000007450581,0.0004));
#2911=CARTESIAN_POINT('',(-0.00480000006705523,-0.000500000007450581,0.0007));
#2912=CARTESIAN_POINT('',(-0.00480000006705523,-0.00025000000372529,0.0007));
#2913=CARTESIAN_POINT('',(-0.00600000008940697,-0.000500000007450581,0.));
#2914=CARTESIAN_POINT('',(-0.00450000006705523,-0.000500000007450581,0.));
#2915=CARTESIAN_POINT('',(-0.00450000006705523,-0.000500000007450581,0.0003));
#2916=CARTESIAN_POINT('',(-0.00420000006705522,-0.000500000007450581,0.0003));
#2917=CARTESIAN_POINT('',(-0.00420000006705522,-0.000500000007450581,0.));
#2918=CARTESIAN_POINT('',(0.,-0.000500000007450581,0.));
#2919=CARTESIAN_POINT('',(-0.00600000008940697,-0.000500000007450581,0.0007));
#2920=CARTESIAN_POINT('',(-0.00450000006705523,-0.000500000007450581,0.));
#2921=CARTESIAN_POINT('',(-0.00450000006705523,0.000500000007450581,0.));
#2922=CARTESIAN_POINT('',(-0.00450000006705522,0.000500000007450581,0.0003));
#2923=CARTESIAN_POINT('',(-0.00450000006705522,-0.000250000003725291,0.0003));
#2924=CARTESIAN_POINT('',(-0.00420000006705522,-0.000250000003725291,0.0003));
#2925=CARTESIAN_POINT('',(-0.00420000006705522,0.000500000007450581,0.0003));
#2926=CARTESIAN_POINT('',(-0.00420000006705522,0.000500000007450581,0.));
#2927=CARTESIAN_POINT('',(-0.00420000006705522,-0.000250000003725291,0.));
#2928=CARTESIAN_POINT('',(-0.00450000006705523,0.000500000007450581,0.));
#2929=CARTESIAN_POINT('',(-0.00450000006705523,0.000500000007450581,0.0007));
#2930=CARTESIAN_POINT('',(0.,0.000500000007450581,0.));
#2931=CARTESIAN_POINT('',(-0.0052500000782311,0.,0.0007));
#2932=CARTESIAN_POINT('',(0.00450000006705523,-0.000500000007450581,0.));
#2933=CARTESIAN_POINT('',(0.00450000006705523,-0.000500000007450581,0.0007));
#2934=CARTESIAN_POINT('',(0.,-0.000500000007450581,0.));
#2935=CARTESIAN_POINT('',(0.0052500000782311,0.,0.0007));
#2936=CARTESIAN_POINT('',(0.,-1.11022302462516E-18,0.));
#2937=CARTESIAN_POINT('',(0.,-0.0040098821840748,0.));
#2938=CARTESIAN_POINT('',(0.,0.00400988218407465,0.));
#2939=CARTESIAN_POINT('',(0.00326399405590042,-0.00400988216701529,1.08154231166706E-20));
#2940=CARTESIAN_POINT('',(-0.00326399405590042,-0.00400988216701529,-1.08154231167017E-20));
#2941=CARTESIAN_POINT('',(0.00326399405590042,-0.00424322953483446,1.08154231166706E-20));
#2942=CARTESIAN_POINT('',(-0.00326399405590042,-0.00424322953483446,-1.08154231167017E-20));
#2943=CARTESIAN_POINT('',(0.00326399405590042,-0.0045511102708803,3.86425310794461E-5));
#2944=CARTESIAN_POINT('',(-0.00326399405590042,-0.0045511102708803,3.86425310794461E-5));
#2945=CARTESIAN_POINT('',(0.00326399405590042,-0.00481475797005319,0.000185501342142837));
#2946=CARTESIAN_POINT('',(-0.00326399405590042,-0.00481475797005319,0.000185501342142837));
#2947=CARTESIAN_POINT('',(0.00326399405590042,-0.00496122873283339,0.00044738287744877));
#2948=CARTESIAN_POINT('',(-0.00326399405590042,-0.00496122873283339,0.00044738287744877));
#2949=CARTESIAN_POINT('',(0.00326399405590042,-0.00500000007450581,0.000756602125842054));
#2950=CARTESIAN_POINT('',(-0.00326399405590042,-0.00500000007450581,0.000756602125842054));
#2951=CARTESIAN_POINT('',(0.00326399405590042,-0.00500000007450581,0.000989949493661166));
#2952=CARTESIAN_POINT('',(-0.00326399405590042,-0.00500000007450581,0.000989949493661166));
#2953=CARTESIAN_POINT('',(-0.00322529050689152,-0.00500000007450581,0.000989949493661166));
#2954=CARTESIAN_POINT('',(-0.00107509683563069,-0.00500000007450581,0.000989949493661166));
#2955=CARTESIAN_POINT('',(0.00107509683563015,-0.00500000007450581,0.000989949493661166));
#2956=CARTESIAN_POINT('',(0.00322529050689098,-0.00500000007450581,0.000989949493661166));
#2957=CARTESIAN_POINT('',(0.00326399405590041,0.00500000007450581,0.000989949493661166));
#2958=CARTESIAN_POINT('',(-0.00326399405590042,0.00500000007450581,0.000989949493661166));
#2959=CARTESIAN_POINT('',(0.00326399405590041,0.00500000007450581,0.000756602124378326));
#2960=CARTESIAN_POINT('',(-0.00326399405590042,0.00500000007450581,0.000756602124378326));
#2961=CARTESIAN_POINT('',(0.00326399405590041,0.00496133021040659,0.000448826290008211));
#2962=CARTESIAN_POINT('',(-0.00326399405590042,0.00496133021040659,0.000448826290008211));
#2963=CARTESIAN_POINT('',(0.00326399405590041,0.0048144471026794,0.000185190766823845));
#2964=CARTESIAN_POINT('',(-0.00326399405590042,0.0048144471026794,0.000185190766823845));
#2965=CARTESIAN_POINT('',(0.00326399405590041,0.00455255553641365,3.87435222340104E-5));
#2966=CARTESIAN_POINT('',(-0.00326399405590042,0.00455255553641365,3.87435222340104E-5));
#2967=CARTESIAN_POINT('',(0.00326399405590041,0.00424322951873345,-6.48288428047852E-21));
#2968=CARTESIAN_POINT('',(-0.00326399405590042,0.00424322951873345,6.48288428047671E-21));
#2969=CARTESIAN_POINT('',(0.00326399405590041,0.00400988214945056,-6.48288428047852E-21));
#2970=CARTESIAN_POINT('',(-0.00326399405590042,0.00400988214945056,6.48288428047671E-21));
#2971=CARTESIAN_POINT('',(0.00322529050689152,0.00500000007450581,0.000989949493661166));
#2972=CARTESIAN_POINT('',(0.00107509683563068,0.00500000007450581,0.000989949493661166));
#2973=CARTESIAN_POINT('',(-0.00107509683563015,0.00500000007450581,0.000989949493661166));
#2974=CARTESIAN_POINT('',(-0.00322529050689098,0.00500000007450581,0.000989949493661166));
#2975=CARTESIAN_POINT('',(0.00322529056907156,0.00500000007450581,0.));
#2976=CARTESIAN_POINT('',(-0.00322529056907156,0.00500000007450581,0.));
#2977=CARTESIAN_POINT('',(-0.00322529056907156,0.00500000007450581,0.017));
#2978=CARTESIAN_POINT('',(0.,0.00500000007450581,0.017));
#2979=CARTESIAN_POINT('',(0.00322529056907156,0.00500000007450581,0.017));
#2980=CARTESIAN_POINT('',(0.00322529056907156,0.00500000007450581,0.));
#2981=CARTESIAN_POINT('',(0.,0.,0.));
#2982=CARTESIAN_POINT('',(-0.00322529056907156,-0.00500000007450581,0.));
#2983=CARTESIAN_POINT('',(-0.00322529056907156,-0.00500000007450581,0.017));
#2984=CARTESIAN_POINT('',(0.,0.,0.017));
#2985=CARTESIAN_POINT('',(-0.00337527776634753,-0.0049,0.017));
#2986=CARTESIAN_POINT('',(0.,0.,0.017));
#2987=CARTESIAN_POINT('',(-0.00595,0.,0.017));
#2988=CARTESIAN_POINT('',(0.,0.,0.017));
#2989=CARTESIAN_POINT('',(-0.00337527776634753,0.0049,0.017));
#2990=CARTESIAN_POINT('',(0.,0.,0.017));
#2991=CARTESIAN_POINT('',(0.,0.,0.));
#2992=CARTESIAN_POINT('',(0.,0.,0.017));
#2993=CARTESIAN_POINT('',(0.00337527776634753,0.0049,0.017));
#2994=CARTESIAN_POINT('',(0.,0.,0.017));
#2995=CARTESIAN_POINT('',(0.00595,0.,0.017));
#2996=CARTESIAN_POINT('',(0.,0.,0.017));
#2997=CARTESIAN_POINT('',(0.00337527776634753,-0.0049,0.017));
#2998=CARTESIAN_POINT('',(0.,0.,0.017));
#2999=CARTESIAN_POINT('',(0.00322529056907156,-0.00500000007450581,0.017));
#3000=CARTESIAN_POINT('',(0.00322529056907156,-0.00500000007450581,0.));
#3001=CARTESIAN_POINT('',(-0.00322529056907156,-0.00500000007450581,0.));
#3002=CARTESIAN_POINT('',(0.,-0.00500000007450581,0.017));
#3003=CARTESIAN_POINT('',(-0.00080000001490116,-0.00500000007450581,0.00675000009313226));
#3004=CARTESIAN_POINT('',(-0.00080000001490116,-0.00500000007450581,0.00480000007450581));
#3005=CARTESIAN_POINT('',(-0.00080000001490116,-0.00500000007450581,0.0127000001862645));
#3006=CARTESIAN_POINT('',(-0.00211264529198636,-0.00500000007450581,0.00480000007450581));
#3007=CARTESIAN_POINT('',(-0.00220000002980232,-0.00500000007450581,0.00480000007450581));
#3008=CARTESIAN_POINT('',(-0.00220000002980232,-0.00500000007450581,0.0030000000372529));
#3009=CARTESIAN_POINT('',(-0.00220000002980232,-0.00500000007450581,0.0127000001862645));
#3010=CARTESIAN_POINT('',(-0.00261264529943694,-0.00500000007450581,0.0127000001862645));
#3011=CARTESIAN_POINT('',(-0.000612645269634618,-0.00500000007450581,0.00480000007450581));
#3012=CARTESIAN_POINT('',(0.000800000014901162,-0.00500000007450581,0.00480000007450581));
#3013=CARTESIAN_POINT('',(0.00220000002980232,-0.00500000007450581,0.00480000007450581));
#3014=CARTESIAN_POINT('',(0.000800000014901161,-0.00500000007450581,0.0030000000372529));
#3015=CARTESIAN_POINT('',(0.000800000014901161,-0.00500000007450581,0.0127000001862645));
#3016=CARTESIAN_POINT('',(-0.0011126452770852,-0.00500000007450581,0.0127000001862645));
#3017=CARTESIAN_POINT('',(0.00220000002980232,-0.00500000007450581,0.0127000001862645));
#3018=CARTESIAN_POINT('',(0.00220000002980232,-0.00500000007450581,0.00675000009313226));
#3019=CARTESIAN_POINT('',(0.,-1.11022302462516E-18,0.017));
#3020=CARTESIAN_POINT('',(0.00595,0.0049,0.017));
#3021=CARTESIAN_POINT('',(-0.000612645269634618,-0.00480000007450581,0.00480000007450581));
#3022=CARTESIAN_POINT('',(0.00220000002980232,-0.00500000007450581,0.00480000007450581));
#3023=CARTESIAN_POINT('',(0.00209528027468264,-0.00500000007450581,0.00490471982962547));
#3024=CARTESIAN_POINT('',(0.00200000002980232,-0.00490471982962546,0.00500000007450581));
#3025=CARTESIAN_POINT('',(0.00200000002980232,-0.00480000007450581,0.00500000007450581));
#3026=CARTESIAN_POINT('',(0.00200000002980232,-0.00480000007450581,0.00500000007450581));
#3027=CARTESIAN_POINT('',(-0.000612645269634618,-0.00480000007450581,0.00500000007450581));
#3028=CARTESIAN_POINT('',(0.00100000001490116,-0.00480000007450581,0.00500000007450581));
#3029=CARTESIAN_POINT('',(0.000800000014901162,-0.00500000007450581,0.00480000007450581));
#3030=CARTESIAN_POINT('',(0.000904719770020827,-0.00500000007450581,0.00490471982962549));
#3031=CARTESIAN_POINT('',(0.00100000001490116,-0.00490471982962547,0.00500000007450581));
#3032=CARTESIAN_POINT('',(0.00100000001490116,-0.00480000007450581,0.00500000007450581));
#3033=CARTESIAN_POINT('',(0.00220000002980232,-0.00480000007450581,0.00675000009313226));
#3034=CARTESIAN_POINT('',(0.00220000002980232,-0.00500000007450581,0.0127000001862645));
#3035=CARTESIAN_POINT('',(0.00209528027468266,-0.00500000007450581,0.0125952804311448));
#3036=CARTESIAN_POINT('',(0.00200000002980232,-0.00490471982962548,0.0125000001862645));
#3037=CARTESIAN_POINT('',(0.00200000002980232,-0.00480000007450581,0.0125000001862645));
#3038=CARTESIAN_POINT('',(0.00200000002980232,-0.00480000007450581,0.0125000001862645));
#3039=CARTESIAN_POINT('',(0.00200000002980232,-0.00480000007450581,0.00675000009313226));
#3040=CARTESIAN_POINT('',(0.000800000014901162,-0.00480000007450581,0.0030000000372529));
#3041=CARTESIAN_POINT('',(0.00100000001490116,-0.00480000007450581,0.0030000000372529));
#3042=CARTESIAN_POINT('',(0.00100000001490116,-0.00480000007450581,0.0125000001862645));
#3043=CARTESIAN_POINT('',(0.00100000001490116,-0.00480000007450581,0.0125000001862645));
#3044=CARTESIAN_POINT('',(0.00100000001490116,-0.00490471982962547,0.0125000001862645));
#3045=CARTESIAN_POINT('',(0.000904719770020825,-0.00500000007450581,0.0125952804311449));
#3046=CARTESIAN_POINT('',(0.00080000001490116,-0.00500000007450581,0.0127000001862645));
#3047=CARTESIAN_POINT('',(-0.0011126452770852,-0.00480000007450581,0.0127000001862645));
#3048=CARTESIAN_POINT('',(-0.0011126452770852,-0.00480000007450581,0.0125000001862645));
#3049=CARTESIAN_POINT('',(0.00100000001490116,-0.00500000007450581,0.00500000007450581));
#3050=CARTESIAN_POINT('',(0.00100000001490116,-0.00500000007450581,0.00500000007450581));
#3051=CARTESIAN_POINT('',(0.00100000001490116,-0.00450000007450581,0.00500000007450581));
#3052=CARTESIAN_POINT('',(0.00100000001490116,-0.00450000007450581,0.00500000007450581));
#3053=CARTESIAN_POINT('',(0.00100000001490116,-0.00450000007450581,0.0125000001862645));
#3054=CARTESIAN_POINT('',(0.00100000001490116,-0.00500000007450581,0.0125000001862645));
#3055=CARTESIAN_POINT('',(0.00200000002980232,-0.00500000007450581,0.00500000007450581));
#3056=CARTESIAN_POINT('',(0.00200000002980232,-0.00500000007450581,0.00500000007450581));
#3057=CARTESIAN_POINT('',(0.00200000002980232,-0.00450000007450581,0.00500000007450581));
#3058=CARTESIAN_POINT('',(0.00200000002980232,-0.00450000007450581,0.00500000007450581));
#3059=CARTESIAN_POINT('',(-0.00080000001490116,-0.00480000007450581,0.00675000009313226));
#3060=CARTESIAN_POINT('',(-0.00080000001490116,-0.00500000007450581,0.0127000001862645));
#3061=CARTESIAN_POINT('',(-0.000904719770020825,-0.00500000007450581,0.0125952804311448));
#3062=CARTESIAN_POINT('',(-0.00100000001490116,-0.00490471982962548,0.0125000001862645));
#3063=CARTESIAN_POINT('',(-0.00100000001490116,-0.00480000007450581,0.0125000001862645));
#3064=CARTESIAN_POINT('',(-0.00100000001490116,-0.00480000007450581,0.0125000001862645));
#3065=CARTESIAN_POINT('',(-0.00100000001490116,-0.00480000007450581,0.00675000009313226));
#3066=CARTESIAN_POINT('',(-0.00100000001490116,-0.00480000007450581,0.00500000007450581));
#3067=CARTESIAN_POINT('',(-0.00100000001490116,-0.00480000007450581,0.00500000007450581));
#3068=CARTESIAN_POINT('',(-0.00100000001490116,-0.00490471982962547,0.00500000007450581));
#3069=CARTESIAN_POINT('',(-0.000904719770020809,-0.00500000007450581,0.00490471982962549));
#3070=CARTESIAN_POINT('',(-0.00080000001490116,-0.00500000007450581,0.00480000007450581));
#3071=CARTESIAN_POINT('',(-0.00261264529943694,-0.00480000007450581,0.0127000001862645));
#3072=CARTESIAN_POINT('',(-0.00220000002980232,-0.00500000007450581,0.0127000001862645));
#3073=CARTESIAN_POINT('',(-0.00209528027468266,-0.00500000007450581,0.0125952804311448));
#3074=CARTESIAN_POINT('',(-0.00200000002980232,-0.00490471982962547,0.0125000001862645));
#3075=CARTESIAN_POINT('',(-0.00200000002980232,-0.00480000007450581,0.0125000001862645));
#3076=CARTESIAN_POINT('',(-0.00200000002980232,-0.00480000007450581,0.0125000001862645));
#3077=CARTESIAN_POINT('',(-0.00261264529943694,-0.00480000007450581,0.0125000001862645));
#3078=CARTESIAN_POINT('',(-0.00220000002980232,-0.00480000007450581,0.0030000000372529));
#3079=CARTESIAN_POINT('',(-0.00200000002980232,-0.00480000007450581,0.0030000000372529));
#3080=CARTESIAN_POINT('',(-0.00200000002980232,-0.00480000007450581,0.00500000007450581));
#3081=CARTESIAN_POINT('',(-0.00220000002980232,-0.00500000007450581,0.00480000007450581));
#3082=CARTESIAN_POINT('',(-0.00209528027468266,-0.00500000007450581,0.00490471982962549));
#3083=CARTESIAN_POINT('',(-0.00200000002980232,-0.00490471982962547,0.00500000007450581));
#3084=CARTESIAN_POINT('',(-0.00200000002980232,-0.00480000007450581,0.00500000007450581));
#3085=CARTESIAN_POINT('',(-0.00211264529198636,-0.00480000007450581,0.00480000007450581));
#3086=CARTESIAN_POINT('',(-0.00211264529198636,-0.00480000007450581,0.00500000007450581));
#3087=CARTESIAN_POINT('',(-0.00100000001490116,-0.00500000007450581,0.00500000007450581));
#3088=CARTESIAN_POINT('',(-0.00100000001490116,-0.00500000007450581,0.00500000007450581));
#3089=CARTESIAN_POINT('',(-0.00100000001490116,-0.00450000007450581,0.00500000007450581));
#3090=CARTESIAN_POINT('',(-0.00100000001490116,-0.00450000007450581,0.00500000007450581));
#3091=CARTESIAN_POINT('',(-0.00200000002980232,-0.00450000007450581,0.00500000007450581));
#3092=CARTESIAN_POINT('',(-0.00200000002980232,-0.00500000007450581,0.00500000007450581));
#3093=CARTESIAN_POINT('',(-0.00100000001490116,-0.00500000007450581,0.0125000001862645));
#3094=CARTESIAN_POINT('',(-0.00100000001490116,-0.00500000007450581,0.0125000001862645));
#3095=CARTESIAN_POINT('',(-0.00100000001490116,-0.00450000007450581,0.0125000001862645));
#3096=CARTESIAN_POINT('',(-0.00100000001490116,-0.00450000007450581,0.0125000001862645));
#3097=CARTESIAN_POINT('',(0.00200000002980232,-0.00500000007450581,0.0125000001862645));
#3098=CARTESIAN_POINT('',(0.00200000002980232,-0.00500000007450581,0.0125000001862645));
#3099=CARTESIAN_POINT('',(0.00200000002980232,-0.00450000007450581,0.0125000001862645));
#3100=CARTESIAN_POINT('',(0.00200000002980232,-0.00450000007450581,0.0125000001862645));
#3101=CARTESIAN_POINT('',(0.00100000001490116,-0.00500000007450581,0.0125000001862645));
#3102=CARTESIAN_POINT('',(0.00100000001490116,-0.00450000007450581,0.0125000001862645));
#3103=CARTESIAN_POINT('',(0.00150000002235174,-0.00450000007450581,0.00875000013038516));
#3104=CARTESIAN_POINT('',(-0.00200000002980232,-0.00500000007450581,0.0125000001862645));
#3105=CARTESIAN_POINT('',(-0.00200000002980232,-0.00500000007450581,0.0125000001862645));
#3106=CARTESIAN_POINT('',(-0.00200000002980232,-0.00450000007450581,0.0125000001862645));
#3107=CARTESIAN_POINT('',(-0.00200000002980232,-0.00450000007450581,0.0125000001862645));
#3108=CARTESIAN_POINT('',(-0.00200000002980232,-0.00500000007450581,0.00500000007450581));
#3109=CARTESIAN_POINT('',(-0.00200000002980232,-0.00450000007450581,0.00500000007450581));
#3110=CARTESIAN_POINT('',(-0.00150000002235174,-0.00450000007450581,0.00875000013038516));
#3111=CARTESIAN_POINT('',(0.,-1.11022302462516E-18,0.017));
#3112=CARTESIAN_POINT('',(-0.00595,-0.0049,0.017));
#3113=CARTESIAN_POINT('',(0.,0.,0.017));
#3114=CARTESIAN_POINT('',(0.00595,0.0049,0.017));
#3115=CARTESIAN_POINT('',(-0.00545,0.0049,0.017));
#3116=CARTESIAN_POINT('',(-0.00595,0.0049,0.017));
#3117=CARTESIAN_POINT('',(-0.00595,0.0044,0.017));
#3118=CARTESIAN_POINT('',(-0.00545,0.0044,0.017));
#3119=CARTESIAN_POINT('',(0.,0.,0.017));
#3120=CARTESIAN_POINT('',(-0.00595,0.0049,0.017));
#3121=CARTESIAN_POINT('',(-0.00595,-0.0044,0.017));
#3122=CARTESIAN_POINT('',(-0.00595,-0.0049,0.017));
#3123=CARTESIAN_POINT('',(-0.00545,-0.0049,0.017));
#3124=CARTESIAN_POINT('',(-0.00545,-0.0044,0.017));
#3125=CARTESIAN_POINT('',(0.,0.,0.017));
#3126=CARTESIAN_POINT('',(-0.00595,-0.0049,0.017));
#3127=CARTESIAN_POINT('',(0.00545,-0.0049,0.017));
#3128=CARTESIAN_POINT('',(0.00595,-0.0049,0.017));
#3129=CARTESIAN_POINT('',(0.00595,-0.0044,0.017));
#3130=CARTESIAN_POINT('',(0.00545,-0.0044,0.017));
#3131=CARTESIAN_POINT('',(0.,0.,0.017));
#3132=CARTESIAN_POINT('',(0.00595,-0.0049,0.017));
#3133=CARTESIAN_POINT('',(0.00595,0.0044,0.017));
#3134=CARTESIAN_POINT('',(0.00595,0.0049,0.017));
#3135=CARTESIAN_POINT('',(0.00545,0.0049,0.017));
#3136=CARTESIAN_POINT('',(0.00545,0.0044,0.017));
#3137=CARTESIAN_POINT('',(-0.00400000005960464,-0.00300000004470348,0.0175));
#3138=CARTESIAN_POINT('',(-0.00400000005960464,-0.00300000004470348,0.0175));
#3139=CARTESIAN_POINT('',(-0.00275000005960464,-0.00300000004470348,0.0175));
#3140=CARTESIAN_POINT('',(-0.00400000005960464,-0.00300000004470348,0.0205));
#3141=CARTESIAN_POINT('',(-0.00275000005960464,-0.00300000004470348,0.0205));
#3142=CARTESIAN_POINT('',(0.00400000005960464,0.00300000004470348,0.0258));
#3143=CARTESIAN_POINT('',(0.00400000005960464,0.00300000004470348,0.0253));
#3144=CARTESIAN_POINT('',(0.00292500005960464,0.00300000004470348,0.0253));
#3145=CARTESIAN_POINT('',(0.00400000005960464,0.00300000004470348,0.0173));
#3146=CARTESIAN_POINT('',(0.00292500005960464,0.00300000004470348,0.0173));
#3147=CARTESIAN_POINT('',(0.00400000005960464,0.00300000004470348,0.0175));
#3148=CARTESIAN_POINT('',(0.00400000005960464,0.00300000004470348,0.0175));
#3149=CARTESIAN_POINT('',(0.00525000005960464,0.00300000004470348,0.0175));
#3150=CARTESIAN_POINT('',(0.00400000005960464,0.00300000004470348,0.0205));
#3151=CARTESIAN_POINT('',(0.00525000005960464,0.00300000004470348,0.0205));
#3152=CARTESIAN_POINT('',(-0.000500000014901161,0.000500000014901161,0.021));
#3153=CARTESIAN_POINT('',(-0.000500000014901161,0.000500000014901161,0.021));
#3154=CARTESIAN_POINT('',(-0.000500000014901161,0.00100000001490116,0.021));
#3155=CARTESIAN_POINT('',(-0.00100000001490116,0.000500000014901161,0.021));
#3156=CARTESIAN_POINT('',(-0.00100000001490116,0.000500000014901161,0.021));
#3157=CARTESIAN_POINT('',(-0.00100000001490116,0.000500000014901161,0.0205));
#3158=CARTESIAN_POINT('',(-0.000500000014901161,0.000500000014901161,0.0205));
#3159=CARTESIAN_POINT('',(-0.000500000014901161,0.00100000001490116,0.0205));
#3160=CARTESIAN_POINT('',(-0.000500000014901161,0.00100000001490116,0.021));
#3161=CARTESIAN_POINT('',(-0.00100000001490116,-0.0049,0.021));
#3162=CARTESIAN_POINT('',(-0.00100000001490116,0.,0.021));
#3163=CARTESIAN_POINT('',(-0.00100000001490116,-0.0044,0.021));
#3164=CARTESIAN_POINT('',(-0.00100000001490116,-0.0044,0.02075));
#3165=CARTESIAN_POINT('',(-0.00100000001490116,-0.0044,0.0205));
#3166=CARTESIAN_POINT('',(-0.00100000001490116,0.,0.0205));
#3167=CARTESIAN_POINT('',(-0.00150000001490116,-0.0044,0.02075));
#3168=CARTESIAN_POINT('',(-0.00150000001490116,-0.0044,0.021));
#3169=CARTESIAN_POINT('',(-0.00150000001490116,-0.0049,0.021));
#3170=CARTESIAN_POINT('',(-0.00150000001490116,-0.0049,0.02075));
#3171=CARTESIAN_POINT('',(-0.00150000001490116,-0.0049,0.0205));
#3172=CARTESIAN_POINT('',(-0.00150000001490116,-0.0044,0.0205));
#3173=CARTESIAN_POINT('',(0.,0.,0.0205));
#3174=CARTESIAN_POINT('',(-0.00595,-0.0049,0.0205));
#3175=CARTESIAN_POINT('',(-0.00545,-0.0049,0.0205));
#3176=CARTESIAN_POINT('',(-0.00545,-0.0044,0.0205));
#3177=CARTESIAN_POINT('',(-0.00595,-0.0044,0.0205));
#3178=CARTESIAN_POINT('',(-0.00595,0.0049,0.0205));
#3179=CARTESIAN_POINT('',(-0.00595,0.0044,0.0205));
#3180=CARTESIAN_POINT('',(-0.00545,0.0044,0.0205));
#3181=CARTESIAN_POINT('',(-0.00545,0.0049,0.0205));
#3182=CARTESIAN_POINT('',(0.00595,0.0049,0.0205));
#3183=CARTESIAN_POINT('',(0.00545,0.0049,0.0205));
#3184=CARTESIAN_POINT('',(0.00545,0.0044,0.0205));
#3185=CARTESIAN_POINT('',(0.00595,0.0044,0.0205));
#3186=CARTESIAN_POINT('',(0.00595,-0.0049,0.0205));
#3187=CARTESIAN_POINT('',(0.00595,0.00150000001490116,0.0205));
#3188=CARTESIAN_POINT('',(0.00545,0.00150000001490116,0.0205));
#3189=CARTESIAN_POINT('',(0.00545,0.00100000001490116,0.0205));
#3190=CARTESIAN_POINT('',(0.,0.00100000001490116,0.0205));
#3191=CARTESIAN_POINT('',(0.00545,0.00150000001490116,0.02075));
#3192=CARTESIAN_POINT('',(0.00595,0.00150000001490116,0.02075));
#3193=CARTESIAN_POINT('',(0.00595,0.00150000001490116,0.021));
#3194=CARTESIAN_POINT('',(0.00545,0.00150000001490116,0.021));
#3195=CARTESIAN_POINT('',(0.00545,0.00100000001490116,0.021));
#3196=CARTESIAN_POINT('',(0.00545,0.00100000001490116,0.02075));
#3197=CARTESIAN_POINT('',(-0.00100000001490116,0.00100000001490116,0.021));
#3198=CARTESIAN_POINT('',(0.,0.00100000001490116,0.021));
#3199=CARTESIAN_POINT('',(-0.00595,-0.0049,0.0205));
#3200=CARTESIAN_POINT('',(0.,-0.0049,0.021));
#3201=CARTESIAN_POINT('',(-0.00545,-0.0049,0.021));
#3202=CARTESIAN_POINT('',(-0.00545,-0.0049,0.0205));
#3203=CARTESIAN_POINT('',(0.,0.,0.021));
#3204=CARTESIAN_POINT('',(0.00400000005960464,0.00300000004470348,0.021));
#3205=CARTESIAN_POINT('',(0.00525000005960464,0.00300000004470348,0.021));
#3206=CARTESIAN_POINT('',(-0.00400000005960464,-0.00300000004470348,0.021));
#3207=CARTESIAN_POINT('',(-0.00275000005960464,-0.00300000004470348,0.021));
#3208=CARTESIAN_POINT('',(0.00595,0.,0.021));
#3209=CARTESIAN_POINT('',(0.00595,0.0044,0.021));
#3210=CARTESIAN_POINT('',(0.00545,0.0044,0.021));
#3211=CARTESIAN_POINT('',(0.00545,0.0049,0.021));
#3212=CARTESIAN_POINT('',(0.,0.0049,0.021));
#3213=CARTESIAN_POINT('',(-0.00545,0.0049,0.021));
#3214=CARTESIAN_POINT('',(-0.00545,0.0044,0.021));
#3215=CARTESIAN_POINT('',(-0.00595,0.0044,0.021));
#3216=CARTESIAN_POINT('',(-0.00595,0.,0.021));
#3217=CARTESIAN_POINT('',(-0.00595,-0.0044,0.021));
#3218=CARTESIAN_POINT('',(-0.00545,-0.0044,0.021));
#3219=CARTESIAN_POINT('',(-0.00545,-0.0044,0.0205));
#3220=CARTESIAN_POINT('',(-0.00595,-0.0044,0.0205));
#3221=CARTESIAN_POINT('',(-0.00595,0.0049,0.0205));
#3222=CARTESIAN_POINT('',(-0.00595,0.0044,0.0205));
#3223=CARTESIAN_POINT('',(-0.00545,0.0044,0.0205));
#3224=CARTESIAN_POINT('',(-0.00545,0.0049,0.0205));
#3225=CARTESIAN_POINT('',(0.00595,0.0049,0.0205));
#3226=CARTESIAN_POINT('',(0.00545,0.0049,0.0205));
#3227=CARTESIAN_POINT('',(0.00545,0.0044,0.0205));
#3228=CARTESIAN_POINT('',(0.00595,0.0044,0.0205));
#3229=CARTESIAN_POINT('',(0.00595,-0.0049,0.0205));
#3230=CARTESIAN_POINT('',(0.00400000005960464,0.00300000004470348,0.021));
#3231=CARTESIAN_POINT('',(0.00400000005960464,0.00300000004470348,0.0253));
#3232=CARTESIAN_POINT('',(0.00525000005960464,0.00300000004470348,0.0253));
#3233=CARTESIAN_POINT('',(-0.00400000005960464,-0.00300000004470348,0.021));
#3234=CARTESIAN_POINT('',(-0.00400000005960464,-0.00300000004470348,0.0253));
#3235=CARTESIAN_POINT('',(-0.00275000005960464,-0.00300000004470348,0.0253));
#3236=CARTESIAN_POINT('',(-0.00400000005960464,-0.00300000004470348,0.02555));
#3237=CARTESIAN_POINT('',(-0.00400000005960464,-0.00300000004470348,0.0253));
#3238=CARTESIAN_POINT('',(-0.00507500005960464,-0.00300000004470348,0.0253));
#3239=CARTESIAN_POINT('',(-0.00400000005960464,-0.00300000004470348,0.0258));
#3240=CARTESIAN_POINT('',(-0.00267500005960464,-0.00300000004470348,0.0258));
#3241=CARTESIAN_POINT('',(0.,0.,0.0258));
#3242=CARTESIAN_POINT('',(-0.00545,-0.0044,0.0258));
#3243=CARTESIAN_POINT('',(-0.00545,-0.0049,0.0258));
#3244=CARTESIAN_POINT('',(-0.00595,-0.0044,0.0258));
#3245=CARTESIAN_POINT('',(0.,-0.0049,0.0258));
#3246=CARTESIAN_POINT('',(0.00545,-0.0049,0.0258));
#3247=CARTESIAN_POINT('',(0.00545,-0.0044,0.0258));
#3248=CARTESIAN_POINT('',(0.00595,-0.0044,0.0258));
#3249=CARTESIAN_POINT('',(0.00595,0.,0.0258));
#3250=CARTESIAN_POINT('',(0.00595,0.0044,0.0258));
#3251=CARTESIAN_POINT('',(0.00545,0.0044,0.0258));
#3252=CARTESIAN_POINT('',(0.00545,0.0049,0.0258));
#3253=CARTESIAN_POINT('',(0.,0.0049,0.0258));
#3254=CARTESIAN_POINT('',(-0.00545,0.0049,0.0258));
#3255=CARTESIAN_POINT('',(-0.00545,0.0044,0.0258));
#3256=CARTESIAN_POINT('',(-0.00595,0.0044,0.0258));
#3257=CARTESIAN_POINT('',(-0.00595,0.,0.0258));
#3258=CARTESIAN_POINT('',(0.00400000005960464,0.00300000004470348,0.0258));
#3259=CARTESIAN_POINT('',(0.00532500005960464,0.00300000004470348,0.0258));
#3260=CARTESIAN_POINT('',(0.00156614131351432,0.00157221054070188,0.0258));
#3261=CARTESIAN_POINT('',(0.0022170625595788,-1.02729453677441E-6,0.0258));
#3262=CARTESIAN_POINT('',(0.00156560844817048,-0.00156810136255503,0.0258));
#3263=CARTESIAN_POINT('',(-1.34359640151493E-6,-0.0022193982175023,0.0258));
#3264=CARTESIAN_POINT('',(-0.00156599151452796,-0.00156475387168379,0.0258));
#3265=CARTESIAN_POINT('',(-0.00221346260898058,-1.77142393299559E-6,0.0258));
#3266=CARTESIAN_POINT('',(-0.00157044372575263,0.00156324974992136,0.0258));
#3267=CARTESIAN_POINT('',(-3.16865025588211E-6,0.0022135929530585,0.0258));
#3268=CARTESIAN_POINT('',(0.00156614131351432,0.00157221054070188,0.0258));
#3269=CARTESIAN_POINT('',(0.0022170625595788,-1.02729453677441E-6,0.0258));
#3270=CARTESIAN_POINT('',(0.00156560844817048,-0.00156810136255503,0.0258));
#3271=CARTESIAN_POINT('',(0.002,-4.08006961549745E-17,0.0258));
#3272=CARTESIAN_POINT('',(0.00400000005960464,0.00300000004470348,0.02555));
#3273=CARTESIAN_POINT('',(0.,0.,0.0263));
#3274=CARTESIAN_POINT('',(0.00111765103263702,0.00100042799303368,0.0263));
#3275=CARTESIAN_POINT('',(0.00150477559028313,0.000567942932014641,0.0263));
#3276=CARTESIAN_POINT('',(0.00164655538138663,-0.000418188029859692,0.0262999967664677));
#3277=CARTESIAN_POINT('',(0.000862041366004036,-0.00132951190235613,0.0263000006084187));
#3278=CARTESIAN_POINT('',(1.70037174234384E-6,-0.00158491553086595,0.0262999998393698));
#3279=CARTESIAN_POINT('',(-0.000860497826681934,-0.00133082210532013,0.026300000034102));
#3280=CARTESIAN_POINT('',(-0.00164635849244231,-0.000419499703364474,0.0262999999755446));
#3281=CARTESIAN_POINT('',(-0.00150519525763345,0.000566829769439068,0.0263000000199712));
#3282=CARTESIAN_POINT('',(-0.0011183906934538,0.000999601048816938,0.0262999999999827));
#3283=CARTESIAN_POINT('',(0.00111770667089402,0.00100047779576115,0.0263));
#3284=CARTESIAN_POINT('',(-0.0011183875395677,0.000999598229925831,0.0263));
#3285=CARTESIAN_POINT('',(0.00111803398874989,0.001,0.0263));
#3286=CARTESIAN_POINT('',(0.0011180339887499,0.001,0.0363));
#3287=CARTESIAN_POINT('',(0.,0.,0.0363));
#3288=CARTESIAN_POINT('',(-0.0011180339887499,0.001,0.0363));
#3289=CARTESIAN_POINT('',(-0.0011180339887499,0.001,0.0263));
#3290=CARTESIAN_POINT('',(0.0011180339887499,0.001,0.0263));
#3291=CARTESIAN_POINT('',(0.0011180339887499,0.001,0.0263));
#3292=CARTESIAN_POINT('',(0.,0.001,0.0363));
#3293=CARTESIAN_POINT('',(0.,9.45233786754013E-6,0.0363));
#3294=CARTESIAN_POINT('',(0.,0.,0.0263));
#3295=CARTESIAN_POINT('',(0.00111737738801768,0.00100089393123997,0.0263));
#3296=CARTESIAN_POINT('',(0.00083653923027536,0.00131969442169301,0.0263));
#3297=CARTESIAN_POINT('',(-9.02968085523365E-7,0.00168212635610431,0.0263));
#3298=CARTESIAN_POINT('',(-0.000835124659373167,0.00131092751218528,0.0263));
#3299=CARTESIAN_POINT('',(-0.00111802825131146,0.000999996564479766,0.0263));
#3300=CARTESIAN_POINT('',(0.00148744039484242,-6.08710389760973E-18,0.0263));
#3301=CARTESIAN_POINT('',(0.00148744039484242,2.47931695277721E-8,0.0263));
#3302=CARTESIAN_POINT('',(0.00148744039418015,4.95863348908566E-8,0.0263));
#3303=CARTESIAN_POINT('',(0.00148744039285564,7.43794960544119E-8,0.0263));
#3304=CARTESIAN_POINT('',(0.00148741661666925,0.000445133074829164,0.0263));
#3305=CARTESIAN_POINT('',(0.00106055852727605,0.0013325687247139,0.0263));
#3306=CARTESIAN_POINT('',(-0.000378697157382893,0.00165758334102189,0.0263));
#3307=CARTESIAN_POINT('',(-0.00153710352894404,0.000739249528066485,0.0263));
#3308=CARTESIAN_POINT('',(-0.00153193782729405,-0.000737894329406301,0.0263));
#3309=CARTESIAN_POINT('',(-0.000380076188011186,-0.00166361955703223,0.0263));
#3310=CARTESIAN_POINT('',(0.00106079683848912,-0.00132930311890823,0.0263));
#3311=CARTESIAN_POINT('',(0.00148744039484227,-0.000445083638756772,0.0263));
#3312=CARTESIAN_POINT('',(0.00148744039484227,1.84704091219401E-17,0.0263));
#3313=CARTESIAN_POINT('',(0.00149162692989504,-6.27273290273688E-18,0.0263));
#3314=CARTESIAN_POINT('',(0.00149162692989504,2.48621130162813E-8,0.0263));
#3315=CARTESIAN_POINT('',(0.00149162692923089,4.97242218747205E-8,0.0263));
#3316=CARTESIAN_POINT('',(0.00149162692790261,7.45863265402087E-8,0.0263));
#3317=CARTESIAN_POINT('',(0.0014916030841232,0.00044637087717317,0.0263));
#3318=CARTESIAN_POINT('',(0.0010635314858432,0.00133628602668341,0.0263));
#3319=CARTESIAN_POINT('',(-0.000379739030573334,0.00166220833272187,0.0263));
#3320=CARTESIAN_POINT('',(-0.001541374411485,0.000741310873946579,0.0263));
#3321=CARTESIAN_POINT('',(-0.00153620251758612,-0.000739953517771645,0.0263));
#3322=CARTESIAN_POINT('',(-0.000381117264550924,-0.00166825496982596,0.0263));
#3323=CARTESIAN_POINT('',(0.00106377252938861,-0.00133301430218584,0.0263));
#3324=CARTESIAN_POINT('',(0.00149162692989488,-0.000446321302976144,0.0263));
#3325=CARTESIAN_POINT('',(0.00149162692989488,1.85354809484635E-17,0.0263));
#3326=CARTESIAN_POINT('',(0.00149581346494765,-6.45836190786402E-18,0.0263));
#3327=CARTESIAN_POINT('',(0.00149581346494765,2.49310565047905E-8,0.0263));
#3328=CARTESIAN_POINT('',(0.00149581346428162,4.98621088585843E-8,0.0263));
#3329=CARTESIAN_POINT('',(0.00149581346294958,7.47931570260055E-8,0.0263));
#3330=CARTESIAN_POINT('',(0.00149578955157714,0.000447608679517175,0.0263));
#3331=CARTESIAN_POINT('',(0.00106650444441034,0.00134000332865292,0.0263));
#3332=CARTESIAN_POINT('',(-0.000380780903763775,0.00166683332442185,0.0263));
#3333=CARTESIAN_POINT('',(-0.00154564529402595,0.000743372219826675,0.0263));
#3334=CARTESIAN_POINT('',(-0.00154046720787819,-0.000742012706136988,0.0263));
#3335=CARTESIAN_POINT('',(-0.000382158341090661,-0.00167289038261968,0.0263));
#3336=CARTESIAN_POINT('',(0.00106674822028811,-0.00133672548546345,0.0263));
#3337=CARTESIAN_POINT('',(0.0014958134649475,-0.000447558967195517,0.0263));
#3338=CARTESIAN_POINT('',(0.0014958134649475,1.86005527749869E-17,0.0263));
#3339=CARTESIAN_POINT('',(0.00150000000000027,-6.64399091299117E-18,0.0263));
#3340=CARTESIAN_POINT('',(0.00150000000000027,2.49999999932997E-8,0.0263));
#3341=CARTESIAN_POINT('',(0.00149999999933236,4.99999958424481E-8,0.0263));
#3342=CARTESIAN_POINT('',(0.00149999999799655,7.49999875118023E-8,0.0263));
#3343=CARTESIAN_POINT('',(0.00149997601903108,0.00044884648186118,0.0263));
#3344=CARTESIAN_POINT('',(0.00106947740297749,0.00134372063062243,0.0263));
#3345=CARTESIAN_POINT('',(-0.000381822776954216,0.00167145831612183,0.0263));
#3346=CARTESIAN_POINT('',(-0.0015499161765669,0.000745433565706769,0.0263));
#3347=CARTESIAN_POINT('',(-0.00154473189817026,-0.000744071894502332,0.0263));
#3348=CARTESIAN_POINT('',(-0.000383199417630399,-0.0016775257954134,0.0263));
#3349=CARTESIAN_POINT('',(0.00106972391118761,-0.00134043666874106,0.0263));
#3350=CARTESIAN_POINT('',(0.00150000000000012,-0.00044879663141489,0.0263));
#3351=CARTESIAN_POINT('',(0.00150000000000012,1.86656246015104E-17,0.0263));
#3352=CARTESIAN_POINT('',(0.00163468700594051,-1.26159497290563E-17,0.0263));
#3353=CARTESIAN_POINT('',(0.00163468700594051,2.72180136799594E-8,0.0263));
#3354=CARTESIAN_POINT('',(0.00163468700521203,5.44360234359928E-8,0.0263));
#3355=CARTESIAN_POINT('',(0.00163468700375508,8.16540292238675E-8,0.0263));
#3356=CARTESIAN_POINT('',(0.00163466085022226,0.000488668408481777,0.0263));
#3357=CARTESIAN_POINT('',(0.00116512186388866,0.00146331171636681,0.0263));
#3358=CARTESIAN_POINT('',(-0.000415341373795335,0.00182025111893845,0.0263));
#3359=CARTESIAN_POINT('',(-0.00168731676558233,0.000811750102247808,0.0263));
#3360=CARTESIAN_POINT('',(-0.00168193327340831,-0.000810319020612448,0.0263));
#3361=CARTESIAN_POINT('',(-0.000416692385043689,-0.00182665386018221,0.0263));
#3362=CARTESIAN_POINT('',(0.00116545627525952,-0.00145983090714459,0.0263));
#3363=CARTESIAN_POINT('',(0.00163468700594039,-0.000488614114362389,0.0263));
#3364=CARTESIAN_POINT('',(0.00163468700594039,2.07590812130887E-17,0.0263));
#3365=CARTESIAN_POINT('',(0.0018013727954044,-2.06098794456579E-17,0.0262748409580611));
#3366=CARTESIAN_POINT('',(0.0018013727954044,3.00272270874893E-8,0.0262748409580611));
#3367=CARTESIAN_POINT('',(0.00180137279460239,6.0054449115518E-8,0.0262748409580611));
#3368=CARTESIAN_POINT('',(0.00180137279299839,9.00816660286532E-8,0.0262748409580611));
#3369=CARTESIAN_POINT('',(0.00180134399977993,0.000539104606505584,0.0262748409580611));
#3370=CARTESIAN_POINT('',(0.00128441424291261,0.00161386721096195,0.0262748409580612));
#3371=CARTESIAN_POINT('',(-0.000458661131879708,0.00200748912538868,0.0262748409580612));
#3372=CARTESIAN_POINT('',(-0.00186160507326372,0.000895302683357572,0.0262748409580612));
#3373=CARTESIAN_POINT('',(-0.00185533595133322,-0.00089365884836164,0.0262748409580612));
#3374=CARTESIAN_POINT('',(-0.000460338595905761,-0.00201480968187613,0.0262748409580612));
#3375=CARTESIAN_POINT('',(0.00128469959804854,-0.001609907532946,0.0262748409580612));
#3376=CARTESIAN_POINT('',(0.00180137279540433,-0.000539044735075013,0.0262748409580612));
#3377=CARTESIAN_POINT('',(0.00180137279540433,2.33987800902252E-17,0.0262748409580612));
#3378=CARTESIAN_POINT('',(0.00192432383281834,-2.81677624696022E-17,0.0261869831854488));
#3379=CARTESIAN_POINT('',(0.00192432383281834,3.20620615408893E-8,0.0261869831854488));
#3380=CARTESIAN_POINT('',(0.00192432383196126,6.41241180042761E-8,0.0261869831854488));
#3381=CARTESIAN_POINT('',(0.00192432383024713,9.61861693247853E-8,0.0261869831854488));
#3382=CARTESIAN_POINT('',(0.00192429306003079,0.000575637749275223,0.0261869831854488));
#3383=CARTESIAN_POINT('',(0.00137186992210794,0.00172343842971721,0.0261869831854488));
#3384=CARTESIAN_POINT('',(-0.000489547651480348,0.00214380283833059,0.0261869831854488));
#3385=CARTESIAN_POINT('',(-0.00198769965428553,0.000956073202470645,0.0261869831854488));
#3386=CARTESIAN_POINT('',(-0.00198114833103555,-0.000954346087425041,0.0261869831854489));
#3387=CARTESIAN_POINT('',(-0.000491257957450669,-0.00215150840671277,0.0261869831854488));
#3388=CARTESIAN_POINT('',(0.00137221073722815,-0.00171926211823097,0.0261869831854488));
#3389=CARTESIAN_POINT('',(0.00192432383281831,-0.000575573809137691,0.0261869831854488));
#3390=CARTESIAN_POINT('',(0.00192432383281831,2.54805211207466E-17,0.0261869831854488));
#3391=CARTESIAN_POINT('',(0.0019855409725398,-3.43194420459994E-17,0.0260436046221161));
#3392=CARTESIAN_POINT('',(0.0019855409725398,3.30932626264219E-8,0.0260436046221161));
#3393=CARTESIAN_POINT('',(0.00198554097165571,6.61865197727592E-8,0.0260436046221161));
#3394=CARTESIAN_POINT('',(0.00198554096988754,9.92797713663074E-8,0.0260436046221161));
#3395=CARTESIAN_POINT('',(0.0019855092298074,0.000594151780031194,0.0260436046221161));
#3396=CARTESIAN_POINT('',(0.00141567394604482,0.00177871118405552,0.0260436046221161));
#3397=CARTESIAN_POINT('',(-0.000505442632790904,0.00221254330463104,0.0260436046221161));
#3398=CARTESIAN_POINT('',(-0.00205167503730075,0.000986746968569312,0.0260436046221162));
#3399=CARTESIAN_POINT('',(-0.00204480355602591,-0.000984942729672799,0.0260436046221162));
#3400=CARTESIAN_POINT('',(-0.000507269974354503,-0.00222058193805858,0.0260436046221162));
#3401=CARTESIAN_POINT('',(0.00141599800409673,-0.00177436087986914,0.0260436046221162));
#3402=CARTESIAN_POINT('',(0.00198554097253979,-0.000594085792188102,0.0260436046221162));
#3403=CARTESIAN_POINT('',(0.00198554097253979,2.67105954319706E-17,0.0260436046221162));
#3404=CARTESIAN_POINT('',(0.002,-3.83789687242806E-17,0.0259010152544552));
#3405=CARTESIAN_POINT('',(0.002,3.33294145710128E-8,0.0259010152544552));
#3406=CARTESIAN_POINT('',(0.00199999999910937,6.66588237319334E-8,0.0259010152544552));
#3407=CARTESIAN_POINT('',(0.00199999999732811,9.99882274057159E-8,0.0259010152544552));
#3408=CARTESIAN_POINT('',(0.00199996802223211,0.000598391622659595,0.0259010152544552));
#3409=CARTESIAN_POINT('',(0.00142591346135235,0.00179147184223394,0.0259010152544552));
#3410=CARTESIAN_POINT('',(-0.000508984936084338,0.00222842229743211,0.0259010152544552));
#3411=CARTESIAN_POINT('',(-0.0020662960241397,0.000993821109334393,0.0259010152544552));
#3412=CARTESIAN_POINT('',(-0.00205942263408782,-0.00099201328510189,0.0259010152544552));
#3413=CARTESIAN_POINT('',(-0.000510798610314604,-0.00223648159527942,0.0259010152544552));
#3414=CARTESIAN_POINT('',(0.00142625176662759,-0.00178710757576373,0.0259010152544552));
#3415=CARTESIAN_POINT('',(0.002,-0.000598325160150359,0.0259010152544552));
#3416=CARTESIAN_POINT('',(0.002,2.72123693630979E-17,0.0259010152544552));
#3417=CARTESIAN_POINT('',(0.002,-4.08006961549745E-17,0.0258));
#3418=CARTESIAN_POINT('',(0.002,3.33333332924576E-8,0.0258));
#3419=CARTESIAN_POINT('',(0.00199999999910945,6.66666610913221E-8,0.0258));
#3420=CARTESIAN_POINT('',(0.00199999999732837,9.99999833171276E-8,0.0258));
#3421=CARTESIAN_POINT('',(0.00199996802537441,0.000598461975814874,0.0258));
#3422=CARTESIAN_POINT('',(0.00142596987063646,0.00179162750749651,0.0258));
#3423=CARTESIAN_POINT('',(-0.000509097035939039,0.00222861108816236,0.0258));
#3424=CARTESIAN_POINT('',(-0.00206655490208927,0.000993911420942305,0.0258));
#3425=CARTESIAN_POINT('',(-0.00205964253089372,-0.000992095859336425,0.0258));
#3426=CARTESIAN_POINT('',(-0.000510932556840608,-0.00223670106055118,0.0258));
#3427=CARTESIAN_POINT('',(0.00142629854825003,-0.0017872488916547,0.0258));
#3428=CARTESIAN_POINT('',(0.002,-0.000598395508553184,0.0258));
#3429=CARTESIAN_POINT('',(0.002,2.74086309204336E-17,0.0258));
#3430=CARTESIAN_POINT('',(-0.00545,-0.0044,0.0253));
#3431=CARTESIAN_POINT('',(-0.00595,-0.0044,0.0253));
#3432=CARTESIAN_POINT('',(-0.00595,-0.0044,0.0253));
#3433=CARTESIAN_POINT('',(-0.00545,-0.0044,0.0253));
#3434=CARTESIAN_POINT('',(-0.00545,-0.0049,0.0253));
#3435=CARTESIAN_POINT('',(-0.00545,-0.0049,0.0253));
#3436=CARTESIAN_POINT('',(-0.00595,0.0049,0.0253));
#3437=CARTESIAN_POINT('',(-0.00595,0.0044,0.0253));
#3438=CARTESIAN_POINT('',(-0.00595,0.0044,0.0253));
#3439=CARTESIAN_POINT('',(-0.00595,0.0049,0.0253));
#3440=CARTESIAN_POINT('',(-0.00545,0.0044,0.0253));
#3441=CARTESIAN_POINT('',(-0.00545,0.0049,0.0253));
#3442=CARTESIAN_POINT('',(-0.00545,0.0049,0.0253));
#3443=CARTESIAN_POINT('',(-0.00545,0.0044,0.0253));
#3444=CARTESIAN_POINT('',(0.00595,0.0049,0.0253));
#3445=CARTESIAN_POINT('',(0.00545,0.0049,0.0253));
#3446=CARTESIAN_POINT('',(0.00545,0.0049,0.0253));
#3447=CARTESIAN_POINT('',(0.00595,0.0049,0.0253));
#3448=CARTESIAN_POINT('',(0.00545,0.0044,0.0253));
#3449=CARTESIAN_POINT('',(0.00595,0.0044,0.0253));
#3450=CARTESIAN_POINT('',(0.00595,0.0044,0.0253));
#3451=CARTESIAN_POINT('',(0.00545,0.0044,0.0253));
#3452=CARTESIAN_POINT('',(0.00595,-0.0049,0.0253));
#3453=CARTESIAN_POINT('',(0.00595,-0.0044,0.0253));
#3454=CARTESIAN_POINT('',(0.00595,-0.0044,0.0253));
#3455=CARTESIAN_POINT('',(0.00595,-0.0049,0.0253));
#3456=CARTESIAN_POINT('',(0.00545,-0.0044,0.0253));
#3457=CARTESIAN_POINT('',(0.00545,-0.0049,0.0253));
#3458=CARTESIAN_POINT('',(0.00545,-0.0049,0.0253));
#3459=CARTESIAN_POINT('',(0.00545,-0.0044,0.0253));
#3460=CARTESIAN_POINT('',(-0.00595,-0.0049,0.0253));
#3461=CARTESIAN_POINT('',(-0.00595,-0.0049,0.0253));
#3462=CARTESIAN_POINT('',(0.,0.,0.0253));
#3463=CARTESIAN_POINT('',(-0.00595,-0.0049,0.017));
#3464=CARTESIAN_POINT('',(-0.00545,-0.0049,0.017));
#3465=CARTESIAN_POINT('',(-0.00545,-0.0049,0.0175));
#3466=CARTESIAN_POINT('',(0.00545,-0.0049,0.017));
#3467=CARTESIAN_POINT('',(0.00545,-0.0049,0.0175));
#3468=CARTESIAN_POINT('',(0.,-0.0049,0.0175));
#3469=CARTESIAN_POINT('',(0.00545,-0.0044,0.017));
#3470=CARTESIAN_POINT('',(0.00545,-0.0044,0.0175));
#3471=CARTESIAN_POINT('',(0.00595,-0.0044,0.0175));
#3472=CARTESIAN_POINT('',(0.00595,-0.0044,0.017));
#3473=CARTESIAN_POINT('',(0.00595,-0.0049,0.017));
#3474=CARTESIAN_POINT('',(0.00595,0.0044,0.017));
#3475=CARTESIAN_POINT('',(0.00595,0.0044,0.0175));
#3476=CARTESIAN_POINT('',(0.00595,0.,0.0175));
#3477=CARTESIAN_POINT('',(0.00545,0.0044,0.017));
#3478=CARTESIAN_POINT('',(0.00545,0.0044,0.0175));
#3479=CARTESIAN_POINT('',(0.00545,0.0049,0.0175));
#3480=CARTESIAN_POINT('',(0.00545,0.0049,0.017));
#3481=CARTESIAN_POINT('',(0.00595,0.0049,0.017));
#3482=CARTESIAN_POINT('',(-0.00545,0.0049,0.017));
#3483=CARTESIAN_POINT('',(-0.00545,0.0049,0.0175));
#3484=CARTESIAN_POINT('',(0.,0.0049,0.0175));
#3485=CARTESIAN_POINT('',(-0.00545,0.0044,0.017));
#3486=CARTESIAN_POINT('',(-0.00545,0.0044,0.0175));
#3487=CARTESIAN_POINT('',(-0.00595,0.0044,0.0175));
#3488=CARTESIAN_POINT('',(-0.00595,0.0044,0.017));
#3489=CARTESIAN_POINT('',(0.,0.,0.0175));
#3490=CARTESIAN_POINT('',(-0.00545,-0.0044,0.0175));
#3491=CARTESIAN_POINT('',(-0.00595,-0.0044,0.0175));
#3492=CARTESIAN_POINT('',(-0.00595,0.,0.0175));
#3493=CARTESIAN_POINT('',(-0.00595,0.0049,0.017));
#3494=CARTESIAN_POINT('',(-0.00595,-0.0044,0.017));
#3495=CARTESIAN_POINT('',(-0.00545,-0.0044,0.017));
#3496=CARTESIAN_POINT('',(0.00400000005960464,0.00300000004470348,0.0173));
#3497=CARTESIAN_POINT('',(-0.00400000005960464,-0.00300000004470348,0.0258));
#3498=CARTESIAN_POINT('',(-0.00400000005960464,-0.00300000004470348,0.0173));
#3499=CARTESIAN_POINT('',(-0.00507500005960464,-0.00300000004470348,0.0173));
#3500=CARTESIAN_POINT('',(-0.00400000005960464,-0.00300000004470348,0.0173));
#3501=MECHANICAL_DESIGN_GEOMETRIC_PRESENTATION_REPRESENTATION('',(#1854),
#3502);
#3502=(
GEOMETRIC_REPRESENTATION_CONTEXT(3)
GLOBAL_UNCERTAINTY_ASSIGNED_CONTEXT((#3503))
GLOBAL_UNIT_ASSIGNED_CONTEXT((#3506,#3505,#3504))
REPRESENTATION_CONTEXT('Ballast Motor','TOP_LEVEL_ASSEMBLY_PART')
);
#3503=UNCERTAINTY_MEASURE_WITH_UNIT(LENGTH_MEASURE(2.12169723333237E-5),
#3506,'DISTANCE_ACCURACY_VALUE','Maximum Tolerance applied to model');
#3504=(
NAMED_UNIT(*)
SI_UNIT($,.STERADIAN.)
SOLID_ANGLE_UNIT()
);
#3505=(
NAMED_UNIT(*)
PLANE_ANGLE_UNIT()
SI_UNIT($,.RADIAN.)
);
#3506=(
LENGTH_UNIT()
NAMED_UNIT(*)
SI_UNIT($,.METRE.)
);
#3507=PRODUCT_DEFINITION_SHAPE('','',#3508);
#3508=PRODUCT_DEFINITION('','',#3510,#3509);
#3509=PRODUCT_DEFINITION_CONTEXT('',#3516,'design');
#3510=PRODUCT_DEFINITION_FORMATION_WITH_SPECIFIED_SOURCE('','',#3512,
 .NOT_KNOWN.);
#3511=PRODUCT_RELATED_PRODUCT_CATEGORY('','',(#3512));
#3512=PRODUCT('Ballast Motor','Ballast Motor','Ballast Motor',(#3514));
#3513=PRODUCT_CATEGORY('','');
#3514=PRODUCT_CONTEXT('',#3516,'mechanical');
#3515=APPLICATION_PROTOCOL_DEFINITION('international standard',
'ap242_managed_model_based_3d_engineering',2020,#3516);
#3516=APPLICATION_CONTEXT('managed model based 3d engineering');
ENDSEC;
END-ISO-10303-21;
