ISO-10303-21;
HEADER;
/* Generated by software containing ST-Developer
 * from STEP Tools, Inc. (www.steptools.com) 
 */
/* OPTION: using custom renumber hook */

FILE_DESCRIPTION(
/* description */ ('STEP AP242 Edition 2',
'CAx-IF Rec.Pracs.---Representation and Presentation of Product Manufa
cturing Information (PMI)---4.0---2014-10-13',
'CAx-IF Rec.Pracs.---3D Tessellated Geometry---0.4---2014-09-14','2;1',
'CAx-IF Rec.Pracs.---User Defined Attributes---1.5---2016-08-15'),
/* implementation_level */ '2;1');

FILE_NAME(
/* name */ 'Handle - Large Handle',
/* time_stamp */ '2026-08-23T20:29:47Z',
/* author */ (''),
/* organization */ (''),
/* preprocessor_version */ 'ST-DEVELOPER v20',
/* originating_system */ 'ONSHAPE BY PTC INC, 1.219',
/* authorisation */ '  ');

FILE_SCHEMA (('AP242_MANAGED_MODEL_BASED_3D_ENGINEERING_MIM_LF { 1 0 10303 442 3 1 4 }'));
ENDSEC;

DATA;
#10=SHAPE_REPRESENTATION_RELATIONSHIP('','',#1333,#11);
#11=ADVANCED_BREP_SHAPE_REPRESENTATION('',(#1331),#2429);
#12=(
BOUNDED_SURFACE()
B_SPLINE_SURFACE(3,2,((#2356,#2357,#2358),(#2359,#2360,#2361),(#2362,#2363,
#2364),(#2365,#2366,#2367),(#2368,#2369,#2370),(#2371,#2372,#2373),(#2374,
#2375,#2376)),.UNSPECIFIED.,.F.,.F.,.F.)
B_SPLINE_SURFACE_WITH_KNOTS((4,1,1,1,4),(3,3),(0.0129486260130116,0.0155608240142825,
0.0181730220155535,0.0207852200168245,0.0233974180180954),(0.,1.),
 .UNSPECIFIED.)
GEOMETRIC_REPRESENTATION_ITEM()
RATIONAL_B_SPLINE_SURFACE(((1.,0.707106781186548,1.),(1.,0.703082532644444,
1.),(1.,0.701856022007939,1.),(1.,0.710087156580996,1.),(1.,0.708656586232278,
1.),(1.,0.703409313847002,1.),(1.,0.703047267811949,1.)))
REPRESENTATION_ITEM('')
SURFACE()
);
#13=TOROIDAL_SURFACE('',#1410,0.004,0.002);
#14=TOROIDAL_SURFACE('',#1418,0.004,0.002);
#15=TOROIDAL_SURFACE('',#1436,0.004,0.002);
#16=TOROIDAL_SURFACE('',#1442,0.004,0.002);
#17=TOROIDAL_SURFACE('',#1445,0.0695,0.002);
#18=TOROIDAL_SURFACE('',#1460,0.004,0.002);
#19=TOROIDAL_SURFACE('',#1468,0.004,0.002);
#20=TOROIDAL_SURFACE('',#1486,0.004,0.002);
#21=TOROIDAL_SURFACE('',#1492,0.004,0.002);
#22=CYLINDRICAL_SURFACE('',#1361,0.005);
#23=CYLINDRICAL_SURFACE('',#1365,0.00175);
#24=CYLINDRICAL_SURFACE('',#1377,0.00175);
#25=CYLINDRICAL_SURFACE('',#1381,0.00175);
#26=CYLINDRICAL_SURFACE('',#1392,0.00175);
#27=CYLINDRICAL_SURFACE('',#1396,0.0675);
#28=CYLINDRICAL_SURFACE('',#1398,0.0675);
#29=CYLINDRICAL_SURFACE('',#1399,0.002);
#30=CYLINDRICAL_SURFACE('',#1404,0.002);
#31=CYLINDRICAL_SURFACE('',#1406,0.002);
#32=CYLINDRICAL_SURFACE('',#1408,0.002);
#33=CYLINDRICAL_SURFACE('',#1414,0.002);
#34=CYLINDRICAL_SURFACE('',#1416,0.002);
#35=CYLINDRICAL_SURFACE('',#1420,0.002);
#36=CYLINDRICAL_SURFACE('',#1421,0.002);
#37=CYLINDRICAL_SURFACE('',#1426,0.002);
#38=CYLINDRICAL_SURFACE('',#1428,0.002);
#39=CYLINDRICAL_SURFACE('',#1430,0.002);
#40=CYLINDRICAL_SURFACE('',#1432,0.002);
#41=CYLINDRICAL_SURFACE('',#1438,0.002);
#42=CYLINDRICAL_SURFACE('',#1440,0.002);
#43=CYLINDRICAL_SURFACE('',#1444,0.002);
#44=CYLINDRICAL_SURFACE('',#1447,0.002);
#45=CYLINDRICAL_SURFACE('',#1452,0.002);
#46=CYLINDRICAL_SURFACE('',#1454,0.002);
#47=CYLINDRICAL_SURFACE('',#1456,0.002);
#48=CYLINDRICAL_SURFACE('',#1458,0.002);
#49=CYLINDRICAL_SURFACE('',#1464,0.002);
#50=CYLINDRICAL_SURFACE('',#1466,0.002);
#51=CYLINDRICAL_SURFACE('',#1470,0.002);
#52=CYLINDRICAL_SURFACE('',#1471,0.002);
#53=CYLINDRICAL_SURFACE('',#1476,0.002);
#54=CYLINDRICAL_SURFACE('',#1478,0.002);
#55=CYLINDRICAL_SURFACE('',#1480,0.002);
#56=CYLINDRICAL_SURFACE('',#1482,0.002);
#57=CYLINDRICAL_SURFACE('',#1488,0.002);
#58=CYLINDRICAL_SURFACE('',#1490,0.002);
#59=CYLINDRICAL_SURFACE('',#1494,0.002);
#60=SPHERICAL_SURFACE('',#1359,0.005);
#61=SPHERICAL_SURFACE('',#1363,0.005);
#62=SPHERICAL_SURFACE('',#1401,0.002);
#63=SPHERICAL_SURFACE('',#1412,0.002);
#64=SPHERICAL_SURFACE('',#1423,0.002);
#65=SPHERICAL_SURFACE('',#1434,0.002);
#66=SPHERICAL_SURFACE('',#1449,0.002);
#67=SPHERICAL_SURFACE('',#1462,0.002);
#68=SPHERICAL_SURFACE('',#1473,0.002);
#69=SPHERICAL_SURFACE('',#1484,0.002);
#70=ELLIPSE('',#1342,0.0908119623177476,0.0675);
#71=ELLIPSE('',#1343,0.00672681202353687,0.005);
#72=ELLIPSE('',#1345,0.0908119623177476,0.0675);
#73=ELLIPSE('',#1346,0.00672681202353687,0.005);
#74=ELLIPSE('',#1354,0.0908119623177475,0.0675);
#75=ELLIPSE('',#1355,0.00672681202353686,0.005);
#76=ELLIPSE('',#1357,0.0908119623177476,0.0675);
#77=ELLIPSE('',#1358,0.00672681202353687,0.005);
#78=CIRCLE('',#1336,0.004);
#79=CIRCLE('',#1337,0.004);
#80=CIRCLE('',#1339,0.004);
#81=CIRCLE('',#1340,0.004);
#82=CIRCLE('',#1348,0.004);
#83=CIRCLE('',#1349,0.004);
#84=CIRCLE('',#1351,0.004);
#85=CIRCLE('',#1352,0.004);
#86=CIRCLE('',#1360,0.005);
#87=CIRCLE('',#1362,0.005);
#88=CIRCLE('',#1366,0.00175);
#89=CIRCLE('',#1369,0.0675);
#90=CIRCLE('',#1371,0.0675);
#91=CIRCLE('',#1373,0.0675);
#92=CIRCLE('',#1375,0.0675);
#93=CIRCLE('',#1378,0.00175);
#94=CIRCLE('',#1382,0.00175);
#95=CIRCLE('',#1385,0.0675);
#96=CIRCLE('',#1387,0.0675);
#97=CIRCLE('',#1389,0.0695);
#98=CIRCLE('',#1391,0.0675);
#99=CIRCLE('',#1393,0.00175);
#100=CIRCLE('',#1397,0.0675);
#101=CIRCLE('',#1400,0.002);
#102=CIRCLE('',#1402,0.002);
#103=CIRCLE('',#1403,0.002);
#104=CIRCLE('',#1405,0.002);
#105=CIRCLE('',#1407,0.002);
#106=CIRCLE('',#1409,0.002);
#107=CIRCLE('',#1411,0.002);
#108=CIRCLE('',#1413,0.002);
#109=CIRCLE('',#1415,0.002);
#110=CIRCLE('',#1417,0.002);
#111=CIRCLE('',#1419,0.002);
#112=CIRCLE('',#1422,0.002);
#113=CIRCLE('',#1424,0.002);
#114=CIRCLE('',#1425,0.002);
#115=CIRCLE('',#1427,0.002);
#116=CIRCLE('',#1429,0.002);
#117=CIRCLE('',#1431,0.002);
#118=CIRCLE('',#1433,0.002);
#119=CIRCLE('',#1435,0.002);
#120=CIRCLE('',#1437,0.002);
#121=CIRCLE('',#1439,0.002);
#122=CIRCLE('',#1441,0.002);
#123=CIRCLE('',#1443,0.002);
#124=CIRCLE('',#1446,0.002);
#125=CIRCLE('',#1448,0.002);
#126=CIRCLE('',#1450,0.002);
#127=CIRCLE('',#1451,0.002);
#128=CIRCLE('',#1453,0.002);
#129=CIRCLE('',#1455,0.002);
#130=CIRCLE('',#1457,0.002);
#131=CIRCLE('',#1459,0.002);
#132=CIRCLE('',#1461,0.002);
#133=CIRCLE('',#1463,0.002);
#134=CIRCLE('',#1465,0.002);
#135=CIRCLE('',#1467,0.002);
#136=CIRCLE('',#1469,0.002);
#137=CIRCLE('',#1472,0.002);
#138=CIRCLE('',#1474,0.002);
#139=CIRCLE('',#1475,0.002);
#140=CIRCLE('',#1477,0.002);
#141=CIRCLE('',#1479,0.002);
#142=CIRCLE('',#1481,0.002);
#143=CIRCLE('',#1483,0.002);
#144=CIRCLE('',#1485,0.002);
#145=CIRCLE('',#1487,0.002);
#146=CIRCLE('',#1489,0.002);
#147=CIRCLE('',#1491,0.002);
#148=CIRCLE('',#1493,0.002);
#149=B_SPLINE_CURVE_WITH_KNOTS('',3,(#1907,#1908,#1909,#1910,#1911),
 .UNSPECIFIED.,.F.,.F.,(4,1,4),(0.,0.00197545280582651,0.00395090561165301),
 .UNSPECIFIED.);
#150=B_SPLINE_CURVE_WITH_KNOTS('',3,(#1950,#1951,#1952,#1953),
 .UNSPECIFIED.,.F.,.F.,(4,4),(0.,0.000283166044383942),.UNSPECIFIED.);
#151=B_SPLINE_CURVE_WITH_KNOTS('',3,(#2023,#2024,#2025,#2026,#2027,#2028,
#2029,#2030,#2031,#2032,#2033),.UNSPECIFIED.,.T.,.F.,(1,1,1,1,1,1,1,1,1,
1,1,1,1,1,1),(-0.00411126716483705,-0.00274084477655803,-0.00137042238827902,
8.74111736584338E-19,0.00137042238827902,0.00274084477655804,0.00411126716483706,
0.00548168955311607,0.00685211194139509,0.00822253432967411,0.00959295671795313,
0.0109633791062321,0.0123338014945112,0.0137042238827902,0.0150746462710692),
 .UNSPECIFIED.);
#152=B_SPLINE_CURVE_WITH_KNOTS('',3,(#2050,#2051,#2052,#2053),
 .UNSPECIFIED.,.F.,.F.,(4,4),(0.,0.00285163636391413),.UNSPECIFIED.);
#153=B_SPLINE_CURVE_WITH_KNOTS('',3,(#2095,#2096,#2097,#2098,#2099,#2100,
#2101,#2102,#2103,#2104,#2105),.UNSPECIFIED.,.T.,.F.,(1,1,1,1,1,1,1,1,1,
1,1,1,1,1,1),(-0.00411112195519743,-0.00274074797013162,-0.00137037398506581,
0.,0.00137037398506581,0.00274074797013162,0.00411112195519743,0.00548149594026324,
0.00685186992532905,0.00822224391039486,0.00959261789546068,0.0109629918805265,
0.0123333658655923,0.0137037398506581,0.0150741138357239),.UNSPECIFIED.);
#154=B_SPLINE_CURVE_WITH_KNOTS('',3,(#2128,#2129,#2130,#2131,#2132,#2133,
#2134,#2135,#2136,#2137,#2138),.UNSPECIFIED.,.T.,.F.,(1,1,1,1,1,1,1,1,1,
1,1,1,1,1,1),(-0.00411126716483717,-0.00274084477655811,-0.00137042238827906,
8.74111736584338E-19,0.00137042238827906,0.00274084477655811,0.00411126716483717,
0.00548168955311623,0.00685211194139529,0.00822253432967434,0.0095929567179534,
0.0109633791062325,0.0123338014945115,0.0137042238827906,0.0150746462710696),
 .UNSPECIFIED.);
#155=B_SPLINE_CURVE_WITH_KNOTS('',3,(#2188,#2189,#2190,#2191,#2192,#2193,
#2194,#2195,#2196,#2197,#2198),.UNSPECIFIED.,.T.,.F.,(1,1,1,1,1,1,1,1,1,
1,1,1,1,1,1),(-0.00411112195519754,-0.00274074797013169,-0.00137037398506585,
0.,0.00137037398506585,0.00274074797013169,0.00411112195519754,0.00548149594026338,
0.00685186992532923,0.00822224391039508,0.00959261789546092,0.0109629918805268,
0.0123333658655926,0.0137037398506585,0.0150741138357243),.UNSPECIFIED.);
#156=B_SPLINE_CURVE_WITH_KNOTS('',3,(#2221,#2222,#2223,#2224,#2225),
 .UNSPECIFIED.,.F.,.F.,(4,1,4),(0.,0.00156898576218733,0.00313797152437465),
 .UNSPECIFIED.);
#157=B_SPLINE_CURVE_WITH_KNOTS('',3,(#2226,#2227,#2228,#2229,#2230),
 .UNSPECIFIED.,.F.,.F.,(4,1,4),(0.,0.0015628321879376,0.0031256643758752),
 .UNSPECIFIED.);
#158=B_SPLINE_CURVE_WITH_KNOTS('',3,(#2231,#2232,#2233,#2234,#2235),
 .UNSPECIFIED.,.F.,.F.,(4,1,4),(0.,0.00156282851928646,0.00312565703857293),
 .UNSPECIFIED.);
#159=B_SPLINE_CURVE_WITH_KNOTS('',3,(#2236,#2237,#2238,#2239,#2240),
 .UNSPECIFIED.,.F.,.F.,(4,1,4),(0.,0.00156898988443219,0.00313797976886438),
 .UNSPECIFIED.);
#160=B_SPLINE_CURVE_WITH_KNOTS('',3,(#2241,#2242,#2243,#2244,#2245),
 .UNSPECIFIED.,.F.,.F.,(4,1,4),(0.,0.00156898576218733,0.00313797152437465),
 .UNSPECIFIED.);
#161=B_SPLINE_CURVE_WITH_KNOTS('',3,(#2246,#2247,#2248,#2249,#2250),
 .UNSPECIFIED.,.F.,.F.,(4,1,4),(0.,0.0015628321879376,0.0031256643758752),
 .UNSPECIFIED.);
#162=B_SPLINE_CURVE_WITH_KNOTS('',3,(#2251,#2252,#2253,#2254,#2255,#2256,
#2257),.UNSPECIFIED.,.F.,.F.,(4,1,1,1,4),(2.38524477946811E-18,0.00252827877042798,
0.00505655754085595,0.00758483631128392,0.0101131150817119),
 .UNSPECIFIED.);
#163=B_SPLINE_CURVE_WITH_KNOTS('',3,(#2261,#2262,#2263,#2264,#2265),
 .UNSPECIFIED.,.F.,.F.,(4,1,4),(0.,0.00156898576218733,0.00313797152437467),
 .UNSPECIFIED.);
#164=B_SPLINE_CURVE_WITH_KNOTS('',3,(#2266,#2267,#2268,#2269,#2270),
 .UNSPECIFIED.,.F.,.F.,(4,1,4),(0.,0.00156283218793757,0.00312566437587515),
 .UNSPECIFIED.);
#165=B_SPLINE_CURVE_WITH_KNOTS('',3,(#2271,#2272,#2273,#2274,#2275),
 .UNSPECIFIED.,.F.,.F.,(4,1,4),(0.,0.00156282851928646,0.00312565703857291),
 .UNSPECIFIED.);
#166=B_SPLINE_CURVE_WITH_KNOTS('',3,(#2276,#2277,#2278,#2279,#2280),
 .UNSPECIFIED.,.F.,.F.,(4,1,4),(0.,0.00156898988443221,0.00313797976886442),
 .UNSPECIFIED.);
#167=B_SPLINE_CURVE_WITH_KNOTS('',3,(#2281,#2282,#2283,#2284,#2285),
 .UNSPECIFIED.,.F.,.F.,(4,1,4),(0.,0.00156898576218732,0.00313797152437464),
 .UNSPECIFIED.);
#168=B_SPLINE_CURVE_WITH_KNOTS('',3,(#2286,#2287,#2288,#2289,#2290),
 .UNSPECIFIED.,.F.,.F.,(4,1,4),(0.,0.00156283218793763,0.00312566437587527),
 .UNSPECIFIED.);
#169=B_SPLINE_CURVE_WITH_KNOTS('',3,(#2291,#2292,#2293,#2294),
 .UNSPECIFIED.,.F.,.F.,(4,4),(0.,0.00133447436217691),.UNSPECIFIED.);
#170=B_SPLINE_CURVE_WITH_KNOTS('',3,(#2295,#2296,#2297,#2298,#2299),
 .UNSPECIFIED.,.F.,.F.,(4,1,4),(0.,0.00156898988443214,0.00313797976886429),
 .UNSPECIFIED.);
#171=B_SPLINE_CURVE_WITH_KNOTS('',3,(#2348,#2349,#2350,#2351,#2352,#2353),
 .UNSPECIFIED.,.F.,.F.,(4,1,1,4),(0.,0.000994617710052008,0.00198923542010402,
0.00397847084020803),.UNSPECIFIED.);
#172=B_SPLINE_CURVE_WITH_KNOTS('',3,(#2377,#2378,#2379,#2380,#2381),
 .UNSPECIFIED.,.F.,.F.,(4,1,4),(0.,0.00156358600719942,0.00312717201439885),
 .UNSPECIFIED.);
#173=ORIENTED_EDGE('',*,*,#549,.T.);
#174=ORIENTED_EDGE('',*,*,#550,.T.);
#175=ORIENTED_EDGE('',*,*,#551,.T.);
#176=ORIENTED_EDGE('',*,*,#552,.T.);
#177=ORIENTED_EDGE('',*,*,#553,.T.);
#178=ORIENTED_EDGE('',*,*,#554,.F.);
#179=ORIENTED_EDGE('',*,*,#555,.T.);
#180=ORIENTED_EDGE('',*,*,#556,.F.);
#181=ORIENTED_EDGE('',*,*,#557,.T.);
#182=ORIENTED_EDGE('',*,*,#558,.F.);
#183=ORIENTED_EDGE('',*,*,#559,.F.);
#184=ORIENTED_EDGE('',*,*,#560,.T.);
#185=ORIENTED_EDGE('',*,*,#561,.T.);
#186=ORIENTED_EDGE('',*,*,#562,.F.);
#187=ORIENTED_EDGE('',*,*,#563,.F.);
#188=ORIENTED_EDGE('',*,*,#564,.F.);
#189=ORIENTED_EDGE('',*,*,#565,.T.);
#190=ORIENTED_EDGE('',*,*,#566,.T.);
#191=ORIENTED_EDGE('',*,*,#567,.F.);
#192=ORIENTED_EDGE('',*,*,#568,.T.);
#193=ORIENTED_EDGE('',*,*,#551,.F.);
#194=ORIENTED_EDGE('',*,*,#569,.T.);
#195=ORIENTED_EDGE('',*,*,#570,.T.);
#196=ORIENTED_EDGE('',*,*,#564,.T.);
#197=ORIENTED_EDGE('',*,*,#571,.F.);
#198=ORIENTED_EDGE('',*,*,#562,.T.);
#199=ORIENTED_EDGE('',*,*,#572,.T.);
#200=ORIENTED_EDGE('',*,*,#553,.F.);
#201=ORIENTED_EDGE('',*,*,#573,.F.);
#202=ORIENTED_EDGE('',*,*,#574,.F.);
#203=ORIENTED_EDGE('',*,*,#575,.T.);
#204=ORIENTED_EDGE('',*,*,#576,.F.);
#205=ORIENTED_EDGE('',*,*,#577,.F.);
#206=ORIENTED_EDGE('',*,*,#578,.T.);
#207=ORIENTED_EDGE('',*,*,#579,.F.);
#208=ORIENTED_EDGE('',*,*,#580,.F.);
#209=ORIENTED_EDGE('',*,*,#581,.T.);
#210=ORIENTED_EDGE('',*,*,#582,.F.);
#211=ORIENTED_EDGE('',*,*,#583,.T.);
#212=ORIENTED_EDGE('',*,*,#584,.T.);
#213=ORIENTED_EDGE('',*,*,#585,.T.);
#214=ORIENTED_EDGE('',*,*,#586,.T.);
#215=ORIENTED_EDGE('',*,*,#587,.F.);
#216=ORIENTED_EDGE('',*,*,#588,.T.);
#217=ORIENTED_EDGE('',*,*,#589,.T.);
#218=ORIENTED_EDGE('',*,*,#590,.T.);
#219=ORIENTED_EDGE('',*,*,#591,.T.);
#220=ORIENTED_EDGE('',*,*,#592,.F.);
#221=ORIENTED_EDGE('',*,*,#593,.F.);
#222=ORIENTED_EDGE('',*,*,#579,.T.);
#223=ORIENTED_EDGE('',*,*,#594,.T.);
#224=ORIENTED_EDGE('',*,*,#591,.F.);
#225=ORIENTED_EDGE('',*,*,#595,.F.);
#226=ORIENTED_EDGE('',*,*,#584,.F.);
#227=ORIENTED_EDGE('',*,*,#596,.T.);
#228=ORIENTED_EDGE('',*,*,#577,.T.);
#229=ORIENTED_EDGE('',*,*,#597,.T.);
#230=ORIENTED_EDGE('',*,*,#552,.F.);
#231=ORIENTED_EDGE('',*,*,#571,.T.);
#232=ORIENTED_EDGE('',*,*,#563,.T.);
#233=ORIENTED_EDGE('',*,*,#573,.T.);
#234=ORIENTED_EDGE('',*,*,#578,.F.);
#235=ORIENTED_EDGE('',*,*,#596,.F.);
#236=ORIENTED_EDGE('',*,*,#592,.T.);
#237=ORIENTED_EDGE('',*,*,#594,.F.);
#238=ORIENTED_EDGE('',*,*,#597,.F.);
#239=ORIENTED_EDGE('',*,*,#598,.T.);
#240=ORIENTED_EDGE('',*,*,#598,.F.);
#241=ORIENTED_EDGE('',*,*,#599,.T.);
#242=ORIENTED_EDGE('',*,*,#600,.T.);
#243=ORIENTED_EDGE('',*,*,#601,.T.);
#244=ORIENTED_EDGE('',*,*,#602,.T.);
#245=ORIENTED_EDGE('',*,*,#603,.F.);
#246=ORIENTED_EDGE('',*,*,#604,.T.);
#247=ORIENTED_EDGE('',*,*,#605,.T.);
#248=ORIENTED_EDGE('',*,*,#606,.T.);
#249=ORIENTED_EDGE('',*,*,#607,.T.);
#250=ORIENTED_EDGE('',*,*,#608,.T.);
#251=ORIENTED_EDGE('',*,*,#604,.F.);
#252=ORIENTED_EDGE('',*,*,#609,.T.);
#253=ORIENTED_EDGE('',*,*,#610,.T.);
#254=ORIENTED_EDGE('',*,*,#611,.T.);
#255=ORIENTED_EDGE('',*,*,#612,.T.);
#256=ORIENTED_EDGE('',*,*,#613,.T.);
#257=ORIENTED_EDGE('',*,*,#614,.T.);
#258=ORIENTED_EDGE('',*,*,#615,.F.);
#259=ORIENTED_EDGE('',*,*,#616,.T.);
#260=ORIENTED_EDGE('',*,*,#617,.F.);
#261=ORIENTED_EDGE('',*,*,#618,.T.);
#262=ORIENTED_EDGE('',*,*,#619,.T.);
#263=ORIENTED_EDGE('',*,*,#620,.T.);
#264=ORIENTED_EDGE('',*,*,#621,.T.);
#265=ORIENTED_EDGE('',*,*,#622,.T.);
#266=ORIENTED_EDGE('',*,*,#623,.T.);
#267=ORIENTED_EDGE('',*,*,#624,.T.);
#268=ORIENTED_EDGE('',*,*,#625,.F.);
#269=ORIENTED_EDGE('',*,*,#626,.T.);
#270=ORIENTED_EDGE('',*,*,#627,.T.);
#271=ORIENTED_EDGE('',*,*,#628,.T.);
#272=ORIENTED_EDGE('',*,*,#629,.F.);
#273=ORIENTED_EDGE('',*,*,#630,.T.);
#274=ORIENTED_EDGE('',*,*,#631,.T.);
#275=ORIENTED_EDGE('',*,*,#632,.T.);
#276=ORIENTED_EDGE('',*,*,#633,.T.);
#277=ORIENTED_EDGE('',*,*,#634,.T.);
#278=ORIENTED_EDGE('',*,*,#630,.F.);
#279=ORIENTED_EDGE('',*,*,#635,.T.);
#280=ORIENTED_EDGE('',*,*,#636,.T.);
#281=ORIENTED_EDGE('',*,*,#637,.T.);
#282=ORIENTED_EDGE('',*,*,#638,.T.);
#283=ORIENTED_EDGE('',*,*,#639,.F.);
#284=ORIENTED_EDGE('',*,*,#640,.T.);
#285=ORIENTED_EDGE('',*,*,#641,.T.);
#286=ORIENTED_EDGE('',*,*,#642,.T.);
#287=ORIENTED_EDGE('',*,*,#643,.T.);
#288=ORIENTED_EDGE('',*,*,#644,.T.);
#289=ORIENTED_EDGE('',*,*,#640,.F.);
#290=ORIENTED_EDGE('',*,*,#645,.T.);
#291=ORIENTED_EDGE('',*,*,#646,.T.);
#292=ORIENTED_EDGE('',*,*,#647,.T.);
#293=ORIENTED_EDGE('',*,*,#648,.T.);
#294=ORIENTED_EDGE('',*,*,#649,.F.);
#295=ORIENTED_EDGE('',*,*,#650,.T.);
#296=ORIENTED_EDGE('',*,*,#651,.T.);
#297=ORIENTED_EDGE('',*,*,#652,.T.);
#298=ORIENTED_EDGE('',*,*,#653,.T.);
#299=ORIENTED_EDGE('',*,*,#654,.T.);
#300=ORIENTED_EDGE('',*,*,#655,.T.);
#301=ORIENTED_EDGE('',*,*,#656,.T.);
#302=ORIENTED_EDGE('',*,*,#657,.T.);
#303=ORIENTED_EDGE('',*,*,#658,.T.);
#304=ORIENTED_EDGE('',*,*,#659,.T.);
#305=ORIENTED_EDGE('',*,*,#660,.T.);
#306=ORIENTED_EDGE('',*,*,#661,.F.);
#307=ORIENTED_EDGE('',*,*,#662,.T.);
#308=ORIENTED_EDGE('',*,*,#663,.T.);
#309=ORIENTED_EDGE('',*,*,#664,.T.);
#310=ORIENTED_EDGE('',*,*,#665,.F.);
#311=ORIENTED_EDGE('',*,*,#666,.T.);
#312=ORIENTED_EDGE('',*,*,#667,.T.);
#313=ORIENTED_EDGE('',*,*,#668,.T.);
#314=ORIENTED_EDGE('',*,*,#669,.T.);
#315=ORIENTED_EDGE('',*,*,#670,.T.);
#316=ORIENTED_EDGE('',*,*,#662,.F.);
#317=ORIENTED_EDGE('',*,*,#639,.T.);
#318=ORIENTED_EDGE('',*,*,#661,.T.);
#319=ORIENTED_EDGE('',*,*,#665,.T.);
#320=ORIENTED_EDGE('',*,*,#671,.T.);
#321=ORIENTED_EDGE('',*,*,#659,.F.);
#322=ORIENTED_EDGE('',*,*,#672,.T.);
#323=ORIENTED_EDGE('',*,*,#554,.T.);
#324=ORIENTED_EDGE('',*,*,#572,.F.);
#325=ORIENTED_EDGE('',*,*,#561,.F.);
#326=ORIENTED_EDGE('',*,*,#673,.T.);
#327=ORIENTED_EDGE('',*,*,#645,.F.);
#328=ORIENTED_EDGE('',*,*,#674,.T.);
#329=ORIENTED_EDGE('',*,*,#635,.F.);
#330=ORIENTED_EDGE('',*,*,#675,.T.);
#331=ORIENTED_EDGE('',*,*,#649,.T.);
#332=ORIENTED_EDGE('',*,*,#676,.T.);
#333=ORIENTED_EDGE('',*,*,#565,.F.);
#334=ORIENTED_EDGE('',*,*,#570,.F.);
#335=ORIENTED_EDGE('',*,*,#677,.T.);
#336=ORIENTED_EDGE('',*,*,#678,.T.);
#337=ORIENTED_EDGE('',*,*,#603,.T.);
#338=ORIENTED_EDGE('',*,*,#629,.T.);
#339=ORIENTED_EDGE('',*,*,#601,.F.);
#340=ORIENTED_EDGE('',*,*,#679,.T.);
#341=ORIENTED_EDGE('',*,*,#615,.T.);
#342=ORIENTED_EDGE('',*,*,#680,.T.);
#343=ORIENTED_EDGE('',*,*,#585,.F.);
#344=ORIENTED_EDGE('',*,*,#595,.T.);
#345=ORIENTED_EDGE('',*,*,#576,.T.);
#346=ORIENTED_EDGE('',*,*,#681,.T.);
#347=ORIENTED_EDGE('',*,*,#617,.T.);
#348=ORIENTED_EDGE('',*,*,#682,.T.);
#349=ORIENTED_EDGE('',*,*,#625,.T.);
#350=ORIENTED_EDGE('',*,*,#683,.T.);
#351=ORIENTED_EDGE('',*,*,#621,.F.);
#352=ORIENTED_EDGE('',*,*,#684,.T.);
#353=ORIENTED_EDGE('',*,*,#580,.T.);
#354=ORIENTED_EDGE('',*,*,#593,.T.);
#355=ORIENTED_EDGE('',*,*,#590,.F.);
#356=ORIENTED_EDGE('',*,*,#685,.T.);
#357=ORIENTED_EDGE('',*,*,#609,.F.);
#358=ORIENTED_EDGE('',*,*,#686,.T.);
#359=ORIENTED_EDGE('',*,*,#687,.F.);
#360=ORIENTED_EDGE('',*,*,#602,.F.);
#361=ORIENTED_EDGE('',*,*,#686,.F.);
#362=ORIENTED_EDGE('',*,*,#612,.F.);
#363=ORIENTED_EDGE('',*,*,#688,.F.);
#364=ORIENTED_EDGE('',*,*,#687,.T.);
#365=ORIENTED_EDGE('',*,*,#689,.F.);
#366=ORIENTED_EDGE('',*,*,#689,.T.);
#367=ORIENTED_EDGE('',*,*,#611,.F.);
#368=ORIENTED_EDGE('',*,*,#690,.F.);
#369=ORIENTED_EDGE('',*,*,#605,.F.);
#370=ORIENTED_EDGE('',*,*,#688,.T.);
#371=ORIENTED_EDGE('',*,*,#608,.F.);
#372=ORIENTED_EDGE('',*,*,#691,.F.);
#373=ORIENTED_EDGE('',*,*,#599,.F.);
#374=ORIENTED_EDGE('',*,*,#679,.F.);
#375=ORIENTED_EDGE('',*,*,#600,.F.);
#376=ORIENTED_EDGE('',*,*,#692,.F.);
#377=ORIENTED_EDGE('',*,*,#616,.F.);
#378=ORIENTED_EDGE('',*,*,#685,.F.);
#379=ORIENTED_EDGE('',*,*,#589,.F.);
#380=ORIENTED_EDGE('',*,*,#693,.F.);
#381=ORIENTED_EDGE('',*,*,#690,.T.);
#382=ORIENTED_EDGE('',*,*,#610,.F.);
#383=ORIENTED_EDGE('',*,*,#692,.T.);
#384=ORIENTED_EDGE('',*,*,#691,.T.);
#385=ORIENTED_EDGE('',*,*,#694,.F.);
#386=ORIENTED_EDGE('',*,*,#693,.T.);
#387=ORIENTED_EDGE('',*,*,#588,.F.);
#388=ORIENTED_EDGE('',*,*,#695,.F.);
#389=ORIENTED_EDGE('',*,*,#606,.F.);
#390=ORIENTED_EDGE('',*,*,#694,.T.);
#391=ORIENTED_EDGE('',*,*,#607,.F.);
#392=ORIENTED_EDGE('',*,*,#696,.F.);
#393=ORIENTED_EDGE('',*,*,#613,.F.);
#394=ORIENTED_EDGE('',*,*,#695,.T.);
#395=ORIENTED_EDGE('',*,*,#587,.T.);
#396=ORIENTED_EDGE('',*,*,#697,.F.);
#397=ORIENTED_EDGE('',*,*,#696,.T.);
#398=ORIENTED_EDGE('',*,*,#680,.F.);
#399=ORIENTED_EDGE('',*,*,#614,.F.);
#400=ORIENTED_EDGE('',*,*,#697,.T.);
#401=ORIENTED_EDGE('',*,*,#586,.F.);
#402=ORIENTED_EDGE('',*,*,#698,.F.);
#403=ORIENTED_EDGE('',*,*,#622,.F.);
#404=ORIENTED_EDGE('',*,*,#683,.F.);
#405=ORIENTED_EDGE('',*,*,#628,.F.);
#406=ORIENTED_EDGE('',*,*,#699,.F.);
#407=ORIENTED_EDGE('',*,*,#698,.T.);
#408=ORIENTED_EDGE('',*,*,#700,.F.);
#409=ORIENTED_EDGE('',*,*,#682,.F.);
#410=ORIENTED_EDGE('',*,*,#620,.F.);
#411=ORIENTED_EDGE('',*,*,#701,.F.);
#412=ORIENTED_EDGE('',*,*,#626,.F.);
#413=ORIENTED_EDGE('',*,*,#700,.T.);
#414=ORIENTED_EDGE('',*,*,#627,.F.);
#415=ORIENTED_EDGE('',*,*,#702,.F.);
#416=ORIENTED_EDGE('',*,*,#631,.F.);
#417=ORIENTED_EDGE('',*,*,#699,.T.);
#418=ORIENTED_EDGE('',*,*,#634,.F.);
#419=ORIENTED_EDGE('',*,*,#703,.F.);
#420=ORIENTED_EDGE('',*,*,#623,.F.);
#421=ORIENTED_EDGE('',*,*,#684,.F.);
#422=ORIENTED_EDGE('',*,*,#624,.F.);
#423=ORIENTED_EDGE('',*,*,#704,.F.);
#424=ORIENTED_EDGE('',*,*,#581,.F.);
#425=ORIENTED_EDGE('',*,*,#702,.T.);
#426=ORIENTED_EDGE('',*,*,#701,.T.);
#427=ORIENTED_EDGE('',*,*,#705,.F.);
#428=ORIENTED_EDGE('',*,*,#704,.T.);
#429=ORIENTED_EDGE('',*,*,#703,.T.);
#430=ORIENTED_EDGE('',*,*,#706,.F.);
#431=ORIENTED_EDGE('',*,*,#582,.T.);
#432=ORIENTED_EDGE('',*,*,#705,.T.);
#433=ORIENTED_EDGE('',*,*,#619,.F.);
#434=ORIENTED_EDGE('',*,*,#707,.F.);
#435=ORIENTED_EDGE('',*,*,#632,.F.);
#436=ORIENTED_EDGE('',*,*,#706,.T.);
#437=ORIENTED_EDGE('',*,*,#633,.F.);
#438=ORIENTED_EDGE('',*,*,#708,.F.);
#439=ORIENTED_EDGE('',*,*,#583,.F.);
#440=ORIENTED_EDGE('',*,*,#708,.T.);
#441=ORIENTED_EDGE('',*,*,#707,.T.);
#442=ORIENTED_EDGE('',*,*,#709,.F.);
#443=ORIENTED_EDGE('',*,*,#574,.T.);
#444=ORIENTED_EDGE('',*,*,#681,.F.);
#445=ORIENTED_EDGE('',*,*,#575,.F.);
#446=ORIENTED_EDGE('',*,*,#709,.T.);
#447=ORIENTED_EDGE('',*,*,#618,.F.);
#448=ORIENTED_EDGE('',*,*,#710,.F.);
#449=ORIENTED_EDGE('',*,*,#653,.F.);
#450=ORIENTED_EDGE('',*,*,#711,.F.);
#451=ORIENTED_EDGE('',*,*,#678,.F.);
#452=ORIENTED_EDGE('',*,*,#711,.T.);
#453=ORIENTED_EDGE('',*,*,#656,.F.);
#454=ORIENTED_EDGE('',*,*,#712,.F.);
#455=ORIENTED_EDGE('',*,*,#666,.F.);
#456=ORIENTED_EDGE('',*,*,#569,.F.);
#457=ORIENTED_EDGE('',*,*,#550,.F.);
#458=ORIENTED_EDGE('',*,*,#713,.F.);
#459=ORIENTED_EDGE('',*,*,#710,.T.);
#460=ORIENTED_EDGE('',*,*,#677,.F.);
#461=ORIENTED_EDGE('',*,*,#714,.F.);
#462=ORIENTED_EDGE('',*,*,#712,.T.);
#463=ORIENTED_EDGE('',*,*,#715,.F.);
#464=ORIENTED_EDGE('',*,*,#713,.T.);
#465=ORIENTED_EDGE('',*,*,#549,.F.);
#466=ORIENTED_EDGE('',*,*,#716,.F.);
#467=ORIENTED_EDGE('',*,*,#654,.F.);
#468=ORIENTED_EDGE('',*,*,#715,.T.);
#469=ORIENTED_EDGE('',*,*,#655,.F.);
#470=ORIENTED_EDGE('',*,*,#717,.F.);
#471=ORIENTED_EDGE('',*,*,#668,.F.);
#472=ORIENTED_EDGE('',*,*,#714,.T.);
#473=ORIENTED_EDGE('',*,*,#667,.F.);
#474=ORIENTED_EDGE('',*,*,#718,.F.);
#475=ORIENTED_EDGE('',*,*,#663,.F.);
#476=ORIENTED_EDGE('',*,*,#671,.F.);
#477=ORIENTED_EDGE('',*,*,#664,.F.);
#478=ORIENTED_EDGE('',*,*,#719,.F.);
#479=ORIENTED_EDGE('',*,*,#660,.F.);
#480=ORIENTED_EDGE('',*,*,#716,.T.);
#481=ORIENTED_EDGE('',*,*,#558,.T.);
#482=ORIENTED_EDGE('',*,*,#720,.F.);
#483=ORIENTED_EDGE('',*,*,#717,.T.);
#484=ORIENTED_EDGE('',*,*,#719,.T.);
#485=ORIENTED_EDGE('',*,*,#718,.T.);
#486=ORIENTED_EDGE('',*,*,#721,.F.);
#487=ORIENTED_EDGE('',*,*,#720,.T.);
#488=ORIENTED_EDGE('',*,*,#557,.F.);
#489=ORIENTED_EDGE('',*,*,#722,.F.);
#490=ORIENTED_EDGE('',*,*,#669,.F.);
#491=ORIENTED_EDGE('',*,*,#721,.T.);
#492=ORIENTED_EDGE('',*,*,#670,.F.);
#493=ORIENTED_EDGE('',*,*,#723,.F.);
#494=ORIENTED_EDGE('',*,*,#657,.F.);
#495=ORIENTED_EDGE('',*,*,#722,.T.);
#496=ORIENTED_EDGE('',*,*,#556,.T.);
#497=ORIENTED_EDGE('',*,*,#724,.F.);
#498=ORIENTED_EDGE('',*,*,#723,.T.);
#499=ORIENTED_EDGE('',*,*,#672,.F.);
#500=ORIENTED_EDGE('',*,*,#658,.F.);
#501=ORIENTED_EDGE('',*,*,#724,.T.);
#502=ORIENTED_EDGE('',*,*,#555,.F.);
#503=ORIENTED_EDGE('',*,*,#725,.F.);
#504=ORIENTED_EDGE('',*,*,#650,.F.);
#505=ORIENTED_EDGE('',*,*,#675,.F.);
#506=ORIENTED_EDGE('',*,*,#638,.F.);
#507=ORIENTED_EDGE('',*,*,#726,.F.);
#508=ORIENTED_EDGE('',*,*,#725,.T.);
#509=ORIENTED_EDGE('',*,*,#727,.F.);
#510=ORIENTED_EDGE('',*,*,#674,.F.);
#511=ORIENTED_EDGE('',*,*,#648,.F.);
#512=ORIENTED_EDGE('',*,*,#728,.F.);
#513=ORIENTED_EDGE('',*,*,#636,.F.);
#514=ORIENTED_EDGE('',*,*,#727,.T.);
#515=ORIENTED_EDGE('',*,*,#637,.F.);
#516=ORIENTED_EDGE('',*,*,#729,.F.);
#517=ORIENTED_EDGE('',*,*,#642,.F.);
#518=ORIENTED_EDGE('',*,*,#726,.T.);
#519=ORIENTED_EDGE('',*,*,#641,.F.);
#520=ORIENTED_EDGE('',*,*,#730,.F.);
#521=ORIENTED_EDGE('',*,*,#651,.F.);
#522=ORIENTED_EDGE('',*,*,#676,.F.);
#523=ORIENTED_EDGE('',*,*,#652,.F.);
#524=ORIENTED_EDGE('',*,*,#731,.F.);
#525=ORIENTED_EDGE('',*,*,#566,.F.);
#526=ORIENTED_EDGE('',*,*,#729,.T.);
#527=ORIENTED_EDGE('',*,*,#728,.T.);
#528=ORIENTED_EDGE('',*,*,#732,.F.);
#529=ORIENTED_EDGE('',*,*,#731,.T.);
#530=ORIENTED_EDGE('',*,*,#730,.T.);
#531=ORIENTED_EDGE('',*,*,#733,.F.);
#532=ORIENTED_EDGE('',*,*,#567,.T.);
#533=ORIENTED_EDGE('',*,*,#732,.T.);
#534=ORIENTED_EDGE('',*,*,#647,.F.);
#535=ORIENTED_EDGE('',*,*,#734,.F.);
#536=ORIENTED_EDGE('',*,*,#643,.F.);
#537=ORIENTED_EDGE('',*,*,#733,.T.);
#538=ORIENTED_EDGE('',*,*,#644,.F.);
#539=ORIENTED_EDGE('',*,*,#735,.F.);
#540=ORIENTED_EDGE('',*,*,#568,.F.);
#541=ORIENTED_EDGE('',*,*,#735,.T.);
#542=ORIENTED_EDGE('',*,*,#734,.T.);
#543=ORIENTED_EDGE('',*,*,#736,.F.);
#544=ORIENTED_EDGE('',*,*,#559,.T.);
#545=ORIENTED_EDGE('',*,*,#673,.F.);
#546=ORIENTED_EDGE('',*,*,#560,.F.);
#547=ORIENTED_EDGE('',*,*,#736,.T.);
#548=ORIENTED_EDGE('',*,*,#646,.F.);
#549=EDGE_CURVE('',#737,#738,#852,.F.);
#550=EDGE_CURVE('',#738,#739,#149,.F.);
#551=EDGE_CURVE('',#739,#740,#853,.T.);
#552=EDGE_CURVE('',#740,#741,#854,.F.);
#553=EDGE_CURVE('',#741,#742,#855,.T.);
#554=EDGE_CURVE('',#743,#742,#856,.F.);
#555=EDGE_CURVE('',#743,#744,#857,.T.);
#556=EDGE_CURVE('',#745,#744,#78,.T.);
#557=EDGE_CURVE('',#745,#746,#858,.F.);
#558=EDGE_CURVE('',#737,#746,#79,.T.);
#559=EDGE_CURVE('',#747,#748,#80,.F.);
#560=EDGE_CURVE('',#747,#749,#859,.F.);
#561=EDGE_CURVE('',#749,#750,#860,.F.);
#562=EDGE_CURVE('',#751,#750,#861,.T.);
#563=EDGE_CURVE('',#752,#751,#862,.F.);
#564=EDGE_CURVE('',#753,#752,#863,.T.);
#565=EDGE_CURVE('',#753,#754,#864,.F.);
#566=EDGE_CURVE('',#754,#755,#865,.T.);
#567=EDGE_CURVE('',#756,#755,#81,.F.);
#568=EDGE_CURVE('',#756,#748,#866,.T.);
#569=EDGE_CURVE('',#739,#757,#150,.T.);
#570=EDGE_CURVE('',#757,#753,#70,.T.);
#571=EDGE_CURVE('',#740,#752,#71,.F.);
#572=EDGE_CURVE('',#750,#742,#72,.T.);
#573=EDGE_CURVE('',#751,#741,#73,.F.);
#574=EDGE_CURVE('',#758,#759,#82,.T.);
#575=EDGE_CURVE('',#758,#760,#867,.F.);
#576=EDGE_CURVE('',#761,#760,#868,.F.);
#577=EDGE_CURVE('',#762,#761,#869,.T.);
#578=EDGE_CURVE('',#762,#763,#870,.F.);
#579=EDGE_CURVE('',#764,#763,#871,.T.);
#580=EDGE_CURVE('',#765,#764,#872,.F.);
#581=EDGE_CURVE('',#765,#766,#873,.T.);
#582=EDGE_CURVE('',#767,#766,#83,.T.);
#583=EDGE_CURVE('',#767,#759,#874,.F.);
#584=EDGE_CURVE('',#768,#769,#875,.T.);
#585=EDGE_CURVE('',#769,#770,#876,.F.);
#586=EDGE_CURVE('',#770,#771,#877,.T.);
#587=EDGE_CURVE('',#772,#771,#84,.F.);
#588=EDGE_CURVE('',#772,#773,#878,.T.);
#589=EDGE_CURVE('',#773,#774,#85,.T.);
#590=EDGE_CURVE('',#774,#775,#879,.F.);
#591=EDGE_CURVE('',#775,#776,#880,.T.);
#592=EDGE_CURVE('',#768,#776,#881,.F.);
#593=EDGE_CURVE('',#764,#775,#74,.T.);
#594=EDGE_CURVE('',#763,#776,#75,.F.);
#595=EDGE_CURVE('',#769,#761,#76,.T.);
#596=EDGE_CURVE('',#768,#762,#77,.F.);
#597=EDGE_CURVE('',#777,#777,#86,.T.);
#598=EDGE_CURVE('',#778,#778,#87,.T.);
#599=EDGE_CURVE('',#779,#780,#882,.F.);
#600=EDGE_CURVE('',#780,#781,#883,.T.);
#601=EDGE_CURVE('',#781,#782,#884,.F.);
#602=EDGE_CURVE('',#782,#779,#885,.F.);
#603=EDGE_CURVE('',#783,#783,#151,.T.);
#604=EDGE_CURVE('',#784,#784,#88,.T.);
#605=EDGE_CURVE('',#785,#786,#886,.T.);
#606=EDGE_CURVE('',#786,#787,#887,.F.);
#607=EDGE_CURVE('',#787,#788,#888,.F.);
#608=EDGE_CURVE('',#788,#785,#889,.T.);
#609=EDGE_CURVE('',#789,#790,#89,.T.);
#610=EDGE_CURVE('',#790,#791,#152,.T.);
#611=EDGE_CURVE('',#791,#792,#890,.F.);
#612=EDGE_CURVE('',#792,#789,#891,.T.);
#613=EDGE_CURVE('',#793,#794,#892,.T.);
#614=EDGE_CURVE('',#794,#795,#893,.F.);
#615=EDGE_CURVE('',#796,#795,#90,.T.);
#616=EDGE_CURVE('',#796,#793,#894,.F.);
#617=EDGE_CURVE('',#797,#798,#91,.T.);
#618=EDGE_CURVE('',#797,#799,#895,.T.);
#619=EDGE_CURVE('',#799,#800,#896,.T.);
#620=EDGE_CURVE('',#800,#798,#897,.T.);
#621=EDGE_CURVE('',#801,#802,#92,.T.);
#622=EDGE_CURVE('',#802,#803,#898,.F.);
#623=EDGE_CURVE('',#803,#804,#899,.F.);
#624=EDGE_CURVE('',#804,#801,#900,.F.);
#625=EDGE_CURVE('',#805,#806,#901,.F.);
#626=EDGE_CURVE('',#805,#807,#902,.F.);
#627=EDGE_CURVE('',#807,#808,#903,.T.);
#628=EDGE_CURVE('',#808,#806,#904,.T.);
#629=EDGE_CURVE('',#809,#809,#153,.T.);
#630=EDGE_CURVE('',#810,#810,#93,.T.);
#631=EDGE_CURVE('',#811,#812,#905,.F.);
#632=EDGE_CURVE('',#812,#813,#906,.F.);
#633=EDGE_CURVE('',#813,#814,#907,.T.);
#634=EDGE_CURVE('',#814,#811,#908,.T.);
#635=EDGE_CURVE('',#815,#816,#909,.F.);
#636=EDGE_CURVE('',#816,#817,#910,.F.);
#637=EDGE_CURVE('',#817,#818,#911,.F.);
#638=EDGE_CURVE('',#818,#815,#912,.T.);
#639=EDGE_CURVE('',#819,#819,#154,.T.);
#640=EDGE_CURVE('',#820,#820,#94,.T.);
#641=EDGE_CURVE('',#821,#822,#913,.F.);
#642=EDGE_CURVE('',#822,#823,#914,.T.);
#643=EDGE_CURVE('',#823,#824,#915,.T.);
#644=EDGE_CURVE('',#824,#821,#916,.F.);
#645=EDGE_CURVE('',#825,#826,#95,.T.);
#646=EDGE_CURVE('',#826,#827,#917,.T.);
#647=EDGE_CURVE('',#827,#828,#918,.F.);
#648=EDGE_CURVE('',#828,#825,#919,.T.);
#649=EDGE_CURVE('',#829,#830,#96,.T.);
#650=EDGE_CURVE('',#829,#831,#920,.F.);
#651=EDGE_CURVE('',#831,#832,#921,.T.);
#652=EDGE_CURVE('',#832,#830,#922,.F.);
#653=EDGE_CURVE('',#833,#834,#97,.F.);
#654=EDGE_CURVE('',#834,#835,#923,.T.);
#655=EDGE_CURVE('',#835,#836,#924,.T.);
#656=EDGE_CURVE('',#836,#833,#925,.T.);
#657=EDGE_CURVE('',#837,#838,#926,.F.);
#658=EDGE_CURVE('',#838,#839,#927,.F.);
#659=EDGE_CURVE('',#839,#840,#98,.T.);
#660=EDGE_CURVE('',#840,#837,#928,.F.);
#661=EDGE_CURVE('',#841,#841,#155,.T.);
#662=EDGE_CURVE('',#842,#842,#99,.T.);
#663=EDGE_CURVE('',#843,#844,#929,.T.);
#664=EDGE_CURVE('',#844,#845,#930,.T.);
#665=EDGE_CURVE('',#846,#845,#931,.F.);
#666=EDGE_CURVE('',#846,#843,#932,.F.);
#667=EDGE_CURVE('',#847,#848,#933,.F.);
#668=EDGE_CURVE('',#848,#849,#934,.F.);
#669=EDGE_CURVE('',#849,#850,#935,.T.);
#670=EDGE_CURVE('',#850,#847,#936,.T.);
#671=EDGE_CURVE('',#845,#840,#156,.T.);
#672=EDGE_CURVE('',#839,#743,#157,.T.);
#673=EDGE_CURVE('',#749,#826,#158,.T.);
#674=EDGE_CURVE('',#825,#816,#159,.T.);
#675=EDGE_CURVE('',#815,#829,#160,.T.);
#676=EDGE_CURVE('',#830,#754,#161,.T.);
#677=EDGE_CURVE('',#757,#851,#162,.T.);
#678=EDGE_CURVE('',#851,#846,#100,.T.);
#679=EDGE_CURVE('',#781,#796,#163,.T.);
#680=EDGE_CURVE('',#795,#770,#164,.T.);
#681=EDGE_CURVE('',#760,#797,#165,.T.);
#682=EDGE_CURVE('',#798,#805,#166,.T.);
#683=EDGE_CURVE('',#806,#802,#167,.T.);
#684=EDGE_CURVE('',#801,#765,#168,.T.);
#685=EDGE_CURVE('',#774,#790,#169,.T.);
#686=EDGE_CURVE('',#789,#782,#170,.T.);
#687=EDGE_CURVE('',#779,#792,#101,.T.);
#688=EDGE_CURVE('',#779,#785,#102,.F.);
#689=EDGE_CURVE('',#785,#792,#103,.F.);
#690=EDGE_CURVE('',#786,#791,#104,.T.);
#691=EDGE_CURVE('',#780,#788,#105,.T.);
#692=EDGE_CURVE('',#793,#780,#106,.T.);
#693=EDGE_CURVE('',#786,#773,#107,.T.);
#694=EDGE_CURVE('',#793,#788,#108,.F.);
#695=EDGE_CURVE('',#787,#772,#109,.T.);
#696=EDGE_CURVE('',#794,#787,#110,.T.);
#697=EDGE_CURVE('',#794,#771,#111,.F.);
#698=EDGE_CURVE('',#803,#808,#112,.T.);
#699=EDGE_CURVE('',#803,#811,#113,.F.);
#700=EDGE_CURVE('',#811,#808,#114,.F.);
#701=EDGE_CURVE('',#807,#800,#115,.T.);
#702=EDGE_CURVE('',#812,#807,#116,.T.);
#703=EDGE_CURVE('',#804,#814,#117,.F.);
#704=EDGE_CURVE('',#766,#804,#118,.T.);
#705=EDGE_CURVE('',#812,#800,#119,.F.);
#706=EDGE_CURVE('',#767,#814,#120,.F.);
#707=EDGE_CURVE('',#813,#799,#121,.F.);
#708=EDGE_CURVE('',#759,#813,#122,.T.);
#709=EDGE_CURVE('',#758,#799,#123,.F.);
#710=EDGE_CURVE('',#834,#851,#124,.T.);
#711=EDGE_CURVE('',#846,#833,#171,.T.);
#712=EDGE_CURVE('',#843,#836,#125,.T.);
#713=EDGE_CURVE('',#834,#738,#172,.T.);
#714=EDGE_CURVE('',#843,#848,#126,.F.);
#715=EDGE_CURVE('',#848,#836,#127,.F.);
#716=EDGE_CURVE('',#835,#737,#128,.T.);
#717=EDGE_CURVE('',#849,#835,#129,.F.);
#718=EDGE_CURVE('',#844,#847,#130,.T.);
#719=EDGE_CURVE('',#837,#844,#131,.T.);
#720=EDGE_CURVE('',#849,#746,#132,.F.);
#721=EDGE_CURVE('',#837,#847,#133,.F.);
#722=EDGE_CURVE('',#850,#745,#134,.T.);
#723=EDGE_CURVE('',#838,#850,#135,.F.);
#724=EDGE_CURVE('',#838,#744,#136,.F.);
#725=EDGE_CURVE('',#831,#818,#137,.T.);
#726=EDGE_CURVE('',#831,#822,#138,.F.);
#727=EDGE_CURVE('',#822,#818,#139,.F.);
#728=EDGE_CURVE('',#817,#828,#140,.T.);
#729=EDGE_CURVE('',#823,#817,#141,.T.);
#730=EDGE_CURVE('',#832,#821,#142,.T.);
#731=EDGE_CURVE('',#755,#832,#143,.T.);
#732=EDGE_CURVE('',#823,#828,#144,.F.);
#733=EDGE_CURVE('',#756,#821,#145,.F.);
#734=EDGE_CURVE('',#824,#827,#146,.T.);
#735=EDGE_CURVE('',#748,#824,#147,.T.);
#736=EDGE_CURVE('',#747,#827,#148,.F.);
#737=VERTEX_POINT('',#1905);
#738=VERTEX_POINT('',#1906);
#739=VERTEX_POINT('',#1912);
#740=VERTEX_POINT('',#1914);
#741=VERTEX_POINT('',#1916);
#742=VERTEX_POINT('',#1918);
#743=VERTEX_POINT('',#1920);
#744=VERTEX_POINT('',#1922);
#745=VERTEX_POINT('',#1924);
#746=VERTEX_POINT('',#1926);
#747=VERTEX_POINT('',#1930);
#748=VERTEX_POINT('',#1931);
#749=VERTEX_POINT('',#1933);
#750=VERTEX_POINT('',#1935);
#751=VERTEX_POINT('',#1937);
#752=VERTEX_POINT('',#1939);
#753=VERTEX_POINT('',#1941);
#754=VERTEX_POINT('',#1943);
#755=VERTEX_POINT('',#1945);
#756=VERTEX_POINT('',#1947);
#757=VERTEX_POINT('',#1954);
#758=VERTEX_POINT('',#1962);
#759=VERTEX_POINT('',#1963);
#760=VERTEX_POINT('',#1965);
#761=VERTEX_POINT('',#1967);
#762=VERTEX_POINT('',#1969);
#763=VERTEX_POINT('',#1971);
#764=VERTEX_POINT('',#1973);
#765=VERTEX_POINT('',#1975);
#766=VERTEX_POINT('',#1977);
#767=VERTEX_POINT('',#1979);
#768=VERTEX_POINT('',#1983);
#769=VERTEX_POINT('',#1984);
#770=VERTEX_POINT('',#1986);
#771=VERTEX_POINT('',#1988);
#772=VERTEX_POINT('',#1990);
#773=VERTEX_POINT('',#1992);
#774=VERTEX_POINT('',#1994);
#775=VERTEX_POINT('',#1996);
#776=VERTEX_POINT('',#1998);
#777=VERTEX_POINT('',#2008);
#778=VERTEX_POINT('',#2011);
#779=VERTEX_POINT('',#2015);
#780=VERTEX_POINT('',#2016);
#781=VERTEX_POINT('',#2018);
#782=VERTEX_POINT('',#2020);
#783=VERTEX_POINT('',#2034);
#784=VERTEX_POINT('',#2036);
#785=VERTEX_POINT('',#2039);
#786=VERTEX_POINT('',#2040);
#787=VERTEX_POINT('',#2042);
#788=VERTEX_POINT('',#2044);
#789=VERTEX_POINT('',#2048);
#790=VERTEX_POINT('',#2049);
#791=VERTEX_POINT('',#2054);
#792=VERTEX_POINT('',#2056);
#793=VERTEX_POINT('',#2060);
#794=VERTEX_POINT('',#2061);
#795=VERTEX_POINT('',#2063);
#796=VERTEX_POINT('',#2065);
#797=VERTEX_POINT('',#2069);
#798=VERTEX_POINT('',#2070);
#799=VERTEX_POINT('',#2072);
#800=VERTEX_POINT('',#2074);
#801=VERTEX_POINT('',#2078);
#802=VERTEX_POINT('',#2079);
#803=VERTEX_POINT('',#2081);
#804=VERTEX_POINT('',#2083);
#805=VERTEX_POINT('',#2087);
#806=VERTEX_POINT('',#2088);
#807=VERTEX_POINT('',#2090);
#808=VERTEX_POINT('',#2092);
#809=VERTEX_POINT('',#2106);
#810=VERTEX_POINT('',#2108);
#811=VERTEX_POINT('',#2111);
#812=VERTEX_POINT('',#2112);
#813=VERTEX_POINT('',#2114);
#814=VERTEX_POINT('',#2116);
#815=VERTEX_POINT('',#2120);
#816=VERTEX_POINT('',#2121);
#817=VERTEX_POINT('',#2123);
#818=VERTEX_POINT('',#2125);
#819=VERTEX_POINT('',#2139);
#820=VERTEX_POINT('',#2141);
#821=VERTEX_POINT('',#2144);
#822=VERTEX_POINT('',#2145);
#823=VERTEX_POINT('',#2147);
#824=VERTEX_POINT('',#2149);
#825=VERTEX_POINT('',#2153);
#826=VERTEX_POINT('',#2154);
#827=VERTEX_POINT('',#2156);
#828=VERTEX_POINT('',#2158);
#829=VERTEX_POINT('',#2162);
#830=VERTEX_POINT('',#2163);
#831=VERTEX_POINT('',#2165);
#832=VERTEX_POINT('',#2167);
#833=VERTEX_POINT('',#2171);
#834=VERTEX_POINT('',#2172);
#835=VERTEX_POINT('',#2174);
#836=VERTEX_POINT('',#2176);
#837=VERTEX_POINT('',#2180);
#838=VERTEX_POINT('',#2181);
#839=VERTEX_POINT('',#2183);
#840=VERTEX_POINT('',#2185);
#841=VERTEX_POINT('',#2199);
#842=VERTEX_POINT('',#2201);
#843=VERTEX_POINT('',#2204);
#844=VERTEX_POINT('',#2205);
#845=VERTEX_POINT('',#2207);
#846=VERTEX_POINT('',#2209);
#847=VERTEX_POINT('',#2213);
#848=VERTEX_POINT('',#2214);
#849=VERTEX_POINT('',#2216);
#850=VERTEX_POINT('',#2218);
#851=VERTEX_POINT('',#2258);
#852=LINE('',#1904,#937);
#853=LINE('',#1913,#938);
#854=LINE('',#1915,#939);
#855=LINE('',#1917,#940);
#856=LINE('',#1919,#941);
#857=LINE('',#1921,#942);
#858=LINE('',#1925,#943);
#859=LINE('',#1932,#944);
#860=LINE('',#1934,#945);
#861=LINE('',#1936,#946);
#862=LINE('',#1938,#947);
#863=LINE('',#1940,#948);
#864=LINE('',#1942,#949);
#865=LINE('',#1944,#950);
#866=LINE('',#1948,#951);
#867=LINE('',#1964,#952);
#868=LINE('',#1966,#953);
#869=LINE('',#1968,#954);
#870=LINE('',#1970,#955);
#871=LINE('',#1972,#956);
#872=LINE('',#1974,#957);
#873=LINE('',#1976,#958);
#874=LINE('',#1980,#959);
#875=LINE('',#1982,#960);
#876=LINE('',#1985,#961);
#877=LINE('',#1987,#962);
#878=LINE('',#1991,#963);
#879=LINE('',#1995,#964);
#880=LINE('',#1997,#965);
#881=LINE('',#1999,#966);
#882=LINE('',#2014,#967);
#883=LINE('',#2017,#968);
#884=LINE('',#2019,#969);
#885=LINE('',#2021,#970);
#886=LINE('',#2038,#971);
#887=LINE('',#2041,#972);
#888=LINE('',#2043,#973);
#889=LINE('',#2045,#974);
#890=LINE('',#2055,#975);
#891=LINE('',#2057,#976);
#892=LINE('',#2059,#977);
#893=LINE('',#2062,#978);
#894=LINE('',#2066,#979);
#895=LINE('',#2071,#980);
#896=LINE('',#2073,#981);
#897=LINE('',#2075,#982);
#898=LINE('',#2080,#983);
#899=LINE('',#2082,#984);
#900=LINE('',#2084,#985);
#901=LINE('',#2086,#986);
#902=LINE('',#2089,#987);
#903=LINE('',#2091,#988);
#904=LINE('',#2093,#989);
#905=LINE('',#2110,#990);
#906=LINE('',#2113,#991);
#907=LINE('',#2115,#992);
#908=LINE('',#2117,#993);
#909=LINE('',#2119,#994);
#910=LINE('',#2122,#995);
#911=LINE('',#2124,#996);
#912=LINE('',#2126,#997);
#913=LINE('',#2143,#998);
#914=LINE('',#2146,#999);
#915=LINE('',#2148,#1000);
#916=LINE('',#2150,#1001);
#917=LINE('',#2155,#1002);
#918=LINE('',#2157,#1003);
#919=LINE('',#2159,#1004);
#920=LINE('',#2164,#1005);
#921=LINE('',#2166,#1006);
#922=LINE('',#2168,#1007);
#923=LINE('',#2173,#1008);
#924=LINE('',#2175,#1009);
#925=LINE('',#2177,#1010);
#926=LINE('',#2179,#1011);
#927=LINE('',#2182,#1012);
#928=LINE('',#2186,#1013);
#929=LINE('',#2203,#1014);
#930=LINE('',#2206,#1015);
#931=LINE('',#2208,#1016);
#932=LINE('',#2210,#1017);
#933=LINE('',#2212,#1018);
#934=LINE('',#2215,#1019);
#935=LINE('',#2217,#1020);
#936=LINE('',#2219,#1021);
#937=VECTOR('',#1499,1.);
#938=VECTOR('',#1500,1.);
#939=VECTOR('',#1501,1.);
#940=VECTOR('',#1502,1.);
#941=VECTOR('',#1503,1.);
#942=VECTOR('',#1504,1.);
#943=VECTOR('',#1507,1.);
#944=VECTOR('',#1514,1.);
#945=VECTOR('',#1515,1.);
#946=VECTOR('',#1516,1.);
#947=VECTOR('',#1517,1.);
#948=VECTOR('',#1518,1.);
#949=VECTOR('',#1519,1.);
#950=VECTOR('',#1520,1.);
#951=VECTOR('',#1523,1.);
#952=VECTOR('',#1540,1.);
#953=VECTOR('',#1541,1.);
#954=VECTOR('',#1542,1.);
#955=VECTOR('',#1543,1.);
#956=VECTOR('',#1544,1.);
#957=VECTOR('',#1545,1.);
#958=VECTOR('',#1546,1.);
#959=VECTOR('',#1549,1.);
#960=VECTOR('',#1552,1.);
#961=VECTOR('',#1553,1.);
#962=VECTOR('',#1554,1.);
#963=VECTOR('',#1557,1.);
#964=VECTOR('',#1560,1.);
#965=VECTOR('',#1561,1.);
#966=VECTOR('',#1562,1.);
#967=VECTOR('',#1587,1.);
#968=VECTOR('',#1588,1.);
#969=VECTOR('',#1589,1.);
#970=VECTOR('',#1590,1.);
#971=VECTOR('',#1597,1.);
#972=VECTOR('',#1598,1.);
#973=VECTOR('',#1599,1.);
#974=VECTOR('',#1600,1.);
#975=VECTOR('',#1605,1.);
#976=VECTOR('',#1606,1.);
#977=VECTOR('',#1609,1.);
#978=VECTOR('',#1610,1.);
#979=VECTOR('',#1613,1.);
#980=VECTOR('',#1618,1.);
#981=VECTOR('',#1619,1.);
#982=VECTOR('',#1620,1.);
#983=VECTOR('',#1625,1.);
#984=VECTOR('',#1626,1.);
#985=VECTOR('',#1627,1.);
#986=VECTOR('',#1630,1.);
#987=VECTOR('',#1631,1.);
#988=VECTOR('',#1632,1.);
#989=VECTOR('',#1633,1.);
#990=VECTOR('',#1640,1.);
#991=VECTOR('',#1641,1.);
#992=VECTOR('',#1642,1.);
#993=VECTOR('',#1643,1.);
#994=VECTOR('',#1646,1.);
#995=VECTOR('',#1647,1.);
#996=VECTOR('',#1648,1.);
#997=VECTOR('',#1649,1.);
#998=VECTOR('',#1656,1.);
#999=VECTOR('',#1657,1.);
#1000=VECTOR('',#1658,1.);
#1001=VECTOR('',#1659,1.);
#1002=VECTOR('',#1664,1.);
#1003=VECTOR('',#1665,1.);
#1004=VECTOR('',#1666,1.);
#1005=VECTOR('',#1671,1.);
#1006=VECTOR('',#1672,1.);
#1007=VECTOR('',#1673,1.);
#1008=VECTOR('',#1678,1.);
#1009=VECTOR('',#1679,1.);
#1010=VECTOR('',#1680,1.);
#1011=VECTOR('',#1683,1.);
#1012=VECTOR('',#1684,1.);
#1013=VECTOR('',#1687,1.);
#1014=VECTOR('',#1694,1.);
#1015=VECTOR('',#1695,1.);
#1016=VECTOR('',#1696,1.);
#1017=VECTOR('',#1697,1.);
#1018=VECTOR('',#1700,1.);
#1019=VECTOR('',#1701,1.);
#1020=VECTOR('',#1702,1.);
#1021=VECTOR('',#1703,1.);
#1022=EDGE_LOOP('',(#173,#174,#175,#176,#177,#178,#179,#180,#181,#182));
#1023=EDGE_LOOP('',(#183,#184,#185,#186,#187,#188,#189,#190,#191,#192));
#1024=EDGE_LOOP('',(#193,#194,#195,#196,#197));
#1025=EDGE_LOOP('',(#198,#199,#200,#201));
#1026=EDGE_LOOP('',(#202,#203,#204,#205,#206,#207,#208,#209,#210,#211));
#1027=EDGE_LOOP('',(#212,#213,#214,#215,#216,#217,#218,#219,#220));
#1028=EDGE_LOOP('',(#221,#222,#223,#224));
#1029=EDGE_LOOP('',(#225,#226,#227,#228));
#1030=EDGE_LOOP('',(#229));
#1031=EDGE_LOOP('',(#230,#231,#232,#233));
#1032=EDGE_LOOP('',(#234,#235,#236,#237));
#1033=EDGE_LOOP('',(#238));
#1034=EDGE_LOOP('',(#239));
#1035=EDGE_LOOP('',(#240));
#1036=EDGE_LOOP('',(#241,#242,#243,#244));
#1037=EDGE_LOOP('',(#245));
#1038=EDGE_LOOP('',(#246));
#1039=EDGE_LOOP('',(#247,#248,#249,#250));
#1040=EDGE_LOOP('',(#251));
#1041=EDGE_LOOP('',(#252,#253,#254,#255));
#1042=EDGE_LOOP('',(#256,#257,#258,#259));
#1043=EDGE_LOOP('',(#260,#261,#262,#263));
#1044=EDGE_LOOP('',(#264,#265,#266,#267));
#1045=EDGE_LOOP('',(#268,#269,#270,#271));
#1046=EDGE_LOOP('',(#272));
#1047=EDGE_LOOP('',(#273));
#1048=EDGE_LOOP('',(#274,#275,#276,#277));
#1049=EDGE_LOOP('',(#278));
#1050=EDGE_LOOP('',(#279,#280,#281,#282));
#1051=EDGE_LOOP('',(#283));
#1052=EDGE_LOOP('',(#284));
#1053=EDGE_LOOP('',(#285,#286,#287,#288));
#1054=EDGE_LOOP('',(#289));
#1055=EDGE_LOOP('',(#290,#291,#292,#293));
#1056=EDGE_LOOP('',(#294,#295,#296,#297));
#1057=EDGE_LOOP('',(#298,#299,#300,#301));
#1058=EDGE_LOOP('',(#302,#303,#304,#305));
#1059=EDGE_LOOP('',(#306));
#1060=EDGE_LOOP('',(#307));
#1061=EDGE_LOOP('',(#308,#309,#310,#311));
#1062=EDGE_LOOP('',(#312,#313,#314,#315));
#1063=EDGE_LOOP('',(#316));
#1064=EDGE_LOOP('',(#317));
#1065=EDGE_LOOP('',(#318));
#1066=EDGE_LOOP('',(#319,#320,#321,#322,#323,#324,#325,#326,#327,#328,#329,
#330,#331,#332,#333,#334,#335,#336));
#1067=EDGE_LOOP('',(#337));
#1068=EDGE_LOOP('',(#338));
#1069=EDGE_LOOP('',(#339,#340,#341,#342,#343,#344,#345,#346,#347,#348,#349,
#350,#351,#352,#353,#354,#355,#356,#357,#358));
#1070=EDGE_LOOP('',(#359,#360,#361,#362));
#1071=EDGE_LOOP('',(#363,#364,#365));
#1072=EDGE_LOOP('',(#366,#367,#368,#369));
#1073=EDGE_LOOP('',(#370,#371,#372,#373));
#1074=EDGE_LOOP('',(#374,#375,#376,#377));
#1075=EDGE_LOOP('',(#378,#379,#380,#381,#382));
#1076=EDGE_LOOP('',(#383,#384,#385));
#1077=EDGE_LOOP('',(#386,#387,#388,#389));
#1078=EDGE_LOOP('',(#390,#391,#392,#393));
#1079=EDGE_LOOP('',(#394,#395,#396,#397));
#1080=EDGE_LOOP('',(#398,#399,#400,#401));
#1081=EDGE_LOOP('',(#402,#403,#404,#405));
#1082=EDGE_LOOP('',(#406,#407,#408));
#1083=EDGE_LOOP('',(#409,#410,#411,#412));
#1084=EDGE_LOOP('',(#413,#414,#415,#416));
#1085=EDGE_LOOP('',(#417,#418,#419,#420));
#1086=EDGE_LOOP('',(#421,#422,#423,#424));
#1087=EDGE_LOOP('',(#425,#426,#427));
#1088=EDGE_LOOP('',(#428,#429,#430,#431));
#1089=EDGE_LOOP('',(#432,#433,#434,#435));
#1090=EDGE_LOOP('',(#436,#437,#438,#439));
#1091=EDGE_LOOP('',(#440,#441,#442,#443));
#1092=EDGE_LOOP('',(#444,#445,#446,#447));
#1093=EDGE_LOOP('',(#448,#449,#450,#451));
#1094=EDGE_LOOP('',(#452,#453,#454,#455));
#1095=EDGE_LOOP('',(#456,#457,#458,#459,#460));
#1096=EDGE_LOOP('',(#461,#462,#463));
#1097=EDGE_LOOP('',(#464,#465,#466,#467));
#1098=EDGE_LOOP('',(#468,#469,#470,#471));
#1099=EDGE_LOOP('',(#472,#473,#474,#475));
#1100=EDGE_LOOP('',(#476,#477,#478,#479));
#1101=EDGE_LOOP('',(#480,#481,#482,#483));
#1102=EDGE_LOOP('',(#484,#485,#486));
#1103=EDGE_LOOP('',(#487,#488,#489,#490));
#1104=EDGE_LOOP('',(#491,#492,#493,#494));
#1105=EDGE_LOOP('',(#495,#496,#497,#498));
#1106=EDGE_LOOP('',(#499,#500,#501,#502));
#1107=EDGE_LOOP('',(#503,#504,#505,#506));
#1108=EDGE_LOOP('',(#507,#508,#509));
#1109=EDGE_LOOP('',(#510,#511,#512,#513));
#1110=EDGE_LOOP('',(#514,#515,#516,#517));
#1111=EDGE_LOOP('',(#518,#519,#520,#521));
#1112=EDGE_LOOP('',(#522,#523,#524,#525));
#1113=EDGE_LOOP('',(#526,#527,#528));
#1114=EDGE_LOOP('',(#529,#530,#531,#532));
#1115=EDGE_LOOP('',(#533,#534,#535,#536));
#1116=EDGE_LOOP('',(#537,#538,#539,#540));
#1117=EDGE_LOOP('',(#541,#542,#543,#544));
#1118=EDGE_LOOP('',(#545,#546,#547,#548));
#1119=FACE_BOUND('',#1022,.T.);
#1120=FACE_BOUND('',#1023,.T.);
#1121=FACE_BOUND('',#1024,.T.);
#1122=FACE_BOUND('',#1025,.T.);
#1123=FACE_BOUND('',#1026,.T.);
#1124=FACE_BOUND('',#1027,.T.);
#1125=FACE_BOUND('',#1028,.T.);
#1126=FACE_BOUND('',#1029,.T.);
#1127=FACE_BOUND('',#1030,.T.);
#1128=FACE_BOUND('',#1031,.T.);
#1129=FACE_BOUND('',#1032,.T.);
#1130=FACE_BOUND('',#1033,.T.);
#1131=FACE_BOUND('',#1034,.T.);
#1132=FACE_BOUND('',#1035,.T.);
#1133=FACE_BOUND('',#1036,.T.);
#1134=FACE_BOUND('',#1037,.T.);
#1135=FACE_BOUND('',#1038,.T.);
#1136=FACE_BOUND('',#1039,.T.);
#1137=FACE_BOUND('',#1040,.T.);
#1138=FACE_BOUND('',#1041,.T.);
#1139=FACE_BOUND('',#1042,.T.);
#1140=FACE_BOUND('',#1043,.T.);
#1141=FACE_BOUND('',#1044,.T.);
#1142=FACE_BOUND('',#1045,.T.);
#1143=FACE_BOUND('',#1046,.T.);
#1144=FACE_BOUND('',#1047,.T.);
#1145=FACE_BOUND('',#1048,.T.);
#1146=FACE_BOUND('',#1049,.T.);
#1147=FACE_BOUND('',#1050,.T.);
#1148=FACE_BOUND('',#1051,.T.);
#1149=FACE_BOUND('',#1052,.T.);
#1150=FACE_BOUND('',#1053,.T.);
#1151=FACE_BOUND('',#1054,.T.);
#1152=FACE_BOUND('',#1055,.T.);
#1153=FACE_BOUND('',#1056,.T.);
#1154=FACE_BOUND('',#1057,.T.);
#1155=FACE_BOUND('',#1058,.T.);
#1156=FACE_BOUND('',#1059,.T.);
#1157=FACE_BOUND('',#1060,.T.);
#1158=FACE_BOUND('',#1061,.T.);
#1159=FACE_BOUND('',#1062,.T.);
#1160=FACE_BOUND('',#1063,.T.);
#1161=FACE_BOUND('',#1064,.T.);
#1162=FACE_BOUND('',#1065,.T.);
#1163=FACE_BOUND('',#1066,.T.);
#1164=FACE_BOUND('',#1067,.T.);
#1165=FACE_BOUND('',#1068,.T.);
#1166=FACE_BOUND('',#1069,.T.);
#1167=FACE_BOUND('',#1070,.T.);
#1168=FACE_BOUND('',#1071,.T.);
#1169=FACE_BOUND('',#1072,.T.);
#1170=FACE_BOUND('',#1073,.T.);
#1171=FACE_BOUND('',#1074,.T.);
#1172=FACE_BOUND('',#1075,.T.);
#1173=FACE_BOUND('',#1076,.T.);
#1174=FACE_BOUND('',#1077,.T.);
#1175=FACE_BOUND('',#1078,.T.);
#1176=FACE_BOUND('',#1079,.T.);
#1177=FACE_BOUND('',#1080,.T.);
#1178=FACE_BOUND('',#1081,.T.);
#1179=FACE_BOUND('',#1082,.T.);
#1180=FACE_BOUND('',#1083,.T.);
#1181=FACE_BOUND('',#1084,.T.);
#1182=FACE_BOUND('',#1085,.T.);
#1183=FACE_BOUND('',#1086,.T.);
#1184=FACE_BOUND('',#1087,.T.);
#1185=FACE_BOUND('',#1088,.T.);
#1186=FACE_BOUND('',#1089,.T.);
#1187=FACE_BOUND('',#1090,.T.);
#1188=FACE_BOUND('',#1091,.T.);
#1189=FACE_BOUND('',#1092,.T.);
#1190=FACE_BOUND('',#1093,.T.);
#1191=FACE_BOUND('',#1094,.T.);
#1192=FACE_BOUND('',#1095,.T.);
#1193=FACE_BOUND('',#1096,.T.);
#1194=FACE_BOUND('',#1097,.T.);
#1195=FACE_BOUND('',#1098,.T.);
#1196=FACE_BOUND('',#1099,.T.);
#1197=FACE_BOUND('',#1100,.T.);
#1198=FACE_BOUND('',#1101,.T.);
#1199=FACE_BOUND('',#1102,.T.);
#1200=FACE_BOUND('',#1103,.T.);
#1201=FACE_BOUND('',#1104,.T.);
#1202=FACE_BOUND('',#1105,.T.);
#1203=FACE_BOUND('',#1106,.T.);
#1204=FACE_BOUND('',#1107,.T.);
#1205=FACE_BOUND('',#1108,.T.);
#1206=FACE_BOUND('',#1109,.T.);
#1207=FACE_BOUND('',#1110,.T.);
#1208=FACE_BOUND('',#1111,.T.);
#1209=FACE_BOUND('',#1112,.T.);
#1210=FACE_BOUND('',#1113,.T.);
#1211=FACE_BOUND('',#1114,.T.);
#1212=FACE_BOUND('',#1115,.T.);
#1213=FACE_BOUND('',#1116,.T.);
#1214=FACE_BOUND('',#1117,.T.);
#1215=FACE_BOUND('',#1118,.T.);
#1216=PLANE('',#1335);
#1217=PLANE('',#1338);
#1218=PLANE('',#1341);
#1219=PLANE('',#1344);
#1220=PLANE('',#1347);
#1221=PLANE('',#1350);
#1222=PLANE('',#1353);
#1223=PLANE('',#1356);
#1224=PLANE('',#1364);
#1225=PLANE('',#1367);
#1226=PLANE('',#1368);
#1227=PLANE('',#1370);
#1228=PLANE('',#1372);
#1229=PLANE('',#1374);
#1230=PLANE('',#1376);
#1231=PLANE('',#1379);
#1232=PLANE('',#1380);
#1233=PLANE('',#1383);
#1234=PLANE('',#1384);
#1235=PLANE('',#1386);
#1236=PLANE('',#1388);
#1237=PLANE('',#1390);
#1238=PLANE('',#1394);
#1239=PLANE('',#1395);
#1240=ADVANCED_FACE('',(#1119),#1216,.T.);
#1241=ADVANCED_FACE('',(#1120),#1217,.F.);
#1242=ADVANCED_FACE('',(#1121),#1218,.F.);
#1243=ADVANCED_FACE('',(#1122),#1219,.F.);
#1244=ADVANCED_FACE('',(#1123),#1220,.T.);
#1245=ADVANCED_FACE('',(#1124),#1221,.F.);
#1246=ADVANCED_FACE('',(#1125),#1222,.T.);
#1247=ADVANCED_FACE('',(#1126),#1223,.T.);
#1248=ADVANCED_FACE('',(#1127),#60,.T.);
#1249=ADVANCED_FACE('',(#1128,#1129,#1130,#1131),#22,.T.);
#1250=ADVANCED_FACE('',(#1132),#61,.T.);
#1251=ADVANCED_FACE('',(#1133),#1224,.F.);
#1252=ADVANCED_FACE('',(#1134,#1135),#23,.F.);
#1253=ADVANCED_FACE('',(#1136,#1137),#1225,.T.);
#1254=ADVANCED_FACE('',(#1138),#1226,.F.);
#1255=ADVANCED_FACE('',(#1139),#1227,.T.);
#1256=ADVANCED_FACE('',(#1140),#1228,.T.);
#1257=ADVANCED_FACE('',(#1141),#1229,.F.);
#1258=ADVANCED_FACE('',(#1142),#1230,.T.);
#1259=ADVANCED_FACE('',(#1143,#1144),#24,.F.);
#1260=ADVANCED_FACE('',(#1145,#1146),#1231,.T.);
#1261=ADVANCED_FACE('',(#1147),#1232,.F.);
#1262=ADVANCED_FACE('',(#1148,#1149),#25,.F.);
#1263=ADVANCED_FACE('',(#1150,#1151),#1233,.T.);
#1264=ADVANCED_FACE('',(#1152),#1234,.F.);
#1265=ADVANCED_FACE('',(#1153),#1235,.T.);
#1266=ADVANCED_FACE('',(#1154),#1236,.T.);
#1267=ADVANCED_FACE('',(#1155),#1237,.F.);
#1268=ADVANCED_FACE('',(#1156,#1157),#26,.F.);
#1269=ADVANCED_FACE('',(#1158),#1238,.T.);
#1270=ADVANCED_FACE('',(#1159,#1160),#1239,.T.);
#1271=ADVANCED_FACE('',(#1161,#1162,#1163),#27,.F.);
#1272=ADVANCED_FACE('',(#1164,#1165,#1166),#28,.F.);
#1273=ADVANCED_FACE('',(#1167),#29,.T.);
#1274=ADVANCED_FACE('',(#1168),#62,.T.);
#1275=ADVANCED_FACE('',(#1169),#30,.T.);
#1276=ADVANCED_FACE('',(#1170),#31,.T.);
#1277=ADVANCED_FACE('',(#1171),#32,.T.);
#1278=ADVANCED_FACE('',(#1172),#13,.F.);
#1279=ADVANCED_FACE('',(#1173),#63,.T.);
#1280=ADVANCED_FACE('',(#1174),#33,.F.);
#1281=ADVANCED_FACE('',(#1175),#34,.T.);
#1282=ADVANCED_FACE('',(#1176),#14,.F.);
#1283=ADVANCED_FACE('',(#1177),#35,.F.);
#1284=ADVANCED_FACE('',(#1178),#36,.T.);
#1285=ADVANCED_FACE('',(#1179),#64,.T.);
#1286=ADVANCED_FACE('',(#1180),#37,.T.);
#1287=ADVANCED_FACE('',(#1181),#38,.T.);
#1288=ADVANCED_FACE('',(#1182),#39,.T.);
#1289=ADVANCED_FACE('',(#1183),#40,.F.);
#1290=ADVANCED_FACE('',(#1184),#65,.T.);
#1291=ADVANCED_FACE('',(#1185),#15,.F.);
#1292=ADVANCED_FACE('',(#1186),#41,.T.);
#1293=ADVANCED_FACE('',(#1187),#42,.F.);
#1294=ADVANCED_FACE('',(#1188),#16,.F.);
#1295=ADVANCED_FACE('',(#1189),#43,.F.);
#1296=ADVANCED_FACE('',(#1190),#17,.T.);
#1297=ADVANCED_FACE('',(#1191),#44,.T.);
#1298=ADVANCED_FACE('',(#1192),#12,.T.);
#1299=ADVANCED_FACE('',(#1193),#66,.T.);
#1300=ADVANCED_FACE('',(#1194),#45,.F.);
#1301=ADVANCED_FACE('',(#1195),#46,.T.);
#1302=ADVANCED_FACE('',(#1196),#47,.T.);
#1303=ADVANCED_FACE('',(#1197),#48,.T.);
#1304=ADVANCED_FACE('',(#1198),#18,.F.);
#1305=ADVANCED_FACE('',(#1199),#67,.T.);
#1306=ADVANCED_FACE('',(#1200),#49,.F.);
#1307=ADVANCED_FACE('',(#1201),#50,.T.);
#1308=ADVANCED_FACE('',(#1202),#19,.F.);
#1309=ADVANCED_FACE('',(#1203),#51,.F.);
#1310=ADVANCED_FACE('',(#1204),#52,.T.);
#1311=ADVANCED_FACE('',(#1205),#68,.T.);
#1312=ADVANCED_FACE('',(#1206),#53,.T.);
#1313=ADVANCED_FACE('',(#1207),#54,.T.);
#1314=ADVANCED_FACE('',(#1208),#55,.T.);
#1315=ADVANCED_FACE('',(#1209),#56,.F.);
#1316=ADVANCED_FACE('',(#1210),#69,.T.);
#1317=ADVANCED_FACE('',(#1211),#20,.F.);
#1318=ADVANCED_FACE('',(#1212),#57,.T.);
#1319=ADVANCED_FACE('',(#1213),#58,.F.);
#1320=ADVANCED_FACE('',(#1214),#21,.F.);
#1321=ADVANCED_FACE('',(#1215),#59,.F.);
#1322=CLOSED_SHELL('',(#1240,#1241,#1242,#1243,#1244,#1245,#1246,#1247,
#1248,#1249,#1250,#1251,#1252,#1253,#1254,#1255,#1256,#1257,#1258,#1259,
#1260,#1261,#1262,#1263,#1264,#1265,#1266,#1267,#1268,#1269,#1270,#1271,
#1272,#1273,#1274,#1275,#1276,#1277,#1278,#1279,#1280,#1281,#1282,#1283,
#1284,#1285,#1286,#1287,#1288,#1289,#1290,#1291,#1292,#1293,#1294,#1295,
#1296,#1297,#1298,#1299,#1300,#1301,#1302,#1303,#1304,#1305,#1306,#1307,
#1308,#1309,#1310,#1311,#1312,#1313,#1314,#1315,#1316,#1317,#1318,#1319,
#1320,#1321));
#1323=STYLED_ITEM('',(#1324),#1331);
#1324=PRESENTATION_STYLE_ASSIGNMENT((#1325));
#1325=SURFACE_STYLE_USAGE(.BOTH.,#1326);
#1326=SURFACE_SIDE_STYLE('',(#1327));
#1327=SURFACE_STYLE_FILL_AREA(#1328);
#1328=FILL_AREA_STYLE('',(#1329));
#1329=FILL_AREA_STYLE_COLOUR('',#1330);
#1330=COLOUR_RGB('',0.647058823529412,0.647058823529412,0.647058823529412);
#1331=MANIFOLD_SOLID_BREP('Large Handle',#1322);
#1332=SHAPE_DEFINITION_REPRESENTATION(#2434,#1333);
#1333=SHAPE_REPRESENTATION('Large Handle',(#1334),#2429);
#1334=AXIS2_PLACEMENT_3D('',#1902,#1495,#1496);
#1335=AXIS2_PLACEMENT_3D('',#1903,#1497,#1498);
#1336=AXIS2_PLACEMENT_3D('',#1923,#1505,#1506);
#1337=AXIS2_PLACEMENT_3D('',#1927,#1508,#1509);
#1338=AXIS2_PLACEMENT_3D('',#1928,#1510,#1511);
#1339=AXIS2_PLACEMENT_3D('',#1929,#1512,#1513);
#1340=AXIS2_PLACEMENT_3D('',#1946,#1521,#1522);
#1341=AXIS2_PLACEMENT_3D('',#1949,#1524,#1525);
#1342=AXIS2_PLACEMENT_3D('',#1955,#1526,#1527);
#1343=AXIS2_PLACEMENT_3D('',#1956,#1528,#1529);
#1344=AXIS2_PLACEMENT_3D('',#1957,#1530,#1531);
#1345=AXIS2_PLACEMENT_3D('',#1958,#1532,#1533);
#1346=AXIS2_PLACEMENT_3D('',#1959,#1534,#1535);
#1347=AXIS2_PLACEMENT_3D('',#1960,#1536,#1537);
#1348=AXIS2_PLACEMENT_3D('',#1961,#1538,#1539);
#1349=AXIS2_PLACEMENT_3D('',#1978,#1547,#1548);
#1350=AXIS2_PLACEMENT_3D('',#1981,#1550,#1551);
#1351=AXIS2_PLACEMENT_3D('',#1989,#1555,#1556);
#1352=AXIS2_PLACEMENT_3D('',#1993,#1558,#1559);
#1353=AXIS2_PLACEMENT_3D('',#2000,#1563,#1564);
#1354=AXIS2_PLACEMENT_3D('',#2001,#1565,#1566);
#1355=AXIS2_PLACEMENT_3D('',#2002,#1567,#1568);
#1356=AXIS2_PLACEMENT_3D('',#2003,#1569,#1570);
#1357=AXIS2_PLACEMENT_3D('',#2004,#1571,#1572);
#1358=AXIS2_PLACEMENT_3D('',#2005,#1573,#1574);
#1359=AXIS2_PLACEMENT_3D('',#2006,#1575,#1576);
#1360=AXIS2_PLACEMENT_3D('',#2007,#1577,#1578);
#1361=AXIS2_PLACEMENT_3D('',#2009,#1579,#1580);
#1362=AXIS2_PLACEMENT_3D('',#2010,#1581,#1582);
#1363=AXIS2_PLACEMENT_3D('',#2012,#1583,#1584);
#1364=AXIS2_PLACEMENT_3D('',#2013,#1585,#1586);
#1365=AXIS2_PLACEMENT_3D('',#2022,#1591,#1592);
#1366=AXIS2_PLACEMENT_3D('',#2035,#1593,#1594);
#1367=AXIS2_PLACEMENT_3D('',#2037,#1595,#1596);
#1368=AXIS2_PLACEMENT_3D('',#2046,#1601,#1602);
#1369=AXIS2_PLACEMENT_3D('',#2047,#1603,#1604);
#1370=AXIS2_PLACEMENT_3D('',#2058,#1607,#1608);
#1371=AXIS2_PLACEMENT_3D('',#2064,#1611,#1612);
#1372=AXIS2_PLACEMENT_3D('',#2067,#1614,#1615);
#1373=AXIS2_PLACEMENT_3D('',#2068,#1616,#1617);
#1374=AXIS2_PLACEMENT_3D('',#2076,#1621,#1622);
#1375=AXIS2_PLACEMENT_3D('',#2077,#1623,#1624);
#1376=AXIS2_PLACEMENT_3D('',#2085,#1628,#1629);
#1377=AXIS2_PLACEMENT_3D('',#2094,#1634,#1635);
#1378=AXIS2_PLACEMENT_3D('',#2107,#1636,#1637);
#1379=AXIS2_PLACEMENT_3D('',#2109,#1638,#1639);
#1380=AXIS2_PLACEMENT_3D('',#2118,#1644,#1645);
#1381=AXIS2_PLACEMENT_3D('',#2127,#1650,#1651);
#1382=AXIS2_PLACEMENT_3D('',#2140,#1652,#1653);
#1383=AXIS2_PLACEMENT_3D('',#2142,#1654,#1655);
#1384=AXIS2_PLACEMENT_3D('',#2151,#1660,#1661);
#1385=AXIS2_PLACEMENT_3D('',#2152,#1662,#1663);
#1386=AXIS2_PLACEMENT_3D('',#2160,#1667,#1668);
#1387=AXIS2_PLACEMENT_3D('',#2161,#1669,#1670);
#1388=AXIS2_PLACEMENT_3D('',#2169,#1674,#1675);
#1389=AXIS2_PLACEMENT_3D('',#2170,#1676,#1677);
#1390=AXIS2_PLACEMENT_3D('',#2178,#1681,#1682);
#1391=AXIS2_PLACEMENT_3D('',#2184,#1685,#1686);
#1392=AXIS2_PLACEMENT_3D('',#2187,#1688,#1689);
#1393=AXIS2_PLACEMENT_3D('',#2200,#1690,#1691);
#1394=AXIS2_PLACEMENT_3D('',#2202,#1692,#1693);
#1395=AXIS2_PLACEMENT_3D('',#2211,#1698,#1699);
#1396=AXIS2_PLACEMENT_3D('',#2220,#1704,#1705);
#1397=AXIS2_PLACEMENT_3D('',#2259,#1706,#1707);
#1398=AXIS2_PLACEMENT_3D('',#2260,#1708,#1709);
#1399=AXIS2_PLACEMENT_3D('',#2300,#1710,#1711);
#1400=AXIS2_PLACEMENT_3D('',#2301,#1712,#1713);
#1401=AXIS2_PLACEMENT_3D('',#2302,#1714,#1715);
#1402=AXIS2_PLACEMENT_3D('',#2303,#1716,#1717);
#1403=AXIS2_PLACEMENT_3D('',#2304,#1718,#1719);
#1404=AXIS2_PLACEMENT_3D('',#2305,#1720,#1721);
#1405=AXIS2_PLACEMENT_3D('',#2306,#1722,#1723);
#1406=AXIS2_PLACEMENT_3D('',#2307,#1724,#1725);
#1407=AXIS2_PLACEMENT_3D('',#2308,#1726,#1727);
#1408=AXIS2_PLACEMENT_3D('',#2309,#1728,#1729);
#1409=AXIS2_PLACEMENT_3D('',#2310,#1730,#1731);
#1410=AXIS2_PLACEMENT_3D('',#2311,#1732,#1733);
#1411=AXIS2_PLACEMENT_3D('',#2312,#1734,#1735);
#1412=AXIS2_PLACEMENT_3D('',#2313,#1736,#1737);
#1413=AXIS2_PLACEMENT_3D('',#2314,#1738,#1739);
#1414=AXIS2_PLACEMENT_3D('',#2315,#1740,#1741);
#1415=AXIS2_PLACEMENT_3D('',#2316,#1742,#1743);
#1416=AXIS2_PLACEMENT_3D('',#2317,#1744,#1745);
#1417=AXIS2_PLACEMENT_3D('',#2318,#1746,#1747);
#1418=AXIS2_PLACEMENT_3D('',#2319,#1748,#1749);
#1419=AXIS2_PLACEMENT_3D('',#2320,#1750,#1751);
#1420=AXIS2_PLACEMENT_3D('',#2321,#1752,#1753);
#1421=AXIS2_PLACEMENT_3D('',#2322,#1754,#1755);
#1422=AXIS2_PLACEMENT_3D('',#2323,#1756,#1757);
#1423=AXIS2_PLACEMENT_3D('',#2324,#1758,#1759);
#1424=AXIS2_PLACEMENT_3D('',#2325,#1760,#1761);
#1425=AXIS2_PLACEMENT_3D('',#2326,#1762,#1763);
#1426=AXIS2_PLACEMENT_3D('',#2327,#1764,#1765);
#1427=AXIS2_PLACEMENT_3D('',#2328,#1766,#1767);
#1428=AXIS2_PLACEMENT_3D('',#2329,#1768,#1769);
#1429=AXIS2_PLACEMENT_3D('',#2330,#1770,#1771);
#1430=AXIS2_PLACEMENT_3D('',#2331,#1772,#1773);
#1431=AXIS2_PLACEMENT_3D('',#2332,#1774,#1775);
#1432=AXIS2_PLACEMENT_3D('',#2333,#1776,#1777);
#1433=AXIS2_PLACEMENT_3D('',#2334,#1778,#1779);
#1434=AXIS2_PLACEMENT_3D('',#2335,#1780,#1781);
#1435=AXIS2_PLACEMENT_3D('',#2336,#1782,#1783);
#1436=AXIS2_PLACEMENT_3D('',#2337,#1784,#1785);
#1437=AXIS2_PLACEMENT_3D('',#2338,#1786,#1787);
#1438=AXIS2_PLACEMENT_3D('',#2339,#1788,#1789);
#1439=AXIS2_PLACEMENT_3D('',#2340,#1790,#1791);
#1440=AXIS2_PLACEMENT_3D('',#2341,#1792,#1793);
#1441=AXIS2_PLACEMENT_3D('',#2342,#1794,#1795);
#1442=AXIS2_PLACEMENT_3D('',#2343,#1796,#1797);
#1443=AXIS2_PLACEMENT_3D('',#2344,#1798,#1799);
#1444=AXIS2_PLACEMENT_3D('',#2345,#1800,#1801);
#1445=AXIS2_PLACEMENT_3D('',#2346,#1802,#1803);
#1446=AXIS2_PLACEMENT_3D('',#2347,#1804,#1805);
#1447=AXIS2_PLACEMENT_3D('',#2354,#1806,#1807);
#1448=AXIS2_PLACEMENT_3D('',#2355,#1808,#1809);
#1449=AXIS2_PLACEMENT_3D('',#2382,#1810,#1811);
#1450=AXIS2_PLACEMENT_3D('',#2383,#1812,#1813);
#1451=AXIS2_PLACEMENT_3D('',#2384,#1814,#1815);
#1452=AXIS2_PLACEMENT_3D('',#2385,#1816,#1817);
#1453=AXIS2_PLACEMENT_3D('',#2386,#1818,#1819);
#1454=AXIS2_PLACEMENT_3D('',#2387,#1820,#1821);
#1455=AXIS2_PLACEMENT_3D('',#2388,#1822,#1823);
#1456=AXIS2_PLACEMENT_3D('',#2389,#1824,#1825);
#1457=AXIS2_PLACEMENT_3D('',#2390,#1826,#1827);
#1458=AXIS2_PLACEMENT_3D('',#2391,#1828,#1829);
#1459=AXIS2_PLACEMENT_3D('',#2392,#1830,#1831);
#1460=AXIS2_PLACEMENT_3D('',#2393,#1832,#1833);
#1461=AXIS2_PLACEMENT_3D('',#2394,#1834,#1835);
#1462=AXIS2_PLACEMENT_3D('',#2395,#1836,#1837);
#1463=AXIS2_PLACEMENT_3D('',#2396,#1838,#1839);
#1464=AXIS2_PLACEMENT_3D('',#2397,#1840,#1841);
#1465=AXIS2_PLACEMENT_3D('',#2398,#1842,#1843);
#1466=AXIS2_PLACEMENT_3D('',#2399,#1844,#1845);
#1467=AXIS2_PLACEMENT_3D('',#2400,#1846,#1847);
#1468=AXIS2_PLACEMENT_3D('',#2401,#1848,#1849);
#1469=AXIS2_PLACEMENT_3D('',#2402,#1850,#1851);
#1470=AXIS2_PLACEMENT_3D('',#2403,#1852,#1853);
#1471=AXIS2_PLACEMENT_3D('',#2404,#1854,#1855);
#1472=AXIS2_PLACEMENT_3D('',#2405,#1856,#1857);
#1473=AXIS2_PLACEMENT_3D('',#2406,#1858,#1859);
#1474=AXIS2_PLACEMENT_3D('',#2407,#1860,#1861);
#1475=AXIS2_PLACEMENT_3D('',#2408,#1862,#1863);
#1476=AXIS2_PLACEMENT_3D('',#2409,#1864,#1865);
#1477=AXIS2_PLACEMENT_3D('',#2410,#1866,#1867);
#1478=AXIS2_PLACEMENT_3D('',#2411,#1868,#1869);
#1479=AXIS2_PLACEMENT_3D('',#2412,#1870,#1871);
#1480=AXIS2_PLACEMENT_3D('',#2413,#1872,#1873);
#1481=AXIS2_PLACEMENT_3D('',#2414,#1874,#1875);
#1482=AXIS2_PLACEMENT_3D('',#2415,#1876,#1877);
#1483=AXIS2_PLACEMENT_3D('',#2416,#1878,#1879);
#1484=AXIS2_PLACEMENT_3D('',#2417,#1880,#1881);
#1485=AXIS2_PLACEMENT_3D('',#2418,#1882,#1883);
#1486=AXIS2_PLACEMENT_3D('',#2419,#1884,#1885);
#1487=AXIS2_PLACEMENT_3D('',#2420,#1886,#1887);
#1488=AXIS2_PLACEMENT_3D('',#2421,#1888,#1889);
#1489=AXIS2_PLACEMENT_3D('',#2422,#1890,#1891);
#1490=AXIS2_PLACEMENT_3D('',#2423,#1892,#1893);
#1491=AXIS2_PLACEMENT_3D('',#2424,#1894,#1895);
#1492=AXIS2_PLACEMENT_3D('',#2425,#1896,#1897);
#1493=AXIS2_PLACEMENT_3D('',#2426,#1898,#1899);
#1494=AXIS2_PLACEMENT_3D('',#2427,#1900,#1901);
#1495=DIRECTION('',(0.,0.,1.));
#1496=DIRECTION('',(1.,0.,0.));
#1497=DIRECTION('',(0.,-1.,0.));
#1498=DIRECTION('',(1.,0.,0.));
#1499=DIRECTION('',(0.,0.,1.));
#1500=DIRECTION('',(0.66896473162245,0.,0.743294146247166));
#1501=DIRECTION('',(1.,0.,1.71330713676721E-16));
#1502=DIRECTION('',(-0.66896473162245,0.,-0.743294146247166));
#1503=DIRECTION('',(1.,0.,0.));
#1504=DIRECTION('',(0.,0.,1.));
#1505=DIRECTION('',(0.,-1.,0.));
#1506=DIRECTION('',(0.,0.,-1.));
#1507=DIRECTION('',(-1.,0.,0.));
#1508=DIRECTION('',(0.,-1.,0.));
#1509=DIRECTION('',(0.,0.,-1.));
#1510=DIRECTION('',(0.,-1.,0.));
#1511=DIRECTION('',(1.,0.,0.));
#1512=DIRECTION('',(0.,-1.,0.));
#1513=DIRECTION('',(0.,0.,-1.));
#1514=DIRECTION('',(0.,0.,1.));
#1515=DIRECTION('',(1.,0.,0.));
#1516=DIRECTION('',(-0.66896473162245,0.,-0.743294146247166));
#1517=DIRECTION('',(1.,0.,1.71330713676721E-16));
#1518=DIRECTION('',(0.66896473162245,0.,0.743294146247166));
#1519=DIRECTION('',(1.,0.,0.));
#1520=DIRECTION('',(0.,0.,1.));
#1521=DIRECTION('',(0.,-1.,0.));
#1522=DIRECTION('',(0.,0.,-1.));
#1523=DIRECTION('',(-1.,0.,0.));
#1524=DIRECTION('',(-0.743294146247166,0.,0.66896473162245));
#1525=DIRECTION('',(0.66896473162245,0.,0.743294146247166));
#1526=DIRECTION('',(-0.743294146247166,0.,0.66896473162245));
#1527=DIRECTION('',(0.66896473162245,0.,0.743294146247166));
#1528=DIRECTION('',(-0.743294146247166,0.,0.66896473162245));
#1529=DIRECTION('',(0.66896473162245,0.,0.743294146247166));
#1530=DIRECTION('',(0.743294146247166,0.,-0.66896473162245));
#1531=DIRECTION('',(-0.66896473162245,0.,-0.743294146247166));
#1532=DIRECTION('',(0.743294146247166,0.,-0.66896473162245));
#1533=DIRECTION('',(0.66896473162245,0.,0.743294146247166));
#1534=DIRECTION('',(0.743294146247166,0.,-0.66896473162245));
#1535=DIRECTION('',(0.66896473162245,0.,0.743294146247166));
#1536=DIRECTION('',(0.,-1.,0.));
#1537=DIRECTION('',(1.,0.,0.));
#1538=DIRECTION('',(0.,-1.,0.));
#1539=DIRECTION('',(0.,0.,-1.));
#1540=DIRECTION('',(0.,0.,1.));
#1541=DIRECTION('',(1.,0.,0.));
#1542=DIRECTION('',(-0.66896473162245,0.,-0.743294146247166));
#1543=DIRECTION('',(1.,0.,1.71330713676721E-16));
#1544=DIRECTION('',(0.668964731622449,0.,0.743294146247167));
#1545=DIRECTION('',(1.,0.,0.));
#1546=DIRECTION('',(0.,0.,1.));
#1547=DIRECTION('',(0.,-1.,0.));
#1548=DIRECTION('',(0.,0.,-1.));
#1549=DIRECTION('',(-1.,0.,0.));
#1550=DIRECTION('',(0.,-1.,0.));
#1551=DIRECTION('',(1.,0.,0.));
#1552=DIRECTION('',(-0.66896473162245,0.,-0.743294146247166));
#1553=DIRECTION('',(1.,0.,0.));
#1554=DIRECTION('',(0.,0.,1.));
#1555=DIRECTION('',(0.,-1.,0.));
#1556=DIRECTION('',(0.,0.,-1.));
#1557=DIRECTION('',(-1.,0.,0.));
#1558=DIRECTION('',(0.,-1.,0.));
#1559=DIRECTION('',(0.,0.,-1.));
#1560=DIRECTION('',(1.,0.,0.));
#1561=DIRECTION('',(0.668964731622449,0.,0.743294146247167));
#1562=DIRECTION('',(1.,0.,1.71330713676721E-16));
#1563=DIRECTION('',(-0.743294146247167,0.,0.668964731622449));
#1564=DIRECTION('',(0.66896473162245,0.,0.743294146247167));
#1565=DIRECTION('',(-0.743294146247167,0.,0.668964731622449));
#1566=DIRECTION('',(0.66896473162245,0.,0.743294146247167));
#1567=DIRECTION('',(-0.743294146247167,0.,0.668964731622449));
#1568=DIRECTION('',(0.66896473162245,0.,0.743294146247167));
#1569=DIRECTION('',(0.743294146247166,0.,-0.66896473162245));
#1570=DIRECTION('',(-0.66896473162245,0.,-0.743294146247166));
#1571=DIRECTION('',(0.743294146247166,0.,-0.66896473162245));
#1572=DIRECTION('',(0.66896473162245,0.,0.743294146247166));
#1573=DIRECTION('',(0.743294146247166,0.,-0.66896473162245));
#1574=DIRECTION('',(0.66896473162245,0.,0.743294146247166));
#1575=DIRECTION('',(1.,0.,1.71330713676721E-16));
#1576=DIRECTION('',(-1.71330713676721E-16,0.,1.));
#1577=DIRECTION('',(1.,0.,1.71330713676721E-16));
#1578=DIRECTION('',(1.71330713676721E-16,0.,-1.));
#1579=DIRECTION('',(1.,0.,1.71330713676721E-16));
#1580=DIRECTION('',(1.71330713676721E-16,0.,-1.));
#1581=DIRECTION('',(1.,0.,1.71330713676721E-16));
#1582=DIRECTION('',(1.71330713676721E-16,0.,-1.));
#1583=DIRECTION('',(1.,0.,1.71330713676721E-16));
#1584=DIRECTION('',(-1.71330713676721E-16,0.,1.));
#1585=DIRECTION('',(2.16840434497101E-16,-1.,0.));
#1586=DIRECTION('',(1.,2.16840434497101E-16,0.));
#1587=DIRECTION('',(-1.,-2.16840434497101E-16,0.));
#1588=DIRECTION('',(0.,0.,-1.));
#1589=DIRECTION('',(1.,0.,0.));
#1590=DIRECTION('',(0.,0.,-1.));
#1591=DIRECTION('',(0.,0.,-1.));
#1592=DIRECTION('',(-1.,0.,0.));
#1593=DIRECTION('',(0.,0.,1.));
#1594=DIRECTION('',(1.,0.,0.));
#1595=DIRECTION('',(0.,0.,1.));
#1596=DIRECTION('',(1.,0.,0.));
#1597=DIRECTION('',(3.46944695195362E-16,-1.,0.));
#1598=DIRECTION('',(-1.,0.,0.));
#1599=DIRECTION('',(3.46944695195362E-16,-1.,0.));
#1600=DIRECTION('',(-1.,-2.16840434497101E-16,0.));
#1601=DIRECTION('',(1.,3.46944695195362E-16,0.));
#1602=DIRECTION('',(-3.46944695195362E-16,1.,0.));
#1603=DIRECTION('',(1.,3.46944695195362E-16,0.));
#1604=DIRECTION('',(-3.46944695195362E-16,1.,0.));
#1605=DIRECTION('',(3.46944695195362E-16,-1.,0.));
#1606=DIRECTION('',(0.,0.,-1.));
#1607=DIRECTION('',(1.,3.46944695195362E-16,0.));
#1608=DIRECTION('',(-3.46944695195362E-16,1.,0.));
#1609=DIRECTION('',(3.46944695195362E-16,-1.,0.));
#1610=DIRECTION('',(0.,0.,1.));
#1611=DIRECTION('',(1.,3.46944695195362E-16,0.));
#1612=DIRECTION('',(-3.46944695195362E-16,1.,0.));
#1613=DIRECTION('',(0.,0.,-1.));
#1614=DIRECTION('',(1.,3.46944695195362E-16,0.));
#1615=DIRECTION('',(-3.46944695195362E-16,1.,0.));
#1616=DIRECTION('',(1.,3.46944695195362E-16,0.));
#1617=DIRECTION('',(-3.46944695195362E-16,1.,0.));
#1618=DIRECTION('',(0.,0.,1.));
#1619=DIRECTION('',(3.46944695195362E-16,-1.,0.));
#1620=DIRECTION('',(0.,0.,-1.));
#1621=DIRECTION('',(1.,3.46944695195362E-16,0.));
#1622=DIRECTION('',(-3.46944695195362E-16,1.,0.));
#1623=DIRECTION('',(1.,3.46944695195362E-16,0.));
#1624=DIRECTION('',(-3.46944695195362E-16,1.,0.));
#1625=DIRECTION('',(0.,0.,-1.));
#1626=DIRECTION('',(3.46944695195362E-16,-1.,0.));
#1627=DIRECTION('',(0.,0.,1.));
#1628=DIRECTION('',(2.16840434497101E-16,-1.,0.));
#1629=DIRECTION('',(1.,2.16840434497101E-16,0.));
#1630=DIRECTION('',(1.,0.,0.));
#1631=DIRECTION('',(0.,0.,-1.));
#1632=DIRECTION('',(-1.,-2.16840434497101E-16,0.));
#1633=DIRECTION('',(0.,0.,-1.));
#1634=DIRECTION('',(0.,0.,-1.));
#1635=DIRECTION('',(-1.,0.,0.));
#1636=DIRECTION('',(0.,0.,1.));
#1637=DIRECTION('',(1.,0.,0.));
#1638=DIRECTION('',(0.,0.,1.));
#1639=DIRECTION('',(1.,0.,0.));
#1640=DIRECTION('',(-1.,-2.16840434497101E-16,0.));
#1641=DIRECTION('',(3.46944695195362E-16,-1.,0.));
#1642=DIRECTION('',(-1.,0.,0.));
#1643=DIRECTION('',(3.46944695195362E-16,-1.,0.));
#1644=DIRECTION('',(2.16840434497101E-16,-1.,0.));
#1645=DIRECTION('',(1.,2.16840434497101E-16,0.));
#1646=DIRECTION('',(1.,0.,0.));
#1647=DIRECTION('',(0.,0.,-1.));
#1648=DIRECTION('',(-1.,-2.16840434497101E-16,0.));
#1649=DIRECTION('',(0.,0.,-1.));
#1650=DIRECTION('',(0.,0.,-1.));
#1651=DIRECTION('',(-1.,0.,0.));
#1652=DIRECTION('',(0.,0.,1.));
#1653=DIRECTION('',(1.,0.,0.));
#1654=DIRECTION('',(0.,0.,1.));
#1655=DIRECTION('',(1.,0.,0.));
#1656=DIRECTION('',(0.,-1.,0.));
#1657=DIRECTION('',(-1.,-2.16840434497101E-16,0.));
#1658=DIRECTION('',(0.,-1.,0.));
#1659=DIRECTION('',(-1.,0.,0.));
#1660=DIRECTION('',(1.,0.,0.));
#1661=DIRECTION('',(0.,0.,-1.));
#1662=DIRECTION('',(1.,0.,0.));
#1663=DIRECTION('',(0.,0.,-1.));
#1664=DIRECTION('',(0.,0.,1.));
#1665=DIRECTION('',(0.,-1.,0.));
#1666=DIRECTION('',(0.,0.,-1.));
#1667=DIRECTION('',(1.,0.,0.));
#1668=DIRECTION('',(0.,0.,-1.));
#1669=DIRECTION('',(1.,0.,0.));
#1670=DIRECTION('',(0.,0.,-1.));
#1671=DIRECTION('',(0.,0.,-1.));
#1672=DIRECTION('',(0.,-1.,0.));
#1673=DIRECTION('',(0.,0.,1.));
#1674=DIRECTION('',(1.,0.,0.));
#1675=DIRECTION('',(0.,0.,-1.));
#1676=DIRECTION('',(1.,0.,0.));
#1677=DIRECTION('',(0.,0.,-1.));
#1678=DIRECTION('',(0.,0.,1.));
#1679=DIRECTION('',(0.,-1.,0.));
#1680=DIRECTION('',(0.,0.,-1.));
#1681=DIRECTION('',(1.,0.,0.));
#1682=DIRECTION('',(0.,0.,-1.));
#1683=DIRECTION('',(0.,-1.,0.));
#1684=DIRECTION('',(0.,0.,1.));
#1685=DIRECTION('',(1.,0.,0.));
#1686=DIRECTION('',(0.,0.,-1.));
#1687=DIRECTION('',(0.,0.,-1.));
#1688=DIRECTION('',(0.,0.,-1.));
#1689=DIRECTION('',(-1.,0.,0.));
#1690=DIRECTION('',(0.,0.,1.));
#1691=DIRECTION('',(1.,0.,0.));
#1692=DIRECTION('',(2.16840434497101E-16,-1.,0.));
#1693=DIRECTION('',(1.,2.16840434497101E-16,0.));
#1694=DIRECTION('',(-1.,-2.16840434497101E-16,0.));
#1695=DIRECTION('',(0.,0.,-1.));
#1696=DIRECTION('',(1.,0.,0.));
#1697=DIRECTION('',(0.,0.,-1.));
#1698=DIRECTION('',(0.,0.,1.));
#1699=DIRECTION('',(1.,0.,0.));
#1700=DIRECTION('',(-1.,-2.16840434497101E-16,0.));
#1701=DIRECTION('',(0.,-1.,0.));
#1702=DIRECTION('',(-1.,0.,0.));
#1703=DIRECTION('',(0.,-1.,0.));
#1704=DIRECTION('',(1.,0.,0.));
#1705=DIRECTION('',(0.,0.,-1.));
#1706=DIRECTION('',(1.,0.,0.));
#1707=DIRECTION('',(0.,0.,-1.));
#1708=DIRECTION('',(1.,0.,0.));
#1709=DIRECTION('',(0.,0.,-1.));
#1710=DIRECTION('',(0.,0.,-1.));
#1711=DIRECTION('',(-1.,0.,0.));
#1712=DIRECTION('',(0.,0.,1.));
#1713=DIRECTION('',(1.,0.,0.));
#1714=DIRECTION('',(-1.,0.,0.));
#1715=DIRECTION('',(0.,0.,1.));
#1716=DIRECTION('',(-1.,0.,0.));
#1717=DIRECTION('',(0.,0.,1.));
#1718=DIRECTION('',(0.,1.,0.));
#1719=DIRECTION('',(0.,0.,1.));
#1720=DIRECTION('',(-3.46944695195362E-16,1.,0.));
#1721=DIRECTION('',(-1.,-3.46944695195362E-16,0.));
#1722=DIRECTION('',(0.,-1.,0.));
#1723=DIRECTION('',(0.,0.,-1.));
#1724=DIRECTION('',(1.,2.16840434497101E-16,0.));
#1725=DIRECTION('',(-2.16840434497101E-16,1.,0.));
#1726=DIRECTION('',(1.,0.,0.));
#1727=DIRECTION('',(0.,0.,-1.));
#1728=DIRECTION('',(0.,0.,1.));
#1729=DIRECTION('',(1.,0.,0.));
#1730=DIRECTION('',(0.,0.,1.));
#1731=DIRECTION('',(1.,0.,0.));
#1732=DIRECTION('',(0.,-1.,0.));
#1733=DIRECTION('',(0.,0.,-1.));
#1734=DIRECTION('',(-1.,0.,0.));
#1735=DIRECTION('',(0.,0.,1.));
#1736=DIRECTION('',(0.,1.,0.));
#1737=DIRECTION('',(0.,0.,1.));
#1738=DIRECTION('',(8.67361737988403E-16,1.,0.));
#1739=DIRECTION('',(-1.,8.67361737988403E-16,0.));
#1740=DIRECTION('',(-1.,0.,0.));
#1741=DIRECTION('',(0.,0.,1.));
#1742=DIRECTION('',(-1.,0.,0.));
#1743=DIRECTION('',(0.,0.,1.));
#1744=DIRECTION('',(3.46944695195362E-16,-1.,0.));
#1745=DIRECTION('',(1.,3.46944695195362E-16,0.));
#1746=DIRECTION('',(0.,-1.,0.));
#1747=DIRECTION('',(0.,0.,-1.));
#1748=DIRECTION('',(0.,-1.,0.));
#1749=DIRECTION('',(0.,0.,-1.));
#1750=DIRECTION('',(0.,0.,-1.));
#1751=DIRECTION('',(-1.,0.,0.));
#1752=DIRECTION('',(0.,0.,1.));
#1753=DIRECTION('',(1.,0.,0.));
#1754=DIRECTION('',(0.,0.,1.));
#1755=DIRECTION('',(1.,0.,0.));
#1756=DIRECTION('',(0.,0.,1.));
#1757=DIRECTION('',(1.,0.,0.));
#1758=DIRECTION('',(0.,-1.,0.));
#1759=DIRECTION('',(0.,0.,-1.));
#1760=DIRECTION('',(0.,-1.,0.));
#1761=DIRECTION('',(0.,0.,-1.));
#1762=DIRECTION('',(-1.,0.,0.));
#1763=DIRECTION('',(0.,0.,1.));
#1764=DIRECTION('',(0.,0.,-1.));
#1765=DIRECTION('',(-1.,0.,0.));
#1766=DIRECTION('',(0.,0.,1.));
#1767=DIRECTION('',(1.,0.,0.));
#1768=DIRECTION('',(-1.,-2.16840434497101E-16,0.));
#1769=DIRECTION('',(2.16840434497101E-16,-1.,0.));
#1770=DIRECTION('',(1.,0.,0.));
#1771=DIRECTION('',(0.,0.,-1.));
#1772=DIRECTION('',(-3.46944695195362E-16,1.,0.));
#1773=DIRECTION('',(-1.,-3.46944695195362E-16,0.));
#1774=DIRECTION('',(0.,-1.,0.));
#1775=DIRECTION('',(0.,0.,-1.));
#1776=DIRECTION('',(0.,0.,1.));
#1777=DIRECTION('',(1.,0.,0.));
#1778=DIRECTION('',(0.,0.,-1.));
#1779=DIRECTION('',(-1.,0.,0.));
#1780=DIRECTION('',(0.,-1.,0.));
#1781=DIRECTION('',(0.,0.,-1.));
#1782=DIRECTION('',(0.,-1.,8.67361737988403E-16));
#1783=DIRECTION('',(0.,-8.67361737988403E-16,-1.));
#1784=DIRECTION('',(0.,-1.,0.));
#1785=DIRECTION('',(0.,0.,-1.));
#1786=DIRECTION('',(1.,0.,0.));
#1787=DIRECTION('',(0.,0.,-1.));
#1788=DIRECTION('',(3.46944695195362E-16,-1.,0.));
#1789=DIRECTION('',(1.,3.46944695195362E-16,0.));
#1790=DIRECTION('',(0.,-1.,0.));
#1791=DIRECTION('',(0.,0.,-1.));
#1792=DIRECTION('',(1.,0.,0.));
#1793=DIRECTION('',(0.,0.,-1.));
#1794=DIRECTION('',(-1.,0.,0.));
#1795=DIRECTION('',(0.,0.,1.));
#1796=DIRECTION('',(0.,-1.,0.));
#1797=DIRECTION('',(0.,0.,-1.));
#1798=DIRECTION('',(0.,0.,-1.));
#1799=DIRECTION('',(-1.,0.,0.));
#1800=DIRECTION('',(0.,0.,-1.));
#1801=DIRECTION('',(-1.,0.,0.));
#1802=DIRECTION('',(1.,0.,0.));
#1803=DIRECTION('',(0.,0.,-1.));
#1804=DIRECTION('',(0.,0.998666866022103,0.0516187050359712));
#1805=DIRECTION('',(0.,-0.0516187050359712,0.998666866022103));
#1806=DIRECTION('',(0.,0.,-1.));
#1807=DIRECTION('',(-1.,0.,0.));
#1808=DIRECTION('',(0.,0.,1.));
#1809=DIRECTION('',(1.,0.,0.));
#1810=DIRECTION('',(1.,0.,0.));
#1811=DIRECTION('',(0.,0.,-1.));
#1812=DIRECTION('',(1.,0.,0.));
#1813=DIRECTION('',(0.,0.,-1.));
#1814=DIRECTION('',(0.,-1.,0.));
#1815=DIRECTION('',(0.,0.,-1.));
#1816=DIRECTION('',(0.,0.,-1.));
#1817=DIRECTION('',(-1.,0.,0.));
#1818=DIRECTION('',(0.,0.,-1.));
#1819=DIRECTION('',(-1.,0.,0.));
#1820=DIRECTION('',(0.,-1.,0.));
#1821=DIRECTION('',(0.,0.,-1.));
#1822=DIRECTION('',(0.,-1.,0.));
#1823=DIRECTION('',(0.,0.,-1.));
#1824=DIRECTION('',(-1.,-2.16840434497101E-16,0.));
#1825=DIRECTION('',(2.16840434497101E-16,-1.,0.));
#1826=DIRECTION('',(-1.,0.,0.));
#1827=DIRECTION('',(0.,0.,1.));
#1828=DIRECTION('',(0.,0.,1.));
#1829=DIRECTION('',(1.,0.,0.));
#1830=DIRECTION('',(0.,0.,1.));
#1831=DIRECTION('',(1.,0.,0.));
#1832=DIRECTION('',(0.,-1.,0.));
#1833=DIRECTION('',(0.,0.,-1.));
#1834=DIRECTION('',(-1.,0.,0.));
#1835=DIRECTION('',(0.,0.,1.));
#1836=DIRECTION('',(0.,-1.,0.));
#1837=DIRECTION('',(0.,0.,-1.));
#1838=DIRECTION('',(-8.67361737988403E-16,-1.,0.));
#1839=DIRECTION('',(1.,-8.67361737988403E-16,0.));
#1840=DIRECTION('',(1.,0.,0.));
#1841=DIRECTION('',(0.,0.,-1.));
#1842=DIRECTION('',(1.,0.,0.));
#1843=DIRECTION('',(0.,0.,-1.));
#1844=DIRECTION('',(0.,1.,0.));
#1845=DIRECTION('',(0.,0.,1.));
#1846=DIRECTION('',(0.,-1.,0.));
#1847=DIRECTION('',(0.,0.,-1.));
#1848=DIRECTION('',(0.,-1.,0.));
#1849=DIRECTION('',(0.,0.,-1.));
#1850=DIRECTION('',(0.,0.,-1.));
#1851=DIRECTION('',(-1.,0.,0.));
#1852=DIRECTION('',(0.,0.,1.));
#1853=DIRECTION('',(1.,0.,0.));
#1854=DIRECTION('',(0.,0.,1.));
#1855=DIRECTION('',(1.,0.,0.));
#1856=DIRECTION('',(0.,0.,1.));
#1857=DIRECTION('',(1.,0.,0.));
#1858=DIRECTION('',(0.,1.,0.));
#1859=DIRECTION('',(0.,0.,1.));
#1860=DIRECTION('',(8.67361737988403E-16,1.,0.));
#1861=DIRECTION('',(-1.,8.67361737988403E-16,0.));
#1862=DIRECTION('',(1.,0.,0.));
#1863=DIRECTION('',(0.,0.,-1.));
#1864=DIRECTION('',(0.,0.,-1.));
#1865=DIRECTION('',(-1.,0.,0.));
#1866=DIRECTION('',(0.,0.,1.));
#1867=DIRECTION('',(1.,0.,0.));
#1868=DIRECTION('',(1.,2.16840434497101E-16,0.));
#1869=DIRECTION('',(-2.16840434497101E-16,1.,0.));
#1870=DIRECTION('',(-1.,0.,0.));
#1871=DIRECTION('',(0.,0.,1.));
#1872=DIRECTION('',(0.,-1.,0.));
#1873=DIRECTION('',(0.,0.,-1.));
#1874=DIRECTION('',(0.,-1.,0.));
#1875=DIRECTION('',(0.,0.,-1.));
#1876=DIRECTION('',(0.,0.,1.));
#1877=DIRECTION('',(1.,0.,0.));
#1878=DIRECTION('',(0.,0.,-1.));
#1879=DIRECTION('',(-1.,0.,0.));
#1880=DIRECTION('',(0.,1.,0.));
#1881=DIRECTION('',(0.,0.,1.));
#1882=DIRECTION('',(0.,1.,0.));
#1883=DIRECTION('',(0.,0.,1.));
#1884=DIRECTION('',(0.,-1.,0.));
#1885=DIRECTION('',(0.,0.,-1.));
#1886=DIRECTION('',(-1.,0.,0.));
#1887=DIRECTION('',(0.,0.,1.));
#1888=DIRECTION('',(0.,1.,0.));
#1889=DIRECTION('',(0.,0.,1.));
#1890=DIRECTION('',(0.,-1.,0.));
#1891=DIRECTION('',(0.,0.,-1.));
#1892=DIRECTION('',(-1.,0.,0.));
#1893=DIRECTION('',(0.,0.,1.));
#1894=DIRECTION('',(1.,0.,0.));
#1895=DIRECTION('',(0.,0.,-1.));
#1896=DIRECTION('',(0.,-1.,0.));
#1897=DIRECTION('',(0.,0.,-1.));
#1898=DIRECTION('',(0.,0.,-1.));
#1899=DIRECTION('',(-1.,0.,0.));
#1900=DIRECTION('',(0.,0.,-1.));
#1901=DIRECTION('',(-1.,0.,0.));
#1902=CARTESIAN_POINT('',(0.,0.,0.));
#1903=CARTESIAN_POINT('',(0.0165,-0.0015875,0.0125));
#1904=CARTESIAN_POINT('',(0.0623708461903246,-0.0015875,0.000751441273852557));
#1905=CARTESIAN_POINT('',(0.0623708461903246,-0.0015875,0.003));
#1906=CARTESIAN_POINT('',(0.0623708461903246,-0.0015875,0.00276888752356636));
#1907=CARTESIAN_POINT('',(0.0656817389386192,-0.0015875,0.000757487709576861));
#1908=CARTESIAN_POINT('',(0.0650152307701728,-0.0015875,0.000802012217340305));
#1909=CARTESIAN_POINT('',(0.0637832577048614,-0.00158750000000001,0.00136204009392526));
#1910=CARTESIAN_POINT('',(0.0628364698335774,-0.00158749999999998,0.00230327378359587));
#1911=CARTESIAN_POINT('',(0.0623708461903246,-0.00158749999999997,0.00276888752356638));
#1912=CARTESIAN_POINT('',(0.0656817389386192,-0.0015875,0.000757487709576861));
#1913=CARTESIAN_POINT('',(0.07175,-0.0015875,0.0075));
#1914=CARTESIAN_POINT('',(0.0787328377769881,-0.0015875,0.0152587086410978));
#1915=CARTESIAN_POINT('',(0.017,-0.0015875,0.0152587086410978));
#1916=CARTESIAN_POINT('',(0.0531036839673127,-0.0015875,0.0152587086410978));
#1917=CARTESIAN_POINT('',(0.0461208461903246,-0.0015875,0.0075));
#1918=CARTESIAN_POINT('',(0.0400471433367919,-0.0015875,0.000751441273852565));
#1919=CARTESIAN_POINT('',(-0.25,-0.0015875,0.000751441273852557));
#1920=CARTESIAN_POINT('',(0.0503708461903246,-0.0015875,0.000751441273852557));
#1921=CARTESIAN_POINT('',(0.0503708461903246,-0.0015875,0.0125));
#1922=CARTESIAN_POINT('',(0.0503708461903246,-0.0015875,0.003));
#1923=CARTESIAN_POINT('',(0.0543708461903246,-0.0015875,0.003));
#1924=CARTESIAN_POINT('',(0.0543708461903246,-0.0015875,0.007));
#1925=CARTESIAN_POINT('',(0.0603708461903246,-0.0015875,0.007));
#1926=CARTESIAN_POINT('',(0.0583708461903246,-0.0015875,0.007));
#1927=CARTESIAN_POINT('',(0.0583708461903246,-0.0015875,0.003));
#1928=CARTESIAN_POINT('',(0.0165,0.0015875,0.0125));
#1929=CARTESIAN_POINT('',(0.0543708461903246,0.0015875,0.003));
#1930=CARTESIAN_POINT('',(0.0503708461903246,0.0015875,0.003));
#1931=CARTESIAN_POINT('',(0.0543708461903246,0.0015875,0.007));
#1932=CARTESIAN_POINT('',(0.0503708461903246,0.0015875,0.000751441273852557));
#1933=CARTESIAN_POINT('',(0.0503708461903246,0.0015875,0.000751441273852557));
#1934=CARTESIAN_POINT('',(-0.25,0.0015875,0.000751441273852557));
#1935=CARTESIAN_POINT('',(0.0400471433367918,0.0015875,0.000751441273852551));
#1936=CARTESIAN_POINT('',(0.0461208461903246,0.0015875,0.0075));
#1937=CARTESIAN_POINT('',(0.0531036839673127,0.0015875,0.0152587086410978));
#1938=CARTESIAN_POINT('',(0.017,0.0015875,0.0152587086410978));
#1939=CARTESIAN_POINT('',(0.0787328377769881,0.0015875,0.0152587086410978));
#1940=CARTESIAN_POINT('',(0.07175,0.0015875,0.0075));
#1941=CARTESIAN_POINT('',(0.0656762971464673,0.0015875,0.000751441273852562));
#1942=CARTESIAN_POINT('',(-0.25,0.0015875,0.000751441273852557));
#1943=CARTESIAN_POINT('',(0.0623708461903246,0.0015875,0.000751441273852557));
#1944=CARTESIAN_POINT('',(0.0623708461903246,0.0015875,0.0125));
#1945=CARTESIAN_POINT('',(0.0623708461903246,0.0015875,0.003));
#1946=CARTESIAN_POINT('',(0.0583708461903246,0.0015875,0.003));
#1947=CARTESIAN_POINT('',(0.0583708461903246,0.0015875,0.007));
#1948=CARTESIAN_POINT('',(0.0165,0.0015875,0.007));
#1949=CARTESIAN_POINT('',(0.07175,-0.0015875,0.0075));
#1950=CARTESIAN_POINT('',(0.0656817389386192,-0.0015875,0.000757487709576861));
#1951=CARTESIAN_POINT('',(0.065680368937725,-0.00149311111698866,0.000755965486361091));
#1952=CARTESIAN_POINT('',(0.0656801157120606,-0.00139872239790268,0.000755684124511748));
#1953=CARTESIAN_POINT('',(0.0656817575392639,-0.00130433395698121,0.00075750837695985));
#1954=CARTESIAN_POINT('',(0.0656817575392639,-0.0013043339569812,0.000757508376959856));
#1955=CARTESIAN_POINT('',(0.00494310051202768,0.,-0.0667298883199692));
#1956=CARTESIAN_POINT('',(0.083,0.,0.02));
#1957=CARTESIAN_POINT('',(0.0461208461903246,-0.0015875,0.0075));
#1958=CARTESIAN_POINT('',(-0.0206860532976477,0.,-0.0667298883199692));
#1959=CARTESIAN_POINT('',(0.0573708461903246,0.,0.02));
#1960=CARTESIAN_POINT('',(0.0165,-0.0015875,0.0125));
#1961=CARTESIAN_POINT('',(-0.046,-0.0015875,0.003));
#1962=CARTESIAN_POINT('',(-0.042,-0.0015875,0.003));
#1963=CARTESIAN_POINT('',(-0.046,-0.0015875,0.007));
#1964=CARTESIAN_POINT('',(-0.042,-0.0015875,0.000751441273852557));
#1965=CARTESIAN_POINT('',(-0.042,-0.0015875,0.000751441273852557));
#1966=CARTESIAN_POINT('',(-0.25,-0.0015875,0.000751441273852557));
#1967=CARTESIAN_POINT('',(-0.0386945490438573,-0.0015875,0.00075144127385256));
#1968=CARTESIAN_POINT('',(-0.0326208461903246,-0.0015875,0.0075));
#1969=CARTESIAN_POINT('',(-0.0256380084133365,-0.0015875,0.0152587086410978));
#1970=CARTESIAN_POINT('',(0.017,-0.0015875,0.0152587086410978));
#1971=CARTESIAN_POINT('',(-0.0512671622230119,-0.0015875,0.0152587086410978));
#1972=CARTESIAN_POINT('',(-0.05825,-0.0015875,0.0075));
#1973=CARTESIAN_POINT('',(-0.0643237028535327,-0.0015875,0.00075144127385255));
#1974=CARTESIAN_POINT('',(-0.25,-0.0015875,0.000751441273852557));
#1975=CARTESIAN_POINT('',(-0.054,-0.0015875,0.000751441273852557));
#1976=CARTESIAN_POINT('',(-0.054,-0.0015875,0.0125));
#1977=CARTESIAN_POINT('',(-0.054,-0.0015875,0.003));
#1978=CARTESIAN_POINT('',(-0.05,-0.0015875,0.003));
#1979=CARTESIAN_POINT('',(-0.05,-0.0015875,0.007));
#1980=CARTESIAN_POINT('',(-0.044,-0.0015875,0.007));
#1981=CARTESIAN_POINT('',(0.0165,0.0015875,0.0125));
#1982=CARTESIAN_POINT('',(-0.0326208461903246,0.0015875,0.0075));
#1983=CARTESIAN_POINT('',(-0.0256380084133365,0.0015875,0.0152587086410978));
#1984=CARTESIAN_POINT('',(-0.0386945490438573,0.0015875,0.000751441273852557));
#1985=CARTESIAN_POINT('',(-0.25,0.0015875,0.000751441273852557));
#1986=CARTESIAN_POINT('',(-0.042,0.0015875,0.000751441273852557));
#1987=CARTESIAN_POINT('',(-0.042,0.0015875,0.0125));
#1988=CARTESIAN_POINT('',(-0.042,0.0015875,0.003));
#1989=CARTESIAN_POINT('',(-0.046,0.0015875,0.003));
#1990=CARTESIAN_POINT('',(-0.046,0.0015875,0.007));
#1991=CARTESIAN_POINT('',(0.0165,0.0015875,0.007));
#1992=CARTESIAN_POINT('',(-0.05,0.0015875,0.007));
#1993=CARTESIAN_POINT('',(-0.05,0.0015875,0.003));
#1994=CARTESIAN_POINT('',(-0.0533081692301129,0.0015875,0.000751441273852557));
#1995=CARTESIAN_POINT('',(-0.25,0.0015875,0.000751441273852557));
#1996=CARTESIAN_POINT('',(-0.0643237028535327,0.0015875,0.000751441273852564));
#1997=CARTESIAN_POINT('',(-0.05825,0.0015875,0.0075));
#1998=CARTESIAN_POINT('',(-0.0512671622230119,0.0015875,0.0152587086410978));
#1999=CARTESIAN_POINT('',(0.017,0.0015875,0.0152587086410978));
#2000=CARTESIAN_POINT('',(-0.05825,-0.0015875,0.0075));
#2001=CARTESIAN_POINT('',(-0.125056899487972,0.,-0.0667298883199692));
#2002=CARTESIAN_POINT('',(-0.047,0.,0.02));
#2003=CARTESIAN_POINT('',(-0.0326208461903246,-0.0015875,0.0075));
#2004=CARTESIAN_POINT('',(-0.0994277456782968,0.,-0.0667298883199692));
#2005=CARTESIAN_POINT('',(-0.0213708461903246,0.,0.02));
#2006=CARTESIAN_POINT('',(0.093,0.,0.02));
#2007=CARTESIAN_POINT('',(0.093,0.,0.02));
#2008=CARTESIAN_POINT('',(0.093,0.,0.015));
#2009=CARTESIAN_POINT('',(0.017,0.,0.02));
#2010=CARTESIAN_POINT('',(-0.059,0.,0.02));
#2011=CARTESIAN_POINT('',(-0.059,0.,0.015));
#2012=CARTESIAN_POINT('',(-0.059,0.,0.02));
#2013=CARTESIAN_POINT('',(-0.048,0.01,0.005));
#2014=CARTESIAN_POINT('',(-0.044,0.01,0.003));
#2015=CARTESIAN_POINT('',(-0.05,0.01,0.003));
#2016=CARTESIAN_POINT('',(-0.046,0.01,0.003));
#2017=CARTESIAN_POINT('',(-0.046,0.01,2.52612941242653E-5));
#2018=CARTESIAN_POINT('',(-0.046,0.01,2.52612941242791E-5));
#2019=CARTESIAN_POINT('',(-0.25,0.01,2.52612941242791E-5));
#2020=CARTESIAN_POINT('',(-0.05,0.01,2.52612941242791E-5));
#2021=CARTESIAN_POINT('',(-0.05,0.01,0.005));
#2022=CARTESIAN_POINT('',(-0.048,0.006,0.005));
#2023=CARTESIAN_POINT('',(-0.0493729350991748,0.00736976540340377,0.000369218766739949));
#2024=CARTESIAN_POINT('',(-0.0499386980486736,0.00600015029512705,0.000508628222937922));
#2025=CARTESIAN_POINT('',(-0.0493722727061309,0.00462963341608805,0.000613765379962801));
#2026=CARTESIAN_POINT('',(-0.0480000033557101,0.00405986721942238,0.000647408952375283));
#2027=CARTESIAN_POINT('',(-0.0466255236292881,0.00463089793465857,0.000613693897609954));
#2028=CARTESIAN_POINT('',(-0.0460619121935366,0.00600330600537614,0.000508333019859543));
#2029=CARTESIAN_POINT('',(-0.0466268351501307,0.00736847267827151,0.000369346890977339));
#2030=CARTESIAN_POINT('',(-0.0479991484053292,0.00794044032218312,0.000300951033430254));
#2031=CARTESIAN_POINT('',(-0.0493729350991748,0.00736976540340377,0.000369218766739949));
#2032=CARTESIAN_POINT('',(-0.0499386980486736,0.00600015029512705,0.000508628222937922));
#2033=CARTESIAN_POINT('',(-0.0493722727061309,0.00462963341608805,0.000613765379962801));
#2034=CARTESIAN_POINT('',(-0.04975,0.006,0.000502916173075748));
#2035=CARTESIAN_POINT('',(-0.048,0.006,0.005));
#2036=CARTESIAN_POINT('',(-0.04625,0.006,0.005));
#2037=CARTESIAN_POINT('',(-0.00231457690483767,0.,0.005));
#2038=CARTESIAN_POINT('',(-0.05,0.0015875,0.005));
#2039=CARTESIAN_POINT('',(-0.05,0.008,0.005));
#2040=CARTESIAN_POINT('',(-0.05,0.0035875,0.005));
#2041=CARTESIAN_POINT('',(-0.00231457690483767,0.0035875,0.005));
#2042=CARTESIAN_POINT('',(-0.046,0.0035875,0.005));
#2043=CARTESIAN_POINT('',(-0.046,-1.51564258002314E-17,0.005));
#2044=CARTESIAN_POINT('',(-0.046,0.008,0.005));
#2045=CARTESIAN_POINT('',(-0.052,0.008,0.005));
#2046=CARTESIAN_POINT('',(-0.052,0.,0.005));
#2047=CARTESIAN_POINT('',(-0.052,0.,-0.0667298883199692));
#2048=CARTESIAN_POINT('',(-0.052,0.008,0.000294361023085763));
#2049=CARTESIAN_POINT('',(-0.052,0.00184729110687334,0.000744829282748272));
#2050=CARTESIAN_POINT('',(-0.052,0.00184729110687334,0.000744829282748272));
#2051=CARTESIAN_POINT('',(-0.052,0.00222349652662795,0.00163253374812392));
#2052=CARTESIAN_POINT('',(-0.052,0.00291536370331139,0.00232786202308844));
#2053=CARTESIAN_POINT('',(-0.052,0.0035875,0.003));
#2054=CARTESIAN_POINT('',(-0.052,0.0035875,0.003));
#2055=CARTESIAN_POINT('',(-0.052,0.01,0.003));
#2056=CARTESIAN_POINT('',(-0.052,0.008,0.003));
#2057=CARTESIAN_POINT('',(-0.052,0.008,0.005));
#2058=CARTESIAN_POINT('',(-0.044,0.,0.005));
#2059=CARTESIAN_POINT('',(-0.044,0.,0.003));
#2060=CARTESIAN_POINT('',(-0.044,0.008,0.003));
#2061=CARTESIAN_POINT('',(-0.044,0.0035875,0.003));
#2062=CARTESIAN_POINT('',(-0.044,0.0035875,0.005));
#2063=CARTESIAN_POINT('',(-0.044,0.0035875,0.000674709770591392));
#2064=CARTESIAN_POINT('',(-0.044,0.,-0.0667298883199692));
#2065=CARTESIAN_POINT('',(-0.044,0.008,0.000294361023085763));
#2066=CARTESIAN_POINT('',(-0.044,0.008,0.005));
#2067=CARTESIAN_POINT('',(-0.044,0.,0.005));
#2068=CARTESIAN_POINT('',(-0.044,0.,-0.0667298883199692));
#2069=CARTESIAN_POINT('',(-0.044,-0.0035875,0.000674709770591392));
#2070=CARTESIAN_POINT('',(-0.044,-0.008,0.000294361023085763));
#2071=CARTESIAN_POINT('',(-0.044,-0.0035875,0.005));
#2072=CARTESIAN_POINT('',(-0.044,-0.0035875,0.003));
#2073=CARTESIAN_POINT('',(-0.044,0.,0.003));
#2074=CARTESIAN_POINT('',(-0.044,-0.008,0.003));
#2075=CARTESIAN_POINT('',(-0.044,-0.008,0.005));
#2076=CARTESIAN_POINT('',(-0.052,0.,0.005));
#2077=CARTESIAN_POINT('',(-0.052,0.,-0.0667298883199692));
#2078=CARTESIAN_POINT('',(-0.052,-0.0035875,0.000674709770591392));
#2079=CARTESIAN_POINT('',(-0.052,-0.008,0.000294361023085763));
#2080=CARTESIAN_POINT('',(-0.052,-0.008,0.005));
#2081=CARTESIAN_POINT('',(-0.052,-0.008,0.003));
#2082=CARTESIAN_POINT('',(-0.052,-0.0015875,0.003));
#2083=CARTESIAN_POINT('',(-0.052,-0.0035875,0.003));
#2084=CARTESIAN_POINT('',(-0.052,-0.0035875,0.005));
#2085=CARTESIAN_POINT('',(-0.048,-0.01,0.005));
#2086=CARTESIAN_POINT('',(-0.25,-0.01,2.52612941242653E-5));
#2087=CARTESIAN_POINT('',(-0.046,-0.01,2.52612941242653E-5));
#2088=CARTESIAN_POINT('',(-0.05,-0.01,2.52612941242653E-5));
#2089=CARTESIAN_POINT('',(-0.046,-0.01,0.005));
#2090=CARTESIAN_POINT('',(-0.046,-0.01,0.003));
#2091=CARTESIAN_POINT('',(-0.048,-0.01,0.003));
#2092=CARTESIAN_POINT('',(-0.05,-0.01,0.003));
#2093=CARTESIAN_POINT('',(-0.05,-0.01,2.52612941242653E-5));
#2094=CARTESIAN_POINT('',(-0.048,-0.006,0.005));
#2095=CARTESIAN_POINT('',(-0.0493718124939796,-0.00462810391994067,0.000613877522200806));
#2096=CARTESIAN_POINT('',(-0.0499387065086114,-0.0060009176194219,0.00050855967034149));
#2097=CARTESIAN_POINT('',(-0.0493733614715748,-0.00736822560237175,0.000369380834887672));
#2098=CARTESIAN_POINT('',(-0.0480031333954039,-0.00794012124522769,0.000300987087783357));
#2099=CARTESIAN_POINT('',(-0.0466286752367656,-0.00737127930750551,0.000369041701063538));
#2100=CARTESIAN_POINT('',(-0.0460619241942628,-0.00600375988433792,0.000508292523851754));
#2101=CARTESIAN_POINT('',(-0.0466236470855071,-0.00463370827269865,0.000613497477865097));
#2102=CARTESIAN_POINT('',(-0.0479961700290925,-0.00405955164745962,0.000647429729116894));
#2103=CARTESIAN_POINT('',(-0.0493718124939796,-0.00462810391994067,0.000613877522200806));
#2104=CARTESIAN_POINT('',(-0.0499387065086114,-0.0060009176194219,0.00050855967034149));
#2105=CARTESIAN_POINT('',(-0.0493733614715748,-0.00736822560237175,0.000369380834887672));
#2106=CARTESIAN_POINT('',(-0.04975,-0.006,0.000502916173075736));
#2107=CARTESIAN_POINT('',(-0.048,-0.006,0.005));
#2108=CARTESIAN_POINT('',(-0.04625,-0.006,0.005));
#2109=CARTESIAN_POINT('',(-0.00231457690483767,0.,0.005));
#2110=CARTESIAN_POINT('',(-0.00231457690483767,-0.008,0.005));
#2111=CARTESIAN_POINT('',(-0.05,-0.008,0.005));
#2112=CARTESIAN_POINT('',(-0.046,-0.008,0.005));
#2113=CARTESIAN_POINT('',(-0.046,-1.51564258002314E-17,0.005));
#2114=CARTESIAN_POINT('',(-0.046,-0.0035875,0.005));
#2115=CARTESIAN_POINT('',(-0.052,-0.0035875,0.005));
#2116=CARTESIAN_POINT('',(-0.05,-0.0035875,0.005));
#2117=CARTESIAN_POINT('',(-0.05,-0.01,0.005));
#2118=CARTESIAN_POINT('',(0.0563708461903246,0.01,0.005));
#2119=CARTESIAN_POINT('',(-0.25,0.01,2.52612941242791E-5));
#2120=CARTESIAN_POINT('',(0.0583708461903246,0.01,2.52612941242791E-5));
#2121=CARTESIAN_POINT('',(0.0543708461903246,0.01,2.52612941242791E-5));
#2122=CARTESIAN_POINT('',(0.0543708461903246,0.01,0.005));
#2123=CARTESIAN_POINT('',(0.0543708461903246,0.01,0.003));
#2124=CARTESIAN_POINT('',(0.0603708461903246,0.01,0.003));
#2125=CARTESIAN_POINT('',(0.0583708461903246,0.01,0.003));
#2126=CARTESIAN_POINT('',(0.0583708461903246,0.01,2.52612941242653E-5));
#2127=CARTESIAN_POINT('',(0.0563708461903246,0.006,0.005));
#2128=CARTESIAN_POINT('',(0.0549979110911498,0.00736976540340377,0.000369218766739949));
#2129=CARTESIAN_POINT('',(0.0544321481416511,0.00600015029512705,0.000508628222937922));
#2130=CARTESIAN_POINT('',(0.0549985734841937,0.00462963341608804,0.000613765379962801));
#2131=CARTESIAN_POINT('',(0.0563708428346145,0.00405986721942238,0.000647408952375283));
#2132=CARTESIAN_POINT('',(0.0577453225610365,0.00463089793465856,0.000613693897609956));
#2133=CARTESIAN_POINT('',(0.058308933996788,0.00600330600537615,0.000508333019859542));
#2134=CARTESIAN_POINT('',(0.0577440110401939,0.0073684726782715,0.000369346890977339));
#2135=CARTESIAN_POINT('',(0.0563716977849954,0.00794044032218312,0.000300951033430254));
#2136=CARTESIAN_POINT('',(0.0549979110911498,0.00736976540340377,0.000369218766739949));
#2137=CARTESIAN_POINT('',(0.0544321481416511,0.00600015029512705,0.000508628222937922));
#2138=CARTESIAN_POINT('',(0.0549985734841937,0.00462963341608804,0.000613765379962801));
#2139=CARTESIAN_POINT('',(0.0546208461903246,0.006,0.000502916173075748));
#2140=CARTESIAN_POINT('',(0.0563708461903246,0.006,0.005));
#2141=CARTESIAN_POINT('',(0.0581208461903246,0.006,0.005));
#2142=CARTESIAN_POINT('',(-0.00231457690483767,0.,0.005));
#2143=CARTESIAN_POINT('',(0.0583708461903246,0.,0.005));
#2144=CARTESIAN_POINT('',(0.0583708461903246,0.0035875,0.005));
#2145=CARTESIAN_POINT('',(0.0583708461903246,0.008,0.005));
#2146=CARTESIAN_POINT('',(0.0523708461903246,0.008,0.005));
#2147=CARTESIAN_POINT('',(0.0543708461903246,0.008,0.005));
#2148=CARTESIAN_POINT('',(0.0543708461903246,0.0015875,0.005));
#2149=CARTESIAN_POINT('',(0.0543708461903246,0.0035875,0.005));
#2150=CARTESIAN_POINT('',(-0.00231457690483767,0.0035875,0.005));
#2151=CARTESIAN_POINT('',(0.0523708461903246,-1.7347234759768E-18,0.005));
#2152=CARTESIAN_POINT('',(0.0523708461903246,0.,-0.0667298883199692));
#2153=CARTESIAN_POINT('',(0.0523708461903246,0.008,0.000294361023085763));
#2154=CARTESIAN_POINT('',(0.0523708461903246,0.0035875,0.000674709770591392));
#2155=CARTESIAN_POINT('',(0.0523708461903246,0.0035875,0.005));
#2156=CARTESIAN_POINT('',(0.0523708461903246,0.0035875,0.003));
#2157=CARTESIAN_POINT('',(0.0523708461903246,0.01,0.003));
#2158=CARTESIAN_POINT('',(0.0523708461903246,0.008,0.003));
#2159=CARTESIAN_POINT('',(0.0523708461903246,0.008,0.005));
#2160=CARTESIAN_POINT('',(0.0603708461903246,1.7347234759768E-18,0.005));
#2161=CARTESIAN_POINT('',(0.0603708461903246,0.,-0.0667298883199692));
#2162=CARTESIAN_POINT('',(0.0603708461903246,0.008,0.000294361023085763));
#2163=CARTESIAN_POINT('',(0.0603708461903246,0.0035875,0.000674709770591392));
#2164=CARTESIAN_POINT('',(0.0603708461903246,0.008,0.005));
#2165=CARTESIAN_POINT('',(0.0603708461903246,0.008,0.003));
#2166=CARTESIAN_POINT('',(0.0603708461903246,1.7347234759768E-18,0.003));
#2167=CARTESIAN_POINT('',(0.0603708461903246,0.0035875,0.003));
#2168=CARTESIAN_POINT('',(0.0603708461903246,0.0035875,0.005));
#2169=CARTESIAN_POINT('',(0.0603708461903246,1.7347234759768E-18,0.005));
#2170=CARTESIAN_POINT('',(0.0603708461903246,0.,-0.0667298883199692));
#2171=CARTESIAN_POINT('',(0.0603708461903246,-0.008,0.00230814467634381));
#2172=CARTESIAN_POINT('',(0.0603708461903246,-0.0035875,0.00267745886856701));
#2173=CARTESIAN_POINT('',(0.0603708461903246,-0.0035875,0.005));
#2174=CARTESIAN_POINT('',(0.0603708461903246,-0.0035875,0.003));
#2175=CARTESIAN_POINT('',(0.0603708461903246,1.7347234759768E-18,0.003));
#2176=CARTESIAN_POINT('',(0.0603708461903246,-0.008,0.003));
#2177=CARTESIAN_POINT('',(0.0603708461903246,-0.008,0.005));
#2178=CARTESIAN_POINT('',(0.0523708461903246,-1.7347234759768E-18,0.005));
#2179=CARTESIAN_POINT('',(0.0523708461903246,-0.0015875,0.003));
#2180=CARTESIAN_POINT('',(0.0523708461903246,-0.008,0.003));
#2181=CARTESIAN_POINT('',(0.0523708461903246,-0.0035875,0.003));
#2182=CARTESIAN_POINT('',(0.0523708461903246,-0.0035875,0.005));
#2183=CARTESIAN_POINT('',(0.0523708461903246,-0.0035875,0.000674709770591392));
#2184=CARTESIAN_POINT('',(0.0523708461903246,0.,-0.0667298883199692));
#2185=CARTESIAN_POINT('',(0.0523708461903246,-0.008,0.000294361023085763));
#2186=CARTESIAN_POINT('',(0.0523708461903246,-0.008,0.005));
#2187=CARTESIAN_POINT('',(0.0563708461903246,-0.006,0.005));
#2188=CARTESIAN_POINT('',(0.054999033696345,-0.00462810391994066,0.000613877522200807));
#2189=CARTESIAN_POINT('',(0.0544321396817132,-0.0060009176194219,0.00050855967034149));
#2190=CARTESIAN_POINT('',(0.0549974847187498,-0.00736822560237174,0.000369380834887673));
#2191=CARTESIAN_POINT('',(0.0563677127949207,-0.00794012124522769,0.000300987087783357));
#2192=CARTESIAN_POINT('',(0.057742170953559,-0.00737127930750552,0.000369041701063537));
#2193=CARTESIAN_POINT('',(0.0583089219960618,-0.00600375988433791,0.000508292523851755));
#2194=CARTESIAN_POINT('',(0.0577471991048175,-0.00463370827269867,0.000613497477865096));
#2195=CARTESIAN_POINT('',(0.0563746761612321,-0.00405955164745962,0.000647429729116894));
#2196=CARTESIAN_POINT('',(0.054999033696345,-0.00462810391994066,0.000613877522200807));
#2197=CARTESIAN_POINT('',(0.0544321396817132,-0.0060009176194219,0.00050855967034149));
#2198=CARTESIAN_POINT('',(0.0549974847187498,-0.00736822560237174,0.000369380834887673));
#2199=CARTESIAN_POINT('',(0.0546208461903246,-0.006,0.000502916173075736));
#2200=CARTESIAN_POINT('',(0.0563708461903246,-0.006,0.005));
#2201=CARTESIAN_POINT('',(0.0581208461903246,-0.006,0.005));
#2202=CARTESIAN_POINT('',(0.0563708461903246,-0.01,0.005));
#2203=CARTESIAN_POINT('',(0.0563708461903246,-0.01,0.003));
#2204=CARTESIAN_POINT('',(0.0583708461903246,-0.01,0.003));
#2205=CARTESIAN_POINT('',(0.0543708461903246,-0.01,0.003));
#2206=CARTESIAN_POINT('',(0.0543708461903246,-0.01,2.52612941242653E-5));
#2207=CARTESIAN_POINT('',(0.0543708461903246,-0.01,2.52612941242653E-5));
#2208=CARTESIAN_POINT('',(-0.25,-0.01,2.52612941242653E-5));
#2209=CARTESIAN_POINT('',(0.0583708461903246,-0.01,2.52612941242653E-5));
#2210=CARTESIAN_POINT('',(0.0583708461903246,-0.01,0.005));
#2211=CARTESIAN_POINT('',(-0.00231457690483767,0.,0.005));
#2212=CARTESIAN_POINT('',(-0.00231457690483767,-0.008,0.005));
#2213=CARTESIAN_POINT('',(0.0543708461903246,-0.008,0.005));
#2214=CARTESIAN_POINT('',(0.0583708461903246,-0.008,0.005));
#2215=CARTESIAN_POINT('',(0.0583708461903246,0.,0.005));
#2216=CARTESIAN_POINT('',(0.0583708461903246,-0.0035875,0.005));
#2217=CARTESIAN_POINT('',(0.0523708461903246,-0.0035875,0.005));
#2218=CARTESIAN_POINT('',(0.0543708461903246,-0.0035875,0.005));
#2219=CARTESIAN_POINT('',(0.0543708461903246,-0.01,0.005));
#2220=CARTESIAN_POINT('',(-0.25,0.,-0.0667298883199692));
#2221=CARTESIAN_POINT('',(0.0543708461903246,-0.01,2.52612941242653E-5));
#2222=CARTESIAN_POINT('',(0.0538402812078478,-0.01,2.52612941242653E-5));
#2223=CARTESIAN_POINT('',(0.0528031986021497,-0.0095605685021984,9.30338844021343E-5));
#2224=CARTESIAN_POINT('',(0.0523708461903246,-0.00852669697515867,0.000231494585302879));
#2225=CARTESIAN_POINT('',(0.0523708461903246,-0.008,0.000294361023085758));
#2226=CARTESIAN_POINT('',(0.0523708461903246,-0.0035875,0.000674709770591392));
#2227=CARTESIAN_POINT('',(0.0523708461903246,-0.00305981190367226,0.000702795110452514));
#2228=CARTESIAN_POINT('',(0.0519368503846913,-0.00202471940499757,0.000743056000761889));
#2229=CARTESIAN_POINT('',(0.0508992947183586,-0.0015875,0.000751441273852548));
#2230=CARTESIAN_POINT('',(0.0503708461903246,-0.0015875,0.000751441273852548));
#2231=CARTESIAN_POINT('',(0.0503708461903246,0.0015875,0.000751441273852557));
#2232=CARTESIAN_POINT('',(0.050899289423614,0.0015875,0.000751441273852557));
#2233=CARTESIAN_POINT('',(0.051934819541792,0.00202268371903722,0.000743121611672759));
#2234=CARTESIAN_POINT('',(0.0523708461903246,0.00305981403727251,0.00070279499689511));
#2235=CARTESIAN_POINT('',(0.0523708461903246,0.0035875,0.000674709770591387));
#2236=CARTESIAN_POINT('',(0.0523708461903246,0.008,0.000294361023085763));
#2237=CARTESIAN_POINT('',(0.0523708461903246,0.00852678558786328,0.000231484008509501));
#2238=CARTESIAN_POINT('',(0.0528012759747785,0.00955855212664694,9.33168489943252E-5));
#2239=CARTESIAN_POINT('',(0.0538401976076276,0.01,2.5261294124272E-5));
#2240=CARTESIAN_POINT('',(0.0543708461903246,0.01,2.5261294124272E-5));
#2241=CARTESIAN_POINT('',(0.0583708461903246,0.01,2.52612941242791E-5));
#2242=CARTESIAN_POINT('',(0.0589014111728014,0.01,2.52612941242791E-5));
#2243=CARTESIAN_POINT('',(0.0599384937784995,0.0095605685021984,9.30338844021558E-5));
#2244=CARTESIAN_POINT('',(0.0603708461903246,0.00852669697515867,0.000231494585302879));
#2245=CARTESIAN_POINT('',(0.0603708461903246,0.008,0.000294361023085758));
#2246=CARTESIAN_POINT('',(0.0603708461903246,0.0035875,0.000674709770591392));
#2247=CARTESIAN_POINT('',(0.0603708461903246,0.00305981190367226,0.000702795110452514));
#2248=CARTESIAN_POINT('',(0.0608048419959579,0.00202471940499757,0.00074305600076189));
#2249=CARTESIAN_POINT('',(0.0618423976622906,0.0015875,0.000751441273852548));
#2250=CARTESIAN_POINT('',(0.0623708461903246,0.0015875,0.000751441273852548));
#2251=CARTESIAN_POINT('',(0.0656817575392639,-0.00130433395698121,0.000757508376959842));
#2252=CARTESIAN_POINT('',(0.0651973354894681,-0.000610321739021437,0.000770921602936092));
#2253=CARTESIAN_POINT('',(0.0637820947136312,0.000430979559362643,0.000769743503901368));
#2254=CARTESIAN_POINT('',(0.0611475839980475,0.000492862951158342,0.00076872987771898));
#2255=CARTESIAN_POINT('',(0.0589521834840174,-0.000982895355640717,0.000773519301619852));
#2256=CARTESIAN_POINT('',(0.0583708461903246,-0.00263861273438021,0.000723834757761253));
#2257=CARTESIAN_POINT('',(0.0583708461903246,-0.00348426258992805,0.000680125136522783));
#2258=CARTESIAN_POINT('',(0.0583708461903246,-0.00348426258992806,0.000680125136522801));
#2259=CARTESIAN_POINT('',(0.0583708461903246,0.,-0.0667298883199692));
#2260=CARTESIAN_POINT('',(-0.25,0.,-0.0667298883199692));
#2261=CARTESIAN_POINT('',(-0.046,0.01,2.52612941242791E-5));
#2262=CARTESIAN_POINT('',(-0.0454694350175232,0.01,2.52612941242791E-5));
#2263=CARTESIAN_POINT('',(-0.0444323524118251,0.0095605685021984,9.3033884402127E-5));
#2264=CARTESIAN_POINT('',(-0.044,0.00852669697515867,0.000231494585302879));
#2265=CARTESIAN_POINT('',(-0.044,0.008,0.000294361023085758));
#2266=CARTESIAN_POINT('',(-0.044,0.0035875,0.000674709770591392));
#2267=CARTESIAN_POINT('',(-0.044,0.00305981190367226,0.000702795110452514));
#2268=CARTESIAN_POINT('',(-0.0435660041943667,0.00202471940499756,0.00074305600076189));
#2269=CARTESIAN_POINT('',(-0.042528448528034,0.0015875,0.000751441273852548));
#2270=CARTESIAN_POINT('',(-0.042,0.0015875,0.000751441273852548));
#2271=CARTESIAN_POINT('',(-0.042,-0.0015875,0.000751441273852557));
#2272=CARTESIAN_POINT('',(-0.0425284432332894,-0.0015875,0.000751441273852557));
#2273=CARTESIAN_POINT('',(-0.0435639733514674,-0.00202268371903722,0.000743121611672759));
#2274=CARTESIAN_POINT('',(-0.044,-0.00305981403727251,0.00070279499689511));
#2275=CARTESIAN_POINT('',(-0.044,-0.0035875,0.000674709770591387));
#2276=CARTESIAN_POINT('',(-0.044,-0.008,0.000294361023085763));
#2277=CARTESIAN_POINT('',(-0.044,-0.00852678558786328,0.000231484008509501));
#2278=CARTESIAN_POINT('',(-0.0444304297844539,-0.00955855212664694,9.33168489943252E-5));
#2279=CARTESIAN_POINT('',(-0.045469351417303,-0.01,2.5261294124272E-5));
#2280=CARTESIAN_POINT('',(-0.046,-0.01,2.5261294124272E-5));
#2281=CARTESIAN_POINT('',(-0.05,-0.01,2.52612941242653E-5));
#2282=CARTESIAN_POINT('',(-0.0505305649824768,-0.01,2.52612941242653E-5));
#2283=CARTESIAN_POINT('',(-0.0515676475881749,-0.0095605685021984,9.30338844021342E-5));
#2284=CARTESIAN_POINT('',(-0.052,-0.00852669697515867,0.000231494585302879));
#2285=CARTESIAN_POINT('',(-0.052,-0.008,0.000294361023085758));
#2286=CARTESIAN_POINT('',(-0.052,-0.0035875,0.000674709770591392));
#2287=CARTESIAN_POINT('',(-0.052,-0.00305981190367226,0.000702795110452514));
#2288=CARTESIAN_POINT('',(-0.0524339958056333,-0.00202471940499757,0.000743056000761889));
#2289=CARTESIAN_POINT('',(-0.053471551471966,-0.0015875,0.000751441273852548));
#2290=CARTESIAN_POINT('',(-0.054,-0.0015875,0.000751441273852548));
#2291=CARTESIAN_POINT('',(-0.0533081692301129,0.0015875,0.000751441273852564));
#2292=CARTESIAN_POINT('',(-0.0528579449642291,0.00158750000000001,0.000751441273852564));
#2293=CARTESIAN_POINT('',(-0.0524207612459912,0.00169096444237463,0.000749109120698801));
#2294=CARTESIAN_POINT('',(-0.052,0.0018472911068733,0.000744829282748298));
#2295=CARTESIAN_POINT('',(-0.052,0.008,0.000294361023085763));
#2296=CARTESIAN_POINT('',(-0.052,0.00852678558786328,0.000231484008509501));
#2297=CARTESIAN_POINT('',(-0.051569570215546,0.00955855212664695,9.33168489943233E-5));
#2298=CARTESIAN_POINT('',(-0.050530648582697,0.01,2.5261294124272E-5));
#2299=CARTESIAN_POINT('',(-0.05,0.01,2.5261294124272E-5));
#2300=CARTESIAN_POINT('',(-0.05,0.008,0.005));
#2301=CARTESIAN_POINT('',(-0.05,0.008,0.003));
#2302=CARTESIAN_POINT('',(-0.05,0.008,0.003));
#2303=CARTESIAN_POINT('',(-0.05,0.008,0.003));
#2304=CARTESIAN_POINT('',(-0.05,0.008,0.003));
#2305=CARTESIAN_POINT('',(-0.05,-1.65442045810129E-17,0.003));
#2306=CARTESIAN_POINT('',(-0.05,0.0035875,0.003));
#2307=CARTESIAN_POINT('',(-0.00231457690483768,0.008,0.003));
#2308=CARTESIAN_POINT('',(-0.046,0.008,0.003));
#2309=CARTESIAN_POINT('',(-0.046,0.008,0.005));
#2310=CARTESIAN_POINT('',(-0.046,0.008,0.003));
#2311=CARTESIAN_POINT('',(-0.05,0.0035875,0.003));
#2312=CARTESIAN_POINT('',(-0.05,0.0035875,0.007));
#2313=CARTESIAN_POINT('',(-0.046,0.008,0.003));
#2314=CARTESIAN_POINT('',(-0.046,0.008,0.003));
#2315=CARTESIAN_POINT('',(0.0165,0.0035875,0.007));
#2316=CARTESIAN_POINT('',(-0.046,0.0035875,0.007));
#2317=CARTESIAN_POINT('',(-0.046,-6.93889390390723E-19,0.003));
#2318=CARTESIAN_POINT('',(-0.046,0.0035875,0.003));
#2319=CARTESIAN_POINT('',(-0.046,0.0035875,0.003));
#2320=CARTESIAN_POINT('',(-0.042,0.0035875,0.003));
#2321=CARTESIAN_POINT('',(-0.042,0.0035875,0.0125));
#2322=CARTESIAN_POINT('',(-0.05,-0.008,0.005));
#2323=CARTESIAN_POINT('',(-0.05,-0.008,0.003));
#2324=CARTESIAN_POINT('',(-0.05,-0.008,0.003));
#2325=CARTESIAN_POINT('',(-0.05,-0.008,0.003));
#2326=CARTESIAN_POINT('',(-0.05,-0.008,0.003));
#2327=CARTESIAN_POINT('',(-0.046,-0.008,0.005));
#2328=CARTESIAN_POINT('',(-0.046,-0.008,0.003));
#2329=CARTESIAN_POINT('',(-0.048,-0.008,0.003));
#2330=CARTESIAN_POINT('',(-0.046,-0.008,0.003));
#2331=CARTESIAN_POINT('',(-0.05,-1.65442045810129E-17,0.003));
#2332=CARTESIAN_POINT('',(-0.05,-0.0035875,0.003));
#2333=CARTESIAN_POINT('',(-0.054,-0.0035875,0.0125));
#2334=CARTESIAN_POINT('',(-0.054,-0.0035875,0.003));
#2335=CARTESIAN_POINT('',(-0.046,-0.008,0.003));
#2336=CARTESIAN_POINT('',(-0.046,-0.008,0.003));
#2337=CARTESIAN_POINT('',(-0.05,-0.0035875,0.003));
#2338=CARTESIAN_POINT('',(-0.05,-0.0035875,0.007));
#2339=CARTESIAN_POINT('',(-0.046,-6.93889390390723E-19,0.003));
#2340=CARTESIAN_POINT('',(-0.046,-0.0035875,0.003));
#2341=CARTESIAN_POINT('',(-0.00231457690483767,-0.0035875,0.007));
#2342=CARTESIAN_POINT('',(-0.046,-0.0035875,0.007));
#2343=CARTESIAN_POINT('',(-0.046,-0.0035875,0.003));
#2344=CARTESIAN_POINT('',(-0.042,-0.0035875,0.003));
#2345=CARTESIAN_POINT('',(-0.042,-0.0035875,0.005));
#2346=CARTESIAN_POINT('',(0.0583708461903246,0.,-0.0667298883199692));
#2347=CARTESIAN_POINT('',(0.0583708461903246,-0.0035875,0.00267745886856701));
#2348=CARTESIAN_POINT('',(0.0583708461903246,-0.01,2.52612941242653E-5));
#2349=CARTESIAN_POINT('',(0.0587086100696431,-0.01,2.52612941242653E-5));
#2350=CARTESIAN_POINT('',(0.0593498469323774,-0.00981982739356774,0.00023468334274074));
#2351=CARTESIAN_POINT('',(0.0601651942759732,-0.00910503668454165,0.00105897818790213));
#2352=CARTESIAN_POINT('',(0.0603708461903246,-0.0084410456555709,0.00181301618319331));
#2353=CARTESIAN_POINT('',(0.0603708461903246,-0.008,0.00230814467634381));
#2354=CARTESIAN_POINT('',(0.0583708461903246,-0.008,0.005));
#2355=CARTESIAN_POINT('',(0.0583708461903246,-0.008,0.003));
#2356=CARTESIAN_POINT('',(0.0583708461903246,-0.00348426258992806,0.000680125136522804));
#2357=CARTESIAN_POINT('',(0.0603708461903246,-0.00348426258992806,0.000680125136522804));
#2358=CARTESIAN_POINT('',(0.0603708461903246,-0.0035875,0.00267745886856701));
#2359=CARTESIAN_POINT('',(0.0583708461995173,-0.00262761607636717,0.000724403148748969));
#2360=CARTESIAN_POINT('',(0.0603937410827897,-0.00306506963083583,0.000701792219147056));
#2361=CARTESIAN_POINT('',(0.0603708461903246,-0.00314648568374461,0.00272304882130947));
#2362=CARTESIAN_POINT('',(0.0589642709075608,-0.000944369323894496,0.000774498668246882));
#2363=CARTESIAN_POINT('',(0.0606864489846024,-0.00228088325252367,0.000744355426694857));
#2364=CARTESIAN_POINT('',(0.0606675585509971,-0.00227992531865046,0.00277462865341103));
#2365=CARTESIAN_POINT('',(0.061269449269325,0.000551292698292215,0.000767972158205362));
#2366=CARTESIAN_POINT('',(0.0618058248824818,-0.00151071409185242,0.000784816635393989));
#2367=CARTESIAN_POINT('',(0.061820147729529,-0.00150993635145689,0.00276790876469772));
#2368=CARTESIAN_POINT('',(0.0640321162888343,0.000364458926103868,0.000771021690243107));
#2369=CARTESIAN_POINT('',(0.0632171799755152,-0.00161237464570013,0.000779777442558008));
#2370=CARTESIAN_POINT('',(0.0632014812387084,-0.00160612114604948,0.00277104865425401));
#2371=CARTESIAN_POINT('',(0.0654135645356974,-0.000823309246293711,0.000769126286131399));
#2372=CARTESIAN_POINT('',(0.0638765051719848,-0.00220798977501356,0.000748036577255374));
#2373=CARTESIAN_POINT('',(0.0638922053652407,-0.00221760179587647,0.00276909708771489));
#2374=CARTESIAN_POINT('',(0.0658464086154826,-0.00156122486219251,0.000752054278993315));
#2375=CARTESIAN_POINT('',(0.0640885009804927,-0.00256216338012787,0.000728897119617899));
#2376=CARTESIAN_POINT('',(0.0641086274029036,-0.00259749168831392,0.0027515192448885));
#2377=CARTESIAN_POINT('',(0.0603708461903246,-0.0035875,0.00267745886856701));
#2378=CARTESIAN_POINT('',(0.0603708461903246,-0.00306158157793531,0.00273182580277736));
#2379=CARTESIAN_POINT('',(0.0608036071912925,-0.00202521827318784,0.00278150617383326));
#2380=CARTESIAN_POINT('',(0.0618421047354177,-0.0015875,0.00276888752356637));
#2381=CARTESIAN_POINT('',(0.0623708461903246,-0.0015875,0.00276888752356637));
#2382=CARTESIAN_POINT('',(0.0583708461903246,-0.008,0.003));
#2383=CARTESIAN_POINT('',(0.0583708461903246,-0.008,0.003));
#2384=CARTESIAN_POINT('',(0.0583708461903246,-0.008,0.003));
#2385=CARTESIAN_POINT('',(0.0623708461903246,-0.0035875,0.005));
#2386=CARTESIAN_POINT('',(0.0623708461903246,-0.0035875,0.003));
#2387=CARTESIAN_POINT('',(0.0583708461903246,1.7347234759768E-18,0.003));
#2388=CARTESIAN_POINT('',(0.0583708461903246,-0.0035875,0.003));
#2389=CARTESIAN_POINT('',(0.0563708461903246,-0.008,0.003));
#2390=CARTESIAN_POINT('',(0.0543708461903246,-0.008,0.003));
#2391=CARTESIAN_POINT('',(0.0543708461903246,-0.008,0.005));
#2392=CARTESIAN_POINT('',(0.0543708461903246,-0.008,0.003));
#2393=CARTESIAN_POINT('',(0.0583708461903246,-0.0035875,0.003));
#2394=CARTESIAN_POINT('',(0.0583708461903246,-0.0035875,0.007));
#2395=CARTESIAN_POINT('',(0.0543708461903246,-0.008,0.003));
#2396=CARTESIAN_POINT('',(0.0543708461903246,-0.008,0.003));
#2397=CARTESIAN_POINT('',(-0.00231457690483767,-0.0035875,0.007));
#2398=CARTESIAN_POINT('',(0.0543708461903246,-0.0035875,0.007));
#2399=CARTESIAN_POINT('',(0.0543708461903246,0.,0.003));
#2400=CARTESIAN_POINT('',(0.0543708461903246,-0.0035875,0.003));
#2401=CARTESIAN_POINT('',(0.0543708461903246,-0.0035875,0.003));
#2402=CARTESIAN_POINT('',(0.0503708461903246,-0.0035875,0.003));
#2403=CARTESIAN_POINT('',(0.0503708461903246,-0.0035875,0.0125));
#2404=CARTESIAN_POINT('',(0.0583708461903246,0.008,0.005));
#2405=CARTESIAN_POINT('',(0.0583708461903246,0.008,0.003));
#2406=CARTESIAN_POINT('',(0.0583708461903246,0.008,0.003));
#2407=CARTESIAN_POINT('',(0.0583708461903246,0.008,0.003));
#2408=CARTESIAN_POINT('',(0.0583708461903246,0.008,0.003));
#2409=CARTESIAN_POINT('',(0.0543708461903246,0.008,0.005));
#2410=CARTESIAN_POINT('',(0.0543708461903246,0.008,0.003));
#2411=CARTESIAN_POINT('',(-0.00231457690483768,0.008,0.003));
#2412=CARTESIAN_POINT('',(0.0543708461903246,0.008,0.003));
#2413=CARTESIAN_POINT('',(0.0583708461903246,1.7347234759768E-18,0.003));
#2414=CARTESIAN_POINT('',(0.0583708461903246,0.0035875,0.003));
#2415=CARTESIAN_POINT('',(0.0623708461903246,0.0035875,0.0125));
#2416=CARTESIAN_POINT('',(0.0623708461903246,0.0035875,0.003));
#2417=CARTESIAN_POINT('',(0.0543708461903246,0.008,0.003));
#2418=CARTESIAN_POINT('',(0.0543708461903246,0.008,0.003));
#2419=CARTESIAN_POINT('',(0.0583708461903246,0.0035875,0.003));
#2420=CARTESIAN_POINT('',(0.0583708461903246,0.0035875,0.007));
#2421=CARTESIAN_POINT('',(0.0543708461903246,0.,0.003));
#2422=CARTESIAN_POINT('',(0.0543708461903246,0.0035875,0.003));
#2423=CARTESIAN_POINT('',(0.0165,0.0035875,0.007));
#2424=CARTESIAN_POINT('',(0.0543708461903246,0.0035875,0.007));
#2425=CARTESIAN_POINT('',(0.0543708461903246,0.0035875,0.003));
#2426=CARTESIAN_POINT('',(0.0503708461903246,0.0035875,0.003));
#2427=CARTESIAN_POINT('',(0.0503708461903246,0.0035875,0.005));
#2428=MECHANICAL_DESIGN_GEOMETRIC_PRESENTATION_REPRESENTATION('',(#1323),
#2429);
#2429=(
GEOMETRIC_REPRESENTATION_CONTEXT(3)
GLOBAL_UNCERTAINTY_ASSIGNED_CONTEXT((#2430))
GLOBAL_UNIT_ASSIGNED_CONTEXT((#2433,#2432,#2431))
REPRESENTATION_CONTEXT('Large Handle','TOP_LEVEL_ASSEMBLY_PART')
);
#2430=UNCERTAINTY_MEASURE_WITH_UNIT(LENGTH_MEASURE(2.E-5),#2433,
'DISTANCE_ACCURACY_VALUE','Maximum Tolerance applied to model');
#2431=(
NAMED_UNIT(*)
SI_UNIT($,.STERADIAN.)
SOLID_ANGLE_UNIT()
);
#2432=(
NAMED_UNIT(*)
PLANE_ANGLE_UNIT()
SI_UNIT($,.RADIAN.)
);
#2433=(
LENGTH_UNIT()
NAMED_UNIT(*)
SI_UNIT($,.METRE.)
);
#2434=PRODUCT_DEFINITION_SHAPE('','',#2435);
#2435=PRODUCT_DEFINITION('','',#2437,#2436);
#2436=PRODUCT_DEFINITION_CONTEXT('',#2443,'design');
#2437=PRODUCT_DEFINITION_FORMATION_WITH_SPECIFIED_SOURCE('','',#2439,
 .NOT_KNOWN.);
#2438=PRODUCT_RELATED_PRODUCT_CATEGORY('','',(#2439));
#2439=PRODUCT('Large Handle','Large Handle','Large Handle',(#2441));
#2440=PRODUCT_CATEGORY('','');
#2441=PRODUCT_CONTEXT('',#2443,'mechanical');
#2442=APPLICATION_PROTOCOL_DEFINITION('international standard',
'ap242_managed_model_based_3d_engineering',2020,#2443);
#2443=APPLICATION_CONTEXT('managed model based 3d engineering');
ENDSEC;
END-ISO-10303-21;
