ISO-10303-21;
HEADER;
/* Generated by software containing ST-Developer
 * from STEP Tools, Inc. (www.steptools.com) 
 */
/* OPTION: using custom renumber hook */

FILE_DESCRIPTION(
/* description */ ('STEP AP242 Edition 2',
'CAx-IF Rec.Pracs.---Representation and Presentation of Product Manufa
cturing Information (PMI)---4.0---2014-10-13',
'CAx-IF Rec.Pracs.---3D Tessellated Geometry---0.4---2014-09-14','2;1',
'CAx-IF Rec.Pracs.---User Defined Attributes---1.5---2016-08-15'),
/* implementation_level */ '2;1');

FILE_NAME(
/* name */ 'Handle - Small Handle',
/* time_stamp */ '2026-08-23T20:29:53Z',
/* author */ (''),
/* organization */ (''),
/* preprocessor_version */ 'ST-DEVELOPER v20',
/* originating_system */ 'ONSHAPE BY PTC INC, 1.219',
/* authorisation */ '  ');

FILE_SCHEMA (('AP242_MANAGED_MODEL_BASED_3D_ENGINEERING_MIM_LF { 1 0 10303 442 3 1 4 }'));
ENDSEC;

DATA;
#10=SHAPE_REPRESENTATION_RELATIONSHIP('','',#1323,#11);
#11=ADVANCED_BREP_SHAPE_REPRESENTATION('',(#1321),#2379);
#12=TOROIDAL_SURFACE('',#1401,0.004,0.002);
#13=TOROIDAL_SURFACE('',#1409,0.004,0.002);
#14=TOROIDAL_SURFACE('',#1425,0.004,0.002);
#15=TOROIDAL_SURFACE('',#1433,0.004,0.002);
#16=TOROIDAL_SURFACE('',#1449,0.004,0.002);
#17=TOROIDAL_SURFACE('',#1457,0.004,0.002);
#18=TOROIDAL_SURFACE('',#1475,0.004,0.002);
#19=TOROIDAL_SURFACE('',#1481,0.004,0.002);
#20=SPHERICAL_SURFACE('',#1361,0.005);
#21=SPHERICAL_SURFACE('',#1365,0.005);
#22=SPHERICAL_SURFACE('',#1390,0.002);
#23=SPHERICAL_SURFACE('',#1403,0.002);
#24=SPHERICAL_SURFACE('',#1414,0.002);
#25=SPHERICAL_SURFACE('',#1427,0.002);
#26=SPHERICAL_SURFACE('',#1438,0.002);
#27=SPHERICAL_SURFACE('',#1451,0.002);
#28=SPHERICAL_SURFACE('',#1462,0.002);
#29=SPHERICAL_SURFACE('',#1473,0.002);
#30=ELLIPSE('',#1350,0.0768874614290263,0.05715);
#31=ELLIPSE('',#1351,0.00672681202353687,0.005);
#32=ELLIPSE('',#1353,0.0768874614290263,0.05715);
#33=ELLIPSE('',#1354,0.00672681202353687,0.005);
#34=ELLIPSE('',#1356,0.0768874614290263,0.05715);
#35=ELLIPSE('',#1357,0.00672681202353686,0.005);
#36=ELLIPSE('',#1359,0.0768874614290263,0.05715);
#37=ELLIPSE('',#1360,0.00672681202353687,0.005);
#38=B_SPLINE_CURVE_WITH_KNOTS('',3,(#1989,#1990,#1991,#1992,#1993,#1994,
#1995,#1996,#1997,#1998,#1999),.UNSPECIFIED.,.T.,.F.,(1,1,1,1,1,1,1,1,1,
1,1,1,1,1,1),(-0.00411435336074271,-0.00274290224049514,-0.00137145112024757,
0.,0.00137145112024757,0.00274290224049514,0.00411435336074271,0.00548580448099028,
0.00685725560123785,0.00822870672148542,0.00960015784173299,0.0109716089619806,
0.0123430600822281,0.0137145112024757,0.0150859623227233),.UNSPECIFIED.);
#39=B_SPLINE_CURVE_WITH_KNOTS('',3,(#2013,#2014,#2015,#2016,#2017,#2018,
#2019,#2020,#2021,#2022,#2023),.UNSPECIFIED.,.T.,.F.,(1,1,1,1,1,1,1,1,1,
1,1,1,1,1,1),(-0.00411455862181765,-0.00274303908121177,-0.00137151954060588,
0.,0.00137151954060588,0.00274303908121177,0.00411455862181765,0.00548607816242354,
0.00685759770302942,0.0082291172436353,0.00960063678424119,0.0109721563248471,
0.012343675865453,0.0137151954060588,0.0150867149466647),.UNSPECIFIED.);
#40=B_SPLINE_CURVE_WITH_KNOTS('',3,(#2037,#2038,#2039,#2040,#2041,#2042,
#2043,#2044,#2045,#2046,#2047),.UNSPECIFIED.,.T.,.F.,(1,1,1,1,1,1,1,1,1,
1,1,1,1,1,1),(-0.00411435336074282,-0.00274290224049522,-0.00137145112024761,
0.,0.00137145112024761,0.00274290224049522,0.00411435336074283,0.00548580448099043,
0.00685725560123804,0.00822870672148565,0.00960015784173326,0.0109716089619809,
0.0123430600822285,0.0137145112024761,0.0150859623227237),.UNSPECIFIED.);
#41=B_SPLINE_CURVE_WITH_KNOTS('',3,(#2052,#2053,#2054,#2055,#2056,#2057,
#2058,#2059,#2060,#2061,#2062),.UNSPECIFIED.,.T.,.F.,(1,1,1,1,1,1,1,1,1,
1,1,1,1,1,1),(-0.00411455862181776,-0.00274303908121184,-0.00137151954060592,
0.,0.00137151954060592,0.00274303908121184,0.00411455862181776,0.00548607816242368,
0.0068575977030296,0.00822911724363552,0.00960063678424144,0.0109721563248474,
0.0123436758654533,0.0137151954060592,0.0150867149466651),.UNSPECIFIED.);
#42=B_SPLINE_CURVE_WITH_KNOTS('',3,(#2201,#2202,#2203,#2204,#2205),
 .UNSPECIFIED.,.F.,.F.,(4,1,4),(0.,0.00157173931729137,0.00314347863458274),
 .UNSPECIFIED.);
#43=B_SPLINE_CURVE_WITH_KNOTS('',3,(#2206,#2207,#2208,#2209,#2210),
 .UNSPECIFIED.,.F.,.F.,(4,1,4),(0.,0.00156309851462904,0.00312619702925808),
 .UNSPECIFIED.);
#44=B_SPLINE_CURVE_WITH_KNOTS('',3,(#2211,#2212,#2213,#2214,#2215),
 .UNSPECIFIED.,.F.,.F.,(4,1,4),(0.,0.00156309343772889,0.00312618687545778),
 .UNSPECIFIED.);
#45=B_SPLINE_CURVE_WITH_KNOTS('',3,(#2216,#2217,#2218,#2219,#2220),
 .UNSPECIFIED.,.F.,.F.,(4,1,4),(0.,0.00157174557001135,0.00314349114002271),
 .UNSPECIFIED.);
#46=B_SPLINE_CURVE_WITH_KNOTS('',3,(#2221,#2222,#2223,#2224,#2225),
 .UNSPECIFIED.,.F.,.F.,(4,1,4),(0.,0.00157173931729136,0.00314347863458273),
 .UNSPECIFIED.);
#47=B_SPLINE_CURVE_WITH_KNOTS('',3,(#2226,#2227,#2228,#2229,#2230),
 .UNSPECIFIED.,.F.,.F.,(4,1,4),(0.,0.00156309851462904,0.00312619702925808),
 .UNSPECIFIED.);
#48=B_SPLINE_CURVE_WITH_KNOTS('',3,(#2231,#2232,#2233,#2234,#2235),
 .UNSPECIFIED.,.F.,.F.,(4,1,4),(0.,0.00156309343772889,0.00312618687545779),
 .UNSPECIFIED.);
#49=B_SPLINE_CURVE_WITH_KNOTS('',3,(#2236,#2237,#2238,#2239,#2240),
 .UNSPECIFIED.,.F.,.F.,(4,1,4),(0.,0.00157174557001135,0.00314349114002271),
 .UNSPECIFIED.);
#50=B_SPLINE_CURVE_WITH_KNOTS('',3,(#2242,#2243,#2244,#2245,#2246),
 .UNSPECIFIED.,.F.,.F.,(4,1,4),(0.,0.00157174557001137,0.00314349114002274),
 .UNSPECIFIED.);
#51=B_SPLINE_CURVE_WITH_KNOTS('',3,(#2247,#2248,#2249,#2250,#2251),
 .UNSPECIFIED.,.F.,.F.,(4,1,4),(0.,0.00157173931729136,0.00314347863458273),
 .UNSPECIFIED.);
#52=B_SPLINE_CURVE_WITH_KNOTS('',3,(#2252,#2253,#2254,#2255,#2256),
 .UNSPECIFIED.,.F.,.F.,(4,1,4),(0.,0.00156309851462904,0.00312619702925808),
 .UNSPECIFIED.);
#53=B_SPLINE_CURVE_WITH_KNOTS('',3,(#2257,#2258,#2259,#2260,#2261),
 .UNSPECIFIED.,.F.,.F.,(4,1,4),(0.,0.0015630934377289,0.0031261868754578),
 .UNSPECIFIED.);
#54=B_SPLINE_CURVE_WITH_KNOTS('',3,(#2262,#2263,#2264,#2265,#2266),
 .UNSPECIFIED.,.F.,.F.,(4,1,4),(0.,0.00157174557001131,0.00314349114002262),
 .UNSPECIFIED.);
#55=B_SPLINE_CURVE_WITH_KNOTS('',3,(#2267,#2268,#2269,#2270,#2271),
 .UNSPECIFIED.,.F.,.F.,(4,1,4),(0.,0.00157173931729137,0.00314347863458274),
 .UNSPECIFIED.);
#56=B_SPLINE_CURVE_WITH_KNOTS('',3,(#2272,#2273,#2274,#2275,#2276),
 .UNSPECIFIED.,.F.,.F.,(4,1,4),(0.,0.001563098514629,0.003126197029258),
 .UNSPECIFIED.);
#57=B_SPLINE_CURVE_WITH_KNOTS('',3,(#2277,#2278,#2279,#2280,#2281),
 .UNSPECIFIED.,.F.,.F.,(4,1,4),(0.,0.00156309343772888,0.00312618687545777),
 .UNSPECIFIED.);
#58=CYLINDRICAL_SURFACE('',#1338,0.00175);
#59=CYLINDRICAL_SURFACE('',#1341,0.00175);
#60=CYLINDRICAL_SURFACE('',#1344,0.00175);
#61=CYLINDRICAL_SURFACE('',#1346,0.00175);
#62=CYLINDRICAL_SURFACE('',#1363,0.005);
#63=CYLINDRICAL_SURFACE('',#1386,0.05715);
#64=CYLINDRICAL_SURFACE('',#1387,0.05715);
#65=CYLINDRICAL_SURFACE('',#1388,0.002);
#66=CYLINDRICAL_SURFACE('',#1393,0.002);
#67=CYLINDRICAL_SURFACE('',#1395,0.002);
#68=CYLINDRICAL_SURFACE('',#1397,0.002);
#69=CYLINDRICAL_SURFACE('',#1399,0.002);
#70=CYLINDRICAL_SURFACE('',#1405,0.002);
#71=CYLINDRICAL_SURFACE('',#1407,0.002);
#72=CYLINDRICAL_SURFACE('',#1411,0.002);
#73=CYLINDRICAL_SURFACE('',#1412,0.002);
#74=CYLINDRICAL_SURFACE('',#1417,0.002);
#75=CYLINDRICAL_SURFACE('',#1419,0.002);
#76=CYLINDRICAL_SURFACE('',#1421,0.002);
#77=CYLINDRICAL_SURFACE('',#1423,0.002);
#78=CYLINDRICAL_SURFACE('',#1429,0.002);
#79=CYLINDRICAL_SURFACE('',#1431,0.002);
#80=CYLINDRICAL_SURFACE('',#1435,0.002);
#81=CYLINDRICAL_SURFACE('',#1436,0.002);
#82=CYLINDRICAL_SURFACE('',#1441,0.002);
#83=CYLINDRICAL_SURFACE('',#1443,0.002);
#84=CYLINDRICAL_SURFACE('',#1445,0.002);
#85=CYLINDRICAL_SURFACE('',#1447,0.002);
#86=CYLINDRICAL_SURFACE('',#1453,0.002);
#87=CYLINDRICAL_SURFACE('',#1455,0.002);
#88=CYLINDRICAL_SURFACE('',#1459,0.002);
#89=CYLINDRICAL_SURFACE('',#1460,0.002);
#90=CYLINDRICAL_SURFACE('',#1465,0.002);
#91=CYLINDRICAL_SURFACE('',#1467,0.002);
#92=CYLINDRICAL_SURFACE('',#1469,0.002);
#93=CYLINDRICAL_SURFACE('',#1471,0.002);
#94=CYLINDRICAL_SURFACE('',#1477,0.002);
#95=CYLINDRICAL_SURFACE('',#1479,0.002);
#96=CYLINDRICAL_SURFACE('',#1483,0.002);
#97=CIRCLE('',#1326,0.004);
#98=CIRCLE('',#1327,0.004);
#99=CIRCLE('',#1329,0.004);
#100=CIRCLE('',#1330,0.004);
#101=CIRCLE('',#1332,0.004);
#102=CIRCLE('',#1333,0.004);
#103=CIRCLE('',#1335,0.004);
#104=CIRCLE('',#1336,0.004);
#105=CIRCLE('',#1339,0.00175);
#106=CIRCLE('',#1342,0.00175);
#107=CIRCLE('',#1345,0.00175);
#108=CIRCLE('',#1347,0.00175);
#109=CIRCLE('',#1362,0.005);
#110=CIRCLE('',#1364,0.005);
#111=CIRCLE('',#1368,0.05715);
#112=CIRCLE('',#1370,0.05715);
#113=CIRCLE('',#1372,0.05715);
#114=CIRCLE('',#1374,0.05715);
#115=CIRCLE('',#1378,0.05715);
#116=CIRCLE('',#1380,0.05715);
#117=CIRCLE('',#1382,0.05715);
#118=CIRCLE('',#1384,0.05715);
#119=CIRCLE('',#1389,0.002);
#120=CIRCLE('',#1391,0.002);
#121=CIRCLE('',#1392,0.002);
#122=CIRCLE('',#1394,0.002);
#123=CIRCLE('',#1396,0.002);
#124=CIRCLE('',#1398,0.002);
#125=CIRCLE('',#1400,0.002);
#126=CIRCLE('',#1402,0.002);
#127=CIRCLE('',#1404,0.002);
#128=CIRCLE('',#1406,0.002);
#129=CIRCLE('',#1408,0.002);
#130=CIRCLE('',#1410,0.002);
#131=CIRCLE('',#1413,0.002);
#132=CIRCLE('',#1415,0.002);
#133=CIRCLE('',#1416,0.002);
#134=CIRCLE('',#1418,0.002);
#135=CIRCLE('',#1420,0.002);
#136=CIRCLE('',#1422,0.002);
#137=CIRCLE('',#1424,0.002);
#138=CIRCLE('',#1426,0.002);
#139=CIRCLE('',#1428,0.002);
#140=CIRCLE('',#1430,0.002);
#141=CIRCLE('',#1432,0.002);
#142=CIRCLE('',#1434,0.002);
#143=CIRCLE('',#1437,0.002);
#144=CIRCLE('',#1439,0.002);
#145=CIRCLE('',#1440,0.002);
#146=CIRCLE('',#1442,0.002);
#147=CIRCLE('',#1444,0.002);
#148=CIRCLE('',#1446,0.002);
#149=CIRCLE('',#1448,0.002);
#150=CIRCLE('',#1450,0.002);
#151=CIRCLE('',#1452,0.002);
#152=CIRCLE('',#1454,0.002);
#153=CIRCLE('',#1456,0.002);
#154=CIRCLE('',#1458,0.002);
#155=CIRCLE('',#1461,0.002);
#156=CIRCLE('',#1463,0.002);
#157=CIRCLE('',#1464,0.002);
#158=CIRCLE('',#1466,0.002);
#159=CIRCLE('',#1468,0.002);
#160=CIRCLE('',#1470,0.002);
#161=CIRCLE('',#1472,0.002);
#162=CIRCLE('',#1474,0.002);
#163=CIRCLE('',#1476,0.002);
#164=CIRCLE('',#1478,0.002);
#165=CIRCLE('',#1480,0.002);
#166=CIRCLE('',#1482,0.002);
#167=ORIENTED_EDGE('',*,*,#539,.T.);
#168=ORIENTED_EDGE('',*,*,#540,.T.);
#169=ORIENTED_EDGE('',*,*,#541,.F.);
#170=ORIENTED_EDGE('',*,*,#542,.T.);
#171=ORIENTED_EDGE('',*,*,#543,.F.);
#172=ORIENTED_EDGE('',*,*,#544,.T.);
#173=ORIENTED_EDGE('',*,*,#545,.T.);
#174=ORIENTED_EDGE('',*,*,#546,.T.);
#175=ORIENTED_EDGE('',*,*,#547,.T.);
#176=ORIENTED_EDGE('',*,*,#548,.T.);
#177=ORIENTED_EDGE('',*,*,#549,.F.);
#178=ORIENTED_EDGE('',*,*,#550,.T.);
#179=ORIENTED_EDGE('',*,*,#551,.F.);
#180=ORIENTED_EDGE('',*,*,#552,.T.);
#181=ORIENTED_EDGE('',*,*,#553,.F.);
#182=ORIENTED_EDGE('',*,*,#554,.T.);
#183=ORIENTED_EDGE('',*,*,#555,.F.);
#184=ORIENTED_EDGE('',*,*,#556,.F.);
#185=ORIENTED_EDGE('',*,*,#557,.F.);
#186=ORIENTED_EDGE('',*,*,#558,.F.);
#187=ORIENTED_EDGE('',*,*,#559,.T.);
#188=ORIENTED_EDGE('',*,*,#560,.T.);
#189=ORIENTED_EDGE('',*,*,#561,.F.);
#190=ORIENTED_EDGE('',*,*,#562,.T.);
#191=ORIENTED_EDGE('',*,*,#563,.F.);
#192=ORIENTED_EDGE('',*,*,#564,.T.);
#193=ORIENTED_EDGE('',*,*,#565,.T.);
#194=ORIENTED_EDGE('',*,*,#566,.F.);
#195=ORIENTED_EDGE('',*,*,#567,.T.);
#196=ORIENTED_EDGE('',*,*,#568,.F.);
#197=ORIENTED_EDGE('',*,*,#569,.F.);
#198=ORIENTED_EDGE('',*,*,#570,.T.);
#199=ORIENTED_EDGE('',*,*,#571,.F.);
#200=ORIENTED_EDGE('',*,*,#572,.T.);
#201=ORIENTED_EDGE('',*,*,#573,.F.);
#202=ORIENTED_EDGE('',*,*,#574,.T.);
#203=ORIENTED_EDGE('',*,*,#575,.F.);
#204=ORIENTED_EDGE('',*,*,#576,.T.);
#205=ORIENTED_EDGE('',*,*,#577,.F.);
#206=ORIENTED_EDGE('',*,*,#578,.T.);
#207=ORIENTED_EDGE('',*,*,#579,.F.);
#208=ORIENTED_EDGE('',*,*,#580,.T.);
#209=ORIENTED_EDGE('',*,*,#581,.T.);
#210=ORIENTED_EDGE('',*,*,#582,.T.);
#211=ORIENTED_EDGE('',*,*,#583,.T.);
#212=ORIENTED_EDGE('',*,*,#584,.T.);
#213=ORIENTED_EDGE('',*,*,#585,.T.);
#214=ORIENTED_EDGE('',*,*,#586,.T.);
#215=ORIENTED_EDGE('',*,*,#587,.T.);
#216=ORIENTED_EDGE('',*,*,#588,.T.);
#217=ORIENTED_EDGE('',*,*,#589,.T.);
#218=ORIENTED_EDGE('',*,*,#590,.T.);
#219=ORIENTED_EDGE('',*,*,#591,.T.);
#220=ORIENTED_EDGE('',*,*,#592,.T.);
#221=ORIENTED_EDGE('',*,*,#593,.F.);
#222=ORIENTED_EDGE('',*,*,#594,.T.);
#223=ORIENTED_EDGE('',*,*,#595,.T.);
#224=ORIENTED_EDGE('',*,*,#596,.T.);
#225=ORIENTED_EDGE('',*,*,#597,.T.);
#226=ORIENTED_EDGE('',*,*,#598,.T.);
#227=ORIENTED_EDGE('',*,*,#599,.T.);
#228=ORIENTED_EDGE('',*,*,#600,.T.);
#229=ORIENTED_EDGE('',*,*,#601,.T.);
#230=ORIENTED_EDGE('',*,*,#602,.T.);
#231=ORIENTED_EDGE('',*,*,#603,.F.);
#232=ORIENTED_EDGE('',*,*,#548,.F.);
#233=ORIENTED_EDGE('',*,*,#604,.F.);
#234=ORIENTED_EDGE('',*,*,#556,.T.);
#235=ORIENTED_EDGE('',*,*,#605,.F.);
#236=ORIENTED_EDGE('',*,*,#558,.T.);
#237=ORIENTED_EDGE('',*,*,#606,.F.);
#238=ORIENTED_EDGE('',*,*,#546,.F.);
#239=ORIENTED_EDGE('',*,*,#572,.F.);
#240=ORIENTED_EDGE('',*,*,#607,.T.);
#241=ORIENTED_EDGE('',*,*,#568,.T.);
#242=ORIENTED_EDGE('',*,*,#608,.T.);
#243=ORIENTED_EDGE('',*,*,#566,.T.);
#244=ORIENTED_EDGE('',*,*,#609,.T.);
#245=ORIENTED_EDGE('',*,*,#574,.F.);
#246=ORIENTED_EDGE('',*,*,#610,.T.);
#247=ORIENTED_EDGE('',*,*,#611,.T.);
#248=ORIENTED_EDGE('',*,*,#547,.F.);
#249=ORIENTED_EDGE('',*,*,#606,.T.);
#250=ORIENTED_EDGE('',*,*,#557,.T.);
#251=ORIENTED_EDGE('',*,*,#604,.T.);
#252=ORIENTED_EDGE('',*,*,#567,.F.);
#253=ORIENTED_EDGE('',*,*,#610,.F.);
#254=ORIENTED_EDGE('',*,*,#573,.T.);
#255=ORIENTED_EDGE('',*,*,#608,.F.);
#256=ORIENTED_EDGE('',*,*,#611,.F.);
#257=ORIENTED_EDGE('',*,*,#612,.T.);
#258=ORIENTED_EDGE('',*,*,#612,.F.);
#259=ORIENTED_EDGE('',*,*,#613,.T.);
#260=ORIENTED_EDGE('',*,*,#614,.T.);
#261=ORIENTED_EDGE('',*,*,#615,.T.);
#262=ORIENTED_EDGE('',*,*,#616,.T.);
#263=ORIENTED_EDGE('',*,*,#583,.F.);
#264=ORIENTED_EDGE('',*,*,#617,.F.);
#265=ORIENTED_EDGE('',*,*,#618,.T.);
#266=ORIENTED_EDGE('',*,*,#619,.T.);
#267=ORIENTED_EDGE('',*,*,#620,.T.);
#268=ORIENTED_EDGE('',*,*,#621,.T.);
#269=ORIENTED_EDGE('',*,*,#622,.T.);
#270=ORIENTED_EDGE('',*,*,#623,.T.);
#271=ORIENTED_EDGE('',*,*,#624,.T.);
#272=ORIENTED_EDGE('',*,*,#625,.T.);
#273=ORIENTED_EDGE('',*,*,#626,.T.);
#274=ORIENTED_EDGE('',*,*,#627,.T.);
#275=ORIENTED_EDGE('',*,*,#628,.T.);
#276=ORIENTED_EDGE('',*,*,#629,.T.);
#277=ORIENTED_EDGE('',*,*,#630,.T.);
#278=ORIENTED_EDGE('',*,*,#631,.F.);
#279=ORIENTED_EDGE('',*,*,#632,.T.);
#280=ORIENTED_EDGE('',*,*,#633,.T.);
#281=ORIENTED_EDGE('',*,*,#634,.T.);
#282=ORIENTED_EDGE('',*,*,#635,.T.);
#283=ORIENTED_EDGE('',*,*,#636,.T.);
#284=ORIENTED_EDGE('',*,*,#589,.F.);
#285=ORIENTED_EDGE('',*,*,#637,.T.);
#286=ORIENTED_EDGE('',*,*,#638,.T.);
#287=ORIENTED_EDGE('',*,*,#639,.T.);
#288=ORIENTED_EDGE('',*,*,#640,.T.);
#289=ORIENTED_EDGE('',*,*,#595,.F.);
#290=ORIENTED_EDGE('',*,*,#641,.T.);
#291=ORIENTED_EDGE('',*,*,#642,.T.);
#292=ORIENTED_EDGE('',*,*,#643,.F.);
#293=ORIENTED_EDGE('',*,*,#644,.T.);
#294=ORIENTED_EDGE('',*,*,#645,.T.);
#295=ORIENTED_EDGE('',*,*,#646,.T.);
#296=ORIENTED_EDGE('',*,*,#647,.T.);
#297=ORIENTED_EDGE('',*,*,#648,.T.);
#298=ORIENTED_EDGE('',*,*,#649,.T.);
#299=ORIENTED_EDGE('',*,*,#650,.T.);
#300=ORIENTED_EDGE('',*,*,#651,.T.);
#301=ORIENTED_EDGE('',*,*,#652,.T.);
#302=ORIENTED_EDGE('',*,*,#653,.T.);
#303=ORIENTED_EDGE('',*,*,#654,.T.);
#304=ORIENTED_EDGE('',*,*,#655,.F.);
#305=ORIENTED_EDGE('',*,*,#656,.T.);
#306=ORIENTED_EDGE('',*,*,#657,.T.);
#307=ORIENTED_EDGE('',*,*,#658,.T.);
#308=ORIENTED_EDGE('',*,*,#659,.T.);
#309=ORIENTED_EDGE('',*,*,#660,.T.);
#310=ORIENTED_EDGE('',*,*,#597,.F.);
#311=ORIENTED_EDGE('',*,*,#596,.F.);
#312=ORIENTED_EDGE('',*,*,#598,.F.);
#313=ORIENTED_EDGE('',*,*,#601,.F.);
#314=ORIENTED_EDGE('',*,*,#661,.T.);
#315=ORIENTED_EDGE('',*,*,#655,.T.);
#316=ORIENTED_EDGE('',*,*,#662,.T.);
#317=ORIENTED_EDGE('',*,*,#539,.F.);
#318=ORIENTED_EDGE('',*,*,#603,.T.);
#319=ORIENTED_EDGE('',*,*,#555,.T.);
#320=ORIENTED_EDGE('',*,*,#663,.T.);
#321=ORIENTED_EDGE('',*,*,#643,.T.);
#322=ORIENTED_EDGE('',*,*,#664,.T.);
#323=ORIENTED_EDGE('',*,*,#593,.T.);
#324=ORIENTED_EDGE('',*,*,#665,.T.);
#325=ORIENTED_EDGE('',*,*,#647,.F.);
#326=ORIENTED_EDGE('',*,*,#666,.T.);
#327=ORIENTED_EDGE('',*,*,#549,.T.);
#328=ORIENTED_EDGE('',*,*,#605,.T.);
#329=ORIENTED_EDGE('',*,*,#545,.F.);
#330=ORIENTED_EDGE('',*,*,#667,.T.);
#331=ORIENTED_EDGE('',*,*,#651,.F.);
#332=ORIENTED_EDGE('',*,*,#668,.T.);
#333=ORIENTED_EDGE('',*,*,#584,.F.);
#334=ORIENTED_EDGE('',*,*,#590,.F.);
#335=ORIENTED_EDGE('',*,*,#625,.F.);
#336=ORIENTED_EDGE('',*,*,#669,.T.);
#337=ORIENTED_EDGE('',*,*,#585,.F.);
#338=ORIENTED_EDGE('',*,*,#670,.T.);
#339=ORIENTED_EDGE('',*,*,#631,.T.);
#340=ORIENTED_EDGE('',*,*,#671,.T.);
#341=ORIENTED_EDGE('',*,*,#559,.F.);
#342=ORIENTED_EDGE('',*,*,#607,.F.);
#343=ORIENTED_EDGE('',*,*,#571,.T.);
#344=ORIENTED_EDGE('',*,*,#672,.T.);
#345=ORIENTED_EDGE('',*,*,#617,.T.);
#346=ORIENTED_EDGE('',*,*,#673,.T.);
#347=ORIENTED_EDGE('',*,*,#579,.T.);
#348=ORIENTED_EDGE('',*,*,#674,.T.);
#349=ORIENTED_EDGE('',*,*,#621,.F.);
#350=ORIENTED_EDGE('',*,*,#675,.T.);
#351=ORIENTED_EDGE('',*,*,#575,.T.);
#352=ORIENTED_EDGE('',*,*,#609,.F.);
#353=ORIENTED_EDGE('',*,*,#565,.F.);
#354=ORIENTED_EDGE('',*,*,#676,.T.);
#355=ORIENTED_EDGE('',*,*,#677,.F.);
#356=ORIENTED_EDGE('',*,*,#586,.F.);
#357=ORIENTED_EDGE('',*,*,#669,.F.);
#358=ORIENTED_EDGE('',*,*,#628,.F.);
#359=ORIENTED_EDGE('',*,*,#678,.F.);
#360=ORIENTED_EDGE('',*,*,#677,.T.);
#361=ORIENTED_EDGE('',*,*,#679,.F.);
#362=ORIENTED_EDGE('',*,*,#676,.F.);
#363=ORIENTED_EDGE('',*,*,#564,.F.);
#364=ORIENTED_EDGE('',*,*,#680,.F.);
#365=ORIENTED_EDGE('',*,*,#626,.F.);
#366=ORIENTED_EDGE('',*,*,#679,.T.);
#367=ORIENTED_EDGE('',*,*,#627,.F.);
#368=ORIENTED_EDGE('',*,*,#681,.F.);
#369=ORIENTED_EDGE('',*,*,#635,.F.);
#370=ORIENTED_EDGE('',*,*,#678,.T.);
#371=ORIENTED_EDGE('',*,*,#634,.F.);
#372=ORIENTED_EDGE('',*,*,#682,.F.);
#373=ORIENTED_EDGE('',*,*,#587,.F.);
#374=ORIENTED_EDGE('',*,*,#670,.F.);
#375=ORIENTED_EDGE('',*,*,#588,.F.);
#376=ORIENTED_EDGE('',*,*,#683,.F.);
#377=ORIENTED_EDGE('',*,*,#632,.F.);
#378=ORIENTED_EDGE('',*,*,#680,.T.);
#379=ORIENTED_EDGE('',*,*,#563,.T.);
#380=ORIENTED_EDGE('',*,*,#684,.F.);
#381=ORIENTED_EDGE('',*,*,#681,.T.);
#382=ORIENTED_EDGE('',*,*,#683,.T.);
#383=ORIENTED_EDGE('',*,*,#682,.T.);
#384=ORIENTED_EDGE('',*,*,#685,.F.);
#385=ORIENTED_EDGE('',*,*,#684,.T.);
#386=ORIENTED_EDGE('',*,*,#562,.F.);
#387=ORIENTED_EDGE('',*,*,#686,.F.);
#388=ORIENTED_EDGE('',*,*,#636,.F.);
#389=ORIENTED_EDGE('',*,*,#685,.T.);
#390=ORIENTED_EDGE('',*,*,#633,.F.);
#391=ORIENTED_EDGE('',*,*,#687,.F.);
#392=ORIENTED_EDGE('',*,*,#629,.F.);
#393=ORIENTED_EDGE('',*,*,#686,.T.);
#394=ORIENTED_EDGE('',*,*,#561,.T.);
#395=ORIENTED_EDGE('',*,*,#688,.F.);
#396=ORIENTED_EDGE('',*,*,#687,.T.);
#397=ORIENTED_EDGE('',*,*,#671,.F.);
#398=ORIENTED_EDGE('',*,*,#630,.F.);
#399=ORIENTED_EDGE('',*,*,#688,.T.);
#400=ORIENTED_EDGE('',*,*,#560,.F.);
#401=ORIENTED_EDGE('',*,*,#689,.F.);
#402=ORIENTED_EDGE('',*,*,#602,.F.);
#403=ORIENTED_EDGE('',*,*,#668,.F.);
#404=ORIENTED_EDGE('',*,*,#650,.F.);
#405=ORIENTED_EDGE('',*,*,#690,.F.);
#406=ORIENTED_EDGE('',*,*,#689,.T.);
#407=ORIENTED_EDGE('',*,*,#691,.F.);
#408=ORIENTED_EDGE('',*,*,#667,.F.);
#409=ORIENTED_EDGE('',*,*,#544,.F.);
#410=ORIENTED_EDGE('',*,*,#692,.F.);
#411=ORIENTED_EDGE('',*,*,#652,.F.);
#412=ORIENTED_EDGE('',*,*,#691,.T.);
#413=ORIENTED_EDGE('',*,*,#649,.F.);
#414=ORIENTED_EDGE('',*,*,#693,.F.);
#415=ORIENTED_EDGE('',*,*,#660,.F.);
#416=ORIENTED_EDGE('',*,*,#690,.T.);
#417=ORIENTED_EDGE('',*,*,#659,.F.);
#418=ORIENTED_EDGE('',*,*,#694,.F.);
#419=ORIENTED_EDGE('',*,*,#599,.F.);
#420=ORIENTED_EDGE('',*,*,#661,.F.);
#421=ORIENTED_EDGE('',*,*,#600,.F.);
#422=ORIENTED_EDGE('',*,*,#695,.F.);
#423=ORIENTED_EDGE('',*,*,#656,.F.);
#424=ORIENTED_EDGE('',*,*,#692,.T.);
#425=ORIENTED_EDGE('',*,*,#543,.T.);
#426=ORIENTED_EDGE('',*,*,#696,.F.);
#427=ORIENTED_EDGE('',*,*,#693,.T.);
#428=ORIENTED_EDGE('',*,*,#695,.T.);
#429=ORIENTED_EDGE('',*,*,#694,.T.);
#430=ORIENTED_EDGE('',*,*,#697,.F.);
#431=ORIENTED_EDGE('',*,*,#696,.T.);
#432=ORIENTED_EDGE('',*,*,#542,.F.);
#433=ORIENTED_EDGE('',*,*,#698,.F.);
#434=ORIENTED_EDGE('',*,*,#657,.F.);
#435=ORIENTED_EDGE('',*,*,#697,.T.);
#436=ORIENTED_EDGE('',*,*,#658,.F.);
#437=ORIENTED_EDGE('',*,*,#699,.F.);
#438=ORIENTED_EDGE('',*,*,#653,.F.);
#439=ORIENTED_EDGE('',*,*,#698,.T.);
#440=ORIENTED_EDGE('',*,*,#541,.T.);
#441=ORIENTED_EDGE('',*,*,#700,.F.);
#442=ORIENTED_EDGE('',*,*,#699,.T.);
#443=ORIENTED_EDGE('',*,*,#662,.F.);
#444=ORIENTED_EDGE('',*,*,#654,.F.);
#445=ORIENTED_EDGE('',*,*,#700,.T.);
#446=ORIENTED_EDGE('',*,*,#540,.F.);
#447=ORIENTED_EDGE('',*,*,#701,.F.);
#448=ORIENTED_EDGE('',*,*,#594,.F.);
#449=ORIENTED_EDGE('',*,*,#664,.F.);
#450=ORIENTED_EDGE('',*,*,#642,.F.);
#451=ORIENTED_EDGE('',*,*,#702,.F.);
#452=ORIENTED_EDGE('',*,*,#701,.T.);
#453=ORIENTED_EDGE('',*,*,#703,.F.);
#454=ORIENTED_EDGE('',*,*,#663,.F.);
#455=ORIENTED_EDGE('',*,*,#554,.F.);
#456=ORIENTED_EDGE('',*,*,#704,.F.);
#457=ORIENTED_EDGE('',*,*,#644,.F.);
#458=ORIENTED_EDGE('',*,*,#703,.T.);
#459=ORIENTED_EDGE('',*,*,#641,.F.);
#460=ORIENTED_EDGE('',*,*,#705,.F.);
#461=ORIENTED_EDGE('',*,*,#639,.F.);
#462=ORIENTED_EDGE('',*,*,#702,.T.);
#463=ORIENTED_EDGE('',*,*,#638,.F.);
#464=ORIENTED_EDGE('',*,*,#706,.F.);
#465=ORIENTED_EDGE('',*,*,#591,.F.);
#466=ORIENTED_EDGE('',*,*,#665,.F.);
#467=ORIENTED_EDGE('',*,*,#592,.F.);
#468=ORIENTED_EDGE('',*,*,#707,.F.);
#469=ORIENTED_EDGE('',*,*,#648,.F.);
#470=ORIENTED_EDGE('',*,*,#704,.T.);
#471=ORIENTED_EDGE('',*,*,#553,.T.);
#472=ORIENTED_EDGE('',*,*,#708,.F.);
#473=ORIENTED_EDGE('',*,*,#705,.T.);
#474=ORIENTED_EDGE('',*,*,#707,.T.);
#475=ORIENTED_EDGE('',*,*,#706,.T.);
#476=ORIENTED_EDGE('',*,*,#709,.F.);
#477=ORIENTED_EDGE('',*,*,#708,.T.);
#478=ORIENTED_EDGE('',*,*,#552,.F.);
#479=ORIENTED_EDGE('',*,*,#710,.F.);
#480=ORIENTED_EDGE('',*,*,#640,.F.);
#481=ORIENTED_EDGE('',*,*,#709,.T.);
#482=ORIENTED_EDGE('',*,*,#637,.F.);
#483=ORIENTED_EDGE('',*,*,#711,.F.);
#484=ORIENTED_EDGE('',*,*,#645,.F.);
#485=ORIENTED_EDGE('',*,*,#710,.T.);
#486=ORIENTED_EDGE('',*,*,#551,.T.);
#487=ORIENTED_EDGE('',*,*,#712,.F.);
#488=ORIENTED_EDGE('',*,*,#711,.T.);
#489=ORIENTED_EDGE('',*,*,#666,.F.);
#490=ORIENTED_EDGE('',*,*,#646,.F.);
#491=ORIENTED_EDGE('',*,*,#712,.T.);
#492=ORIENTED_EDGE('',*,*,#550,.F.);
#493=ORIENTED_EDGE('',*,*,#713,.F.);
#494=ORIENTED_EDGE('',*,*,#622,.F.);
#495=ORIENTED_EDGE('',*,*,#674,.F.);
#496=ORIENTED_EDGE('',*,*,#582,.F.);
#497=ORIENTED_EDGE('',*,*,#714,.F.);
#498=ORIENTED_EDGE('',*,*,#713,.T.);
#499=ORIENTED_EDGE('',*,*,#715,.F.);
#500=ORIENTED_EDGE('',*,*,#673,.F.);
#501=ORIENTED_EDGE('',*,*,#620,.F.);
#502=ORIENTED_EDGE('',*,*,#716,.F.);
#503=ORIENTED_EDGE('',*,*,#580,.F.);
#504=ORIENTED_EDGE('',*,*,#715,.T.);
#505=ORIENTED_EDGE('',*,*,#581,.F.);
#506=ORIENTED_EDGE('',*,*,#717,.F.);
#507=ORIENTED_EDGE('',*,*,#613,.F.);
#508=ORIENTED_EDGE('',*,*,#714,.T.);
#509=ORIENTED_EDGE('',*,*,#616,.F.);
#510=ORIENTED_EDGE('',*,*,#718,.F.);
#511=ORIENTED_EDGE('',*,*,#623,.F.);
#512=ORIENTED_EDGE('',*,*,#675,.F.);
#513=ORIENTED_EDGE('',*,*,#624,.F.);
#514=ORIENTED_EDGE('',*,*,#719,.F.);
#515=ORIENTED_EDGE('',*,*,#576,.F.);
#516=ORIENTED_EDGE('',*,*,#717,.T.);
#517=ORIENTED_EDGE('',*,*,#716,.T.);
#518=ORIENTED_EDGE('',*,*,#720,.F.);
#519=ORIENTED_EDGE('',*,*,#719,.T.);
#520=ORIENTED_EDGE('',*,*,#718,.T.);
#521=ORIENTED_EDGE('',*,*,#721,.F.);
#522=ORIENTED_EDGE('',*,*,#577,.T.);
#523=ORIENTED_EDGE('',*,*,#720,.T.);
#524=ORIENTED_EDGE('',*,*,#619,.F.);
#525=ORIENTED_EDGE('',*,*,#722,.F.);
#526=ORIENTED_EDGE('',*,*,#614,.F.);
#527=ORIENTED_EDGE('',*,*,#721,.T.);
#528=ORIENTED_EDGE('',*,*,#615,.F.);
#529=ORIENTED_EDGE('',*,*,#723,.F.);
#530=ORIENTED_EDGE('',*,*,#578,.F.);
#531=ORIENTED_EDGE('',*,*,#723,.T.);
#532=ORIENTED_EDGE('',*,*,#722,.T.);
#533=ORIENTED_EDGE('',*,*,#724,.F.);
#534=ORIENTED_EDGE('',*,*,#569,.T.);
#535=ORIENTED_EDGE('',*,*,#672,.F.);
#536=ORIENTED_EDGE('',*,*,#570,.F.);
#537=ORIENTED_EDGE('',*,*,#724,.T.);
#538=ORIENTED_EDGE('',*,*,#618,.F.);
#539=EDGE_CURVE('',#725,#726,#839,.F.);
#540=EDGE_CURVE('',#726,#727,#840,.T.);
#541=EDGE_CURVE('',#728,#727,#97,.T.);
#542=EDGE_CURVE('',#728,#729,#841,.F.);
#543=EDGE_CURVE('',#730,#729,#98,.T.);
#544=EDGE_CURVE('',#730,#731,#842,.F.);
#545=EDGE_CURVE('',#731,#732,#843,.F.);
#546=EDGE_CURVE('',#732,#733,#844,.T.);
#547=EDGE_CURVE('',#733,#734,#845,.F.);
#548=EDGE_CURVE('',#734,#725,#846,.T.);
#549=EDGE_CURVE('',#735,#736,#847,.F.);
#550=EDGE_CURVE('',#735,#737,#848,.T.);
#551=EDGE_CURVE('',#738,#737,#99,.F.);
#552=EDGE_CURVE('',#738,#739,#849,.T.);
#553=EDGE_CURVE('',#740,#739,#100,.F.);
#554=EDGE_CURVE('',#740,#741,#850,.F.);
#555=EDGE_CURVE('',#742,#741,#851,.F.);
#556=EDGE_CURVE('',#743,#742,#852,.T.);
#557=EDGE_CURVE('',#744,#743,#853,.F.);
#558=EDGE_CURVE('',#736,#744,#854,.T.);
#559=EDGE_CURVE('',#745,#746,#855,.F.);
#560=EDGE_CURVE('',#746,#747,#856,.T.);
#561=EDGE_CURVE('',#748,#747,#101,.T.);
#562=EDGE_CURVE('',#748,#749,#857,.F.);
#563=EDGE_CURVE('',#750,#749,#102,.T.);
#564=EDGE_CURVE('',#750,#751,#858,.F.);
#565=EDGE_CURVE('',#751,#752,#859,.F.);
#566=EDGE_CURVE('',#753,#752,#860,.T.);
#567=EDGE_CURVE('',#753,#754,#861,.F.);
#568=EDGE_CURVE('',#745,#754,#862,.T.);
#569=EDGE_CURVE('',#755,#756,#103,.F.);
#570=EDGE_CURVE('',#755,#757,#863,.F.);
#571=EDGE_CURVE('',#758,#757,#864,.F.);
#572=EDGE_CURVE('',#758,#759,#865,.T.);
#573=EDGE_CURVE('',#760,#759,#866,.F.);
#574=EDGE_CURVE('',#760,#761,#867,.T.);
#575=EDGE_CURVE('',#762,#761,#868,.F.);
#576=EDGE_CURVE('',#762,#763,#869,.T.);
#577=EDGE_CURVE('',#764,#763,#104,.F.);
#578=EDGE_CURVE('',#764,#756,#870,.T.);
#579=EDGE_CURVE('',#765,#766,#871,.F.);
#580=EDGE_CURVE('',#765,#767,#872,.F.);
#581=EDGE_CURVE('',#767,#768,#873,.F.);
#582=EDGE_CURVE('',#768,#766,#874,.T.);
#583=EDGE_CURVE('',#769,#769,#105,.T.);
#584=EDGE_CURVE('',#770,#770,#38,.T.);
#585=EDGE_CURVE('',#771,#772,#875,.F.);
#586=EDGE_CURVE('',#772,#773,#876,.F.);
#587=EDGE_CURVE('',#773,#774,#877,.T.);
#588=EDGE_CURVE('',#774,#771,#878,.T.);
#589=EDGE_CURVE('',#775,#775,#106,.T.);
#590=EDGE_CURVE('',#776,#776,#39,.T.);
#591=EDGE_CURVE('',#777,#778,#879,.F.);
#592=EDGE_CURVE('',#778,#779,#880,.T.);
#593=EDGE_CURVE('',#780,#779,#881,.F.);
#594=EDGE_CURVE('',#780,#777,#882,.F.);
#595=EDGE_CURVE('',#781,#781,#107,.T.);
#596=EDGE_CURVE('',#782,#782,#40,.T.);
#597=EDGE_CURVE('',#783,#783,#108,.T.);
#598=EDGE_CURVE('',#784,#784,#41,.T.);
#599=EDGE_CURVE('',#785,#786,#883,.T.);
#600=EDGE_CURVE('',#786,#787,#884,.T.);
#601=EDGE_CURVE('',#787,#788,#885,.F.);
#602=EDGE_CURVE('',#788,#785,#886,.F.);
#603=EDGE_CURVE('',#725,#742,#30,.F.);
#604=EDGE_CURVE('',#743,#734,#31,.F.);
#605=EDGE_CURVE('',#736,#732,#32,.F.);
#606=EDGE_CURVE('',#733,#744,#33,.F.);
#607=EDGE_CURVE('',#758,#745,#34,.F.);
#608=EDGE_CURVE('',#754,#759,#35,.F.);
#609=EDGE_CURVE('',#752,#761,#36,.F.);
#610=EDGE_CURVE('',#760,#753,#37,.F.);
#611=EDGE_CURVE('',#789,#789,#109,.T.);
#612=EDGE_CURVE('',#790,#790,#110,.T.);
#613=EDGE_CURVE('',#791,#792,#887,.T.);
#614=EDGE_CURVE('',#792,#793,#888,.T.);
#615=EDGE_CURVE('',#793,#794,#889,.F.);
#616=EDGE_CURVE('',#794,#791,#890,.F.);
#617=EDGE_CURVE('',#795,#796,#111,.F.);
#618=EDGE_CURVE('',#795,#797,#891,.T.);
#619=EDGE_CURVE('',#797,#798,#892,.F.);
#620=EDGE_CURVE('',#798,#796,#893,.T.);
#621=EDGE_CURVE('',#799,#800,#112,.F.);
#622=EDGE_CURVE('',#800,#801,#894,.F.);
#623=EDGE_CURVE('',#801,#802,#895,.T.);
#624=EDGE_CURVE('',#802,#799,#896,.F.);
#625=EDGE_CURVE('',#803,#804,#113,.F.);
#626=EDGE_CURVE('',#804,#805,#897,.T.);
#627=EDGE_CURVE('',#805,#806,#898,.T.);
#628=EDGE_CURVE('',#806,#803,#899,.T.);
#629=EDGE_CURVE('',#807,#808,#900,.F.);
#630=EDGE_CURVE('',#808,#809,#901,.F.);
#631=EDGE_CURVE('',#810,#809,#114,.F.);
#632=EDGE_CURVE('',#810,#807,#902,.F.);
#633=EDGE_CURVE('',#811,#812,#903,.T.);
#634=EDGE_CURVE('',#812,#813,#904,.F.);
#635=EDGE_CURVE('',#813,#814,#905,.F.);
#636=EDGE_CURVE('',#814,#811,#906,.T.);
#637=EDGE_CURVE('',#815,#816,#907,.F.);
#638=EDGE_CURVE('',#816,#817,#908,.T.);
#639=EDGE_CURVE('',#817,#818,#909,.T.);
#640=EDGE_CURVE('',#818,#815,#910,.F.);
#641=EDGE_CURVE('',#819,#820,#911,.F.);
#642=EDGE_CURVE('',#820,#821,#912,.T.);
#643=EDGE_CURVE('',#822,#821,#115,.F.);
#644=EDGE_CURVE('',#822,#819,#913,.T.);
#645=EDGE_CURVE('',#823,#824,#914,.T.);
#646=EDGE_CURVE('',#824,#825,#915,.F.);
#647=EDGE_CURVE('',#825,#826,#116,.F.);
#648=EDGE_CURVE('',#826,#823,#916,.F.);
#649=EDGE_CURVE('',#827,#828,#917,.T.);
#650=EDGE_CURVE('',#828,#829,#918,.T.);
#651=EDGE_CURVE('',#829,#830,#117,.F.);
#652=EDGE_CURVE('',#830,#827,#919,.T.);
#653=EDGE_CURVE('',#831,#832,#920,.F.);
#654=EDGE_CURVE('',#832,#833,#921,.F.);
#655=EDGE_CURVE('',#834,#833,#118,.F.);
#656=EDGE_CURVE('',#834,#831,#922,.F.);
#657=EDGE_CURVE('',#835,#836,#923,.T.);
#658=EDGE_CURVE('',#836,#837,#924,.T.);
#659=EDGE_CURVE('',#837,#838,#925,.F.);
#660=EDGE_CURVE('',#838,#835,#926,.F.);
#661=EDGE_CURVE('',#787,#834,#42,.T.);
#662=EDGE_CURVE('',#833,#726,#43,.T.);
#663=EDGE_CURVE('',#741,#822,#44,.T.);
#664=EDGE_CURVE('',#821,#780,#45,.T.);
#665=EDGE_CURVE('',#779,#826,#46,.T.);
#666=EDGE_CURVE('',#825,#735,#47,.T.);
#667=EDGE_CURVE('',#731,#830,#48,.T.);
#668=EDGE_CURVE('',#829,#788,#49,.T.);
#669=EDGE_CURVE('',#803,#772,#50,.T.);
#670=EDGE_CURVE('',#771,#810,#51,.T.);
#671=EDGE_CURVE('',#809,#746,#52,.T.);
#672=EDGE_CURVE('',#757,#795,#53,.T.);
#673=EDGE_CURVE('',#796,#765,#54,.T.);
#674=EDGE_CURVE('',#766,#800,#55,.T.);
#675=EDGE_CURVE('',#799,#762,#56,.T.);
#676=EDGE_CURVE('',#751,#804,#57,.T.);
#677=EDGE_CURVE('',#773,#806,#119,.T.);
#678=EDGE_CURVE('',#773,#813,#120,.F.);
#679=EDGE_CURVE('',#813,#806,#121,.F.);
#680=EDGE_CURVE('',#805,#750,#122,.T.);
#681=EDGE_CURVE('',#814,#805,#123,.F.);
#682=EDGE_CURVE('',#774,#812,#124,.T.);
#683=EDGE_CURVE('',#807,#774,#125,.T.);
#684=EDGE_CURVE('',#814,#749,#126,.F.);
#685=EDGE_CURVE('',#807,#812,#127,.F.);
#686=EDGE_CURVE('',#811,#748,#128,.T.);
#687=EDGE_CURVE('',#808,#811,#129,.F.);
#688=EDGE_CURVE('',#808,#747,#130,.F.);
#689=EDGE_CURVE('',#785,#828,#131,.T.);
#690=EDGE_CURVE('',#785,#838,#132,.F.);
#691=EDGE_CURVE('',#838,#828,#133,.F.);
#692=EDGE_CURVE('',#827,#730,#134,.T.);
#693=EDGE_CURVE('',#835,#827,#135,.F.);
#694=EDGE_CURVE('',#786,#837,#136,.T.);
#695=EDGE_CURVE('',#831,#786,#137,.T.);
#696=EDGE_CURVE('',#835,#729,#138,.F.);
#697=EDGE_CURVE('',#831,#837,#139,.F.);
#698=EDGE_CURVE('',#836,#728,#140,.T.);
#699=EDGE_CURVE('',#832,#836,#141,.F.);
#700=EDGE_CURVE('',#832,#727,#142,.F.);
#701=EDGE_CURVE('',#777,#820,#143,.T.);
#702=EDGE_CURVE('',#777,#817,#144,.F.);
#703=EDGE_CURVE('',#817,#820,#145,.F.);
#704=EDGE_CURVE('',#819,#740,#146,.T.);
#705=EDGE_CURVE('',#818,#819,#147,.T.);
#706=EDGE_CURVE('',#778,#816,#148,.T.);
#707=EDGE_CURVE('',#823,#778,#149,.T.);
#708=EDGE_CURVE('',#818,#739,#150,.F.);
#709=EDGE_CURVE('',#823,#816,#151,.F.);
#710=EDGE_CURVE('',#815,#738,#152,.T.);
#711=EDGE_CURVE('',#824,#815,#153,.T.);
#712=EDGE_CURVE('',#824,#737,#154,.F.);
#713=EDGE_CURVE('',#801,#768,#155,.T.);
#714=EDGE_CURVE('',#801,#791,#156,.F.);
#715=EDGE_CURVE('',#791,#768,#157,.F.);
#716=EDGE_CURVE('',#767,#798,#158,.T.);
#717=EDGE_CURVE('',#792,#767,#159,.T.);
#718=EDGE_CURVE('',#802,#794,#160,.T.);
#719=EDGE_CURVE('',#763,#802,#161,.T.);
#720=EDGE_CURVE('',#792,#798,#162,.F.);
#721=EDGE_CURVE('',#764,#794,#163,.F.);
#722=EDGE_CURVE('',#793,#797,#164,.T.);
#723=EDGE_CURVE('',#756,#793,#165,.T.);
#724=EDGE_CURVE('',#755,#797,#166,.F.);
#725=VERTEX_POINT('',#1895);
#726=VERTEX_POINT('',#1896);
#727=VERTEX_POINT('',#1898);
#728=VERTEX_POINT('',#1900);
#729=VERTEX_POINT('',#1902);
#730=VERTEX_POINT('',#1904);
#731=VERTEX_POINT('',#1906);
#732=VERTEX_POINT('',#1908);
#733=VERTEX_POINT('',#1910);
#734=VERTEX_POINT('',#1912);
#735=VERTEX_POINT('',#1916);
#736=VERTEX_POINT('',#1917);
#737=VERTEX_POINT('',#1919);
#738=VERTEX_POINT('',#1921);
#739=VERTEX_POINT('',#1923);
#740=VERTEX_POINT('',#1925);
#741=VERTEX_POINT('',#1927);
#742=VERTEX_POINT('',#1929);
#743=VERTEX_POINT('',#1931);
#744=VERTEX_POINT('',#1933);
#745=VERTEX_POINT('',#1937);
#746=VERTEX_POINT('',#1938);
#747=VERTEX_POINT('',#1940);
#748=VERTEX_POINT('',#1942);
#749=VERTEX_POINT('',#1944);
#750=VERTEX_POINT('',#1946);
#751=VERTEX_POINT('',#1948);
#752=VERTEX_POINT('',#1950);
#753=VERTEX_POINT('',#1952);
#754=VERTEX_POINT('',#1954);
#755=VERTEX_POINT('',#1958);
#756=VERTEX_POINT('',#1959);
#757=VERTEX_POINT('',#1961);
#758=VERTEX_POINT('',#1963);
#759=VERTEX_POINT('',#1965);
#760=VERTEX_POINT('',#1967);
#761=VERTEX_POINT('',#1969);
#762=VERTEX_POINT('',#1971);
#763=VERTEX_POINT('',#1973);
#764=VERTEX_POINT('',#1975);
#765=VERTEX_POINT('',#1979);
#766=VERTEX_POINT('',#1980);
#767=VERTEX_POINT('',#1982);
#768=VERTEX_POINT('',#1984);
#769=VERTEX_POINT('',#1988);
#770=VERTEX_POINT('',#2000);
#771=VERTEX_POINT('',#2003);
#772=VERTEX_POINT('',#2004);
#773=VERTEX_POINT('',#2006);
#774=VERTEX_POINT('',#2008);
#775=VERTEX_POINT('',#2012);
#776=VERTEX_POINT('',#2024);
#777=VERTEX_POINT('',#2027);
#778=VERTEX_POINT('',#2028);
#779=VERTEX_POINT('',#2030);
#780=VERTEX_POINT('',#2032);
#781=VERTEX_POINT('',#2036);
#782=VERTEX_POINT('',#2048);
#783=VERTEX_POINT('',#2051);
#784=VERTEX_POINT('',#2063);
#785=VERTEX_POINT('',#2066);
#786=VERTEX_POINT('',#2067);
#787=VERTEX_POINT('',#2069);
#788=VERTEX_POINT('',#2071);
#789=VERTEX_POINT('',#2087);
#790=VERTEX_POINT('',#2090);
#791=VERTEX_POINT('',#2094);
#792=VERTEX_POINT('',#2095);
#793=VERTEX_POINT('',#2097);
#794=VERTEX_POINT('',#2099);
#795=VERTEX_POINT('',#2103);
#796=VERTEX_POINT('',#2104);
#797=VERTEX_POINT('',#2106);
#798=VERTEX_POINT('',#2108);
#799=VERTEX_POINT('',#2112);
#800=VERTEX_POINT('',#2113);
#801=VERTEX_POINT('',#2115);
#802=VERTEX_POINT('',#2117);
#803=VERTEX_POINT('',#2121);
#804=VERTEX_POINT('',#2122);
#805=VERTEX_POINT('',#2124);
#806=VERTEX_POINT('',#2126);
#807=VERTEX_POINT('',#2130);
#808=VERTEX_POINT('',#2131);
#809=VERTEX_POINT('',#2133);
#810=VERTEX_POINT('',#2135);
#811=VERTEX_POINT('',#2139);
#812=VERTEX_POINT('',#2140);
#813=VERTEX_POINT('',#2142);
#814=VERTEX_POINT('',#2144);
#815=VERTEX_POINT('',#2148);
#816=VERTEX_POINT('',#2149);
#817=VERTEX_POINT('',#2151);
#818=VERTEX_POINT('',#2153);
#819=VERTEX_POINT('',#2157);
#820=VERTEX_POINT('',#2158);
#821=VERTEX_POINT('',#2160);
#822=VERTEX_POINT('',#2162);
#823=VERTEX_POINT('',#2166);
#824=VERTEX_POINT('',#2167);
#825=VERTEX_POINT('',#2169);
#826=VERTEX_POINT('',#2171);
#827=VERTEX_POINT('',#2175);
#828=VERTEX_POINT('',#2176);
#829=VERTEX_POINT('',#2178);
#830=VERTEX_POINT('',#2180);
#831=VERTEX_POINT('',#2184);
#832=VERTEX_POINT('',#2185);
#833=VERTEX_POINT('',#2187);
#834=VERTEX_POINT('',#2189);
#835=VERTEX_POINT('',#2193);
#836=VERTEX_POINT('',#2194);
#837=VERTEX_POINT('',#2196);
#838=VERTEX_POINT('',#2198);
#839=LINE('',#1894,#927);
#840=LINE('',#1897,#928);
#841=LINE('',#1901,#929);
#842=LINE('',#1905,#930);
#843=LINE('',#1907,#931);
#844=LINE('',#1909,#932);
#845=LINE('',#1911,#933);
#846=LINE('',#1913,#934);
#847=LINE('',#1915,#935);
#848=LINE('',#1918,#936);
#849=LINE('',#1922,#937);
#850=LINE('',#1926,#938);
#851=LINE('',#1928,#939);
#852=LINE('',#1930,#940);
#853=LINE('',#1932,#941);
#854=LINE('',#1934,#942);
#855=LINE('',#1936,#943);
#856=LINE('',#1939,#944);
#857=LINE('',#1943,#945);
#858=LINE('',#1947,#946);
#859=LINE('',#1949,#947);
#860=LINE('',#1951,#948);
#861=LINE('',#1953,#949);
#862=LINE('',#1955,#950);
#863=LINE('',#1960,#951);
#864=LINE('',#1962,#952);
#865=LINE('',#1964,#953);
#866=LINE('',#1966,#954);
#867=LINE('',#1968,#955);
#868=LINE('',#1970,#956);
#869=LINE('',#1972,#957);
#870=LINE('',#1976,#958);
#871=LINE('',#1978,#959);
#872=LINE('',#1981,#960);
#873=LINE('',#1983,#961);
#874=LINE('',#1985,#962);
#875=LINE('',#2002,#963);
#876=LINE('',#2005,#964);
#877=LINE('',#2007,#965);
#878=LINE('',#2009,#966);
#879=LINE('',#2026,#967);
#880=LINE('',#2029,#968);
#881=LINE('',#2031,#969);
#882=LINE('',#2033,#970);
#883=LINE('',#2065,#971);
#884=LINE('',#2068,#972);
#885=LINE('',#2070,#973);
#886=LINE('',#2072,#974);
#887=LINE('',#2093,#975);
#888=LINE('',#2096,#976);
#889=LINE('',#2098,#977);
#890=LINE('',#2100,#978);
#891=LINE('',#2105,#979);
#892=LINE('',#2107,#980);
#893=LINE('',#2109,#981);
#894=LINE('',#2114,#982);
#895=LINE('',#2116,#983);
#896=LINE('',#2118,#984);
#897=LINE('',#2123,#985);
#898=LINE('',#2125,#986);
#899=LINE('',#2127,#987);
#900=LINE('',#2129,#988);
#901=LINE('',#2132,#989);
#902=LINE('',#2136,#990);
#903=LINE('',#2138,#991);
#904=LINE('',#2141,#992);
#905=LINE('',#2143,#993);
#906=LINE('',#2145,#994);
#907=LINE('',#2147,#995);
#908=LINE('',#2150,#996);
#909=LINE('',#2152,#997);
#910=LINE('',#2154,#998);
#911=LINE('',#2156,#999);
#912=LINE('',#2159,#1000);
#913=LINE('',#2163,#1001);
#914=LINE('',#2165,#1002);
#915=LINE('',#2168,#1003);
#916=LINE('',#2172,#1004);
#917=LINE('',#2174,#1005);
#918=LINE('',#2177,#1006);
#919=LINE('',#2181,#1007);
#920=LINE('',#2183,#1008);
#921=LINE('',#2186,#1009);
#922=LINE('',#2190,#1010);
#923=LINE('',#2192,#1011);
#924=LINE('',#2195,#1012);
#925=LINE('',#2197,#1013);
#926=LINE('',#2199,#1014);
#927=VECTOR('',#1488,1.);
#928=VECTOR('',#1489,1.);
#929=VECTOR('',#1492,1.);
#930=VECTOR('',#1495,1.);
#931=VECTOR('',#1496,1.);
#932=VECTOR('',#1497,1.);
#933=VECTOR('',#1498,1.);
#934=VECTOR('',#1499,1.);
#935=VECTOR('',#1502,1.);
#936=VECTOR('',#1503,1.);
#937=VECTOR('',#1506,1.);
#938=VECTOR('',#1509,1.);
#939=VECTOR('',#1510,1.);
#940=VECTOR('',#1511,1.);
#941=VECTOR('',#1512,1.);
#942=VECTOR('',#1513,1.);
#943=VECTOR('',#1516,1.);
#944=VECTOR('',#1517,1.);
#945=VECTOR('',#1520,1.);
#946=VECTOR('',#1523,1.);
#947=VECTOR('',#1524,1.);
#948=VECTOR('',#1525,1.);
#949=VECTOR('',#1526,1.);
#950=VECTOR('',#1527,1.);
#951=VECTOR('',#1532,1.);
#952=VECTOR('',#1533,1.);
#953=VECTOR('',#1534,1.);
#954=VECTOR('',#1535,1.);
#955=VECTOR('',#1536,1.);
#956=VECTOR('',#1537,1.);
#957=VECTOR('',#1538,1.);
#958=VECTOR('',#1541,1.);
#959=VECTOR('',#1544,1.);
#960=VECTOR('',#1545,1.);
#961=VECTOR('',#1546,1.);
#962=VECTOR('',#1547,1.);
#963=VECTOR('',#1554,1.);
#964=VECTOR('',#1555,1.);
#965=VECTOR('',#1556,1.);
#966=VECTOR('',#1557,1.);
#967=VECTOR('',#1564,1.);
#968=VECTOR('',#1565,1.);
#969=VECTOR('',#1566,1.);
#970=VECTOR('',#1567,1.);
#971=VECTOR('',#1578,1.);
#972=VECTOR('',#1579,1.);
#973=VECTOR('',#1580,1.);
#974=VECTOR('',#1581,1.);
#975=VECTOR('',#1618,1.);
#976=VECTOR('',#1619,1.);
#977=VECTOR('',#1620,1.);
#978=VECTOR('',#1621,1.);
#979=VECTOR('',#1626,1.);
#980=VECTOR('',#1627,1.);
#981=VECTOR('',#1628,1.);
#982=VECTOR('',#1633,1.);
#983=VECTOR('',#1634,1.);
#984=VECTOR('',#1635,1.);
#985=VECTOR('',#1640,1.);
#986=VECTOR('',#1641,1.);
#987=VECTOR('',#1642,1.);
#988=VECTOR('',#1645,1.);
#989=VECTOR('',#1646,1.);
#990=VECTOR('',#1649,1.);
#991=VECTOR('',#1652,1.);
#992=VECTOR('',#1653,1.);
#993=VECTOR('',#1654,1.);
#994=VECTOR('',#1655,1.);
#995=VECTOR('',#1658,1.);
#996=VECTOR('',#1659,1.);
#997=VECTOR('',#1660,1.);
#998=VECTOR('',#1661,1.);
#999=VECTOR('',#1664,1.);
#1000=VECTOR('',#1665,1.);
#1001=VECTOR('',#1668,1.);
#1002=VECTOR('',#1671,1.);
#1003=VECTOR('',#1672,1.);
#1004=VECTOR('',#1675,1.);
#1005=VECTOR('',#1678,1.);
#1006=VECTOR('',#1679,1.);
#1007=VECTOR('',#1682,1.);
#1008=VECTOR('',#1685,1.);
#1009=VECTOR('',#1686,1.);
#1010=VECTOR('',#1689,1.);
#1011=VECTOR('',#1692,1.);
#1012=VECTOR('',#1693,1.);
#1013=VECTOR('',#1694,1.);
#1014=VECTOR('',#1695,1.);
#1015=EDGE_LOOP('',(#167,#168,#169,#170,#171,#172,#173,#174,#175,#176));
#1016=EDGE_LOOP('',(#177,#178,#179,#180,#181,#182,#183,#184,#185,#186));
#1017=EDGE_LOOP('',(#187,#188,#189,#190,#191,#192,#193,#194,#195,#196));
#1018=EDGE_LOOP('',(#197,#198,#199,#200,#201,#202,#203,#204,#205,#206));
#1019=EDGE_LOOP('',(#207,#208,#209,#210));
#1020=EDGE_LOOP('',(#211));
#1021=EDGE_LOOP('',(#212));
#1022=EDGE_LOOP('',(#213,#214,#215,#216));
#1023=EDGE_LOOP('',(#217));
#1024=EDGE_LOOP('',(#218));
#1025=EDGE_LOOP('',(#219,#220,#221,#222));
#1026=EDGE_LOOP('',(#223));
#1027=EDGE_LOOP('',(#224));
#1028=EDGE_LOOP('',(#225));
#1029=EDGE_LOOP('',(#226));
#1030=EDGE_LOOP('',(#227,#228,#229,#230));
#1031=EDGE_LOOP('',(#231,#232,#233,#234));
#1032=EDGE_LOOP('',(#235,#236,#237,#238));
#1033=EDGE_LOOP('',(#239,#240,#241,#242));
#1034=EDGE_LOOP('',(#243,#244,#245,#246));
#1035=EDGE_LOOP('',(#247));
#1036=EDGE_LOOP('',(#248,#249,#250,#251));
#1037=EDGE_LOOP('',(#252,#253,#254,#255));
#1038=EDGE_LOOP('',(#256));
#1039=EDGE_LOOP('',(#257));
#1040=EDGE_LOOP('',(#258));
#1041=EDGE_LOOP('',(#259,#260,#261,#262));
#1042=EDGE_LOOP('',(#263));
#1043=EDGE_LOOP('',(#264,#265,#266,#267));
#1044=EDGE_LOOP('',(#268,#269,#270,#271));
#1045=EDGE_LOOP('',(#272,#273,#274,#275));
#1046=EDGE_LOOP('',(#276,#277,#278,#279));
#1047=EDGE_LOOP('',(#280,#281,#282,#283));
#1048=EDGE_LOOP('',(#284));
#1049=EDGE_LOOP('',(#285,#286,#287,#288));
#1050=EDGE_LOOP('',(#289));
#1051=EDGE_LOOP('',(#290,#291,#292,#293));
#1052=EDGE_LOOP('',(#294,#295,#296,#297));
#1053=EDGE_LOOP('',(#298,#299,#300,#301));
#1054=EDGE_LOOP('',(#302,#303,#304,#305));
#1055=EDGE_LOOP('',(#306,#307,#308,#309));
#1056=EDGE_LOOP('',(#310));
#1057=EDGE_LOOP('',(#311));
#1058=EDGE_LOOP('',(#312));
#1059=EDGE_LOOP('',(#313,#314,#315,#316,#317,#318,#319,#320,#321,#322,#323,
#324,#325,#326,#327,#328,#329,#330,#331,#332));
#1060=EDGE_LOOP('',(#333));
#1061=EDGE_LOOP('',(#334));
#1062=EDGE_LOOP('',(#335,#336,#337,#338,#339,#340,#341,#342,#343,#344,#345,
#346,#347,#348,#349,#350,#351,#352,#353,#354));
#1063=EDGE_LOOP('',(#355,#356,#357,#358));
#1064=EDGE_LOOP('',(#359,#360,#361));
#1065=EDGE_LOOP('',(#362,#363,#364,#365));
#1066=EDGE_LOOP('',(#366,#367,#368,#369));
#1067=EDGE_LOOP('',(#370,#371,#372,#373));
#1068=EDGE_LOOP('',(#374,#375,#376,#377));
#1069=EDGE_LOOP('',(#378,#379,#380,#381));
#1070=EDGE_LOOP('',(#382,#383,#384));
#1071=EDGE_LOOP('',(#385,#386,#387,#388));
#1072=EDGE_LOOP('',(#389,#390,#391,#392));
#1073=EDGE_LOOP('',(#393,#394,#395,#396));
#1074=EDGE_LOOP('',(#397,#398,#399,#400));
#1075=EDGE_LOOP('',(#401,#402,#403,#404));
#1076=EDGE_LOOP('',(#405,#406,#407));
#1077=EDGE_LOOP('',(#408,#409,#410,#411));
#1078=EDGE_LOOP('',(#412,#413,#414,#415));
#1079=EDGE_LOOP('',(#416,#417,#418,#419));
#1080=EDGE_LOOP('',(#420,#421,#422,#423));
#1081=EDGE_LOOP('',(#424,#425,#426,#427));
#1082=EDGE_LOOP('',(#428,#429,#430));
#1083=EDGE_LOOP('',(#431,#432,#433,#434));
#1084=EDGE_LOOP('',(#435,#436,#437,#438));
#1085=EDGE_LOOP('',(#439,#440,#441,#442));
#1086=EDGE_LOOP('',(#443,#444,#445,#446));
#1087=EDGE_LOOP('',(#447,#448,#449,#450));
#1088=EDGE_LOOP('',(#451,#452,#453));
#1089=EDGE_LOOP('',(#454,#455,#456,#457));
#1090=EDGE_LOOP('',(#458,#459,#460,#461));
#1091=EDGE_LOOP('',(#462,#463,#464,#465));
#1092=EDGE_LOOP('',(#466,#467,#468,#469));
#1093=EDGE_LOOP('',(#470,#471,#472,#473));
#1094=EDGE_LOOP('',(#474,#475,#476));
#1095=EDGE_LOOP('',(#477,#478,#479,#480));
#1096=EDGE_LOOP('',(#481,#482,#483,#484));
#1097=EDGE_LOOP('',(#485,#486,#487,#488));
#1098=EDGE_LOOP('',(#489,#490,#491,#492));
#1099=EDGE_LOOP('',(#493,#494,#495,#496));
#1100=EDGE_LOOP('',(#497,#498,#499));
#1101=EDGE_LOOP('',(#500,#501,#502,#503));
#1102=EDGE_LOOP('',(#504,#505,#506,#507));
#1103=EDGE_LOOP('',(#508,#509,#510,#511));
#1104=EDGE_LOOP('',(#512,#513,#514,#515));
#1105=EDGE_LOOP('',(#516,#517,#518));
#1106=EDGE_LOOP('',(#519,#520,#521,#522));
#1107=EDGE_LOOP('',(#523,#524,#525,#526));
#1108=EDGE_LOOP('',(#527,#528,#529,#530));
#1109=EDGE_LOOP('',(#531,#532,#533,#534));
#1110=EDGE_LOOP('',(#535,#536,#537,#538));
#1111=FACE_BOUND('',#1015,.T.);
#1112=FACE_BOUND('',#1016,.T.);
#1113=FACE_BOUND('',#1017,.T.);
#1114=FACE_BOUND('',#1018,.T.);
#1115=FACE_BOUND('',#1019,.T.);
#1116=FACE_BOUND('',#1020,.T.);
#1117=FACE_BOUND('',#1021,.T.);
#1118=FACE_BOUND('',#1022,.T.);
#1119=FACE_BOUND('',#1023,.T.);
#1120=FACE_BOUND('',#1024,.T.);
#1121=FACE_BOUND('',#1025,.T.);
#1122=FACE_BOUND('',#1026,.T.);
#1123=FACE_BOUND('',#1027,.T.);
#1124=FACE_BOUND('',#1028,.T.);
#1125=FACE_BOUND('',#1029,.T.);
#1126=FACE_BOUND('',#1030,.T.);
#1127=FACE_BOUND('',#1031,.T.);
#1128=FACE_BOUND('',#1032,.T.);
#1129=FACE_BOUND('',#1033,.T.);
#1130=FACE_BOUND('',#1034,.T.);
#1131=FACE_BOUND('',#1035,.T.);
#1132=FACE_BOUND('',#1036,.T.);
#1133=FACE_BOUND('',#1037,.T.);
#1134=FACE_BOUND('',#1038,.T.);
#1135=FACE_BOUND('',#1039,.T.);
#1136=FACE_BOUND('',#1040,.T.);
#1137=FACE_BOUND('',#1041,.T.);
#1138=FACE_BOUND('',#1042,.T.);
#1139=FACE_BOUND('',#1043,.T.);
#1140=FACE_BOUND('',#1044,.T.);
#1141=FACE_BOUND('',#1045,.T.);
#1142=FACE_BOUND('',#1046,.T.);
#1143=FACE_BOUND('',#1047,.T.);
#1144=FACE_BOUND('',#1048,.T.);
#1145=FACE_BOUND('',#1049,.T.);
#1146=FACE_BOUND('',#1050,.T.);
#1147=FACE_BOUND('',#1051,.T.);
#1148=FACE_BOUND('',#1052,.T.);
#1149=FACE_BOUND('',#1053,.T.);
#1150=FACE_BOUND('',#1054,.T.);
#1151=FACE_BOUND('',#1055,.T.);
#1152=FACE_BOUND('',#1056,.T.);
#1153=FACE_BOUND('',#1057,.T.);
#1154=FACE_BOUND('',#1058,.T.);
#1155=FACE_BOUND('',#1059,.T.);
#1156=FACE_BOUND('',#1060,.T.);
#1157=FACE_BOUND('',#1061,.T.);
#1158=FACE_BOUND('',#1062,.T.);
#1159=FACE_BOUND('',#1063,.T.);
#1160=FACE_BOUND('',#1064,.T.);
#1161=FACE_BOUND('',#1065,.T.);
#1162=FACE_BOUND('',#1066,.T.);
#1163=FACE_BOUND('',#1067,.T.);
#1164=FACE_BOUND('',#1068,.T.);
#1165=FACE_BOUND('',#1069,.T.);
#1166=FACE_BOUND('',#1070,.T.);
#1167=FACE_BOUND('',#1071,.T.);
#1168=FACE_BOUND('',#1072,.T.);
#1169=FACE_BOUND('',#1073,.T.);
#1170=FACE_BOUND('',#1074,.T.);
#1171=FACE_BOUND('',#1075,.T.);
#1172=FACE_BOUND('',#1076,.T.);
#1173=FACE_BOUND('',#1077,.T.);
#1174=FACE_BOUND('',#1078,.T.);
#1175=FACE_BOUND('',#1079,.T.);
#1176=FACE_BOUND('',#1080,.T.);
#1177=FACE_BOUND('',#1081,.T.);
#1178=FACE_BOUND('',#1082,.T.);
#1179=FACE_BOUND('',#1083,.T.);
#1180=FACE_BOUND('',#1084,.T.);
#1181=FACE_BOUND('',#1085,.T.);
#1182=FACE_BOUND('',#1086,.T.);
#1183=FACE_BOUND('',#1087,.T.);
#1184=FACE_BOUND('',#1088,.T.);
#1185=FACE_BOUND('',#1089,.T.);
#1186=FACE_BOUND('',#1090,.T.);
#1187=FACE_BOUND('',#1091,.T.);
#1188=FACE_BOUND('',#1092,.T.);
#1189=FACE_BOUND('',#1093,.T.);
#1190=FACE_BOUND('',#1094,.T.);
#1191=FACE_BOUND('',#1095,.T.);
#1192=FACE_BOUND('',#1096,.T.);
#1193=FACE_BOUND('',#1097,.T.);
#1194=FACE_BOUND('',#1098,.T.);
#1195=FACE_BOUND('',#1099,.T.);
#1196=FACE_BOUND('',#1100,.T.);
#1197=FACE_BOUND('',#1101,.T.);
#1198=FACE_BOUND('',#1102,.T.);
#1199=FACE_BOUND('',#1103,.T.);
#1200=FACE_BOUND('',#1104,.T.);
#1201=FACE_BOUND('',#1105,.T.);
#1202=FACE_BOUND('',#1106,.T.);
#1203=FACE_BOUND('',#1107,.T.);
#1204=FACE_BOUND('',#1108,.T.);
#1205=FACE_BOUND('',#1109,.T.);
#1206=FACE_BOUND('',#1110,.T.);
#1207=PLANE('',#1325);
#1208=PLANE('',#1328);
#1209=PLANE('',#1331);
#1210=PLANE('',#1334);
#1211=PLANE('',#1337);
#1212=PLANE('',#1340);
#1213=PLANE('',#1343);
#1214=PLANE('',#1348);
#1215=PLANE('',#1349);
#1216=PLANE('',#1352);
#1217=PLANE('',#1355);
#1218=PLANE('',#1358);
#1219=PLANE('',#1366);
#1220=PLANE('',#1367);
#1221=PLANE('',#1369);
#1222=PLANE('',#1371);
#1223=PLANE('',#1373);
#1224=PLANE('',#1375);
#1225=PLANE('',#1376);
#1226=PLANE('',#1377);
#1227=PLANE('',#1379);
#1228=PLANE('',#1381);
#1229=PLANE('',#1383);
#1230=PLANE('',#1385);
#1231=ADVANCED_FACE('',(#1111),#1207,.T.);
#1232=ADVANCED_FACE('',(#1112),#1208,.F.);
#1233=ADVANCED_FACE('',(#1113),#1209,.T.);
#1234=ADVANCED_FACE('',(#1114),#1210,.F.);
#1235=ADVANCED_FACE('',(#1115),#1211,.F.);
#1236=ADVANCED_FACE('',(#1116,#1117),#58,.F.);
#1237=ADVANCED_FACE('',(#1118),#1212,.T.);
#1238=ADVANCED_FACE('',(#1119,#1120),#59,.F.);
#1239=ADVANCED_FACE('',(#1121),#1213,.F.);
#1240=ADVANCED_FACE('',(#1122,#1123),#60,.F.);
#1241=ADVANCED_FACE('',(#1124,#1125),#61,.F.);
#1242=ADVANCED_FACE('',(#1126),#1214,.T.);
#1243=ADVANCED_FACE('',(#1127),#1215,.F.);
#1244=ADVANCED_FACE('',(#1128),#1216,.F.);
#1245=ADVANCED_FACE('',(#1129),#1217,.T.);
#1246=ADVANCED_FACE('',(#1130),#1218,.T.);
#1247=ADVANCED_FACE('',(#1131),#20,.T.);
#1248=ADVANCED_FACE('',(#1132,#1133,#1134,#1135),#62,.T.);
#1249=ADVANCED_FACE('',(#1136),#21,.T.);
#1250=ADVANCED_FACE('',(#1137,#1138),#1219,.T.);
#1251=ADVANCED_FACE('',(#1139),#1220,.F.);
#1252=ADVANCED_FACE('',(#1140),#1221,.T.);
#1253=ADVANCED_FACE('',(#1141),#1222,.T.);
#1254=ADVANCED_FACE('',(#1142),#1223,.F.);
#1255=ADVANCED_FACE('',(#1143,#1144),#1224,.T.);
#1256=ADVANCED_FACE('',(#1145,#1146),#1225,.T.);
#1257=ADVANCED_FACE('',(#1147),#1226,.F.);
#1258=ADVANCED_FACE('',(#1148),#1227,.T.);
#1259=ADVANCED_FACE('',(#1149),#1228,.T.);
#1260=ADVANCED_FACE('',(#1150),#1229,.F.);
#1261=ADVANCED_FACE('',(#1151,#1152),#1230,.T.);
#1262=ADVANCED_FACE('',(#1153,#1154,#1155),#63,.F.);
#1263=ADVANCED_FACE('',(#1156,#1157,#1158),#64,.F.);
#1264=ADVANCED_FACE('',(#1159),#65,.T.);
#1265=ADVANCED_FACE('',(#1160),#22,.T.);
#1266=ADVANCED_FACE('',(#1161),#66,.F.);
#1267=ADVANCED_FACE('',(#1162),#67,.T.);
#1268=ADVANCED_FACE('',(#1163),#68,.T.);
#1269=ADVANCED_FACE('',(#1164),#69,.T.);
#1270=ADVANCED_FACE('',(#1165),#12,.F.);
#1271=ADVANCED_FACE('',(#1166),#23,.T.);
#1272=ADVANCED_FACE('',(#1167),#70,.F.);
#1273=ADVANCED_FACE('',(#1168),#71,.T.);
#1274=ADVANCED_FACE('',(#1169),#13,.F.);
#1275=ADVANCED_FACE('',(#1170),#72,.F.);
#1276=ADVANCED_FACE('',(#1171),#73,.T.);
#1277=ADVANCED_FACE('',(#1172),#24,.T.);
#1278=ADVANCED_FACE('',(#1173),#74,.F.);
#1279=ADVANCED_FACE('',(#1174),#75,.T.);
#1280=ADVANCED_FACE('',(#1175),#76,.T.);
#1281=ADVANCED_FACE('',(#1176),#77,.T.);
#1282=ADVANCED_FACE('',(#1177),#14,.F.);
#1283=ADVANCED_FACE('',(#1178),#25,.T.);
#1284=ADVANCED_FACE('',(#1179),#78,.F.);
#1285=ADVANCED_FACE('',(#1180),#79,.T.);
#1286=ADVANCED_FACE('',(#1181),#15,.F.);
#1287=ADVANCED_FACE('',(#1182),#80,.F.);
#1288=ADVANCED_FACE('',(#1183),#81,.T.);
#1289=ADVANCED_FACE('',(#1184),#26,.T.);
#1290=ADVANCED_FACE('',(#1185),#82,.F.);
#1291=ADVANCED_FACE('',(#1186),#83,.T.);
#1292=ADVANCED_FACE('',(#1187),#84,.T.);
#1293=ADVANCED_FACE('',(#1188),#85,.T.);
#1294=ADVANCED_FACE('',(#1189),#16,.F.);
#1295=ADVANCED_FACE('',(#1190),#27,.T.);
#1296=ADVANCED_FACE('',(#1191),#86,.F.);
#1297=ADVANCED_FACE('',(#1192),#87,.T.);
#1298=ADVANCED_FACE('',(#1193),#17,.F.);
#1299=ADVANCED_FACE('',(#1194),#88,.F.);
#1300=ADVANCED_FACE('',(#1195),#89,.T.);
#1301=ADVANCED_FACE('',(#1196),#28,.T.);
#1302=ADVANCED_FACE('',(#1197),#90,.T.);
#1303=ADVANCED_FACE('',(#1198),#91,.T.);
#1304=ADVANCED_FACE('',(#1199),#92,.T.);
#1305=ADVANCED_FACE('',(#1200),#93,.F.);
#1306=ADVANCED_FACE('',(#1201),#29,.T.);
#1307=ADVANCED_FACE('',(#1202),#18,.F.);
#1308=ADVANCED_FACE('',(#1203),#94,.T.);
#1309=ADVANCED_FACE('',(#1204),#95,.F.);
#1310=ADVANCED_FACE('',(#1205),#19,.F.);
#1311=ADVANCED_FACE('',(#1206),#96,.F.);
#1312=CLOSED_SHELL('',(#1231,#1232,#1233,#1234,#1235,#1236,#1237,#1238,
#1239,#1240,#1241,#1242,#1243,#1244,#1245,#1246,#1247,#1248,#1249,#1250,
#1251,#1252,#1253,#1254,#1255,#1256,#1257,#1258,#1259,#1260,#1261,#1262,
#1263,#1264,#1265,#1266,#1267,#1268,#1269,#1270,#1271,#1272,#1273,#1274,
#1275,#1276,#1277,#1278,#1279,#1280,#1281,#1282,#1283,#1284,#1285,#1286,
#1287,#1288,#1289,#1290,#1291,#1292,#1293,#1294,#1295,#1296,#1297,#1298,
#1299,#1300,#1301,#1302,#1303,#1304,#1305,#1306,#1307,#1308,#1309,#1310,
#1311));
#1313=STYLED_ITEM('',(#1314),#1321);
#1314=PRESENTATION_STYLE_ASSIGNMENT((#1315));
#1315=SURFACE_STYLE_USAGE(.BOTH.,#1316);
#1316=SURFACE_SIDE_STYLE('',(#1317));
#1317=SURFACE_STYLE_FILL_AREA(#1318);
#1318=FILL_AREA_STYLE('',(#1319));
#1319=FILL_AREA_STYLE_COLOUR('',#1320);
#1320=COLOUR_RGB('',0.917647058823529,0.917647058823529,0.917647058823529);
#1321=MANIFOLD_SOLID_BREP('Small Handle',#1312);
#1322=SHAPE_DEFINITION_REPRESENTATION(#2384,#1323);
#1323=SHAPE_REPRESENTATION('Small Handle',(#1324),#2379);
#1324=AXIS2_PLACEMENT_3D('',#1892,#1484,#1485);
#1325=AXIS2_PLACEMENT_3D('',#1893,#1486,#1487);
#1326=AXIS2_PLACEMENT_3D('',#1899,#1490,#1491);
#1327=AXIS2_PLACEMENT_3D('',#1903,#1493,#1494);
#1328=AXIS2_PLACEMENT_3D('',#1914,#1500,#1501);
#1329=AXIS2_PLACEMENT_3D('',#1920,#1504,#1505);
#1330=AXIS2_PLACEMENT_3D('',#1924,#1507,#1508);
#1331=AXIS2_PLACEMENT_3D('',#1935,#1514,#1515);
#1332=AXIS2_PLACEMENT_3D('',#1941,#1518,#1519);
#1333=AXIS2_PLACEMENT_3D('',#1945,#1521,#1522);
#1334=AXIS2_PLACEMENT_3D('',#1956,#1528,#1529);
#1335=AXIS2_PLACEMENT_3D('',#1957,#1530,#1531);
#1336=AXIS2_PLACEMENT_3D('',#1974,#1539,#1540);
#1337=AXIS2_PLACEMENT_3D('',#1977,#1542,#1543);
#1338=AXIS2_PLACEMENT_3D('',#1986,#1548,#1549);
#1339=AXIS2_PLACEMENT_3D('',#1987,#1550,#1551);
#1340=AXIS2_PLACEMENT_3D('',#2001,#1552,#1553);
#1341=AXIS2_PLACEMENT_3D('',#2010,#1558,#1559);
#1342=AXIS2_PLACEMENT_3D('',#2011,#1560,#1561);
#1343=AXIS2_PLACEMENT_3D('',#2025,#1562,#1563);
#1344=AXIS2_PLACEMENT_3D('',#2034,#1568,#1569);
#1345=AXIS2_PLACEMENT_3D('',#2035,#1570,#1571);
#1346=AXIS2_PLACEMENT_3D('',#2049,#1572,#1573);
#1347=AXIS2_PLACEMENT_3D('',#2050,#1574,#1575);
#1348=AXIS2_PLACEMENT_3D('',#2064,#1576,#1577);
#1349=AXIS2_PLACEMENT_3D('',#2073,#1582,#1583);
#1350=AXIS2_PLACEMENT_3D('',#2074,#1584,#1585);
#1351=AXIS2_PLACEMENT_3D('',#2075,#1586,#1587);
#1352=AXIS2_PLACEMENT_3D('',#2076,#1588,#1589);
#1353=AXIS2_PLACEMENT_3D('',#2077,#1590,#1591);
#1354=AXIS2_PLACEMENT_3D('',#2078,#1592,#1593);
#1355=AXIS2_PLACEMENT_3D('',#2079,#1594,#1595);
#1356=AXIS2_PLACEMENT_3D('',#2080,#1596,#1597);
#1357=AXIS2_PLACEMENT_3D('',#2081,#1598,#1599);
#1358=AXIS2_PLACEMENT_3D('',#2082,#1600,#1601);
#1359=AXIS2_PLACEMENT_3D('',#2083,#1602,#1603);
#1360=AXIS2_PLACEMENT_3D('',#2084,#1604,#1605);
#1361=AXIS2_PLACEMENT_3D('',#2085,#1606,#1607);
#1362=AXIS2_PLACEMENT_3D('',#2086,#1608,#1609);
#1363=AXIS2_PLACEMENT_3D('',#2088,#1610,#1611);
#1364=AXIS2_PLACEMENT_3D('',#2089,#1612,#1613);
#1365=AXIS2_PLACEMENT_3D('',#2091,#1614,#1615);
#1366=AXIS2_PLACEMENT_3D('',#2092,#1616,#1617);
#1367=AXIS2_PLACEMENT_3D('',#2101,#1622,#1623);
#1368=AXIS2_PLACEMENT_3D('',#2102,#1624,#1625);
#1369=AXIS2_PLACEMENT_3D('',#2110,#1629,#1630);
#1370=AXIS2_PLACEMENT_3D('',#2111,#1631,#1632);
#1371=AXIS2_PLACEMENT_3D('',#2119,#1636,#1637);
#1372=AXIS2_PLACEMENT_3D('',#2120,#1638,#1639);
#1373=AXIS2_PLACEMENT_3D('',#2128,#1643,#1644);
#1374=AXIS2_PLACEMENT_3D('',#2134,#1647,#1648);
#1375=AXIS2_PLACEMENT_3D('',#2137,#1650,#1651);
#1376=AXIS2_PLACEMENT_3D('',#2146,#1656,#1657);
#1377=AXIS2_PLACEMENT_3D('',#2155,#1662,#1663);
#1378=AXIS2_PLACEMENT_3D('',#2161,#1666,#1667);
#1379=AXIS2_PLACEMENT_3D('',#2164,#1669,#1670);
#1380=AXIS2_PLACEMENT_3D('',#2170,#1673,#1674);
#1381=AXIS2_PLACEMENT_3D('',#2173,#1676,#1677);
#1382=AXIS2_PLACEMENT_3D('',#2179,#1680,#1681);
#1383=AXIS2_PLACEMENT_3D('',#2182,#1683,#1684);
#1384=AXIS2_PLACEMENT_3D('',#2188,#1687,#1688);
#1385=AXIS2_PLACEMENT_3D('',#2191,#1690,#1691);
#1386=AXIS2_PLACEMENT_3D('',#2200,#1696,#1697);
#1387=AXIS2_PLACEMENT_3D('',#2241,#1698,#1699);
#1388=AXIS2_PLACEMENT_3D('',#2282,#1700,#1701);
#1389=AXIS2_PLACEMENT_3D('',#2283,#1702,#1703);
#1390=AXIS2_PLACEMENT_3D('',#2284,#1704,#1705);
#1391=AXIS2_PLACEMENT_3D('',#2285,#1706,#1707);
#1392=AXIS2_PLACEMENT_3D('',#2286,#1708,#1709);
#1393=AXIS2_PLACEMENT_3D('',#2287,#1710,#1711);
#1394=AXIS2_PLACEMENT_3D('',#2288,#1712,#1713);
#1395=AXIS2_PLACEMENT_3D('',#2289,#1714,#1715);
#1396=AXIS2_PLACEMENT_3D('',#2290,#1716,#1717);
#1397=AXIS2_PLACEMENT_3D('',#2291,#1718,#1719);
#1398=AXIS2_PLACEMENT_3D('',#2292,#1720,#1721);
#1399=AXIS2_PLACEMENT_3D('',#2293,#1722,#1723);
#1400=AXIS2_PLACEMENT_3D('',#2294,#1724,#1725);
#1401=AXIS2_PLACEMENT_3D('',#2295,#1726,#1727);
#1402=AXIS2_PLACEMENT_3D('',#2296,#1728,#1729);
#1403=AXIS2_PLACEMENT_3D('',#2297,#1730,#1731);
#1404=AXIS2_PLACEMENT_3D('',#2298,#1732,#1733);
#1405=AXIS2_PLACEMENT_3D('',#2299,#1734,#1735);
#1406=AXIS2_PLACEMENT_3D('',#2300,#1736,#1737);
#1407=AXIS2_PLACEMENT_3D('',#2301,#1738,#1739);
#1408=AXIS2_PLACEMENT_3D('',#2302,#1740,#1741);
#1409=AXIS2_PLACEMENT_3D('',#2303,#1742,#1743);
#1410=AXIS2_PLACEMENT_3D('',#2304,#1744,#1745);
#1411=AXIS2_PLACEMENT_3D('',#2305,#1746,#1747);
#1412=AXIS2_PLACEMENT_3D('',#2306,#1748,#1749);
#1413=AXIS2_PLACEMENT_3D('',#2307,#1750,#1751);
#1414=AXIS2_PLACEMENT_3D('',#2308,#1752,#1753);
#1415=AXIS2_PLACEMENT_3D('',#2309,#1754,#1755);
#1416=AXIS2_PLACEMENT_3D('',#2310,#1756,#1757);
#1417=AXIS2_PLACEMENT_3D('',#2311,#1758,#1759);
#1418=AXIS2_PLACEMENT_3D('',#2312,#1760,#1761);
#1419=AXIS2_PLACEMENT_3D('',#2313,#1762,#1763);
#1420=AXIS2_PLACEMENT_3D('',#2314,#1764,#1765);
#1421=AXIS2_PLACEMENT_3D('',#2315,#1766,#1767);
#1422=AXIS2_PLACEMENT_3D('',#2316,#1768,#1769);
#1423=AXIS2_PLACEMENT_3D('',#2317,#1770,#1771);
#1424=AXIS2_PLACEMENT_3D('',#2318,#1772,#1773);
#1425=AXIS2_PLACEMENT_3D('',#2319,#1774,#1775);
#1426=AXIS2_PLACEMENT_3D('',#2320,#1776,#1777);
#1427=AXIS2_PLACEMENT_3D('',#2321,#1778,#1779);
#1428=AXIS2_PLACEMENT_3D('',#2322,#1780,#1781);
#1429=AXIS2_PLACEMENT_3D('',#2323,#1782,#1783);
#1430=AXIS2_PLACEMENT_3D('',#2324,#1784,#1785);
#1431=AXIS2_PLACEMENT_3D('',#2325,#1786,#1787);
#1432=AXIS2_PLACEMENT_3D('',#2326,#1788,#1789);
#1433=AXIS2_PLACEMENT_3D('',#2327,#1790,#1791);
#1434=AXIS2_PLACEMENT_3D('',#2328,#1792,#1793);
#1435=AXIS2_PLACEMENT_3D('',#2329,#1794,#1795);
#1436=AXIS2_PLACEMENT_3D('',#2330,#1796,#1797);
#1437=AXIS2_PLACEMENT_3D('',#2331,#1798,#1799);
#1438=AXIS2_PLACEMENT_3D('',#2332,#1800,#1801);
#1439=AXIS2_PLACEMENT_3D('',#2333,#1802,#1803);
#1440=AXIS2_PLACEMENT_3D('',#2334,#1804,#1805);
#1441=AXIS2_PLACEMENT_3D('',#2335,#1806,#1807);
#1442=AXIS2_PLACEMENT_3D('',#2336,#1808,#1809);
#1443=AXIS2_PLACEMENT_3D('',#2337,#1810,#1811);
#1444=AXIS2_PLACEMENT_3D('',#2338,#1812,#1813);
#1445=AXIS2_PLACEMENT_3D('',#2339,#1814,#1815);
#1446=AXIS2_PLACEMENT_3D('',#2340,#1816,#1817);
#1447=AXIS2_PLACEMENT_3D('',#2341,#1818,#1819);
#1448=AXIS2_PLACEMENT_3D('',#2342,#1820,#1821);
#1449=AXIS2_PLACEMENT_3D('',#2343,#1822,#1823);
#1450=AXIS2_PLACEMENT_3D('',#2344,#1824,#1825);
#1451=AXIS2_PLACEMENT_3D('',#2345,#1826,#1827);
#1452=AXIS2_PLACEMENT_3D('',#2346,#1828,#1829);
#1453=AXIS2_PLACEMENT_3D('',#2347,#1830,#1831);
#1454=AXIS2_PLACEMENT_3D('',#2348,#1832,#1833);
#1455=AXIS2_PLACEMENT_3D('',#2349,#1834,#1835);
#1456=AXIS2_PLACEMENT_3D('',#2350,#1836,#1837);
#1457=AXIS2_PLACEMENT_3D('',#2351,#1838,#1839);
#1458=AXIS2_PLACEMENT_3D('',#2352,#1840,#1841);
#1459=AXIS2_PLACEMENT_3D('',#2353,#1842,#1843);
#1460=AXIS2_PLACEMENT_3D('',#2354,#1844,#1845);
#1461=AXIS2_PLACEMENT_3D('',#2355,#1846,#1847);
#1462=AXIS2_PLACEMENT_3D('',#2356,#1848,#1849);
#1463=AXIS2_PLACEMENT_3D('',#2357,#1850,#1851);
#1464=AXIS2_PLACEMENT_3D('',#2358,#1852,#1853);
#1465=AXIS2_PLACEMENT_3D('',#2359,#1854,#1855);
#1466=AXIS2_PLACEMENT_3D('',#2360,#1856,#1857);
#1467=AXIS2_PLACEMENT_3D('',#2361,#1858,#1859);
#1468=AXIS2_PLACEMENT_3D('',#2362,#1860,#1861);
#1469=AXIS2_PLACEMENT_3D('',#2363,#1862,#1863);
#1470=AXIS2_PLACEMENT_3D('',#2364,#1864,#1865);
#1471=AXIS2_PLACEMENT_3D('',#2365,#1866,#1867);
#1472=AXIS2_PLACEMENT_3D('',#2366,#1868,#1869);
#1473=AXIS2_PLACEMENT_3D('',#2367,#1870,#1871);
#1474=AXIS2_PLACEMENT_3D('',#2368,#1872,#1873);
#1475=AXIS2_PLACEMENT_3D('',#2369,#1874,#1875);
#1476=AXIS2_PLACEMENT_3D('',#2370,#1876,#1877);
#1477=AXIS2_PLACEMENT_3D('',#2371,#1878,#1879);
#1478=AXIS2_PLACEMENT_3D('',#2372,#1880,#1881);
#1479=AXIS2_PLACEMENT_3D('',#2373,#1882,#1883);
#1480=AXIS2_PLACEMENT_3D('',#2374,#1884,#1885);
#1481=AXIS2_PLACEMENT_3D('',#2375,#1886,#1887);
#1482=AXIS2_PLACEMENT_3D('',#2376,#1888,#1889);
#1483=AXIS2_PLACEMENT_3D('',#2377,#1890,#1891);
#1484=DIRECTION('',(0.,0.,1.));
#1485=DIRECTION('',(1.,0.,0.));
#1486=DIRECTION('',(0.,-1.,0.));
#1487=DIRECTION('',(1.,0.,0.));
#1488=DIRECTION('',(-1.,0.,0.));
#1489=DIRECTION('',(0.,0.,1.));
#1490=DIRECTION('',(0.,-1.,0.));
#1491=DIRECTION('',(0.,0.,-1.));
#1492=DIRECTION('',(-1.,0.,0.));
#1493=DIRECTION('',(0.,-1.,0.));
#1494=DIRECTION('',(0.,0.,-1.));
#1495=DIRECTION('',(0.,0.,1.));
#1496=DIRECTION('',(-1.,0.,0.));
#1497=DIRECTION('',(0.66896473162245,0.,0.743294146247166));
#1498=DIRECTION('',(1.,0.,1.71330713676721E-16));
#1499=DIRECTION('',(-0.66896473162245,0.,-0.743294146247166));
#1500=DIRECTION('',(0.,-1.,0.));
#1501=DIRECTION('',(1.,0.,0.));
#1502=DIRECTION('',(-1.,0.,0.));
#1503=DIRECTION('',(0.,0.,1.));
#1504=DIRECTION('',(0.,-1.,0.));
#1505=DIRECTION('',(0.,0.,-1.));
#1506=DIRECTION('',(-1.,0.,0.));
#1507=DIRECTION('',(0.,-1.,0.));
#1508=DIRECTION('',(0.,0.,-1.));
#1509=DIRECTION('',(0.,0.,1.));
#1510=DIRECTION('',(-1.,0.,0.));
#1511=DIRECTION('',(-0.66896473162245,0.,-0.743294146247166));
#1512=DIRECTION('',(1.,0.,1.71330713676721E-16));
#1513=DIRECTION('',(0.66896473162245,0.,0.743294146247166));
#1514=DIRECTION('',(0.,-1.,0.));
#1515=DIRECTION('',(1.,0.,0.));
#1516=DIRECTION('',(-1.,0.,0.));
#1517=DIRECTION('',(0.,0.,1.));
#1518=DIRECTION('',(0.,-1.,0.));
#1519=DIRECTION('',(0.,0.,-1.));
#1520=DIRECTION('',(-1.,0.,0.));
#1521=DIRECTION('',(0.,-1.,0.));
#1522=DIRECTION('',(0.,0.,-1.));
#1523=DIRECTION('',(0.,0.,1.));
#1524=DIRECTION('',(-1.,0.,0.));
#1525=DIRECTION('',(-0.66896473162245,0.,-0.743294146247166));
#1526=DIRECTION('',(1.,0.,1.71330713676721E-16));
#1527=DIRECTION('',(0.668964731622449,0.,0.743294146247167));
#1528=DIRECTION('',(0.,-1.,0.));
#1529=DIRECTION('',(1.,0.,0.));
#1530=DIRECTION('',(0.,-1.,0.));
#1531=DIRECTION('',(0.,0.,-1.));
#1532=DIRECTION('',(0.,0.,1.));
#1533=DIRECTION('',(-1.,0.,0.));
#1534=DIRECTION('',(0.668964731622449,0.,0.743294146247167));
#1535=DIRECTION('',(1.,0.,1.71330713676721E-16));
#1536=DIRECTION('',(-0.66896473162245,0.,-0.743294146247166));
#1537=DIRECTION('',(-1.,0.,0.));
#1538=DIRECTION('',(0.,0.,1.));
#1539=DIRECTION('',(0.,-1.,0.));
#1540=DIRECTION('',(0.,0.,-1.));
#1541=DIRECTION('',(-1.,0.,0.));
#1542=DIRECTION('',(2.16840434497101E-16,-1.,0.));
#1543=DIRECTION('',(1.,2.16840434497101E-16,0.));
#1544=DIRECTION('',(-1.,0.,0.));
#1545=DIRECTION('',(0.,0.,-1.));
#1546=DIRECTION('',(-1.,-2.16840434497101E-16,0.));
#1547=DIRECTION('',(0.,0.,-1.));
#1548=DIRECTION('',(0.,0.,-1.));
#1549=DIRECTION('',(-1.,0.,0.));
#1550=DIRECTION('',(0.,0.,1.));
#1551=DIRECTION('',(1.,0.,0.));
#1552=DIRECTION('',(2.16840434497101E-16,-1.,0.));
#1553=DIRECTION('',(1.,2.16840434497101E-16,0.));
#1554=DIRECTION('',(-1.,0.,0.));
#1555=DIRECTION('',(0.,0.,-1.));
#1556=DIRECTION('',(-1.,-2.16840434497101E-16,0.));
#1557=DIRECTION('',(0.,0.,-1.));
#1558=DIRECTION('',(0.,0.,-1.));
#1559=DIRECTION('',(-1.,0.,0.));
#1560=DIRECTION('',(0.,0.,1.));
#1561=DIRECTION('',(1.,0.,0.));
#1562=DIRECTION('',(2.16840434497101E-16,-1.,0.));
#1563=DIRECTION('',(1.,2.16840434497101E-16,0.));
#1564=DIRECTION('',(-1.,-2.16840434497101E-16,0.));
#1565=DIRECTION('',(0.,0.,-1.));
#1566=DIRECTION('',(-1.,0.,0.));
#1567=DIRECTION('',(0.,0.,-1.));
#1568=DIRECTION('',(0.,0.,-1.));
#1569=DIRECTION('',(-1.,0.,0.));
#1570=DIRECTION('',(0.,0.,1.));
#1571=DIRECTION('',(1.,0.,0.));
#1572=DIRECTION('',(0.,0.,-1.));
#1573=DIRECTION('',(-1.,0.,0.));
#1574=DIRECTION('',(0.,0.,1.));
#1575=DIRECTION('',(1.,0.,0.));
#1576=DIRECTION('',(2.16840434497101E-16,-1.,0.));
#1577=DIRECTION('',(1.,2.16840434497101E-16,0.));
#1578=DIRECTION('',(-1.,-2.16840434497101E-16,0.));
#1579=DIRECTION('',(0.,0.,-1.));
#1580=DIRECTION('',(-1.,0.,0.));
#1581=DIRECTION('',(0.,0.,-1.));
#1582=DIRECTION('',(0.743294146247166,0.,-0.66896473162245));
#1583=DIRECTION('',(-0.66896473162245,0.,-0.743294146247166));
#1584=DIRECTION('',(0.743294146247166,0.,-0.66896473162245));
#1585=DIRECTION('',(-0.66896473162245,0.,-0.743294146247166));
#1586=DIRECTION('',(0.743294146247166,0.,-0.66896473162245));
#1587=DIRECTION('',(0.66896473162245,0.,0.743294146247166));
#1588=DIRECTION('',(-0.743294146247166,0.,0.66896473162245));
#1589=DIRECTION('',(0.66896473162245,0.,0.743294146247166));
#1590=DIRECTION('',(-0.743294146247166,0.,0.66896473162245));
#1591=DIRECTION('',(-0.66896473162245,0.,-0.743294146247166));
#1592=DIRECTION('',(-0.743294146247166,0.,0.66896473162245));
#1593=DIRECTION('',(0.66896473162245,0.,0.743294146247166));
#1594=DIRECTION('',(-0.743294146247167,0.,0.668964731622449));
#1595=DIRECTION('',(0.66896473162245,0.,0.743294146247167));
#1596=DIRECTION('',(-0.743294146247167,0.,0.668964731622449));
#1597=DIRECTION('',(-0.66896473162245,0.,-0.743294146247167));
#1598=DIRECTION('',(-0.743294146247167,0.,0.668964731622449));
#1599=DIRECTION('',(0.66896473162245,0.,0.743294146247167));
#1600=DIRECTION('',(0.743294146247166,0.,-0.66896473162245));
#1601=DIRECTION('',(-0.66896473162245,0.,-0.743294146247166));
#1602=DIRECTION('',(0.743294146247166,0.,-0.66896473162245));
#1603=DIRECTION('',(-0.66896473162245,0.,-0.743294146247166));
#1604=DIRECTION('',(0.743294146247166,0.,-0.66896473162245));
#1605=DIRECTION('',(0.66896473162245,0.,0.743294146247166));
#1606=DIRECTION('',(1.,0.,1.71330713676721E-16));
#1607=DIRECTION('',(-1.71330713676721E-16,0.,1.));
#1608=DIRECTION('',(1.,0.,1.71330713676721E-16));
#1609=DIRECTION('',(1.71330713676721E-16,0.,-1.));
#1610=DIRECTION('',(1.,0.,1.71330713676721E-16));
#1611=DIRECTION('',(1.71330713676721E-16,0.,-1.));
#1612=DIRECTION('',(1.,0.,1.71330713676721E-16));
#1613=DIRECTION('',(1.71330713676721E-16,0.,-1.));
#1614=DIRECTION('',(1.,0.,1.71330713676721E-16));
#1615=DIRECTION('',(-1.71330713676721E-16,0.,1.));
#1616=DIRECTION('',(0.,0.,1.));
#1617=DIRECTION('',(1.,0.,0.));
#1618=DIRECTION('',(-1.,-2.16840434497101E-16,0.));
#1619=DIRECTION('',(3.46944695195362E-16,-1.,0.));
#1620=DIRECTION('',(-1.,0.,0.));
#1621=DIRECTION('',(3.46944695195362E-16,-1.,0.));
#1622=DIRECTION('',(1.,3.46944695195362E-16,0.));
#1623=DIRECTION('',(-3.46944695195362E-16,1.,0.));
#1624=DIRECTION('',(1.,3.46944695195362E-16,0.));
#1625=DIRECTION('',(-3.46944695195362E-16,1.,0.));
#1626=DIRECTION('',(0.,0.,1.));
#1627=DIRECTION('',(3.46944695195362E-16,-1.,0.));
#1628=DIRECTION('',(0.,0.,-1.));
#1629=DIRECTION('',(1.,3.46944695195362E-16,0.));
#1630=DIRECTION('',(-3.46944695195362E-16,1.,0.));
#1631=DIRECTION('',(1.,3.46944695195362E-16,0.));
#1632=DIRECTION('',(-3.46944695195362E-16,1.,0.));
#1633=DIRECTION('',(0.,0.,-1.));
#1634=DIRECTION('',(3.46944695195362E-16,-1.,0.));
#1635=DIRECTION('',(0.,0.,1.));
#1636=DIRECTION('',(1.,3.46944695195362E-16,0.));
#1637=DIRECTION('',(-3.46944695195362E-16,1.,0.));
#1638=DIRECTION('',(1.,3.46944695195362E-16,0.));
#1639=DIRECTION('',(-3.46944695195362E-16,1.,0.));
#1640=DIRECTION('',(0.,0.,1.));
#1641=DIRECTION('',(3.46944695195362E-16,-1.,0.));
#1642=DIRECTION('',(0.,0.,-1.));
#1643=DIRECTION('',(1.,3.46944695195362E-16,0.));
#1644=DIRECTION('',(-3.46944695195362E-16,1.,0.));
#1645=DIRECTION('',(3.46944695195362E-16,-1.,0.));
#1646=DIRECTION('',(0.,0.,1.));
#1647=DIRECTION('',(1.,3.46944695195362E-16,0.));
#1648=DIRECTION('',(-3.46944695195362E-16,1.,0.));
#1649=DIRECTION('',(0.,0.,-1.));
#1650=DIRECTION('',(0.,0.,1.));
#1651=DIRECTION('',(1.,0.,0.));
#1652=DIRECTION('',(3.46944695195362E-16,-1.,0.));
#1653=DIRECTION('',(-1.,-2.16840434497101E-16,0.));
#1654=DIRECTION('',(3.46944695195362E-16,-1.,0.));
#1655=DIRECTION('',(-1.,0.,0.));
#1656=DIRECTION('',(0.,0.,1.));
#1657=DIRECTION('',(1.,0.,0.));
#1658=DIRECTION('',(0.,-1.,0.));
#1659=DIRECTION('',(-1.,-2.16840434497101E-16,0.));
#1660=DIRECTION('',(0.,-1.,0.));
#1661=DIRECTION('',(-1.,0.,0.));
#1662=DIRECTION('',(1.,0.,0.));
#1663=DIRECTION('',(0.,0.,-1.));
#1664=DIRECTION('',(0.,-1.,0.));
#1665=DIRECTION('',(0.,0.,-1.));
#1666=DIRECTION('',(1.,0.,0.));
#1667=DIRECTION('',(0.,0.,-1.));
#1668=DIRECTION('',(0.,0.,1.));
#1669=DIRECTION('',(1.,0.,0.));
#1670=DIRECTION('',(0.,0.,-1.));
#1671=DIRECTION('',(0.,-1.,0.));
#1672=DIRECTION('',(0.,0.,1.));
#1673=DIRECTION('',(1.,0.,0.));
#1674=DIRECTION('',(0.,0.,-1.));
#1675=DIRECTION('',(0.,0.,-1.));
#1676=DIRECTION('',(1.,0.,0.));
#1677=DIRECTION('',(0.,0.,-1.));
#1678=DIRECTION('',(0.,-1.,0.));
#1679=DIRECTION('',(0.,0.,-1.));
#1680=DIRECTION('',(1.,0.,0.));
#1681=DIRECTION('',(0.,0.,-1.));
#1682=DIRECTION('',(0.,0.,1.));
#1683=DIRECTION('',(1.,0.,0.));
#1684=DIRECTION('',(0.,0.,-1.));
#1685=DIRECTION('',(0.,-1.,0.));
#1686=DIRECTION('',(0.,0.,1.));
#1687=DIRECTION('',(1.,0.,0.));
#1688=DIRECTION('',(0.,0.,-1.));
#1689=DIRECTION('',(0.,0.,-1.));
#1690=DIRECTION('',(0.,0.,1.));
#1691=DIRECTION('',(1.,0.,0.));
#1692=DIRECTION('',(-1.,0.,0.));
#1693=DIRECTION('',(0.,-1.,0.));
#1694=DIRECTION('',(-1.,-2.16840434497101E-16,0.));
#1695=DIRECTION('',(0.,-1.,0.));
#1696=DIRECTION('',(-1.,0.,0.));
#1697=DIRECTION('',(0.,0.,1.));
#1698=DIRECTION('',(-1.,0.,0.));
#1699=DIRECTION('',(0.,0.,1.));
#1700=DIRECTION('',(0.,0.,-1.));
#1701=DIRECTION('',(-1.,0.,0.));
#1702=DIRECTION('',(0.,0.,1.));
#1703=DIRECTION('',(1.,0.,0.));
#1704=DIRECTION('',(1.,0.,0.));
#1705=DIRECTION('',(0.,0.,-1.));
#1706=DIRECTION('',(1.,0.,0.));
#1707=DIRECTION('',(0.,0.,-1.));
#1708=DIRECTION('',(0.,-1.,8.67361737988403E-16));
#1709=DIRECTION('',(0.,-8.67361737988403E-16,-1.));
#1710=DIRECTION('',(0.,0.,-1.));
#1711=DIRECTION('',(-1.,0.,0.));
#1712=DIRECTION('',(0.,0.,-1.));
#1713=DIRECTION('',(-1.,0.,0.));
#1714=DIRECTION('',(3.46944695195362E-16,-1.,0.));
#1715=DIRECTION('',(1.,3.46944695195362E-16,0.));
#1716=DIRECTION('',(0.,-1.,0.));
#1717=DIRECTION('',(0.,0.,-1.));
#1718=DIRECTION('',(-1.,-2.16840434497101E-16,0.));
#1719=DIRECTION('',(2.16840434497101E-16,-1.,0.));
#1720=DIRECTION('',(-1.,0.,0.));
#1721=DIRECTION('',(0.,0.,1.));
#1722=DIRECTION('',(0.,0.,1.));
#1723=DIRECTION('',(1.,0.,0.));
#1724=DIRECTION('',(0.,0.,1.));
#1725=DIRECTION('',(1.,0.,0.));
#1726=DIRECTION('',(0.,-1.,0.));
#1727=DIRECTION('',(0.,0.,-1.));
#1728=DIRECTION('',(-1.,0.,0.));
#1729=DIRECTION('',(0.,0.,1.));
#1730=DIRECTION('',(0.,-1.,0.));
#1731=DIRECTION('',(0.,0.,-1.));
#1732=DIRECTION('',(0.,-1.,0.));
#1733=DIRECTION('',(0.,0.,-1.));
#1734=DIRECTION('',(1.,0.,0.));
#1735=DIRECTION('',(0.,0.,-1.));
#1736=DIRECTION('',(1.,0.,0.));
#1737=DIRECTION('',(0.,0.,-1.));
#1738=DIRECTION('',(-3.46944695195362E-16,1.,0.));
#1739=DIRECTION('',(-1.,-3.46944695195362E-16,0.));
#1740=DIRECTION('',(0.,-1.,0.));
#1741=DIRECTION('',(0.,0.,-1.));
#1742=DIRECTION('',(0.,-1.,0.));
#1743=DIRECTION('',(0.,0.,-1.));
#1744=DIRECTION('',(0.,0.,-1.));
#1745=DIRECTION('',(-1.,0.,0.));
#1746=DIRECTION('',(0.,0.,1.));
#1747=DIRECTION('',(1.,0.,0.));
#1748=DIRECTION('',(0.,0.,-1.));
#1749=DIRECTION('',(-1.,0.,0.));
#1750=DIRECTION('',(0.,0.,1.));
#1751=DIRECTION('',(1.,0.,0.));
#1752=DIRECTION('',(1.,0.,0.));
#1753=DIRECTION('',(0.,0.,-1.));
#1754=DIRECTION('',(1.,0.,0.));
#1755=DIRECTION('',(0.,0.,-1.));
#1756=DIRECTION('',(0.,-1.,0.));
#1757=DIRECTION('',(0.,0.,-1.));
#1758=DIRECTION('',(0.,0.,-1.));
#1759=DIRECTION('',(-1.,0.,0.));
#1760=DIRECTION('',(0.,0.,-1.));
#1761=DIRECTION('',(-1.,0.,0.));
#1762=DIRECTION('',(0.,-1.,0.));
#1763=DIRECTION('',(0.,0.,-1.));
#1764=DIRECTION('',(0.,-1.,0.));
#1765=DIRECTION('',(0.,0.,-1.));
#1766=DIRECTION('',(-1.,-2.16840434497101E-16,0.));
#1767=DIRECTION('',(2.16840434497101E-16,-1.,0.));
#1768=DIRECTION('',(-1.,0.,0.));
#1769=DIRECTION('',(0.,0.,1.));
#1770=DIRECTION('',(0.,0.,1.));
#1771=DIRECTION('',(1.,0.,0.));
#1772=DIRECTION('',(0.,0.,1.));
#1773=DIRECTION('',(1.,0.,0.));
#1774=DIRECTION('',(0.,-1.,0.));
#1775=DIRECTION('',(0.,0.,-1.));
#1776=DIRECTION('',(-1.,0.,0.));
#1777=DIRECTION('',(0.,0.,1.));
#1778=DIRECTION('',(0.,-1.,0.));
#1779=DIRECTION('',(0.,0.,-1.));
#1780=DIRECTION('',(-8.67361737988403E-16,-1.,0.));
#1781=DIRECTION('',(1.,-8.67361737988403E-16,0.));
#1782=DIRECTION('',(1.,0.,0.));
#1783=DIRECTION('',(0.,0.,-1.));
#1784=DIRECTION('',(1.,0.,0.));
#1785=DIRECTION('',(0.,0.,-1.));
#1786=DIRECTION('',(0.,1.,0.));
#1787=DIRECTION('',(0.,0.,1.));
#1788=DIRECTION('',(0.,-1.,0.));
#1789=DIRECTION('',(0.,0.,-1.));
#1790=DIRECTION('',(0.,-1.,0.));
#1791=DIRECTION('',(0.,0.,-1.));
#1792=DIRECTION('',(0.,0.,-1.));
#1793=DIRECTION('',(-1.,0.,0.));
#1794=DIRECTION('',(0.,0.,1.));
#1795=DIRECTION('',(1.,0.,0.));
#1796=DIRECTION('',(0.,0.,-1.));
#1797=DIRECTION('',(-1.,0.,0.));
#1798=DIRECTION('',(0.,0.,1.));
#1799=DIRECTION('',(1.,0.,0.));
#1800=DIRECTION('',(-1.,0.,0.));
#1801=DIRECTION('',(0.,0.,1.));
#1802=DIRECTION('',(-1.,0.,0.));
#1803=DIRECTION('',(0.,0.,1.));
#1804=DIRECTION('',(0.,1.,0.));
#1805=DIRECTION('',(0.,0.,1.));
#1806=DIRECTION('',(0.,0.,-1.));
#1807=DIRECTION('',(-1.,0.,0.));
#1808=DIRECTION('',(0.,0.,-1.));
#1809=DIRECTION('',(-1.,0.,0.));
#1810=DIRECTION('',(0.,1.,0.));
#1811=DIRECTION('',(0.,0.,1.));
#1812=DIRECTION('',(0.,-1.,0.));
#1813=DIRECTION('',(0.,0.,-1.));
#1814=DIRECTION('',(1.,2.16840434497101E-16,0.));
#1815=DIRECTION('',(-2.16840434497101E-16,1.,0.));
#1816=DIRECTION('',(1.,0.,0.));
#1817=DIRECTION('',(0.,0.,-1.));
#1818=DIRECTION('',(0.,0.,1.));
#1819=DIRECTION('',(1.,0.,0.));
#1820=DIRECTION('',(0.,0.,1.));
#1821=DIRECTION('',(1.,0.,0.));
#1822=DIRECTION('',(0.,-1.,0.));
#1823=DIRECTION('',(0.,0.,-1.));
#1824=DIRECTION('',(1.,0.,0.));
#1825=DIRECTION('',(0.,0.,-1.));
#1826=DIRECTION('',(0.,1.,0.));
#1827=DIRECTION('',(0.,0.,1.));
#1828=DIRECTION('',(8.67361737988403E-16,1.,0.));
#1829=DIRECTION('',(-1.,8.67361737988403E-16,0.));
#1830=DIRECTION('',(-1.,0.,0.));
#1831=DIRECTION('',(0.,0.,1.));
#1832=DIRECTION('',(-1.,0.,0.));
#1833=DIRECTION('',(0.,0.,1.));
#1834=DIRECTION('',(0.,-1.,0.));
#1835=DIRECTION('',(0.,0.,-1.));
#1836=DIRECTION('',(0.,-1.,0.));
#1837=DIRECTION('',(0.,0.,-1.));
#1838=DIRECTION('',(0.,-1.,0.));
#1839=DIRECTION('',(0.,0.,-1.));
#1840=DIRECTION('',(0.,0.,-1.));
#1841=DIRECTION('',(-1.,0.,0.));
#1842=DIRECTION('',(0.,0.,1.));
#1843=DIRECTION('',(1.,0.,0.));
#1844=DIRECTION('',(0.,0.,1.));
#1845=DIRECTION('',(1.,0.,0.));
#1846=DIRECTION('',(0.,0.,1.));
#1847=DIRECTION('',(1.,0.,0.));
#1848=DIRECTION('',(0.,1.,0.));
#1849=DIRECTION('',(0.,0.,1.));
#1850=DIRECTION('',(8.67361737988403E-16,1.,0.));
#1851=DIRECTION('',(-1.,8.67361737988403E-16,0.));
#1852=DIRECTION('',(1.,0.,0.));
#1853=DIRECTION('',(0.,0.,-1.));
#1854=DIRECTION('',(0.,0.,-1.));
#1855=DIRECTION('',(-1.,0.,0.));
#1856=DIRECTION('',(0.,0.,1.));
#1857=DIRECTION('',(1.,0.,0.));
#1858=DIRECTION('',(1.,2.16840434497101E-16,0.));
#1859=DIRECTION('',(-2.16840434497101E-16,1.,0.));
#1860=DIRECTION('',(-1.,0.,0.));
#1861=DIRECTION('',(0.,0.,1.));
#1862=DIRECTION('',(3.46944695195362E-16,-1.,0.));
#1863=DIRECTION('',(1.,3.46944695195362E-16,0.));
#1864=DIRECTION('',(0.,-1.,0.));
#1865=DIRECTION('',(0.,0.,-1.));
#1866=DIRECTION('',(0.,0.,1.));
#1867=DIRECTION('',(1.,0.,0.));
#1868=DIRECTION('',(0.,0.,-1.));
#1869=DIRECTION('',(-1.,0.,0.));
#1870=DIRECTION('',(0.,1.,0.));
#1871=DIRECTION('',(0.,0.,1.));
#1872=DIRECTION('',(0.,1.,0.));
#1873=DIRECTION('',(0.,0.,1.));
#1874=DIRECTION('',(0.,-1.,0.));
#1875=DIRECTION('',(0.,0.,-1.));
#1876=DIRECTION('',(-1.,0.,0.));
#1877=DIRECTION('',(0.,0.,1.));
#1878=DIRECTION('',(-3.46944695195362E-16,1.,0.));
#1879=DIRECTION('',(-1.,-3.46944695195362E-16,0.));
#1880=DIRECTION('',(0.,-1.,0.));
#1881=DIRECTION('',(0.,0.,-1.));
#1882=DIRECTION('',(-1.,0.,0.));
#1883=DIRECTION('',(0.,0.,1.));
#1884=DIRECTION('',(1.,0.,0.));
#1885=DIRECTION('',(0.,0.,-1.));
#1886=DIRECTION('',(0.,-1.,0.));
#1887=DIRECTION('',(0.,0.,-1.));
#1888=DIRECTION('',(0.,0.,-1.));
#1889=DIRECTION('',(-1.,0.,0.));
#1890=DIRECTION('',(0.,0.,-1.));
#1891=DIRECTION('',(-1.,0.,0.));
#1892=CARTESIAN_POINT('',(0.,0.,0.));
#1893=CARTESIAN_POINT('',(0.0165,-0.0015875,0.0125));
#1894=CARTESIAN_POINT('',(0.25,-0.0015875,0.000969963294531036));
#1895=CARTESIAN_POINT('',(0.0402438131554025,-0.0015875,0.000969963294531041));
#1896=CARTESIAN_POINT('',(0.0503708461903246,-0.0015875,0.000969963294531036));
#1897=CARTESIAN_POINT('',(0.0503708461903246,-0.0015875,0.0125));
#1898=CARTESIAN_POINT('',(0.0503708461903246,-0.0015875,0.003));
#1899=CARTESIAN_POINT('',(0.0543708461903246,-0.0015875,0.003));
#1900=CARTESIAN_POINT('',(0.0543708461903246,-0.0015875,0.007));
#1901=CARTESIAN_POINT('',(0.0603708461903246,-0.0015875,0.007));
#1902=CARTESIAN_POINT('',(0.0583708461903246,-0.0015875,0.007));
#1903=CARTESIAN_POINT('',(0.0583708461903246,-0.0015875,0.003));
#1904=CARTESIAN_POINT('',(0.0623708461903246,-0.0015875,0.003));
#1905=CARTESIAN_POINT('',(0.0623708461903246,-0.0015875,0.000969963294531036));
#1906=CARTESIAN_POINT('',(0.0623708461903246,-0.0015875,0.000969963294531036));
#1907=CARTESIAN_POINT('',(0.25,-0.0015875,0.000969963294531036));
#1908=CARTESIAN_POINT('',(0.0658729669650779,-0.0015875,0.000969963294531038));
#1909=CARTESIAN_POINT('',(0.07175,-0.0015875,0.0075));
#1910=CARTESIAN_POINT('',(0.0787328377769881,-0.0015875,0.0152587086410978));
#1911=CARTESIAN_POINT('',(0.017,-0.0015875,0.0152587086410978));
#1912=CARTESIAN_POINT('',(0.0531036839673127,-0.0015875,0.0152587086410978));
#1913=CARTESIAN_POINT('',(0.0461208461903246,-0.0015875,0.0075));
#1914=CARTESIAN_POINT('',(0.0165,0.0015875,0.0125));
#1915=CARTESIAN_POINT('',(0.25,0.0015875,0.000969963294531036));
#1916=CARTESIAN_POINT('',(0.0623708461903246,0.0015875,0.000969963294531036));
#1917=CARTESIAN_POINT('',(0.0658729669650779,0.0015875,0.000969963294531032));
#1918=CARTESIAN_POINT('',(0.0623708461903246,0.0015875,0.0125));
#1919=CARTESIAN_POINT('',(0.0623708461903246,0.0015875,0.003));
#1920=CARTESIAN_POINT('',(0.0583708461903246,0.0015875,0.003));
#1921=CARTESIAN_POINT('',(0.0583708461903246,0.0015875,0.007));
#1922=CARTESIAN_POINT('',(0.0165,0.0015875,0.007));
#1923=CARTESIAN_POINT('',(0.0543708461903246,0.0015875,0.007));
#1924=CARTESIAN_POINT('',(0.0543708461903246,0.0015875,0.003));
#1925=CARTESIAN_POINT('',(0.0503708461903246,0.0015875,0.003));
#1926=CARTESIAN_POINT('',(0.0503708461903246,0.0015875,0.000969963294531036));
#1927=CARTESIAN_POINT('',(0.0503708461903246,0.0015875,0.000969963294531036));
#1928=CARTESIAN_POINT('',(0.25,0.0015875,0.000969963294531036));
#1929=CARTESIAN_POINT('',(0.0402438131554025,0.0015875,0.000969963294531042));
#1930=CARTESIAN_POINT('',(0.0461208461903246,0.0015875,0.0075));
#1931=CARTESIAN_POINT('',(0.0531036839673127,0.0015875,0.0152587086410978));
#1932=CARTESIAN_POINT('',(0.017,0.0015875,0.0152587086410978));
#1933=CARTESIAN_POINT('',(0.0787328377769881,0.0015875,0.0152587086410978));
#1934=CARTESIAN_POINT('',(0.07175,0.0015875,0.0075));
#1935=CARTESIAN_POINT('',(0.0165,-0.0015875,0.0125));
#1936=CARTESIAN_POINT('',(0.25,-0.0015875,0.000969963294531036));
#1937=CARTESIAN_POINT('',(-0.0641270330349221,-0.0015875,0.000969963294531027));
#1938=CARTESIAN_POINT('',(-0.054,-0.0015875,0.000969963294531036));
#1939=CARTESIAN_POINT('',(-0.054,-0.0015875,0.0125));
#1940=CARTESIAN_POINT('',(-0.054,-0.0015875,0.003));
#1941=CARTESIAN_POINT('',(-0.05,-0.0015875,0.003));
#1942=CARTESIAN_POINT('',(-0.05,-0.0015875,0.007));
#1943=CARTESIAN_POINT('',(-0.044,-0.0015875,0.007));
#1944=CARTESIAN_POINT('',(-0.046,-0.0015875,0.007));
#1945=CARTESIAN_POINT('',(-0.046,-0.0015875,0.003));
#1946=CARTESIAN_POINT('',(-0.042,-0.0015875,0.003));
#1947=CARTESIAN_POINT('',(-0.042,-0.0015875,0.000969963294531036));
#1948=CARTESIAN_POINT('',(-0.042,-0.0015875,0.000969963294531036));
#1949=CARTESIAN_POINT('',(0.25,-0.0015875,0.000969963294531036));
#1950=CARTESIAN_POINT('',(-0.0384978792252467,-0.0015875,0.000969963294531036));
#1951=CARTESIAN_POINT('',(-0.0326208461903246,-0.0015875,0.0075));
#1952=CARTESIAN_POINT('',(-0.0256380084133365,-0.0015875,0.0152587086410978));
#1953=CARTESIAN_POINT('',(0.017,-0.0015875,0.0152587086410978));
#1954=CARTESIAN_POINT('',(-0.0512671622230119,-0.0015875,0.0152587086410978));
#1955=CARTESIAN_POINT('',(-0.05825,-0.0015875,0.0075));
#1956=CARTESIAN_POINT('',(0.0165,0.0015875,0.0125));
#1957=CARTESIAN_POINT('',(-0.05,0.0015875,0.003));
#1958=CARTESIAN_POINT('',(-0.054,0.0015875,0.003));
#1959=CARTESIAN_POINT('',(-0.05,0.0015875,0.007));
#1960=CARTESIAN_POINT('',(-0.054,0.0015875,0.000969963294531036));
#1961=CARTESIAN_POINT('',(-0.054,0.0015875,0.000969963294531036));
#1962=CARTESIAN_POINT('',(0.25,0.0015875,0.000969963294531036));
#1963=CARTESIAN_POINT('',(-0.064127033034922,0.0015875,0.000969963294531055));
#1964=CARTESIAN_POINT('',(-0.05825,0.0015875,0.0075));
#1965=CARTESIAN_POINT('',(-0.0512671622230119,0.0015875,0.0152587086410978));
#1966=CARTESIAN_POINT('',(0.017,0.0015875,0.0152587086410978));
#1967=CARTESIAN_POINT('',(-0.0256380084133365,0.0015875,0.0152587086410978));
#1968=CARTESIAN_POINT('',(-0.0326208461903246,0.0015875,0.0075));
#1969=CARTESIAN_POINT('',(-0.0384978792252467,0.0015875,0.000969963294531037));
#1970=CARTESIAN_POINT('',(0.25,0.0015875,0.000969963294531036));
#1971=CARTESIAN_POINT('',(-0.042,0.0015875,0.000969963294531036));
#1972=CARTESIAN_POINT('',(-0.042,0.0015875,0.0125));
#1973=CARTESIAN_POINT('',(-0.042,0.0015875,0.003));
#1974=CARTESIAN_POINT('',(-0.046,0.0015875,0.003));
#1975=CARTESIAN_POINT('',(-0.046,0.0015875,0.007));
#1976=CARTESIAN_POINT('',(0.0165,0.0015875,0.007));
#1977=CARTESIAN_POINT('',(-0.048,0.01,0.005));
#1978=CARTESIAN_POINT('',(0.25,0.01,0.000110324292153158));
#1979=CARTESIAN_POINT('',(-0.05,0.01,0.000110324292153158));
#1980=CARTESIAN_POINT('',(-0.046,0.01,0.000110324292153158));
#1981=CARTESIAN_POINT('',(-0.05,0.01,0.005));
#1982=CARTESIAN_POINT('',(-0.05,0.01,0.003));
#1983=CARTESIAN_POINT('',(-0.044,0.01,0.003));
#1984=CARTESIAN_POINT('',(-0.046,0.01,0.003));
#1985=CARTESIAN_POINT('',(-0.046,0.01,0.000110324292153165));
#1986=CARTESIAN_POINT('',(-0.048,0.006,0.005));
#1987=CARTESIAN_POINT('',(-0.048,0.006,0.005));
#1988=CARTESIAN_POINT('',(-0.04625,0.006,0.005));
#1989=CARTESIAN_POINT('',(-0.0493724306017993,0.0046284896010285,0.000807380544240756));
#1990=CARTESIAN_POINT('',(-0.0499382872942471,0.00600114453012188,0.000682845493123223));
#1991=CARTESIAN_POINT('',(-0.0493744202212122,0.00736693227848399,0.000518334409538855));
#1992=CARTESIAN_POINT('',(-0.0480038295546832,0.00794053994140606,0.000437109237566866));
#1993=CARTESIAN_POINT('',(-0.0466284640423994,0.00737089217824356,0.000517810754779553));
#1994=CARTESIAN_POINT('',(-0.0460623504551568,0.00600516701028191,0.000682404689555012));
#1995=CARTESIAN_POINT('',(-0.0466221677860582,0.00463502228697696,0.000806860042459524));
#1996=CARTESIAN_POINT('',(-0.0479954640881732,0.00405912862775982,0.000847094286108845));
#1997=CARTESIAN_POINT('',(-0.0493724306017993,0.0046284896010285,0.000807380544240756));
#1998=CARTESIAN_POINT('',(-0.0499382872942471,0.00600114453012188,0.000682845493123223));
#1999=CARTESIAN_POINT('',(-0.0493744202212122,0.00736693227848399,0.000518334409538855));
#2000=CARTESIAN_POINT('',(-0.04975,0.006,0.000676182821045413));
#2001=CARTESIAN_POINT('',(-0.048,-0.01,0.005));
#2002=CARTESIAN_POINT('',(0.25,-0.01,0.000110324292153179));
#2003=CARTESIAN_POINT('',(-0.05,-0.01,0.000110324292153179));
#2004=CARTESIAN_POINT('',(-0.046,-0.01,0.000110324292153179));
#2005=CARTESIAN_POINT('',(-0.046,-0.01,0.005));
#2006=CARTESIAN_POINT('',(-0.046,-0.01,0.003));
#2007=CARTESIAN_POINT('',(-0.048,-0.01,0.003));
#2008=CARTESIAN_POINT('',(-0.05,-0.01,0.003));
#2009=CARTESIAN_POINT('',(-0.05,-0.01,0.000110324292153179));
#2010=CARTESIAN_POINT('',(-0.048,-0.006,0.005));
#2011=CARTESIAN_POINT('',(-0.048,-0.006,0.005));
#2012=CARTESIAN_POINT('',(-0.04625,-0.006,0.005));
#2013=CARTESIAN_POINT('',(-0.049373998921068,-0.00736852663170614,0.000518135765765565));
#2014=CARTESIAN_POINT('',(-0.0499382756275627,-0.00600035119968741,0.000682929376744544));
#2015=CARTESIAN_POINT('',(-0.0493728985686811,-0.00463006856954423,0.000807243653528763));
#2016=CARTESIAN_POINT('',(-0.0479994356458867,-0.00405944062270817,0.000847070019761604));
#2017=CARTESIAN_POINT('',(-0.0466240454770602,-0.00463217028399977,0.000807095866943058));
#2018=CARTESIAN_POINT('',(-0.0460623341420722,-0.00600472514149084,0.000682451307427146));
#2019=CARTESIAN_POINT('',(-0.0466266353523035,-0.00736804329146164,0.000518177402314282));
#2020=CARTESIAN_POINT('',(-0.0479996442053389,-0.00794085751179887,0.000437066697759574));
#2021=CARTESIAN_POINT('',(-0.049373998921068,-0.00736852663170614,0.000518135765765565));
#2022=CARTESIAN_POINT('',(-0.0499382756275627,-0.00600035119968741,0.000682929376744544));
#2023=CARTESIAN_POINT('',(-0.0493728985686811,-0.00463006856954423,0.000807243653528763));
#2024=CARTESIAN_POINT('',(-0.04975,-0.006,0.000676182821045415));
#2025=CARTESIAN_POINT('',(0.0563708461903246,0.01,0.005));
#2026=CARTESIAN_POINT('',(0.0603708461903246,0.01,0.003));
#2027=CARTESIAN_POINT('',(0.0543708461903246,0.01,0.003));
#2028=CARTESIAN_POINT('',(0.0583708461903246,0.01,0.003));
#2029=CARTESIAN_POINT('',(0.0583708461903246,0.01,0.000110324292153165));
#2030=CARTESIAN_POINT('',(0.0583708461903246,0.01,0.000110324292153158));
#2031=CARTESIAN_POINT('',(0.25,0.01,0.000110324292153158));
#2032=CARTESIAN_POINT('',(0.0543708461903246,0.01,0.000110324292153158));
#2033=CARTESIAN_POINT('',(0.0543708461903246,0.01,0.005));
#2034=CARTESIAN_POINT('',(0.0563708461903246,0.006,0.005));
#2035=CARTESIAN_POINT('',(0.0563708461903246,0.006,0.005));
#2036=CARTESIAN_POINT('',(0.0581208461903246,0.006,0.005));
#2037=CARTESIAN_POINT('',(0.0549984155885253,0.00462848960102849,0.000807380544240757));
#2038=CARTESIAN_POINT('',(0.0544325588960775,0.00600114453012188,0.000682845493123222));
#2039=CARTESIAN_POINT('',(0.0549964259691124,0.00736693227848399,0.000518334409538855));
#2040=CARTESIAN_POINT('',(0.0563670166356414,0.00794053994140606,0.000437109237566866));
#2041=CARTESIAN_POINT('',(0.0577423821479252,0.00737089217824357,0.000517810754779551));
#2042=CARTESIAN_POINT('',(0.0583084957351678,0.00600516701028189,0.000682404689555014));
#2043=CARTESIAN_POINT('',(0.0577486784042664,0.00463502228697697,0.000806860042459522));
#2044=CARTESIAN_POINT('',(0.0563753821021514,0.00405912862775982,0.000847094286108845));
#2045=CARTESIAN_POINT('',(0.0549984155885253,0.00462848960102849,0.000807380544240757));
#2046=CARTESIAN_POINT('',(0.0544325588960775,0.00600114453012188,0.000682845493123222));
#2047=CARTESIAN_POINT('',(0.0549964259691124,0.00736693227848399,0.000518334409538855));
#2048=CARTESIAN_POINT('',(0.0546208461903246,0.006,0.000676182821045413));
#2049=CARTESIAN_POINT('',(0.0563708461903246,-0.006,0.005));
#2050=CARTESIAN_POINT('',(0.0563708461903246,-0.006,0.005));
#2051=CARTESIAN_POINT('',(0.0581208461903246,-0.006,0.005));
#2052=CARTESIAN_POINT('',(0.0549968472692566,-0.00736852663170614,0.000518135765765565));
#2053=CARTESIAN_POINT('',(0.0544325705627619,-0.00600035119968741,0.000682929376744544));
#2054=CARTESIAN_POINT('',(0.0549979476216435,-0.00463006856954423,0.000807243653528762));
#2055=CARTESIAN_POINT('',(0.0563714105444379,-0.00405944062270817,0.000847070019761605));
#2056=CARTESIAN_POINT('',(0.0577468007132644,-0.00463217028399976,0.000807095866943056));
#2057=CARTESIAN_POINT('',(0.0583085120482524,-0.00600472514149086,0.000682451307427157));
#2058=CARTESIAN_POINT('',(0.0577442108380211,-0.00736804329146164,0.00051817740231428));
#2059=CARTESIAN_POINT('',(0.0563712019849857,-0.00794085751179887,0.000437066697759574));
#2060=CARTESIAN_POINT('',(0.0549968472692566,-0.00736852663170614,0.000518135765765565));
#2061=CARTESIAN_POINT('',(0.0544325705627619,-0.00600035119968741,0.000682929376744544));
#2062=CARTESIAN_POINT('',(0.0549979476216435,-0.00463006856954423,0.000807243653528762));
#2063=CARTESIAN_POINT('',(0.0546208461903246,-0.006,0.000676182821045415));
#2064=CARTESIAN_POINT('',(0.0563708461903246,-0.01,0.005));
#2065=CARTESIAN_POINT('',(0.0563708461903246,-0.01,0.003));
#2066=CARTESIAN_POINT('',(0.0583708461903246,-0.01,0.003));
#2067=CARTESIAN_POINT('',(0.0543708461903246,-0.01,0.003));
#2068=CARTESIAN_POINT('',(0.0543708461903246,-0.01,0.000110324292153172));
#2069=CARTESIAN_POINT('',(0.0543708461903246,-0.01,0.000110324292153172));
#2070=CARTESIAN_POINT('',(0.25,-0.01,0.000110324292153172));
#2071=CARTESIAN_POINT('',(0.0583708461903246,-0.01,0.000110324292153172));
#2072=CARTESIAN_POINT('',(0.0583708461903246,-0.01,0.005));
#2073=CARTESIAN_POINT('',(0.0461208461903246,-0.0015875,0.0075));
#2074=CARTESIAN_POINT('',(-0.0111713392652361,0.,-0.0561579838395119));
#2075=CARTESIAN_POINT('',(0.0573708461903246,0.,0.02));
#2076=CARTESIAN_POINT('',(0.07175,-0.0015875,0.0075));
#2077=CARTESIAN_POINT('',(0.0144578145444393,0.,-0.0561579838395119));
#2078=CARTESIAN_POINT('',(0.083,0.,0.02));
#2079=CARTESIAN_POINT('',(-0.05825,-0.0015875,0.0075));
#2080=CARTESIAN_POINT('',(-0.115542185455561,0.,-0.0561579838395119));
#2081=CARTESIAN_POINT('',(-0.047,0.,0.02));
#2082=CARTESIAN_POINT('',(-0.0326208461903246,-0.0015875,0.0075));
#2083=CARTESIAN_POINT('',(-0.0899130316458853,0.,-0.0561579838395119));
#2084=CARTESIAN_POINT('',(-0.0213708461903246,0.,0.02));
#2085=CARTESIAN_POINT('',(0.093,0.,0.02));
#2086=CARTESIAN_POINT('',(0.093,0.,0.02));
#2087=CARTESIAN_POINT('',(0.093,0.,0.015));
#2088=CARTESIAN_POINT('',(0.017,0.,0.02));
#2089=CARTESIAN_POINT('',(-0.059,0.,0.02));
#2090=CARTESIAN_POINT('',(-0.059,0.,0.015));
#2091=CARTESIAN_POINT('',(-0.059,0.,0.02));
#2092=CARTESIAN_POINT('',(-0.00231457690483767,0.,0.005));
#2093=CARTESIAN_POINT('',(-0.052,0.008,0.005));
#2094=CARTESIAN_POINT('',(-0.046,0.008,0.005));
#2095=CARTESIAN_POINT('',(-0.05,0.008,0.005));
#2096=CARTESIAN_POINT('',(-0.05,0.0015875,0.005));
#2097=CARTESIAN_POINT('',(-0.05,0.0035875,0.005));
#2098=CARTESIAN_POINT('',(-0.00231457690483767,0.0035875,0.005));
#2099=CARTESIAN_POINT('',(-0.046,0.0035875,0.005));
#2100=CARTESIAN_POINT('',(-0.046,-1.51564258002314E-17,0.005));
#2101=CARTESIAN_POINT('',(-0.052,0.,0.005));
#2102=CARTESIAN_POINT('',(-0.052,0.,-0.0561579838395119));
#2103=CARTESIAN_POINT('',(-0.052,0.0035875,0.000879305224310241));
#2104=CARTESIAN_POINT('',(-0.052,0.008,0.000429315972371732));
#2105=CARTESIAN_POINT('',(-0.052,0.0035875,0.005));
#2106=CARTESIAN_POINT('',(-0.052,0.0035875,0.003));
#2107=CARTESIAN_POINT('',(-0.052,0.01,0.003));
#2108=CARTESIAN_POINT('',(-0.052,0.008,0.003));
#2109=CARTESIAN_POINT('',(-0.052,0.008,0.005));
#2110=CARTESIAN_POINT('',(-0.044,0.,0.005));
#2111=CARTESIAN_POINT('',(-0.044,0.,-0.0561579838395119));
#2112=CARTESIAN_POINT('',(-0.044,0.0035875,0.000879305224310241));
#2113=CARTESIAN_POINT('',(-0.044,0.008,0.000429315972371732));
#2114=CARTESIAN_POINT('',(-0.044,0.008,0.005));
#2115=CARTESIAN_POINT('',(-0.044,0.008,0.003));
#2116=CARTESIAN_POINT('',(-0.044,0.,0.003));
#2117=CARTESIAN_POINT('',(-0.044,0.0035875,0.003));
#2118=CARTESIAN_POINT('',(-0.044,0.0035875,0.005));
#2119=CARTESIAN_POINT('',(-0.044,0.,0.005));
#2120=CARTESIAN_POINT('',(-0.044,0.,-0.0561579838395119));
#2121=CARTESIAN_POINT('',(-0.044,-0.008,0.000429315972371732));
#2122=CARTESIAN_POINT('',(-0.044,-0.0035875,0.000879305224310241));
#2123=CARTESIAN_POINT('',(-0.044,-0.0035875,0.005));
#2124=CARTESIAN_POINT('',(-0.044,-0.0035875,0.003));
#2125=CARTESIAN_POINT('',(-0.044,0.,0.003));
#2126=CARTESIAN_POINT('',(-0.044,-0.008,0.003));
#2127=CARTESIAN_POINT('',(-0.044,-0.008,0.005));
#2128=CARTESIAN_POINT('',(-0.052,0.,0.005));
#2129=CARTESIAN_POINT('',(-0.052,-0.0015875,0.003));
#2130=CARTESIAN_POINT('',(-0.052,-0.008,0.003));
#2131=CARTESIAN_POINT('',(-0.052,-0.0035875,0.003));
#2132=CARTESIAN_POINT('',(-0.052,-0.0035875,0.005));
#2133=CARTESIAN_POINT('',(-0.052,-0.0035875,0.000879305224310241));
#2134=CARTESIAN_POINT('',(-0.052,0.,-0.0561579838395119));
#2135=CARTESIAN_POINT('',(-0.052,-0.008,0.000429315972371732));
#2136=CARTESIAN_POINT('',(-0.052,-0.008,0.005));
#2137=CARTESIAN_POINT('',(-0.00231457690483767,0.,0.005));
#2138=CARTESIAN_POINT('',(-0.05,-0.01,0.005));
#2139=CARTESIAN_POINT('',(-0.05,-0.0035875,0.005));
#2140=CARTESIAN_POINT('',(-0.05,-0.008,0.005));
#2141=CARTESIAN_POINT('',(-0.00231457690483767,-0.008,0.005));
#2142=CARTESIAN_POINT('',(-0.046,-0.008,0.005));
#2143=CARTESIAN_POINT('',(-0.046,-1.51564258002314E-17,0.005));
#2144=CARTESIAN_POINT('',(-0.046,-0.0035875,0.005));
#2145=CARTESIAN_POINT('',(-0.052,-0.0035875,0.005));
#2146=CARTESIAN_POINT('',(-0.00231457690483767,0.,0.005));
#2147=CARTESIAN_POINT('',(0.0583708461903246,0.,0.005));
#2148=CARTESIAN_POINT('',(0.0583708461903246,0.0035875,0.005));
#2149=CARTESIAN_POINT('',(0.0583708461903246,0.008,0.005));
#2150=CARTESIAN_POINT('',(0.0523708461903246,0.008,0.005));
#2151=CARTESIAN_POINT('',(0.0543708461903246,0.008,0.005));
#2152=CARTESIAN_POINT('',(0.0543708461903246,0.0015875,0.005));
#2153=CARTESIAN_POINT('',(0.0543708461903246,0.0035875,0.005));
#2154=CARTESIAN_POINT('',(-0.00231457690483767,0.0035875,0.005));
#2155=CARTESIAN_POINT('',(0.0523708461903246,-1.7347234759768E-18,0.005));
#2156=CARTESIAN_POINT('',(0.0523708461903246,0.01,0.003));
#2157=CARTESIAN_POINT('',(0.0523708461903246,0.0035875,0.003));
#2158=CARTESIAN_POINT('',(0.0523708461903246,0.008,0.003));
#2159=CARTESIAN_POINT('',(0.0523708461903246,0.008,0.005));
#2160=CARTESIAN_POINT('',(0.0523708461903246,0.008,0.000429315972371732));
#2161=CARTESIAN_POINT('',(0.0523708461903246,0.,-0.0561579838395119));
#2162=CARTESIAN_POINT('',(0.0523708461903246,0.0035875,0.000879305224310241));
#2163=CARTESIAN_POINT('',(0.0523708461903246,0.0035875,0.005));
#2164=CARTESIAN_POINT('',(0.0603708461903246,1.7347234759768E-18,0.005));
#2165=CARTESIAN_POINT('',(0.0603708461903246,1.7347234759768E-18,0.003));
#2166=CARTESIAN_POINT('',(0.0603708461903246,0.008,0.003));
#2167=CARTESIAN_POINT('',(0.0603708461903246,0.0035875,0.003));
#2168=CARTESIAN_POINT('',(0.0603708461903246,0.0035875,0.005));
#2169=CARTESIAN_POINT('',(0.0603708461903246,0.0035875,0.000879305224310241));
#2170=CARTESIAN_POINT('',(0.0603708461903246,0.,-0.0561579838395119));
#2171=CARTESIAN_POINT('',(0.0603708461903246,0.008,0.000429315972371732));
#2172=CARTESIAN_POINT('',(0.0603708461903246,0.008,0.005));
#2173=CARTESIAN_POINT('',(0.0603708461903246,1.7347234759768E-18,0.005));
#2174=CARTESIAN_POINT('',(0.0603708461903246,1.7347234759768E-18,0.003));
#2175=CARTESIAN_POINT('',(0.0603708461903246,-0.0035875,0.003));
#2176=CARTESIAN_POINT('',(0.0603708461903246,-0.008,0.003));
#2177=CARTESIAN_POINT('',(0.0603708461903246,-0.008,0.005));
#2178=CARTESIAN_POINT('',(0.0603708461903246,-0.008,0.000429315972371732));
#2179=CARTESIAN_POINT('',(0.0603708461903246,0.,-0.0561579838395119));
#2180=CARTESIAN_POINT('',(0.0603708461903246,-0.0035875,0.000879305224310241));
#2181=CARTESIAN_POINT('',(0.0603708461903246,-0.0035875,0.005));
#2182=CARTESIAN_POINT('',(0.0523708461903246,-1.7347234759768E-18,0.005));
#2183=CARTESIAN_POINT('',(0.0523708461903246,-0.0015875,0.003));
#2184=CARTESIAN_POINT('',(0.0523708461903246,-0.008,0.003));
#2185=CARTESIAN_POINT('',(0.0523708461903246,-0.0035875,0.003));
#2186=CARTESIAN_POINT('',(0.0523708461903246,-0.0035875,0.005));
#2187=CARTESIAN_POINT('',(0.0523708461903246,-0.0035875,0.000879305224310241));
#2188=CARTESIAN_POINT('',(0.0523708461903246,0.,-0.0561579838395119));
#2189=CARTESIAN_POINT('',(0.0523708461903246,-0.008,0.000429315972371732));
#2190=CARTESIAN_POINT('',(0.0523708461903246,-0.008,0.005));
#2191=CARTESIAN_POINT('',(-0.00231457690483767,0.,0.005));
#2192=CARTESIAN_POINT('',(0.0523708461903246,-0.0035875,0.005));
#2193=CARTESIAN_POINT('',(0.0583708461903246,-0.0035875,0.005));
#2194=CARTESIAN_POINT('',(0.0543708461903246,-0.0035875,0.005));
#2195=CARTESIAN_POINT('',(0.0543708461903246,-0.01,0.005));
#2196=CARTESIAN_POINT('',(0.0543708461903246,-0.008,0.005));
#2197=CARTESIAN_POINT('',(-0.00231457690483767,-0.008,0.005));
#2198=CARTESIAN_POINT('',(0.0583708461903246,-0.008,0.005));
#2199=CARTESIAN_POINT('',(0.0583708461903246,0.,0.005));
#2200=CARTESIAN_POINT('',(0.25,0.,-0.0561579838395119));
#2201=CARTESIAN_POINT('',(0.0543708461903246,-0.01,0.000110324292153172));
#2202=CARTESIAN_POINT('',(0.0538393337885731,-0.01,0.000110324292153172));
#2203=CARTESIAN_POINT('',(0.0528014776522402,-0.0095586634011379,0.000191070353732552));
#2204=CARTESIAN_POINT('',(0.0523708461903246,-0.00852610042398885,0.000354938799297517));
#2205=CARTESIAN_POINT('',(0.0523708461903246,-0.008,0.00042931597237173));
#2206=CARTESIAN_POINT('',(0.0523708461903246,-0.0035875,0.000879305224310241));
#2207=CARTESIAN_POINT('',(0.0523708461903246,-0.00306002110897966,0.000912482301141821));
#2208=CARTESIAN_POINT('',(0.0519371173334277,-0.0020249280040254,0.000960053877138429));
#2209=CARTESIAN_POINT('',(0.0508993863574068,-0.0015875,0.000969963294531035));
#2210=CARTESIAN_POINT('',(0.0503708461903246,-0.0015875,0.000969963294531035));
#2211=CARTESIAN_POINT('',(0.0503708461903246,0.0015875,0.000969963294531036));
#2212=CARTESIAN_POINT('',(0.050899378968543,0.0015875,0.000969963294531036));
#2213=CARTESIAN_POINT('',(0.0519350831136038,0.00202288702625174,0.000960131603598306));
#2214=CARTESIAN_POINT('',(0.0523708461903246,0.00306002407739311,0.000912482114436186));
#2215=CARTESIAN_POINT('',(0.0523708461903246,0.0035875,0.000879305224310241));
#2216=CARTESIAN_POINT('',(0.0523708461903246,0.008,0.000429315972371732));
#2217=CARTESIAN_POINT('',(0.0523708461903246,0.00852622342788664,0.000354921409685617));
#2218=CARTESIAN_POINT('',(0.0527995973262942,0.00955665175236249,0.000191404605200852));
#2219=CARTESIAN_POINT('',(0.0538392152648959,0.01,0.000110324292153164));
#2220=CARTESIAN_POINT('',(0.0543708461903246,0.01,0.000110324292153164));
#2221=CARTESIAN_POINT('',(0.0583708461903246,0.01,0.000110324292153158));
#2222=CARTESIAN_POINT('',(0.0589023585920762,0.01,0.000110324292153158));
#2223=CARTESIAN_POINT('',(0.059940214728409,0.00955866340113788,0.000191070353732557));
#2224=CARTESIAN_POINT('',(0.0603708461903246,0.00852610042398885,0.000354938799297517));
#2225=CARTESIAN_POINT('',(0.0603708461903246,0.008,0.00042931597237173));
#2226=CARTESIAN_POINT('',(0.0603708461903246,0.0035875,0.000879305224310241));
#2227=CARTESIAN_POINT('',(0.0603708461903246,0.00306002110897966,0.000912482301141821));
#2228=CARTESIAN_POINT('',(0.0608045750472215,0.0020249280040254,0.000960053877138428));
#2229=CARTESIAN_POINT('',(0.0618423060232424,0.0015875,0.000969963294531035));
#2230=CARTESIAN_POINT('',(0.0623708461903246,0.0015875,0.000969963294531035));
#2231=CARTESIAN_POINT('',(0.0623708461903246,-0.0015875,0.000969963294531036));
#2232=CARTESIAN_POINT('',(0.0618423134121062,-0.0015875,0.000969963294531036));
#2233=CARTESIAN_POINT('',(0.0608066092670454,-0.00202288702625174,0.000960131603598306));
#2234=CARTESIAN_POINT('',(0.0603708461903246,-0.00306002407739311,0.000912482114436186));
#2235=CARTESIAN_POINT('',(0.0603708461903246,-0.0035875,0.000879305224310241));
#2236=CARTESIAN_POINT('',(0.0603708461903246,-0.008,0.000429315972371732));
#2237=CARTESIAN_POINT('',(0.0603708461903246,-0.00852622342788664,0.000354921409685617));
#2238=CARTESIAN_POINT('',(0.059942095054355,-0.00955665175236249,0.000191404605200848));
#2239=CARTESIAN_POINT('',(0.0589024771157533,-0.01,0.000110324292153164));
#2240=CARTESIAN_POINT('',(0.0583708461903246,-0.01,0.000110324292153164));
#2241=CARTESIAN_POINT('',(0.25,0.,-0.0561579838395119));
#2242=CARTESIAN_POINT('',(-0.044,-0.008,0.000429315972371732));
#2243=CARTESIAN_POINT('',(-0.044,-0.00852622342788664,0.000354921409685617));
#2244=CARTESIAN_POINT('',(-0.0444287511359696,-0.00955665175236248,0.000191404605200854));
#2245=CARTESIAN_POINT('',(-0.0454683690745713,-0.01,0.000110324292153164));
#2246=CARTESIAN_POINT('',(-0.046,-0.01,0.000110324292153164));
#2247=CARTESIAN_POINT('',(-0.05,-0.01,0.000110324292153179));
#2248=CARTESIAN_POINT('',(-0.0505315124017516,-0.01,0.000110324292153179));
#2249=CARTESIAN_POINT('',(-0.0515693685380844,-0.00955866340113789,0.000191070353732546));
#2250=CARTESIAN_POINT('',(-0.052,-0.00852610042398885,0.000354938799297518));
#2251=CARTESIAN_POINT('',(-0.052,-0.008,0.00042931597237173));
#2252=CARTESIAN_POINT('',(-0.052,-0.0035875,0.000879305224310241));
#2253=CARTESIAN_POINT('',(-0.052,-0.00306002110897966,0.000912482301141821));
#2254=CARTESIAN_POINT('',(-0.0524337288568969,-0.00202492800402541,0.000960053877138428));
#2255=CARTESIAN_POINT('',(-0.0534714598329178,-0.0015875,0.000969963294531035));
#2256=CARTESIAN_POINT('',(-0.054,-0.0015875,0.000969963294531035));
#2257=CARTESIAN_POINT('',(-0.054,0.0015875,0.000969963294531036));
#2258=CARTESIAN_POINT('',(-0.0534714672217816,0.0015875,0.000969963294531036));
#2259=CARTESIAN_POINT('',(-0.0524357630767208,0.00202288702625173,0.000960131603598307));
#2260=CARTESIAN_POINT('',(-0.052,0.00306002407739311,0.000912482114436185));
#2261=CARTESIAN_POINT('',(-0.052,0.0035875,0.00087930522431024));
#2262=CARTESIAN_POINT('',(-0.052,0.008,0.000429315972371732));
#2263=CARTESIAN_POINT('',(-0.052,0.00852622342788664,0.000354921409685617));
#2264=CARTESIAN_POINT('',(-0.0515712488640304,0.0095566517523625,0.000191404605200853));
#2265=CARTESIAN_POINT('',(-0.0505316309254287,0.01,0.000110324292153164));
#2266=CARTESIAN_POINT('',(-0.05,0.01,0.000110324292153164));
#2267=CARTESIAN_POINT('',(-0.046,0.01,0.000110324292153158));
#2268=CARTESIAN_POINT('',(-0.0454684875982485,0.01,0.000110324292153158));
#2269=CARTESIAN_POINT('',(-0.0444306314619156,0.0095586634011379,0.000191070353732556));
#2270=CARTESIAN_POINT('',(-0.044,0.00852610042398885,0.000354938799297517));
#2271=CARTESIAN_POINT('',(-0.044,0.008,0.00042931597237173));
#2272=CARTESIAN_POINT('',(-0.044,0.0035875,0.000879305224310241));
#2273=CARTESIAN_POINT('',(-0.044,0.00306002110897967,0.000912482301141821));
#2274=CARTESIAN_POINT('',(-0.0435662711431031,0.00202492800402539,0.000960053877138429));
#2275=CARTESIAN_POINT('',(-0.0425285401670822,0.0015875,0.000969963294531035));
#2276=CARTESIAN_POINT('',(-0.042,0.0015875,0.000969963294531035));
#2277=CARTESIAN_POINT('',(-0.042,-0.0015875,0.000969963294531036));
#2278=CARTESIAN_POINT('',(-0.0425285327782184,-0.0015875,0.000969963294531036));
#2279=CARTESIAN_POINT('',(-0.0435642369232792,-0.00202288702625175,0.000960131603598306));
#2280=CARTESIAN_POINT('',(-0.044,-0.00306002407739312,0.000912482114436185));
#2281=CARTESIAN_POINT('',(-0.044,-0.0035875,0.00087930522431024));
#2282=CARTESIAN_POINT('',(-0.046,-0.008,0.005));
#2283=CARTESIAN_POINT('',(-0.046,-0.008,0.003));
#2284=CARTESIAN_POINT('',(-0.046,-0.008,0.003));
#2285=CARTESIAN_POINT('',(-0.046,-0.008,0.003));
#2286=CARTESIAN_POINT('',(-0.046,-0.008,0.003));
#2287=CARTESIAN_POINT('',(-0.042,-0.0035875,0.005));
#2288=CARTESIAN_POINT('',(-0.042,-0.0035875,0.003));
#2289=CARTESIAN_POINT('',(-0.046,-6.93889390390723E-19,0.003));
#2290=CARTESIAN_POINT('',(-0.046,-0.0035875,0.003));
#2291=CARTESIAN_POINT('',(-0.048,-0.008,0.003));
#2292=CARTESIAN_POINT('',(-0.05,-0.008,0.003));
#2293=CARTESIAN_POINT('',(-0.05,-0.008,0.005));
#2294=CARTESIAN_POINT('',(-0.05,-0.008,0.003));
#2295=CARTESIAN_POINT('',(-0.046,-0.0035875,0.003));
#2296=CARTESIAN_POINT('',(-0.046,-0.0035875,0.007));
#2297=CARTESIAN_POINT('',(-0.05,-0.008,0.003));
#2298=CARTESIAN_POINT('',(-0.05,-0.008,0.003));
#2299=CARTESIAN_POINT('',(-0.00231457690483767,-0.0035875,0.007));
#2300=CARTESIAN_POINT('',(-0.05,-0.0035875,0.007));
#2301=CARTESIAN_POINT('',(-0.05,-1.65442045810129E-17,0.003));
#2302=CARTESIAN_POINT('',(-0.05,-0.0035875,0.003));
#2303=CARTESIAN_POINT('',(-0.05,-0.0035875,0.003));
#2304=CARTESIAN_POINT('',(-0.054,-0.0035875,0.003));
#2305=CARTESIAN_POINT('',(-0.054,-0.0035875,0.0125));
#2306=CARTESIAN_POINT('',(0.0583708461903246,-0.008,0.005));
#2307=CARTESIAN_POINT('',(0.0583708461903246,-0.008,0.003));
#2308=CARTESIAN_POINT('',(0.0583708461903246,-0.008,0.003));
#2309=CARTESIAN_POINT('',(0.0583708461903246,-0.008,0.003));
#2310=CARTESIAN_POINT('',(0.0583708461903246,-0.008,0.003));
#2311=CARTESIAN_POINT('',(0.0623708461903246,-0.0035875,0.005));
#2312=CARTESIAN_POINT('',(0.0623708461903246,-0.0035875,0.003));
#2313=CARTESIAN_POINT('',(0.0583708461903246,1.7347234759768E-18,0.003));
#2314=CARTESIAN_POINT('',(0.0583708461903246,-0.0035875,0.003));
#2315=CARTESIAN_POINT('',(0.0563708461903246,-0.008,0.003));
#2316=CARTESIAN_POINT('',(0.0543708461903246,-0.008,0.003));
#2317=CARTESIAN_POINT('',(0.0543708461903246,-0.008,0.005));
#2318=CARTESIAN_POINT('',(0.0543708461903246,-0.008,0.003));
#2319=CARTESIAN_POINT('',(0.0583708461903246,-0.0035875,0.003));
#2320=CARTESIAN_POINT('',(0.0583708461903246,-0.0035875,0.007));
#2321=CARTESIAN_POINT('',(0.0543708461903246,-0.008,0.003));
#2322=CARTESIAN_POINT('',(0.0543708461903246,-0.008,0.003));
#2323=CARTESIAN_POINT('',(-0.00231457690483767,-0.0035875,0.007));
#2324=CARTESIAN_POINT('',(0.0543708461903246,-0.0035875,0.007));
#2325=CARTESIAN_POINT('',(0.0543708461903246,0.,0.003));
#2326=CARTESIAN_POINT('',(0.0543708461903246,-0.0035875,0.003));
#2327=CARTESIAN_POINT('',(0.0543708461903246,-0.0035875,0.003));
#2328=CARTESIAN_POINT('',(0.0503708461903246,-0.0035875,0.003));
#2329=CARTESIAN_POINT('',(0.0503708461903246,-0.0035875,0.0125));
#2330=CARTESIAN_POINT('',(0.0543708461903246,0.008,0.005));
#2331=CARTESIAN_POINT('',(0.0543708461903246,0.008,0.003));
#2332=CARTESIAN_POINT('',(0.0543708461903246,0.008,0.003));
#2333=CARTESIAN_POINT('',(0.0543708461903246,0.008,0.003));
#2334=CARTESIAN_POINT('',(0.0543708461903246,0.008,0.003));
#2335=CARTESIAN_POINT('',(0.0503708461903246,0.0035875,0.005));
#2336=CARTESIAN_POINT('',(0.0503708461903246,0.0035875,0.003));
#2337=CARTESIAN_POINT('',(0.0543708461903246,0.,0.003));
#2338=CARTESIAN_POINT('',(0.0543708461903246,0.0035875,0.003));
#2339=CARTESIAN_POINT('',(-0.00231457690483768,0.008,0.003));
#2340=CARTESIAN_POINT('',(0.0583708461903246,0.008,0.003));
#2341=CARTESIAN_POINT('',(0.0583708461903246,0.008,0.005));
#2342=CARTESIAN_POINT('',(0.0583708461903246,0.008,0.003));
#2343=CARTESIAN_POINT('',(0.0543708461903246,0.0035875,0.003));
#2344=CARTESIAN_POINT('',(0.0543708461903246,0.0035875,0.007));
#2345=CARTESIAN_POINT('',(0.0583708461903246,0.008,0.003));
#2346=CARTESIAN_POINT('',(0.0583708461903246,0.008,0.003));
#2347=CARTESIAN_POINT('',(0.0165,0.0035875,0.007));
#2348=CARTESIAN_POINT('',(0.0583708461903246,0.0035875,0.007));
#2349=CARTESIAN_POINT('',(0.0583708461903246,1.7347234759768E-18,0.003));
#2350=CARTESIAN_POINT('',(0.0583708461903246,0.0035875,0.003));
#2351=CARTESIAN_POINT('',(0.0583708461903246,0.0035875,0.003));
#2352=CARTESIAN_POINT('',(0.0623708461903246,0.0035875,0.003));
#2353=CARTESIAN_POINT('',(0.0623708461903246,0.0035875,0.0125));
#2354=CARTESIAN_POINT('',(-0.046,0.008,0.005));
#2355=CARTESIAN_POINT('',(-0.046,0.008,0.003));
#2356=CARTESIAN_POINT('',(-0.046,0.008,0.003));
#2357=CARTESIAN_POINT('',(-0.046,0.008,0.003));
#2358=CARTESIAN_POINT('',(-0.046,0.008,0.003));
#2359=CARTESIAN_POINT('',(-0.05,0.008,0.005));
#2360=CARTESIAN_POINT('',(-0.05,0.008,0.003));
#2361=CARTESIAN_POINT('',(-0.00231457690483768,0.008,0.003));
#2362=CARTESIAN_POINT('',(-0.05,0.008,0.003));
#2363=CARTESIAN_POINT('',(-0.046,-6.93889390390723E-19,0.003));
#2364=CARTESIAN_POINT('',(-0.046,0.0035875,0.003));
#2365=CARTESIAN_POINT('',(-0.042,0.0035875,0.0125));
#2366=CARTESIAN_POINT('',(-0.042,0.0035875,0.003));
#2367=CARTESIAN_POINT('',(-0.05,0.008,0.003));
#2368=CARTESIAN_POINT('',(-0.05,0.008,0.003));
#2369=CARTESIAN_POINT('',(-0.046,0.0035875,0.003));
#2370=CARTESIAN_POINT('',(-0.046,0.0035875,0.007));
#2371=CARTESIAN_POINT('',(-0.05,-1.65442045810129E-17,0.003));
#2372=CARTESIAN_POINT('',(-0.05,0.0035875,0.003));
#2373=CARTESIAN_POINT('',(0.0165,0.0035875,0.007));
#2374=CARTESIAN_POINT('',(-0.05,0.0035875,0.007));
#2375=CARTESIAN_POINT('',(-0.05,0.0035875,0.003));
#2376=CARTESIAN_POINT('',(-0.054,0.0035875,0.003));
#2377=CARTESIAN_POINT('',(-0.054,0.0035875,0.005));
#2378=MECHANICAL_DESIGN_GEOMETRIC_PRESENTATION_REPRESENTATION('',(#1313),
#2379);
#2379=(
GEOMETRIC_REPRESENTATION_CONTEXT(3)
GLOBAL_UNCERTAINTY_ASSIGNED_CONTEXT((#2380))
GLOBAL_UNIT_ASSIGNED_CONTEXT((#2383,#2382,#2381))
REPRESENTATION_CONTEXT('Small Handle','TOP_LEVEL_ASSEMBLY_PART')
);
#2380=UNCERTAINTY_MEASURE_WITH_UNIT(LENGTH_MEASURE(2.E-5),#2383,
'DISTANCE_ACCURACY_VALUE','Maximum Tolerance applied to model');
#2381=(
NAMED_UNIT(*)
SI_UNIT($,.STERADIAN.)
SOLID_ANGLE_UNIT()
);
#2382=(
NAMED_UNIT(*)
PLANE_ANGLE_UNIT()
SI_UNIT($,.RADIAN.)
);
#2383=(
LENGTH_UNIT()
NAMED_UNIT(*)
SI_UNIT($,.METRE.)
);
#2384=PRODUCT_DEFINITION_SHAPE('','',#2385);
#2385=PRODUCT_DEFINITION('','',#2387,#2386);
#2386=PRODUCT_DEFINITION_CONTEXT('',#2393,'design');
#2387=PRODUCT_DEFINITION_FORMATION_WITH_SPECIFIED_SOURCE('','',#2389,
 .NOT_KNOWN.);
#2388=PRODUCT_RELATED_PRODUCT_CATEGORY('','',(#2389));
#2389=PRODUCT('Small Handle','Small Handle','Small Handle',(#2391));
#2390=PRODUCT_CATEGORY('','');
#2391=PRODUCT_CONTEXT('',#2393,'mechanical');
#2392=APPLICATION_PROTOCOL_DEFINITION('international standard',
'ap242_managed_model_based_3d_engineering',2020,#2393);
#2393=APPLICATION_CONTEXT('managed model based 3d engineering');
ENDSEC;
END-ISO-10303-21;
