ISO-10303-21;
HEADER;
/* Generated by software containing ST-Developer
 * from STEP Tools, Inc. (www.steptools.com) 
 */
/* OPTION: using custom renumber hook */

FILE_DESCRIPTION(
/* description */ ('STEP AP242 Edition 2',
'CAx-IF Rec.Pracs.---Representation and Presentation of Product Manufa
cturing Information (PMI)---4.0---2014-10-13',
'CAx-IF Rec.Pracs.---3D Tessellated Geometry---0.4---2014-09-14','2;1',
'CAx-IF Rec.Pracs.---User Defined Attributes---1.5---2016-08-15'),
/* implementation_level */ '2;1');

FILE_NAME(
/* name */ 'Nose V2 - Nose Ring3',
/* time_stamp */ '2026-08-23T20:26:45Z',
/* author */ (''),
/* organization */ (''),
/* preprocessor_version */ 'ST-DEVELOPER v20',
/* originating_system */ 'ONSHAPE BY PTC INC, 1.219',
/* authorisation */ '  ');

FILE_SCHEMA (('AP242_MANAGED_MODEL_BASED_3D_ENGINEERING_MIM_LF { 1 0 10303 442 3 1 4 }'));
ENDSEC;

DATA;
#10=SHAPE_REPRESENTATION_RELATIONSHIP('','',#1282,#11);
#11=ADVANCED_BREP_SHAPE_REPRESENTATION('',(#1280),#2190);
#12=CONICAL_SURFACE('',#1339,0.0595,0.19739555984988);
#13=CONICAL_SURFACE('',#1340,0.0595,0.19739555984988);
#14=CONICAL_SURFACE('',#1342,0.0595,0.19739555984988);
#15=CONICAL_SURFACE('',#1344,0.0595,0.19739555984988);
#16=CONICAL_SURFACE('',#1345,0.0595,0.19739555984988);
#17=CONICAL_SURFACE('',#1346,0.0595,0.19739555984988);
#18=PLANE('',#1308);
#19=PLANE('',#1310);
#20=PLANE('',#1312);
#21=PLANE('',#1314);
#22=PLANE('',#1316);
#23=PLANE('',#1318);
#24=PLANE('',#1332);
#25=PLANE('',#1350);
#26=PLANE('',#1351);
#27=PLANE('',#1352);
#28=PLANE('',#1353);
#29=PLANE('',#1354);
#30=PLANE('',#1355);
#31=PLANE('',#1356);
#32=PLANE('',#1357);
#33=PLANE('',#1358);
#34=PLANE('',#1359);
#35=PLANE('',#1360);
#36=PLANE('',#1361);
#37=PLANE('',#1362);
#38=PLANE('',#1363);
#39=PLANE('',#1364);
#40=PLANE('',#1365);
#41=PLANE('',#1366);
#42=PLANE('',#1367);
#43=PLANE('',#1368);
#44=PLANE('',#1369);
#45=PLANE('',#1370);
#46=PLANE('',#1371);
#47=PLANE('',#1372);
#48=PLANE('',#1373);
#49=PLANE('',#1374);
#50=PLANE('',#1375);
#51=PLANE('',#1376);
#52=PLANE('',#1377);
#53=PLANE('',#1378);
#54=PLANE('',#1379);
#55=PLANE('',#1380);
#56=PLANE('',#1381);
#57=PLANE('',#1382);
#58=PLANE('',#1383);
#59=PLANE('',#1384);
#60=PLANE('',#1385);
#61=PLANE('',#1386);
#62=PLANE('',#1387);
#63=PLANE('',#1388);
#64=PLANE('',#1389);
#65=PLANE('',#1392);
#66=PLANE('',#1395);
#67=PLANE('',#1398);
#68=LINE('',#1767,#188);
#69=LINE('',#1776,#189);
#70=LINE('',#1780,#190);
#71=LINE('',#1788,#191);
#72=LINE('',#1792,#192);
#73=LINE('',#1800,#193);
#74=LINE('',#1828,#194);
#75=LINE('',#1833,#195);
#76=LINE('',#1837,#196);
#77=LINE('',#1841,#197);
#78=LINE('',#1845,#198);
#79=LINE('',#1850,#199);
#80=LINE('',#1854,#200);
#81=LINE('',#1858,#201);
#82=LINE('',#1865,#202);
#83=LINE('',#1866,#203);
#84=LINE('',#1871,#204);
#85=LINE('',#1872,#205);
#86=LINE('',#1877,#206);
#87=LINE('',#1878,#207);
#88=LINE('',#1883,#208);
#89=LINE('',#1884,#209);
#90=LINE('',#1889,#210);
#91=LINE('',#1890,#211);
#92=LINE('',#1892,#212);
#93=LINE('',#1896,#213);
#94=LINE('',#1901,#214);
#95=LINE('',#1902,#215);
#96=LINE('',#1907,#216);
#97=LINE('',#1908,#217);
#98=LINE('',#1913,#218);
#99=LINE('',#1914,#219);
#100=LINE('',#1919,#220);
#101=LINE('',#1920,#221);
#102=LINE('',#1925,#222);
#103=LINE('',#1926,#223);
#104=LINE('',#1928,#224);
#105=LINE('',#1932,#225);
#106=LINE('',#1934,#226);
#107=LINE('',#1935,#227);
#108=LINE('',#1936,#228);
#109=LINE('',#1938,#229);
#110=LINE('',#1940,#230);
#111=LINE('',#1941,#231);
#112=LINE('',#1942,#232);
#113=LINE('',#1943,#233);
#114=LINE('',#1945,#234);
#115=LINE('',#1947,#235);
#116=LINE('',#1948,#236);
#117=LINE('',#1949,#237);
#118=LINE('',#1950,#238);
#119=LINE('',#1952,#239);
#120=LINE('',#1954,#240);
#121=LINE('',#1958,#241);
#122=LINE('',#1960,#242);
#123=LINE('',#1962,#243);
#124=LINE('',#1966,#244);
#125=LINE('',#1968,#245);
#126=LINE('',#1970,#246);
#127=LINE('',#1974,#247);
#128=LINE('',#1976,#248);
#129=LINE('',#1978,#249);
#130=LINE('',#1982,#250);
#131=LINE('',#1984,#251);
#132=LINE('',#1986,#252);
#133=LINE('',#1990,#253);
#134=LINE('',#1992,#254);
#135=LINE('',#1994,#255);
#136=LINE('',#1998,#256);
#137=LINE('',#2000,#257);
#138=LINE('',#2002,#258);
#139=LINE('',#2064,#259);
#140=LINE('',#2066,#260);
#141=LINE('',#2070,#261);
#142=LINE('',#2071,#262);
#143=LINE('',#2075,#263);
#144=LINE('',#2077,#264);
#145=LINE('',#2079,#265);
#146=LINE('',#2080,#266);
#147=LINE('',#2082,#267);
#148=LINE('',#2084,#268);
#149=LINE('',#2085,#269);
#150=LINE('',#2087,#270);
#151=LINE('',#2089,#271);
#152=LINE('',#2091,#272);
#153=LINE('',#2093,#273);
#154=LINE('',#2095,#274);
#155=LINE('',#2097,#275);
#156=LINE('',#2098,#276);
#157=LINE('',#2102,#277);
#158=LINE('',#2104,#278);
#159=LINE('',#2106,#279);
#160=LINE('',#2108,#280);
#161=LINE('',#2109,#281);
#162=LINE('',#2113,#282);
#163=LINE('',#2115,#283);
#164=LINE('',#2117,#284);
#165=LINE('',#2119,#285);
#166=LINE('',#2120,#286);
#167=LINE('',#2124,#287);
#168=LINE('',#2126,#288);
#169=LINE('',#2128,#289);
#170=LINE('',#2130,#290);
#171=LINE('',#2132,#291);
#172=LINE('',#2139,#292);
#173=LINE('',#2141,#293);
#174=LINE('',#2143,#294);
#175=LINE('',#2145,#295);
#176=LINE('',#2147,#296);
#177=LINE('',#2150,#297);
#178=LINE('',#2152,#298);
#179=LINE('',#2154,#299);
#180=LINE('',#2156,#300);
#181=LINE('',#2158,#301);
#182=LINE('',#2163,#302);
#183=LINE('',#2165,#303);
#184=LINE('',#2168,#304);
#185=LINE('',#2170,#305);
#186=LINE('',#2173,#306);
#187=LINE('',#2175,#307);
#188=VECTOR('',#1405,1.);
#189=VECTOR('',#1412,1.);
#190=VECTOR('',#1415,1.);
#191=VECTOR('',#1422,1.);
#192=VECTOR('',#1425,1.);
#193=VECTOR('',#1432,1.);
#194=VECTOR('',#1437,1.);
#195=VECTOR('',#1440,1.);
#196=VECTOR('',#1443,1.);
#197=VECTOR('',#1446,1.);
#198=VECTOR('',#1451,1.);
#199=VECTOR('',#1454,1.);
#200=VECTOR('',#1457,1.);
#201=VECTOR('',#1460,1.);
#202=VECTOR('',#1467,1.);
#203=VECTOR('',#1468,1.);
#204=VECTOR('',#1473,1.);
#205=VECTOR('',#1474,1.);
#206=VECTOR('',#1479,1.);
#207=VECTOR('',#1480,1.);
#208=VECTOR('',#1485,1.);
#209=VECTOR('',#1486,1.);
#210=VECTOR('',#1491,1.);
#211=VECTOR('',#1492,1.);
#212=VECTOR('',#1495,1.);
#213=VECTOR('',#1498,1.);
#214=VECTOR('',#1503,1.);
#215=VECTOR('',#1504,1.);
#216=VECTOR('',#1509,1.);
#217=VECTOR('',#1510,1.);
#218=VECTOR('',#1515,1.);
#219=VECTOR('',#1516,1.);
#220=VECTOR('',#1521,1.);
#221=VECTOR('',#1522,1.);
#222=VECTOR('',#1527,1.);
#223=VECTOR('',#1528,1.);
#224=VECTOR('',#1531,1.);
#225=VECTOR('',#1534,1.);
#226=VECTOR('',#1537,1.);
#227=VECTOR('',#1538,1.);
#228=VECTOR('',#1539,1.);
#229=VECTOR('',#1540,1.);
#230=VECTOR('',#1541,1.);
#231=VECTOR('',#1542,1.);
#232=VECTOR('',#1543,1.);
#233=VECTOR('',#1544,1.);
#234=VECTOR('',#1545,1.);
#235=VECTOR('',#1546,1.);
#236=VECTOR('',#1547,1.);
#237=VECTOR('',#1548,1.);
#238=VECTOR('',#1549,1.);
#239=VECTOR('',#1550,1.);
#240=VECTOR('',#1551,1.);
#241=VECTOR('',#1554,1.);
#242=VECTOR('',#1555,1.);
#243=VECTOR('',#1556,1.);
#244=VECTOR('',#1559,1.);
#245=VECTOR('',#1560,1.);
#246=VECTOR('',#1561,1.);
#247=VECTOR('',#1564,1.);
#248=VECTOR('',#1565,1.);
#249=VECTOR('',#1566,1.);
#250=VECTOR('',#1569,1.);
#251=VECTOR('',#1570,1.);
#252=VECTOR('',#1571,1.);
#253=VECTOR('',#1574,1.);
#254=VECTOR('',#1575,1.);
#255=VECTOR('',#1576,1.);
#256=VECTOR('',#1579,1.);
#257=VECTOR('',#1580,1.);
#258=VECTOR('',#1581,1.);
#259=VECTOR('',#1600,1.);
#260=VECTOR('',#1601,1.);
#261=VECTOR('',#1604,1.);
#262=VECTOR('',#1605,1.);
#263=VECTOR('',#1610,1.);
#264=VECTOR('',#1611,1.);
#265=VECTOR('',#1612,1.);
#266=VECTOR('',#1613,1.);
#267=VECTOR('',#1614,1.);
#268=VECTOR('',#1615,1.);
#269=VECTOR('',#1616,1.);
#270=VECTOR('',#1617,1.);
#271=VECTOR('',#1618,1.);
#272=VECTOR('',#1621,1.);
#273=VECTOR('',#1622,1.);
#274=VECTOR('',#1623,1.);
#275=VECTOR('',#1626,1.);
#276=VECTOR('',#1627,1.);
#277=VECTOR('',#1634,1.);
#278=VECTOR('',#1635,1.);
#279=VECTOR('',#1636,1.);
#280=VECTOR('',#1639,1.);
#281=VECTOR('',#1640,1.);
#282=VECTOR('',#1647,1.);
#283=VECTOR('',#1648,1.);
#284=VECTOR('',#1649,1.);
#285=VECTOR('',#1652,1.);
#286=VECTOR('',#1653,1.);
#287=VECTOR('',#1660,1.);
#288=VECTOR('',#1661,1.);
#289=VECTOR('',#1664,1.);
#290=VECTOR('',#1665,1.);
#291=VECTOR('',#1668,1.);
#292=VECTOR('',#1681,1.);
#293=VECTOR('',#1682,1.);
#294=VECTOR('',#1685,1.);
#295=VECTOR('',#1686,1.);
#296=VECTOR('',#1689,1.);
#297=VECTOR('',#1694,1.);
#298=VECTOR('',#1695,1.);
#299=VECTOR('',#1698,1.);
#300=VECTOR('',#1699,1.);
#301=VECTOR('',#1702,1.);
#302=VECTOR('',#1711,1.);
#303=VECTOR('',#1714,1.);
#304=VECTOR('',#1719,1.);
#305=VECTOR('',#1722,1.);
#306=VECTOR('',#1727,1.);
#307=VECTOR('',#1730,1.);
#308=CIRCLE('',#1285,0.0635);
#309=CIRCLE('',#1286,0.0635);
#310=CIRCLE('',#1287,0.0635);
#311=CIRCLE('',#1288,0.0635);
#312=CIRCLE('',#1289,0.0635000000000105);
#313=CIRCLE('',#1290,0.0635);
#314=CIRCLE('',#1291,0.0635);
#315=CIRCLE('',#1292,0.0635);
#316=CIRCLE('',#1293,0.0635000000000105);
#317=CIRCLE('',#1294,0.0635);
#318=CIRCLE('',#1295,0.0635);
#319=CIRCLE('',#1296,0.0635);
#320=CIRCLE('',#1297,0.0635000000000105);
#321=CIRCLE('',#1299,0.0595);
#322=CIRCLE('',#1300,0.0595);
#323=CIRCLE('',#1301,0.0595);
#324=CIRCLE('',#1302,0.0595);
#325=CIRCLE('',#1304,0.0595);
#326=CIRCLE('',#1305,0.0595);
#327=CIRCLE('',#1306,0.0595);
#328=CIRCLE('',#1307,0.0595);
#329=CIRCLE('',#1309,0.0661);
#330=CIRCLE('',#1311,0.0661);
#331=CIRCLE('',#1313,0.0661);
#332=CIRCLE('',#1315,0.0661);
#333=CIRCLE('',#1317,0.0661);
#334=CIRCLE('',#1319,0.0661);
#335=CIRCLE('',#1321,0.0661);
#336=CIRCLE('',#1323,0.0661);
#337=CIRCLE('',#1325,0.0661);
#338=CIRCLE('',#1327,0.0661);
#339=CIRCLE('',#1329,0.0661);
#340=CIRCLE('',#1331,0.0661);
#341=CIRCLE('',#1333,0.0615);
#342=CIRCLE('',#1334,0.0615);
#343=CIRCLE('',#1335,0.0615);
#344=CIRCLE('',#1336,0.0615);
#345=CIRCLE('',#1337,0.0615);
#346=CIRCLE('',#1338,0.0615);
#347=CIRCLE('',#1341,0.0595);
#348=CIRCLE('',#1343,0.0595);
#349=CIRCLE('',#1348,0.0595);
#350=CIRCLE('',#1349,0.0595);
#351=CIRCLE('',#1391,0.0021);
#352=CIRCLE('',#1394,0.0021);
#353=CIRCLE('',#1397,0.0021);
#354=ORIENTED_EDGE('',*,*,#716,.T.);
#355=ORIENTED_EDGE('',*,*,#717,.T.);
#356=ORIENTED_EDGE('',*,*,#718,.F.);
#357=ORIENTED_EDGE('',*,*,#719,.F.);
#358=ORIENTED_EDGE('',*,*,#720,.F.);
#359=ORIENTED_EDGE('',*,*,#721,.F.);
#360=ORIENTED_EDGE('',*,*,#722,.T.);
#361=ORIENTED_EDGE('',*,*,#723,.F.);
#362=ORIENTED_EDGE('',*,*,#724,.F.);
#363=ORIENTED_EDGE('',*,*,#725,.F.);
#364=ORIENTED_EDGE('',*,*,#726,.F.);
#365=ORIENTED_EDGE('',*,*,#727,.F.);
#366=ORIENTED_EDGE('',*,*,#728,.T.);
#367=ORIENTED_EDGE('',*,*,#729,.F.);
#368=ORIENTED_EDGE('',*,*,#730,.T.);
#369=ORIENTED_EDGE('',*,*,#731,.F.);
#370=ORIENTED_EDGE('',*,*,#732,.F.);
#371=ORIENTED_EDGE('',*,*,#733,.F.);
#372=ORIENTED_EDGE('',*,*,#734,.T.);
#373=ORIENTED_EDGE('',*,*,#735,.F.);
#374=ORIENTED_EDGE('',*,*,#736,.T.);
#375=ORIENTED_EDGE('',*,*,#737,.T.);
#376=ORIENTED_EDGE('',*,*,#738,.F.);
#377=ORIENTED_EDGE('',*,*,#739,.F.);
#378=ORIENTED_EDGE('',*,*,#740,.F.);
#379=ORIENTED_EDGE('',*,*,#741,.T.);
#380=ORIENTED_EDGE('',*,*,#742,.F.);
#381=ORIENTED_EDGE('',*,*,#743,.T.);
#382=ORIENTED_EDGE('',*,*,#744,.F.);
#383=ORIENTED_EDGE('',*,*,#745,.T.);
#384=ORIENTED_EDGE('',*,*,#746,.F.);
#385=ORIENTED_EDGE('',*,*,#747,.F.);
#386=ORIENTED_EDGE('',*,*,#748,.F.);
#387=ORIENTED_EDGE('',*,*,#749,.T.);
#388=ORIENTED_EDGE('',*,*,#750,.F.);
#389=ORIENTED_EDGE('',*,*,#751,.T.);
#390=ORIENTED_EDGE('',*,*,#752,.F.);
#391=ORIENTED_EDGE('',*,*,#753,.T.);
#392=ORIENTED_EDGE('',*,*,#754,.F.);
#393=ORIENTED_EDGE('',*,*,#755,.T.);
#394=ORIENTED_EDGE('',*,*,#733,.T.);
#395=ORIENTED_EDGE('',*,*,#756,.F.);
#396=ORIENTED_EDGE('',*,*,#757,.F.);
#397=ORIENTED_EDGE('',*,*,#758,.T.);
#398=ORIENTED_EDGE('',*,*,#731,.T.);
#399=ORIENTED_EDGE('',*,*,#759,.F.);
#400=ORIENTED_EDGE('',*,*,#760,.F.);
#401=ORIENTED_EDGE('',*,*,#761,.T.);
#402=ORIENTED_EDGE('',*,*,#727,.T.);
#403=ORIENTED_EDGE('',*,*,#762,.F.);
#404=ORIENTED_EDGE('',*,*,#763,.F.);
#405=ORIENTED_EDGE('',*,*,#764,.T.);
#406=ORIENTED_EDGE('',*,*,#725,.T.);
#407=ORIENTED_EDGE('',*,*,#765,.F.);
#408=ORIENTED_EDGE('',*,*,#766,.F.);
#409=ORIENTED_EDGE('',*,*,#767,.T.);
#410=ORIENTED_EDGE('',*,*,#721,.T.);
#411=ORIENTED_EDGE('',*,*,#768,.F.);
#412=ORIENTED_EDGE('',*,*,#769,.F.);
#413=ORIENTED_EDGE('',*,*,#770,.F.);
#414=ORIENTED_EDGE('',*,*,#771,.T.);
#415=ORIENTED_EDGE('',*,*,#719,.T.);
#416=ORIENTED_EDGE('',*,*,#772,.F.);
#417=ORIENTED_EDGE('',*,*,#773,.T.);
#418=ORIENTED_EDGE('',*,*,#754,.T.);
#419=ORIENTED_EDGE('',*,*,#774,.F.);
#420=ORIENTED_EDGE('',*,*,#775,.F.);
#421=ORIENTED_EDGE('',*,*,#776,.T.);
#422=ORIENTED_EDGE('',*,*,#757,.T.);
#423=ORIENTED_EDGE('',*,*,#777,.T.);
#424=ORIENTED_EDGE('',*,*,#778,.F.);
#425=ORIENTED_EDGE('',*,*,#779,.T.);
#426=ORIENTED_EDGE('',*,*,#760,.T.);
#427=ORIENTED_EDGE('',*,*,#780,.F.);
#428=ORIENTED_EDGE('',*,*,#781,.F.);
#429=ORIENTED_EDGE('',*,*,#782,.T.);
#430=ORIENTED_EDGE('',*,*,#763,.T.);
#431=ORIENTED_EDGE('',*,*,#783,.F.);
#432=ORIENTED_EDGE('',*,*,#784,.F.);
#433=ORIENTED_EDGE('',*,*,#785,.T.);
#434=ORIENTED_EDGE('',*,*,#766,.T.);
#435=ORIENTED_EDGE('',*,*,#786,.F.);
#436=ORIENTED_EDGE('',*,*,#787,.F.);
#437=ORIENTED_EDGE('',*,*,#788,.F.);
#438=ORIENTED_EDGE('',*,*,#789,.T.);
#439=ORIENTED_EDGE('',*,*,#770,.T.);
#440=ORIENTED_EDGE('',*,*,#790,.F.);
#441=ORIENTED_EDGE('',*,*,#735,.T.);
#442=ORIENTED_EDGE('',*,*,#791,.T.);
#443=ORIENTED_EDGE('',*,*,#772,.T.);
#444=ORIENTED_EDGE('',*,*,#792,.F.);
#445=ORIENTED_EDGE('',*,*,#793,.F.);
#446=ORIENTED_EDGE('',*,*,#794,.T.);
#447=ORIENTED_EDGE('',*,*,#775,.T.);
#448=ORIENTED_EDGE('',*,*,#795,.T.);
#449=ORIENTED_EDGE('',*,*,#729,.T.);
#450=ORIENTED_EDGE('',*,*,#796,.T.);
#451=ORIENTED_EDGE('',*,*,#778,.T.);
#452=ORIENTED_EDGE('',*,*,#797,.F.);
#453=ORIENTED_EDGE('',*,*,#798,.F.);
#454=ORIENTED_EDGE('',*,*,#799,.T.);
#455=ORIENTED_EDGE('',*,*,#781,.T.);
#456=ORIENTED_EDGE('',*,*,#800,.F.);
#457=ORIENTED_EDGE('',*,*,#723,.T.);
#458=ORIENTED_EDGE('',*,*,#801,.T.);
#459=ORIENTED_EDGE('',*,*,#784,.T.);
#460=ORIENTED_EDGE('',*,*,#802,.F.);
#461=ORIENTED_EDGE('',*,*,#803,.F.);
#462=ORIENTED_EDGE('',*,*,#804,.T.);
#463=ORIENTED_EDGE('',*,*,#788,.T.);
#464=ORIENTED_EDGE('',*,*,#805,.F.);
#465=ORIENTED_EDGE('',*,*,#806,.T.);
#466=ORIENTED_EDGE('',*,*,#807,.T.);
#467=ORIENTED_EDGE('',*,*,#808,.T.);
#468=ORIENTED_EDGE('',*,*,#809,.F.);
#469=ORIENTED_EDGE('',*,*,#810,.T.);
#470=ORIENTED_EDGE('',*,*,#811,.T.);
#471=ORIENTED_EDGE('',*,*,#812,.T.);
#472=ORIENTED_EDGE('',*,*,#813,.F.);
#473=ORIENTED_EDGE('',*,*,#814,.T.);
#474=ORIENTED_EDGE('',*,*,#815,.T.);
#475=ORIENTED_EDGE('',*,*,#816,.T.);
#476=ORIENTED_EDGE('',*,*,#817,.F.);
#477=ORIENTED_EDGE('',*,*,#818,.T.);
#478=ORIENTED_EDGE('',*,*,#819,.T.);
#479=ORIENTED_EDGE('',*,*,#820,.T.);
#480=ORIENTED_EDGE('',*,*,#821,.F.);
#481=ORIENTED_EDGE('',*,*,#822,.T.);
#482=ORIENTED_EDGE('',*,*,#823,.T.);
#483=ORIENTED_EDGE('',*,*,#824,.T.);
#484=ORIENTED_EDGE('',*,*,#825,.F.);
#485=ORIENTED_EDGE('',*,*,#826,.T.);
#486=ORIENTED_EDGE('',*,*,#827,.T.);
#487=ORIENTED_EDGE('',*,*,#828,.T.);
#488=ORIENTED_EDGE('',*,*,#829,.F.);
#489=ORIENTED_EDGE('',*,*,#745,.F.);
#490=ORIENTED_EDGE('',*,*,#830,.F.);
#491=ORIENTED_EDGE('',*,*,#809,.T.);
#492=ORIENTED_EDGE('',*,*,#831,.F.);
#493=ORIENTED_EDGE('',*,*,#805,.T.);
#494=ORIENTED_EDGE('',*,*,#832,.F.);
#495=ORIENTED_EDGE('',*,*,#833,.F.);
#496=ORIENTED_EDGE('',*,*,#834,.F.);
#497=ORIENTED_EDGE('',*,*,#835,.F.);
#498=ORIENTED_EDGE('',*,*,#836,.F.);
#499=ORIENTED_EDGE('',*,*,#825,.T.);
#500=ORIENTED_EDGE('',*,*,#837,.F.);
#501=ORIENTED_EDGE('',*,*,#821,.T.);
#502=ORIENTED_EDGE('',*,*,#838,.F.);
#503=ORIENTED_EDGE('',*,*,#749,.F.);
#504=ORIENTED_EDGE('',*,*,#839,.F.);
#505=ORIENTED_EDGE('',*,*,#753,.F.);
#506=ORIENTED_EDGE('',*,*,#840,.F.);
#507=ORIENTED_EDGE('',*,*,#817,.T.);
#508=ORIENTED_EDGE('',*,*,#841,.F.);
#509=ORIENTED_EDGE('',*,*,#813,.T.);
#510=ORIENTED_EDGE('',*,*,#842,.F.);
#511=ORIENTED_EDGE('',*,*,#741,.F.);
#512=ORIENTED_EDGE('',*,*,#843,.F.);
#513=ORIENTED_EDGE('',*,*,#833,.T.);
#514=ORIENTED_EDGE('',*,*,#844,.F.);
#515=ORIENTED_EDGE('',*,*,#845,.T.);
#516=ORIENTED_EDGE('',*,*,#846,.F.);
#517=ORIENTED_EDGE('',*,*,#835,.T.);
#518=ORIENTED_EDGE('',*,*,#847,.F.);
#519=ORIENTED_EDGE('',*,*,#848,.F.);
#520=ORIENTED_EDGE('',*,*,#717,.F.);
#521=ORIENTED_EDGE('',*,*,#739,.T.);
#522=ORIENTED_EDGE('',*,*,#849,.F.);
#523=ORIENTED_EDGE('',*,*,#850,.F.);
#524=ORIENTED_EDGE('',*,*,#851,.F.);
#525=ORIENTED_EDGE('',*,*,#848,.T.);
#526=ORIENTED_EDGE('',*,*,#852,.F.);
#527=ORIENTED_EDGE('',*,*,#853,.F.);
#528=ORIENTED_EDGE('',*,*,#854,.F.);
#529=ORIENTED_EDGE('',*,*,#747,.T.);
#530=ORIENTED_EDGE('',*,*,#855,.F.);
#531=ORIENTED_EDGE('',*,*,#856,.F.);
#532=ORIENTED_EDGE('',*,*,#857,.F.);
#533=ORIENTED_EDGE('',*,*,#743,.F.);
#534=ORIENTED_EDGE('',*,*,#858,.F.);
#535=ORIENTED_EDGE('',*,*,#859,.F.);
#536=ORIENTED_EDGE('',*,*,#860,.F.);
#537=ORIENTED_EDGE('',*,*,#811,.F.);
#538=ORIENTED_EDGE('',*,*,#861,.F.);
#539=ORIENTED_EDGE('',*,*,#859,.T.);
#540=ORIENTED_EDGE('',*,*,#862,.T.);
#541=ORIENTED_EDGE('',*,*,#742,.T.);
#542=ORIENTED_EDGE('',*,*,#842,.T.);
#543=ORIENTED_EDGE('',*,*,#812,.F.);
#544=ORIENTED_EDGE('',*,*,#862,.F.);
#545=ORIENTED_EDGE('',*,*,#858,.T.);
#546=ORIENTED_EDGE('',*,*,#810,.F.);
#547=ORIENTED_EDGE('',*,*,#830,.T.);
#548=ORIENTED_EDGE('',*,*,#744,.T.);
#549=ORIENTED_EDGE('',*,*,#860,.T.);
#550=ORIENTED_EDGE('',*,*,#861,.T.);
#551=ORIENTED_EDGE('',*,*,#751,.F.);
#552=ORIENTED_EDGE('',*,*,#863,.F.);
#553=ORIENTED_EDGE('',*,*,#864,.F.);
#554=ORIENTED_EDGE('',*,*,#865,.F.);
#555=ORIENTED_EDGE('',*,*,#819,.F.);
#556=ORIENTED_EDGE('',*,*,#866,.F.);
#557=ORIENTED_EDGE('',*,*,#864,.T.);
#558=ORIENTED_EDGE('',*,*,#867,.T.);
#559=ORIENTED_EDGE('',*,*,#750,.T.);
#560=ORIENTED_EDGE('',*,*,#838,.T.);
#561=ORIENTED_EDGE('',*,*,#820,.F.);
#562=ORIENTED_EDGE('',*,*,#867,.F.);
#563=ORIENTED_EDGE('',*,*,#863,.T.);
#564=ORIENTED_EDGE('',*,*,#818,.F.);
#565=ORIENTED_EDGE('',*,*,#840,.T.);
#566=ORIENTED_EDGE('',*,*,#752,.T.);
#567=ORIENTED_EDGE('',*,*,#865,.T.);
#568=ORIENTED_EDGE('',*,*,#866,.T.);
#569=ORIENTED_EDGE('',*,*,#845,.F.);
#570=ORIENTED_EDGE('',*,*,#868,.F.);
#571=ORIENTED_EDGE('',*,*,#869,.F.);
#572=ORIENTED_EDGE('',*,*,#870,.F.);
#573=ORIENTED_EDGE('',*,*,#827,.F.);
#574=ORIENTED_EDGE('',*,*,#871,.F.);
#575=ORIENTED_EDGE('',*,*,#869,.T.);
#576=ORIENTED_EDGE('',*,*,#872,.T.);
#577=ORIENTED_EDGE('',*,*,#844,.T.);
#578=ORIENTED_EDGE('',*,*,#832,.T.);
#579=ORIENTED_EDGE('',*,*,#828,.F.);
#580=ORIENTED_EDGE('',*,*,#872,.F.);
#581=ORIENTED_EDGE('',*,*,#868,.T.);
#582=ORIENTED_EDGE('',*,*,#826,.F.);
#583=ORIENTED_EDGE('',*,*,#836,.T.);
#584=ORIENTED_EDGE('',*,*,#846,.T.);
#585=ORIENTED_EDGE('',*,*,#870,.T.);
#586=ORIENTED_EDGE('',*,*,#871,.T.);
#587=ORIENTED_EDGE('',*,*,#774,.T.);
#588=ORIENTED_EDGE('',*,*,#756,.T.);
#589=ORIENTED_EDGE('',*,*,#873,.T.);
#590=ORIENTED_EDGE('',*,*,#874,.T.);
#591=ORIENTED_EDGE('',*,*,#792,.T.);
#592=ORIENTED_EDGE('',*,*,#793,.T.);
#593=ORIENTED_EDGE('',*,*,#874,.F.);
#594=ORIENTED_EDGE('',*,*,#875,.T.);
#595=ORIENTED_EDGE('',*,*,#876,.T.);
#596=ORIENTED_EDGE('',*,*,#794,.F.);
#597=ORIENTED_EDGE('',*,*,#876,.F.);
#598=ORIENTED_EDGE('',*,*,#877,.F.);
#599=ORIENTED_EDGE('',*,*,#758,.F.);
#600=ORIENTED_EDGE('',*,*,#776,.F.);
#601=ORIENTED_EDGE('',*,*,#732,.T.);
#602=ORIENTED_EDGE('',*,*,#877,.T.);
#603=ORIENTED_EDGE('',*,*,#875,.F.);
#604=ORIENTED_EDGE('',*,*,#873,.F.);
#605=ORIENTED_EDGE('',*,*,#730,.F.);
#606=ORIENTED_EDGE('',*,*,#795,.F.);
#607=ORIENTED_EDGE('',*,*,#777,.F.);
#608=ORIENTED_EDGE('',*,*,#759,.T.);
#609=ORIENTED_EDGE('',*,*,#728,.F.);
#610=ORIENTED_EDGE('',*,*,#761,.F.);
#611=ORIENTED_EDGE('',*,*,#779,.F.);
#612=ORIENTED_EDGE('',*,*,#796,.F.);
#613=ORIENTED_EDGE('',*,*,#765,.T.);
#614=ORIENTED_EDGE('',*,*,#724,.T.);
#615=ORIENTED_EDGE('',*,*,#800,.T.);
#616=ORIENTED_EDGE('',*,*,#783,.T.);
#617=ORIENTED_EDGE('',*,*,#722,.F.);
#618=ORIENTED_EDGE('',*,*,#767,.F.);
#619=ORIENTED_EDGE('',*,*,#785,.F.);
#620=ORIENTED_EDGE('',*,*,#801,.F.);
#621=ORIENTED_EDGE('',*,*,#786,.T.);
#622=ORIENTED_EDGE('',*,*,#768,.T.);
#623=ORIENTED_EDGE('',*,*,#878,.T.);
#624=ORIENTED_EDGE('',*,*,#879,.T.);
#625=ORIENTED_EDGE('',*,*,#802,.T.);
#626=ORIENTED_EDGE('',*,*,#803,.T.);
#627=ORIENTED_EDGE('',*,*,#879,.F.);
#628=ORIENTED_EDGE('',*,*,#880,.T.);
#629=ORIENTED_EDGE('',*,*,#881,.T.);
#630=ORIENTED_EDGE('',*,*,#804,.F.);
#631=ORIENTED_EDGE('',*,*,#881,.F.);
#632=ORIENTED_EDGE('',*,*,#882,.F.);
#633=ORIENTED_EDGE('',*,*,#771,.F.);
#634=ORIENTED_EDGE('',*,*,#789,.F.);
#635=ORIENTED_EDGE('',*,*,#720,.T.);
#636=ORIENTED_EDGE('',*,*,#882,.T.);
#637=ORIENTED_EDGE('',*,*,#880,.F.);
#638=ORIENTED_EDGE('',*,*,#878,.F.);
#639=ORIENTED_EDGE('',*,*,#780,.T.);
#640=ORIENTED_EDGE('',*,*,#762,.T.);
#641=ORIENTED_EDGE('',*,*,#883,.T.);
#642=ORIENTED_EDGE('',*,*,#884,.T.);
#643=ORIENTED_EDGE('',*,*,#797,.T.);
#644=ORIENTED_EDGE('',*,*,#799,.F.);
#645=ORIENTED_EDGE('',*,*,#885,.F.);
#646=ORIENTED_EDGE('',*,*,#886,.F.);
#647=ORIENTED_EDGE('',*,*,#764,.F.);
#648=ORIENTED_EDGE('',*,*,#782,.F.);
#649=ORIENTED_EDGE('',*,*,#798,.T.);
#650=ORIENTED_EDGE('',*,*,#884,.F.);
#651=ORIENTED_EDGE('',*,*,#887,.T.);
#652=ORIENTED_EDGE('',*,*,#885,.T.);
#653=ORIENTED_EDGE('',*,*,#726,.T.);
#654=ORIENTED_EDGE('',*,*,#886,.T.);
#655=ORIENTED_EDGE('',*,*,#887,.F.);
#656=ORIENTED_EDGE('',*,*,#883,.F.);
#657=ORIENTED_EDGE('',*,*,#769,.T.);
#658=ORIENTED_EDGE('',*,*,#718,.T.);
#659=ORIENTED_EDGE('',*,*,#790,.T.);
#660=ORIENTED_EDGE('',*,*,#787,.T.);
#661=ORIENTED_EDGE('',*,*,#734,.F.);
#662=ORIENTED_EDGE('',*,*,#755,.F.);
#663=ORIENTED_EDGE('',*,*,#773,.F.);
#664=ORIENTED_EDGE('',*,*,#791,.F.);
#665=ORIENTED_EDGE('',*,*,#738,.T.);
#666=ORIENTED_EDGE('',*,*,#829,.T.);
#667=ORIENTED_EDGE('',*,*,#808,.F.);
#668=ORIENTED_EDGE('',*,*,#888,.F.);
#669=ORIENTED_EDGE('',*,*,#849,.T.);
#670=ORIENTED_EDGE('',*,*,#806,.F.);
#671=ORIENTED_EDGE('',*,*,#831,.T.);
#672=ORIENTED_EDGE('',*,*,#843,.T.);
#673=ORIENTED_EDGE('',*,*,#851,.T.);
#674=ORIENTED_EDGE('',*,*,#889,.T.);
#675=ORIENTED_EDGE('',*,*,#807,.F.);
#676=ORIENTED_EDGE('',*,*,#889,.F.);
#677=ORIENTED_EDGE('',*,*,#850,.T.);
#678=ORIENTED_EDGE('',*,*,#888,.T.);
#679=ORIENTED_EDGE('',*,*,#847,.T.);
#680=ORIENTED_EDGE('',*,*,#834,.T.);
#681=ORIENTED_EDGE('',*,*,#824,.F.);
#682=ORIENTED_EDGE('',*,*,#890,.F.);
#683=ORIENTED_EDGE('',*,*,#852,.T.);
#684=ORIENTED_EDGE('',*,*,#822,.F.);
#685=ORIENTED_EDGE('',*,*,#837,.T.);
#686=ORIENTED_EDGE('',*,*,#748,.T.);
#687=ORIENTED_EDGE('',*,*,#854,.T.);
#688=ORIENTED_EDGE('',*,*,#891,.T.);
#689=ORIENTED_EDGE('',*,*,#823,.F.);
#690=ORIENTED_EDGE('',*,*,#891,.F.);
#691=ORIENTED_EDGE('',*,*,#853,.T.);
#692=ORIENTED_EDGE('',*,*,#890,.T.);
#693=ORIENTED_EDGE('',*,*,#746,.T.);
#694=ORIENTED_EDGE('',*,*,#839,.T.);
#695=ORIENTED_EDGE('',*,*,#816,.F.);
#696=ORIENTED_EDGE('',*,*,#892,.F.);
#697=ORIENTED_EDGE('',*,*,#855,.T.);
#698=ORIENTED_EDGE('',*,*,#814,.F.);
#699=ORIENTED_EDGE('',*,*,#841,.T.);
#700=ORIENTED_EDGE('',*,*,#740,.T.);
#701=ORIENTED_EDGE('',*,*,#857,.T.);
#702=ORIENTED_EDGE('',*,*,#893,.T.);
#703=ORIENTED_EDGE('',*,*,#815,.F.);
#704=ORIENTED_EDGE('',*,*,#893,.F.);
#705=ORIENTED_EDGE('',*,*,#856,.T.);
#706=ORIENTED_EDGE('',*,*,#892,.T.);
#707=ORIENTED_EDGE('',*,*,#736,.F.);
#708=ORIENTED_EDGE('',*,*,#894,.F.);
#709=ORIENTED_EDGE('',*,*,#894,.T.);
#710=ORIENTED_EDGE('',*,*,#716,.F.);
#711=ORIENTED_EDGE('',*,*,#895,.F.);
#712=ORIENTED_EDGE('',*,*,#895,.T.);
#713=ORIENTED_EDGE('',*,*,#737,.F.);
#714=ORIENTED_EDGE('',*,*,#896,.F.);
#715=ORIENTED_EDGE('',*,*,#896,.T.);
#716=EDGE_CURVE('',#897,#897,#1018,.T.);
#717=EDGE_CURVE('',#898,#898,#308,.T.);
#718=EDGE_CURVE('',#899,#900,#68,.T.);
#719=EDGE_CURVE('',#901,#899,#309,.T.);
#720=EDGE_CURVE('',#902,#901,#310,.T.);
#721=EDGE_CURVE('',#903,#902,#311,.T.);
#722=EDGE_CURVE('',#903,#904,#69,.T.);
#723=EDGE_CURVE('',#905,#904,#312,.T.);
#724=EDGE_CURVE('',#906,#905,#70,.T.);
#725=EDGE_CURVE('',#907,#906,#313,.T.);
#726=EDGE_CURVE('',#908,#907,#314,.T.);
#727=EDGE_CURVE('',#909,#908,#315,.T.);
#728=EDGE_CURVE('',#909,#910,#71,.T.);
#729=EDGE_CURVE('',#911,#910,#316,.T.);
#730=EDGE_CURVE('',#911,#912,#72,.F.);
#731=EDGE_CURVE('',#913,#912,#317,.T.);
#732=EDGE_CURVE('',#914,#913,#318,.T.);
#733=EDGE_CURVE('',#915,#914,#319,.T.);
#734=EDGE_CURVE('',#915,#916,#73,.T.);
#735=EDGE_CURVE('',#900,#916,#320,.T.);
#736=EDGE_CURVE('',#917,#917,#1019,.T.);
#737=EDGE_CURVE('',#918,#918,#1020,.T.);
#738=EDGE_CURVE('',#919,#920,#74,.T.);
#739=EDGE_CURVE('',#921,#919,#321,.T.);
#740=EDGE_CURVE('',#922,#921,#75,.F.);
#741=EDGE_CURVE('',#922,#923,#322,.T.);
#742=EDGE_CURVE('',#924,#923,#76,.T.);
#743=EDGE_CURVE('',#924,#925,#323,.T.);
#744=EDGE_CURVE('',#926,#925,#77,.F.);
#745=EDGE_CURVE('',#926,#920,#324,.T.);
#746=EDGE_CURVE('',#927,#928,#78,.T.);
#747=EDGE_CURVE('',#929,#927,#325,.T.);
#748=EDGE_CURVE('',#930,#929,#79,.F.);
#749=EDGE_CURVE('',#930,#931,#326,.T.);
#750=EDGE_CURVE('',#932,#931,#80,.T.);
#751=EDGE_CURVE('',#932,#933,#327,.T.);
#752=EDGE_CURVE('',#934,#933,#81,.F.);
#753=EDGE_CURVE('',#934,#928,#328,.T.);
#754=EDGE_CURVE('',#935,#936,#329,.T.);
#755=EDGE_CURVE('',#935,#915,#82,.T.);
#756=EDGE_CURVE('',#936,#914,#83,.T.);
#757=EDGE_CURVE('',#937,#938,#330,.T.);
#758=EDGE_CURVE('',#937,#913,#84,.T.);
#759=EDGE_CURVE('',#938,#912,#85,.T.);
#760=EDGE_CURVE('',#939,#940,#331,.T.);
#761=EDGE_CURVE('',#939,#909,#86,.T.);
#762=EDGE_CURVE('',#940,#908,#87,.T.);
#763=EDGE_CURVE('',#941,#942,#332,.T.);
#764=EDGE_CURVE('',#941,#907,#88,.T.);
#765=EDGE_CURVE('',#942,#906,#89,.T.);
#766=EDGE_CURVE('',#943,#944,#333,.T.);
#767=EDGE_CURVE('',#943,#903,#90,.T.);
#768=EDGE_CURVE('',#944,#902,#91,.T.);
#769=EDGE_CURVE('',#945,#899,#92,.T.);
#770=EDGE_CURVE('',#946,#945,#334,.T.);
#771=EDGE_CURVE('',#946,#901,#93,.T.);
#772=EDGE_CURVE('',#947,#948,#335,.T.);
#773=EDGE_CURVE('',#947,#935,#94,.F.);
#774=EDGE_CURVE('',#948,#936,#95,.F.);
#775=EDGE_CURVE('',#949,#950,#336,.T.);
#776=EDGE_CURVE('',#949,#937,#96,.F.);
#777=EDGE_CURVE('',#938,#950,#97,.T.);
#778=EDGE_CURVE('',#951,#952,#337,.T.);
#779=EDGE_CURVE('',#951,#939,#98,.F.);
#780=EDGE_CURVE('',#952,#940,#99,.F.);
#781=EDGE_CURVE('',#953,#954,#338,.T.);
#782=EDGE_CURVE('',#953,#941,#100,.F.);
#783=EDGE_CURVE('',#954,#942,#101,.F.);
#784=EDGE_CURVE('',#955,#956,#339,.T.);
#785=EDGE_CURVE('',#955,#943,#102,.F.);
#786=EDGE_CURVE('',#956,#944,#103,.F.);
#787=EDGE_CURVE('',#957,#945,#104,.F.);
#788=EDGE_CURVE('',#958,#957,#340,.T.);
#789=EDGE_CURVE('',#958,#946,#105,.F.);
#790=EDGE_CURVE('',#900,#957,#106,.T.);
#791=EDGE_CURVE('',#916,#947,#107,.T.);
#792=EDGE_CURVE('',#959,#948,#108,.T.);
#793=EDGE_CURVE('',#960,#959,#109,.T.);
#794=EDGE_CURVE('',#960,#949,#110,.T.);
#795=EDGE_CURVE('',#950,#911,#111,.T.);
#796=EDGE_CURVE('',#910,#951,#112,.T.);
#797=EDGE_CURVE('',#961,#952,#113,.T.);
#798=EDGE_CURVE('',#962,#961,#114,.T.);
#799=EDGE_CURVE('',#962,#953,#115,.T.);
#800=EDGE_CURVE('',#905,#954,#116,.T.);
#801=EDGE_CURVE('',#904,#955,#117,.T.);
#802=EDGE_CURVE('',#963,#956,#118,.T.);
#803=EDGE_CURVE('',#964,#963,#119,.T.);
#804=EDGE_CURVE('',#964,#958,#120,.T.);
#805=EDGE_CURVE('',#965,#966,#341,.T.);
#806=EDGE_CURVE('',#965,#967,#121,.T.);
#807=EDGE_CURVE('',#967,#968,#122,.T.);
#808=EDGE_CURVE('',#968,#969,#123,.T.);
#809=EDGE_CURVE('',#970,#969,#342,.T.);
#810=EDGE_CURVE('',#970,#971,#124,.T.);
#811=EDGE_CURVE('',#971,#972,#125,.T.);
#812=EDGE_CURVE('',#972,#973,#126,.T.);
#813=EDGE_CURVE('',#974,#973,#343,.T.);
#814=EDGE_CURVE('',#974,#975,#127,.T.);
#815=EDGE_CURVE('',#975,#976,#128,.T.);
#816=EDGE_CURVE('',#976,#977,#129,.T.);
#817=EDGE_CURVE('',#978,#977,#344,.T.);
#818=EDGE_CURVE('',#978,#979,#130,.T.);
#819=EDGE_CURVE('',#979,#980,#131,.T.);
#820=EDGE_CURVE('',#980,#981,#132,.T.);
#821=EDGE_CURVE('',#982,#981,#345,.T.);
#822=EDGE_CURVE('',#982,#983,#133,.T.);
#823=EDGE_CURVE('',#983,#984,#134,.T.);
#824=EDGE_CURVE('',#984,#985,#135,.T.);
#825=EDGE_CURVE('',#986,#985,#346,.T.);
#826=EDGE_CURVE('',#986,#987,#136,.T.);
#827=EDGE_CURVE('',#987,#988,#137,.T.);
#828=EDGE_CURVE('',#988,#966,#138,.T.);
#829=EDGE_CURVE('',#920,#969,#1021,.T.);
#830=EDGE_CURVE('',#970,#926,#1022,.T.);
#831=EDGE_CURVE('',#965,#989,#1023,.T.);
#832=EDGE_CURVE('',#990,#966,#1024,.T.);
#833=EDGE_CURVE('',#989,#990,#347,.T.);
#834=EDGE_CURVE('',#991,#985,#1025,.T.);
#835=EDGE_CURVE('',#992,#991,#348,.T.);
#836=EDGE_CURVE('',#986,#992,#1026,.T.);
#837=EDGE_CURVE('',#982,#930,#1027,.T.);
#838=EDGE_CURVE('',#931,#981,#1028,.T.);
#839=EDGE_CURVE('',#928,#977,#1029,.T.);
#840=EDGE_CURVE('',#978,#934,#1030,.T.);
#841=EDGE_CURVE('',#974,#922,#1031,.T.);
#842=EDGE_CURVE('',#923,#973,#1032,.T.);
#843=EDGE_CURVE('',#989,#993,#139,.F.);
#844=EDGE_CURVE('',#994,#990,#140,.T.);
#845=EDGE_CURVE('',#994,#995,#349,.T.);
#846=EDGE_CURVE('',#992,#995,#141,.F.);
#847=EDGE_CURVE('',#996,#991,#142,.T.);
#848=EDGE_CURVE('',#993,#996,#350,.T.);
#849=EDGE_CURVE('',#997,#919,#143,.T.);
#850=EDGE_CURVE('',#998,#997,#144,.T.);
#851=EDGE_CURVE('',#993,#998,#145,.T.);
#852=EDGE_CURVE('',#999,#996,#146,.T.);
#853=EDGE_CURVE('',#1000,#999,#147,.T.);
#854=EDGE_CURVE('',#929,#1000,#148,.T.);
#855=EDGE_CURVE('',#1001,#927,#149,.T.);
#856=EDGE_CURVE('',#1002,#1001,#150,.T.);
#857=EDGE_CURVE('',#921,#1002,#151,.T.);
#858=EDGE_CURVE('',#1003,#924,#152,.T.);
#859=EDGE_CURVE('',#1004,#1003,#153,.T.);
#860=EDGE_CURVE('',#925,#1004,#154,.T.);
#861=EDGE_CURVE('',#1004,#971,#155,.T.);
#862=EDGE_CURVE('',#1003,#972,#156,.T.);
#863=EDGE_CURVE('',#1005,#932,#157,.T.);
#864=EDGE_CURVE('',#1006,#1005,#158,.T.);
#865=EDGE_CURVE('',#933,#1006,#159,.T.);
#866=EDGE_CURVE('',#1006,#979,#160,.T.);
#867=EDGE_CURVE('',#1005,#980,#161,.T.);
#868=EDGE_CURVE('',#1007,#994,#162,.T.);
#869=EDGE_CURVE('',#1008,#1007,#163,.T.);
#870=EDGE_CURVE('',#995,#1008,#164,.T.);
#871=EDGE_CURVE('',#1008,#987,#165,.T.);
#872=EDGE_CURVE('',#1007,#988,#166,.T.);
#873=EDGE_CURVE('',#914,#1009,#167,.T.);
#874=EDGE_CURVE('',#1009,#959,#168,.T.);
#875=EDGE_CURVE('',#1009,#1010,#169,.T.);
#876=EDGE_CURVE('',#1010,#960,#170,.T.);
#877=EDGE_CURVE('',#913,#1010,#171,.T.);
#878=EDGE_CURVE('',#902,#1011,#172,.T.);
#879=EDGE_CURVE('',#1011,#963,#173,.T.);
#880=EDGE_CURVE('',#1011,#1012,#174,.T.);
#881=EDGE_CURVE('',#1012,#964,#175,.T.);
#882=EDGE_CURVE('',#901,#1012,#176,.T.);
#883=EDGE_CURVE('',#908,#1013,#177,.T.);
#884=EDGE_CURVE('',#1013,#961,#178,.T.);
#885=EDGE_CURVE('',#1014,#962,#179,.T.);
#886=EDGE_CURVE('',#907,#1014,#180,.T.);
#887=EDGE_CURVE('',#1013,#1014,#181,.T.);
#888=EDGE_CURVE('',#997,#968,#182,.T.);
#889=EDGE_CURVE('',#998,#967,#183,.T.);
#890=EDGE_CURVE('',#999,#984,#184,.T.);
#891=EDGE_CURVE('',#1000,#983,#185,.T.);
#892=EDGE_CURVE('',#1001,#976,#186,.T.);
#893=EDGE_CURVE('',#1002,#975,#187,.T.);
#894=EDGE_CURVE('',#1015,#1015,#351,.T.);
#895=EDGE_CURVE('',#1016,#1016,#352,.T.);
#896=EDGE_CURVE('',#1017,#1017,#353,.T.);
#897=VERTEX_POINT('',#1764);
#898=VERTEX_POINT('',#1766);
#899=VERTEX_POINT('',#1768);
#900=VERTEX_POINT('',#1769);
#901=VERTEX_POINT('',#1771);
#902=VERTEX_POINT('',#1773);
#903=VERTEX_POINT('',#1775);
#904=VERTEX_POINT('',#1777);
#905=VERTEX_POINT('',#1779);
#906=VERTEX_POINT('',#1781);
#907=VERTEX_POINT('',#1783);
#908=VERTEX_POINT('',#1785);
#909=VERTEX_POINT('',#1787);
#910=VERTEX_POINT('',#1789);
#911=VERTEX_POINT('',#1791);
#912=VERTEX_POINT('',#1793);
#913=VERTEX_POINT('',#1795);
#914=VERTEX_POINT('',#1797);
#915=VERTEX_POINT('',#1799);
#916=VERTEX_POINT('',#1801);
#917=VERTEX_POINT('',#1814);
#918=VERTEX_POINT('',#1826);
#919=VERTEX_POINT('',#1829);
#920=VERTEX_POINT('',#1830);
#921=VERTEX_POINT('',#1832);
#922=VERTEX_POINT('',#1834);
#923=VERTEX_POINT('',#1836);
#924=VERTEX_POINT('',#1838);
#925=VERTEX_POINT('',#1840);
#926=VERTEX_POINT('',#1842);
#927=VERTEX_POINT('',#1846);
#928=VERTEX_POINT('',#1847);
#929=VERTEX_POINT('',#1849);
#930=VERTEX_POINT('',#1851);
#931=VERTEX_POINT('',#1853);
#932=VERTEX_POINT('',#1855);
#933=VERTEX_POINT('',#1857);
#934=VERTEX_POINT('',#1859);
#935=VERTEX_POINT('',#1863);
#936=VERTEX_POINT('',#1864);
#937=VERTEX_POINT('',#1869);
#938=VERTEX_POINT('',#1870);
#939=VERTEX_POINT('',#1875);
#940=VERTEX_POINT('',#1876);
#941=VERTEX_POINT('',#1881);
#942=VERTEX_POINT('',#1882);
#943=VERTEX_POINT('',#1887);
#944=VERTEX_POINT('',#1888);
#945=VERTEX_POINT('',#1893);
#946=VERTEX_POINT('',#1895);
#947=VERTEX_POINT('',#1899);
#948=VERTEX_POINT('',#1900);
#949=VERTEX_POINT('',#1905);
#950=VERTEX_POINT('',#1906);
#951=VERTEX_POINT('',#1911);
#952=VERTEX_POINT('',#1912);
#953=VERTEX_POINT('',#1917);
#954=VERTEX_POINT('',#1918);
#955=VERTEX_POINT('',#1923);
#956=VERTEX_POINT('',#1924);
#957=VERTEX_POINT('',#1929);
#958=VERTEX_POINT('',#1931);
#959=VERTEX_POINT('',#1937);
#960=VERTEX_POINT('',#1939);
#961=VERTEX_POINT('',#1944);
#962=VERTEX_POINT('',#1946);
#963=VERTEX_POINT('',#1951);
#964=VERTEX_POINT('',#1953);
#965=VERTEX_POINT('',#1956);
#966=VERTEX_POINT('',#1957);
#967=VERTEX_POINT('',#1959);
#968=VERTEX_POINT('',#1961);
#969=VERTEX_POINT('',#1963);
#970=VERTEX_POINT('',#1965);
#971=VERTEX_POINT('',#1967);
#972=VERTEX_POINT('',#1969);
#973=VERTEX_POINT('',#1971);
#974=VERTEX_POINT('',#1973);
#975=VERTEX_POINT('',#1975);
#976=VERTEX_POINT('',#1977);
#977=VERTEX_POINT('',#1979);
#978=VERTEX_POINT('',#1981);
#979=VERTEX_POINT('',#1983);
#980=VERTEX_POINT('',#1985);
#981=VERTEX_POINT('',#1987);
#982=VERTEX_POINT('',#1989);
#983=VERTEX_POINT('',#1991);
#984=VERTEX_POINT('',#1993);
#985=VERTEX_POINT('',#1995);
#986=VERTEX_POINT('',#1997);
#987=VERTEX_POINT('',#1999);
#988=VERTEX_POINT('',#2001);
#989=VERTEX_POINT('',#2017);
#990=VERTEX_POINT('',#2022);
#991=VERTEX_POINT('',#2029);
#992=VERTEX_POINT('',#2031);
#993=VERTEX_POINT('',#2065);
#994=VERTEX_POINT('',#2067);
#995=VERTEX_POINT('',#2069);
#996=VERTEX_POINT('',#2072);
#997=VERTEX_POINT('',#2076);
#998=VERTEX_POINT('',#2078);
#999=VERTEX_POINT('',#2081);
#1000=VERTEX_POINT('',#2083);
#1001=VERTEX_POINT('',#2086);
#1002=VERTEX_POINT('',#2088);
#1003=VERTEX_POINT('',#2092);
#1004=VERTEX_POINT('',#2094);
#1005=VERTEX_POINT('',#2103);
#1006=VERTEX_POINT('',#2105);
#1007=VERTEX_POINT('',#2114);
#1008=VERTEX_POINT('',#2116);
#1009=VERTEX_POINT('',#2125);
#1010=VERTEX_POINT('',#2129);
#1011=VERTEX_POINT('',#2140);
#1012=VERTEX_POINT('',#2144);
#1013=VERTEX_POINT('',#2151);
#1014=VERTEX_POINT('',#2155);
#1015=VERTEX_POINT('',#2179);
#1016=VERTEX_POINT('',#2183);
#1017=VERTEX_POINT('',#2187);
#1018=B_SPLINE_CURVE_WITH_KNOTS('',3,(#1753,#1754,#1755,#1756,#1757,#1758,
#1759,#1760,#1761,#1762,#1763),.UNSPECIFIED.,.T.,.F.,(1,1,1,1,1,1,1,1,1,
1,1,1,1,1,1),(-0.00492394720120183,-0.00328263146746788,-0.00164131573373394,
6.93889390390723E-18,0.00164131573373395,0.0032826314674679,0.00492394720120184,
0.00656526293493579,0.00820657866866973,0.00984789440240368,0.0114892101361376,
0.0131305258698716,0.0147718416036055,0.0164131573373395,0.0180544730710734),
 .UNSPECIFIED.);
#1019=B_SPLINE_CURVE_WITH_KNOTS('',3,(#1803,#1804,#1805,#1806,#1807,#1808,
#1809,#1810,#1811,#1812,#1813),.UNSPECIFIED.,.T.,.F.,(1,1,1,1,1,1,1,1,1,
1,1,1,1,1,1),(-0.00492394720120197,-0.00328263146746798,-0.00164131573373399,
0.,0.00164131573373399,0.00328263146746798,0.00492394720120197,0.00656526293493596,
0.00820657866866995,0.00984789440240394,0.0114892101361379,0.0131305258698719,
0.0147718416036059,0.0164131573373399,0.0180544730710739),.UNSPECIFIED.);
#1020=B_SPLINE_CURVE_WITH_KNOTS('',3,(#1815,#1816,#1817,#1818,#1819,#1820,
#1821,#1822,#1823,#1824,#1825),.UNSPECIFIED.,.T.,.F.,(1,1,1,1,1,1,1,1,1,
1,1,1,1,1,1),(-0.00492394720120184,-0.00328263146746789,-0.00164131573373395,
0.,0.00164131573373395,0.00328263146746789,0.00492394720120184,0.00656526293493579,
0.00820657866866973,0.00984789440240368,0.0114892101361376,0.0131305258698716,
0.0147718416036055,0.0164131573373395,0.0180544730710734),.UNSPECIFIED.);
#1021=B_SPLINE_CURVE_WITH_KNOTS('',3,(#2004,#2005,#2006,#2007),
 .UNSPECIFIED.,.F.,.F.,(4,4),(2.05527410527169E-7,0.0102730869040538),
 .UNSPECIFIED.);
#1022=B_SPLINE_CURVE_WITH_KNOTS('',3,(#2008,#2009,#2010,#2011),
 .UNSPECIFIED.,.F.,.F.,(4,4),(2.06930540527879E-7,0.010355817209347),
 .UNSPECIFIED.);
#1023=B_SPLINE_CURVE_WITH_KNOTS('',3,(#2013,#2014,#2015,#2016),
 .UNSPECIFIED.,.F.,.F.,(4,4),(2.0539096395044E-7,0.0102730867676072),
 .UNSPECIFIED.);
#1024=B_SPLINE_CURVE_WITH_KNOTS('',3,(#2018,#2019,#2020,#2021),
 .UNSPECIFIED.,.F.,.F.,(4,4),(2.07305074218E-7,0.0103558175838807),
 .UNSPECIFIED.);
#1025=B_SPLINE_CURVE_WITH_KNOTS('',3,(#2025,#2026,#2027,#2028),
 .UNSPECIFIED.,.F.,.F.,(4,4),(2.05527410540381E-7,0.0102730869040539),
 .UNSPECIFIED.);
#1026=B_SPLINE_CURVE_WITH_KNOTS('',3,(#2032,#2033,#2034,#2035),
 .UNSPECIFIED.,.F.,.F.,(4,4),(2.06930540516924E-7,0.010355817209347),
 .UNSPECIFIED.);
#1027=B_SPLINE_CURVE_WITH_KNOTS('',3,(#2037,#2038,#2039,#2040),
 .UNSPECIFIED.,.F.,.F.,(4,4),(2.05390963969864E-7,0.0102730867676073),
 .UNSPECIFIED.);
#1028=B_SPLINE_CURVE_WITH_KNOTS('',3,(#2041,#2042,#2043,#2044),
 .UNSPECIFIED.,.F.,.F.,(4,4),(2.07305074227524E-7,0.0103558175838809),
 .UNSPECIFIED.);
#1029=B_SPLINE_CURVE_WITH_KNOTS('',3,(#2046,#2047,#2048,#2049),
 .UNSPECIFIED.,.F.,.F.,(4,4),(2.05527410547111E-7,0.0102730869040539),
 .UNSPECIFIED.);
#1030=B_SPLINE_CURVE_WITH_KNOTS('',3,(#2050,#2051,#2052,#2053),
 .UNSPECIFIED.,.F.,.F.,(4,4),(2.06930540500093E-7,0.0103558172093472),
 .UNSPECIFIED.);
#1031=B_SPLINE_CURVE_WITH_KNOTS('',3,(#2055,#2056,#2057,#2058),
 .UNSPECIFIED.,.F.,.F.,(4,4),(2.05390963952038E-7,0.0102730867676073),
 .UNSPECIFIED.);
#1032=B_SPLINE_CURVE_WITH_KNOTS('',3,(#2059,#2060,#2061,#2062),
 .UNSPECIFIED.,.F.,.F.,(4,4),(2.07305074233376E-7,0.0103558175838807),
 .UNSPECIFIED.);
#1033=EDGE_LOOP('',(#354));
#1034=EDGE_LOOP('',(#355));
#1035=EDGE_LOOP('',(#356,#357,#358,#359,#360,#361,#362,#363,#364,#365,#366,
#367,#368,#369,#370,#371,#372,#373));
#1036=EDGE_LOOP('',(#374));
#1037=EDGE_LOOP('',(#375));
#1038=EDGE_LOOP('',(#376,#377,#378,#379,#380,#381,#382,#383));
#1039=EDGE_LOOP('',(#384,#385,#386,#387,#388,#389,#390,#391));
#1040=EDGE_LOOP('',(#392,#393,#394,#395));
#1041=EDGE_LOOP('',(#396,#397,#398,#399));
#1042=EDGE_LOOP('',(#400,#401,#402,#403));
#1043=EDGE_LOOP('',(#404,#405,#406,#407));
#1044=EDGE_LOOP('',(#408,#409,#410,#411));
#1045=EDGE_LOOP('',(#412,#413,#414,#415));
#1046=EDGE_LOOP('',(#416,#417,#418,#419));
#1047=EDGE_LOOP('',(#420,#421,#422,#423));
#1048=EDGE_LOOP('',(#424,#425,#426,#427));
#1049=EDGE_LOOP('',(#428,#429,#430,#431));
#1050=EDGE_LOOP('',(#432,#433,#434,#435));
#1051=EDGE_LOOP('',(#436,#437,#438,#439));
#1052=EDGE_LOOP('',(#440,#441,#442,#443,#444,#445,#446,#447,#448,#449,#450,
#451,#452,#453,#454,#455,#456,#457,#458,#459,#460,#461,#462,#463));
#1053=EDGE_LOOP('',(#464,#465,#466,#467,#468,#469,#470,#471,#472,#473,#474,
#475,#476,#477,#478,#479,#480,#481,#482,#483,#484,#485,#486,#487));
#1054=EDGE_LOOP('',(#488,#489,#490,#491));
#1055=EDGE_LOOP('',(#492,#493,#494,#495));
#1056=EDGE_LOOP('',(#496,#497,#498,#499));
#1057=EDGE_LOOP('',(#500,#501,#502,#503));
#1058=EDGE_LOOP('',(#504,#505,#506,#507));
#1059=EDGE_LOOP('',(#508,#509,#510,#511));
#1060=EDGE_LOOP('',(#512,#513,#514,#515,#516,#517,#518,#519));
#1061=EDGE_LOOP('',(#520));
#1062=EDGE_LOOP('',(#521,#522,#523,#524,#525,#526,#527,#528,#529,#530,#531,
#532));
#1063=EDGE_LOOP('',(#533,#534,#535,#536));
#1064=EDGE_LOOP('',(#537,#538,#539,#540));
#1065=EDGE_LOOP('',(#541,#542,#543,#544,#545));
#1066=EDGE_LOOP('',(#546,#547,#548,#549,#550));
#1067=EDGE_LOOP('',(#551,#552,#553,#554));
#1068=EDGE_LOOP('',(#555,#556,#557,#558));
#1069=EDGE_LOOP('',(#559,#560,#561,#562,#563));
#1070=EDGE_LOOP('',(#564,#565,#566,#567,#568));
#1071=EDGE_LOOP('',(#569,#570,#571,#572));
#1072=EDGE_LOOP('',(#573,#574,#575,#576));
#1073=EDGE_LOOP('',(#577,#578,#579,#580,#581));
#1074=EDGE_LOOP('',(#582,#583,#584,#585,#586));
#1075=EDGE_LOOP('',(#587,#588,#589,#590,#591));
#1076=EDGE_LOOP('',(#592,#593,#594,#595));
#1077=EDGE_LOOP('',(#596,#597,#598,#599,#600));
#1078=EDGE_LOOP('',(#601,#602,#603,#604));
#1079=EDGE_LOOP('',(#605,#606,#607,#608));
#1080=EDGE_LOOP('',(#609,#610,#611,#612));
#1081=EDGE_LOOP('',(#613,#614,#615,#616));
#1082=EDGE_LOOP('',(#617,#618,#619,#620));
#1083=EDGE_LOOP('',(#621,#622,#623,#624,#625));
#1084=EDGE_LOOP('',(#626,#627,#628,#629));
#1085=EDGE_LOOP('',(#630,#631,#632,#633,#634));
#1086=EDGE_LOOP('',(#635,#636,#637,#638));
#1087=EDGE_LOOP('',(#639,#640,#641,#642,#643));
#1088=EDGE_LOOP('',(#644,#645,#646,#647,#648));
#1089=EDGE_LOOP('',(#649,#650,#651,#652));
#1090=EDGE_LOOP('',(#653,#654,#655,#656));
#1091=EDGE_LOOP('',(#657,#658,#659,#660));
#1092=EDGE_LOOP('',(#661,#662,#663,#664));
#1093=EDGE_LOOP('',(#665,#666,#667,#668,#669));
#1094=EDGE_LOOP('',(#670,#671,#672,#673,#674));
#1095=EDGE_LOOP('',(#675,#676,#677,#678));
#1096=EDGE_LOOP('',(#679,#680,#681,#682,#683));
#1097=EDGE_LOOP('',(#684,#685,#686,#687,#688));
#1098=EDGE_LOOP('',(#689,#690,#691,#692));
#1099=EDGE_LOOP('',(#693,#694,#695,#696,#697));
#1100=EDGE_LOOP('',(#698,#699,#700,#701,#702));
#1101=EDGE_LOOP('',(#703,#704,#705,#706));
#1102=EDGE_LOOP('',(#707));
#1103=EDGE_LOOP('',(#708));
#1104=EDGE_LOOP('',(#709));
#1105=EDGE_LOOP('',(#710));
#1106=EDGE_LOOP('',(#711));
#1107=EDGE_LOOP('',(#712));
#1108=EDGE_LOOP('',(#713));
#1109=EDGE_LOOP('',(#714));
#1110=EDGE_LOOP('',(#715));
#1111=FACE_BOUND('',#1033,.T.);
#1112=FACE_BOUND('',#1034,.T.);
#1113=FACE_BOUND('',#1035,.T.);
#1114=FACE_BOUND('',#1036,.T.);
#1115=FACE_BOUND('',#1037,.T.);
#1116=FACE_BOUND('',#1038,.T.);
#1117=FACE_BOUND('',#1039,.T.);
#1118=FACE_BOUND('',#1040,.T.);
#1119=FACE_BOUND('',#1041,.T.);
#1120=FACE_BOUND('',#1042,.T.);
#1121=FACE_BOUND('',#1043,.T.);
#1122=FACE_BOUND('',#1044,.T.);
#1123=FACE_BOUND('',#1045,.T.);
#1124=FACE_BOUND('',#1046,.T.);
#1125=FACE_BOUND('',#1047,.T.);
#1126=FACE_BOUND('',#1048,.T.);
#1127=FACE_BOUND('',#1049,.T.);
#1128=FACE_BOUND('',#1050,.T.);
#1129=FACE_BOUND('',#1051,.T.);
#1130=FACE_BOUND('',#1052,.T.);
#1131=FACE_BOUND('',#1053,.T.);
#1132=FACE_BOUND('',#1054,.T.);
#1133=FACE_BOUND('',#1055,.T.);
#1134=FACE_BOUND('',#1056,.T.);
#1135=FACE_BOUND('',#1057,.T.);
#1136=FACE_BOUND('',#1058,.T.);
#1137=FACE_BOUND('',#1059,.T.);
#1138=FACE_BOUND('',#1060,.T.);
#1139=FACE_BOUND('',#1061,.T.);
#1140=FACE_BOUND('',#1062,.T.);
#1141=FACE_BOUND('',#1063,.T.);
#1142=FACE_BOUND('',#1064,.T.);
#1143=FACE_BOUND('',#1065,.T.);
#1144=FACE_BOUND('',#1066,.T.);
#1145=FACE_BOUND('',#1067,.T.);
#1146=FACE_BOUND('',#1068,.T.);
#1147=FACE_BOUND('',#1069,.T.);
#1148=FACE_BOUND('',#1070,.T.);
#1149=FACE_BOUND('',#1071,.T.);
#1150=FACE_BOUND('',#1072,.T.);
#1151=FACE_BOUND('',#1073,.T.);
#1152=FACE_BOUND('',#1074,.T.);
#1153=FACE_BOUND('',#1075,.T.);
#1154=FACE_BOUND('',#1076,.T.);
#1155=FACE_BOUND('',#1077,.T.);
#1156=FACE_BOUND('',#1078,.T.);
#1157=FACE_BOUND('',#1079,.T.);
#1158=FACE_BOUND('',#1080,.T.);
#1159=FACE_BOUND('',#1081,.T.);
#1160=FACE_BOUND('',#1082,.T.);
#1161=FACE_BOUND('',#1083,.T.);
#1162=FACE_BOUND('',#1084,.T.);
#1163=FACE_BOUND('',#1085,.T.);
#1164=FACE_BOUND('',#1086,.T.);
#1165=FACE_BOUND('',#1087,.T.);
#1166=FACE_BOUND('',#1088,.T.);
#1167=FACE_BOUND('',#1089,.T.);
#1168=FACE_BOUND('',#1090,.T.);
#1169=FACE_BOUND('',#1091,.T.);
#1170=FACE_BOUND('',#1092,.T.);
#1171=FACE_BOUND('',#1093,.T.);
#1172=FACE_BOUND('',#1094,.T.);
#1173=FACE_BOUND('',#1095,.T.);
#1174=FACE_BOUND('',#1096,.T.);
#1175=FACE_BOUND('',#1097,.T.);
#1176=FACE_BOUND('',#1098,.T.);
#1177=FACE_BOUND('',#1099,.T.);
#1178=FACE_BOUND('',#1100,.T.);
#1179=FACE_BOUND('',#1101,.T.);
#1180=FACE_BOUND('',#1102,.T.);
#1181=FACE_BOUND('',#1103,.T.);
#1182=FACE_BOUND('',#1104,.T.);
#1183=FACE_BOUND('',#1105,.T.);
#1184=FACE_BOUND('',#1106,.T.);
#1185=FACE_BOUND('',#1107,.T.);
#1186=FACE_BOUND('',#1108,.T.);
#1187=FACE_BOUND('',#1109,.T.);
#1188=FACE_BOUND('',#1110,.T.);
#1189=CYLINDRICAL_SURFACE('',#1284,0.0635);
#1190=CYLINDRICAL_SURFACE('',#1298,0.0595);
#1191=CYLINDRICAL_SURFACE('',#1303,0.0595);
#1192=CYLINDRICAL_SURFACE('',#1320,0.0661);
#1193=CYLINDRICAL_SURFACE('',#1322,0.0661);
#1194=CYLINDRICAL_SURFACE('',#1324,0.0661);
#1195=CYLINDRICAL_SURFACE('',#1326,0.0661);
#1196=CYLINDRICAL_SURFACE('',#1328,0.0661);
#1197=CYLINDRICAL_SURFACE('',#1330,0.0661);
#1198=CYLINDRICAL_SURFACE('',#1347,0.0595);
#1199=CYLINDRICAL_SURFACE('',#1390,0.0021);
#1200=CYLINDRICAL_SURFACE('',#1393,0.0021);
#1201=CYLINDRICAL_SURFACE('',#1396,0.0021);
#1202=ADVANCED_FACE('',(#1111,#1112,#1113,#1114,#1115),#1189,.T.);
#1203=ADVANCED_FACE('',(#1116),#1190,.F.);
#1204=ADVANCED_FACE('',(#1117),#1191,.F.);
#1205=ADVANCED_FACE('',(#1118),#18,.T.);
#1206=ADVANCED_FACE('',(#1119),#19,.T.);
#1207=ADVANCED_FACE('',(#1120),#20,.T.);
#1208=ADVANCED_FACE('',(#1121),#21,.T.);
#1209=ADVANCED_FACE('',(#1122),#22,.T.);
#1210=ADVANCED_FACE('',(#1123),#23,.T.);
#1211=ADVANCED_FACE('',(#1124),#1192,.T.);
#1212=ADVANCED_FACE('',(#1125),#1193,.T.);
#1213=ADVANCED_FACE('',(#1126),#1194,.T.);
#1214=ADVANCED_FACE('',(#1127),#1195,.T.);
#1215=ADVANCED_FACE('',(#1128),#1196,.T.);
#1216=ADVANCED_FACE('',(#1129),#1197,.T.);
#1217=ADVANCED_FACE('',(#1130,#1131),#24,.T.);
#1218=ADVANCED_FACE('',(#1132),#12,.F.);
#1219=ADVANCED_FACE('',(#1133),#13,.F.);
#1220=ADVANCED_FACE('',(#1134),#14,.F.);
#1221=ADVANCED_FACE('',(#1135),#15,.F.);
#1222=ADVANCED_FACE('',(#1136),#16,.F.);
#1223=ADVANCED_FACE('',(#1137),#17,.F.);
#1224=ADVANCED_FACE('',(#1138),#1198,.F.);
#1225=ADVANCED_FACE('',(#1139,#1140),#25,.T.);
#1226=ADVANCED_FACE('',(#1141),#26,.F.);
#1227=ADVANCED_FACE('',(#1142),#27,.T.);
#1228=ADVANCED_FACE('',(#1143),#28,.T.);
#1229=ADVANCED_FACE('',(#1144),#29,.T.);
#1230=ADVANCED_FACE('',(#1145),#30,.F.);
#1231=ADVANCED_FACE('',(#1146),#31,.T.);
#1232=ADVANCED_FACE('',(#1147),#32,.T.);
#1233=ADVANCED_FACE('',(#1148),#33,.T.);
#1234=ADVANCED_FACE('',(#1149),#34,.F.);
#1235=ADVANCED_FACE('',(#1150),#35,.T.);
#1236=ADVANCED_FACE('',(#1151),#36,.T.);
#1237=ADVANCED_FACE('',(#1152),#37,.T.);
#1238=ADVANCED_FACE('',(#1153),#38,.F.);
#1239=ADVANCED_FACE('',(#1154),#39,.F.);
#1240=ADVANCED_FACE('',(#1155),#40,.T.);
#1241=ADVANCED_FACE('',(#1156),#41,.F.);
#1242=ADVANCED_FACE('',(#1157),#42,.T.);
#1243=ADVANCED_FACE('',(#1158),#43,.T.);
#1244=ADVANCED_FACE('',(#1159),#44,.F.);
#1245=ADVANCED_FACE('',(#1160),#45,.T.);
#1246=ADVANCED_FACE('',(#1161),#46,.F.);
#1247=ADVANCED_FACE('',(#1162),#47,.F.);
#1248=ADVANCED_FACE('',(#1163),#48,.T.);
#1249=ADVANCED_FACE('',(#1164),#49,.F.);
#1250=ADVANCED_FACE('',(#1165),#50,.F.);
#1251=ADVANCED_FACE('',(#1166),#51,.T.);
#1252=ADVANCED_FACE('',(#1167),#52,.F.);
#1253=ADVANCED_FACE('',(#1168),#53,.F.);
#1254=ADVANCED_FACE('',(#1169),#54,.F.);
#1255=ADVANCED_FACE('',(#1170),#55,.T.);
#1256=ADVANCED_FACE('',(#1171),#56,.T.);
#1257=ADVANCED_FACE('',(#1172),#57,.T.);
#1258=ADVANCED_FACE('',(#1173),#58,.T.);
#1259=ADVANCED_FACE('',(#1174),#59,.T.);
#1260=ADVANCED_FACE('',(#1175),#60,.T.);
#1261=ADVANCED_FACE('',(#1176),#61,.T.);
#1262=ADVANCED_FACE('',(#1177),#62,.T.);
#1263=ADVANCED_FACE('',(#1178),#63,.T.);
#1264=ADVANCED_FACE('',(#1179),#64,.T.);
#1265=ADVANCED_FACE('',(#1180,#1181),#1199,.F.);
#1266=ADVANCED_FACE('',(#1182),#65,.T.);
#1267=ADVANCED_FACE('',(#1183,#1184),#1200,.F.);
#1268=ADVANCED_FACE('',(#1185),#66,.T.);
#1269=ADVANCED_FACE('',(#1186,#1187),#1201,.F.);
#1270=ADVANCED_FACE('',(#1188),#67,.T.);
#1271=CLOSED_SHELL('',(#1202,#1203,#1204,#1205,#1206,#1207,#1208,#1209,
#1210,#1211,#1212,#1213,#1214,#1215,#1216,#1217,#1218,#1219,#1220,#1221,
#1222,#1223,#1224,#1225,#1226,#1227,#1228,#1229,#1230,#1231,#1232,#1233,
#1234,#1235,#1236,#1237,#1238,#1239,#1240,#1241,#1242,#1243,#1244,#1245,
#1246,#1247,#1248,#1249,#1250,#1251,#1252,#1253,#1254,#1255,#1256,#1257,
#1258,#1259,#1260,#1261,#1262,#1263,#1264,#1265,#1266,#1267,#1268,#1269,
#1270));
#1272=STYLED_ITEM('',(#1273),#1280);
#1273=PRESENTATION_STYLE_ASSIGNMENT((#1274));
#1274=SURFACE_STYLE_USAGE(.BOTH.,#1275);
#1275=SURFACE_SIDE_STYLE('',(#1276));
#1276=SURFACE_STYLE_FILL_AREA(#1277);
#1277=FILL_AREA_STYLE('',(#1278));
#1278=FILL_AREA_STYLE_COLOUR('',#1279);
#1279=COLOUR_RGB('',0.768627450980392,0.886274509803922,0.952941176470588);
#1280=MANIFOLD_SOLID_BREP('Nose Ring3',#1271);
#1281=SHAPE_DEFINITION_REPRESENTATION(#2195,#1282);
#1282=SHAPE_REPRESENTATION('Nose Ring3',(#1283),#2190);
#1283=AXIS2_PLACEMENT_3D('',#1751,#1399,#1400);
#1284=AXIS2_PLACEMENT_3D('',#1752,#1401,#1402);
#1285=AXIS2_PLACEMENT_3D('',#1765,#1403,#1404);
#1286=AXIS2_PLACEMENT_3D('',#1770,#1406,#1407);
#1287=AXIS2_PLACEMENT_3D('',#1772,#1408,#1409);
#1288=AXIS2_PLACEMENT_3D('',#1774,#1410,#1411);
#1289=AXIS2_PLACEMENT_3D('',#1778,#1413,#1414);
#1290=AXIS2_PLACEMENT_3D('',#1782,#1416,#1417);
#1291=AXIS2_PLACEMENT_3D('',#1784,#1418,#1419);
#1292=AXIS2_PLACEMENT_3D('',#1786,#1420,#1421);
#1293=AXIS2_PLACEMENT_3D('',#1790,#1423,#1424);
#1294=AXIS2_PLACEMENT_3D('',#1794,#1426,#1427);
#1295=AXIS2_PLACEMENT_3D('',#1796,#1428,#1429);
#1296=AXIS2_PLACEMENT_3D('',#1798,#1430,#1431);
#1297=AXIS2_PLACEMENT_3D('',#1802,#1433,#1434);
#1298=AXIS2_PLACEMENT_3D('',#1827,#1435,#1436);
#1299=AXIS2_PLACEMENT_3D('',#1831,#1438,#1439);
#1300=AXIS2_PLACEMENT_3D('',#1835,#1441,#1442);
#1301=AXIS2_PLACEMENT_3D('',#1839,#1444,#1445);
#1302=AXIS2_PLACEMENT_3D('',#1843,#1447,#1448);
#1303=AXIS2_PLACEMENT_3D('',#1844,#1449,#1450);
#1304=AXIS2_PLACEMENT_3D('',#1848,#1452,#1453);
#1305=AXIS2_PLACEMENT_3D('',#1852,#1455,#1456);
#1306=AXIS2_PLACEMENT_3D('',#1856,#1458,#1459);
#1307=AXIS2_PLACEMENT_3D('',#1860,#1461,#1462);
#1308=AXIS2_PLACEMENT_3D('',#1861,#1463,#1464);
#1309=AXIS2_PLACEMENT_3D('',#1862,#1465,#1466);
#1310=AXIS2_PLACEMENT_3D('',#1867,#1469,#1470);
#1311=AXIS2_PLACEMENT_3D('',#1868,#1471,#1472);
#1312=AXIS2_PLACEMENT_3D('',#1873,#1475,#1476);
#1313=AXIS2_PLACEMENT_3D('',#1874,#1477,#1478);
#1314=AXIS2_PLACEMENT_3D('',#1879,#1481,#1482);
#1315=AXIS2_PLACEMENT_3D('',#1880,#1483,#1484);
#1316=AXIS2_PLACEMENT_3D('',#1885,#1487,#1488);
#1317=AXIS2_PLACEMENT_3D('',#1886,#1489,#1490);
#1318=AXIS2_PLACEMENT_3D('',#1891,#1493,#1494);
#1319=AXIS2_PLACEMENT_3D('',#1894,#1496,#1497);
#1320=AXIS2_PLACEMENT_3D('',#1897,#1499,#1500);
#1321=AXIS2_PLACEMENT_3D('',#1898,#1501,#1502);
#1322=AXIS2_PLACEMENT_3D('',#1903,#1505,#1506);
#1323=AXIS2_PLACEMENT_3D('',#1904,#1507,#1508);
#1324=AXIS2_PLACEMENT_3D('',#1909,#1511,#1512);
#1325=AXIS2_PLACEMENT_3D('',#1910,#1513,#1514);
#1326=AXIS2_PLACEMENT_3D('',#1915,#1517,#1518);
#1327=AXIS2_PLACEMENT_3D('',#1916,#1519,#1520);
#1328=AXIS2_PLACEMENT_3D('',#1921,#1523,#1524);
#1329=AXIS2_PLACEMENT_3D('',#1922,#1525,#1526);
#1330=AXIS2_PLACEMENT_3D('',#1927,#1529,#1530);
#1331=AXIS2_PLACEMENT_3D('',#1930,#1532,#1533);
#1332=AXIS2_PLACEMENT_3D('',#1933,#1535,#1536);
#1333=AXIS2_PLACEMENT_3D('',#1955,#1552,#1553);
#1334=AXIS2_PLACEMENT_3D('',#1964,#1557,#1558);
#1335=AXIS2_PLACEMENT_3D('',#1972,#1562,#1563);
#1336=AXIS2_PLACEMENT_3D('',#1980,#1567,#1568);
#1337=AXIS2_PLACEMENT_3D('',#1988,#1572,#1573);
#1338=AXIS2_PLACEMENT_3D('',#1996,#1577,#1578);
#1339=AXIS2_PLACEMENT_3D('',#2003,#1582,#1583);
#1340=AXIS2_PLACEMENT_3D('',#2012,#1584,#1585);
#1341=AXIS2_PLACEMENT_3D('',#2023,#1586,#1587);
#1342=AXIS2_PLACEMENT_3D('',#2024,#1588,#1589);
#1343=AXIS2_PLACEMENT_3D('',#2030,#1590,#1591);
#1344=AXIS2_PLACEMENT_3D('',#2036,#1592,#1593);
#1345=AXIS2_PLACEMENT_3D('',#2045,#1594,#1595);
#1346=AXIS2_PLACEMENT_3D('',#2054,#1596,#1597);
#1347=AXIS2_PLACEMENT_3D('',#2063,#1598,#1599);
#1348=AXIS2_PLACEMENT_3D('',#2068,#1602,#1603);
#1349=AXIS2_PLACEMENT_3D('',#2073,#1606,#1607);
#1350=AXIS2_PLACEMENT_3D('',#2074,#1608,#1609);
#1351=AXIS2_PLACEMENT_3D('',#2090,#1619,#1620);
#1352=AXIS2_PLACEMENT_3D('',#2096,#1624,#1625);
#1353=AXIS2_PLACEMENT_3D('',#2099,#1628,#1629);
#1354=AXIS2_PLACEMENT_3D('',#2100,#1630,#1631);
#1355=AXIS2_PLACEMENT_3D('',#2101,#1632,#1633);
#1356=AXIS2_PLACEMENT_3D('',#2107,#1637,#1638);
#1357=AXIS2_PLACEMENT_3D('',#2110,#1641,#1642);
#1358=AXIS2_PLACEMENT_3D('',#2111,#1643,#1644);
#1359=AXIS2_PLACEMENT_3D('',#2112,#1645,#1646);
#1360=AXIS2_PLACEMENT_3D('',#2118,#1650,#1651);
#1361=AXIS2_PLACEMENT_3D('',#2121,#1654,#1655);
#1362=AXIS2_PLACEMENT_3D('',#2122,#1656,#1657);
#1363=AXIS2_PLACEMENT_3D('',#2123,#1658,#1659);
#1364=AXIS2_PLACEMENT_3D('',#2127,#1662,#1663);
#1365=AXIS2_PLACEMENT_3D('',#2131,#1666,#1667);
#1366=AXIS2_PLACEMENT_3D('',#2133,#1669,#1670);
#1367=AXIS2_PLACEMENT_3D('',#2134,#1671,#1672);
#1368=AXIS2_PLACEMENT_3D('',#2135,#1673,#1674);
#1369=AXIS2_PLACEMENT_3D('',#2136,#1675,#1676);
#1370=AXIS2_PLACEMENT_3D('',#2137,#1677,#1678);
#1371=AXIS2_PLACEMENT_3D('',#2138,#1679,#1680);
#1372=AXIS2_PLACEMENT_3D('',#2142,#1683,#1684);
#1373=AXIS2_PLACEMENT_3D('',#2146,#1687,#1688);
#1374=AXIS2_PLACEMENT_3D('',#2148,#1690,#1691);
#1375=AXIS2_PLACEMENT_3D('',#2149,#1692,#1693);
#1376=AXIS2_PLACEMENT_3D('',#2153,#1696,#1697);
#1377=AXIS2_PLACEMENT_3D('',#2157,#1700,#1701);
#1378=AXIS2_PLACEMENT_3D('',#2159,#1703,#1704);
#1379=AXIS2_PLACEMENT_3D('',#2160,#1705,#1706);
#1380=AXIS2_PLACEMENT_3D('',#2161,#1707,#1708);
#1381=AXIS2_PLACEMENT_3D('',#2162,#1709,#1710);
#1382=AXIS2_PLACEMENT_3D('',#2164,#1712,#1713);
#1383=AXIS2_PLACEMENT_3D('',#2166,#1715,#1716);
#1384=AXIS2_PLACEMENT_3D('',#2167,#1717,#1718);
#1385=AXIS2_PLACEMENT_3D('',#2169,#1720,#1721);
#1386=AXIS2_PLACEMENT_3D('',#2171,#1723,#1724);
#1387=AXIS2_PLACEMENT_3D('',#2172,#1725,#1726);
#1388=AXIS2_PLACEMENT_3D('',#2174,#1728,#1729);
#1389=AXIS2_PLACEMENT_3D('',#2176,#1731,#1732);
#1390=AXIS2_PLACEMENT_3D('',#2177,#1733,#1734);
#1391=AXIS2_PLACEMENT_3D('',#2178,#1735,#1736);
#1392=AXIS2_PLACEMENT_3D('',#2180,#1737,#1738);
#1393=AXIS2_PLACEMENT_3D('',#2181,#1739,#1740);
#1394=AXIS2_PLACEMENT_3D('',#2182,#1741,#1742);
#1395=AXIS2_PLACEMENT_3D('',#2184,#1743,#1744);
#1396=AXIS2_PLACEMENT_3D('',#2185,#1745,#1746);
#1397=AXIS2_PLACEMENT_3D('',#2186,#1747,#1748);
#1398=AXIS2_PLACEMENT_3D('',#2188,#1749,#1750);
#1399=DIRECTION('',(0.,0.,1.));
#1400=DIRECTION('',(1.,0.,0.));
#1401=DIRECTION('',(0.,-1.,1.20214608957407E-15));
#1402=DIRECTION('',(0.,-1.20214608957407E-15,-1.));
#1403=DIRECTION('',(0.,-1.,1.20214608957407E-15));
#1404=DIRECTION('',(0.,-1.20214608957407E-15,-1.));
#1405=DIRECTION('',(0.,-1.,0.));
#1406=DIRECTION('',(0.,-1.,1.20214608957407E-15));
#1407=DIRECTION('',(0.,-1.20214608957407E-15,-1.));
#1408=DIRECTION('',(0.,-1.,1.20214608957407E-15));
#1409=DIRECTION('',(0.,-1.20214608957407E-15,-1.));
#1410=DIRECTION('',(0.,-1.,1.20214608957407E-15));
#1411=DIRECTION('',(0.,-1.20214608957407E-15,-1.));
#1412=DIRECTION('',(-1.04108905263127E-15,-1.,1.80321913436111E-15));
#1413=DIRECTION('',(-1.04108905263127E-15,-1.,1.80321913436111E-15));
#1414=DIRECTION('',(-0.866025403784439,1.80321913436111E-15,0.5));
#1415=DIRECTION('',(-1.04108905263127E-15,-1.,1.80321913436111E-15));
#1416=DIRECTION('',(0.,-1.,1.20214608957407E-15));
#1417=DIRECTION('',(0.,-1.20214608957407E-15,-1.));
#1418=DIRECTION('',(0.,-1.,1.20214608957407E-15));
#1419=DIRECTION('',(0.,-1.20214608957407E-15,-1.));
#1420=DIRECTION('',(0.,-1.,1.20214608957407E-15));
#1421=DIRECTION('',(0.,-1.20214608957407E-15,-1.));
#1422=DIRECTION('',(1.04108905263127E-15,-1.,1.80321913436111E-15));
#1423=DIRECTION('',(1.04108905263127E-15,-1.,1.80321913436111E-15));
#1424=DIRECTION('',(0.866025403784438,1.80321913436111E-15,0.5));
#1425=DIRECTION('',(1.04108905263127E-15,-1.,1.80321913436111E-15));
#1426=DIRECTION('',(0.,-1.,1.20214608957407E-15));
#1427=DIRECTION('',(0.,-1.20214608957407E-15,-1.));
#1428=DIRECTION('',(0.,-1.,1.20214608957407E-15));
#1429=DIRECTION('',(0.,-1.20214608957407E-15,-1.));
#1430=DIRECTION('',(0.,-1.,1.20214608957407E-15));
#1431=DIRECTION('',(0.,-1.20214608957407E-15,-1.));
#1432=DIRECTION('',(0.,-1.,0.));
#1433=DIRECTION('',(0.,-1.,0.));
#1434=DIRECTION('',(0.,0.,-1.));
#1435=DIRECTION('',(0.,-1.,1.20214608957407E-15));
#1436=DIRECTION('',(0.,-1.20214608957407E-15,-1.));
#1437=DIRECTION('',(0.,-1.,1.20214608957407E-15));
#1438=DIRECTION('',(0.,-1.,1.20214608957407E-15));
#1439=DIRECTION('',(0.,-1.20214608957407E-15,-1.));
#1440=DIRECTION('',(0.,-1.,1.20214608957407E-15));
#1441=DIRECTION('',(0.,-1.,1.20214608957407E-15));
#1442=DIRECTION('',(0.,-1.20214608957407E-15,-1.));
#1443=DIRECTION('',(0.,-1.,1.20214608957407E-15));
#1444=DIRECTION('',(-1.04108905263127E-15,-1.,6.01073044787035E-16));
#1445=DIRECTION('',(1.,-1.04108905263127E-15,0.));
#1446=DIRECTION('',(0.,-1.,1.20214608957407E-15));
#1447=DIRECTION('',(0.,-1.,1.20214608957407E-15));
#1448=DIRECTION('',(0.,-1.20214608957407E-15,-1.));
#1449=DIRECTION('',(0.,-1.,1.20214608957407E-15));
#1450=DIRECTION('',(0.,-1.20214608957407E-15,-1.));
#1451=DIRECTION('',(0.,-1.,1.20214608957407E-15));
#1452=DIRECTION('',(0.,-1.,1.20214608957407E-15));
#1453=DIRECTION('',(0.,-1.20214608957407E-15,-1.));
#1454=DIRECTION('',(0.,-1.,1.20214608957407E-15));
#1455=DIRECTION('',(0.,-1.,1.20214608957407E-15));
#1456=DIRECTION('',(0.,-1.20214608957407E-15,-1.));
#1457=DIRECTION('',(0.,-1.,1.20214608957407E-15));
#1458=DIRECTION('',(-1.47220436070439E-31,-1.,2.40429217914814E-15));
#1459=DIRECTION('',(0.,-2.40429217914814E-15,-1.));
#1460=DIRECTION('',(0.,-1.,1.20214608957407E-15));
#1461=DIRECTION('',(0.,-1.,1.20214608957407E-15));
#1462=DIRECTION('',(0.,-1.20214608957407E-15,-1.));
#1463=DIRECTION('',(0.,1.,-1.20214608957407E-15));
#1464=DIRECTION('',(0.,1.20214608957407E-15,1.));
#1465=DIRECTION('',(0.,-1.,1.20214608957407E-15));
#1466=DIRECTION('',(0.,-1.20214608957407E-15,-1.));
#1467=DIRECTION('',(0.,0.,-1.));
#1468=DIRECTION('',(0.866025403784439,6.01073044787036E-16,-0.5));
#1469=DIRECTION('',(0.,1.,-1.20214608957407E-15));
#1470=DIRECTION('',(0.,1.20214608957407E-15,1.));
#1471=DIRECTION('',(0.,-1.,1.20214608957407E-15));
#1472=DIRECTION('',(0.,-1.20214608957407E-15,-1.));
#1473=DIRECTION('',(0.866025403784439,6.01073044787036E-16,-0.5));
#1474=DIRECTION('',(0.866025403784438,1.80321913436111E-15,0.5));
#1475=DIRECTION('',(0.,1.,-1.20214608957407E-15));
#1476=DIRECTION('',(0.,1.20214608957407E-15,1.));
#1477=DIRECTION('',(0.,-1.,1.20214608957407E-15));
#1478=DIRECTION('',(0.,-1.20214608957407E-15,-1.));
#1479=DIRECTION('',(0.866025403784438,1.80321913436111E-15,0.5));
#1480=DIRECTION('',(-1.22464679914735E-16,2.40429217914814E-15,1.));
#1481=DIRECTION('',(0.,1.,-1.20214608957407E-15));
#1482=DIRECTION('',(0.,1.20214608957407E-15,1.));
#1483=DIRECTION('',(0.,-1.,1.20214608957407E-15));
#1484=DIRECTION('',(0.,-1.20214608957407E-15,-1.));
#1485=DIRECTION('',(-1.22464679914735E-16,2.40429217914814E-15,1.));
#1486=DIRECTION('',(-0.866025403784439,1.80321913436111E-15,0.5));
#1487=DIRECTION('',(0.,1.,-1.20214608957407E-15));
#1488=DIRECTION('',(0.,1.20214608957407E-15,1.));
#1489=DIRECTION('',(0.,-1.,1.20214608957407E-15));
#1490=DIRECTION('',(0.,-1.20214608957407E-15,-1.));
#1491=DIRECTION('',(-0.866025403784439,1.80321913436111E-15,0.5));
#1492=DIRECTION('',(-0.866025403784439,6.01073044787035E-16,-0.5));
#1493=DIRECTION('',(0.,1.,-1.20214608957407E-15));
#1494=DIRECTION('',(0.,1.20214608957407E-15,1.));
#1495=DIRECTION('',(0.,0.,-1.));
#1496=DIRECTION('',(0.,-1.,1.20214608957407E-15));
#1497=DIRECTION('',(0.,-1.20214608957407E-15,-1.));
#1498=DIRECTION('',(-0.866025403784439,6.01073044787035E-16,-0.5));
#1499=DIRECTION('',(0.,-1.,1.20214608957407E-15));
#1500=DIRECTION('',(0.,-1.20214608957407E-15,-1.));
#1501=DIRECTION('',(0.,-1.,1.20214608957407E-15));
#1502=DIRECTION('',(0.,-1.20214608957407E-15,-1.));
#1503=DIRECTION('',(0.,-1.,1.20214608957407E-15));
#1504=DIRECTION('',(0.,-1.,1.20214608957407E-15));
#1505=DIRECTION('',(0.,-1.,1.20214608957407E-15));
#1506=DIRECTION('',(0.,-1.20214608957407E-15,-1.));
#1507=DIRECTION('',(0.,-1.,1.20214608957407E-15));
#1508=DIRECTION('',(0.,-1.20214608957407E-15,-1.));
#1509=DIRECTION('',(0.,-1.,1.20214608957407E-15));
#1510=DIRECTION('',(0.,-1.,1.20214608957407E-15));
#1511=DIRECTION('',(0.,-1.,1.20214608957407E-15));
#1512=DIRECTION('',(0.,-1.20214608957407E-15,-1.));
#1513=DIRECTION('',(0.,-1.,1.20214608957407E-15));
#1514=DIRECTION('',(0.,-1.20214608957407E-15,-1.));
#1515=DIRECTION('',(0.,-1.,1.20214608957407E-15));
#1516=DIRECTION('',(0.,-1.,1.20214608957407E-15));
#1517=DIRECTION('',(0.,-1.,1.20214608957407E-15));
#1518=DIRECTION('',(0.,-1.20214608957407E-15,-1.));
#1519=DIRECTION('',(0.,-1.,1.20214608957407E-15));
#1520=DIRECTION('',(0.,-1.20214608957407E-15,-1.));
#1521=DIRECTION('',(0.,-1.,1.20214608957407E-15));
#1522=DIRECTION('',(0.,-1.,1.20214608957407E-15));
#1523=DIRECTION('',(0.,-1.,1.20214608957407E-15));
#1524=DIRECTION('',(0.,-1.20214608957407E-15,-1.));
#1525=DIRECTION('',(0.,-1.,1.20214608957407E-15));
#1526=DIRECTION('',(0.,-1.20214608957407E-15,-1.));
#1527=DIRECTION('',(0.,-1.,1.20214608957407E-15));
#1528=DIRECTION('',(0.,-1.,1.20214608957407E-15));
#1529=DIRECTION('',(0.,-1.,1.20214608957407E-15));
#1530=DIRECTION('',(0.,-1.20214608957407E-15,-1.));
#1531=DIRECTION('',(0.,-1.,1.20214608957407E-15));
#1532=DIRECTION('',(0.,-1.,1.20214608957407E-15));
#1533=DIRECTION('',(0.,-1.20214608957407E-15,-1.));
#1534=DIRECTION('',(0.,-1.,1.20214608957407E-15));
#1535=DIRECTION('',(0.,-1.,1.20214608957407E-15));
#1536=DIRECTION('',(0.,-1.20214608957407E-15,-1.));
#1537=DIRECTION('',(0.,1.20214608957407E-15,1.));
#1538=DIRECTION('',(0.,1.20214608957407E-15,1.));
#1539=DIRECTION('',(-0.866025403784439,6.01073044787034E-16,0.5));
#1540=DIRECTION('',(0.5,1.04108905263127E-15,0.866025403784439));
#1541=DIRECTION('',(-0.866025403784439,6.01073044787034E-16,0.5));
#1542=DIRECTION('',(0.866025403784439,6.01073044787035E-16,0.5));
#1543=DIRECTION('',(-0.866025403784438,-6.01073044787036E-16,-0.5));
#1544=DIRECTION('',(1.22464679914735E-16,-1.20214608957407E-15,-1.));
#1545=DIRECTION('',(-1.,-1.47220436070439E-31,-1.22464679914735E-16));
#1546=DIRECTION('',(1.22464679914735E-16,-1.20214608957407E-15,-1.));
#1547=DIRECTION('',(0.866025403784439,-6.01073044787035E-16,-0.5));
#1548=DIRECTION('',(0.866025403784439,-6.01073044787035E-16,-0.5));
#1549=DIRECTION('',(0.866025403784439,6.01073044787035E-16,0.5));
#1550=DIRECTION('',(0.5,-1.04108905263127E-15,-0.866025403784439));
#1551=DIRECTION('',(0.866025403784439,6.01073044787035E-16,0.5));
#1552=DIRECTION('',(0.,-1.,1.20214608957407E-15));
#1553=DIRECTION('',(0.,-1.20214608957407E-15,-1.));
#1554=DIRECTION('',(0.64361067035659,0.,-0.765353059053886));
#1555=DIRECTION('',(1.,0.,0.));
#1556=DIRECTION('',(0.64361067035659,0.,0.765353059053886));
#1557=DIRECTION('',(0.,-1.,1.20214608957407E-15));
#1558=DIRECTION('',(0.,-1.20214608957407E-15,-1.));
#1559=DIRECTION('',(-0.258819045102521,-3.11138302977291E-16,-0.965925826289068));
#1560=DIRECTION('',(0.5,-1.04108905263127E-15,-0.866025403784439));
#1561=DIRECTION('',(0.965925826289068,-1.16118395489201E-15,-0.258819045102521));
#1562=DIRECTION('',(0.,-1.,1.20214608957407E-15));
#1563=DIRECTION('',(0.,-1.20214608957407E-15,-1.));
#1564=DIRECTION('',(-0.984620527183092,7.10043257562854E-16,-0.174706661148596));
#1565=DIRECTION('',(-0.5,-1.04108905263127E-15,-0.866025403784439));
#1566=DIRECTION('',(0.341009856826502,-2.05015530369269E-15,-0.940059720202482));
#1567=DIRECTION('',(0.,-1.,1.20214608957407E-15));
#1568=DIRECTION('',(0.,-1.20214608957407E-15,-1.));
#1569=DIRECTION('',(-0.707106781186548,1.70009130382943E-15,0.707106781186547));
#1570=DIRECTION('',(-1.,-1.47220436070439E-31,-1.22464679914735E-16));
#1571=DIRECTION('',(-0.707106781186547,-1.70009130382943E-15,-0.707106781186548));
#1572=DIRECTION('',(0.,-1.,1.20214608957407E-15));
#1573=DIRECTION('',(0.,-1.20214608957407E-15,-1.));
#1574=DIRECTION('',(0.341009856826501,2.05015530369269E-15,0.940059720202482));
#1575=DIRECTION('',(-0.5,1.04108905263127E-15,0.866025403784438));
#1576=DIRECTION('',(-0.984620527183092,-7.10043257562855E-16,0.174706661148595));
#1577=DIRECTION('',(0.,-1.,1.20214608957407E-15));
#1578=DIRECTION('',(0.,-1.20214608957407E-15,-1.));
#1579=DIRECTION('',(0.965925826289068,1.16118395489201E-15,0.258819045102522));
#1580=DIRECTION('',(0.5,1.04108905263127E-15,0.866025403784439));
#1581=DIRECTION('',(-0.258819045102522,3.1113830297729E-16,0.965925826289068));
#1582=DIRECTION('',(0.,-1.,1.20214608957407E-15));
#1583=DIRECTION('',(0.,-1.20214608957407E-15,-1.));
#1584=DIRECTION('',(0.,-1.,1.20214608957407E-15));
#1585=DIRECTION('',(0.,-1.20214608957407E-15,-1.));
#1586=DIRECTION('',(0.,-1.,1.20214608957407E-15));
#1587=DIRECTION('',(0.,-1.20214608957407E-15,-1.));
#1588=DIRECTION('',(0.,-1.,1.20214608957407E-15));
#1589=DIRECTION('',(0.,-1.20214608957407E-15,-1.));
#1590=DIRECTION('',(0.,-1.,1.20214608957407E-15));
#1591=DIRECTION('',(0.,-1.20214608957407E-15,-1.));
#1592=DIRECTION('',(0.,-1.,1.20214608957407E-15));
#1593=DIRECTION('',(0.,-1.20214608957407E-15,-1.));
#1594=DIRECTION('',(0.,-1.,1.20214608957407E-15));
#1595=DIRECTION('',(0.,-1.20214608957407E-15,-1.));
#1596=DIRECTION('',(0.,-1.,1.20214608957407E-15));
#1597=DIRECTION('',(0.,-1.20214608957407E-15,-1.));
#1598=DIRECTION('',(0.,-1.,1.20214608957407E-15));
#1599=DIRECTION('',(0.,-1.20214608957407E-15,-1.));
#1600=DIRECTION('',(0.,-1.,1.20214608957407E-15));
#1601=DIRECTION('',(0.,-1.,1.20214608957407E-15));
#1602=DIRECTION('',(1.04108905263127E-15,-1.,6.01073044787036E-16));
#1603=DIRECTION('',(1.,1.04108905263127E-15,0.));
#1604=DIRECTION('',(0.,-1.,1.20214608957407E-15));
#1605=DIRECTION('',(0.,-1.,1.20214608957407E-15));
#1606=DIRECTION('',(0.,-1.,1.20214608957407E-15));
#1607=DIRECTION('',(0.,-1.20214608957407E-15,-1.));
#1608=DIRECTION('',(0.,1.,-1.20214608957407E-15));
#1609=DIRECTION('',(0.,1.20214608957407E-15,1.));
#1610=DIRECTION('',(0.64361067035659,0.,0.765353059053886));
#1611=DIRECTION('',(1.,0.,0.));
#1612=DIRECTION('',(0.64361067035659,0.,-0.765353059053886));
#1613=DIRECTION('',(-0.984620527183092,-7.10043257562855E-16,0.174706661148595));
#1614=DIRECTION('',(-0.5,1.04108905263127E-15,0.866025403784438));
#1615=DIRECTION('',(0.341009856826501,2.05015530369269E-15,0.940059720202482));
#1616=DIRECTION('',(0.341009856826502,-2.05015530369269E-15,-0.940059720202482));
#1617=DIRECTION('',(-0.5,-1.04108905263127E-15,-0.866025403784439));
#1618=DIRECTION('',(-0.984620527183092,7.10043257562854E-16,-0.174706661148596));
#1619=DIRECTION('',(-1.04108905263127E-15,-1.,6.01073044787035E-16));
#1620=DIRECTION('',(0.5,-1.04108905263127E-15,-0.866025403784439));
#1621=DIRECTION('',(0.965925826289068,-1.16118395489201E-15,-0.258819045102521));
#1622=DIRECTION('',(0.5,-1.04108905263127E-15,-0.866025403784439));
#1623=DIRECTION('',(-0.258819045102521,-3.11138302977291E-16,-0.965925826289068));
#1624=DIRECTION('',(-0.866025403784439,6.01073044787035E-16,-0.5));
#1625=DIRECTION('',(-0.5,1.04108905263127E-15,0.866025403784439));
#1626=DIRECTION('',(-1.04108905263127E-15,-1.,6.01073044787035E-16));
#1627=DIRECTION('',(-1.04108905263127E-15,-1.,6.01073044787035E-16));
#1628=DIRECTION('',(-0.258819045102521,-3.11138302977291E-16,-0.965925826289068));
#1629=DIRECTION('',(-0.965925826289068,1.16118395489201E-15,0.258819045102521));
#1630=DIRECTION('',(-0.965925826289068,1.16118395489201E-15,0.258819045102521));
#1631=DIRECTION('',(0.258819045102521,3.11138302977291E-16,0.965925826289068));
#1632=DIRECTION('',(-1.47220436070439E-31,-1.,2.40429217914814E-15));
#1633=DIRECTION('',(-1.,-1.47220436070439E-31,-1.22464679914735E-16));
#1634=DIRECTION('',(-0.707106781186547,-1.70009130382943E-15,-0.707106781186548));
#1635=DIRECTION('',(-1.,-1.47220436070439E-31,-1.22464679914735E-16));
#1636=DIRECTION('',(-0.707106781186548,1.70009130382943E-15,0.707106781186547));
#1637=DIRECTION('',(-1.22464679914735E-16,2.40429217914814E-15,1.));
#1638=DIRECTION('',(1.,1.47220436070439E-31,1.22464679914735E-16));
#1639=DIRECTION('',(-1.47220436070439E-31,-1.,2.40429217914814E-15));
#1640=DIRECTION('',(-1.47220436070439E-31,-1.,2.40429217914814E-15));
#1641=DIRECTION('',(-0.707106781186548,1.70009130382943E-15,0.707106781186547));
#1642=DIRECTION('',(0.707106781186547,1.70009130382943E-15,0.707106781186548));
#1643=DIRECTION('',(0.707106781186547,1.70009130382943E-15,0.707106781186548));
#1644=DIRECTION('',(0.707106781186548,-1.70009130382943E-15,-0.707106781186547));
#1645=DIRECTION('',(1.04108905263127E-15,-1.,6.01073044787036E-16));
#1646=DIRECTION('',(0.5,1.04108905263127E-15,0.866025403784439));
#1647=DIRECTION('',(-0.258819045102522,3.1113830297729E-16,0.965925826289068));
#1648=DIRECTION('',(0.5,1.04108905263127E-15,0.866025403784439));
#1649=DIRECTION('',(0.965925826289068,1.16118395489201E-15,0.258819045102522));
#1650=DIRECTION('',(0.866025403784439,6.01073044787036E-16,-0.5));
#1651=DIRECTION('',(-0.5,-1.04108905263127E-15,-0.866025403784439));
#1652=DIRECTION('',(1.04108905263127E-15,-1.,6.01073044787036E-16));
#1653=DIRECTION('',(1.04108905263127E-15,-1.,6.01073044787036E-16));
#1654=DIRECTION('',(0.965925826289068,1.16118395489201E-15,0.258819045102522));
#1655=DIRECTION('',(0.258819045102522,-3.1113830297729E-16,-0.965925826289068));
#1656=DIRECTION('',(0.258819045102522,-3.1113830297729E-16,-0.965925826289068));
#1657=DIRECTION('',(-0.965925826289068,-1.16118395489201E-15,-0.258819045102522));
#1658=DIRECTION('',(0.5,1.04108905263127E-15,0.866025403784439));
#1659=DIRECTION('',(-1.04108905263127E-15,1.,-6.01073044787036E-16));
#1660=DIRECTION('',(0.866025403784439,6.01073044787036E-16,-0.5));
#1661=DIRECTION('',(1.04108905263127E-15,-1.,6.01073044787036E-16));
#1662=DIRECTION('',(0.866025403784439,6.01073044787036E-16,-0.5));
#1663=DIRECTION('',(-0.5,-1.04108905263127E-15,-0.866025403784439));
#1664=DIRECTION('',(-0.5,-1.04108905263127E-15,-0.866025403784439));
#1665=DIRECTION('',(1.04108905263127E-15,-1.,6.01073044787036E-16));
#1666=DIRECTION('',(0.5,1.04108905263127E-15,0.866025403784439));
#1667=DIRECTION('',(-1.04108905263127E-15,1.,-6.01073044787036E-16));
#1668=DIRECTION('',(0.866025403784439,6.01073044787036E-16,-0.5));
#1669=DIRECTION('',(-1.04108905263127E-15,1.,-6.01073044787036E-16));
#1670=DIRECTION('',(-0.866025403784439,-6.01073044787036E-16,0.5));
#1671=DIRECTION('',(0.5,-1.04108905263127E-15,-0.866025403784439));
#1672=DIRECTION('',(1.04108905263127E-15,1.,-6.01073044787035E-16));
#1673=DIRECTION('',(-0.5,1.04108905263127E-15,0.866025403784438));
#1674=DIRECTION('',(-1.04108905263127E-15,1.,-1.80321913436111E-15));
#1675=DIRECTION('',(-0.5,-1.04108905263127E-15,-0.866025403784439));
#1676=DIRECTION('',(1.04108905263127E-15,1.,-1.80321913436111E-15));
#1677=DIRECTION('',(-0.5,-1.04108905263127E-15,-0.866025403784439));
#1678=DIRECTION('',(1.04108905263127E-15,1.,-1.80321913436111E-15));
#1679=DIRECTION('',(0.5,-1.04108905263127E-15,-0.866025403784439));
#1680=DIRECTION('',(1.04108905263127E-15,1.,-6.01073044787035E-16));
#1681=DIRECTION('',(-0.866025403784439,6.01073044787035E-16,-0.5));
#1682=DIRECTION('',(-1.04108905263127E-15,-1.,6.01073044787035E-16));
#1683=DIRECTION('',(-0.866025403784439,6.01073044787035E-16,-0.5));
#1684=DIRECTION('',(-0.5,1.04108905263127E-15,0.866025403784439));
#1685=DIRECTION('',(-0.5,1.04108905263127E-15,0.866025403784439));
#1686=DIRECTION('',(-1.04108905263127E-15,-1.,6.01073044787035E-16));
#1687=DIRECTION('',(0.5,-1.04108905263127E-15,-0.866025403784439));
#1688=DIRECTION('',(1.04108905263127E-15,1.,-6.01073044787035E-16));
#1689=DIRECTION('',(-0.866025403784439,6.01073044787035E-16,-0.5));
#1690=DIRECTION('',(1.04108905263127E-15,1.,-6.01073044787035E-16));
#1691=DIRECTION('',(0.866025403784439,-6.01073044787035E-16,0.5));
#1692=DIRECTION('',(-1.,-1.47220436070439E-31,-1.22464679914735E-16));
#1693=DIRECTION('',(1.47220436070439E-31,1.,-2.40429217914814E-15));
#1694=DIRECTION('',(-1.22464679914735E-16,2.40429217914814E-15,1.));
#1695=DIRECTION('',(-1.47220436070439E-31,-1.,2.40429217914814E-15));
#1696=DIRECTION('',(-1.,-1.47220436070439E-31,-1.22464679914735E-16));
#1697=DIRECTION('',(1.47220436070439E-31,1.,-2.40429217914814E-15));
#1698=DIRECTION('',(-1.47220436070439E-31,-1.,2.40429217914814E-15));
#1699=DIRECTION('',(-1.22464679914735E-16,2.40429217914814E-15,1.));
#1700=DIRECTION('',(-1.22464679914735E-16,2.40429217914814E-15,1.));
#1701=DIRECTION('',(1.,1.47220436070439E-31,1.22464679914735E-16));
#1702=DIRECTION('',(1.,1.47220436070439E-31,1.22464679914735E-16));
#1703=DIRECTION('',(1.47220436070439E-31,1.,-2.40429217914814E-15));
#1704=DIRECTION('',(1.22464679914735E-16,-2.40429217914814E-15,-1.));
#1705=DIRECTION('',(1.,0.,0.));
#1706=DIRECTION('',(0.,1.,0.));
#1707=DIRECTION('',(1.,0.,0.));
#1708=DIRECTION('',(0.,1.,0.));
#1709=DIRECTION('',(0.765353059053886,0.,-0.64361067035659));
#1710=DIRECTION('',(-0.64361067035659,0.,-0.765353059053886));
#1711=DIRECTION('',(0.,-1.,0.));
#1712=DIRECTION('',(-0.765353059053886,0.,-0.64361067035659));
#1713=DIRECTION('',(-0.64361067035659,0.,0.765353059053886));
#1714=DIRECTION('',(0.,-1.,0.));
#1715=DIRECTION('',(0.,0.,-1.));
#1716=DIRECTION('',(-1.,0.,0.));
#1717=DIRECTION('',(0.174706661148595,1.95737176704483E-15,0.984620527183092));
#1718=DIRECTION('',(0.984620527183092,7.10043257562855E-16,-0.174706661148595));
#1719=DIRECTION('',(1.04108905263127E-15,-1.,1.80321913436111E-15));
#1720=DIRECTION('',(0.940059720202482,3.63770384687129E-16,-0.341009856826501));
#1721=DIRECTION('',(-0.341009856826501,-2.05015530369269E-15,-0.940059720202482));
#1722=DIRECTION('',(1.04108905263127E-15,-1.,1.80321913436111E-15));
#1723=DIRECTION('',(0.866025403784438,1.80321913436111E-15,0.5));
#1724=DIRECTION('',(0.5,-1.04108905263127E-15,-0.866025403784438));
#1725=DIRECTION('',(-0.940059720202482,3.63770384687127E-16,-0.341009856826502));
#1726=DIRECTION('',(-0.341009856826502,2.05015530369269E-15,0.940059720202482));
#1727=DIRECTION('',(-1.04108905263127E-15,-1.,1.80321913436111E-15));
#1728=DIRECTION('',(-0.174706661148596,1.95737176704483E-15,0.984620527183092));
#1729=DIRECTION('',(0.984620527183092,-7.10043257562854E-16,0.174706661148596));
#1730=DIRECTION('',(-1.04108905263127E-15,-1.,1.80321913436111E-15));
#1731=DIRECTION('',(-0.866025403784439,1.80321913436111E-15,0.5));
#1732=DIRECTION('',(0.5,1.04108905263127E-15,0.866025403784439));
#1733=DIRECTION('',(0.866025403784438,0.,0.5));
#1734=DIRECTION('',(0.5,0.,-0.866025403784438));
#1735=DIRECTION('',(-0.866025403784438,0.,-0.5));
#1736=DIRECTION('',(-0.5,0.,0.866025403784438));
#1737=DIRECTION('',(-0.866025403784438,0.,-0.5));
#1738=DIRECTION('',(-0.5,0.,0.866025403784438));
#1739=DIRECTION('',(-0.866025403784439,0.,0.5));
#1740=DIRECTION('',(0.5,0.,0.866025403784439));
#1741=DIRECTION('',(0.866025403784439,0.,-0.5));
#1742=DIRECTION('',(-0.5,0.,-0.866025403784439));
#1743=DIRECTION('',(0.866025403784439,0.,-0.5));
#1744=DIRECTION('',(-0.5,0.,-0.866025403784439));
#1745=DIRECTION('',(0.,0.,-1.));
#1746=DIRECTION('',(-1.,0.,0.));
#1747=DIRECTION('',(0.,0.,1.));
#1748=DIRECTION('',(1.,0.,0.));
#1749=DIRECTION('',(0.,0.,1.));
#1750=DIRECTION('',(1.,0.,0.));
#1751=CARTESIAN_POINT('',(0.,0.,0.));
#1752=CARTESIAN_POINT('',(0.,-0.0645,-3.32475632702958E-17));
#1753=CARTESIAN_POINT('',(0.0557997642678113,0.0303525481503217,-0.0303173378338853));
#1754=CARTESIAN_POINT('',(0.0561188580798754,0.0320004221020445,-0.0297124195006375));
#1755=CARTESIAN_POINT('',(0.0557999995691,0.0336457634415003,-0.0303168623488475));
#1756=CARTESIAN_POINT('',(0.055000977057316,0.0343268806648083,-0.0317528566522682));
#1757=CARTESIAN_POINT('',(0.0541551268332838,0.0336467121116998,-0.0331658985254556));
#1758=CARTESIAN_POINT('',(0.0537915328169647,0.0320003120464733,-0.0337435054226465));
#1759=CARTESIAN_POINT('',(0.0541539384750413,0.0303565129209667,-0.033167797470091));
#1760=CARTESIAN_POINT('',(0.0549988967827851,0.0296727363518823,-0.0317564825711193));
#1761=CARTESIAN_POINT('',(0.0557997642678113,0.0303525481503217,-0.0303173378338853));
#1762=CARTESIAN_POINT('',(0.0561188580798754,0.0320004221020445,-0.0297124195006375));
#1763=CARTESIAN_POINT('',(0.0557999995691,0.0336457634415003,-0.0303168623488475));
#1764=CARTESIAN_POINT('',(0.0560125326927355,0.032,-0.0299139796975471));
#1765=CARTESIAN_POINT('',(0.,0.04,-1.58871829630786E-16));
#1766=CARTESIAN_POINT('',(0.,0.0399999999999999,-0.0635000000000002));
#1767=CARTESIAN_POINT('',(0.0015,0.04,0.0634822809924156));
#1768=CARTESIAN_POINT('',(0.0015,0.02,0.0634822809924155));
#1769=CARTESIAN_POINT('',(0.0015,0.005,0.0634822809924156));
#1770=CARTESIAN_POINT('',(0.,0.02,-1.34828907839305E-16));
#1771=CARTESIAN_POINT('',(0.0542272680296139,0.02,0.0330401786018844));
#1772=CARTESIAN_POINT('',(0.,0.02,-1.34828907839305E-16));
#1773=CARTESIAN_POINT('',(0.0557272680296139,0.02,0.0304421023905311));
#1774=CARTESIAN_POINT('',(0.,0.02,-1.34828907839305E-16));
#1775=CARTESIAN_POINT('',(0.0557272680296139,0.02,-0.0304421023905311));
#1776=CARTESIAN_POINT('',(0.0557272680296139,0.04,-0.0304421023905312));
#1777=CARTESIAN_POINT('',(0.055727268029614,0.00499999999999989,-0.0304421023905311));
#1778=CARTESIAN_POINT('',(-9.61013523868379E-15,0.005,4.16728480717751E-15));
#1779=CARTESIAN_POINT('',(0.054227268029614,0.00499999999999989,-0.0330401786018845));
#1780=CARTESIAN_POINT('',(0.054227268029614,0.04,-0.0330401786018845));
#1781=CARTESIAN_POINT('',(0.054227268029614,0.02,-0.0330401786018845));
#1782=CARTESIAN_POINT('',(0.,0.02,-1.34828907839305E-16));
#1783=CARTESIAN_POINT('',(0.0015,0.02,-0.0634822809924158));
#1784=CARTESIAN_POINT('',(0.,0.02,-1.34828907839305E-16));
#1785=CARTESIAN_POINT('',(-0.0015,0.02,-0.0634822809924158));
#1786=CARTESIAN_POINT('',(0.,0.02,-1.34828907839305E-16));
#1787=CARTESIAN_POINT('',(-0.0542272680296139,0.02,-0.0330401786018845));
#1788=CARTESIAN_POINT('',(-0.0542272680296139,0.04,-0.0330401786018845));
#1789=CARTESIAN_POINT('',(-0.0542272680296139,0.00499999999999989,-0.0330401786018844));
#1790=CARTESIAN_POINT('',(8.41924757242571E-15,0.005,6.22996275124363E-15));
#1791=CARTESIAN_POINT('',(-0.0557272680296139,0.00499999999999989,-0.0304421023905312));
#1792=CARTESIAN_POINT('',(-0.055727268029614,0.04,-0.0304421023905312));
#1793=CARTESIAN_POINT('',(-0.055727268029614,0.02,-0.0304421023905312));
#1794=CARTESIAN_POINT('',(0.,0.02,-1.34828907839305E-16));
#1795=CARTESIAN_POINT('',(-0.0557272680296139,0.02,0.0304421023905311));
#1796=CARTESIAN_POINT('',(0.,0.02,-1.34828907839305E-16));
#1797=CARTESIAN_POINT('',(-0.0542272680296139,0.02,0.0330401786018844));
#1798=CARTESIAN_POINT('',(0.,0.02,-1.34828907839305E-16));
#1799=CARTESIAN_POINT('',(-0.0015,0.02,0.0634822809924155));
#1800=CARTESIAN_POINT('',(-0.0015,0.04,0.0634822809924155));
#1801=CARTESIAN_POINT('',(-0.0015,0.005,0.0634822809924155));
#1802=CARTESIAN_POINT('',(1.19088766625808E-15,0.005,-1.04152797497647E-14));
#1803=CARTESIAN_POINT('',(-0.0541554668731654,0.0303525481503217,-0.0331653444641651));
#1804=CARTESIAN_POINT('',(-0.0537911391353899,0.0320004221020445,-0.033744146978227));
#1805=CARTESIAN_POINT('',(-0.054155172741688,0.0336457634415003,-0.0331657859835775));
#1806=CARTESIAN_POINT('',(-0.0549992690322479,0.0343268806648083,-0.0317558150384666));
#1807=CARTESIAN_POINT('',(-0.0558000740790234,0.0336467121116998,-0.0303167663200643));
#1808=CARTESIAN_POINT('',(-0.0561184993172321,0.0320003120464733,-0.0297130812166724));
#1809=CARTESIAN_POINT('',(-0.0558011244341967,0.0303565129209667,-0.0303147876993197));
#1810=CARTESIAN_POINT('',(-0.0550013690328197,0.0296727363518822,-0.0317522005084505));
#1811=CARTESIAN_POINT('',(-0.0541554668731654,0.0303525481503217,-0.0331653444641651));
#1812=CARTESIAN_POINT('',(-0.0537911391353899,0.0320004221020445,-0.033744146978227));
#1813=CARTESIAN_POINT('',(-0.054155172741688,0.0336457634415003,-0.0331657859835775));
#1814=CARTESIAN_POINT('',(-0.0539125326927355,0.032,-0.0335512863934418));
#1815=CARTESIAN_POINT('',(-0.0016442973946459,0.0303525481503217,0.0634826822980502));
#1816=CARTESIAN_POINT('',(-0.00232771894448551,0.0320004221020445,0.0634565664788643));
#1817=CARTESIAN_POINT('',(-0.00164482682741206,0.0336457634415003,0.0634826483324249));
#1818=CARTESIAN_POINT('',(-1.70802506802257E-6,0.0343268806648083,0.0635086716907345));
#1819=CARTESIAN_POINT('',(0.00164494724573953,0.0336467121116998,0.0634826648455197));
#1820=CARTESIAN_POINT('',(0.00232696650026748,0.0320003120464733,0.0634565866393187));
#1821=CARTESIAN_POINT('',(0.00164718595915543,0.0303565129209668,0.0634825851694106));
#1822=CARTESIAN_POINT('',(2.47225003453198E-6,0.0296727363518822,0.0635086830795696));
#1823=CARTESIAN_POINT('',(-0.0016442973946459,0.0303525481503217,0.0634826822980502));
#1824=CARTESIAN_POINT('',(-0.00232771894448551,0.0320004221020445,0.0634565664788643));
#1825=CARTESIAN_POINT('',(-0.00164482682741206,0.0336457634415003,0.0634826483324249));
#1826=CARTESIAN_POINT('',(-0.0021,0.032,0.0634652660909887));
#1827=CARTESIAN_POINT('',(0.,-0.0645,-3.32475632702958E-17));
#1828=CARTESIAN_POINT('',(0.00799034601081884,-0.0645,0.0589610411257078));
#1829=CARTESIAN_POINT('',(0.00799034601081876,0.04,0.0589610411257077));
#1830=CARTESIAN_POINT('',(0.00799034601081884,0.0149999999999999,0.0589610411257077));
#1831=CARTESIAN_POINT('',(0.,0.04,-1.58871829630786E-16));
#1832=CARTESIAN_POINT('',(0.0550569324538515,0.04,-0.0225606779324572));
#1833=CARTESIAN_POINT('',(0.0550569324538515,-0.0645,-0.022560677932457));
#1834=CARTESIAN_POINT('',(0.0550569324538515,0.0149999999999999,-0.0225606779324571));
#1835=CARTESIAN_POINT('',(0.,0.015,-1.28818177391434E-16));
#1836=CARTESIAN_POINT('',(0.052612847811304,0.0149999999999999,0.0277873756440686));
#1837=CARTESIAN_POINT('',(0.052612847811304,-0.0645,0.0277873756440687));
#1838=CARTESIAN_POINT('',(0.0526128478113039,0.03,0.0277873756440687));
#1839=CARTESIAN_POINT('',(0.,0.03,-1.46850368735045E-16));
#1840=CARTESIAN_POINT('',(0.0503709971179165,0.03,0.0316703749479993));
#1841=CARTESIAN_POINT('',(0.0503709971179164,-0.0645,0.0316703749479995));
#1842=CARTESIAN_POINT('',(0.0503709971179164,0.0149999999999999,0.0316703749479994));
#1843=CARTESIAN_POINT('',(0.,0.015,-1.28818177391434E-16));
#1844=CARTESIAN_POINT('',(0.,-0.0645,-3.32475632702958E-17));
#1845=CARTESIAN_POINT('',(0.0470665864430326,-0.0645,-0.0364003631932507));
#1846=CARTESIAN_POINT('',(0.0470665864430326,0.04,-0.0364003631932508));
#1847=CARTESIAN_POINT('',(0.0470665864430326,0.0149999999999999,-0.0364003631932509));
#1848=CARTESIAN_POINT('',(0.,0.04,-1.58871829630786E-16));
#1849=CARTESIAN_POINT('',(-0.0470665864430326,0.04,-0.0364003631932509));
#1850=CARTESIAN_POINT('',(-0.0470665864430326,-0.0645,-0.0364003631932507));
#1851=CARTESIAN_POINT('',(-0.0470665864430326,0.0149999999999999,-0.0364003631932509));
#1852=CARTESIAN_POINT('',(0.,0.015,-1.28818177391434E-16));
#1853=CARTESIAN_POINT('',(-0.00224185069338772,0.0149999999999999,-0.0594577505920682));
#1854=CARTESIAN_POINT('',(-0.00224185069338772,-0.0645,-0.0594577505920681));
#1855=CARTESIAN_POINT('',(-0.00224185069338761,0.03,-0.0594577505920682));
#1856=CARTESIAN_POINT('',(0.,0.03,-1.46850368735045E-16));
#1857=CARTESIAN_POINT('',(0.00224185069338762,0.03,-0.0594577505920683));
#1858=CARTESIAN_POINT('',(0.00224185069338772,-0.0645,-0.0594577505920681));
#1859=CARTESIAN_POINT('',(0.00224185069338772,0.0149999999999999,-0.0594577505920682));
#1860=CARTESIAN_POINT('',(0.,0.015,-1.28818177391434E-16));
#1861=CARTESIAN_POINT('',(0.,0.02,0.0648));
#1862=CARTESIAN_POINT('',(0.,0.02,-1.34828907839305E-16));
#1863=CARTESIAN_POINT('',(-0.0015,0.02,0.0660829781411219));
#1864=CARTESIAN_POINT('',(-0.0564795378279435,0.02,0.0343405271762376));
#1865=CARTESIAN_POINT('',(-0.0015,0.02,0.0625));
#1866=CARTESIAN_POINT('',(-0.0533765877365275,0.02,0.0325490381056766));
#1867=CARTESIAN_POINT('',(0.,0.02,0.0648));
#1868=CARTESIAN_POINT('',(0.,0.02,-1.34828907839305E-16));
#1869=CARTESIAN_POINT('',(-0.0579795378279435,0.02,0.0317424509648843));
#1870=CARTESIAN_POINT('',(-0.0579795378279435,0.02,-0.0317424509648844));
#1871=CARTESIAN_POINT('',(-0.0548765877365275,0.02,0.0299509618943233));
#1872=CARTESIAN_POINT('',(-0.0548765877365274,0.02,-0.0299509618943234));
#1873=CARTESIAN_POINT('',(0.,0.02,0.0648));
#1874=CARTESIAN_POINT('',(0.,0.02,-1.34828907839305E-16));
#1875=CARTESIAN_POINT('',(-0.0564795378279435,0.02,-0.0343405271762378));
#1876=CARTESIAN_POINT('',(-0.0015,0.02,-0.0660829781411222));
#1877=CARTESIAN_POINT('',(-0.0533765877365274,0.02,-0.0325490381056767));
#1878=CARTESIAN_POINT('',(-0.0015,0.02,-0.0625));
#1879=CARTESIAN_POINT('',(0.,0.02,0.0648));
#1880=CARTESIAN_POINT('',(0.,0.02,-1.34828907839305E-16));
#1881=CARTESIAN_POINT('',(0.0015,0.02,-0.0660829781411222));
#1882=CARTESIAN_POINT('',(0.0564795378279435,0.02,-0.0343405271762377));
#1883=CARTESIAN_POINT('',(0.0015,0.02,-0.0625));
#1884=CARTESIAN_POINT('',(0.0533765877365274,0.02,-0.0325490381056767));
#1885=CARTESIAN_POINT('',(0.,0.02,0.0648));
#1886=CARTESIAN_POINT('',(0.,0.02,-1.34828907839305E-16));
#1887=CARTESIAN_POINT('',(0.0579795378279435,0.02,-0.0317424509648844));
#1888=CARTESIAN_POINT('',(0.0579795378279434,0.02,0.0317424509648843));
#1889=CARTESIAN_POINT('',(0.0548765877365274,0.02,-0.0299509618943233));
#1890=CARTESIAN_POINT('',(0.0548765877365274,0.02,0.0299509618943233));
#1891=CARTESIAN_POINT('',(0.,0.02,0.0648));
#1892=CARTESIAN_POINT('',(0.0015,0.02,0.0625));
#1893=CARTESIAN_POINT('',(0.0015,0.02,0.0660829781411219));
#1894=CARTESIAN_POINT('',(0.,0.02,-1.34828907839305E-16));
#1895=CARTESIAN_POINT('',(0.0564795378279434,0.02,0.0343405271762376));
#1896=CARTESIAN_POINT('',(0.0533765877365274,0.02,0.0325490381056766));
#1897=CARTESIAN_POINT('',(0.,-0.0645,-3.32475632702958E-17));
#1898=CARTESIAN_POINT('',(0.,0.00499999999999992,-1.16796716495694E-16));
#1899=CARTESIAN_POINT('',(-0.0015,0.005,0.066082978141122));
#1900=CARTESIAN_POINT('',(-0.0564795378279435,0.005,0.0343405271762376));
#1901=CARTESIAN_POINT('',(-0.0015,-0.0645,0.0660829781411221));
#1902=CARTESIAN_POINT('',(-0.0564795378279435,-0.0645,0.0343405271762377));
#1903=CARTESIAN_POINT('',(0.,-0.0645,-3.32475632702958E-17));
#1904=CARTESIAN_POINT('',(0.,0.00499999999999992,-1.16796716495694E-16));
#1905=CARTESIAN_POINT('',(-0.0579795378279434,0.005,0.0317424509648843));
#1906=CARTESIAN_POINT('',(-0.0579795378279435,0.00499999999999988,-0.0317424509648844));
#1907=CARTESIAN_POINT('',(-0.0579795378279435,-0.0645,0.0317424509648844));
#1908=CARTESIAN_POINT('',(-0.0579795378279435,-0.0645,-0.0317424509648843));
#1909=CARTESIAN_POINT('',(0.,-0.0645,-3.32475632702958E-17));
#1910=CARTESIAN_POINT('',(0.,0.00499999999999992,-1.16796716495694E-16));
#1911=CARTESIAN_POINT('',(-0.0564795378279435,0.00499999999999988,-0.0343405271762377));
#1912=CARTESIAN_POINT('',(-0.0015,0.00499999999999984,-0.0660829781411222));
#1913=CARTESIAN_POINT('',(-0.0564795378279435,-0.0645,-0.0343405271762377));
#1914=CARTESIAN_POINT('',(-0.0015,-0.0645,-0.0660829781411221));
#1915=CARTESIAN_POINT('',(0.,-0.0645,-3.32475632702958E-17));
#1916=CARTESIAN_POINT('',(0.,0.00499999999999992,-1.16796716495694E-16));
#1917=CARTESIAN_POINT('',(0.0015,0.00499999999999984,-0.0660829781411222));
#1918=CARTESIAN_POINT('',(0.0564795378279435,0.00499999999999988,-0.0343405271762377));
#1919=CARTESIAN_POINT('',(0.0015,-0.0645,-0.0660829781411221));
#1920=CARTESIAN_POINT('',(0.0564795378279435,-0.0645,-0.0343405271762376));
#1921=CARTESIAN_POINT('',(0.,-0.0645,-3.32475632702958E-17));
#1922=CARTESIAN_POINT('',(0.,0.00499999999999992,-1.16796716495694E-16));
#1923=CARTESIAN_POINT('',(0.0579795378279435,0.00499999999999988,-0.0317424509648844));
#1924=CARTESIAN_POINT('',(0.0579795378279434,0.005,0.0317424509648843));
#1925=CARTESIAN_POINT('',(0.0579795378279435,-0.0645,-0.0317424509648843));
#1926=CARTESIAN_POINT('',(0.0579795378279434,-0.0645,0.0317424509648844));
#1927=CARTESIAN_POINT('',(0.,-0.0645,-3.32475632702958E-17));
#1928=CARTESIAN_POINT('',(0.0015,-0.0645,0.0660829781411221));
#1929=CARTESIAN_POINT('',(0.0015,0.005,0.066082978141122));
#1930=CARTESIAN_POINT('',(0.,0.00499999999999992,-1.16796716495694E-16));
#1931=CARTESIAN_POINT('',(0.0564795378279434,0.005,0.0343405271762376));
#1932=CARTESIAN_POINT('',(0.0564795378279434,-0.0645,0.0343405271762377));
#1933=CARTESIAN_POINT('',(0.,0.005,0.0638));
#1934=CARTESIAN_POINT('',(0.0015,0.005,0.0638));
#1935=CARTESIAN_POINT('',(-0.0015,0.005,0.0638));
#1936=CARTESIAN_POINT('',(-0.0268762103807236,0.005,0.0172490381056766));
#1937=CARTESIAN_POINT('',(-0.052510562332743,0.005,0.0320490381056766));
#1938=CARTESIAN_POINT('',(-0.0256343519520195,0.005,0.0786));
#1939=CARTESIAN_POINT('',(-0.054010562332743,0.005,0.0294509618943233));
#1940=CARTESIAN_POINT('',(-0.0283762103807236,0.00499999999999994,0.0146509618943233));
#1941=CARTESIAN_POINT('',(0.0268762103807236,0.005,0.0172490381056766));
#1942=CARTESIAN_POINT('',(0.0283762103807236,0.00499999999999994,0.0146509618943234));
#1943=CARTESIAN_POINT('',(-0.0015,0.005,0.0638));
#1944=CARTESIAN_POINT('',(-0.0015,0.00499999999999988,-0.0615));
#1945=CARTESIAN_POINT('',(1.53448243933163E-17,0.00499999999999985,-0.0615));
#1946=CARTESIAN_POINT('',(0.0015,0.00499999999999988,-0.0615));
#1947=CARTESIAN_POINT('',(0.0015,0.005,0.0638));
#1948=CARTESIAN_POINT('',(-0.0283762103807236,0.00499999999999994,0.0146509618943233));
#1949=CARTESIAN_POINT('',(-0.0268762103807236,0.005,0.0172490381056766));
#1950=CARTESIAN_POINT('',(0.0283762103807236,0.00499999999999994,0.0146509618943233));
#1951=CARTESIAN_POINT('',(0.054010562332743,0.005,0.0294509618943234));
#1952=CARTESIAN_POINT('',(0.0256343519520194,0.005,0.0786));
#1953=CARTESIAN_POINT('',(0.052510562332743,0.005,0.0320490381056766));
#1954=CARTESIAN_POINT('',(0.0268762103807236,0.005,0.0172490381056766));
#1955=CARTESIAN_POINT('',(0.,0.00499999999999994,-1.16796716495694E-16));
#1956=CARTESIAN_POINT('',(-0.00950414399952045,0.005,0.0607611820724085));
#1957=CARTESIAN_POINT('',(-0.0510673436981365,0.005,0.0342691757650575));
#1958=CARTESIAN_POINT('',(-0.0075,0.005,0.058377943553433));
#1959=CARTESIAN_POINT('',(-0.004,0.005,0.0542158998986806));
#1960=CARTESIAN_POINT('',(8.67361737988404E-19,0.005,0.0542158998986806));
#1961=CARTESIAN_POINT('',(0.004,0.005,0.0542158998986806));
#1962=CARTESIAN_POINT('',(0.0075,0.005,0.058377943553433));
#1963=CARTESIAN_POINT('',(0.00950414399952047,0.005,0.0607611820724085));
#1964=CARTESIAN_POINT('',(0.,0.00499999999999994,-1.16796716495694E-16));
#1965=CARTESIAN_POINT('',(0.0510673436981365,0.005,0.0342691757650575));
#1966=CARTESIAN_POINT('',(0.0510145244277826,0.005,0.034072051564478));
#1967=CARTESIAN_POINT('',(0.0502824736202137,0.005,0.0313400007569092));
#1968=CARTESIAN_POINT('',(0.0512824736202137,0.005,0.0296079499493403));
#1969=CARTESIAN_POINT('',(0.0522824736202137,0.005,0.0278758991417714));
#1970=CARTESIAN_POINT('',(0.0550145244277826,0.005,0.0271438483342025));
#1971=CARTESIAN_POINT('',(0.0552116486283621,0.005,0.0270910290638486));
#1972=CARTESIAN_POINT('',(0.,0.00499999999999994,-1.16796716495694E-16));
#1973=CARTESIAN_POINT('',(0.0573727992384378,0.0049999999999999,-0.022149760891394));
#1974=CARTESIAN_POINT('',(0.054306782137967,0.0049999999999999,-0.0226937812483332));
#1975=CARTESIAN_POINT('',(0.0489523466012916,0.00499999999999991,-0.0236438483342025));
#1976=CARTESIAN_POINT('',(0.0469523466012915,0.0049999999999999,-0.0271079499493403));
#1977=CARTESIAN_POINT('',(0.0449523466012915,0.0049999999999999,-0.0305720515644781));
#1978=CARTESIAN_POINT('',(0.046806782137967,0.00499999999999989,-0.0356841623050998));
#1979=CARTESIAN_POINT('',(0.0478686552389172,0.00499999999999988,-0.0386114211810146));
#1980=CARTESIAN_POINT('',(0.,0.00499999999999994,-1.16796716495694E-16));
#1981=CARTESIAN_POINT('',(0.00414430493022572,0.00499999999999985,-0.0613602048289063));
#1982=CARTESIAN_POINT('',(0.004,0.00499999999999985,-0.0612158998986806));
#1983=CARTESIAN_POINT('',(0.002,0.00499999999999986,-0.0592158998986806));
#1984=CARTESIAN_POINT('',(7.25185622695492E-18,0.00499999999999986,-0.0592158998986806));
#1985=CARTESIAN_POINT('',(-0.002,0.00499999999999986,-0.0592158998986806));
#1986=CARTESIAN_POINT('',(-0.004,0.00499999999999985,-0.0612158998986806));
#1987=CARTESIAN_POINT('',(-0.00414430493022572,0.00499999999999985,-0.0613602048289063));
#1988=CARTESIAN_POINT('',(0.,0.00499999999999994,-1.16796716495694E-16));
#1989=CARTESIAN_POINT('',(-0.0478686552389172,0.00499999999999988,-0.0386114211810147));
#1990=CARTESIAN_POINT('',(-0.046806782137967,0.00499999999999989,-0.0356841623050999));
#1991=CARTESIAN_POINT('',(-0.0449523466012915,0.0049999999999999,-0.0305720515644781));
#1992=CARTESIAN_POINT('',(-0.0469523466012915,0.0049999999999999,-0.0271079499493403));
#1993=CARTESIAN_POINT('',(-0.0489523466012915,0.00499999999999991,-0.0236438483342025));
#1994=CARTESIAN_POINT('',(-0.054306782137967,0.0049999999999999,-0.0226937812483332));
#1995=CARTESIAN_POINT('',(-0.0573727992384378,0.0049999999999999,-0.0221497608913941));
#1996=CARTESIAN_POINT('',(0.,0.00499999999999994,-1.16796716495694E-16));
#1997=CARTESIAN_POINT('',(-0.0552116486283621,0.005,0.0270910290638486));
#1998=CARTESIAN_POINT('',(-0.0550145244277826,0.005,0.0271438483342025));
#1999=CARTESIAN_POINT('',(-0.0522824736202137,0.005,0.0278758991417714));
#2000=CARTESIAN_POINT('',(-0.0512824736202138,0.005,0.0296079499493403));
#2001=CARTESIAN_POINT('',(-0.0502824736202138,0.005,0.0313400007569091));
#2002=CARTESIAN_POINT('',(-0.0510145244277826,0.005,0.034072051564478));
#2003=CARTESIAN_POINT('',(0.,0.015,-1.28818177391434E-16));
#2004=CARTESIAN_POINT('',(0.0079903460108187,0.0149999999999998,0.0589610411257076));
#2005=CARTESIAN_POINT('',(0.00849804224063323,0.0116677984118944,0.0595647708033766));
#2006=CARTESIAN_POINT('',(0.00900250511037768,0.00833441521006652,0.0601646555136846));
#2007=CARTESIAN_POINT('',(0.00950414399952039,0.00499999999999997,0.0607611820724084));
#2008=CARTESIAN_POINT('',(0.0510673436981364,0.00499999999999998,0.0342691757650574));
#2009=CARTESIAN_POINT('',(0.0508380432103067,0.00833625962354816,0.0334134146942763));
#2010=CARTESIAN_POINT('',(0.0506060958827846,0.0116697678033903,0.0325477754832842));
#2011=CARTESIAN_POINT('',(0.0503709971179164,0.0149999999999998,0.0316703749479992));
#2012=CARTESIAN_POINT('',(0.,0.015,-1.28818177391434E-16));
#2013=CARTESIAN_POINT('',(-0.00950414399952039,0.00499999999999998,0.0607611820724084));
#2014=CARTESIAN_POINT('',(-0.00900250511037769,0.00833441521006652,0.0601646555136846));
#2015=CARTESIAN_POINT('',(-0.00849804224063323,0.0116677984118944,0.0595647708033766));
#2016=CARTESIAN_POINT('',(-0.0079903460108187,0.0149999999999998,0.0589610411257076));
#2017=CARTESIAN_POINT('',(-0.00799034601081883,0.0149999999999999,0.0589610411257077));
#2018=CARTESIAN_POINT('',(-0.0503709971179165,0.0149999999999998,0.0316703749479991));
#2019=CARTESIAN_POINT('',(-0.0506060958827847,0.0116697678033903,0.0325477754832841));
#2020=CARTESIAN_POINT('',(-0.0508380432103068,0.00833625962354814,0.0334134146942762));
#2021=CARTESIAN_POINT('',(-0.0510673436981365,0.00499999999999995,0.0342691757650573));
#2022=CARTESIAN_POINT('',(-0.0503709971179164,0.0149999999999999,0.0316703749479993));
#2023=CARTESIAN_POINT('',(0.,0.015,-1.28818177391434E-16));
#2024=CARTESIAN_POINT('',(0.,0.015,-1.28818177391434E-16));
#2025=CARTESIAN_POINT('',(-0.0550569324538513,0.0149999999999998,-0.0225606779324572));
#2026=CARTESIAN_POINT('',(-0.0558336258066385,0.0116677984118944,-0.0224228649388667));
#2027=CARTESIAN_POINT('',(-0.0566053726399794,0.00833441521006645,-0.022285929633556));
#2028=CARTESIAN_POINT('',(-0.0573727992384377,0.00499999999999987,-0.0221497608913941));
#2029=CARTESIAN_POINT('',(-0.0550569324538515,0.0149999999999999,-0.0225606779324571));
#2030=CARTESIAN_POINT('',(0.,0.015,-1.28818177391434E-16));
#2031=CARTESIAN_POINT('',(-0.052612847811304,0.0149999999999999,0.0277873756440686));
#2032=CARTESIAN_POINT('',(-0.055211648628362,0.00499999999999996,0.0270910290638486));
#2033=CARTESIAN_POINT('',(-0.0543558875575809,0.00833625962354815,0.0273203295516784));
#2034=CARTESIAN_POINT('',(-0.0534902483465888,0.0116697678033903,0.0275522768792004));
#2035=CARTESIAN_POINT('',(-0.0526128478113038,0.0149999999999998,0.0277873756440687));
#2036=CARTESIAN_POINT('',(0.,0.015,-1.28818177391434E-16));
#2037=CARTESIAN_POINT('',(-0.0478686552389172,0.00499999999999985,-0.0386114211810146));
#2038=CARTESIAN_POINT('',(-0.0476028675296016,0.00833441521006644,-0.0378787258801288));
#2039=CARTESIAN_POINT('',(-0.0473355835660052,0.0116677984118943,-0.0371419058645101));
#2040=CARTESIAN_POINT('',(-0.0470665864430325,0.0149999999999998,-0.0364003631932507));
#2041=CARTESIAN_POINT('',(-0.00224185069338755,0.0149999999999998,-0.0594577505920681));
#2042=CARTESIAN_POINT('',(-0.00288415246380428,0.0116697678033902,-0.0601000523624848));
#2043=CARTESIAN_POINT('',(-0.00351784434727438,0.00833625962354806,-0.0607337442459549));
#2044=CARTESIAN_POINT('',(-0.00414430493022566,0.00499999999999982,-0.0613602048289062));
#2045=CARTESIAN_POINT('',(0.,0.015,-1.28818177391434E-16));
#2046=CARTESIAN_POINT('',(0.0470665864430325,0.0149999999999998,-0.0364003631932507));
#2047=CARTESIAN_POINT('',(0.0473355835660052,0.0116677984118943,-0.0371419058645101));
#2048=CARTESIAN_POINT('',(0.0476028675296016,0.00833441521006644,-0.0378787258801288));
#2049=CARTESIAN_POINT('',(0.0478686552389172,0.00499999999999987,-0.0386114211810145));
#2050=CARTESIAN_POINT('',(0.00414430493022566,0.00499999999999982,-0.0613602048289062));
#2051=CARTESIAN_POINT('',(0.00351784434727438,0.00833625962354805,-0.0607337442459549));
#2052=CARTESIAN_POINT('',(0.00288415246380428,0.0116697678033902,-0.0601000523624848));
#2053=CARTESIAN_POINT('',(0.00224185069338755,0.0149999999999998,-0.0594577505920681));
#2054=CARTESIAN_POINT('',(0.,0.015,-1.28818177391434E-16));
#2055=CARTESIAN_POINT('',(0.0573727992384377,0.00499999999999988,-0.0221497608913941));
#2056=CARTESIAN_POINT('',(0.0566053726399794,0.00833441521006645,-0.0222859296335559));
#2057=CARTESIAN_POINT('',(0.0558336258066385,0.0116677984118944,-0.0224228649388666));
#2058=CARTESIAN_POINT('',(0.0550569324538514,0.0149999999999998,-0.0225606779324571));
#2059=CARTESIAN_POINT('',(0.0526128478113038,0.0149999999999998,0.0277873756440687));
#2060=CARTESIAN_POINT('',(0.0534902483465888,0.0116697678033903,0.0275522768792005));
#2061=CARTESIAN_POINT('',(0.0543558875575809,0.00833625962354815,0.0273203295516784));
#2062=CARTESIAN_POINT('',(0.055211648628362,0.00499999999999996,0.0270910290638486));
#2063=CARTESIAN_POINT('',(0.,-0.0645,-3.32475632702958E-17));
#2064=CARTESIAN_POINT('',(-0.00799034601081883,-0.0645,0.0589610411257078));
#2065=CARTESIAN_POINT('',(-0.00799034601081876,0.04,0.0589610411257077));
#2066=CARTESIAN_POINT('',(-0.0503709971179164,-0.0645,0.0316703749479995));
#2067=CARTESIAN_POINT('',(-0.0503709971179165,0.03,0.0316703749479992));
#2068=CARTESIAN_POINT('',(0.,0.03,-1.46850368735045E-16));
#2069=CARTESIAN_POINT('',(-0.0526128478113039,0.03,0.0277873756440687));
#2070=CARTESIAN_POINT('',(-0.052612847811304,-0.0645,0.0277873756440687));
#2071=CARTESIAN_POINT('',(-0.0550569324538515,-0.0645,-0.022560677932457));
#2072=CARTESIAN_POINT('',(-0.0550569324538515,0.04,-0.0225606779324572));
#2073=CARTESIAN_POINT('',(0.,0.04,-1.58871829630786E-16));
#2074=CARTESIAN_POINT('',(0.,0.04,0.0615));
#2075=CARTESIAN_POINT('',(0.0075,0.04,0.058377943553433));
#2076=CARTESIAN_POINT('',(0.004,0.04,0.0542158998986806));
#2077=CARTESIAN_POINT('',(8.67361737988404E-19,0.04,0.0542158998986806));
#2078=CARTESIAN_POINT('',(-0.004,0.04,0.0542158998986806));
#2079=CARTESIAN_POINT('',(-0.0075,0.04,0.058377943553433));
#2080=CARTESIAN_POINT('',(-0.054306782137967,0.04,-0.0226937812483333));
#2081=CARTESIAN_POINT('',(-0.0489523466012916,0.04,-0.0236438483342026));
#2082=CARTESIAN_POINT('',(-0.0469523466012916,0.04,-0.0271079499493404));
#2083=CARTESIAN_POINT('',(-0.0449523466012916,0.04,-0.0305720515644781));
#2084=CARTESIAN_POINT('',(-0.046806782137967,0.04,-0.0356841623050999));
#2085=CARTESIAN_POINT('',(0.046806782137967,0.04,-0.0356841623050999));
#2086=CARTESIAN_POINT('',(0.0449523466012915,0.04,-0.0305720515644781));
#2087=CARTESIAN_POINT('',(0.0469523466012916,0.04,-0.0271079499493404));
#2088=CARTESIAN_POINT('',(0.0489523466012916,0.04,-0.0236438483342026));
#2089=CARTESIAN_POINT('',(0.054306782137967,0.04,-0.0226937812483332));
#2090=CARTESIAN_POINT('',(3.1232671578938E-17,0.03,-1.8032191343611E-17));
#2091=CARTESIAN_POINT('',(0.0550145244277826,0.03,0.0271438483342025));
#2092=CARTESIAN_POINT('',(0.0522824736202137,0.03,0.0278758991417714));
#2093=CARTESIAN_POINT('',(0.0512824736202138,0.03,0.0296079499493403));
#2094=CARTESIAN_POINT('',(0.0502824736202138,0.03,0.0313400007569092));
#2095=CARTESIAN_POINT('',(0.0510145244277826,0.03,0.034072051564478));
#2096=CARTESIAN_POINT('',(0.0512824736202138,0.03,0.0296079499493403));
#2097=CARTESIAN_POINT('',(0.0502824736202138,0.03,0.0313400007569092));
#2098=CARTESIAN_POINT('',(0.0522824736202137,0.03,0.0278758991417714));
#2099=CARTESIAN_POINT('',(0.0550145244277826,0.03,0.0271438483342025));
#2100=CARTESIAN_POINT('',(0.0510145244277826,0.03,0.034072051564478));
#2101=CARTESIAN_POINT('',(4.41661308211318E-33,0.03,-7.21287653744442E-17));
#2102=CARTESIAN_POINT('',(-0.004,0.03,-0.0612158998986806));
#2103=CARTESIAN_POINT('',(-0.002,0.03,-0.0592158998986806));
#2104=CARTESIAN_POINT('',(7.25185622695493E-18,0.03,-0.0592158998986806));
#2105=CARTESIAN_POINT('',(0.002,0.03,-0.0592158998986806));
#2106=CARTESIAN_POINT('',(0.004,0.03,-0.0612158998986806));
#2107=CARTESIAN_POINT('',(7.25185622695493E-18,0.03,-0.0592158998986806));
#2108=CARTESIAN_POINT('',(0.002,0.03,-0.0592158998986806));
#2109=CARTESIAN_POINT('',(-0.002,0.03,-0.0592158998986806));
#2110=CARTESIAN_POINT('',(-0.004,0.03,-0.0612158998986806));
#2111=CARTESIAN_POINT('',(0.004,0.03,-0.0612158998986806));
#2112=CARTESIAN_POINT('',(-3.1232671578938E-17,0.03,-1.80321913436111E-17));
#2113=CARTESIAN_POINT('',(-0.0510145244277827,0.03,0.0340720515644779));
#2114=CARTESIAN_POINT('',(-0.0502824736202138,0.03,0.0313400007569091));
#2115=CARTESIAN_POINT('',(-0.0512824736202138,0.03,0.0296079499493402));
#2116=CARTESIAN_POINT('',(-0.0522824736202138,0.03,0.0278758991417714));
#2117=CARTESIAN_POINT('',(-0.0550145244277827,0.03,0.0271438483342024));
#2118=CARTESIAN_POINT('',(-0.0512824736202138,0.03,0.0296079499493402));
#2119=CARTESIAN_POINT('',(-0.0522824736202138,0.03,0.0278758991417714));
#2120=CARTESIAN_POINT('',(-0.0502824736202138,0.03,0.0313400007569091));
#2121=CARTESIAN_POINT('',(-0.0510145244277827,0.03,0.0340720515644779));
#2122=CARTESIAN_POINT('',(-0.0550145244277827,0.03,0.0271438483342024));
#2123=CARTESIAN_POINT('',(0.000750000000000013,-0.01375,0.00129903810567667));
#2124=CARTESIAN_POINT('',(-0.0533765877365275,0.02,0.0325490381056766));
#2125=CARTESIAN_POINT('',(-0.052510562332743,0.02,0.0320490381056766));
#2126=CARTESIAN_POINT('',(-0.052510562332743,0.00249999999999996,0.0320490381056766));
#2127=CARTESIAN_POINT('',(-0.052510562332743,0.00249999999999996,0.0320490381056766));
#2128=CARTESIAN_POINT('',(-0.052510562332743,0.02,0.0320490381056766));
#2129=CARTESIAN_POINT('',(-0.054010562332743,0.02,0.0294509618943233));
#2130=CARTESIAN_POINT('',(-0.054010562332743,0.00249999999999996,0.0294509618943233));
#2131=CARTESIAN_POINT('',(-0.000749999999999985,-0.01375,-0.00129903810567665));
#2132=CARTESIAN_POINT('',(-0.0548765877365275,0.02,0.0299509618943233));
#2133=CARTESIAN_POINT('',(-0.0533765877365275,0.02,0.0325490381056766));
#2134=CARTESIAN_POINT('',(-0.000750000000000015,-0.01375,0.00129903810567667));
#2135=CARTESIAN_POINT('',(0.000750000000000015,-0.01375,-0.00129903810567663));
#2136=CARTESIAN_POINT('',(-0.000750000000000014,-0.01375,-0.00129903810567663));
#2137=CARTESIAN_POINT('',(0.000749999999999985,-0.01375,0.00129903810567668));
#2138=CARTESIAN_POINT('',(0.000749999999999986,-0.01375,-0.00129903810567665));
#2139=CARTESIAN_POINT('',(0.0548765877365274,0.02,0.0299509618943233));
#2140=CARTESIAN_POINT('',(0.054010562332743,0.02,0.0294509618943234));
#2141=CARTESIAN_POINT('',(0.054010562332743,0.00249999999999996,0.0294509618943234));
#2142=CARTESIAN_POINT('',(0.054010562332743,0.00249999999999996,0.0294509618943234));
#2143=CARTESIAN_POINT('',(0.054010562332743,0.02,0.0294509618943234));
#2144=CARTESIAN_POINT('',(0.052510562332743,0.02,0.0320490381056766));
#2145=CARTESIAN_POINT('',(0.052510562332743,0.00249999999999996,0.0320490381056766));
#2146=CARTESIAN_POINT('',(-0.000750000000000015,-0.01375,0.00129903810567667));
#2147=CARTESIAN_POINT('',(0.0533765877365274,0.02,0.0325490381056766));
#2148=CARTESIAN_POINT('',(0.0548765877365274,0.02,0.0299509618943233));
#2149=CARTESIAN_POINT('',(-0.0015,-0.01375,3.28753204434148E-17));
#2150=CARTESIAN_POINT('',(-0.0015,0.02,-0.0625));
#2151=CARTESIAN_POINT('',(-0.0015,0.02,-0.0615));
#2152=CARTESIAN_POINT('',(-0.0015,0.00249999999999986,-0.0615));
#2153=CARTESIAN_POINT('',(0.0015,-0.01375,3.3242714483159E-17));
#2154=CARTESIAN_POINT('',(0.0015,0.00249999999999986,-0.0615));
#2155=CARTESIAN_POINT('',(0.0015,0.02,-0.0615));
#2156=CARTESIAN_POINT('',(0.0015,0.02,-0.0625));
#2157=CARTESIAN_POINT('',(-0.0015,0.00249999999999986,-0.0615));
#2158=CARTESIAN_POINT('',(-0.0015,0.02,-0.0615));
#2159=CARTESIAN_POINT('',(-0.0015,0.02,-0.0625));
#2160=CARTESIAN_POINT('',(0.0015,-0.01375,0.));
#2161=CARTESIAN_POINT('',(-0.0015,-0.01375,0.));
#2162=CARTESIAN_POINT('',(0.0075,0.04,0.058377943553433));
#2163=CARTESIAN_POINT('',(0.004,0.04,0.0542158998986806));
#2164=CARTESIAN_POINT('',(-0.0075,0.04,0.058377943553433));
#2165=CARTESIAN_POINT('',(-0.004,0.04,0.0542158998986806));
#2166=CARTESIAN_POINT('',(8.67361737988404E-19,0.04,0.0542158998986806));
#2167=CARTESIAN_POINT('',(-0.054306782137967,0.04,-0.0226937812483333));
#2168=CARTESIAN_POINT('',(-0.0489523466012916,0.04,-0.0236438483342026));
#2169=CARTESIAN_POINT('',(-0.046806782137967,0.04,-0.0356841623050999));
#2170=CARTESIAN_POINT('',(-0.0449523466012916,0.04,-0.0305720515644781));
#2171=CARTESIAN_POINT('',(-0.0469523466012916,0.04,-0.0271079499493404));
#2172=CARTESIAN_POINT('',(0.046806782137967,0.04,-0.0356841623050999));
#2173=CARTESIAN_POINT('',(0.0449523466012915,0.04,-0.0305720515644781));
#2174=CARTESIAN_POINT('',(0.054306782137967,0.04,-0.0226937812483332));
#2175=CARTESIAN_POINT('',(0.0489523466012916,0.04,-0.0236438483342026));
#2176=CARTESIAN_POINT('',(0.0469523466012916,0.04,-0.0271079499493404));
#2177=CARTESIAN_POINT('',(-0.071014083110324,0.032,-0.041));
#2178=CARTESIAN_POINT('',(-0.049363448015713,0.032,-0.0285));
#2179=CARTESIAN_POINT('',(-0.050413448015713,0.032,-0.0266813466520527));
#2180=CARTESIAN_POINT('',(-0.049363448015713,0.01705,-0.0285));
#2181=CARTESIAN_POINT('',(0.071014083110324,0.032,-0.041));
#2182=CARTESIAN_POINT('',(0.049363448015713,0.032,-0.0285));
#2183=CARTESIAN_POINT('',(0.048313448015713,0.032,-0.0303186533479473));
#2184=CARTESIAN_POINT('',(0.049363448015713,0.01705,-0.0285));
#2185=CARTESIAN_POINT('',(0.,0.032,0.082));
#2186=CARTESIAN_POINT('',(0.,0.032,0.057));
#2187=CARTESIAN_POINT('',(0.0021,0.032,0.057));
#2188=CARTESIAN_POINT('',(0.,0.01705,0.057));
#2189=MECHANICAL_DESIGN_GEOMETRIC_PRESENTATION_REPRESENTATION('',(#1272),
#2190);
#2190=(
GEOMETRIC_REPRESENTATION_CONTEXT(3)
GLOBAL_UNCERTAINTY_ASSIGNED_CONTEXT((#2191))
GLOBAL_UNIT_ASSIGNED_CONTEXT((#2194,#2193,#2192))
REPRESENTATION_CONTEXT('Nose Ring3','TOP_LEVEL_ASSEMBLY_PART')
);
#2191=UNCERTAINTY_MEASURE_WITH_UNIT(LENGTH_MEASURE(2.E-5),#2194,
'DISTANCE_ACCURACY_VALUE','Maximum Tolerance applied to model');
#2192=(
NAMED_UNIT(*)
SI_UNIT($,.STERADIAN.)
SOLID_ANGLE_UNIT()
);
#2193=(
NAMED_UNIT(*)
PLANE_ANGLE_UNIT()
SI_UNIT($,.RADIAN.)
);
#2194=(
LENGTH_UNIT()
NAMED_UNIT(*)
SI_UNIT($,.METRE.)
);
#2195=PRODUCT_DEFINITION_SHAPE('','',#2196);
#2196=PRODUCT_DEFINITION('','',#2198,#2197);
#2197=PRODUCT_DEFINITION_CONTEXT('',#2204,'design');
#2198=PRODUCT_DEFINITION_FORMATION_WITH_SPECIFIED_SOURCE('','',#2200,
 .NOT_KNOWN.);
#2199=PRODUCT_RELATED_PRODUCT_CATEGORY('','',(#2200));
#2200=PRODUCT('Nose Ring3','Nose Ring3','Nose Ring3',(#2202));
#2201=PRODUCT_CATEGORY('','');
#2202=PRODUCT_CONTEXT('',#2204,'mechanical');
#2203=APPLICATION_PROTOCOL_DEFINITION('international standard',
'ap242_managed_model_based_3d_engineering',2020,#2204);
#2204=APPLICATION_CONTEXT('managed model based 3d engineering');
ENDSEC;
END-ISO-10303-21;
