ISO-10303-21;
HEADER;
/* Generated by software containing ST-Developer
 * from STEP Tools, Inc. (www.steptools.com) 
 */
/* OPTION: using custom renumber hook */

FILE_DESCRIPTION(
/* description */ ('STEP AP242 Edition 2',
'CAx-IF Rec.Pracs.---Representation and Presentation of Product Manufa
cturing Information (PMI)---4.0---2014-10-13',
'CAx-IF Rec.Pracs.---3D Tessellated Geometry---0.4---2014-09-14','2;1',
'CAx-IF Rec.Pracs.---User Defined Attributes---1.5---2016-08-15'),
/* implementation_level */ '2;1');

FILE_NAME(
/* name */ 'Nose V2 - Boolean Nose Cone',
/* time_stamp */ '2026-08-23T20:26:51Z',
/* author */ (''),
/* organization */ (''),
/* preprocessor_version */ 'ST-DEVELOPER v20',
/* originating_system */ 'ONSHAPE BY PTC INC, 1.219',
/* authorisation */ '  ');

FILE_SCHEMA (('AP242_MANAGED_MODEL_BASED_3D_ENGINEERING_MIM_LF { 1 0 10303 442 3 1 4 }'));
ENDSEC;

DATA;
#10=SHAPE_REPRESENTATION_RELATIONSHIP('','',#3690,#11);
#11=ADVANCED_BREP_SHAPE_REPRESENTATION('',(#3688),#6312);
#12=ELLIPSE('',#4012,0.071014083110324,0.0615);
#13=ELLIPSE('',#4013,0.071014083110324,0.0615);
#14=ELLIPSE('',#4024,0.071014083110324,0.0615);
#15=ELLIPSE('',#4025,0.071014083110324,0.0615);
#16=ELLIPSE('',#4034,0.071014083110324,0.0615);
#17=ELLIPSE('',#4044,0.071014083110324,0.0615);
#18=CONICAL_SURFACE('',#3723,0.0595,0.19739555984988);
#19=CONICAL_SURFACE('',#3724,0.0595,0.19739555984988);
#20=CONICAL_SURFACE('',#3726,0.0595,0.19739555984988);
#21=CONICAL_SURFACE('',#3728,0.0595,0.19739555984988);
#22=CONICAL_SURFACE('',#3729,0.0595,0.19739555984988);
#23=CONICAL_SURFACE('',#3730,0.0595,0.19739555984988);
#24=LINE('',#5202,#372);
#25=LINE('',#5207,#373);
#26=LINE('',#5211,#374);
#27=LINE('',#5215,#375);
#28=LINE('',#5219,#376);
#29=LINE('',#5224,#377);
#30=LINE('',#5228,#378);
#31=LINE('',#5232,#379);
#32=LINE('',#5239,#380);
#33=LINE('',#5241,#381);
#34=LINE('',#5243,#382);
#35=LINE('',#5247,#383);
#36=LINE('',#5249,#384);
#37=LINE('',#5251,#385);
#38=LINE('',#5255,#386);
#39=LINE('',#5257,#387);
#40=LINE('',#5259,#388);
#41=LINE('',#5263,#389);
#42=LINE('',#5265,#390);
#43=LINE('',#5267,#391);
#44=LINE('',#5271,#392);
#45=LINE('',#5273,#393);
#46=LINE('',#5275,#394);
#47=LINE('',#5279,#395);
#48=LINE('',#5281,#396);
#49=LINE('',#5283,#397);
#50=LINE('',#5287,#398);
#51=LINE('',#5289,#399);
#52=LINE('',#5291,#400);
#53=LINE('',#5295,#401);
#54=LINE('',#5297,#402);
#55=LINE('',#5299,#403);
#56=LINE('',#5303,#404);
#57=LINE('',#5305,#405);
#58=LINE('',#5307,#406);
#59=LINE('',#5311,#407);
#60=LINE('',#5313,#408);
#61=LINE('',#5315,#409);
#62=LINE('',#5319,#410);
#63=LINE('',#5321,#411);
#64=LINE('',#5323,#412);
#65=LINE('',#5327,#413);
#66=LINE('',#5329,#414);
#67=LINE('',#5331,#415);
#68=LINE('',#5393,#416);
#69=LINE('',#5395,#417);
#70=LINE('',#5399,#418);
#71=LINE('',#5400,#419);
#72=LINE('',#5404,#420);
#73=LINE('',#5406,#421);
#74=LINE('',#5408,#422);
#75=LINE('',#5409,#423);
#76=LINE('',#5411,#424);
#77=LINE('',#5413,#425);
#78=LINE('',#5414,#426);
#79=LINE('',#5416,#427);
#80=LINE('',#5418,#428);
#81=LINE('',#5420,#429);
#82=LINE('',#5422,#430);
#83=LINE('',#5424,#431);
#84=LINE('',#5426,#432);
#85=LINE('',#5427,#433);
#86=LINE('',#5431,#434);
#87=LINE('',#5433,#435);
#88=LINE('',#5435,#436);
#89=LINE('',#5437,#437);
#90=LINE('',#5438,#438);
#91=LINE('',#5442,#439);
#92=LINE('',#5444,#440);
#93=LINE('',#5446,#441);
#94=LINE('',#5448,#442);
#95=LINE('',#5449,#443);
#96=LINE('',#5453,#444);
#97=LINE('',#5455,#445);
#98=LINE('',#5458,#446);
#99=LINE('',#5460,#447);
#100=LINE('',#5463,#448);
#101=LINE('',#5465,#449);
#102=LINE('',#5480,#450);
#103=LINE('',#5483,#451);
#104=LINE('',#5487,#452);
#105=LINE('',#5488,#453);
#106=LINE('',#5492,#454);
#107=LINE('',#5496,#455);
#108=LINE('',#5498,#456);
#109=LINE('',#5500,#457);
#110=LINE('',#5502,#458);
#111=LINE('',#5506,#459);
#112=LINE('',#5508,#460);
#113=LINE('',#5510,#461);
#114=LINE('',#5512,#462);
#115=LINE('',#5516,#463);
#116=LINE('',#5520,#464);
#117=LINE('',#5522,#465);
#118=LINE('',#5526,#466);
#119=LINE('',#5528,#467);
#120=LINE('',#5531,#468);
#121=LINE('',#5532,#469);
#122=LINE('',#5540,#470);
#123=LINE('',#5543,#471);
#124=LINE('',#5547,#472);
#125=LINE('',#5548,#473);
#126=LINE('',#5552,#474);
#127=LINE('',#5554,#475);
#128=LINE('',#5556,#476);
#129=LINE('',#5559,#477);
#130=LINE('',#5562,#478);
#131=LINE('',#5566,#479);
#132=LINE('',#5568,#480);
#133=LINE('',#5571,#481);
#134=LINE('',#5575,#482);
#135=LINE('',#5576,#483);
#136=LINE('',#5580,#484);
#137=LINE('',#5584,#485);
#138=LINE('',#5586,#486);
#139=LINE('',#5588,#487);
#140=LINE('',#5590,#488);
#141=LINE('',#5594,#489);
#142=LINE('',#5598,#490);
#143=LINE('',#5601,#491);
#144=LINE('',#5605,#492);
#145=LINE('',#5606,#493);
#146=LINE('',#5610,#494);
#147=LINE('',#5612,#495);
#148=LINE('',#5616,#496);
#149=LINE('',#5621,#497);
#150=LINE('',#5623,#498);
#151=LINE('',#5624,#499);
#152=LINE('',#5626,#500);
#153=LINE('',#5629,#501);
#154=LINE('',#5633,#502);
#155=LINE('',#5634,#503);
#156=LINE('',#5638,#504);
#157=LINE('',#5640,#505);
#158=LINE('',#5642,#506);
#159=LINE('',#5645,#507);
#160=LINE('',#5649,#508);
#161=LINE('',#5652,#509);
#162=LINE('',#5672,#510);
#163=LINE('',#5675,#511);
#164=LINE('',#5677,#512);
#165=LINE('',#5681,#513);
#166=LINE('',#5683,#514);
#167=LINE('',#5685,#515);
#168=LINE('',#5689,#516);
#169=LINE('',#5691,#517);
#170=LINE('',#5693,#518);
#171=LINE('',#5697,#519);
#172=LINE('',#5699,#520);
#173=LINE('',#5701,#521);
#174=LINE('',#5705,#522);
#175=LINE('',#5707,#523);
#176=LINE('',#5709,#524);
#177=LINE('',#5713,#525);
#178=LINE('',#5715,#526);
#179=LINE('',#5717,#527);
#180=LINE('',#5723,#528);
#181=LINE('',#5725,#529);
#182=LINE('',#5727,#530);
#183=LINE('',#5731,#531);
#184=LINE('',#5733,#532);
#185=LINE('',#5735,#533);
#186=LINE('',#5739,#534);
#187=LINE('',#5741,#535);
#188=LINE('',#5743,#536);
#189=LINE('',#5747,#537);
#190=LINE('',#5749,#538);
#191=LINE('',#5751,#539);
#192=LINE('',#5755,#540);
#193=LINE('',#5757,#541);
#194=LINE('',#5759,#542);
#195=LINE('',#5763,#543);
#196=LINE('',#5765,#544);
#197=LINE('',#5767,#545);
#198=LINE('',#5784,#546);
#199=LINE('',#5786,#547);
#200=LINE('',#5788,#548);
#201=LINE('',#5792,#549);
#202=LINE('',#5794,#550);
#203=LINE('',#5796,#551);
#204=LINE('',#5800,#552);
#205=LINE('',#5802,#553);
#206=LINE('',#5804,#554);
#207=LINE('',#5808,#555);
#208=LINE('',#5810,#556);
#209=LINE('',#5812,#557);
#210=LINE('',#5816,#558);
#211=LINE('',#5818,#559);
#212=LINE('',#5820,#560);
#213=LINE('',#5824,#561);
#214=LINE('',#5826,#562);
#215=LINE('',#5828,#563);
#216=LINE('',#5830,#564);
#217=LINE('',#5831,#565);
#218=LINE('',#5833,#566);
#219=LINE('',#5834,#567);
#220=LINE('',#5836,#568);
#221=LINE('',#5837,#569);
#222=LINE('',#5839,#570);
#223=LINE('',#5840,#571);
#224=LINE('',#5842,#572);
#225=LINE('',#5843,#573);
#226=LINE('',#5845,#574);
#227=LINE('',#5846,#575);
#228=LINE('',#5848,#576);
#229=LINE('',#5849,#577);
#230=LINE('',#5853,#578);
#231=LINE('',#5854,#579);
#232=LINE('',#5858,#580);
#233=LINE('',#5859,#581);
#234=LINE('',#5863,#582);
#235=LINE('',#5864,#583);
#236=LINE('',#5868,#584);
#237=LINE('',#5869,#585);
#238=LINE('',#5873,#586);
#239=LINE('',#5874,#587);
#240=LINE('',#5878,#588);
#241=LINE('',#5881,#589);
#242=LINE('',#5888,#590);
#243=LINE('',#5892,#591);
#244=LINE('',#5894,#592);
#245=LINE('',#5896,#593);
#246=LINE('',#5899,#594);
#247=LINE('',#5904,#595);
#248=LINE('',#5908,#596);
#249=LINE('',#5910,#597);
#250=LINE('',#5914,#598);
#251=LINE('',#5917,#599);
#252=LINE('',#5922,#600);
#253=LINE('',#5925,#601);
#254=LINE('',#5930,#602);
#255=LINE('',#5932,#603);
#256=LINE('',#5935,#604);
#257=LINE('',#5940,#605);
#258=LINE('',#5944,#606);
#259=LINE('',#5946,#607);
#260=LINE('',#5952,#608);
#261=LINE('',#5956,#609);
#262=LINE('',#5958,#610);
#263=LINE('',#5962,#611);
#264=LINE('',#5965,#612);
#265=LINE('',#5970,#613);
#266=LINE('',#5973,#614);
#267=LINE('',#5978,#615);
#268=LINE('',#5981,#616);
#269=LINE('',#5986,#617);
#270=LINE('',#5998,#618);
#271=LINE('',#6001,#619);
#272=LINE('',#6005,#620);
#273=LINE('',#6007,#621);
#274=LINE('',#6009,#622);
#275=LINE('',#6013,#623);
#276=LINE('',#6015,#624);
#277=LINE('',#6018,#625);
#278=LINE('',#6022,#626);
#279=LINE('',#6024,#627);
#280=LINE('',#6026,#628);
#281=LINE('',#6030,#629);
#282=LINE('',#6032,#630);
#283=LINE('',#6035,#631);
#284=LINE('',#6039,#632);
#285=LINE('',#6041,#633);
#286=LINE('',#6043,#634);
#287=LINE('',#6047,#635);
#288=LINE('',#6049,#636);
#289=LINE('',#6052,#637);
#290=LINE('',#6056,#638);
#291=LINE('',#6058,#639);
#292=LINE('',#6060,#640);
#293=LINE('',#6064,#641);
#294=LINE('',#6066,#642);
#295=LINE('',#6069,#643);
#296=LINE('',#6073,#644);
#297=LINE('',#6075,#645);
#298=LINE('',#6077,#646);
#299=LINE('',#6081,#647);
#300=LINE('',#6083,#648);
#301=LINE('',#6086,#649);
#302=LINE('',#6088,#650);
#303=LINE('',#6092,#651);
#304=LINE('',#6094,#652);
#305=LINE('',#6096,#653);
#306=LINE('',#6115,#654);
#307=LINE('',#6117,#655);
#308=LINE('',#6119,#656);
#309=LINE('',#6123,#657);
#310=LINE('',#6125,#658);
#311=LINE('',#6127,#659);
#312=LINE('',#6131,#660);
#313=LINE('',#6133,#661);
#314=LINE('',#6135,#662);
#315=LINE('',#6139,#663);
#316=LINE('',#6141,#664);
#317=LINE('',#6143,#665);
#318=LINE('',#6147,#666);
#319=LINE('',#6149,#667);
#320=LINE('',#6151,#668);
#321=LINE('',#6155,#669);
#322=LINE('',#6157,#670);
#323=LINE('',#6159,#671);
#324=LINE('',#6161,#672);
#325=LINE('',#6164,#673);
#326=LINE('',#6165,#674);
#327=LINE('',#6166,#675);
#328=LINE('',#6167,#676);
#329=LINE('',#6169,#677);
#330=LINE('',#6172,#678);
#331=LINE('',#6173,#679);
#332=LINE('',#6174,#680);
#333=LINE('',#6175,#681);
#334=LINE('',#6177,#682);
#335=LINE('',#6180,#683);
#336=LINE('',#6181,#684);
#337=LINE('',#6182,#685);
#338=LINE('',#6183,#686);
#339=LINE('',#6185,#687);
#340=LINE('',#6188,#688);
#341=LINE('',#6189,#689);
#342=LINE('',#6190,#690);
#343=LINE('',#6191,#691);
#344=LINE('',#6193,#692);
#345=LINE('',#6194,#693);
#346=LINE('',#6196,#694);
#347=LINE('',#6197,#695);
#348=LINE('',#6199,#696);
#349=LINE('',#6200,#697);
#350=LINE('',#6202,#698);
#351=LINE('',#6203,#699);
#352=LINE('',#6205,#700);
#353=LINE('',#6206,#701);
#354=LINE('',#6208,#702);
#355=LINE('',#6209,#703);
#356=LINE('',#6215,#704);
#357=LINE('',#6217,#705);
#358=LINE('',#6219,#706);
#359=LINE('',#6221,#707);
#360=LINE('',#6223,#708);
#361=LINE('',#6229,#709);
#362=LINE('',#6231,#710);
#363=LINE('',#6233,#711);
#364=LINE('',#6235,#712);
#365=LINE('',#6237,#713);
#366=LINE('',#6241,#714);
#367=LINE('',#6251,#715);
#368=LINE('',#6260,#716);
#369=LINE('',#6269,#717);
#370=LINE('',#6281,#718);
#371=LINE('',#6289,#719);
#372=VECTOR('',#4082,1.);
#373=VECTOR('',#4085,1.);
#374=VECTOR('',#4088,1.);
#375=VECTOR('',#4091,1.);
#376=VECTOR('',#4096,1.);
#377=VECTOR('',#4099,1.);
#378=VECTOR('',#4102,1.);
#379=VECTOR('',#4105,1.);
#380=VECTOR('',#4112,1.);
#381=VECTOR('',#4113,1.);
#382=VECTOR('',#4114,1.);
#383=VECTOR('',#4117,1.);
#384=VECTOR('',#4118,1.);
#385=VECTOR('',#4119,1.);
#386=VECTOR('',#4122,1.);
#387=VECTOR('',#4123,1.);
#388=VECTOR('',#4124,1.);
#389=VECTOR('',#4127,1.);
#390=VECTOR('',#4128,1.);
#391=VECTOR('',#4129,1.);
#392=VECTOR('',#4132,1.);
#393=VECTOR('',#4133,1.);
#394=VECTOR('',#4134,1.);
#395=VECTOR('',#4137,1.);
#396=VECTOR('',#4138,1.);
#397=VECTOR('',#4139,1.);
#398=VECTOR('',#4142,1.);
#399=VECTOR('',#4143,1.);
#400=VECTOR('',#4144,1.);
#401=VECTOR('',#4147,1.);
#402=VECTOR('',#4148,1.);
#403=VECTOR('',#4149,1.);
#404=VECTOR('',#4152,1.);
#405=VECTOR('',#4153,1.);
#406=VECTOR('',#4154,1.);
#407=VECTOR('',#4157,1.);
#408=VECTOR('',#4158,1.);
#409=VECTOR('',#4159,1.);
#410=VECTOR('',#4162,1.);
#411=VECTOR('',#4163,1.);
#412=VECTOR('',#4164,1.);
#413=VECTOR('',#4167,1.);
#414=VECTOR('',#4168,1.);
#415=VECTOR('',#4169,1.);
#416=VECTOR('',#4188,1.);
#417=VECTOR('',#4189,1.);
#418=VECTOR('',#4192,1.);
#419=VECTOR('',#4193,1.);
#420=VECTOR('',#4198,1.);
#421=VECTOR('',#4199,1.);
#422=VECTOR('',#4200,1.);
#423=VECTOR('',#4201,1.);
#424=VECTOR('',#4202,1.);
#425=VECTOR('',#4203,1.);
#426=VECTOR('',#4204,1.);
#427=VECTOR('',#4205,1.);
#428=VECTOR('',#4206,1.);
#429=VECTOR('',#4209,1.);
#430=VECTOR('',#4210,1.);
#431=VECTOR('',#4211,1.);
#432=VECTOR('',#4214,1.);
#433=VECTOR('',#4215,1.);
#434=VECTOR('',#4222,1.);
#435=VECTOR('',#4223,1.);
#436=VECTOR('',#4224,1.);
#437=VECTOR('',#4227,1.);
#438=VECTOR('',#4228,1.);
#439=VECTOR('',#4235,1.);
#440=VECTOR('',#4236,1.);
#441=VECTOR('',#4237,1.);
#442=VECTOR('',#4240,1.);
#443=VECTOR('',#4241,1.);
#444=VECTOR('',#4248,1.);
#445=VECTOR('',#4251,1.);
#446=VECTOR('',#4256,1.);
#447=VECTOR('',#4259,1.);
#448=VECTOR('',#4264,1.);
#449=VECTOR('',#4267,1.);
#450=VECTOR('',#4290,1.);
#451=VECTOR('',#4291,1.);
#452=VECTOR('',#4294,1.);
#453=VECTOR('',#4295,1.);
#454=VECTOR('',#4300,1.);
#455=VECTOR('',#4303,1.);
#456=VECTOR('',#4306,1.);
#457=VECTOR('',#4309,1.);
#458=VECTOR('',#4310,1.);
#459=VECTOR('',#4313,1.);
#460=VECTOR('',#4316,1.);
#461=VECTOR('',#4317,1.);
#462=VECTOR('',#4318,1.);
#463=VECTOR('',#4323,1.);
#464=VECTOR('',#4328,1.);
#465=VECTOR('',#4329,1.);
#466=VECTOR('',#4332,1.);
#467=VECTOR('',#4335,1.);
#468=VECTOR('',#4336,1.);
#469=VECTOR('',#4337,1.);
#470=VECTOR('',#4350,1.);
#471=VECTOR('',#4351,1.);
#472=VECTOR('',#4354,1.);
#473=VECTOR('',#4355,1.);
#474=VECTOR('',#4360,1.);
#475=VECTOR('',#4361,1.);
#476=VECTOR('',#4364,1.);
#477=VECTOR('',#4365,1.);
#478=VECTOR('',#4368,1.);
#479=VECTOR('',#4373,1.);
#480=VECTOR('',#4376,1.);
#481=VECTOR('',#4377,1.);
#482=VECTOR('',#4380,1.);
#483=VECTOR('',#4381,1.);
#484=VECTOR('',#4386,1.);
#485=VECTOR('',#4389,1.);
#486=VECTOR('',#4392,1.);
#487=VECTOR('',#4395,1.);
#488=VECTOR('',#4396,1.);
#489=VECTOR('',#4399,1.);
#490=VECTOR('',#4406,1.);
#491=VECTOR('',#4407,1.);
#492=VECTOR('',#4410,1.);
#493=VECTOR('',#4411,1.);
#494=VECTOR('',#4416,1.);
#495=VECTOR('',#4417,1.);
#496=VECTOR('',#4422,1.);
#497=VECTOR('',#4427,1.);
#498=VECTOR('',#4428,1.);
#499=VECTOR('',#4429,1.);
#500=VECTOR('',#4432,1.);
#501=VECTOR('',#4433,1.);
#502=VECTOR('',#4436,1.);
#503=VECTOR('',#4437,1.);
#504=VECTOR('',#4442,1.);
#505=VECTOR('',#4443,1.);
#506=VECTOR('',#4446,1.);
#507=VECTOR('',#4447,1.);
#508=VECTOR('',#4450,1.);
#509=VECTOR('',#4455,1.);
#510=VECTOR('',#4494,1.);
#511=VECTOR('',#4495,1.);
#512=VECTOR('',#4496,1.);
#513=VECTOR('',#4499,1.);
#514=VECTOR('',#4500,1.);
#515=VECTOR('',#4501,1.);
#516=VECTOR('',#4504,1.);
#517=VECTOR('',#4505,1.);
#518=VECTOR('',#4506,1.);
#519=VECTOR('',#4509,1.);
#520=VECTOR('',#4510,1.);
#521=VECTOR('',#4511,1.);
#522=VECTOR('',#4514,1.);
#523=VECTOR('',#4515,1.);
#524=VECTOR('',#4516,1.);
#525=VECTOR('',#4519,1.);
#526=VECTOR('',#4520,1.);
#527=VECTOR('',#4521,1.);
#528=VECTOR('',#4526,1.);
#529=VECTOR('',#4527,1.);
#530=VECTOR('',#4528,1.);
#531=VECTOR('',#4531,1.);
#532=VECTOR('',#4532,1.);
#533=VECTOR('',#4533,1.);
#534=VECTOR('',#4536,1.);
#535=VECTOR('',#4537,1.);
#536=VECTOR('',#4538,1.);
#537=VECTOR('',#4541,1.);
#538=VECTOR('',#4542,1.);
#539=VECTOR('',#4543,1.);
#540=VECTOR('',#4546,1.);
#541=VECTOR('',#4547,1.);
#542=VECTOR('',#4548,1.);
#543=VECTOR('',#4551,1.);
#544=VECTOR('',#4552,1.);
#545=VECTOR('',#4553,1.);
#546=VECTOR('',#4582,1.);
#547=VECTOR('',#4583,1.);
#548=VECTOR('',#4584,1.);
#549=VECTOR('',#4587,1.);
#550=VECTOR('',#4588,1.);
#551=VECTOR('',#4589,1.);
#552=VECTOR('',#4592,1.);
#553=VECTOR('',#4593,1.);
#554=VECTOR('',#4594,1.);
#555=VECTOR('',#4597,1.);
#556=VECTOR('',#4598,1.);
#557=VECTOR('',#4599,1.);
#558=VECTOR('',#4602,1.);
#559=VECTOR('',#4603,1.);
#560=VECTOR('',#4604,1.);
#561=VECTOR('',#4607,1.);
#562=VECTOR('',#4608,1.);
#563=VECTOR('',#4609,1.);
#564=VECTOR('',#4612,1.);
#565=VECTOR('',#4613,1.);
#566=VECTOR('',#4616,1.);
#567=VECTOR('',#4617,1.);
#568=VECTOR('',#4620,1.);
#569=VECTOR('',#4621,1.);
#570=VECTOR('',#4624,1.);
#571=VECTOR('',#4625,1.);
#572=VECTOR('',#4628,1.);
#573=VECTOR('',#4629,1.);
#574=VECTOR('',#4632,1.);
#575=VECTOR('',#4633,1.);
#576=VECTOR('',#4636,1.);
#577=VECTOR('',#4637,1.);
#578=VECTOR('',#4644,1.);
#579=VECTOR('',#4645,1.);
#580=VECTOR('',#4652,1.);
#581=VECTOR('',#4653,1.);
#582=VECTOR('',#4660,1.);
#583=VECTOR('',#4661,1.);
#584=VECTOR('',#4668,1.);
#585=VECTOR('',#4669,1.);
#586=VECTOR('',#4676,1.);
#587=VECTOR('',#4677,1.);
#588=VECTOR('',#4684,1.);
#589=VECTOR('',#4685,1.);
#590=VECTOR('',#4694,1.);
#591=VECTOR('',#4699,1.);
#592=VECTOR('',#4700,1.);
#593=VECTOR('',#4703,1.);
#594=VECTOR('',#4704,1.);
#595=VECTOR('',#4711,1.);
#596=VECTOR('',#4716,1.);
#597=VECTOR('',#4717,1.);
#598=VECTOR('',#4722,1.);
#599=VECTOR('',#4723,1.);
#600=VECTOR('',#4730,1.);
#601=VECTOR('',#4731,1.);
#602=VECTOR('',#4738,1.);
#603=VECTOR('',#4741,1.);
#604=VECTOR('',#4742,1.);
#605=VECTOR('',#4749,1.);
#606=VECTOR('',#4754,1.);
#607=VECTOR('',#4755,1.);
#608=VECTOR('',#4762,1.);
#609=VECTOR('',#4767,1.);
#610=VECTOR('',#4768,1.);
#611=VECTOR('',#4773,1.);
#612=VECTOR('',#4774,1.);
#613=VECTOR('',#4783,1.);
#614=VECTOR('',#4784,1.);
#615=VECTOR('',#4791,1.);
#616=VECTOR('',#4792,1.);
#617=VECTOR('',#4799,1.);
#618=VECTOR('',#4822,1.);
#619=VECTOR('',#4823,1.);
#620=VECTOR('',#4826,1.);
#621=VECTOR('',#4827,1.);
#622=VECTOR('',#4828,1.);
#623=VECTOR('',#4831,1.);
#624=VECTOR('',#4834,1.);
#625=VECTOR('',#4835,1.);
#626=VECTOR('',#4838,1.);
#627=VECTOR('',#4839,1.);
#628=VECTOR('',#4840,1.);
#629=VECTOR('',#4843,1.);
#630=VECTOR('',#4846,1.);
#631=VECTOR('',#4847,1.);
#632=VECTOR('',#4850,1.);
#633=VECTOR('',#4851,1.);
#634=VECTOR('',#4852,1.);
#635=VECTOR('',#4855,1.);
#636=VECTOR('',#4858,1.);
#637=VECTOR('',#4859,1.);
#638=VECTOR('',#4862,1.);
#639=VECTOR('',#4863,1.);
#640=VECTOR('',#4864,1.);
#641=VECTOR('',#4867,1.);
#642=VECTOR('',#4870,1.);
#643=VECTOR('',#4871,1.);
#644=VECTOR('',#4874,1.);
#645=VECTOR('',#4875,1.);
#646=VECTOR('',#4876,1.);
#647=VECTOR('',#4879,1.);
#648=VECTOR('',#4882,1.);
#649=VECTOR('',#4883,1.);
#650=VECTOR('',#4884,1.);
#651=VECTOR('',#4887,1.);
#652=VECTOR('',#4888,1.);
#653=VECTOR('',#4889,1.);
#654=VECTOR('',#4920,1.);
#655=VECTOR('',#4921,1.);
#656=VECTOR('',#4922,1.);
#657=VECTOR('',#4925,1.);
#658=VECTOR('',#4926,1.);
#659=VECTOR('',#4927,1.);
#660=VECTOR('',#4930,1.);
#661=VECTOR('',#4931,1.);
#662=VECTOR('',#4932,1.);
#663=VECTOR('',#4935,1.);
#664=VECTOR('',#4936,1.);
#665=VECTOR('',#4937,1.);
#666=VECTOR('',#4940,1.);
#667=VECTOR('',#4941,1.);
#668=VECTOR('',#4942,1.);
#669=VECTOR('',#4945,1.);
#670=VECTOR('',#4946,1.);
#671=VECTOR('',#4947,1.);
#672=VECTOR('',#4950,1.);
#673=VECTOR('',#4951,1.);
#674=VECTOR('',#4952,1.);
#675=VECTOR('',#4953,1.);
#676=VECTOR('',#4954,1.);
#677=VECTOR('',#4957,1.);
#678=VECTOR('',#4958,1.);
#679=VECTOR('',#4959,1.);
#680=VECTOR('',#4960,1.);
#681=VECTOR('',#4961,1.);
#682=VECTOR('',#4964,1.);
#683=VECTOR('',#4965,1.);
#684=VECTOR('',#4966,1.);
#685=VECTOR('',#4967,1.);
#686=VECTOR('',#4968,1.);
#687=VECTOR('',#4971,1.);
#688=VECTOR('',#4972,1.);
#689=VECTOR('',#4973,1.);
#690=VECTOR('',#4974,1.);
#691=VECTOR('',#4975,1.);
#692=VECTOR('',#4978,1.);
#693=VECTOR('',#4979,1.);
#694=VECTOR('',#4982,1.);
#695=VECTOR('',#4983,1.);
#696=VECTOR('',#4986,1.);
#697=VECTOR('',#4987,1.);
#698=VECTOR('',#4990,1.);
#699=VECTOR('',#4991,1.);
#700=VECTOR('',#4994,1.);
#701=VECTOR('',#4995,1.);
#702=VECTOR('',#4998,1.);
#703=VECTOR('',#4999,1.);
#704=VECTOR('',#5010,1.);
#705=VECTOR('',#5013,1.);
#706=VECTOR('',#5016,1.);
#707=VECTOR('',#5017,1.);
#708=VECTOR('',#5018,1.);
#709=VECTOR('',#5029,1.);
#710=VECTOR('',#5032,1.);
#711=VECTOR('',#5035,1.);
#712=VECTOR('',#5036,1.);
#713=VECTOR('',#5037,1.);
#714=VECTOR('',#5042,1.);
#715=VECTOR('',#5055,1.);
#716=VECTOR('',#5068,1.);
#717=VECTOR('',#5081,1.);
#718=VECTOR('',#5100,1.);
#719=VECTOR('',#5111,1.);
#720=B_SPLINE_CURVE_WITH_KNOTS('',3,(#5163,#5164,#5165,#5166,#5167,#5168,
#5169,#5170,#5171,#5172,#5173),.UNSPECIFIED.,.T.,.F.,(1,1,1,1,1,1,1,1,1,
1,1,1,1,1,1),(-0.00492394720120183,-0.00328263146746788,-0.00164131573373394,
6.93889390390723E-18,0.00164131573373395,0.0032826314674679,0.00492394720120184,
0.00656526293493579,0.00820657866866973,0.00984789440240368,0.0114892101361376,
0.0131305258698716,0.0147718416036055,0.0164131573373395,0.0180544730710734),
 .UNSPECIFIED.);
#721=B_SPLINE_CURVE_WITH_KNOTS('',3,(#5177,#5178,#5179,#5180,#5181,#5182,
#5183,#5184,#5185,#5186,#5187),.UNSPECIFIED.,.T.,.F.,(1,1,1,1,1,1,1,1,1,
1,1,1,1,1,1),(-0.00492394720120197,-0.00328263146746798,-0.00164131573373399,
0.,0.00164131573373399,0.00328263146746798,0.00492394720120197,0.00656526293493596,
0.00820657866866995,0.00984789440240394,0.0114892101361379,0.0131305258698719,
0.0147718416036059,0.0164131573373399,0.0180544730710739),.UNSPECIFIED.);
#722=B_SPLINE_CURVE_WITH_KNOTS('',3,(#5189,#5190,#5191,#5192,#5193,#5194,
#5195,#5196,#5197,#5198,#5199),.UNSPECIFIED.,.T.,.F.,(1,1,1,1,1,1,1,1,1,
1,1,1,1,1,1),(-0.00492394720120184,-0.00328263146746789,-0.00164131573373395,
0.,0.00164131573373395,0.00328263146746789,0.00492394720120184,0.00656526293493579,
0.00820657866866973,0.00984789440240368,0.0114892101361376,0.0131305258698716,
0.0147718416036055,0.0164131573373395,0.0180544730710734),.UNSPECIFIED.);
#723=B_SPLINE_CURVE_WITH_KNOTS('',3,(#5333,#5334,#5335,#5336),
 .UNSPECIFIED.,.F.,.F.,(4,4),(2.05527410527169E-7,0.0102730869040538),
 .UNSPECIFIED.);
#724=B_SPLINE_CURVE_WITH_KNOTS('',3,(#5337,#5338,#5339,#5340),
 .UNSPECIFIED.,.F.,.F.,(4,4),(2.06930540527879E-7,0.010355817209347),
 .UNSPECIFIED.);
#725=B_SPLINE_CURVE_WITH_KNOTS('',3,(#5342,#5343,#5344,#5345),
 .UNSPECIFIED.,.F.,.F.,(4,4),(2.0539096395044E-7,0.0102730867676072),
 .UNSPECIFIED.);
#726=B_SPLINE_CURVE_WITH_KNOTS('',3,(#5347,#5348,#5349,#5350),
 .UNSPECIFIED.,.F.,.F.,(4,4),(2.07305074218E-7,0.0103558175838807),
 .UNSPECIFIED.);
#727=B_SPLINE_CURVE_WITH_KNOTS('',3,(#5354,#5355,#5356,#5357),
 .UNSPECIFIED.,.F.,.F.,(4,4),(2.05527410540381E-7,0.0102730869040539),
 .UNSPECIFIED.);
#728=B_SPLINE_CURVE_WITH_KNOTS('',3,(#5361,#5362,#5363,#5364),
 .UNSPECIFIED.,.F.,.F.,(4,4),(2.06930540516924E-7,0.010355817209347),
 .UNSPECIFIED.);
#729=B_SPLINE_CURVE_WITH_KNOTS('',3,(#5366,#5367,#5368,#5369),
 .UNSPECIFIED.,.F.,.F.,(4,4),(2.05390963969864E-7,0.0102730867676073),
 .UNSPECIFIED.);
#730=B_SPLINE_CURVE_WITH_KNOTS('',3,(#5370,#5371,#5372,#5373),
 .UNSPECIFIED.,.F.,.F.,(4,4),(2.07305074227524E-7,0.0103558175838809),
 .UNSPECIFIED.);
#731=B_SPLINE_CURVE_WITH_KNOTS('',3,(#5375,#5376,#5377,#5378),
 .UNSPECIFIED.,.F.,.F.,(4,4),(2.05527410547111E-7,0.0102730869040539),
 .UNSPECIFIED.);
#732=B_SPLINE_CURVE_WITH_KNOTS('',3,(#5379,#5380,#5381,#5382),
 .UNSPECIFIED.,.F.,.F.,(4,4),(2.06930540500093E-7,0.0103558172093472),
 .UNSPECIFIED.);
#733=B_SPLINE_CURVE_WITH_KNOTS('',3,(#5384,#5385,#5386,#5387),
 .UNSPECIFIED.,.F.,.F.,(4,4),(2.05390963952038E-7,0.0102730867676073),
 .UNSPECIFIED.);
#734=B_SPLINE_CURVE_WITH_KNOTS('',3,(#5388,#5389,#5390,#5391),
 .UNSPECIFIED.,.F.,.F.,(4,4),(2.07305074233376E-7,0.0103558175838807),
 .UNSPECIFIED.);
#735=SPHERICAL_SURFACE('',#3697,0.0675);
#736=SPHERICAL_SURFACE('',#3781,0.0661);
#737=SPHERICAL_SURFACE('',#3827,0.0661);
#738=SPHERICAL_SURFACE('',#3829,0.0661);
#739=SPHERICAL_SURFACE('',#3831,0.0661);
#740=SPHERICAL_SURFACE('',#3833,0.0661);
#741=SPHERICAL_SURFACE('',#3835,0.0661);
#742=SPHERICAL_SURFACE('',#3928,0.0661);
#743=SPHERICAL_SURFACE('',#3937,0.0661);
#744=SPHERICAL_SURFACE('',#3939,0.0661);
#745=SPHERICAL_SURFACE('',#3941,0.0661);
#746=SPHERICAL_SURFACE('',#3943,0.0661);
#747=SPHERICAL_SURFACE('',#3945,0.0661);
#748=SPHERICAL_SURFACE('',#4056,0.0661);
#749=SPHERICAL_SURFACE('',#4057,0.0661);
#750=SPHERICAL_SURFACE('',#4058,0.0661);
#751=SPHERICAL_SURFACE('',#4059,0.0661);
#752=SPHERICAL_SURFACE('',#4060,0.0661);
#753=SPHERICAL_SURFACE('',#4061,0.0661);
#754=CYLINDRICAL_SURFACE('',#3695,0.0675);
#755=CYLINDRICAL_SURFACE('',#3698,0.0635);
#756=CYLINDRICAL_SURFACE('',#3700,0.0595);
#757=CYLINDRICAL_SURFACE('',#3705,0.0595);
#758=CYLINDRICAL_SURFACE('',#3731,0.0595);
#759=CYLINDRICAL_SURFACE('',#3756,0.0021);
#760=CYLINDRICAL_SURFACE('',#3759,0.0021);
#761=CYLINDRICAL_SURFACE('',#3762,0.0021);
#762=CYLINDRICAL_SURFACE('',#3768,0.0615);
#763=CYLINDRICAL_SURFACE('',#3774,0.0615);
#764=CYLINDRICAL_SURFACE('',#3784,0.0661);
#765=CYLINDRICAL_SURFACE('',#3792,0.0615);
#766=CYLINDRICAL_SURFACE('',#3796,0.0615);
#767=CYLINDRICAL_SURFACE('',#3801,0.0661);
#768=CYLINDRICAL_SURFACE('',#3807,0.0615);
#769=CYLINDRICAL_SURFACE('',#3818,0.0615);
#770=CYLINDRICAL_SURFACE('',#3819,0.0661);
#771=CYLINDRICAL_SURFACE('',#3821,0.0661);
#772=CYLINDRICAL_SURFACE('',#3823,0.0661);
#773=CYLINDRICAL_SURFACE('',#3825,0.0661);
#774=CYLINDRICAL_SURFACE('',#3850,0.0635);
#775=CYLINDRICAL_SURFACE('',#3852,0.0635);
#776=CYLINDRICAL_SURFACE('',#3854,0.0635);
#777=CYLINDRICAL_SURFACE('',#3856,0.0635);
#778=CYLINDRICAL_SURFACE('',#3858,0.0635);
#779=CYLINDRICAL_SURFACE('',#3860,0.0635);
#780=CYLINDRICAL_SURFACE('',#3869,0.061);
#781=CYLINDRICAL_SURFACE('',#3870,0.061);
#782=CYLINDRICAL_SURFACE('',#3871,0.061);
#783=CYLINDRICAL_SURFACE('',#3872,0.061);
#784=CYLINDRICAL_SURFACE('',#3873,0.061);
#785=CYLINDRICAL_SURFACE('',#3874,0.061);
#786=CYLINDRICAL_SURFACE('',#3896,0.0615);
#787=CYLINDRICAL_SURFACE('',#3903,0.0615);
#788=CYLINDRICAL_SURFACE('',#3913,0.0615);
#789=CYLINDRICAL_SURFACE('',#3917,0.0615);
#790=CYLINDRICAL_SURFACE('',#3921,0.0615);
#791=CYLINDRICAL_SURFACE('',#3936,0.0615);
#792=CYLINDRICAL_SURFACE('',#3965,0.05);
#793=CYLINDRICAL_SURFACE('',#3967,0.05);
#794=CYLINDRICAL_SURFACE('',#3969,0.05);
#795=CYLINDRICAL_SURFACE('',#3971,0.05);
#796=CYLINDRICAL_SURFACE('',#3973,0.05);
#797=CYLINDRICAL_SURFACE('',#3975,0.05);
#798=CYLINDRICAL_SURFACE('',#3988,0.0475);
#799=CYLINDRICAL_SURFACE('',#3989,0.0475);
#800=CYLINDRICAL_SURFACE('',#3990,0.0475);
#801=CYLINDRICAL_SURFACE('',#3991,0.0475);
#802=CYLINDRICAL_SURFACE('',#3992,0.0475);
#803=CYLINDRICAL_SURFACE('',#3993,0.0475);
#804=CYLINDRICAL_SURFACE('',#4011,0.0615);
#805=CYLINDRICAL_SURFACE('',#4023,0.0615);
#806=CYLINDRICAL_SURFACE('',#4032,0.0615);
#807=CYLINDRICAL_SURFACE('',#4043,0.0615);
#808=CYLINDRICAL_SURFACE('',#4048,0.0615);
#809=CYLINDRICAL_SURFACE('',#4049,0.0615);
#810=ORIENTED_EDGE('',*,*,#1886,.F.);
#811=ORIENTED_EDGE('',*,*,#1887,.F.);
#812=ORIENTED_EDGE('',*,*,#1887,.T.);
#813=ORIENTED_EDGE('',*,*,#1888,.F.);
#814=ORIENTED_EDGE('',*,*,#1888,.T.);
#815=ORIENTED_EDGE('',*,*,#1889,.T.);
#816=ORIENTED_EDGE('',*,*,#1890,.T.);
#817=ORIENTED_EDGE('',*,*,#1886,.T.);
#818=ORIENTED_EDGE('',*,*,#1891,.T.);
#819=ORIENTED_EDGE('',*,*,#1892,.T.);
#820=ORIENTED_EDGE('',*,*,#1893,.F.);
#821=ORIENTED_EDGE('',*,*,#1894,.F.);
#822=ORIENTED_EDGE('',*,*,#1895,.F.);
#823=ORIENTED_EDGE('',*,*,#1896,.T.);
#824=ORIENTED_EDGE('',*,*,#1897,.F.);
#825=ORIENTED_EDGE('',*,*,#1898,.T.);
#826=ORIENTED_EDGE('',*,*,#1899,.F.);
#827=ORIENTED_EDGE('',*,*,#1900,.T.);
#828=ORIENTED_EDGE('',*,*,#1901,.F.);
#829=ORIENTED_EDGE('',*,*,#1902,.F.);
#830=ORIENTED_EDGE('',*,*,#1903,.F.);
#831=ORIENTED_EDGE('',*,*,#1904,.T.);
#832=ORIENTED_EDGE('',*,*,#1905,.F.);
#833=ORIENTED_EDGE('',*,*,#1906,.T.);
#834=ORIENTED_EDGE('',*,*,#1907,.F.);
#835=ORIENTED_EDGE('',*,*,#1908,.T.);
#836=ORIENTED_EDGE('',*,*,#1909,.T.);
#837=ORIENTED_EDGE('',*,*,#1910,.T.);
#838=ORIENTED_EDGE('',*,*,#1911,.T.);
#839=ORIENTED_EDGE('',*,*,#1912,.F.);
#840=ORIENTED_EDGE('',*,*,#1913,.T.);
#841=ORIENTED_EDGE('',*,*,#1914,.F.);
#842=ORIENTED_EDGE('',*,*,#1915,.F.);
#843=ORIENTED_EDGE('',*,*,#1916,.T.);
#844=ORIENTED_EDGE('',*,*,#1917,.T.);
#845=ORIENTED_EDGE('',*,*,#1918,.T.);
#846=ORIENTED_EDGE('',*,*,#1919,.T.);
#847=ORIENTED_EDGE('',*,*,#1920,.F.);
#848=ORIENTED_EDGE('',*,*,#1921,.T.);
#849=ORIENTED_EDGE('',*,*,#1922,.F.);
#850=ORIENTED_EDGE('',*,*,#1923,.F.);
#851=ORIENTED_EDGE('',*,*,#1924,.T.);
#852=ORIENTED_EDGE('',*,*,#1925,.T.);
#853=ORIENTED_EDGE('',*,*,#1926,.T.);
#854=ORIENTED_EDGE('',*,*,#1927,.T.);
#855=ORIENTED_EDGE('',*,*,#1928,.F.);
#856=ORIENTED_EDGE('',*,*,#1929,.T.);
#857=ORIENTED_EDGE('',*,*,#1930,.F.);
#858=ORIENTED_EDGE('',*,*,#1931,.F.);
#859=ORIENTED_EDGE('',*,*,#1932,.T.);
#860=ORIENTED_EDGE('',*,*,#1933,.F.);
#861=ORIENTED_EDGE('',*,*,#1934,.T.);
#862=ORIENTED_EDGE('',*,*,#1935,.T.);
#863=ORIENTED_EDGE('',*,*,#1936,.T.);
#864=ORIENTED_EDGE('',*,*,#1937,.F.);
#865=ORIENTED_EDGE('',*,*,#1938,.T.);
#866=ORIENTED_EDGE('',*,*,#1939,.T.);
#867=ORIENTED_EDGE('',*,*,#1940,.T.);
#868=ORIENTED_EDGE('',*,*,#1941,.F.);
#869=ORIENTED_EDGE('',*,*,#1942,.T.);
#870=ORIENTED_EDGE('',*,*,#1943,.T.);
#871=ORIENTED_EDGE('',*,*,#1944,.T.);
#872=ORIENTED_EDGE('',*,*,#1945,.F.);
#873=ORIENTED_EDGE('',*,*,#1946,.T.);
#874=ORIENTED_EDGE('',*,*,#1947,.T.);
#875=ORIENTED_EDGE('',*,*,#1948,.T.);
#876=ORIENTED_EDGE('',*,*,#1949,.F.);
#877=ORIENTED_EDGE('',*,*,#1950,.T.);
#878=ORIENTED_EDGE('',*,*,#1951,.T.);
#879=ORIENTED_EDGE('',*,*,#1952,.T.);
#880=ORIENTED_EDGE('',*,*,#1953,.F.);
#881=ORIENTED_EDGE('',*,*,#1954,.T.);
#882=ORIENTED_EDGE('',*,*,#1955,.T.);
#883=ORIENTED_EDGE('',*,*,#1956,.T.);
#884=ORIENTED_EDGE('',*,*,#1957,.F.);
#885=ORIENTED_EDGE('',*,*,#1900,.F.);
#886=ORIENTED_EDGE('',*,*,#1958,.F.);
#887=ORIENTED_EDGE('',*,*,#1937,.T.);
#888=ORIENTED_EDGE('',*,*,#1959,.F.);
#889=ORIENTED_EDGE('',*,*,#1933,.T.);
#890=ORIENTED_EDGE('',*,*,#1960,.F.);
#891=ORIENTED_EDGE('',*,*,#1961,.F.);
#892=ORIENTED_EDGE('',*,*,#1962,.F.);
#893=ORIENTED_EDGE('',*,*,#1963,.F.);
#894=ORIENTED_EDGE('',*,*,#1964,.F.);
#895=ORIENTED_EDGE('',*,*,#1953,.T.);
#896=ORIENTED_EDGE('',*,*,#1965,.F.);
#897=ORIENTED_EDGE('',*,*,#1949,.T.);
#898=ORIENTED_EDGE('',*,*,#1966,.F.);
#899=ORIENTED_EDGE('',*,*,#1904,.F.);
#900=ORIENTED_EDGE('',*,*,#1967,.F.);
#901=ORIENTED_EDGE('',*,*,#1908,.F.);
#902=ORIENTED_EDGE('',*,*,#1968,.F.);
#903=ORIENTED_EDGE('',*,*,#1945,.T.);
#904=ORIENTED_EDGE('',*,*,#1969,.F.);
#905=ORIENTED_EDGE('',*,*,#1941,.T.);
#906=ORIENTED_EDGE('',*,*,#1970,.F.);
#907=ORIENTED_EDGE('',*,*,#1896,.F.);
#908=ORIENTED_EDGE('',*,*,#1971,.F.);
#909=ORIENTED_EDGE('',*,*,#1961,.T.);
#910=ORIENTED_EDGE('',*,*,#1972,.F.);
#911=ORIENTED_EDGE('',*,*,#1973,.T.);
#912=ORIENTED_EDGE('',*,*,#1974,.F.);
#913=ORIENTED_EDGE('',*,*,#1963,.T.);
#914=ORIENTED_EDGE('',*,*,#1975,.F.);
#915=ORIENTED_EDGE('',*,*,#1976,.F.);
#916=ORIENTED_EDGE('',*,*,#1890,.F.);
#917=ORIENTED_EDGE('',*,*,#1894,.T.);
#918=ORIENTED_EDGE('',*,*,#1977,.F.);
#919=ORIENTED_EDGE('',*,*,#1978,.F.);
#920=ORIENTED_EDGE('',*,*,#1979,.F.);
#921=ORIENTED_EDGE('',*,*,#1976,.T.);
#922=ORIENTED_EDGE('',*,*,#1980,.F.);
#923=ORIENTED_EDGE('',*,*,#1981,.F.);
#924=ORIENTED_EDGE('',*,*,#1982,.F.);
#925=ORIENTED_EDGE('',*,*,#1902,.T.);
#926=ORIENTED_EDGE('',*,*,#1983,.F.);
#927=ORIENTED_EDGE('',*,*,#1984,.F.);
#928=ORIENTED_EDGE('',*,*,#1985,.F.);
#929=ORIENTED_EDGE('',*,*,#1898,.F.);
#930=ORIENTED_EDGE('',*,*,#1986,.F.);
#931=ORIENTED_EDGE('',*,*,#1987,.F.);
#932=ORIENTED_EDGE('',*,*,#1988,.F.);
#933=ORIENTED_EDGE('',*,*,#1939,.F.);
#934=ORIENTED_EDGE('',*,*,#1989,.F.);
#935=ORIENTED_EDGE('',*,*,#1987,.T.);
#936=ORIENTED_EDGE('',*,*,#1990,.T.);
#937=ORIENTED_EDGE('',*,*,#1897,.T.);
#938=ORIENTED_EDGE('',*,*,#1970,.T.);
#939=ORIENTED_EDGE('',*,*,#1940,.F.);
#940=ORIENTED_EDGE('',*,*,#1990,.F.);
#941=ORIENTED_EDGE('',*,*,#1986,.T.);
#942=ORIENTED_EDGE('',*,*,#1938,.F.);
#943=ORIENTED_EDGE('',*,*,#1958,.T.);
#944=ORIENTED_EDGE('',*,*,#1899,.T.);
#945=ORIENTED_EDGE('',*,*,#1988,.T.);
#946=ORIENTED_EDGE('',*,*,#1989,.T.);
#947=ORIENTED_EDGE('',*,*,#1906,.F.);
#948=ORIENTED_EDGE('',*,*,#1991,.F.);
#949=ORIENTED_EDGE('',*,*,#1992,.F.);
#950=ORIENTED_EDGE('',*,*,#1993,.F.);
#951=ORIENTED_EDGE('',*,*,#1947,.F.);
#952=ORIENTED_EDGE('',*,*,#1994,.F.);
#953=ORIENTED_EDGE('',*,*,#1992,.T.);
#954=ORIENTED_EDGE('',*,*,#1995,.T.);
#955=ORIENTED_EDGE('',*,*,#1905,.T.);
#956=ORIENTED_EDGE('',*,*,#1966,.T.);
#957=ORIENTED_EDGE('',*,*,#1948,.F.);
#958=ORIENTED_EDGE('',*,*,#1995,.F.);
#959=ORIENTED_EDGE('',*,*,#1991,.T.);
#960=ORIENTED_EDGE('',*,*,#1946,.F.);
#961=ORIENTED_EDGE('',*,*,#1968,.T.);
#962=ORIENTED_EDGE('',*,*,#1907,.T.);
#963=ORIENTED_EDGE('',*,*,#1993,.T.);
#964=ORIENTED_EDGE('',*,*,#1994,.T.);
#965=ORIENTED_EDGE('',*,*,#1973,.F.);
#966=ORIENTED_EDGE('',*,*,#1996,.F.);
#967=ORIENTED_EDGE('',*,*,#1997,.F.);
#968=ORIENTED_EDGE('',*,*,#1998,.F.);
#969=ORIENTED_EDGE('',*,*,#1955,.F.);
#970=ORIENTED_EDGE('',*,*,#1999,.F.);
#971=ORIENTED_EDGE('',*,*,#1997,.T.);
#972=ORIENTED_EDGE('',*,*,#2000,.T.);
#973=ORIENTED_EDGE('',*,*,#1972,.T.);
#974=ORIENTED_EDGE('',*,*,#1960,.T.);
#975=ORIENTED_EDGE('',*,*,#1956,.F.);
#976=ORIENTED_EDGE('',*,*,#2000,.F.);
#977=ORIENTED_EDGE('',*,*,#1996,.T.);
#978=ORIENTED_EDGE('',*,*,#1954,.F.);
#979=ORIENTED_EDGE('',*,*,#1964,.T.);
#980=ORIENTED_EDGE('',*,*,#1974,.T.);
#981=ORIENTED_EDGE('',*,*,#1998,.T.);
#982=ORIENTED_EDGE('',*,*,#1999,.T.);
#983=ORIENTED_EDGE('',*,*,#1893,.T.);
#984=ORIENTED_EDGE('',*,*,#1957,.T.);
#985=ORIENTED_EDGE('',*,*,#1936,.F.);
#986=ORIENTED_EDGE('',*,*,#2001,.F.);
#987=ORIENTED_EDGE('',*,*,#1977,.T.);
#988=ORIENTED_EDGE('',*,*,#1934,.F.);
#989=ORIENTED_EDGE('',*,*,#1959,.T.);
#990=ORIENTED_EDGE('',*,*,#1971,.T.);
#991=ORIENTED_EDGE('',*,*,#1979,.T.);
#992=ORIENTED_EDGE('',*,*,#2002,.T.);
#993=ORIENTED_EDGE('',*,*,#1935,.F.);
#994=ORIENTED_EDGE('',*,*,#2002,.F.);
#995=ORIENTED_EDGE('',*,*,#1978,.T.);
#996=ORIENTED_EDGE('',*,*,#2001,.T.);
#997=ORIENTED_EDGE('',*,*,#1975,.T.);
#998=ORIENTED_EDGE('',*,*,#1962,.T.);
#999=ORIENTED_EDGE('',*,*,#1952,.F.);
#1000=ORIENTED_EDGE('',*,*,#2003,.F.);
#1001=ORIENTED_EDGE('',*,*,#1980,.T.);
#1002=ORIENTED_EDGE('',*,*,#1950,.F.);
#1003=ORIENTED_EDGE('',*,*,#1965,.T.);
#1004=ORIENTED_EDGE('',*,*,#1903,.T.);
#1005=ORIENTED_EDGE('',*,*,#1982,.T.);
#1006=ORIENTED_EDGE('',*,*,#2004,.T.);
#1007=ORIENTED_EDGE('',*,*,#1951,.F.);
#1008=ORIENTED_EDGE('',*,*,#2004,.F.);
#1009=ORIENTED_EDGE('',*,*,#1981,.T.);
#1010=ORIENTED_EDGE('',*,*,#2003,.T.);
#1011=ORIENTED_EDGE('',*,*,#1901,.T.);
#1012=ORIENTED_EDGE('',*,*,#1967,.T.);
#1013=ORIENTED_EDGE('',*,*,#1944,.F.);
#1014=ORIENTED_EDGE('',*,*,#2005,.F.);
#1015=ORIENTED_EDGE('',*,*,#1983,.T.);
#1016=ORIENTED_EDGE('',*,*,#1942,.F.);
#1017=ORIENTED_EDGE('',*,*,#1969,.T.);
#1018=ORIENTED_EDGE('',*,*,#1895,.T.);
#1019=ORIENTED_EDGE('',*,*,#1985,.T.);
#1020=ORIENTED_EDGE('',*,*,#2006,.T.);
#1021=ORIENTED_EDGE('',*,*,#1943,.F.);
#1022=ORIENTED_EDGE('',*,*,#2006,.F.);
#1023=ORIENTED_EDGE('',*,*,#1984,.T.);
#1024=ORIENTED_EDGE('',*,*,#2005,.T.);
#1025=ORIENTED_EDGE('',*,*,#1891,.F.);
#1026=ORIENTED_EDGE('',*,*,#2007,.F.);
#1027=ORIENTED_EDGE('',*,*,#2007,.T.);
#1028=ORIENTED_EDGE('',*,*,#1889,.F.);
#1029=ORIENTED_EDGE('',*,*,#2008,.F.);
#1030=ORIENTED_EDGE('',*,*,#2008,.T.);
#1031=ORIENTED_EDGE('',*,*,#1892,.F.);
#1032=ORIENTED_EDGE('',*,*,#2009,.F.);
#1033=ORIENTED_EDGE('',*,*,#2009,.T.);
#1034=ORIENTED_EDGE('',*,*,#2010,.F.);
#1035=ORIENTED_EDGE('',*,*,#2011,.F.);
#1036=ORIENTED_EDGE('',*,*,#2012,.F.);
#1037=ORIENTED_EDGE('',*,*,#2013,.F.);
#1038=ORIENTED_EDGE('',*,*,#1930,.T.);
#1039=ORIENTED_EDGE('',*,*,#2014,.F.);
#1040=ORIENTED_EDGE('',*,*,#2015,.T.);
#1041=ORIENTED_EDGE('',*,*,#2012,.T.);
#1042=ORIENTED_EDGE('',*,*,#2016,.F.);
#1043=ORIENTED_EDGE('',*,*,#2017,.F.);
#1044=ORIENTED_EDGE('',*,*,#2018,.F.);
#1045=ORIENTED_EDGE('',*,*,#1931,.T.);
#1046=ORIENTED_EDGE('',*,*,#2013,.T.);
#1047=ORIENTED_EDGE('',*,*,#2018,.T.);
#1048=ORIENTED_EDGE('',*,*,#2019,.F.);
#1049=ORIENTED_EDGE('',*,*,#2020,.T.);
#1050=ORIENTED_EDGE('',*,*,#2021,.T.);
#1051=ORIENTED_EDGE('',*,*,#2022,.F.);
#1052=ORIENTED_EDGE('',*,*,#2023,.T.);
#1053=ORIENTED_EDGE('',*,*,#1932,.F.);
#1054=ORIENTED_EDGE('',*,*,#2019,.T.);
#1055=ORIENTED_EDGE('',*,*,#2017,.T.);
#1056=ORIENTED_EDGE('',*,*,#1911,.F.);
#1057=ORIENTED_EDGE('',*,*,#2024,.T.);
#1058=ORIENTED_EDGE('',*,*,#2025,.T.);
#1059=ORIENTED_EDGE('',*,*,#2026,.F.);
#1060=ORIENTED_EDGE('',*,*,#2027,.T.);
#1061=ORIENTED_EDGE('',*,*,#2028,.F.);
#1062=ORIENTED_EDGE('',*,*,#2029,.F.);
#1063=ORIENTED_EDGE('',*,*,#2025,.F.);
#1064=ORIENTED_EDGE('',*,*,#2030,.T.);
#1065=ORIENTED_EDGE('',*,*,#2031,.T.);
#1066=ORIENTED_EDGE('',*,*,#2032,.F.);
#1067=ORIENTED_EDGE('',*,*,#2033,.T.);
#1068=ORIENTED_EDGE('',*,*,#1912,.T.);
#1069=ORIENTED_EDGE('',*,*,#2026,.T.);
#1070=ORIENTED_EDGE('',*,*,#2029,.T.);
#1071=ORIENTED_EDGE('',*,*,#2034,.F.);
#1072=ORIENTED_EDGE('',*,*,#2035,.F.);
#1073=ORIENTED_EDGE('',*,*,#2027,.F.);
#1074=ORIENTED_EDGE('',*,*,#2024,.F.);
#1075=ORIENTED_EDGE('',*,*,#1910,.F.);
#1076=ORIENTED_EDGE('',*,*,#2036,.F.);
#1077=ORIENTED_EDGE('',*,*,#2037,.T.);
#1078=ORIENTED_EDGE('',*,*,#2038,.F.);
#1079=ORIENTED_EDGE('',*,*,#2037,.F.);
#1080=ORIENTED_EDGE('',*,*,#2039,.F.);
#1081=ORIENTED_EDGE('',*,*,#2022,.T.);
#1082=ORIENTED_EDGE('',*,*,#1909,.F.);
#1083=ORIENTED_EDGE('',*,*,#2023,.F.);
#1084=ORIENTED_EDGE('',*,*,#2039,.T.);
#1085=ORIENTED_EDGE('',*,*,#2036,.T.);
#1086=ORIENTED_EDGE('',*,*,#2040,.T.);
#1087=ORIENTED_EDGE('',*,*,#2041,.T.);
#1088=ORIENTED_EDGE('',*,*,#2042,.F.);
#1089=ORIENTED_EDGE('',*,*,#2043,.T.);
#1090=ORIENTED_EDGE('',*,*,#1928,.T.);
#1091=ORIENTED_EDGE('',*,*,#2044,.T.);
#1092=ORIENTED_EDGE('',*,*,#2045,.T.);
#1093=ORIENTED_EDGE('',*,*,#1927,.F.);
#1094=ORIENTED_EDGE('',*,*,#2046,.T.);
#1095=ORIENTED_EDGE('',*,*,#2047,.T.);
#1096=ORIENTED_EDGE('',*,*,#2044,.F.);
#1097=ORIENTED_EDGE('',*,*,#2048,.F.);
#1098=ORIENTED_EDGE('',*,*,#2049,.F.);
#1099=ORIENTED_EDGE('',*,*,#2050,.F.);
#1100=ORIENTED_EDGE('',*,*,#2046,.F.);
#1101=ORIENTED_EDGE('',*,*,#1926,.F.);
#1102=ORIENTED_EDGE('',*,*,#2051,.F.);
#1103=ORIENTED_EDGE('',*,*,#2052,.T.);
#1104=ORIENTED_EDGE('',*,*,#2050,.T.);
#1105=ORIENTED_EDGE('',*,*,#2053,.F.);
#1106=ORIENTED_EDGE('',*,*,#2045,.F.);
#1107=ORIENTED_EDGE('',*,*,#2047,.F.);
#1108=ORIENTED_EDGE('',*,*,#2054,.F.);
#1109=ORIENTED_EDGE('',*,*,#2055,.F.);
#1110=ORIENTED_EDGE('',*,*,#2056,.F.);
#1111=ORIENTED_EDGE('',*,*,#2057,.F.);
#1112=ORIENTED_EDGE('',*,*,#1922,.T.);
#1113=ORIENTED_EDGE('',*,*,#2058,.F.);
#1114=ORIENTED_EDGE('',*,*,#2059,.T.);
#1115=ORIENTED_EDGE('',*,*,#2056,.T.);
#1116=ORIENTED_EDGE('',*,*,#2060,.F.);
#1117=ORIENTED_EDGE('',*,*,#2061,.F.);
#1118=ORIENTED_EDGE('',*,*,#2062,.F.);
#1119=ORIENTED_EDGE('',*,*,#1923,.T.);
#1120=ORIENTED_EDGE('',*,*,#2057,.T.);
#1121=ORIENTED_EDGE('',*,*,#2062,.T.);
#1122=ORIENTED_EDGE('',*,*,#2063,.F.);
#1123=ORIENTED_EDGE('',*,*,#2064,.T.);
#1124=ORIENTED_EDGE('',*,*,#2065,.T.);
#1125=ORIENTED_EDGE('',*,*,#2066,.F.);
#1126=ORIENTED_EDGE('',*,*,#2067,.T.);
#1127=ORIENTED_EDGE('',*,*,#1924,.F.);
#1128=ORIENTED_EDGE('',*,*,#2063,.T.);
#1129=ORIENTED_EDGE('',*,*,#2061,.T.);
#1130=ORIENTED_EDGE('',*,*,#1925,.F.);
#1131=ORIENTED_EDGE('',*,*,#2067,.F.);
#1132=ORIENTED_EDGE('',*,*,#2068,.T.);
#1133=ORIENTED_EDGE('',*,*,#2051,.T.);
#1134=ORIENTED_EDGE('',*,*,#2069,.T.);
#1135=ORIENTED_EDGE('',*,*,#2070,.T.);
#1136=ORIENTED_EDGE('',*,*,#2071,.F.);
#1137=ORIENTED_EDGE('',*,*,#2072,.T.);
#1138=ORIENTED_EDGE('',*,*,#1920,.T.);
#1139=ORIENTED_EDGE('',*,*,#2073,.T.);
#1140=ORIENTED_EDGE('',*,*,#2074,.T.);
#1141=ORIENTED_EDGE('',*,*,#1919,.F.);
#1142=ORIENTED_EDGE('',*,*,#2075,.T.);
#1143=ORIENTED_EDGE('',*,*,#2076,.T.);
#1144=ORIENTED_EDGE('',*,*,#2073,.F.);
#1145=ORIENTED_EDGE('',*,*,#2077,.T.);
#1146=ORIENTED_EDGE('',*,*,#2078,.F.);
#1147=ORIENTED_EDGE('',*,*,#2074,.F.);
#1148=ORIENTED_EDGE('',*,*,#2076,.F.);
#1149=ORIENTED_EDGE('',*,*,#2079,.T.);
#1150=ORIENTED_EDGE('',*,*,#2080,.T.);
#1151=ORIENTED_EDGE('',*,*,#2081,.T.);
#1152=ORIENTED_EDGE('',*,*,#2077,.F.);
#1153=ORIENTED_EDGE('',*,*,#2075,.F.);
#1154=ORIENTED_EDGE('',*,*,#1918,.F.);
#1155=ORIENTED_EDGE('',*,*,#2082,.F.);
#1156=ORIENTED_EDGE('',*,*,#2083,.F.);
#1157=ORIENTED_EDGE('',*,*,#2084,.F.);
#1158=ORIENTED_EDGE('',*,*,#2085,.T.);
#1159=ORIENTED_EDGE('',*,*,#2086,.F.);
#1160=ORIENTED_EDGE('',*,*,#1914,.T.);
#1161=ORIENTED_EDGE('',*,*,#2087,.T.);
#1162=ORIENTED_EDGE('',*,*,#2088,.F.);
#1163=ORIENTED_EDGE('',*,*,#1915,.T.);
#1164=ORIENTED_EDGE('',*,*,#2086,.T.);
#1165=ORIENTED_EDGE('',*,*,#2089,.T.);
#1166=ORIENTED_EDGE('',*,*,#2090,.F.);
#1167=ORIENTED_EDGE('',*,*,#2091,.T.);
#1168=ORIENTED_EDGE('',*,*,#2092,.T.);
#1169=ORIENTED_EDGE('',*,*,#2093,.F.);
#1170=ORIENTED_EDGE('',*,*,#2094,.T.);
#1171=ORIENTED_EDGE('',*,*,#1916,.F.);
#1172=ORIENTED_EDGE('',*,*,#2090,.T.);
#1173=ORIENTED_EDGE('',*,*,#2095,.T.);
#1174=ORIENTED_EDGE('',*,*,#2085,.F.);
#1175=ORIENTED_EDGE('',*,*,#2096,.F.);
#1176=ORIENTED_EDGE('',*,*,#2095,.F.);
#1177=ORIENTED_EDGE('',*,*,#2089,.F.);
#1178=ORIENTED_EDGE('',*,*,#1917,.F.);
#1179=ORIENTED_EDGE('',*,*,#2094,.F.);
#1180=ORIENTED_EDGE('',*,*,#2097,.T.);
#1181=ORIENTED_EDGE('',*,*,#2082,.T.);
#1182=ORIENTED_EDGE('',*,*,#1921,.F.);
#1183=ORIENTED_EDGE('',*,*,#2072,.F.);
#1184=ORIENTED_EDGE('',*,*,#2098,.T.);
#1185=ORIENTED_EDGE('',*,*,#2058,.T.);
#1186=ORIENTED_EDGE('',*,*,#1929,.F.);
#1187=ORIENTED_EDGE('',*,*,#2043,.F.);
#1188=ORIENTED_EDGE('',*,*,#2099,.T.);
#1189=ORIENTED_EDGE('',*,*,#2014,.T.);
#1190=ORIENTED_EDGE('',*,*,#1913,.F.);
#1191=ORIENTED_EDGE('',*,*,#2033,.F.);
#1192=ORIENTED_EDGE('',*,*,#2100,.T.);
#1193=ORIENTED_EDGE('',*,*,#2087,.F.);
#1194=ORIENTED_EDGE('',*,*,#2101,.F.);
#1195=ORIENTED_EDGE('',*,*,#2088,.T.);
#1196=ORIENTED_EDGE('',*,*,#2100,.F.);
#1197=ORIENTED_EDGE('',*,*,#2032,.T.);
#1198=ORIENTED_EDGE('',*,*,#2102,.F.);
#1199=ORIENTED_EDGE('',*,*,#2015,.F.);
#1200=ORIENTED_EDGE('',*,*,#2099,.F.);
#1201=ORIENTED_EDGE('',*,*,#2042,.T.);
#1202=ORIENTED_EDGE('',*,*,#2103,.F.);
#1203=ORIENTED_EDGE('',*,*,#2052,.F.);
#1204=ORIENTED_EDGE('',*,*,#2068,.F.);
#1205=ORIENTED_EDGE('',*,*,#2066,.T.);
#1206=ORIENTED_EDGE('',*,*,#2104,.F.);
#1207=ORIENTED_EDGE('',*,*,#2059,.F.);
#1208=ORIENTED_EDGE('',*,*,#2098,.F.);
#1209=ORIENTED_EDGE('',*,*,#2071,.T.);
#1210=ORIENTED_EDGE('',*,*,#2105,.F.);
#1211=ORIENTED_EDGE('',*,*,#2079,.F.);
#1212=ORIENTED_EDGE('',*,*,#2097,.F.);
#1213=ORIENTED_EDGE('',*,*,#2093,.T.);
#1214=ORIENTED_EDGE('',*,*,#2106,.F.);
#1215=ORIENTED_EDGE('',*,*,#2107,.F.);
#1216=ORIENTED_EDGE('',*,*,#2108,.T.);
#1217=ORIENTED_EDGE('',*,*,#2109,.F.);
#1218=ORIENTED_EDGE('',*,*,#2110,.F.);
#1219=ORIENTED_EDGE('',*,*,#2111,.F.);
#1220=ORIENTED_EDGE('',*,*,#2112,.T.);
#1221=ORIENTED_EDGE('',*,*,#2113,.F.);
#1222=ORIENTED_EDGE('',*,*,#2114,.T.);
#1223=ORIENTED_EDGE('',*,*,#2115,.F.);
#1224=ORIENTED_EDGE('',*,*,#2116,.T.);
#1225=ORIENTED_EDGE('',*,*,#2117,.F.);
#1226=ORIENTED_EDGE('',*,*,#2118,.F.);
#1227=ORIENTED_EDGE('',*,*,#2119,.F.);
#1228=ORIENTED_EDGE('',*,*,#2120,.T.);
#1229=ORIENTED_EDGE('',*,*,#2121,.F.);
#1230=ORIENTED_EDGE('',*,*,#2122,.F.);
#1231=ORIENTED_EDGE('',*,*,#2123,.F.);
#1232=ORIENTED_EDGE('',*,*,#2124,.T.);
#1233=ORIENTED_EDGE('',*,*,#2125,.F.);
#1234=ORIENTED_EDGE('',*,*,#2126,.F.);
#1235=ORIENTED_EDGE('',*,*,#2127,.F.);
#1236=ORIENTED_EDGE('',*,*,#2128,.T.);
#1237=ORIENTED_EDGE('',*,*,#2129,.F.);
#1238=ORIENTED_EDGE('',*,*,#2130,.F.);
#1239=ORIENTED_EDGE('',*,*,#2131,.F.);
#1240=ORIENTED_EDGE('',*,*,#2132,.F.);
#1241=ORIENTED_EDGE('',*,*,#2133,.T.);
#1242=ORIENTED_EDGE('',*,*,#2134,.F.);
#1243=ORIENTED_EDGE('',*,*,#2135,.F.);
#1244=ORIENTED_EDGE('',*,*,#2136,.F.);
#1245=ORIENTED_EDGE('',*,*,#2137,.T.);
#1246=ORIENTED_EDGE('',*,*,#2138,.F.);
#1247=ORIENTED_EDGE('',*,*,#2139,.F.);
#1248=ORIENTED_EDGE('',*,*,#2140,.F.);
#1249=ORIENTED_EDGE('',*,*,#2141,.T.);
#1250=ORIENTED_EDGE('',*,*,#2142,.F.);
#1251=ORIENTED_EDGE('',*,*,#2143,.F.);
#1252=ORIENTED_EDGE('',*,*,#2144,.F.);
#1253=ORIENTED_EDGE('',*,*,#2145,.T.);
#1254=ORIENTED_EDGE('',*,*,#2146,.F.);
#1255=ORIENTED_EDGE('',*,*,#2147,.F.);
#1256=ORIENTED_EDGE('',*,*,#2148,.F.);
#1257=ORIENTED_EDGE('',*,*,#2149,.T.);
#1258=ORIENTED_EDGE('',*,*,#2150,.F.);
#1259=ORIENTED_EDGE('',*,*,#2151,.F.);
#1260=ORIENTED_EDGE('',*,*,#2152,.F.);
#1261=ORIENTED_EDGE('',*,*,#2153,.T.);
#1262=ORIENTED_EDGE('',*,*,#2031,.F.);
#1263=ORIENTED_EDGE('',*,*,#2154,.T.);
#1264=ORIENTED_EDGE('',*,*,#2083,.T.);
#1265=ORIENTED_EDGE('',*,*,#2101,.T.);
#1266=ORIENTED_EDGE('',*,*,#2092,.F.);
#1267=ORIENTED_EDGE('',*,*,#2155,.T.);
#1268=ORIENTED_EDGE('',*,*,#2080,.F.);
#1269=ORIENTED_EDGE('',*,*,#2105,.T.);
#1270=ORIENTED_EDGE('',*,*,#2070,.F.);
#1271=ORIENTED_EDGE('',*,*,#2156,.T.);
#1272=ORIENTED_EDGE('',*,*,#2054,.T.);
#1273=ORIENTED_EDGE('',*,*,#2104,.T.);
#1274=ORIENTED_EDGE('',*,*,#2065,.F.);
#1275=ORIENTED_EDGE('',*,*,#2157,.T.);
#1276=ORIENTED_EDGE('',*,*,#2048,.T.);
#1277=ORIENTED_EDGE('',*,*,#2103,.T.);
#1278=ORIENTED_EDGE('',*,*,#2041,.F.);
#1279=ORIENTED_EDGE('',*,*,#2158,.T.);
#1280=ORIENTED_EDGE('',*,*,#2010,.T.);
#1281=ORIENTED_EDGE('',*,*,#2102,.T.);
#1282=ORIENTED_EDGE('',*,*,#2159,.T.);
#1283=ORIENTED_EDGE('',*,*,#2034,.T.);
#1284=ORIENTED_EDGE('',*,*,#2038,.T.);
#1285=ORIENTED_EDGE('',*,*,#2021,.F.);
#1286=ORIENTED_EDGE('',*,*,#2028,.T.);
#1287=ORIENTED_EDGE('',*,*,#2035,.T.);
#1288=ORIENTED_EDGE('',*,*,#2159,.F.);
#1289=ORIENTED_EDGE('',*,*,#2020,.F.);
#1290=ORIENTED_EDGE('',*,*,#2016,.T.);
#1291=ORIENTED_EDGE('',*,*,#2011,.T.);
#1292=ORIENTED_EDGE('',*,*,#2158,.F.);
#1293=ORIENTED_EDGE('',*,*,#2040,.F.);
#1294=ORIENTED_EDGE('',*,*,#2053,.T.);
#1295=ORIENTED_EDGE('',*,*,#2049,.T.);
#1296=ORIENTED_EDGE('',*,*,#2157,.F.);
#1297=ORIENTED_EDGE('',*,*,#2064,.F.);
#1298=ORIENTED_EDGE('',*,*,#2060,.T.);
#1299=ORIENTED_EDGE('',*,*,#2055,.T.);
#1300=ORIENTED_EDGE('',*,*,#2156,.F.);
#1301=ORIENTED_EDGE('',*,*,#2069,.F.);
#1302=ORIENTED_EDGE('',*,*,#2078,.T.);
#1303=ORIENTED_EDGE('',*,*,#2081,.F.);
#1304=ORIENTED_EDGE('',*,*,#2155,.F.);
#1305=ORIENTED_EDGE('',*,*,#2091,.F.);
#1306=ORIENTED_EDGE('',*,*,#2096,.T.);
#1307=ORIENTED_EDGE('',*,*,#2084,.T.);
#1308=ORIENTED_EDGE('',*,*,#2154,.F.);
#1309=ORIENTED_EDGE('',*,*,#2030,.F.);
#1310=ORIENTED_EDGE('',*,*,#2160,.T.);
#1311=ORIENTED_EDGE('',*,*,#2161,.F.);
#1312=ORIENTED_EDGE('',*,*,#2162,.T.);
#1313=ORIENTED_EDGE('',*,*,#2163,.T.);
#1314=ORIENTED_EDGE('',*,*,#2164,.T.);
#1315=ORIENTED_EDGE('',*,*,#2165,.F.);
#1316=ORIENTED_EDGE('',*,*,#2166,.T.);
#1317=ORIENTED_EDGE('',*,*,#2167,.T.);
#1318=ORIENTED_EDGE('',*,*,#2168,.T.);
#1319=ORIENTED_EDGE('',*,*,#2169,.F.);
#1320=ORIENTED_EDGE('',*,*,#2170,.T.);
#1321=ORIENTED_EDGE('',*,*,#2171,.T.);
#1322=ORIENTED_EDGE('',*,*,#2172,.T.);
#1323=ORIENTED_EDGE('',*,*,#2173,.F.);
#1324=ORIENTED_EDGE('',*,*,#2174,.T.);
#1325=ORIENTED_EDGE('',*,*,#2175,.T.);
#1326=ORIENTED_EDGE('',*,*,#2176,.T.);
#1327=ORIENTED_EDGE('',*,*,#2177,.F.);
#1328=ORIENTED_EDGE('',*,*,#2178,.T.);
#1329=ORIENTED_EDGE('',*,*,#2179,.T.);
#1330=ORIENTED_EDGE('',*,*,#2180,.T.);
#1331=ORIENTED_EDGE('',*,*,#2181,.F.);
#1332=ORIENTED_EDGE('',*,*,#2182,.T.);
#1333=ORIENTED_EDGE('',*,*,#2183,.T.);
#1334=ORIENTED_EDGE('',*,*,#2146,.T.);
#1335=ORIENTED_EDGE('',*,*,#2184,.T.);
#1336=ORIENTED_EDGE('',*,*,#2168,.F.);
#1337=ORIENTED_EDGE('',*,*,#2185,.F.);
#1338=ORIENTED_EDGE('',*,*,#2186,.F.);
#1339=ORIENTED_EDGE('',*,*,#2142,.T.);
#1340=ORIENTED_EDGE('',*,*,#2187,.T.);
#1341=ORIENTED_EDGE('',*,*,#2172,.F.);
#1342=ORIENTED_EDGE('',*,*,#2188,.F.);
#1343=ORIENTED_EDGE('',*,*,#2138,.T.);
#1344=ORIENTED_EDGE('',*,*,#2189,.T.);
#1345=ORIENTED_EDGE('',*,*,#2176,.F.);
#1346=ORIENTED_EDGE('',*,*,#2190,.F.);
#1347=ORIENTED_EDGE('',*,*,#2134,.T.);
#1348=ORIENTED_EDGE('',*,*,#2191,.T.);
#1349=ORIENTED_EDGE('',*,*,#2180,.F.);
#1350=ORIENTED_EDGE('',*,*,#2192,.F.);
#1351=ORIENTED_EDGE('',*,*,#2130,.T.);
#1352=ORIENTED_EDGE('',*,*,#2193,.T.);
#1353=ORIENTED_EDGE('',*,*,#2160,.F.);
#1354=ORIENTED_EDGE('',*,*,#2194,.F.);
#1355=ORIENTED_EDGE('',*,*,#2150,.T.);
#1356=ORIENTED_EDGE('',*,*,#2195,.T.);
#1357=ORIENTED_EDGE('',*,*,#2164,.F.);
#1358=ORIENTED_EDGE('',*,*,#2166,.F.);
#1359=ORIENTED_EDGE('',*,*,#2196,.F.);
#1360=ORIENTED_EDGE('',*,*,#2148,.T.);
#1361=ORIENTED_EDGE('',*,*,#2197,.T.);
#1362=ORIENTED_EDGE('',*,*,#2165,.T.);
#1363=ORIENTED_EDGE('',*,*,#2195,.F.);
#1364=ORIENTED_EDGE('',*,*,#2149,.F.);
#1365=ORIENTED_EDGE('',*,*,#2196,.T.);
#1366=ORIENTED_EDGE('',*,*,#2167,.F.);
#1367=ORIENTED_EDGE('',*,*,#2197,.F.);
#1368=ORIENTED_EDGE('',*,*,#2147,.T.);
#1369=ORIENTED_EDGE('',*,*,#2185,.T.);
#1370=ORIENTED_EDGE('',*,*,#2162,.F.);
#1371=ORIENTED_EDGE('',*,*,#2198,.F.);
#1372=ORIENTED_EDGE('',*,*,#2152,.T.);
#1373=ORIENTED_EDGE('',*,*,#2199,.T.);
#1374=ORIENTED_EDGE('',*,*,#2161,.T.);
#1375=ORIENTED_EDGE('',*,*,#2193,.F.);
#1376=ORIENTED_EDGE('',*,*,#2153,.F.);
#1377=ORIENTED_EDGE('',*,*,#2198,.T.);
#1378=ORIENTED_EDGE('',*,*,#2163,.F.);
#1379=ORIENTED_EDGE('',*,*,#2199,.F.);
#1380=ORIENTED_EDGE('',*,*,#2151,.T.);
#1381=ORIENTED_EDGE('',*,*,#2194,.T.);
#1382=ORIENTED_EDGE('',*,*,#2182,.F.);
#1383=ORIENTED_EDGE('',*,*,#2200,.F.);
#1384=ORIENTED_EDGE('',*,*,#2132,.T.);
#1385=ORIENTED_EDGE('',*,*,#2201,.T.);
#1386=ORIENTED_EDGE('',*,*,#2181,.T.);
#1387=ORIENTED_EDGE('',*,*,#2191,.F.);
#1388=ORIENTED_EDGE('',*,*,#2133,.F.);
#1389=ORIENTED_EDGE('',*,*,#2200,.T.);
#1390=ORIENTED_EDGE('',*,*,#2183,.F.);
#1391=ORIENTED_EDGE('',*,*,#2201,.F.);
#1392=ORIENTED_EDGE('',*,*,#2131,.T.);
#1393=ORIENTED_EDGE('',*,*,#2192,.T.);
#1394=ORIENTED_EDGE('',*,*,#2178,.F.);
#1395=ORIENTED_EDGE('',*,*,#2202,.F.);
#1396=ORIENTED_EDGE('',*,*,#2136,.T.);
#1397=ORIENTED_EDGE('',*,*,#2203,.T.);
#1398=ORIENTED_EDGE('',*,*,#2177,.T.);
#1399=ORIENTED_EDGE('',*,*,#2189,.F.);
#1400=ORIENTED_EDGE('',*,*,#2137,.F.);
#1401=ORIENTED_EDGE('',*,*,#2202,.T.);
#1402=ORIENTED_EDGE('',*,*,#2179,.F.);
#1403=ORIENTED_EDGE('',*,*,#2203,.F.);
#1404=ORIENTED_EDGE('',*,*,#2135,.T.);
#1405=ORIENTED_EDGE('',*,*,#2190,.T.);
#1406=ORIENTED_EDGE('',*,*,#2174,.F.);
#1407=ORIENTED_EDGE('',*,*,#2204,.F.);
#1408=ORIENTED_EDGE('',*,*,#2140,.T.);
#1409=ORIENTED_EDGE('',*,*,#2205,.T.);
#1410=ORIENTED_EDGE('',*,*,#2173,.T.);
#1411=ORIENTED_EDGE('',*,*,#2187,.F.);
#1412=ORIENTED_EDGE('',*,*,#2141,.F.);
#1413=ORIENTED_EDGE('',*,*,#2204,.T.);
#1414=ORIENTED_EDGE('',*,*,#2175,.F.);
#1415=ORIENTED_EDGE('',*,*,#2205,.F.);
#1416=ORIENTED_EDGE('',*,*,#2139,.T.);
#1417=ORIENTED_EDGE('',*,*,#2188,.T.);
#1418=ORIENTED_EDGE('',*,*,#2170,.F.);
#1419=ORIENTED_EDGE('',*,*,#2206,.F.);
#1420=ORIENTED_EDGE('',*,*,#2144,.T.);
#1421=ORIENTED_EDGE('',*,*,#2207,.T.);
#1422=ORIENTED_EDGE('',*,*,#2169,.T.);
#1423=ORIENTED_EDGE('',*,*,#2184,.F.);
#1424=ORIENTED_EDGE('',*,*,#2145,.F.);
#1425=ORIENTED_EDGE('',*,*,#2206,.T.);
#1426=ORIENTED_EDGE('',*,*,#2171,.F.);
#1427=ORIENTED_EDGE('',*,*,#2207,.F.);
#1428=ORIENTED_EDGE('',*,*,#2143,.T.);
#1429=ORIENTED_EDGE('',*,*,#2186,.T.);
#1430=ORIENTED_EDGE('',*,*,#2208,.T.);
#1431=ORIENTED_EDGE('',*,*,#2209,.T.);
#1432=ORIENTED_EDGE('',*,*,#2210,.F.);
#1433=ORIENTED_EDGE('',*,*,#2116,.F.);
#1434=ORIENTED_EDGE('',*,*,#2211,.T.);
#1435=ORIENTED_EDGE('',*,*,#2212,.T.);
#1436=ORIENTED_EDGE('',*,*,#2213,.F.);
#1437=ORIENTED_EDGE('',*,*,#2211,.F.);
#1438=ORIENTED_EDGE('',*,*,#2115,.T.);
#1439=ORIENTED_EDGE('',*,*,#2214,.T.);
#1440=ORIENTED_EDGE('',*,*,#2215,.T.);
#1441=ORIENTED_EDGE('',*,*,#2216,.T.);
#1442=ORIENTED_EDGE('',*,*,#2212,.F.);
#1443=ORIENTED_EDGE('',*,*,#2114,.F.);
#1444=ORIENTED_EDGE('',*,*,#2217,.F.);
#1445=ORIENTED_EDGE('',*,*,#2218,.F.);
#1446=ORIENTED_EDGE('',*,*,#2219,.F.);
#1447=ORIENTED_EDGE('',*,*,#2118,.T.);
#1448=ORIENTED_EDGE('',*,*,#2220,.T.);
#1449=ORIENTED_EDGE('',*,*,#2219,.T.);
#1450=ORIENTED_EDGE('',*,*,#2221,.F.);
#1451=ORIENTED_EDGE('',*,*,#2222,.F.);
#1452=ORIENTED_EDGE('',*,*,#2119,.T.);
#1453=ORIENTED_EDGE('',*,*,#2223,.T.);
#1454=ORIENTED_EDGE('',*,*,#2224,.T.);
#1455=ORIENTED_EDGE('',*,*,#2225,.F.);
#1456=ORIENTED_EDGE('',*,*,#2120,.F.);
#1457=ORIENTED_EDGE('',*,*,#2222,.T.);
#1458=ORIENTED_EDGE('',*,*,#2226,.T.);
#1459=ORIENTED_EDGE('',*,*,#2227,.T.);
#1460=ORIENTED_EDGE('',*,*,#2228,.F.);
#1461=ORIENTED_EDGE('',*,*,#2124,.F.);
#1462=ORIENTED_EDGE('',*,*,#2229,.T.);
#1463=ORIENTED_EDGE('',*,*,#2230,.F.);
#1464=ORIENTED_EDGE('',*,*,#2231,.F.);
#1465=ORIENTED_EDGE('',*,*,#2232,.F.);
#1466=ORIENTED_EDGE('',*,*,#2122,.T.);
#1467=ORIENTED_EDGE('',*,*,#2233,.T.);
#1468=ORIENTED_EDGE('',*,*,#2232,.T.);
#1469=ORIENTED_EDGE('',*,*,#2234,.F.);
#1470=ORIENTED_EDGE('',*,*,#2229,.F.);
#1471=ORIENTED_EDGE('',*,*,#2123,.T.);
#1472=ORIENTED_EDGE('',*,*,#2235,.F.);
#1473=ORIENTED_EDGE('',*,*,#2236,.F.);
#1474=ORIENTED_EDGE('',*,*,#2237,.F.);
#1475=ORIENTED_EDGE('',*,*,#2126,.T.);
#1476=ORIENTED_EDGE('',*,*,#2238,.T.);
#1477=ORIENTED_EDGE('',*,*,#2237,.T.);
#1478=ORIENTED_EDGE('',*,*,#2239,.F.);
#1479=ORIENTED_EDGE('',*,*,#2240,.F.);
#1480=ORIENTED_EDGE('',*,*,#2127,.T.);
#1481=ORIENTED_EDGE('',*,*,#2241,.T.);
#1482=ORIENTED_EDGE('',*,*,#2242,.T.);
#1483=ORIENTED_EDGE('',*,*,#2243,.F.);
#1484=ORIENTED_EDGE('',*,*,#2128,.F.);
#1485=ORIENTED_EDGE('',*,*,#2240,.T.);
#1486=ORIENTED_EDGE('',*,*,#2244,.T.);
#1487=ORIENTED_EDGE('',*,*,#2245,.F.);
#1488=ORIENTED_EDGE('',*,*,#2246,.F.);
#1489=ORIENTED_EDGE('',*,*,#2107,.T.);
#1490=ORIENTED_EDGE('',*,*,#2247,.T.);
#1491=ORIENTED_EDGE('',*,*,#2248,.T.);
#1492=ORIENTED_EDGE('',*,*,#2249,.F.);
#1493=ORIENTED_EDGE('',*,*,#2108,.F.);
#1494=ORIENTED_EDGE('',*,*,#2246,.T.);
#1495=ORIENTED_EDGE('',*,*,#2250,.F.);
#1496=ORIENTED_EDGE('',*,*,#2251,.F.);
#1497=ORIENTED_EDGE('',*,*,#2244,.F.);
#1498=ORIENTED_EDGE('',*,*,#2106,.T.);
#1499=ORIENTED_EDGE('',*,*,#2252,.T.);
#1500=ORIENTED_EDGE('',*,*,#2253,.F.);
#1501=ORIENTED_EDGE('',*,*,#2252,.F.);
#1502=ORIENTED_EDGE('',*,*,#2129,.T.);
#1503=ORIENTED_EDGE('',*,*,#2243,.T.);
#1504=ORIENTED_EDGE('',*,*,#2254,.T.);
#1505=ORIENTED_EDGE('',*,*,#2255,.T.);
#1506=ORIENTED_EDGE('',*,*,#2256,.F.);
#1507=ORIENTED_EDGE('',*,*,#2112,.F.);
#1508=ORIENTED_EDGE('',*,*,#2257,.T.);
#1509=ORIENTED_EDGE('',*,*,#2258,.F.);
#1510=ORIENTED_EDGE('',*,*,#2259,.F.);
#1511=ORIENTED_EDGE('',*,*,#2260,.T.);
#1512=ORIENTED_EDGE('',*,*,#2110,.T.);
#1513=ORIENTED_EDGE('',*,*,#2261,.F.);
#1514=ORIENTED_EDGE('',*,*,#2260,.F.);
#1515=ORIENTED_EDGE('',*,*,#2262,.F.);
#1516=ORIENTED_EDGE('',*,*,#2257,.F.);
#1517=ORIENTED_EDGE('',*,*,#2111,.T.);
#1518=ORIENTED_EDGE('',*,*,#2263,.F.);
#1519=ORIENTED_EDGE('',*,*,#2261,.T.);
#1520=ORIENTED_EDGE('',*,*,#2109,.T.);
#1521=ORIENTED_EDGE('',*,*,#2249,.T.);
#1522=ORIENTED_EDGE('',*,*,#2264,.F.);
#1523=ORIENTED_EDGE('',*,*,#2238,.F.);
#1524=ORIENTED_EDGE('',*,*,#2125,.T.);
#1525=ORIENTED_EDGE('',*,*,#2228,.T.);
#1526=ORIENTED_EDGE('',*,*,#2265,.F.);
#1527=ORIENTED_EDGE('',*,*,#2233,.F.);
#1528=ORIENTED_EDGE('',*,*,#2121,.T.);
#1529=ORIENTED_EDGE('',*,*,#2225,.T.);
#1530=ORIENTED_EDGE('',*,*,#2266,.F.);
#1531=ORIENTED_EDGE('',*,*,#2220,.F.);
#1532=ORIENTED_EDGE('',*,*,#2117,.T.);
#1533=ORIENTED_EDGE('',*,*,#2210,.T.);
#1534=ORIENTED_EDGE('',*,*,#2267,.F.);
#1535=ORIENTED_EDGE('',*,*,#2214,.F.);
#1536=ORIENTED_EDGE('',*,*,#2113,.T.);
#1537=ORIENTED_EDGE('',*,*,#2256,.T.);
#1538=ORIENTED_EDGE('',*,*,#2268,.F.);
#1539=ORIENTED_EDGE('',*,*,#2269,.T.);
#1540=ORIENTED_EDGE('',*,*,#2270,.F.);
#1541=ORIENTED_EDGE('',*,*,#2271,.F.);
#1542=ORIENTED_EDGE('',*,*,#2272,.F.);
#1543=ORIENTED_EDGE('',*,*,#2273,.F.);
#1544=ORIENTED_EDGE('',*,*,#2274,.F.);
#1545=ORIENTED_EDGE('',*,*,#2275,.F.);
#1546=ORIENTED_EDGE('',*,*,#2276,.F.);
#1547=ORIENTED_EDGE('',*,*,#2277,.T.);
#1548=ORIENTED_EDGE('',*,*,#2278,.F.);
#1549=ORIENTED_EDGE('',*,*,#2279,.T.);
#1550=ORIENTED_EDGE('',*,*,#2280,.F.);
#1551=ORIENTED_EDGE('',*,*,#2281,.F.);
#1552=ORIENTED_EDGE('',*,*,#2282,.F.);
#1553=ORIENTED_EDGE('',*,*,#2283,.F.);
#1554=ORIENTED_EDGE('',*,*,#2284,.F.);
#1555=ORIENTED_EDGE('',*,*,#2285,.T.);
#1556=ORIENTED_EDGE('',*,*,#2286,.F.);
#1557=ORIENTED_EDGE('',*,*,#2287,.F.);
#1558=ORIENTED_EDGE('',*,*,#2288,.F.);
#1559=ORIENTED_EDGE('',*,*,#2289,.F.);
#1560=ORIENTED_EDGE('',*,*,#2290,.F.);
#1561=ORIENTED_EDGE('',*,*,#2291,.F.);
#1562=ORIENTED_EDGE('',*,*,#2292,.F.);
#1563=ORIENTED_EDGE('',*,*,#2293,.T.);
#1564=ORIENTED_EDGE('',*,*,#2294,.F.);
#1565=ORIENTED_EDGE('',*,*,#2295,.F.);
#1566=ORIENTED_EDGE('',*,*,#2296,.F.);
#1567=ORIENTED_EDGE('',*,*,#2297,.F.);
#1568=ORIENTED_EDGE('',*,*,#2298,.F.);
#1569=ORIENTED_EDGE('',*,*,#2299,.F.);
#1570=ORIENTED_EDGE('',*,*,#2300,.F.);
#1571=ORIENTED_EDGE('',*,*,#2301,.T.);
#1572=ORIENTED_EDGE('',*,*,#2302,.F.);
#1573=ORIENTED_EDGE('',*,*,#2303,.F.);
#1574=ORIENTED_EDGE('',*,*,#2304,.F.);
#1575=ORIENTED_EDGE('',*,*,#2305,.F.);
#1576=ORIENTED_EDGE('',*,*,#2306,.F.);
#1577=ORIENTED_EDGE('',*,*,#2307,.F.);
#1578=ORIENTED_EDGE('',*,*,#2308,.F.);
#1579=ORIENTED_EDGE('',*,*,#2309,.F.);
#1580=ORIENTED_EDGE('',*,*,#2310,.F.);
#1581=ORIENTED_EDGE('',*,*,#2311,.F.);
#1582=ORIENTED_EDGE('',*,*,#2312,.F.);
#1583=ORIENTED_EDGE('',*,*,#2313,.F.);
#1584=ORIENTED_EDGE('',*,*,#2314,.T.);
#1585=ORIENTED_EDGE('',*,*,#2315,.F.);
#1586=ORIENTED_EDGE('',*,*,#2248,.F.);
#1587=ORIENTED_EDGE('',*,*,#2316,.T.);
#1588=ORIENTED_EDGE('',*,*,#2258,.T.);
#1589=ORIENTED_EDGE('',*,*,#2263,.T.);
#1590=ORIENTED_EDGE('',*,*,#2255,.F.);
#1591=ORIENTED_EDGE('',*,*,#2317,.T.);
#1592=ORIENTED_EDGE('',*,*,#2215,.F.);
#1593=ORIENTED_EDGE('',*,*,#2267,.T.);
#1594=ORIENTED_EDGE('',*,*,#2209,.F.);
#1595=ORIENTED_EDGE('',*,*,#2318,.T.);
#1596=ORIENTED_EDGE('',*,*,#2217,.T.);
#1597=ORIENTED_EDGE('',*,*,#2266,.T.);
#1598=ORIENTED_EDGE('',*,*,#2224,.F.);
#1599=ORIENTED_EDGE('',*,*,#2319,.T.);
#1600=ORIENTED_EDGE('',*,*,#2230,.T.);
#1601=ORIENTED_EDGE('',*,*,#2265,.T.);
#1602=ORIENTED_EDGE('',*,*,#2227,.F.);
#1603=ORIENTED_EDGE('',*,*,#2320,.T.);
#1604=ORIENTED_EDGE('',*,*,#2235,.T.);
#1605=ORIENTED_EDGE('',*,*,#2264,.T.);
#1606=ORIENTED_EDGE('',*,*,#2321,.T.);
#1607=ORIENTED_EDGE('',*,*,#2250,.T.);
#1608=ORIENTED_EDGE('',*,*,#2253,.T.);
#1609=ORIENTED_EDGE('',*,*,#2242,.F.);
#1610=ORIENTED_EDGE('',*,*,#2245,.T.);
#1611=ORIENTED_EDGE('',*,*,#2251,.T.);
#1612=ORIENTED_EDGE('',*,*,#2321,.F.);
#1613=ORIENTED_EDGE('',*,*,#2241,.F.);
#1614=ORIENTED_EDGE('',*,*,#2239,.T.);
#1615=ORIENTED_EDGE('',*,*,#2236,.T.);
#1616=ORIENTED_EDGE('',*,*,#2320,.F.);
#1617=ORIENTED_EDGE('',*,*,#2226,.F.);
#1618=ORIENTED_EDGE('',*,*,#2234,.T.);
#1619=ORIENTED_EDGE('',*,*,#2231,.T.);
#1620=ORIENTED_EDGE('',*,*,#2319,.F.);
#1621=ORIENTED_EDGE('',*,*,#2223,.F.);
#1622=ORIENTED_EDGE('',*,*,#2221,.T.);
#1623=ORIENTED_EDGE('',*,*,#2218,.T.);
#1624=ORIENTED_EDGE('',*,*,#2318,.F.);
#1625=ORIENTED_EDGE('',*,*,#2208,.F.);
#1626=ORIENTED_EDGE('',*,*,#2213,.T.);
#1627=ORIENTED_EDGE('',*,*,#2216,.F.);
#1628=ORIENTED_EDGE('',*,*,#2317,.F.);
#1629=ORIENTED_EDGE('',*,*,#2254,.F.);
#1630=ORIENTED_EDGE('',*,*,#2262,.T.);
#1631=ORIENTED_EDGE('',*,*,#2259,.T.);
#1632=ORIENTED_EDGE('',*,*,#2316,.F.);
#1633=ORIENTED_EDGE('',*,*,#2247,.F.);
#1634=ORIENTED_EDGE('',*,*,#2322,.T.);
#1635=ORIENTED_EDGE('',*,*,#2323,.T.);
#1636=ORIENTED_EDGE('',*,*,#2324,.T.);
#1637=ORIENTED_EDGE('',*,*,#2325,.T.);
#1638=ORIENTED_EDGE('',*,*,#2326,.T.);
#1639=ORIENTED_EDGE('',*,*,#2327,.T.);
#1640=ORIENTED_EDGE('',*,*,#2328,.T.);
#1641=ORIENTED_EDGE('',*,*,#2329,.T.);
#1642=ORIENTED_EDGE('',*,*,#2330,.T.);
#1643=ORIENTED_EDGE('',*,*,#2331,.T.);
#1644=ORIENTED_EDGE('',*,*,#2332,.T.);
#1645=ORIENTED_EDGE('',*,*,#2333,.T.);
#1646=ORIENTED_EDGE('',*,*,#2334,.T.);
#1647=ORIENTED_EDGE('',*,*,#2335,.T.);
#1648=ORIENTED_EDGE('',*,*,#2336,.T.);
#1649=ORIENTED_EDGE('',*,*,#2337,.T.);
#1650=ORIENTED_EDGE('',*,*,#2338,.T.);
#1651=ORIENTED_EDGE('',*,*,#2339,.T.);
#1652=ORIENTED_EDGE('',*,*,#2340,.T.);
#1653=ORIENTED_EDGE('',*,*,#2341,.T.);
#1654=ORIENTED_EDGE('',*,*,#2342,.T.);
#1655=ORIENTED_EDGE('',*,*,#2343,.T.);
#1656=ORIENTED_EDGE('',*,*,#2344,.T.);
#1657=ORIENTED_EDGE('',*,*,#2345,.T.);
#1658=ORIENTED_EDGE('',*,*,#2346,.F.);
#1659=ORIENTED_EDGE('',*,*,#2347,.T.);
#1660=ORIENTED_EDGE('',*,*,#2313,.T.);
#1661=ORIENTED_EDGE('',*,*,#2348,.T.);
#1662=ORIENTED_EDGE('',*,*,#2328,.F.);
#1663=ORIENTED_EDGE('',*,*,#2349,.F.);
#1664=ORIENTED_EDGE('',*,*,#2304,.T.);
#1665=ORIENTED_EDGE('',*,*,#2350,.F.);
#1666=ORIENTED_EDGE('',*,*,#2351,.F.);
#1667=ORIENTED_EDGE('',*,*,#2352,.T.);
#1668=ORIENTED_EDGE('',*,*,#2300,.T.);
#1669=ORIENTED_EDGE('',*,*,#2353,.T.);
#1670=ORIENTED_EDGE('',*,*,#2324,.F.);
#1671=ORIENTED_EDGE('',*,*,#2354,.F.);
#1672=ORIENTED_EDGE('',*,*,#2296,.T.);
#1673=ORIENTED_EDGE('',*,*,#2355,.F.);
#1674=ORIENTED_EDGE('',*,*,#2356,.F.);
#1675=ORIENTED_EDGE('',*,*,#2357,.T.);
#1676=ORIENTED_EDGE('',*,*,#2284,.T.);
#1677=ORIENTED_EDGE('',*,*,#2358,.T.);
#1678=ORIENTED_EDGE('',*,*,#2340,.F.);
#1679=ORIENTED_EDGE('',*,*,#2359,.F.);
#1680=ORIENTED_EDGE('',*,*,#2280,.T.);
#1681=ORIENTED_EDGE('',*,*,#2360,.T.);
#1682=ORIENTED_EDGE('',*,*,#2361,.F.);
#1683=ORIENTED_EDGE('',*,*,#2362,.T.);
#1684=ORIENTED_EDGE('',*,*,#2276,.T.);
#1685=ORIENTED_EDGE('',*,*,#2363,.T.);
#1686=ORIENTED_EDGE('',*,*,#2336,.F.);
#1687=ORIENTED_EDGE('',*,*,#2364,.F.);
#1688=ORIENTED_EDGE('',*,*,#2272,.T.);
#1689=ORIENTED_EDGE('',*,*,#2365,.F.);
#1690=ORIENTED_EDGE('',*,*,#2311,.T.);
#1691=ORIENTED_EDGE('',*,*,#2366,.T.);
#1692=ORIENTED_EDGE('',*,*,#2330,.F.);
#1693=ORIENTED_EDGE('',*,*,#2367,.F.);
#1694=ORIENTED_EDGE('',*,*,#2368,.F.);
#1695=ORIENTED_EDGE('',*,*,#2274,.T.);
#1696=ORIENTED_EDGE('',*,*,#2369,.T.);
#1697=ORIENTED_EDGE('',*,*,#2334,.F.);
#1698=ORIENTED_EDGE('',*,*,#2370,.F.);
#1699=ORIENTED_EDGE('',*,*,#2282,.T.);
#1700=ORIENTED_EDGE('',*,*,#2371,.T.);
#1701=ORIENTED_EDGE('',*,*,#2338,.F.);
#1702=ORIENTED_EDGE('',*,*,#2372,.F.);
#1703=ORIENTED_EDGE('',*,*,#2290,.T.);
#1704=ORIENTED_EDGE('',*,*,#2373,.T.);
#1705=ORIENTED_EDGE('',*,*,#2342,.F.);
#1706=ORIENTED_EDGE('',*,*,#2374,.F.);
#1707=ORIENTED_EDGE('',*,*,#2298,.T.);
#1708=ORIENTED_EDGE('',*,*,#2375,.T.);
#1709=ORIENTED_EDGE('',*,*,#2322,.F.);
#1710=ORIENTED_EDGE('',*,*,#2376,.F.);
#1711=ORIENTED_EDGE('',*,*,#2306,.T.);
#1712=ORIENTED_EDGE('',*,*,#2377,.T.);
#1713=ORIENTED_EDGE('',*,*,#2326,.F.);
#1714=ORIENTED_EDGE('',*,*,#2327,.F.);
#1715=ORIENTED_EDGE('',*,*,#2377,.F.);
#1716=ORIENTED_EDGE('',*,*,#2305,.T.);
#1717=ORIENTED_EDGE('',*,*,#2349,.T.);
#1718=ORIENTED_EDGE('',*,*,#2329,.F.);
#1719=ORIENTED_EDGE('',*,*,#2348,.F.);
#1720=ORIENTED_EDGE('',*,*,#2312,.T.);
#1721=ORIENTED_EDGE('',*,*,#2367,.T.);
#1722=ORIENTED_EDGE('',*,*,#2323,.F.);
#1723=ORIENTED_EDGE('',*,*,#2375,.F.);
#1724=ORIENTED_EDGE('',*,*,#2297,.T.);
#1725=ORIENTED_EDGE('',*,*,#2354,.T.);
#1726=ORIENTED_EDGE('',*,*,#2325,.F.);
#1727=ORIENTED_EDGE('',*,*,#2353,.F.);
#1728=ORIENTED_EDGE('',*,*,#2307,.T.);
#1729=ORIENTED_EDGE('',*,*,#2376,.T.);
#1730=ORIENTED_EDGE('',*,*,#2343,.F.);
#1731=ORIENTED_EDGE('',*,*,#2373,.F.);
#1732=ORIENTED_EDGE('',*,*,#2289,.T.);
#1733=ORIENTED_EDGE('',*,*,#2378,.T.);
#1734=ORIENTED_EDGE('',*,*,#2345,.F.);
#1735=ORIENTED_EDGE('',*,*,#2379,.F.);
#1736=ORIENTED_EDGE('',*,*,#2299,.T.);
#1737=ORIENTED_EDGE('',*,*,#2374,.T.);
#1738=ORIENTED_EDGE('',*,*,#2380,.F.);
#1739=ORIENTED_EDGE('',*,*,#2381,.F.);
#1740=ORIENTED_EDGE('',*,*,#2382,.T.);
#1741=ORIENTED_EDGE('',*,*,#2292,.T.);
#1742=ORIENTED_EDGE('',*,*,#2379,.T.);
#1743=ORIENTED_EDGE('',*,*,#2344,.F.);
#1744=ORIENTED_EDGE('',*,*,#2378,.F.);
#1745=ORIENTED_EDGE('',*,*,#2288,.T.);
#1746=ORIENTED_EDGE('',*,*,#2339,.F.);
#1747=ORIENTED_EDGE('',*,*,#2371,.F.);
#1748=ORIENTED_EDGE('',*,*,#2281,.T.);
#1749=ORIENTED_EDGE('',*,*,#2359,.T.);
#1750=ORIENTED_EDGE('',*,*,#2341,.F.);
#1751=ORIENTED_EDGE('',*,*,#2358,.F.);
#1752=ORIENTED_EDGE('',*,*,#2291,.T.);
#1753=ORIENTED_EDGE('',*,*,#2372,.T.);
#1754=ORIENTED_EDGE('',*,*,#2335,.F.);
#1755=ORIENTED_EDGE('',*,*,#2369,.F.);
#1756=ORIENTED_EDGE('',*,*,#2273,.T.);
#1757=ORIENTED_EDGE('',*,*,#2364,.T.);
#1758=ORIENTED_EDGE('',*,*,#2337,.F.);
#1759=ORIENTED_EDGE('',*,*,#2363,.F.);
#1760=ORIENTED_EDGE('',*,*,#2283,.T.);
#1761=ORIENTED_EDGE('',*,*,#2370,.T.);
#1762=ORIENTED_EDGE('',*,*,#2331,.F.);
#1763=ORIENTED_EDGE('',*,*,#2366,.F.);
#1764=ORIENTED_EDGE('',*,*,#2310,.T.);
#1765=ORIENTED_EDGE('',*,*,#2383,.T.);
#1766=ORIENTED_EDGE('',*,*,#2333,.F.);
#1767=ORIENTED_EDGE('',*,*,#2384,.F.);
#1768=ORIENTED_EDGE('',*,*,#2275,.T.);
#1769=ORIENTED_EDGE('',*,*,#2368,.T.);
#1770=ORIENTED_EDGE('',*,*,#2385,.F.);
#1771=ORIENTED_EDGE('',*,*,#2386,.F.);
#1772=ORIENTED_EDGE('',*,*,#2387,.T.);
#1773=ORIENTED_EDGE('',*,*,#2268,.T.);
#1774=ORIENTED_EDGE('',*,*,#2384,.T.);
#1775=ORIENTED_EDGE('',*,*,#2332,.F.);
#1776=ORIENTED_EDGE('',*,*,#2383,.F.);
#1777=ORIENTED_EDGE('',*,*,#2309,.T.);
#1778=ORIENTED_EDGE('',*,*,#2350,.T.);
#1779=ORIENTED_EDGE('',*,*,#2303,.T.);
#1780=ORIENTED_EDGE('',*,*,#2388,.T.);
#1781=ORIENTED_EDGE('',*,*,#2389,.T.);
#1782=ORIENTED_EDGE('',*,*,#2390,.F.);
#1783=ORIENTED_EDGE('',*,*,#2346,.T.);
#1784=ORIENTED_EDGE('',*,*,#2390,.T.);
#1785=ORIENTED_EDGE('',*,*,#2391,.F.);
#1786=ORIENTED_EDGE('',*,*,#2392,.T.);
#1787=ORIENTED_EDGE('',*,*,#2393,.F.);
#1788=ORIENTED_EDGE('',*,*,#2314,.F.);
#1789=ORIENTED_EDGE('',*,*,#2347,.F.);
#1790=ORIENTED_EDGE('',*,*,#2393,.T.);
#1791=ORIENTED_EDGE('',*,*,#2394,.F.);
#1792=ORIENTED_EDGE('',*,*,#2395,.F.);
#1793=ORIENTED_EDGE('',*,*,#2301,.F.);
#1794=ORIENTED_EDGE('',*,*,#2352,.F.);
#1795=ORIENTED_EDGE('',*,*,#2396,.T.);
#1796=ORIENTED_EDGE('',*,*,#2389,.F.);
#1797=ORIENTED_EDGE('',*,*,#2397,.F.);
#1798=ORIENTED_EDGE('',*,*,#2380,.T.);
#1799=ORIENTED_EDGE('',*,*,#2287,.T.);
#1800=ORIENTED_EDGE('',*,*,#2398,.T.);
#1801=ORIENTED_EDGE('',*,*,#2399,.T.);
#1802=ORIENTED_EDGE('',*,*,#2400,.F.);
#1803=ORIENTED_EDGE('',*,*,#2381,.T.);
#1804=ORIENTED_EDGE('',*,*,#2400,.T.);
#1805=ORIENTED_EDGE('',*,*,#2401,.F.);
#1806=ORIENTED_EDGE('',*,*,#2402,.T.);
#1807=ORIENTED_EDGE('',*,*,#2403,.F.);
#1808=ORIENTED_EDGE('',*,*,#2293,.F.);
#1809=ORIENTED_EDGE('',*,*,#2382,.F.);
#1810=ORIENTED_EDGE('',*,*,#2403,.T.);
#1811=ORIENTED_EDGE('',*,*,#2404,.F.);
#1812=ORIENTED_EDGE('',*,*,#2405,.F.);
#1813=ORIENTED_EDGE('',*,*,#2285,.F.);
#1814=ORIENTED_EDGE('',*,*,#2357,.F.);
#1815=ORIENTED_EDGE('',*,*,#2406,.T.);
#1816=ORIENTED_EDGE('',*,*,#2399,.F.);
#1817=ORIENTED_EDGE('',*,*,#2407,.F.);
#1818=ORIENTED_EDGE('',*,*,#2356,.T.);
#1819=ORIENTED_EDGE('',*,*,#2408,.T.);
#1820=ORIENTED_EDGE('',*,*,#2409,.F.);
#1821=ORIENTED_EDGE('',*,*,#2401,.T.);
#1822=ORIENTED_EDGE('',*,*,#2406,.F.);
#1823=ORIENTED_EDGE('',*,*,#2277,.F.);
#1824=ORIENTED_EDGE('',*,*,#2362,.F.);
#1825=ORIENTED_EDGE('',*,*,#2410,.T.);
#1826=ORIENTED_EDGE('',*,*,#2411,.F.);
#1827=ORIENTED_EDGE('',*,*,#2412,.F.);
#1828=ORIENTED_EDGE('',*,*,#2279,.F.);
#1829=ORIENTED_EDGE('',*,*,#2413,.T.);
#1830=ORIENTED_EDGE('',*,*,#2411,.T.);
#1831=ORIENTED_EDGE('',*,*,#2408,.F.);
#1832=ORIENTED_EDGE('',*,*,#2360,.F.);
#1833=ORIENTED_EDGE('',*,*,#2365,.T.);
#1834=ORIENTED_EDGE('',*,*,#2271,.T.);
#1835=ORIENTED_EDGE('',*,*,#2414,.F.);
#1836=ORIENTED_EDGE('',*,*,#2415,.T.);
#1837=ORIENTED_EDGE('',*,*,#2416,.T.);
#1838=ORIENTED_EDGE('',*,*,#2361,.T.);
#1839=ORIENTED_EDGE('',*,*,#2416,.F.);
#1840=ORIENTED_EDGE('',*,*,#2417,.T.);
#1841=ORIENTED_EDGE('',*,*,#2409,.T.);
#1842=ORIENTED_EDGE('',*,*,#2410,.F.);
#1843=ORIENTED_EDGE('',*,*,#2355,.T.);
#1844=ORIENTED_EDGE('',*,*,#2295,.T.);
#1845=ORIENTED_EDGE('',*,*,#2418,.T.);
#1846=ORIENTED_EDGE('',*,*,#2404,.T.);
#1847=ORIENTED_EDGE('',*,*,#2419,.F.);
#1848=ORIENTED_EDGE('',*,*,#2351,.T.);
#1849=ORIENTED_EDGE('',*,*,#2419,.T.);
#1850=ORIENTED_EDGE('',*,*,#2402,.F.);
#1851=ORIENTED_EDGE('',*,*,#2391,.T.);
#1852=ORIENTED_EDGE('',*,*,#2396,.F.);
#1853=ORIENTED_EDGE('',*,*,#2386,.T.);
#1854=ORIENTED_EDGE('',*,*,#2420,.T.);
#1855=ORIENTED_EDGE('',*,*,#2392,.F.);
#1856=ORIENTED_EDGE('',*,*,#2417,.F.);
#1857=ORIENTED_EDGE('',*,*,#2421,.F.);
#1858=ORIENTED_EDGE('',*,*,#2269,.F.);
#1859=ORIENTED_EDGE('',*,*,#2387,.F.);
#1860=ORIENTED_EDGE('',*,*,#2421,.T.);
#1861=ORIENTED_EDGE('',*,*,#2415,.F.);
#1862=ORIENTED_EDGE('',*,*,#2422,.F.);
#1863=ORIENTED_EDGE('',*,*,#2385,.T.);
#1864=ORIENTED_EDGE('',*,*,#2308,.T.);
#1865=ORIENTED_EDGE('',*,*,#2423,.T.);
#1866=ORIENTED_EDGE('',*,*,#2394,.T.);
#1867=ORIENTED_EDGE('',*,*,#2420,.F.);
#1868=ORIENTED_EDGE('',*,*,#2423,.F.);
#1869=ORIENTED_EDGE('',*,*,#2315,.T.);
#1870=ORIENTED_EDGE('',*,*,#2395,.T.);
#1871=ORIENTED_EDGE('',*,*,#2414,.T.);
#1872=ORIENTED_EDGE('',*,*,#2270,.T.);
#1873=ORIENTED_EDGE('',*,*,#2422,.T.);
#1874=ORIENTED_EDGE('',*,*,#2388,.F.);
#1875=ORIENTED_EDGE('',*,*,#2302,.T.);
#1876=ORIENTED_EDGE('',*,*,#2397,.T.);
#1877=ORIENTED_EDGE('',*,*,#2418,.F.);
#1878=ORIENTED_EDGE('',*,*,#2294,.T.);
#1879=ORIENTED_EDGE('',*,*,#2405,.T.);
#1880=ORIENTED_EDGE('',*,*,#2398,.F.);
#1881=ORIENTED_EDGE('',*,*,#2286,.T.);
#1882=ORIENTED_EDGE('',*,*,#2407,.T.);
#1883=ORIENTED_EDGE('',*,*,#2413,.F.);
#1884=ORIENTED_EDGE('',*,*,#2278,.T.);
#1885=ORIENTED_EDGE('',*,*,#2412,.T.);
#1886=EDGE_CURVE('',#2424,#2424,#2783,.T.);
#1887=EDGE_CURVE('',#2425,#2425,#2784,.T.);
#1888=EDGE_CURVE('',#2426,#2426,#2785,.T.);
#1889=EDGE_CURVE('',#2427,#2427,#720,.T.);
#1890=EDGE_CURVE('',#2428,#2428,#2786,.T.);
#1891=EDGE_CURVE('',#2429,#2429,#721,.T.);
#1892=EDGE_CURVE('',#2430,#2430,#722,.T.);
#1893=EDGE_CURVE('',#2431,#2432,#24,.T.);
#1894=EDGE_CURVE('',#2433,#2431,#2787,.T.);
#1895=EDGE_CURVE('',#2434,#2433,#25,.F.);
#1896=EDGE_CURVE('',#2434,#2435,#2788,.T.);
#1897=EDGE_CURVE('',#2436,#2435,#26,.T.);
#1898=EDGE_CURVE('',#2436,#2437,#2789,.T.);
#1899=EDGE_CURVE('',#2438,#2437,#27,.F.);
#1900=EDGE_CURVE('',#2438,#2432,#2790,.T.);
#1901=EDGE_CURVE('',#2439,#2440,#28,.T.);
#1902=EDGE_CURVE('',#2441,#2439,#2791,.T.);
#1903=EDGE_CURVE('',#2442,#2441,#29,.F.);
#1904=EDGE_CURVE('',#2442,#2443,#2792,.T.);
#1905=EDGE_CURVE('',#2444,#2443,#30,.T.);
#1906=EDGE_CURVE('',#2444,#2445,#2793,.T.);
#1907=EDGE_CURVE('',#2446,#2445,#31,.F.);
#1908=EDGE_CURVE('',#2446,#2440,#2794,.T.);
#1909=EDGE_CURVE('',#2447,#2448,#2795,.T.);
#1910=EDGE_CURVE('',#2448,#2449,#32,.T.);
#1911=EDGE_CURVE('',#2449,#2450,#33,.T.);
#1912=EDGE_CURVE('',#2451,#2450,#34,.T.);
#1913=EDGE_CURVE('',#2451,#2452,#2796,.T.);
#1914=EDGE_CURVE('',#2453,#2452,#35,.T.);
#1915=EDGE_CURVE('',#2454,#2453,#36,.T.);
#1916=EDGE_CURVE('',#2454,#2455,#37,.T.);
#1917=EDGE_CURVE('',#2455,#2456,#2797,.T.);
#1918=EDGE_CURVE('',#2456,#2457,#38,.T.);
#1919=EDGE_CURVE('',#2457,#2458,#39,.T.);
#1920=EDGE_CURVE('',#2459,#2458,#40,.T.);
#1921=EDGE_CURVE('',#2459,#2460,#2798,.T.);
#1922=EDGE_CURVE('',#2461,#2460,#41,.T.);
#1923=EDGE_CURVE('',#2462,#2461,#42,.T.);
#1924=EDGE_CURVE('',#2462,#2463,#43,.T.);
#1925=EDGE_CURVE('',#2463,#2464,#2799,.T.);
#1926=EDGE_CURVE('',#2464,#2465,#44,.T.);
#1927=EDGE_CURVE('',#2465,#2466,#45,.T.);
#1928=EDGE_CURVE('',#2467,#2466,#46,.T.);
#1929=EDGE_CURVE('',#2467,#2468,#2800,.T.);
#1930=EDGE_CURVE('',#2469,#2468,#47,.T.);
#1931=EDGE_CURVE('',#2470,#2469,#48,.T.);
#1932=EDGE_CURVE('',#2470,#2447,#49,.T.);
#1933=EDGE_CURVE('',#2471,#2472,#2801,.T.);
#1934=EDGE_CURVE('',#2471,#2473,#50,.T.);
#1935=EDGE_CURVE('',#2473,#2474,#51,.T.);
#1936=EDGE_CURVE('',#2474,#2475,#52,.T.);
#1937=EDGE_CURVE('',#2476,#2475,#2802,.T.);
#1938=EDGE_CURVE('',#2476,#2477,#53,.T.);
#1939=EDGE_CURVE('',#2477,#2478,#54,.T.);
#1940=EDGE_CURVE('',#2478,#2479,#55,.T.);
#1941=EDGE_CURVE('',#2480,#2479,#2803,.T.);
#1942=EDGE_CURVE('',#2480,#2481,#56,.T.);
#1943=EDGE_CURVE('',#2481,#2482,#57,.T.);
#1944=EDGE_CURVE('',#2482,#2483,#58,.T.);
#1945=EDGE_CURVE('',#2484,#2483,#2804,.T.);
#1946=EDGE_CURVE('',#2484,#2485,#59,.T.);
#1947=EDGE_CURVE('',#2485,#2486,#60,.T.);
#1948=EDGE_CURVE('',#2486,#2487,#61,.T.);
#1949=EDGE_CURVE('',#2488,#2487,#2805,.T.);
#1950=EDGE_CURVE('',#2488,#2489,#62,.T.);
#1951=EDGE_CURVE('',#2489,#2490,#63,.T.);
#1952=EDGE_CURVE('',#2490,#2491,#64,.T.);
#1953=EDGE_CURVE('',#2492,#2491,#2806,.T.);
#1954=EDGE_CURVE('',#2492,#2493,#65,.T.);
#1955=EDGE_CURVE('',#2493,#2494,#66,.T.);
#1956=EDGE_CURVE('',#2494,#2472,#67,.T.);
#1957=EDGE_CURVE('',#2432,#2475,#723,.T.);
#1958=EDGE_CURVE('',#2476,#2438,#724,.T.);
#1959=EDGE_CURVE('',#2471,#2495,#725,.T.);
#1960=EDGE_CURVE('',#2496,#2472,#726,.T.);
#1961=EDGE_CURVE('',#2495,#2496,#2807,.T.);
#1962=EDGE_CURVE('',#2497,#2491,#727,.T.);
#1963=EDGE_CURVE('',#2498,#2497,#2808,.T.);
#1964=EDGE_CURVE('',#2492,#2498,#728,.T.);
#1965=EDGE_CURVE('',#2488,#2442,#729,.T.);
#1966=EDGE_CURVE('',#2443,#2487,#730,.T.);
#1967=EDGE_CURVE('',#2440,#2483,#731,.T.);
#1968=EDGE_CURVE('',#2484,#2446,#732,.T.);
#1969=EDGE_CURVE('',#2480,#2434,#733,.T.);
#1970=EDGE_CURVE('',#2435,#2479,#734,.T.);
#1971=EDGE_CURVE('',#2495,#2499,#68,.F.);
#1972=EDGE_CURVE('',#2500,#2496,#69,.T.);
#1973=EDGE_CURVE('',#2500,#2501,#2809,.T.);
#1974=EDGE_CURVE('',#2498,#2501,#70,.F.);
#1975=EDGE_CURVE('',#2502,#2497,#71,.T.);
#1976=EDGE_CURVE('',#2499,#2502,#2810,.T.);
#1977=EDGE_CURVE('',#2503,#2431,#72,.T.);
#1978=EDGE_CURVE('',#2504,#2503,#73,.T.);
#1979=EDGE_CURVE('',#2499,#2504,#74,.T.);
#1980=EDGE_CURVE('',#2505,#2502,#75,.T.);
#1981=EDGE_CURVE('',#2506,#2505,#76,.T.);
#1982=EDGE_CURVE('',#2441,#2506,#77,.T.);
#1983=EDGE_CURVE('',#2507,#2439,#78,.T.);
#1984=EDGE_CURVE('',#2508,#2507,#79,.T.);
#1985=EDGE_CURVE('',#2433,#2508,#80,.T.);
#1986=EDGE_CURVE('',#2509,#2436,#81,.T.);
#1987=EDGE_CURVE('',#2510,#2509,#82,.T.);
#1988=EDGE_CURVE('',#2437,#2510,#83,.T.);
#1989=EDGE_CURVE('',#2510,#2477,#84,.T.);
#1990=EDGE_CURVE('',#2509,#2478,#85,.T.);
#1991=EDGE_CURVE('',#2511,#2444,#86,.T.);
#1992=EDGE_CURVE('',#2512,#2511,#87,.T.);
#1993=EDGE_CURVE('',#2445,#2512,#88,.T.);
#1994=EDGE_CURVE('',#2512,#2485,#89,.T.);
#1995=EDGE_CURVE('',#2511,#2486,#90,.T.);
#1996=EDGE_CURVE('',#2513,#2500,#91,.T.);
#1997=EDGE_CURVE('',#2514,#2513,#92,.T.);
#1998=EDGE_CURVE('',#2501,#2514,#93,.T.);
#1999=EDGE_CURVE('',#2514,#2493,#94,.T.);
#2000=EDGE_CURVE('',#2513,#2494,#95,.T.);
#2001=EDGE_CURVE('',#2503,#2474,#96,.T.);
#2002=EDGE_CURVE('',#2504,#2473,#97,.T.);
#2003=EDGE_CURVE('',#2505,#2490,#98,.T.);
#2004=EDGE_CURVE('',#2506,#2489,#99,.T.);
#2005=EDGE_CURVE('',#2507,#2482,#100,.T.);
#2006=EDGE_CURVE('',#2508,#2481,#101,.T.);
#2007=EDGE_CURVE('',#2515,#2515,#2811,.T.);
#2008=EDGE_CURVE('',#2516,#2516,#2812,.T.);
#2009=EDGE_CURVE('',#2517,#2517,#2813,.T.);
#2010=EDGE_CURVE('',#2518,#2519,#102,.F.);
#2011=EDGE_CURVE('',#2520,#2518,#103,.T.);
#2012=EDGE_CURVE('',#2521,#2520,#2814,.T.);
#2013=EDGE_CURVE('',#2469,#2521,#104,.T.);
#2014=EDGE_CURVE('',#2522,#2468,#105,.F.);
#2015=EDGE_CURVE('',#2522,#2519,#2815,.T.);
#2016=EDGE_CURVE('',#2523,#2520,#106,.F.);
#2017=EDGE_CURVE('',#2524,#2523,#2816,.T.);
#2018=EDGE_CURVE('',#2521,#2524,#107,.T.);
#2019=EDGE_CURVE('',#2470,#2524,#108,.T.);
#2020=EDGE_CURVE('',#2523,#2525,#109,.T.);
#2021=EDGE_CURVE('',#2525,#2526,#110,.F.);
#2022=EDGE_CURVE('',#2527,#2526,#2817,.T.);
#2023=EDGE_CURVE('',#2527,#2447,#111,.F.);
#2024=EDGE_CURVE('',#2449,#2528,#112,.T.);
#2025=EDGE_CURVE('',#2528,#2529,#113,.T.);
#2026=EDGE_CURVE('',#2450,#2529,#114,.T.);
#2027=EDGE_CURVE('',#2528,#2530,#2818,.T.);
#2028=EDGE_CURVE('',#2531,#2530,#115,.F.);
#2029=EDGE_CURVE('',#2529,#2531,#2819,.T.);
#2030=EDGE_CURVE('',#2531,#2532,#116,.T.);
#2031=EDGE_CURVE('',#2532,#2533,#117,.F.);
#2032=EDGE_CURVE('',#2534,#2533,#2820,.T.);
#2033=EDGE_CURVE('',#2534,#2451,#118,.F.);
#2034=EDGE_CURVE('',#2535,#2536,#119,.F.);
#2035=EDGE_CURVE('',#2530,#2535,#120,.T.);
#2036=EDGE_CURVE('',#2537,#2448,#121,.F.);
#2037=EDGE_CURVE('',#2537,#2536,#2821,.T.);
#2038=EDGE_CURVE('',#2536,#2526,#2822,.T.);
#2039=EDGE_CURVE('',#2527,#2537,#2823,.T.);
#2040=EDGE_CURVE('',#2538,#2539,#122,.T.);
#2041=EDGE_CURVE('',#2539,#2540,#123,.F.);
#2042=EDGE_CURVE('',#2541,#2540,#2824,.T.);
#2043=EDGE_CURVE('',#2541,#2467,#124,.F.);
#2044=EDGE_CURVE('',#2466,#2542,#125,.T.);
#2045=EDGE_CURVE('',#2542,#2538,#2825,.T.);
#2046=EDGE_CURVE('',#2465,#2543,#126,.T.);
#2047=EDGE_CURVE('',#2543,#2542,#127,.T.);
#2048=EDGE_CURVE('',#2544,#2545,#128,.F.);
#2049=EDGE_CURVE('',#2546,#2544,#129,.T.);
#2050=EDGE_CURVE('',#2543,#2546,#2826,.T.);
#2051=EDGE_CURVE('',#2547,#2464,#130,.F.);
#2052=EDGE_CURVE('',#2547,#2545,#2827,.T.);
#2053=EDGE_CURVE('',#2538,#2546,#131,.F.);
#2054=EDGE_CURVE('',#2548,#2549,#132,.F.);
#2055=EDGE_CURVE('',#2550,#2548,#133,.T.);
#2056=EDGE_CURVE('',#2551,#2550,#2828,.T.);
#2057=EDGE_CURVE('',#2461,#2551,#134,.T.);
#2058=EDGE_CURVE('',#2552,#2460,#135,.F.);
#2059=EDGE_CURVE('',#2552,#2549,#2829,.T.);
#2060=EDGE_CURVE('',#2553,#2550,#136,.F.);
#2061=EDGE_CURVE('',#2554,#2553,#2830,.T.);
#2062=EDGE_CURVE('',#2551,#2554,#137,.T.);
#2063=EDGE_CURVE('',#2462,#2554,#138,.T.);
#2064=EDGE_CURVE('',#2553,#2555,#139,.T.);
#2065=EDGE_CURVE('',#2555,#2556,#140,.F.);
#2066=EDGE_CURVE('',#2557,#2556,#2831,.T.);
#2067=EDGE_CURVE('',#2557,#2463,#141,.F.);
#2068=EDGE_CURVE('',#2557,#2547,#2832,.T.);
#2069=EDGE_CURVE('',#2558,#2559,#142,.T.);
#2070=EDGE_CURVE('',#2559,#2560,#143,.F.);
#2071=EDGE_CURVE('',#2561,#2560,#2833,.T.);
#2072=EDGE_CURVE('',#2561,#2459,#144,.F.);
#2073=EDGE_CURVE('',#2458,#2562,#145,.T.);
#2074=EDGE_CURVE('',#2562,#2558,#2834,.T.);
#2075=EDGE_CURVE('',#2457,#2563,#146,.T.);
#2076=EDGE_CURVE('',#2563,#2562,#147,.T.);
#2077=EDGE_CURVE('',#2563,#2564,#2835,.T.);
#2078=EDGE_CURVE('',#2558,#2564,#148,.T.);
#2079=EDGE_CURVE('',#2565,#2566,#2836,.T.);
#2080=EDGE_CURVE('',#2566,#2567,#149,.T.);
#2081=EDGE_CURVE('',#2567,#2564,#150,.T.);
#2082=EDGE_CURVE('',#2565,#2456,#151,.F.);
#2083=EDGE_CURVE('',#2568,#2569,#152,.F.);
#2084=EDGE_CURVE('',#2570,#2568,#153,.T.);
#2085=EDGE_CURVE('',#2570,#2571,#2837,.T.);
#2086=EDGE_CURVE('',#2453,#2571,#154,.T.);
#2087=EDGE_CURVE('',#2452,#2572,#155,.T.);
#2088=EDGE_CURVE('',#2569,#2572,#2838,.T.);
#2089=EDGE_CURVE('',#2571,#2573,#156,.T.);
#2090=EDGE_CURVE('',#2454,#2573,#157,.T.);
#2091=EDGE_CURVE('',#2574,#2575,#158,.T.);
#2092=EDGE_CURVE('',#2575,#2576,#159,.F.);
#2093=EDGE_CURVE('',#2577,#2576,#2839,.T.);
#2094=EDGE_CURVE('',#2577,#2455,#160,.F.);
#2095=EDGE_CURVE('',#2573,#2574,#2840,.T.);
#2096=EDGE_CURVE('',#2574,#2570,#161,.F.);
#2097=EDGE_CURVE('',#2577,#2565,#2841,.T.);
#2098=EDGE_CURVE('',#2561,#2552,#2842,.T.);
#2099=EDGE_CURVE('',#2541,#2522,#2843,.T.);
#2100=EDGE_CURVE('',#2534,#2572,#2844,.T.);
#2101=EDGE_CURVE('',#2569,#2533,#2845,.T.);
#2102=EDGE_CURVE('',#2519,#2540,#2846,.T.);
#2103=EDGE_CURVE('',#2545,#2556,#2847,.T.);
#2104=EDGE_CURVE('',#2549,#2560,#2848,.T.);
#2105=EDGE_CURVE('',#2566,#2576,#2849,.T.);
#2106=EDGE_CURVE('',#2578,#2579,#162,.T.);
#2107=EDGE_CURVE('',#2580,#2578,#163,.F.);
#2108=EDGE_CURVE('',#2580,#2581,#164,.T.);
#2109=EDGE_CURVE('',#2582,#2581,#2850,.F.);
#2110=EDGE_CURVE('',#2583,#2582,#165,.T.);
#2111=EDGE_CURVE('',#2584,#2583,#166,.F.);
#2112=EDGE_CURVE('',#2584,#2585,#167,.T.);
#2113=EDGE_CURVE('',#2586,#2585,#2851,.F.);
#2114=EDGE_CURVE('',#2586,#2587,#168,.T.);
#2115=EDGE_CURVE('',#2588,#2587,#169,.T.);
#2116=EDGE_CURVE('',#2588,#2589,#170,.T.);
#2117=EDGE_CURVE('',#2590,#2589,#2852,.F.);
#2118=EDGE_CURVE('',#2591,#2590,#171,.T.);
#2119=EDGE_CURVE('',#2592,#2591,#172,.F.);
#2120=EDGE_CURVE('',#2592,#2593,#173,.T.);
#2121=EDGE_CURVE('',#2594,#2593,#2853,.F.);
#2122=EDGE_CURVE('',#2595,#2594,#174,.T.);
#2123=EDGE_CURVE('',#2596,#2595,#175,.F.);
#2124=EDGE_CURVE('',#2596,#2597,#176,.T.);
#2125=EDGE_CURVE('',#2598,#2597,#2854,.F.);
#2126=EDGE_CURVE('',#2599,#2598,#177,.T.);
#2127=EDGE_CURVE('',#2600,#2599,#178,.F.);
#2128=EDGE_CURVE('',#2600,#2601,#179,.T.);
#2129=EDGE_CURVE('',#2579,#2601,#2855,.F.);
#2130=EDGE_CURVE('',#2602,#2603,#2856,.T.);
#2131=EDGE_CURVE('',#2604,#2602,#180,.T.);
#2132=EDGE_CURVE('',#2605,#2604,#181,.T.);
#2133=EDGE_CURVE('',#2605,#2606,#182,.T.);
#2134=EDGE_CURVE('',#2607,#2606,#2857,.T.);
#2135=EDGE_CURVE('',#2608,#2607,#183,.T.);
#2136=EDGE_CURVE('',#2609,#2608,#184,.T.);
#2137=EDGE_CURVE('',#2609,#2610,#185,.T.);
#2138=EDGE_CURVE('',#2611,#2610,#2858,.T.);
#2139=EDGE_CURVE('',#2612,#2611,#186,.T.);
#2140=EDGE_CURVE('',#2613,#2612,#187,.T.);
#2141=EDGE_CURVE('',#2613,#2614,#188,.T.);
#2142=EDGE_CURVE('',#2615,#2614,#2859,.T.);
#2143=EDGE_CURVE('',#2616,#2615,#189,.T.);
#2144=EDGE_CURVE('',#2617,#2616,#190,.T.);
#2145=EDGE_CURVE('',#2617,#2618,#191,.T.);
#2146=EDGE_CURVE('',#2619,#2618,#2860,.T.);
#2147=EDGE_CURVE('',#2620,#2619,#192,.T.);
#2148=EDGE_CURVE('',#2621,#2620,#193,.T.);
#2149=EDGE_CURVE('',#2621,#2622,#194,.T.);
#2150=EDGE_CURVE('',#2623,#2622,#2861,.T.);
#2151=EDGE_CURVE('',#2624,#2623,#195,.T.);
#2152=EDGE_CURVE('',#2625,#2624,#196,.T.);
#2153=EDGE_CURVE('',#2625,#2603,#197,.T.);
#2154=EDGE_CURVE('',#2532,#2568,#2862,.T.);
#2155=EDGE_CURVE('',#2575,#2567,#2863,.T.);
#2156=EDGE_CURVE('',#2559,#2548,#2864,.T.);
#2157=EDGE_CURVE('',#2555,#2544,#2865,.T.);
#2158=EDGE_CURVE('',#2539,#2518,#2866,.T.);
#2159=EDGE_CURVE('',#2525,#2535,#2867,.T.);
#2160=EDGE_CURVE('',#2626,#2627,#2868,.T.);
#2161=EDGE_CURVE('',#2628,#2627,#198,.T.);
#2162=EDGE_CURVE('',#2628,#2629,#199,.T.);
#2163=EDGE_CURVE('',#2629,#2630,#200,.T.);
#2164=EDGE_CURVE('',#2630,#2631,#2869,.T.);
#2165=EDGE_CURVE('',#2632,#2631,#201,.T.);
#2166=EDGE_CURVE('',#2632,#2633,#202,.T.);
#2167=EDGE_CURVE('',#2633,#2634,#203,.T.);
#2168=EDGE_CURVE('',#2634,#2635,#2870,.T.);
#2169=EDGE_CURVE('',#2636,#2635,#204,.T.);
#2170=EDGE_CURVE('',#2636,#2637,#205,.T.);
#2171=EDGE_CURVE('',#2637,#2638,#206,.T.);
#2172=EDGE_CURVE('',#2638,#2639,#2871,.T.);
#2173=EDGE_CURVE('',#2640,#2639,#207,.T.);
#2174=EDGE_CURVE('',#2640,#2641,#208,.T.);
#2175=EDGE_CURVE('',#2641,#2642,#209,.T.);
#2176=EDGE_CURVE('',#2642,#2643,#2872,.T.);
#2177=EDGE_CURVE('',#2644,#2643,#210,.T.);
#2178=EDGE_CURVE('',#2644,#2645,#211,.T.);
#2179=EDGE_CURVE('',#2645,#2646,#212,.T.);
#2180=EDGE_CURVE('',#2646,#2647,#2873,.T.);
#2181=EDGE_CURVE('',#2648,#2647,#213,.T.);
#2182=EDGE_CURVE('',#2648,#2649,#214,.T.);
#2183=EDGE_CURVE('',#2649,#2626,#215,.T.);
#2184=EDGE_CURVE('',#2618,#2635,#216,.T.);
#2185=EDGE_CURVE('',#2619,#2634,#217,.T.);
#2186=EDGE_CURVE('',#2615,#2638,#218,.T.);
#2187=EDGE_CURVE('',#2614,#2639,#219,.T.);
#2188=EDGE_CURVE('',#2611,#2642,#220,.T.);
#2189=EDGE_CURVE('',#2610,#2643,#221,.T.);
#2190=EDGE_CURVE('',#2607,#2646,#222,.T.);
#2191=EDGE_CURVE('',#2606,#2647,#223,.T.);
#2192=EDGE_CURVE('',#2602,#2626,#224,.T.);
#2193=EDGE_CURVE('',#2603,#2627,#225,.T.);
#2194=EDGE_CURVE('',#2623,#2630,#226,.T.);
#2195=EDGE_CURVE('',#2622,#2631,#227,.T.);
#2196=EDGE_CURVE('',#2621,#2632,#228,.T.);
#2197=EDGE_CURVE('',#2620,#2633,#229,.T.);
#2198=EDGE_CURVE('',#2625,#2628,#230,.T.);
#2199=EDGE_CURVE('',#2624,#2629,#231,.T.);
#2200=EDGE_CURVE('',#2605,#2648,#232,.T.);
#2201=EDGE_CURVE('',#2604,#2649,#233,.T.);
#2202=EDGE_CURVE('',#2609,#2644,#234,.T.);
#2203=EDGE_CURVE('',#2608,#2645,#235,.T.);
#2204=EDGE_CURVE('',#2613,#2640,#236,.T.);
#2205=EDGE_CURVE('',#2612,#2641,#237,.T.);
#2206=EDGE_CURVE('',#2617,#2636,#238,.T.);
#2207=EDGE_CURVE('',#2616,#2637,#239,.T.);
#2208=EDGE_CURVE('',#2650,#2651,#240,.T.);
#2209=EDGE_CURVE('',#2651,#2652,#241,.F.);
#2210=EDGE_CURVE('',#2589,#2652,#2874,.T.);
#2211=EDGE_CURVE('',#2588,#2650,#2875,.T.);
#2212=EDGE_CURVE('',#2587,#2653,#2876,.T.);
#2213=EDGE_CURVE('',#2650,#2653,#242,.T.);
#2214=EDGE_CURVE('',#2586,#2654,#2877,.T.);
#2215=EDGE_CURVE('',#2654,#2655,#243,.T.);
#2216=EDGE_CURVE('',#2655,#2653,#244,.T.);
#2217=EDGE_CURVE('',#2656,#2657,#245,.F.);
#2218=EDGE_CURVE('',#2658,#2656,#246,.T.);
#2219=EDGE_CURVE('',#2591,#2658,#2878,.T.);
#2220=EDGE_CURVE('',#2590,#2657,#2879,.T.);
#2221=EDGE_CURVE('',#2659,#2658,#247,.F.);
#2222=EDGE_CURVE('',#2592,#2659,#2880,.T.);
#2223=EDGE_CURVE('',#2659,#2660,#248,.T.);
#2224=EDGE_CURVE('',#2660,#2661,#249,.F.);
#2225=EDGE_CURVE('',#2593,#2661,#2881,.T.);
#2226=EDGE_CURVE('',#2662,#2663,#250,.T.);
#2227=EDGE_CURVE('',#2663,#2664,#251,.F.);
#2228=EDGE_CURVE('',#2597,#2664,#2882,.T.);
#2229=EDGE_CURVE('',#2596,#2662,#2883,.T.);
#2230=EDGE_CURVE('',#2665,#2666,#252,.F.);
#2231=EDGE_CURVE('',#2667,#2665,#253,.T.);
#2232=EDGE_CURVE('',#2595,#2667,#2884,.T.);
#2233=EDGE_CURVE('',#2594,#2666,#2885,.T.);
#2234=EDGE_CURVE('',#2662,#2667,#254,.F.);
#2235=EDGE_CURVE('',#2668,#2669,#255,.F.);
#2236=EDGE_CURVE('',#2670,#2668,#256,.T.);
#2237=EDGE_CURVE('',#2599,#2670,#2886,.T.);
#2238=EDGE_CURVE('',#2598,#2669,#2887,.T.);
#2239=EDGE_CURVE('',#2671,#2670,#257,.F.);
#2240=EDGE_CURVE('',#2600,#2671,#2888,.T.);
#2241=EDGE_CURVE('',#2671,#2672,#258,.T.);
#2242=EDGE_CURVE('',#2672,#2673,#259,.F.);
#2243=EDGE_CURVE('',#2601,#2673,#2889,.T.);
#2244=EDGE_CURVE('',#2578,#2674,#2890,.T.);
#2245=EDGE_CURVE('',#2675,#2674,#260,.F.);
#2246=EDGE_CURVE('',#2580,#2675,#2891,.T.);
#2247=EDGE_CURVE('',#2675,#2676,#261,.T.);
#2248=EDGE_CURVE('',#2676,#2677,#262,.F.);
#2249=EDGE_CURVE('',#2581,#2677,#2892,.T.);
#2250=EDGE_CURVE('',#2678,#2679,#263,.F.);
#2251=EDGE_CURVE('',#2674,#2678,#264,.T.);
#2252=EDGE_CURVE('',#2579,#2679,#2893,.T.);
#2253=EDGE_CURVE('',#2679,#2673,#2894,.T.);
#2254=EDGE_CURVE('',#2680,#2681,#265,.T.);
#2255=EDGE_CURVE('',#2681,#2682,#266,.F.);
#2256=EDGE_CURVE('',#2585,#2682,#2895,.T.);
#2257=EDGE_CURVE('',#2584,#2680,#2896,.T.);
#2258=EDGE_CURVE('',#2683,#2684,#267,.F.);
#2259=EDGE_CURVE('',#2685,#2683,#268,.T.);
#2260=EDGE_CURVE('',#2685,#2583,#2897,.T.);
#2261=EDGE_CURVE('',#2684,#2582,#2898,.T.);
#2262=EDGE_CURVE('',#2680,#2685,#269,.F.);
#2263=EDGE_CURVE('',#2684,#2677,#2899,.T.);
#2264=EDGE_CURVE('',#2669,#2664,#2900,.T.);
#2265=EDGE_CURVE('',#2666,#2661,#2901,.T.);
#2266=EDGE_CURVE('',#2657,#2652,#2902,.T.);
#2267=EDGE_CURVE('',#2654,#2682,#2903,.T.);
#2268=EDGE_CURVE('',#2686,#2687,#270,.T.);
#2269=EDGE_CURVE('',#2686,#2688,#271,.T.);
#2270=EDGE_CURVE('',#2689,#2688,#2904,.F.);
#2271=EDGE_CURVE('',#2690,#2689,#272,.T.);
#2272=EDGE_CURVE('',#2691,#2690,#273,.T.);
#2273=EDGE_CURVE('',#2692,#2691,#274,.T.);
#2274=EDGE_CURVE('',#2693,#2692,#2905,.T.);
#2275=EDGE_CURVE('',#2687,#2693,#275,.T.);
#2276=EDGE_CURVE('',#2694,#2695,#276,.T.);
#2277=EDGE_CURVE('',#2694,#2696,#277,.T.);
#2278=EDGE_CURVE('',#2697,#2696,#2906,.F.);
#2279=EDGE_CURVE('',#2697,#2698,#278,.T.);
#2280=EDGE_CURVE('',#2699,#2698,#279,.T.);
#2281=EDGE_CURVE('',#2700,#2699,#280,.T.);
#2282=EDGE_CURVE('',#2701,#2700,#2907,.T.);
#2283=EDGE_CURVE('',#2695,#2701,#281,.T.);
#2284=EDGE_CURVE('',#2702,#2703,#282,.T.);
#2285=EDGE_CURVE('',#2702,#2704,#283,.T.);
#2286=EDGE_CURVE('',#2705,#2704,#2908,.F.);
#2287=EDGE_CURVE('',#2706,#2705,#284,.T.);
#2288=EDGE_CURVE('',#2707,#2706,#285,.T.);
#2289=EDGE_CURVE('',#2708,#2707,#286,.T.);
#2290=EDGE_CURVE('',#2709,#2708,#2909,.T.);
#2291=EDGE_CURVE('',#2703,#2709,#287,.T.);
#2292=EDGE_CURVE('',#2710,#2711,#288,.T.);
#2293=EDGE_CURVE('',#2710,#2712,#289,.T.);
#2294=EDGE_CURVE('',#2713,#2712,#2910,.F.);
#2295=EDGE_CURVE('',#2714,#2713,#290,.T.);
#2296=EDGE_CURVE('',#2715,#2714,#291,.T.);
#2297=EDGE_CURVE('',#2716,#2715,#292,.T.);
#2298=EDGE_CURVE('',#2717,#2716,#2911,.T.);
#2299=EDGE_CURVE('',#2711,#2717,#293,.T.);
#2300=EDGE_CURVE('',#2718,#2719,#294,.T.);
#2301=EDGE_CURVE('',#2718,#2720,#295,.T.);
#2302=EDGE_CURVE('',#2721,#2720,#2912,.F.);
#2303=EDGE_CURVE('',#2722,#2721,#296,.T.);
#2304=EDGE_CURVE('',#2723,#2722,#297,.T.);
#2305=EDGE_CURVE('',#2724,#2723,#298,.T.);
#2306=EDGE_CURVE('',#2725,#2724,#2913,.T.);
#2307=EDGE_CURVE('',#2719,#2725,#299,.T.);
#2308=EDGE_CURVE('',#2726,#2727,#300,.T.);
#2309=EDGE_CURVE('',#2728,#2726,#301,.T.);
#2310=EDGE_CURVE('',#2729,#2728,#302,.T.);
#2311=EDGE_CURVE('',#2730,#2729,#2914,.T.);
#2312=EDGE_CURVE('',#2731,#2730,#303,.T.);
#2313=EDGE_CURVE('',#2732,#2731,#304,.T.);
#2314=EDGE_CURVE('',#2732,#2733,#305,.T.);
#2315=EDGE_CURVE('',#2727,#2733,#2915,.F.);
#2316=EDGE_CURVE('',#2676,#2683,#2916,.T.);
#2317=EDGE_CURVE('',#2681,#2655,#2917,.T.);
#2318=EDGE_CURVE('',#2651,#2656,#2918,.T.);
#2319=EDGE_CURVE('',#2660,#2665,#2919,.T.);
#2320=EDGE_CURVE('',#2663,#2668,#2920,.T.);
#2321=EDGE_CURVE('',#2672,#2678,#2921,.T.);
#2322=EDGE_CURVE('',#2734,#2735,#2922,.T.);
#2323=EDGE_CURVE('',#2735,#2736,#306,.T.);
#2324=EDGE_CURVE('',#2736,#2737,#307,.T.);
#2325=EDGE_CURVE('',#2737,#2738,#308,.T.);
#2326=EDGE_CURVE('',#2738,#2739,#2923,.T.);
#2327=EDGE_CURVE('',#2739,#2740,#309,.T.);
#2328=EDGE_CURVE('',#2740,#2741,#310,.T.);
#2329=EDGE_CURVE('',#2741,#2742,#311,.T.);
#2330=EDGE_CURVE('',#2742,#2743,#2924,.T.);
#2331=EDGE_CURVE('',#2743,#2744,#312,.T.);
#2332=EDGE_CURVE('',#2744,#2745,#313,.T.);
#2333=EDGE_CURVE('',#2745,#2746,#314,.T.);
#2334=EDGE_CURVE('',#2746,#2747,#2925,.T.);
#2335=EDGE_CURVE('',#2747,#2748,#315,.T.);
#2336=EDGE_CURVE('',#2748,#2749,#316,.T.);
#2337=EDGE_CURVE('',#2749,#2750,#317,.T.);
#2338=EDGE_CURVE('',#2750,#2751,#2926,.T.);
#2339=EDGE_CURVE('',#2751,#2752,#318,.T.);
#2340=EDGE_CURVE('',#2752,#2753,#319,.T.);
#2341=EDGE_CURVE('',#2753,#2754,#320,.T.);
#2342=EDGE_CURVE('',#2754,#2755,#2927,.T.);
#2343=EDGE_CURVE('',#2755,#2756,#321,.T.);
#2344=EDGE_CURVE('',#2756,#2757,#322,.T.);
#2345=EDGE_CURVE('',#2757,#2734,#323,.T.);
#2346=EDGE_CURVE('',#2758,#2759,#324,.F.);
#2347=EDGE_CURVE('',#2758,#2732,#325,.T.);
#2348=EDGE_CURVE('',#2731,#2741,#326,.T.);
#2349=EDGE_CURVE('',#2723,#2740,#327,.T.);
#2350=EDGE_CURVE('',#2759,#2722,#328,.T.);
#2351=EDGE_CURVE('',#2760,#2761,#329,.F.);
#2352=EDGE_CURVE('',#2760,#2718,#330,.T.);
#2353=EDGE_CURVE('',#2719,#2737,#331,.T.);
#2354=EDGE_CURVE('',#2715,#2736,#332,.T.);
#2355=EDGE_CURVE('',#2761,#2714,#333,.T.);
#2356=EDGE_CURVE('',#2762,#2763,#334,.T.);
#2357=EDGE_CURVE('',#2762,#2702,#335,.T.);
#2358=EDGE_CURVE('',#2703,#2753,#336,.T.);
#2359=EDGE_CURVE('',#2699,#2752,#337,.T.);
#2360=EDGE_CURVE('',#2698,#2763,#338,.T.);
#2361=EDGE_CURVE('',#2764,#2765,#339,.F.);
#2362=EDGE_CURVE('',#2764,#2694,#340,.T.);
#2363=EDGE_CURVE('',#2695,#2749,#341,.T.);
#2364=EDGE_CURVE('',#2691,#2748,#342,.T.);
#2365=EDGE_CURVE('',#2765,#2690,#343,.T.);
#2366=EDGE_CURVE('',#2729,#2743,#344,.T.);
#2367=EDGE_CURVE('',#2730,#2742,#345,.T.);
#2368=EDGE_CURVE('',#2693,#2746,#346,.T.);
#2369=EDGE_CURVE('',#2692,#2747,#347,.T.);
#2370=EDGE_CURVE('',#2701,#2750,#348,.T.);
#2371=EDGE_CURVE('',#2700,#2751,#349,.T.);
#2372=EDGE_CURVE('',#2709,#2754,#350,.T.);
#2373=EDGE_CURVE('',#2708,#2755,#351,.T.);
#2374=EDGE_CURVE('',#2717,#2734,#352,.T.);
#2375=EDGE_CURVE('',#2716,#2735,#353,.T.);
#2376=EDGE_CURVE('',#2725,#2738,#354,.T.);
#2377=EDGE_CURVE('',#2724,#2739,#355,.T.);
#2378=EDGE_CURVE('',#2707,#2756,#356,.T.);
#2379=EDGE_CURVE('',#2711,#2757,#357,.T.);
#2380=EDGE_CURVE('',#2766,#2706,#358,.T.);
#2381=EDGE_CURVE('',#2767,#2766,#359,.F.);
#2382=EDGE_CURVE('',#2767,#2710,#360,.T.);
#2383=EDGE_CURVE('',#2728,#2744,#361,.T.);
#2384=EDGE_CURVE('',#2687,#2745,#362,.T.);
#2385=EDGE_CURVE('',#2768,#2726,#363,.T.);
#2386=EDGE_CURVE('',#2769,#2768,#364,.F.);
#2387=EDGE_CURVE('',#2769,#2686,#365,.T.);
#2388=EDGE_CURVE('',#2721,#2770,#2928,.T.);
#2389=EDGE_CURVE('',#2770,#2771,#366,.T.);
#2390=EDGE_CURVE('',#2759,#2771,#2929,.T.);
#2391=EDGE_CURVE('',#2772,#2771,#12,.T.);
#2392=EDGE_CURVE('',#2772,#2773,#13,.T.);
#2393=EDGE_CURVE('',#2758,#2773,#2930,.T.);
#2394=EDGE_CURVE('',#2774,#2773,#367,.T.);
#2395=EDGE_CURVE('',#2733,#2774,#2931,.T.);
#2396=EDGE_CURVE('',#2760,#2771,#2932,.T.);
#2397=EDGE_CURVE('',#2720,#2770,#2933,.T.);
#2398=EDGE_CURVE('',#2705,#2775,#2934,.T.);
#2399=EDGE_CURVE('',#2775,#2776,#368,.T.);
#2400=EDGE_CURVE('',#2766,#2776,#2935,.T.);
#2401=EDGE_CURVE('',#2772,#2776,#14,.T.);
#2402=EDGE_CURVE('',#2772,#2777,#15,.T.);
#2403=EDGE_CURVE('',#2767,#2777,#2936,.T.);
#2404=EDGE_CURVE('',#2778,#2777,#369,.T.);
#2405=EDGE_CURVE('',#2712,#2778,#2937,.T.);
#2406=EDGE_CURVE('',#2762,#2776,#2938,.T.);
#2407=EDGE_CURVE('',#2704,#2775,#2939,.T.);
#2408=EDGE_CURVE('',#2763,#2779,#2940,.T.);
#2409=EDGE_CURVE('',#2772,#2779,#16,.T.);
#2410=EDGE_CURVE('',#2764,#2779,#2941,.T.);
#2411=EDGE_CURVE('',#2780,#2779,#370,.T.);
#2412=EDGE_CURVE('',#2696,#2780,#2942,.T.);
#2413=EDGE_CURVE('',#2697,#2780,#2943,.T.);
#2414=EDGE_CURVE('',#2781,#2689,#2944,.T.);
#2415=EDGE_CURVE('',#2781,#2782,#371,.T.);
#2416=EDGE_CURVE('',#2782,#2765,#2945,.T.);
#2417=EDGE_CURVE('',#2782,#2772,#17,.F.);
#2418=EDGE_CURVE('',#2713,#2778,#2946,.T.);
#2419=EDGE_CURVE('',#2761,#2777,#2947,.T.);
#2420=EDGE_CURVE('',#2768,#2773,#2948,.T.);
#2421=EDGE_CURVE('',#2769,#2782,#2949,.T.);
#2422=EDGE_CURVE('',#2688,#2781,#2950,.T.);
#2423=EDGE_CURVE('',#2727,#2774,#2951,.T.);
#2424=VERTEX_POINT('',#5155);
#2425=VERTEX_POINT('',#5157);
#2426=VERTEX_POINT('',#5160);
#2427=VERTEX_POINT('',#5174);
#2428=VERTEX_POINT('',#5176);
#2429=VERTEX_POINT('',#5188);
#2430=VERTEX_POINT('',#5200);
#2431=VERTEX_POINT('',#5203);
#2432=VERTEX_POINT('',#5204);
#2433=VERTEX_POINT('',#5206);
#2434=VERTEX_POINT('',#5208);
#2435=VERTEX_POINT('',#5210);
#2436=VERTEX_POINT('',#5212);
#2437=VERTEX_POINT('',#5214);
#2438=VERTEX_POINT('',#5216);
#2439=VERTEX_POINT('',#5220);
#2440=VERTEX_POINT('',#5221);
#2441=VERTEX_POINT('',#5223);
#2442=VERTEX_POINT('',#5225);
#2443=VERTEX_POINT('',#5227);
#2444=VERTEX_POINT('',#5229);
#2445=VERTEX_POINT('',#5231);
#2446=VERTEX_POINT('',#5233);
#2447=VERTEX_POINT('',#5237);
#2448=VERTEX_POINT('',#5238);
#2449=VERTEX_POINT('',#5240);
#2450=VERTEX_POINT('',#5242);
#2451=VERTEX_POINT('',#5244);
#2452=VERTEX_POINT('',#5246);
#2453=VERTEX_POINT('',#5248);
#2454=VERTEX_POINT('',#5250);
#2455=VERTEX_POINT('',#5252);
#2456=VERTEX_POINT('',#5254);
#2457=VERTEX_POINT('',#5256);
#2458=VERTEX_POINT('',#5258);
#2459=VERTEX_POINT('',#5260);
#2460=VERTEX_POINT('',#5262);
#2461=VERTEX_POINT('',#5264);
#2462=VERTEX_POINT('',#5266);
#2463=VERTEX_POINT('',#5268);
#2464=VERTEX_POINT('',#5270);
#2465=VERTEX_POINT('',#5272);
#2466=VERTEX_POINT('',#5274);
#2467=VERTEX_POINT('',#5276);
#2468=VERTEX_POINT('',#5278);
#2469=VERTEX_POINT('',#5280);
#2470=VERTEX_POINT('',#5282);
#2471=VERTEX_POINT('',#5285);
#2472=VERTEX_POINT('',#5286);
#2473=VERTEX_POINT('',#5288);
#2474=VERTEX_POINT('',#5290);
#2475=VERTEX_POINT('',#5292);
#2476=VERTEX_POINT('',#5294);
#2477=VERTEX_POINT('',#5296);
#2478=VERTEX_POINT('',#5298);
#2479=VERTEX_POINT('',#5300);
#2480=VERTEX_POINT('',#5302);
#2481=VERTEX_POINT('',#5304);
#2482=VERTEX_POINT('',#5306);
#2483=VERTEX_POINT('',#5308);
#2484=VERTEX_POINT('',#5310);
#2485=VERTEX_POINT('',#5312);
#2486=VERTEX_POINT('',#5314);
#2487=VERTEX_POINT('',#5316);
#2488=VERTEX_POINT('',#5318);
#2489=VERTEX_POINT('',#5320);
#2490=VERTEX_POINT('',#5322);
#2491=VERTEX_POINT('',#5324);
#2492=VERTEX_POINT('',#5326);
#2493=VERTEX_POINT('',#5328);
#2494=VERTEX_POINT('',#5330);
#2495=VERTEX_POINT('',#5346);
#2496=VERTEX_POINT('',#5351);
#2497=VERTEX_POINT('',#5358);
#2498=VERTEX_POINT('',#5360);
#2499=VERTEX_POINT('',#5394);
#2500=VERTEX_POINT('',#5396);
#2501=VERTEX_POINT('',#5398);
#2502=VERTEX_POINT('',#5401);
#2503=VERTEX_POINT('',#5405);
#2504=VERTEX_POINT('',#5407);
#2505=VERTEX_POINT('',#5410);
#2506=VERTEX_POINT('',#5412);
#2507=VERTEX_POINT('',#5415);
#2508=VERTEX_POINT('',#5417);
#2509=VERTEX_POINT('',#5421);
#2510=VERTEX_POINT('',#5423);
#2511=VERTEX_POINT('',#5432);
#2512=VERTEX_POINT('',#5434);
#2513=VERTEX_POINT('',#5443);
#2514=VERTEX_POINT('',#5445);
#2515=VERTEX_POINT('',#5469);
#2516=VERTEX_POINT('',#5473);
#2517=VERTEX_POINT('',#5477);
#2518=VERTEX_POINT('',#5481);
#2519=VERTEX_POINT('',#5482);
#2520=VERTEX_POINT('',#5484);
#2521=VERTEX_POINT('',#5486);
#2522=VERTEX_POINT('',#5489);
#2523=VERTEX_POINT('',#5493);
#2524=VERTEX_POINT('',#5495);
#2525=VERTEX_POINT('',#5501);
#2526=VERTEX_POINT('',#5503);
#2527=VERTEX_POINT('',#5505);
#2528=VERTEX_POINT('',#5509);
#2529=VERTEX_POINT('',#5511);
#2530=VERTEX_POINT('',#5515);
#2531=VERTEX_POINT('',#5517);
#2532=VERTEX_POINT('',#5521);
#2533=VERTEX_POINT('',#5523);
#2534=VERTEX_POINT('',#5525);
#2535=VERTEX_POINT('',#5529);
#2536=VERTEX_POINT('',#5530);
#2537=VERTEX_POINT('',#5533);
#2538=VERTEX_POINT('',#5541);
#2539=VERTEX_POINT('',#5542);
#2540=VERTEX_POINT('',#5544);
#2541=VERTEX_POINT('',#5546);
#2542=VERTEX_POINT('',#5549);
#2543=VERTEX_POINT('',#5553);
#2544=VERTEX_POINT('',#5557);
#2545=VERTEX_POINT('',#5558);
#2546=VERTEX_POINT('',#5560);
#2547=VERTEX_POINT('',#5563);
#2548=VERTEX_POINT('',#5569);
#2549=VERTEX_POINT('',#5570);
#2550=VERTEX_POINT('',#5572);
#2551=VERTEX_POINT('',#5574);
#2552=VERTEX_POINT('',#5577);
#2553=VERTEX_POINT('',#5581);
#2554=VERTEX_POINT('',#5583);
#2555=VERTEX_POINT('',#5589);
#2556=VERTEX_POINT('',#5591);
#2557=VERTEX_POINT('',#5593);
#2558=VERTEX_POINT('',#5599);
#2559=VERTEX_POINT('',#5600);
#2560=VERTEX_POINT('',#5602);
#2561=VERTEX_POINT('',#5604);
#2562=VERTEX_POINT('',#5607);
#2563=VERTEX_POINT('',#5611);
#2564=VERTEX_POINT('',#5615);
#2565=VERTEX_POINT('',#5619);
#2566=VERTEX_POINT('',#5620);
#2567=VERTEX_POINT('',#5622);
#2568=VERTEX_POINT('',#5627);
#2569=VERTEX_POINT('',#5628);
#2570=VERTEX_POINT('',#5630);
#2571=VERTEX_POINT('',#5632);
#2572=VERTEX_POINT('',#5635);
#2573=VERTEX_POINT('',#5639);
#2574=VERTEX_POINT('',#5643);
#2575=VERTEX_POINT('',#5644);
#2576=VERTEX_POINT('',#5646);
#2577=VERTEX_POINT('',#5648);
#2578=VERTEX_POINT('',#5673);
#2579=VERTEX_POINT('',#5674);
#2580=VERTEX_POINT('',#5676);
#2581=VERTEX_POINT('',#5678);
#2582=VERTEX_POINT('',#5680);
#2583=VERTEX_POINT('',#5682);
#2584=VERTEX_POINT('',#5684);
#2585=VERTEX_POINT('',#5686);
#2586=VERTEX_POINT('',#5688);
#2587=VERTEX_POINT('',#5690);
#2588=VERTEX_POINT('',#5692);
#2589=VERTEX_POINT('',#5694);
#2590=VERTEX_POINT('',#5696);
#2591=VERTEX_POINT('',#5698);
#2592=VERTEX_POINT('',#5700);
#2593=VERTEX_POINT('',#5702);
#2594=VERTEX_POINT('',#5704);
#2595=VERTEX_POINT('',#5706);
#2596=VERTEX_POINT('',#5708);
#2597=VERTEX_POINT('',#5710);
#2598=VERTEX_POINT('',#5712);
#2599=VERTEX_POINT('',#5714);
#2600=VERTEX_POINT('',#5716);
#2601=VERTEX_POINT('',#5718);
#2602=VERTEX_POINT('',#5721);
#2603=VERTEX_POINT('',#5722);
#2604=VERTEX_POINT('',#5724);
#2605=VERTEX_POINT('',#5726);
#2606=VERTEX_POINT('',#5728);
#2607=VERTEX_POINT('',#5730);
#2608=VERTEX_POINT('',#5732);
#2609=VERTEX_POINT('',#5734);
#2610=VERTEX_POINT('',#5736);
#2611=VERTEX_POINT('',#5738);
#2612=VERTEX_POINT('',#5740);
#2613=VERTEX_POINT('',#5742);
#2614=VERTEX_POINT('',#5744);
#2615=VERTEX_POINT('',#5746);
#2616=VERTEX_POINT('',#5748);
#2617=VERTEX_POINT('',#5750);
#2618=VERTEX_POINT('',#5752);
#2619=VERTEX_POINT('',#5754);
#2620=VERTEX_POINT('',#5756);
#2621=VERTEX_POINT('',#5758);
#2622=VERTEX_POINT('',#5760);
#2623=VERTEX_POINT('',#5762);
#2624=VERTEX_POINT('',#5764);
#2625=VERTEX_POINT('',#5766);
#2626=VERTEX_POINT('',#5782);
#2627=VERTEX_POINT('',#5783);
#2628=VERTEX_POINT('',#5785);
#2629=VERTEX_POINT('',#5787);
#2630=VERTEX_POINT('',#5789);
#2631=VERTEX_POINT('',#5791);
#2632=VERTEX_POINT('',#5793);
#2633=VERTEX_POINT('',#5795);
#2634=VERTEX_POINT('',#5797);
#2635=VERTEX_POINT('',#5799);
#2636=VERTEX_POINT('',#5801);
#2637=VERTEX_POINT('',#5803);
#2638=VERTEX_POINT('',#5805);
#2639=VERTEX_POINT('',#5807);
#2640=VERTEX_POINT('',#5809);
#2641=VERTEX_POINT('',#5811);
#2642=VERTEX_POINT('',#5813);
#2643=VERTEX_POINT('',#5815);
#2644=VERTEX_POINT('',#5817);
#2645=VERTEX_POINT('',#5819);
#2646=VERTEX_POINT('',#5821);
#2647=VERTEX_POINT('',#5823);
#2648=VERTEX_POINT('',#5825);
#2649=VERTEX_POINT('',#5827);
#2650=VERTEX_POINT('',#5879);
#2651=VERTEX_POINT('',#5880);
#2652=VERTEX_POINT('',#5882);
#2653=VERTEX_POINT('',#5887);
#2654=VERTEX_POINT('',#5891);
#2655=VERTEX_POINT('',#5893);
#2656=VERTEX_POINT('',#5897);
#2657=VERTEX_POINT('',#5898);
#2658=VERTEX_POINT('',#5900);
#2659=VERTEX_POINT('',#5905);
#2660=VERTEX_POINT('',#5909);
#2661=VERTEX_POINT('',#5911);
#2662=VERTEX_POINT('',#5915);
#2663=VERTEX_POINT('',#5916);
#2664=VERTEX_POINT('',#5918);
#2665=VERTEX_POINT('',#5923);
#2666=VERTEX_POINT('',#5924);
#2667=VERTEX_POINT('',#5926);
#2668=VERTEX_POINT('',#5933);
#2669=VERTEX_POINT('',#5934);
#2670=VERTEX_POINT('',#5936);
#2671=VERTEX_POINT('',#5941);
#2672=VERTEX_POINT('',#5945);
#2673=VERTEX_POINT('',#5947);
#2674=VERTEX_POINT('',#5951);
#2675=VERTEX_POINT('',#5953);
#2676=VERTEX_POINT('',#5957);
#2677=VERTEX_POINT('',#5959);
#2678=VERTEX_POINT('',#5963);
#2679=VERTEX_POINT('',#5964);
#2680=VERTEX_POINT('',#5971);
#2681=VERTEX_POINT('',#5972);
#2682=VERTEX_POINT('',#5974);
#2683=VERTEX_POINT('',#5979);
#2684=VERTEX_POINT('',#5980);
#2685=VERTEX_POINT('',#5982);
#2686=VERTEX_POINT('',#5999);
#2687=VERTEX_POINT('',#6000);
#2688=VERTEX_POINT('',#6002);
#2689=VERTEX_POINT('',#6004);
#2690=VERTEX_POINT('',#6006);
#2691=VERTEX_POINT('',#6008);
#2692=VERTEX_POINT('',#6010);
#2693=VERTEX_POINT('',#6012);
#2694=VERTEX_POINT('',#6016);
#2695=VERTEX_POINT('',#6017);
#2696=VERTEX_POINT('',#6019);
#2697=VERTEX_POINT('',#6021);
#2698=VERTEX_POINT('',#6023);
#2699=VERTEX_POINT('',#6025);
#2700=VERTEX_POINT('',#6027);
#2701=VERTEX_POINT('',#6029);
#2702=VERTEX_POINT('',#6033);
#2703=VERTEX_POINT('',#6034);
#2704=VERTEX_POINT('',#6036);
#2705=VERTEX_POINT('',#6038);
#2706=VERTEX_POINT('',#6040);
#2707=VERTEX_POINT('',#6042);
#2708=VERTEX_POINT('',#6044);
#2709=VERTEX_POINT('',#6046);
#2710=VERTEX_POINT('',#6050);
#2711=VERTEX_POINT('',#6051);
#2712=VERTEX_POINT('',#6053);
#2713=VERTEX_POINT('',#6055);
#2714=VERTEX_POINT('',#6057);
#2715=VERTEX_POINT('',#6059);
#2716=VERTEX_POINT('',#6061);
#2717=VERTEX_POINT('',#6063);
#2718=VERTEX_POINT('',#6067);
#2719=VERTEX_POINT('',#6068);
#2720=VERTEX_POINT('',#6070);
#2721=VERTEX_POINT('',#6072);
#2722=VERTEX_POINT('',#6074);
#2723=VERTEX_POINT('',#6076);
#2724=VERTEX_POINT('',#6078);
#2725=VERTEX_POINT('',#6080);
#2726=VERTEX_POINT('',#6084);
#2727=VERTEX_POINT('',#6085);
#2728=VERTEX_POINT('',#6087);
#2729=VERTEX_POINT('',#6089);
#2730=VERTEX_POINT('',#6091);
#2731=VERTEX_POINT('',#6093);
#2732=VERTEX_POINT('',#6095);
#2733=VERTEX_POINT('',#6097);
#2734=VERTEX_POINT('',#6113);
#2735=VERTEX_POINT('',#6114);
#2736=VERTEX_POINT('',#6116);
#2737=VERTEX_POINT('',#6118);
#2738=VERTEX_POINT('',#6120);
#2739=VERTEX_POINT('',#6122);
#2740=VERTEX_POINT('',#6124);
#2741=VERTEX_POINT('',#6126);
#2742=VERTEX_POINT('',#6128);
#2743=VERTEX_POINT('',#6130);
#2744=VERTEX_POINT('',#6132);
#2745=VERTEX_POINT('',#6134);
#2746=VERTEX_POINT('',#6136);
#2747=VERTEX_POINT('',#6138);
#2748=VERTEX_POINT('',#6140);
#2749=VERTEX_POINT('',#6142);
#2750=VERTEX_POINT('',#6144);
#2751=VERTEX_POINT('',#6146);
#2752=VERTEX_POINT('',#6148);
#2753=VERTEX_POINT('',#6150);
#2754=VERTEX_POINT('',#6152);
#2755=VERTEX_POINT('',#6154);
#2756=VERTEX_POINT('',#6156);
#2757=VERTEX_POINT('',#6158);
#2758=VERTEX_POINT('',#6162);
#2759=VERTEX_POINT('',#6163);
#2760=VERTEX_POINT('',#6170);
#2761=VERTEX_POINT('',#6171);
#2762=VERTEX_POINT('',#6178);
#2763=VERTEX_POINT('',#6179);
#2764=VERTEX_POINT('',#6186);
#2765=VERTEX_POINT('',#6187);
#2766=VERTEX_POINT('',#6220);
#2767=VERTEX_POINT('',#6222);
#2768=VERTEX_POINT('',#6234);
#2769=VERTEX_POINT('',#6236);
#2770=VERTEX_POINT('',#6240);
#2771=VERTEX_POINT('',#6242);
#2772=VERTEX_POINT('',#6246);
#2773=VERTEX_POINT('',#6248);
#2774=VERTEX_POINT('',#6252);
#2775=VERTEX_POINT('',#6259);
#2776=VERTEX_POINT('',#6261);
#2777=VERTEX_POINT('',#6266);
#2778=VERTEX_POINT('',#6270);
#2779=VERTEX_POINT('',#6277);
#2780=VERTEX_POINT('',#6282);
#2781=VERTEX_POINT('',#6288);
#2782=VERTEX_POINT('',#6290);
#2783=CIRCLE('',#3693,0.0635);
#2784=CIRCLE('',#3694,0.0675);
#2785=CIRCLE('',#3696,0.0675);
#2786=CIRCLE('',#3699,0.0635);
#2787=CIRCLE('',#3701,0.0595);
#2788=CIRCLE('',#3702,0.0595);
#2789=CIRCLE('',#3703,0.0595);
#2790=CIRCLE('',#3704,0.0595);
#2791=CIRCLE('',#3706,0.0595);
#2792=CIRCLE('',#3707,0.0595);
#2793=CIRCLE('',#3708,0.0595);
#2794=CIRCLE('',#3709,0.0595);
#2795=CIRCLE('',#3711,0.0661);
#2796=CIRCLE('',#3712,0.0661);
#2797=CIRCLE('',#3713,0.0661);
#2798=CIRCLE('',#3714,0.0661);
#2799=CIRCLE('',#3715,0.0661);
#2800=CIRCLE('',#3716,0.0661);
#2801=CIRCLE('',#3717,0.0615);
#2802=CIRCLE('',#3718,0.0615);
#2803=CIRCLE('',#3719,0.0615);
#2804=CIRCLE('',#3720,0.0615);
#2805=CIRCLE('',#3721,0.0615);
#2806=CIRCLE('',#3722,0.0615);
#2807=CIRCLE('',#3725,0.0595);
#2808=CIRCLE('',#3727,0.0595);
#2809=CIRCLE('',#3732,0.0595);
#2810=CIRCLE('',#3733,0.0595);
#2811=CIRCLE('',#3757,0.0021);
#2812=CIRCLE('',#3760,0.0021);
#2813=CIRCLE('',#3763,0.0021);
#2814=CIRCLE('',#3766,0.0615);
#2815=CIRCLE('',#3767,0.066082978141122);
#2816=CIRCLE('',#3769,0.0615);
#2817=CIRCLE('',#3772,0.066082978141122);
#2818=CIRCLE('',#3775,0.0615);
#2819=CIRCLE('',#3776,0.0615);
#2820=CIRCLE('',#3778,0.066082978141122);
#2821=CIRCLE('',#3780,0.066082978141122);
#2822=CIRCLE('',#3782,0.0635);
#2823=CIRCLE('',#3783,0.0661);
#2824=CIRCLE('',#3786,0.066082978141122);
#2825=CIRCLE('',#3787,0.0615);
#2826=CIRCLE('',#3790,0.0615);
#2827=CIRCLE('',#3791,0.066082978141122);
#2828=CIRCLE('',#3794,0.0615);
#2829=CIRCLE('',#3795,0.066082978141122);
#2830=CIRCLE('',#3797,0.0615);
#2831=CIRCLE('',#3800,0.066082978141122);
#2832=CIRCLE('',#3802,0.0661);
#2833=CIRCLE('',#3804,0.066082978141122);
#2834=CIRCLE('',#3805,0.0615);
#2835=CIRCLE('',#3808,0.0615);
#2836=CIRCLE('',#3810,0.066082978141122);
#2837=CIRCLE('',#3812,0.0615);
#2838=CIRCLE('',#3813,0.066082978141122);
#2839=CIRCLE('',#3816,0.066082978141122);
#2840=CIRCLE('',#3817,0.0615);
#2841=CIRCLE('',#3820,0.0661);
#2842=CIRCLE('',#3822,0.0661);
#2843=CIRCLE('',#3824,0.0661);
#2844=CIRCLE('',#3826,0.0661);
#2845=CIRCLE('',#3828,0.0635);
#2846=CIRCLE('',#3830,0.0635);
#2847=CIRCLE('',#3832,0.0635);
#2848=CIRCLE('',#3834,0.0635);
#2849=CIRCLE('',#3836,0.0635);
#2850=CIRCLE('',#3838,0.0626754337838998);
#2851=CIRCLE('',#3839,0.0626754337838998);
#2852=CIRCLE('',#3840,0.0626754337838998);
#2853=CIRCLE('',#3841,0.0626754337838998);
#2854=CIRCLE('',#3842,0.0626754337838998);
#2855=CIRCLE('',#3843,0.0626754337838998);
#2856=CIRCLE('',#3844,0.061);
#2857=CIRCLE('',#3845,0.061);
#2858=CIRCLE('',#3846,0.061);
#2859=CIRCLE('',#3847,0.061);
#2860=CIRCLE('',#3848,0.061);
#2861=CIRCLE('',#3849,0.061);
#2862=CIRCLE('',#3851,0.0635);
#2863=CIRCLE('',#3853,0.0635);
#2864=CIRCLE('',#3855,0.0635);
#2865=CIRCLE('',#3857,0.0635);
#2866=CIRCLE('',#3859,0.0635);
#2867=CIRCLE('',#3861,0.0635);
#2868=CIRCLE('',#3863,0.061);
#2869=CIRCLE('',#3864,0.061);
#2870=CIRCLE('',#3865,0.061);
#2871=CIRCLE('',#3866,0.061);
#2872=CIRCLE('',#3867,0.061);
#2873=CIRCLE('',#3868,0.061);
#2874=CIRCLE('',#3894,0.066082978141122);
#2875=CIRCLE('',#3895,0.0615);
#2876=CIRCLE('',#3897,0.0615);
#2877=CIRCLE('',#3899,0.066082978141122);
#2878=CIRCLE('',#3901,0.0615);
#2879=CIRCLE('',#3902,0.066082978141122);
#2880=CIRCLE('',#3904,0.0615);
#2881=CIRCLE('',#3906,0.066082978141122);
#2882=CIRCLE('',#3908,0.066082978141122);
#2883=CIRCLE('',#3909,0.0615);
#2884=CIRCLE('',#3911,0.0615);
#2885=CIRCLE('',#3912,0.066082978141122);
#2886=CIRCLE('',#3915,0.0615);
#2887=CIRCLE('',#3916,0.066082978141122);
#2888=CIRCLE('',#3918,0.0615);
#2889=CIRCLE('',#3920,0.066082978141122);
#2890=CIRCLE('',#3922,0.0615);
#2891=CIRCLE('',#3923,0.0615);
#2892=CIRCLE('',#3925,0.066082978141122);
#2893=CIRCLE('',#3927,0.066082978141122);
#2894=CIRCLE('',#3929,0.05);
#2895=CIRCLE('',#3931,0.066082978141122);
#2896=CIRCLE('',#3932,0.0615);
#2897=CIRCLE('',#3934,0.0615);
#2898=CIRCLE('',#3935,0.066082978141122);
#2899=CIRCLE('',#3938,0.05);
#2900=CIRCLE('',#3940,0.05);
#2901=CIRCLE('',#3942,0.05);
#2902=CIRCLE('',#3944,0.05);
#2903=CIRCLE('',#3946,0.05);
#2904=CIRCLE('',#3948,0.0484170424540781);
#2905=CIRCLE('',#3949,0.0475);
#2906=CIRCLE('',#3951,0.0484170424540781);
#2907=CIRCLE('',#3952,0.0475);
#2908=CIRCLE('',#3954,0.0484170424540781);
#2909=CIRCLE('',#3955,0.0475);
#2910=CIRCLE('',#3957,0.0484170424540781);
#2911=CIRCLE('',#3958,0.0475);
#2912=CIRCLE('',#3960,0.0484170424540781);
#2913=CIRCLE('',#3961,0.0475);
#2914=CIRCLE('',#3963,0.0475);
#2915=CIRCLE('',#3964,0.0484170424540781);
#2916=CIRCLE('',#3966,0.05);
#2917=CIRCLE('',#3968,0.05);
#2918=CIRCLE('',#3970,0.05);
#2919=CIRCLE('',#3972,0.05);
#2920=CIRCLE('',#3974,0.05);
#2921=CIRCLE('',#3976,0.05);
#2922=CIRCLE('',#3978,0.0475);
#2923=CIRCLE('',#3979,0.0475);
#2924=CIRCLE('',#3980,0.0475);
#2925=CIRCLE('',#3981,0.0475);
#2926=CIRCLE('',#3982,0.0475);
#2927=CIRCLE('',#3983,0.0475);
#2928=CIRCLE('',#4009,0.066082978141122);
#2929=CIRCLE('',#4010,0.0615);
#2930=CIRCLE('',#4014,0.0615);
#2931=CIRCLE('',#4016,0.066082978141122);
#2932=CIRCLE('',#4018,0.0615);
#2933=CIRCLE('',#4019,0.066082978141122);
#2934=CIRCLE('',#4021,0.066082978141122);
#2935=CIRCLE('',#4022,0.0615);
#2936=CIRCLE('',#4026,0.0615);
#2937=CIRCLE('',#4028,0.066082978141122);
#2938=CIRCLE('',#4030,0.0615);
#2939=CIRCLE('',#4031,0.066082978141122);
#2940=CIRCLE('',#4033,0.0615);
#2941=CIRCLE('',#4036,0.0615);
#2942=CIRCLE('',#4037,0.066082978141122);
#2943=CIRCLE('',#4039,0.066082978141122);
#2944=CIRCLE('',#4041,0.066082978141122);
#2945=CIRCLE('',#4042,0.0615);
#2946=CIRCLE('',#4046,0.066082978141122);
#2947=CIRCLE('',#4047,0.0615);
#2948=CIRCLE('',#4050,0.0615);
#2949=CIRCLE('',#4051,0.0615);
#2950=CIRCLE('',#4053,0.066082978141122);
#2951=CIRCLE('',#4055,0.066082978141122);
#2952=EDGE_LOOP('',(#810));
#2953=EDGE_LOOP('',(#811));
#2954=EDGE_LOOP('',(#812));
#2955=EDGE_LOOP('',(#813));
#2956=EDGE_LOOP('',(#814));
#2957=EDGE_LOOP('',(#815));
#2958=EDGE_LOOP('',(#816));
#2959=EDGE_LOOP('',(#817));
#2960=EDGE_LOOP('',(#818));
#2961=EDGE_LOOP('',(#819));
#2962=EDGE_LOOP('',(#820,#821,#822,#823,#824,#825,#826,#827));
#2963=EDGE_LOOP('',(#828,#829,#830,#831,#832,#833,#834,#835));
#2964=EDGE_LOOP('',(#836,#837,#838,#839,#840,#841,#842,#843,#844,#845,#846,
#847,#848,#849,#850,#851,#852,#853,#854,#855,#856,#857,#858,#859));
#2965=EDGE_LOOP('',(#860,#861,#862,#863,#864,#865,#866,#867,#868,#869,#870,
#871,#872,#873,#874,#875,#876,#877,#878,#879,#880,#881,#882,#883));
#2966=EDGE_LOOP('',(#884,#885,#886,#887));
#2967=EDGE_LOOP('',(#888,#889,#890,#891));
#2968=EDGE_LOOP('',(#892,#893,#894,#895));
#2969=EDGE_LOOP('',(#896,#897,#898,#899));
#2970=EDGE_LOOP('',(#900,#901,#902,#903));
#2971=EDGE_LOOP('',(#904,#905,#906,#907));
#2972=EDGE_LOOP('',(#908,#909,#910,#911,#912,#913,#914,#915));
#2973=EDGE_LOOP('',(#916));
#2974=EDGE_LOOP('',(#917,#918,#919,#920,#921,#922,#923,#924,#925,#926,#927,
#928));
#2975=EDGE_LOOP('',(#929,#930,#931,#932));
#2976=EDGE_LOOP('',(#933,#934,#935,#936));
#2977=EDGE_LOOP('',(#937,#938,#939,#940,#941));
#2978=EDGE_LOOP('',(#942,#943,#944,#945,#946));
#2979=EDGE_LOOP('',(#947,#948,#949,#950));
#2980=EDGE_LOOP('',(#951,#952,#953,#954));
#2981=EDGE_LOOP('',(#955,#956,#957,#958,#959));
#2982=EDGE_LOOP('',(#960,#961,#962,#963,#964));
#2983=EDGE_LOOP('',(#965,#966,#967,#968));
#2984=EDGE_LOOP('',(#969,#970,#971,#972));
#2985=EDGE_LOOP('',(#973,#974,#975,#976,#977));
#2986=EDGE_LOOP('',(#978,#979,#980,#981,#982));
#2987=EDGE_LOOP('',(#983,#984,#985,#986,#987));
#2988=EDGE_LOOP('',(#988,#989,#990,#991,#992));
#2989=EDGE_LOOP('',(#993,#994,#995,#996));
#2990=EDGE_LOOP('',(#997,#998,#999,#1000,#1001));
#2991=EDGE_LOOP('',(#1002,#1003,#1004,#1005,#1006));
#2992=EDGE_LOOP('',(#1007,#1008,#1009,#1010));
#2993=EDGE_LOOP('',(#1011,#1012,#1013,#1014,#1015));
#2994=EDGE_LOOP('',(#1016,#1017,#1018,#1019,#1020));
#2995=EDGE_LOOP('',(#1021,#1022,#1023,#1024));
#2996=EDGE_LOOP('',(#1025));
#2997=EDGE_LOOP('',(#1026));
#2998=EDGE_LOOP('',(#1027));
#2999=EDGE_LOOP('',(#1028));
#3000=EDGE_LOOP('',(#1029));
#3001=EDGE_LOOP('',(#1030));
#3002=EDGE_LOOP('',(#1031));
#3003=EDGE_LOOP('',(#1032));
#3004=EDGE_LOOP('',(#1033));
#3005=EDGE_LOOP('',(#1034,#1035,#1036,#1037,#1038,#1039,#1040));
#3006=EDGE_LOOP('',(#1041,#1042,#1043,#1044));
#3007=EDGE_LOOP('',(#1045,#1046,#1047,#1048));
#3008=EDGE_LOOP('',(#1049,#1050,#1051,#1052,#1053,#1054,#1055));
#3009=EDGE_LOOP('',(#1056,#1057,#1058,#1059));
#3010=EDGE_LOOP('',(#1060,#1061,#1062,#1063));
#3011=EDGE_LOOP('',(#1064,#1065,#1066,#1067,#1068,#1069,#1070));
#3012=EDGE_LOOP('',(#1071,#1072,#1073,#1074,#1075,#1076,#1077));
#3013=EDGE_LOOP('',(#1078,#1079,#1080,#1081));
#3014=EDGE_LOOP('',(#1082,#1083,#1084,#1085));
#3015=EDGE_LOOP('',(#1086,#1087,#1088,#1089,#1090,#1091,#1092));
#3016=EDGE_LOOP('',(#1093,#1094,#1095,#1096));
#3017=EDGE_LOOP('',(#1097,#1098,#1099,#1100,#1101,#1102,#1103));
#3018=EDGE_LOOP('',(#1104,#1105,#1106,#1107));
#3019=EDGE_LOOP('',(#1108,#1109,#1110,#1111,#1112,#1113,#1114));
#3020=EDGE_LOOP('',(#1115,#1116,#1117,#1118));
#3021=EDGE_LOOP('',(#1119,#1120,#1121,#1122));
#3022=EDGE_LOOP('',(#1123,#1124,#1125,#1126,#1127,#1128,#1129));
#3023=EDGE_LOOP('',(#1130,#1131,#1132,#1133));
#3024=EDGE_LOOP('',(#1134,#1135,#1136,#1137,#1138,#1139,#1140));
#3025=EDGE_LOOP('',(#1141,#1142,#1143,#1144));
#3026=EDGE_LOOP('',(#1145,#1146,#1147,#1148));
#3027=EDGE_LOOP('',(#1149,#1150,#1151,#1152,#1153,#1154,#1155));
#3028=EDGE_LOOP('',(#1156,#1157,#1158,#1159,#1160,#1161,#1162));
#3029=EDGE_LOOP('',(#1163,#1164,#1165,#1166));
#3030=EDGE_LOOP('',(#1167,#1168,#1169,#1170,#1171,#1172,#1173));
#3031=EDGE_LOOP('',(#1174,#1175,#1176,#1177));
#3032=EDGE_LOOP('',(#1178,#1179,#1180,#1181));
#3033=EDGE_LOOP('',(#1182,#1183,#1184,#1185));
#3034=EDGE_LOOP('',(#1186,#1187,#1188,#1189));
#3035=EDGE_LOOP('',(#1190,#1191,#1192,#1193));
#3036=EDGE_LOOP('',(#1194,#1195,#1196,#1197));
#3037=EDGE_LOOP('',(#1198,#1199,#1200,#1201));
#3038=EDGE_LOOP('',(#1202,#1203,#1204,#1205));
#3039=EDGE_LOOP('',(#1206,#1207,#1208,#1209));
#3040=EDGE_LOOP('',(#1210,#1211,#1212,#1213));
#3041=EDGE_LOOP('',(#1214,#1215,#1216,#1217,#1218,#1219,#1220,#1221,#1222,
#1223,#1224,#1225,#1226,#1227,#1228,#1229,#1230,#1231,#1232,#1233,#1234,
#1235,#1236,#1237));
#3042=EDGE_LOOP('',(#1238,#1239,#1240,#1241,#1242,#1243,#1244,#1245,#1246,
#1247,#1248,#1249,#1250,#1251,#1252,#1253,#1254,#1255,#1256,#1257,#1258,
#1259,#1260,#1261));
#3043=EDGE_LOOP('',(#1262,#1263,#1264,#1265));
#3044=EDGE_LOOP('',(#1266,#1267,#1268,#1269));
#3045=EDGE_LOOP('',(#1270,#1271,#1272,#1273));
#3046=EDGE_LOOP('',(#1274,#1275,#1276,#1277));
#3047=EDGE_LOOP('',(#1278,#1279,#1280,#1281));
#3048=EDGE_LOOP('',(#1282,#1283,#1284,#1285));
#3049=EDGE_LOOP('',(#1286,#1287,#1288,#1289,#1290,#1291,#1292,#1293,#1294,
#1295,#1296,#1297,#1298,#1299,#1300,#1301,#1302,#1303,#1304,#1305,#1306,
#1307,#1308,#1309));
#3050=EDGE_LOOP('',(#1310,#1311,#1312,#1313,#1314,#1315,#1316,#1317,#1318,
#1319,#1320,#1321,#1322,#1323,#1324,#1325,#1326,#1327,#1328,#1329,#1330,
#1331,#1332,#1333));
#3051=EDGE_LOOP('',(#1334,#1335,#1336,#1337));
#3052=EDGE_LOOP('',(#1338,#1339,#1340,#1341));
#3053=EDGE_LOOP('',(#1342,#1343,#1344,#1345));
#3054=EDGE_LOOP('',(#1346,#1347,#1348,#1349));
#3055=EDGE_LOOP('',(#1350,#1351,#1352,#1353));
#3056=EDGE_LOOP('',(#1354,#1355,#1356,#1357));
#3057=EDGE_LOOP('',(#1358,#1359,#1360,#1361));
#3058=EDGE_LOOP('',(#1362,#1363,#1364,#1365));
#3059=EDGE_LOOP('',(#1366,#1367,#1368,#1369));
#3060=EDGE_LOOP('',(#1370,#1371,#1372,#1373));
#3061=EDGE_LOOP('',(#1374,#1375,#1376,#1377));
#3062=EDGE_LOOP('',(#1378,#1379,#1380,#1381));
#3063=EDGE_LOOP('',(#1382,#1383,#1384,#1385));
#3064=EDGE_LOOP('',(#1386,#1387,#1388,#1389));
#3065=EDGE_LOOP('',(#1390,#1391,#1392,#1393));
#3066=EDGE_LOOP('',(#1394,#1395,#1396,#1397));
#3067=EDGE_LOOP('',(#1398,#1399,#1400,#1401));
#3068=EDGE_LOOP('',(#1402,#1403,#1404,#1405));
#3069=EDGE_LOOP('',(#1406,#1407,#1408,#1409));
#3070=EDGE_LOOP('',(#1410,#1411,#1412,#1413));
#3071=EDGE_LOOP('',(#1414,#1415,#1416,#1417));
#3072=EDGE_LOOP('',(#1418,#1419,#1420,#1421));
#3073=EDGE_LOOP('',(#1422,#1423,#1424,#1425));
#3074=EDGE_LOOP('',(#1426,#1427,#1428,#1429));
#3075=EDGE_LOOP('',(#1430,#1431,#1432,#1433,#1434));
#3076=EDGE_LOOP('',(#1435,#1436,#1437,#1438));
#3077=EDGE_LOOP('',(#1439,#1440,#1441,#1442,#1443));
#3078=EDGE_LOOP('',(#1444,#1445,#1446,#1447,#1448));
#3079=EDGE_LOOP('',(#1449,#1450,#1451,#1452));
#3080=EDGE_LOOP('',(#1453,#1454,#1455,#1456,#1457));
#3081=EDGE_LOOP('',(#1458,#1459,#1460,#1461,#1462));
#3082=EDGE_LOOP('',(#1463,#1464,#1465,#1466,#1467));
#3083=EDGE_LOOP('',(#1468,#1469,#1470,#1471));
#3084=EDGE_LOOP('',(#1472,#1473,#1474,#1475,#1476));
#3085=EDGE_LOOP('',(#1477,#1478,#1479,#1480));
#3086=EDGE_LOOP('',(#1481,#1482,#1483,#1484,#1485));
#3087=EDGE_LOOP('',(#1486,#1487,#1488,#1489));
#3088=EDGE_LOOP('',(#1490,#1491,#1492,#1493,#1494));
#3089=EDGE_LOOP('',(#1495,#1496,#1497,#1498,#1499));
#3090=EDGE_LOOP('',(#1500,#1501,#1502,#1503));
#3091=EDGE_LOOP('',(#1504,#1505,#1506,#1507,#1508));
#3092=EDGE_LOOP('',(#1509,#1510,#1511,#1512,#1513));
#3093=EDGE_LOOP('',(#1514,#1515,#1516,#1517));
#3094=EDGE_LOOP('',(#1518,#1519,#1520,#1521));
#3095=EDGE_LOOP('',(#1522,#1523,#1524,#1525));
#3096=EDGE_LOOP('',(#1526,#1527,#1528,#1529));
#3097=EDGE_LOOP('',(#1530,#1531,#1532,#1533));
#3098=EDGE_LOOP('',(#1534,#1535,#1536,#1537));
#3099=EDGE_LOOP('',(#1538,#1539,#1540,#1541,#1542,#1543,#1544,#1545));
#3100=EDGE_LOOP('',(#1546,#1547,#1548,#1549,#1550,#1551,#1552,#1553));
#3101=EDGE_LOOP('',(#1554,#1555,#1556,#1557,#1558,#1559,#1560,#1561));
#3102=EDGE_LOOP('',(#1562,#1563,#1564,#1565,#1566,#1567,#1568,#1569));
#3103=EDGE_LOOP('',(#1570,#1571,#1572,#1573,#1574,#1575,#1576,#1577));
#3104=EDGE_LOOP('',(#1578,#1579,#1580,#1581,#1582,#1583,#1584,#1585));
#3105=EDGE_LOOP('',(#1586,#1587,#1588,#1589));
#3106=EDGE_LOOP('',(#1590,#1591,#1592,#1593));
#3107=EDGE_LOOP('',(#1594,#1595,#1596,#1597));
#3108=EDGE_LOOP('',(#1598,#1599,#1600,#1601));
#3109=EDGE_LOOP('',(#1602,#1603,#1604,#1605));
#3110=EDGE_LOOP('',(#1606,#1607,#1608,#1609));
#3111=EDGE_LOOP('',(#1610,#1611,#1612,#1613,#1614,#1615,#1616,#1617,#1618,
#1619,#1620,#1621,#1622,#1623,#1624,#1625,#1626,#1627,#1628,#1629,#1630,
#1631,#1632,#1633));
#3112=EDGE_LOOP('',(#1634,#1635,#1636,#1637,#1638,#1639,#1640,#1641,#1642,
#1643,#1644,#1645,#1646,#1647,#1648,#1649,#1650,#1651,#1652,#1653,#1654,
#1655,#1656,#1657));
#3113=EDGE_LOOP('',(#1658,#1659,#1660,#1661,#1662,#1663,#1664,#1665));
#3114=EDGE_LOOP('',(#1666,#1667,#1668,#1669,#1670,#1671,#1672,#1673));
#3115=EDGE_LOOP('',(#1674,#1675,#1676,#1677,#1678,#1679,#1680,#1681));
#3116=EDGE_LOOP('',(#1682,#1683,#1684,#1685,#1686,#1687,#1688,#1689));
#3117=EDGE_LOOP('',(#1690,#1691,#1692,#1693));
#3118=EDGE_LOOP('',(#1694,#1695,#1696,#1697));
#3119=EDGE_LOOP('',(#1698,#1699,#1700,#1701));
#3120=EDGE_LOOP('',(#1702,#1703,#1704,#1705));
#3121=EDGE_LOOP('',(#1706,#1707,#1708,#1709));
#3122=EDGE_LOOP('',(#1710,#1711,#1712,#1713));
#3123=EDGE_LOOP('',(#1714,#1715,#1716,#1717));
#3124=EDGE_LOOP('',(#1718,#1719,#1720,#1721));
#3125=EDGE_LOOP('',(#1722,#1723,#1724,#1725));
#3126=EDGE_LOOP('',(#1726,#1727,#1728,#1729));
#3127=EDGE_LOOP('',(#1730,#1731,#1732,#1733));
#3128=EDGE_LOOP('',(#1734,#1735,#1736,#1737));
#3129=EDGE_LOOP('',(#1738,#1739,#1740,#1741,#1742,#1743,#1744,#1745));
#3130=EDGE_LOOP('',(#1746,#1747,#1748,#1749));
#3131=EDGE_LOOP('',(#1750,#1751,#1752,#1753));
#3132=EDGE_LOOP('',(#1754,#1755,#1756,#1757));
#3133=EDGE_LOOP('',(#1758,#1759,#1760,#1761));
#3134=EDGE_LOOP('',(#1762,#1763,#1764,#1765));
#3135=EDGE_LOOP('',(#1766,#1767,#1768,#1769));
#3136=EDGE_LOOP('',(#1770,#1771,#1772,#1773,#1774,#1775,#1776,#1777));
#3137=EDGE_LOOP('',(#1778,#1779,#1780,#1781,#1782));
#3138=EDGE_LOOP('',(#1783,#1784,#1785,#1786,#1787));
#3139=EDGE_LOOP('',(#1788,#1789,#1790,#1791,#1792));
#3140=EDGE_LOOP('',(#1793,#1794,#1795,#1796,#1797));
#3141=EDGE_LOOP('',(#1798,#1799,#1800,#1801,#1802));
#3142=EDGE_LOOP('',(#1803,#1804,#1805,#1806,#1807));
#3143=EDGE_LOOP('',(#1808,#1809,#1810,#1811,#1812));
#3144=EDGE_LOOP('',(#1813,#1814,#1815,#1816,#1817));
#3145=EDGE_LOOP('',(#1818,#1819,#1820,#1821,#1822));
#3146=EDGE_LOOP('',(#1823,#1824,#1825,#1826,#1827));
#3147=EDGE_LOOP('',(#1828,#1829,#1830,#1831,#1832));
#3148=EDGE_LOOP('',(#1833,#1834,#1835,#1836,#1837));
#3149=EDGE_LOOP('',(#1838,#1839,#1840,#1841,#1842));
#3150=EDGE_LOOP('',(#1843,#1844,#1845,#1846,#1847));
#3151=EDGE_LOOP('',(#1848,#1849,#1850,#1851,#1852));
#3152=EDGE_LOOP('',(#1853,#1854,#1855,#1856,#1857));
#3153=EDGE_LOOP('',(#1858,#1859,#1860,#1861,#1862));
#3154=EDGE_LOOP('',(#1863,#1864,#1865,#1866,#1867));
#3155=EDGE_LOOP('',(#1868,#1869,#1870));
#3156=EDGE_LOOP('',(#1871,#1872,#1873));
#3157=EDGE_LOOP('',(#1874,#1875,#1876));
#3158=EDGE_LOOP('',(#1877,#1878,#1879));
#3159=EDGE_LOOP('',(#1880,#1881,#1882));
#3160=EDGE_LOOP('',(#1883,#1884,#1885));
#3161=FACE_BOUND('',#2952,.T.);
#3162=FACE_BOUND('',#2953,.T.);
#3163=FACE_BOUND('',#2954,.T.);
#3164=FACE_BOUND('',#2955,.T.);
#3165=FACE_BOUND('',#2956,.T.);
#3166=FACE_BOUND('',#2957,.T.);
#3167=FACE_BOUND('',#2958,.T.);
#3168=FACE_BOUND('',#2959,.T.);
#3169=FACE_BOUND('',#2960,.T.);
#3170=FACE_BOUND('',#2961,.T.);
#3171=FACE_BOUND('',#2962,.T.);
#3172=FACE_BOUND('',#2963,.T.);
#3173=FACE_BOUND('',#2964,.T.);
#3174=FACE_BOUND('',#2965,.T.);
#3175=FACE_BOUND('',#2966,.T.);
#3176=FACE_BOUND('',#2967,.T.);
#3177=FACE_BOUND('',#2968,.T.);
#3178=FACE_BOUND('',#2969,.T.);
#3179=FACE_BOUND('',#2970,.T.);
#3180=FACE_BOUND('',#2971,.T.);
#3181=FACE_BOUND('',#2972,.T.);
#3182=FACE_BOUND('',#2973,.T.);
#3183=FACE_BOUND('',#2974,.T.);
#3184=FACE_BOUND('',#2975,.T.);
#3185=FACE_BOUND('',#2976,.T.);
#3186=FACE_BOUND('',#2977,.T.);
#3187=FACE_BOUND('',#2978,.T.);
#3188=FACE_BOUND('',#2979,.T.);
#3189=FACE_BOUND('',#2980,.T.);
#3190=FACE_BOUND('',#2981,.T.);
#3191=FACE_BOUND('',#2982,.T.);
#3192=FACE_BOUND('',#2983,.T.);
#3193=FACE_BOUND('',#2984,.T.);
#3194=FACE_BOUND('',#2985,.T.);
#3195=FACE_BOUND('',#2986,.T.);
#3196=FACE_BOUND('',#2987,.T.);
#3197=FACE_BOUND('',#2988,.T.);
#3198=FACE_BOUND('',#2989,.T.);
#3199=FACE_BOUND('',#2990,.T.);
#3200=FACE_BOUND('',#2991,.T.);
#3201=FACE_BOUND('',#2992,.T.);
#3202=FACE_BOUND('',#2993,.T.);
#3203=FACE_BOUND('',#2994,.T.);
#3204=FACE_BOUND('',#2995,.T.);
#3205=FACE_BOUND('',#2996,.T.);
#3206=FACE_BOUND('',#2997,.T.);
#3207=FACE_BOUND('',#2998,.T.);
#3208=FACE_BOUND('',#2999,.T.);
#3209=FACE_BOUND('',#3000,.T.);
#3210=FACE_BOUND('',#3001,.T.);
#3211=FACE_BOUND('',#3002,.T.);
#3212=FACE_BOUND('',#3003,.T.);
#3213=FACE_BOUND('',#3004,.T.);
#3214=FACE_BOUND('',#3005,.T.);
#3215=FACE_BOUND('',#3006,.T.);
#3216=FACE_BOUND('',#3007,.T.);
#3217=FACE_BOUND('',#3008,.T.);
#3218=FACE_BOUND('',#3009,.T.);
#3219=FACE_BOUND('',#3010,.T.);
#3220=FACE_BOUND('',#3011,.T.);
#3221=FACE_BOUND('',#3012,.T.);
#3222=FACE_BOUND('',#3013,.T.);
#3223=FACE_BOUND('',#3014,.T.);
#3224=FACE_BOUND('',#3015,.T.);
#3225=FACE_BOUND('',#3016,.T.);
#3226=FACE_BOUND('',#3017,.T.);
#3227=FACE_BOUND('',#3018,.T.);
#3228=FACE_BOUND('',#3019,.T.);
#3229=FACE_BOUND('',#3020,.T.);
#3230=FACE_BOUND('',#3021,.T.);
#3231=FACE_BOUND('',#3022,.T.);
#3232=FACE_BOUND('',#3023,.T.);
#3233=FACE_BOUND('',#3024,.T.);
#3234=FACE_BOUND('',#3025,.T.);
#3235=FACE_BOUND('',#3026,.T.);
#3236=FACE_BOUND('',#3027,.T.);
#3237=FACE_BOUND('',#3028,.T.);
#3238=FACE_BOUND('',#3029,.T.);
#3239=FACE_BOUND('',#3030,.T.);
#3240=FACE_BOUND('',#3031,.T.);
#3241=FACE_BOUND('',#3032,.T.);
#3242=FACE_BOUND('',#3033,.T.);
#3243=FACE_BOUND('',#3034,.T.);
#3244=FACE_BOUND('',#3035,.T.);
#3245=FACE_BOUND('',#3036,.T.);
#3246=FACE_BOUND('',#3037,.T.);
#3247=FACE_BOUND('',#3038,.T.);
#3248=FACE_BOUND('',#3039,.T.);
#3249=FACE_BOUND('',#3040,.T.);
#3250=FACE_BOUND('',#3041,.T.);
#3251=FACE_BOUND('',#3042,.T.);
#3252=FACE_BOUND('',#3043,.T.);
#3253=FACE_BOUND('',#3044,.T.);
#3254=FACE_BOUND('',#3045,.T.);
#3255=FACE_BOUND('',#3046,.T.);
#3256=FACE_BOUND('',#3047,.T.);
#3257=FACE_BOUND('',#3048,.T.);
#3258=FACE_BOUND('',#3049,.T.);
#3259=FACE_BOUND('',#3050,.T.);
#3260=FACE_BOUND('',#3051,.T.);
#3261=FACE_BOUND('',#3052,.T.);
#3262=FACE_BOUND('',#3053,.T.);
#3263=FACE_BOUND('',#3054,.T.);
#3264=FACE_BOUND('',#3055,.T.);
#3265=FACE_BOUND('',#3056,.T.);
#3266=FACE_BOUND('',#3057,.T.);
#3267=FACE_BOUND('',#3058,.T.);
#3268=FACE_BOUND('',#3059,.T.);
#3269=FACE_BOUND('',#3060,.T.);
#3270=FACE_BOUND('',#3061,.T.);
#3271=FACE_BOUND('',#3062,.T.);
#3272=FACE_BOUND('',#3063,.T.);
#3273=FACE_BOUND('',#3064,.T.);
#3274=FACE_BOUND('',#3065,.T.);
#3275=FACE_BOUND('',#3066,.T.);
#3276=FACE_BOUND('',#3067,.T.);
#3277=FACE_BOUND('',#3068,.T.);
#3278=FACE_BOUND('',#3069,.T.);
#3279=FACE_BOUND('',#3070,.T.);
#3280=FACE_BOUND('',#3071,.T.);
#3281=FACE_BOUND('',#3072,.T.);
#3282=FACE_BOUND('',#3073,.T.);
#3283=FACE_BOUND('',#3074,.T.);
#3284=FACE_BOUND('',#3075,.T.);
#3285=FACE_BOUND('',#3076,.T.);
#3286=FACE_BOUND('',#3077,.T.);
#3287=FACE_BOUND('',#3078,.T.);
#3288=FACE_BOUND('',#3079,.T.);
#3289=FACE_BOUND('',#3080,.T.);
#3290=FACE_BOUND('',#3081,.T.);
#3291=FACE_BOUND('',#3082,.T.);
#3292=FACE_BOUND('',#3083,.T.);
#3293=FACE_BOUND('',#3084,.T.);
#3294=FACE_BOUND('',#3085,.T.);
#3295=FACE_BOUND('',#3086,.T.);
#3296=FACE_BOUND('',#3087,.T.);
#3297=FACE_BOUND('',#3088,.T.);
#3298=FACE_BOUND('',#3089,.T.);
#3299=FACE_BOUND('',#3090,.T.);
#3300=FACE_BOUND('',#3091,.T.);
#3301=FACE_BOUND('',#3092,.T.);
#3302=FACE_BOUND('',#3093,.T.);
#3303=FACE_BOUND('',#3094,.T.);
#3304=FACE_BOUND('',#3095,.T.);
#3305=FACE_BOUND('',#3096,.T.);
#3306=FACE_BOUND('',#3097,.T.);
#3307=FACE_BOUND('',#3098,.T.);
#3308=FACE_BOUND('',#3099,.T.);
#3309=FACE_BOUND('',#3100,.T.);
#3310=FACE_BOUND('',#3101,.T.);
#3311=FACE_BOUND('',#3102,.T.);
#3312=FACE_BOUND('',#3103,.T.);
#3313=FACE_BOUND('',#3104,.T.);
#3314=FACE_BOUND('',#3105,.T.);
#3315=FACE_BOUND('',#3106,.T.);
#3316=FACE_BOUND('',#3107,.T.);
#3317=FACE_BOUND('',#3108,.T.);
#3318=FACE_BOUND('',#3109,.T.);
#3319=FACE_BOUND('',#3110,.T.);
#3320=FACE_BOUND('',#3111,.T.);
#3321=FACE_BOUND('',#3112,.T.);
#3322=FACE_BOUND('',#3113,.T.);
#3323=FACE_BOUND('',#3114,.T.);
#3324=FACE_BOUND('',#3115,.T.);
#3325=FACE_BOUND('',#3116,.T.);
#3326=FACE_BOUND('',#3117,.T.);
#3327=FACE_BOUND('',#3118,.T.);
#3328=FACE_BOUND('',#3119,.T.);
#3329=FACE_BOUND('',#3120,.T.);
#3330=FACE_BOUND('',#3121,.T.);
#3331=FACE_BOUND('',#3122,.T.);
#3332=FACE_BOUND('',#3123,.T.);
#3333=FACE_BOUND('',#3124,.T.);
#3334=FACE_BOUND('',#3125,.T.);
#3335=FACE_BOUND('',#3126,.T.);
#3336=FACE_BOUND('',#3127,.T.);
#3337=FACE_BOUND('',#3128,.T.);
#3338=FACE_BOUND('',#3129,.T.);
#3339=FACE_BOUND('',#3130,.T.);
#3340=FACE_BOUND('',#3131,.T.);
#3341=FACE_BOUND('',#3132,.T.);
#3342=FACE_BOUND('',#3133,.T.);
#3343=FACE_BOUND('',#3134,.T.);
#3344=FACE_BOUND('',#3135,.T.);
#3345=FACE_BOUND('',#3136,.T.);
#3346=FACE_BOUND('',#3137,.T.);
#3347=FACE_BOUND('',#3138,.T.);
#3348=FACE_BOUND('',#3139,.T.);
#3349=FACE_BOUND('',#3140,.T.);
#3350=FACE_BOUND('',#3141,.T.);
#3351=FACE_BOUND('',#3142,.T.);
#3352=FACE_BOUND('',#3143,.T.);
#3353=FACE_BOUND('',#3144,.T.);
#3354=FACE_BOUND('',#3145,.T.);
#3355=FACE_BOUND('',#3146,.T.);
#3356=FACE_BOUND('',#3147,.T.);
#3357=FACE_BOUND('',#3148,.T.);
#3358=FACE_BOUND('',#3149,.T.);
#3359=FACE_BOUND('',#3150,.T.);
#3360=FACE_BOUND('',#3151,.T.);
#3361=FACE_BOUND('',#3152,.T.);
#3362=FACE_BOUND('',#3153,.T.);
#3363=FACE_BOUND('',#3154,.T.);
#3364=FACE_BOUND('',#3155,.T.);
#3365=FACE_BOUND('',#3156,.T.);
#3366=FACE_BOUND('',#3157,.T.);
#3367=FACE_BOUND('',#3158,.T.);
#3368=FACE_BOUND('',#3159,.T.);
#3369=FACE_BOUND('',#3160,.T.);
#3370=PLANE('',#3692);
#3371=PLANE('',#3710);
#3372=PLANE('',#3734);
#3373=PLANE('',#3735);
#3374=PLANE('',#3736);
#3375=PLANE('',#3737);
#3376=PLANE('',#3738);
#3377=PLANE('',#3739);
#3378=PLANE('',#3740);
#3379=PLANE('',#3741);
#3380=PLANE('',#3742);
#3381=PLANE('',#3743);
#3382=PLANE('',#3744);
#3383=PLANE('',#3745);
#3384=PLANE('',#3746);
#3385=PLANE('',#3747);
#3386=PLANE('',#3748);
#3387=PLANE('',#3749);
#3388=PLANE('',#3750);
#3389=PLANE('',#3751);
#3390=PLANE('',#3752);
#3391=PLANE('',#3753);
#3392=PLANE('',#3754);
#3393=PLANE('',#3755);
#3394=PLANE('',#3758);
#3395=PLANE('',#3761);
#3396=PLANE('',#3764);
#3397=PLANE('',#3765);
#3398=PLANE('',#3770);
#3399=PLANE('',#3771);
#3400=PLANE('',#3773);
#3401=PLANE('',#3777);
#3402=PLANE('',#3779);
#3403=PLANE('',#3785);
#3404=PLANE('',#3788);
#3405=PLANE('',#3789);
#3406=PLANE('',#3793);
#3407=PLANE('',#3798);
#3408=PLANE('',#3799);
#3409=PLANE('',#3803);
#3410=PLANE('',#3806);
#3411=PLANE('',#3809);
#3412=PLANE('',#3811);
#3413=PLANE('',#3814);
#3414=PLANE('',#3815);
#3415=PLANE('',#3837);
#3416=PLANE('',#3862);
#3417=PLANE('',#3875);
#3418=PLANE('',#3876);
#3419=PLANE('',#3877);
#3420=PLANE('',#3878);
#3421=PLANE('',#3879);
#3422=PLANE('',#3880);
#3423=PLANE('',#3881);
#3424=PLANE('',#3882);
#3425=PLANE('',#3883);
#3426=PLANE('',#3884);
#3427=PLANE('',#3885);
#3428=PLANE('',#3886);
#3429=PLANE('',#3887);
#3430=PLANE('',#3888);
#3431=PLANE('',#3889);
#3432=PLANE('',#3890);
#3433=PLANE('',#3891);
#3434=PLANE('',#3892);
#3435=PLANE('',#3893);
#3436=PLANE('',#3898);
#3437=PLANE('',#3900);
#3438=PLANE('',#3905);
#3439=PLANE('',#3907);
#3440=PLANE('',#3910);
#3441=PLANE('',#3914);
#3442=PLANE('',#3919);
#3443=PLANE('',#3924);
#3444=PLANE('',#3926);
#3445=PLANE('',#3930);
#3446=PLANE('',#3933);
#3447=PLANE('',#3947);
#3448=PLANE('',#3950);
#3449=PLANE('',#3953);
#3450=PLANE('',#3956);
#3451=PLANE('',#3959);
#3452=PLANE('',#3962);
#3453=PLANE('',#3977);
#3454=PLANE('',#3984);
#3455=PLANE('',#3985);
#3456=PLANE('',#3986);
#3457=PLANE('',#3987);
#3458=PLANE('',#3994);
#3459=PLANE('',#3995);
#3460=PLANE('',#3996);
#3461=PLANE('',#3997);
#3462=PLANE('',#3998);
#3463=PLANE('',#3999);
#3464=PLANE('',#4000);
#3465=PLANE('',#4001);
#3466=PLANE('',#4002);
#3467=PLANE('',#4003);
#3468=PLANE('',#4004);
#3469=PLANE('',#4005);
#3470=PLANE('',#4006);
#3471=PLANE('',#4007);
#3472=PLANE('',#4008);
#3473=PLANE('',#4015);
#3474=PLANE('',#4017);
#3475=PLANE('',#4020);
#3476=PLANE('',#4027);
#3477=PLANE('',#4029);
#3478=PLANE('',#4035);
#3479=PLANE('',#4038);
#3480=PLANE('',#4040);
#3481=PLANE('',#4045);
#3482=PLANE('',#4052);
#3483=PLANE('',#4054);
#3484=ADVANCED_FACE('',(#3161,#3162),#3370,.T.);
#3485=ADVANCED_FACE('',(#3163,#3164),#754,.T.);
#3486=ADVANCED_FACE('',(#3165),#735,.T.);
#3487=ADVANCED_FACE('',(#3166,#3167,#3168,#3169,#3170),#755,.T.);
#3488=ADVANCED_FACE('',(#3171),#756,.F.);
#3489=ADVANCED_FACE('',(#3172),#757,.F.);
#3490=ADVANCED_FACE('',(#3173,#3174),#3371,.T.);
#3491=ADVANCED_FACE('',(#3175),#18,.F.);
#3492=ADVANCED_FACE('',(#3176),#19,.F.);
#3493=ADVANCED_FACE('',(#3177),#20,.F.);
#3494=ADVANCED_FACE('',(#3178),#21,.F.);
#3495=ADVANCED_FACE('',(#3179),#22,.F.);
#3496=ADVANCED_FACE('',(#3180),#23,.F.);
#3497=ADVANCED_FACE('',(#3181),#758,.F.);
#3498=ADVANCED_FACE('',(#3182,#3183),#3372,.T.);
#3499=ADVANCED_FACE('',(#3184),#3373,.F.);
#3500=ADVANCED_FACE('',(#3185),#3374,.T.);
#3501=ADVANCED_FACE('',(#3186),#3375,.T.);
#3502=ADVANCED_FACE('',(#3187),#3376,.T.);
#3503=ADVANCED_FACE('',(#3188),#3377,.F.);
#3504=ADVANCED_FACE('',(#3189),#3378,.T.);
#3505=ADVANCED_FACE('',(#3190),#3379,.T.);
#3506=ADVANCED_FACE('',(#3191),#3380,.T.);
#3507=ADVANCED_FACE('',(#3192),#3381,.F.);
#3508=ADVANCED_FACE('',(#3193),#3382,.T.);
#3509=ADVANCED_FACE('',(#3194),#3383,.T.);
#3510=ADVANCED_FACE('',(#3195),#3384,.T.);
#3511=ADVANCED_FACE('',(#3196),#3385,.T.);
#3512=ADVANCED_FACE('',(#3197),#3386,.T.);
#3513=ADVANCED_FACE('',(#3198),#3387,.T.);
#3514=ADVANCED_FACE('',(#3199),#3388,.T.);
#3515=ADVANCED_FACE('',(#3200),#3389,.T.);
#3516=ADVANCED_FACE('',(#3201),#3390,.T.);
#3517=ADVANCED_FACE('',(#3202),#3391,.T.);
#3518=ADVANCED_FACE('',(#3203),#3392,.T.);
#3519=ADVANCED_FACE('',(#3204),#3393,.T.);
#3520=ADVANCED_FACE('',(#3205,#3206),#759,.F.);
#3521=ADVANCED_FACE('',(#3207),#3394,.T.);
#3522=ADVANCED_FACE('',(#3208,#3209),#760,.F.);
#3523=ADVANCED_FACE('',(#3210),#3395,.T.);
#3524=ADVANCED_FACE('',(#3211,#3212),#761,.F.);
#3525=ADVANCED_FACE('',(#3213),#3396,.T.);
#3526=ADVANCED_FACE('',(#3214),#3397,.T.);
#3527=ADVANCED_FACE('',(#3215),#762,.F.);
#3528=ADVANCED_FACE('',(#3216),#3398,.T.);
#3529=ADVANCED_FACE('',(#3217),#3399,.F.);
#3530=ADVANCED_FACE('',(#3218),#3400,.T.);
#3531=ADVANCED_FACE('',(#3219),#763,.F.);
#3532=ADVANCED_FACE('',(#3220),#3401,.F.);
#3533=ADVANCED_FACE('',(#3221),#3402,.T.);
#3534=ADVANCED_FACE('',(#3222),#736,.F.);
#3535=ADVANCED_FACE('',(#3223),#764,.F.);
#3536=ADVANCED_FACE('',(#3224),#3403,.F.);
#3537=ADVANCED_FACE('',(#3225),#3404,.T.);
#3538=ADVANCED_FACE('',(#3226),#3405,.T.);
#3539=ADVANCED_FACE('',(#3227),#765,.F.);
#3540=ADVANCED_FACE('',(#3228),#3406,.T.);
#3541=ADVANCED_FACE('',(#3229),#766,.F.);
#3542=ADVANCED_FACE('',(#3230),#3407,.T.);
#3543=ADVANCED_FACE('',(#3231),#3408,.F.);
#3544=ADVANCED_FACE('',(#3232),#767,.F.);
#3545=ADVANCED_FACE('',(#3233),#3409,.F.);
#3546=ADVANCED_FACE('',(#3234),#3410,.T.);
#3547=ADVANCED_FACE('',(#3235),#768,.F.);
#3548=ADVANCED_FACE('',(#3236),#3411,.T.);
#3549=ADVANCED_FACE('',(#3237),#3412,.F.);
#3550=ADVANCED_FACE('',(#3238),#3413,.T.);
#3551=ADVANCED_FACE('',(#3239),#3414,.F.);
#3552=ADVANCED_FACE('',(#3240),#769,.F.);
#3553=ADVANCED_FACE('',(#3241),#770,.F.);
#3554=ADVANCED_FACE('',(#3242),#771,.F.);
#3555=ADVANCED_FACE('',(#3243),#772,.F.);
#3556=ADVANCED_FACE('',(#3244),#773,.F.);
#3557=ADVANCED_FACE('',(#3245),#737,.F.);
#3558=ADVANCED_FACE('',(#3246),#738,.F.);
#3559=ADVANCED_FACE('',(#3247),#739,.F.);
#3560=ADVANCED_FACE('',(#3248),#740,.F.);
#3561=ADVANCED_FACE('',(#3249),#741,.F.);
#3562=ADVANCED_FACE('',(#3250,#3251),#3415,.T.);
#3563=ADVANCED_FACE('',(#3252),#774,.T.);
#3564=ADVANCED_FACE('',(#3253),#775,.T.);
#3565=ADVANCED_FACE('',(#3254),#776,.T.);
#3566=ADVANCED_FACE('',(#3255),#777,.T.);
#3567=ADVANCED_FACE('',(#3256),#778,.T.);
#3568=ADVANCED_FACE('',(#3257),#779,.T.);
#3569=ADVANCED_FACE('',(#3258,#3259),#3416,.F.);
#3570=ADVANCED_FACE('',(#3260),#780,.F.);
#3571=ADVANCED_FACE('',(#3261),#781,.F.);
#3572=ADVANCED_FACE('',(#3262),#782,.F.);
#3573=ADVANCED_FACE('',(#3263),#783,.F.);
#3574=ADVANCED_FACE('',(#3264),#784,.F.);
#3575=ADVANCED_FACE('',(#3265),#785,.F.);
#3576=ADVANCED_FACE('',(#3266),#3417,.T.);
#3577=ADVANCED_FACE('',(#3267),#3418,.F.);
#3578=ADVANCED_FACE('',(#3268),#3419,.T.);
#3579=ADVANCED_FACE('',(#3269),#3420,.T.);
#3580=ADVANCED_FACE('',(#3270),#3421,.F.);
#3581=ADVANCED_FACE('',(#3271),#3422,.T.);
#3582=ADVANCED_FACE('',(#3272),#3423,.T.);
#3583=ADVANCED_FACE('',(#3273),#3424,.F.);
#3584=ADVANCED_FACE('',(#3274),#3425,.T.);
#3585=ADVANCED_FACE('',(#3275),#3426,.T.);
#3586=ADVANCED_FACE('',(#3276),#3427,.F.);
#3587=ADVANCED_FACE('',(#3277),#3428,.T.);
#3588=ADVANCED_FACE('',(#3278),#3429,.T.);
#3589=ADVANCED_FACE('',(#3279),#3430,.F.);
#3590=ADVANCED_FACE('',(#3280),#3431,.T.);
#3591=ADVANCED_FACE('',(#3281),#3432,.T.);
#3592=ADVANCED_FACE('',(#3282),#3433,.F.);
#3593=ADVANCED_FACE('',(#3283),#3434,.T.);
#3594=ADVANCED_FACE('',(#3284),#3435,.F.);
#3595=ADVANCED_FACE('',(#3285),#786,.F.);
#3596=ADVANCED_FACE('',(#3286),#3436,.T.);
#3597=ADVANCED_FACE('',(#3287),#3437,.T.);
#3598=ADVANCED_FACE('',(#3288),#787,.F.);
#3599=ADVANCED_FACE('',(#3289),#3438,.F.);
#3600=ADVANCED_FACE('',(#3290),#3439,.F.);
#3601=ADVANCED_FACE('',(#3291),#3440,.T.);
#3602=ADVANCED_FACE('',(#3292),#788,.F.);
#3603=ADVANCED_FACE('',(#3293),#3441,.T.);
#3604=ADVANCED_FACE('',(#3294),#789,.F.);
#3605=ADVANCED_FACE('',(#3295),#3442,.F.);
#3606=ADVANCED_FACE('',(#3296),#790,.F.);
#3607=ADVANCED_FACE('',(#3297),#3443,.F.);
#3608=ADVANCED_FACE('',(#3298),#3444,.T.);
#3609=ADVANCED_FACE('',(#3299),#742,.F.);
#3610=ADVANCED_FACE('',(#3300),#3445,.F.);
#3611=ADVANCED_FACE('',(#3301),#3446,.F.);
#3612=ADVANCED_FACE('',(#3302),#791,.F.);
#3613=ADVANCED_FACE('',(#3303),#743,.F.);
#3614=ADVANCED_FACE('',(#3304),#744,.F.);
#3615=ADVANCED_FACE('',(#3305),#745,.F.);
#3616=ADVANCED_FACE('',(#3306),#746,.F.);
#3617=ADVANCED_FACE('',(#3307),#747,.F.);
#3618=ADVANCED_FACE('',(#3308),#3447,.T.);
#3619=ADVANCED_FACE('',(#3309),#3448,.T.);
#3620=ADVANCED_FACE('',(#3310),#3449,.T.);
#3621=ADVANCED_FACE('',(#3311),#3450,.T.);
#3622=ADVANCED_FACE('',(#3312),#3451,.T.);
#3623=ADVANCED_FACE('',(#3313),#3452,.T.);
#3624=ADVANCED_FACE('',(#3314),#792,.T.);
#3625=ADVANCED_FACE('',(#3315),#793,.T.);
#3626=ADVANCED_FACE('',(#3316),#794,.T.);
#3627=ADVANCED_FACE('',(#3317),#795,.T.);
#3628=ADVANCED_FACE('',(#3318),#796,.T.);
#3629=ADVANCED_FACE('',(#3319),#797,.T.);
#3630=ADVANCED_FACE('',(#3320,#3321),#3453,.F.);
#3631=ADVANCED_FACE('',(#3322),#3454,.T.);
#3632=ADVANCED_FACE('',(#3323),#3455,.T.);
#3633=ADVANCED_FACE('',(#3324),#3456,.T.);
#3634=ADVANCED_FACE('',(#3325),#3457,.T.);
#3635=ADVANCED_FACE('',(#3326),#798,.F.);
#3636=ADVANCED_FACE('',(#3327),#799,.F.);
#3637=ADVANCED_FACE('',(#3328),#800,.F.);
#3638=ADVANCED_FACE('',(#3329),#801,.F.);
#3639=ADVANCED_FACE('',(#3330),#802,.F.);
#3640=ADVANCED_FACE('',(#3331),#803,.F.);
#3641=ADVANCED_FACE('',(#3332),#3458,.T.);
#3642=ADVANCED_FACE('',(#3333),#3459,.T.);
#3643=ADVANCED_FACE('',(#3334),#3460,.T.);
#3644=ADVANCED_FACE('',(#3335),#3461,.T.);
#3645=ADVANCED_FACE('',(#3336),#3462,.T.);
#3646=ADVANCED_FACE('',(#3337),#3463,.T.);
#3647=ADVANCED_FACE('',(#3338),#3464,.T.);
#3648=ADVANCED_FACE('',(#3339),#3465,.T.);
#3649=ADVANCED_FACE('',(#3340),#3466,.T.);
#3650=ADVANCED_FACE('',(#3341),#3467,.T.);
#3651=ADVANCED_FACE('',(#3342),#3468,.T.);
#3652=ADVANCED_FACE('',(#3343),#3469,.T.);
#3653=ADVANCED_FACE('',(#3344),#3470,.T.);
#3654=ADVANCED_FACE('',(#3345),#3471,.T.);
#3655=ADVANCED_FACE('',(#3346),#3472,.T.);
#3656=ADVANCED_FACE('',(#3347),#804,.F.);
#3657=ADVANCED_FACE('',(#3348),#3473,.F.);
#3658=ADVANCED_FACE('',(#3349),#3474,.F.);
#3659=ADVANCED_FACE('',(#3350),#3475,.T.);
#3660=ADVANCED_FACE('',(#3351),#805,.F.);
#3661=ADVANCED_FACE('',(#3352),#3476,.F.);
#3662=ADVANCED_FACE('',(#3353),#3477,.F.);
#3663=ADVANCED_FACE('',(#3354),#806,.F.);
#3664=ADVANCED_FACE('',(#3355),#3478,.F.);
#3665=ADVANCED_FACE('',(#3356),#3479,.T.);
#3666=ADVANCED_FACE('',(#3357),#3480,.F.);
#3667=ADVANCED_FACE('',(#3358),#807,.F.);
#3668=ADVANCED_FACE('',(#3359),#3481,.T.);
#3669=ADVANCED_FACE('',(#3360),#808,.F.);
#3670=ADVANCED_FACE('',(#3361),#809,.F.);
#3671=ADVANCED_FACE('',(#3362),#3482,.F.);
#3672=ADVANCED_FACE('',(#3363),#3483,.T.);
#3673=ADVANCED_FACE('',(#3364),#748,.F.);
#3674=ADVANCED_FACE('',(#3365),#749,.F.);
#3675=ADVANCED_FACE('',(#3366),#750,.F.);
#3676=ADVANCED_FACE('',(#3367),#751,.F.);
#3677=ADVANCED_FACE('',(#3368),#752,.F.);
#3678=ADVANCED_FACE('',(#3369),#753,.F.);
#3679=CLOSED_SHELL('',(#3484,#3485,#3486,#3487,#3488,#3489,#3490,#3491,
#3492,#3493,#3494,#3495,#3496,#3497,#3498,#3499,#3500,#3501,#3502,#3503,
#3504,#3505,#3506,#3507,#3508,#3509,#3510,#3511,#3512,#3513,#3514,#3515,
#3516,#3517,#3518,#3519,#3520,#3521,#3522,#3523,#3524,#3525,#3526,#3527,
#3528,#3529,#3530,#3531,#3532,#3533,#3534,#3535,#3536,#3537,#3538,#3539,
#3540,#3541,#3542,#3543,#3544,#3545,#3546,#3547,#3548,#3549,#3550,#3551,
#3552,#3553,#3554,#3555,#3556,#3557,#3558,#3559,#3560,#3561,#3562,#3563,
#3564,#3565,#3566,#3567,#3568,#3569,#3570,#3571,#3572,#3573,#3574,#3575,
#3576,#3577,#3578,#3579,#3580,#3581,#3582,#3583,#3584,#3585,#3586,#3587,
#3588,#3589,#3590,#3591,#3592,#3593,#3594,#3595,#3596,#3597,#3598,#3599,
#3600,#3601,#3602,#3603,#3604,#3605,#3606,#3607,#3608,#3609,#3610,#3611,
#3612,#3613,#3614,#3615,#3616,#3617,#3618,#3619,#3620,#3621,#3622,#3623,
#3624,#3625,#3626,#3627,#3628,#3629,#3630,#3631,#3632,#3633,#3634,#3635,
#3636,#3637,#3638,#3639,#3640,#3641,#3642,#3643,#3644,#3645,#3646,#3647,
#3648,#3649,#3650,#3651,#3652,#3653,#3654,#3655,#3656,#3657,#3658,#3659,
#3660,#3661,#3662,#3663,#3664,#3665,#3666,#3667,#3668,#3669,#3670,#3671,
#3672,#3673,#3674,#3675,#3676,#3677,#3678));
#3680=STYLED_ITEM('',(#3681),#3688);
#3681=PRESENTATION_STYLE_ASSIGNMENT((#3682));
#3682=SURFACE_STYLE_USAGE(.BOTH.,#3683);
#3683=SURFACE_SIDE_STYLE('',(#3684));
#3684=SURFACE_STYLE_FILL_AREA(#3685);
#3685=FILL_AREA_STYLE('',(#3686));
#3686=FILL_AREA_STYLE_COLOUR('',#3687);
#3687=COLOUR_RGB('',0.498039215686275,0.498039215686275,0.498039215686275);
#3688=MANIFOLD_SOLID_BREP('Boolean Nose Cone',#3679);
#3689=SHAPE_DEFINITION_REPRESENTATION(#6317,#3690);
#3690=SHAPE_REPRESENTATION('Boolean Nose Cone',(#3691),#6312);
#3691=AXIS2_PLACEMENT_3D('',#5152,#4062,#4063);
#3692=AXIS2_PLACEMENT_3D('',#5153,#4064,#4065);
#3693=AXIS2_PLACEMENT_3D('',#5154,#4066,#4067);
#3694=AXIS2_PLACEMENT_3D('',#5156,#4068,#4069);
#3695=AXIS2_PLACEMENT_3D('',#5158,#4070,#4071);
#3696=AXIS2_PLACEMENT_3D('',#5159,#4072,#4073);
#3697=AXIS2_PLACEMENT_3D('',#5161,#4074,#4075);
#3698=AXIS2_PLACEMENT_3D('',#5162,#4076,#4077);
#3699=AXIS2_PLACEMENT_3D('',#5175,#4078,#4079);
#3700=AXIS2_PLACEMENT_3D('',#5201,#4080,#4081);
#3701=AXIS2_PLACEMENT_3D('',#5205,#4083,#4084);
#3702=AXIS2_PLACEMENT_3D('',#5209,#4086,#4087);
#3703=AXIS2_PLACEMENT_3D('',#5213,#4089,#4090);
#3704=AXIS2_PLACEMENT_3D('',#5217,#4092,#4093);
#3705=AXIS2_PLACEMENT_3D('',#5218,#4094,#4095);
#3706=AXIS2_PLACEMENT_3D('',#5222,#4097,#4098);
#3707=AXIS2_PLACEMENT_3D('',#5226,#4100,#4101);
#3708=AXIS2_PLACEMENT_3D('',#5230,#4103,#4104);
#3709=AXIS2_PLACEMENT_3D('',#5234,#4106,#4107);
#3710=AXIS2_PLACEMENT_3D('',#5235,#4108,#4109);
#3711=AXIS2_PLACEMENT_3D('',#5236,#4110,#4111);
#3712=AXIS2_PLACEMENT_3D('',#5245,#4115,#4116);
#3713=AXIS2_PLACEMENT_3D('',#5253,#4120,#4121);
#3714=AXIS2_PLACEMENT_3D('',#5261,#4125,#4126);
#3715=AXIS2_PLACEMENT_3D('',#5269,#4130,#4131);
#3716=AXIS2_PLACEMENT_3D('',#5277,#4135,#4136);
#3717=AXIS2_PLACEMENT_3D('',#5284,#4140,#4141);
#3718=AXIS2_PLACEMENT_3D('',#5293,#4145,#4146);
#3719=AXIS2_PLACEMENT_3D('',#5301,#4150,#4151);
#3720=AXIS2_PLACEMENT_3D('',#5309,#4155,#4156);
#3721=AXIS2_PLACEMENT_3D('',#5317,#4160,#4161);
#3722=AXIS2_PLACEMENT_3D('',#5325,#4165,#4166);
#3723=AXIS2_PLACEMENT_3D('',#5332,#4170,#4171);
#3724=AXIS2_PLACEMENT_3D('',#5341,#4172,#4173);
#3725=AXIS2_PLACEMENT_3D('',#5352,#4174,#4175);
#3726=AXIS2_PLACEMENT_3D('',#5353,#4176,#4177);
#3727=AXIS2_PLACEMENT_3D('',#5359,#4178,#4179);
#3728=AXIS2_PLACEMENT_3D('',#5365,#4180,#4181);
#3729=AXIS2_PLACEMENT_3D('',#5374,#4182,#4183);
#3730=AXIS2_PLACEMENT_3D('',#5383,#4184,#4185);
#3731=AXIS2_PLACEMENT_3D('',#5392,#4186,#4187);
#3732=AXIS2_PLACEMENT_3D('',#5397,#4190,#4191);
#3733=AXIS2_PLACEMENT_3D('',#5402,#4194,#4195);
#3734=AXIS2_PLACEMENT_3D('',#5403,#4196,#4197);
#3735=AXIS2_PLACEMENT_3D('',#5419,#4207,#4208);
#3736=AXIS2_PLACEMENT_3D('',#5425,#4212,#4213);
#3737=AXIS2_PLACEMENT_3D('',#5428,#4216,#4217);
#3738=AXIS2_PLACEMENT_3D('',#5429,#4218,#4219);
#3739=AXIS2_PLACEMENT_3D('',#5430,#4220,#4221);
#3740=AXIS2_PLACEMENT_3D('',#5436,#4225,#4226);
#3741=AXIS2_PLACEMENT_3D('',#5439,#4229,#4230);
#3742=AXIS2_PLACEMENT_3D('',#5440,#4231,#4232);
#3743=AXIS2_PLACEMENT_3D('',#5441,#4233,#4234);
#3744=AXIS2_PLACEMENT_3D('',#5447,#4238,#4239);
#3745=AXIS2_PLACEMENT_3D('',#5450,#4242,#4243);
#3746=AXIS2_PLACEMENT_3D('',#5451,#4244,#4245);
#3747=AXIS2_PLACEMENT_3D('',#5452,#4246,#4247);
#3748=AXIS2_PLACEMENT_3D('',#5454,#4249,#4250);
#3749=AXIS2_PLACEMENT_3D('',#5456,#4252,#4253);
#3750=AXIS2_PLACEMENT_3D('',#5457,#4254,#4255);
#3751=AXIS2_PLACEMENT_3D('',#5459,#4257,#4258);
#3752=AXIS2_PLACEMENT_3D('',#5461,#4260,#4261);
#3753=AXIS2_PLACEMENT_3D('',#5462,#4262,#4263);
#3754=AXIS2_PLACEMENT_3D('',#5464,#4265,#4266);
#3755=AXIS2_PLACEMENT_3D('',#5466,#4268,#4269);
#3756=AXIS2_PLACEMENT_3D('',#5467,#4270,#4271);
#3757=AXIS2_PLACEMENT_3D('',#5468,#4272,#4273);
#3758=AXIS2_PLACEMENT_3D('',#5470,#4274,#4275);
#3759=AXIS2_PLACEMENT_3D('',#5471,#4276,#4277);
#3760=AXIS2_PLACEMENT_3D('',#5472,#4278,#4279);
#3761=AXIS2_PLACEMENT_3D('',#5474,#4280,#4281);
#3762=AXIS2_PLACEMENT_3D('',#5475,#4282,#4283);
#3763=AXIS2_PLACEMENT_3D('',#5476,#4284,#4285);
#3764=AXIS2_PLACEMENT_3D('',#5478,#4286,#4287);
#3765=AXIS2_PLACEMENT_3D('',#5479,#4288,#4289);
#3766=AXIS2_PLACEMENT_3D('',#5485,#4292,#4293);
#3767=AXIS2_PLACEMENT_3D('',#5490,#4296,#4297);
#3768=AXIS2_PLACEMENT_3D('',#5491,#4298,#4299);
#3769=AXIS2_PLACEMENT_3D('',#5494,#4301,#4302);
#3770=AXIS2_PLACEMENT_3D('',#5497,#4304,#4305);
#3771=AXIS2_PLACEMENT_3D('',#5499,#4307,#4308);
#3772=AXIS2_PLACEMENT_3D('',#5504,#4311,#4312);
#3773=AXIS2_PLACEMENT_3D('',#5507,#4314,#4315);
#3774=AXIS2_PLACEMENT_3D('',#5513,#4319,#4320);
#3775=AXIS2_PLACEMENT_3D('',#5514,#4321,#4322);
#3776=AXIS2_PLACEMENT_3D('',#5518,#4324,#4325);
#3777=AXIS2_PLACEMENT_3D('',#5519,#4326,#4327);
#3778=AXIS2_PLACEMENT_3D('',#5524,#4330,#4331);
#3779=AXIS2_PLACEMENT_3D('',#5527,#4333,#4334);
#3780=AXIS2_PLACEMENT_3D('',#5534,#4338,#4339);
#3781=AXIS2_PLACEMENT_3D('',#5535,#4340,#4341);
#3782=AXIS2_PLACEMENT_3D('',#5536,#4342,#4343);
#3783=AXIS2_PLACEMENT_3D('',#5537,#4344,#4345);
#3784=AXIS2_PLACEMENT_3D('',#5538,#4346,#4347);
#3785=AXIS2_PLACEMENT_3D('',#5539,#4348,#4349);
#3786=AXIS2_PLACEMENT_3D('',#5545,#4352,#4353);
#3787=AXIS2_PLACEMENT_3D('',#5550,#4356,#4357);
#3788=AXIS2_PLACEMENT_3D('',#5551,#4358,#4359);
#3789=AXIS2_PLACEMENT_3D('',#5555,#4362,#4363);
#3790=AXIS2_PLACEMENT_3D('',#5561,#4366,#4367);
#3791=AXIS2_PLACEMENT_3D('',#5564,#4369,#4370);
#3792=AXIS2_PLACEMENT_3D('',#5565,#4371,#4372);
#3793=AXIS2_PLACEMENT_3D('',#5567,#4374,#4375);
#3794=AXIS2_PLACEMENT_3D('',#5573,#4378,#4379);
#3795=AXIS2_PLACEMENT_3D('',#5578,#4382,#4383);
#3796=AXIS2_PLACEMENT_3D('',#5579,#4384,#4385);
#3797=AXIS2_PLACEMENT_3D('',#5582,#4387,#4388);
#3798=AXIS2_PLACEMENT_3D('',#5585,#4390,#4391);
#3799=AXIS2_PLACEMENT_3D('',#5587,#4393,#4394);
#3800=AXIS2_PLACEMENT_3D('',#5592,#4397,#4398);
#3801=AXIS2_PLACEMENT_3D('',#5595,#4400,#4401);
#3802=AXIS2_PLACEMENT_3D('',#5596,#4402,#4403);
#3803=AXIS2_PLACEMENT_3D('',#5597,#4404,#4405);
#3804=AXIS2_PLACEMENT_3D('',#5603,#4408,#4409);
#3805=AXIS2_PLACEMENT_3D('',#5608,#4412,#4413);
#3806=AXIS2_PLACEMENT_3D('',#5609,#4414,#4415);
#3807=AXIS2_PLACEMENT_3D('',#5613,#4418,#4419);
#3808=AXIS2_PLACEMENT_3D('',#5614,#4420,#4421);
#3809=AXIS2_PLACEMENT_3D('',#5617,#4423,#4424);
#3810=AXIS2_PLACEMENT_3D('',#5618,#4425,#4426);
#3811=AXIS2_PLACEMENT_3D('',#5625,#4430,#4431);
#3812=AXIS2_PLACEMENT_3D('',#5631,#4434,#4435);
#3813=AXIS2_PLACEMENT_3D('',#5636,#4438,#4439);
#3814=AXIS2_PLACEMENT_3D('',#5637,#4440,#4441);
#3815=AXIS2_PLACEMENT_3D('',#5641,#4444,#4445);
#3816=AXIS2_PLACEMENT_3D('',#5647,#4448,#4449);
#3817=AXIS2_PLACEMENT_3D('',#5650,#4451,#4452);
#3818=AXIS2_PLACEMENT_3D('',#5651,#4453,#4454);
#3819=AXIS2_PLACEMENT_3D('',#5653,#4456,#4457);
#3820=AXIS2_PLACEMENT_3D('',#5654,#4458,#4459);
#3821=AXIS2_PLACEMENT_3D('',#5655,#4460,#4461);
#3822=AXIS2_PLACEMENT_3D('',#5656,#4462,#4463);
#3823=AXIS2_PLACEMENT_3D('',#5657,#4464,#4465);
#3824=AXIS2_PLACEMENT_3D('',#5658,#4466,#4467);
#3825=AXIS2_PLACEMENT_3D('',#5659,#4468,#4469);
#3826=AXIS2_PLACEMENT_3D('',#5660,#4470,#4471);
#3827=AXIS2_PLACEMENT_3D('',#5661,#4472,#4473);
#3828=AXIS2_PLACEMENT_3D('',#5662,#4474,#4475);
#3829=AXIS2_PLACEMENT_3D('',#5663,#4476,#4477);
#3830=AXIS2_PLACEMENT_3D('',#5664,#4478,#4479);
#3831=AXIS2_PLACEMENT_3D('',#5665,#4480,#4481);
#3832=AXIS2_PLACEMENT_3D('',#5666,#4482,#4483);
#3833=AXIS2_PLACEMENT_3D('',#5667,#4484,#4485);
#3834=AXIS2_PLACEMENT_3D('',#5668,#4486,#4487);
#3835=AXIS2_PLACEMENT_3D('',#5669,#4488,#4489);
#3836=AXIS2_PLACEMENT_3D('',#5670,#4490,#4491);
#3837=AXIS2_PLACEMENT_3D('',#5671,#4492,#4493);
#3838=AXIS2_PLACEMENT_3D('',#5679,#4497,#4498);
#3839=AXIS2_PLACEMENT_3D('',#5687,#4502,#4503);
#3840=AXIS2_PLACEMENT_3D('',#5695,#4507,#4508);
#3841=AXIS2_PLACEMENT_3D('',#5703,#4512,#4513);
#3842=AXIS2_PLACEMENT_3D('',#5711,#4517,#4518);
#3843=AXIS2_PLACEMENT_3D('',#5719,#4522,#4523);
#3844=AXIS2_PLACEMENT_3D('',#5720,#4524,#4525);
#3845=AXIS2_PLACEMENT_3D('',#5729,#4529,#4530);
#3846=AXIS2_PLACEMENT_3D('',#5737,#4534,#4535);
#3847=AXIS2_PLACEMENT_3D('',#5745,#4539,#4540);
#3848=AXIS2_PLACEMENT_3D('',#5753,#4544,#4545);
#3849=AXIS2_PLACEMENT_3D('',#5761,#4549,#4550);
#3850=AXIS2_PLACEMENT_3D('',#5768,#4554,#4555);
#3851=AXIS2_PLACEMENT_3D('',#5769,#4556,#4557);
#3852=AXIS2_PLACEMENT_3D('',#5770,#4558,#4559);
#3853=AXIS2_PLACEMENT_3D('',#5771,#4560,#4561);
#3854=AXIS2_PLACEMENT_3D('',#5772,#4562,#4563);
#3855=AXIS2_PLACEMENT_3D('',#5773,#4564,#4565);
#3856=AXIS2_PLACEMENT_3D('',#5774,#4566,#4567);
#3857=AXIS2_PLACEMENT_3D('',#5775,#4568,#4569);
#3858=AXIS2_PLACEMENT_3D('',#5776,#4570,#4571);
#3859=AXIS2_PLACEMENT_3D('',#5777,#4572,#4573);
#3860=AXIS2_PLACEMENT_3D('',#5778,#4574,#4575);
#3861=AXIS2_PLACEMENT_3D('',#5779,#4576,#4577);
#3862=AXIS2_PLACEMENT_3D('',#5780,#4578,#4579);
#3863=AXIS2_PLACEMENT_3D('',#5781,#4580,#4581);
#3864=AXIS2_PLACEMENT_3D('',#5790,#4585,#4586);
#3865=AXIS2_PLACEMENT_3D('',#5798,#4590,#4591);
#3866=AXIS2_PLACEMENT_3D('',#5806,#4595,#4596);
#3867=AXIS2_PLACEMENT_3D('',#5814,#4600,#4601);
#3868=AXIS2_PLACEMENT_3D('',#5822,#4605,#4606);
#3869=AXIS2_PLACEMENT_3D('',#5829,#4610,#4611);
#3870=AXIS2_PLACEMENT_3D('',#5832,#4614,#4615);
#3871=AXIS2_PLACEMENT_3D('',#5835,#4618,#4619);
#3872=AXIS2_PLACEMENT_3D('',#5838,#4622,#4623);
#3873=AXIS2_PLACEMENT_3D('',#5841,#4626,#4627);
#3874=AXIS2_PLACEMENT_3D('',#5844,#4630,#4631);
#3875=AXIS2_PLACEMENT_3D('',#5847,#4634,#4635);
#3876=AXIS2_PLACEMENT_3D('',#5850,#4638,#4639);
#3877=AXIS2_PLACEMENT_3D('',#5851,#4640,#4641);
#3878=AXIS2_PLACEMENT_3D('',#5852,#4642,#4643);
#3879=AXIS2_PLACEMENT_3D('',#5855,#4646,#4647);
#3880=AXIS2_PLACEMENT_3D('',#5856,#4648,#4649);
#3881=AXIS2_PLACEMENT_3D('',#5857,#4650,#4651);
#3882=AXIS2_PLACEMENT_3D('',#5860,#4654,#4655);
#3883=AXIS2_PLACEMENT_3D('',#5861,#4656,#4657);
#3884=AXIS2_PLACEMENT_3D('',#5862,#4658,#4659);
#3885=AXIS2_PLACEMENT_3D('',#5865,#4662,#4663);
#3886=AXIS2_PLACEMENT_3D('',#5866,#4664,#4665);
#3887=AXIS2_PLACEMENT_3D('',#5867,#4666,#4667);
#3888=AXIS2_PLACEMENT_3D('',#5870,#4670,#4671);
#3889=AXIS2_PLACEMENT_3D('',#5871,#4672,#4673);
#3890=AXIS2_PLACEMENT_3D('',#5872,#4674,#4675);
#3891=AXIS2_PLACEMENT_3D('',#5875,#4678,#4679);
#3892=AXIS2_PLACEMENT_3D('',#5876,#4680,#4681);
#3893=AXIS2_PLACEMENT_3D('',#5877,#4682,#4683);
#3894=AXIS2_PLACEMENT_3D('',#5883,#4686,#4687);
#3895=AXIS2_PLACEMENT_3D('',#5884,#4688,#4689);
#3896=AXIS2_PLACEMENT_3D('',#5885,#4690,#4691);
#3897=AXIS2_PLACEMENT_3D('',#5886,#4692,#4693);
#3898=AXIS2_PLACEMENT_3D('',#5889,#4695,#4696);
#3899=AXIS2_PLACEMENT_3D('',#5890,#4697,#4698);
#3900=AXIS2_PLACEMENT_3D('',#5895,#4701,#4702);
#3901=AXIS2_PLACEMENT_3D('',#5901,#4705,#4706);
#3902=AXIS2_PLACEMENT_3D('',#5902,#4707,#4708);
#3903=AXIS2_PLACEMENT_3D('',#5903,#4709,#4710);
#3904=AXIS2_PLACEMENT_3D('',#5906,#4712,#4713);
#3905=AXIS2_PLACEMENT_3D('',#5907,#4714,#4715);
#3906=AXIS2_PLACEMENT_3D('',#5912,#4718,#4719);
#3907=AXIS2_PLACEMENT_3D('',#5913,#4720,#4721);
#3908=AXIS2_PLACEMENT_3D('',#5919,#4724,#4725);
#3909=AXIS2_PLACEMENT_3D('',#5920,#4726,#4727);
#3910=AXIS2_PLACEMENT_3D('',#5921,#4728,#4729);
#3911=AXIS2_PLACEMENT_3D('',#5927,#4732,#4733);
#3912=AXIS2_PLACEMENT_3D('',#5928,#4734,#4735);
#3913=AXIS2_PLACEMENT_3D('',#5929,#4736,#4737);
#3914=AXIS2_PLACEMENT_3D('',#5931,#4739,#4740);
#3915=AXIS2_PLACEMENT_3D('',#5937,#4743,#4744);
#3916=AXIS2_PLACEMENT_3D('',#5938,#4745,#4746);
#3917=AXIS2_PLACEMENT_3D('',#5939,#4747,#4748);
#3918=AXIS2_PLACEMENT_3D('',#5942,#4750,#4751);
#3919=AXIS2_PLACEMENT_3D('',#5943,#4752,#4753);
#3920=AXIS2_PLACEMENT_3D('',#5948,#4756,#4757);
#3921=AXIS2_PLACEMENT_3D('',#5949,#4758,#4759);
#3922=AXIS2_PLACEMENT_3D('',#5950,#4760,#4761);
#3923=AXIS2_PLACEMENT_3D('',#5954,#4763,#4764);
#3924=AXIS2_PLACEMENT_3D('',#5955,#4765,#4766);
#3925=AXIS2_PLACEMENT_3D('',#5960,#4769,#4770);
#3926=AXIS2_PLACEMENT_3D('',#5961,#4771,#4772);
#3927=AXIS2_PLACEMENT_3D('',#5966,#4775,#4776);
#3928=AXIS2_PLACEMENT_3D('',#5967,#4777,#4778);
#3929=AXIS2_PLACEMENT_3D('',#5968,#4779,#4780);
#3930=AXIS2_PLACEMENT_3D('',#5969,#4781,#4782);
#3931=AXIS2_PLACEMENT_3D('',#5975,#4785,#4786);
#3932=AXIS2_PLACEMENT_3D('',#5976,#4787,#4788);
#3933=AXIS2_PLACEMENT_3D('',#5977,#4789,#4790);
#3934=AXIS2_PLACEMENT_3D('',#5983,#4793,#4794);
#3935=AXIS2_PLACEMENT_3D('',#5984,#4795,#4796);
#3936=AXIS2_PLACEMENT_3D('',#5985,#4797,#4798);
#3937=AXIS2_PLACEMENT_3D('',#5987,#4800,#4801);
#3938=AXIS2_PLACEMENT_3D('',#5988,#4802,#4803);
#3939=AXIS2_PLACEMENT_3D('',#5989,#4804,#4805);
#3940=AXIS2_PLACEMENT_3D('',#5990,#4806,#4807);
#3941=AXIS2_PLACEMENT_3D('',#5991,#4808,#4809);
#3942=AXIS2_PLACEMENT_3D('',#5992,#4810,#4811);
#3943=AXIS2_PLACEMENT_3D('',#5993,#4812,#4813);
#3944=AXIS2_PLACEMENT_3D('',#5994,#4814,#4815);
#3945=AXIS2_PLACEMENT_3D('',#5995,#4816,#4817);
#3946=AXIS2_PLACEMENT_3D('',#5996,#4818,#4819);
#3947=AXIS2_PLACEMENT_3D('',#5997,#4820,#4821);
#3948=AXIS2_PLACEMENT_3D('',#6003,#4824,#4825);
#3949=AXIS2_PLACEMENT_3D('',#6011,#4829,#4830);
#3950=AXIS2_PLACEMENT_3D('',#6014,#4832,#4833);
#3951=AXIS2_PLACEMENT_3D('',#6020,#4836,#4837);
#3952=AXIS2_PLACEMENT_3D('',#6028,#4841,#4842);
#3953=AXIS2_PLACEMENT_3D('',#6031,#4844,#4845);
#3954=AXIS2_PLACEMENT_3D('',#6037,#4848,#4849);
#3955=AXIS2_PLACEMENT_3D('',#6045,#4853,#4854);
#3956=AXIS2_PLACEMENT_3D('',#6048,#4856,#4857);
#3957=AXIS2_PLACEMENT_3D('',#6054,#4860,#4861);
#3958=AXIS2_PLACEMENT_3D('',#6062,#4865,#4866);
#3959=AXIS2_PLACEMENT_3D('',#6065,#4868,#4869);
#3960=AXIS2_PLACEMENT_3D('',#6071,#4872,#4873);
#3961=AXIS2_PLACEMENT_3D('',#6079,#4877,#4878);
#3962=AXIS2_PLACEMENT_3D('',#6082,#4880,#4881);
#3963=AXIS2_PLACEMENT_3D('',#6090,#4885,#4886);
#3964=AXIS2_PLACEMENT_3D('',#6098,#4890,#4891);
#3965=AXIS2_PLACEMENT_3D('',#6099,#4892,#4893);
#3966=AXIS2_PLACEMENT_3D('',#6100,#4894,#4895);
#3967=AXIS2_PLACEMENT_3D('',#6101,#4896,#4897);
#3968=AXIS2_PLACEMENT_3D('',#6102,#4898,#4899);
#3969=AXIS2_PLACEMENT_3D('',#6103,#4900,#4901);
#3970=AXIS2_PLACEMENT_3D('',#6104,#4902,#4903);
#3971=AXIS2_PLACEMENT_3D('',#6105,#4904,#4905);
#3972=AXIS2_PLACEMENT_3D('',#6106,#4906,#4907);
#3973=AXIS2_PLACEMENT_3D('',#6107,#4908,#4909);
#3974=AXIS2_PLACEMENT_3D('',#6108,#4910,#4911);
#3975=AXIS2_PLACEMENT_3D('',#6109,#4912,#4913);
#3976=AXIS2_PLACEMENT_3D('',#6110,#4914,#4915);
#3977=AXIS2_PLACEMENT_3D('',#6111,#4916,#4917);
#3978=AXIS2_PLACEMENT_3D('',#6112,#4918,#4919);
#3979=AXIS2_PLACEMENT_3D('',#6121,#4923,#4924);
#3980=AXIS2_PLACEMENT_3D('',#6129,#4928,#4929);
#3981=AXIS2_PLACEMENT_3D('',#6137,#4933,#4934);
#3982=AXIS2_PLACEMENT_3D('',#6145,#4938,#4939);
#3983=AXIS2_PLACEMENT_3D('',#6153,#4943,#4944);
#3984=AXIS2_PLACEMENT_3D('',#6160,#4948,#4949);
#3985=AXIS2_PLACEMENT_3D('',#6168,#4955,#4956);
#3986=AXIS2_PLACEMENT_3D('',#6176,#4962,#4963);
#3987=AXIS2_PLACEMENT_3D('',#6184,#4969,#4970);
#3988=AXIS2_PLACEMENT_3D('',#6192,#4976,#4977);
#3989=AXIS2_PLACEMENT_3D('',#6195,#4980,#4981);
#3990=AXIS2_PLACEMENT_3D('',#6198,#4984,#4985);
#3991=AXIS2_PLACEMENT_3D('',#6201,#4988,#4989);
#3992=AXIS2_PLACEMENT_3D('',#6204,#4992,#4993);
#3993=AXIS2_PLACEMENT_3D('',#6207,#4996,#4997);
#3994=AXIS2_PLACEMENT_3D('',#6210,#5000,#5001);
#3995=AXIS2_PLACEMENT_3D('',#6211,#5002,#5003);
#3996=AXIS2_PLACEMENT_3D('',#6212,#5004,#5005);
#3997=AXIS2_PLACEMENT_3D('',#6213,#5006,#5007);
#3998=AXIS2_PLACEMENT_3D('',#6214,#5008,#5009);
#3999=AXIS2_PLACEMENT_3D('',#6216,#5011,#5012);
#4000=AXIS2_PLACEMENT_3D('',#6218,#5014,#5015);
#4001=AXIS2_PLACEMENT_3D('',#6224,#5019,#5020);
#4002=AXIS2_PLACEMENT_3D('',#6225,#5021,#5022);
#4003=AXIS2_PLACEMENT_3D('',#6226,#5023,#5024);
#4004=AXIS2_PLACEMENT_3D('',#6227,#5025,#5026);
#4005=AXIS2_PLACEMENT_3D('',#6228,#5027,#5028);
#4006=AXIS2_PLACEMENT_3D('',#6230,#5030,#5031);
#4007=AXIS2_PLACEMENT_3D('',#6232,#5033,#5034);
#4008=AXIS2_PLACEMENT_3D('',#6238,#5038,#5039);
#4009=AXIS2_PLACEMENT_3D('',#6239,#5040,#5041);
#4010=AXIS2_PLACEMENT_3D('',#6243,#5043,#5044);
#4011=AXIS2_PLACEMENT_3D('',#6244,#5045,#5046);
#4012=AXIS2_PLACEMENT_3D('',#6245,#5047,#5048);
#4013=AXIS2_PLACEMENT_3D('',#6247,#5049,#5050);
#4014=AXIS2_PLACEMENT_3D('',#6249,#5051,#5052);
#4015=AXIS2_PLACEMENT_3D('',#6250,#5053,#5054);
#4016=AXIS2_PLACEMENT_3D('',#6253,#5056,#5057);
#4017=AXIS2_PLACEMENT_3D('',#6254,#5058,#5059);
#4018=AXIS2_PLACEMENT_3D('',#6255,#5060,#5061);
#4019=AXIS2_PLACEMENT_3D('',#6256,#5062,#5063);
#4020=AXIS2_PLACEMENT_3D('',#6257,#5064,#5065);
#4021=AXIS2_PLACEMENT_3D('',#6258,#5066,#5067);
#4022=AXIS2_PLACEMENT_3D('',#6262,#5069,#5070);
#4023=AXIS2_PLACEMENT_3D('',#6263,#5071,#5072);
#4024=AXIS2_PLACEMENT_3D('',#6264,#5073,#5074);
#4025=AXIS2_PLACEMENT_3D('',#6265,#5075,#5076);
#4026=AXIS2_PLACEMENT_3D('',#6267,#5077,#5078);
#4027=AXIS2_PLACEMENT_3D('',#6268,#5079,#5080);
#4028=AXIS2_PLACEMENT_3D('',#6271,#5082,#5083);
#4029=AXIS2_PLACEMENT_3D('',#6272,#5084,#5085);
#4030=AXIS2_PLACEMENT_3D('',#6273,#5086,#5087);
#4031=AXIS2_PLACEMENT_3D('',#6274,#5088,#5089);
#4032=AXIS2_PLACEMENT_3D('',#6275,#5090,#5091);
#4033=AXIS2_PLACEMENT_3D('',#6276,#5092,#5093);
#4034=AXIS2_PLACEMENT_3D('',#6278,#5094,#5095);
#4035=AXIS2_PLACEMENT_3D('',#6279,#5096,#5097);
#4036=AXIS2_PLACEMENT_3D('',#6280,#5098,#5099);
#4037=AXIS2_PLACEMENT_3D('',#6283,#5101,#5102);
#4038=AXIS2_PLACEMENT_3D('',#6284,#5103,#5104);
#4039=AXIS2_PLACEMENT_3D('',#6285,#5105,#5106);
#4040=AXIS2_PLACEMENT_3D('',#6286,#5107,#5108);
#4041=AXIS2_PLACEMENT_3D('',#6287,#5109,#5110);
#4042=AXIS2_PLACEMENT_3D('',#6291,#5112,#5113);
#4043=AXIS2_PLACEMENT_3D('',#6292,#5114,#5115);
#4044=AXIS2_PLACEMENT_3D('',#6293,#5116,#5117);
#4045=AXIS2_PLACEMENT_3D('',#6294,#5118,#5119);
#4046=AXIS2_PLACEMENT_3D('',#6295,#5120,#5121);
#4047=AXIS2_PLACEMENT_3D('',#6296,#5122,#5123);
#4048=AXIS2_PLACEMENT_3D('',#6297,#5124,#5125);
#4049=AXIS2_PLACEMENT_3D('',#6298,#5126,#5127);
#4050=AXIS2_PLACEMENT_3D('',#6299,#5128,#5129);
#4051=AXIS2_PLACEMENT_3D('',#6300,#5130,#5131);
#4052=AXIS2_PLACEMENT_3D('',#6301,#5132,#5133);
#4053=AXIS2_PLACEMENT_3D('',#6302,#5134,#5135);
#4054=AXIS2_PLACEMENT_3D('',#6303,#5136,#5137);
#4055=AXIS2_PLACEMENT_3D('',#6304,#5138,#5139);
#4056=AXIS2_PLACEMENT_3D('',#6305,#5140,#5141);
#4057=AXIS2_PLACEMENT_3D('',#6306,#5142,#5143);
#4058=AXIS2_PLACEMENT_3D('',#6307,#5144,#5145);
#4059=AXIS2_PLACEMENT_3D('',#6308,#5146,#5147);
#4060=AXIS2_PLACEMENT_3D('',#6309,#5148,#5149);
#4061=AXIS2_PLACEMENT_3D('',#6310,#5150,#5151);
#4062=DIRECTION('',(0.,0.,1.));
#4063=DIRECTION('',(1.,0.,0.));
#4064=DIRECTION('',(0.,1.,-1.20214608957407E-15));
#4065=DIRECTION('',(0.,1.20214608957407E-15,1.));
#4066=DIRECTION('',(0.,1.,-1.20214608957407E-15));
#4067=DIRECTION('',(0.,1.20214608957407E-15,1.));
#4068=DIRECTION('',(0.,-1.,1.20214608957407E-15));
#4069=DIRECTION('',(0.,-1.20214608957407E-15,-1.));
#4070=DIRECTION('',(0.,-1.,1.20214608957407E-15));
#4071=DIRECTION('',(0.,-1.20214608957407E-15,-1.));
#4072=DIRECTION('',(0.,-1.,1.20214608957407E-15));
#4073=DIRECTION('',(0.,-1.20214608957407E-15,-1.));
#4074=DIRECTION('',(0.,-1.,1.20214608957407E-15));
#4075=DIRECTION('',(0.,1.20214608957407E-15,1.));
#4076=DIRECTION('',(0.,-1.,1.20214608957407E-15));
#4077=DIRECTION('',(0.,-1.20214608957407E-15,-1.));
#4078=DIRECTION('',(0.,-1.,1.20214608957407E-15));
#4079=DIRECTION('',(0.,-1.20214608957407E-15,-1.));
#4080=DIRECTION('',(0.,-1.,1.20214608957407E-15));
#4081=DIRECTION('',(0.,-1.20214608957407E-15,-1.));
#4082=DIRECTION('',(0.,-1.,1.20214608957407E-15));
#4083=DIRECTION('',(0.,-1.,1.20214608957407E-15));
#4084=DIRECTION('',(0.,-1.20214608957407E-15,-1.));
#4085=DIRECTION('',(0.,-1.,1.20214608957407E-15));
#4086=DIRECTION('',(0.,-1.,1.20214608957407E-15));
#4087=DIRECTION('',(0.,-1.20214608957407E-15,-1.));
#4088=DIRECTION('',(0.,-1.,1.20214608957407E-15));
#4089=DIRECTION('',(-1.04108905263127E-15,-1.,6.01073044787035E-16));
#4090=DIRECTION('',(1.,-1.04108905263127E-15,0.));
#4091=DIRECTION('',(0.,-1.,1.20214608957407E-15));
#4092=DIRECTION('',(0.,-1.,1.20214608957407E-15));
#4093=DIRECTION('',(0.,-1.20214608957407E-15,-1.));
#4094=DIRECTION('',(0.,-1.,1.20214608957407E-15));
#4095=DIRECTION('',(0.,-1.20214608957407E-15,-1.));
#4096=DIRECTION('',(0.,-1.,1.20214608957407E-15));
#4097=DIRECTION('',(0.,-1.,1.20214608957407E-15));
#4098=DIRECTION('',(0.,-1.20214608957407E-15,-1.));
#4099=DIRECTION('',(0.,-1.,1.20214608957407E-15));
#4100=DIRECTION('',(0.,-1.,1.20214608957407E-15));
#4101=DIRECTION('',(0.,-1.20214608957407E-15,-1.));
#4102=DIRECTION('',(0.,-1.,1.20214608957407E-15));
#4103=DIRECTION('',(-1.47220436070439E-31,-1.,2.40429217914814E-15));
#4104=DIRECTION('',(0.,-2.40429217914814E-15,-1.));
#4105=DIRECTION('',(0.,-1.,1.20214608957407E-15));
#4106=DIRECTION('',(0.,-1.,1.20214608957407E-15));
#4107=DIRECTION('',(0.,-1.20214608957407E-15,-1.));
#4108=DIRECTION('',(0.,-1.,1.20214608957407E-15));
#4109=DIRECTION('',(0.,-1.20214608957407E-15,-1.));
#4110=DIRECTION('',(0.,-1.,1.20214608957407E-15));
#4111=DIRECTION('',(0.,-1.20214608957407E-15,-1.));
#4112=DIRECTION('',(0.,-1.20214608957407E-15,-1.));
#4113=DIRECTION('',(-1.,0.,0.));
#4114=DIRECTION('',(0.,-1.20214608957407E-15,-1.));
#4115=DIRECTION('',(0.,-1.,1.20214608957407E-15));
#4116=DIRECTION('',(0.,-1.20214608957407E-15,-1.));
#4117=DIRECTION('',(-0.866025403784439,6.01073044787034E-16,0.5));
#4118=DIRECTION('',(0.5,1.04108905263127E-15,0.866025403784439));
#4119=DIRECTION('',(-0.866025403784439,6.01073044787034E-16,0.5));
#4120=DIRECTION('',(0.,-1.,1.20214608957407E-15));
#4121=DIRECTION('',(0.,-1.20214608957407E-15,-1.));
#4122=DIRECTION('',(0.866025403784439,6.01073044787035E-16,0.5));
#4123=DIRECTION('',(0.5,-1.04108905263127E-15,-0.866025403784438));
#4124=DIRECTION('',(0.866025403784438,6.01073044787036E-16,0.5));
#4125=DIRECTION('',(0.,-1.,1.20214608957407E-15));
#4126=DIRECTION('',(0.,-1.20214608957407E-15,-1.));
#4127=DIRECTION('',(1.22464679914735E-16,-1.20214608957407E-15,-1.));
#4128=DIRECTION('',(-1.,-1.47220436070439E-31,-1.22464679914735E-16));
#4129=DIRECTION('',(1.22464679914735E-16,-1.20214608957407E-15,-1.));
#4130=DIRECTION('',(0.,-1.,1.20214608957407E-15));
#4131=DIRECTION('',(0.,-1.20214608957407E-15,-1.));
#4132=DIRECTION('',(-0.866025403784439,6.01073044787035E-16,0.5));
#4133=DIRECTION('',(0.5,1.04108905263127E-15,0.866025403784439));
#4134=DIRECTION('',(-0.866025403784439,6.01073044787035E-16,0.5));
#4135=DIRECTION('',(0.,-1.,1.20214608957407E-15));
#4136=DIRECTION('',(0.,-1.20214608957407E-15,-1.));
#4137=DIRECTION('',(0.866025403784439,6.01073044787035E-16,0.5));
#4138=DIRECTION('',(0.5,-1.04108905263127E-15,-0.866025403784439));
#4139=DIRECTION('',(0.866025403784439,6.01073044787035E-16,0.5));
#4140=DIRECTION('',(0.,-1.,1.20214608957407E-15));
#4141=DIRECTION('',(0.,-1.20214608957407E-15,-1.));
#4142=DIRECTION('',(0.64361067035659,0.,-0.765353059053886));
#4143=DIRECTION('',(1.,0.,0.));
#4144=DIRECTION('',(0.64361067035659,0.,0.765353059053886));
#4145=DIRECTION('',(0.,-1.,1.20214608957407E-15));
#4146=DIRECTION('',(0.,-1.20214608957407E-15,-1.));
#4147=DIRECTION('',(-0.258819045102521,-3.11138302977291E-16,-0.965925826289068));
#4148=DIRECTION('',(0.5,-1.04108905263127E-15,-0.866025403784439));
#4149=DIRECTION('',(0.965925826289068,-1.16118395489201E-15,-0.258819045102521));
#4150=DIRECTION('',(0.,-1.,1.20214608957407E-15));
#4151=DIRECTION('',(0.,-1.20214608957407E-15,-1.));
#4152=DIRECTION('',(-0.984620527183092,7.10043257562854E-16,-0.174706661148596));
#4153=DIRECTION('',(-0.5,-1.04108905263127E-15,-0.866025403784439));
#4154=DIRECTION('',(0.341009856826502,-2.05015530369269E-15,-0.940059720202482));
#4155=DIRECTION('',(0.,-1.,1.20214608957407E-15));
#4156=DIRECTION('',(0.,-1.20214608957407E-15,-1.));
#4157=DIRECTION('',(-0.707106781186548,1.70009130382943E-15,0.707106781186547));
#4158=DIRECTION('',(-1.,-1.47220436070439E-31,-1.22464679914735E-16));
#4159=DIRECTION('',(-0.707106781186547,-1.70009130382943E-15,-0.707106781186548));
#4160=DIRECTION('',(0.,-1.,1.20214608957407E-15));
#4161=DIRECTION('',(0.,-1.20214608957407E-15,-1.));
#4162=DIRECTION('',(0.341009856826501,2.05015530369269E-15,0.940059720202482));
#4163=DIRECTION('',(-0.5,1.04108905263127E-15,0.866025403784438));
#4164=DIRECTION('',(-0.984620527183092,-7.10043257562855E-16,0.174706661148595));
#4165=DIRECTION('',(0.,-1.,1.20214608957407E-15));
#4166=DIRECTION('',(0.,-1.20214608957407E-15,-1.));
#4167=DIRECTION('',(0.965925826289068,1.16118395489201E-15,0.258819045102522));
#4168=DIRECTION('',(0.5,1.04108905263127E-15,0.866025403784439));
#4169=DIRECTION('',(-0.258819045102522,3.1113830297729E-16,0.965925826289068));
#4170=DIRECTION('',(0.,-1.,1.20214608957407E-15));
#4171=DIRECTION('',(0.,-1.20214608957407E-15,-1.));
#4172=DIRECTION('',(0.,-1.,1.20214608957407E-15));
#4173=DIRECTION('',(0.,-1.20214608957407E-15,-1.));
#4174=DIRECTION('',(0.,-1.,1.20214608957407E-15));
#4175=DIRECTION('',(0.,-1.20214608957407E-15,-1.));
#4176=DIRECTION('',(0.,-1.,1.20214608957407E-15));
#4177=DIRECTION('',(0.,-1.20214608957407E-15,-1.));
#4178=DIRECTION('',(0.,-1.,1.20214608957407E-15));
#4179=DIRECTION('',(0.,-1.20214608957407E-15,-1.));
#4180=DIRECTION('',(0.,-1.,1.20214608957407E-15));
#4181=DIRECTION('',(0.,-1.20214608957407E-15,-1.));
#4182=DIRECTION('',(0.,-1.,1.20214608957407E-15));
#4183=DIRECTION('',(0.,-1.20214608957407E-15,-1.));
#4184=DIRECTION('',(0.,-1.,1.20214608957407E-15));
#4185=DIRECTION('',(0.,-1.20214608957407E-15,-1.));
#4186=DIRECTION('',(0.,-1.,1.20214608957407E-15));
#4187=DIRECTION('',(0.,-1.20214608957407E-15,-1.));
#4188=DIRECTION('',(0.,-1.,1.20214608957407E-15));
#4189=DIRECTION('',(0.,-1.,1.20214608957407E-15));
#4190=DIRECTION('',(1.04108905263127E-15,-1.,6.01073044787036E-16));
#4191=DIRECTION('',(1.,1.04108905263127E-15,0.));
#4192=DIRECTION('',(0.,-1.,1.20214608957407E-15));
#4193=DIRECTION('',(0.,-1.,1.20214608957407E-15));
#4194=DIRECTION('',(0.,-1.,1.20214608957407E-15));
#4195=DIRECTION('',(0.,-1.20214608957407E-15,-1.));
#4196=DIRECTION('',(0.,1.,-1.20214608957407E-15));
#4197=DIRECTION('',(0.,1.20214608957407E-15,1.));
#4198=DIRECTION('',(0.64361067035659,0.,0.765353059053886));
#4199=DIRECTION('',(1.,0.,0.));
#4200=DIRECTION('',(0.64361067035659,0.,-0.765353059053886));
#4201=DIRECTION('',(-0.984620527183092,-7.10043257562855E-16,0.174706661148595));
#4202=DIRECTION('',(-0.5,1.04108905263127E-15,0.866025403784438));
#4203=DIRECTION('',(0.341009856826501,2.05015530369269E-15,0.940059720202482));
#4204=DIRECTION('',(0.341009856826502,-2.05015530369269E-15,-0.940059720202482));
#4205=DIRECTION('',(-0.5,-1.04108905263127E-15,-0.866025403784439));
#4206=DIRECTION('',(-0.984620527183092,7.10043257562854E-16,-0.174706661148596));
#4207=DIRECTION('',(-1.04108905263127E-15,-1.,6.01073044787035E-16));
#4208=DIRECTION('',(0.5,-1.04108905263127E-15,-0.866025403784439));
#4209=DIRECTION('',(0.965925826289068,-1.16118395489201E-15,-0.258819045102521));
#4210=DIRECTION('',(0.5,-1.04108905263127E-15,-0.866025403784439));
#4211=DIRECTION('',(-0.258819045102521,-3.11138302977291E-16,-0.965925826289068));
#4212=DIRECTION('',(-0.866025403784439,6.01073044787035E-16,-0.5));
#4213=DIRECTION('',(-0.5,1.04108905263127E-15,0.866025403784439));
#4214=DIRECTION('',(-1.04108905263127E-15,-1.,6.01073044787035E-16));
#4215=DIRECTION('',(-1.04108905263127E-15,-1.,6.01073044787035E-16));
#4216=DIRECTION('',(-0.258819045102521,-3.11138302977291E-16,-0.965925826289068));
#4217=DIRECTION('',(-0.965925826289068,1.16118395489201E-15,0.258819045102521));
#4218=DIRECTION('',(-0.965925826289068,1.16118395489201E-15,0.258819045102521));
#4219=DIRECTION('',(0.258819045102521,3.11138302977291E-16,0.965925826289068));
#4220=DIRECTION('',(-1.47220436070439E-31,-1.,2.40429217914814E-15));
#4221=DIRECTION('',(-1.,-1.47220436070439E-31,-1.22464679914735E-16));
#4222=DIRECTION('',(-0.707106781186547,-1.70009130382943E-15,-0.707106781186548));
#4223=DIRECTION('',(-1.,-1.47220436070439E-31,-1.22464679914735E-16));
#4224=DIRECTION('',(-0.707106781186548,1.70009130382943E-15,0.707106781186547));
#4225=DIRECTION('',(-1.22464679914735E-16,2.40429217914814E-15,1.));
#4226=DIRECTION('',(1.,1.47220436070439E-31,1.22464679914735E-16));
#4227=DIRECTION('',(-1.47220436070439E-31,-1.,2.40429217914814E-15));
#4228=DIRECTION('',(-1.47220436070439E-31,-1.,2.40429217914814E-15));
#4229=DIRECTION('',(-0.707106781186548,1.70009130382943E-15,0.707106781186547));
#4230=DIRECTION('',(0.707106781186547,1.70009130382943E-15,0.707106781186548));
#4231=DIRECTION('',(0.707106781186547,1.70009130382943E-15,0.707106781186548));
#4232=DIRECTION('',(0.707106781186548,-1.70009130382943E-15,-0.707106781186547));
#4233=DIRECTION('',(1.04108905263127E-15,-1.,6.01073044787036E-16));
#4234=DIRECTION('',(0.5,1.04108905263127E-15,0.866025403784439));
#4235=DIRECTION('',(-0.258819045102522,3.1113830297729E-16,0.965925826289068));
#4236=DIRECTION('',(0.5,1.04108905263127E-15,0.866025403784439));
#4237=DIRECTION('',(0.965925826289068,1.16118395489201E-15,0.258819045102522));
#4238=DIRECTION('',(0.866025403784439,6.01073044787036E-16,-0.5));
#4239=DIRECTION('',(-0.5,-1.04108905263127E-15,-0.866025403784439));
#4240=DIRECTION('',(1.04108905263127E-15,-1.,6.01073044787036E-16));
#4241=DIRECTION('',(1.04108905263127E-15,-1.,6.01073044787036E-16));
#4242=DIRECTION('',(0.965925826289068,1.16118395489201E-15,0.258819045102522));
#4243=DIRECTION('',(0.258819045102522,-3.1113830297729E-16,-0.965925826289068));
#4244=DIRECTION('',(0.258819045102522,-3.1113830297729E-16,-0.965925826289068));
#4245=DIRECTION('',(-0.965925826289068,-1.16118395489201E-15,-0.258819045102522));
#4246=DIRECTION('',(0.765353059053886,0.,-0.64361067035659));
#4247=DIRECTION('',(-0.64361067035659,0.,-0.765353059053886));
#4248=DIRECTION('',(0.,-1.,0.));
#4249=DIRECTION('',(-0.765353059053886,0.,-0.64361067035659));
#4250=DIRECTION('',(-0.64361067035659,0.,0.765353059053886));
#4251=DIRECTION('',(0.,-1.,0.));
#4252=DIRECTION('',(0.,0.,-1.));
#4253=DIRECTION('',(-1.,0.,0.));
#4254=DIRECTION('',(0.174706661148595,1.95737176704483E-15,0.984620527183092));
#4255=DIRECTION('',(0.984620527183092,7.10043257562855E-16,-0.174706661148595));
#4256=DIRECTION('',(1.04108905263127E-15,-1.,1.80321913436111E-15));
#4257=DIRECTION('',(0.940059720202482,3.63770384687129E-16,-0.341009856826501));
#4258=DIRECTION('',(-0.341009856826501,-2.05015530369269E-15,-0.940059720202482));
#4259=DIRECTION('',(1.04108905263127E-15,-1.,1.80321913436111E-15));
#4260=DIRECTION('',(0.866025403784438,1.80321913436111E-15,0.5));
#4261=DIRECTION('',(0.5,-1.04108905263127E-15,-0.866025403784438));
#4262=DIRECTION('',(-0.940059720202482,3.63770384687127E-16,-0.341009856826502));
#4263=DIRECTION('',(-0.341009856826502,2.05015530369269E-15,0.940059720202482));
#4264=DIRECTION('',(-1.04108905263127E-15,-1.,1.80321913436111E-15));
#4265=DIRECTION('',(-0.174706661148596,1.95737176704483E-15,0.984620527183092));
#4266=DIRECTION('',(0.984620527183092,-7.10043257562854E-16,0.174706661148596));
#4267=DIRECTION('',(-1.04108905263127E-15,-1.,1.80321913436111E-15));
#4268=DIRECTION('',(-0.866025403784439,1.80321913436111E-15,0.5));
#4269=DIRECTION('',(0.5,1.04108905263127E-15,0.866025403784439));
#4270=DIRECTION('',(0.866025403784438,0.,0.5));
#4271=DIRECTION('',(0.5,0.,-0.866025403784438));
#4272=DIRECTION('',(-0.866025403784438,0.,-0.5));
#4273=DIRECTION('',(-0.5,0.,0.866025403784438));
#4274=DIRECTION('',(-0.866025403784438,0.,-0.5));
#4275=DIRECTION('',(-0.5,0.,0.866025403784438));
#4276=DIRECTION('',(-0.866025403784439,0.,0.5));
#4277=DIRECTION('',(0.5,0.,0.866025403784439));
#4278=DIRECTION('',(0.866025403784439,0.,-0.5));
#4279=DIRECTION('',(-0.5,0.,-0.866025403784439));
#4280=DIRECTION('',(0.866025403784439,0.,-0.5));
#4281=DIRECTION('',(-0.5,0.,-0.866025403784439));
#4282=DIRECTION('',(0.,0.,-1.));
#4283=DIRECTION('',(-1.,0.,0.));
#4284=DIRECTION('',(0.,0.,1.));
#4285=DIRECTION('',(1.,0.,0.));
#4286=DIRECTION('',(0.,0.,1.));
#4287=DIRECTION('',(1.,0.,0.));
#4288=DIRECTION('',(0.5,-1.04108905263127E-15,-0.866025403784439));
#4289=DIRECTION('',(1.04108905263127E-15,1.,-6.01073044787035E-16));
#4290=DIRECTION('',(0.,1.,0.));
#4291=DIRECTION('',(0.866025403784439,0.,0.5));
#4292=DIRECTION('',(0.5,-1.04108905263127E-15,-0.866025403784439));
#4293=DIRECTION('',(-0.866025403784439,6.01073044787035E-16,-0.5));
#4294=DIRECTION('',(-1.04108905263127E-15,-1.,6.01073044787035E-16));
#4295=DIRECTION('',(0.,-1.,1.20214608957407E-15));
#4296=DIRECTION('',(0.5,-1.04108905263127E-15,-0.866025403784439));
#4297=DIRECTION('',(-0.866025403784439,0.,-0.5));
#4298=DIRECTION('',(-0.5,1.04108905263127E-15,0.866025403784439));
#4299=DIRECTION('',(0.866025403784439,-6.01073044787035E-16,0.5));
#4300=DIRECTION('',(-0.5,1.04108905263127E-15,0.866025403784439));
#4301=DIRECTION('',(0.5,-1.04108905263127E-15,-0.866025403784439));
#4302=DIRECTION('',(-0.866025403784439,6.01073044787035E-16,-0.5));
#4303=DIRECTION('',(-0.5,1.04108905263127E-15,0.866025403784439));
#4304=DIRECTION('',(-0.866025403784439,6.01073044787035E-16,-0.5));
#4305=DIRECTION('',(-0.5,1.04108905263127E-15,0.866025403784439));
#4306=DIRECTION('',(-1.04108905263127E-15,-1.,6.01073044787035E-16));
#4307=DIRECTION('',(0.5,-1.04108905263127E-15,-0.866025403784439));
#4308=DIRECTION('',(1.04108905263127E-15,1.,-6.01073044787035E-16));
#4309=DIRECTION('',(0.866025403784439,0.,0.5));
#4310=DIRECTION('',(0.,1.,0.));
#4311=DIRECTION('',(0.5,-1.04108905263127E-15,-0.866025403784439));
#4312=DIRECTION('',(-0.866025403784439,0.,-0.5));
#4313=DIRECTION('',(0.,-1.,1.20214608957407E-15));
#4314=DIRECTION('',(0.,0.,-1.));
#4315=DIRECTION('',(-1.,0.,0.));
#4316=DIRECTION('',(0.,-1.,0.));
#4317=DIRECTION('',(-1.,0.,0.));
#4318=DIRECTION('',(0.,-1.,0.));
#4319=DIRECTION('',(-1.,0.,0.));
#4320=DIRECTION('',(0.,0.,1.));
#4321=DIRECTION('',(1.,0.,0.));
#4322=DIRECTION('',(0.,0.,-1.));
#4323=DIRECTION('',(-1.,0.,0.));
#4324=DIRECTION('',(1.,0.,0.));
#4325=DIRECTION('',(0.,0.,-1.));
#4326=DIRECTION('',(1.,0.,0.));
#4327=DIRECTION('',(0.,1.,0.));
#4328=DIRECTION('',(0.,0.,1.));
#4329=DIRECTION('',(0.,1.,0.));
#4330=DIRECTION('',(1.,0.,0.));
#4331=DIRECTION('',(0.,0.,-1.));
#4332=DIRECTION('',(0.,-1.,1.20214608957407E-15));
#4333=DIRECTION('',(1.,0.,0.));
#4334=DIRECTION('',(0.,1.,0.));
#4335=DIRECTION('',(0.,1.,0.));
#4336=DIRECTION('',(0.,0.,1.));
#4337=DIRECTION('',(0.,-1.,1.20214608957407E-15));
#4338=DIRECTION('',(1.,0.,0.));
#4339=DIRECTION('',(0.,0.,-1.));
#4340=DIRECTION('',(0.,-1.,1.20214608957407E-15));
#4341=DIRECTION('',(0.,1.20214608957407E-15,1.));
#4342=DIRECTION('',(0.,1.,0.));
#4343=DIRECTION('',(0.,0.,1.));
#4344=DIRECTION('',(0.,-1.,1.20214608957407E-15));
#4345=DIRECTION('',(0.,-1.20214608957407E-15,-1.));
#4346=DIRECTION('',(0.,-1.,1.20214608957407E-15));
#4347=DIRECTION('',(0.,-1.20214608957407E-15,-1.));
#4348=DIRECTION('',(-0.5,-1.04108905263127E-15,-0.866025403784439));
#4349=DIRECTION('',(1.04108905263127E-15,1.,-1.80321913436111E-15));
#4350=DIRECTION('',(0.866025403784439,0.,-0.5));
#4351=DIRECTION('',(0.,1.,0.));
#4352=DIRECTION('',(-0.5,-1.04108905263127E-15,-0.866025403784439));
#4353=DIRECTION('',(-0.866025403784439,0.,0.5));
#4354=DIRECTION('',(0.,-1.,1.20214608957407E-15));
#4355=DIRECTION('',(-1.04108905263127E-15,-1.,1.80321913436111E-15));
#4356=DIRECTION('',(-0.5,-1.04108905263127E-15,-0.866025403784439));
#4357=DIRECTION('',(-0.866025403784439,1.80321913436111E-15,0.5));
#4358=DIRECTION('',(-0.866025403784439,1.80321913436111E-15,0.5));
#4359=DIRECTION('',(0.5,1.04108905263127E-15,0.866025403784439));
#4360=DIRECTION('',(-1.04108905263127E-15,-1.,1.80321913436111E-15));
#4361=DIRECTION('',(0.5,1.04108905263127E-15,0.866025403784439));
#4362=DIRECTION('',(-0.5,-1.04108905263127E-15,-0.866025403784439));
#4363=DIRECTION('',(1.04108905263127E-15,1.,-1.80321913436111E-15));
#4364=DIRECTION('',(0.,1.,0.));
#4365=DIRECTION('',(0.866025403784439,0.,-0.5));
#4366=DIRECTION('',(-0.5,-1.04108905263127E-15,-0.866025403784439));
#4367=DIRECTION('',(-0.866025403784439,1.80321913436111E-15,0.5));
#4368=DIRECTION('',(0.,-1.,1.20214608957407E-15));
#4369=DIRECTION('',(-0.5,-1.04108905263127E-15,-0.866025403784439));
#4370=DIRECTION('',(-0.866025403784439,0.,0.5));
#4371=DIRECTION('',(0.5,1.04108905263127E-15,0.866025403784439));
#4372=DIRECTION('',(0.866025403784439,-1.80321913436111E-15,-0.5));
#4373=DIRECTION('',(0.5,1.04108905263127E-15,0.866025403784439));
#4374=DIRECTION('',(-1.,-1.47220436070439E-31,-1.22464679914735E-16));
#4375=DIRECTION('',(1.47220436070439E-31,1.,-2.40429217914814E-15));
#4376=DIRECTION('',(0.,1.,0.));
#4377=DIRECTION('',(1.22464679914735E-16,0.,-1.));
#4378=DIRECTION('',(-1.,-1.47220436070439E-31,-1.22464679914735E-16));
#4379=DIRECTION('',(-1.22464679914735E-16,2.40429217914814E-15,1.));
#4380=DIRECTION('',(-1.47220436070439E-31,-1.,2.40429217914814E-15));
#4381=DIRECTION('',(0.,-1.,1.20214608957407E-15));
#4382=DIRECTION('',(-1.,-1.47220436070439E-31,-1.22464679914735E-16));
#4383=DIRECTION('',(-1.22464679914735E-16,0.,1.));
#4384=DIRECTION('',(1.,1.47220436070439E-31,1.22464679914735E-16));
#4385=DIRECTION('',(1.22464679914735E-16,-2.40429217914814E-15,-1.));
#4386=DIRECTION('',(1.,1.47220436070439E-31,1.22464679914735E-16));
#4387=DIRECTION('',(-1.,-1.47220436070439E-31,-1.22464679914735E-16));
#4388=DIRECTION('',(-1.22464679914735E-16,2.40429217914814E-15,1.));
#4389=DIRECTION('',(1.,1.47220436070439E-31,1.22464679914735E-16));
#4390=DIRECTION('',(-1.22464679914735E-16,2.40429217914814E-15,1.));
#4391=DIRECTION('',(1.,1.47220436070439E-31,1.22464679914735E-16));
#4392=DIRECTION('',(-1.47220436070439E-31,-1.,2.40429217914814E-15));
#4393=DIRECTION('',(-1.,-1.47220436070439E-31,-1.22464679914735E-16));
#4394=DIRECTION('',(1.47220436070439E-31,1.,-2.40429217914814E-15));
#4395=DIRECTION('',(1.22464679914735E-16,0.,-1.));
#4396=DIRECTION('',(0.,1.,0.));
#4397=DIRECTION('',(-1.,-1.47220436070439E-31,-1.22464679914735E-16));
#4398=DIRECTION('',(-1.22464679914735E-16,0.,1.));
#4399=DIRECTION('',(0.,-1.,1.20214608957407E-15));
#4400=DIRECTION('',(0.,-1.,1.20214608957407E-15));
#4401=DIRECTION('',(0.,-1.20214608957407E-15,-1.));
#4402=DIRECTION('',(0.,-1.,1.20214608957407E-15));
#4403=DIRECTION('',(0.,-1.20214608957407E-15,-1.));
#4404=DIRECTION('',(-0.5,1.04108905263127E-15,0.866025403784438));
#4405=DIRECTION('',(-1.04108905263127E-15,1.,-1.80321913436111E-15));
#4406=DIRECTION('',(-0.866025403784438,0.,-0.5));
#4407=DIRECTION('',(0.,1.,0.));
#4408=DIRECTION('',(-0.5,1.04108905263127E-15,0.866025403784438));
#4409=DIRECTION('',(0.866025403784438,0.,0.5));
#4410=DIRECTION('',(0.,-1.,1.20214608957407E-15));
#4411=DIRECTION('',(1.04108905263127E-15,-1.,1.80321913436111E-15));
#4412=DIRECTION('',(-0.5,1.04108905263127E-15,0.866025403784438));
#4413=DIRECTION('',(0.866025403784438,1.80321913436111E-15,0.5));
#4414=DIRECTION('',(0.866025403784438,1.80321913436111E-15,0.5));
#4415=DIRECTION('',(0.5,-1.04108905263127E-15,-0.866025403784438));
#4416=DIRECTION('',(1.04108905263127E-15,-1.,1.80321913436111E-15));
#4417=DIRECTION('',(0.5,-1.04108905263127E-15,-0.866025403784438));
#4418=DIRECTION('',(0.5,-1.04108905263127E-15,-0.866025403784438));
#4419=DIRECTION('',(-0.866025403784438,-1.80321913436111E-15,-0.5));
#4420=DIRECTION('',(-0.5,1.04108905263127E-15,0.866025403784438));
#4421=DIRECTION('',(0.866025403784438,1.80321913436111E-15,0.5));
#4422=DIRECTION('',(-0.5,1.04108905263127E-15,0.866025403784439));
#4423=DIRECTION('',(-0.5,1.04108905263127E-15,0.866025403784438));
#4424=DIRECTION('',(-1.04108905263127E-15,1.,-1.80321913436111E-15));
#4425=DIRECTION('',(-0.5,1.04108905263127E-15,0.866025403784438));
#4426=DIRECTION('',(0.866025403784438,0.,0.5));
#4427=DIRECTION('',(0.,1.,0.));
#4428=DIRECTION('',(0.866025403784439,0.,0.5));
#4429=DIRECTION('',(0.,-1.,1.20214608957407E-15));
#4430=DIRECTION('',(-0.5,-1.04108905263127E-15,-0.866025403784439));
#4431=DIRECTION('',(1.04108905263127E-15,1.,-1.80321913436111E-15));
#4432=DIRECTION('',(0.,1.,0.));
#4433=DIRECTION('',(-0.866025403784439,0.,0.5));
#4434=DIRECTION('',(-0.5,-1.04108905263127E-15,-0.866025403784439));
#4435=DIRECTION('',(-0.866025403784439,1.80321913436111E-15,0.5));
#4436=DIRECTION('',(1.04108905263127E-15,-1.,6.01073044787036E-16));
#4437=DIRECTION('',(0.,-1.,1.20214608957407E-15));
#4438=DIRECTION('',(-0.5,-1.04108905263127E-15,-0.866025403784439));
#4439=DIRECTION('',(-0.866025403784439,0.,0.5));
#4440=DIRECTION('',(0.866025403784439,6.01073044787036E-16,-0.5));
#4441=DIRECTION('',(-0.5,-1.04108905263127E-15,-0.866025403784439));
#4442=DIRECTION('',(-0.5,-1.04108905263127E-15,-0.866025403784439));
#4443=DIRECTION('',(1.04108905263127E-15,-1.,6.01073044787036E-16));
#4444=DIRECTION('',(0.5,1.04108905263127E-15,0.866025403784439));
#4445=DIRECTION('',(-1.04108905263127E-15,1.,-6.01073044787036E-16));
#4446=DIRECTION('',(-0.866025403784439,0.,0.5));
#4447=DIRECTION('',(0.,1.,0.));
#4448=DIRECTION('',(0.5,1.04108905263127E-15,0.866025403784439));
#4449=DIRECTION('',(0.866025403784439,0.,-0.5));
#4450=DIRECTION('',(0.,-1.,1.20214608957407E-15));
#4451=DIRECTION('',(0.5,1.04108905263127E-15,0.866025403784439));
#4452=DIRECTION('',(0.866025403784439,6.01073044787036E-16,-0.5));
#4453=DIRECTION('',(0.5,1.04108905263127E-15,0.866025403784439));
#4454=DIRECTION('',(0.866025403784439,-1.80321913436111E-15,-0.5));
#4455=DIRECTION('',(-0.5,-1.04108905263127E-15,-0.866025403784439));
#4456=DIRECTION('',(0.,-1.,1.20214608957407E-15));
#4457=DIRECTION('',(0.,-1.20214608957407E-15,-1.));
#4458=DIRECTION('',(0.,-1.,1.20214608957407E-15));
#4459=DIRECTION('',(0.,-1.20214608957407E-15,-1.));
#4460=DIRECTION('',(0.,-1.,1.20214608957407E-15));
#4461=DIRECTION('',(0.,-1.20214608957407E-15,-1.));
#4462=DIRECTION('',(0.,-1.,1.20214608957407E-15));
#4463=DIRECTION('',(0.,-1.20214608957407E-15,-1.));
#4464=DIRECTION('',(0.,-1.,1.20214608957407E-15));
#4465=DIRECTION('',(0.,-1.20214608957407E-15,-1.));
#4466=DIRECTION('',(0.,-1.,1.20214608957407E-15));
#4467=DIRECTION('',(0.,-1.20214608957407E-15,-1.));
#4468=DIRECTION('',(0.,-1.,1.20214608957407E-15));
#4469=DIRECTION('',(0.,-1.20214608957407E-15,-1.));
#4470=DIRECTION('',(0.,-1.,1.20214608957407E-15));
#4471=DIRECTION('',(0.,-1.20214608957407E-15,-1.));
#4472=DIRECTION('',(0.,-1.,1.20214608957407E-15));
#4473=DIRECTION('',(0.,1.20214608957407E-15,1.));
#4474=DIRECTION('',(0.,1.,0.));
#4475=DIRECTION('',(0.,0.,1.));
#4476=DIRECTION('',(0.,-1.,1.20214608957407E-15));
#4477=DIRECTION('',(0.,1.20214608957407E-15,1.));
#4478=DIRECTION('',(0.,1.,0.));
#4479=DIRECTION('',(0.,0.,1.));
#4480=DIRECTION('',(0.,-1.,1.20214608957407E-15));
#4481=DIRECTION('',(0.,1.20214608957407E-15,1.));
#4482=DIRECTION('',(0.,1.,0.));
#4483=DIRECTION('',(0.,0.,1.));
#4484=DIRECTION('',(0.,-1.,1.20214608957407E-15));
#4485=DIRECTION('',(0.,1.20214608957407E-15,1.));
#4486=DIRECTION('',(0.,1.,0.));
#4487=DIRECTION('',(0.,0.,1.));
#4488=DIRECTION('',(0.,-1.,1.20214608957407E-15));
#4489=DIRECTION('',(0.,1.20214608957407E-15,1.));
#4490=DIRECTION('',(0.,1.,0.));
#4491=DIRECTION('',(0.,0.,1.));
#4492=DIRECTION('',(0.,-1.,0.));
#4493=DIRECTION('',(1.,0.,0.));
#4494=DIRECTION('',(0.,0.,1.));
#4495=DIRECTION('',(-1.,0.,0.));
#4496=DIRECTION('',(0.,0.,1.));
#4497=DIRECTION('',(0.,-1.,0.));
#4498=DIRECTION('',(0.,0.,-1.));
#4499=DIRECTION('',(-0.866025403784439,0.,0.5));
#4500=DIRECTION('',(-0.5,-1.04108905263127E-15,-0.866025403784439));
#4501=DIRECTION('',(-0.866025403784439,0.,0.5));
#4502=DIRECTION('',(0.,-1.,0.));
#4503=DIRECTION('',(0.,0.,-1.));
#4504=DIRECTION('',(0.866025403784439,0.,0.5));
#4505=DIRECTION('',(-0.5,1.04108905263127E-15,0.866025403784439));
#4506=DIRECTION('',(-0.866025403784438,0.,-0.5));
#4507=DIRECTION('',(0.,-1.,0.));
#4508=DIRECTION('',(0.,0.,-1.));
#4509=DIRECTION('',(1.22464679914735E-16,0.,-1.));
#4510=DIRECTION('',(1.,1.47220436070439E-31,1.22464679914735E-16));
#4511=DIRECTION('',(1.22464679914735E-16,0.,-1.));
#4512=DIRECTION('',(0.,-1.,0.));
#4513=DIRECTION('',(0.,0.,-1.));
#4514=DIRECTION('',(0.866025403784439,0.,-0.5));
#4515=DIRECTION('',(0.5,1.04108905263127E-15,0.866025403784439));
#4516=DIRECTION('',(0.866025403784439,0.,-0.5));
#4517=DIRECTION('',(0.,-1.,0.));
#4518=DIRECTION('',(0.,0.,-1.));
#4519=DIRECTION('',(0.866025403784439,0.,0.5));
#4520=DIRECTION('',(-0.5,1.04108905263127E-15,0.866025403784439));
#4521=DIRECTION('',(0.866025403784439,0.,0.5));
#4522=DIRECTION('',(0.,-1.,0.));
#4523=DIRECTION('',(0.,0.,-1.));
#4524=DIRECTION('',(0.,-1.,0.));
#4525=DIRECTION('',(0.,0.,-1.));
#4526=DIRECTION('',(0.851826232858632,-1.25942706187869E-15,-0.523824463932214));
#4527=DIRECTION('',(1.,1.47220436070439E-31,1.22464679914735E-16));
#4528=DIRECTION('',(-0.851826232858632,-1.25942706187869E-15,-0.523824463932215));
#4529=DIRECTION('',(0.,-1.,0.));
#4530=DIRECTION('',(0.,0.,-1.));
#4531=DIRECTION('',(-0.0277321764597462,-1.83139726218227E-15,-0.999615389231681));
#4532=DIRECTION('',(0.5,-1.04108905263127E-15,-0.866025403784438));
#4533=DIRECTION('',(-0.879558409318379,-5.77433306357632E-17,0.475790925299466));
#4534=DIRECTION('',(0.,-1.,0.));
#4535=DIRECTION('',(0.,0.,-1.));
#4536=DIRECTION('',(-0.879558409318379,-1.20168373124293E-15,-0.475790925299468));
#4537=DIRECTION('',(-0.5,-1.04108905263127E-15,-0.866025403784439));
#4538=DIRECTION('',(-0.0277321764597479,5.71970200303583E-16,0.999615389231681));
#4539=DIRECTION('',(0.,-1.,0.));
#4540=DIRECTION('',(0.,0.,-1.));
#4541=DIRECTION('',(-0.851826232858632,0.,0.523824463932214));
#4542=DIRECTION('',(-1.,0.,0.));
#4543=DIRECTION('',(0.851826232858632,0.,0.523824463932215));
#4544=DIRECTION('',(0.,-1.,0.));
#4545=DIRECTION('',(0.,0.,-1.));
#4546=DIRECTION('',(0.0277321764597466,5.71970200303583E-16,0.999615389231681));
#4547=DIRECTION('',(-0.5,1.04108905263127E-15,0.866025403784439));
#4548=DIRECTION('',(0.879558409318379,-1.20168373124293E-15,-0.475790925299467));
#4549=DIRECTION('',(0.,-1.,0.));
#4550=DIRECTION('',(0.,0.,-1.));
#4551=DIRECTION('',(0.879558409318379,-5.77433306357614E-17,0.475790925299467));
#4552=DIRECTION('',(0.5,1.04108905263127E-15,0.866025403784439));
#4553=DIRECTION('',(0.0277321764597474,-1.83139726218228E-15,-0.999615389231681));
#4554=DIRECTION('',(0.,1.,0.));
#4555=DIRECTION('',(0.,0.,1.));
#4556=DIRECTION('',(0.,-1.,0.));
#4557=DIRECTION('',(0.,0.,-1.));
#4558=DIRECTION('',(0.,1.,0.));
#4559=DIRECTION('',(0.,0.,1.));
#4560=DIRECTION('',(0.,-1.,0.));
#4561=DIRECTION('',(0.,0.,-1.));
#4562=DIRECTION('',(0.,1.,0.));
#4563=DIRECTION('',(0.,0.,1.));
#4564=DIRECTION('',(0.,-1.,0.));
#4565=DIRECTION('',(0.,0.,-1.));
#4566=DIRECTION('',(0.,1.,0.));
#4567=DIRECTION('',(0.,0.,1.));
#4568=DIRECTION('',(0.,-1.,0.));
#4569=DIRECTION('',(0.,0.,-1.));
#4570=DIRECTION('',(0.,1.,0.));
#4571=DIRECTION('',(0.,0.,1.));
#4572=DIRECTION('',(0.,-1.,0.));
#4573=DIRECTION('',(0.,0.,-1.));
#4574=DIRECTION('',(0.,1.,0.));
#4575=DIRECTION('',(0.,0.,1.));
#4576=DIRECTION('',(0.,-1.,0.));
#4577=DIRECTION('',(0.,0.,-1.));
#4578=DIRECTION('',(0.,-1.,0.));
#4579=DIRECTION('',(1.,0.,0.));
#4580=DIRECTION('',(0.,-1.,0.));
#4581=DIRECTION('',(0.,0.,-1.));
#4582=DIRECTION('',(0.0277321764597474,-1.83139726218228E-15,-0.999615389231681));
#4583=DIRECTION('',(0.5,1.04108905263127E-15,0.866025403784439));
#4584=DIRECTION('',(0.879558409318379,-5.77433306357614E-17,0.475790925299467));
#4585=DIRECTION('',(0.,-1.,0.));
#4586=DIRECTION('',(0.,0.,-1.));
#4587=DIRECTION('',(0.879558409318379,-1.20168373124293E-15,-0.475790925299467));
#4588=DIRECTION('',(-0.5,1.04108905263127E-15,0.866025403784439));
#4589=DIRECTION('',(0.0277321764597466,5.71970200303583E-16,0.999615389231681));
#4590=DIRECTION('',(0.,-1.,0.));
#4591=DIRECTION('',(0.,0.,-1.));
#4592=DIRECTION('',(0.851826232858632,0.,0.523824463932215));
#4593=DIRECTION('',(-1.,0.,0.));
#4594=DIRECTION('',(-0.851826232858632,0.,0.523824463932214));
#4595=DIRECTION('',(0.,-1.,0.));
#4596=DIRECTION('',(0.,0.,-1.));
#4597=DIRECTION('',(-0.0277321764597479,5.71970200303583E-16,0.999615389231681));
#4598=DIRECTION('',(-0.5,-1.04108905263127E-15,-0.866025403784439));
#4599=DIRECTION('',(-0.879558409318379,-1.20168373124293E-15,-0.475790925299468));
#4600=DIRECTION('',(0.,-1.,0.));
#4601=DIRECTION('',(0.,0.,-1.));
#4602=DIRECTION('',(-0.879558409318379,-5.77433306357632E-17,0.475790925299466));
#4603=DIRECTION('',(0.5,-1.04108905263127E-15,-0.866025403784438));
#4604=DIRECTION('',(-0.0277321764597462,-1.83139726218227E-15,-0.999615389231681));
#4605=DIRECTION('',(0.,-1.,0.));
#4606=DIRECTION('',(0.,0.,-1.));
#4607=DIRECTION('',(-0.851826232858632,-1.25942706187869E-15,-0.523824463932215));
#4608=DIRECTION('',(1.,1.47220436070439E-31,1.22464679914735E-16));
#4609=DIRECTION('',(0.851826232858632,-1.25942706187869E-15,-0.523824463932214));
#4610=DIRECTION('',(0.,1.,0.));
#4611=DIRECTION('',(0.,0.,1.));
#4612=DIRECTION('',(0.,1.,0.));
#4613=DIRECTION('',(1.04108905263127E-15,1.,-6.01073044787035E-16));
#4614=DIRECTION('',(0.,1.,0.));
#4615=DIRECTION('',(0.,0.,1.));
#4616=DIRECTION('',(0.,1.,0.));
#4617=DIRECTION('',(-1.04108905263127E-15,1.,-6.01073044787036E-16));
#4618=DIRECTION('',(0.,1.,0.));
#4619=DIRECTION('',(0.,0.,1.));
#4620=DIRECTION('',(-1.04108905263127E-15,1.,-6.01073044787036E-16));
#4621=DIRECTION('',(-1.04108905263127E-15,1.,-1.80321913436111E-15));
#4622=DIRECTION('',(0.,1.,0.));
#4623=DIRECTION('',(0.,0.,1.));
#4624=DIRECTION('',(-1.04108905263127E-15,1.,-1.80321913436111E-15));
#4625=DIRECTION('',(1.47220436070439E-31,1.,-2.40429217914814E-15));
#4626=DIRECTION('',(0.,1.,0.));
#4627=DIRECTION('',(0.,0.,1.));
#4628=DIRECTION('',(1.47220436070439E-31,1.,-2.40429217914814E-15));
#4629=DIRECTION('',(1.04108905263127E-15,1.,-1.80321913436111E-15));
#4630=DIRECTION('',(0.,1.,0.));
#4631=DIRECTION('',(0.,0.,1.));
#4632=DIRECTION('',(1.04108905263127E-15,1.,-1.80321913436111E-15));
#4633=DIRECTION('',(1.04108905263127E-15,1.,-6.01073044787035E-16));
#4634=DIRECTION('',(-0.866025403784439,6.01073044787035E-16,-0.5));
#4635=DIRECTION('',(-0.5,1.04108905263127E-15,0.866025403784439));
#4636=DIRECTION('',(1.04108905263127E-15,1.,-6.01073044787035E-16));
#4637=DIRECTION('',(1.04108905263127E-15,1.,-6.01073044787035E-16));
#4638=DIRECTION('',(0.475790925299467,3.33381274864632E-17,0.879558409318379));
#4639=DIRECTION('',(0.879558409318379,-1.20168373124293E-15,-0.475790925299467));
#4640=DIRECTION('',(-0.999615389231681,1.05735770231408E-15,0.0277321764597465));
#4641=DIRECTION('',(0.0277321764597465,5.71970200303583E-16,0.999615389231681));
#4642=DIRECTION('',(-0.866025403784439,1.80321913436111E-15,0.5));
#4643=DIRECTION('',(0.5,1.04108905263127E-15,0.866025403784439));
#4644=DIRECTION('',(1.04108905263127E-15,1.,-1.80321913436111E-15));
#4645=DIRECTION('',(1.04108905263127E-15,1.,-1.80321913436111E-15));
#4646=DIRECTION('',(0.999615389231681,-9.90681447341152E-16,0.0277321764597474));
#4647=DIRECTION('',(0.0277321764597474,-1.83139726218228E-15,-0.999615389231681));
#4648=DIRECTION('',(-0.475790925299467,2.0813772771417E-15,0.879558409318379));
#4649=DIRECTION('',(0.879558409318379,-5.77433306357613E-17,0.475790925299467));
#4650=DIRECTION('',(-1.22464679914735E-16,2.40429217914814E-15,1.));
#4651=DIRECTION('',(1.,1.47220436070439E-31,1.22464679914735E-16));
#4652=DIRECTION('',(1.47220436070439E-31,1.,-2.40429217914814E-15));
#4653=DIRECTION('',(1.47220436070439E-31,1.,-2.40429217914814E-15));
#4654=DIRECTION('',(0.523824463932215,-2.04803914965523E-15,-0.851826232858632));
#4655=DIRECTION('',(-0.851826232858632,-1.25942706187869E-15,-0.523824463932215));
#4656=DIRECTION('',(0.523824463932214,2.04803914965523E-15,0.851826232858632));
#4657=DIRECTION('',(0.851826232858632,-1.25942706187869E-15,-0.523824463932214));
#4658=DIRECTION('',(0.866025403784438,1.80321913436111E-15,0.5));
#4659=DIRECTION('',(0.5,-1.04108905263127E-15,-0.866025403784438));
#4660=DIRECTION('',(-1.04108905263127E-15,1.,-1.80321913436111E-15));
#4661=DIRECTION('',(-1.04108905263127E-15,1.,-1.80321913436111E-15));
#4662=DIRECTION('',(-0.475790925299466,-2.0813772771417E-15,-0.879558409318379));
#4663=DIRECTION('',(-0.879558409318379,-5.77433306357632E-17,0.475790925299466));
#4664=DIRECTION('',(0.999615389231681,9.90681447341154E-16,-0.0277321764597461));
#4665=DIRECTION('',(-0.0277321764597461,-1.83139726218227E-15,-0.999615389231681));
#4666=DIRECTION('',(0.866025403784439,6.01073044787036E-16,-0.5));
#4667=DIRECTION('',(-0.5,-1.04108905263127E-15,-0.866025403784439));
#4668=DIRECTION('',(-1.04108905263127E-15,1.,-6.01073044787036E-16));
#4669=DIRECTION('',(-1.04108905263127E-15,1.,-6.01073044787036E-16));
#4670=DIRECTION('',(-0.999615389231681,-1.05735770231408E-15,-0.0277321764597479));
#4671=DIRECTION('',(-0.0277321764597479,5.71970200303583E-16,0.999615389231681));
#4672=DIRECTION('',(0.475790925299468,-3.33381274864621E-17,-0.879558409318379));
#4673=DIRECTION('',(-0.879558409318379,-1.20168373124293E-15,-0.475790925299468));
#4674=DIRECTION('',(0.,0.,-1.));
#4675=DIRECTION('',(-1.,0.,0.));
#4676=DIRECTION('',(0.,1.,0.));
#4677=DIRECTION('',(0.,1.,0.));
#4678=DIRECTION('',(-0.523824463932215,0.,0.851826232858632));
#4679=DIRECTION('',(0.851826232858632,0.,0.523824463932215));
#4680=DIRECTION('',(-0.523824463932214,0.,-0.851826232858632));
#4681=DIRECTION('',(-0.851826232858632,0.,0.523824463932214));
#4682=DIRECTION('',(-0.5,1.04108905263127E-15,0.866025403784438));
#4683=DIRECTION('',(-1.04108905263127E-15,1.,-1.80321913436111E-15));
#4684=DIRECTION('',(-0.866025403784438,0.,-0.5));
#4685=DIRECTION('',(0.,1.,0.));
#4686=DIRECTION('',(-0.5,1.04108905263127E-15,0.866025403784438));
#4687=DIRECTION('',(0.866025403784438,0.,0.5));
#4688=DIRECTION('',(-0.5,1.04108905263127E-15,0.866025403784438));
#4689=DIRECTION('',(0.866025403784438,1.80321913436111E-15,0.5));
#4690=DIRECTION('',(0.5,-1.04108905263127E-15,-0.866025403784438));
#4691=DIRECTION('',(-0.866025403784438,-1.80321913436111E-15,-0.5));
#4692=DIRECTION('',(-0.5,1.04108905263127E-15,0.866025403784438));
#4693=DIRECTION('',(0.866025403784438,1.80321913436111E-15,0.5));
#4694=DIRECTION('',(-0.5,1.04108905263127E-15,0.866025403784439));
#4695=DIRECTION('',(-0.5,1.04108905263127E-15,0.866025403784438));
#4696=DIRECTION('',(-1.04108905263127E-15,1.,-1.80321913436111E-15));
#4697=DIRECTION('',(-0.5,1.04108905263127E-15,0.866025403784438));
#4698=DIRECTION('',(0.866025403784438,0.,0.5));
#4699=DIRECTION('',(0.,1.,0.));
#4700=DIRECTION('',(0.866025403784439,0.,0.5));
#4701=DIRECTION('',(-1.,-1.47220436070439E-31,-1.22464679914735E-16));
#4702=DIRECTION('',(1.47220436070439E-31,1.,-2.40429217914814E-15));
#4703=DIRECTION('',(0.,1.,0.));
#4704=DIRECTION('',(1.22464679914735E-16,0.,-1.));
#4705=DIRECTION('',(-1.,-1.47220436070439E-31,-1.22464679914735E-16));
#4706=DIRECTION('',(-1.22464679914735E-16,2.40429217914814E-15,1.));
#4707=DIRECTION('',(-1.,-1.47220436070439E-31,-1.22464679914735E-16));
#4708=DIRECTION('',(-1.22464679914735E-16,0.,1.));
#4709=DIRECTION('',(1.,1.47220436070439E-31,1.22464679914735E-16));
#4710=DIRECTION('',(1.22464679914735E-16,-2.40429217914814E-15,-1.));
#4711=DIRECTION('',(1.,1.47220436070439E-31,1.22464679914735E-16));
#4712=DIRECTION('',(-1.,-1.47220436070439E-31,-1.22464679914735E-16));
#4713=DIRECTION('',(-1.22464679914735E-16,2.40429217914814E-15,1.));
#4714=DIRECTION('',(-1.,-1.47220436070439E-31,-1.22464679914735E-16));
#4715=DIRECTION('',(1.47220436070439E-31,1.,-2.40429217914814E-15));
#4716=DIRECTION('',(1.22464679914735E-16,0.,-1.));
#4717=DIRECTION('',(0.,1.,0.));
#4718=DIRECTION('',(-1.,-1.47220436070439E-31,-1.22464679914735E-16));
#4719=DIRECTION('',(-1.22464679914735E-16,0.,1.));
#4720=DIRECTION('',(-0.5,-1.04108905263127E-15,-0.866025403784439));
#4721=DIRECTION('',(1.04108905263127E-15,1.,-1.80321913436111E-15));
#4722=DIRECTION('',(0.866025403784439,0.,-0.5));
#4723=DIRECTION('',(0.,1.,0.));
#4724=DIRECTION('',(-0.5,-1.04108905263127E-15,-0.866025403784439));
#4725=DIRECTION('',(-0.866025403784439,0.,0.5));
#4726=DIRECTION('',(-0.5,-1.04108905263127E-15,-0.866025403784439));
#4727=DIRECTION('',(-0.866025403784439,1.80321913436111E-15,0.5));
#4728=DIRECTION('',(-0.5,-1.04108905263127E-15,-0.866025403784439));
#4729=DIRECTION('',(1.04108905263127E-15,1.,-1.80321913436111E-15));
#4730=DIRECTION('',(0.,1.,0.));
#4731=DIRECTION('',(0.866025403784439,0.,-0.5));
#4732=DIRECTION('',(-0.5,-1.04108905263127E-15,-0.866025403784439));
#4733=DIRECTION('',(-0.866025403784439,1.80321913436111E-15,0.5));
#4734=DIRECTION('',(-0.5,-1.04108905263127E-15,-0.866025403784439));
#4735=DIRECTION('',(-0.866025403784439,0.,0.5));
#4736=DIRECTION('',(0.5,1.04108905263127E-15,0.866025403784439));
#4737=DIRECTION('',(0.866025403784439,-1.80321913436111E-15,-0.5));
#4738=DIRECTION('',(0.5,1.04108905263127E-15,0.866025403784439));
#4739=DIRECTION('',(0.5,-1.04108905263127E-15,-0.866025403784439));
#4740=DIRECTION('',(1.04108905263127E-15,1.,-6.01073044787035E-16));
#4741=DIRECTION('',(0.,1.,0.));
#4742=DIRECTION('',(0.866025403784439,0.,0.5));
#4743=DIRECTION('',(0.5,-1.04108905263127E-15,-0.866025403784439));
#4744=DIRECTION('',(-0.866025403784439,6.01073044787035E-16,-0.5));
#4745=DIRECTION('',(0.5,-1.04108905263127E-15,-0.866025403784439));
#4746=DIRECTION('',(-0.866025403784439,0.,-0.5));
#4747=DIRECTION('',(-0.5,1.04108905263127E-15,0.866025403784439));
#4748=DIRECTION('',(0.866025403784439,-6.01073044787035E-16,0.5));
#4749=DIRECTION('',(-0.5,1.04108905263127E-15,0.866025403784439));
#4750=DIRECTION('',(0.5,-1.04108905263127E-15,-0.866025403784439));
#4751=DIRECTION('',(-0.866025403784439,6.01073044787035E-16,-0.5));
#4752=DIRECTION('',(0.5,-1.04108905263127E-15,-0.866025403784439));
#4753=DIRECTION('',(1.04108905263127E-15,1.,-6.01073044787035E-16));
#4754=DIRECTION('',(0.866025403784439,0.,0.5));
#4755=DIRECTION('',(0.,1.,0.));
#4756=DIRECTION('',(0.5,-1.04108905263127E-15,-0.866025403784439));
#4757=DIRECTION('',(-0.866025403784439,0.,-0.5));
#4758=DIRECTION('',(-1.,0.,0.));
#4759=DIRECTION('',(0.,0.,1.));
#4760=DIRECTION('',(1.,0.,0.));
#4761=DIRECTION('',(0.,0.,-1.));
#4762=DIRECTION('',(-1.,0.,0.));
#4763=DIRECTION('',(1.,0.,0.));
#4764=DIRECTION('',(0.,0.,-1.));
#4765=DIRECTION('',(1.,0.,0.));
#4766=DIRECTION('',(0.,1.,0.));
#4767=DIRECTION('',(0.,0.,1.));
#4768=DIRECTION('',(0.,1.,0.));
#4769=DIRECTION('',(1.,0.,0.));
#4770=DIRECTION('',(0.,0.,-1.));
#4771=DIRECTION('',(1.,0.,0.));
#4772=DIRECTION('',(0.,1.,0.));
#4773=DIRECTION('',(0.,1.,0.));
#4774=DIRECTION('',(0.,0.,1.));
#4775=DIRECTION('',(1.,0.,0.));
#4776=DIRECTION('',(0.,0.,-1.));
#4777=DIRECTION('',(0.,-1.,1.20214608957407E-15));
#4778=DIRECTION('',(0.,1.20214608957407E-15,1.));
#4779=DIRECTION('',(0.,1.,0.));
#4780=DIRECTION('',(0.,0.,1.));
#4781=DIRECTION('',(0.5,1.04108905263127E-15,0.866025403784439));
#4782=DIRECTION('',(-1.04108905263127E-15,1.,-6.01073044787036E-16));
#4783=DIRECTION('',(-0.866025403784439,0.,0.5));
#4784=DIRECTION('',(0.,1.,0.));
#4785=DIRECTION('',(0.5,1.04108905263127E-15,0.866025403784439));
#4786=DIRECTION('',(0.866025403784439,0.,-0.5));
#4787=DIRECTION('',(0.5,1.04108905263127E-15,0.866025403784439));
#4788=DIRECTION('',(0.866025403784439,6.01073044787036E-16,-0.5));
#4789=DIRECTION('',(-0.5,-1.04108905263127E-15,-0.866025403784439));
#4790=DIRECTION('',(1.04108905263127E-15,1.,-1.80321913436111E-15));
#4791=DIRECTION('',(0.,1.,0.));
#4792=DIRECTION('',(-0.866025403784439,0.,0.5));
#4793=DIRECTION('',(-0.5,-1.04108905263127E-15,-0.866025403784439));
#4794=DIRECTION('',(-0.866025403784439,1.80321913436111E-15,0.5));
#4795=DIRECTION('',(-0.5,-1.04108905263127E-15,-0.866025403784439));
#4796=DIRECTION('',(-0.866025403784439,0.,0.5));
#4797=DIRECTION('',(0.5,1.04108905263127E-15,0.866025403784439));
#4798=DIRECTION('',(0.866025403784439,-1.80321913436111E-15,-0.5));
#4799=DIRECTION('',(-0.5,-1.04108905263127E-15,-0.866025403784439));
#4800=DIRECTION('',(0.,-1.,1.20214608957407E-15));
#4801=DIRECTION('',(0.,1.20214608957407E-15,1.));
#4802=DIRECTION('',(0.,1.,0.));
#4803=DIRECTION('',(0.,0.,1.));
#4804=DIRECTION('',(0.,-1.,1.20214608957407E-15));
#4805=DIRECTION('',(0.,1.20214608957407E-15,1.));
#4806=DIRECTION('',(0.,1.,0.));
#4807=DIRECTION('',(0.,0.,1.));
#4808=DIRECTION('',(0.,-1.,1.20214608957407E-15));
#4809=DIRECTION('',(0.,1.20214608957407E-15,1.));
#4810=DIRECTION('',(0.,1.,0.));
#4811=DIRECTION('',(0.,0.,1.));
#4812=DIRECTION('',(0.,-1.,1.20214608957407E-15));
#4813=DIRECTION('',(0.,1.20214608957407E-15,1.));
#4814=DIRECTION('',(0.,1.,0.));
#4815=DIRECTION('',(0.,0.,1.));
#4816=DIRECTION('',(0.,-1.,1.20214608957407E-15));
#4817=DIRECTION('',(0.,1.20214608957407E-15,1.));
#4818=DIRECTION('',(0.,1.,0.));
#4819=DIRECTION('',(0.,0.,1.));
#4820=DIRECTION('',(0.,-1.,0.));
#4821=DIRECTION('',(1.,0.,0.));
#4822=DIRECTION('',(-1.,0.,0.));
#4823=DIRECTION('',(0.,0.,1.));
#4824=DIRECTION('',(0.,-1.,0.));
#4825=DIRECTION('',(0.,0.,-1.));
#4826=DIRECTION('',(-0.866025403784439,0.,0.5));
#4827=DIRECTION('',(-0.5,-1.04108905263127E-15,-0.866025403784439));
#4828=DIRECTION('',(0.205676537465067,-3.74094529221062E-16,-0.978620029396691));
#4829=DIRECTION('',(0.,-1.,0.));
#4830=DIRECTION('',(0.,0.,-1.));
#4831=DIRECTION('',(-0.744671537377276,0.,0.667431121105515));
#4832=DIRECTION('',(0.,-1.,0.));
#4833=DIRECTION('',(1.,0.,0.));
#4834=DIRECTION('',(-0.5,-1.04108905263127E-15,-0.866025403784439));
#4835=DIRECTION('',(-0.866025403784439,0.,0.5));
#4836=DIRECTION('',(0.,-1.,0.));
#4837=DIRECTION('',(0.,0.,-1.));
#4838=DIRECTION('',(0.866025403784439,0.,0.5));
#4839=DIRECTION('',(0.5,-1.04108905263127E-15,-0.866025403784438));
#4840=DIRECTION('',(0.950348074842342,4.28255183075971E-16,-0.311188908291176));
#4841=DIRECTION('',(0.,-1.,0.));
#4842=DIRECTION('',(0.,0.,-1.));
#4843=DIRECTION('',(-0.950348074842342,-1.1764442415181E-15,-0.311188908291178));
#4844=DIRECTION('',(0.,-1.,0.));
#4845=DIRECTION('',(1.,0.,0.));
#4846=DIRECTION('',(0.5,-1.04108905263127E-15,-0.866025403784438));
#4847=DIRECTION('',(-0.866025403784438,0.,-0.5));
#4848=DIRECTION('',(0.,-1.,0.));
#4849=DIRECTION('',(0.,0.,-1.));
#4850=DIRECTION('',(1.22464679914735E-16,0.,-1.));
#4851=DIRECTION('',(1.,1.47220436070439E-31,1.22464679914735E-16));
#4852=DIRECTION('',(0.744671537377276,1.60469942459406E-15,0.667431121105515));
#4853=DIRECTION('',(0.,-1.,0.));
#4854=DIRECTION('',(0.,0.,-1.));
#4855=DIRECTION('',(-0.205676537465066,-1.97879395381513E-15,-0.978620029396692));
#4856=DIRECTION('',(0.,-1.,0.));
#4857=DIRECTION('',(1.,0.,0.));
#4858=DIRECTION('',(1.,1.47220436070439E-31,1.22464679914735E-16));
#4859=DIRECTION('',(1.22464679914735E-16,0.,-1.));
#4860=DIRECTION('',(0.,-1.,0.));
#4861=DIRECTION('',(0.,0.,-1.));
#4862=DIRECTION('',(0.866025403784439,0.,-0.5));
#4863=DIRECTION('',(0.5,1.04108905263127E-15,0.866025403784439));
#4864=DIRECTION('',(-0.205676537465067,1.97879395381513E-15,0.978620029396691));
#4865=DIRECTION('',(0.,-1.,0.));
#4866=DIRECTION('',(0.,0.,-1.));
#4867=DIRECTION('',(0.744671537377276,-1.60469942459406E-15,-0.667431121105515));
#4868=DIRECTION('',(0.,-1.,0.));
#4869=DIRECTION('',(1.,0.,0.));
#4870=DIRECTION('',(0.5,1.04108905263127E-15,0.866025403784439));
#4871=DIRECTION('',(0.866025403784439,0.,-0.5));
#4872=DIRECTION('',(0.,-1.,0.));
#4873=DIRECTION('',(0.,0.,-1.));
#4874=DIRECTION('',(0.866025403784439,0.,0.5));
#4875=DIRECTION('',(-0.5,1.04108905263127E-15,0.866025403784439));
#4876=DIRECTION('',(-0.950348074842342,1.17644424151809E-15,0.311188908291177));
#4877=DIRECTION('',(0.,-1.,0.));
#4878=DIRECTION('',(0.,0.,-1.));
#4879=DIRECTION('',(0.950348074842342,-4.2825518307597E-16,0.311188908291178));
#4880=DIRECTION('',(0.,-1.,0.));
#4881=DIRECTION('',(1.,0.,0.));
#4882=DIRECTION('',(0.,0.,1.));
#4883=DIRECTION('',(-1.,0.,0.));
#4884=DIRECTION('',(-0.744671537377276,0.,-0.667431121105515));
#4885=DIRECTION('',(0.,-1.,0.));
#4886=DIRECTION('',(0.,0.,-1.));
#4887=DIRECTION('',(0.205676537465066,3.74094529221062E-16,0.978620029396692));
#4888=DIRECTION('',(-0.5,1.04108905263127E-15,0.866025403784439));
#4889=DIRECTION('',(0.866025403784439,0.,0.5));
#4890=DIRECTION('',(0.,-1.,0.));
#4891=DIRECTION('',(0.,0.,-1.));
#4892=DIRECTION('',(0.,1.,0.));
#4893=DIRECTION('',(0.,0.,1.));
#4894=DIRECTION('',(0.,-1.,0.));
#4895=DIRECTION('',(0.,0.,-1.));
#4896=DIRECTION('',(0.,1.,0.));
#4897=DIRECTION('',(0.,0.,1.));
#4898=DIRECTION('',(0.,-1.,0.));
#4899=DIRECTION('',(0.,0.,-1.));
#4900=DIRECTION('',(0.,1.,0.));
#4901=DIRECTION('',(0.,0.,1.));
#4902=DIRECTION('',(0.,-1.,0.));
#4903=DIRECTION('',(0.,0.,-1.));
#4904=DIRECTION('',(0.,1.,0.));
#4905=DIRECTION('',(0.,0.,1.));
#4906=DIRECTION('',(0.,-1.,0.));
#4907=DIRECTION('',(0.,0.,-1.));
#4908=DIRECTION('',(0.,1.,0.));
#4909=DIRECTION('',(0.,0.,1.));
#4910=DIRECTION('',(0.,-1.,0.));
#4911=DIRECTION('',(0.,0.,-1.));
#4912=DIRECTION('',(0.,1.,0.));
#4913=DIRECTION('',(0.,0.,1.));
#4914=DIRECTION('',(0.,-1.,0.));
#4915=DIRECTION('',(0.,0.,-1.));
#4916=DIRECTION('',(0.,-1.,0.));
#4917=DIRECTION('',(1.,0.,0.));
#4918=DIRECTION('',(0.,-1.,0.));
#4919=DIRECTION('',(0.,0.,-1.));
#4920=DIRECTION('',(-0.205676537465067,1.97879395381513E-15,0.978620029396691));
#4921=DIRECTION('',(0.5,1.04108905263127E-15,0.866025403784439));
#4922=DIRECTION('',(0.950348074842342,-4.2825518307597E-16,0.311188908291178));
#4923=DIRECTION('',(0.,-1.,0.));
#4924=DIRECTION('',(0.,0.,-1.));
#4925=DIRECTION('',(-0.950348074842342,1.17644424151809E-15,0.311188908291177));
#4926=DIRECTION('',(-0.5,1.04108905263127E-15,0.866025403784439));
#4927=DIRECTION('',(0.205676537465066,3.74094529221062E-16,0.978620029396692));
#4928=DIRECTION('',(0.,-1.,0.));
#4929=DIRECTION('',(0.,0.,-1.));
#4930=DIRECTION('',(-0.744671537377276,0.,-0.667431121105515));
#4931=DIRECTION('',(-1.,0.,0.));
#4932=DIRECTION('',(-0.744671537377276,0.,0.667431121105515));
#4933=DIRECTION('',(0.,-1.,0.));
#4934=DIRECTION('',(0.,0.,-1.));
#4935=DIRECTION('',(0.205676537465067,-3.74094529221062E-16,-0.978620029396691));
#4936=DIRECTION('',(-0.5,-1.04108905263127E-15,-0.866025403784439));
#4937=DIRECTION('',(-0.950348074842342,-1.1764442415181E-15,-0.311188908291178));
#4938=DIRECTION('',(0.,-1.,0.));
#4939=DIRECTION('',(0.,0.,-1.));
#4940=DIRECTION('',(0.950348074842342,4.28255183075971E-16,-0.311188908291176));
#4941=DIRECTION('',(0.5,-1.04108905263127E-15,-0.866025403784438));
#4942=DIRECTION('',(-0.205676537465066,-1.97879395381513E-15,-0.978620029396692));
#4943=DIRECTION('',(0.,-1.,0.));
#4944=DIRECTION('',(0.,0.,-1.));
#4945=DIRECTION('',(0.744671537377276,1.60469942459406E-15,0.667431121105515));
#4946=DIRECTION('',(1.,1.47220436070439E-31,1.22464679914735E-16));
#4947=DIRECTION('',(0.744671537377276,-1.60469942459406E-15,-0.667431121105515));
#4948=DIRECTION('',(-0.866025403784439,6.01073044787035E-16,-0.5));
#4949=DIRECTION('',(-0.5,1.04108905263127E-15,0.866025403784439));
#4950=DIRECTION('',(-0.5,1.04108905263127E-15,0.866025403784439));
#4951=DIRECTION('',(-1.04108905263127E-15,-1.,6.01073044787035E-16));
#4952=DIRECTION('',(1.04108905263127E-15,1.,-6.01073044787035E-16));
#4953=DIRECTION('',(1.04108905263127E-15,1.,-6.01073044787035E-16));
#4954=DIRECTION('',(-1.04108905263127E-15,-1.,6.01073044787035E-16));
#4955=DIRECTION('',(-0.866025403784439,1.80321913436111E-15,0.5));
#4956=DIRECTION('',(0.5,1.04108905263127E-15,0.866025403784439));
#4957=DIRECTION('',(0.5,1.04108905263127E-15,0.866025403784439));
#4958=DIRECTION('',(-1.04108905263127E-15,-1.,1.80321913436111E-15));
#4959=DIRECTION('',(1.04108905263127E-15,1.,-1.80321913436111E-15));
#4960=DIRECTION('',(1.04108905263127E-15,1.,-1.80321913436111E-15));
#4961=DIRECTION('',(-1.04108905263127E-15,-1.,1.80321913436111E-15));
#4962=DIRECTION('',(0.866025403784438,1.80321913436111E-15,0.5));
#4963=DIRECTION('',(0.5,-1.04108905263127E-15,-0.866025403784438));
#4964=DIRECTION('',(-0.5,1.04108905263127E-15,0.866025403784439));
#4965=DIRECTION('',(1.04108905263127E-15,-1.,1.80321913436111E-15));
#4966=DIRECTION('',(-1.04108905263127E-15,1.,-1.80321913436111E-15));
#4967=DIRECTION('',(-1.04108905263127E-15,1.,-1.80321913436111E-15));
#4968=DIRECTION('',(-1.04108905263127E-15,1.,-1.80321913436111E-15));
#4969=DIRECTION('',(0.866025403784439,6.01073044787036E-16,-0.5));
#4970=DIRECTION('',(-0.5,-1.04108905263127E-15,-0.866025403784439));
#4971=DIRECTION('',(-0.5,-1.04108905263127E-15,-0.866025403784439));
#4972=DIRECTION('',(1.04108905263127E-15,-1.,6.01073044787036E-16));
#4973=DIRECTION('',(-1.04108905263127E-15,1.,-6.01073044787036E-16));
#4974=DIRECTION('',(-1.04108905263127E-15,1.,-6.01073044787036E-16));
#4975=DIRECTION('',(1.04108905263127E-15,-1.,6.01073044787036E-16));
#4976=DIRECTION('',(0.,1.,0.));
#4977=DIRECTION('',(0.,0.,1.));
#4978=DIRECTION('',(0.,1.,0.));
#4979=DIRECTION('',(1.04108905263127E-15,1.,-6.01073044787035E-16));
#4980=DIRECTION('',(0.,1.,0.));
#4981=DIRECTION('',(0.,0.,1.));
#4982=DIRECTION('',(0.,1.,0.));
#4983=DIRECTION('',(-1.04108905263127E-15,1.,-6.01073044787036E-16));
#4984=DIRECTION('',(0.,1.,0.));
#4985=DIRECTION('',(0.,0.,1.));
#4986=DIRECTION('',(-1.04108905263127E-15,1.,-6.01073044787036E-16));
#4987=DIRECTION('',(-1.04108905263127E-15,1.,-1.80321913436111E-15));
#4988=DIRECTION('',(0.,1.,0.));
#4989=DIRECTION('',(0.,0.,1.));
#4990=DIRECTION('',(-1.04108905263127E-15,1.,-1.80321913436111E-15));
#4991=DIRECTION('',(1.47220436070439E-31,1.,-2.40429217914814E-15));
#4992=DIRECTION('',(0.,1.,0.));
#4993=DIRECTION('',(0.,0.,1.));
#4994=DIRECTION('',(1.47220436070439E-31,1.,-2.40429217914814E-15));
#4995=DIRECTION('',(1.04108905263127E-15,1.,-1.80321913436111E-15));
#4996=DIRECTION('',(0.,1.,0.));
#4997=DIRECTION('',(0.,0.,1.));
#4998=DIRECTION('',(1.04108905263127E-15,1.,-1.80321913436111E-15));
#4999=DIRECTION('',(1.04108905263127E-15,1.,-6.01073044787035E-16));
#5000=DIRECTION('',(-0.311188908291177,-2.47253245230764E-16,-0.950348074842342));
#5001=DIRECTION('',(-0.950348074842342,1.17644424151809E-15,0.311188908291177));
#5002=DIRECTION('',(-0.978620029396692,1.14245722190597E-15,0.205676537465066));
#5003=DIRECTION('',(0.205676537465066,3.74094529221062E-16,0.978620029396692));
#5004=DIRECTION('',(-0.978620029396691,6.47950731444439E-16,-0.205676537465067));
#5005=DIRECTION('',(-0.205676537465067,1.97879395381513E-15,0.978620029396691));
#5006=DIRECTION('',(-0.311188908291178,2.03766119858117E-15,0.950348074842342));
#5007=DIRECTION('',(0.950348074842342,-4.2825518307597E-16,0.311188908291178));
#5008=DIRECTION('',(-0.667431121105515,1.7904079533504E-15,0.744671537377276));
#5009=DIRECTION('',(0.744671537377276,1.60469942459406E-15,0.667431121105515));
#5010=DIRECTION('',(1.47220436070439E-31,1.,-2.40429217914814E-15));
#5011=DIRECTION('',(0.667431121105515,1.7904079533504E-15,0.744671537377276));
#5012=DIRECTION('',(0.744671537377276,-1.60469942459406E-15,-0.667431121105515));
#5013=DIRECTION('',(1.47220436070439E-31,1.,-2.40429217914814E-15));
#5014=DIRECTION('',(-1.22464679914735E-16,2.40429217914814E-15,1.));
#5015=DIRECTION('',(1.,1.47220436070439E-31,1.22464679914735E-16));
#5016=DIRECTION('',(-1.47220436070439E-31,-1.,2.40429217914814E-15));
#5017=DIRECTION('',(1.,1.47220436070439E-31,1.22464679914735E-16));
#5018=DIRECTION('',(-1.47220436070439E-31,-1.,2.40429217914814E-15));
#5019=DIRECTION('',(0.311188908291176,2.03766119858117E-15,0.950348074842342));
#5020=DIRECTION('',(0.950348074842342,4.28255183075971E-16,-0.311188908291176));
#5021=DIRECTION('',(0.978620029396692,6.47950731444441E-16,-0.205676537465066));
#5022=DIRECTION('',(-0.205676537465066,-1.97879395381513E-15,-0.978620029396692));
#5023=DIRECTION('',(0.978620029396691,1.14245722190597E-15,0.205676537465067));
#5024=DIRECTION('',(0.205676537465067,-3.74094529221062E-16,-0.978620029396691));
#5025=DIRECTION('',(0.311188908291178,-2.47253245230763E-16,-0.950348074842342));
#5026=DIRECTION('',(-0.950348074842342,-1.1764442415181E-15,-0.311188908291178));
#5027=DIRECTION('',(0.667431121105515,0.,-0.744671537377276));
#5028=DIRECTION('',(-0.744671537377276,0.,-0.667431121105515));
#5029=DIRECTION('',(0.,1.,0.));
#5030=DIRECTION('',(-0.667431121105515,0.,-0.744671537377276));
#5031=DIRECTION('',(-0.744671537377276,0.,0.667431121105515));
#5032=DIRECTION('',(0.,1.,0.));
#5033=DIRECTION('',(0.,0.,-1.));
#5034=DIRECTION('',(-1.,0.,0.));
#5035=DIRECTION('',(0.,-1.,0.));
#5036=DIRECTION('',(-1.,0.,0.));
#5037=DIRECTION('',(0.,-1.,0.));
#5038=DIRECTION('',(0.5,-1.04108905263127E-15,-0.866025403784439));
#5039=DIRECTION('',(1.04108905263127E-15,1.,-6.01073044787035E-16));
#5040=DIRECTION('',(0.5,-1.04108905263127E-15,-0.866025403784439));
#5041=DIRECTION('',(-0.866025403784439,0.,-0.5));
#5042=DIRECTION('',(0.,1.,-1.20214608957407E-15));
#5043=DIRECTION('',(0.5,-1.04108905263127E-15,-0.866025403784439));
#5044=DIRECTION('',(-0.866025403784439,6.01073044787035E-16,-0.5));
#5045=DIRECTION('',(-0.5,1.04108905263127E-15,0.866025403784439));
#5046=DIRECTION('',(0.866025403784439,-6.01073044787035E-16,0.5));
#5047=DIRECTION('',(-1.92296268638356E-16,1.20214608957407E-15,1.));
#5048=DIRECTION('',(-1.,-1.97215226305253E-31,-1.11022302462516E-16));
#5049=DIRECTION('',(-0.866025403784439,6.01073044787035E-16,0.5));
#5050=DIRECTION('',(-0.5,-1.04108905263127E-15,-0.866025403784439));
#5051=DIRECTION('',(0.5,-1.04108905263127E-15,-0.866025403784439));
#5052=DIRECTION('',(-0.866025403784439,6.01073044787035E-16,-0.5));
#5053=DIRECTION('',(0.5,-1.04108905263127E-15,-0.866025403784439));
#5054=DIRECTION('',(1.04108905263127E-15,1.,-6.01073044787035E-16));
#5055=DIRECTION('',(0.,1.,-1.20214608957407E-15));
#5056=DIRECTION('',(0.5,-1.04108905263127E-15,-0.866025403784439));
#5057=DIRECTION('',(-0.866025403784439,0.,-0.5));
#5058=DIRECTION('',(-0.5,-1.04108905263127E-15,-0.866025403784439));
#5059=DIRECTION('',(1.04108905263127E-15,1.,-1.80321913436111E-15));
#5060=DIRECTION('',(-0.5,-1.04108905263127E-15,-0.866025403784439));
#5061=DIRECTION('',(-0.866025403784439,1.80321913436111E-15,0.5));
#5062=DIRECTION('',(-0.5,-1.04108905263127E-15,-0.866025403784439));
#5063=DIRECTION('',(-0.866025403784439,0.,0.5));
#5064=DIRECTION('',(-1.,-1.47220436070439E-31,-1.22464679914735E-16));
#5065=DIRECTION('',(1.47220436070439E-31,1.,-2.40429217914814E-15));
#5066=DIRECTION('',(-1.,-1.47220436070439E-31,-1.22464679914735E-16));
#5067=DIRECTION('',(-1.22464679914735E-16,0.,1.));
#5068=DIRECTION('',(-2.52825014247794E-47,1.,-1.20214608957407E-15));
#5069=DIRECTION('',(-1.,-1.47220436070439E-31,-1.22464679914735E-16));
#5070=DIRECTION('',(-1.22464679914735E-16,2.40429217914814E-15,1.));
#5071=DIRECTION('',(1.,1.47220436070439E-31,1.22464679914735E-16));
#5072=DIRECTION('',(1.22464679914735E-16,-2.40429217914814E-15,-1.));
#5073=DIRECTION('',(0.866025403784439,-6.01073044787035E-16,-0.5));
#5074=DIRECTION('',(0.5,1.04108905263127E-15,0.866025403784439));
#5075=DIRECTION('',(0.866025403784439,6.01073044787035E-16,0.5));
#5076=DIRECTION('',(-0.5,1.04108905263127E-15,0.866025403784439));
#5077=DIRECTION('',(-1.,-1.47220436070439E-31,-1.22464679914735E-16));
#5078=DIRECTION('',(-1.22464679914735E-16,2.40429217914814E-15,1.));
#5079=DIRECTION('',(-1.,-1.47220436070439E-31,-1.22464679914735E-16));
#5080=DIRECTION('',(1.47220436070439E-31,1.,-2.40429217914814E-15));
#5081=DIRECTION('',(0.,1.,-1.20214608957407E-15));
#5082=DIRECTION('',(-1.,-1.47220436070439E-31,-1.22464679914735E-16));
#5083=DIRECTION('',(-1.22464679914735E-16,0.,1.));
#5084=DIRECTION('',(-0.5,1.04108905263127E-15,0.866025403784438));
#5085=DIRECTION('',(-1.04108905263127E-15,1.,-1.80321913436111E-15));
#5086=DIRECTION('',(-0.5,1.04108905263127E-15,0.866025403784438));
#5087=DIRECTION('',(0.866025403784438,1.80321913436111E-15,0.5));
#5088=DIRECTION('',(-0.5,1.04108905263127E-15,0.866025403784438));
#5089=DIRECTION('',(0.866025403784438,0.,0.5));
#5090=DIRECTION('',(0.5,-1.04108905263127E-15,-0.866025403784438));
#5091=DIRECTION('',(-0.866025403784438,-1.80321913436111E-15,-0.5));
#5092=DIRECTION('',(-0.5,1.04108905263127E-15,0.866025403784438));
#5093=DIRECTION('',(0.866025403784438,1.80321913436111E-15,0.5));
#5094=DIRECTION('',(6.40987562127855E-16,-1.20214608957407E-15,-1.));
#5095=DIRECTION('',(1.,9.86076131526265E-31,6.66133814775094E-16));
#5096=DIRECTION('',(0.5,1.04108905263127E-15,0.866025403784439));
#5097=DIRECTION('',(-1.04108905263127E-15,1.,-6.01073044787036E-16));
#5098=DIRECTION('',(0.5,1.04108905263127E-15,0.866025403784439));
#5099=DIRECTION('',(0.866025403784439,6.01073044787036E-16,-0.5));
#5100=DIRECTION('',(-1.13862263995631E-31,1.,-1.20214608957407E-15));
#5101=DIRECTION('',(0.5,1.04108905263127E-15,0.866025403784439));
#5102=DIRECTION('',(0.866025403784439,0.,-0.5));
#5103=DIRECTION('',(-0.5,1.04108905263127E-15,0.866025403784438));
#5104=DIRECTION('',(-1.04108905263127E-15,1.,-1.80321913436111E-15));
#5105=DIRECTION('',(-0.5,1.04108905263127E-15,0.866025403784438));
#5106=DIRECTION('',(0.866025403784438,0.,0.5));
#5107=DIRECTION('',(-0.5,-1.04108905263127E-15,-0.866025403784439));
#5108=DIRECTION('',(1.04108905263127E-15,1.,-1.80321913436111E-15));
#5109=DIRECTION('',(-0.5,-1.04108905263127E-15,-0.866025403784439));
#5110=DIRECTION('',(-0.866025403784439,0.,0.5));
#5111=DIRECTION('',(0.,1.,-1.20214608957407E-15));
#5112=DIRECTION('',(-0.5,-1.04108905263127E-15,-0.866025403784439));
#5113=DIRECTION('',(-0.866025403784439,1.80321913436111E-15,0.5));
#5114=DIRECTION('',(0.5,1.04108905263127E-15,0.866025403784439));
#5115=DIRECTION('',(0.866025403784439,-1.80321913436111E-15,-0.5));
#5116=DIRECTION('',(-0.866025403784439,-6.01073044787035E-16,-0.5));
#5117=DIRECTION('',(-0.5,1.04108905263127E-15,0.866025403784439));
#5118=DIRECTION('',(-0.5,-1.04108905263127E-15,-0.866025403784439));
#5119=DIRECTION('',(1.04108905263127E-15,1.,-1.80321913436111E-15));
#5120=DIRECTION('',(-0.5,-1.04108905263127E-15,-0.866025403784439));
#5121=DIRECTION('',(-0.866025403784439,0.,0.5));
#5122=DIRECTION('',(-0.5,-1.04108905263127E-15,-0.866025403784439));
#5123=DIRECTION('',(-0.866025403784439,1.80321913436111E-15,0.5));
#5124=DIRECTION('',(0.5,1.04108905263127E-15,0.866025403784439));
#5125=DIRECTION('',(0.866025403784439,-1.80321913436111E-15,-0.5));
#5126=DIRECTION('',(-1.,0.,0.));
#5127=DIRECTION('',(0.,0.,1.));
#5128=DIRECTION('',(1.,0.,0.));
#5129=DIRECTION('',(0.,0.,-1.));
#5130=DIRECTION('',(1.,0.,0.));
#5131=DIRECTION('',(0.,0.,-1.));
#5132=DIRECTION('',(1.,0.,0.));
#5133=DIRECTION('',(0.,1.,0.));
#5134=DIRECTION('',(1.,0.,0.));
#5135=DIRECTION('',(0.,0.,-1.));
#5136=DIRECTION('',(1.,0.,0.));
#5137=DIRECTION('',(0.,1.,0.));
#5138=DIRECTION('',(1.,0.,0.));
#5139=DIRECTION('',(0.,0.,-1.));
#5140=DIRECTION('',(0.,-1.,1.20214608957407E-15));
#5141=DIRECTION('',(0.,1.20214608957407E-15,1.));
#5142=DIRECTION('',(0.,-1.,1.20214608957407E-15));
#5143=DIRECTION('',(0.,1.20214608957407E-15,1.));
#5144=DIRECTION('',(0.,-1.,1.20214608957407E-15));
#5145=DIRECTION('',(0.,1.20214608957407E-15,1.));
#5146=DIRECTION('',(0.,-1.,1.20214608957407E-15));
#5147=DIRECTION('',(0.,1.20214608957407E-15,1.));
#5148=DIRECTION('',(0.,-1.,1.20214608957407E-15));
#5149=DIRECTION('',(0.,1.20214608957407E-15,1.));
#5150=DIRECTION('',(0.,-1.,1.20214608957407E-15));
#5151=DIRECTION('',(0.,1.20214608957407E-15,1.));
#5152=CARTESIAN_POINT('',(0.,0.,0.));
#5153=CARTESIAN_POINT('',(0.,0.02,0.0668));
#5154=CARTESIAN_POINT('',(0.,0.02,-1.34828907839305E-16));
#5155=CARTESIAN_POINT('',(0.,0.0200000000000001,0.0634999999999999));
#5156=CARTESIAN_POINT('',(0.,0.02,-1.34828907839305E-16));
#5157=CARTESIAN_POINT('',(0.,0.0199999999999999,-0.0675000000000001));
#5158=CARTESIAN_POINT('',(0.,-0.0645,-3.32475632702958E-17));
#5159=CARTESIAN_POINT('',(0.,-8.32667268468867E-17,-1.10785986047823E-16));
#5160=CARTESIAN_POINT('',(0.,-1.64411587893136E-16,-0.0675000000000001));
#5161=CARTESIAN_POINT('',(0.,9.81648805512689E-22,9.0064670262739E-18));
#5162=CARTESIAN_POINT('',(0.,-0.0645,-3.32475632702958E-17));
#5163=CARTESIAN_POINT('',(0.0557997642678113,0.0303525481503217,-0.0303173378338853));
#5164=CARTESIAN_POINT('',(0.0561188580798754,0.0320004221020445,-0.0297124195006375));
#5165=CARTESIAN_POINT('',(0.0557999995691,0.0336457634415003,-0.0303168623488475));
#5166=CARTESIAN_POINT('',(0.055000977057316,0.0343268806648083,-0.0317528566522682));
#5167=CARTESIAN_POINT('',(0.0541551268332838,0.0336467121116998,-0.0331658985254556));
#5168=CARTESIAN_POINT('',(0.0537915328169647,0.0320003120464733,-0.0337435054226465));
#5169=CARTESIAN_POINT('',(0.0541539384750413,0.0303565129209667,-0.033167797470091));
#5170=CARTESIAN_POINT('',(0.0549988967827851,0.0296727363518823,-0.0317564825711193));
#5171=CARTESIAN_POINT('',(0.0557997642678113,0.0303525481503217,-0.0303173378338853));
#5172=CARTESIAN_POINT('',(0.0561188580798754,0.0320004221020445,-0.0297124195006375));
#5173=CARTESIAN_POINT('',(0.0557999995691,0.0336457634415003,-0.0303168623488475));
#5174=CARTESIAN_POINT('',(0.0560125326927355,0.032,-0.0299139796975471));
#5175=CARTESIAN_POINT('',(0.,0.04,-1.58871829630786E-16));
#5176=CARTESIAN_POINT('',(0.,0.0399999999999999,-0.0635000000000002));
#5177=CARTESIAN_POINT('',(-0.0541554668731654,0.0303525481503217,-0.0331653444641651));
#5178=CARTESIAN_POINT('',(-0.0537911391353899,0.0320004221020445,-0.033744146978227));
#5179=CARTESIAN_POINT('',(-0.054155172741688,0.0336457634415003,-0.0331657859835775));
#5180=CARTESIAN_POINT('',(-0.0549992690322479,0.0343268806648083,-0.0317558150384666));
#5181=CARTESIAN_POINT('',(-0.0558000740790234,0.0336467121116998,-0.0303167663200643));
#5182=CARTESIAN_POINT('',(-0.0561184993172321,0.0320003120464733,-0.0297130812166724));
#5183=CARTESIAN_POINT('',(-0.0558011244341967,0.0303565129209667,-0.0303147876993197));
#5184=CARTESIAN_POINT('',(-0.0550013690328197,0.0296727363518822,-0.0317522005084505));
#5185=CARTESIAN_POINT('',(-0.0541554668731654,0.0303525481503217,-0.0331653444641651));
#5186=CARTESIAN_POINT('',(-0.0537911391353899,0.0320004221020445,-0.033744146978227));
#5187=CARTESIAN_POINT('',(-0.054155172741688,0.0336457634415003,-0.0331657859835775));
#5188=CARTESIAN_POINT('',(-0.0539125326927355,0.032,-0.0335512863934418));
#5189=CARTESIAN_POINT('',(-0.0016442973946459,0.0303525481503217,0.0634826822980502));
#5190=CARTESIAN_POINT('',(-0.00232771894448551,0.0320004221020445,0.0634565664788643));
#5191=CARTESIAN_POINT('',(-0.00164482682741206,0.0336457634415003,0.0634826483324249));
#5192=CARTESIAN_POINT('',(-1.70802506802257E-6,0.0343268806648083,0.0635086716907345));
#5193=CARTESIAN_POINT('',(0.00164494724573953,0.0336467121116998,0.0634826648455197));
#5194=CARTESIAN_POINT('',(0.00232696650026748,0.0320003120464733,0.0634565866393187));
#5195=CARTESIAN_POINT('',(0.00164718595915543,0.0303565129209668,0.0634825851694106));
#5196=CARTESIAN_POINT('',(2.47225003453198E-6,0.0296727363518822,0.0635086830795696));
#5197=CARTESIAN_POINT('',(-0.0016442973946459,0.0303525481503217,0.0634826822980502));
#5198=CARTESIAN_POINT('',(-0.00232771894448551,0.0320004221020445,0.0634565664788643));
#5199=CARTESIAN_POINT('',(-0.00164482682741206,0.0336457634415003,0.0634826483324249));
#5200=CARTESIAN_POINT('',(-0.0021,0.032,0.0634652660909887));
#5201=CARTESIAN_POINT('',(0.,-0.0645,-3.32475632702958E-17));
#5202=CARTESIAN_POINT('',(0.00799034601081884,-0.0645,0.0589610411257078));
#5203=CARTESIAN_POINT('',(0.00799034601081876,0.04,0.0589610411257077));
#5204=CARTESIAN_POINT('',(0.00799034601081884,0.0149999999999999,0.0589610411257077));
#5205=CARTESIAN_POINT('',(0.,0.04,-1.58871829630786E-16));
#5206=CARTESIAN_POINT('',(0.0550569324538515,0.04,-0.0225606779324572));
#5207=CARTESIAN_POINT('',(0.0550569324538515,-0.0645,-0.022560677932457));
#5208=CARTESIAN_POINT('',(0.0550569324538515,0.0149999999999999,-0.0225606779324571));
#5209=CARTESIAN_POINT('',(0.,0.015,-1.28818177391434E-16));
#5210=CARTESIAN_POINT('',(0.052612847811304,0.0149999999999999,0.0277873756440686));
#5211=CARTESIAN_POINT('',(0.052612847811304,-0.0645,0.0277873756440687));
#5212=CARTESIAN_POINT('',(0.0526128478113039,0.03,0.0277873756440687));
#5213=CARTESIAN_POINT('',(0.,0.03,-1.46850368735045E-16));
#5214=CARTESIAN_POINT('',(0.0503709971179165,0.03,0.0316703749479993));
#5215=CARTESIAN_POINT('',(0.0503709971179164,-0.0645,0.0316703749479995));
#5216=CARTESIAN_POINT('',(0.0503709971179164,0.0149999999999999,0.0316703749479994));
#5217=CARTESIAN_POINT('',(0.,0.015,-1.28818177391434E-16));
#5218=CARTESIAN_POINT('',(0.,-0.0645,-3.32475632702958E-17));
#5219=CARTESIAN_POINT('',(0.0470665864430326,-0.0645,-0.0364003631932507));
#5220=CARTESIAN_POINT('',(0.0470665864430326,0.04,-0.0364003631932508));
#5221=CARTESIAN_POINT('',(0.0470665864430326,0.0149999999999999,-0.0364003631932509));
#5222=CARTESIAN_POINT('',(0.,0.04,-1.58871829630786E-16));
#5223=CARTESIAN_POINT('',(-0.0470665864430326,0.04,-0.0364003631932509));
#5224=CARTESIAN_POINT('',(-0.0470665864430326,-0.0645,-0.0364003631932507));
#5225=CARTESIAN_POINT('',(-0.0470665864430326,0.0149999999999999,-0.0364003631932509));
#5226=CARTESIAN_POINT('',(0.,0.015,-1.28818177391434E-16));
#5227=CARTESIAN_POINT('',(-0.00224185069338772,0.0149999999999999,-0.0594577505920682));
#5228=CARTESIAN_POINT('',(-0.00224185069338772,-0.0645,-0.0594577505920681));
#5229=CARTESIAN_POINT('',(-0.00224185069338761,0.03,-0.0594577505920682));
#5230=CARTESIAN_POINT('',(0.,0.03,-1.46850368735045E-16));
#5231=CARTESIAN_POINT('',(0.00224185069338762,0.03,-0.0594577505920683));
#5232=CARTESIAN_POINT('',(0.00224185069338772,-0.0645,-0.0594577505920681));
#5233=CARTESIAN_POINT('',(0.00224185069338772,0.0149999999999999,-0.0594577505920682));
#5234=CARTESIAN_POINT('',(0.,0.015,-1.28818177391434E-16));
#5235=CARTESIAN_POINT('',(0.,0.005,0.0638));
#5236=CARTESIAN_POINT('',(0.,0.00499999999999992,-1.16796716495694E-16));
#5237=CARTESIAN_POINT('',(0.0564795378279434,0.005,0.0343405271762376));
#5238=CARTESIAN_POINT('',(0.0015,0.005,0.066082978141122));
#5239=CARTESIAN_POINT('',(0.0015,0.00499999999999993,-2.25402391795137E-17));
#5240=CARTESIAN_POINT('',(0.0015,0.005,0.0615));
#5241=CARTESIAN_POINT('',(0.0015,0.005,0.0615));
#5242=CARTESIAN_POINT('',(-0.0015,0.005,0.0615));
#5243=CARTESIAN_POINT('',(-0.0015,0.00499999999999993,-2.25402391795137E-17));
#5244=CARTESIAN_POINT('',(-0.0015,0.005,0.066082978141122));
#5245=CARTESIAN_POINT('',(0.,0.00499999999999992,-1.16796716495694E-16));
#5246=CARTESIAN_POINT('',(-0.0564795378279434,0.005,0.0343405271762376));
#5247=CARTESIAN_POINT('',(-0.0268762103807236,0.005,0.0172490381056766));
#5248=CARTESIAN_POINT('',(-0.052510562332743,0.005,0.0320490381056766));
#5249=CARTESIAN_POINT('',(-0.0256343519520195,0.005,0.0786));
#5250=CARTESIAN_POINT('',(-0.054010562332743,0.005,0.0294509618943233));
#5251=CARTESIAN_POINT('',(-0.0283762103807236,0.00499999999999994,0.0146509618943233));
#5252=CARTESIAN_POINT('',(-0.0579795378279434,0.005,0.0317424509648843));
#5253=CARTESIAN_POINT('',(0.,0.00499999999999992,-1.16796716495694E-16));
#5254=CARTESIAN_POINT('',(-0.0579795378279435,0.00499999999999988,-0.0317424509648844));
#5255=CARTESIAN_POINT('',(0.0268762103807236,0.005,0.0172490381056766));
#5256=CARTESIAN_POINT('',(-0.054010562332743,0.00499999999999989,-0.0294509618943234));
#5257=CARTESIAN_POINT('',(-0.054010562332743,0.00499999999999989,-0.0294509618943234));
#5258=CARTESIAN_POINT('',(-0.052510562332743,0.00499999999999989,-0.0320490381056767));
#5259=CARTESIAN_POINT('',(0.000750000000000015,0.00499999999999992,-0.00129903810567665));
#5260=CARTESIAN_POINT('',(-0.0564795378279435,0.00499999999999988,-0.0343405271762377));
#5261=CARTESIAN_POINT('',(0.,0.00499999999999992,-1.16796716495694E-16));
#5262=CARTESIAN_POINT('',(-0.0015,0.00499999999999984,-0.0660829781411222));
#5263=CARTESIAN_POINT('',(-0.0015,0.005,0.0638));
#5264=CARTESIAN_POINT('',(-0.0015,0.00499999999999988,-0.0615));
#5265=CARTESIAN_POINT('',(1.53448243933163E-17,0.00499999999999985,-0.0615));
#5266=CARTESIAN_POINT('',(0.0015,0.00499999999999988,-0.0615));
#5267=CARTESIAN_POINT('',(0.0015,0.005,0.0638));
#5268=CARTESIAN_POINT('',(0.0015,0.00499999999999984,-0.0660829781411222));
#5269=CARTESIAN_POINT('',(0.,0.00499999999999992,-1.16796716495694E-16));
#5270=CARTESIAN_POINT('',(0.0564795378279435,0.00499999999999988,-0.0343405271762377));
#5271=CARTESIAN_POINT('',(-0.000750000000000014,0.00499999999999992,-0.00129903810567666));
#5272=CARTESIAN_POINT('',(0.052510562332743,0.00499999999999989,-0.0320490381056767));
#5273=CARTESIAN_POINT('',(0.052510562332743,0.00499999999999989,-0.0320490381056766));
#5274=CARTESIAN_POINT('',(0.054010562332743,0.00499999999999989,-0.0294509618943234));
#5275=CARTESIAN_POINT('',(0.000749999999999985,0.00499999999999992,0.00129903810567666));
#5276=CARTESIAN_POINT('',(0.0579795378279435,0.00499999999999988,-0.0317424509648844));
#5277=CARTESIAN_POINT('',(0.,0.00499999999999992,-1.16796716495694E-16));
#5278=CARTESIAN_POINT('',(0.0579795378279434,0.005,0.0317424509648843));
#5279=CARTESIAN_POINT('',(0.0283762103807236,0.00499999999999994,0.0146509618943233));
#5280=CARTESIAN_POINT('',(0.054010562332743,0.005,0.0294509618943234));
#5281=CARTESIAN_POINT('',(0.0256343519520194,0.005,0.0786));
#5282=CARTESIAN_POINT('',(0.052510562332743,0.005,0.0320490381056766));
#5283=CARTESIAN_POINT('',(0.0268762103807236,0.005,0.0172490381056766));
#5284=CARTESIAN_POINT('',(0.,0.00499999999999994,-1.16796716495694E-16));
#5285=CARTESIAN_POINT('',(-0.00950414399952045,0.005,0.0607611820724085));
#5286=CARTESIAN_POINT('',(-0.0510673436981365,0.005,0.0342691757650575));
#5287=CARTESIAN_POINT('',(-0.0075,0.005,0.058377943553433));
#5288=CARTESIAN_POINT('',(-0.004,0.005,0.0542158998986806));
#5289=CARTESIAN_POINT('',(8.67361737988404E-19,0.005,0.0542158998986806));
#5290=CARTESIAN_POINT('',(0.004,0.005,0.0542158998986806));
#5291=CARTESIAN_POINT('',(0.0075,0.005,0.058377943553433));
#5292=CARTESIAN_POINT('',(0.00950414399952047,0.005,0.0607611820724085));
#5293=CARTESIAN_POINT('',(0.,0.00499999999999994,-1.16796716495694E-16));
#5294=CARTESIAN_POINT('',(0.0510673436981365,0.005,0.0342691757650575));
#5295=CARTESIAN_POINT('',(0.0510145244277826,0.005,0.034072051564478));
#5296=CARTESIAN_POINT('',(0.0502824736202137,0.005,0.0313400007569092));
#5297=CARTESIAN_POINT('',(0.0512824736202137,0.005,0.0296079499493403));
#5298=CARTESIAN_POINT('',(0.0522824736202137,0.005,0.0278758991417714));
#5299=CARTESIAN_POINT('',(0.0550145244277826,0.005,0.0271438483342025));
#5300=CARTESIAN_POINT('',(0.0552116486283621,0.005,0.0270910290638486));
#5301=CARTESIAN_POINT('',(0.,0.00499999999999994,-1.16796716495694E-16));
#5302=CARTESIAN_POINT('',(0.0573727992384378,0.0049999999999999,-0.022149760891394));
#5303=CARTESIAN_POINT('',(0.054306782137967,0.0049999999999999,-0.0226937812483332));
#5304=CARTESIAN_POINT('',(0.0489523466012916,0.00499999999999991,-0.0236438483342025));
#5305=CARTESIAN_POINT('',(0.0469523466012915,0.0049999999999999,-0.0271079499493403));
#5306=CARTESIAN_POINT('',(0.0449523466012915,0.0049999999999999,-0.0305720515644781));
#5307=CARTESIAN_POINT('',(0.046806782137967,0.00499999999999989,-0.0356841623050998));
#5308=CARTESIAN_POINT('',(0.0478686552389172,0.00499999999999988,-0.0386114211810146));
#5309=CARTESIAN_POINT('',(0.,0.00499999999999994,-1.16796716495694E-16));
#5310=CARTESIAN_POINT('',(0.00414430493022572,0.00499999999999985,-0.0613602048289063));
#5311=CARTESIAN_POINT('',(0.004,0.00499999999999985,-0.0612158998986806));
#5312=CARTESIAN_POINT('',(0.002,0.00499999999999986,-0.0592158998986806));
#5313=CARTESIAN_POINT('',(7.25185622695492E-18,0.00499999999999986,-0.0592158998986806));
#5314=CARTESIAN_POINT('',(-0.002,0.00499999999999986,-0.0592158998986806));
#5315=CARTESIAN_POINT('',(-0.004,0.00499999999999985,-0.0612158998986806));
#5316=CARTESIAN_POINT('',(-0.00414430493022572,0.00499999999999985,-0.0613602048289063));
#5317=CARTESIAN_POINT('',(0.,0.00499999999999994,-1.16796716495694E-16));
#5318=CARTESIAN_POINT('',(-0.0478686552389172,0.00499999999999988,-0.0386114211810147));
#5319=CARTESIAN_POINT('',(-0.046806782137967,0.00499999999999989,-0.0356841623050999));
#5320=CARTESIAN_POINT('',(-0.0449523466012915,0.0049999999999999,-0.0305720515644781));
#5321=CARTESIAN_POINT('',(-0.0469523466012915,0.0049999999999999,-0.0271079499493403));
#5322=CARTESIAN_POINT('',(-0.0489523466012915,0.00499999999999991,-0.0236438483342025));
#5323=CARTESIAN_POINT('',(-0.054306782137967,0.0049999999999999,-0.0226937812483332));
#5324=CARTESIAN_POINT('',(-0.0573727992384378,0.0049999999999999,-0.0221497608913941));
#5325=CARTESIAN_POINT('',(0.,0.00499999999999994,-1.16796716495694E-16));
#5326=CARTESIAN_POINT('',(-0.0552116486283621,0.005,0.0270910290638486));
#5327=CARTESIAN_POINT('',(-0.0550145244277826,0.005,0.0271438483342025));
#5328=CARTESIAN_POINT('',(-0.0522824736202137,0.005,0.0278758991417714));
#5329=CARTESIAN_POINT('',(-0.0512824736202138,0.005,0.0296079499493403));
#5330=CARTESIAN_POINT('',(-0.0502824736202138,0.005,0.0313400007569091));
#5331=CARTESIAN_POINT('',(-0.0510145244277826,0.005,0.034072051564478));
#5332=CARTESIAN_POINT('',(0.,0.015,-1.28818177391434E-16));
#5333=CARTESIAN_POINT('',(0.0079903460108187,0.0149999999999998,0.0589610411257076));
#5334=CARTESIAN_POINT('',(0.00849804224063323,0.0116677984118944,0.0595647708033766));
#5335=CARTESIAN_POINT('',(0.00900250511037768,0.00833441521006652,0.0601646555136846));
#5336=CARTESIAN_POINT('',(0.00950414399952039,0.00499999999999997,0.0607611820724084));
#5337=CARTESIAN_POINT('',(0.0510673436981364,0.00499999999999998,0.0342691757650574));
#5338=CARTESIAN_POINT('',(0.0508380432103067,0.00833625962354816,0.0334134146942763));
#5339=CARTESIAN_POINT('',(0.0506060958827846,0.0116697678033903,0.0325477754832842));
#5340=CARTESIAN_POINT('',(0.0503709971179164,0.0149999999999998,0.0316703749479992));
#5341=CARTESIAN_POINT('',(0.,0.015,-1.28818177391434E-16));
#5342=CARTESIAN_POINT('',(-0.00950414399952039,0.00499999999999998,0.0607611820724084));
#5343=CARTESIAN_POINT('',(-0.00900250511037769,0.00833441521006652,0.0601646555136846));
#5344=CARTESIAN_POINT('',(-0.00849804224063323,0.0116677984118944,0.0595647708033766));
#5345=CARTESIAN_POINT('',(-0.0079903460108187,0.0149999999999998,0.0589610411257076));
#5346=CARTESIAN_POINT('',(-0.00799034601081883,0.0149999999999999,0.0589610411257077));
#5347=CARTESIAN_POINT('',(-0.0503709971179165,0.0149999999999998,0.0316703749479991));
#5348=CARTESIAN_POINT('',(-0.0506060958827847,0.0116697678033903,0.0325477754832841));
#5349=CARTESIAN_POINT('',(-0.0508380432103068,0.00833625962354814,0.0334134146942762));
#5350=CARTESIAN_POINT('',(-0.0510673436981365,0.00499999999999995,0.0342691757650573));
#5351=CARTESIAN_POINT('',(-0.0503709971179164,0.0149999999999999,0.0316703749479993));
#5352=CARTESIAN_POINT('',(0.,0.015,-1.28818177391434E-16));
#5353=CARTESIAN_POINT('',(0.,0.015,-1.28818177391434E-16));
#5354=CARTESIAN_POINT('',(-0.0550569324538513,0.0149999999999998,-0.0225606779324572));
#5355=CARTESIAN_POINT('',(-0.0558336258066385,0.0116677984118944,-0.0224228649388667));
#5356=CARTESIAN_POINT('',(-0.0566053726399794,0.00833441521006645,-0.022285929633556));
#5357=CARTESIAN_POINT('',(-0.0573727992384377,0.00499999999999987,-0.0221497608913941));
#5358=CARTESIAN_POINT('',(-0.0550569324538515,0.0149999999999999,-0.0225606779324571));
#5359=CARTESIAN_POINT('',(0.,0.015,-1.28818177391434E-16));
#5360=CARTESIAN_POINT('',(-0.052612847811304,0.0149999999999999,0.0277873756440686));
#5361=CARTESIAN_POINT('',(-0.055211648628362,0.00499999999999996,0.0270910290638486));
#5362=CARTESIAN_POINT('',(-0.0543558875575809,0.00833625962354815,0.0273203295516784));
#5363=CARTESIAN_POINT('',(-0.0534902483465888,0.0116697678033903,0.0275522768792004));
#5364=CARTESIAN_POINT('',(-0.0526128478113038,0.0149999999999998,0.0277873756440687));
#5365=CARTESIAN_POINT('',(0.,0.015,-1.28818177391434E-16));
#5366=CARTESIAN_POINT('',(-0.0478686552389172,0.00499999999999985,-0.0386114211810146));
#5367=CARTESIAN_POINT('',(-0.0476028675296016,0.00833441521006644,-0.0378787258801288));
#5368=CARTESIAN_POINT('',(-0.0473355835660052,0.0116677984118943,-0.0371419058645101));
#5369=CARTESIAN_POINT('',(-0.0470665864430325,0.0149999999999998,-0.0364003631932507));
#5370=CARTESIAN_POINT('',(-0.00224185069338755,0.0149999999999998,-0.0594577505920681));
#5371=CARTESIAN_POINT('',(-0.00288415246380428,0.0116697678033902,-0.0601000523624848));
#5372=CARTESIAN_POINT('',(-0.00351784434727438,0.00833625962354806,-0.0607337442459549));
#5373=CARTESIAN_POINT('',(-0.00414430493022566,0.00499999999999982,-0.0613602048289062));
#5374=CARTESIAN_POINT('',(0.,0.015,-1.28818177391434E-16));
#5375=CARTESIAN_POINT('',(0.0470665864430325,0.0149999999999998,-0.0364003631932507));
#5376=CARTESIAN_POINT('',(0.0473355835660052,0.0116677984118943,-0.0371419058645101));
#5377=CARTESIAN_POINT('',(0.0476028675296016,0.00833441521006644,-0.0378787258801288));
#5378=CARTESIAN_POINT('',(0.0478686552389172,0.00499999999999987,-0.0386114211810145));
#5379=CARTESIAN_POINT('',(0.00414430493022566,0.00499999999999982,-0.0613602048289062));
#5380=CARTESIAN_POINT('',(0.00351784434727438,0.00833625962354805,-0.0607337442459549));
#5381=CARTESIAN_POINT('',(0.00288415246380428,0.0116697678033902,-0.0601000523624848));
#5382=CARTESIAN_POINT('',(0.00224185069338755,0.0149999999999998,-0.0594577505920681));
#5383=CARTESIAN_POINT('',(0.,0.015,-1.28818177391434E-16));
#5384=CARTESIAN_POINT('',(0.0573727992384377,0.00499999999999988,-0.0221497608913941));
#5385=CARTESIAN_POINT('',(0.0566053726399794,0.00833441521006645,-0.0222859296335559));
#5386=CARTESIAN_POINT('',(0.0558336258066385,0.0116677984118944,-0.0224228649388666));
#5387=CARTESIAN_POINT('',(0.0550569324538514,0.0149999999999998,-0.0225606779324571));
#5388=CARTESIAN_POINT('',(0.0526128478113038,0.0149999999999998,0.0277873756440687));
#5389=CARTESIAN_POINT('',(0.0534902483465888,0.0116697678033903,0.0275522768792005));
#5390=CARTESIAN_POINT('',(0.0543558875575809,0.00833625962354815,0.0273203295516784));
#5391=CARTESIAN_POINT('',(0.055211648628362,0.00499999999999996,0.0270910290638486));
#5392=CARTESIAN_POINT('',(0.,-0.0645,-3.32475632702958E-17));
#5393=CARTESIAN_POINT('',(-0.00799034601081883,-0.0645,0.0589610411257078));
#5394=CARTESIAN_POINT('',(-0.00799034601081876,0.04,0.0589610411257077));
#5395=CARTESIAN_POINT('',(-0.0503709971179164,-0.0645,0.0316703749479995));
#5396=CARTESIAN_POINT('',(-0.0503709971179165,0.03,0.0316703749479992));
#5397=CARTESIAN_POINT('',(0.,0.03,-1.46850368735045E-16));
#5398=CARTESIAN_POINT('',(-0.0526128478113039,0.03,0.0277873756440687));
#5399=CARTESIAN_POINT('',(-0.052612847811304,-0.0645,0.0277873756440687));
#5400=CARTESIAN_POINT('',(-0.0550569324538515,-0.0645,-0.022560677932457));
#5401=CARTESIAN_POINT('',(-0.0550569324538515,0.04,-0.0225606779324572));
#5402=CARTESIAN_POINT('',(0.,0.04,-1.58871829630786E-16));
#5403=CARTESIAN_POINT('',(0.,0.04,0.0615));
#5404=CARTESIAN_POINT('',(0.0075,0.04,0.058377943553433));
#5405=CARTESIAN_POINT('',(0.004,0.04,0.0542158998986806));
#5406=CARTESIAN_POINT('',(8.67361737988404E-19,0.04,0.0542158998986806));
#5407=CARTESIAN_POINT('',(-0.004,0.04,0.0542158998986806));
#5408=CARTESIAN_POINT('',(-0.0075,0.04,0.058377943553433));
#5409=CARTESIAN_POINT('',(-0.054306782137967,0.04,-0.0226937812483333));
#5410=CARTESIAN_POINT('',(-0.0489523466012916,0.04,-0.0236438483342026));
#5411=CARTESIAN_POINT('',(-0.0469523466012916,0.04,-0.0271079499493404));
#5412=CARTESIAN_POINT('',(-0.0449523466012916,0.04,-0.0305720515644781));
#5413=CARTESIAN_POINT('',(-0.046806782137967,0.04,-0.0356841623050999));
#5414=CARTESIAN_POINT('',(0.046806782137967,0.04,-0.0356841623050999));
#5415=CARTESIAN_POINT('',(0.0449523466012915,0.04,-0.0305720515644781));
#5416=CARTESIAN_POINT('',(0.0469523466012916,0.04,-0.0271079499493404));
#5417=CARTESIAN_POINT('',(0.0489523466012916,0.04,-0.0236438483342026));
#5418=CARTESIAN_POINT('',(0.054306782137967,0.04,-0.0226937812483332));
#5419=CARTESIAN_POINT('',(3.1232671578938E-17,0.03,-1.8032191343611E-17));
#5420=CARTESIAN_POINT('',(0.0550145244277826,0.03,0.0271438483342025));
#5421=CARTESIAN_POINT('',(0.0522824736202137,0.03,0.0278758991417714));
#5422=CARTESIAN_POINT('',(0.0512824736202138,0.03,0.0296079499493403));
#5423=CARTESIAN_POINT('',(0.0502824736202138,0.03,0.0313400007569092));
#5424=CARTESIAN_POINT('',(0.0510145244277826,0.03,0.034072051564478));
#5425=CARTESIAN_POINT('',(0.0512824736202138,0.03,0.0296079499493403));
#5426=CARTESIAN_POINT('',(0.0502824736202138,0.03,0.0313400007569092));
#5427=CARTESIAN_POINT('',(0.0522824736202137,0.03,0.0278758991417714));
#5428=CARTESIAN_POINT('',(0.0550145244277826,0.03,0.0271438483342025));
#5429=CARTESIAN_POINT('',(0.0510145244277826,0.03,0.034072051564478));
#5430=CARTESIAN_POINT('',(4.41661308211318E-33,0.03,-7.21287653744442E-17));
#5431=CARTESIAN_POINT('',(-0.004,0.03,-0.0612158998986806));
#5432=CARTESIAN_POINT('',(-0.002,0.03,-0.0592158998986806));
#5433=CARTESIAN_POINT('',(7.25185622695493E-18,0.03,-0.0592158998986806));
#5434=CARTESIAN_POINT('',(0.002,0.03,-0.0592158998986806));
#5435=CARTESIAN_POINT('',(0.004,0.03,-0.0612158998986806));
#5436=CARTESIAN_POINT('',(7.25185622695493E-18,0.03,-0.0592158998986806));
#5437=CARTESIAN_POINT('',(0.002,0.03,-0.0592158998986806));
#5438=CARTESIAN_POINT('',(-0.002,0.03,-0.0592158998986806));
#5439=CARTESIAN_POINT('',(-0.004,0.03,-0.0612158998986806));
#5440=CARTESIAN_POINT('',(0.004,0.03,-0.0612158998986806));
#5441=CARTESIAN_POINT('',(-3.1232671578938E-17,0.03,-1.80321913436111E-17));
#5442=CARTESIAN_POINT('',(-0.0510145244277827,0.03,0.0340720515644779));
#5443=CARTESIAN_POINT('',(-0.0502824736202138,0.03,0.0313400007569091));
#5444=CARTESIAN_POINT('',(-0.0512824736202138,0.03,0.0296079499493402));
#5445=CARTESIAN_POINT('',(-0.0522824736202138,0.03,0.0278758991417714));
#5446=CARTESIAN_POINT('',(-0.0550145244277827,0.03,0.0271438483342024));
#5447=CARTESIAN_POINT('',(-0.0512824736202138,0.03,0.0296079499493402));
#5448=CARTESIAN_POINT('',(-0.0522824736202138,0.03,0.0278758991417714));
#5449=CARTESIAN_POINT('',(-0.0502824736202138,0.03,0.0313400007569091));
#5450=CARTESIAN_POINT('',(-0.0510145244277827,0.03,0.0340720515644779));
#5451=CARTESIAN_POINT('',(-0.0550145244277827,0.03,0.0271438483342024));
#5452=CARTESIAN_POINT('',(0.0075,0.04,0.058377943553433));
#5453=CARTESIAN_POINT('',(0.004,0.04,0.0542158998986806));
#5454=CARTESIAN_POINT('',(-0.0075,0.04,0.058377943553433));
#5455=CARTESIAN_POINT('',(-0.004,0.04,0.0542158998986806));
#5456=CARTESIAN_POINT('',(8.67361737988404E-19,0.04,0.0542158998986806));
#5457=CARTESIAN_POINT('',(-0.054306782137967,0.04,-0.0226937812483333));
#5458=CARTESIAN_POINT('',(-0.0489523466012916,0.04,-0.0236438483342026));
#5459=CARTESIAN_POINT('',(-0.046806782137967,0.04,-0.0356841623050999));
#5460=CARTESIAN_POINT('',(-0.0449523466012916,0.04,-0.0305720515644781));
#5461=CARTESIAN_POINT('',(-0.0469523466012916,0.04,-0.0271079499493404));
#5462=CARTESIAN_POINT('',(0.046806782137967,0.04,-0.0356841623050999));
#5463=CARTESIAN_POINT('',(0.0449523466012915,0.04,-0.0305720515644781));
#5464=CARTESIAN_POINT('',(0.054306782137967,0.04,-0.0226937812483332));
#5465=CARTESIAN_POINT('',(0.0489523466012916,0.04,-0.0236438483342026));
#5466=CARTESIAN_POINT('',(0.0469523466012916,0.04,-0.0271079499493404));
#5467=CARTESIAN_POINT('',(-0.071014083110324,0.032,-0.041));
#5468=CARTESIAN_POINT('',(-0.049363448015713,0.032,-0.0285));
#5469=CARTESIAN_POINT('',(-0.050413448015713,0.032,-0.0266813466520527));
#5470=CARTESIAN_POINT('',(-0.049363448015713,0.01705,-0.0285));
#5471=CARTESIAN_POINT('',(0.071014083110324,0.032,-0.041));
#5472=CARTESIAN_POINT('',(0.049363448015713,0.032,-0.0285));
#5473=CARTESIAN_POINT('',(0.048313448015713,0.032,-0.0303186533479473));
#5474=CARTESIAN_POINT('',(0.049363448015713,0.01705,-0.0285));
#5475=CARTESIAN_POINT('',(0.,0.032,0.082));
#5476=CARTESIAN_POINT('',(0.,0.032,0.057));
#5477=CARTESIAN_POINT('',(0.0021,0.032,0.057));
#5478=CARTESIAN_POINT('',(0.,0.01705,0.057));
#5479=CARTESIAN_POINT('',(0.000749999999999986,-0.01375,-0.00129903810567665));
#5480=CARTESIAN_POINT('',(0.0557272680296138,-0.021,0.0304421023905311));
#5481=CARTESIAN_POINT('',(0.0557272680296138,-0.017,0.0304421023905311));
#5482=CARTESIAN_POINT('',(0.0557272680296138,-0.0183564702489341,0.0304421023905311));
#5483=CARTESIAN_POINT('',(0.000749999999999992,-0.017,-0.00129903810567664));
#5484=CARTESIAN_POINT('',(0.0519353250453682,-0.017,0.0282528230878252));
#5485=CARTESIAN_POINT('',(0.00075,1.15740098011872E-17,-0.00129903810567666));
#5486=CARTESIAN_POINT('',(0.054010562332743,-5.34426811789927E-17,0.0294509618943234));
#5487=CARTESIAN_POINT('',(0.054010562332743,0.0125,0.0294509618943234));
#5488=CARTESIAN_POINT('',(0.0579795378279434,-0.0645,0.0317424509648844));
#5489=CARTESIAN_POINT('',(0.0579795378279434,-4.51076635459542E-17,0.0317424509648843));
#5490=CARTESIAN_POINT('',(0.00075,1.11515066554814E-17,-0.00129903810567666));
#5491=CARTESIAN_POINT('',(0.00075,1.15740098011872E-17,-0.00129903810567666));
#5492=CARTESIAN_POINT('',(0.0519353250453682,-0.017,0.0282528230878252));
#5493=CARTESIAN_POINT('',(0.0504353250453682,-0.017,0.0308508992991786));
#5494=CARTESIAN_POINT('',(-0.00075,1.4697276959081E-17,0.00129903810567666));
#5495=CARTESIAN_POINT('',(0.052510562332743,-5.03194140210989E-17,0.0320490381056766));
#5496=CARTESIAN_POINT('',(0.054010562332743,-5.34426811789927E-17,0.0294509618943234));
#5497=CARTESIAN_POINT('',(0.054010562332743,0.0125,0.0294509618943234));
#5498=CARTESIAN_POINT('',(0.052510562332743,0.0125,0.0320490381056766));
#5499=CARTESIAN_POINT('',(-0.000750000000000015,-0.01375,0.00129903810567667));
#5500=CARTESIAN_POINT('',(-0.000750000000000009,-0.017,0.00129903810567667));
#5501=CARTESIAN_POINT('',(0.0542272680296138,-0.017,0.0330401786018844));
#5502=CARTESIAN_POINT('',(0.0542272680296138,-0.021,0.0330401786018844));
#5503=CARTESIAN_POINT('',(0.0542272680296138,-0.0183564702489341,0.0330401786018844));
#5504=CARTESIAN_POINT('',(-0.00075,1.42747738133752E-17,0.00129903810567665));
#5505=CARTESIAN_POINT('',(0.0564795378279434,-4.19843963880604E-17,0.0343405271762376));
#5506=CARTESIAN_POINT('',(0.0564795378279434,-0.0645,0.0343405271762377));
#5507=CARTESIAN_POINT('',(0.0015,0.0125,0.0615));
#5508=CARTESIAN_POINT('',(0.0015,0.0125,0.0615));
#5509=CARTESIAN_POINT('',(0.0015,-1.49150553456432E-17,0.0615));
#5510=CARTESIAN_POINT('',(0.0015,-1.49150553456432E-17,0.0615));
#5511=CARTESIAN_POINT('',(-0.0015,-1.49150553456432E-17,0.0615));
#5512=CARTESIAN_POINT('',(-0.0015,0.0125,0.0615));
#5513=CARTESIAN_POINT('',(0.0015,1.31356433801341E-17,-4.93314017187552E-18));
#5514=CARTESIAN_POINT('',(0.0015,1.31356433801341E-17,-4.93314017187552E-18));
#5515=CARTESIAN_POINT('',(0.0015,-0.017,0.0591037223870037));
#5516=CARTESIAN_POINT('',(0.0015,-0.017,0.0591037223870037));
#5517=CARTESIAN_POINT('',(-0.0015,-0.017,0.0591037223870037));
#5518=CARTESIAN_POINT('',(-0.0015,1.31356433801341E-17,-4.93314017187552E-18));
#5519=CARTESIAN_POINT('',(-0.0015,-0.01375,0.));
#5520=CARTESIAN_POINT('',(-0.0015,-0.017,0.));
#5521=CARTESIAN_POINT('',(-0.0015,-0.017,0.0634822809924155));
#5522=CARTESIAN_POINT('',(-0.0015,-0.021,0.0634822809924155));
#5523=CARTESIAN_POINT('',(-0.0015,-0.0183564702489341,0.0634822809924155));
#5524=CARTESIAN_POINT('',(-0.0015,1.27131402344282E-17,-1.09863515750892E-17));
#5525=CARTESIAN_POINT('',(-0.0015,-3.82533308712809E-18,0.066082978141122));
#5526=CARTESIAN_POINT('',(-0.0015,-0.0645,0.0660829781411221));
#5527=CARTESIAN_POINT('',(0.0015,-0.01375,0.));
#5528=CARTESIAN_POINT('',(0.0015,-0.021,0.0634822809924155));
#5529=CARTESIAN_POINT('',(0.0015,-0.017,0.0634822809924155));
#5530=CARTESIAN_POINT('',(0.0015,-0.0183564702489341,0.0634822809924155));
#5531=CARTESIAN_POINT('',(0.0015,-0.017,0.));
#5532=CARTESIAN_POINT('',(0.0015,-0.0645,0.0660829781411221));
#5533=CARTESIAN_POINT('',(0.0015,-3.82533308712809E-18,0.066082978141122));
#5534=CARTESIAN_POINT('',(0.0015,1.27131402344282E-17,-1.09863515750892E-17));
#5535=CARTESIAN_POINT('',(0.,1.27131402344282E-17,-1.09863515750892E-17));
#5536=CARTESIAN_POINT('',(0.,-0.0183564702489341,3.88825358729284E-18));
#5537=CARTESIAN_POINT('',(0.,-8.32667268468867E-17,-1.10785986047823E-16));
#5538=CARTESIAN_POINT('',(0.,-0.0645,-3.32475632702958E-17));
#5539=CARTESIAN_POINT('',(0.000749999999999985,-0.01375,0.00129903810567668));
#5540=CARTESIAN_POINT('',(0.00075,-0.017,0.00129903810567667));
#5541=CARTESIAN_POINT('',(0.0519353250453683,-0.017,-0.0282528230878251));
#5542=CARTESIAN_POINT('',(0.0557272680296139,-0.017,-0.0304421023905311));
#5543=CARTESIAN_POINT('',(0.0557272680296139,-0.021,-0.0304421023905311));
#5544=CARTESIAN_POINT('',(0.0557272680296139,-0.0183564702489341,-0.0304421023905311));
#5545=CARTESIAN_POINT('',(0.00075,1.42747738133752E-17,0.00129903810567665));
#5546=CARTESIAN_POINT('',(0.0579795378279435,-1.21425790147819E-16,-0.0317424509648844));
#5547=CARTESIAN_POINT('',(0.0579795378279435,-0.0645,-0.0317424509648843));
#5548=CARTESIAN_POINT('',(0.054010562332743,0.0125,-0.0294509618943234));
#5549=CARTESIAN_POINT('',(0.054010562332743,-1.24251398529904E-16,-0.0294509618943234));
#5550=CARTESIAN_POINT('',(0.00075,1.4697276959081E-17,0.00129903810567666));
#5551=CARTESIAN_POINT('',(0.052510562332743,0.0125,-0.0320490381056766));
#5552=CARTESIAN_POINT('',(0.052510562332743,0.0125,-0.0320490381056766));
#5553=CARTESIAN_POINT('',(0.052510562332743,-1.27374665687798E-16,-0.0320490381056766));
#5554=CARTESIAN_POINT('',(0.052510562332743,-1.27374665687798E-16,-0.0320490381056766));
#5555=CARTESIAN_POINT('',(-0.000750000000000014,-0.01375,-0.00129903810567663));
#5556=CARTESIAN_POINT('',(0.0542272680296139,-0.021,-0.0330401786018844));
#5557=CARTESIAN_POINT('',(0.0542272680296139,-0.017,-0.0330401786018844));
#5558=CARTESIAN_POINT('',(0.0542272680296139,-0.0183564702489341,-0.0330401786018844));
#5559=CARTESIAN_POINT('',(-0.000749999999999991,-0.017,-0.00129903810567664));
#5560=CARTESIAN_POINT('',(0.0504353250453683,-0.017,-0.0308508992991785));
#5561=CARTESIAN_POINT('',(-0.00075,1.15740098011872E-17,-0.00129903810567666));
#5562=CARTESIAN_POINT('',(0.0564795378279435,-0.0645,-0.0343405271762376));
#5563=CARTESIAN_POINT('',(0.0564795378279435,-1.24549057305713E-16,-0.0343405271762377));
#5564=CARTESIAN_POINT('',(-0.00075,1.11515066554814E-17,-0.00129903810567666));
#5565=CARTESIAN_POINT('',(-0.00075,1.15740098011872E-17,-0.00129903810567666));
#5566=CARTESIAN_POINT('',(0.0504353250453682,-0.017,-0.0308508992991785));
#5567=CARTESIAN_POINT('',(-0.0015,-0.01375,3.28753204434148E-17));
#5568=CARTESIAN_POINT('',(-0.0015,-0.021,-0.0634822809924155));
#5569=CARTESIAN_POINT('',(-0.0015,-0.017,-0.0634822809924155));
#5570=CARTESIAN_POINT('',(-0.0015,-0.0183564702489341,-0.0634822809924155));
#5571=CARTESIAN_POINT('',(-0.0015,-0.017,-1.83697019872103E-19));
#5572=CARTESIAN_POINT('',(-0.0015,-0.017,-0.0591037223870037));
#5573=CARTESIAN_POINT('',(-0.0015,1.31356433801341E-17,4.74944315200338E-18));
#5574=CARTESIAN_POINT('',(-0.0015,-1.62779024363254E-16,-0.0615));
#5575=CARTESIAN_POINT('',(-0.0015,0.0124999999999998,-0.0615));
#5576=CARTESIAN_POINT('',(-0.0015,-0.0645,-0.0660829781411221));
#5577=CARTESIAN_POINT('',(-0.0015,-1.62708120606646E-16,-0.0660829781411222));
#5578=CARTESIAN_POINT('',(-0.0015,1.27131402344282E-17,-1.11700485949613E-17));
#5579=CARTESIAN_POINT('',(-0.0015,1.31356433801341E-17,4.74944315200338E-18));
#5580=CARTESIAN_POINT('',(-0.0015,-0.017,-0.0591037223870037));
#5581=CARTESIAN_POINT('',(0.0015,-0.017,-0.0591037223870037));
#5582=CARTESIAN_POINT('',(0.0015,1.31356433801341E-17,5.11683719174759E-18));
#5583=CARTESIAN_POINT('',(0.0015,-1.62779024363254E-16,-0.0615));
#5584=CARTESIAN_POINT('',(-0.0015,-1.62779024363254E-16,-0.0615));
#5585=CARTESIAN_POINT('',(-0.0015,0.0124999999999998,-0.0615));
#5586=CARTESIAN_POINT('',(0.0015,0.0124999999999998,-0.0615));
#5587=CARTESIAN_POINT('',(0.0015,-0.01375,3.3242714483159E-17));
#5588=CARTESIAN_POINT('',(0.0015,-0.017,1.83697019872103E-19));
#5589=CARTESIAN_POINT('',(0.0015,-0.017,-0.0634822809924155));
#5590=CARTESIAN_POINT('',(0.0015,-0.021,-0.0634822809924155));
#5591=CARTESIAN_POINT('',(0.0015,-0.0183564702489341,-0.0634822809924155));
#5592=CARTESIAN_POINT('',(0.0015,1.27131402344282E-17,-1.08026545552171E-17));
#5593=CARTESIAN_POINT('',(0.0015,-1.62708120606646E-16,-0.0660829781411222));
#5594=CARTESIAN_POINT('',(0.0015,-0.0645,-0.0660829781411221));
#5595=CARTESIAN_POINT('',(0.,-0.0645,-3.32475632702958E-17));
#5596=CARTESIAN_POINT('',(0.,-8.32667268468867E-17,-1.10785986047823E-16));
#5597=CARTESIAN_POINT('',(0.000750000000000015,-0.01375,-0.00129903810567663));
#5598=CARTESIAN_POINT('',(0.000749999999999992,-0.017,-0.00129903810567664));
#5599=CARTESIAN_POINT('',(-0.0504353250453682,-0.017,-0.0308508992991785));
#5600=CARTESIAN_POINT('',(-0.0542272680296138,-0.017,-0.0330401786018844));
#5601=CARTESIAN_POINT('',(-0.0542272680296138,-0.021,-0.0330401786018844));
#5602=CARTESIAN_POINT('',(-0.0542272680296138,-0.0183564702489341,-0.0330401786018844));
#5603=CARTESIAN_POINT('',(0.00075,1.11515066554814E-17,-0.00129903810567666));
#5604=CARTESIAN_POINT('',(-0.0564795378279435,-1.24549057305713E-16,-0.0343405271762377));
#5605=CARTESIAN_POINT('',(-0.0564795378279435,-0.0645,-0.0343405271762377));
#5606=CARTESIAN_POINT('',(-0.052510562332743,0.0125,-0.0320490381056767));
#5607=CARTESIAN_POINT('',(-0.052510562332743,-1.27374665687798E-16,-0.0320490381056767));
#5608=CARTESIAN_POINT('',(0.00075,1.15740098011872E-17,-0.00129903810567665));
#5609=CARTESIAN_POINT('',(-0.054010562332743,0.0125,-0.0294509618943234));
#5610=CARTESIAN_POINT('',(-0.054010562332743,0.0125,-0.0294509618943234));
#5611=CARTESIAN_POINT('',(-0.054010562332743,-1.24251398529904E-16,-0.0294509618943234));
#5612=CARTESIAN_POINT('',(-0.054010562332743,-1.24251398529904E-16,-0.0294509618943234));
#5613=CARTESIAN_POINT('',(-0.00075,1.4697276959081E-17,0.00129903810567666));
#5614=CARTESIAN_POINT('',(-0.00075,1.4697276959081E-17,0.00129903810567666));
#5615=CARTESIAN_POINT('',(-0.0519353250453682,-0.017,-0.0282528230878252));
#5616=CARTESIAN_POINT('',(-0.0504353250453682,-0.017,-0.0308508992991785));
#5617=CARTESIAN_POINT('',(-0.000749999999999986,-0.01375,0.00129903810567668));
#5618=CARTESIAN_POINT('',(-0.00075,1.42747738133752E-17,0.00129903810567665));
#5619=CARTESIAN_POINT('',(-0.0579795378279435,-1.21425790147819E-16,-0.0317424509648844));
#5620=CARTESIAN_POINT('',(-0.0557272680296138,-0.0183564702489341,-0.0304421023905311));
#5621=CARTESIAN_POINT('',(-0.0557272680296138,-0.021,-0.0304421023905311));
#5622=CARTESIAN_POINT('',(-0.0557272680296138,-0.017,-0.0304421023905311));
#5623=CARTESIAN_POINT('',(-0.000750000000000009,-0.017,0.00129903810567667));
#5624=CARTESIAN_POINT('',(-0.0579795378279435,-0.0645,-0.0317424509648843));
#5625=CARTESIAN_POINT('',(0.000749999999999985,-0.01375,0.00129903810567668));
#5626=CARTESIAN_POINT('',(-0.0542272680296139,-0.021,0.0330401786018844));
#5627=CARTESIAN_POINT('',(-0.0542272680296139,-0.017,0.0330401786018844));
#5628=CARTESIAN_POINT('',(-0.0542272680296138,-0.0183564702489341,0.0330401786018844));
#5629=CARTESIAN_POINT('',(0.00075,-0.017,0.00129903810567667));
#5630=CARTESIAN_POINT('',(-0.0504353250453683,-0.017,0.0308508992991785));
#5631=CARTESIAN_POINT('',(0.00075,1.4697276959081E-17,0.00129903810567666));
#5632=CARTESIAN_POINT('',(-0.052510562332743,-5.0319414021099E-17,0.0320490381056766));
#5633=CARTESIAN_POINT('',(-0.052510562332743,0.0125,0.0320490381056766));
#5634=CARTESIAN_POINT('',(-0.0564795378279434,-0.0645,0.0343405271762377));
#5635=CARTESIAN_POINT('',(-0.0564795378279434,-1.66533453693773E-16,0.0343405271762376));
#5636=CARTESIAN_POINT('',(0.00075,1.42747738133752E-17,0.00129903810567665));
#5637=CARTESIAN_POINT('',(-0.052510562332743,0.0125,0.0320490381056766));
#5638=CARTESIAN_POINT('',(-0.052510562332743,-5.0319414021099E-17,0.0320490381056766));
#5639=CARTESIAN_POINT('',(-0.054010562332743,-5.34426811789928E-17,0.0294509618943233));
#5640=CARTESIAN_POINT('',(-0.054010562332743,0.0125,0.0294509618943233));
#5641=CARTESIAN_POINT('',(-0.000749999999999985,-0.01375,-0.00129903810567665));
#5642=CARTESIAN_POINT('',(-0.00074999999999999,-0.017,-0.00129903810567664));
#5643=CARTESIAN_POINT('',(-0.0519353250453683,-0.017,0.0282528230878251));
#5644=CARTESIAN_POINT('',(-0.0557272680296139,-0.017,0.0304421023905311));
#5645=CARTESIAN_POINT('',(-0.0557272680296139,-0.021,0.0304421023905311));
#5646=CARTESIAN_POINT('',(-0.0557272680296139,-0.0183564702489341,0.0304421023905311));
#5647=CARTESIAN_POINT('',(-0.00075,1.11515066554814E-17,-0.00129903810567666));
#5648=CARTESIAN_POINT('',(-0.0579795378279434,-4.51076635459543E-17,0.0317424509648843));
#5649=CARTESIAN_POINT('',(-0.0579795378279435,-0.0645,0.0317424509648844));
#5650=CARTESIAN_POINT('',(-0.00075,1.15740098011872E-17,-0.00129903810567666));
#5651=CARTESIAN_POINT('',(-0.00075,1.15740098011872E-17,-0.00129903810567666));
#5652=CARTESIAN_POINT('',(-0.0504353250453683,-0.017,0.0308508992991785));
#5653=CARTESIAN_POINT('',(0.,-0.0645,-3.32475632702958E-17));
#5654=CARTESIAN_POINT('',(0.,-8.32667268468867E-17,-1.10785986047823E-16));
#5655=CARTESIAN_POINT('',(0.,-0.0645,-3.32475632702958E-17));
#5656=CARTESIAN_POINT('',(0.,-8.32667268468867E-17,-1.10785986047823E-16));
#5657=CARTESIAN_POINT('',(0.,-0.0645,-3.32475632702958E-17));
#5658=CARTESIAN_POINT('',(0.,-8.32667268468867E-17,-1.10785986047823E-16));
#5659=CARTESIAN_POINT('',(0.,-0.0645,-3.32475632702958E-17));
#5660=CARTESIAN_POINT('',(0.,-8.32667268468867E-17,-1.10785986047823E-16));
#5661=CARTESIAN_POINT('',(0.,1.27131402344282E-17,-1.09863515750892E-17));
#5662=CARTESIAN_POINT('',(0.,-0.0183564702489341,3.88825358729284E-18));
#5663=CARTESIAN_POINT('',(0.,1.27131402344282E-17,-1.09863515750892E-17));
#5664=CARTESIAN_POINT('',(0.,-0.0183564702489341,3.88825358729284E-18));
#5665=CARTESIAN_POINT('',(0.,1.27131402344282E-17,-1.09863515750892E-17));
#5666=CARTESIAN_POINT('',(0.,-0.0183564702489341,3.88825358729284E-18));
#5667=CARTESIAN_POINT('',(0.,1.27131402344282E-17,-1.09863515750892E-17));
#5668=CARTESIAN_POINT('',(0.,-0.0183564702489341,3.88825358729284E-18));
#5669=CARTESIAN_POINT('',(0.,1.27131402344282E-17,-1.09863515750892E-17));
#5670=CARTESIAN_POINT('',(0.,-0.0183564702489341,3.88825358729284E-18));
#5671=CARTESIAN_POINT('',(0.,-0.021,0.));
#5672=CARTESIAN_POINT('',(0.0015,-0.021,0.));
#5673=CARTESIAN_POINT('',(0.0015,-0.021,0.0578035466039931));
#5674=CARTESIAN_POINT('',(0.0015,-0.021,0.0626574815963744));
#5675=CARTESIAN_POINT('',(0.0015,-0.021,0.0578035466039931));
#5676=CARTESIAN_POINT('',(-0.0015,-0.021,0.0578035466039931));
#5677=CARTESIAN_POINT('',(-0.0015,-0.021,0.));
#5678=CARTESIAN_POINT('',(-0.0015,-0.021,0.0626574815963744));
#5679=CARTESIAN_POINT('',(0.,-0.021,-1.09863515750892E-17));
#5680=CARTESIAN_POINT('',(-0.0535129707996162,-0.021,0.0326277789038639));
#5681=CARTESIAN_POINT('',(0.00075000000000001,-0.021,0.00129903810567668));
#5682=CARTESIAN_POINT('',(-0.0493093397878957,-0.021,0.0302008114076732));
#5683=CARTESIAN_POINT('',(-0.0493093397878958,-0.021,0.0302008114076731));
#5684=CARTESIAN_POINT('',(-0.0508093397878957,-0.021,0.0276027351963199));
#5685=CARTESIAN_POINT('',(-0.000749999999999988,-0.021,-0.00129903810567664));
#5686=CARTESIAN_POINT('',(-0.0550129707996162,-0.021,0.0300297026925106));
#5687=CARTESIAN_POINT('',(0.,-0.021,-1.09863515750892E-17));
#5688=CARTESIAN_POINT('',(-0.0550129707996162,-0.021,-0.0300297026925106));
#5689=CARTESIAN_POINT('',(-0.000750000000000011,-0.021,0.00129903810567668));
#5690=CARTESIAN_POINT('',(-0.0508093397878957,-0.021,-0.0276027351963199));
#5691=CARTESIAN_POINT('',(-0.0493093397878957,-0.021,-0.0302008114076732));
#5692=CARTESIAN_POINT('',(-0.0493093397878957,-0.021,-0.0302008114076732));
#5693=CARTESIAN_POINT('',(0.00074999999999999,-0.021,-0.00129903810567664));
#5694=CARTESIAN_POINT('',(-0.0535129707996162,-0.021,-0.0326277789038639));
#5695=CARTESIAN_POINT('',(0.,-0.021,-1.09863515750892E-17));
#5696=CARTESIAN_POINT('',(-0.0015,-0.021,-0.0626574815963745));
#5697=CARTESIAN_POINT('',(-0.0015,-0.021,-1.83697019872103E-19));
#5698=CARTESIAN_POINT('',(-0.0015,-0.021,-0.0578035466039931));
#5699=CARTESIAN_POINT('',(-0.0015,-0.021,-0.0578035466039931));
#5700=CARTESIAN_POINT('',(0.0015,-0.021,-0.0578035466039931));
#5701=CARTESIAN_POINT('',(0.0015,-0.021,1.83697019872103E-19));
#5702=CARTESIAN_POINT('',(0.0015,-0.021,-0.0626574815963745));
#5703=CARTESIAN_POINT('',(0.,-0.021,-1.09863515750892E-17));
#5704=CARTESIAN_POINT('',(0.0535129707996163,-0.021,-0.0326277789038638));
#5705=CARTESIAN_POINT('',(-0.000749999999999989,-0.021,-0.00129903810567664));
#5706=CARTESIAN_POINT('',(0.0493093397878958,-0.021,-0.0302008114076732));
#5707=CARTESIAN_POINT('',(0.0493093397878957,-0.021,-0.0302008114076732));
#5708=CARTESIAN_POINT('',(0.0508093397878958,-0.021,-0.0276027351963199));
#5709=CARTESIAN_POINT('',(0.00075000000000001,-0.021,0.00129903810567668));
#5710=CARTESIAN_POINT('',(0.0550129707996162,-0.021,-0.0300297026925106));
#5711=CARTESIAN_POINT('',(0.,-0.021,-1.09863515750892E-17));
#5712=CARTESIAN_POINT('',(0.0550129707996162,-0.021,0.0300297026925106));
#5713=CARTESIAN_POINT('',(0.000749999999999989,-0.021,-0.00129903810567664));
#5714=CARTESIAN_POINT('',(0.0508093397878957,-0.021,0.0276027351963199));
#5715=CARTESIAN_POINT('',(0.0508093397878957,-0.021,0.0276027351963199));
#5716=CARTESIAN_POINT('',(0.0493093397878957,-0.021,0.0302008114076733));
#5717=CARTESIAN_POINT('',(-0.000750000000000011,-0.021,0.00129903810567668));
#5718=CARTESIAN_POINT('',(0.0535129707996162,-0.021,0.0326277789038639));
#5719=CARTESIAN_POINT('',(0.,-0.021,-1.09863515750892E-17));
#5720=CARTESIAN_POINT('',(-1.5178830414797E-17,-0.021,-1.6306400674182E-16));
#5721=CARTESIAN_POINT('',(0.00771947623954285,-0.021,-0.060509583427645));
#5722=CARTESIAN_POINT('',(0.048543098300983,-0.021,-0.0369400542411769));
#5723=CARTESIAN_POINT('',(0.00485973811977141,-0.021,-0.0587510078757409));
#5724=CARTESIAN_POINT('',(0.002,-0.021,-0.0569924323238367));
#5725=CARTESIAN_POINT('',(8.71428345807769E-18,-0.021,-0.0569924323238367));
#5726=CARTESIAN_POINT('',(-0.00199999999999997,-0.021,-0.0569924323238367));
#5727=CARTESIAN_POINT('',(-0.00485973811977139,-0.021,-0.0587510078757409));
#5728=CARTESIAN_POINT('',(-0.00771947623954283,-0.021,-0.060509583427645));
#5729=CARTESIAN_POINT('',(-1.5178830414797E-17,-0.021,-1.6306400674182E-16));
#5730=CARTESIAN_POINT('',(-0.048543098300983,-0.021,-0.036940054241177));
#5731=CARTESIAN_POINT('',(-0.0484499962584455,-0.021,-0.0335841606053321));
#5732=CARTESIAN_POINT('',(-0.048356894215908,-0.021,-0.0302282669694872));
#5733=CARTESIAN_POINT('',(-0.049356894215908,-0.021,-0.0284962161619184));
#5734=CARTESIAN_POINT('',(-0.050356894215908,-0.021,-0.0267641653543495));
#5735=CARTESIAN_POINT('',(-0.0533097343782169,-0.021,-0.0251668472704088));
#5736=CARTESIAN_POINT('',(-0.0562625745405258,-0.021,-0.0235695291864681));
#5737=CARTESIAN_POINT('',(-1.5178830414797E-17,-0.021,-1.6306400674182E-16));
#5738=CARTESIAN_POINT('',(-0.0562625745405259,-0.021,0.023569529186468));
#5739=CARTESIAN_POINT('',(-0.053309734378217,-0.021,0.0251668472704088));
#5740=CARTESIAN_POINT('',(-0.050356894215908,-0.021,0.0267641653543495));
#5741=CARTESIAN_POINT('',(-0.0493568942159081,-0.021,0.0284962161619183));
#5742=CARTESIAN_POINT('',(-0.0483568942159081,-0.021,0.0302282669694872));
#5743=CARTESIAN_POINT('',(-0.0484499962584456,-0.021,0.0335841606053321));
#5744=CARTESIAN_POINT('',(-0.0485430983009831,-0.021,0.036940054241177));
#5745=CARTESIAN_POINT('',(-1.5178830414797E-17,-0.021,-1.6306400674182E-16));
#5746=CARTESIAN_POINT('',(-0.00771947623954284,-0.021,0.060509583427645));
#5747=CARTESIAN_POINT('',(-0.0048597381197714,-0.021,0.0587510078757409));
#5748=CARTESIAN_POINT('',(-0.002,-0.021,0.0569924323238368));
#5749=CARTESIAN_POINT('',(-1.7347234759768E-18,-0.021,0.0569924323238368));
#5750=CARTESIAN_POINT('',(0.002,-0.021,0.0569924323238368));
#5751=CARTESIAN_POINT('',(0.0048597381197714,-0.021,0.0587510078757409));
#5752=CARTESIAN_POINT('',(0.00771947623954283,-0.021,0.060509583427645));
#5753=CARTESIAN_POINT('',(-1.5178830414797E-17,-0.021,-1.6306400674182E-16));
#5754=CARTESIAN_POINT('',(0.048543098300983,-0.021,0.036940054241177));
#5755=CARTESIAN_POINT('',(0.0484499962584455,-0.021,0.0335841606053322));
#5756=CARTESIAN_POINT('',(0.048356894215908,-0.021,0.0302282669694873));
#5757=CARTESIAN_POINT('',(0.049356894215908,-0.021,0.0284962161619184));
#5758=CARTESIAN_POINT('',(0.050356894215908,-0.021,0.0267641653543495));
#5759=CARTESIAN_POINT('',(0.0533097343782169,-0.021,0.0251668472704088));
#5760=CARTESIAN_POINT('',(0.0562625745405259,-0.021,0.0235695291864681));
#5761=CARTESIAN_POINT('',(-1.5178830414797E-17,-0.021,-1.6306400674182E-16));
#5762=CARTESIAN_POINT('',(0.0562625745405259,-0.021,-0.023569529186468));
#5763=CARTESIAN_POINT('',(0.053309734378217,-0.021,-0.0251668472704087));
#5764=CARTESIAN_POINT('',(0.050356894215908,-0.021,-0.0267641653543495));
#5765=CARTESIAN_POINT('',(0.049356894215908,-0.021,-0.0284962161619183));
#5766=CARTESIAN_POINT('',(0.048356894215908,-0.021,-0.0302282669694872));
#5767=CARTESIAN_POINT('',(0.0484499962584456,-0.021,-0.0335841606053321));
#5768=CARTESIAN_POINT('',(0.,-0.021,3.88825358729284E-18));
#5769=CARTESIAN_POINT('',(0.,-0.017,3.88825358729284E-18));
#5770=CARTESIAN_POINT('',(0.,-0.021,3.88825358729284E-18));
#5771=CARTESIAN_POINT('',(0.,-0.017,3.88825358729284E-18));
#5772=CARTESIAN_POINT('',(0.,-0.021,3.88825358729284E-18));
#5773=CARTESIAN_POINT('',(0.,-0.017,3.88825358729284E-18));
#5774=CARTESIAN_POINT('',(0.,-0.021,3.88825358729284E-18));
#5775=CARTESIAN_POINT('',(0.,-0.017,3.88825358729284E-18));
#5776=CARTESIAN_POINT('',(0.,-0.021,3.88825358729284E-18));
#5777=CARTESIAN_POINT('',(0.,-0.017,3.88825358729284E-18));
#5778=CARTESIAN_POINT('',(0.,-0.021,3.88825358729284E-18));
#5779=CARTESIAN_POINT('',(0.,-0.017,3.88825358729284E-18));
#5780=CARTESIAN_POINT('',(0.,-0.017,0.));
#5781=CARTESIAN_POINT('',(-1.5178830414797E-17,-0.017,-1.6306400674182E-16));
#5782=CARTESIAN_POINT('',(0.00771947623954285,-0.017,-0.060509583427645));
#5783=CARTESIAN_POINT('',(0.0485430983009831,-0.017,-0.0369400542411774));
#5784=CARTESIAN_POINT('',(0.0484499962584456,-0.017,-0.0335841606053321));
#5785=CARTESIAN_POINT('',(0.0483568942159081,-0.017,-0.0302282669694872));
#5786=CARTESIAN_POINT('',(0.049356894215908,-0.017,-0.0284962161619183));
#5787=CARTESIAN_POINT('',(0.050356894215908,-0.017,-0.0267641653543495));
#5788=CARTESIAN_POINT('',(0.053309734378217,-0.017,-0.0251668472704087));
#5789=CARTESIAN_POINT('',(0.0562625745405259,-0.017,-0.023569529186468));
#5790=CARTESIAN_POINT('',(-1.5178830414797E-17,-0.017,-1.6306400674182E-16));
#5791=CARTESIAN_POINT('',(0.056262574540526,-0.017,0.0235695291864681));
#5792=CARTESIAN_POINT('',(0.0533097343782169,-0.017,0.0251668472704088));
#5793=CARTESIAN_POINT('',(0.050356894215908,-0.017,0.0267641653543495));
#5794=CARTESIAN_POINT('',(0.049356894215908,-0.017,0.0284962161619184));
#5795=CARTESIAN_POINT('',(0.048356894215908,-0.017,0.0302282669694873));
#5796=CARTESIAN_POINT('',(0.0484499962584455,-0.017,0.0335841606053322));
#5797=CARTESIAN_POINT('',(0.048543098300983,-0.017,0.036940054241177));
#5798=CARTESIAN_POINT('',(-1.5178830414797E-17,-0.017,-1.6306400674182E-16));
#5799=CARTESIAN_POINT('',(0.0077194762395428,-0.017,0.060509583427645));
#5800=CARTESIAN_POINT('',(0.0048597381197714,-0.017,0.0587510078757409));
#5801=CARTESIAN_POINT('',(0.002,-0.017,0.0569924323238368));
#5802=CARTESIAN_POINT('',(-1.7347234759768E-18,-0.017,0.0569924323238368));
#5803=CARTESIAN_POINT('',(-0.002,-0.017,0.0569924323238368));
#5804=CARTESIAN_POINT('',(-0.0048597381197714,-0.017,0.0587510078757409));
#5805=CARTESIAN_POINT('',(-0.00771947623954284,-0.017,0.060509583427645));
#5806=CARTESIAN_POINT('',(-1.5178830414797E-17,-0.017,-1.6306400674182E-16));
#5807=CARTESIAN_POINT('',(-0.0485430983009831,-0.017,0.0369400542411771));
#5808=CARTESIAN_POINT('',(-0.0484499962584456,-0.017,0.0335841606053321));
#5809=CARTESIAN_POINT('',(-0.0483568942159081,-0.017,0.0302282669694872));
#5810=CARTESIAN_POINT('',(-0.0493568942159081,-0.017,0.0284962161619183));
#5811=CARTESIAN_POINT('',(-0.0503568942159081,-0.017,0.0267641653543495));
#5812=CARTESIAN_POINT('',(-0.053309734378217,-0.017,0.0251668472704087));
#5813=CARTESIAN_POINT('',(-0.0562625745405259,-0.017,0.023569529186468));
#5814=CARTESIAN_POINT('',(-1.5178830414797E-17,-0.017,-1.6306400674182E-16));
#5815=CARTESIAN_POINT('',(-0.0562625745405262,-0.017,-0.0235695291864679));
#5816=CARTESIAN_POINT('',(-0.0533097343782169,-0.017,-0.0251668472704088));
#5817=CARTESIAN_POINT('',(-0.050356894215908,-0.017,-0.0267641653543495));
#5818=CARTESIAN_POINT('',(-0.049356894215908,-0.017,-0.0284962161619184));
#5819=CARTESIAN_POINT('',(-0.048356894215908,-0.017,-0.0302282669694872));
#5820=CARTESIAN_POINT('',(-0.0484499962584455,-0.017,-0.0335841606053321));
#5821=CARTESIAN_POINT('',(-0.048543098300983,-0.017,-0.036940054241177));
#5822=CARTESIAN_POINT('',(-1.5178830414797E-17,-0.017,-1.6306400674182E-16));
#5823=CARTESIAN_POINT('',(-0.00771947623954329,-0.017,-0.0605095834276453));
#5824=CARTESIAN_POINT('',(-0.00485973811977139,-0.017,-0.0587510078757409));
#5825=CARTESIAN_POINT('',(-0.00199999999999997,-0.017,-0.0569924323238368));
#5826=CARTESIAN_POINT('',(8.71428345807769E-18,-0.017,-0.0569924323238368));
#5827=CARTESIAN_POINT('',(0.002,-0.017,-0.0569924323238368));
#5828=CARTESIAN_POINT('',(0.00485973811977141,-0.017,-0.0587510078757409));
#5829=CARTESIAN_POINT('',(-1.5178830414797E-17,-0.021,-1.6306400674182E-16));
#5830=CARTESIAN_POINT('',(0.00771947623954283,-0.021,0.060509583427645));
#5831=CARTESIAN_POINT('',(0.048543098300983,-0.021,0.036940054241177));
#5832=CARTESIAN_POINT('',(-1.5178830414797E-17,-0.021,-1.6306400674182E-16));
#5833=CARTESIAN_POINT('',(-0.00771947623954284,-0.021,0.060509583427645));
#5834=CARTESIAN_POINT('',(-0.0485430983009831,-0.021,0.036940054241177));
#5835=CARTESIAN_POINT('',(-1.5178830414797E-17,-0.021,-1.6306400674182E-16));
#5836=CARTESIAN_POINT('',(-0.0562625745405259,-0.021,0.023569529186468));
#5837=CARTESIAN_POINT('',(-0.0562625745405258,-0.021,-0.0235695291864681));
#5838=CARTESIAN_POINT('',(-1.5178830414797E-17,-0.021,-1.6306400674182E-16));
#5839=CARTESIAN_POINT('',(-0.048543098300983,-0.021,-0.036940054241177));
#5840=CARTESIAN_POINT('',(-0.00771947623954283,-0.021,-0.060509583427645));
#5841=CARTESIAN_POINT('',(-1.5178830414797E-17,-0.021,-1.6306400674182E-16));
#5842=CARTESIAN_POINT('',(0.00771947623954285,-0.021,-0.060509583427645));
#5843=CARTESIAN_POINT('',(0.048543098300983,-0.021,-0.0369400542411769));
#5844=CARTESIAN_POINT('',(-1.5178830414797E-17,-0.021,-1.6306400674182E-16));
#5845=CARTESIAN_POINT('',(0.0562625745405259,-0.021,-0.023569529186468));
#5846=CARTESIAN_POINT('',(0.0562625745405259,-0.021,0.0235695291864681));
#5847=CARTESIAN_POINT('',(0.049356894215908,-0.021,0.0284962161619184));
#5848=CARTESIAN_POINT('',(0.050356894215908,-0.021,0.0267641653543495));
#5849=CARTESIAN_POINT('',(0.048356894215908,-0.021,0.0302282669694873));
#5850=CARTESIAN_POINT('',(0.0533097343782169,-0.021,0.0251668472704088));
#5851=CARTESIAN_POINT('',(0.0484499962584455,-0.021,0.0335841606053322));
#5852=CARTESIAN_POINT('',(0.049356894215908,-0.021,-0.0284962161619183));
#5853=CARTESIAN_POINT('',(0.048356894215908,-0.021,-0.0302282669694872));
#5854=CARTESIAN_POINT('',(0.050356894215908,-0.021,-0.0267641653543495));
#5855=CARTESIAN_POINT('',(0.0484499962584456,-0.021,-0.0335841606053321));
#5856=CARTESIAN_POINT('',(0.053309734378217,-0.021,-0.0251668472704087));
#5857=CARTESIAN_POINT('',(8.71428345807769E-18,-0.021,-0.0569924323238367));
#5858=CARTESIAN_POINT('',(-0.00199999999999997,-0.021,-0.0569924323238367));
#5859=CARTESIAN_POINT('',(0.002,-0.021,-0.0569924323238367));
#5860=CARTESIAN_POINT('',(-0.00485973811977139,-0.021,-0.0587510078757409));
#5861=CARTESIAN_POINT('',(0.00485973811977141,-0.021,-0.0587510078757409));
#5862=CARTESIAN_POINT('',(-0.049356894215908,-0.021,-0.0284962161619184));
#5863=CARTESIAN_POINT('',(-0.050356894215908,-0.021,-0.0267641653543495));
#5864=CARTESIAN_POINT('',(-0.048356894215908,-0.021,-0.0302282669694872));
#5865=CARTESIAN_POINT('',(-0.0533097343782169,-0.021,-0.0251668472704088));
#5866=CARTESIAN_POINT('',(-0.0484499962584455,-0.021,-0.0335841606053321));
#5867=CARTESIAN_POINT('',(-0.0493568942159081,-0.021,0.0284962161619183));
#5868=CARTESIAN_POINT('',(-0.0483568942159081,-0.021,0.0302282669694872));
#5869=CARTESIAN_POINT('',(-0.050356894215908,-0.021,0.0267641653543495));
#5870=CARTESIAN_POINT('',(-0.0484499962584456,-0.021,0.0335841606053321));
#5871=CARTESIAN_POINT('',(-0.053309734378217,-0.021,0.0251668472704088));
#5872=CARTESIAN_POINT('',(-1.7347234759768E-18,-0.021,0.0569924323238368));
#5873=CARTESIAN_POINT('',(0.002,-0.021,0.0569924323238368));
#5874=CARTESIAN_POINT('',(-0.002,-0.021,0.0569924323238368));
#5875=CARTESIAN_POINT('',(0.0048597381197714,-0.021,0.0587510078757409));
#5876=CARTESIAN_POINT('',(-0.0048597381197714,-0.021,0.0587510078757409));
#5877=CARTESIAN_POINT('',(0.000750000000000015,-0.01375,-0.00129903810567663));
#5878=CARTESIAN_POINT('',(0.000749999999999979,-0.041,-0.00129903810567662));
#5879=CARTESIAN_POINT('',(-0.0389480792986261,-0.041,-0.0242187348750495));
#5880=CARTESIAN_POINT('',(-0.0425317802314092,-0.041,-0.026287785573287));
#5881=CARTESIAN_POINT('',(-0.0425317802314092,-0.045,-0.026287785573287));
#5882=CARTESIAN_POINT('',(-0.0425317802314092,-0.0432343613344757,-0.026287785573287));
#5883=CARTESIAN_POINT('',(0.00075,1.11515066554814E-17,-0.00129903810567666));
#5884=CARTESIAN_POINT('',(0.00075,1.15740098011872E-17,-0.00129903810567665));
#5885=CARTESIAN_POINT('',(-0.00075,1.4697276959081E-17,0.00129903810567666));
#5886=CARTESIAN_POINT('',(-0.00075,1.4697276959081E-17,0.00129903810567666));
#5887=CARTESIAN_POINT('',(-0.0404480792986261,-0.041,-0.0216206586636961));
#5888=CARTESIAN_POINT('',(-0.0389480792986261,-0.041,-0.0242187348750495));
#5889=CARTESIAN_POINT('',(-0.000749999999999986,-0.01375,0.00129903810567668));
#5890=CARTESIAN_POINT('',(-0.00075,1.42747738133752E-17,0.00129903810567665));
#5891=CARTESIAN_POINT('',(-0.0440317802314092,-0.0432343613344757,-0.0236897093619336));
#5892=CARTESIAN_POINT('',(-0.0440317802314092,-0.045,-0.0236897093619336));
#5893=CARTESIAN_POINT('',(-0.0440317802314092,-0.041,-0.0236897093619336));
#5894=CARTESIAN_POINT('',(-0.000750000000000022,-0.041,0.00129903810567669));
#5895=CARTESIAN_POINT('',(-0.0015,-0.01375,3.28753204434148E-17));
#5896=CARTESIAN_POINT('',(-0.0015,-0.045,-0.0499774949352206));
#5897=CARTESIAN_POINT('',(-0.0015,-0.041,-0.0499774949352206));
#5898=CARTESIAN_POINT('',(-0.0015,-0.0432343613344757,-0.0499774949352206));
#5899=CARTESIAN_POINT('',(-0.0015,-0.041,-1.83697019872103E-19));
#5900=CARTESIAN_POINT('',(-0.0015,-0.041,-0.0458393935387457));
#5901=CARTESIAN_POINT('',(-0.0015,1.31356433801341E-17,4.74944315200338E-18));
#5902=CARTESIAN_POINT('',(-0.0015,1.27131402344282E-17,-1.11700485949613E-17));
#5903=CARTESIAN_POINT('',(-0.0015,1.31356433801341E-17,4.74944315200338E-18));
#5904=CARTESIAN_POINT('',(-0.0015,-0.041,-0.0458393935387457));
#5905=CARTESIAN_POINT('',(0.0015,-0.041,-0.0458393935387457));
#5906=CARTESIAN_POINT('',(0.0015,1.31356433801341E-17,5.11683719174759E-18));
#5907=CARTESIAN_POINT('',(0.0015,-0.01375,3.3242714483159E-17));
#5908=CARTESIAN_POINT('',(0.0015,-0.041,1.83697019872103E-19));
#5909=CARTESIAN_POINT('',(0.0015,-0.041,-0.0499774949352206));
#5910=CARTESIAN_POINT('',(0.0015,-0.045,-0.0499774949352206));
#5911=CARTESIAN_POINT('',(0.0015,-0.0432343613344757,-0.0499774949352206));
#5912=CARTESIAN_POINT('',(0.0015,1.27131402344282E-17,-1.08026545552171E-17));
#5913=CARTESIAN_POINT('',(0.000749999999999985,-0.01375,0.00129903810567668));
#5914=CARTESIAN_POINT('',(0.000750000000000021,-0.041,0.00129903810567669));
#5915=CARTESIAN_POINT('',(0.0404480792986261,-0.041,-0.0216206586636961));
#5916=CARTESIAN_POINT('',(0.0440317802314092,-0.041,-0.0236897093619336));
#5917=CARTESIAN_POINT('',(0.0440317802314092,-0.045,-0.0236897093619336));
#5918=CARTESIAN_POINT('',(0.0440317802314092,-0.0432343613344757,-0.0236897093619336));
#5919=CARTESIAN_POINT('',(0.00075,1.42747738133752E-17,0.00129903810567665));
#5920=CARTESIAN_POINT('',(0.00075,1.4697276959081E-17,0.00129903810567666));
#5921=CARTESIAN_POINT('',(-0.000750000000000014,-0.01375,-0.00129903810567663));
#5922=CARTESIAN_POINT('',(0.0425317802314092,-0.045,-0.0262877855732869));
#5923=CARTESIAN_POINT('',(0.0425317802314092,-0.041,-0.0262877855732869));
#5924=CARTESIAN_POINT('',(0.0425317802314092,-0.0432343613344757,-0.0262877855732869));
#5925=CARTESIAN_POINT('',(-0.000749999999999978,-0.041,-0.00129903810567662));
#5926=CARTESIAN_POINT('',(0.0389480792986261,-0.041,-0.0242187348750494));
#5927=CARTESIAN_POINT('',(-0.00075,1.15740098011872E-17,-0.00129903810567666));
#5928=CARTESIAN_POINT('',(-0.00075,1.11515066554814E-17,-0.00129903810567666));
#5929=CARTESIAN_POINT('',(-0.00075,1.15740098011872E-17,-0.00129903810567666));
#5930=CARTESIAN_POINT('',(0.0389480792986261,-0.041,-0.0242187348750495));
#5931=CARTESIAN_POINT('',(0.000749999999999986,-0.01375,-0.00129903810567665));
#5932=CARTESIAN_POINT('',(0.0440317802314092,-0.045,0.0236897093619337));
#5933=CARTESIAN_POINT('',(0.0440317802314092,-0.041,0.0236897093619337));
#5934=CARTESIAN_POINT('',(0.0440317802314092,-0.0432343613344757,0.0236897093619337));
#5935=CARTESIAN_POINT('',(0.000749999999999979,-0.041,-0.00129903810567662));
#5936=CARTESIAN_POINT('',(0.040448079298626,-0.041,0.0216206586636962));
#5937=CARTESIAN_POINT('',(0.00075,1.15740098011872E-17,-0.00129903810567666));
#5938=CARTESIAN_POINT('',(0.00075,1.11515066554814E-17,-0.00129903810567666));
#5939=CARTESIAN_POINT('',(0.00075,1.15740098011872E-17,-0.00129903810567666));
#5940=CARTESIAN_POINT('',(0.040448079298626,-0.041,0.0216206586636962));
#5941=CARTESIAN_POINT('',(0.038948079298626,-0.041,0.0242187348750495));
#5942=CARTESIAN_POINT('',(-0.00075,1.4697276959081E-17,0.00129903810567666));
#5943=CARTESIAN_POINT('',(-0.000750000000000015,-0.01375,0.00129903810567667));
#5944=CARTESIAN_POINT('',(-0.000750000000000022,-0.041,0.00129903810567669));
#5945=CARTESIAN_POINT('',(0.0425317802314092,-0.041,0.026287785573287));
#5946=CARTESIAN_POINT('',(0.0425317802314092,-0.045,0.026287785573287));
#5947=CARTESIAN_POINT('',(0.0425317802314092,-0.0432343613344757,0.026287785573287));
#5948=CARTESIAN_POINT('',(-0.00075,1.42747738133752E-17,0.00129903810567665));
#5949=CARTESIAN_POINT('',(0.0015,1.31356433801341E-17,-4.93314017187552E-18));
#5950=CARTESIAN_POINT('',(0.0015,1.31356433801341E-17,-4.93314017187552E-18));
#5951=CARTESIAN_POINT('',(0.0015,-0.041,0.0458393935387457));
#5952=CARTESIAN_POINT('',(0.0015,-0.041,0.0458393935387457));
#5953=CARTESIAN_POINT('',(-0.0015,-0.041,0.0458393935387457));
#5954=CARTESIAN_POINT('',(-0.0015,1.31356433801341E-17,-4.93314017187552E-18));
#5955=CARTESIAN_POINT('',(-0.0015,-0.01375,0.));
#5956=CARTESIAN_POINT('',(-0.0015,-0.041,0.));
#5957=CARTESIAN_POINT('',(-0.0015,-0.041,0.0499774949352206));
#5958=CARTESIAN_POINT('',(-0.0015,-0.045,0.0499774949352206));
#5959=CARTESIAN_POINT('',(-0.0015,-0.0432343613344757,0.0499774949352206));
#5960=CARTESIAN_POINT('',(-0.0015,1.27131402344282E-17,-1.09863515750892E-17));
#5961=CARTESIAN_POINT('',(0.0015,-0.01375,0.));
#5962=CARTESIAN_POINT('',(0.0015,-0.045,0.0499774949352206));
#5963=CARTESIAN_POINT('',(0.0015,-0.041,0.0499774949352206));
#5964=CARTESIAN_POINT('',(0.0015,-0.0432343613344757,0.0499774949352206));
#5965=CARTESIAN_POINT('',(0.0015,-0.041,0.));
#5966=CARTESIAN_POINT('',(0.0015,1.27131402344282E-17,-1.09863515750892E-17));
#5967=CARTESIAN_POINT('',(0.,1.27131402344282E-17,-1.09863515750892E-17));
#5968=CARTESIAN_POINT('',(0.,-0.0432343613344757,3.06161699786838E-18));
#5969=CARTESIAN_POINT('',(-0.000749999999999985,-0.01375,-0.00129903810567665));
#5970=CARTESIAN_POINT('',(-0.000749999999999978,-0.041,-0.00129903810567662));
#5971=CARTESIAN_POINT('',(-0.040448079298626,-0.041,0.0216206586636962));
#5972=CARTESIAN_POINT('',(-0.0440317802314092,-0.041,0.0236897093619336));
#5973=CARTESIAN_POINT('',(-0.0440317802314092,-0.045,0.0236897093619336));
#5974=CARTESIAN_POINT('',(-0.0440317802314092,-0.0432343613344757,0.0236897093619336));
#5975=CARTESIAN_POINT('',(-0.00075,1.11515066554814E-17,-0.00129903810567666));
#5976=CARTESIAN_POINT('',(-0.00075,1.15740098011872E-17,-0.00129903810567666));
#5977=CARTESIAN_POINT('',(0.000749999999999985,-0.01375,0.00129903810567668));
#5978=CARTESIAN_POINT('',(-0.0425317802314092,-0.045,0.026287785573287));
#5979=CARTESIAN_POINT('',(-0.0425317802314092,-0.041,0.026287785573287));
#5980=CARTESIAN_POINT('',(-0.0425317802314092,-0.0432343613344757,0.026287785573287));
#5981=CARTESIAN_POINT('',(0.00075000000000002,-0.041,0.0012990381056767));
#5982=CARTESIAN_POINT('',(-0.038948079298626,-0.041,0.0242187348750495));
#5983=CARTESIAN_POINT('',(0.00075,1.4697276959081E-17,0.00129903810567666));
#5984=CARTESIAN_POINT('',(0.00075,1.42747738133752E-17,0.00129903810567665));
#5985=CARTESIAN_POINT('',(-0.00075,1.15740098011872E-17,-0.00129903810567666));
#5986=CARTESIAN_POINT('',(-0.0389480792986261,-0.041,0.0242187348750495));
#5987=CARTESIAN_POINT('',(0.,1.27131402344282E-17,-1.09863515750892E-17));
#5988=CARTESIAN_POINT('',(0.,-0.0432343613344757,3.06161699786838E-18));
#5989=CARTESIAN_POINT('',(0.,1.27131402344282E-17,-1.09863515750892E-17));
#5990=CARTESIAN_POINT('',(0.,-0.0432343613344757,3.06161699786838E-18));
#5991=CARTESIAN_POINT('',(0.,1.27131402344282E-17,-1.09863515750892E-17));
#5992=CARTESIAN_POINT('',(0.,-0.0432343613344757,3.06161699786838E-18));
#5993=CARTESIAN_POINT('',(0.,1.27131402344282E-17,-1.09863515750892E-17));
#5994=CARTESIAN_POINT('',(0.,-0.0432343613344757,3.06161699786838E-18));
#5995=CARTESIAN_POINT('',(0.,1.27131402344282E-17,-1.09863515750892E-17));
#5996=CARTESIAN_POINT('',(0.,-0.0432343613344757,3.06161699786838E-18));
#5997=CARTESIAN_POINT('',(0.,-0.045,0.));
#5998=CARTESIAN_POINT('',(-2.16840434497101E-19,-0.045,0.0425));
#5999=CARTESIAN_POINT('',(-0.0015,-0.045,0.0425));
#6000=CARTESIAN_POINT('',(-0.002,-0.045,0.0425));
#6001=CARTESIAN_POINT('',(-0.0015,-0.045,0.));
#6002=CARTESIAN_POINT('',(-0.0015,-0.045,0.048393801255946));
#6003=CARTESIAN_POINT('',(0.,-0.045,-1.09863515750892E-17));
#6004=CARTESIAN_POINT('',(-0.0411602612733445,-0.045,0.0254959387336497));
#6005=CARTESIAN_POINT('',(0.000750000000000023,-0.045,0.0012990381056767));
#6006=CARTESIAN_POINT('',(-0.0360560796608386,-0.045,0.0225490381056767));
#6007=CARTESIAN_POINT('',(-0.0368060796608386,-0.045,0.02125));
#6008=CARTESIAN_POINT('',(-0.0358060796608386,-0.045,0.0229820508075688));
#6009=CARTESIAN_POINT('',(-0.0364965738154476,-0.045,0.0262674591395544));
#6010=CARTESIAN_POINT('',(-0.0371870679700566,-0.045,0.0295528674715398));
#6011=CARTESIAN_POINT('',(3.03576608295941E-18,-0.045,2.77555756156289E-17));
#6012=CARTESIAN_POINT('',(-0.007,-0.045,0.0469813792900975));
#6013=CARTESIAN_POINT('',(-0.0045,-0.045,0.0447406896450488));
#6014=CARTESIAN_POINT('',(0.,-0.045,0.));
#6015=CARTESIAN_POINT('',(-0.0368060796608386,-0.045,0.02125));
#6016=CARTESIAN_POINT('',(-0.0375560796608386,-0.045,0.0199509618943234));
#6017=CARTESIAN_POINT('',(-0.0378060796608386,-0.045,0.0195179491924312));
#6018=CARTESIAN_POINT('',(-0.000749999999999976,-0.045,-0.00129903810567662));
#6019=CARTESIAN_POINT('',(-0.0426602612733445,-0.045,0.0228978625222963));
#6020=CARTESIAN_POINT('',(0.,-0.045,-1.09863515750892E-17));
#6021=CARTESIAN_POINT('',(-0.0426602612733446,-0.045,-0.0228978625222963));
#6022=CARTESIAN_POINT('',(-0.000750000000000024,-0.045,0.0012990381056767));
#6023=CARTESIAN_POINT('',(-0.0375560796608386,-0.045,-0.0199509618943233));
#6024=CARTESIAN_POINT('',(-0.0368060796608386,-0.045,-0.02125));
#6025=CARTESIAN_POINT('',(-0.0378060796608386,-0.045,-0.019517949192431));
#6026=CARTESIAN_POINT('',(-0.0409965738154476,-0.045,-0.0184732305054944));
#6027=CARTESIAN_POINT('',(-0.0441870679700564,-0.045,-0.0174285118185576));
#6028=CARTESIAN_POINT('',(3.03576608295941E-18,-0.045,2.77555756156289E-17));
#6029=CARTESIAN_POINT('',(-0.0441870679700565,-0.045,0.0174285118185576));
#6030=CARTESIAN_POINT('',(-0.0409965738154476,-0.045,0.0184732305054944));
#6031=CARTESIAN_POINT('',(0.,-0.045,0.));
#6032=CARTESIAN_POINT('',(-0.0368060796608386,-0.045,-0.02125));
#6033=CARTESIAN_POINT('',(-0.0360560796608386,-0.045,-0.0225490381056766));
#6034=CARTESIAN_POINT('',(-0.0358060796608386,-0.045,-0.0229820508075688));
#6035=CARTESIAN_POINT('',(0.000749999999999977,-0.045,-0.00129903810567662));
#6036=CARTESIAN_POINT('',(-0.0411602612733446,-0.045,-0.0254959387336497));
#6037=CARTESIAN_POINT('',(0.,-0.045,-1.09863515750892E-17));
#6038=CARTESIAN_POINT('',(-0.0015,-0.045,-0.048393801255946));
#6039=CARTESIAN_POINT('',(-0.0015,-0.045,-1.83697019872103E-19));
#6040=CARTESIAN_POINT('',(-0.0015,-0.045,-0.0425));
#6041=CARTESIAN_POINT('',(5.42158933087335E-18,-0.045,-0.0425));
#6042=CARTESIAN_POINT('',(-0.002,-0.045,-0.0425));
#6043=CARTESIAN_POINT('',(-0.0045,-0.045,-0.0447406896450487));
#6044=CARTESIAN_POINT('',(-0.007,-0.045,-0.0469813792900974));
#6045=CARTESIAN_POINT('',(3.03576608295941E-18,-0.045,2.77555756156289E-17));
#6046=CARTESIAN_POINT('',(-0.0371870679700565,-0.045,-0.0295528674715397));
#6047=CARTESIAN_POINT('',(-0.0364965738154476,-0.045,-0.0262674591395543));
#6048=CARTESIAN_POINT('',(0.,-0.045,0.));
#6049=CARTESIAN_POINT('',(5.42158933087335E-18,-0.045,-0.0425));
#6050=CARTESIAN_POINT('',(0.0015,-0.045,-0.0425));
#6051=CARTESIAN_POINT('',(0.002,-0.045,-0.0425));
#6052=CARTESIAN_POINT('',(0.0015,-0.045,1.83697019872103E-19));
#6053=CARTESIAN_POINT('',(0.0015,-0.045,-0.048393801255946));
#6054=CARTESIAN_POINT('',(0.,-0.045,-1.09863515750892E-17));
#6055=CARTESIAN_POINT('',(0.0411602612733446,-0.045,-0.0254959387336496));
#6056=CARTESIAN_POINT('',(-0.000749999999999976,-0.045,-0.00129903810567662));
#6057=CARTESIAN_POINT('',(0.0360560796608386,-0.045,-0.0225490381056765));
#6058=CARTESIAN_POINT('',(0.0368060796608386,-0.045,-0.02125));
#6059=CARTESIAN_POINT('',(0.0358060796608386,-0.045,-0.0229820508075688));
#6060=CARTESIAN_POINT('',(0.0364965738154476,-0.045,-0.0262674591395543));
#6061=CARTESIAN_POINT('',(0.0371870679700565,-0.045,-0.0295528674715397));
#6062=CARTESIAN_POINT('',(3.03576608295941E-18,-0.045,2.77555756156289E-17));
#6063=CARTESIAN_POINT('',(0.007,-0.045,-0.0469813792900974));
#6064=CARTESIAN_POINT('',(0.0045,-0.045,-0.0447406896450487));
#6065=CARTESIAN_POINT('',(0.,-0.045,0.));
#6066=CARTESIAN_POINT('',(0.0368060796608386,-0.045,-0.02125));
#6067=CARTESIAN_POINT('',(0.0375560796608386,-0.045,-0.0199509618943233));
#6068=CARTESIAN_POINT('',(0.0378060796608386,-0.045,-0.019517949192431));
#6069=CARTESIAN_POINT('',(0.000750000000000023,-0.045,0.0012990381056767));
#6070=CARTESIAN_POINT('',(0.0426602612733446,-0.045,-0.0228978625222963));
#6071=CARTESIAN_POINT('',(0.,-0.045,-1.09863515750892E-17));
#6072=CARTESIAN_POINT('',(0.0426602612733445,-0.045,0.0228978625222964));
#6073=CARTESIAN_POINT('',(0.000749999999999977,-0.045,-0.00129903810567662));
#6074=CARTESIAN_POINT('',(0.0375560796608386,-0.045,0.0199509618943234));
#6075=CARTESIAN_POINT('',(0.0368060796608386,-0.045,0.02125));
#6076=CARTESIAN_POINT('',(0.0378060796608386,-0.045,0.0195179491924312));
#6077=CARTESIAN_POINT('',(0.0409965738154476,-0.045,0.0184732305054944));
#6078=CARTESIAN_POINT('',(0.0441870679700565,-0.045,0.0174285118185577));
#6079=CARTESIAN_POINT('',(3.03576608295941E-18,-0.045,2.77555756156289E-17));
#6080=CARTESIAN_POINT('',(0.0441870679700565,-0.045,-0.0174285118185576));
#6081=CARTESIAN_POINT('',(0.0409965738154476,-0.045,-0.0184732305054943));
#6082=CARTESIAN_POINT('',(0.,-0.045,0.));
#6083=CARTESIAN_POINT('',(0.0015,-0.045,0.));
#6084=CARTESIAN_POINT('',(0.0015,-0.045,0.0425));
#6085=CARTESIAN_POINT('',(0.0015,-0.045,0.048393801255946));
#6086=CARTESIAN_POINT('',(-2.16840434497101E-19,-0.045,0.0425));
#6087=CARTESIAN_POINT('',(0.002,-0.045,0.0425));
#6088=CARTESIAN_POINT('',(0.0045,-0.045,0.0447406896450488));
#6089=CARTESIAN_POINT('',(0.007,-0.045,0.0469813792900975));
#6090=CARTESIAN_POINT('',(3.03576608295941E-18,-0.045,2.77555756156289E-17));
#6091=CARTESIAN_POINT('',(0.0371870679700565,-0.045,0.0295528674715398));
#6092=CARTESIAN_POINT('',(0.0364965738154476,-0.045,0.0262674591395544));
#6093=CARTESIAN_POINT('',(0.0358060796608386,-0.045,0.0229820508075689));
#6094=CARTESIAN_POINT('',(0.0368060796608386,-0.045,0.02125));
#6095=CARTESIAN_POINT('',(0.0360560796608386,-0.045,0.0225490381056767));
#6096=CARTESIAN_POINT('',(-0.000750000000000024,-0.045,0.0012990381056767));
#6097=CARTESIAN_POINT('',(0.0411602612733445,-0.045,0.0254959387336497));
#6098=CARTESIAN_POINT('',(0.,-0.045,-1.09863515750892E-17));
#6099=CARTESIAN_POINT('',(0.,-0.045,3.06161699786838E-18));
#6100=CARTESIAN_POINT('',(0.,-0.041,3.06161699786838E-18));
#6101=CARTESIAN_POINT('',(0.,-0.045,3.06161699786838E-18));
#6102=CARTESIAN_POINT('',(0.,-0.041,3.06161699786838E-18));
#6103=CARTESIAN_POINT('',(0.,-0.045,3.06161699786838E-18));
#6104=CARTESIAN_POINT('',(0.,-0.041,3.06161699786838E-18));
#6105=CARTESIAN_POINT('',(0.,-0.045,3.06161699786838E-18));
#6106=CARTESIAN_POINT('',(0.,-0.041,3.06161699786838E-18));
#6107=CARTESIAN_POINT('',(0.,-0.045,3.06161699786838E-18));
#6108=CARTESIAN_POINT('',(0.,-0.041,3.06161699786838E-18));
#6109=CARTESIAN_POINT('',(0.,-0.045,3.06161699786838E-18));
#6110=CARTESIAN_POINT('',(0.,-0.041,3.06161699786838E-18));
#6111=CARTESIAN_POINT('',(0.,-0.041,0.));
#6112=CARTESIAN_POINT('',(3.03576608295941E-18,-0.041,2.77555756156289E-17));
#6113=CARTESIAN_POINT('',(0.007,-0.041,-0.0469813792900974));
#6114=CARTESIAN_POINT('',(0.0371870679700566,-0.041,-0.0295528674715397));
#6115=CARTESIAN_POINT('',(0.0364965738154476,-0.041,-0.0262674591395543));
#6116=CARTESIAN_POINT('',(0.0358060796608386,-0.041,-0.0229820508075688));
#6117=CARTESIAN_POINT('',(0.0368060796608386,-0.041,-0.02125));
#6118=CARTESIAN_POINT('',(0.0378060796608386,-0.041,-0.019517949192431));
#6119=CARTESIAN_POINT('',(0.0409965738154476,-0.041,-0.0184732305054943));
#6120=CARTESIAN_POINT('',(0.0441870679700565,-0.041,-0.0174285118185576));
#6121=CARTESIAN_POINT('',(3.03576608295941E-18,-0.041,2.77555756156289E-17));
#6122=CARTESIAN_POINT('',(0.0441870679700565,-0.041,0.0174285118185577));
#6123=CARTESIAN_POINT('',(0.0409965738154476,-0.041,0.0184732305054944));
#6124=CARTESIAN_POINT('',(0.0378060796608386,-0.041,0.0195179491924312));
#6125=CARTESIAN_POINT('',(0.0368060796608386,-0.041,0.02125));
#6126=CARTESIAN_POINT('',(0.0358060796608386,-0.041,0.0229820508075689));
#6127=CARTESIAN_POINT('',(0.0364965738154476,-0.041,0.0262674591395544));
#6128=CARTESIAN_POINT('',(0.0371870679700565,-0.041,0.0295528674715398));
#6129=CARTESIAN_POINT('',(3.03576608295941E-18,-0.041,2.77555756156289E-17));
#6130=CARTESIAN_POINT('',(0.007,-0.041,0.0469813792900975));
#6131=CARTESIAN_POINT('',(0.0045,-0.041,0.0447406896450488));
#6132=CARTESIAN_POINT('',(0.002,-0.041,0.0425));
#6133=CARTESIAN_POINT('',(-2.16840434497101E-19,-0.041,0.0425));
#6134=CARTESIAN_POINT('',(-0.002,-0.041,0.0425));
#6135=CARTESIAN_POINT('',(-0.0045,-0.041,0.0447406896450488));
#6136=CARTESIAN_POINT('',(-0.007,-0.041,0.0469813792900975));
#6137=CARTESIAN_POINT('',(3.03576608295941E-18,-0.041,2.77555756156289E-17));
#6138=CARTESIAN_POINT('',(-0.0371870679700566,-0.041,0.0295528674715398));
#6139=CARTESIAN_POINT('',(-0.0364965738154476,-0.041,0.0262674591395544));
#6140=CARTESIAN_POINT('',(-0.0358060796608386,-0.041,0.0229820508075688));
#6141=CARTESIAN_POINT('',(-0.0368060796608386,-0.041,0.02125));
#6142=CARTESIAN_POINT('',(-0.0378060796608386,-0.041,0.0195179491924312));
#6143=CARTESIAN_POINT('',(-0.0409965738154476,-0.041,0.0184732305054944));
#6144=CARTESIAN_POINT('',(-0.0441870679700565,-0.041,0.0174285118185576));
#6145=CARTESIAN_POINT('',(3.03576608295941E-18,-0.041,2.77555756156289E-17));
#6146=CARTESIAN_POINT('',(-0.0441870679700565,-0.041,-0.0174285118185576));
#6147=CARTESIAN_POINT('',(-0.0409965738154476,-0.041,-0.0184732305054944));
#6148=CARTESIAN_POINT('',(-0.0378060796608386,-0.041,-0.0195179491924311));
#6149=CARTESIAN_POINT('',(-0.0368060796608386,-0.041,-0.02125));
#6150=CARTESIAN_POINT('',(-0.0358060796608386,-0.041,-0.0229820508075688));
#6151=CARTESIAN_POINT('',(-0.0364965738154476,-0.041,-0.0262674591395543));
#6152=CARTESIAN_POINT('',(-0.0371870679700565,-0.041,-0.0295528674715397));
#6153=CARTESIAN_POINT('',(3.03576608295941E-18,-0.041,2.77555756156289E-17));
#6154=CARTESIAN_POINT('',(-0.007,-0.041,-0.0469813792900974));
#6155=CARTESIAN_POINT('',(-0.0045,-0.041,-0.0447406896450487));
#6156=CARTESIAN_POINT('',(-0.002,-0.041,-0.0425));
#6157=CARTESIAN_POINT('',(5.42158933087335E-18,-0.041,-0.0425));
#6158=CARTESIAN_POINT('',(0.002,-0.041,-0.0425));
#6159=CARTESIAN_POINT('',(0.0045,-0.041,-0.0447406896450487));
#6160=CARTESIAN_POINT('',(0.0368060796608386,-0.045,0.02125));
#6161=CARTESIAN_POINT('',(0.0375560796608386,-0.0444522215417857,0.0199509618943234));
#6162=CARTESIAN_POINT('',(0.0360560796608386,-0.0444522215417857,0.0225490381056767));
#6163=CARTESIAN_POINT('',(0.0375560796608386,-0.0444522215417857,0.0199509618943234));
#6164=CARTESIAN_POINT('',(0.0360560796608386,-0.045,0.0225490381056767));
#6165=CARTESIAN_POINT('',(0.0358060796608386,-0.045,0.0229820508075689));
#6166=CARTESIAN_POINT('',(0.0378060796608386,-0.045,0.0195179491924312));
#6167=CARTESIAN_POINT('',(0.0375560796608386,-0.045,0.0199509618943234));
#6168=CARTESIAN_POINT('',(0.0368060796608386,-0.045,-0.02125));
#6169=CARTESIAN_POINT('',(0.0360560796608386,-0.0444522215417859,-0.0225490381056765));
#6170=CARTESIAN_POINT('',(0.0375560796608386,-0.0444522215417858,-0.0199509618943233));
#6171=CARTESIAN_POINT('',(0.0360560796608386,-0.0444522215417858,-0.0225490381056765));
#6172=CARTESIAN_POINT('',(0.0375560796608386,-0.045,-0.0199509618943233));
#6173=CARTESIAN_POINT('',(0.0378060796608386,-0.045,-0.019517949192431));
#6174=CARTESIAN_POINT('',(0.0358060796608386,-0.045,-0.0229820508075688));
#6175=CARTESIAN_POINT('',(0.0360560796608386,-0.045,-0.0225490381056765));
#6176=CARTESIAN_POINT('',(-0.0368060796608386,-0.045,-0.02125));
#6177=CARTESIAN_POINT('',(-0.0360560796608386,-0.0444522215417859,-0.0225490381056766));
#6178=CARTESIAN_POINT('',(-0.0360560796608386,-0.0444522215417859,-0.0225490381056766));
#6179=CARTESIAN_POINT('',(-0.0375560796608386,-0.0444522215417859,-0.0199509618943233));
#6180=CARTESIAN_POINT('',(-0.0360560796608386,-0.045,-0.0225490381056766));
#6181=CARTESIAN_POINT('',(-0.0358060796608386,-0.045,-0.0229820508075688));
#6182=CARTESIAN_POINT('',(-0.0378060796608386,-0.045,-0.019517949192431));
#6183=CARTESIAN_POINT('',(-0.0375560796608386,-0.045,-0.0199509618943233));
#6184=CARTESIAN_POINT('',(-0.0368060796608386,-0.045,0.02125));
#6185=CARTESIAN_POINT('',(-0.0360560796608386,-0.0444522215417857,0.0225490381056766));
#6186=CARTESIAN_POINT('',(-0.0375560796608386,-0.0444522215417857,0.0199509618943234));
#6187=CARTESIAN_POINT('',(-0.0360560796608386,-0.0444522215417857,0.0225490381056766));
#6188=CARTESIAN_POINT('',(-0.0375560796608386,-0.045,0.0199509618943234));
#6189=CARTESIAN_POINT('',(-0.0378060796608386,-0.045,0.0195179491924312));
#6190=CARTESIAN_POINT('',(-0.0358060796608386,-0.045,0.0229820508075688));
#6191=CARTESIAN_POINT('',(-0.0360560796608386,-0.045,0.0225490381056766));
#6192=CARTESIAN_POINT('',(3.03576608295941E-18,-0.045,2.77555756156289E-17));
#6193=CARTESIAN_POINT('',(0.007,-0.045,0.0469813792900975));
#6194=CARTESIAN_POINT('',(0.0371870679700565,-0.045,0.0295528674715398));
#6195=CARTESIAN_POINT('',(3.03576608295941E-18,-0.045,2.77555756156289E-17));
#6196=CARTESIAN_POINT('',(-0.007,-0.045,0.0469813792900975));
#6197=CARTESIAN_POINT('',(-0.0371870679700566,-0.045,0.0295528674715398));
#6198=CARTESIAN_POINT('',(3.03576608295941E-18,-0.045,2.77555756156289E-17));
#6199=CARTESIAN_POINT('',(-0.0441870679700565,-0.045,0.0174285118185576));
#6200=CARTESIAN_POINT('',(-0.0441870679700564,-0.045,-0.0174285118185576));
#6201=CARTESIAN_POINT('',(3.03576608295941E-18,-0.045,2.77555756156289E-17));
#6202=CARTESIAN_POINT('',(-0.0371870679700565,-0.045,-0.0295528674715397));
#6203=CARTESIAN_POINT('',(-0.007,-0.045,-0.0469813792900974));
#6204=CARTESIAN_POINT('',(3.03576608295941E-18,-0.045,2.77555756156289E-17));
#6205=CARTESIAN_POINT('',(0.007,-0.045,-0.0469813792900974));
#6206=CARTESIAN_POINT('',(0.0371870679700565,-0.045,-0.0295528674715397));
#6207=CARTESIAN_POINT('',(3.03576608295941E-18,-0.045,2.77555756156289E-17));
#6208=CARTESIAN_POINT('',(0.0441870679700565,-0.045,-0.0174285118185576));
#6209=CARTESIAN_POINT('',(0.0441870679700565,-0.045,0.0174285118185577));
#6210=CARTESIAN_POINT('',(0.0409965738154476,-0.045,0.0184732305054944));
#6211=CARTESIAN_POINT('',(0.0364965738154476,-0.045,0.0262674591395544));
#6212=CARTESIAN_POINT('',(0.0364965738154476,-0.045,-0.0262674591395543));
#6213=CARTESIAN_POINT('',(0.0409965738154476,-0.045,-0.0184732305054943));
#6214=CARTESIAN_POINT('',(-0.0045,-0.045,-0.0447406896450487));
#6215=CARTESIAN_POINT('',(-0.002,-0.045,-0.0425));
#6216=CARTESIAN_POINT('',(0.0045,-0.045,-0.0447406896450487));
#6217=CARTESIAN_POINT('',(0.002,-0.045,-0.0425));
#6218=CARTESIAN_POINT('',(5.42158933087335E-18,-0.045,-0.0425));
#6219=CARTESIAN_POINT('',(-0.0015,-0.045,-0.0425));
#6220=CARTESIAN_POINT('',(-0.0015,-0.0444522215417859,-0.0425));
#6221=CARTESIAN_POINT('',(-0.0015,-0.0444522215417859,-0.0425));
#6222=CARTESIAN_POINT('',(0.0015,-0.0444522215417859,-0.0425));
#6223=CARTESIAN_POINT('',(0.0015,-0.045,-0.0425));
#6224=CARTESIAN_POINT('',(-0.0409965738154476,-0.045,-0.0184732305054944));
#6225=CARTESIAN_POINT('',(-0.0364965738154476,-0.045,-0.0262674591395543));
#6226=CARTESIAN_POINT('',(-0.0364965738154476,-0.045,0.0262674591395544));
#6227=CARTESIAN_POINT('',(-0.0409965738154476,-0.045,0.0184732305054944));
#6228=CARTESIAN_POINT('',(0.0045,-0.045,0.0447406896450488));
#6229=CARTESIAN_POINT('',(0.002,-0.045,0.0425));
#6230=CARTESIAN_POINT('',(-0.0045,-0.045,0.0447406896450488));
#6231=CARTESIAN_POINT('',(-0.002,-0.045,0.0425));
#6232=CARTESIAN_POINT('',(-2.16840434497101E-19,-0.045,0.0425));
#6233=CARTESIAN_POINT('',(0.0015,-0.045,0.0425));
#6234=CARTESIAN_POINT('',(0.0015,-0.0444522215417857,0.0425));
#6235=CARTESIAN_POINT('',(0.0015,-0.0444522215417857,0.0425));
#6236=CARTESIAN_POINT('',(-0.0015,-0.0444522215417857,0.0425));
#6237=CARTESIAN_POINT('',(-0.0015,-0.045,0.0425));
#6238=CARTESIAN_POINT('',(0.000749999999999986,-0.01375,-0.00129903810567665));
#6239=CARTESIAN_POINT('',(0.00075,1.11515066554814E-17,-0.00129903810567666));
#6240=CARTESIAN_POINT('',(0.003,-0.066031886236878,7.95968142613599E-17));
#6241=CARTESIAN_POINT('',(0.003,-0.01375,1.66967134562767E-17));
#6242=CARTESIAN_POINT('',(0.003,-0.0614450974447921,7.40828240512517E-17));
#6243=CARTESIAN_POINT('',(0.00075,1.15740098011872E-17,-0.00129903810567666));
#6244=CARTESIAN_POINT('',(0.00075,1.15740098011872E-17,-0.00129903810567666));
#6245=CARTESIAN_POINT('',(-5.63785129692462E-18,1.31356433801341E-17,1.0842021724855E-19));
#6246=CARTESIAN_POINT('',(6.68410639337314E-17,-0.0615,-6.21545506263139E-17));
#6247=CARTESIAN_POINT('',(-2.71050543121376E-18,1.31356433801341E-17,-4.85181486540587E-18));
#6248=CARTESIAN_POINT('',(0.0015,-0.0614450974447921,0.00259807621135339));
#6249=CARTESIAN_POINT('',(-0.00075,1.4697276959081E-17,0.00129903810567666));
#6250=CARTESIAN_POINT('',(-0.000750000000000015,-0.01375,0.00129903810567667));
#6251=CARTESIAN_POINT('',(0.0015,-0.01375,0.00259807621135333));
#6252=CARTESIAN_POINT('',(0.0015,-0.066031886236878,0.00259807621135339));
#6253=CARTESIAN_POINT('',(-0.00075,1.42747738133752E-17,0.00129903810567665));
#6254=CARTESIAN_POINT('',(0.000749999999999985,-0.01375,0.00129903810567668));
#6255=CARTESIAN_POINT('',(0.00075,1.4697276959081E-17,0.00129903810567666));
#6256=CARTESIAN_POINT('',(0.00075,1.42747738133752E-17,0.00129903810567665));
#6257=CARTESIAN_POINT('',(-0.0015,-0.01375,3.28753204434148E-17));
#6258=CARTESIAN_POINT('',(-0.0015,1.27131402344282E-17,-1.11700485949613E-17));
#6259=CARTESIAN_POINT('',(-0.0015,-0.066031886236878,-0.00259807621135324));
#6260=CARTESIAN_POINT('',(-0.0015,-0.01375,-0.0025980762113533));
#6261=CARTESIAN_POINT('',(-0.0015,-0.0614450974447921,-0.00259807621135325));
#6262=CARTESIAN_POINT('',(-0.0015,1.31356433801341E-17,4.74944315200338E-18));
#6263=CARTESIAN_POINT('',(-0.0015,1.31356433801341E-17,4.74944315200338E-18));
#6264=CARTESIAN_POINT('',(2.60208521396521E-18,1.31356433801341E-17,5.06865529990295E-18));
#6265=CARTESIAN_POINT('',(-2.60208521396521E-18,1.31356433801341E-17,5.06865529990295E-18));
#6266=CARTESIAN_POINT('',(0.0015,-0.0614450974447921,-0.00259807621135324));
#6267=CARTESIAN_POINT('',(0.0015,1.31356433801341E-17,5.11683719174759E-18));
#6268=CARTESIAN_POINT('',(0.0015,-0.01375,3.3242714483159E-17));
#6269=CARTESIAN_POINT('',(0.0015,-0.01375,-0.0025980762113533));
#6270=CARTESIAN_POINT('',(0.0015,-0.066031886236878,-0.00259807621135323));
#6271=CARTESIAN_POINT('',(0.0015,1.27131402344282E-17,-1.08026545552171E-17));
#6272=CARTESIAN_POINT('',(0.000750000000000015,-0.01375,-0.00129903810567663));
#6273=CARTESIAN_POINT('',(0.00075,1.15740098011872E-17,-0.00129903810567665));
#6274=CARTESIAN_POINT('',(0.00075,1.11515066554814E-17,-0.00129903810567666));
#6275=CARTESIAN_POINT('',(-0.00075,1.4697276959081E-17,0.00129903810567666));
#6276=CARTESIAN_POINT('',(-0.00075,1.4697276959081E-17,0.00129903810567666));
#6277=CARTESIAN_POINT('',(-0.003,-0.0614450974447921,7.21312601407778E-17));
#6278=CARTESIAN_POINT('',(5.52943107967607E-18,1.31356433801341E-17,1.0842021724855E-19));
#6279=CARTESIAN_POINT('',(-0.000749999999999985,-0.01375,-0.00129903810567665));
#6280=CARTESIAN_POINT('',(-0.00075,1.15740098011872E-17,-0.00129903810567666));
#6281=CARTESIAN_POINT('',(-0.003,-0.01375,1.47451495458029E-17));
#6282=CARTESIAN_POINT('',(-0.003,-0.066031886236878,7.72115694818918E-17));
#6283=CARTESIAN_POINT('',(-0.00075,1.11515066554814E-17,-0.00129903810567666));
#6284=CARTESIAN_POINT('',(-0.000749999999999986,-0.01375,0.00129903810567668));
#6285=CARTESIAN_POINT('',(-0.00075,1.42747738133752E-17,0.00129903810567665));
#6286=CARTESIAN_POINT('',(0.000749999999999985,-0.01375,0.00129903810567668));
#6287=CARTESIAN_POINT('',(0.00075,1.42747738133752E-17,0.00129903810567665));
#6288=CARTESIAN_POINT('',(-0.0015,-0.066031886236878,0.00259807621135339));
#6289=CARTESIAN_POINT('',(-0.0015,-0.01375,0.00259807621135333));
#6290=CARTESIAN_POINT('',(-0.0015,-0.0614450974447921,0.00259807621135339));
#6291=CARTESIAN_POINT('',(0.00075,1.4697276959081E-17,0.00129903810567666));
#6292=CARTESIAN_POINT('',(-0.00075,1.15740098011872E-17,-0.00129903810567666));
#6293=CARTESIAN_POINT('',(-8.61940727125976E-18,1.31356433801341E-17,-5.06865529990297E-18));
#6294=CARTESIAN_POINT('',(-0.000750000000000014,-0.01375,-0.00129903810567663));
#6295=CARTESIAN_POINT('',(-0.00075,1.11515066554814E-17,-0.00129903810567666));
#6296=CARTESIAN_POINT('',(-0.00075,1.15740098011872E-17,-0.00129903810567666));
#6297=CARTESIAN_POINT('',(-0.00075,1.15740098011872E-17,-0.00129903810567666));
#6298=CARTESIAN_POINT('',(0.0015,1.31356433801341E-17,-4.93314017187552E-18));
#6299=CARTESIAN_POINT('',(0.0015,1.31356433801341E-17,-4.93314017187552E-18));
#6300=CARTESIAN_POINT('',(-0.0015,1.31356433801341E-17,-4.93314017187552E-18));
#6301=CARTESIAN_POINT('',(-0.0015,-0.01375,0.));
#6302=CARTESIAN_POINT('',(-0.0015,1.27131402344282E-17,-1.09863515750892E-17));
#6303=CARTESIAN_POINT('',(0.0015,-0.01375,0.));
#6304=CARTESIAN_POINT('',(0.0015,1.27131402344282E-17,-1.09863515750892E-17));
#6305=CARTESIAN_POINT('',(0.,1.27131402344282E-17,-1.09863515750892E-17));
#6306=CARTESIAN_POINT('',(0.,1.27131402344282E-17,-1.09863515750892E-17));
#6307=CARTESIAN_POINT('',(0.,1.27131402344282E-17,-1.09863515750892E-17));
#6308=CARTESIAN_POINT('',(0.,1.27131402344282E-17,-1.09863515750892E-17));
#6309=CARTESIAN_POINT('',(0.,1.27131402344282E-17,-1.09863515750892E-17));
#6310=CARTESIAN_POINT('',(0.,1.27131402344282E-17,-1.09863515750892E-17));
#6311=MECHANICAL_DESIGN_GEOMETRIC_PRESENTATION_REPRESENTATION('',(#3680),
#6312);
#6312=(
GEOMETRIC_REPRESENTATION_CONTEXT(3)
GLOBAL_UNCERTAINTY_ASSIGNED_CONTEXT((#6313))
GLOBAL_UNIT_ASSIGNED_CONTEXT((#6316,#6315,#6314))
REPRESENTATION_CONTEXT('Boolean Nose Cone','TOP_LEVEL_ASSEMBLY_PART')
);
#6313=UNCERTAINTY_MEASURE_WITH_UNIT(LENGTH_MEASURE(2.E-5),#6316,
'DISTANCE_ACCURACY_VALUE','Maximum Tolerance applied to model');
#6314=(
NAMED_UNIT(*)
SI_UNIT($,.STERADIAN.)
SOLID_ANGLE_UNIT()
);
#6315=(
NAMED_UNIT(*)
PLANE_ANGLE_UNIT()
SI_UNIT($,.RADIAN.)
);
#6316=(
LENGTH_UNIT()
NAMED_UNIT(*)
SI_UNIT($,.METRE.)
);
#6317=PRODUCT_DEFINITION_SHAPE('','',#6318);
#6318=PRODUCT_DEFINITION('','',#6320,#6319);
#6319=PRODUCT_DEFINITION_CONTEXT('',#6326,'design');
#6320=PRODUCT_DEFINITION_FORMATION_WITH_SPECIFIED_SOURCE('','',#6322,
 .NOT_KNOWN.);
#6321=PRODUCT_RELATED_PRODUCT_CATEGORY('','',(#6322));
#6322=PRODUCT('Boolean Nose Cone','Boolean Nose Cone',
'Boolean Nose Cone',(#6324));
#6323=PRODUCT_CATEGORY('','');
#6324=PRODUCT_CONTEXT('',#6326,'mechanical');
#6325=APPLICATION_PROTOCOL_DEFINITION('international standard',
'ap242_managed_model_based_3d_engineering',2020,#6326);
#6326=APPLICATION_CONTEXT('managed model based 3d engineering');
ENDSEC;
END-ISO-10303-21;
