ISO-10303-21;
HEADER;
/* Generated by software containing ST-Developer
 * from STEP Tools, Inc. (www.steptools.com) 
 */
/* OPTION: using custom renumber hook */

FILE_DESCRIPTION(
/* description */ ('STEP AP242 Edition 2',
'CAx-IF Rec.Pracs.---Representation and Presentation of Product Manufa
cturing Information (PMI)---4.0---2014-10-13',
'CAx-IF Rec.Pracs.---3D Tessellated Geometry---0.4---2014-09-14','2;1',
'CAx-IF Rec.Pracs.---User Defined Attributes---1.5---2016-08-15'),
/* implementation_level */ '2;1');

FILE_NAME(
/* name */ 'PTK_7465 v3 - SERVO',
/* time_stamp */ '2026-08-23T20:36:55Z',
/* author */ (''),
/* organization */ (''),
/* preprocessor_version */ 'ST-DEVELOPER v20',
/* originating_system */ 'ONSHAPE BY PTC INC, 1.219',
/* authorisation */ '  ');

FILE_SCHEMA (('AP242_MANAGED_MODEL_BASED_3D_ENGINEERING_MIM_LF { 1 0 10303 442 3 1 4 }'));
ENDSEC;

DATA;
#10=SHAPE_REPRESENTATION_RELATIONSHIP('','',#2550,#11);
#11=ADVANCED_BREP_SHAPE_REPRESENTATION('',(#2548),#4330);
#12=CONICAL_SURFACE('',#2791,0.0023,0.785398163397448);
#13=CONICAL_SURFACE('',#2797,0.00095,0.785398163397448);
#14=B_SPLINE_CURVE_WITH_KNOTS('',3,(#4055,#4056,#4057,#4058,#4059,#4060,
#4061),.UNSPECIFIED.,.F.,.F.,(4,1,1,1,4),(180.,247.5,315.,382.5,450.),
 .UNSPECIFIED.);
#15=B_SPLINE_CURVE_WITH_KNOTS('',3,(#4064,#4065,#4066,#4067,#4068),
 .UNSPECIFIED.,.F.,.F.,(4,1,4),(90.,135.,180.),.UNSPECIFIED.);
#16=B_SPLINE_CURVE_WITH_KNOTS('',3,(#4076,#4077,#4078,#4079,#4080,#4081,
#4082),.UNSPECIFIED.,.F.,.F.,(4,1,1,1,4),(180.,247.5,315.,382.5,450.),
 .UNSPECIFIED.);
#17=B_SPLINE_CURVE_WITH_KNOTS('',3,(#4085,#4086,#4087,#4088,#4089),
 .UNSPECIFIED.,.F.,.F.,(4,1,4),(90.,135.,180.),.UNSPECIFIED.);
#18=B_SPLINE_CURVE_WITH_KNOTS('',3,(#4097,#4098,#4099,#4100,#4101,#4102,
#4103),.UNSPECIFIED.,.F.,.F.,(4,1,1,1,4),(180.,247.5,315.,382.5,450.),
 .UNSPECIFIED.);
#19=B_SPLINE_CURVE_WITH_KNOTS('',3,(#4106,#4107,#4108,#4109,#4110),
 .UNSPECIFIED.,.F.,.F.,(4,1,4),(90.,135.,180.),.UNSPECIFIED.);
#20=B_SPLINE_CURVE_WITH_KNOTS('',3,(#4118,#4119,#4120,#4121,#4122,#4123,
#4124),.UNSPECIFIED.,.F.,.F.,(4,1,1,1,4),(180.,247.5,315.,382.5,450.),
 .UNSPECIFIED.);
#21=B_SPLINE_CURVE_WITH_KNOTS('',3,(#4127,#4128,#4129,#4130,#4131),
 .UNSPECIFIED.,.F.,.F.,(4,1,4),(90.,135.,180.),.UNSPECIFIED.);
#22=DEGENERATE_TOROIDAL_SURFACE('',#2708,0.000399999999999993,0.0005,.T.);
#23=DEGENERATE_TOROIDAL_SURFACE('',#2713,0.0004,0.0005,.T.);
#24=DEGENERATE_TOROIDAL_SURFACE('',#2718,0.0004,0.0005,.T.);
#25=DEGENERATE_TOROIDAL_SURFACE('',#2723,0.000399999999999995,0.0005,.T.);
#26=CYLINDRICAL_SURFACE('',#2562,0.002);
#27=CYLINDRICAL_SURFACE('',#2578,0.002);
#28=CYLINDRICAL_SURFACE('',#2580,0.006);
#29=CYLINDRICAL_SURFACE('',#2583,0.002);
#30=CYLINDRICAL_SURFACE('',#2585,0.002);
#31=CYLINDRICAL_SURFACE('',#2587,0.006);
#32=CYLINDRICAL_SURFACE('',#2594,0.006);
#33=CYLINDRICAL_SURFACE('',#2606,0.001);
#34=CYLINDRICAL_SURFACE('',#2609,0.001);
#35=CYLINDRICAL_SURFACE('',#2612,0.001);
#36=CYLINDRICAL_SURFACE('',#2613,0.001);
#37=CYLINDRICAL_SURFACE('',#2616,0.001);
#38=CYLINDRICAL_SURFACE('',#2617,0.001);
#39=CYLINDRICAL_SURFACE('',#2620,0.001);
#40=CYLINDRICAL_SURFACE('',#2623,0.001);
#41=CYLINDRICAL_SURFACE('',#2630,0.001);
#42=CYLINDRICAL_SURFACE('',#2640,0.00325);
#43=CYLINDRICAL_SURFACE('',#2651,0.00445);
#44=CYLINDRICAL_SURFACE('',#2662,0.00155);
#45=CYLINDRICAL_SURFACE('',#2674,0.0005);
#46=CYLINDRICAL_SURFACE('',#2676,0.0005);
#47=CYLINDRICAL_SURFACE('',#2678,0.0005);
#48=CYLINDRICAL_SURFACE('',#2680,0.0005);
#49=CYLINDRICAL_SURFACE('',#2692,0.001);
#50=CYLINDRICAL_SURFACE('',#2694,0.001);
#51=CYLINDRICAL_SURFACE('',#2701,0.001);
#52=CYLINDRICAL_SURFACE('',#2704,0.001);
#53=CYLINDRICAL_SURFACE('',#2706,0.001);
#54=CYLINDRICAL_SURFACE('',#2710,0.0009);
#55=CYLINDRICAL_SURFACE('',#2715,0.0009);
#56=CYLINDRICAL_SURFACE('',#2720,0.0009);
#57=CYLINDRICAL_SURFACE('',#2725,0.0009);
#58=CYLINDRICAL_SURFACE('',#2745,0.001);
#59=CYLINDRICAL_SURFACE('',#2747,0.001);
#60=CYLINDRICAL_SURFACE('',#2749,0.001);
#61=CYLINDRICAL_SURFACE('',#2754,0.001);
#62=CYLINDRICAL_SURFACE('',#2758,0.001);
#63=CYLINDRICAL_SURFACE('',#2762,0.001);
#64=CYLINDRICAL_SURFACE('',#2765,0.000500000000000007);
#65=CYLINDRICAL_SURFACE('',#2772,0.000500000000000007);
#66=CYLINDRICAL_SURFACE('',#2774,0.000500000000000007);
#67=CYLINDRICAL_SURFACE('',#2775,0.000500000000000007);
#68=CYLINDRICAL_SURFACE('',#2778,0.000500000000000007);
#69=CYLINDRICAL_SURFACE('',#2785,0.000500000000000007);
#70=CYLINDRICAL_SURFACE('',#2787,0.000500000000000007);
#71=CYLINDRICAL_SURFACE('',#2788,0.000500000000000007);
#72=CYLINDRICAL_SURFACE('',#2796,0.0025);
#73=CYLINDRICAL_SURFACE('',#2799,0.00075);
#74=LINE('',#3550,#315);
#75=LINE('',#3554,#316);
#76=LINE('',#3558,#317);
#77=LINE('',#3562,#318);
#78=LINE('',#3563,#319);
#79=LINE('',#3566,#320);
#80=LINE('',#3568,#321);
#81=LINE('',#3570,#322);
#82=LINE('',#3572,#323);
#83=LINE('',#3574,#324);
#84=LINE('',#3576,#325);
#85=LINE('',#3578,#326);
#86=LINE('',#3580,#327);
#87=LINE('',#3582,#328);
#88=LINE('',#3584,#329);
#89=LINE('',#3586,#330);
#90=LINE('',#3588,#331);
#91=LINE('',#3590,#332);
#92=LINE('',#3592,#333);
#93=LINE('',#3594,#334);
#94=LINE('',#3596,#335);
#95=LINE('',#3598,#336);
#96=LINE('',#3603,#337);
#97=LINE('',#3607,#338);
#98=LINE('',#3611,#339);
#99=LINE('',#3615,#340);
#100=LINE('',#3616,#341);
#101=LINE('',#3619,#342);
#102=LINE('',#3621,#343);
#103=LINE('',#3623,#344);
#104=LINE('',#3625,#345);
#105=LINE('',#3627,#346);
#106=LINE('',#3629,#347);
#107=LINE('',#3631,#348);
#108=LINE('',#3633,#349);
#109=LINE('',#3635,#350);
#110=LINE('',#3637,#351);
#111=LINE('',#3639,#352);
#112=LINE('',#3641,#353);
#113=LINE('',#3643,#354);
#114=LINE('',#3645,#355);
#115=LINE('',#3647,#356);
#116=LINE('',#3649,#357);
#117=LINE('',#3651,#358);
#118=LINE('',#3657,#359);
#119=LINE('',#3668,#360);
#120=LINE('',#3672,#361);
#121=LINE('',#3674,#362);
#122=LINE('',#3676,#363);
#123=LINE('',#3680,#364);
#124=LINE('',#3682,#365);
#125=LINE('',#3684,#366);
#126=LINE('',#3688,#367);
#127=LINE('',#3690,#368);
#128=LINE('',#3692,#369);
#129=LINE('',#3696,#370);
#130=LINE('',#3704,#371);
#131=LINE('',#3708,#372);
#132=LINE('',#3712,#373);
#133=LINE('',#3716,#374);
#134=LINE('',#3722,#375);
#135=LINE('',#3726,#376);
#136=LINE('',#3730,#377);
#137=LINE('',#3735,#378);
#138=LINE('',#3740,#379);
#139=LINE('',#3742,#380);
#140=LINE('',#3744,#381);
#141=LINE('',#3746,#382);
#142=LINE('',#3749,#383);
#143=LINE('',#3753,#384);
#144=LINE('',#3756,#385);
#145=LINE('',#3760,#386);
#146=LINE('',#3762,#387);
#147=LINE('',#3766,#388);
#148=LINE('',#3768,#389);
#149=LINE('',#3770,#390);
#150=LINE('',#3772,#391);
#151=LINE('',#3774,#392);
#152=LINE('',#3777,#393);
#153=LINE('',#3778,#394);
#154=LINE('',#3780,#395);
#155=LINE('',#3783,#396);
#156=LINE('',#3785,#397);
#157=LINE('',#3787,#398);
#158=LINE('',#3798,#399);
#159=LINE('',#3805,#400);
#160=LINE('',#3807,#401);
#161=LINE('',#3809,#402);
#162=LINE('',#3813,#403);
#163=LINE('',#3815,#404);
#164=LINE('',#3818,#405);
#165=LINE('',#3819,#406);
#166=LINE('',#3825,#407);
#167=LINE('',#3827,#408);
#168=LINE('',#3830,#409);
#169=LINE('',#3833,#410);
#170=LINE('',#3835,#411);
#171=LINE('',#3839,#412);
#172=LINE('',#3841,#413);
#173=LINE('',#3843,#414);
#174=LINE('',#3860,#415);
#175=LINE('',#3862,#416);
#176=LINE('',#3864,#417);
#177=LINE('',#3866,#418);
#178=LINE('',#3868,#419);
#179=LINE('',#3870,#420);
#180=LINE('',#3872,#421);
#181=LINE('',#3874,#422);
#182=LINE('',#3876,#423);
#183=LINE('',#3878,#424);
#184=LINE('',#3880,#425);
#185=LINE('',#3882,#426);
#186=LINE('',#3884,#427);
#187=LINE('',#3886,#428);
#188=LINE('',#3888,#429);
#189=LINE('',#3890,#430);
#190=LINE('',#3892,#431);
#191=LINE('',#3894,#432);
#192=LINE('',#3896,#433);
#193=LINE('',#3898,#434);
#194=LINE('',#3900,#435);
#195=LINE('',#3902,#436);
#196=LINE('',#3906,#437);
#197=LINE('',#3913,#438);
#198=LINE('',#3917,#439);
#199=LINE('',#3920,#440);
#200=LINE('',#3922,#441);
#201=LINE('',#3924,#442);
#202=LINE('',#3929,#443);
#203=LINE('',#3933,#444);
#204=LINE('',#3937,#445);
#205=LINE('',#3945,#446);
#206=LINE('',#3949,#447);
#207=LINE('',#3953,#448);
#208=LINE('',#3957,#449);
#209=LINE('',#3959,#450);
#210=LINE('',#3960,#451);
#211=LINE('',#3962,#452);
#212=LINE('',#3964,#453);
#213=LINE('',#3966,#454);
#214=LINE('',#3968,#455);
#215=LINE('',#3970,#456);
#216=LINE('',#3972,#457);
#217=LINE('',#3975,#458);
#218=LINE('',#3977,#459);
#219=LINE('',#3979,#460);
#220=LINE('',#3983,#461);
#221=LINE('',#3984,#462);
#222=LINE('',#3988,#463);
#223=LINE('',#3990,#464);
#224=LINE('',#3992,#465);
#225=LINE('',#3996,#466);
#226=LINE('',#3999,#467);
#227=LINE('',#4003,#468);
#228=LINE('',#4005,#469);
#229=LINE('',#4008,#470);
#230=LINE('',#4009,#471);
#231=LINE('',#4013,#472);
#232=LINE('',#4016,#473);
#233=LINE('',#4018,#474);
#234=LINE('',#4020,#475);
#235=LINE('',#4022,#476);
#236=LINE('',#4023,#477);
#237=LINE('',#4025,#478);
#238=LINE('',#4027,#479);
#239=LINE('',#4029,#480);
#240=LINE('',#4033,#481);
#241=LINE('',#4037,#482);
#242=LINE('',#4039,#483);
#243=LINE('',#4043,#484);
#244=LINE('',#4045,#485);
#245=LINE('',#4047,#486);
#246=LINE('',#4049,#487);
#247=LINE('',#4139,#488);
#248=LINE('',#4141,#489);
#249=LINE('',#4143,#490);
#250=LINE('',#4145,#491);
#251=LINE('',#4147,#492);
#252=LINE('',#4149,#493);
#253=LINE('',#4153,#494);
#254=LINE('',#4157,#495);
#255=LINE('',#4159,#496);
#256=LINE('',#4163,#497);
#257=LINE('',#4165,#498);
#258=LINE('',#4167,#499);
#259=LINE('',#4171,#500);
#260=LINE('',#4173,#501);
#261=LINE('',#4175,#502);
#262=LINE('',#4179,#503);
#263=LINE('',#4181,#504);
#264=LINE('',#4183,#505);
#265=LINE('',#4187,#506);
#266=LINE('',#4188,#507);
#267=LINE('',#4190,#508);
#268=LINE('',#4192,#509);
#269=LINE('',#4193,#510);
#270=LINE('',#4195,#511);
#271=LINE('',#4197,#512);
#272=LINE('',#4199,#513);
#273=LINE('',#4200,#514);
#274=LINE('',#4202,#515);
#275=LINE('',#4204,#516);
#276=LINE('',#4206,#517);
#277=LINE('',#4207,#518);
#278=LINE('',#4209,#519);
#279=LINE('',#4211,#520);
#280=LINE('',#4213,#521);
#281=LINE('',#4215,#522);
#282=LINE('',#4217,#523);
#283=LINE('',#4220,#524);
#284=LINE('',#4224,#525);
#285=LINE('',#4227,#526);
#286=LINE('',#4229,#527);
#287=LINE('',#4234,#528);
#288=LINE('',#4236,#529);
#289=LINE('',#4238,#530);
#290=LINE('',#4242,#531);
#291=LINE('',#4251,#532);
#292=LINE('',#4252,#533);
#293=LINE('',#4254,#534);
#294=LINE('',#4256,#535);
#295=LINE('',#4258,#536);
#296=LINE('',#4262,#537);
#297=LINE('',#4266,#538);
#298=LINE('',#4270,#539);
#299=LINE('',#4271,#540);
#300=LINE('',#4273,#541);
#301=LINE('',#4275,#542);
#302=LINE('',#4277,#543);
#303=LINE('',#4284,#544);
#304=LINE('',#4285,#545);
#305=LINE('',#4287,#546);
#306=LINE('',#4289,#547);
#307=LINE('',#4293,#548);
#308=LINE('',#4297,#549);
#309=LINE('',#4301,#550);
#310=LINE('',#4303,#551);
#311=LINE('',#4304,#552);
#312=LINE('',#4306,#553);
#313=LINE('',#4308,#554);
#314=LINE('',#4310,#555);
#315=VECTOR('',#2808,1.);
#316=VECTOR('',#2811,1.);
#317=VECTOR('',#2814,1.);
#318=VECTOR('',#2817,1.);
#319=VECTOR('',#2818,1.);
#320=VECTOR('',#2819,1.);
#321=VECTOR('',#2820,1.);
#322=VECTOR('',#2821,1.);
#323=VECTOR('',#2822,1.);
#324=VECTOR('',#2823,1.);
#325=VECTOR('',#2824,1.);
#326=VECTOR('',#2825,1.);
#327=VECTOR('',#2826,1.);
#328=VECTOR('',#2827,1.);
#329=VECTOR('',#2828,1.);
#330=VECTOR('',#2829,1.);
#331=VECTOR('',#2830,1.);
#332=VECTOR('',#2831,1.);
#333=VECTOR('',#2832,1.);
#334=VECTOR('',#2833,1.);
#335=VECTOR('',#2834,1.);
#336=VECTOR('',#2835,1.);
#337=VECTOR('',#2840,1.);
#338=VECTOR('',#2843,1.);
#339=VECTOR('',#2846,1.);
#340=VECTOR('',#2849,1.);
#341=VECTOR('',#2850,1.);
#342=VECTOR('',#2851,1.);
#343=VECTOR('',#2852,1.);
#344=VECTOR('',#2853,1.);
#345=VECTOR('',#2854,1.);
#346=VECTOR('',#2855,1.);
#347=VECTOR('',#2856,1.);
#348=VECTOR('',#2857,1.);
#349=VECTOR('',#2858,1.);
#350=VECTOR('',#2859,1.);
#351=VECTOR('',#2860,1.);
#352=VECTOR('',#2861,1.);
#353=VECTOR('',#2862,1.);
#354=VECTOR('',#2863,1.);
#355=VECTOR('',#2864,1.);
#356=VECTOR('',#2865,1.);
#357=VECTOR('',#2866,1.);
#358=VECTOR('',#2867,1.);
#359=VECTOR('',#2874,1.);
#360=VECTOR('',#2887,1.);
#361=VECTOR('',#2890,1.);
#362=VECTOR('',#2891,1.);
#363=VECTOR('',#2892,1.);
#364=VECTOR('',#2895,1.);
#365=VECTOR('',#2896,1.);
#366=VECTOR('',#2897,1.);
#367=VECTOR('',#2900,1.);
#368=VECTOR('',#2901,1.);
#369=VECTOR('',#2902,1.);
#370=VECTOR('',#2905,1.);
#371=VECTOR('',#2914,1.);
#372=VECTOR('',#2919,1.);
#373=VECTOR('',#2922,1.);
#374=VECTOR('',#2927,1.);
#375=VECTOR('',#2934,1.);
#376=VECTOR('',#2939,1.);
#377=VECTOR('',#2942,1.);
#378=VECTOR('',#2949,1.);
#379=VECTOR('',#2956,1.);
#380=VECTOR('',#2957,1.);
#381=VECTOR('',#2958,1.);
#382=VECTOR('',#2961,1.);
#383=VECTOR('',#2962,1.);
#384=VECTOR('',#2965,1.);
#385=VECTOR('',#2970,1.);
#386=VECTOR('',#2973,1.);
#387=VECTOR('',#2974,1.);
#388=VECTOR('',#2979,1.);
#389=VECTOR('',#2980,1.);
#390=VECTOR('',#2983,1.);
#391=VECTOR('',#2984,1.);
#392=VECTOR('',#2987,1.);
#393=VECTOR('',#2988,1.);
#394=VECTOR('',#2989,1.);
#395=VECTOR('',#2992,1.);
#396=VECTOR('',#2993,1.);
#397=VECTOR('',#2994,1.);
#398=VECTOR('',#2995,1.);
#399=VECTOR('',#3014,1.);
#400=VECTOR('',#3023,1.);
#401=VECTOR('',#3026,1.);
#402=VECTOR('',#3027,1.);
#403=VECTOR('',#3032,1.);
#404=VECTOR('',#3035,1.);
#405=VECTOR('',#3036,1.);
#406=VECTOR('',#3037,1.);
#407=VECTOR('',#3044,1.);
#408=VECTOR('',#3047,1.);
#409=VECTOR('',#3048,1.);
#410=VECTOR('',#3051,1.);
#411=VECTOR('',#3052,1.);
#412=VECTOR('',#3057,1.);
#413=VECTOR('',#3058,1.);
#414=VECTOR('',#3059,1.);
#415=VECTOR('',#3086,1.);
#416=VECTOR('',#3087,1.);
#417=VECTOR('',#3088,1.);
#418=VECTOR('',#3091,1.);
#419=VECTOR('',#3092,1.);
#420=VECTOR('',#3095,1.);
#421=VECTOR('',#3096,1.);
#422=VECTOR('',#3099,1.);
#423=VECTOR('',#3100,1.);
#424=VECTOR('',#3101,1.);
#425=VECTOR('',#3104,1.);
#426=VECTOR('',#3105,1.);
#427=VECTOR('',#3108,1.);
#428=VECTOR('',#3109,1.);
#429=VECTOR('',#3112,1.);
#430=VECTOR('',#3113,1.);
#431=VECTOR('',#3114,1.);
#432=VECTOR('',#3117,1.);
#433=VECTOR('',#3118,1.);
#434=VECTOR('',#3121,1.);
#435=VECTOR('',#3122,1.);
#436=VECTOR('',#3125,1.);
#437=VECTOR('',#3128,1.);
#438=VECTOR('',#3141,1.);
#439=VECTOR('',#3144,1.);
#440=VECTOR('',#3149,1.);
#441=VECTOR('',#3152,1.);
#442=VECTOR('',#3155,1.);
#443=VECTOR('',#3158,1.);
#444=VECTOR('',#3161,1.);
#445=VECTOR('',#3164,1.);
#446=VECTOR('',#3173,1.);
#447=VECTOR('',#3176,1.);
#448=VECTOR('',#3179,1.);
#449=VECTOR('',#3182,1.);
#450=VECTOR('',#3185,1.);
#451=VECTOR('',#3186,1.);
#452=VECTOR('',#3189,1.);
#453=VECTOR('',#3192,1.);
#454=VECTOR('',#3195,1.);
#455=VECTOR('',#3198,1.);
#456=VECTOR('',#3201,1.);
#457=VECTOR('',#3204,1.);
#458=VECTOR('',#3209,1.);
#459=VECTOR('',#3210,1.);
#460=VECTOR('',#3213,1.);
#461=VECTOR('',#3216,1.);
#462=VECTOR('',#3217,1.);
#463=VECTOR('',#3222,1.);
#464=VECTOR('',#3223,1.);
#465=VECTOR('',#3226,1.);
#466=VECTOR('',#3229,1.);
#467=VECTOR('',#3232,1.);
#468=VECTOR('',#3237,1.);
#469=VECTOR('',#3240,1.);
#470=VECTOR('',#3245,1.);
#471=VECTOR('',#3246,1.);
#472=VECTOR('',#3253,1.);
#473=VECTOR('',#3254,1.);
#474=VECTOR('',#3255,1.);
#475=VECTOR('',#3256,1.);
#476=VECTOR('',#3257,1.);
#477=VECTOR('',#3258,1.);
#478=VECTOR('',#3259,1.);
#479=VECTOR('',#3260,1.);
#480=VECTOR('',#3263,1.);
#481=VECTOR('',#3266,1.);
#482=VECTOR('',#3269,1.);
#483=VECTOR('',#3272,1.);
#484=VECTOR('',#3277,1.);
#485=VECTOR('',#3278,1.);
#486=VECTOR('',#3279,1.);
#487=VECTOR('',#3280,1.);
#488=VECTOR('',#3331,1.);
#489=VECTOR('',#3332,1.);
#490=VECTOR('',#3333,1.);
#491=VECTOR('',#3336,1.);
#492=VECTOR('',#3337,1.);
#493=VECTOR('',#3338,1.);
#494=VECTOR('',#3343,1.);
#495=VECTOR('',#3346,1.);
#496=VECTOR('',#3347,1.);
#497=VECTOR('',#3350,1.);
#498=VECTOR('',#3351,1.);
#499=VECTOR('',#3352,1.);
#500=VECTOR('',#3355,1.);
#501=VECTOR('',#3356,1.);
#502=VECTOR('',#3357,1.);
#503=VECTOR('',#3360,1.);
#504=VECTOR('',#3361,1.);
#505=VECTOR('',#3362,1.);
#506=VECTOR('',#3367,1.);
#507=VECTOR('',#3368,1.);
#508=VECTOR('',#3371,1.);
#509=VECTOR('',#3374,1.);
#510=VECTOR('',#3375,1.);
#511=VECTOR('',#3378,1.);
#512=VECTOR('',#3379,1.);
#513=VECTOR('',#3382,1.);
#514=VECTOR('',#3383,1.);
#515=VECTOR('',#3386,1.);
#516=VECTOR('',#3387,1.);
#517=VECTOR('',#3390,1.);
#518=VECTOR('',#3391,1.);
#519=VECTOR('',#3394,1.);
#520=VECTOR('',#3395,1.);
#521=VECTOR('',#3398,1.);
#522=VECTOR('',#3401,1.);
#523=VECTOR('',#3404,1.);
#524=VECTOR('',#3409,1.);
#525=VECTOR('',#3414,1.);
#526=VECTOR('',#3419,1.);
#527=VECTOR('',#3420,1.);
#528=VECTOR('',#3429,1.);
#529=VECTOR('',#3430,1.);
#530=VECTOR('',#3433,1.);
#531=VECTOR('',#3438,1.);
#532=VECTOR('',#3451,1.);
#533=VECTOR('',#3452,1.);
#534=VECTOR('',#3455,1.);
#535=VECTOR('',#3456,1.);
#536=VECTOR('',#3459,1.);
#537=VECTOR('',#3462,1.);
#538=VECTOR('',#3465,1.);
#539=VECTOR('',#3470,1.);
#540=VECTOR('',#3471,1.);
#541=VECTOR('',#3474,1.);
#542=VECTOR('',#3477,1.);
#543=VECTOR('',#3480,1.);
#544=VECTOR('',#3489,1.);
#545=VECTOR('',#3490,1.);
#546=VECTOR('',#3493,1.);
#547=VECTOR('',#3494,1.);
#548=VECTOR('',#3499,1.);
#549=VECTOR('',#3502,1.);
#550=VECTOR('',#3505,1.);
#551=VECTOR('',#3508,1.);
#552=VECTOR('',#3509,1.);
#553=VECTOR('',#3512,1.);
#554=VECTOR('',#3515,1.);
#555=VECTOR('',#3518,1.);
#556=ORIENTED_EDGE('',*,*,#1274,.T.);
#557=ORIENTED_EDGE('',*,*,#1275,.F.);
#558=ORIENTED_EDGE('',*,*,#1276,.T.);
#559=ORIENTED_EDGE('',*,*,#1277,.F.);
#560=ORIENTED_EDGE('',*,*,#1278,.T.);
#561=ORIENTED_EDGE('',*,*,#1279,.F.);
#562=ORIENTED_EDGE('',*,*,#1280,.T.);
#563=ORIENTED_EDGE('',*,*,#1281,.F.);
#564=ORIENTED_EDGE('',*,*,#1282,.T.);
#565=ORIENTED_EDGE('',*,*,#1283,.F.);
#566=ORIENTED_EDGE('',*,*,#1284,.F.);
#567=ORIENTED_EDGE('',*,*,#1285,.F.);
#568=ORIENTED_EDGE('',*,*,#1286,.F.);
#569=ORIENTED_EDGE('',*,*,#1287,.F.);
#570=ORIENTED_EDGE('',*,*,#1288,.F.);
#571=ORIENTED_EDGE('',*,*,#1289,.F.);
#572=ORIENTED_EDGE('',*,*,#1290,.F.);
#573=ORIENTED_EDGE('',*,*,#1291,.F.);
#574=ORIENTED_EDGE('',*,*,#1292,.F.);
#575=ORIENTED_EDGE('',*,*,#1293,.F.);
#576=ORIENTED_EDGE('',*,*,#1294,.F.);
#577=ORIENTED_EDGE('',*,*,#1295,.F.);
#578=ORIENTED_EDGE('',*,*,#1296,.F.);
#579=ORIENTED_EDGE('',*,*,#1297,.F.);
#580=ORIENTED_EDGE('',*,*,#1298,.T.);
#581=ORIENTED_EDGE('',*,*,#1299,.F.);
#582=ORIENTED_EDGE('',*,*,#1300,.F.);
#583=ORIENTED_EDGE('',*,*,#1301,.T.);
#584=ORIENTED_EDGE('',*,*,#1302,.F.);
#585=ORIENTED_EDGE('',*,*,#1303,.T.);
#586=ORIENTED_EDGE('',*,*,#1304,.F.);
#587=ORIENTED_EDGE('',*,*,#1305,.T.);
#588=ORIENTED_EDGE('',*,*,#1306,.F.);
#589=ORIENTED_EDGE('',*,*,#1307,.T.);
#590=ORIENTED_EDGE('',*,*,#1308,.T.);
#591=ORIENTED_EDGE('',*,*,#1309,.F.);
#592=ORIENTED_EDGE('',*,*,#1310,.F.);
#593=ORIENTED_EDGE('',*,*,#1311,.F.);
#594=ORIENTED_EDGE('',*,*,#1312,.F.);
#595=ORIENTED_EDGE('',*,*,#1313,.F.);
#596=ORIENTED_EDGE('',*,*,#1314,.T.);
#597=ORIENTED_EDGE('',*,*,#1315,.F.);
#598=ORIENTED_EDGE('',*,*,#1316,.F.);
#599=ORIENTED_EDGE('',*,*,#1317,.F.);
#600=ORIENTED_EDGE('',*,*,#1318,.T.);
#601=ORIENTED_EDGE('',*,*,#1319,.F.);
#602=ORIENTED_EDGE('',*,*,#1320,.F.);
#603=ORIENTED_EDGE('',*,*,#1321,.F.);
#604=ORIENTED_EDGE('',*,*,#1322,.F.);
#605=ORIENTED_EDGE('',*,*,#1323,.F.);
#606=ORIENTED_EDGE('',*,*,#1324,.T.);
#607=ORIENTED_EDGE('',*,*,#1325,.F.);
#608=ORIENTED_EDGE('',*,*,#1326,.T.);
#609=ORIENTED_EDGE('',*,*,#1289,.T.);
#610=ORIENTED_EDGE('',*,*,#1327,.T.);
#611=ORIENTED_EDGE('',*,*,#1328,.T.);
#612=ORIENTED_EDGE('',*,*,#1326,.F.);
#613=ORIENTED_EDGE('',*,*,#1329,.T.);
#614=ORIENTED_EDGE('',*,*,#1330,.F.);
#615=ORIENTED_EDGE('',*,*,#1316,.T.);
#616=ORIENTED_EDGE('',*,*,#1331,.F.);
#617=ORIENTED_EDGE('',*,*,#1332,.T.);
#618=ORIENTED_EDGE('',*,*,#1333,.F.);
#619=ORIENTED_EDGE('',*,*,#1334,.F.);
#620=ORIENTED_EDGE('',*,*,#1335,.F.);
#621=ORIENTED_EDGE('',*,*,#1336,.F.);
#622=ORIENTED_EDGE('',*,*,#1337,.F.);
#623=ORIENTED_EDGE('',*,*,#1338,.F.);
#624=ORIENTED_EDGE('',*,*,#1339,.F.);
#625=ORIENTED_EDGE('',*,*,#1340,.F.);
#626=ORIENTED_EDGE('',*,*,#1341,.F.);
#627=ORIENTED_EDGE('',*,*,#1342,.F.);
#628=ORIENTED_EDGE('',*,*,#1343,.F.);
#629=ORIENTED_EDGE('',*,*,#1344,.F.);
#630=ORIENTED_EDGE('',*,*,#1345,.F.);
#631=ORIENTED_EDGE('',*,*,#1346,.F.);
#632=ORIENTED_EDGE('',*,*,#1347,.F.);
#633=ORIENTED_EDGE('',*,*,#1348,.F.);
#634=ORIENTED_EDGE('',*,*,#1349,.F.);
#635=ORIENTED_EDGE('',*,*,#1350,.T.);
#636=ORIENTED_EDGE('',*,*,#1351,.F.);
#637=ORIENTED_EDGE('',*,*,#1290,.T.);
#638=ORIENTED_EDGE('',*,*,#1351,.T.);
#639=ORIENTED_EDGE('',*,*,#1352,.T.);
#640=ORIENTED_EDGE('',*,*,#1353,.T.);
#641=ORIENTED_EDGE('',*,*,#1291,.T.);
#642=ORIENTED_EDGE('',*,*,#1352,.F.);
#643=ORIENTED_EDGE('',*,*,#1350,.F.);
#644=ORIENTED_EDGE('',*,*,#1354,.F.);
#645=ORIENTED_EDGE('',*,*,#1355,.F.);
#646=ORIENTED_EDGE('',*,*,#1356,.F.);
#647=ORIENTED_EDGE('',*,*,#1357,.F.);
#648=ORIENTED_EDGE('',*,*,#1330,.T.);
#649=ORIENTED_EDGE('',*,*,#1358,.T.);
#650=ORIENTED_EDGE('',*,*,#1359,.T.);
#651=ORIENTED_EDGE('',*,*,#1317,.T.);
#652=ORIENTED_EDGE('',*,*,#1331,.T.);
#653=ORIENTED_EDGE('',*,*,#1315,.T.);
#654=ORIENTED_EDGE('',*,*,#1360,.T.);
#655=ORIENTED_EDGE('',*,*,#1361,.T.);
#656=ORIENTED_EDGE('',*,*,#1361,.F.);
#657=ORIENTED_EDGE('',*,*,#1362,.F.);
#658=ORIENTED_EDGE('',*,*,#1363,.T.);
#659=ORIENTED_EDGE('',*,*,#1364,.F.);
#660=ORIENTED_EDGE('',*,*,#1365,.F.);
#661=ORIENTED_EDGE('',*,*,#1332,.F.);
#662=ORIENTED_EDGE('',*,*,#1366,.T.);
#663=ORIENTED_EDGE('',*,*,#1327,.F.);
#664=ORIENTED_EDGE('',*,*,#1288,.T.);
#665=ORIENTED_EDGE('',*,*,#1367,.F.);
#666=ORIENTED_EDGE('',*,*,#1368,.T.);
#667=ORIENTED_EDGE('',*,*,#1369,.F.);
#668=ORIENTED_EDGE('',*,*,#1318,.F.);
#669=ORIENTED_EDGE('',*,*,#1359,.F.);
#670=ORIENTED_EDGE('',*,*,#1328,.F.);
#671=ORIENTED_EDGE('',*,*,#1366,.F.);
#672=ORIENTED_EDGE('',*,*,#1358,.F.);
#673=ORIENTED_EDGE('',*,*,#1329,.F.);
#674=ORIENTED_EDGE('',*,*,#1370,.F.);
#675=ORIENTED_EDGE('',*,*,#1371,.T.);
#676=ORIENTED_EDGE('',*,*,#1372,.F.);
#677=ORIENTED_EDGE('',*,*,#1368,.F.);
#678=ORIENTED_EDGE('',*,*,#1373,.T.);
#679=ORIENTED_EDGE('',*,*,#1374,.T.);
#680=ORIENTED_EDGE('',*,*,#1375,.F.);
#681=ORIENTED_EDGE('',*,*,#1376,.F.);
#682=ORIENTED_EDGE('',*,*,#1320,.T.);
#683=ORIENTED_EDGE('',*,*,#1377,.T.);
#684=ORIENTED_EDGE('',*,*,#1371,.F.);
#685=ORIENTED_EDGE('',*,*,#1378,.F.);
#686=ORIENTED_EDGE('',*,*,#1286,.T.);
#687=ORIENTED_EDGE('',*,*,#1379,.F.);
#688=ORIENTED_EDGE('',*,*,#1380,.F.);
#689=ORIENTED_EDGE('',*,*,#1381,.T.);
#690=ORIENTED_EDGE('',*,*,#1382,.T.);
#691=ORIENTED_EDGE('',*,*,#1383,.T.);
#692=ORIENTED_EDGE('',*,*,#1384,.F.);
#693=ORIENTED_EDGE('',*,*,#1385,.T.);
#694=ORIENTED_EDGE('',*,*,#1321,.T.);
#695=ORIENTED_EDGE('',*,*,#1376,.T.);
#696=ORIENTED_EDGE('',*,*,#1386,.F.);
#697=ORIENTED_EDGE('',*,*,#1379,.T.);
#698=ORIENTED_EDGE('',*,*,#1285,.T.);
#699=ORIENTED_EDGE('',*,*,#1387,.T.);
#700=ORIENTED_EDGE('',*,*,#1388,.F.);
#701=ORIENTED_EDGE('',*,*,#1389,.T.);
#702=ORIENTED_EDGE('',*,*,#1295,.T.);
#703=ORIENTED_EDGE('',*,*,#1390,.T.);
#704=ORIENTED_EDGE('',*,*,#1391,.F.);
#705=ORIENTED_EDGE('',*,*,#1392,.T.);
#706=ORIENTED_EDGE('',*,*,#1393,.F.);
#707=ORIENTED_EDGE('',*,*,#1394,.F.);
#708=ORIENTED_EDGE('',*,*,#1395,.T.);
#709=ORIENTED_EDGE('',*,*,#1313,.T.);
#710=ORIENTED_EDGE('',*,*,#1396,.T.);
#711=ORIENTED_EDGE('',*,*,#1393,.T.);
#712=ORIENTED_EDGE('',*,*,#1397,.T.);
#713=ORIENTED_EDGE('',*,*,#1391,.T.);
#714=ORIENTED_EDGE('',*,*,#1398,.F.);
#715=ORIENTED_EDGE('',*,*,#1293,.T.);
#716=ORIENTED_EDGE('',*,*,#1369,.T.);
#717=ORIENTED_EDGE('',*,*,#1372,.T.);
#718=ORIENTED_EDGE('',*,*,#1377,.F.);
#719=ORIENTED_EDGE('',*,*,#1319,.T.);
#720=ORIENTED_EDGE('',*,*,#1283,.T.);
#721=ORIENTED_EDGE('',*,*,#1399,.T.);
#722=ORIENTED_EDGE('',*,*,#1400,.T.);
#723=ORIENTED_EDGE('',*,*,#1401,.F.);
#724=ORIENTED_EDGE('',*,*,#1367,.T.);
#725=ORIENTED_EDGE('',*,*,#1287,.T.);
#726=ORIENTED_EDGE('',*,*,#1378,.T.);
#727=ORIENTED_EDGE('',*,*,#1370,.T.);
#728=ORIENTED_EDGE('',*,*,#1402,.T.);
#729=ORIENTED_EDGE('',*,*,#1384,.T.);
#730=ORIENTED_EDGE('',*,*,#1375,.T.);
#731=ORIENTED_EDGE('',*,*,#1403,.T.);
#732=ORIENTED_EDGE('',*,*,#1404,.T.);
#733=ORIENTED_EDGE('',*,*,#1405,.T.);
#734=ORIENTED_EDGE('',*,*,#1403,.F.);
#735=ORIENTED_EDGE('',*,*,#1374,.F.);
#736=ORIENTED_EDGE('',*,*,#1380,.T.);
#737=ORIENTED_EDGE('',*,*,#1386,.T.);
#738=ORIENTED_EDGE('',*,*,#1406,.T.);
#739=ORIENTED_EDGE('',*,*,#1407,.T.);
#740=ORIENTED_EDGE('',*,*,#1408,.F.);
#741=ORIENTED_EDGE('',*,*,#1409,.T.);
#742=ORIENTED_EDGE('',*,*,#1311,.T.);
#743=ORIENTED_EDGE('',*,*,#1410,.T.);
#744=ORIENTED_EDGE('',*,*,#1411,.T.);
#745=ORIENTED_EDGE('',*,*,#1408,.T.);
#746=ORIENTED_EDGE('',*,*,#1412,.T.);
#747=ORIENTED_EDGE('',*,*,#1413,.T.);
#748=ORIENTED_EDGE('',*,*,#1414,.T.);
#749=ORIENTED_EDGE('',*,*,#1415,.F.);
#750=ORIENTED_EDGE('',*,*,#1416,.F.);
#751=ORIENTED_EDGE('',*,*,#1390,.F.);
#752=ORIENTED_EDGE('',*,*,#1294,.T.);
#753=ORIENTED_EDGE('',*,*,#1398,.T.);
#754=ORIENTED_EDGE('',*,*,#1394,.T.);
#755=ORIENTED_EDGE('',*,*,#1396,.F.);
#756=ORIENTED_EDGE('',*,*,#1312,.T.);
#757=ORIENTED_EDGE('',*,*,#1409,.F.);
#758=ORIENTED_EDGE('',*,*,#1411,.F.);
#759=ORIENTED_EDGE('',*,*,#1417,.F.);
#760=ORIENTED_EDGE('',*,*,#1418,.T.);
#761=ORIENTED_EDGE('',*,*,#1419,.T.);
#762=ORIENTED_EDGE('',*,*,#1420,.T.);
#763=ORIENTED_EDGE('',*,*,#1421,.F.);
#764=ORIENTED_EDGE('',*,*,#1422,.F.);
#765=ORIENTED_EDGE('',*,*,#1415,.T.);
#766=ORIENTED_EDGE('',*,*,#1423,.T.);
#767=ORIENTED_EDGE('',*,*,#1388,.T.);
#768=ORIENTED_EDGE('',*,*,#1416,.T.);
#769=ORIENTED_EDGE('',*,*,#1422,.T.);
#770=ORIENTED_EDGE('',*,*,#1424,.T.);
#771=ORIENTED_EDGE('',*,*,#1425,.T.);
#772=ORIENTED_EDGE('',*,*,#1426,.F.);
#773=ORIENTED_EDGE('',*,*,#1427,.F.);
#774=ORIENTED_EDGE('',*,*,#1364,.T.);
#775=ORIENTED_EDGE('',*,*,#1428,.T.);
#776=ORIENTED_EDGE('',*,*,#1355,.T.);
#777=ORIENTED_EDGE('',*,*,#1429,.F.);
#778=ORIENTED_EDGE('',*,*,#1356,.T.);
#779=ORIENTED_EDGE('',*,*,#1428,.F.);
#780=ORIENTED_EDGE('',*,*,#1363,.F.);
#781=ORIENTED_EDGE('',*,*,#1345,.T.);
#782=ORIENTED_EDGE('',*,*,#1430,.T.);
#783=ORIENTED_EDGE('',*,*,#1431,.F.);
#784=ORIENTED_EDGE('',*,*,#1432,.F.);
#785=ORIENTED_EDGE('',*,*,#1344,.T.);
#786=ORIENTED_EDGE('',*,*,#1433,.F.);
#787=ORIENTED_EDGE('',*,*,#1434,.F.);
#788=ORIENTED_EDGE('',*,*,#1430,.F.);
#789=ORIENTED_EDGE('',*,*,#1346,.T.);
#790=ORIENTED_EDGE('',*,*,#1432,.T.);
#791=ORIENTED_EDGE('',*,*,#1435,.F.);
#792=ORIENTED_EDGE('',*,*,#1436,.F.);
#793=ORIENTED_EDGE('',*,*,#1342,.T.);
#794=ORIENTED_EDGE('',*,*,#1437,.T.);
#795=ORIENTED_EDGE('',*,*,#1438,.F.);
#796=ORIENTED_EDGE('',*,*,#1439,.F.);
#797=ORIENTED_EDGE('',*,*,#1341,.T.);
#798=ORIENTED_EDGE('',*,*,#1440,.T.);
#799=ORIENTED_EDGE('',*,*,#1441,.F.);
#800=ORIENTED_EDGE('',*,*,#1437,.F.);
#801=ORIENTED_EDGE('',*,*,#1340,.T.);
#802=ORIENTED_EDGE('',*,*,#1442,.F.);
#803=ORIENTED_EDGE('',*,*,#1443,.F.);
#804=ORIENTED_EDGE('',*,*,#1440,.F.);
#805=ORIENTED_EDGE('',*,*,#1338,.T.);
#806=ORIENTED_EDGE('',*,*,#1444,.T.);
#807=ORIENTED_EDGE('',*,*,#1445,.F.);
#808=ORIENTED_EDGE('',*,*,#1446,.F.);
#809=ORIENTED_EDGE('',*,*,#1337,.T.);
#810=ORIENTED_EDGE('',*,*,#1447,.T.);
#811=ORIENTED_EDGE('',*,*,#1448,.F.);
#812=ORIENTED_EDGE('',*,*,#1444,.F.);
#813=ORIENTED_EDGE('',*,*,#1336,.T.);
#814=ORIENTED_EDGE('',*,*,#1449,.F.);
#815=ORIENTED_EDGE('',*,*,#1450,.F.);
#816=ORIENTED_EDGE('',*,*,#1447,.F.);
#817=ORIENTED_EDGE('',*,*,#1451,.T.);
#818=ORIENTED_EDGE('',*,*,#1452,.T.);
#819=ORIENTED_EDGE('',*,*,#1453,.T.);
#820=ORIENTED_EDGE('',*,*,#1347,.T.);
#821=ORIENTED_EDGE('',*,*,#1436,.T.);
#822=ORIENTED_EDGE('',*,*,#1454,.T.);
#823=ORIENTED_EDGE('',*,*,#1433,.T.);
#824=ORIENTED_EDGE('',*,*,#1343,.T.);
#825=ORIENTED_EDGE('',*,*,#1439,.T.);
#826=ORIENTED_EDGE('',*,*,#1455,.T.);
#827=ORIENTED_EDGE('',*,*,#1442,.T.);
#828=ORIENTED_EDGE('',*,*,#1339,.T.);
#829=ORIENTED_EDGE('',*,*,#1446,.T.);
#830=ORIENTED_EDGE('',*,*,#1456,.T.);
#831=ORIENTED_EDGE('',*,*,#1449,.T.);
#832=ORIENTED_EDGE('',*,*,#1335,.T.);
#833=ORIENTED_EDGE('',*,*,#1425,.F.);
#834=ORIENTED_EDGE('',*,*,#1431,.T.);
#835=ORIENTED_EDGE('',*,*,#1434,.T.);
#836=ORIENTED_EDGE('',*,*,#1454,.F.);
#837=ORIENTED_EDGE('',*,*,#1435,.T.);
#838=ORIENTED_EDGE('',*,*,#1455,.F.);
#839=ORIENTED_EDGE('',*,*,#1438,.T.);
#840=ORIENTED_EDGE('',*,*,#1441,.T.);
#841=ORIENTED_EDGE('',*,*,#1443,.T.);
#842=ORIENTED_EDGE('',*,*,#1452,.F.);
#843=ORIENTED_EDGE('',*,*,#1457,.T.);
#844=ORIENTED_EDGE('',*,*,#1458,.F.);
#845=ORIENTED_EDGE('',*,*,#1459,.T.);
#846=ORIENTED_EDGE('',*,*,#1456,.F.);
#847=ORIENTED_EDGE('',*,*,#1445,.T.);
#848=ORIENTED_EDGE('',*,*,#1448,.T.);
#849=ORIENTED_EDGE('',*,*,#1450,.T.);
#850=ORIENTED_EDGE('',*,*,#1348,.T.);
#851=ORIENTED_EDGE('',*,*,#1453,.F.);
#852=ORIENTED_EDGE('',*,*,#1459,.F.);
#853=ORIENTED_EDGE('',*,*,#1460,.F.);
#854=ORIENTED_EDGE('',*,*,#1427,.T.);
#855=ORIENTED_EDGE('',*,*,#1354,.T.);
#856=ORIENTED_EDGE('',*,*,#1349,.T.);
#857=ORIENTED_EDGE('',*,*,#1460,.T.);
#858=ORIENTED_EDGE('',*,*,#1458,.T.);
#859=ORIENTED_EDGE('',*,*,#1461,.T.);
#860=ORIENTED_EDGE('',*,*,#1333,.T.);
#861=ORIENTED_EDGE('',*,*,#1365,.T.);
#862=ORIENTED_EDGE('',*,*,#1424,.F.);
#863=ORIENTED_EDGE('',*,*,#1357,.T.);
#864=ORIENTED_EDGE('',*,*,#1429,.T.);
#865=ORIENTED_EDGE('',*,*,#1362,.T.);
#866=ORIENTED_EDGE('',*,*,#1360,.F.);
#867=ORIENTED_EDGE('',*,*,#1314,.F.);
#868=ORIENTED_EDGE('',*,*,#1395,.F.);
#869=ORIENTED_EDGE('',*,*,#1392,.F.);
#870=ORIENTED_EDGE('',*,*,#1397,.F.);
#871=ORIENTED_EDGE('',*,*,#1292,.T.);
#872=ORIENTED_EDGE('',*,*,#1353,.F.);
#873=ORIENTED_EDGE('',*,*,#1462,.T.);
#874=ORIENTED_EDGE('',*,*,#1463,.T.);
#875=ORIENTED_EDGE('',*,*,#1464,.T.);
#876=ORIENTED_EDGE('',*,*,#1465,.T.);
#877=ORIENTED_EDGE('',*,*,#1466,.T.);
#878=ORIENTED_EDGE('',*,*,#1467,.T.);
#879=ORIENTED_EDGE('',*,*,#1468,.T.);
#880=ORIENTED_EDGE('',*,*,#1469,.T.);
#881=ORIENTED_EDGE('',*,*,#1334,.T.);
#882=ORIENTED_EDGE('',*,*,#1461,.F.);
#883=ORIENTED_EDGE('',*,*,#1457,.F.);
#884=ORIENTED_EDGE('',*,*,#1451,.F.);
#885=ORIENTED_EDGE('',*,*,#1470,.F.);
#886=ORIENTED_EDGE('',*,*,#1471,.F.);
#887=ORIENTED_EDGE('',*,*,#1472,.F.);
#888=ORIENTED_EDGE('',*,*,#1473,.F.);
#889=ORIENTED_EDGE('',*,*,#1474,.F.);
#890=ORIENTED_EDGE('',*,*,#1475,.F.);
#891=ORIENTED_EDGE('',*,*,#1476,.F.);
#892=ORIENTED_EDGE('',*,*,#1477,.F.);
#893=ORIENTED_EDGE('',*,*,#1463,.F.);
#894=ORIENTED_EDGE('',*,*,#1478,.T.);
#895=ORIENTED_EDGE('',*,*,#1470,.T.);
#896=ORIENTED_EDGE('',*,*,#1479,.F.);
#897=ORIENTED_EDGE('',*,*,#1464,.F.);
#898=ORIENTED_EDGE('',*,*,#1479,.T.);
#899=ORIENTED_EDGE('',*,*,#1477,.T.);
#900=ORIENTED_EDGE('',*,*,#1480,.F.);
#901=ORIENTED_EDGE('',*,*,#1465,.F.);
#902=ORIENTED_EDGE('',*,*,#1480,.T.);
#903=ORIENTED_EDGE('',*,*,#1476,.T.);
#904=ORIENTED_EDGE('',*,*,#1481,.F.);
#905=ORIENTED_EDGE('',*,*,#1466,.F.);
#906=ORIENTED_EDGE('',*,*,#1481,.T.);
#907=ORIENTED_EDGE('',*,*,#1475,.T.);
#908=ORIENTED_EDGE('',*,*,#1482,.F.);
#909=ORIENTED_EDGE('',*,*,#1467,.F.);
#910=ORIENTED_EDGE('',*,*,#1482,.T.);
#911=ORIENTED_EDGE('',*,*,#1474,.T.);
#912=ORIENTED_EDGE('',*,*,#1483,.F.);
#913=ORIENTED_EDGE('',*,*,#1468,.F.);
#914=ORIENTED_EDGE('',*,*,#1483,.T.);
#915=ORIENTED_EDGE('',*,*,#1473,.T.);
#916=ORIENTED_EDGE('',*,*,#1484,.F.);
#917=ORIENTED_EDGE('',*,*,#1469,.F.);
#918=ORIENTED_EDGE('',*,*,#1484,.T.);
#919=ORIENTED_EDGE('',*,*,#1472,.T.);
#920=ORIENTED_EDGE('',*,*,#1485,.F.);
#921=ORIENTED_EDGE('',*,*,#1462,.F.);
#922=ORIENTED_EDGE('',*,*,#1485,.T.);
#923=ORIENTED_EDGE('',*,*,#1471,.T.);
#924=ORIENTED_EDGE('',*,*,#1478,.F.);
#925=ORIENTED_EDGE('',*,*,#1486,.T.);
#926=ORIENTED_EDGE('',*,*,#1381,.F.);
#927=ORIENTED_EDGE('',*,*,#1407,.F.);
#928=ORIENTED_EDGE('',*,*,#1487,.T.);
#929=ORIENTED_EDGE('',*,*,#1488,.T.);
#930=ORIENTED_EDGE('',*,*,#1489,.T.);
#931=ORIENTED_EDGE('',*,*,#1490,.T.);
#932=ORIENTED_EDGE('',*,*,#1487,.F.);
#933=ORIENTED_EDGE('',*,*,#1406,.F.);
#934=ORIENTED_EDGE('',*,*,#1387,.F.);
#935=ORIENTED_EDGE('',*,*,#1284,.T.);
#936=ORIENTED_EDGE('',*,*,#1401,.T.);
#937=ORIENTED_EDGE('',*,*,#1491,.T.);
#938=ORIENTED_EDGE('',*,*,#1492,.F.);
#939=ORIENTED_EDGE('',*,*,#1322,.T.);
#940=ORIENTED_EDGE('',*,*,#1385,.F.);
#941=ORIENTED_EDGE('',*,*,#1402,.F.);
#942=ORIENTED_EDGE('',*,*,#1405,.F.);
#943=ORIENTED_EDGE('',*,*,#1493,.T.);
#944=ORIENTED_EDGE('',*,*,#1417,.T.);
#945=ORIENTED_EDGE('',*,*,#1413,.F.);
#946=ORIENTED_EDGE('',*,*,#1494,.F.);
#947=ORIENTED_EDGE('',*,*,#1495,.T.);
#948=ORIENTED_EDGE('',*,*,#1496,.T.);
#949=ORIENTED_EDGE('',*,*,#1497,.T.);
#950=ORIENTED_EDGE('',*,*,#1494,.T.);
#951=ORIENTED_EDGE('',*,*,#1412,.F.);
#952=ORIENTED_EDGE('',*,*,#1410,.F.);
#953=ORIENTED_EDGE('',*,*,#1310,.T.);
#954=ORIENTED_EDGE('',*,*,#1498,.T.);
#955=ORIENTED_EDGE('',*,*,#1499,.F.);
#956=ORIENTED_EDGE('',*,*,#1500,.F.);
#957=ORIENTED_EDGE('',*,*,#1296,.T.);
#958=ORIENTED_EDGE('',*,*,#1389,.F.);
#959=ORIENTED_EDGE('',*,*,#1423,.F.);
#960=ORIENTED_EDGE('',*,*,#1421,.T.);
#961=ORIENTED_EDGE('',*,*,#1382,.F.);
#962=ORIENTED_EDGE('',*,*,#1486,.F.);
#963=ORIENTED_EDGE('',*,*,#1490,.F.);
#964=ORIENTED_EDGE('',*,*,#1501,.F.);
#965=ORIENTED_EDGE('',*,*,#1383,.F.);
#966=ORIENTED_EDGE('',*,*,#1501,.T.);
#967=ORIENTED_EDGE('',*,*,#1489,.F.);
#968=ORIENTED_EDGE('',*,*,#1502,.F.);
#969=ORIENTED_EDGE('',*,*,#1373,.F.);
#970=ORIENTED_EDGE('',*,*,#1502,.T.);
#971=ORIENTED_EDGE('',*,*,#1488,.F.);
#972=ORIENTED_EDGE('',*,*,#1404,.F.);
#973=ORIENTED_EDGE('',*,*,#1419,.F.);
#974=ORIENTED_EDGE('',*,*,#1503,.T.);
#975=ORIENTED_EDGE('',*,*,#1496,.F.);
#976=ORIENTED_EDGE('',*,*,#1504,.F.);
#977=ORIENTED_EDGE('',*,*,#1418,.F.);
#978=ORIENTED_EDGE('',*,*,#1493,.F.);
#979=ORIENTED_EDGE('',*,*,#1497,.F.);
#980=ORIENTED_EDGE('',*,*,#1503,.F.);
#981=ORIENTED_EDGE('',*,*,#1414,.F.);
#982=ORIENTED_EDGE('',*,*,#1504,.T.);
#983=ORIENTED_EDGE('',*,*,#1495,.F.);
#984=ORIENTED_EDGE('',*,*,#1420,.F.);
#985=ORIENTED_EDGE('',*,*,#1505,.F.);
#986=ORIENTED_EDGE('',*,*,#1506,.T.);
#987=ORIENTED_EDGE('',*,*,#1507,.F.);
#988=ORIENTED_EDGE('',*,*,#1508,.T.);
#989=ORIENTED_EDGE('',*,*,#1509,.F.);
#990=ORIENTED_EDGE('',*,*,#1491,.F.);
#991=ORIENTED_EDGE('',*,*,#1400,.F.);
#992=ORIENTED_EDGE('',*,*,#1510,.T.);
#993=ORIENTED_EDGE('',*,*,#1511,.F.);
#994=ORIENTED_EDGE('',*,*,#1512,.T.);
#995=ORIENTED_EDGE('',*,*,#1513,.F.);
#996=ORIENTED_EDGE('',*,*,#1514,.F.);
#997=ORIENTED_EDGE('',*,*,#1515,.F.);
#998=ORIENTED_EDGE('',*,*,#1516,.F.);
#999=ORIENTED_EDGE('',*,*,#1517,.F.);
#1000=ORIENTED_EDGE('',*,*,#1505,.T.);
#1001=ORIENTED_EDGE('',*,*,#1518,.T.);
#1002=ORIENTED_EDGE('',*,*,#1519,.T.);
#1003=ORIENTED_EDGE('',*,*,#1297,.T.);
#1004=ORIENTED_EDGE('',*,*,#1500,.T.);
#1005=ORIENTED_EDGE('',*,*,#1520,.F.);
#1006=ORIENTED_EDGE('',*,*,#1521,.T.);
#1007=ORIENTED_EDGE('',*,*,#1522,.F.);
#1008=ORIENTED_EDGE('',*,*,#1523,.T.);
#1009=ORIENTED_EDGE('',*,*,#1518,.F.);
#1010=ORIENTED_EDGE('',*,*,#1499,.T.);
#1011=ORIENTED_EDGE('',*,*,#1309,.T.);
#1012=ORIENTED_EDGE('',*,*,#1524,.T.);
#1013=ORIENTED_EDGE('',*,*,#1520,.T.);
#1014=ORIENTED_EDGE('',*,*,#1498,.F.);
#1015=ORIENTED_EDGE('',*,*,#1509,.T.);
#1016=ORIENTED_EDGE('',*,*,#1525,.T.);
#1017=ORIENTED_EDGE('',*,*,#1323,.T.);
#1018=ORIENTED_EDGE('',*,*,#1492,.T.);
#1019=ORIENTED_EDGE('',*,*,#1526,.T.);
#1020=ORIENTED_EDGE('',*,*,#1527,.T.);
#1021=ORIENTED_EDGE('',*,*,#1528,.T.);
#1022=ORIENTED_EDGE('',*,*,#1526,.F.);
#1023=ORIENTED_EDGE('',*,*,#1527,.F.);
#1024=ORIENTED_EDGE('',*,*,#1529,.F.);
#1025=ORIENTED_EDGE('',*,*,#1528,.F.);
#1026=ORIENTED_EDGE('',*,*,#1530,.T.);
#1027=ORIENTED_EDGE('',*,*,#1531,.T.);
#1028=ORIENTED_EDGE('',*,*,#1532,.T.);
#1029=ORIENTED_EDGE('',*,*,#1530,.F.);
#1030=ORIENTED_EDGE('',*,*,#1531,.F.);
#1031=ORIENTED_EDGE('',*,*,#1533,.F.);
#1032=ORIENTED_EDGE('',*,*,#1532,.F.);
#1033=ORIENTED_EDGE('',*,*,#1534,.T.);
#1034=ORIENTED_EDGE('',*,*,#1535,.T.);
#1035=ORIENTED_EDGE('',*,*,#1536,.T.);
#1036=ORIENTED_EDGE('',*,*,#1534,.F.);
#1037=ORIENTED_EDGE('',*,*,#1535,.F.);
#1038=ORIENTED_EDGE('',*,*,#1537,.F.);
#1039=ORIENTED_EDGE('',*,*,#1536,.F.);
#1040=ORIENTED_EDGE('',*,*,#1538,.T.);
#1041=ORIENTED_EDGE('',*,*,#1539,.T.);
#1042=ORIENTED_EDGE('',*,*,#1540,.T.);
#1043=ORIENTED_EDGE('',*,*,#1538,.F.);
#1044=ORIENTED_EDGE('',*,*,#1539,.F.);
#1045=ORIENTED_EDGE('',*,*,#1541,.F.);
#1046=ORIENTED_EDGE('',*,*,#1540,.F.);
#1047=ORIENTED_EDGE('',*,*,#1542,.T.);
#1048=ORIENTED_EDGE('',*,*,#1507,.T.);
#1049=ORIENTED_EDGE('',*,*,#1543,.T.);
#1050=ORIENTED_EDGE('',*,*,#1544,.T.);
#1051=ORIENTED_EDGE('',*,*,#1542,.F.);
#1052=ORIENTED_EDGE('',*,*,#1545,.F.);
#1053=ORIENTED_EDGE('',*,*,#1546,.T.);
#1054=ORIENTED_EDGE('',*,*,#1547,.T.);
#1055=ORIENTED_EDGE('',*,*,#1544,.F.);
#1056=ORIENTED_EDGE('',*,*,#1548,.T.);
#1057=ORIENTED_EDGE('',*,*,#1549,.T.);
#1058=ORIENTED_EDGE('',*,*,#1550,.T.);
#1059=ORIENTED_EDGE('',*,*,#1551,.F.);
#1060=ORIENTED_EDGE('',*,*,#1552,.T.);
#1061=ORIENTED_EDGE('',*,*,#1553,.T.);
#1062=ORIENTED_EDGE('',*,*,#1554,.T.);
#1063=ORIENTED_EDGE('',*,*,#1555,.F.);
#1064=ORIENTED_EDGE('',*,*,#1556,.T.);
#1065=ORIENTED_EDGE('',*,*,#1557,.T.);
#1066=ORIENTED_EDGE('',*,*,#1558,.T.);
#1067=ORIENTED_EDGE('',*,*,#1559,.F.);
#1068=ORIENTED_EDGE('',*,*,#1560,.T.);
#1069=ORIENTED_EDGE('',*,*,#1561,.T.);
#1070=ORIENTED_EDGE('',*,*,#1562,.T.);
#1071=ORIENTED_EDGE('',*,*,#1563,.F.);
#1072=ORIENTED_EDGE('',*,*,#1564,.T.);
#1073=ORIENTED_EDGE('',*,*,#1565,.T.);
#1074=ORIENTED_EDGE('',*,*,#1545,.T.);
#1075=ORIENTED_EDGE('',*,*,#1566,.T.);
#1076=ORIENTED_EDGE('',*,*,#1551,.T.);
#1077=ORIENTED_EDGE('',*,*,#1567,.T.);
#1078=ORIENTED_EDGE('',*,*,#1511,.T.);
#1079=ORIENTED_EDGE('',*,*,#1567,.F.);
#1080=ORIENTED_EDGE('',*,*,#1568,.T.);
#1081=ORIENTED_EDGE('',*,*,#1513,.T.);
#1082=ORIENTED_EDGE('',*,*,#1512,.F.);
#1083=ORIENTED_EDGE('',*,*,#1569,.T.);
#1084=ORIENTED_EDGE('',*,*,#1555,.T.);
#1085=ORIENTED_EDGE('',*,*,#1570,.T.);
#1086=ORIENTED_EDGE('',*,*,#1299,.T.);
#1087=ORIENTED_EDGE('',*,*,#1570,.F.);
#1088=ORIENTED_EDGE('',*,*,#1554,.F.);
#1089=ORIENTED_EDGE('',*,*,#1571,.T.);
#1090=ORIENTED_EDGE('',*,*,#1572,.T.);
#1091=ORIENTED_EDGE('',*,*,#1573,.T.);
#1092=ORIENTED_EDGE('',*,*,#1559,.T.);
#1093=ORIENTED_EDGE('',*,*,#1574,.T.);
#1094=ORIENTED_EDGE('',*,*,#1522,.T.);
#1095=ORIENTED_EDGE('',*,*,#1574,.F.);
#1096=ORIENTED_EDGE('',*,*,#1558,.F.);
#1097=ORIENTED_EDGE('',*,*,#1575,.T.);
#1098=ORIENTED_EDGE('',*,*,#1576,.T.);
#1099=ORIENTED_EDGE('',*,*,#1577,.T.);
#1100=ORIENTED_EDGE('',*,*,#1325,.T.);
#1101=ORIENTED_EDGE('',*,*,#1578,.T.);
#1102=ORIENTED_EDGE('',*,*,#1563,.T.);
#1103=ORIENTED_EDGE('',*,*,#1578,.F.);
#1104=ORIENTED_EDGE('',*,*,#1579,.T.);
#1105=ORIENTED_EDGE('',*,*,#1580,.F.);
#1106=ORIENTED_EDGE('',*,*,#1564,.F.);
#1107=ORIENTED_EDGE('',*,*,#1550,.F.);
#1108=ORIENTED_EDGE('',*,*,#1581,.T.);
#1109=ORIENTED_EDGE('',*,*,#1514,.T.);
#1110=ORIENTED_EDGE('',*,*,#1568,.F.);
#1111=ORIENTED_EDGE('',*,*,#1549,.F.);
#1112=ORIENTED_EDGE('',*,*,#1582,.T.);
#1113=ORIENTED_EDGE('',*,*,#1515,.T.);
#1114=ORIENTED_EDGE('',*,*,#1581,.F.);
#1115=ORIENTED_EDGE('',*,*,#1548,.F.);
#1116=ORIENTED_EDGE('',*,*,#1583,.T.);
#1117=ORIENTED_EDGE('',*,*,#1516,.T.);
#1118=ORIENTED_EDGE('',*,*,#1582,.F.);
#1119=ORIENTED_EDGE('',*,*,#1543,.F.);
#1120=ORIENTED_EDGE('',*,*,#1506,.F.);
#1121=ORIENTED_EDGE('',*,*,#1517,.T.);
#1122=ORIENTED_EDGE('',*,*,#1583,.F.);
#1123=ORIENTED_EDGE('',*,*,#1557,.F.);
#1124=ORIENTED_EDGE('',*,*,#1584,.T.);
#1125=ORIENTED_EDGE('',*,*,#1585,.T.);
#1126=ORIENTED_EDGE('',*,*,#1575,.F.);
#1127=ORIENTED_EDGE('',*,*,#1569,.F.);
#1128=ORIENTED_EDGE('',*,*,#1586,.T.);
#1129=ORIENTED_EDGE('',*,*,#1584,.F.);
#1130=ORIENTED_EDGE('',*,*,#1556,.F.);
#1131=ORIENTED_EDGE('',*,*,#1533,.T.);
#1132=ORIENTED_EDGE('',*,*,#1298,.F.);
#1133=ORIENTED_EDGE('',*,*,#1519,.F.);
#1134=ORIENTED_EDGE('',*,*,#1523,.F.);
#1135=ORIENTED_EDGE('',*,*,#1576,.F.);
#1136=ORIENTED_EDGE('',*,*,#1585,.F.);
#1137=ORIENTED_EDGE('',*,*,#1586,.F.);
#1138=ORIENTED_EDGE('',*,*,#1566,.F.);
#1139=ORIENTED_EDGE('',*,*,#1587,.T.);
#1140=ORIENTED_EDGE('',*,*,#1588,.F.);
#1141=ORIENTED_EDGE('',*,*,#1552,.F.);
#1142=ORIENTED_EDGE('',*,*,#1553,.F.);
#1143=ORIENTED_EDGE('',*,*,#1588,.T.);
#1144=ORIENTED_EDGE('',*,*,#1589,.T.);
#1145=ORIENTED_EDGE('',*,*,#1571,.F.);
#1146=ORIENTED_EDGE('',*,*,#1537,.T.);
#1147=ORIENTED_EDGE('',*,*,#1589,.F.);
#1148=ORIENTED_EDGE('',*,*,#1587,.F.);
#1149=ORIENTED_EDGE('',*,*,#1510,.F.);
#1150=ORIENTED_EDGE('',*,*,#1399,.F.);
#1151=ORIENTED_EDGE('',*,*,#1282,.F.);
#1152=ORIENTED_EDGE('',*,*,#1572,.F.);
#1153=ORIENTED_EDGE('',*,*,#1577,.F.);
#1154=ORIENTED_EDGE('',*,*,#1562,.F.);
#1155=ORIENTED_EDGE('',*,*,#1590,.T.);
#1156=ORIENTED_EDGE('',*,*,#1591,.T.);
#1157=ORIENTED_EDGE('',*,*,#1561,.F.);
#1158=ORIENTED_EDGE('',*,*,#1592,.T.);
#1159=ORIENTED_EDGE('',*,*,#1593,.T.);
#1160=ORIENTED_EDGE('',*,*,#1590,.F.);
#1161=ORIENTED_EDGE('',*,*,#1573,.F.);
#1162=ORIENTED_EDGE('',*,*,#1594,.T.);
#1163=ORIENTED_EDGE('',*,*,#1592,.F.);
#1164=ORIENTED_EDGE('',*,*,#1560,.F.);
#1165=ORIENTED_EDGE('',*,*,#1529,.T.);
#1166=ORIENTED_EDGE('',*,*,#1521,.F.);
#1167=ORIENTED_EDGE('',*,*,#1524,.F.);
#1168=ORIENTED_EDGE('',*,*,#1308,.F.);
#1169=ORIENTED_EDGE('',*,*,#1591,.F.);
#1170=ORIENTED_EDGE('',*,*,#1593,.F.);
#1171=ORIENTED_EDGE('',*,*,#1594,.F.);
#1172=ORIENTED_EDGE('',*,*,#1565,.F.);
#1173=ORIENTED_EDGE('',*,*,#1580,.T.);
#1174=ORIENTED_EDGE('',*,*,#1595,.T.);
#1175=ORIENTED_EDGE('',*,*,#1546,.F.);
#1176=ORIENTED_EDGE('',*,*,#1541,.T.);
#1177=ORIENTED_EDGE('',*,*,#1324,.F.);
#1178=ORIENTED_EDGE('',*,*,#1525,.F.);
#1179=ORIENTED_EDGE('',*,*,#1508,.F.);
#1180=ORIENTED_EDGE('',*,*,#1547,.F.);
#1181=ORIENTED_EDGE('',*,*,#1595,.F.);
#1182=ORIENTED_EDGE('',*,*,#1579,.F.);
#1183=ORIENTED_EDGE('',*,*,#1596,.T.);
#1184=ORIENTED_EDGE('',*,*,#1597,.T.);
#1185=ORIENTED_EDGE('',*,*,#1302,.T.);
#1186=ORIENTED_EDGE('',*,*,#1598,.T.);
#1187=ORIENTED_EDGE('',*,*,#1597,.F.);
#1188=ORIENTED_EDGE('',*,*,#1599,.F.);
#1189=ORIENTED_EDGE('',*,*,#1600,.F.);
#1190=ORIENTED_EDGE('',*,*,#1303,.F.);
#1191=ORIENTED_EDGE('',*,*,#1596,.F.);
#1192=ORIENTED_EDGE('',*,*,#1601,.T.);
#1193=ORIENTED_EDGE('',*,*,#1602,.F.);
#1194=ORIENTED_EDGE('',*,*,#1603,.T.);
#1195=ORIENTED_EDGE('',*,*,#1604,.F.);
#1196=ORIENTED_EDGE('',*,*,#1605,.T.);
#1197=ORIENTED_EDGE('',*,*,#1606,.F.);
#1198=ORIENTED_EDGE('',*,*,#1599,.T.);
#1199=ORIENTED_EDGE('',*,*,#1300,.T.);
#1200=ORIENTED_EDGE('',*,*,#1607,.T.);
#1201=ORIENTED_EDGE('',*,*,#1602,.T.);
#1202=ORIENTED_EDGE('',*,*,#1608,.T.);
#1203=ORIENTED_EDGE('',*,*,#1607,.F.);
#1204=ORIENTED_EDGE('',*,*,#1307,.F.);
#1205=ORIENTED_EDGE('',*,*,#1609,.F.);
#1206=ORIENTED_EDGE('',*,*,#1603,.F.);
#1207=ORIENTED_EDGE('',*,*,#1306,.T.);
#1208=ORIENTED_EDGE('',*,*,#1610,.T.);
#1209=ORIENTED_EDGE('',*,*,#1604,.T.);
#1210=ORIENTED_EDGE('',*,*,#1609,.T.);
#1211=ORIENTED_EDGE('',*,*,#1606,.T.);
#1212=ORIENTED_EDGE('',*,*,#1611,.T.);
#1213=ORIENTED_EDGE('',*,*,#1304,.T.);
#1214=ORIENTED_EDGE('',*,*,#1600,.T.);
#1215=ORIENTED_EDGE('',*,*,#1598,.F.);
#1216=ORIENTED_EDGE('',*,*,#1301,.F.);
#1217=ORIENTED_EDGE('',*,*,#1608,.F.);
#1218=ORIENTED_EDGE('',*,*,#1601,.F.);
#1219=ORIENTED_EDGE('',*,*,#1610,.F.);
#1220=ORIENTED_EDGE('',*,*,#1305,.F.);
#1221=ORIENTED_EDGE('',*,*,#1611,.F.);
#1222=ORIENTED_EDGE('',*,*,#1605,.F.);
#1223=ORIENTED_EDGE('',*,*,#1612,.F.);
#1224=ORIENTED_EDGE('',*,*,#1613,.F.);
#1225=ORIENTED_EDGE('',*,*,#1278,.F.);
#1226=ORIENTED_EDGE('',*,*,#1614,.F.);
#1227=ORIENTED_EDGE('',*,*,#1614,.T.);
#1228=ORIENTED_EDGE('',*,*,#1277,.T.);
#1229=ORIENTED_EDGE('',*,*,#1615,.T.);
#1230=ORIENTED_EDGE('',*,*,#1616,.T.);
#1231=ORIENTED_EDGE('',*,*,#1612,.T.);
#1232=ORIENTED_EDGE('',*,*,#1616,.F.);
#1233=ORIENTED_EDGE('',*,*,#1617,.T.);
#1234=ORIENTED_EDGE('',*,*,#1618,.F.);
#1235=ORIENTED_EDGE('',*,*,#1619,.T.);
#1236=ORIENTED_EDGE('',*,*,#1620,.F.);
#1237=ORIENTED_EDGE('',*,*,#1621,.T.);
#1238=ORIENTED_EDGE('',*,*,#1622,.F.);
#1239=ORIENTED_EDGE('',*,*,#1280,.F.);
#1240=ORIENTED_EDGE('',*,*,#1623,.F.);
#1241=ORIENTED_EDGE('',*,*,#1621,.F.);
#1242=ORIENTED_EDGE('',*,*,#1624,.F.);
#1243=ORIENTED_EDGE('',*,*,#1624,.T.);
#1244=ORIENTED_EDGE('',*,*,#1620,.T.);
#1245=ORIENTED_EDGE('',*,*,#1625,.T.);
#1246=ORIENTED_EDGE('',*,*,#1281,.T.);
#1247=ORIENTED_EDGE('',*,*,#1274,.F.);
#1248=ORIENTED_EDGE('',*,*,#1625,.F.);
#1249=ORIENTED_EDGE('',*,*,#1619,.F.);
#1250=ORIENTED_EDGE('',*,*,#1626,.F.);
#1251=ORIENTED_EDGE('',*,*,#1617,.F.);
#1252=ORIENTED_EDGE('',*,*,#1615,.F.);
#1253=ORIENTED_EDGE('',*,*,#1276,.F.);
#1254=ORIENTED_EDGE('',*,*,#1627,.F.);
#1255=ORIENTED_EDGE('',*,*,#1613,.T.);
#1256=ORIENTED_EDGE('',*,*,#1622,.T.);
#1257=ORIENTED_EDGE('',*,*,#1623,.T.);
#1258=ORIENTED_EDGE('',*,*,#1279,.T.);
#1259=ORIENTED_EDGE('',*,*,#1626,.T.);
#1260=ORIENTED_EDGE('',*,*,#1618,.T.);
#1261=ORIENTED_EDGE('',*,*,#1627,.T.);
#1262=ORIENTED_EDGE('',*,*,#1275,.T.);
#1263=ORIENTED_EDGE('',*,*,#1628,.T.);
#1264=ORIENTED_EDGE('',*,*,#1629,.T.);
#1265=ORIENTED_EDGE('',*,*,#1629,.F.);
#1266=ORIENTED_EDGE('',*,*,#1630,.F.);
#1267=ORIENTED_EDGE('',*,*,#1426,.T.);
#1268=ORIENTED_EDGE('',*,*,#1628,.F.);
#1269=ORIENTED_EDGE('',*,*,#1631,.T.);
#1270=ORIENTED_EDGE('',*,*,#1630,.T.);
#1271=ORIENTED_EDGE('',*,*,#1632,.T.);
#1272=ORIENTED_EDGE('',*,*,#1631,.F.);
#1273=ORIENTED_EDGE('',*,*,#1632,.F.);
#1274=EDGE_CURVE('',#1633,#1634,#1877,.F.);
#1275=EDGE_CURVE('',#1635,#1634,#74,.F.);
#1276=EDGE_CURVE('',#1635,#1636,#1878,.T.);
#1277=EDGE_CURVE('',#1637,#1636,#75,.F.);
#1278=EDGE_CURVE('',#1637,#1638,#1879,.T.);
#1279=EDGE_CURVE('',#1639,#1638,#76,.T.);
#1280=EDGE_CURVE('',#1639,#1640,#1880,.F.);
#1281=EDGE_CURVE('',#1633,#1640,#77,.T.);
#1282=EDGE_CURVE('',#1641,#1642,#78,.F.);
#1283=EDGE_CURVE('',#1643,#1642,#79,.T.);
#1284=EDGE_CURVE('',#1644,#1643,#80,.T.);
#1285=EDGE_CURVE('',#1645,#1644,#81,.F.);
#1286=EDGE_CURVE('',#1646,#1645,#82,.T.);
#1287=EDGE_CURVE('',#1647,#1646,#83,.T.);
#1288=EDGE_CURVE('',#1648,#1647,#84,.T.);
#1289=EDGE_CURVE('',#1649,#1648,#85,.T.);
#1290=EDGE_CURVE('',#1650,#1649,#86,.T.);
#1291=EDGE_CURVE('',#1651,#1650,#87,.T.);
#1292=EDGE_CURVE('',#1652,#1651,#88,.T.);
#1293=EDGE_CURVE('',#1653,#1652,#89,.T.);
#1294=EDGE_CURVE('',#1654,#1653,#90,.T.);
#1295=EDGE_CURVE('',#1655,#1654,#91,.T.);
#1296=EDGE_CURVE('',#1656,#1655,#92,.T.);
#1297=EDGE_CURVE('',#1657,#1656,#93,.T.);
#1298=EDGE_CURVE('',#1657,#1658,#94,.F.);
#1299=EDGE_CURVE('',#1641,#1658,#95,.F.);
#1300=EDGE_CURVE('',#1659,#1660,#1881,.F.);
#1301=EDGE_CURVE('',#1659,#1661,#96,.T.);
#1302=EDGE_CURVE('',#1662,#1661,#1882,.T.);
#1303=EDGE_CURVE('',#1662,#1663,#97,.F.);
#1304=EDGE_CURVE('',#1664,#1663,#1883,.T.);
#1305=EDGE_CURVE('',#1664,#1665,#98,.F.);
#1306=EDGE_CURVE('',#1666,#1665,#1884,.F.);
#1307=EDGE_CURVE('',#1666,#1660,#99,.T.);
#1308=EDGE_CURVE('',#1667,#1668,#100,.T.);
#1309=EDGE_CURVE('',#1669,#1668,#101,.F.);
#1310=EDGE_CURVE('',#1670,#1669,#102,.F.);
#1311=EDGE_CURVE('',#1671,#1670,#103,.F.);
#1312=EDGE_CURVE('',#1672,#1671,#104,.F.);
#1313=EDGE_CURVE('',#1673,#1672,#105,.F.);
#1314=EDGE_CURVE('',#1673,#1674,#106,.F.);
#1315=EDGE_CURVE('',#1675,#1674,#107,.F.);
#1316=EDGE_CURVE('',#1676,#1675,#108,.F.);
#1317=EDGE_CURVE('',#1677,#1676,#109,.F.);
#1318=EDGE_CURVE('',#1677,#1678,#110,.F.);
#1319=EDGE_CURVE('',#1679,#1678,#111,.F.);
#1320=EDGE_CURVE('',#1680,#1679,#112,.F.);
#1321=EDGE_CURVE('',#1681,#1680,#113,.T.);
#1322=EDGE_CURVE('',#1682,#1681,#114,.F.);
#1323=EDGE_CURVE('',#1683,#1682,#115,.F.);
#1324=EDGE_CURVE('',#1683,#1684,#116,.T.);
#1325=EDGE_CURVE('',#1667,#1684,#117,.F.);
#1326=EDGE_CURVE('',#1685,#1649,#1885,.T.);
#1327=EDGE_CURVE('',#1648,#1686,#1886,.F.);
#1328=EDGE_CURVE('',#1686,#1685,#118,.F.);
#1329=EDGE_CURVE('',#1685,#1687,#1887,.T.);
#1330=EDGE_CURVE('',#1676,#1687,#1888,.T.);
#1331=EDGE_CURVE('',#1688,#1675,#1889,.F.);
#1332=EDGE_CURVE('',#1688,#1689,#1890,.T.);
#1333=EDGE_CURVE('',#1690,#1689,#1891,.T.);
#1334=EDGE_CURVE('',#1691,#1690,#119,.T.);
#1335=EDGE_CURVE('',#1692,#1691,#1892,.T.);
#1336=EDGE_CURVE('',#1693,#1692,#120,.T.);
#1337=EDGE_CURVE('',#1694,#1693,#121,.T.);
#1338=EDGE_CURVE('',#1695,#1694,#122,.T.);
#1339=EDGE_CURVE('',#1696,#1695,#1893,.T.);
#1340=EDGE_CURVE('',#1697,#1696,#123,.T.);
#1341=EDGE_CURVE('',#1698,#1697,#124,.T.);
#1342=EDGE_CURVE('',#1699,#1698,#125,.T.);
#1343=EDGE_CURVE('',#1700,#1699,#1894,.T.);
#1344=EDGE_CURVE('',#1701,#1700,#126,.T.);
#1345=EDGE_CURVE('',#1702,#1701,#127,.T.);
#1346=EDGE_CURVE('',#1703,#1702,#128,.T.);
#1347=EDGE_CURVE('',#1704,#1703,#1895,.T.);
#1348=EDGE_CURVE('',#1705,#1704,#129,.T.);
#1349=EDGE_CURVE('',#1706,#1705,#1896,.T.);
#1350=EDGE_CURVE('',#1706,#1707,#1897,.T.);
#1351=EDGE_CURVE('',#1650,#1707,#1898,.F.);
#1352=EDGE_CURVE('',#1707,#1708,#130,.F.);
#1353=EDGE_CURVE('',#1708,#1651,#1899,.T.);
#1354=EDGE_CURVE('',#1709,#1706,#131,.T.);
#1355=EDGE_CURVE('',#1710,#1709,#1900,.F.);
#1356=EDGE_CURVE('',#1711,#1710,#132,.T.);
#1357=EDGE_CURVE('',#1708,#1711,#1901,.F.);
#1358=EDGE_CURVE('',#1687,#1712,#133,.T.);
#1359=EDGE_CURVE('',#1712,#1677,#1902,.F.);
#1360=EDGE_CURVE('',#1674,#1713,#1903,.T.);
#1361=EDGE_CURVE('',#1713,#1688,#134,.T.);
#1362=EDGE_CURVE('',#1714,#1713,#1904,.F.);
#1363=EDGE_CURVE('',#1714,#1715,#135,.T.);
#1364=EDGE_CURVE('',#1716,#1715,#1905,.F.);
#1365=EDGE_CURVE('',#1689,#1716,#136,.F.);
#1366=EDGE_CURVE('',#1712,#1686,#1906,.F.);
#1367=EDGE_CURVE('',#1717,#1647,#1907,.T.);
#1368=EDGE_CURVE('',#1717,#1718,#137,.T.);
#1369=EDGE_CURVE('',#1678,#1718,#1908,.T.);
#1370=EDGE_CURVE('',#1719,#1717,#138,.F.);
#1371=EDGE_CURVE('',#1719,#1720,#139,.T.);
#1372=EDGE_CURVE('',#1718,#1720,#140,.T.);
#1373=EDGE_CURVE('',#1721,#1722,#141,.T.);
#1374=EDGE_CURVE('',#1722,#1723,#142,.T.);
#1375=EDGE_CURVE('',#1724,#1723,#1909,.T.);
#1376=EDGE_CURVE('',#1680,#1724,#143,.F.);
#1377=EDGE_CURVE('',#1679,#1720,#1910,.T.);
#1378=EDGE_CURVE('',#1646,#1719,#1911,.F.);
#1379=EDGE_CURVE('',#1725,#1645,#144,.F.);
#1380=EDGE_CURVE('',#1726,#1725,#1912,.F.);
#1381=EDGE_CURVE('',#1726,#1727,#145,.T.);
#1382=EDGE_CURVE('',#1727,#1728,#146,.F.);
#1383=EDGE_CURVE('',#1728,#1721,#1913,.T.);
#1384=EDGE_CURVE('',#1729,#1724,#147,.F.);
#1385=EDGE_CURVE('',#1729,#1681,#148,.T.);
#1386=EDGE_CURVE('',#1725,#1730,#149,.F.);
#1387=EDGE_CURVE('',#1644,#1730,#150,.T.);
#1388=EDGE_CURVE('',#1731,#1732,#151,.F.);
#1389=EDGE_CURVE('',#1731,#1655,#152,.T.);
#1390=EDGE_CURVE('',#1654,#1732,#153,.F.);
#1391=EDGE_CURVE('',#1733,#1734,#154,.F.);
#1392=EDGE_CURVE('',#1733,#1735,#155,.T.);
#1393=EDGE_CURVE('',#1736,#1735,#156,.T.);
#1394=EDGE_CURVE('',#1734,#1736,#157,.T.);
#1395=EDGE_CURVE('',#1735,#1673,#1914,.F.);
#1396=EDGE_CURVE('',#1672,#1736,#1915,.T.);
#1397=EDGE_CURVE('',#1652,#1733,#1916,.F.);
#1398=EDGE_CURVE('',#1653,#1734,#1917,.F.);
#1399=EDGE_CURVE('',#1642,#1737,#1918,.F.);
#1400=EDGE_CURVE('',#1737,#1738,#158,.F.);
#1401=EDGE_CURVE('',#1643,#1738,#1919,.F.);
#1402=EDGE_CURVE('',#1739,#1729,#1920,.F.);
#1403=EDGE_CURVE('',#1723,#1739,#159,.T.);
#1404=EDGE_CURVE('',#1722,#1740,#160,.T.);
#1405=EDGE_CURVE('',#1740,#1739,#161,.T.);
#1406=EDGE_CURVE('',#1730,#1741,#1921,.T.);
#1407=EDGE_CURVE('',#1741,#1726,#162,.T.);
#1408=EDGE_CURVE('',#1742,#1743,#163,.F.);
#1409=EDGE_CURVE('',#1742,#1671,#164,.F.);
#1410=EDGE_CURVE('',#1670,#1743,#165,.T.);
#1411=EDGE_CURVE('',#1744,#1742,#1922,.F.);
#1412=EDGE_CURVE('',#1743,#1745,#1923,.T.);
#1413=EDGE_CURVE('',#1745,#1744,#166,.T.);
#1414=EDGE_CURVE('',#1746,#1747,#167,.F.);
#1415=EDGE_CURVE('',#1748,#1747,#168,.T.);
#1416=EDGE_CURVE('',#1732,#1748,#1924,.T.);
#1417=EDGE_CURVE('',#1749,#1744,#169,.T.);
#1418=EDGE_CURVE('',#1749,#1750,#170,.T.);
#1419=EDGE_CURVE('',#1750,#1746,#1925,.T.);
#1420=EDGE_CURVE('',#1747,#1751,#171,.F.);
#1421=EDGE_CURVE('',#1752,#1751,#172,.T.);
#1422=EDGE_CURVE('',#1748,#1752,#173,.T.);
#1423=EDGE_CURVE('',#1752,#1731,#1926,.F.);
#1424=EDGE_CURVE('',#1753,#1753,#1927,.T.);
#1425=EDGE_CURVE('',#1754,#1754,#1928,.T.);
#1426=EDGE_CURVE('',#1755,#1755,#1929,.T.);
#1427=EDGE_CURVE('',#1716,#1709,#1930,.T.);
#1428=EDGE_CURVE('',#1715,#1710,#1931,.T.);
#1429=EDGE_CURVE('',#1711,#1714,#1932,.F.);
#1430=EDGE_CURVE('',#1701,#1756,#174,.T.);
#1431=EDGE_CURVE('',#1757,#1756,#175,.T.);
#1432=EDGE_CURVE('',#1702,#1757,#176,.T.);
#1433=EDGE_CURVE('',#1758,#1700,#177,.F.);
#1434=EDGE_CURVE('',#1756,#1758,#178,.T.);
#1435=EDGE_CURVE('',#1759,#1757,#179,.F.);
#1436=EDGE_CURVE('',#1703,#1759,#180,.T.);
#1437=EDGE_CURVE('',#1698,#1760,#181,.T.);
#1438=EDGE_CURVE('',#1761,#1760,#182,.T.);
#1439=EDGE_CURVE('',#1699,#1761,#183,.T.);
#1440=EDGE_CURVE('',#1697,#1762,#184,.T.);
#1441=EDGE_CURVE('',#1760,#1762,#185,.T.);
#1442=EDGE_CURVE('',#1763,#1696,#186,.F.);
#1443=EDGE_CURVE('',#1762,#1763,#187,.F.);
#1444=EDGE_CURVE('',#1694,#1764,#188,.T.);
#1445=EDGE_CURVE('',#1765,#1764,#189,.T.);
#1446=EDGE_CURVE('',#1695,#1765,#190,.T.);
#1447=EDGE_CURVE('',#1693,#1766,#191,.T.);
#1448=EDGE_CURVE('',#1764,#1766,#192,.F.);
#1449=EDGE_CURVE('',#1767,#1692,#193,.F.);
#1450=EDGE_CURVE('',#1766,#1767,#194,.F.);
#1451=EDGE_CURVE('',#1691,#1768,#195,.T.);
#1452=EDGE_CURVE('',#1768,#1769,#1933,.T.);
#1453=EDGE_CURVE('',#1769,#1704,#196,.F.);
#1454=EDGE_CURVE('',#1759,#1758,#1934,.T.);
#1455=EDGE_CURVE('',#1761,#1763,#1935,.T.);
#1456=EDGE_CURVE('',#1765,#1767,#1936,.T.);
#1457=EDGE_CURVE('',#1768,#1770,#197,.F.);
#1458=EDGE_CURVE('',#1771,#1770,#1937,.T.);
#1459=EDGE_CURVE('',#1771,#1769,#198,.T.);
#1460=EDGE_CURVE('',#1705,#1771,#199,.T.);
#1461=EDGE_CURVE('',#1770,#1690,#200,.F.);
#1462=EDGE_CURVE('',#1772,#1773,#201,.F.);
#1463=EDGE_CURVE('',#1773,#1774,#1938,.T.);
#1464=EDGE_CURVE('',#1774,#1775,#202,.F.);
#1465=EDGE_CURVE('',#1775,#1776,#1939,.T.);
#1466=EDGE_CURVE('',#1776,#1777,#203,.T.);
#1467=EDGE_CURVE('',#1777,#1778,#1940,.T.);
#1468=EDGE_CURVE('',#1778,#1779,#204,.T.);
#1469=EDGE_CURVE('',#1779,#1772,#1941,.T.);
#1470=EDGE_CURVE('',#1780,#1781,#1942,.T.);
#1471=EDGE_CURVE('',#1782,#1780,#205,.T.);
#1472=EDGE_CURVE('',#1783,#1782,#1943,.T.);
#1473=EDGE_CURVE('',#1784,#1783,#206,.T.);
#1474=EDGE_CURVE('',#1785,#1784,#1944,.T.);
#1475=EDGE_CURVE('',#1786,#1785,#207,.T.);
#1476=EDGE_CURVE('',#1787,#1786,#1945,.T.);
#1477=EDGE_CURVE('',#1781,#1787,#208,.T.);
#1478=EDGE_CURVE('',#1773,#1780,#209,.T.);
#1479=EDGE_CURVE('',#1774,#1781,#210,.T.);
#1480=EDGE_CURVE('',#1775,#1787,#211,.T.);
#1481=EDGE_CURVE('',#1776,#1786,#212,.T.);
#1482=EDGE_CURVE('',#1777,#1785,#213,.T.);
#1483=EDGE_CURVE('',#1778,#1784,#214,.T.);
#1484=EDGE_CURVE('',#1779,#1783,#215,.T.);
#1485=EDGE_CURVE('',#1772,#1782,#216,.T.);
#1486=EDGE_CURVE('',#1788,#1727,#217,.F.);
#1487=EDGE_CURVE('',#1741,#1788,#218,.T.);
#1488=EDGE_CURVE('',#1740,#1789,#219,.T.);
#1489=EDGE_CURVE('',#1789,#1790,#1946,.F.);
#1490=EDGE_CURVE('',#1790,#1788,#220,.F.);
#1491=EDGE_CURVE('',#1738,#1791,#221,.T.);
#1492=EDGE_CURVE('',#1682,#1791,#1947,.T.);
#1493=EDGE_CURVE('',#1792,#1749,#222,.T.);
#1494=EDGE_CURVE('',#1792,#1745,#223,.T.);
#1495=EDGE_CURVE('',#1751,#1793,#224,.F.);
#1496=EDGE_CURVE('',#1793,#1794,#1948,.F.);
#1497=EDGE_CURVE('',#1794,#1792,#225,.T.);
#1498=EDGE_CURVE('',#1669,#1795,#1949,.T.);
#1499=EDGE_CURVE('',#1796,#1795,#226,.T.);
#1500=EDGE_CURVE('',#1656,#1796,#1950,.F.);
#1501=EDGE_CURVE('',#1728,#1790,#227,.T.);
#1502=EDGE_CURVE('',#1721,#1789,#228,.T.);
#1503=EDGE_CURVE('',#1750,#1794,#229,.T.);
#1504=EDGE_CURVE('',#1746,#1793,#230,.T.);
#1505=EDGE_CURVE('',#1797,#1798,#231,.F.);
#1506=EDGE_CURVE('',#1797,#1799,#232,.T.);
#1507=EDGE_CURVE('',#1800,#1799,#233,.F.);
#1508=EDGE_CURVE('',#1800,#1801,#234,.T.);
#1509=EDGE_CURVE('',#1791,#1801,#235,.T.);
#1510=EDGE_CURVE('',#1737,#1802,#236,.T.);
#1511=EDGE_CURVE('',#1803,#1802,#237,.F.);
#1512=EDGE_CURVE('',#1803,#1798,#238,.F.);
#1513=EDGE_CURVE('',#1804,#1798,#239,.T.);
#1514=EDGE_CURVE('',#1805,#1804,#1951,.T.);
#1515=EDGE_CURVE('',#1806,#1805,#240,.T.);
#1516=EDGE_CURVE('',#1807,#1806,#1952,.T.);
#1517=EDGE_CURVE('',#1797,#1807,#241,.T.);
#1518=EDGE_CURVE('',#1796,#1808,#242,.F.);
#1519=EDGE_CURVE('',#1808,#1657,#1953,.T.);
#1520=EDGE_CURVE('',#1809,#1795,#243,.T.);
#1521=EDGE_CURVE('',#1809,#1810,#244,.F.);
#1522=EDGE_CURVE('',#1811,#1810,#245,.F.);
#1523=EDGE_CURVE('',#1811,#1808,#246,.F.);
#1524=EDGE_CURVE('',#1668,#1809,#1954,.T.);
#1525=EDGE_CURVE('',#1801,#1683,#1955,.F.);
#1526=EDGE_CURVE('',#1812,#1813,#14,.F.);
#1527=EDGE_CURVE('',#1813,#1812,#15,.F.);
#1528=EDGE_CURVE('',#1814,#1814,#1956,.T.);
#1529=EDGE_CURVE('',#1815,#1815,#1957,.T.);
#1530=EDGE_CURVE('',#1816,#1817,#16,.F.);
#1531=EDGE_CURVE('',#1817,#1816,#17,.F.);
#1532=EDGE_CURVE('',#1818,#1818,#1958,.T.);
#1533=EDGE_CURVE('',#1819,#1819,#1959,.T.);
#1534=EDGE_CURVE('',#1820,#1821,#18,.F.);
#1535=EDGE_CURVE('',#1821,#1820,#19,.F.);
#1536=EDGE_CURVE('',#1822,#1822,#1960,.T.);
#1537=EDGE_CURVE('',#1823,#1823,#1961,.T.);
#1538=EDGE_CURVE('',#1824,#1825,#20,.F.);
#1539=EDGE_CURVE('',#1825,#1824,#21,.F.);
#1540=EDGE_CURVE('',#1826,#1826,#1962,.T.);
#1541=EDGE_CURVE('',#1827,#1827,#1963,.T.);
#1542=EDGE_CURVE('',#1828,#1800,#247,.T.);
#1543=EDGE_CURVE('',#1799,#1829,#248,.F.);
#1544=EDGE_CURVE('',#1829,#1828,#249,.T.);
#1545=EDGE_CURVE('',#1830,#1828,#250,.F.);
#1546=EDGE_CURVE('',#1830,#1831,#251,.T.);
#1547=EDGE_CURVE('',#1831,#1800,#252,.T.);
#1548=EDGE_CURVE('',#1829,#1832,#1964,.T.);
#1549=EDGE_CURVE('',#1832,#1833,#253,.F.);
#1550=EDGE_CURVE('',#1833,#1834,#1965,.T.);
#1551=EDGE_CURVE('',#1835,#1834,#254,.T.);
#1552=EDGE_CURVE('',#1835,#1836,#255,.T.);
#1553=EDGE_CURVE('',#1836,#1837,#1966,.T.);
#1554=EDGE_CURVE('',#1837,#1838,#256,.F.);
#1555=EDGE_CURVE('',#1839,#1838,#257,.T.);
#1556=EDGE_CURVE('',#1839,#1840,#258,.T.);
#1557=EDGE_CURVE('',#1840,#1841,#1967,.T.);
#1558=EDGE_CURVE('',#1841,#1842,#259,.T.);
#1559=EDGE_CURVE('',#1843,#1842,#260,.T.);
#1560=EDGE_CURVE('',#1843,#1844,#261,.F.);
#1561=EDGE_CURVE('',#1844,#1845,#1968,.T.);
#1562=EDGE_CURVE('',#1845,#1846,#262,.T.);
#1563=EDGE_CURVE('',#1847,#1846,#263,.T.);
#1564=EDGE_CURVE('',#1847,#1848,#264,.F.);
#1565=EDGE_CURVE('',#1848,#1830,#1969,.T.);
#1566=EDGE_CURVE('',#1802,#1835,#265,.F.);
#1567=EDGE_CURVE('',#1834,#1803,#266,.T.);
#1568=EDGE_CURVE('',#1834,#1804,#267,.T.);
#1569=EDGE_CURVE('',#1658,#1839,#268,.F.);
#1570=EDGE_CURVE('',#1838,#1641,#269,.T.);
#1571=EDGE_CURVE('',#1837,#1849,#270,.T.);
#1572=EDGE_CURVE('',#1849,#1641,#271,.T.);
#1573=EDGE_CURVE('',#1810,#1843,#272,.F.);
#1574=EDGE_CURVE('',#1842,#1811,#273,.T.);
#1575=EDGE_CURVE('',#1841,#1850,#274,.T.);
#1576=EDGE_CURVE('',#1850,#1811,#275,.T.);
#1577=EDGE_CURVE('',#1846,#1667,#276,.T.);
#1578=EDGE_CURVE('',#1684,#1847,#277,.F.);
#1579=EDGE_CURVE('',#1684,#1851,#278,.T.);
#1580=EDGE_CURVE('',#1848,#1851,#279,.T.);
#1581=EDGE_CURVE('',#1833,#1805,#280,.T.);
#1582=EDGE_CURVE('',#1832,#1806,#281,.T.);
#1583=EDGE_CURVE('',#1829,#1807,#282,.T.);
#1584=EDGE_CURVE('',#1840,#1852,#283,.T.);
#1585=EDGE_CURVE('',#1852,#1850,#1970,.T.);
#1586=EDGE_CURVE('',#1658,#1852,#284,.T.);
#1587=EDGE_CURVE('',#1802,#1853,#285,.T.);
#1588=EDGE_CURVE('',#1836,#1853,#286,.T.);
#1589=EDGE_CURVE('',#1853,#1849,#1971,.T.);
#1590=EDGE_CURVE('',#1845,#1854,#287,.T.);
#1591=EDGE_CURVE('',#1854,#1667,#288,.T.);
#1592=EDGE_CURVE('',#1844,#1855,#289,.T.);
#1593=EDGE_CURVE('',#1855,#1854,#1972,.T.);
#1594=EDGE_CURVE('',#1810,#1855,#290,.T.);
#1595=EDGE_CURVE('',#1851,#1831,#1973,.T.);
#1596=EDGE_CURVE('',#1856,#1857,#1974,.F.);
#1597=EDGE_CURVE('',#1857,#1662,#291,.F.);
#1598=EDGE_CURVE('',#1661,#1856,#292,.T.);
#1599=EDGE_CURVE('',#1858,#1857,#293,.T.);
#1600=EDGE_CURVE('',#1663,#1858,#294,.T.);
#1601=EDGE_CURVE('',#1856,#1859,#295,.F.);
#1602=EDGE_CURVE('',#1860,#1859,#1975,.T.);
#1603=EDGE_CURVE('',#1860,#1861,#296,.F.);
#1604=EDGE_CURVE('',#1862,#1861,#1976,.T.);
#1605=EDGE_CURVE('',#1862,#1863,#297,.T.);
#1606=EDGE_CURVE('',#1858,#1863,#1977,.F.);
#1607=EDGE_CURVE('',#1660,#1860,#298,.F.);
#1608=EDGE_CURVE('',#1859,#1659,#299,.T.);
#1609=EDGE_CURVE('',#1861,#1666,#300,.T.);
#1610=EDGE_CURVE('',#1665,#1862,#301,.F.);
#1611=EDGE_CURVE('',#1863,#1664,#302,.F.);
#1612=EDGE_CURVE('',#1864,#1865,#1978,.F.);
#1613=EDGE_CURVE('',#1638,#1864,#303,.F.);
#1614=EDGE_CURVE('',#1865,#1637,#304,.F.);
#1615=EDGE_CURVE('',#1636,#1866,#305,.T.);
#1616=EDGE_CURVE('',#1866,#1865,#306,.T.);
#1617=EDGE_CURVE('',#1866,#1867,#1979,.F.);
#1618=EDGE_CURVE('',#1868,#1867,#307,.T.);
#1619=EDGE_CURVE('',#1868,#1869,#1980,.T.);
#1620=EDGE_CURVE('',#1870,#1869,#308,.F.);
#1621=EDGE_CURVE('',#1870,#1871,#1981,.T.);
#1622=EDGE_CURVE('',#1864,#1871,#309,.F.);
#1623=EDGE_CURVE('',#1871,#1639,#310,.T.);
#1624=EDGE_CURVE('',#1640,#1870,#311,.F.);
#1625=EDGE_CURVE('',#1869,#1633,#312,.T.);
#1626=EDGE_CURVE('',#1634,#1868,#313,.T.);
#1627=EDGE_CURVE('',#1867,#1635,#314,.F.);
#1628=EDGE_CURVE('',#1872,#1872,#1982,.F.);
#1629=EDGE_CURVE('',#1873,#1873,#1983,.T.);
#1630=EDGE_CURVE('',#1874,#1874,#1984,.T.);
#1631=EDGE_CURVE('',#1875,#1875,#1985,.F.);
#1632=EDGE_CURVE('',#1876,#1876,#1986,.T.);
#1633=VERTEX_POINT('',#3548);
#1634=VERTEX_POINT('',#3549);
#1635=VERTEX_POINT('',#3551);
#1636=VERTEX_POINT('',#3553);
#1637=VERTEX_POINT('',#3555);
#1638=VERTEX_POINT('',#3557);
#1639=VERTEX_POINT('',#3559);
#1640=VERTEX_POINT('',#3561);
#1641=VERTEX_POINT('',#3564);
#1642=VERTEX_POINT('',#3565);
#1643=VERTEX_POINT('',#3567);
#1644=VERTEX_POINT('',#3569);
#1645=VERTEX_POINT('',#3571);
#1646=VERTEX_POINT('',#3573);
#1647=VERTEX_POINT('',#3575);
#1648=VERTEX_POINT('',#3577);
#1649=VERTEX_POINT('',#3579);
#1650=VERTEX_POINT('',#3581);
#1651=VERTEX_POINT('',#3583);
#1652=VERTEX_POINT('',#3585);
#1653=VERTEX_POINT('',#3587);
#1654=VERTEX_POINT('',#3589);
#1655=VERTEX_POINT('',#3591);
#1656=VERTEX_POINT('',#3593);
#1657=VERTEX_POINT('',#3595);
#1658=VERTEX_POINT('',#3597);
#1659=VERTEX_POINT('',#3601);
#1660=VERTEX_POINT('',#3602);
#1661=VERTEX_POINT('',#3604);
#1662=VERTEX_POINT('',#3606);
#1663=VERTEX_POINT('',#3608);
#1664=VERTEX_POINT('',#3610);
#1665=VERTEX_POINT('',#3612);
#1666=VERTEX_POINT('',#3614);
#1667=VERTEX_POINT('',#3617);
#1668=VERTEX_POINT('',#3618);
#1669=VERTEX_POINT('',#3620);
#1670=VERTEX_POINT('',#3622);
#1671=VERTEX_POINT('',#3624);
#1672=VERTEX_POINT('',#3626);
#1673=VERTEX_POINT('',#3628);
#1674=VERTEX_POINT('',#3630);
#1675=VERTEX_POINT('',#3632);
#1676=VERTEX_POINT('',#3634);
#1677=VERTEX_POINT('',#3636);
#1678=VERTEX_POINT('',#3638);
#1679=VERTEX_POINT('',#3640);
#1680=VERTEX_POINT('',#3642);
#1681=VERTEX_POINT('',#3644);
#1682=VERTEX_POINT('',#3646);
#1683=VERTEX_POINT('',#3648);
#1684=VERTEX_POINT('',#3650);
#1685=VERTEX_POINT('',#3654);
#1686=VERTEX_POINT('',#3656);
#1687=VERTEX_POINT('',#3660);
#1688=VERTEX_POINT('',#3663);
#1689=VERTEX_POINT('',#3665);
#1690=VERTEX_POINT('',#3667);
#1691=VERTEX_POINT('',#3669);
#1692=VERTEX_POINT('',#3671);
#1693=VERTEX_POINT('',#3673);
#1694=VERTEX_POINT('',#3675);
#1695=VERTEX_POINT('',#3677);
#1696=VERTEX_POINT('',#3679);
#1697=VERTEX_POINT('',#3681);
#1698=VERTEX_POINT('',#3683);
#1699=VERTEX_POINT('',#3685);
#1700=VERTEX_POINT('',#3687);
#1701=VERTEX_POINT('',#3689);
#1702=VERTEX_POINT('',#3691);
#1703=VERTEX_POINT('',#3693);
#1704=VERTEX_POINT('',#3695);
#1705=VERTEX_POINT('',#3697);
#1706=VERTEX_POINT('',#3699);
#1707=VERTEX_POINT('',#3701);
#1708=VERTEX_POINT('',#3705);
#1709=VERTEX_POINT('',#3709);
#1710=VERTEX_POINT('',#3711);
#1711=VERTEX_POINT('',#3713);
#1712=VERTEX_POINT('',#3717);
#1713=VERTEX_POINT('',#3721);
#1714=VERTEX_POINT('',#3725);
#1715=VERTEX_POINT('',#3727);
#1716=VERTEX_POINT('',#3729);
#1717=VERTEX_POINT('',#3734);
#1718=VERTEX_POINT('',#3736);
#1719=VERTEX_POINT('',#3741);
#1720=VERTEX_POINT('',#3743);
#1721=VERTEX_POINT('',#3747);
#1722=VERTEX_POINT('',#3748);
#1723=VERTEX_POINT('',#3750);
#1724=VERTEX_POINT('',#3752);
#1725=VERTEX_POINT('',#3757);
#1726=VERTEX_POINT('',#3759);
#1727=VERTEX_POINT('',#3761);
#1728=VERTEX_POINT('',#3763);
#1729=VERTEX_POINT('',#3767);
#1730=VERTEX_POINT('',#3771);
#1731=VERTEX_POINT('',#3775);
#1732=VERTEX_POINT('',#3776);
#1733=VERTEX_POINT('',#3781);
#1734=VERTEX_POINT('',#3782);
#1735=VERTEX_POINT('',#3784);
#1736=VERTEX_POINT('',#3786);
#1737=VERTEX_POINT('',#3797);
#1738=VERTEX_POINT('',#3799);
#1739=VERTEX_POINT('',#3804);
#1740=VERTEX_POINT('',#3808);
#1741=VERTEX_POINT('',#3812);
#1742=VERTEX_POINT('',#3816);
#1743=VERTEX_POINT('',#3817);
#1744=VERTEX_POINT('',#3822);
#1745=VERTEX_POINT('',#3824);
#1746=VERTEX_POINT('',#3828);
#1747=VERTEX_POINT('',#3829);
#1748=VERTEX_POINT('',#3831);
#1749=VERTEX_POINT('',#3834);
#1750=VERTEX_POINT('',#3836);
#1751=VERTEX_POINT('',#3840);
#1752=VERTEX_POINT('',#3842);
#1753=VERTEX_POINT('',#3848);
#1754=VERTEX_POINT('',#3851);
#1755=VERTEX_POINT('',#3853);
#1756=VERTEX_POINT('',#3861);
#1757=VERTEX_POINT('',#3863);
#1758=VERTEX_POINT('',#3867);
#1759=VERTEX_POINT('',#3871);
#1760=VERTEX_POINT('',#3875);
#1761=VERTEX_POINT('',#3877);
#1762=VERTEX_POINT('',#3881);
#1763=VERTEX_POINT('',#3885);
#1764=VERTEX_POINT('',#3889);
#1765=VERTEX_POINT('',#3891);
#1766=VERTEX_POINT('',#3895);
#1767=VERTEX_POINT('',#3899);
#1768=VERTEX_POINT('',#3903);
#1769=VERTEX_POINT('',#3905);
#1770=VERTEX_POINT('',#3914);
#1771=VERTEX_POINT('',#3916);
#1772=VERTEX_POINT('',#3925);
#1773=VERTEX_POINT('',#3926);
#1774=VERTEX_POINT('',#3928);
#1775=VERTEX_POINT('',#3930);
#1776=VERTEX_POINT('',#3932);
#1777=VERTEX_POINT('',#3934);
#1778=VERTEX_POINT('',#3936);
#1779=VERTEX_POINT('',#3938);
#1780=VERTEX_POINT('',#3943);
#1781=VERTEX_POINT('',#3944);
#1782=VERTEX_POINT('',#3946);
#1783=VERTEX_POINT('',#3948);
#1784=VERTEX_POINT('',#3950);
#1785=VERTEX_POINT('',#3952);
#1786=VERTEX_POINT('',#3954);
#1787=VERTEX_POINT('',#3956);
#1788=VERTEX_POINT('',#3976);
#1789=VERTEX_POINT('',#3980);
#1790=VERTEX_POINT('',#3982);
#1791=VERTEX_POINT('',#3985);
#1792=VERTEX_POINT('',#3989);
#1793=VERTEX_POINT('',#3993);
#1794=VERTEX_POINT('',#3995);
#1795=VERTEX_POINT('',#3998);
#1796=VERTEX_POINT('',#4000);
#1797=VERTEX_POINT('',#4014);
#1798=VERTEX_POINT('',#4015);
#1799=VERTEX_POINT('',#4017);
#1800=VERTEX_POINT('',#4019);
#1801=VERTEX_POINT('',#4021);
#1802=VERTEX_POINT('',#4024);
#1803=VERTEX_POINT('',#4026);
#1804=VERTEX_POINT('',#4030);
#1805=VERTEX_POINT('',#4032);
#1806=VERTEX_POINT('',#4034);
#1807=VERTEX_POINT('',#4036);
#1808=VERTEX_POINT('',#4040);
#1809=VERTEX_POINT('',#4044);
#1810=VERTEX_POINT('',#4046);
#1811=VERTEX_POINT('',#4048);
#1812=VERTEX_POINT('',#4062);
#1813=VERTEX_POINT('',#4063);
#1814=VERTEX_POINT('',#4070);
#1815=VERTEX_POINT('',#4073);
#1816=VERTEX_POINT('',#4083);
#1817=VERTEX_POINT('',#4084);
#1818=VERTEX_POINT('',#4091);
#1819=VERTEX_POINT('',#4094);
#1820=VERTEX_POINT('',#4104);
#1821=VERTEX_POINT('',#4105);
#1822=VERTEX_POINT('',#4112);
#1823=VERTEX_POINT('',#4115);
#1824=VERTEX_POINT('',#4125);
#1825=VERTEX_POINT('',#4126);
#1826=VERTEX_POINT('',#4133);
#1827=VERTEX_POINT('',#4136);
#1828=VERTEX_POINT('',#4140);
#1829=VERTEX_POINT('',#4142);
#1830=VERTEX_POINT('',#4146);
#1831=VERTEX_POINT('',#4148);
#1832=VERTEX_POINT('',#4152);
#1833=VERTEX_POINT('',#4154);
#1834=VERTEX_POINT('',#4156);
#1835=VERTEX_POINT('',#4158);
#1836=VERTEX_POINT('',#4160);
#1837=VERTEX_POINT('',#4162);
#1838=VERTEX_POINT('',#4164);
#1839=VERTEX_POINT('',#4166);
#1840=VERTEX_POINT('',#4168);
#1841=VERTEX_POINT('',#4170);
#1842=VERTEX_POINT('',#4172);
#1843=VERTEX_POINT('',#4174);
#1844=VERTEX_POINT('',#4176);
#1845=VERTEX_POINT('',#4178);
#1846=VERTEX_POINT('',#4180);
#1847=VERTEX_POINT('',#4182);
#1848=VERTEX_POINT('',#4184);
#1849=VERTEX_POINT('',#4196);
#1850=VERTEX_POINT('',#4203);
#1851=VERTEX_POINT('',#4210);
#1852=VERTEX_POINT('',#4221);
#1853=VERTEX_POINT('',#4228);
#1854=VERTEX_POINT('',#4235);
#1855=VERTEX_POINT('',#4239);
#1856=VERTEX_POINT('',#4249);
#1857=VERTEX_POINT('',#4250);
#1858=VERTEX_POINT('',#4255);
#1859=VERTEX_POINT('',#4259);
#1860=VERTEX_POINT('',#4261);
#1861=VERTEX_POINT('',#4263);
#1862=VERTEX_POINT('',#4265);
#1863=VERTEX_POINT('',#4267);
#1864=VERTEX_POINT('',#4282);
#1865=VERTEX_POINT('',#4283);
#1866=VERTEX_POINT('',#4288);
#1867=VERTEX_POINT('',#4292);
#1868=VERTEX_POINT('',#4294);
#1869=VERTEX_POINT('',#4296);
#1870=VERTEX_POINT('',#4298);
#1871=VERTEX_POINT('',#4300);
#1872=VERTEX_POINT('',#4315);
#1873=VERTEX_POINT('',#4317);
#1874=VERTEX_POINT('',#4320);
#1875=VERTEX_POINT('',#4324);
#1876=VERTEX_POINT('',#4327);
#1877=CIRCLE('',#2553,0.000500000000000007);
#1878=CIRCLE('',#2554,0.000500000000000007);
#1879=CIRCLE('',#2555,0.000500000000000007);
#1880=CIRCLE('',#2556,0.000500000000000007);
#1881=CIRCLE('',#2558,0.000500000000000007);
#1882=CIRCLE('',#2559,0.000500000000000007);
#1883=CIRCLE('',#2560,0.000500000000000007);
#1884=CIRCLE('',#2561,0.000500000000000007);
#1885=CIRCLE('',#2563,0.002);
#1886=CIRCLE('',#2564,0.002);
#1887=CIRCLE('',#2566,0.006);
#1888=CIRCLE('',#2567,0.002);
#1889=CIRCLE('',#2568,0.002);
#1890=CIRCLE('',#2569,0.006);
#1891=CIRCLE('',#2570,0.00155);
#1892=CIRCLE('',#2571,0.00445);
#1893=CIRCLE('',#2572,0.00445);
#1894=CIRCLE('',#2573,0.00445);
#1895=CIRCLE('',#2574,0.00445);
#1896=CIRCLE('',#2575,0.00155);
#1897=CIRCLE('',#2576,0.006);
#1898=CIRCLE('',#2577,0.002);
#1899=CIRCLE('',#2579,0.002);
#1900=CIRCLE('',#2581,0.006);
#1901=CIRCLE('',#2582,0.006);
#1902=CIRCLE('',#2584,0.002);
#1903=CIRCLE('',#2586,0.002);
#1904=CIRCLE('',#2588,0.006);
#1905=CIRCLE('',#2589,0.006);
#1906=CIRCLE('',#2591,0.006);
#1907=CIRCLE('',#2592,0.001);
#1908=CIRCLE('',#2593,0.001);
#1909=CIRCLE('',#2597,0.001);
#1910=CIRCLE('',#2598,0.001);
#1911=CIRCLE('',#2599,0.001);
#1912=CIRCLE('',#2600,0.001);
#1913=CIRCLE('',#2601,0.001);
#1914=CIRCLE('',#2607,0.001);
#1915=CIRCLE('',#2608,0.001);
#1916=CIRCLE('',#2610,0.001);
#1917=CIRCLE('',#2611,0.001);
#1918=CIRCLE('',#2614,0.001);
#1919=CIRCLE('',#2615,0.001);
#1920=CIRCLE('',#2618,0.001);
#1921=CIRCLE('',#2621,0.001);
#1922=CIRCLE('',#2624,0.001);
#1923=CIRCLE('',#2625,0.001);
#1924=CIRCLE('',#2627,0.001);
#1925=CIRCLE('',#2628,0.001);
#1926=CIRCLE('',#2631,0.001);
#1927=CIRCLE('',#2633,0.00155);
#1928=CIRCLE('',#2635,0.00445);
#1929=CIRCLE('',#2636,0.0025);
#1930=CIRCLE('',#2638,0.00155);
#1931=CIRCLE('',#2639,0.00325);
#1932=CIRCLE('',#2641,0.00325);
#1933=CIRCLE('',#2652,0.00445);
#1934=CIRCLE('',#2653,0.00445);
#1935=CIRCLE('',#2654,0.00445);
#1936=CIRCLE('',#2655,0.00445);
#1937=CIRCLE('',#2659,0.00155);
#1938=CIRCLE('',#2664,0.0005);
#1939=CIRCLE('',#2665,0.0005);
#1940=CIRCLE('',#2666,0.0005);
#1941=CIRCLE('',#2667,0.0005);
#1942=CIRCLE('',#2670,0.0005);
#1943=CIRCLE('',#2671,0.0005);
#1944=CIRCLE('',#2672,0.0005);
#1945=CIRCLE('',#2673,0.0005);
#1946=CIRCLE('',#2684,0.001);
#1947=CIRCLE('',#2685,0.001);
#1948=CIRCLE('',#2688,0.001);
#1949=CIRCLE('',#2689,0.001);
#1950=CIRCLE('',#2690,0.001);
#1951=CIRCLE('',#2699,0.001);
#1952=CIRCLE('',#2700,0.001);
#1953=CIRCLE('',#2702,0.001);
#1954=CIRCLE('',#2705,0.001);
#1955=CIRCLE('',#2707,0.001);
#1956=CIRCLE('',#2709,0.000399999999999995);
#1957=CIRCLE('',#2711,0.0009);
#1958=CIRCLE('',#2714,0.0004);
#1959=CIRCLE('',#2716,0.0009);
#1960=CIRCLE('',#2719,0.0004);
#1961=CIRCLE('',#2721,0.0009);
#1962=CIRCLE('',#2724,0.0004);
#1963=CIRCLE('',#2726,0.0009);
#1964=CIRCLE('',#2731,0.001);
#1965=CIRCLE('',#2732,0.001);
#1966=CIRCLE('',#2733,0.001);
#1967=CIRCLE('',#2734,0.001);
#1968=CIRCLE('',#2735,0.001);
#1969=CIRCLE('',#2736,0.001);
#1970=CIRCLE('',#2750,0.001);
#1971=CIRCLE('',#2755,0.001);
#1972=CIRCLE('',#2759,0.001);
#1973=CIRCLE('',#2763,0.001);
#1974=CIRCLE('',#2766,0.000500000000000007);
#1975=CIRCLE('',#2769,0.000500000000000007);
#1976=CIRCLE('',#2770,0.000500000000000007);
#1977=CIRCLE('',#2771,0.000500000000000007);
#1978=CIRCLE('',#2779,0.000500000000000007);
#1979=CIRCLE('',#2782,0.000500000000000007);
#1980=CIRCLE('',#2783,0.000500000000000007);
#1981=CIRCLE('',#2784,0.000500000000000007);
#1982=CIRCLE('',#2792,0.0025);
#1983=CIRCLE('',#2793,0.0021);
#1984=CIRCLE('',#2795,0.00115);
#1985=CIRCLE('',#2798,0.00075);
#1986=CIRCLE('',#2800,0.00075);
#1987=EDGE_LOOP('',(#556,#557,#558,#559,#560,#561,#562,#563));
#1988=EDGE_LOOP('',(#564,#565,#566,#567,#568,#569,#570,#571,#572,#573,#574,
#575,#576,#577,#578,#579,#580,#581));
#1989=EDGE_LOOP('',(#582,#583,#584,#585,#586,#587,#588,#589));
#1990=EDGE_LOOP('',(#590,#591,#592,#593,#594,#595,#596,#597,#598,#599,#600,
#601,#602,#603,#604,#605,#606,#607));
#1991=EDGE_LOOP('',(#608,#609,#610,#611));
#1992=EDGE_LOOP('',(#612,#613,#614,#615,#616,#617,#618,#619,#620,#621,#622,
#623,#624,#625,#626,#627,#628,#629,#630,#631,#632,#633,#634,#635,#636,#637));
#1993=EDGE_LOOP('',(#638,#639,#640,#641));
#1994=EDGE_LOOP('',(#642,#643,#644,#645,#646,#647));
#1995=EDGE_LOOP('',(#648,#649,#650,#651));
#1996=EDGE_LOOP('',(#652,#653,#654,#655));
#1997=EDGE_LOOP('',(#656,#657,#658,#659,#660,#661));
#1998=EDGE_LOOP('',(#662,#663,#664,#665,#666,#667,#668,#669));
#1999=EDGE_LOOP('',(#670,#671,#672,#673));
#2000=EDGE_LOOP('',(#674,#675,#676,#677));
#2001=EDGE_LOOP('',(#678,#679,#680,#681,#682,#683,#684,#685,#686,#687,#688,
#689,#690,#691));
#2002=EDGE_LOOP('',(#692,#693,#694,#695));
#2003=EDGE_LOOP('',(#696,#697,#698,#699));
#2004=EDGE_LOOP('',(#700,#701,#702,#703));
#2005=EDGE_LOOP('',(#704,#705,#706,#707));
#2006=EDGE_LOOP('',(#708,#709,#710,#711));
#2007=EDGE_LOOP('',(#712,#713,#714,#715));
#2008=EDGE_LOOP('',(#716,#717,#718,#719));
#2009=EDGE_LOOP('',(#720,#721,#722,#723));
#2010=EDGE_LOOP('',(#724,#725,#726,#727));
#2011=EDGE_LOOP('',(#728,#729,#730,#731));
#2012=EDGE_LOOP('',(#732,#733,#734,#735));
#2013=EDGE_LOOP('',(#736,#737,#738,#739));
#2014=EDGE_LOOP('',(#740,#741,#742,#743));
#2015=EDGE_LOOP('',(#744,#745,#746,#747));
#2016=EDGE_LOOP('',(#748,#749,#750,#751,#752,#753,#754,#755,#756,#757,#758,
#759,#760,#761));
#2017=EDGE_LOOP('',(#762,#763,#764,#765));
#2018=EDGE_LOOP('',(#766,#767,#768,#769));
#2019=EDGE_LOOP('',(#770));
#2020=EDGE_LOOP('',(#771));
#2021=EDGE_LOOP('',(#772));
#2022=EDGE_LOOP('',(#773,#774,#775,#776));
#2023=EDGE_LOOP('',(#777,#778,#779,#780));
#2024=EDGE_LOOP('',(#781,#782,#783,#784));
#2025=EDGE_LOOP('',(#785,#786,#787,#788));
#2026=EDGE_LOOP('',(#789,#790,#791,#792));
#2027=EDGE_LOOP('',(#793,#794,#795,#796));
#2028=EDGE_LOOP('',(#797,#798,#799,#800));
#2029=EDGE_LOOP('',(#801,#802,#803,#804));
#2030=EDGE_LOOP('',(#805,#806,#807,#808));
#2031=EDGE_LOOP('',(#809,#810,#811,#812));
#2032=EDGE_LOOP('',(#813,#814,#815,#816));
#2033=EDGE_LOOP('',(#817,#818,#819,#820,#821,#822,#823,#824,#825,#826,#827,
#828,#829,#830,#831,#832));
#2034=EDGE_LOOP('',(#833));
#2035=EDGE_LOOP('',(#834,#835,#836,#837));
#2036=EDGE_LOOP('',(#838,#839,#840,#841));
#2037=EDGE_LOOP('',(#842,#843,#844,#845));
#2038=EDGE_LOOP('',(#846,#847,#848,#849));
#2039=EDGE_LOOP('',(#850,#851,#852,#853));
#2040=EDGE_LOOP('',(#854,#855,#856,#857,#858,#859,#860,#861));
#2041=EDGE_LOOP('',(#862));
#2042=EDGE_LOOP('',(#863,#864,#865,#866,#867,#868,#869,#870,#871,#872));
#2043=EDGE_LOOP('',(#873,#874,#875,#876,#877,#878,#879,#880));
#2044=EDGE_LOOP('',(#881,#882,#883,#884));
#2045=EDGE_LOOP('',(#885,#886,#887,#888,#889,#890,#891,#892));
#2046=EDGE_LOOP('',(#893,#894,#895,#896));
#2047=EDGE_LOOP('',(#897,#898,#899,#900));
#2048=EDGE_LOOP('',(#901,#902,#903,#904));
#2049=EDGE_LOOP('',(#905,#906,#907,#908));
#2050=EDGE_LOOP('',(#909,#910,#911,#912));
#2051=EDGE_LOOP('',(#913,#914,#915,#916));
#2052=EDGE_LOOP('',(#917,#918,#919,#920));
#2053=EDGE_LOOP('',(#921,#922,#923,#924));
#2054=EDGE_LOOP('',(#925,#926,#927,#928));
#2055=EDGE_LOOP('',(#929,#930,#931,#932,#933,#934,#935,#936,#937,#938,#939,
#940,#941,#942));
#2056=EDGE_LOOP('',(#943,#944,#945,#946));
#2057=EDGE_LOOP('',(#947,#948,#949,#950,#951,#952,#953,#954,#955,#956,#957,
#958,#959,#960));
#2058=EDGE_LOOP('',(#961,#962,#963,#964));
#2059=EDGE_LOOP('',(#965,#966,#967,#968));
#2060=EDGE_LOOP('',(#969,#970,#971,#972));
#2061=EDGE_LOOP('',(#973,#974,#975,#976));
#2062=EDGE_LOOP('',(#977,#978,#979,#980));
#2063=EDGE_LOOP('',(#981,#982,#983,#984));
#2064=EDGE_LOOP('',(#985,#986,#987,#988,#989,#990,#991,#992,#993,#994));
#2065=EDGE_LOOP('',(#995,#996,#997,#998,#999,#1000));
#2066=EDGE_LOOP('',(#1001,#1002,#1003,#1004));
#2067=EDGE_LOOP('',(#1005,#1006,#1007,#1008,#1009,#1010));
#2068=EDGE_LOOP('',(#1011,#1012,#1013,#1014));
#2069=EDGE_LOOP('',(#1015,#1016,#1017,#1018));
#2070=EDGE_LOOP('',(#1019,#1020));
#2071=EDGE_LOOP('',(#1021));
#2072=EDGE_LOOP('',(#1022,#1023));
#2073=EDGE_LOOP('',(#1024));
#2074=EDGE_LOOP('',(#1025));
#2075=EDGE_LOOP('',(#1026,#1027));
#2076=EDGE_LOOP('',(#1028));
#2077=EDGE_LOOP('',(#1029,#1030));
#2078=EDGE_LOOP('',(#1031));
#2079=EDGE_LOOP('',(#1032));
#2080=EDGE_LOOP('',(#1033,#1034));
#2081=EDGE_LOOP('',(#1035));
#2082=EDGE_LOOP('',(#1036,#1037));
#2083=EDGE_LOOP('',(#1038));
#2084=EDGE_LOOP('',(#1039));
#2085=EDGE_LOOP('',(#1040,#1041));
#2086=EDGE_LOOP('',(#1042));
#2087=EDGE_LOOP('',(#1043,#1044));
#2088=EDGE_LOOP('',(#1045));
#2089=EDGE_LOOP('',(#1046));
#2090=EDGE_LOOP('',(#1047,#1048,#1049,#1050));
#2091=EDGE_LOOP('',(#1051,#1052,#1053,#1054));
#2092=EDGE_LOOP('',(#1055,#1056,#1057,#1058,#1059,#1060,#1061,#1062,#1063,
#1064,#1065,#1066,#1067,#1068,#1069,#1070,#1071,#1072,#1073,#1074));
#2093=EDGE_LOOP('',(#1075,#1076,#1077,#1078));
#2094=EDGE_LOOP('',(#1079,#1080,#1081,#1082));
#2095=EDGE_LOOP('',(#1083,#1084,#1085,#1086));
#2096=EDGE_LOOP('',(#1087,#1088,#1089,#1090));
#2097=EDGE_LOOP('',(#1091,#1092,#1093,#1094));
#2098=EDGE_LOOP('',(#1095,#1096,#1097,#1098));
#2099=EDGE_LOOP('',(#1099,#1100,#1101,#1102));
#2100=EDGE_LOOP('',(#1103,#1104,#1105,#1106));
#2101=EDGE_LOOP('',(#1107,#1108,#1109,#1110));
#2102=EDGE_LOOP('',(#1111,#1112,#1113,#1114));
#2103=EDGE_LOOP('',(#1115,#1116,#1117,#1118));
#2104=EDGE_LOOP('',(#1119,#1120,#1121,#1122));
#2105=EDGE_LOOP('',(#1123,#1124,#1125,#1126));
#2106=EDGE_LOOP('',(#1127,#1128,#1129,#1130));
#2107=EDGE_LOOP('',(#1131));
#2108=EDGE_LOOP('',(#1132,#1133,#1134,#1135,#1136,#1137));
#2109=EDGE_LOOP('',(#1138,#1139,#1140,#1141));
#2110=EDGE_LOOP('',(#1142,#1143,#1144,#1145));
#2111=EDGE_LOOP('',(#1146));
#2112=EDGE_LOOP('',(#1147,#1148,#1149,#1150,#1151,#1152));
#2113=EDGE_LOOP('',(#1153,#1154,#1155,#1156));
#2114=EDGE_LOOP('',(#1157,#1158,#1159,#1160));
#2115=EDGE_LOOP('',(#1161,#1162,#1163,#1164));
#2116=EDGE_LOOP('',(#1165));
#2117=EDGE_LOOP('',(#1166,#1167,#1168,#1169,#1170,#1171));
#2118=EDGE_LOOP('',(#1172,#1173,#1174,#1175));
#2119=EDGE_LOOP('',(#1176));
#2120=EDGE_LOOP('',(#1177,#1178,#1179,#1180,#1181,#1182));
#2121=EDGE_LOOP('',(#1183,#1184,#1185,#1186));
#2122=EDGE_LOOP('',(#1187,#1188,#1189,#1190));
#2123=EDGE_LOOP('',(#1191,#1192,#1193,#1194,#1195,#1196,#1197,#1198));
#2124=EDGE_LOOP('',(#1199,#1200,#1201,#1202));
#2125=EDGE_LOOP('',(#1203,#1204,#1205,#1206));
#2126=EDGE_LOOP('',(#1207,#1208,#1209,#1210));
#2127=EDGE_LOOP('',(#1211,#1212,#1213,#1214));
#2128=EDGE_LOOP('',(#1215,#1216,#1217,#1218));
#2129=EDGE_LOOP('',(#1219,#1220,#1221,#1222));
#2130=EDGE_LOOP('',(#1223,#1224,#1225,#1226));
#2131=EDGE_LOOP('',(#1227,#1228,#1229,#1230));
#2132=EDGE_LOOP('',(#1231,#1232,#1233,#1234,#1235,#1236,#1237,#1238));
#2133=EDGE_LOOP('',(#1239,#1240,#1241,#1242));
#2134=EDGE_LOOP('',(#1243,#1244,#1245,#1246));
#2135=EDGE_LOOP('',(#1247,#1248,#1249,#1250));
#2136=EDGE_LOOP('',(#1251,#1252,#1253,#1254));
#2137=EDGE_LOOP('',(#1255,#1256,#1257,#1258));
#2138=EDGE_LOOP('',(#1259,#1260,#1261,#1262));
#2139=EDGE_LOOP('',(#1263));
#2140=EDGE_LOOP('',(#1264));
#2141=EDGE_LOOP('',(#1265));
#2142=EDGE_LOOP('',(#1266));
#2143=EDGE_LOOP('',(#1267));
#2144=EDGE_LOOP('',(#1268));
#2145=EDGE_LOOP('',(#1269));
#2146=EDGE_LOOP('',(#1270));
#2147=EDGE_LOOP('',(#1271));
#2148=EDGE_LOOP('',(#1272));
#2149=EDGE_LOOP('',(#1273));
#2150=FACE_BOUND('',#1987,.T.);
#2151=FACE_BOUND('',#1988,.T.);
#2152=FACE_BOUND('',#1989,.T.);
#2153=FACE_BOUND('',#1990,.T.);
#2154=FACE_BOUND('',#1991,.T.);
#2155=FACE_BOUND('',#1992,.T.);
#2156=FACE_BOUND('',#1993,.T.);
#2157=FACE_BOUND('',#1994,.T.);
#2158=FACE_BOUND('',#1995,.T.);
#2159=FACE_BOUND('',#1996,.T.);
#2160=FACE_BOUND('',#1997,.T.);
#2161=FACE_BOUND('',#1998,.T.);
#2162=FACE_BOUND('',#1999,.T.);
#2163=FACE_BOUND('',#2000,.T.);
#2164=FACE_BOUND('',#2001,.T.);
#2165=FACE_BOUND('',#2002,.T.);
#2166=FACE_BOUND('',#2003,.T.);
#2167=FACE_BOUND('',#2004,.T.);
#2168=FACE_BOUND('',#2005,.T.);
#2169=FACE_BOUND('',#2006,.T.);
#2170=FACE_BOUND('',#2007,.T.);
#2171=FACE_BOUND('',#2008,.T.);
#2172=FACE_BOUND('',#2009,.T.);
#2173=FACE_BOUND('',#2010,.T.);
#2174=FACE_BOUND('',#2011,.T.);
#2175=FACE_BOUND('',#2012,.T.);
#2176=FACE_BOUND('',#2013,.T.);
#2177=FACE_BOUND('',#2014,.T.);
#2178=FACE_BOUND('',#2015,.T.);
#2179=FACE_BOUND('',#2016,.T.);
#2180=FACE_BOUND('',#2017,.T.);
#2181=FACE_BOUND('',#2018,.T.);
#2182=FACE_BOUND('',#2019,.T.);
#2183=FACE_BOUND('',#2020,.T.);
#2184=FACE_BOUND('',#2021,.T.);
#2185=FACE_BOUND('',#2022,.T.);
#2186=FACE_BOUND('',#2023,.T.);
#2187=FACE_BOUND('',#2024,.T.);
#2188=FACE_BOUND('',#2025,.T.);
#2189=FACE_BOUND('',#2026,.T.);
#2190=FACE_BOUND('',#2027,.T.);
#2191=FACE_BOUND('',#2028,.T.);
#2192=FACE_BOUND('',#2029,.T.);
#2193=FACE_BOUND('',#2030,.T.);
#2194=FACE_BOUND('',#2031,.T.);
#2195=FACE_BOUND('',#2032,.T.);
#2196=FACE_BOUND('',#2033,.T.);
#2197=FACE_BOUND('',#2034,.T.);
#2198=FACE_BOUND('',#2035,.T.);
#2199=FACE_BOUND('',#2036,.T.);
#2200=FACE_BOUND('',#2037,.T.);
#2201=FACE_BOUND('',#2038,.T.);
#2202=FACE_BOUND('',#2039,.T.);
#2203=FACE_BOUND('',#2040,.T.);
#2204=FACE_BOUND('',#2041,.T.);
#2205=FACE_BOUND('',#2042,.T.);
#2206=FACE_BOUND('',#2043,.T.);
#2207=FACE_BOUND('',#2044,.T.);
#2208=FACE_BOUND('',#2045,.T.);
#2209=FACE_BOUND('',#2046,.T.);
#2210=FACE_BOUND('',#2047,.T.);
#2211=FACE_BOUND('',#2048,.T.);
#2212=FACE_BOUND('',#2049,.T.);
#2213=FACE_BOUND('',#2050,.T.);
#2214=FACE_BOUND('',#2051,.T.);
#2215=FACE_BOUND('',#2052,.T.);
#2216=FACE_BOUND('',#2053,.T.);
#2217=FACE_BOUND('',#2054,.T.);
#2218=FACE_BOUND('',#2055,.T.);
#2219=FACE_BOUND('',#2056,.T.);
#2220=FACE_BOUND('',#2057,.T.);
#2221=FACE_BOUND('',#2058,.T.);
#2222=FACE_BOUND('',#2059,.T.);
#2223=FACE_BOUND('',#2060,.T.);
#2224=FACE_BOUND('',#2061,.T.);
#2225=FACE_BOUND('',#2062,.T.);
#2226=FACE_BOUND('',#2063,.T.);
#2227=FACE_BOUND('',#2064,.T.);
#2228=FACE_BOUND('',#2065,.T.);
#2229=FACE_BOUND('',#2066,.T.);
#2230=FACE_BOUND('',#2067,.T.);
#2231=FACE_BOUND('',#2068,.T.);
#2232=FACE_BOUND('',#2069,.T.);
#2233=FACE_BOUND('',#2070,.T.);
#2234=FACE_BOUND('',#2071,.T.);
#2235=FACE_BOUND('',#2072,.T.);
#2236=FACE_BOUND('',#2073,.T.);
#2237=FACE_BOUND('',#2074,.T.);
#2238=FACE_BOUND('',#2075,.T.);
#2239=FACE_BOUND('',#2076,.T.);
#2240=FACE_BOUND('',#2077,.T.);
#2241=FACE_BOUND('',#2078,.T.);
#2242=FACE_BOUND('',#2079,.T.);
#2243=FACE_BOUND('',#2080,.T.);
#2244=FACE_BOUND('',#2081,.T.);
#2245=FACE_BOUND('',#2082,.T.);
#2246=FACE_BOUND('',#2083,.T.);
#2247=FACE_BOUND('',#2084,.T.);
#2248=FACE_BOUND('',#2085,.T.);
#2249=FACE_BOUND('',#2086,.T.);
#2250=FACE_BOUND('',#2087,.T.);
#2251=FACE_BOUND('',#2088,.T.);
#2252=FACE_BOUND('',#2089,.T.);
#2253=FACE_BOUND('',#2090,.T.);
#2254=FACE_BOUND('',#2091,.T.);
#2255=FACE_BOUND('',#2092,.T.);
#2256=FACE_BOUND('',#2093,.T.);
#2257=FACE_BOUND('',#2094,.T.);
#2258=FACE_BOUND('',#2095,.T.);
#2259=FACE_BOUND('',#2096,.T.);
#2260=FACE_BOUND('',#2097,.T.);
#2261=FACE_BOUND('',#2098,.T.);
#2262=FACE_BOUND('',#2099,.T.);
#2263=FACE_BOUND('',#2100,.T.);
#2264=FACE_BOUND('',#2101,.T.);
#2265=FACE_BOUND('',#2102,.T.);
#2266=FACE_BOUND('',#2103,.T.);
#2267=FACE_BOUND('',#2104,.T.);
#2268=FACE_BOUND('',#2105,.T.);
#2269=FACE_BOUND('',#2106,.T.);
#2270=FACE_BOUND('',#2107,.T.);
#2271=FACE_BOUND('',#2108,.T.);
#2272=FACE_BOUND('',#2109,.T.);
#2273=FACE_BOUND('',#2110,.T.);
#2274=FACE_BOUND('',#2111,.T.);
#2275=FACE_BOUND('',#2112,.T.);
#2276=FACE_BOUND('',#2113,.T.);
#2277=FACE_BOUND('',#2114,.T.);
#2278=FACE_BOUND('',#2115,.T.);
#2279=FACE_BOUND('',#2116,.T.);
#2280=FACE_BOUND('',#2117,.T.);
#2281=FACE_BOUND('',#2118,.T.);
#2282=FACE_BOUND('',#2119,.T.);
#2283=FACE_BOUND('',#2120,.T.);
#2284=FACE_BOUND('',#2121,.T.);
#2285=FACE_BOUND('',#2122,.T.);
#2286=FACE_BOUND('',#2123,.T.);
#2287=FACE_BOUND('',#2124,.T.);
#2288=FACE_BOUND('',#2125,.T.);
#2289=FACE_BOUND('',#2126,.T.);
#2290=FACE_BOUND('',#2127,.T.);
#2291=FACE_BOUND('',#2128,.T.);
#2292=FACE_BOUND('',#2129,.T.);
#2293=FACE_BOUND('',#2130,.T.);
#2294=FACE_BOUND('',#2131,.T.);
#2295=FACE_BOUND('',#2132,.T.);
#2296=FACE_BOUND('',#2133,.T.);
#2297=FACE_BOUND('',#2134,.T.);
#2298=FACE_BOUND('',#2135,.T.);
#2299=FACE_BOUND('',#2136,.T.);
#2300=FACE_BOUND('',#2137,.T.);
#2301=FACE_BOUND('',#2138,.T.);
#2302=FACE_BOUND('',#2139,.T.);
#2303=FACE_BOUND('',#2140,.T.);
#2304=FACE_BOUND('',#2141,.T.);
#2305=FACE_BOUND('',#2142,.T.);
#2306=FACE_BOUND('',#2143,.T.);
#2307=FACE_BOUND('',#2144,.T.);
#2308=FACE_BOUND('',#2145,.T.);
#2309=FACE_BOUND('',#2146,.T.);
#2310=FACE_BOUND('',#2147,.T.);
#2311=FACE_BOUND('',#2148,.T.);
#2312=FACE_BOUND('',#2149,.T.);
#2313=PLANE('',#2552);
#2314=PLANE('',#2557);
#2315=PLANE('',#2565);
#2316=PLANE('',#2590);
#2317=PLANE('',#2595);
#2318=PLANE('',#2596);
#2319=PLANE('',#2602);
#2320=PLANE('',#2603);
#2321=PLANE('',#2604);
#2322=PLANE('',#2605);
#2323=PLANE('',#2619);
#2324=PLANE('',#2622);
#2325=PLANE('',#2626);
#2326=PLANE('',#2629);
#2327=PLANE('',#2632);
#2328=PLANE('',#2634);
#2329=PLANE('',#2637);
#2330=PLANE('',#2642);
#2331=PLANE('',#2643);
#2332=PLANE('',#2644);
#2333=PLANE('',#2645);
#2334=PLANE('',#2646);
#2335=PLANE('',#2647);
#2336=PLANE('',#2648);
#2337=PLANE('',#2649);
#2338=PLANE('',#2650);
#2339=PLANE('',#2656);
#2340=PLANE('',#2657);
#2341=PLANE('',#2658);
#2342=PLANE('',#2660);
#2343=PLANE('',#2661);
#2344=PLANE('',#2663);
#2345=PLANE('',#2668);
#2346=PLANE('',#2669);
#2347=PLANE('',#2675);
#2348=PLANE('',#2677);
#2349=PLANE('',#2679);
#2350=PLANE('',#2681);
#2351=PLANE('',#2682);
#2352=PLANE('',#2683);
#2353=PLANE('',#2686);
#2354=PLANE('',#2687);
#2355=PLANE('',#2691);
#2356=PLANE('',#2693);
#2357=PLANE('',#2695);
#2358=PLANE('',#2696);
#2359=PLANE('',#2697);
#2360=PLANE('',#2698);
#2361=PLANE('',#2703);
#2362=PLANE('',#2712);
#2363=PLANE('',#2717);
#2364=PLANE('',#2722);
#2365=PLANE('',#2727);
#2366=PLANE('',#2728);
#2367=PLANE('',#2729);
#2368=PLANE('',#2730);
#2369=PLANE('',#2737);
#2370=PLANE('',#2738);
#2371=PLANE('',#2739);
#2372=PLANE('',#2740);
#2373=PLANE('',#2741);
#2374=PLANE('',#2742);
#2375=PLANE('',#2743);
#2376=PLANE('',#2744);
#2377=PLANE('',#2746);
#2378=PLANE('',#2748);
#2379=PLANE('',#2751);
#2380=PLANE('',#2752);
#2381=PLANE('',#2753);
#2382=PLANE('',#2756);
#2383=PLANE('',#2757);
#2384=PLANE('',#2760);
#2385=PLANE('',#2761);
#2386=PLANE('',#2764);
#2387=PLANE('',#2767);
#2388=PLANE('',#2768);
#2389=PLANE('',#2773);
#2390=PLANE('',#2776);
#2391=PLANE('',#2777);
#2392=PLANE('',#2780);
#2393=PLANE('',#2781);
#2394=PLANE('',#2786);
#2395=PLANE('',#2789);
#2396=PLANE('',#2790);
#2397=PLANE('',#2794);
#2398=PLANE('',#2801);
#2399=ADVANCED_FACE('',(#2150,#2151),#2313,.F.);
#2400=ADVANCED_FACE('',(#2152,#2153),#2314,.T.);
#2401=ADVANCED_FACE('',(#2154),#26,.T.);
#2402=ADVANCED_FACE('',(#2155),#2315,.T.);
#2403=ADVANCED_FACE('',(#2156),#27,.T.);
#2404=ADVANCED_FACE('',(#2157),#28,.T.);
#2405=ADVANCED_FACE('',(#2158),#29,.T.);
#2406=ADVANCED_FACE('',(#2159),#30,.T.);
#2407=ADVANCED_FACE('',(#2160),#31,.T.);
#2408=ADVANCED_FACE('',(#2161),#2316,.T.);
#2409=ADVANCED_FACE('',(#2162),#32,.T.);
#2410=ADVANCED_FACE('',(#2163),#2317,.T.);
#2411=ADVANCED_FACE('',(#2164),#2318,.T.);
#2412=ADVANCED_FACE('',(#2165),#2319,.T.);
#2413=ADVANCED_FACE('',(#2166),#2320,.T.);
#2414=ADVANCED_FACE('',(#2167),#2321,.T.);
#2415=ADVANCED_FACE('',(#2168),#2322,.T.);
#2416=ADVANCED_FACE('',(#2169),#33,.T.);
#2417=ADVANCED_FACE('',(#2170),#34,.T.);
#2418=ADVANCED_FACE('',(#2171),#35,.T.);
#2419=ADVANCED_FACE('',(#2172),#36,.T.);
#2420=ADVANCED_FACE('',(#2173),#37,.T.);
#2421=ADVANCED_FACE('',(#2174),#38,.T.);
#2422=ADVANCED_FACE('',(#2175),#2323,.T.);
#2423=ADVANCED_FACE('',(#2176),#39,.T.);
#2424=ADVANCED_FACE('',(#2177),#2324,.T.);
#2425=ADVANCED_FACE('',(#2178),#40,.T.);
#2426=ADVANCED_FACE('',(#2179),#2325,.T.);
#2427=ADVANCED_FACE('',(#2180),#2326,.T.);
#2428=ADVANCED_FACE('',(#2181),#41,.T.);
#2429=ADVANCED_FACE('',(#2182),#2327,.T.);
#2430=ADVANCED_FACE('',(#2183,#2184),#2328,.T.);
#2431=ADVANCED_FACE('',(#2185),#2329,.T.);
#2432=ADVANCED_FACE('',(#2186),#42,.T.);
#2433=ADVANCED_FACE('',(#2187),#2330,.T.);
#2434=ADVANCED_FACE('',(#2188),#2331,.T.);
#2435=ADVANCED_FACE('',(#2189),#2332,.T.);
#2436=ADVANCED_FACE('',(#2190),#2333,.T.);
#2437=ADVANCED_FACE('',(#2191),#2334,.T.);
#2438=ADVANCED_FACE('',(#2192),#2335,.T.);
#2439=ADVANCED_FACE('',(#2193),#2336,.T.);
#2440=ADVANCED_FACE('',(#2194),#2337,.T.);
#2441=ADVANCED_FACE('',(#2195),#2338,.T.);
#2442=ADVANCED_FACE('',(#2196,#2197),#43,.T.);
#2443=ADVANCED_FACE('',(#2198),#2339,.T.);
#2444=ADVANCED_FACE('',(#2199),#2340,.T.);
#2445=ADVANCED_FACE('',(#2200),#2341,.T.);
#2446=ADVANCED_FACE('',(#2201),#2342,.T.);
#2447=ADVANCED_FACE('',(#2202),#2343,.T.);
#2448=ADVANCED_FACE('',(#2203,#2204),#44,.T.);
#2449=ADVANCED_FACE('',(#2205,#2206),#2344,.T.);
#2450=ADVANCED_FACE('',(#2207),#2345,.T.);
#2451=ADVANCED_FACE('',(#2208),#2346,.T.);
#2452=ADVANCED_FACE('',(#2209),#45,.F.);
#2453=ADVANCED_FACE('',(#2210),#2347,.F.);
#2454=ADVANCED_FACE('',(#2211),#46,.F.);
#2455=ADVANCED_FACE('',(#2212),#2348,.F.);
#2456=ADVANCED_FACE('',(#2213),#47,.F.);
#2457=ADVANCED_FACE('',(#2214),#2349,.F.);
#2458=ADVANCED_FACE('',(#2215),#48,.F.);
#2459=ADVANCED_FACE('',(#2216),#2350,.F.);
#2460=ADVANCED_FACE('',(#2217),#2351,.T.);
#2461=ADVANCED_FACE('',(#2218),#2352,.T.);
#2462=ADVANCED_FACE('',(#2219),#2353,.T.);
#2463=ADVANCED_FACE('',(#2220),#2354,.T.);
#2464=ADVANCED_FACE('',(#2221),#2355,.F.);
#2465=ADVANCED_FACE('',(#2222),#49,.F.);
#2466=ADVANCED_FACE('',(#2223),#2356,.F.);
#2467=ADVANCED_FACE('',(#2224),#50,.F.);
#2468=ADVANCED_FACE('',(#2225),#2357,.F.);
#2469=ADVANCED_FACE('',(#2226),#2358,.F.);
#2470=ADVANCED_FACE('',(#2227),#2359,.T.);
#2471=ADVANCED_FACE('',(#2228),#2360,.T.);
#2472=ADVANCED_FACE('',(#2229),#51,.T.);
#2473=ADVANCED_FACE('',(#2230),#2361,.T.);
#2474=ADVANCED_FACE('',(#2231),#52,.T.);
#2475=ADVANCED_FACE('',(#2232),#53,.T.);
#2476=ADVANCED_FACE('',(#2233,#2234),#22,.T.);
#2477=ADVANCED_FACE('',(#2235,#2236),#54,.T.);
#2478=ADVANCED_FACE('',(#2237),#2362,.T.);
#2479=ADVANCED_FACE('',(#2238,#2239),#23,.T.);
#2480=ADVANCED_FACE('',(#2240,#2241),#55,.T.);
#2481=ADVANCED_FACE('',(#2242),#2363,.T.);
#2482=ADVANCED_FACE('',(#2243,#2244),#24,.T.);
#2483=ADVANCED_FACE('',(#2245,#2246),#56,.T.);
#2484=ADVANCED_FACE('',(#2247),#2364,.T.);
#2485=ADVANCED_FACE('',(#2248,#2249),#25,.T.);
#2486=ADVANCED_FACE('',(#2250,#2251),#57,.T.);
#2487=ADVANCED_FACE('',(#2252),#2365,.T.);
#2488=ADVANCED_FACE('',(#2253),#2366,.T.);
#2489=ADVANCED_FACE('',(#2254),#2367,.F.);
#2490=ADVANCED_FACE('',(#2255),#2368,.T.);
#2491=ADVANCED_FACE('',(#2256),#2369,.T.);
#2492=ADVANCED_FACE('',(#2257),#2370,.F.);
#2493=ADVANCED_FACE('',(#2258),#2371,.T.);
#2494=ADVANCED_FACE('',(#2259),#2372,.F.);
#2495=ADVANCED_FACE('',(#2260),#2373,.T.);
#2496=ADVANCED_FACE('',(#2261),#2374,.F.);
#2497=ADVANCED_FACE('',(#2262),#2375,.T.);
#2498=ADVANCED_FACE('',(#2263),#2376,.F.);
#2499=ADVANCED_FACE('',(#2264),#58,.F.);
#2500=ADVANCED_FACE('',(#2265),#2377,.F.);
#2501=ADVANCED_FACE('',(#2266),#59,.F.);
#2502=ADVANCED_FACE('',(#2267),#2378,.F.);
#2503=ADVANCED_FACE('',(#2268),#60,.F.);
#2504=ADVANCED_FACE('',(#2269),#2379,.F.);
#2505=ADVANCED_FACE('',(#2270,#2271),#2380,.T.);
#2506=ADVANCED_FACE('',(#2272),#2381,.F.);
#2507=ADVANCED_FACE('',(#2273),#61,.F.);
#2508=ADVANCED_FACE('',(#2274,#2275),#2382,.T.);
#2509=ADVANCED_FACE('',(#2276),#2383,.F.);
#2510=ADVANCED_FACE('',(#2277),#62,.F.);
#2511=ADVANCED_FACE('',(#2278),#2384,.F.);
#2512=ADVANCED_FACE('',(#2279,#2280),#2385,.T.);
#2513=ADVANCED_FACE('',(#2281),#63,.F.);
#2514=ADVANCED_FACE('',(#2282,#2283),#2386,.T.);
#2515=ADVANCED_FACE('',(#2284),#64,.T.);
#2516=ADVANCED_FACE('',(#2285),#2387,.F.);
#2517=ADVANCED_FACE('',(#2286),#2388,.T.);
#2518=ADVANCED_FACE('',(#2287),#65,.T.);
#2519=ADVANCED_FACE('',(#2288),#2389,.F.);
#2520=ADVANCED_FACE('',(#2289),#66,.T.);
#2521=ADVANCED_FACE('',(#2290),#67,.T.);
#2522=ADVANCED_FACE('',(#2291),#2390,.F.);
#2523=ADVANCED_FACE('',(#2292),#2391,.F.);
#2524=ADVANCED_FACE('',(#2293),#68,.T.);
#2525=ADVANCED_FACE('',(#2294),#2392,.T.);
#2526=ADVANCED_FACE('',(#2295),#2393,.F.);
#2527=ADVANCED_FACE('',(#2296),#69,.T.);
#2528=ADVANCED_FACE('',(#2297),#2394,.T.);
#2529=ADVANCED_FACE('',(#2298),#70,.T.);
#2530=ADVANCED_FACE('',(#2299),#71,.T.);
#2531=ADVANCED_FACE('',(#2300),#2395,.T.);
#2532=ADVANCED_FACE('',(#2301),#2396,.T.);
#2533=ADVANCED_FACE('',(#2302,#2303),#12,.T.);
#2534=ADVANCED_FACE('',(#2304,#2305),#2397,.T.);
#2535=ADVANCED_FACE('',(#2306,#2307),#72,.T.);
#2536=ADVANCED_FACE('',(#2308,#2309),#13,.F.);
#2537=ADVANCED_FACE('',(#2310,#2311),#73,.F.);
#2538=ADVANCED_FACE('',(#2312),#2398,.F.);
#2539=CLOSED_SHELL('',(#2399,#2400,#2401,#2402,#2403,#2404,#2405,#2406,
#2407,#2408,#2409,#2410,#2411,#2412,#2413,#2414,#2415,#2416,#2417,#2418,
#2419,#2420,#2421,#2422,#2423,#2424,#2425,#2426,#2427,#2428,#2429,#2430,
#2431,#2432,#2433,#2434,#2435,#2436,#2437,#2438,#2439,#2440,#2441,#2442,
#2443,#2444,#2445,#2446,#2447,#2448,#2449,#2450,#2451,#2452,#2453,#2454,
#2455,#2456,#2457,#2458,#2459,#2460,#2461,#2462,#2463,#2464,#2465,#2466,
#2467,#2468,#2469,#2470,#2471,#2472,#2473,#2474,#2475,#2476,#2477,#2478,
#2479,#2480,#2481,#2482,#2483,#2484,#2485,#2486,#2487,#2488,#2489,#2490,
#2491,#2492,#2493,#2494,#2495,#2496,#2497,#2498,#2499,#2500,#2501,#2502,
#2503,#2504,#2505,#2506,#2507,#2508,#2509,#2510,#2511,#2512,#2513,#2514,
#2515,#2516,#2517,#2518,#2519,#2520,#2521,#2522,#2523,#2524,#2525,#2526,
#2527,#2528,#2529,#2530,#2531,#2532,#2533,#2534,#2535,#2536,#2537,#2538));
#2540=STYLED_ITEM('',(#2541),#2548);
#2541=PRESENTATION_STYLE_ASSIGNMENT((#2542));
#2542=SURFACE_STYLE_USAGE(.BOTH.,#2543);
#2543=SURFACE_SIDE_STYLE('',(#2544));
#2544=SURFACE_STYLE_FILL_AREA(#2545);
#2545=FILL_AREA_STYLE('',(#2546));
#2546=FILL_AREA_STYLE_COLOUR('',#2547);
#2547=COLOUR_RGB('',0.282352941176471,0.384313725490196,0.8);
#2548=MANIFOLD_SOLID_BREP('SERVO',#2539);
#2549=SHAPE_DEFINITION_REPRESENTATION(#4335,#2550);
#2550=SHAPE_REPRESENTATION('SERVO',(#2551),#4330);
#2551=AXIS2_PLACEMENT_3D('',#3545,#2802,#2803);
#2552=AXIS2_PLACEMENT_3D('',#3546,#2804,#2805);
#2553=AXIS2_PLACEMENT_3D('',#3547,#2806,#2807);
#2554=AXIS2_PLACEMENT_3D('',#3552,#2809,#2810);
#2555=AXIS2_PLACEMENT_3D('',#3556,#2812,#2813);
#2556=AXIS2_PLACEMENT_3D('',#3560,#2815,#2816);
#2557=AXIS2_PLACEMENT_3D('',#3599,#2836,#2837);
#2558=AXIS2_PLACEMENT_3D('',#3600,#2838,#2839);
#2559=AXIS2_PLACEMENT_3D('',#3605,#2841,#2842);
#2560=AXIS2_PLACEMENT_3D('',#3609,#2844,#2845);
#2561=AXIS2_PLACEMENT_3D('',#3613,#2847,#2848);
#2562=AXIS2_PLACEMENT_3D('',#3652,#2868,#2869);
#2563=AXIS2_PLACEMENT_3D('',#3653,#2870,#2871);
#2564=AXIS2_PLACEMENT_3D('',#3655,#2872,#2873);
#2565=AXIS2_PLACEMENT_3D('',#3658,#2875,#2876);
#2566=AXIS2_PLACEMENT_3D('',#3659,#2877,#2878);
#2567=AXIS2_PLACEMENT_3D('',#3661,#2879,#2880);
#2568=AXIS2_PLACEMENT_3D('',#3662,#2881,#2882);
#2569=AXIS2_PLACEMENT_3D('',#3664,#2883,#2884);
#2570=AXIS2_PLACEMENT_3D('',#3666,#2885,#2886);
#2571=AXIS2_PLACEMENT_3D('',#3670,#2888,#2889);
#2572=AXIS2_PLACEMENT_3D('',#3678,#2893,#2894);
#2573=AXIS2_PLACEMENT_3D('',#3686,#2898,#2899);
#2574=AXIS2_PLACEMENT_3D('',#3694,#2903,#2904);
#2575=AXIS2_PLACEMENT_3D('',#3698,#2906,#2907);
#2576=AXIS2_PLACEMENT_3D('',#3700,#2908,#2909);
#2577=AXIS2_PLACEMENT_3D('',#3702,#2910,#2911);
#2578=AXIS2_PLACEMENT_3D('',#3703,#2912,#2913);
#2579=AXIS2_PLACEMENT_3D('',#3706,#2915,#2916);
#2580=AXIS2_PLACEMENT_3D('',#3707,#2917,#2918);
#2581=AXIS2_PLACEMENT_3D('',#3710,#2920,#2921);
#2582=AXIS2_PLACEMENT_3D('',#3714,#2923,#2924);
#2583=AXIS2_PLACEMENT_3D('',#3715,#2925,#2926);
#2584=AXIS2_PLACEMENT_3D('',#3718,#2928,#2929);
#2585=AXIS2_PLACEMENT_3D('',#3719,#2930,#2931);
#2586=AXIS2_PLACEMENT_3D('',#3720,#2932,#2933);
#2587=AXIS2_PLACEMENT_3D('',#3723,#2935,#2936);
#2588=AXIS2_PLACEMENT_3D('',#3724,#2937,#2938);
#2589=AXIS2_PLACEMENT_3D('',#3728,#2940,#2941);
#2590=AXIS2_PLACEMENT_3D('',#3731,#2943,#2944);
#2591=AXIS2_PLACEMENT_3D('',#3732,#2945,#2946);
#2592=AXIS2_PLACEMENT_3D('',#3733,#2947,#2948);
#2593=AXIS2_PLACEMENT_3D('',#3737,#2950,#2951);
#2594=AXIS2_PLACEMENT_3D('',#3738,#2952,#2953);
#2595=AXIS2_PLACEMENT_3D('',#3739,#2954,#2955);
#2596=AXIS2_PLACEMENT_3D('',#3745,#2959,#2960);
#2597=AXIS2_PLACEMENT_3D('',#3751,#2963,#2964);
#2598=AXIS2_PLACEMENT_3D('',#3754,#2966,#2967);
#2599=AXIS2_PLACEMENT_3D('',#3755,#2968,#2969);
#2600=AXIS2_PLACEMENT_3D('',#3758,#2971,#2972);
#2601=AXIS2_PLACEMENT_3D('',#3764,#2975,#2976);
#2602=AXIS2_PLACEMENT_3D('',#3765,#2977,#2978);
#2603=AXIS2_PLACEMENT_3D('',#3769,#2981,#2982);
#2604=AXIS2_PLACEMENT_3D('',#3773,#2985,#2986);
#2605=AXIS2_PLACEMENT_3D('',#3779,#2990,#2991);
#2606=AXIS2_PLACEMENT_3D('',#3788,#2996,#2997);
#2607=AXIS2_PLACEMENT_3D('',#3789,#2998,#2999);
#2608=AXIS2_PLACEMENT_3D('',#3790,#3000,#3001);
#2609=AXIS2_PLACEMENT_3D('',#3791,#3002,#3003);
#2610=AXIS2_PLACEMENT_3D('',#3792,#3004,#3005);
#2611=AXIS2_PLACEMENT_3D('',#3793,#3006,#3007);
#2612=AXIS2_PLACEMENT_3D('',#3794,#3008,#3009);
#2613=AXIS2_PLACEMENT_3D('',#3795,#3010,#3011);
#2614=AXIS2_PLACEMENT_3D('',#3796,#3012,#3013);
#2615=AXIS2_PLACEMENT_3D('',#3800,#3015,#3016);
#2616=AXIS2_PLACEMENT_3D('',#3801,#3017,#3018);
#2617=AXIS2_PLACEMENT_3D('',#3802,#3019,#3020);
#2618=AXIS2_PLACEMENT_3D('',#3803,#3021,#3022);
#2619=AXIS2_PLACEMENT_3D('',#3806,#3024,#3025);
#2620=AXIS2_PLACEMENT_3D('',#3810,#3028,#3029);
#2621=AXIS2_PLACEMENT_3D('',#3811,#3030,#3031);
#2622=AXIS2_PLACEMENT_3D('',#3814,#3033,#3034);
#2623=AXIS2_PLACEMENT_3D('',#3820,#3038,#3039);
#2624=AXIS2_PLACEMENT_3D('',#3821,#3040,#3041);
#2625=AXIS2_PLACEMENT_3D('',#3823,#3042,#3043);
#2626=AXIS2_PLACEMENT_3D('',#3826,#3045,#3046);
#2627=AXIS2_PLACEMENT_3D('',#3832,#3049,#3050);
#2628=AXIS2_PLACEMENT_3D('',#3837,#3053,#3054);
#2629=AXIS2_PLACEMENT_3D('',#3838,#3055,#3056);
#2630=AXIS2_PLACEMENT_3D('',#3844,#3060,#3061);
#2631=AXIS2_PLACEMENT_3D('',#3845,#3062,#3063);
#2632=AXIS2_PLACEMENT_3D('',#3846,#3064,#3065);
#2633=AXIS2_PLACEMENT_3D('',#3847,#3066,#3067);
#2634=AXIS2_PLACEMENT_3D('',#3849,#3068,#3069);
#2635=AXIS2_PLACEMENT_3D('',#3850,#3070,#3071);
#2636=AXIS2_PLACEMENT_3D('',#3852,#3072,#3073);
#2637=AXIS2_PLACEMENT_3D('',#3854,#3074,#3075);
#2638=AXIS2_PLACEMENT_3D('',#3855,#3076,#3077);
#2639=AXIS2_PLACEMENT_3D('',#3856,#3078,#3079);
#2640=AXIS2_PLACEMENT_3D('',#3857,#3080,#3081);
#2641=AXIS2_PLACEMENT_3D('',#3858,#3082,#3083);
#2642=AXIS2_PLACEMENT_3D('',#3859,#3084,#3085);
#2643=AXIS2_PLACEMENT_3D('',#3865,#3089,#3090);
#2644=AXIS2_PLACEMENT_3D('',#3869,#3093,#3094);
#2645=AXIS2_PLACEMENT_3D('',#3873,#3097,#3098);
#2646=AXIS2_PLACEMENT_3D('',#3879,#3102,#3103);
#2647=AXIS2_PLACEMENT_3D('',#3883,#3106,#3107);
#2648=AXIS2_PLACEMENT_3D('',#3887,#3110,#3111);
#2649=AXIS2_PLACEMENT_3D('',#3893,#3115,#3116);
#2650=AXIS2_PLACEMENT_3D('',#3897,#3119,#3120);
#2651=AXIS2_PLACEMENT_3D('',#3901,#3123,#3124);
#2652=AXIS2_PLACEMENT_3D('',#3904,#3126,#3127);
#2653=AXIS2_PLACEMENT_3D('',#3907,#3129,#3130);
#2654=AXIS2_PLACEMENT_3D('',#3908,#3131,#3132);
#2655=AXIS2_PLACEMENT_3D('',#3909,#3133,#3134);
#2656=AXIS2_PLACEMENT_3D('',#3910,#3135,#3136);
#2657=AXIS2_PLACEMENT_3D('',#3911,#3137,#3138);
#2658=AXIS2_PLACEMENT_3D('',#3912,#3139,#3140);
#2659=AXIS2_PLACEMENT_3D('',#3915,#3142,#3143);
#2660=AXIS2_PLACEMENT_3D('',#3918,#3145,#3146);
#2661=AXIS2_PLACEMENT_3D('',#3919,#3147,#3148);
#2662=AXIS2_PLACEMENT_3D('',#3921,#3150,#3151);
#2663=AXIS2_PLACEMENT_3D('',#3923,#3153,#3154);
#2664=AXIS2_PLACEMENT_3D('',#3927,#3156,#3157);
#2665=AXIS2_PLACEMENT_3D('',#3931,#3159,#3160);
#2666=AXIS2_PLACEMENT_3D('',#3935,#3162,#3163);
#2667=AXIS2_PLACEMENT_3D('',#3939,#3165,#3166);
#2668=AXIS2_PLACEMENT_3D('',#3940,#3167,#3168);
#2669=AXIS2_PLACEMENT_3D('',#3941,#3169,#3170);
#2670=AXIS2_PLACEMENT_3D('',#3942,#3171,#3172);
#2671=AXIS2_PLACEMENT_3D('',#3947,#3174,#3175);
#2672=AXIS2_PLACEMENT_3D('',#3951,#3177,#3178);
#2673=AXIS2_PLACEMENT_3D('',#3955,#3180,#3181);
#2674=AXIS2_PLACEMENT_3D('',#3958,#3183,#3184);
#2675=AXIS2_PLACEMENT_3D('',#3961,#3187,#3188);
#2676=AXIS2_PLACEMENT_3D('',#3963,#3190,#3191);
#2677=AXIS2_PLACEMENT_3D('',#3965,#3193,#3194);
#2678=AXIS2_PLACEMENT_3D('',#3967,#3196,#3197);
#2679=AXIS2_PLACEMENT_3D('',#3969,#3199,#3200);
#2680=AXIS2_PLACEMENT_3D('',#3971,#3202,#3203);
#2681=AXIS2_PLACEMENT_3D('',#3973,#3205,#3206);
#2682=AXIS2_PLACEMENT_3D('',#3974,#3207,#3208);
#2683=AXIS2_PLACEMENT_3D('',#3978,#3211,#3212);
#2684=AXIS2_PLACEMENT_3D('',#3981,#3214,#3215);
#2685=AXIS2_PLACEMENT_3D('',#3986,#3218,#3219);
#2686=AXIS2_PLACEMENT_3D('',#3987,#3220,#3221);
#2687=AXIS2_PLACEMENT_3D('',#3991,#3224,#3225);
#2688=AXIS2_PLACEMENT_3D('',#3994,#3227,#3228);
#2689=AXIS2_PLACEMENT_3D('',#3997,#3230,#3231);
#2690=AXIS2_PLACEMENT_3D('',#4001,#3233,#3234);
#2691=AXIS2_PLACEMENT_3D('',#4002,#3235,#3236);
#2692=AXIS2_PLACEMENT_3D('',#4004,#3238,#3239);
#2693=AXIS2_PLACEMENT_3D('',#4006,#3241,#3242);
#2694=AXIS2_PLACEMENT_3D('',#4007,#3243,#3244);
#2695=AXIS2_PLACEMENT_3D('',#4010,#3247,#3248);
#2696=AXIS2_PLACEMENT_3D('',#4011,#3249,#3250);
#2697=AXIS2_PLACEMENT_3D('',#4012,#3251,#3252);
#2698=AXIS2_PLACEMENT_3D('',#4028,#3261,#3262);
#2699=AXIS2_PLACEMENT_3D('',#4031,#3264,#3265);
#2700=AXIS2_PLACEMENT_3D('',#4035,#3267,#3268);
#2701=AXIS2_PLACEMENT_3D('',#4038,#3270,#3271);
#2702=AXIS2_PLACEMENT_3D('',#4041,#3273,#3274);
#2703=AXIS2_PLACEMENT_3D('',#4042,#3275,#3276);
#2704=AXIS2_PLACEMENT_3D('',#4050,#3281,#3282);
#2705=AXIS2_PLACEMENT_3D('',#4051,#3283,#3284);
#2706=AXIS2_PLACEMENT_3D('',#4052,#3285,#3286);
#2707=AXIS2_PLACEMENT_3D('',#4053,#3287,#3288);
#2708=AXIS2_PLACEMENT_3D('',#4054,#3289,#3290);
#2709=AXIS2_PLACEMENT_3D('',#4069,#3291,#3292);
#2710=AXIS2_PLACEMENT_3D('',#4071,#3293,#3294);
#2711=AXIS2_PLACEMENT_3D('',#4072,#3295,#3296);
#2712=AXIS2_PLACEMENT_3D('',#4074,#3297,#3298);
#2713=AXIS2_PLACEMENT_3D('',#4075,#3299,#3300);
#2714=AXIS2_PLACEMENT_3D('',#4090,#3301,#3302);
#2715=AXIS2_PLACEMENT_3D('',#4092,#3303,#3304);
#2716=AXIS2_PLACEMENT_3D('',#4093,#3305,#3306);
#2717=AXIS2_PLACEMENT_3D('',#4095,#3307,#3308);
#2718=AXIS2_PLACEMENT_3D('',#4096,#3309,#3310);
#2719=AXIS2_PLACEMENT_3D('',#4111,#3311,#3312);
#2720=AXIS2_PLACEMENT_3D('',#4113,#3313,#3314);
#2721=AXIS2_PLACEMENT_3D('',#4114,#3315,#3316);
#2722=AXIS2_PLACEMENT_3D('',#4116,#3317,#3318);
#2723=AXIS2_PLACEMENT_3D('',#4117,#3319,#3320);
#2724=AXIS2_PLACEMENT_3D('',#4132,#3321,#3322);
#2725=AXIS2_PLACEMENT_3D('',#4134,#3323,#3324);
#2726=AXIS2_PLACEMENT_3D('',#4135,#3325,#3326);
#2727=AXIS2_PLACEMENT_3D('',#4137,#3327,#3328);
#2728=AXIS2_PLACEMENT_3D('',#4138,#3329,#3330);
#2729=AXIS2_PLACEMENT_3D('',#4144,#3334,#3335);
#2730=AXIS2_PLACEMENT_3D('',#4150,#3339,#3340);
#2731=AXIS2_PLACEMENT_3D('',#4151,#3341,#3342);
#2732=AXIS2_PLACEMENT_3D('',#4155,#3344,#3345);
#2733=AXIS2_PLACEMENT_3D('',#4161,#3348,#3349);
#2734=AXIS2_PLACEMENT_3D('',#4169,#3353,#3354);
#2735=AXIS2_PLACEMENT_3D('',#4177,#3358,#3359);
#2736=AXIS2_PLACEMENT_3D('',#4185,#3363,#3364);
#2737=AXIS2_PLACEMENT_3D('',#4186,#3365,#3366);
#2738=AXIS2_PLACEMENT_3D('',#4189,#3369,#3370);
#2739=AXIS2_PLACEMENT_3D('',#4191,#3372,#3373);
#2740=AXIS2_PLACEMENT_3D('',#4194,#3376,#3377);
#2741=AXIS2_PLACEMENT_3D('',#4198,#3380,#3381);
#2742=AXIS2_PLACEMENT_3D('',#4201,#3384,#3385);
#2743=AXIS2_PLACEMENT_3D('',#4205,#3388,#3389);
#2744=AXIS2_PLACEMENT_3D('',#4208,#3392,#3393);
#2745=AXIS2_PLACEMENT_3D('',#4212,#3396,#3397);
#2746=AXIS2_PLACEMENT_3D('',#4214,#3399,#3400);
#2747=AXIS2_PLACEMENT_3D('',#4216,#3402,#3403);
#2748=AXIS2_PLACEMENT_3D('',#4218,#3405,#3406);
#2749=AXIS2_PLACEMENT_3D('',#4219,#3407,#3408);
#2750=AXIS2_PLACEMENT_3D('',#4222,#3410,#3411);
#2751=AXIS2_PLACEMENT_3D('',#4223,#3412,#3413);
#2752=AXIS2_PLACEMENT_3D('',#4225,#3415,#3416);
#2753=AXIS2_PLACEMENT_3D('',#4226,#3417,#3418);
#2754=AXIS2_PLACEMENT_3D('',#4230,#3421,#3422);
#2755=AXIS2_PLACEMENT_3D('',#4231,#3423,#3424);
#2756=AXIS2_PLACEMENT_3D('',#4232,#3425,#3426);
#2757=AXIS2_PLACEMENT_3D('',#4233,#3427,#3428);
#2758=AXIS2_PLACEMENT_3D('',#4237,#3431,#3432);
#2759=AXIS2_PLACEMENT_3D('',#4240,#3434,#3435);
#2760=AXIS2_PLACEMENT_3D('',#4241,#3436,#3437);
#2761=AXIS2_PLACEMENT_3D('',#4243,#3439,#3440);
#2762=AXIS2_PLACEMENT_3D('',#4244,#3441,#3442);
#2763=AXIS2_PLACEMENT_3D('',#4245,#3443,#3444);
#2764=AXIS2_PLACEMENT_3D('',#4246,#3445,#3446);
#2765=AXIS2_PLACEMENT_3D('',#4247,#3447,#3448);
#2766=AXIS2_PLACEMENT_3D('',#4248,#3449,#3450);
#2767=AXIS2_PLACEMENT_3D('',#4253,#3453,#3454);
#2768=AXIS2_PLACEMENT_3D('',#4257,#3457,#3458);
#2769=AXIS2_PLACEMENT_3D('',#4260,#3460,#3461);
#2770=AXIS2_PLACEMENT_3D('',#4264,#3463,#3464);
#2771=AXIS2_PLACEMENT_3D('',#4268,#3466,#3467);
#2772=AXIS2_PLACEMENT_3D('',#4269,#3468,#3469);
#2773=AXIS2_PLACEMENT_3D('',#4272,#3472,#3473);
#2774=AXIS2_PLACEMENT_3D('',#4274,#3475,#3476);
#2775=AXIS2_PLACEMENT_3D('',#4276,#3478,#3479);
#2776=AXIS2_PLACEMENT_3D('',#4278,#3481,#3482);
#2777=AXIS2_PLACEMENT_3D('',#4279,#3483,#3484);
#2778=AXIS2_PLACEMENT_3D('',#4280,#3485,#3486);
#2779=AXIS2_PLACEMENT_3D('',#4281,#3487,#3488);
#2780=AXIS2_PLACEMENT_3D('',#4286,#3491,#3492);
#2781=AXIS2_PLACEMENT_3D('',#4290,#3495,#3496);
#2782=AXIS2_PLACEMENT_3D('',#4291,#3497,#3498);
#2783=AXIS2_PLACEMENT_3D('',#4295,#3500,#3501);
#2784=AXIS2_PLACEMENT_3D('',#4299,#3503,#3504);
#2785=AXIS2_PLACEMENT_3D('',#4302,#3506,#3507);
#2786=AXIS2_PLACEMENT_3D('',#4305,#3510,#3511);
#2787=AXIS2_PLACEMENT_3D('',#4307,#3513,#3514);
#2788=AXIS2_PLACEMENT_3D('',#4309,#3516,#3517);
#2789=AXIS2_PLACEMENT_3D('',#4311,#3519,#3520);
#2790=AXIS2_PLACEMENT_3D('',#4312,#3521,#3522);
#2791=AXIS2_PLACEMENT_3D('',#4313,#3523,#3524);
#2792=AXIS2_PLACEMENT_3D('',#4314,#3525,#3526);
#2793=AXIS2_PLACEMENT_3D('',#4316,#3527,#3528);
#2794=AXIS2_PLACEMENT_3D('',#4318,#3529,#3530);
#2795=AXIS2_PLACEMENT_3D('',#4319,#3531,#3532);
#2796=AXIS2_PLACEMENT_3D('',#4321,#3533,#3534);
#2797=AXIS2_PLACEMENT_3D('',#4322,#3535,#3536);
#2798=AXIS2_PLACEMENT_3D('',#4323,#3537,#3538);
#2799=AXIS2_PLACEMENT_3D('',#4325,#3539,#3540);
#2800=AXIS2_PLACEMENT_3D('',#4326,#3541,#3542);
#2801=AXIS2_PLACEMENT_3D('',#4328,#3543,#3544);
#2802=DIRECTION('',(0.,0.,1.));
#2803=DIRECTION('',(1.,0.,0.));
#2804=DIRECTION('',(0.,0.,1.));
#2805=DIRECTION('',(1.,0.,0.));
#2806=DIRECTION('',(0.,0.,-1.));
#2807=DIRECTION('',(-1.,0.,0.));
#2808=DIRECTION('',(0.,-1.,0.));
#2809=DIRECTION('',(0.,0.,1.));
#2810=DIRECTION('',(1.,0.,0.));
#2811=DIRECTION('',(1.,0.,0.));
#2812=DIRECTION('',(0.,0.,1.));
#2813=DIRECTION('',(1.,0.,0.));
#2814=DIRECTION('',(0.,-1.,0.));
#2815=DIRECTION('',(0.,0.,-1.));
#2816=DIRECTION('',(-1.,0.,0.));
#2817=DIRECTION('',(1.,0.,0.));
#2818=DIRECTION('',(1.,0.,0.));
#2819=DIRECTION('',(0.,-1.,0.));
#2820=DIRECTION('',(1.,0.,0.));
#2821=DIRECTION('',(0.,1.,0.));
#2822=DIRECTION('',(-1.,0.,0.));
#2823=DIRECTION('',(0.,-1.,0.));
#2824=DIRECTION('',(-1.,0.,0.));
#2825=DIRECTION('',(0.,-1.,0.));
#2826=DIRECTION('',(-1.,0.,0.));
#2827=DIRECTION('',(0.,1.,0.));
#2828=DIRECTION('',(-1.,0.,0.));
#2829=DIRECTION('',(0.,1.,0.));
#2830=DIRECTION('',(-1.,0.,0.));
#2831=DIRECTION('',(0.,1.,0.));
#2832=DIRECTION('',(1.,0.,0.));
#2833=DIRECTION('',(0.,1.,0.));
#2834=DIRECTION('',(1.,0.,0.));
#2835=DIRECTION('',(-1.,0.,0.));
#2836=DIRECTION('',(0.,0.,1.));
#2837=DIRECTION('',(1.,0.,0.));
#2838=DIRECTION('',(0.,0.,-1.));
#2839=DIRECTION('',(-1.,0.,0.));
#2840=DIRECTION('',(0.,-1.,0.));
#2841=DIRECTION('',(0.,0.,1.));
#2842=DIRECTION('',(1.,0.,0.));
#2843=DIRECTION('',(1.,0.,0.));
#2844=DIRECTION('',(0.,0.,1.));
#2845=DIRECTION('',(1.,0.,0.));
#2846=DIRECTION('',(0.,-1.,0.));
#2847=DIRECTION('',(0.,0.,-1.));
#2848=DIRECTION('',(-1.,0.,0.));
#2849=DIRECTION('',(1.,0.,0.));
#2850=DIRECTION('',(1.,0.,0.));
#2851=DIRECTION('',(0.,1.,0.));
#2852=DIRECTION('',(1.,0.,0.));
#2853=DIRECTION('',(0.,1.,0.));
#2854=DIRECTION('',(-1.,0.,0.));
#2855=DIRECTION('',(0.,1.,0.));
#2856=DIRECTION('',(1.,0.,0.));
#2857=DIRECTION('',(0.,1.,0.));
#2858=DIRECTION('',(-1.,0.,0.));
#2859=DIRECTION('',(0.,-1.,0.));
#2860=DIRECTION('',(1.,0.,0.));
#2861=DIRECTION('',(0.,-1.,0.));
#2862=DIRECTION('',(-1.,0.,0.));
#2863=DIRECTION('',(0.,1.,0.));
#2864=DIRECTION('',(1.,0.,0.));
#2865=DIRECTION('',(0.,-1.,0.));
#2866=DIRECTION('',(1.,0.,0.));
#2867=DIRECTION('',(1.,0.,0.));
#2868=DIRECTION('',(0.,-1.,0.));
#2869=DIRECTION('',(-0.136930639376292,0.,-0.990580637807947));
#2870=DIRECTION('',(0.,-1.,0.));
#2871=DIRECTION('',(0.,0.,-1.));
#2872=DIRECTION('',(0.,-1.,0.));
#2873=DIRECTION('',(0.,0.,-1.));
#2874=DIRECTION('',(0.,-1.,0.));
#2875=DIRECTION('',(0.,1.,0.));
#2876=DIRECTION('',(-1.,0.,0.));
#2877=DIRECTION('',(0.,1.,0.));
#2878=DIRECTION('',(0.,0.,1.));
#2879=DIRECTION('',(0.,-1.,0.));
#2880=DIRECTION('',(0.,0.,-1.));
#2881=DIRECTION('',(0.,1.,0.));
#2882=DIRECTION('',(0.,0.,1.));
#2883=DIRECTION('',(0.,1.,0.));
#2884=DIRECTION('',(0.,0.,1.));
#2885=DIRECTION('',(0.,1.,0.));
#2886=DIRECTION('',(0.,0.,1.));
#2887=DIRECTION('',(1.,0.,0.));
#2888=DIRECTION('',(0.,1.,0.));
#2889=DIRECTION('',(0.,0.,1.));
#2890=DIRECTION('',(0.,0.,-1.));
#2891=DIRECTION('',(1.,0.,0.));
#2892=DIRECTION('',(0.,0.,1.));
#2893=DIRECTION('',(0.,1.,0.));
#2894=DIRECTION('',(0.,0.,1.));
#2895=DIRECTION('',(1.,0.,0.));
#2896=DIRECTION('',(0.,0.,1.));
#2897=DIRECTION('',(-1.,0.,0.));
#2898=DIRECTION('',(0.,1.,0.));
#2899=DIRECTION('',(0.,0.,1.));
#2900=DIRECTION('',(0.,0.,1.));
#2901=DIRECTION('',(-1.,0.,0.));
#2902=DIRECTION('',(0.,0.,-1.));
#2903=DIRECTION('',(0.,1.,0.));
#2904=DIRECTION('',(0.,0.,1.));
#2905=DIRECTION('',(-1.,0.,0.));
#2906=DIRECTION('',(0.,1.,0.));
#2907=DIRECTION('',(0.,0.,1.));
#2908=DIRECTION('',(0.,1.,0.));
#2909=DIRECTION('',(0.,0.,1.));
#2910=DIRECTION('',(0.,1.,0.));
#2911=DIRECTION('',(0.,0.,1.));
#2912=DIRECTION('',(0.,1.,0.));
#2913=DIRECTION('',(0.136930639376291,0.,-0.990580637807948));
#2914=DIRECTION('',(0.,1.,0.));
#2915=DIRECTION('',(0.,1.,0.));
#2916=DIRECTION('',(0.,0.,1.));
#2917=DIRECTION('',(0.,1.,0.));
#2918=DIRECTION('',(-1.,0.,0.));
#2919=DIRECTION('',(0.,1.,0.));
#2920=DIRECTION('',(0.,1.,0.));
#2921=DIRECTION('',(0.,0.,1.));
#2922=DIRECTION('',(0.,1.,0.));
#2923=DIRECTION('',(0.,1.,0.));
#2924=DIRECTION('',(0.,0.,1.));
#2925=DIRECTION('',(0.,-1.,0.));
#2926=DIRECTION('',(-0.136930639376291,0.,0.990580637807948));
#2927=DIRECTION('',(0.,-1.,0.));
#2928=DIRECTION('',(0.,-1.,0.));
#2929=DIRECTION('',(0.,0.,-1.));
#2930=DIRECTION('',(0.,1.,0.));
#2931=DIRECTION('',(0.136930639376291,0.,0.990580637807948));
#2932=DIRECTION('',(0.,1.,0.));
#2933=DIRECTION('',(0.,0.,1.));
#2934=DIRECTION('',(0.,1.,0.));
#2935=DIRECTION('',(0.,1.,0.));
#2936=DIRECTION('',(-1.,0.,0.));
#2937=DIRECTION('',(0.,1.,0.));
#2938=DIRECTION('',(0.,0.,1.));
#2939=DIRECTION('',(0.,1.,0.));
#2940=DIRECTION('',(0.,1.,0.));
#2941=DIRECTION('',(0.,0.,1.));
#2942=DIRECTION('',(0.,1.,0.));
#2943=DIRECTION('',(0.,1.,0.));
#2944=DIRECTION('',(-1.,0.,0.));
#2945=DIRECTION('',(0.,1.,0.));
#2946=DIRECTION('',(0.,0.,1.));
#2947=DIRECTION('',(0.,-1.,0.));
#2948=DIRECTION('',(0.,0.,-1.));
#2949=DIRECTION('',(0.,0.,1.));
#2950=DIRECTION('',(0.,-1.,0.));
#2951=DIRECTION('',(0.,0.,-1.));
#2952=DIRECTION('',(0.,1.,0.));
#2953=DIRECTION('',(-1.,0.,0.));
#2954=DIRECTION('',(-1.,0.,0.));
#2955=DIRECTION('',(0.,-1.,0.));
#2956=DIRECTION('',(0.,-1.,0.));
#2957=DIRECTION('',(0.,0.,1.));
#2958=DIRECTION('',(0.,-1.,0.));
#2959=DIRECTION('',(0.,1.,0.));
#2960=DIRECTION('',(-1.,0.,0.));
#2961=DIRECTION('',(-1.,0.,0.));
#2962=DIRECTION('',(0.,0.,1.));
#2963=DIRECTION('',(0.,-1.,0.));
#2964=DIRECTION('',(0.,0.,-1.));
#2965=DIRECTION('',(0.992465233221436,0.,0.122526572002647));
#2966=DIRECTION('',(0.,-1.,0.));
#2967=DIRECTION('',(0.,0.,-1.));
#2968=DIRECTION('',(0.,-1.,0.));
#2969=DIRECTION('',(0.,0.,-1.));
#2970=DIRECTION('',(-0.992465233221436,0.,0.122526572002647));
#2971=DIRECTION('',(0.,1.,0.));
#2972=DIRECTION('',(0.,0.,1.));
#2973=DIRECTION('',(0.,0.,1.));
#2974=DIRECTION('',(-1.,0.,0.));
#2975=DIRECTION('',(0.,-1.,0.));
#2976=DIRECTION('',(0.,0.,-1.));
#2977=DIRECTION('',(-0.122526572002647,0.,0.992465233221436));
#2978=DIRECTION('',(0.992465233221436,0.,0.122526572002647));
#2979=DIRECTION('',(0.,-1.,0.));
#2980=DIRECTION('',(0.992465233221436,0.,0.122526572002647));
#2981=DIRECTION('',(-0.122526572002647,0.,-0.992465233221436));
#2982=DIRECTION('',(-0.992465233221436,0.,0.122526572002647));
#2983=DIRECTION('',(0.,1.,0.));
#2984=DIRECTION('',(-0.992465233221436,0.,0.122526572002647));
#2985=DIRECTION('',(0.122526572002646,0.,-0.992465233221437));
#2986=DIRECTION('',(-0.992465233221437,0.,-0.122526572002646));
#2987=DIRECTION('',(0.,-1.,0.));
#2988=DIRECTION('',(-0.992465233221437,0.,-0.122526572002646));
#2989=DIRECTION('',(-0.992465233221437,0.,-0.122526572002646));
#2990=DIRECTION('',(1.,0.,0.));
#2991=DIRECTION('',(0.,1.,0.));
#2992=DIRECTION('',(0.,1.,0.));
#2993=DIRECTION('',(0.,0.,1.));
#2994=DIRECTION('',(0.,1.,0.));
#2995=DIRECTION('',(0.,0.,1.));
#2996=DIRECTION('',(0.,1.,0.));
#2997=DIRECTION('',(0.707106781186546,0.,0.707106781186549));
#2998=DIRECTION('',(0.,1.,0.));
#2999=DIRECTION('',(0.,0.,1.));
#3000=DIRECTION('',(0.,1.,0.));
#3001=DIRECTION('',(0.,0.,1.));
#3002=DIRECTION('',(0.,1.,0.));
#3003=DIRECTION('',(0.707106781186546,0.,-0.707106781186549));
#3004=DIRECTION('',(0.,1.,0.));
#3005=DIRECTION('',(0.,0.,1.));
#3006=DIRECTION('',(0.,1.,0.));
#3007=DIRECTION('',(0.,0.,1.));
#3008=DIRECTION('',(0.,-1.,0.));
#3009=DIRECTION('',(-0.707106781186548,0.,0.707106781186548));
#3010=DIRECTION('',(0.,-1.,0.));
#3011=DIRECTION('',(-0.707106781186548,0.,-0.707106781186547));
#3012=DIRECTION('',(0.,-1.,0.));
#3013=DIRECTION('',(0.,0.,-1.));
#3014=DIRECTION('',(0.,-1.,0.));
#3015=DIRECTION('',(0.,-1.,0.));
#3016=DIRECTION('',(0.,0.,-1.));
#3017=DIRECTION('',(0.,-1.,0.));
#3018=DIRECTION('',(-0.707106781186548,0.,-0.707106781186547));
#3019=DIRECTION('',(0.,-1.,0.));
#3020=DIRECTION('',(-0.74917507032824,0.,0.662372035942549));
#3021=DIRECTION('',(0.,-1.,0.));
#3022=DIRECTION('',(0.,0.,-1.));
#3023=DIRECTION('',(0.,-1.,0.));
#3024=DIRECTION('',(-1.,0.,0.));
#3025=DIRECTION('',(0.,-1.,0.));
#3026=DIRECTION('',(0.,-1.,0.));
#3027=DIRECTION('',(0.,0.,1.));
#3028=DIRECTION('',(0.,1.,0.));
#3029=DIRECTION('',(-0.74917507032824,0.,-0.662372035942548));
#3030=DIRECTION('',(0.,1.,0.));
#3031=DIRECTION('',(0.,0.,1.));
#3032=DIRECTION('',(0.,1.,0.));
#3033=DIRECTION('',(0.122526572002647,0.,0.992465233221436));
#3034=DIRECTION('',(0.992465233221436,0.,-0.122526572002647));
#3035=DIRECTION('',(0.,1.,0.));
#3036=DIRECTION('',(0.992465233221436,0.,-0.122526572002647));
#3037=DIRECTION('',(0.992465233221436,0.,-0.122526572002647));
#3038=DIRECTION('',(0.,1.,0.));
#3039=DIRECTION('',(0.74917507032824,0.,0.662372035942549));
#3040=DIRECTION('',(0.,1.,0.));
#3041=DIRECTION('',(0.,0.,1.));
#3042=DIRECTION('',(0.,1.,0.));
#3043=DIRECTION('',(0.,0.,1.));
#3044=DIRECTION('',(0.,1.,0.));
#3045=DIRECTION('',(0.,1.,0.));
#3046=DIRECTION('',(-1.,0.,0.));
#3047=DIRECTION('',(-1.,0.,0.));
#3048=DIRECTION('',(0.,0.,1.));
#3049=DIRECTION('',(0.,-1.,0.));
#3050=DIRECTION('',(0.,0.,-1.));
#3051=DIRECTION('',(0.,0.,1.));
#3052=DIRECTION('',(-1.,0.,0.));
#3053=DIRECTION('',(0.,-1.,0.));
#3054=DIRECTION('',(0.,0.,-1.));
#3055=DIRECTION('',(1.,0.,0.));
#3056=DIRECTION('',(0.,1.,0.));
#3057=DIRECTION('',(0.,1.,0.));
#3058=DIRECTION('',(0.,0.,1.));
#3059=DIRECTION('',(0.,-1.,0.));
#3060=DIRECTION('',(0.,-1.,0.));
#3061=DIRECTION('',(0.74917507032824,0.,-0.662372035942548));
#3062=DIRECTION('',(0.,-1.,0.));
#3063=DIRECTION('',(0.,0.,-1.));
#3064=DIRECTION('',(0.,1.,0.));
#3065=DIRECTION('',(-1.,0.,0.));
#3066=DIRECTION('',(0.,1.,0.));
#3067=DIRECTION('',(0.,0.,1.));
#3068=DIRECTION('',(0.,1.,0.));
#3069=DIRECTION('',(-1.,0.,0.));
#3070=DIRECTION('',(0.,1.,0.));
#3071=DIRECTION('',(0.,0.,1.));
#3072=DIRECTION('',(0.,1.,0.));
#3073=DIRECTION('',(0.,0.,1.));
#3074=DIRECTION('',(0.,1.,0.));
#3075=DIRECTION('',(-1.,0.,0.));
#3076=DIRECTION('',(0.,1.,0.));
#3077=DIRECTION('',(0.,0.,1.));
#3078=DIRECTION('',(0.,1.,0.));
#3079=DIRECTION('',(0.,0.,1.));
#3080=DIRECTION('',(0.,1.,0.));
#3081=DIRECTION('',(1.,0.,2.1350442781253E-16));
#3082=DIRECTION('',(0.,1.,0.));
#3083=DIRECTION('',(0.,0.,1.));
#3084=DIRECTION('',(0.,0.,-1.));
#3085=DIRECTION('',(-1.,0.,0.));
#3086=DIRECTION('',(0.,1.,0.));
#3087=DIRECTION('',(-1.,0.,0.));
#3088=DIRECTION('',(0.,1.,0.));
#3089=DIRECTION('',(-1.,0.,0.));
#3090=DIRECTION('',(0.,0.,1.));
#3091=DIRECTION('',(0.,1.,0.));
#3092=DIRECTION('',(0.,0.,1.));
#3093=DIRECTION('',(1.,0.,0.));
#3094=DIRECTION('',(0.,0.,-1.));
#3095=DIRECTION('',(0.,0.,1.));
#3096=DIRECTION('',(0.,1.,0.));
#3097=DIRECTION('',(0.,0.,-1.));
#3098=DIRECTION('',(-1.,0.,0.));
#3099=DIRECTION('',(0.,1.,0.));
#3100=DIRECTION('',(-1.,0.,0.));
#3101=DIRECTION('',(0.,1.,0.));
#3102=DIRECTION('',(-1.,0.,0.));
#3103=DIRECTION('',(0.,0.,1.));
#3104=DIRECTION('',(0.,1.,0.));
#3105=DIRECTION('',(0.,0.,1.));
#3106=DIRECTION('',(0.,0.,1.));
#3107=DIRECTION('',(1.,0.,0.));
#3108=DIRECTION('',(0.,1.,0.));
#3109=DIRECTION('',(-1.,0.,0.));
#3110=DIRECTION('',(-1.,0.,0.));
#3111=DIRECTION('',(0.,0.,1.));
#3112=DIRECTION('',(0.,1.,0.));
#3113=DIRECTION('',(0.,0.,1.));
#3114=DIRECTION('',(0.,1.,0.));
#3115=DIRECTION('',(0.,0.,1.));
#3116=DIRECTION('',(1.,0.,0.));
#3117=DIRECTION('',(0.,1.,0.));
#3118=DIRECTION('',(-1.,0.,0.));
#3119=DIRECTION('',(1.,0.,0.));
#3120=DIRECTION('',(0.,0.,-1.));
#3121=DIRECTION('',(0.,1.,0.));
#3122=DIRECTION('',(0.,0.,1.));
#3123=DIRECTION('',(0.,1.,0.));
#3124=DIRECTION('',(-1.,0.,0.));
#3125=DIRECTION('',(0.,1.,0.));
#3126=DIRECTION('',(0.,1.,0.));
#3127=DIRECTION('',(0.,0.,1.));
#3128=DIRECTION('',(0.,1.,0.));
#3129=DIRECTION('',(0.,1.,0.));
#3130=DIRECTION('',(0.,0.,1.));
#3131=DIRECTION('',(0.,1.,0.));
#3132=DIRECTION('',(0.,0.,1.));
#3133=DIRECTION('',(0.,1.,0.));
#3134=DIRECTION('',(0.,0.,1.));
#3135=DIRECTION('',(0.,1.,0.));
#3136=DIRECTION('',(-1.,0.,0.));
#3137=DIRECTION('',(0.,1.,0.));
#3138=DIRECTION('',(-1.,0.,0.));
#3139=DIRECTION('',(0.,1.,0.));
#3140=DIRECTION('',(-1.,0.,0.));
#3141=DIRECTION('',(-1.,0.,0.));
#3142=DIRECTION('',(0.,1.,0.));
#3143=DIRECTION('',(0.,0.,1.));
#3144=DIRECTION('',(-1.,0.,0.));
#3145=DIRECTION('',(0.,1.,0.));
#3146=DIRECTION('',(-1.,0.,0.));
#3147=DIRECTION('',(0.,0.,-1.));
#3148=DIRECTION('',(-1.,0.,0.));
#3149=DIRECTION('',(0.,1.,0.));
#3150=DIRECTION('',(0.,1.,0.));
#3151=DIRECTION('',(-1.,0.,0.));
#3152=DIRECTION('',(0.,1.,0.));
#3153=DIRECTION('',(0.,1.,0.));
#3154=DIRECTION('',(-1.,0.,0.));
#3155=DIRECTION('',(0.,0.,1.));
#3156=DIRECTION('',(0.,-1.,0.));
#3157=DIRECTION('',(0.,0.,-1.));
#3158=DIRECTION('',(-1.,0.,0.));
#3159=DIRECTION('',(0.,-1.,0.));
#3160=DIRECTION('',(0.,0.,-1.));
#3161=DIRECTION('',(0.,0.,1.));
#3162=DIRECTION('',(0.,-1.,0.));
#3163=DIRECTION('',(0.,0.,-1.));
#3164=DIRECTION('',(-1.,0.,0.));
#3165=DIRECTION('',(0.,-1.,0.));
#3166=DIRECTION('',(0.,0.,-1.));
#3167=DIRECTION('',(0.,0.,1.));
#3168=DIRECTION('',(1.,0.,0.));
#3169=DIRECTION('',(0.,1.,0.));
#3170=DIRECTION('',(-1.,0.,0.));
#3171=DIRECTION('',(0.,-1.,0.));
#3172=DIRECTION('',(0.,0.,-1.));
#3173=DIRECTION('',(5.1044736764375E-16,0.,-1.));
#3174=DIRECTION('',(0.,-1.,0.));
#3175=DIRECTION('',(0.,0.,-1.));
#3176=DIRECTION('',(-1.,0.,-4.11193712824131E-16));
#3177=DIRECTION('',(0.,-1.,0.));
#3178=DIRECTION('',(0.,0.,-1.));
#3179=DIRECTION('',(-5.1044736764375E-16,0.,1.));
#3180=DIRECTION('',(0.,-1.,0.));
#3181=DIRECTION('',(0.,0.,-1.));
#3182=DIRECTION('',(1.,0.,0.));
#3183=DIRECTION('',(0.,-1.,0.));
#3184=DIRECTION('',(0.,0.,-1.));
#3185=DIRECTION('',(0.,-1.,0.));
#3186=DIRECTION('',(0.,-1.,0.));
#3187=DIRECTION('',(0.,0.,-1.));
#3188=DIRECTION('',(1.,0.,0.));
#3189=DIRECTION('',(0.,-1.,0.));
#3190=DIRECTION('',(0.,-1.,0.));
#3191=DIRECTION('',(1.,0.,0.));
#3192=DIRECTION('',(0.,-1.,0.));
#3193=DIRECTION('',(1.,0.,5.1044736764375E-16));
#3194=DIRECTION('',(-5.1044736764375E-16,0.,1.));
#3195=DIRECTION('',(0.,-1.,0.));
#3196=DIRECTION('',(0.,-1.,0.));
#3197=DIRECTION('',(8.8817841970012E-15,0.,1.));
#3198=DIRECTION('',(0.,-1.,0.));
#3199=DIRECTION('',(-4.11193712824131E-16,0.,1.));
#3200=DIRECTION('',(-1.,0.,-4.11193712824131E-16));
#3201=DIRECTION('',(0.,-1.,0.));
#3202=DIRECTION('',(0.,-1.,0.));
#3203=DIRECTION('',(-1.,0.,-8.88178419700128E-15));
#3204=DIRECTION('',(0.,-1.,0.));
#3205=DIRECTION('',(-1.,0.,-5.1044736764375E-16));
#3206=DIRECTION('',(5.1044736764375E-16,0.,-1.));
#3207=DIRECTION('',(-1.,0.,0.));
#3208=DIRECTION('',(0.,-1.,0.));
#3209=DIRECTION('',(0.,-1.,0.));
#3210=DIRECTION('',(0.,0.,1.));
#3211=DIRECTION('',(0.,-1.,0.));
#3212=DIRECTION('',(1.,0.,0.));
#3213=DIRECTION('',(1.,0.,0.));
#3214=DIRECTION('',(0.,-1.,0.));
#3215=DIRECTION('',(0.,0.,-1.));
#3216=DIRECTION('',(1.,0.,0.));
#3217=DIRECTION('',(0.,0.,1.));
#3218=DIRECTION('',(0.,-1.,0.));
#3219=DIRECTION('',(0.,0.,-1.));
#3220=DIRECTION('',(1.,0.,0.));
#3221=DIRECTION('',(0.,1.,0.));
#3222=DIRECTION('',(0.,1.,0.));
#3223=DIRECTION('',(0.,0.,1.));
#3224=DIRECTION('',(0.,-1.,0.));
#3225=DIRECTION('',(1.,0.,0.));
#3226=DIRECTION('',(1.,0.,0.));
#3227=DIRECTION('',(0.,-1.,0.));
#3228=DIRECTION('',(0.,0.,-1.));
#3229=DIRECTION('',(1.,0.,0.));
#3230=DIRECTION('',(0.,1.,0.));
#3231=DIRECTION('',(0.,0.,1.));
#3232=DIRECTION('',(0.,0.,1.));
#3233=DIRECTION('',(0.,1.,0.));
#3234=DIRECTION('',(0.,0.,1.));
#3235=DIRECTION('',(0.,0.,-1.));
#3236=DIRECTION('',(1.,0.,0.));
#3237=DIRECTION('',(0.,-1.,0.));
#3238=DIRECTION('',(0.,-1.,0.));
#3239=DIRECTION('',(1.,0.,4.85722573273506E-16));
#3240=DIRECTION('',(0.,-1.,0.));
#3241=DIRECTION('',(0.,0.,1.));
#3242=DIRECTION('',(-1.,0.,0.));
#3243=DIRECTION('',(0.,-1.,0.));
#3244=DIRECTION('',(-1.,0.,-4.85722573273506E-16));
#3245=DIRECTION('',(0.,-1.,0.));
#3246=DIRECTION('',(0.,-1.,0.));
#3247=DIRECTION('',(0.,0.,1.));
#3248=DIRECTION('',(-1.,0.,0.));
#3249=DIRECTION('',(0.,0.,-1.));
#3250=DIRECTION('',(1.,0.,0.));
#3251=DIRECTION('',(-1.,0.,0.));
#3252=DIRECTION('',(0.,-1.,0.));
#3253=DIRECTION('',(0.,0.,1.));
#3254=DIRECTION('',(0.,-1.,0.));
#3255=DIRECTION('',(0.,0.,1.));
#3256=DIRECTION('',(0.,0.,1.));
#3257=DIRECTION('',(0.,-1.,0.));
#3258=DIRECTION('',(0.,0.,1.));
#3259=DIRECTION('',(0.,0.,1.));
#3260=DIRECTION('',(0.,-1.,0.));
#3261=DIRECTION('',(0.,-1.,0.));
#3262=DIRECTION('',(1.,0.,0.));
#3263=DIRECTION('',(-1.,0.,1.58603289232166E-15));
#3264=DIRECTION('',(0.,1.,0.));
#3265=DIRECTION('',(0.,0.,1.));
#3266=DIRECTION('',(0.,0.,-1.));
#3267=DIRECTION('',(0.,1.,0.));
#3268=DIRECTION('',(0.,0.,1.));
#3269=DIRECTION('',(1.,0.,0.));
#3270=DIRECTION('',(0.,1.,0.));
#3271=DIRECTION('',(0.707106781186546,0.,-0.707106781186549));
#3272=DIRECTION('',(0.,1.,0.));
#3273=DIRECTION('',(0.,1.,0.));
#3274=DIRECTION('',(0.,0.,1.));
#3275=DIRECTION('',(1.,0.,0.));
#3276=DIRECTION('',(0.,1.,0.));
#3277=DIRECTION('',(0.,1.,0.));
#3278=DIRECTION('',(0.,0.,1.));
#3279=DIRECTION('',(0.,0.,-1.));
#3280=DIRECTION('',(0.,0.,1.));
#3281=DIRECTION('',(0.,1.,0.));
#3282=DIRECTION('',(0.707106781186546,0.,0.707106781186549));
#3283=DIRECTION('',(0.,1.,0.));
#3284=DIRECTION('',(0.,0.,1.));
#3285=DIRECTION('',(0.,-1.,0.));
#3286=DIRECTION('',(-0.707106781186548,0.,0.707106781186548));
#3287=DIRECTION('',(0.,-1.,0.));
#3288=DIRECTION('',(0.,0.,-1.));
#3289=DIRECTION('',(-2.53168272632881E-15,1.,1.33936968203819E-15));
#3290=DIRECTION('',(-1.,-2.53168272632881E-15,0.));
#3291=DIRECTION('',(-2.53168272632881E-15,1.,1.33936968203819E-15));
#3292=DIRECTION('',(-1.,-2.53168272632881E-15,0.));
#3293=DIRECTION('',(0.,1.,0.));
#3294=DIRECTION('',(1.,0.,0.));
#3295=DIRECTION('',(0.,1.,0.));
#3296=DIRECTION('',(0.,0.,1.));
#3297=DIRECTION('',(0.,-1.,0.));
#3298=DIRECTION('',(1.,0.,0.));
#3299=DIRECTION('',(-2.97003112524991E-15,1.,-8.57030137042719E-16));
#3300=DIRECTION('',(-1.,-2.97003112524991E-15,0.));
#3301=DIRECTION('',(-2.97003112524991E-15,1.,-8.57030137042719E-16));
#3302=DIRECTION('',(-1.,-2.97003112524991E-15,0.));
#3303=DIRECTION('',(0.,1.,0.));
#3304=DIRECTION('',(1.,0.,0.));
#3305=DIRECTION('',(0.,1.,0.));
#3306=DIRECTION('',(0.,0.,1.));
#3307=DIRECTION('',(0.,-1.,0.));
#3308=DIRECTION('',(1.,0.,0.));
#3309=DIRECTION('',(8.72023149732395E-16,1.,5.4396433098594E-16));
#3310=DIRECTION('',(-1.,8.72023149732395E-16,0.));
#3311=DIRECTION('',(8.72023149732395E-16,1.,5.4396433098594E-16));
#3312=DIRECTION('',(-1.,8.72023149732395E-16,0.));
#3313=DIRECTION('',(0.,1.,0.));
#3314=DIRECTION('',(1.,0.,0.));
#3315=DIRECTION('',(0.,1.,0.));
#3316=DIRECTION('',(0.,0.,1.));
#3317=DIRECTION('',(0.,-1.,0.));
#3318=DIRECTION('',(1.,0.,0.));
#3319=DIRECTION('',(2.13125397709684E-15,1.,2.33556384551565E-15));
#3320=DIRECTION('',(0.,-2.33556384551565E-15,1.));
#3321=DIRECTION('',(2.13125397709684E-15,1.,2.33556384551565E-15));
#3322=DIRECTION('',(0.,-2.33556384551565E-15,1.));
#3323=DIRECTION('',(0.,1.,0.));
#3324=DIRECTION('',(1.,0.,0.));
#3325=DIRECTION('',(0.,1.,0.));
#3326=DIRECTION('',(0.,0.,1.));
#3327=DIRECTION('',(0.,-1.,0.));
#3328=DIRECTION('',(1.,0.,0.));
#3329=DIRECTION('',(-0.707106781186546,-0.707106781186549,0.));
#3330=DIRECTION('',(0.,0.,1.));
#3331=DIRECTION('',(-0.707106781186549,0.707106781186546,0.));
#3332=DIRECTION('',(-0.707106781186549,0.707106781186546,0.));
#3333=DIRECTION('',(0.,0.,1.));
#3334=DIRECTION('',(0.,0.,-1.));
#3335=DIRECTION('',(-1.,0.,0.));
#3336=DIRECTION('',(1.,0.,0.));
#3337=DIRECTION('',(0.,1.,0.));
#3338=DIRECTION('',(-1.,0.,0.));
#3339=DIRECTION('',(0.,-1.,0.));
#3340=DIRECTION('',(1.,0.,0.));
#3341=DIRECTION('',(0.,1.,0.));
#3342=DIRECTION('',(0.,0.,1.));
#3343=DIRECTION('',(0.,0.,1.));
#3344=DIRECTION('',(0.,1.,0.));
#3345=DIRECTION('',(0.,0.,1.));
#3346=DIRECTION('',(0.,0.,1.));
#3347=DIRECTION('',(1.,0.,0.));
#3348=DIRECTION('',(0.,1.,0.));
#3349=DIRECTION('',(0.,0.,1.));
#3350=DIRECTION('',(0.,0.,1.));
#3351=DIRECTION('',(-1.,0.,0.));
#3352=DIRECTION('',(0.,0.,1.));
#3353=DIRECTION('',(0.,1.,0.));
#3354=DIRECTION('',(0.,0.,1.));
#3355=DIRECTION('',(1.,0.,0.));
#3356=DIRECTION('',(0.,0.,-1.));
#3357=DIRECTION('',(1.,0.,0.));
#3358=DIRECTION('',(0.,1.,0.));
#3359=DIRECTION('',(0.,0.,1.));
#3360=DIRECTION('',(0.,0.,1.));
#3361=DIRECTION('',(1.,0.,0.));
#3362=DIRECTION('',(0.,0.,1.));
#3363=DIRECTION('',(0.,1.,0.));
#3364=DIRECTION('',(0.,0.,1.));
#3365=DIRECTION('',(-0.707106781186546,-0.707106781186549,0.));
#3366=DIRECTION('',(0.,0.,1.));
#3367=DIRECTION('',(-0.707106781186549,0.707106781186546,0.));
#3368=DIRECTION('',(-0.707106781186549,0.707106781186546,0.));
#3369=DIRECTION('',(-1.58603289232166E-15,0.,-1.));
#3370=DIRECTION('',(-1.,0.,1.58603289232166E-15));
#3371=DIRECTION('',(0.,1.,0.));
#3372=DIRECTION('',(0.,-0.707106781186548,-0.707106781186547));
#3373=DIRECTION('',(-1.,0.,0.));
#3374=DIRECTION('',(0.,0.707106781186547,-0.707106781186548));
#3375=DIRECTION('',(0.,0.707106781186547,-0.707106781186548));
#3376=DIRECTION('',(1.,0.,0.));
#3377=DIRECTION('',(0.,0.,-1.));
#3378=DIRECTION('',(0.,1.,0.));
#3379=DIRECTION('',(0.,0.,-1.));
#3380=DIRECTION('',(0.707106781186548,-0.707106781186548,0.));
#3381=DIRECTION('',(0.,0.,-1.));
#3382=DIRECTION('',(0.707106781186548,0.707106781186548,0.));
#3383=DIRECTION('',(0.707106781186548,0.707106781186548,0.));
#3384=DIRECTION('',(0.,0.,1.));
#3385=DIRECTION('',(1.,0.,0.));
#3386=DIRECTION('',(0.,1.,0.));
#3387=DIRECTION('',(1.,0.,0.));
#3388=DIRECTION('',(0.,-0.707106781186548,0.707106781186547));
#3389=DIRECTION('',(1.,0.,0.));
#3390=DIRECTION('',(0.,0.707106781186547,0.707106781186548));
#3391=DIRECTION('',(0.,0.707106781186547,0.707106781186548));
#3392=DIRECTION('',(1.,0.,0.));
#3393=DIRECTION('',(0.,0.,-1.));
#3394=DIRECTION('',(0.,0.,-1.));
#3395=DIRECTION('',(0.,1.,0.));
#3396=DIRECTION('',(0.,1.,0.));
#3397=DIRECTION('',(4.4408920985006E-15,0.,-1.));
#3398=DIRECTION('',(0.,1.,0.));
#3399=DIRECTION('',(1.,0.,0.));
#3400=DIRECTION('',(0.,0.,-1.));
#3401=DIRECTION('',(0.,1.,0.));
#3402=DIRECTION('',(0.,1.,0.));
#3403=DIRECTION('',(1.,0.,0.));
#3404=DIRECTION('',(0.,1.,0.));
#3405=DIRECTION('',(0.,0.,1.));
#3406=DIRECTION('',(1.,0.,0.));
#3407=DIRECTION('',(0.,1.,0.));
#3408=DIRECTION('',(-4.44089209850059E-15,0.,1.));
#3409=DIRECTION('',(0.,1.,0.));
#3410=DIRECTION('',(0.,1.,0.));
#3411=DIRECTION('',(0.,0.,1.));
#3412=DIRECTION('',(-1.,0.,0.));
#3413=DIRECTION('',(0.,0.,1.));
#3414=DIRECTION('',(0.,0.,1.));
#3415=DIRECTION('',(0.,-1.,0.));
#3416=DIRECTION('',(1.,0.,0.));
#3417=DIRECTION('',(0.,0.,1.));
#3418=DIRECTION('',(1.,0.,0.));
#3419=DIRECTION('',(1.,0.,0.));
#3420=DIRECTION('',(0.,1.,0.));
#3421=DIRECTION('',(0.,1.,0.));
#3422=DIRECTION('',(1.,0.,6.6613381477509E-15));
#3423=DIRECTION('',(0.,1.,0.));
#3424=DIRECTION('',(0.,0.,1.));
#3425=DIRECTION('',(0.,-1.,0.));
#3426=DIRECTION('',(1.,0.,0.));
#3427=DIRECTION('',(-1.,0.,0.));
#3428=DIRECTION('',(0.,0.,1.));
#3429=DIRECTION('',(0.,1.,0.));
#3430=DIRECTION('',(0.,0.,1.));
#3431=DIRECTION('',(0.,1.,0.));
#3432=DIRECTION('',(-1.,0.,-6.6613381477509E-15));
#3433=DIRECTION('',(0.,1.,0.));
#3434=DIRECTION('',(0.,1.,0.));
#3435=DIRECTION('',(0.,0.,1.));
#3436=DIRECTION('',(0.,0.,-1.));
#3437=DIRECTION('',(-1.,0.,0.));
#3438=DIRECTION('',(-1.,0.,0.));
#3439=DIRECTION('',(0.,-1.,0.));
#3440=DIRECTION('',(1.,0.,0.));
#3441=DIRECTION('',(0.,1.,0.));
#3442=DIRECTION('',(4.44089209850059E-15,0.,-1.));
#3443=DIRECTION('',(0.,1.,0.));
#3444=DIRECTION('',(0.,0.,1.));
#3445=DIRECTION('',(0.,-1.,0.));
#3446=DIRECTION('',(1.,0.,0.));
#3447=DIRECTION('',(0.,0.,1.));
#3448=DIRECTION('',(0.707106781186548,-0.707106781186548,0.));
#3449=DIRECTION('',(0.,0.,1.));
#3450=DIRECTION('',(1.,0.,0.));
#3451=DIRECTION('',(0.,0.,1.));
#3452=DIRECTION('',(0.,0.,1.));
#3453=DIRECTION('',(0.,1.,0.));
#3454=DIRECTION('',(0.,0.,1.));
#3455=DIRECTION('',(1.,0.,0.));
#3456=DIRECTION('',(0.,0.,1.));
#3457=DIRECTION('',(0.,0.,1.));
#3458=DIRECTION('',(0.,-1.,0.));
#3459=DIRECTION('',(0.,-1.,0.));
#3460=DIRECTION('',(0.,0.,-1.));
#3461=DIRECTION('',(-1.,0.,0.));
#3462=DIRECTION('',(1.,0.,0.));
#3463=DIRECTION('',(0.,0.,-1.));
#3464=DIRECTION('',(-1.,0.,0.));
#3465=DIRECTION('',(0.,-1.,0.));
#3466=DIRECTION('',(0.,0.,1.));
#3467=DIRECTION('',(1.,0.,0.));
#3468=DIRECTION('',(0.,0.,-1.));
#3469=DIRECTION('',(0.707106781186548,0.707106781186548,0.));
#3470=DIRECTION('',(0.,0.,-1.));
#3471=DIRECTION('',(0.,0.,-1.));
#3472=DIRECTION('',(0.,-1.,0.));
#3473=DIRECTION('',(0.,0.,-1.));
#3474=DIRECTION('',(0.,0.,-1.));
#3475=DIRECTION('',(0.,0.,-1.));
#3476=DIRECTION('',(-0.707106781186548,0.707106781186548,0.));
#3477=DIRECTION('',(0.,0.,-1.));
#3478=DIRECTION('',(0.,0.,1.));
#3479=DIRECTION('',(-0.707106781186548,-0.707106781186548,0.));
#3480=DIRECTION('',(0.,0.,1.));
#3481=DIRECTION('',(-1.,0.,0.));
#3482=DIRECTION('',(0.,0.,-1.));
#3483=DIRECTION('',(1.,0.,0.));
#3484=DIRECTION('',(0.,0.,1.));
#3485=DIRECTION('',(0.,0.,1.));
#3486=DIRECTION('',(0.707106781186548,-0.707106781186548,0.));
#3487=DIRECTION('',(0.,0.,1.));
#3488=DIRECTION('',(1.,0.,0.));
#3489=DIRECTION('',(0.,0.,1.));
#3490=DIRECTION('',(0.,0.,-1.));
#3491=DIRECTION('',(0.,-1.,0.));
#3492=DIRECTION('',(0.,0.,-1.));
#3493=DIRECTION('',(0.,0.,-1.));
#3494=DIRECTION('',(1.,0.,0.));
#3495=DIRECTION('',(0.,0.,1.));
#3496=DIRECTION('',(0.,-1.,0.));
#3497=DIRECTION('',(0.,0.,1.));
#3498=DIRECTION('',(1.,0.,0.));
#3499=DIRECTION('',(0.,-1.,0.));
#3500=DIRECTION('',(0.,0.,-1.));
#3501=DIRECTION('',(-1.,0.,0.));
#3502=DIRECTION('',(1.,0.,0.));
#3503=DIRECTION('',(0.,0.,-1.));
#3504=DIRECTION('',(-1.,0.,0.));
#3505=DIRECTION('',(0.,-1.,0.));
#3506=DIRECTION('',(0.,0.,-1.));
#3507=DIRECTION('',(0.707106781186548,0.707106781186548,0.));
#3508=DIRECTION('',(0.,0.,1.));
#3509=DIRECTION('',(0.,0.,1.));
#3510=DIRECTION('',(0.,1.,0.));
#3511=DIRECTION('',(0.,0.,1.));
#3512=DIRECTION('',(0.,0.,1.));
#3513=DIRECTION('',(0.,0.,-1.));
#3514=DIRECTION('',(-0.707106781186548,0.707106781186548,0.));
#3515=DIRECTION('',(0.,0.,-1.));
#3516=DIRECTION('',(0.,0.,1.));
#3517=DIRECTION('',(-0.707106781186548,-0.707106781186548,0.));
#3518=DIRECTION('',(0.,0.,-1.));
#3519=DIRECTION('',(1.,0.,0.));
#3520=DIRECTION('',(0.,0.,1.));
#3521=DIRECTION('',(-1.,0.,0.));
#3522=DIRECTION('',(0.,0.,-1.));
#3523=DIRECTION('',(0.,-1.,0.));
#3524=DIRECTION('',(1.,0.,0.));
#3525=DIRECTION('',(0.,-1.,0.));
#3526=DIRECTION('',(0.,0.,-1.));
#3527=DIRECTION('',(0.,-1.,0.));
#3528=DIRECTION('',(0.,0.,-1.));
#3529=DIRECTION('',(0.,1.,0.));
#3530=DIRECTION('',(-1.,0.,0.));
#3531=DIRECTION('',(0.,1.,0.));
#3532=DIRECTION('',(0.,0.,1.));
#3533=DIRECTION('',(0.,1.,-2.22044604925031E-16));
#3534=DIRECTION('',(1.,0.,0.));
#3535=DIRECTION('',(0.,1.,0.));
#3536=DIRECTION('',(-1.,0.,0.));
#3537=DIRECTION('',(0.,1.,0.));
#3538=DIRECTION('',(0.,0.,1.));
#3539=DIRECTION('',(0.,-1.,-2.22044604925031E-16));
#3540=DIRECTION('',(1.,0.,0.));
#3541=DIRECTION('',(0.,-1.,-2.22044604925031E-16));
#3542=DIRECTION('',(0.,2.22044604925031E-16,-1.));
#3543=DIRECTION('',(0.,-1.,-2.22044604925031E-16));
#3544=DIRECTION('',(1.,0.,0.));
#3545=CARTESIAN_POINT('',(0.,0.,0.));
#3546=CARTESIAN_POINT('',(0.0224831228429026,0.0187917620902135,0.));
#3547=CARTESIAN_POINT('',(0.0126331228429026,0.0235417620902135,6.7762635780344E-21));
#3548=CARTESIAN_POINT('',(0.0126331228429026,0.0240417620902135,3.3881317890172E-21));
#3549=CARTESIAN_POINT('',(0.0121331228429026,0.0235417620902135,3.3881317890172E-21));
#3550=CARTESIAN_POINT('',(0.0121331228429026,0.0180917620902135,0.));
#3551=CARTESIAN_POINT('',(0.0121331228429026,0.0126417620902135,3.3881317890172E-21));
#3552=CARTESIAN_POINT('',(0.0126331228429026,0.0126417620902135,6.7762635780344E-21));
#3553=CARTESIAN_POINT('',(0.0126331228429026,0.0121417620902135,3.3881317890172E-21));
#3554=CARTESIAN_POINT('',(0.0224831228429026,0.0121417620902135,0.));
#3555=CARTESIAN_POINT('',(0.0323331228429026,0.0121417620902135,3.3881317890172E-21));
#3556=CARTESIAN_POINT('',(0.0323331228429026,0.0126417620902135,6.7762635780344E-21));
#3557=CARTESIAN_POINT('',(0.0328331228429026,0.0126417620902135,3.3881317890172E-21));
#3558=CARTESIAN_POINT('',(0.0328331228429026,0.0180917620902135,0.));
#3559=CARTESIAN_POINT('',(0.0328331228429026,0.0235417620902135,3.3881317890172E-21));
#3560=CARTESIAN_POINT('',(0.0323331228429026,0.0235417620902135,6.7762635780344E-21));
#3561=CARTESIAN_POINT('',(0.0323331228429026,0.0240417620902135,3.3881317890172E-21));
#3562=CARTESIAN_POINT('',(0.0224831228429026,0.0240417620902135,0.));
#3563=CARTESIAN_POINT('',(0.0224831228429026,0.00849176209021351,0.));
#3564=CARTESIAN_POINT('',(0.0129831228429026,0.00849176209021351,-9.48676900924816E-20));
#3565=CARTESIAN_POINT('',(0.0115831228429026,0.00849176209021351,0.));
#3566=CARTESIAN_POINT('',(0.0115831228429026,0.0214167620902135,0.));
#3567=CARTESIAN_POINT('',(0.0115831228429026,0.0240417620902135,0.));
#3568=CARTESIAN_POINT('',(0.00653312284290259,0.0240417620902135,0.));
#3569=CARTESIAN_POINT('',(0.0105831228429026,0.0240417620902135,-7.18283939271647E-19));
#3570=CARTESIAN_POINT('',(0.0105831228429026,0.0224167620902135,-2.33103467084383E-18));
#3571=CARTESIAN_POINT('',(0.0105831228429026,0.0260417620902135,-7.18283939271647E-19));
#3572=CARTESIAN_POINT('',(0.0105831228429026,0.0260417620902135,0.));
#3573=CARTESIAN_POINT('',(0.0115831228429026,0.0260417620902135,0.));
#3574=CARTESIAN_POINT('',(0.0115831228429026,0.0242917620902135,0.));
#3575=CARTESIAN_POINT('',(0.0115831228429026,0.0297917620902135,-9.54097911787244E-21));
#3576=CARTESIAN_POINT('',(0.0343831228429026,0.0297917620902135,-3.81639164714897E-20));
#3577=CARTESIAN_POINT('',(0.0156979961221921,0.0297917620902135,-9.54097911787244E-21));
#3578=CARTESIAN_POINT('',(0.0156979961221921,0.0297917620902135,0.));
#3579=CARTESIAN_POINT('',(0.0156979961221921,0.0337917620902135,0.));
#3580=CARTESIAN_POINT('',(0.0224831228429026,0.0337917620902135,0.));
#3581=CARTESIAN_POINT('',(0.0178682495636131,0.0337917620902135,0.));
#3582=CARTESIAN_POINT('',(0.0178682495636131,0.0297917620902135,0.));
#3583=CARTESIAN_POINT('',(0.0178682495636131,0.0297917620902135,6.93889390390723E-21));
#3584=CARTESIAN_POINT('',(0.0343831228429026,0.0297917620902135,2.77555756156289E-20));
#3585=CARTESIAN_POINT('',(0.0333831228429026,0.0297917620902135,6.93889390390723E-21));
#3586=CARTESIAN_POINT('',(0.0333831228429026,0.0224167620902135,0.));
#3587=CARTESIAN_POINT('',(0.0333831228429026,0.0260417620902135,0.));
#3588=CARTESIAN_POINT('',(0.0384331228429026,0.0260417620902135,0.));
#3589=CARTESIAN_POINT('',(0.0343831228429026,0.0260417620902135,5.82758667710959E-19));
#3590=CARTESIAN_POINT('',(0.0343831228429026,0.0214167620902135,1.40946282423116E-18));
#3591=CARTESIAN_POINT('',(0.0343831228429026,0.0240417620902135,-1.76182853028895E-19));
#3592=CARTESIAN_POINT('',(0.0343831228429026,0.0240417620902135,0.));
#3593=CARTESIAN_POINT('',(0.0333831228429026,0.0240417620902135,0.));
#3594=CARTESIAN_POINT('',(0.0333831228429026,0.0132917620902135,0.));
#3595=CARTESIAN_POINT('',(0.0333831228429026,0.00849176209021351,0.));
#3596=CARTESIAN_POINT('',(0.0224831228429026,0.00849176209021351,0.));
#3597=CARTESIAN_POINT('',(0.0319831228429026,0.00849176209021351,-1.21972744404619E-19));
#3598=CARTESIAN_POINT('',(0.0165331228429026,0.00849176209021351,-5.42101086242752E-20));
#3599=CARTESIAN_POINT('',(0.0224831228429026,0.0187917620902135,0.0117));
#3600=CARTESIAN_POINT('',(0.0323331228429026,0.0235417620902135,0.0117));
#3601=CARTESIAN_POINT('',(0.0328331228429026,0.0235417620902135,0.0117));
#3602=CARTESIAN_POINT('',(0.0323331228429026,0.0240417620902135,0.0117));
#3603=CARTESIAN_POINT('',(0.0328331228429026,0.0180917620902135,0.0117));
#3604=CARTESIAN_POINT('',(0.0328331228429026,0.0126417620902135,0.0117));
#3605=CARTESIAN_POINT('',(0.0323331228429026,0.0126417620902135,0.0117));
#3606=CARTESIAN_POINT('',(0.0323331228429026,0.0121417620902135,0.0117));
#3607=CARTESIAN_POINT('',(0.0224831228429026,0.0121417620902135,0.0117));
#3608=CARTESIAN_POINT('',(0.0126331228429026,0.0121417620902135,0.0117));
#3609=CARTESIAN_POINT('',(0.0126331228429026,0.0126417620902135,0.0117));
#3610=CARTESIAN_POINT('',(0.0121331228429026,0.0126417620902135,0.0117));
#3611=CARTESIAN_POINT('',(0.0121331228429026,0.0180917620902135,0.0117));
#3612=CARTESIAN_POINT('',(0.0121331228429026,0.0235417620902135,0.0117));
#3613=CARTESIAN_POINT('',(0.0126331228429026,0.0235417620902135,0.0117));
#3614=CARTESIAN_POINT('',(0.0126331228429026,0.0240417620902135,0.0117));
#3615=CARTESIAN_POINT('',(0.0224831228429026,0.0240417620902135,0.0117));
#3616=CARTESIAN_POINT('',(0.0224831228429026,0.00849176209021351,0.0117));
#3617=CARTESIAN_POINT('',(0.0319831228429026,0.00849176209021351,0.0117));
#3618=CARTESIAN_POINT('',(0.0333831228429026,0.00849176209021351,0.0117));
#3619=CARTESIAN_POINT('',(0.0333831228429026,0.0132917620902135,0.0117));
#3620=CARTESIAN_POINT('',(0.0333831228429026,0.0240417620902135,0.0117));
#3621=CARTESIAN_POINT('',(0.0343831228429026,0.0240417620902135,0.0117));
#3622=CARTESIAN_POINT('',(0.0343831228429026,0.0240417620902135,0.0117));
#3623=CARTESIAN_POINT('',(0.0343831228429026,0.0214167620902135,0.0117));
#3624=CARTESIAN_POINT('',(0.0343831228429026,0.0260417620902135,0.0117));
#3625=CARTESIAN_POINT('',(0.0384331228429026,0.0260417620902135,0.0117));
#3626=CARTESIAN_POINT('',(0.0333831228429026,0.0260417620902135,0.0117));
#3627=CARTESIAN_POINT('',(0.0333831228429026,0.0224167620902135,0.0117));
#3628=CARTESIAN_POINT('',(0.0333831228429026,0.0297917620902135,0.0117));
#3629=CARTESIAN_POINT('',(0.0224831228429026,0.0297917620902135,0.0117));
#3630=CARTESIAN_POINT('',(0.0178682495636131,0.0297917620902135,0.0117));
#3631=CARTESIAN_POINT('',(0.0178682495636131,0.0297917620902135,0.0117));
#3632=CARTESIAN_POINT('',(0.0178682495636131,0.0337917620902135,0.0117));
#3633=CARTESIAN_POINT('',(0.0224831228429026,0.0337917620902135,0.0117));
#3634=CARTESIAN_POINT('',(0.0156979961221921,0.0337917620902135,0.0117));
#3635=CARTESIAN_POINT('',(0.0156979961221921,0.0297917620902135,0.0117));
#3636=CARTESIAN_POINT('',(0.0156979961221921,0.0297917620902135,0.0117));
#3637=CARTESIAN_POINT('',(0.0224831228429026,0.0297917620902135,0.0117));
#3638=CARTESIAN_POINT('',(0.0115831228429026,0.0297917620902135,0.0117));
#3639=CARTESIAN_POINT('',(0.0115831228429026,0.0242917620902135,0.0117));
#3640=CARTESIAN_POINT('',(0.0115831228429026,0.0260417620902135,0.0117));
#3641=CARTESIAN_POINT('',(0.0105831228429026,0.0260417620902135,0.0117));
#3642=CARTESIAN_POINT('',(0.0105831228429026,0.0260417620902135,0.0117));
#3643=CARTESIAN_POINT('',(0.0105831228429026,0.0224167620902135,0.0117));
#3644=CARTESIAN_POINT('',(0.0105831228429026,0.0240417620902135,0.0117));
#3645=CARTESIAN_POINT('',(0.00653312284290259,0.0240417620902135,0.0117));
#3646=CARTESIAN_POINT('',(0.0115831228429026,0.0240417620902135,0.0117));
#3647=CARTESIAN_POINT('',(0.0115831228429026,0.0214167620902135,0.0117));
#3648=CARTESIAN_POINT('',(0.0115831228429026,0.00849176209021351,0.0117));
#3649=CARTESIAN_POINT('',(0.0224831228429026,0.00849176209021351,0.0117));
#3650=CARTESIAN_POINT('',(0.0129831228429026,0.00849176209021351,0.0117));
#3651=CARTESIAN_POINT('',(0.0165331228429026,0.00849176209021351,0.0117));
#3652=CARTESIAN_POINT('',(0.0156979961221921,0.0297917620902135,0.002));
#3653=CARTESIAN_POINT('',(0.0156979961221921,0.0337917620902135,0.002));
#3654=CARTESIAN_POINT('',(0.0151554327618369,0.0337917620902135,7.49999999999969E-5));
#3655=CARTESIAN_POINT('',(0.0156979961221921,0.0297917620902135,0.002));
#3656=CARTESIAN_POINT('',(0.0151554327618369,0.0297917620902135,7.49999999999969E-5));
#3657=CARTESIAN_POINT('',(0.0151554327618368,0.0297917620902135,7.50000000000078E-5));
#3658=CARTESIAN_POINT('',(0.0224831228429026,0.0337917620902135,0.00585));
#3659=CARTESIAN_POINT('',(0.0167831228429026,0.0337917620902135,0.00585));
#3660=CARTESIAN_POINT('',(0.0151554327618369,0.0337917620902135,0.011625));
#3661=CARTESIAN_POINT('',(0.0156979961221921,0.0337917620902135,0.0097));
#3662=CARTESIAN_POINT('',(0.0178682495636131,0.0337917620902135,0.0097));
#3663=CARTESIAN_POINT('',(0.0184108129239684,0.0337917620902135,0.011625));
#3664=CARTESIAN_POINT('',(0.0167831228429026,0.0337917620902135,0.00585));
#3665=CARTESIAN_POINT('',(0.0226196182416756,0.0337917620902135,0.00724115831597325));
#3666=CARTESIAN_POINT('',(0.0233031228429026,0.0337917620902135,0.00585));
#3667=CARTESIAN_POINT('',(0.0217931559558485,0.0337917620902135,0.0062));
#3668=CARTESIAN_POINT('',(0.0212193374454664,0.0337917620902135,0.0062));
#3669=CARTESIAN_POINT('',(0.0212193374454663,0.0337917620902135,0.0062));
#3670=CARTESIAN_POINT('',(0.0167831228429026,0.0337917620902135,0.00585));
#3671=CARTESIAN_POINT('',(0.0171331228429026,0.0337917620902135,0.0102862146025638));
#3672=CARTESIAN_POINT('',(0.0171331228429026,0.0337917620902135,0.01135));
#3673=CARTESIAN_POINT('',(0.0171331228429026,0.0337917620902135,0.01135));
#3674=CARTESIAN_POINT('',(0.0164331228429026,0.0337917620902135,0.01135));
#3675=CARTESIAN_POINT('',(0.0164331228429026,0.0337917620902135,0.01135));
#3676=CARTESIAN_POINT('',(0.0164331228429026,0.0337917620902135,0.0102862146025638));
#3677=CARTESIAN_POINT('',(0.0164331228429026,0.0337917620902135,0.0102862146025638));
#3678=CARTESIAN_POINT('',(0.0167831228429026,0.0337917620902135,0.00585));
#3679=CARTESIAN_POINT('',(0.0123469082403388,0.0337917620902135,0.0062));
#3680=CARTESIAN_POINT('',(0.0112831228429026,0.0337917620902135,0.0062));
#3681=CARTESIAN_POINT('',(0.0112831228429026,0.0337917620902135,0.0062));
#3682=CARTESIAN_POINT('',(0.0112831228429026,0.0337917620902135,0.0055));
#3683=CARTESIAN_POINT('',(0.0112831228429026,0.0337917620902135,0.0055));
#3684=CARTESIAN_POINT('',(0.0123469082403388,0.0337917620902135,0.0055));
#3685=CARTESIAN_POINT('',(0.0123469082403388,0.0337917620902135,0.0055));
#3686=CARTESIAN_POINT('',(0.0167831228429026,0.0337917620902135,0.00585));
#3687=CARTESIAN_POINT('',(0.0164331228429026,0.0337917620902135,0.00141378539743623));
#3688=CARTESIAN_POINT('',(0.0164331228429026,0.0337917620902135,0.00035));
#3689=CARTESIAN_POINT('',(0.0164331228429026,0.0337917620902135,0.00035));
#3690=CARTESIAN_POINT('',(0.0171331228429026,0.0337917620902135,0.00035));
#3691=CARTESIAN_POINT('',(0.0171331228429026,0.0337917620902135,0.00035));
#3692=CARTESIAN_POINT('',(0.0171331228429026,0.0337917620902135,0.00141378539743623));
#3693=CARTESIAN_POINT('',(0.0171331228429026,0.0337917620902135,0.00141378539743623));
#3694=CARTESIAN_POINT('',(0.0167831228429026,0.0337917620902135,0.00585));
#3695=CARTESIAN_POINT('',(0.0212193374454663,0.0337917620902135,0.0055));
#3696=CARTESIAN_POINT('',(0.0217931559558484,0.0337917620902135,0.0055));
#3697=CARTESIAN_POINT('',(0.0217931559558485,0.0337917620902135,0.0055));
#3698=CARTESIAN_POINT('',(0.0233031228429026,0.0337917620902135,0.00585));
#3699=CARTESIAN_POINT('',(0.0226196182416756,0.0337917620902135,0.00445884168402675));
#3700=CARTESIAN_POINT('',(0.0167831228429026,0.0337917620902135,0.00585));
#3701=CARTESIAN_POINT('',(0.0184108129239683,0.0337917620902135,7.5000000000001E-5));
#3702=CARTESIAN_POINT('',(0.0178682495636131,0.0337917620902135,0.002));
#3703=CARTESIAN_POINT('',(0.0178682495636131,0.0297917620902135,0.002));
#3704=CARTESIAN_POINT('',(0.0184108129239684,0.0297917620902135,7.50000000000067E-5));
#3705=CARTESIAN_POINT('',(0.0184108129239683,0.0297917620902135,7.5000000000001E-5));
#3706=CARTESIAN_POINT('',(0.0178682495636131,0.0297917620902135,0.002));
#3707=CARTESIAN_POINT('',(0.0167831228429026,0.0297917620902135,0.00585));
#3708=CARTESIAN_POINT('',(0.0226196182416756,0.0297917620902135,0.00445884168402675));
#3709=CARTESIAN_POINT('',(0.0226196182416756,0.0333917620902135,0.00445884168402675));
#3710=CARTESIAN_POINT('',(0.0167831228429026,0.0333917620902135,0.00585));
#3711=CARTESIAN_POINT('',(0.02199385137051,0.0333917620902135,0.00287538940168989));
#3712=CARTESIAN_POINT('',(0.02199385137051,0.0297917620902135,0.00287538940168988));
#3713=CARTESIAN_POINT('',(0.02199385137051,0.0297917620902135,0.00287538940168989));
#3714=CARTESIAN_POINT('',(0.0167831228429026,0.0297917620902135,0.00585));
#3715=CARTESIAN_POINT('',(0.0156979961221921,0.0297917620902135,0.0097));
#3716=CARTESIAN_POINT('',(0.0151554327618368,0.0297917620902135,0.011625));
#3717=CARTESIAN_POINT('',(0.0151554327618368,0.0297917620902135,0.011625));
#3718=CARTESIAN_POINT('',(0.0156979961221921,0.0297917620902135,0.0097));
#3719=CARTESIAN_POINT('',(0.0178682495636131,0.0297917620902135,0.0097));
#3720=CARTESIAN_POINT('',(0.0178682495636131,0.0297917620902135,0.0097));
#3721=CARTESIAN_POINT('',(0.0184108129239684,0.0297917620902135,0.011625));
#3722=CARTESIAN_POINT('',(0.0184108129239684,0.0297917620902135,0.011625));
#3723=CARTESIAN_POINT('',(0.0167831228429026,0.0297917620902135,0.00585));
#3724=CARTESIAN_POINT('',(0.0167831228429026,0.0297917620902135,0.00585));
#3725=CARTESIAN_POINT('',(0.0219938513705099,0.0297917620902135,0.0088246105983101));
#3726=CARTESIAN_POINT('',(0.0219938513705099,0.0297917620902135,0.00882461059831009));
#3727=CARTESIAN_POINT('',(0.0219938513705099,0.0333917620902135,0.0088246105983101));
#3728=CARTESIAN_POINT('',(0.0167831228429026,0.0333917620902135,0.00585));
#3729=CARTESIAN_POINT('',(0.0226196182416756,0.0333917620902135,0.00724115831597325));
#3730=CARTESIAN_POINT('',(0.0226196182416756,0.0297917620902135,0.00724115831597325));
#3731=CARTESIAN_POINT('',(0.0343831228429026,0.0297917620902135,0.));
#3732=CARTESIAN_POINT('',(0.0167831228429026,0.0297917620902135,0.00585));
#3733=CARTESIAN_POINT('',(0.0115831228429026,0.0297917620902135,0.001));
#3734=CARTESIAN_POINT('',(0.0105831228429026,0.0297917620902135,0.001));
#3735=CARTESIAN_POINT('',(0.0105831228429026,0.0297917620902135,0.));
#3736=CARTESIAN_POINT('',(0.0105831228429026,0.0297917620902135,0.0107));
#3737=CARTESIAN_POINT('',(0.0115831228429026,0.0297917620902135,0.0107));
#3738=CARTESIAN_POINT('',(0.0167831228429026,0.0297917620902135,0.00585));
#3739=CARTESIAN_POINT('',(0.0105831228429026,0.0297917620902135,0.));
#3740=CARTESIAN_POINT('',(0.0105831228429026,0.0242917620902135,0.001));
#3741=CARTESIAN_POINT('',(0.0105831228429026,0.0260417620902135,0.001));
#3742=CARTESIAN_POINT('',(0.0105831228429026,0.0260417620902135,0.));
#3743=CARTESIAN_POINT('',(0.0105831228429026,0.0260417620902135,0.0107));
#3744=CARTESIAN_POINT('',(0.0105831228429026,0.0242917620902135,0.0107));
#3745=CARTESIAN_POINT('',(0.0105831228429026,0.0260417620902135,0.));
#3746=CARTESIAN_POINT('',(0.0105831228429026,0.0260417620902135,0.00635));
#3747=CARTESIAN_POINT('',(0.00811709743911816,0.0260417620902135,0.00635));
#3748=CARTESIAN_POINT('',(0.0065331228429026,0.0260417620902135,0.00635));
#3749=CARTESIAN_POINT('',(0.0065331228429026,0.0260417620902135,0.));
#3750=CARTESIAN_POINT('',(0.0065331228429026,0.0260417620902135,0.0103158648196177));
#3751=CARTESIAN_POINT('',(0.00753312284290259,0.0260417620902135,0.0103158648196177));
#3752=CARTESIAN_POINT('',(0.00741059627089995,0.0260417620902135,0.0113083300528392));
#3753=CARTESIAN_POINT('',(0.00855812284290259,0.0260417620902135,0.01145));
#3754=CARTESIAN_POINT('',(0.0115831228429026,0.0260417620902135,0.0107));
#3755=CARTESIAN_POINT('',(0.0115831228429026,0.0260417620902135,0.001));
#3756=CARTESIAN_POINT('',(0.00855812284290259,0.0260417620902135,0.00025));
#3757=CARTESIAN_POINT('',(0.00741059627089995,0.0260417620902135,0.000391669947160821));
#3758=CARTESIAN_POINT('',(0.00753312284290259,0.0260417620902135,0.00138413518038226));
#3759=CARTESIAN_POINT('',(0.0065331228429026,0.0260417620902135,0.00138413518038226));
#3760=CARTESIAN_POINT('',(0.0065331228429026,0.0260417620902135,0.));
#3761=CARTESIAN_POINT('',(0.0065331228429026,0.0260417620902135,0.00535));
#3762=CARTESIAN_POINT('',(0.0105831228429026,0.0260417620902135,0.00535));
#3763=CARTESIAN_POINT('',(0.00811709743911816,0.0260417620902135,0.00535));
#3764=CARTESIAN_POINT('',(0.0089831228429026,0.0260417620902135,0.00585));
#3765=CARTESIAN_POINT('',(0.00855812284290259,0.0224167620902135,0.01145));
#3766=CARTESIAN_POINT('',(0.00741059627089996,0.0242292620902135,0.0113083300528391));
#3767=CARTESIAN_POINT('',(0.00741059627089995,0.0240417620902135,0.0113083300528392));
#3768=CARTESIAN_POINT('',(0.00855812284290259,0.0240417620902135,0.01145));
#3769=CARTESIAN_POINT('',(0.00855812284290259,0.0224167620902135,0.00025));
#3770=CARTESIAN_POINT('',(0.00741059627089995,0.0242292620902135,0.000391669947160822));
#3771=CARTESIAN_POINT('',(0.00741059627089995,0.0240417620902135,0.000391669947160822));
#3772=CARTESIAN_POINT('',(0.00855812284290259,0.0240417620902135,0.00025));
#3773=CARTESIAN_POINT('',(0.0364081228429026,0.0214167620902135,0.00025));
#3774=CARTESIAN_POINT('',(0.0375556494149052,0.0227292620902135,0.000391669947160818));
#3775=CARTESIAN_POINT('',(0.0375556494149053,0.0240417620902135,0.000391669947160819));
#3776=CARTESIAN_POINT('',(0.0375556494149053,0.0260417620902135,0.000391669947160819));
#3777=CARTESIAN_POINT('',(0.0364081228429026,0.0240417620902135,0.00025));
#3778=CARTESIAN_POINT('',(0.0364081228429026,0.0260417620902135,0.00025));
#3779=CARTESIAN_POINT('',(0.0343831228429026,0.0260417620902135,0.));
#3780=CARTESIAN_POINT('',(0.0343831228429026,0.0224167620902135,0.001));
#3781=CARTESIAN_POINT('',(0.0343831228429026,0.0297917620902135,0.001));
#3782=CARTESIAN_POINT('',(0.0343831228429026,0.0260417620902135,0.001));
#3783=CARTESIAN_POINT('',(0.0343831228429026,0.0297917620902135,0.));
#3784=CARTESIAN_POINT('',(0.0343831228429026,0.0297917620902135,0.0107));
#3785=CARTESIAN_POINT('',(0.0343831228429026,0.0224167620902135,0.0107));
#3786=CARTESIAN_POINT('',(0.0343831228429026,0.0260417620902135,0.0107));
#3787=CARTESIAN_POINT('',(0.0343831228429026,0.0260417620902135,0.));
#3788=CARTESIAN_POINT('',(0.0333831228429026,0.0224167620902135,0.0107));
#3789=CARTESIAN_POINT('',(0.0333831228429026,0.0297917620902135,0.0107));
#3790=CARTESIAN_POINT('',(0.0333831228429026,0.0260417620902135,0.0107));
#3791=CARTESIAN_POINT('',(0.0333831228429026,0.0224167620902135,0.001));
#3792=CARTESIAN_POINT('',(0.0333831228429026,0.0297917620902135,0.001));
#3793=CARTESIAN_POINT('',(0.0333831228429026,0.0260417620902135,0.001));
#3794=CARTESIAN_POINT('',(0.0115831228429026,0.0242917620902135,0.0107));
#3795=CARTESIAN_POINT('',(0.0115831228429026,0.0214167620902135,0.001));
#3796=CARTESIAN_POINT('',(0.0115831228429026,0.00849176209021351,0.001));
#3797=CARTESIAN_POINT('',(0.0105831228429026,0.00849176209021351,0.001));
#3798=CARTESIAN_POINT('',(0.0105831228429026,0.0214167620902135,0.001));
#3799=CARTESIAN_POINT('',(0.0105831228429026,0.0240417620902135,0.001));
#3800=CARTESIAN_POINT('',(0.0115831228429026,0.0240417620902135,0.001));
#3801=CARTESIAN_POINT('',(0.0115831228429026,0.0242917620902135,0.001));
#3802=CARTESIAN_POINT('',(0.00753312284290259,0.0242292620902135,0.0103158648196177));
#3803=CARTESIAN_POINT('',(0.00753312284290259,0.0240417620902135,0.0103158648196177));
#3804=CARTESIAN_POINT('',(0.00653312284290259,0.0240417620902135,0.0103158648196177));
#3805=CARTESIAN_POINT('',(0.00653312284290259,0.0242292620902135,0.0103158648196177));
#3806=CARTESIAN_POINT('',(0.00653312284290259,0.0260417620902135,0.));
#3807=CARTESIAN_POINT('',(0.00653312284290259,0.0260417620902135,0.00635));
#3808=CARTESIAN_POINT('',(0.00653312284290259,0.0240417620902135,0.00635));
#3809=CARTESIAN_POINT('',(0.00653312284290259,0.0240417620902135,0.));
#3810=CARTESIAN_POINT('',(0.00753312284290259,0.0242292620902135,0.00138413518038226));
#3811=CARTESIAN_POINT('',(0.00753312284290259,0.0240417620902135,0.00138413518038226));
#3812=CARTESIAN_POINT('',(0.00653312284290259,0.0240417620902135,0.00138413518038226));
#3813=CARTESIAN_POINT('',(0.00653312284290259,0.0242292620902135,0.00138413518038226));
#3814=CARTESIAN_POINT('',(0.0364081228429026,0.0214167620902135,0.01145));
#3815=CARTESIAN_POINT('',(0.0375556494149052,0.0227292620902135,0.0113083300528391));
#3816=CARTESIAN_POINT('',(0.0375556494149052,0.0260417620902135,0.0113083300528392));
#3817=CARTESIAN_POINT('',(0.0375556494149052,0.0240417620902135,0.0113083300528392));
#3818=CARTESIAN_POINT('',(0.0364081228429026,0.0260417620902135,0.01145));
#3819=CARTESIAN_POINT('',(0.0364081228429026,0.0240417620902135,0.01145));
#3820=CARTESIAN_POINT('',(0.0374331228429026,0.0227292620902135,0.0103158648196177));
#3821=CARTESIAN_POINT('',(0.0374331228429026,0.0260417620902135,0.0103158648196177));
#3822=CARTESIAN_POINT('',(0.0384331228429026,0.0260417620902135,0.0103158648196177));
#3823=CARTESIAN_POINT('',(0.0374331228429026,0.0240417620902135,0.0103158648196177));
#3824=CARTESIAN_POINT('',(0.0384331228429026,0.0240417620902135,0.0103158648196177));
#3825=CARTESIAN_POINT('',(0.0384331228429026,0.0227292620902135,0.0103158648196177));
#3826=CARTESIAN_POINT('',(0.0384331228429026,0.0260417620902135,0.));
#3827=CARTESIAN_POINT('',(0.0384331228429026,0.0260417620902135,0.00535));
#3828=CARTESIAN_POINT('',(0.036849148246687,0.0260417620902135,0.00535));
#3829=CARTESIAN_POINT('',(0.0384331228429026,0.0260417620902135,0.00535));
#3830=CARTESIAN_POINT('',(0.0384331228429026,0.0260417620902135,0.));
#3831=CARTESIAN_POINT('',(0.0384331228429026,0.0260417620902135,0.00138413518038226));
#3832=CARTESIAN_POINT('',(0.0374331228429026,0.0260417620902135,0.00138413518038226));
#3833=CARTESIAN_POINT('',(0.0384331228429026,0.0260417620902135,0.));
#3834=CARTESIAN_POINT('',(0.0384331228429026,0.0260417620902135,0.00635));
#3835=CARTESIAN_POINT('',(0.0384331228429026,0.0260417620902135,0.00635));
#3836=CARTESIAN_POINT('',(0.0368491482466871,0.0260417620902135,0.00635));
#3837=CARTESIAN_POINT('',(0.0359831228429026,0.0260417620902135,0.00585));
#3838=CARTESIAN_POINT('',(0.0384331228429026,0.0240417620902135,0.));
#3839=CARTESIAN_POINT('',(0.0384331228429026,0.0240417620902135,0.00535));
#3840=CARTESIAN_POINT('',(0.0384331228429026,0.0240417620902135,0.00535));
#3841=CARTESIAN_POINT('',(0.0384331228429026,0.0240417620902135,0.));
#3842=CARTESIAN_POINT('',(0.0384331228429026,0.0240417620902135,0.00138413518038226));
#3843=CARTESIAN_POINT('',(0.0384331228429026,0.0227292620902135,0.00138413518038226));
#3844=CARTESIAN_POINT('',(0.0374331228429026,0.0227292620902135,0.00138413518038226));
#3845=CARTESIAN_POINT('',(0.0374331228429026,0.0240417620902135,0.00138413518038226));
#3846=CARTESIAN_POINT('',(0.0224831228429026,0.0345917620902135,0.00585));
#3847=CARTESIAN_POINT('',(0.0233031228429026,0.0345917620902135,0.00585));
#3848=CARTESIAN_POINT('',(0.0233031228429026,0.0345917620902135,0.0074));
#3849=CARTESIAN_POINT('',(0.0224831228429026,0.0345917620902135,0.00585));
#3850=CARTESIAN_POINT('',(0.0167831228429026,0.0345917620902135,0.00585));
#3851=CARTESIAN_POINT('',(0.0167831228429026,0.0345917620902135,0.0103));
#3852=CARTESIAN_POINT('',(0.0167831228429026,0.0345917620902135,0.00585));
#3853=CARTESIAN_POINT('',(0.0167831228429026,0.0345917620902135,0.00835));
#3854=CARTESIAN_POINT('',(0.0224831228429026,0.0333917620902135,0.00585));
#3855=CARTESIAN_POINT('',(0.0233031228429026,0.0333917620902135,0.00585));
#3856=CARTESIAN_POINT('',(0.0233031228429026,0.0333917620902135,0.00585));
#3857=CARTESIAN_POINT('',(0.0233031228429026,0.0297917620902135,0.00585));
#3858=CARTESIAN_POINT('',(0.0233031228429026,0.0297917620902135,0.00585));
#3859=CARTESIAN_POINT('',(0.0171331228429026,0.0297917620902135,0.00035));
#3860=CARTESIAN_POINT('',(0.0164331228429026,0.0297917620902135,0.00035));
#3861=CARTESIAN_POINT('',(0.0164331228429026,0.0342917620902135,0.00035));
#3862=CARTESIAN_POINT('',(0.0224831228429026,0.0342917620902135,0.00035));
#3863=CARTESIAN_POINT('',(0.0171331228429026,0.0342917620902135,0.00035));
#3864=CARTESIAN_POINT('',(0.0171331228429026,0.0297917620902135,0.00035));
#3865=CARTESIAN_POINT('',(0.0164331228429026,0.0297917620902135,0.00035));
#3866=CARTESIAN_POINT('',(0.0164331228429026,0.0297917620902135,0.00141378539743623));
#3867=CARTESIAN_POINT('',(0.0164331228429026,0.0342917620902135,0.00141378539743623));
#3868=CARTESIAN_POINT('',(0.0164331228429026,0.0342917620902135,0.00585));
#3869=CARTESIAN_POINT('',(0.0171331228429026,0.0297917620902135,0.00141378539743623));
#3870=CARTESIAN_POINT('',(0.0171331228429026,0.0342917620902135,0.00585));
#3871=CARTESIAN_POINT('',(0.0171331228429026,0.0342917620902135,0.00141378539743623));
#3872=CARTESIAN_POINT('',(0.0171331228429026,0.0297917620902135,0.00141378539743623));
#3873=CARTESIAN_POINT('',(0.0123469082403388,0.0297917620902135,0.0055));
#3874=CARTESIAN_POINT('',(0.0112831228429026,0.0297917620902135,0.0055));
#3875=CARTESIAN_POINT('',(0.0112831228429026,0.0342917620902135,0.0055));
#3876=CARTESIAN_POINT('',(0.0224831228429026,0.0342917620902135,0.0055));
#3877=CARTESIAN_POINT('',(0.0123469082403388,0.0342917620902135,0.0055));
#3878=CARTESIAN_POINT('',(0.0123469082403388,0.0297917620902135,0.0055));
#3879=CARTESIAN_POINT('',(0.0112831228429026,0.0297917620902135,0.0055));
#3880=CARTESIAN_POINT('',(0.0112831228429026,0.0297917620902135,0.0062));
#3881=CARTESIAN_POINT('',(0.0112831228429026,0.0342917620902135,0.0062));
#3882=CARTESIAN_POINT('',(0.0112831228429026,0.0342917620902135,0.00585));
#3883=CARTESIAN_POINT('',(0.0112831228429026,0.0297917620902135,0.0062));
#3884=CARTESIAN_POINT('',(0.0123469082403388,0.0297917620902135,0.0062));
#3885=CARTESIAN_POINT('',(0.0123469082403388,0.0342917620902135,0.0062));
#3886=CARTESIAN_POINT('',(0.0224831228429026,0.0342917620902135,0.0062));
#3887=CARTESIAN_POINT('',(0.0164331228429026,0.0297917620902135,0.0102862146025638));
#3888=CARTESIAN_POINT('',(0.0164331228429026,0.0297917620902135,0.01135));
#3889=CARTESIAN_POINT('',(0.0164331228429026,0.0342917620902135,0.01135));
#3890=CARTESIAN_POINT('',(0.0164331228429026,0.0342917620902135,0.00585));
#3891=CARTESIAN_POINT('',(0.0164331228429026,0.0342917620902135,0.0102862146025638));
#3892=CARTESIAN_POINT('',(0.0164331228429026,0.0297917620902135,0.0102862146025638));
#3893=CARTESIAN_POINT('',(0.0164331228429026,0.0297917620902135,0.01135));
#3894=CARTESIAN_POINT('',(0.0171331228429026,0.0297917620902135,0.01135));
#3895=CARTESIAN_POINT('',(0.0171331228429026,0.0342917620902135,0.01135));
#3896=CARTESIAN_POINT('',(0.0224831228429026,0.0342917620902135,0.01135));
#3897=CARTESIAN_POINT('',(0.0171331228429026,0.0297917620902135,0.01135));
#3898=CARTESIAN_POINT('',(0.0171331228429026,0.0297917620902135,0.0102862146025638));
#3899=CARTESIAN_POINT('',(0.0171331228429026,0.0342917620902135,0.0102862146025638));
#3900=CARTESIAN_POINT('',(0.0171331228429026,0.0342917620902135,0.00585));
#3901=CARTESIAN_POINT('',(0.0167831228429026,0.0297917620902135,0.00585));
#3902=CARTESIAN_POINT('',(0.0212193374454663,0.0297917620902135,0.0062));
#3903=CARTESIAN_POINT('',(0.0212193374454663,0.0342917620902135,0.0062));
#3904=CARTESIAN_POINT('',(0.0167831228429026,0.0342917620902135,0.00585));
#3905=CARTESIAN_POINT('',(0.0212193374454663,0.0342917620902135,0.0055));
#3906=CARTESIAN_POINT('',(0.0212193374454663,0.0297917620902135,0.0055));
#3907=CARTESIAN_POINT('',(0.0167831228429026,0.0342917620902135,0.00585));
#3908=CARTESIAN_POINT('',(0.0167831228429026,0.0342917620902135,0.00585));
#3909=CARTESIAN_POINT('',(0.0167831228429026,0.0342917620902135,0.00585));
#3910=CARTESIAN_POINT('',(0.0224831228429026,0.0342917620902135,0.00585));
#3911=CARTESIAN_POINT('',(0.0224831228429026,0.0342917620902135,0.00585));
#3912=CARTESIAN_POINT('',(0.0224831228429026,0.0342917620902135,0.00585));
#3913=CARTESIAN_POINT('',(0.0224831228429026,0.0342917620902135,0.0062));
#3914=CARTESIAN_POINT('',(0.0217931559558485,0.0342917620902135,0.0062));
#3915=CARTESIAN_POINT('',(0.0233031228429026,0.0342917620902135,0.00585));
#3916=CARTESIAN_POINT('',(0.0217931559558485,0.0342917620902135,0.0055));
#3917=CARTESIAN_POINT('',(0.0224831228429026,0.0342917620902135,0.0055));
#3918=CARTESIAN_POINT('',(0.0224831228429026,0.0342917620902135,0.00585));
#3919=CARTESIAN_POINT('',(0.0217931559558484,0.0297917620902135,0.0055));
#3920=CARTESIAN_POINT('',(0.0217931559558485,0.0297917620902135,0.0055));
#3921=CARTESIAN_POINT('',(0.0233031228429026,0.0297917620902135,0.00585));
#3922=CARTESIAN_POINT('',(0.0217931559558485,0.0297917620902135,0.0062));
#3923=CARTESIAN_POINT('',(0.0343831228429026,0.0297917620902135,0.));
#3924=CARTESIAN_POINT('',(0.0269831228429026,0.0297917620902135,0.));
#3925=CARTESIAN_POINT('',(0.0269831228429026,0.0297917620902135,0.0102));
#3926=CARTESIAN_POINT('',(0.0269831228429026,0.0297917620902135,0.0015));
#3927=CARTESIAN_POINT('',(0.0274831228429026,0.0297917620902135,0.0015));
#3928=CARTESIAN_POINT('',(0.0274831228429026,0.0297917620902135,0.001));
#3929=CARTESIAN_POINT('',(0.0343831228429026,0.0297917620902135,0.001));
#3930=CARTESIAN_POINT('',(0.0328831228429026,0.0297917620902135,0.001));
#3931=CARTESIAN_POINT('',(0.0328831228429026,0.0297917620902135,0.0015));
#3932=CARTESIAN_POINT('',(0.0333831228429026,0.0297917620902135,0.0015));
#3933=CARTESIAN_POINT('',(0.0333831228429026,0.0297917620902135,0.));
#3934=CARTESIAN_POINT('',(0.0333831228429026,0.0297917620902135,0.0102));
#3935=CARTESIAN_POINT('',(0.0328831228429026,0.0297917620902135,0.0102));
#3936=CARTESIAN_POINT('',(0.0328831228429026,0.0297917620902135,0.0107));
#3937=CARTESIAN_POINT('',(0.0343831228429026,0.0297917620902135,0.0107));
#3938=CARTESIAN_POINT('',(0.0274831228429026,0.0297917620902135,0.0107));
#3939=CARTESIAN_POINT('',(0.0274831228429026,0.0297917620902135,0.0102));
#3940=CARTESIAN_POINT('',(0.0212193374454664,0.0297917620902135,0.0062));
#3941=CARTESIAN_POINT('',(0.0224831228429026,0.0297417620902135,0.00585));
#3942=CARTESIAN_POINT('',(0.0274831228429026,0.0297417620902135,0.0015));
#3943=CARTESIAN_POINT('',(0.0269831228429026,0.0297417620902135,0.0015));
#3944=CARTESIAN_POINT('',(0.0274831228429026,0.0297417620902135,0.001));
#3945=CARTESIAN_POINT('',(0.0269831228429026,0.0297417620902135,0.0102));
#3946=CARTESIAN_POINT('',(0.0269831228429026,0.0297417620902135,0.0102));
#3947=CARTESIAN_POINT('',(0.0274831228429026,0.0297417620902135,0.0102));
#3948=CARTESIAN_POINT('',(0.0274831228429026,0.0297417620902135,0.0107));
#3949=CARTESIAN_POINT('',(0.0328831228429026,0.0297417620902135,0.0107));
#3950=CARTESIAN_POINT('',(0.0328831228429026,0.0297417620902135,0.0107));
#3951=CARTESIAN_POINT('',(0.0328831228429026,0.0297417620902135,0.0102));
#3952=CARTESIAN_POINT('',(0.0333831228429026,0.0297417620902135,0.0102));
#3953=CARTESIAN_POINT('',(0.0333831228429026,0.0297417620902135,0.0015));
#3954=CARTESIAN_POINT('',(0.0333831228429026,0.0297417620902135,0.0015));
#3955=CARTESIAN_POINT('',(0.0328831228429026,0.0297417620902135,0.0015));
#3956=CARTESIAN_POINT('',(0.0328831228429026,0.0297417620902135,0.001));
#3957=CARTESIAN_POINT('',(0.0274831228429026,0.0297417620902135,0.001));
#3958=CARTESIAN_POINT('',(0.0274831228429026,0.0297917620902135,0.0015));
#3959=CARTESIAN_POINT('',(0.0269831228429026,0.0297917620902135,0.0015));
#3960=CARTESIAN_POINT('',(0.0274831228429026,0.0297917620902135,0.001));
#3961=CARTESIAN_POINT('',(0.0274831228429026,0.0297917620902135,0.001));
#3962=CARTESIAN_POINT('',(0.0328831228429026,0.0297917620902135,0.001));
#3963=CARTESIAN_POINT('',(0.0328831228429026,0.0297917620902135,0.0015));
#3964=CARTESIAN_POINT('',(0.0333831228429026,0.0297917620902135,0.0015));
#3965=CARTESIAN_POINT('',(0.0333831228429026,0.0297917620902135,0.0015));
#3966=CARTESIAN_POINT('',(0.0333831228429026,0.0297917620902135,0.0102));
#3967=CARTESIAN_POINT('',(0.0328831228429026,0.0297917620902135,0.0102));
#3968=CARTESIAN_POINT('',(0.0328831228429026,0.0297917620902135,0.0107));
#3969=CARTESIAN_POINT('',(0.0328831228429026,0.0297917620902135,0.0107));
#3970=CARTESIAN_POINT('',(0.0274831228429026,0.0297917620902135,0.0107));
#3971=CARTESIAN_POINT('',(0.0274831228429026,0.0297917620902135,0.0102));
#3972=CARTESIAN_POINT('',(0.0269831228429026,0.0297917620902135,0.0102));
#3973=CARTESIAN_POINT('',(0.0269831228429026,0.0297917620902135,0.0102));
#3974=CARTESIAN_POINT('',(0.00653312284290259,0.0260417620902135,0.));
#3975=CARTESIAN_POINT('',(0.00653312284290259,0.0260417620902135,0.00535));
#3976=CARTESIAN_POINT('',(0.00653312284290259,0.0240417620902135,0.00535));
#3977=CARTESIAN_POINT('',(0.00653312284290259,0.0240417620902135,0.));
#3978=CARTESIAN_POINT('',(0.00653312284290259,0.0240417620902135,0.));
#3979=CARTESIAN_POINT('',(0.00653312284290259,0.0240417620902135,0.00635));
#3980=CARTESIAN_POINT('',(0.00811709743911816,0.0240417620902135,0.00635));
#3981=CARTESIAN_POINT('',(0.0089831228429026,0.0240417620902135,0.00585));
#3982=CARTESIAN_POINT('',(0.00811709743911816,0.0240417620902135,0.00535));
#3983=CARTESIAN_POINT('',(0.00653312284290259,0.0240417620902135,0.00535));
#3984=CARTESIAN_POINT('',(0.0105831228429026,0.0240417620902135,0.));
#3985=CARTESIAN_POINT('',(0.0105831228429026,0.0240417620902135,0.0107));
#3986=CARTESIAN_POINT('',(0.0115831228429026,0.0240417620902135,0.0107));
#3987=CARTESIAN_POINT('',(0.0384331228429026,0.0240417620902135,0.));
#3988=CARTESIAN_POINT('',(0.0384331228429026,0.0240417620902135,0.00635));
#3989=CARTESIAN_POINT('',(0.0384331228429026,0.0240417620902135,0.00635));
#3990=CARTESIAN_POINT('',(0.0384331228429026,0.0240417620902135,0.));
#3991=CARTESIAN_POINT('',(0.0343831228429026,0.0240417620902135,0.));
#3992=CARTESIAN_POINT('',(0.0343831228429026,0.0240417620902135,0.00535));
#3993=CARTESIAN_POINT('',(0.036849148246687,0.0240417620902135,0.00535));
#3994=CARTESIAN_POINT('',(0.0359831228429026,0.0240417620902135,0.00585));
#3995=CARTESIAN_POINT('',(0.0368491482466871,0.0240417620902135,0.00635));
#3996=CARTESIAN_POINT('',(0.0343831228429026,0.0240417620902135,0.00635));
#3997=CARTESIAN_POINT('',(0.0333831228429026,0.0240417620902135,0.0107));
#3998=CARTESIAN_POINT('',(0.0343831228429026,0.0240417620902135,0.0107));
#3999=CARTESIAN_POINT('',(0.0343831228429026,0.0240417620902135,0.));
#4000=CARTESIAN_POINT('',(0.0343831228429026,0.0240417620902135,0.001));
#4001=CARTESIAN_POINT('',(0.0333831228429026,0.0240417620902135,0.001));
#4002=CARTESIAN_POINT('',(0.0065331228429026,0.0297917620902135,0.00535));
#4003=CARTESIAN_POINT('',(0.00811709743911816,0.0297917620902135,0.00535));
#4004=CARTESIAN_POINT('',(0.0089831228429026,0.0297917620902135,0.00585));
#4005=CARTESIAN_POINT('',(0.00811709743911816,0.0297917620902135,0.00635));
#4006=CARTESIAN_POINT('',(0.00811709743911816,0.0297917620902135,0.00635));
#4007=CARTESIAN_POINT('',(0.0359831228429026,0.0297917620902135,0.00585));
#4008=CARTESIAN_POINT('',(0.0368491482466871,0.0297917620902135,0.00635));
#4009=CARTESIAN_POINT('',(0.036849148246687,0.0297917620902135,0.00535));
#4010=CARTESIAN_POINT('',(0.0384331228429026,0.0297917620902135,0.00635));
#4011=CARTESIAN_POINT('',(0.036849148246687,0.0297917620902135,0.00535));
#4012=CARTESIAN_POINT('',(0.0105831228429026,0.0240417620902135,0.));
#4013=CARTESIAN_POINT('',(0.0105831228429026,0.0134917620902135,0.00585));
#4014=CARTESIAN_POINT('',(0.0105831228429026,0.0134917620902135,0.0074));
#4015=CARTESIAN_POINT('',(0.0105831228429026,0.0134917620902135,0.0043));
#4016=CARTESIAN_POINT('',(0.0105831228429026,0.0240417620902135,0.0074));
#4017=CARTESIAN_POINT('',(0.0105831228429026,0.00849176209021351,0.0074));
#4018=CARTESIAN_POINT('',(0.0105831228429026,0.00849176209021351,0.));
#4019=CARTESIAN_POINT('',(0.0105831228429026,0.00849176209021351,0.00935));
#4020=CARTESIAN_POINT('',(0.0105831228429026,0.00849176209021351,0.));
#4021=CARTESIAN_POINT('',(0.0105831228429026,0.00849176209021351,0.0107));
#4022=CARTESIAN_POINT('',(0.0105831228429026,0.0214167620902135,0.0107));
#4023=CARTESIAN_POINT('',(0.0105831228429026,0.00849176209021351,0.));
#4024=CARTESIAN_POINT('',(0.0105831228429026,0.00849176209021351,0.00235));
#4025=CARTESIAN_POINT('',(0.0105831228429026,0.00849176209021351,0.));
#4026=CARTESIAN_POINT('',(0.0105831228429026,0.00849176209021351,0.0043));
#4027=CARTESIAN_POINT('',(0.0105831228429026,0.0240417620902135,0.0043));
#4028=CARTESIAN_POINT('',(0.0224831228429026,0.0134917620902135,0.00585));
#4029=CARTESIAN_POINT('',(0.0112831228429026,0.0134917620902135,0.0043));
#4030=CARTESIAN_POINT('',(0.0112831228429026,0.0134917620902135,0.0043));
#4031=CARTESIAN_POINT('',(0.0112831228429026,0.0134917620902135,0.0053));
#4032=CARTESIAN_POINT('',(0.0122831228429026,0.0134917620902135,0.0053));
#4033=CARTESIAN_POINT('',(0.0122831228429026,0.0134917620902135,0.0064));
#4034=CARTESIAN_POINT('',(0.0122831228429026,0.0134917620902135,0.0064));
#4035=CARTESIAN_POINT('',(0.0112831228429026,0.0134917620902135,0.0064));
#4036=CARTESIAN_POINT('',(0.0112831228429026,0.0134917620902135,0.0074));
#4037=CARTESIAN_POINT('',(0.0105831228429026,0.0134917620902135,0.0074));
#4038=CARTESIAN_POINT('',(0.0333831228429026,0.0132917620902135,0.001));
#4039=CARTESIAN_POINT('',(0.0343831228429026,0.0132917620902135,0.001));
#4040=CARTESIAN_POINT('',(0.0343831228429026,0.00849176209021351,0.001));
#4041=CARTESIAN_POINT('',(0.0333831228429026,0.00849176209021351,0.001));
#4042=CARTESIAN_POINT('',(0.0343831228429026,0.00779176209021351,0.));
#4043=CARTESIAN_POINT('',(0.0343831228429026,0.0132917620902135,0.0107));
#4044=CARTESIAN_POINT('',(0.0343831228429026,0.00849176209021351,0.0107));
#4045=CARTESIAN_POINT('',(0.0343831228429026,0.00849176209021351,0.));
#4046=CARTESIAN_POINT('',(0.0343831228429026,0.00849176209021351,0.00935));
#4047=CARTESIAN_POINT('',(0.0343831228429026,0.00849176209021351,0.));
#4048=CARTESIAN_POINT('',(0.0343831228429026,0.00849176209021351,0.00235));
#4049=CARTESIAN_POINT('',(0.0343831228429026,0.00849176209021351,0.));
#4050=CARTESIAN_POINT('',(0.0333831228429026,0.0132917620902135,0.0107));
#4051=CARTESIAN_POINT('',(0.0333831228429026,0.00849176209021351,0.0107));
#4052=CARTESIAN_POINT('',(0.0115831228429026,0.0214167620902135,0.0107));
#4053=CARTESIAN_POINT('',(0.0115831228429026,0.00849176209021351,0.0107));
#4054=CARTESIAN_POINT('',(0.0329831228429026,0.00829176209021352,0.01035));
#4055=CARTESIAN_POINT('',(0.0329831228429026,0.00829176209021351,0.01125));
#4056=CARTESIAN_POINT('',(0.0333365520164315,0.00829176209021351,0.01125));
#4057=CARTESIAN_POINT('',(0.0340279720238379,0.00829176209021351,0.0107838068905045));
#4058=CARTESIAN_POINT('',(0.0337849564248967,0.00829176209021351,0.00954816641800587));
#4059=CARTESIAN_POINT('',(0.0325493159523981,0.00829176209021351,0.0093051508190647));
#4060=CARTESIAN_POINT('',(0.0320831228429026,0.00829176209021351,0.00999657082647115));
#4061=CARTESIAN_POINT('',(0.0320831228429026,0.00829176209021351,0.01035));
#4062=CARTESIAN_POINT('',(0.0320831228429026,0.00829176217354684,0.01035));
#4063=CARTESIAN_POINT('',(0.0329831228429026,0.00829176209013849,0.01125));
#4064=CARTESIAN_POINT('',(0.0320831228429026,0.00829176209021351,0.01035));
#4065=CARTESIAN_POINT('',(0.0320831228429026,0.00829176209021351,0.0105856194490192));
#4066=CARTESIAN_POINT('',(0.0322781403612764,0.00829176209021351,0.0110549824816262));
#4067=CARTESIAN_POINT('',(0.0327475033938834,0.00829176209021351,0.01125));
#4068=CARTESIAN_POINT('',(0.0329831228429026,0.00829176209021351,0.01125));
#4069=CARTESIAN_POINT('',(0.0329831228429026,0.00779176209021351,0.01035));
#4070=CARTESIAN_POINT('',(0.0325831228429026,0.00779176209021351,0.01035));
#4071=CARTESIAN_POINT('',(0.0329831228429026,0.00779176209021351,0.01035));
#4072=CARTESIAN_POINT('',(0.0329831228429026,0.00849176209021351,0.01035));
#4073=CARTESIAN_POINT('',(0.0329831228429026,0.00849176209021351,0.01125));
#4074=CARTESIAN_POINT('',(0.0224831228429026,0.00779176209021351,0.00585));
#4075=CARTESIAN_POINT('',(0.0329831228429026,0.00829176209021351,0.00135));
#4076=CARTESIAN_POINT('',(0.0329831228429026,0.00829176209021351,0.00225));
#4077=CARTESIAN_POINT('',(0.0333365520164315,0.00829176209021351,0.00225));
#4078=CARTESIAN_POINT('',(0.0340279720238379,0.00829176209021351,0.00178380689050446));
#4079=CARTESIAN_POINT('',(0.0337849564248967,0.00829176209021351,0.00054816641800587));
#4080=CARTESIAN_POINT('',(0.0325493159523981,0.00829176209021351,0.000305150819064703));
#4081=CARTESIAN_POINT('',(0.0320831228429026,0.00829176209021351,0.00099657082647115));
#4082=CARTESIAN_POINT('',(0.0320831228429026,0.00829176209021351,0.00135));
#4083=CARTESIAN_POINT('',(0.0320831228429026,0.00829176217354683,0.0013499999999999));
#4084=CARTESIAN_POINT('',(0.0329831228429026,0.00829176209013849,0.00225));
#4085=CARTESIAN_POINT('',(0.0320831228429026,0.00829176209021351,0.00135));
#4086=CARTESIAN_POINT('',(0.0320831228429026,0.00829176209021351,0.00158561944901924));
#4087=CARTESIAN_POINT('',(0.0322781403612764,0.00829176209021351,0.00205498248162617));
#4088=CARTESIAN_POINT('',(0.0327475033938834,0.00829176209021351,0.00225));
#4089=CARTESIAN_POINT('',(0.0329831228429026,0.00829176209021351,0.00225));
#4090=CARTESIAN_POINT('',(0.0329831228429026,0.00779176209021351,0.00135));
#4091=CARTESIAN_POINT('',(0.0325831228429026,0.00779176209021351,0.00135));
#4092=CARTESIAN_POINT('',(0.0329831228429026,0.00779176209021351,0.00135));
#4093=CARTESIAN_POINT('',(0.0329831228429026,0.00849176209021351,0.00135));
#4094=CARTESIAN_POINT('',(0.0329831228429026,0.00849176209021351,0.00225));
#4095=CARTESIAN_POINT('',(0.0224831228429026,0.00779176209021351,-0.00315));
#4096=CARTESIAN_POINT('',(0.0119831228429026,0.00829176209021351,0.00135));
#4097=CARTESIAN_POINT('',(0.0119831228429026,0.00829176209021351,0.00225));
#4098=CARTESIAN_POINT('',(0.0123365520164315,0.00829176209021351,0.00225));
#4099=CARTESIAN_POINT('',(0.0130279720238379,0.00829176209021351,0.00178380689050446));
#4100=CARTESIAN_POINT('',(0.0127849564248967,0.00829176209021351,0.00054816641800587));
#4101=CARTESIAN_POINT('',(0.0115493159523981,0.00829176209021351,0.000305150819064703));
#4102=CARTESIAN_POINT('',(0.0110831228429026,0.00829176209021351,0.00099657082647115));
#4103=CARTESIAN_POINT('',(0.0110831228429026,0.00829176209021351,0.00135));
#4104=CARTESIAN_POINT('',(0.0110831228429026,0.00829176217354683,0.00135));
#4105=CARTESIAN_POINT('',(0.0119831228429026,0.00829176209013848,0.00225));
#4106=CARTESIAN_POINT('',(0.0110831228429026,0.00829176209021351,0.00135));
#4107=CARTESIAN_POINT('',(0.0110831228429026,0.00829176209021351,0.00158561944901924));
#4108=CARTESIAN_POINT('',(0.0112781403612764,0.00829176209021351,0.00205498248162617));
#4109=CARTESIAN_POINT('',(0.0117475033938834,0.00829176209021351,0.00225));
#4110=CARTESIAN_POINT('',(0.0119831228429026,0.00829176209021351,0.00225));
#4111=CARTESIAN_POINT('',(0.0119831228429026,0.00779176209021351,0.00135));
#4112=CARTESIAN_POINT('',(0.0115831228429026,0.00779176209021351,0.00135));
#4113=CARTESIAN_POINT('',(0.0119831228429026,0.00779176209021351,0.00135));
#4114=CARTESIAN_POINT('',(0.0119831228429026,0.00849176209021351,0.00135));
#4115=CARTESIAN_POINT('',(0.0119831228429026,0.00849176209021351,0.00225));
#4116=CARTESIAN_POINT('',(0.00148312284290259,0.00779176209021351,-0.00315));
#4117=CARTESIAN_POINT('',(0.0119831228429026,0.00829176209021352,0.01035));
#4118=CARTESIAN_POINT('',(0.0119831228429026,0.00829176209021351,0.01125));
#4119=CARTESIAN_POINT('',(0.0123365520164315,0.00829176209021351,0.01125));
#4120=CARTESIAN_POINT('',(0.0130279720238379,0.00829176209021351,0.0107838068905045));
#4121=CARTESIAN_POINT('',(0.0127849564248967,0.00829176209021351,0.00954816641800587));
#4122=CARTESIAN_POINT('',(0.0115493159523981,0.00829176209021351,0.0093051508190647));
#4123=CARTESIAN_POINT('',(0.0110831228429026,0.00829176209021351,0.00999657082647115));
#4124=CARTESIAN_POINT('',(0.0110831228429026,0.00829176209021351,0.01035));
#4125=CARTESIAN_POINT('',(0.0110831228429026,0.00829176217354683,0.01035));
#4126=CARTESIAN_POINT('',(0.0119831228429026,0.00829176209021351,0.01125));
#4127=CARTESIAN_POINT('',(0.0110831228429026,0.00829176209021351,0.01035));
#4128=CARTESIAN_POINT('',(0.0110831228429026,0.00829176209021351,0.0105856194490192));
#4129=CARTESIAN_POINT('',(0.0112781403612764,0.00829176209021351,0.0110549824816262));
#4130=CARTESIAN_POINT('',(0.0117475033938834,0.00829176209021351,0.01125));
#4131=CARTESIAN_POINT('',(0.0119831228429026,0.00829176209021351,0.01125));
#4132=CARTESIAN_POINT('',(0.0119831228429026,0.00779176209021351,0.01035));
#4133=CARTESIAN_POINT('',(0.0119831228429026,0.00779176209021351,0.01075));
#4134=CARTESIAN_POINT('',(0.0119831228429026,0.00779176209021351,0.01035));
#4135=CARTESIAN_POINT('',(0.0119831228429026,0.00849176209021351,0.01035));
#4136=CARTESIAN_POINT('',(0.0119831228429026,0.00849176209021351,0.01125));
#4137=CARTESIAN_POINT('',(0.00148312284290259,0.00779176209021351,0.00585));
#4138=CARTESIAN_POINT('',(0.0109331228429026,0.00814176209021351,0.));
#4139=CARTESIAN_POINT('',(0.0109331228429026,0.00814176209021351,0.00935));
#4140=CARTESIAN_POINT('',(0.0112831228429026,0.00779176209021351,0.00935));
#4141=CARTESIAN_POINT('',(0.0109331228429026,0.00814176209021351,0.0074));
#4142=CARTESIAN_POINT('',(0.0112831228429026,0.00779176209021351,0.0074));
#4143=CARTESIAN_POINT('',(0.0112831228429026,0.00779176209021351,0.));
#4144=CARTESIAN_POINT('',(0.0119831228429026,0.00779176209021351,0.00935));
#4145=CARTESIAN_POINT('',(0.0105831228429026,0.00779176209021351,0.00935));
#4146=CARTESIAN_POINT('',(0.0119831228429026,0.00779176209021351,0.00935));
#4147=CARTESIAN_POINT('',(0.0119831228429026,0.00779176209021351,0.00935));
#4148=CARTESIAN_POINT('',(0.0119831228429026,0.00849176209021351,0.00935));
#4149=CARTESIAN_POINT('',(0.0119831228429026,0.00849176209021351,0.00935));
#4150=CARTESIAN_POINT('',(0.0105831228429026,0.00779176209021351,0.));
#4151=CARTESIAN_POINT('',(0.0112831228429026,0.00779176209021351,0.0064));
#4152=CARTESIAN_POINT('',(0.0122831228429026,0.00779176209021351,0.0064));
#4153=CARTESIAN_POINT('',(0.0122831228429026,0.00779176209021351,0.));
#4154=CARTESIAN_POINT('',(0.0122831228429026,0.00779176209021351,0.0053));
#4155=CARTESIAN_POINT('',(0.0112831228429026,0.00779176209021351,0.0053));
#4156=CARTESIAN_POINT('',(0.0112831228429026,0.00779176209021351,0.0043));
#4157=CARTESIAN_POINT('',(0.0112831228429026,0.00779176209021351,0.));
#4158=CARTESIAN_POINT('',(0.0112831228429026,0.00779176209021351,0.00235));
#4159=CARTESIAN_POINT('',(0.0105831228429026,0.00779176209021351,0.00235));
#4160=CARTESIAN_POINT('',(0.0119831228429026,0.00779176209021351,0.00235));
#4161=CARTESIAN_POINT('',(0.0119831228429026,0.00779176209021351,0.00135));
#4162=CARTESIAN_POINT('',(0.0129831228429026,0.00779176209021351,0.00135));
#4163=CARTESIAN_POINT('',(0.0129831228429026,0.00779176209021351,0.));
#4164=CARTESIAN_POINT('',(0.0129831228429026,0.00779176209021351,0.0007));
#4165=CARTESIAN_POINT('',(0.0165331228429026,0.00779176209021351,0.0007));
#4166=CARTESIAN_POINT('',(0.0319831228429026,0.00779176209021351,0.0007));
#4167=CARTESIAN_POINT('',(0.0319831228429026,0.00779176209021351,0.));
#4168=CARTESIAN_POINT('',(0.0319831228429026,0.00779176209021351,0.00135));
#4169=CARTESIAN_POINT('',(0.0329831228429026,0.00779176209021351,0.00135));
#4170=CARTESIAN_POINT('',(0.0329831228429026,0.00779176209021351,0.00235));
#4171=CARTESIAN_POINT('',(0.0105831228429026,0.00779176209021351,0.00235));
#4172=CARTESIAN_POINT('',(0.0336831228429026,0.00779176209021351,0.00235));
#4173=CARTESIAN_POINT('',(0.0336831228429026,0.00779176209021351,0.));
#4174=CARTESIAN_POINT('',(0.0336831228429026,0.00779176209021351,0.00935));
#4175=CARTESIAN_POINT('',(0.0105831228429026,0.00779176209021351,0.00935));
#4176=CARTESIAN_POINT('',(0.0329831228429026,0.00779176209021351,0.00935));
#4177=CARTESIAN_POINT('',(0.0329831228429026,0.00779176209021351,0.01035));
#4178=CARTESIAN_POINT('',(0.0319831228429026,0.00779176209021351,0.01035));
#4179=CARTESIAN_POINT('',(0.0319831228429026,0.00779176209021351,0.));
#4180=CARTESIAN_POINT('',(0.0319831228429026,0.00779176209021351,0.011));
#4181=CARTESIAN_POINT('',(0.0165331228429026,0.00779176209021351,0.011));
#4182=CARTESIAN_POINT('',(0.0129831228429026,0.00779176209021351,0.011));
#4183=CARTESIAN_POINT('',(0.0129831228429026,0.00779176209021351,0.));
#4184=CARTESIAN_POINT('',(0.0129831228429026,0.00779176209021351,0.01035));
#4185=CARTESIAN_POINT('',(0.0119831228429026,0.00779176209021351,0.01035));
#4186=CARTESIAN_POINT('',(0.0109331228429026,0.00814176209021351,0.));
#4187=CARTESIAN_POINT('',(0.0109331228429026,0.00814176209021351,0.00235));
#4188=CARTESIAN_POINT('',(0.0109331228429026,0.00814176209021351,0.0043));
#4189=CARTESIAN_POINT('',(0.0112831228429026,0.00779176209021351,0.0043));
#4190=CARTESIAN_POINT('',(0.0112831228429026,0.00779176209021351,0.0043));
#4191=CARTESIAN_POINT('',(0.0165331228429026,0.00814176209021351,0.00035));
#4192=CARTESIAN_POINT('',(0.0319831228429026,0.00814176209021351,0.00035));
#4193=CARTESIAN_POINT('',(0.0129831228429026,0.00814176209021351,0.00035));
#4194=CARTESIAN_POINT('',(0.0129831228429026,0.00779176209021351,0.00135));
#4195=CARTESIAN_POINT('',(0.0129831228429026,0.00779176209021351,0.00135));
#4196=CARTESIAN_POINT('',(0.0129831228429026,0.00849176209021351,0.00135));
#4197=CARTESIAN_POINT('',(0.0129831228429026,0.00849176209021351,0.00135));
#4198=CARTESIAN_POINT('',(0.0340331228429026,0.00814176209021351,0.));
#4199=CARTESIAN_POINT('',(0.0340331228429026,0.00814176209021351,0.00935));
#4200=CARTESIAN_POINT('',(0.0340331228429026,0.00814176209021351,0.00235));
#4201=CARTESIAN_POINT('',(0.0329831228429026,0.00779176209021351,0.00235));
#4202=CARTESIAN_POINT('',(0.0329831228429026,0.00779176209021351,0.00235));
#4203=CARTESIAN_POINT('',(0.0329831228429026,0.00849176209021351,0.00235));
#4204=CARTESIAN_POINT('',(0.0329831228429026,0.00849176209021351,0.00235));
#4205=CARTESIAN_POINT('',(0.0165331228429026,0.00814176209021351,0.01135));
#4206=CARTESIAN_POINT('',(0.0319831228429026,0.00814176209021351,0.01135));
#4207=CARTESIAN_POINT('',(0.0129831228429026,0.00814176209021351,0.01135));
#4208=CARTESIAN_POINT('',(0.0129831228429026,0.00779176209021351,0.0117));
#4209=CARTESIAN_POINT('',(0.0129831228429026,0.00849176209021351,0.0117));
#4210=CARTESIAN_POINT('',(0.0129831228429026,0.00849176209021351,0.01035));
#4211=CARTESIAN_POINT('',(0.0129831228429026,0.00779176209021351,0.01035));
#4212=CARTESIAN_POINT('',(0.0112831228429026,0.00779176209021351,0.0053));
#4213=CARTESIAN_POINT('',(0.0122831228429026,0.00779176209021351,0.0053));
#4214=CARTESIAN_POINT('',(0.0122831228429026,0.00779176209021351,0.0064));
#4215=CARTESIAN_POINT('',(0.0122831228429026,0.00779176209021351,0.0064));
#4216=CARTESIAN_POINT('',(0.0112831228429026,0.00779176209021351,0.0064));
#4217=CARTESIAN_POINT('',(0.0112831228429026,0.00779176209021351,0.0074));
#4218=CARTESIAN_POINT('',(0.0105831228429026,0.00779176209021351,0.0074));
#4219=CARTESIAN_POINT('',(0.0329831228429026,0.00779176209021351,0.00135));
#4220=CARTESIAN_POINT('',(0.0319831228429026,0.00779176209021351,0.00135));
#4221=CARTESIAN_POINT('',(0.0319831228429026,0.00849176209021351,0.00135));
#4222=CARTESIAN_POINT('',(0.0329831228429026,0.00849176209021351,0.00135));
#4223=CARTESIAN_POINT('',(0.0319831228429026,0.00779176209021351,0.));
#4224=CARTESIAN_POINT('',(0.0319831228429026,0.00849176209021351,0.));
#4225=CARTESIAN_POINT('',(0.0224831228429026,0.00849176209021351,0.00585));
#4226=CARTESIAN_POINT('',(0.0105831228429026,0.00779176209021351,0.00235));
#4227=CARTESIAN_POINT('',(0.0105831228429026,0.00849176209021351,0.00235));
#4228=CARTESIAN_POINT('',(0.0119831228429026,0.00849176209021351,0.00235));
#4229=CARTESIAN_POINT('',(0.0119831228429026,0.00779176209021351,0.00235));
#4230=CARTESIAN_POINT('',(0.0119831228429026,0.00779176209021351,0.00135));
#4231=CARTESIAN_POINT('',(0.0119831228429026,0.00849176209021351,0.00135));
#4232=CARTESIAN_POINT('',(0.0224831228429026,0.00849176209021351,0.00585));
#4233=CARTESIAN_POINT('',(0.0319831228429026,0.00779176209021351,0.01035));
#4234=CARTESIAN_POINT('',(0.0319831228429026,0.00779176209021351,0.01035));
#4235=CARTESIAN_POINT('',(0.0319831228429026,0.00849176209021351,0.01035));
#4236=CARTESIAN_POINT('',(0.0319831228429026,0.00849176209021351,0.01035));
#4237=CARTESIAN_POINT('',(0.0329831228429026,0.00779176209021351,0.01035));
#4238=CARTESIAN_POINT('',(0.0329831228429026,0.00779176209021351,0.00935));
#4239=CARTESIAN_POINT('',(0.0329831228429026,0.00849176209021351,0.00935));
#4240=CARTESIAN_POINT('',(0.0329831228429026,0.00849176209021351,0.01035));
#4241=CARTESIAN_POINT('',(0.0343831228429026,0.00779176209021351,0.00935));
#4242=CARTESIAN_POINT('',(0.0343831228429026,0.00849176209021351,0.00935));
#4243=CARTESIAN_POINT('',(0.0224831228429026,0.00849176209021351,0.00585));
#4244=CARTESIAN_POINT('',(0.0119831228429026,0.00779176209021351,0.01035));
#4245=CARTESIAN_POINT('',(0.0119831228429026,0.00849176209021351,0.01035));
#4246=CARTESIAN_POINT('',(0.0224831228429026,0.00849176209021351,0.00585));
#4247=CARTESIAN_POINT('',(0.0323331228429026,0.0126417620902135,0.01175));
#4248=CARTESIAN_POINT('',(0.0323331228429026,0.0126417620902135,0.0118));
#4249=CARTESIAN_POINT('',(0.0328331228429026,0.0126417620902135,0.0118));
#4250=CARTESIAN_POINT('',(0.0323331228429026,0.0121417620902135,0.0118));
#4251=CARTESIAN_POINT('',(0.0323331228429026,0.0121417620902135,0.01175));
#4252=CARTESIAN_POINT('',(0.0328331228429026,0.0126417620902135,0.01175));
#4253=CARTESIAN_POINT('',(0.0224831228429026,0.0121417620902135,0.01175));
#4254=CARTESIAN_POINT('',(0.0224831228429026,0.0121417620902135,0.0118));
#4255=CARTESIAN_POINT('',(0.0126331228429026,0.0121417620902135,0.0118));
#4256=CARTESIAN_POINT('',(0.0126331228429026,0.0121417620902135,0.01175));
#4257=CARTESIAN_POINT('',(0.0224831228429026,0.0180917620902135,0.0118));
#4258=CARTESIAN_POINT('',(0.0328331228429026,0.0180917620902135,0.0118));
#4259=CARTESIAN_POINT('',(0.0328331228429026,0.0235417620902135,0.0118));
#4260=CARTESIAN_POINT('',(0.0323331228429026,0.0235417620902135,0.0118));
#4261=CARTESIAN_POINT('',(0.0323331228429026,0.0240417620902135,0.0118));
#4262=CARTESIAN_POINT('',(0.0224831228429026,0.0240417620902135,0.0118));
#4263=CARTESIAN_POINT('',(0.0126331228429026,0.0240417620902135,0.0118));
#4264=CARTESIAN_POINT('',(0.0126331228429026,0.0235417620902135,0.0118));
#4265=CARTESIAN_POINT('',(0.0121331228429026,0.0235417620902135,0.0118));
#4266=CARTESIAN_POINT('',(0.0121331228429026,0.0180917620902135,0.0118));
#4267=CARTESIAN_POINT('',(0.0121331228429026,0.0126417620902135,0.0118));
#4268=CARTESIAN_POINT('',(0.0126331228429026,0.0126417620902135,0.0118));
#4269=CARTESIAN_POINT('',(0.0323331228429026,0.0235417620902135,0.01175));
#4270=CARTESIAN_POINT('',(0.0323331228429026,0.0240417620902135,0.01175));
#4271=CARTESIAN_POINT('',(0.0328331228429026,0.0235417620902135,0.01175));
#4272=CARTESIAN_POINT('',(0.0224831228429026,0.0240417620902135,0.01175));
#4273=CARTESIAN_POINT('',(0.0126331228429026,0.0240417620902135,0.01175));
#4274=CARTESIAN_POINT('',(0.0126331228429026,0.0235417620902135,0.01175));
#4275=CARTESIAN_POINT('',(0.0121331228429026,0.0235417620902135,0.01175));
#4276=CARTESIAN_POINT('',(0.0126331228429026,0.0126417620902135,0.01175));
#4277=CARTESIAN_POINT('',(0.0121331228429026,0.0126417620902135,0.01175));
#4278=CARTESIAN_POINT('',(0.0328331228429026,0.0180917620902135,0.01175));
#4279=CARTESIAN_POINT('',(0.0121331228429026,0.0180917620902135,0.01175));
#4280=CARTESIAN_POINT('',(0.0323331228429026,0.0126417620902135,-4.99999999999989E-5));
#4281=CARTESIAN_POINT('',(0.0323331228429026,0.0126417620902135,-9.99999999999979E-5));
#4282=CARTESIAN_POINT('',(0.0328331228429026,0.0126417620902135,-9.99999999999979E-5));
#4283=CARTESIAN_POINT('',(0.0323331228429026,0.0121417620902135,-9.99999999999979E-5));
#4284=CARTESIAN_POINT('',(0.0328331228429026,0.0126417620902135,-4.99999999999989E-5));
#4285=CARTESIAN_POINT('',(0.0323331228429026,0.0121417620902135,-4.99999999999989E-5));
#4286=CARTESIAN_POINT('',(0.0224831228429026,0.0121417620902135,-4.99999999999989E-5));
#4287=CARTESIAN_POINT('',(0.0126331228429026,0.0121417620902135,-4.99999999999989E-5));
#4288=CARTESIAN_POINT('',(0.0126331228429026,0.0121417620902135,-9.99999999999979E-5));
#4289=CARTESIAN_POINT('',(0.0224831228429026,0.0121417620902135,-9.99999999999979E-5));
#4290=CARTESIAN_POINT('',(0.0224831228429026,0.0180917620902135,-9.99999999999979E-5));
#4291=CARTESIAN_POINT('',(0.0126331228429026,0.0126417620902135,-9.99999999999979E-5));
#4292=CARTESIAN_POINT('',(0.0121331228429026,0.0126417620902135,-9.99999999999979E-5));
#4293=CARTESIAN_POINT('',(0.0121331228429026,0.0180917620902135,-9.99999999999979E-5));
#4294=CARTESIAN_POINT('',(0.0121331228429026,0.0235417620902135,-9.99999999999979E-5));
#4295=CARTESIAN_POINT('',(0.0126331228429026,0.0235417620902135,-9.99999999999979E-5));
#4296=CARTESIAN_POINT('',(0.0126331228429026,0.0240417620902135,-9.99999999999979E-5));
#4297=CARTESIAN_POINT('',(0.0224831228429026,0.0240417620902135,-9.99999999999979E-5));
#4298=CARTESIAN_POINT('',(0.0323331228429026,0.0240417620902135,-9.99999999999979E-5));
#4299=CARTESIAN_POINT('',(0.0323331228429026,0.0235417620902135,-9.99999999999979E-5));
#4300=CARTESIAN_POINT('',(0.0328331228429026,0.0235417620902135,-9.99999999999979E-5));
#4301=CARTESIAN_POINT('',(0.0328331228429026,0.0180917620902135,-9.99999999999979E-5));
#4302=CARTESIAN_POINT('',(0.0323331228429026,0.0235417620902135,-4.99999999999989E-5));
#4303=CARTESIAN_POINT('',(0.0328331228429026,0.0235417620902135,-4.99999999999989E-5));
#4304=CARTESIAN_POINT('',(0.0323331228429026,0.0240417620902135,-4.99999999999989E-5));
#4305=CARTESIAN_POINT('',(0.0224831228429026,0.0240417620902135,-4.99999999999989E-5));
#4306=CARTESIAN_POINT('',(0.0126331228429026,0.0240417620902135,-4.99999999999989E-5));
#4307=CARTESIAN_POINT('',(0.0126331228429026,0.0235417620902135,-4.99999999999989E-5));
#4308=CARTESIAN_POINT('',(0.0121331228429026,0.0235417620902135,-4.99999999999989E-5));
#4309=CARTESIAN_POINT('',(0.0126331228429026,0.0126417620902135,-4.99999999999989E-5));
#4310=CARTESIAN_POINT('',(0.0121331228429026,0.0126417620902135,-4.99999999999989E-5));
#4311=CARTESIAN_POINT('',(0.0328331228429026,0.0180917620902135,-4.99999999999989E-5));
#4312=CARTESIAN_POINT('',(0.0121331228429026,0.0180917620902135,-4.99999999999989E-5));
#4313=CARTESIAN_POINT('',(0.0167831228429026,0.0378917620902135,0.00585));
#4314=CARTESIAN_POINT('',(0.0167831228429026,0.0376917620902135,0.00585));
#4315=CARTESIAN_POINT('',(0.0167831228429026,0.0376917620902135,0.00335));
#4316=CARTESIAN_POINT('',(0.0167831228429026,0.0380917620902135,0.00585));
#4317=CARTESIAN_POINT('',(0.0167831228429026,0.0380917620902135,0.00375));
#4318=CARTESIAN_POINT('',(0.0167831228429026,0.0380917620902135,0.00585));
#4319=CARTESIAN_POINT('',(0.0167831228429026,0.0380917620902135,0.00585));
#4320=CARTESIAN_POINT('',(0.0167831228429026,0.0380917620902135,0.007));
#4321=CARTESIAN_POINT('',(0.0167831228429026,0.0340917620902135,0.00585));
#4322=CARTESIAN_POINT('',(0.0167831228429026,0.0378917620902135,0.00585));
#4323=CARTESIAN_POINT('',(0.0167831228429026,0.0376917620902135,0.00585));
#4324=CARTESIAN_POINT('',(0.0167831228429026,0.0376917620902135,0.0066));
#4325=CARTESIAN_POINT('',(0.0167831228429026,0.034703035669502,0.00585));
#4326=CARTESIAN_POINT('',(0.0167831228429026,0.0335917620902135,0.00585));
#4327=CARTESIAN_POINT('',(0.0167831228429026,0.0335917620902135,0.0051));
#4328=CARTESIAN_POINT('',(0.0167831228429026,0.0335917620902135,0.00585));
#4329=MECHANICAL_DESIGN_GEOMETRIC_PRESENTATION_REPRESENTATION('',(#2540),
#4330);
#4330=(
GEOMETRIC_REPRESENTATION_CONTEXT(3)
GLOBAL_UNCERTAINTY_ASSIGNED_CONTEXT((#4331))
GLOBAL_UNIT_ASSIGNED_CONTEXT((#4334,#4333,#4332))
REPRESENTATION_CONTEXT('SERVO','TOP_LEVEL_ASSEMBLY_PART')
);
#4331=UNCERTAINTY_MEASURE_WITH_UNIT(LENGTH_MEASURE(2.E-5),#4334,
'DISTANCE_ACCURACY_VALUE','Maximum Tolerance applied to model');
#4332=(
NAMED_UNIT(*)
SI_UNIT($,.STERADIAN.)
SOLID_ANGLE_UNIT()
);
#4333=(
NAMED_UNIT(*)
PLANE_ANGLE_UNIT()
SI_UNIT($,.RADIAN.)
);
#4334=(
LENGTH_UNIT()
NAMED_UNIT(*)
SI_UNIT($,.METRE.)
);
#4335=PRODUCT_DEFINITION_SHAPE('','',#4336);
#4336=PRODUCT_DEFINITION('','',#4338,#4337);
#4337=PRODUCT_DEFINITION_CONTEXT('',#4344,'design');
#4338=PRODUCT_DEFINITION_FORMATION_WITH_SPECIFIED_SOURCE('','',#4340,
 .NOT_KNOWN.);
#4339=PRODUCT_RELATED_PRODUCT_CATEGORY('','',(#4340));
#4340=PRODUCT('SERVO','SERVO','SERVO',(#4342));
#4341=PRODUCT_CATEGORY('','');
#4342=PRODUCT_CONTEXT('',#4344,'mechanical');
#4343=APPLICATION_PROTOCOL_DEFINITION('international standard',
'ap242_managed_model_based_3d_engineering',2020,#4344);
#4344=APPLICATION_CONTEXT('managed model based 3d engineering');
ENDSEC;
END-ISO-10303-21;
