ISO-10303-21;
HEADER;
/* Generated by software containing ST-Developer
 * from STEP Tools, Inc. (www.steptools.com) 
 */
/* OPTION: using custom renumber hook */

FILE_DESCRIPTION(
/* description */ ('STEP AP242 Edition 2',
'CAx-IF Rec.Pracs.---Representation and Presentation of Product Manufa
cturing Information (PMI)---4.0---2014-10-13',
'CAx-IF Rec.Pracs.---3D Tessellated Geometry---0.4---2014-09-14','2;1',
'CAx-IF Rec.Pracs.---User Defined Attributes---1.5---2016-08-15'),
/* implementation_level */ '2;1');

FILE_NAME(
/* name */ 'Tail - Motor Mount',
/* time_stamp */ '2026-08-23T20:30:13Z',
/* author */ (''),
/* organization */ (''),
/* preprocessor_version */ 'ST-DEVELOPER v20',
/* originating_system */ 'ONSHAPE BY PTC INC, 1.219',
/* authorisation */ '  ');

FILE_SCHEMA (('AP242_MANAGED_MODEL_BASED_3D_ENGINEERING_MIM_LF { 1 0 10303 442 3 1 4 }'));
ENDSEC;

DATA;
#10=SHAPE_REPRESENTATION_RELATIONSHIP('','',#1873,#11);
#11=ADVANCED_BREP_SHAPE_REPRESENTATION('',(#1871),#3201);
#12=(
BOUNDED_SURFACE()
B_SPLINE_SURFACE(3,3,((#3072,#3073,#3074,#3075),(#3076,#3077,#3078,#3079),
(#3080,#3081,#3082,#3083),(#3084,#3085,#3086,#3087)),
 .SURF_OF_REVOLUTION.,.F.,.F.,.F.)
B_SPLINE_SURFACE_WITH_KNOTS((4,4),(4,4),(0.387123718105678,0.398401857930954),
(0.,1.),.PIECEWISE_BEZIER_KNOTS.)
GEOMETRIC_REPRESENTATION_ITEM()
RATIONAL_B_SPLINE_SURFACE(((1.,0.957393019157484,0.957393019157484,1.),
(1.,0.957393019157484,0.957393019157484,1.),(1.,0.957393019157484,0.957393019157484,
1.),(1.,0.957393019157484,0.957393019157484,1.)))
REPRESENTATION_ITEM('')
SURFACE()
);
#13=(
BOUNDED_SURFACE()
B_SPLINE_SURFACE(3,3,((#3088,#3089,#3090,#3091),(#3092,#3093,#3094,#3095),
(#3096,#3097,#3098,#3099),(#3100,#3101,#3102,#3103)),
 .SURF_OF_REVOLUTION.,.F.,.F.,.F.)
B_SPLINE_SURFACE_WITH_KNOTS((4,4),(4,4),(0.387123718105678,0.398401857930955),
(0.,1.),.PIECEWISE_BEZIER_KNOTS.)
GEOMETRIC_REPRESENTATION_ITEM()
RATIONAL_B_SPLINE_SURFACE(((1.,0.957393019157484,0.957393019157484,1.),
(1.,0.957393019157484,0.957393019157484,1.),(1.,0.957393019157484,0.957393019157484,
1.),(1.,0.957393019157484,0.957393019157484,1.)))
REPRESENTATION_ITEM('')
SURFACE()
);
#14=(
BOUNDED_SURFACE()
B_SPLINE_SURFACE(3,3,((#3104,#3105,#3106,#3107),(#3108,#3109,#3110,#3111),
(#3112,#3113,#3114,#3115),(#3116,#3117,#3118,#3119)),
 .SURF_OF_REVOLUTION.,.F.,.F.,.F.)
B_SPLINE_SURFACE_WITH_KNOTS((4,4),(4,4),(0.387123718105678,0.398401857930955),
(0.,1.),.PIECEWISE_BEZIER_KNOTS.)
GEOMETRIC_REPRESENTATION_ITEM()
RATIONAL_B_SPLINE_SURFACE(((1.,0.957393019157484,0.957393019157484,1.),
(1.,0.957393019157484,0.957393019157484,1.),(1.,0.957393019157484,0.957393019157484,
1.),(1.,0.957393019157484,0.957393019157484,1.)))
REPRESENTATION_ITEM('')
SURFACE()
);
#15=(
BOUNDED_SURFACE()
B_SPLINE_SURFACE(3,3,((#3120,#3121,#3122,#3123),(#3124,#3125,#3126,#3127),
(#3128,#3129,#3130,#3131),(#3132,#3133,#3134,#3135)),
 .SURF_OF_REVOLUTION.,.F.,.F.,.F.)
B_SPLINE_SURFACE_WITH_KNOTS((4,4),(4,4),(0.387123718105678,0.398401857930955),
(0.,1.),.PIECEWISE_BEZIER_KNOTS.)
GEOMETRIC_REPRESENTATION_ITEM()
RATIONAL_B_SPLINE_SURFACE(((1.,0.957393019157484,0.957393019157484,1.),
(1.,0.957393019157484,0.957393019157484,1.),(1.,0.957393019157484,0.957393019157484,
1.),(1.,0.957393019157484,0.957393019157484,1.)))
REPRESENTATION_ITEM('')
SURFACE()
);
#16=(
BOUNDED_SURFACE()
B_SPLINE_SURFACE(3,3,((#3136,#3137,#3138,#3139),(#3140,#3141,#3142,#3143),
(#3144,#3145,#3146,#3147),(#3148,#3149,#3150,#3151)),
 .SURF_OF_REVOLUTION.,.F.,.F.,.F.)
B_SPLINE_SURFACE_WITH_KNOTS((4,4),(4,4),(0.387123718105678,0.398401857930954),
(0.,1.),.PIECEWISE_BEZIER_KNOTS.)
GEOMETRIC_REPRESENTATION_ITEM()
RATIONAL_B_SPLINE_SURFACE(((1.,0.957393019157484,0.957393019157484,1.),
(1.,0.957393019157484,0.957393019157484,1.),(1.,0.957393019157484,0.957393019157484,
1.),(1.,0.957393019157484,0.957393019157484,1.)))
REPRESENTATION_ITEM('')
SURFACE()
);
#17=(
BOUNDED_SURFACE()
B_SPLINE_SURFACE(3,3,((#3152,#3153,#3154,#3155),(#3156,#3157,#3158,#3159),
(#3160,#3161,#3162,#3163),(#3164,#3165,#3166,#3167)),
 .SURF_OF_REVOLUTION.,.F.,.F.,.F.)
B_SPLINE_SURFACE_WITH_KNOTS((4,4),(4,4),(0.387123718105678,0.398401857930955),
(0.,1.),.PIECEWISE_BEZIER_KNOTS.)
GEOMETRIC_REPRESENTATION_ITEM()
RATIONAL_B_SPLINE_SURFACE(((1.,0.957393019157484,0.957393019157484,1.),
(1.,0.957393019157484,0.957393019157484,1.),(1.,0.957393019157484,0.957393019157484,
1.),(1.,0.957393019157484,0.957393019157484,1.)))
REPRESENTATION_ITEM('')
SURFACE()
);
#18=(
BOUNDED_SURFACE()
B_SPLINE_SURFACE(3,3,((#3168,#3169,#3170,#3171),(#3172,#3173,#3174,#3175),
(#3176,#3177,#3178,#3179),(#3180,#3181,#3182,#3183)),
 .SURF_OF_REVOLUTION.,.F.,.F.,.F.)
B_SPLINE_SURFACE_WITH_KNOTS((4,4),(4,4),(0.387123718105678,0.398401857930955),
(0.,1.),.PIECEWISE_BEZIER_KNOTS.)
GEOMETRIC_REPRESENTATION_ITEM()
RATIONAL_B_SPLINE_SURFACE(((1.,0.957393019157484,0.957393019157484,1.),
(1.,0.957393019157484,0.957393019157484,1.),(1.,0.957393019157484,0.957393019157484,
1.),(1.,0.957393019157484,0.957393019157484,1.)))
REPRESENTATION_ITEM('')
SURFACE()
);
#19=(
BOUNDED_SURFACE()
B_SPLINE_SURFACE(3,3,((#3184,#3185,#3186,#3187),(#3188,#3189,#3190,#3191),
(#3192,#3193,#3194,#3195),(#3196,#3197,#3198,#3199)),
 .SURF_OF_REVOLUTION.,.F.,.F.,.F.)
B_SPLINE_SURFACE_WITH_KNOTS((4,4),(4,4),(0.387123718105678,0.398401857930955),
(0.,1.),.PIECEWISE_BEZIER_KNOTS.)
GEOMETRIC_REPRESENTATION_ITEM()
RATIONAL_B_SPLINE_SURFACE(((1.,0.957393019157484,0.957393019157484,1.),
(1.,0.957393019157484,0.957393019157484,1.),(1.,0.957393019157484,0.957393019157484,
1.),(1.,0.957393019157484,0.957393019157484,1.)))
REPRESENTATION_ITEM('')
SURFACE()
);
#20=B_SPLINE_CURVE_WITH_KNOTS('',3,(#2972,#2973,#2974,#2975),
 .UNSPECIFIED.,.F.,.F.,(4,4),(0.,0.00263354891210394),.UNSPECIFIED.);
#21=B_SPLINE_CURVE_WITH_KNOTS('',3,(#2977,#2978,#2979,#2980),
 .UNSPECIFIED.,.F.,.F.,(4,4),(0.,0.00263354891210394),.UNSPECIFIED.);
#22=B_SPLINE_CURVE_WITH_KNOTS('',3,(#2985,#2986,#2987,#2988),
 .UNSPECIFIED.,.F.,.F.,(4,4),(4.9065389333868E-18,0.00263354891210391),
 .UNSPECIFIED.);
#23=B_SPLINE_CURVE_WITH_KNOTS('',3,(#2990,#2991,#2992,#2993),
 .UNSPECIFIED.,.F.,.F.,(4,4),(0.,0.00263354891210831),.UNSPECIFIED.);
#24=B_SPLINE_CURVE_WITH_KNOTS('',3,(#2998,#2999,#3000,#3001),
 .UNSPECIFIED.,.F.,.F.,(4,4),(0.,0.00263354891210394),.UNSPECIFIED.);
#25=B_SPLINE_CURVE_WITH_KNOTS('',3,(#3003,#3004,#3005,#3006),
 .UNSPECIFIED.,.F.,.F.,(4,4),(0.,0.00263354891210832),.UNSPECIFIED.);
#26=B_SPLINE_CURVE_WITH_KNOTS('',3,(#3011,#3012,#3013,#3014),
 .UNSPECIFIED.,.F.,.F.,(4,4),(1.750610186194E-16,0.00263354891210373),
 .UNSPECIFIED.);
#27=B_SPLINE_CURVE_WITH_KNOTS('',3,(#3016,#3017,#3018,#3019),
 .UNSPECIFIED.,.F.,.F.,(4,4),(0.,0.00263354891210831),.UNSPECIFIED.);
#28=B_SPLINE_CURVE_WITH_KNOTS('',3,(#3024,#3025,#3026,#3027),
 .UNSPECIFIED.,.F.,.F.,(4,4),(0.,0.00263354891210394),.UNSPECIFIED.);
#29=B_SPLINE_CURVE_WITH_KNOTS('',3,(#3029,#3030,#3031,#3032),
 .UNSPECIFIED.,.F.,.F.,(4,4),(0.,0.00263354891210832),.UNSPECIFIED.);
#30=B_SPLINE_CURVE_WITH_KNOTS('',3,(#3037,#3038,#3039,#3040),
 .UNSPECIFIED.,.F.,.F.,(4,4),(2.03014533494247E-16,0.00263354891210412),
 .UNSPECIFIED.);
#31=B_SPLINE_CURVE_WITH_KNOTS('',3,(#3042,#3043,#3044,#3045),
 .UNSPECIFIED.,.F.,.F.,(4,4),(0.,0.0026335489121085),.UNSPECIFIED.);
#32=B_SPLINE_CURVE_WITH_KNOTS('',3,(#3050,#3051,#3052,#3053),
 .UNSPECIFIED.,.F.,.F.,(4,4),(0.,0.00263354891210394),.UNSPECIFIED.);
#33=B_SPLINE_CURVE_WITH_KNOTS('',3,(#3055,#3056,#3057,#3058),
 .UNSPECIFIED.,.F.,.F.,(4,4),(0.,0.00263354891210832),.UNSPECIFIED.);
#34=B_SPLINE_CURVE_WITH_KNOTS('',3,(#3063,#3064,#3065,#3066),
 .UNSPECIFIED.,.F.,.F.,(4,4),(0.,0.0026335489121045),.UNSPECIFIED.);
#35=B_SPLINE_CURVE_WITH_KNOTS('',3,(#3068,#3069,#3070,#3071),
 .UNSPECIFIED.,.F.,.F.,(4,4),(0.,0.00263354891210832),.UNSPECIFIED.);
#36=CYLINDRICAL_SURFACE('',#1897,0.04);
#37=CYLINDRICAL_SURFACE('',#1900,0.04);
#38=CYLINDRICAL_SURFACE('',#1903,0.04);
#39=CYLINDRICAL_SURFACE('',#1906,0.04);
#40=CYLINDRICAL_SURFACE('',#1909,0.04);
#41=CYLINDRICAL_SURFACE('',#1912,0.04);
#42=CYLINDRICAL_SURFACE('',#1915,0.04);
#43=CYLINDRICAL_SURFACE('',#1930,0.01875);
#44=CYLINDRICAL_SURFACE('',#1931,0.04);
#45=CYLINDRICAL_SURFACE('',#1933,0.0025);
#46=CYLINDRICAL_SURFACE('',#1934,0.0025);
#47=CYLINDRICAL_SURFACE('',#1943,0.0025);
#48=CYLINDRICAL_SURFACE('',#1944,0.0025);
#49=CYLINDRICAL_SURFACE('',#1953,0.0025);
#50=CYLINDRICAL_SURFACE('',#1954,0.0025);
#51=CYLINDRICAL_SURFACE('',#1963,0.0025);
#52=CYLINDRICAL_SURFACE('',#1972,0.0025);
#53=CYLINDRICAL_SURFACE('',#1973,0.01875);
#54=CYLINDRICAL_SURFACE('',#1977,0.0015);
#55=CYLINDRICAL_SURFACE('',#1979,0.0015);
#56=CYLINDRICAL_SURFACE('',#1981,0.0015);
#57=CYLINDRICAL_SURFACE('',#1984,0.0015);
#58=CYLINDRICAL_SURFACE('',#1987,0.28509851767687);
#59=CYLINDRICAL_SURFACE('',#1992,0.285098517676816);
#60=CYLINDRICAL_SURFACE('',#1997,0.28509851767687);
#61=CYLINDRICAL_SURFACE('',#2002,0.285098517676816);
#62=CYLINDRICAL_SURFACE('',#2007,0.28509851767687);
#63=CYLINDRICAL_SURFACE('',#2012,0.285098517676823);
#64=CYLINDRICAL_SURFACE('',#2017,0.28509851767687);
#65=CYLINDRICAL_SURFACE('',#2022,0.285098517676835);
#66=LINE('',#2515,#238);
#67=LINE('',#2518,#239);
#68=LINE('',#2520,#240);
#69=LINE('',#2522,#241);
#70=LINE('',#2523,#242);
#71=LINE('',#2526,#243);
#72=LINE('',#2528,#244);
#73=LINE('',#2530,#245);
#74=LINE('',#2531,#246);
#75=LINE('',#2534,#247);
#76=LINE('',#2536,#248);
#77=LINE('',#2538,#249);
#78=LINE('',#2539,#250);
#79=LINE('',#2542,#251);
#80=LINE('',#2544,#252);
#81=LINE('',#2546,#253);
#82=LINE('',#2547,#254);
#83=LINE('',#2550,#255);
#84=LINE('',#2552,#256);
#85=LINE('',#2554,#257);
#86=LINE('',#2555,#258);
#87=LINE('',#2558,#259);
#88=LINE('',#2560,#260);
#89=LINE('',#2562,#261);
#90=LINE('',#2563,#262);
#91=LINE('',#2566,#263);
#92=LINE('',#2568,#264);
#93=LINE('',#2570,#265);
#94=LINE('',#2571,#266);
#95=LINE('',#2574,#267);
#96=LINE('',#2576,#268);
#97=LINE('',#2578,#269);
#98=LINE('',#2582,#270);
#99=LINE('',#2584,#271);
#100=LINE('',#2586,#272);
#101=LINE('',#2603,#273);
#102=LINE('',#2608,#274);
#103=LINE('',#2610,#275);
#104=LINE('',#2612,#276);
#105=LINE('',#2616,#277);
#106=LINE('',#2618,#278);
#107=LINE('',#2620,#279);
#108=LINE('',#2624,#280);
#109=LINE('',#2626,#281);
#110=LINE('',#2628,#282);
#111=LINE('',#2632,#283);
#112=LINE('',#2634,#284);
#113=LINE('',#2636,#285);
#114=LINE('',#2640,#286);
#115=LINE('',#2642,#287);
#116=LINE('',#2644,#288);
#117=LINE('',#2648,#289);
#118=LINE('',#2650,#290);
#119=LINE('',#2652,#291);
#120=LINE('',#2656,#292);
#121=LINE('',#2658,#293);
#122=LINE('',#2660,#294);
#123=LINE('',#2664,#295);
#124=LINE('',#2666,#296);
#125=LINE('',#2668,#297);
#126=LINE('',#2673,#298);
#127=LINE('',#2677,#299);
#128=LINE('',#2682,#300);
#129=LINE('',#2686,#301);
#130=LINE('',#2691,#302);
#131=LINE('',#2695,#303);
#132=LINE('',#2700,#304);
#133=LINE('',#2704,#305);
#134=LINE('',#2709,#306);
#135=LINE('',#2713,#307);
#136=LINE('',#2718,#308);
#137=LINE('',#2722,#309);
#138=LINE('',#2727,#310);
#139=LINE('',#2731,#311);
#140=LINE('',#2733,#312);
#141=LINE('',#2735,#313);
#142=LINE('',#2736,#314);
#143=LINE('',#2738,#315);
#144=LINE('',#2740,#316);
#145=LINE('',#2741,#317);
#146=LINE('',#2743,#318);
#147=LINE('',#2745,#319);
#148=LINE('',#2746,#320);
#149=LINE('',#2748,#321);
#150=LINE('',#2750,#322);
#151=LINE('',#2751,#323);
#152=LINE('',#2753,#324);
#153=LINE('',#2755,#325);
#154=LINE('',#2756,#326);
#155=LINE('',#2758,#327);
#156=LINE('',#2760,#328);
#157=LINE('',#2761,#329);
#158=LINE('',#2763,#330);
#159=LINE('',#2765,#331);
#160=LINE('',#2769,#332);
#161=LINE('',#2771,#333);
#162=LINE('',#2773,#334);
#163=LINE('',#2776,#335);
#164=LINE('',#2779,#336);
#165=LINE('',#2781,#337);
#166=LINE('',#2783,#338);
#167=LINE('',#2786,#339);
#168=LINE('',#2789,#340);
#169=LINE('',#2791,#341);
#170=LINE('',#2793,#342);
#171=LINE('',#2798,#343);
#172=LINE('',#2801,#344);
#173=LINE('',#2803,#345);
#174=LINE('',#2805,#346);
#175=LINE('',#2810,#347);
#176=LINE('',#2813,#348);
#177=LINE('',#2815,#349);
#178=LINE('',#2817,#350);
#179=LINE('',#2826,#351);
#180=LINE('',#2829,#352);
#181=LINE('',#2831,#353);
#182=LINE('',#2833,#354);
#183=LINE('',#2834,#355);
#184=LINE('',#2837,#356);
#185=LINE('',#2839,#357);
#186=LINE('',#2841,#358);
#187=LINE('',#2842,#359);
#188=LINE('',#2845,#360);
#189=LINE('',#2847,#361);
#190=LINE('',#2849,#362);
#191=LINE('',#2850,#363);
#192=LINE('',#2853,#364);
#193=LINE('',#2855,#365);
#194=LINE('',#2857,#366);
#195=LINE('',#2859,#367);
#196=LINE('',#2860,#368);
#197=LINE('',#2862,#369);
#198=LINE('',#2866,#370);
#199=LINE('',#2870,#371);
#200=LINE('',#2871,#372);
#201=LINE('',#2873,#373);
#202=LINE('',#2875,#374);
#203=LINE('',#2878,#375);
#204=LINE('',#2879,#376);
#205=LINE('',#2881,#377);
#206=LINE('',#2883,#378);
#207=LINE('',#2888,#379);
#208=LINE('',#2889,#380);
#209=LINE('',#2891,#381);
#210=LINE('',#2893,#382);
#211=LINE('',#2896,#383);
#212=LINE('',#2897,#384);
#213=LINE('',#2899,#385);
#214=LINE('',#2901,#386);
#215=LINE('',#2906,#387);
#216=LINE('',#2907,#388);
#217=LINE('',#2909,#389);
#218=LINE('',#2911,#390);
#219=LINE('',#2914,#391);
#220=LINE('',#2915,#392);
#221=LINE('',#2917,#393);
#222=LINE('',#2919,#394);
#223=LINE('',#2923,#395);
#224=LINE('',#2924,#396);
#225=LINE('',#2926,#397);
#226=LINE('',#2928,#398);
#227=LINE('',#2931,#399);
#228=LINE('',#2932,#400);
#229=LINE('',#2934,#401);
#230=LINE('',#2936,#402);
#231=LINE('',#2940,#403);
#232=LINE('',#2942,#404);
#233=LINE('',#2946,#405);
#234=LINE('',#2948,#406);
#235=LINE('',#2950,#407);
#236=LINE('',#2952,#408);
#237=LINE('',#2963,#409);
#238=VECTOR('',#2039,1.);
#239=VECTOR('',#2040,1.);
#240=VECTOR('',#2041,1.);
#241=VECTOR('',#2042,1.);
#242=VECTOR('',#2043,1.);
#243=VECTOR('',#2044,1.);
#244=VECTOR('',#2045,1.);
#245=VECTOR('',#2046,1.);
#246=VECTOR('',#2047,1.);
#247=VECTOR('',#2048,1.);
#248=VECTOR('',#2049,1.);
#249=VECTOR('',#2050,1.);
#250=VECTOR('',#2051,1.);
#251=VECTOR('',#2052,1.);
#252=VECTOR('',#2053,1.);
#253=VECTOR('',#2054,1.);
#254=VECTOR('',#2055,1.);
#255=VECTOR('',#2056,1.);
#256=VECTOR('',#2057,1.);
#257=VECTOR('',#2058,1.);
#258=VECTOR('',#2059,1.);
#259=VECTOR('',#2060,1.);
#260=VECTOR('',#2061,1.);
#261=VECTOR('',#2062,1.);
#262=VECTOR('',#2063,1.);
#263=VECTOR('',#2064,1.);
#264=VECTOR('',#2065,1.);
#265=VECTOR('',#2066,1.);
#266=VECTOR('',#2067,1.);
#267=VECTOR('',#2068,1.);
#268=VECTOR('',#2069,1.);
#269=VECTOR('',#2070,1.);
#270=VECTOR('',#2073,1.);
#271=VECTOR('',#2074,1.);
#272=VECTOR('',#2075,1.);
#273=VECTOR('',#2092,1.);
#274=VECTOR('',#2095,1.);
#275=VECTOR('',#2096,1.);
#276=VECTOR('',#2097,1.);
#277=VECTOR('',#2100,1.);
#278=VECTOR('',#2101,1.);
#279=VECTOR('',#2102,1.);
#280=VECTOR('',#2105,1.);
#281=VECTOR('',#2106,1.);
#282=VECTOR('',#2107,1.);
#283=VECTOR('',#2110,1.);
#284=VECTOR('',#2111,1.);
#285=VECTOR('',#2112,1.);
#286=VECTOR('',#2115,1.);
#287=VECTOR('',#2116,1.);
#288=VECTOR('',#2117,1.);
#289=VECTOR('',#2120,1.);
#290=VECTOR('',#2121,1.);
#291=VECTOR('',#2122,1.);
#292=VECTOR('',#2125,1.);
#293=VECTOR('',#2126,1.);
#294=VECTOR('',#2127,1.);
#295=VECTOR('',#2130,1.);
#296=VECTOR('',#2131,1.);
#297=VECTOR('',#2134,1.);
#298=VECTOR('',#2137,1.);
#299=VECTOR('',#2142,1.);
#300=VECTOR('',#2145,1.);
#301=VECTOR('',#2150,1.);
#302=VECTOR('',#2153,1.);
#303=VECTOR('',#2158,1.);
#304=VECTOR('',#2161,1.);
#305=VECTOR('',#2166,1.);
#306=VECTOR('',#2169,1.);
#307=VECTOR('',#2174,1.);
#308=VECTOR('',#2177,1.);
#309=VECTOR('',#2182,1.);
#310=VECTOR('',#2185,1.);
#311=VECTOR('',#2190,1.);
#312=VECTOR('',#2191,1.);
#313=VECTOR('',#2192,1.);
#314=VECTOR('',#2193,1.);
#315=VECTOR('',#2194,1.);
#316=VECTOR('',#2195,1.);
#317=VECTOR('',#2196,1.);
#318=VECTOR('',#2197,1.);
#319=VECTOR('',#2198,1.);
#320=VECTOR('',#2199,1.);
#321=VECTOR('',#2200,1.);
#322=VECTOR('',#2201,1.);
#323=VECTOR('',#2202,1.);
#324=VECTOR('',#2203,1.);
#325=VECTOR('',#2204,1.);
#326=VECTOR('',#2205,1.);
#327=VECTOR('',#2206,1.);
#328=VECTOR('',#2207,1.);
#329=VECTOR('',#2208,1.);
#330=VECTOR('',#2209,1.);
#331=VECTOR('',#2210,1.);
#332=VECTOR('',#2213,1.);
#333=VECTOR('',#2214,1.);
#334=VECTOR('',#2215,1.);
#335=VECTOR('',#2218,1.);
#336=VECTOR('',#2219,1.);
#337=VECTOR('',#2220,1.);
#338=VECTOR('',#2221,1.);
#339=VECTOR('',#2224,1.);
#340=VECTOR('',#2225,1.);
#341=VECTOR('',#2226,1.);
#342=VECTOR('',#2227,1.);
#343=VECTOR('',#2232,1.);
#344=VECTOR('',#2233,1.);
#345=VECTOR('',#2234,1.);
#346=VECTOR('',#2235,1.);
#347=VECTOR('',#2240,1.);
#348=VECTOR('',#2241,1.);
#349=VECTOR('',#2242,1.);
#350=VECTOR('',#2243,1.);
#351=VECTOR('',#2252,1.);
#352=VECTOR('',#2253,1.);
#353=VECTOR('',#2254,1.);
#354=VECTOR('',#2255,1.);
#355=VECTOR('',#2256,1.);
#356=VECTOR('',#2257,1.);
#357=VECTOR('',#2258,1.);
#358=VECTOR('',#2259,1.);
#359=VECTOR('',#2260,1.);
#360=VECTOR('',#2261,1.);
#361=VECTOR('',#2262,1.);
#362=VECTOR('',#2263,1.);
#363=VECTOR('',#2264,1.);
#364=VECTOR('',#2265,1.);
#365=VECTOR('',#2266,1.);
#366=VECTOR('',#2267,1.);
#367=VECTOR('',#2270,1.);
#368=VECTOR('',#2271,1.);
#369=VECTOR('',#2274,1.);
#370=VECTOR('',#2277,1.);
#371=VECTOR('',#2284,1.);
#372=VECTOR('',#2285,1.);
#373=VECTOR('',#2288,1.);
#374=VECTOR('',#2291,1.);
#375=VECTOR('',#2296,1.);
#376=VECTOR('',#2297,1.);
#377=VECTOR('',#2300,1.);
#378=VECTOR('',#2303,1.);
#379=VECTOR('',#2312,1.);
#380=VECTOR('',#2313,1.);
#381=VECTOR('',#2316,1.);
#382=VECTOR('',#2319,1.);
#383=VECTOR('',#2324,1.);
#384=VECTOR('',#2325,1.);
#385=VECTOR('',#2328,1.);
#386=VECTOR('',#2331,1.);
#387=VECTOR('',#2340,1.);
#388=VECTOR('',#2341,1.);
#389=VECTOR('',#2344,1.);
#390=VECTOR('',#2347,1.);
#391=VECTOR('',#2352,1.);
#392=VECTOR('',#2353,1.);
#393=VECTOR('',#2356,1.);
#394=VECTOR('',#2359,1.);
#395=VECTOR('',#2366,1.);
#396=VECTOR('',#2367,1.);
#397=VECTOR('',#2370,1.);
#398=VECTOR('',#2373,1.);
#399=VECTOR('',#2378,1.);
#400=VECTOR('',#2379,1.);
#401=VECTOR('',#2382,1.);
#402=VECTOR('',#2385,1.);
#403=VECTOR('',#2392,1.);
#404=VECTOR('',#2393,1.);
#405=VECTOR('',#2398,1.);
#406=VECTOR('',#2399,1.);
#407=VECTOR('',#2400,1.);
#408=VECTOR('',#2403,1.);
#409=VECTOR('',#2418,1.);
#410=ORIENTED_EDGE('',*,*,#922,.T.);
#411=ORIENTED_EDGE('',*,*,#923,.T.);
#412=ORIENTED_EDGE('',*,*,#924,.T.);
#413=ORIENTED_EDGE('',*,*,#925,.T.);
#414=ORIENTED_EDGE('',*,*,#926,.T.);
#415=ORIENTED_EDGE('',*,*,#927,.T.);
#416=ORIENTED_EDGE('',*,*,#928,.T.);
#417=ORIENTED_EDGE('',*,*,#929,.T.);
#418=ORIENTED_EDGE('',*,*,#930,.T.);
#419=ORIENTED_EDGE('',*,*,#931,.T.);
#420=ORIENTED_EDGE('',*,*,#932,.T.);
#421=ORIENTED_EDGE('',*,*,#933,.T.);
#422=ORIENTED_EDGE('',*,*,#934,.T.);
#423=ORIENTED_EDGE('',*,*,#935,.T.);
#424=ORIENTED_EDGE('',*,*,#936,.T.);
#425=ORIENTED_EDGE('',*,*,#937,.T.);
#426=ORIENTED_EDGE('',*,*,#938,.T.);
#427=ORIENTED_EDGE('',*,*,#939,.T.);
#428=ORIENTED_EDGE('',*,*,#940,.T.);
#429=ORIENTED_EDGE('',*,*,#941,.T.);
#430=ORIENTED_EDGE('',*,*,#942,.T.);
#431=ORIENTED_EDGE('',*,*,#943,.T.);
#432=ORIENTED_EDGE('',*,*,#944,.T.);
#433=ORIENTED_EDGE('',*,*,#945,.T.);
#434=ORIENTED_EDGE('',*,*,#946,.T.);
#435=ORIENTED_EDGE('',*,*,#947,.T.);
#436=ORIENTED_EDGE('',*,*,#948,.T.);
#437=ORIENTED_EDGE('',*,*,#949,.T.);
#438=ORIENTED_EDGE('',*,*,#950,.T.);
#439=ORIENTED_EDGE('',*,*,#951,.T.);
#440=ORIENTED_EDGE('',*,*,#952,.T.);
#441=ORIENTED_EDGE('',*,*,#953,.T.);
#442=ORIENTED_EDGE('',*,*,#954,.T.);
#443=ORIENTED_EDGE('',*,*,#955,.T.);
#444=ORIENTED_EDGE('',*,*,#956,.T.);
#445=ORIENTED_EDGE('',*,*,#957,.T.);
#446=ORIENTED_EDGE('',*,*,#958,.T.);
#447=ORIENTED_EDGE('',*,*,#959,.F.);
#448=ORIENTED_EDGE('',*,*,#960,.T.);
#449=ORIENTED_EDGE('',*,*,#961,.T.);
#450=ORIENTED_EDGE('',*,*,#962,.F.);
#451=ORIENTED_EDGE('',*,*,#963,.F.);
#452=ORIENTED_EDGE('',*,*,#964,.F.);
#453=ORIENTED_EDGE('',*,*,#965,.F.);
#454=ORIENTED_EDGE('',*,*,#966,.F.);
#455=ORIENTED_EDGE('',*,*,#967,.F.);
#456=ORIENTED_EDGE('',*,*,#968,.F.);
#457=ORIENTED_EDGE('',*,*,#969,.F.);
#458=ORIENTED_EDGE('',*,*,#970,.T.);
#459=ORIENTED_EDGE('',*,*,#971,.T.);
#460=ORIENTED_EDGE('',*,*,#972,.F.);
#461=ORIENTED_EDGE('',*,*,#973,.F.);
#462=ORIENTED_EDGE('',*,*,#974,.T.);
#463=ORIENTED_EDGE('',*,*,#975,.T.);
#464=ORIENTED_EDGE('',*,*,#976,.F.);
#465=ORIENTED_EDGE('',*,*,#977,.F.);
#466=ORIENTED_EDGE('',*,*,#978,.T.);
#467=ORIENTED_EDGE('',*,*,#979,.T.);
#468=ORIENTED_EDGE('',*,*,#980,.F.);
#469=ORIENTED_EDGE('',*,*,#981,.F.);
#470=ORIENTED_EDGE('',*,*,#982,.T.);
#471=ORIENTED_EDGE('',*,*,#983,.T.);
#472=ORIENTED_EDGE('',*,*,#984,.F.);
#473=ORIENTED_EDGE('',*,*,#985,.F.);
#474=ORIENTED_EDGE('',*,*,#986,.T.);
#475=ORIENTED_EDGE('',*,*,#987,.T.);
#476=ORIENTED_EDGE('',*,*,#988,.F.);
#477=ORIENTED_EDGE('',*,*,#989,.F.);
#478=ORIENTED_EDGE('',*,*,#990,.T.);
#479=ORIENTED_EDGE('',*,*,#991,.T.);
#480=ORIENTED_EDGE('',*,*,#992,.F.);
#481=ORIENTED_EDGE('',*,*,#993,.F.);
#482=ORIENTED_EDGE('',*,*,#994,.T.);
#483=ORIENTED_EDGE('',*,*,#995,.T.);
#484=ORIENTED_EDGE('',*,*,#996,.F.);
#485=ORIENTED_EDGE('',*,*,#997,.F.);
#486=ORIENTED_EDGE('',*,*,#998,.T.);
#487=ORIENTED_EDGE('',*,*,#999,.T.);
#488=ORIENTED_EDGE('',*,*,#1000,.F.);
#489=ORIENTED_EDGE('',*,*,#1001,.F.);
#490=ORIENTED_EDGE('',*,*,#1002,.F.);
#491=ORIENTED_EDGE('',*,*,#1003,.T.);
#492=ORIENTED_EDGE('',*,*,#1004,.T.);
#493=ORIENTED_EDGE('',*,*,#1005,.F.);
#494=ORIENTED_EDGE('',*,*,#1006,.F.);
#495=ORIENTED_EDGE('',*,*,#1007,.T.);
#496=ORIENTED_EDGE('',*,*,#1008,.T.);
#497=ORIENTED_EDGE('',*,*,#1009,.F.);
#498=ORIENTED_EDGE('',*,*,#1010,.F.);
#499=ORIENTED_EDGE('',*,*,#1011,.T.);
#500=ORIENTED_EDGE('',*,*,#1012,.T.);
#501=ORIENTED_EDGE('',*,*,#1013,.F.);
#502=ORIENTED_EDGE('',*,*,#1014,.F.);
#503=ORIENTED_EDGE('',*,*,#1015,.T.);
#504=ORIENTED_EDGE('',*,*,#1016,.T.);
#505=ORIENTED_EDGE('',*,*,#1017,.F.);
#506=ORIENTED_EDGE('',*,*,#1018,.F.);
#507=ORIENTED_EDGE('',*,*,#1019,.T.);
#508=ORIENTED_EDGE('',*,*,#1020,.T.);
#509=ORIENTED_EDGE('',*,*,#1021,.F.);
#510=ORIENTED_EDGE('',*,*,#1022,.F.);
#511=ORIENTED_EDGE('',*,*,#1023,.T.);
#512=ORIENTED_EDGE('',*,*,#1024,.T.);
#513=ORIENTED_EDGE('',*,*,#1025,.F.);
#514=ORIENTED_EDGE('',*,*,#1026,.F.);
#515=ORIENTED_EDGE('',*,*,#1027,.T.);
#516=ORIENTED_EDGE('',*,*,#1028,.T.);
#517=ORIENTED_EDGE('',*,*,#1029,.F.);
#518=ORIENTED_EDGE('',*,*,#1030,.F.);
#519=ORIENTED_EDGE('',*,*,#1031,.T.);
#520=ORIENTED_EDGE('',*,*,#1032,.T.);
#521=ORIENTED_EDGE('',*,*,#1009,.T.);
#522=ORIENTED_EDGE('',*,*,#1033,.F.);
#523=ORIENTED_EDGE('',*,*,#1034,.T.);
#524=ORIENTED_EDGE('',*,*,#1035,.T.);
#525=ORIENTED_EDGE('',*,*,#1013,.T.);
#526=ORIENTED_EDGE('',*,*,#1036,.F.);
#527=ORIENTED_EDGE('',*,*,#1037,.T.);
#528=ORIENTED_EDGE('',*,*,#1038,.T.);
#529=ORIENTED_EDGE('',*,*,#1017,.T.);
#530=ORIENTED_EDGE('',*,*,#1039,.F.);
#531=ORIENTED_EDGE('',*,*,#1040,.T.);
#532=ORIENTED_EDGE('',*,*,#1041,.T.);
#533=ORIENTED_EDGE('',*,*,#1021,.T.);
#534=ORIENTED_EDGE('',*,*,#1042,.F.);
#535=ORIENTED_EDGE('',*,*,#1043,.T.);
#536=ORIENTED_EDGE('',*,*,#1044,.T.);
#537=ORIENTED_EDGE('',*,*,#1025,.T.);
#538=ORIENTED_EDGE('',*,*,#1045,.F.);
#539=ORIENTED_EDGE('',*,*,#1046,.T.);
#540=ORIENTED_EDGE('',*,*,#1047,.T.);
#541=ORIENTED_EDGE('',*,*,#1029,.T.);
#542=ORIENTED_EDGE('',*,*,#1048,.F.);
#543=ORIENTED_EDGE('',*,*,#1049,.T.);
#544=ORIENTED_EDGE('',*,*,#1050,.T.);
#545=ORIENTED_EDGE('',*,*,#1051,.T.);
#546=ORIENTED_EDGE('',*,*,#1052,.F.);
#547=ORIENTED_EDGE('',*,*,#1053,.T.);
#548=ORIENTED_EDGE('',*,*,#1054,.T.);
#549=ORIENTED_EDGE('',*,*,#1005,.T.);
#550=ORIENTED_EDGE('',*,*,#1055,.T.);
#551=ORIENTED_EDGE('',*,*,#1056,.F.);
#552=ORIENTED_EDGE('',*,*,#1057,.F.);
#553=ORIENTED_EDGE('',*,*,#1058,.F.);
#554=ORIENTED_EDGE('',*,*,#1059,.F.);
#555=ORIENTED_EDGE('',*,*,#1060,.T.);
#556=ORIENTED_EDGE('',*,*,#1061,.F.);
#557=ORIENTED_EDGE('',*,*,#1062,.F.);
#558=ORIENTED_EDGE('',*,*,#1063,.F.);
#559=ORIENTED_EDGE('',*,*,#1064,.F.);
#560=ORIENTED_EDGE('',*,*,#1065,.T.);
#561=ORIENTED_EDGE('',*,*,#1066,.T.);
#562=ORIENTED_EDGE('',*,*,#1067,.F.);
#563=ORIENTED_EDGE('',*,*,#1068,.F.);
#564=ORIENTED_EDGE('',*,*,#1069,.F.);
#565=ORIENTED_EDGE('',*,*,#1070,.F.);
#566=ORIENTED_EDGE('',*,*,#1071,.T.);
#567=ORIENTED_EDGE('',*,*,#1072,.T.);
#568=ORIENTED_EDGE('',*,*,#1073,.F.);
#569=ORIENTED_EDGE('',*,*,#1074,.F.);
#570=ORIENTED_EDGE('',*,*,#1075,.F.);
#571=ORIENTED_EDGE('',*,*,#1076,.F.);
#572=ORIENTED_EDGE('',*,*,#1077,.T.);
#573=ORIENTED_EDGE('',*,*,#1078,.T.);
#574=ORIENTED_EDGE('',*,*,#1079,.F.);
#575=ORIENTED_EDGE('',*,*,#1080,.F.);
#576=ORIENTED_EDGE('',*,*,#1081,.F.);
#577=ORIENTED_EDGE('',*,*,#1082,.F.);
#578=ORIENTED_EDGE('',*,*,#1083,.F.);
#579=ORIENTED_EDGE('',*,*,#1084,.F.);
#580=ORIENTED_EDGE('',*,*,#1085,.F.);
#581=ORIENTED_EDGE('',*,*,#1086,.F.);
#582=ORIENTED_EDGE('',*,*,#1087,.F.);
#583=ORIENTED_EDGE('',*,*,#1088,.F.);
#584=ORIENTED_EDGE('',*,*,#1089,.F.);
#585=ORIENTED_EDGE('',*,*,#1090,.F.);
#586=ORIENTED_EDGE('',*,*,#1091,.F.);
#587=ORIENTED_EDGE('',*,*,#1092,.F.);
#588=ORIENTED_EDGE('',*,*,#1093,.F.);
#589=ORIENTED_EDGE('',*,*,#1094,.F.);
#590=ORIENTED_EDGE('',*,*,#1095,.F.);
#591=ORIENTED_EDGE('',*,*,#1096,.F.);
#592=ORIENTED_EDGE('',*,*,#1097,.F.);
#593=ORIENTED_EDGE('',*,*,#1079,.T.);
#594=ORIENTED_EDGE('',*,*,#1098,.T.);
#595=ORIENTED_EDGE('',*,*,#958,.F.);
#596=ORIENTED_EDGE('',*,*,#1099,.F.);
#597=ORIENTED_EDGE('',*,*,#1100,.T.);
#598=ORIENTED_EDGE('',*,*,#1101,.T.);
#599=ORIENTED_EDGE('',*,*,#1051,.F.);
#600=ORIENTED_EDGE('',*,*,#1078,.F.);
#601=ORIENTED_EDGE('',*,*,#962,.T.);
#602=ORIENTED_EDGE('',*,*,#1077,.F.);
#603=ORIENTED_EDGE('',*,*,#963,.T.);
#604=ORIENTED_EDGE('',*,*,#1073,.T.);
#605=ORIENTED_EDGE('',*,*,#1102,.T.);
#606=ORIENTED_EDGE('',*,*,#955,.F.);
#607=ORIENTED_EDGE('',*,*,#1103,.F.);
#608=ORIENTED_EDGE('',*,*,#1076,.T.);
#609=ORIENTED_EDGE('',*,*,#1104,.T.);
#610=ORIENTED_EDGE('',*,*,#956,.F.);
#611=ORIENTED_EDGE('',*,*,#1102,.F.);
#612=ORIENTED_EDGE('',*,*,#1075,.T.);
#613=ORIENTED_EDGE('',*,*,#1105,.T.);
#614=ORIENTED_EDGE('',*,*,#957,.F.);
#615=ORIENTED_EDGE('',*,*,#1104,.F.);
#616=ORIENTED_EDGE('',*,*,#1074,.T.);
#617=ORIENTED_EDGE('',*,*,#1103,.T.);
#618=ORIENTED_EDGE('',*,*,#954,.F.);
#619=ORIENTED_EDGE('',*,*,#1105,.F.);
#620=ORIENTED_EDGE('',*,*,#1081,.T.);
#621=ORIENTED_EDGE('',*,*,#1106,.T.);
#622=ORIENTED_EDGE('',*,*,#951,.F.);
#623=ORIENTED_EDGE('',*,*,#1107,.F.);
#624=ORIENTED_EDGE('',*,*,#1084,.T.);
#625=ORIENTED_EDGE('',*,*,#1108,.T.);
#626=ORIENTED_EDGE('',*,*,#952,.F.);
#627=ORIENTED_EDGE('',*,*,#1106,.F.);
#628=ORIENTED_EDGE('',*,*,#1083,.T.);
#629=ORIENTED_EDGE('',*,*,#1109,.T.);
#630=ORIENTED_EDGE('',*,*,#953,.F.);
#631=ORIENTED_EDGE('',*,*,#1108,.F.);
#632=ORIENTED_EDGE('',*,*,#1082,.T.);
#633=ORIENTED_EDGE('',*,*,#1107,.T.);
#634=ORIENTED_EDGE('',*,*,#950,.F.);
#635=ORIENTED_EDGE('',*,*,#1109,.F.);
#636=ORIENTED_EDGE('',*,*,#1072,.F.);
#637=ORIENTED_EDGE('',*,*,#964,.T.);
#638=ORIENTED_EDGE('',*,*,#1071,.F.);
#639=ORIENTED_EDGE('',*,*,#965,.T.);
#640=ORIENTED_EDGE('',*,*,#1067,.T.);
#641=ORIENTED_EDGE('',*,*,#1110,.T.);
#642=ORIENTED_EDGE('',*,*,#947,.F.);
#643=ORIENTED_EDGE('',*,*,#1111,.F.);
#644=ORIENTED_EDGE('',*,*,#1070,.T.);
#645=ORIENTED_EDGE('',*,*,#1112,.T.);
#646=ORIENTED_EDGE('',*,*,#948,.F.);
#647=ORIENTED_EDGE('',*,*,#1110,.F.);
#648=ORIENTED_EDGE('',*,*,#1069,.T.);
#649=ORIENTED_EDGE('',*,*,#1113,.T.);
#650=ORIENTED_EDGE('',*,*,#949,.F.);
#651=ORIENTED_EDGE('',*,*,#1112,.F.);
#652=ORIENTED_EDGE('',*,*,#1068,.T.);
#653=ORIENTED_EDGE('',*,*,#1111,.T.);
#654=ORIENTED_EDGE('',*,*,#946,.F.);
#655=ORIENTED_EDGE('',*,*,#1113,.F.);
#656=ORIENTED_EDGE('',*,*,#1085,.T.);
#657=ORIENTED_EDGE('',*,*,#1114,.T.);
#658=ORIENTED_EDGE('',*,*,#943,.F.);
#659=ORIENTED_EDGE('',*,*,#1115,.F.);
#660=ORIENTED_EDGE('',*,*,#1088,.T.);
#661=ORIENTED_EDGE('',*,*,#1116,.T.);
#662=ORIENTED_EDGE('',*,*,#944,.F.);
#663=ORIENTED_EDGE('',*,*,#1114,.F.);
#664=ORIENTED_EDGE('',*,*,#1087,.T.);
#665=ORIENTED_EDGE('',*,*,#1117,.T.);
#666=ORIENTED_EDGE('',*,*,#945,.F.);
#667=ORIENTED_EDGE('',*,*,#1116,.F.);
#668=ORIENTED_EDGE('',*,*,#1086,.T.);
#669=ORIENTED_EDGE('',*,*,#1115,.T.);
#670=ORIENTED_EDGE('',*,*,#942,.F.);
#671=ORIENTED_EDGE('',*,*,#1117,.F.);
#672=ORIENTED_EDGE('',*,*,#1066,.F.);
#673=ORIENTED_EDGE('',*,*,#966,.T.);
#674=ORIENTED_EDGE('',*,*,#1065,.F.);
#675=ORIENTED_EDGE('',*,*,#967,.T.);
#676=ORIENTED_EDGE('',*,*,#1061,.T.);
#677=ORIENTED_EDGE('',*,*,#1118,.T.);
#678=ORIENTED_EDGE('',*,*,#939,.F.);
#679=ORIENTED_EDGE('',*,*,#1119,.F.);
#680=ORIENTED_EDGE('',*,*,#1064,.T.);
#681=ORIENTED_EDGE('',*,*,#1120,.T.);
#682=ORIENTED_EDGE('',*,*,#940,.F.);
#683=ORIENTED_EDGE('',*,*,#1118,.F.);
#684=ORIENTED_EDGE('',*,*,#1063,.T.);
#685=ORIENTED_EDGE('',*,*,#1121,.T.);
#686=ORIENTED_EDGE('',*,*,#941,.F.);
#687=ORIENTED_EDGE('',*,*,#1120,.F.);
#688=ORIENTED_EDGE('',*,*,#1062,.T.);
#689=ORIENTED_EDGE('',*,*,#1119,.T.);
#690=ORIENTED_EDGE('',*,*,#938,.F.);
#691=ORIENTED_EDGE('',*,*,#1121,.F.);
#692=ORIENTED_EDGE('',*,*,#1089,.T.);
#693=ORIENTED_EDGE('',*,*,#1122,.T.);
#694=ORIENTED_EDGE('',*,*,#935,.F.);
#695=ORIENTED_EDGE('',*,*,#1123,.F.);
#696=ORIENTED_EDGE('',*,*,#1092,.T.);
#697=ORIENTED_EDGE('',*,*,#1124,.T.);
#698=ORIENTED_EDGE('',*,*,#936,.F.);
#699=ORIENTED_EDGE('',*,*,#1122,.F.);
#700=ORIENTED_EDGE('',*,*,#1091,.T.);
#701=ORIENTED_EDGE('',*,*,#1125,.T.);
#702=ORIENTED_EDGE('',*,*,#937,.F.);
#703=ORIENTED_EDGE('',*,*,#1124,.F.);
#704=ORIENTED_EDGE('',*,*,#1090,.T.);
#705=ORIENTED_EDGE('',*,*,#1123,.T.);
#706=ORIENTED_EDGE('',*,*,#934,.F.);
#707=ORIENTED_EDGE('',*,*,#1125,.F.);
#708=ORIENTED_EDGE('',*,*,#1060,.F.);
#709=ORIENTED_EDGE('',*,*,#968,.T.);
#710=ORIENTED_EDGE('',*,*,#1056,.T.);
#711=ORIENTED_EDGE('',*,*,#1126,.T.);
#712=ORIENTED_EDGE('',*,*,#931,.F.);
#713=ORIENTED_EDGE('',*,*,#1127,.F.);
#714=ORIENTED_EDGE('',*,*,#1059,.T.);
#715=ORIENTED_EDGE('',*,*,#1128,.T.);
#716=ORIENTED_EDGE('',*,*,#932,.F.);
#717=ORIENTED_EDGE('',*,*,#1126,.F.);
#718=ORIENTED_EDGE('',*,*,#1058,.T.);
#719=ORIENTED_EDGE('',*,*,#1129,.T.);
#720=ORIENTED_EDGE('',*,*,#933,.F.);
#721=ORIENTED_EDGE('',*,*,#1128,.F.);
#722=ORIENTED_EDGE('',*,*,#1057,.T.);
#723=ORIENTED_EDGE('',*,*,#1127,.T.);
#724=ORIENTED_EDGE('',*,*,#930,.F.);
#725=ORIENTED_EDGE('',*,*,#1129,.F.);
#726=ORIENTED_EDGE('',*,*,#1093,.T.);
#727=ORIENTED_EDGE('',*,*,#1130,.T.);
#728=ORIENTED_EDGE('',*,*,#927,.F.);
#729=ORIENTED_EDGE('',*,*,#1131,.F.);
#730=ORIENTED_EDGE('',*,*,#1096,.T.);
#731=ORIENTED_EDGE('',*,*,#1132,.T.);
#732=ORIENTED_EDGE('',*,*,#928,.F.);
#733=ORIENTED_EDGE('',*,*,#1130,.F.);
#734=ORIENTED_EDGE('',*,*,#1095,.T.);
#735=ORIENTED_EDGE('',*,*,#1133,.T.);
#736=ORIENTED_EDGE('',*,*,#929,.F.);
#737=ORIENTED_EDGE('',*,*,#1132,.F.);
#738=ORIENTED_EDGE('',*,*,#1094,.T.);
#739=ORIENTED_EDGE('',*,*,#1131,.T.);
#740=ORIENTED_EDGE('',*,*,#926,.F.);
#741=ORIENTED_EDGE('',*,*,#1133,.F.);
#742=ORIENTED_EDGE('',*,*,#1055,.F.);
#743=ORIENTED_EDGE('',*,*,#969,.T.);
#744=ORIENTED_EDGE('',*,*,#1134,.T.);
#745=ORIENTED_EDGE('',*,*,#1080,.T.);
#746=ORIENTED_EDGE('',*,*,#1135,.F.);
#747=ORIENTED_EDGE('',*,*,#1136,.F.);
#748=ORIENTED_EDGE('',*,*,#960,.F.);
#749=ORIENTED_EDGE('',*,*,#1137,.F.);
#750=ORIENTED_EDGE('',*,*,#1138,.T.);
#751=ORIENTED_EDGE('',*,*,#1139,.T.);
#752=ORIENTED_EDGE('',*,*,#959,.T.);
#753=ORIENTED_EDGE('',*,*,#1098,.F.);
#754=ORIENTED_EDGE('',*,*,#1134,.F.);
#755=ORIENTED_EDGE('',*,*,#1140,.F.);
#756=ORIENTED_EDGE('',*,*,#1137,.T.);
#757=ORIENTED_EDGE('',*,*,#1141,.T.);
#758=ORIENTED_EDGE('',*,*,#923,.F.);
#759=ORIENTED_EDGE('',*,*,#1142,.T.);
#760=ORIENTED_EDGE('',*,*,#924,.F.);
#761=ORIENTED_EDGE('',*,*,#1143,.T.);
#762=ORIENTED_EDGE('',*,*,#925,.F.);
#763=ORIENTED_EDGE('',*,*,#961,.F.);
#764=ORIENTED_EDGE('',*,*,#1139,.F.);
#765=ORIENTED_EDGE('',*,*,#1144,.T.);
#766=ORIENTED_EDGE('',*,*,#1135,.T.);
#767=ORIENTED_EDGE('',*,*,#1097,.T.);
#768=ORIENTED_EDGE('',*,*,#1145,.T.);
#769=ORIENTED_EDGE('',*,*,#922,.F.);
#770=ORIENTED_EDGE('',*,*,#1138,.F.);
#771=ORIENTED_EDGE('',*,*,#1140,.T.);
#772=ORIENTED_EDGE('',*,*,#1136,.T.);
#773=ORIENTED_EDGE('',*,*,#1144,.F.);
#774=ORIENTED_EDGE('',*,*,#1143,.F.);
#775=ORIENTED_EDGE('',*,*,#1142,.F.);
#776=ORIENTED_EDGE('',*,*,#1141,.F.);
#777=ORIENTED_EDGE('',*,*,#1145,.F.);
#778=ORIENTED_EDGE('',*,*,#1146,.T.);
#779=ORIENTED_EDGE('',*,*,#1001,.T.);
#780=ORIENTED_EDGE('',*,*,#1147,.F.);
#781=ORIENTED_EDGE('',*,*,#1053,.F.);
#782=ORIENTED_EDGE('',*,*,#1101,.F.);
#783=ORIENTED_EDGE('',*,*,#1148,.T.);
#784=ORIENTED_EDGE('',*,*,#970,.F.);
#785=ORIENTED_EDGE('',*,*,#1146,.F.);
#786=ORIENTED_EDGE('',*,*,#1052,.T.);
#787=ORIENTED_EDGE('',*,*,#1149,.F.);
#788=ORIENTED_EDGE('',*,*,#1002,.T.);
#789=ORIENTED_EDGE('',*,*,#1054,.F.);
#790=ORIENTED_EDGE('',*,*,#1147,.T.);
#791=ORIENTED_EDGE('',*,*,#1000,.T.);
#792=ORIENTED_EDGE('',*,*,#1150,.T.);
#793=ORIENTED_EDGE('',*,*,#973,.T.);
#794=ORIENTED_EDGE('',*,*,#1151,.F.);
#795=ORIENTED_EDGE('',*,*,#1049,.F.);
#796=ORIENTED_EDGE('',*,*,#1028,.F.);
#797=ORIENTED_EDGE('',*,*,#1152,.T.);
#798=ORIENTED_EDGE('',*,*,#974,.F.);
#799=ORIENTED_EDGE('',*,*,#1150,.F.);
#800=ORIENTED_EDGE('',*,*,#1048,.T.);
#801=ORIENTED_EDGE('',*,*,#1153,.F.);
#802=ORIENTED_EDGE('',*,*,#1099,.T.);
#803=ORIENTED_EDGE('',*,*,#1050,.F.);
#804=ORIENTED_EDGE('',*,*,#1151,.T.);
#805=ORIENTED_EDGE('',*,*,#972,.T.);
#806=ORIENTED_EDGE('',*,*,#1154,.T.);
#807=ORIENTED_EDGE('',*,*,#977,.T.);
#808=ORIENTED_EDGE('',*,*,#1155,.F.);
#809=ORIENTED_EDGE('',*,*,#1046,.F.);
#810=ORIENTED_EDGE('',*,*,#1024,.F.);
#811=ORIENTED_EDGE('',*,*,#1156,.T.);
#812=ORIENTED_EDGE('',*,*,#978,.F.);
#813=ORIENTED_EDGE('',*,*,#1154,.F.);
#814=ORIENTED_EDGE('',*,*,#1045,.T.);
#815=ORIENTED_EDGE('',*,*,#1157,.F.);
#816=ORIENTED_EDGE('',*,*,#1026,.T.);
#817=ORIENTED_EDGE('',*,*,#1047,.F.);
#818=ORIENTED_EDGE('',*,*,#1155,.T.);
#819=ORIENTED_EDGE('',*,*,#976,.T.);
#820=ORIENTED_EDGE('',*,*,#1158,.T.);
#821=ORIENTED_EDGE('',*,*,#981,.T.);
#822=ORIENTED_EDGE('',*,*,#1159,.F.);
#823=ORIENTED_EDGE('',*,*,#1043,.F.);
#824=ORIENTED_EDGE('',*,*,#1020,.F.);
#825=ORIENTED_EDGE('',*,*,#1160,.T.);
#826=ORIENTED_EDGE('',*,*,#982,.F.);
#827=ORIENTED_EDGE('',*,*,#1158,.F.);
#828=ORIENTED_EDGE('',*,*,#1042,.T.);
#829=ORIENTED_EDGE('',*,*,#1161,.F.);
#830=ORIENTED_EDGE('',*,*,#1022,.T.);
#831=ORIENTED_EDGE('',*,*,#1044,.F.);
#832=ORIENTED_EDGE('',*,*,#1159,.T.);
#833=ORIENTED_EDGE('',*,*,#980,.T.);
#834=ORIENTED_EDGE('',*,*,#1162,.T.);
#835=ORIENTED_EDGE('',*,*,#985,.T.);
#836=ORIENTED_EDGE('',*,*,#1163,.F.);
#837=ORIENTED_EDGE('',*,*,#1040,.F.);
#838=ORIENTED_EDGE('',*,*,#1016,.F.);
#839=ORIENTED_EDGE('',*,*,#1164,.T.);
#840=ORIENTED_EDGE('',*,*,#986,.F.);
#841=ORIENTED_EDGE('',*,*,#1162,.F.);
#842=ORIENTED_EDGE('',*,*,#1039,.T.);
#843=ORIENTED_EDGE('',*,*,#1165,.F.);
#844=ORIENTED_EDGE('',*,*,#1018,.T.);
#845=ORIENTED_EDGE('',*,*,#1041,.F.);
#846=ORIENTED_EDGE('',*,*,#1163,.T.);
#847=ORIENTED_EDGE('',*,*,#984,.T.);
#848=ORIENTED_EDGE('',*,*,#1166,.T.);
#849=ORIENTED_EDGE('',*,*,#989,.T.);
#850=ORIENTED_EDGE('',*,*,#1167,.F.);
#851=ORIENTED_EDGE('',*,*,#1037,.F.);
#852=ORIENTED_EDGE('',*,*,#1012,.F.);
#853=ORIENTED_EDGE('',*,*,#1168,.T.);
#854=ORIENTED_EDGE('',*,*,#990,.F.);
#855=ORIENTED_EDGE('',*,*,#1166,.F.);
#856=ORIENTED_EDGE('',*,*,#1036,.T.);
#857=ORIENTED_EDGE('',*,*,#1169,.F.);
#858=ORIENTED_EDGE('',*,*,#1014,.T.);
#859=ORIENTED_EDGE('',*,*,#1038,.F.);
#860=ORIENTED_EDGE('',*,*,#1167,.T.);
#861=ORIENTED_EDGE('',*,*,#988,.T.);
#862=ORIENTED_EDGE('',*,*,#1170,.T.);
#863=ORIENTED_EDGE('',*,*,#993,.T.);
#864=ORIENTED_EDGE('',*,*,#1171,.F.);
#865=ORIENTED_EDGE('',*,*,#1034,.F.);
#866=ORIENTED_EDGE('',*,*,#1008,.F.);
#867=ORIENTED_EDGE('',*,*,#1172,.T.);
#868=ORIENTED_EDGE('',*,*,#994,.F.);
#869=ORIENTED_EDGE('',*,*,#1170,.F.);
#870=ORIENTED_EDGE('',*,*,#1033,.T.);
#871=ORIENTED_EDGE('',*,*,#1173,.F.);
#872=ORIENTED_EDGE('',*,*,#1010,.T.);
#873=ORIENTED_EDGE('',*,*,#1035,.F.);
#874=ORIENTED_EDGE('',*,*,#1171,.T.);
#875=ORIENTED_EDGE('',*,*,#992,.T.);
#876=ORIENTED_EDGE('',*,*,#1174,.T.);
#877=ORIENTED_EDGE('',*,*,#997,.T.);
#878=ORIENTED_EDGE('',*,*,#1175,.F.);
#879=ORIENTED_EDGE('',*,*,#1031,.F.);
#880=ORIENTED_EDGE('',*,*,#1004,.F.);
#881=ORIENTED_EDGE('',*,*,#1176,.T.);
#882=ORIENTED_EDGE('',*,*,#998,.F.);
#883=ORIENTED_EDGE('',*,*,#1174,.F.);
#884=ORIENTED_EDGE('',*,*,#1030,.T.);
#885=ORIENTED_EDGE('',*,*,#1177,.F.);
#886=ORIENTED_EDGE('',*,*,#1006,.T.);
#887=ORIENTED_EDGE('',*,*,#1032,.F.);
#888=ORIENTED_EDGE('',*,*,#1175,.T.);
#889=ORIENTED_EDGE('',*,*,#996,.T.);
#890=ORIENTED_EDGE('',*,*,#1007,.F.);
#891=ORIENTED_EDGE('',*,*,#1177,.T.);
#892=ORIENTED_EDGE('',*,*,#995,.F.);
#893=ORIENTED_EDGE('',*,*,#1172,.F.);
#894=ORIENTED_EDGE('',*,*,#1149,.T.);
#895=ORIENTED_EDGE('',*,*,#999,.F.);
#896=ORIENTED_EDGE('',*,*,#1176,.F.);
#897=ORIENTED_EDGE('',*,*,#1003,.F.);
#898=ORIENTED_EDGE('',*,*,#1011,.F.);
#899=ORIENTED_EDGE('',*,*,#1173,.T.);
#900=ORIENTED_EDGE('',*,*,#991,.F.);
#901=ORIENTED_EDGE('',*,*,#1168,.F.);
#902=ORIENTED_EDGE('',*,*,#1015,.F.);
#903=ORIENTED_EDGE('',*,*,#1169,.T.);
#904=ORIENTED_EDGE('',*,*,#987,.F.);
#905=ORIENTED_EDGE('',*,*,#1164,.F.);
#906=ORIENTED_EDGE('',*,*,#1019,.F.);
#907=ORIENTED_EDGE('',*,*,#1165,.T.);
#908=ORIENTED_EDGE('',*,*,#983,.F.);
#909=ORIENTED_EDGE('',*,*,#1160,.F.);
#910=ORIENTED_EDGE('',*,*,#1023,.F.);
#911=ORIENTED_EDGE('',*,*,#1161,.T.);
#912=ORIENTED_EDGE('',*,*,#979,.F.);
#913=ORIENTED_EDGE('',*,*,#1156,.F.);
#914=ORIENTED_EDGE('',*,*,#1027,.F.);
#915=ORIENTED_EDGE('',*,*,#1157,.T.);
#916=ORIENTED_EDGE('',*,*,#975,.F.);
#917=ORIENTED_EDGE('',*,*,#1152,.F.);
#918=ORIENTED_EDGE('',*,*,#1100,.F.);
#919=ORIENTED_EDGE('',*,*,#1153,.T.);
#920=ORIENTED_EDGE('',*,*,#971,.F.);
#921=ORIENTED_EDGE('',*,*,#1148,.F.);
#922=EDGE_CURVE('',#1178,#1178,#1356,.T.);
#923=EDGE_CURVE('',#1179,#1179,#1357,.T.);
#924=EDGE_CURVE('',#1180,#1180,#1358,.T.);
#925=EDGE_CURVE('',#1181,#1181,#1359,.T.);
#926=EDGE_CURVE('',#1182,#1183,#66,.T.);
#927=EDGE_CURVE('',#1183,#1184,#67,.T.);
#928=EDGE_CURVE('',#1184,#1185,#68,.T.);
#929=EDGE_CURVE('',#1185,#1182,#69,.T.);
#930=EDGE_CURVE('',#1186,#1187,#70,.T.);
#931=EDGE_CURVE('',#1187,#1188,#71,.T.);
#932=EDGE_CURVE('',#1188,#1189,#72,.T.);
#933=EDGE_CURVE('',#1189,#1186,#73,.T.);
#934=EDGE_CURVE('',#1190,#1191,#74,.T.);
#935=EDGE_CURVE('',#1191,#1192,#75,.T.);
#936=EDGE_CURVE('',#1192,#1193,#76,.T.);
#937=EDGE_CURVE('',#1193,#1190,#77,.T.);
#938=EDGE_CURVE('',#1194,#1195,#78,.T.);
#939=EDGE_CURVE('',#1195,#1196,#79,.T.);
#940=EDGE_CURVE('',#1196,#1197,#80,.T.);
#941=EDGE_CURVE('',#1197,#1194,#81,.T.);
#942=EDGE_CURVE('',#1198,#1199,#82,.T.);
#943=EDGE_CURVE('',#1199,#1200,#83,.T.);
#944=EDGE_CURVE('',#1200,#1201,#84,.T.);
#945=EDGE_CURVE('',#1201,#1198,#85,.T.);
#946=EDGE_CURVE('',#1202,#1203,#86,.T.);
#947=EDGE_CURVE('',#1203,#1204,#87,.T.);
#948=EDGE_CURVE('',#1204,#1205,#88,.T.);
#949=EDGE_CURVE('',#1205,#1202,#89,.T.);
#950=EDGE_CURVE('',#1206,#1207,#90,.T.);
#951=EDGE_CURVE('',#1207,#1208,#91,.T.);
#952=EDGE_CURVE('',#1208,#1209,#92,.T.);
#953=EDGE_CURVE('',#1209,#1206,#93,.T.);
#954=EDGE_CURVE('',#1210,#1211,#94,.T.);
#955=EDGE_CURVE('',#1211,#1212,#95,.T.);
#956=EDGE_CURVE('',#1212,#1213,#96,.T.);
#957=EDGE_CURVE('',#1213,#1210,#97,.T.);
#958=EDGE_CURVE('',#1214,#1215,#1360,.T.);
#959=EDGE_CURVE('',#1216,#1215,#98,.T.);
#960=EDGE_CURVE('',#1216,#1217,#99,.T.);
#961=EDGE_CURVE('',#1217,#1214,#100,.T.);
#962=EDGE_CURVE('',#1218,#1218,#1361,.F.);
#963=EDGE_CURVE('',#1219,#1219,#1362,.F.);
#964=EDGE_CURVE('',#1220,#1220,#1363,.F.);
#965=EDGE_CURVE('',#1221,#1221,#1364,.F.);
#966=EDGE_CURVE('',#1222,#1222,#1365,.F.);
#967=EDGE_CURVE('',#1223,#1223,#1366,.F.);
#968=EDGE_CURVE('',#1224,#1224,#1367,.F.);
#969=EDGE_CURVE('',#1225,#1225,#1368,.F.);
#970=EDGE_CURVE('',#1226,#1227,#101,.T.);
#971=EDGE_CURVE('',#1227,#1228,#1369,.F.);
#972=EDGE_CURVE('',#1229,#1228,#102,.T.);
#973=EDGE_CURVE('',#1230,#1229,#103,.T.);
#974=EDGE_CURVE('',#1230,#1231,#104,.T.);
#975=EDGE_CURVE('',#1231,#1232,#1370,.F.);
#976=EDGE_CURVE('',#1233,#1232,#105,.T.);
#977=EDGE_CURVE('',#1234,#1233,#106,.T.);
#978=EDGE_CURVE('',#1234,#1235,#107,.T.);
#979=EDGE_CURVE('',#1235,#1236,#1371,.F.);
#980=EDGE_CURVE('',#1237,#1236,#108,.T.);
#981=EDGE_CURVE('',#1238,#1237,#109,.T.);
#982=EDGE_CURVE('',#1238,#1239,#110,.T.);
#983=EDGE_CURVE('',#1239,#1240,#1372,.F.);
#984=EDGE_CURVE('',#1241,#1240,#111,.T.);
#985=EDGE_CURVE('',#1242,#1241,#112,.T.);
#986=EDGE_CURVE('',#1242,#1243,#113,.T.);
#987=EDGE_CURVE('',#1243,#1244,#1373,.F.);
#988=EDGE_CURVE('',#1245,#1244,#114,.T.);
#989=EDGE_CURVE('',#1246,#1245,#115,.T.);
#990=EDGE_CURVE('',#1246,#1247,#116,.T.);
#991=EDGE_CURVE('',#1247,#1248,#1374,.F.);
#992=EDGE_CURVE('',#1249,#1248,#117,.T.);
#993=EDGE_CURVE('',#1250,#1249,#118,.T.);
#994=EDGE_CURVE('',#1250,#1251,#119,.T.);
#995=EDGE_CURVE('',#1251,#1252,#1375,.F.);
#996=EDGE_CURVE('',#1253,#1252,#120,.T.);
#997=EDGE_CURVE('',#1254,#1253,#121,.T.);
#998=EDGE_CURVE('',#1254,#1255,#122,.T.);
#999=EDGE_CURVE('',#1255,#1256,#1376,.F.);
#1000=EDGE_CURVE('',#1257,#1256,#123,.T.);
#1001=EDGE_CURVE('',#1226,#1257,#124,.T.);
#1002=EDGE_CURVE('',#1258,#1259,#125,.F.);
#1003=EDGE_CURVE('',#1258,#1260,#1377,.T.);
#1004=EDGE_CURVE('',#1260,#1261,#126,.F.);
#1005=EDGE_CURVE('',#1259,#1261,#1378,.T.);
#1006=EDGE_CURVE('',#1262,#1263,#127,.F.);
#1007=EDGE_CURVE('',#1262,#1264,#1379,.T.);
#1008=EDGE_CURVE('',#1264,#1265,#128,.F.);
#1009=EDGE_CURVE('',#1263,#1265,#1380,.T.);
#1010=EDGE_CURVE('',#1266,#1267,#129,.F.);
#1011=EDGE_CURVE('',#1266,#1268,#1381,.T.);
#1012=EDGE_CURVE('',#1268,#1269,#130,.F.);
#1013=EDGE_CURVE('',#1267,#1269,#1382,.T.);
#1014=EDGE_CURVE('',#1270,#1271,#131,.F.);
#1015=EDGE_CURVE('',#1270,#1272,#1383,.T.);
#1016=EDGE_CURVE('',#1272,#1273,#132,.F.);
#1017=EDGE_CURVE('',#1271,#1273,#1384,.T.);
#1018=EDGE_CURVE('',#1274,#1275,#133,.F.);
#1019=EDGE_CURVE('',#1274,#1276,#1385,.T.);
#1020=EDGE_CURVE('',#1276,#1277,#134,.F.);
#1021=EDGE_CURVE('',#1275,#1277,#1386,.T.);
#1022=EDGE_CURVE('',#1278,#1279,#135,.F.);
#1023=EDGE_CURVE('',#1278,#1280,#1387,.T.);
#1024=EDGE_CURVE('',#1280,#1281,#136,.F.);
#1025=EDGE_CURVE('',#1279,#1281,#1388,.T.);
#1026=EDGE_CURVE('',#1282,#1283,#137,.F.);
#1027=EDGE_CURVE('',#1282,#1284,#1389,.T.);
#1028=EDGE_CURVE('',#1284,#1285,#138,.F.);
#1029=EDGE_CURVE('',#1283,#1285,#1390,.T.);
#1030=EDGE_CURVE('',#1286,#1261,#139,.T.);
#1031=EDGE_CURVE('',#1286,#1287,#140,.T.);
#1032=EDGE_CURVE('',#1287,#1263,#141,.T.);
#1033=EDGE_CURVE('',#1288,#1265,#142,.T.);
#1034=EDGE_CURVE('',#1288,#1289,#143,.T.);
#1035=EDGE_CURVE('',#1289,#1267,#144,.T.);
#1036=EDGE_CURVE('',#1290,#1269,#145,.T.);
#1037=EDGE_CURVE('',#1290,#1291,#146,.T.);
#1038=EDGE_CURVE('',#1291,#1271,#147,.T.);
#1039=EDGE_CURVE('',#1292,#1273,#148,.T.);
#1040=EDGE_CURVE('',#1292,#1293,#149,.T.);
#1041=EDGE_CURVE('',#1293,#1275,#150,.T.);
#1042=EDGE_CURVE('',#1294,#1277,#151,.T.);
#1043=EDGE_CURVE('',#1294,#1295,#152,.T.);
#1044=EDGE_CURVE('',#1295,#1279,#153,.T.);
#1045=EDGE_CURVE('',#1296,#1281,#154,.T.);
#1046=EDGE_CURVE('',#1296,#1297,#155,.T.);
#1047=EDGE_CURVE('',#1297,#1283,#156,.T.);
#1048=EDGE_CURVE('',#1298,#1285,#157,.T.);
#1049=EDGE_CURVE('',#1298,#1299,#158,.T.);
#1050=EDGE_CURVE('',#1299,#1300,#159,.T.);
#1051=EDGE_CURVE('',#1300,#1301,#1391,.T.);
#1052=EDGE_CURVE('',#1302,#1301,#160,.T.);
#1053=EDGE_CURVE('',#1302,#1303,#161,.T.);
#1054=EDGE_CURVE('',#1303,#1259,#162,.T.);
#1055=EDGE_CURVE('',#1304,#1304,#1392,.F.);
#1056=EDGE_CURVE('',#1305,#1306,#163,.T.);
#1057=EDGE_CURVE('',#1307,#1305,#164,.T.);
#1058=EDGE_CURVE('',#1308,#1307,#165,.T.);
#1059=EDGE_CURVE('',#1306,#1308,#166,.T.);
#1060=EDGE_CURVE('',#1309,#1309,#1393,.F.);
#1061=EDGE_CURVE('',#1310,#1311,#167,.T.);
#1062=EDGE_CURVE('',#1312,#1310,#168,.T.);
#1063=EDGE_CURVE('',#1313,#1312,#169,.T.);
#1064=EDGE_CURVE('',#1311,#1313,#170,.T.);
#1065=EDGE_CURVE('',#1314,#1314,#1394,.F.);
#1066=EDGE_CURVE('',#1315,#1315,#1395,.F.);
#1067=EDGE_CURVE('',#1316,#1317,#171,.T.);
#1068=EDGE_CURVE('',#1318,#1316,#172,.T.);
#1069=EDGE_CURVE('',#1319,#1318,#173,.T.);
#1070=EDGE_CURVE('',#1317,#1319,#174,.T.);
#1071=EDGE_CURVE('',#1320,#1320,#1396,.F.);
#1072=EDGE_CURVE('',#1321,#1321,#1397,.F.);
#1073=EDGE_CURVE('',#1322,#1323,#175,.T.);
#1074=EDGE_CURVE('',#1324,#1322,#176,.T.);
#1075=EDGE_CURVE('',#1325,#1324,#177,.T.);
#1076=EDGE_CURVE('',#1323,#1325,#178,.T.);
#1077=EDGE_CURVE('',#1326,#1326,#1398,.F.);
#1078=EDGE_CURVE('',#1327,#1327,#1399,.F.);
#1079=EDGE_CURVE('',#1328,#1329,#1400,.T.);
#1080=EDGE_CURVE('',#1329,#1328,#1401,.T.);
#1081=EDGE_CURVE('',#1330,#1331,#179,.T.);
#1082=EDGE_CURVE('',#1332,#1330,#180,.T.);
#1083=EDGE_CURVE('',#1333,#1332,#181,.T.);
#1084=EDGE_CURVE('',#1331,#1333,#182,.T.);
#1085=EDGE_CURVE('',#1334,#1335,#183,.T.);
#1086=EDGE_CURVE('',#1336,#1334,#184,.T.);
#1087=EDGE_CURVE('',#1337,#1336,#185,.T.);
#1088=EDGE_CURVE('',#1335,#1337,#186,.T.);
#1089=EDGE_CURVE('',#1338,#1339,#187,.T.);
#1090=EDGE_CURVE('',#1340,#1338,#188,.T.);
#1091=EDGE_CURVE('',#1341,#1340,#189,.T.);
#1092=EDGE_CURVE('',#1339,#1341,#190,.T.);
#1093=EDGE_CURVE('',#1342,#1343,#191,.T.);
#1094=EDGE_CURVE('',#1344,#1342,#192,.T.);
#1095=EDGE_CURVE('',#1345,#1344,#193,.T.);
#1096=EDGE_CURVE('',#1343,#1345,#194,.T.);
#1097=EDGE_CURVE('',#1328,#1214,#195,.T.);
#1098=EDGE_CURVE('',#1329,#1215,#196,.T.);
#1099=EDGE_CURVE('',#1346,#1300,#197,.F.);
#1100=EDGE_CURVE('',#1346,#1347,#1402,.T.);
#1101=EDGE_CURVE('',#1347,#1301,#198,.F.);
#1102=EDGE_CURVE('',#1323,#1212,#199,.T.);
#1103=EDGE_CURVE('',#1322,#1211,#200,.T.);
#1104=EDGE_CURVE('',#1325,#1213,#201,.T.);
#1105=EDGE_CURVE('',#1324,#1210,#202,.T.);
#1106=EDGE_CURVE('',#1331,#1208,#203,.T.);
#1107=EDGE_CURVE('',#1330,#1207,#204,.T.);
#1108=EDGE_CURVE('',#1333,#1209,#205,.T.);
#1109=EDGE_CURVE('',#1332,#1206,#206,.T.);
#1110=EDGE_CURVE('',#1317,#1204,#207,.T.);
#1111=EDGE_CURVE('',#1316,#1203,#208,.T.);
#1112=EDGE_CURVE('',#1319,#1205,#209,.T.);
#1113=EDGE_CURVE('',#1318,#1202,#210,.T.);
#1114=EDGE_CURVE('',#1335,#1200,#211,.T.);
#1115=EDGE_CURVE('',#1334,#1199,#212,.T.);
#1116=EDGE_CURVE('',#1337,#1201,#213,.T.);
#1117=EDGE_CURVE('',#1336,#1198,#214,.T.);
#1118=EDGE_CURVE('',#1311,#1196,#215,.T.);
#1119=EDGE_CURVE('',#1310,#1195,#216,.T.);
#1120=EDGE_CURVE('',#1313,#1197,#217,.T.);
#1121=EDGE_CURVE('',#1312,#1194,#218,.T.);
#1122=EDGE_CURVE('',#1339,#1192,#219,.T.);
#1123=EDGE_CURVE('',#1338,#1191,#220,.T.);
#1124=EDGE_CURVE('',#1341,#1193,#221,.T.);
#1125=EDGE_CURVE('',#1340,#1190,#222,.T.);
#1126=EDGE_CURVE('',#1306,#1188,#223,.T.);
#1127=EDGE_CURVE('',#1305,#1187,#224,.T.);
#1128=EDGE_CURVE('',#1308,#1189,#225,.T.);
#1129=EDGE_CURVE('',#1307,#1186,#226,.T.);
#1130=EDGE_CURVE('',#1343,#1184,#227,.T.);
#1131=EDGE_CURVE('',#1342,#1183,#228,.T.);
#1132=EDGE_CURVE('',#1345,#1185,#229,.T.);
#1133=EDGE_CURVE('',#1344,#1182,#230,.T.);
#1134=EDGE_CURVE('',#1348,#1329,#231,.T.);
#1135=EDGE_CURVE('',#1349,#1328,#232,.T.);
#1136=EDGE_CURVE('',#1348,#1349,#1403,.T.);
#1137=EDGE_CURVE('',#1350,#1216,#233,.T.);
#1138=EDGE_CURVE('',#1350,#1351,#234,.T.);
#1139=EDGE_CURVE('',#1351,#1217,#235,.T.);
#1140=EDGE_CURVE('',#1350,#1348,#236,.T.);
#1141=EDGE_CURVE('',#1352,#1352,#1404,.T.);
#1142=EDGE_CURVE('',#1353,#1353,#1405,.T.);
#1143=EDGE_CURVE('',#1354,#1354,#1406,.T.);
#1144=EDGE_CURVE('',#1351,#1349,#237,.T.);
#1145=EDGE_CURVE('',#1355,#1355,#1407,.T.);
#1146=EDGE_CURVE('',#1302,#1226,#1408,.T.);
#1147=EDGE_CURVE('',#1303,#1257,#1409,.T.);
#1148=EDGE_CURVE('',#1347,#1227,#20,.T.);
#1149=EDGE_CURVE('',#1258,#1256,#21,.T.);
#1150=EDGE_CURVE('',#1298,#1230,#1410,.T.);
#1151=EDGE_CURVE('',#1299,#1229,#1411,.T.);
#1152=EDGE_CURVE('',#1284,#1231,#22,.T.);
#1153=EDGE_CURVE('',#1346,#1228,#23,.T.);
#1154=EDGE_CURVE('',#1296,#1234,#1412,.T.);
#1155=EDGE_CURVE('',#1297,#1233,#1413,.T.);
#1156=EDGE_CURVE('',#1280,#1235,#24,.T.);
#1157=EDGE_CURVE('',#1282,#1232,#25,.T.);
#1158=EDGE_CURVE('',#1294,#1238,#1414,.T.);
#1159=EDGE_CURVE('',#1295,#1237,#1415,.T.);
#1160=EDGE_CURVE('',#1276,#1239,#26,.T.);
#1161=EDGE_CURVE('',#1278,#1236,#27,.T.);
#1162=EDGE_CURVE('',#1292,#1242,#1416,.T.);
#1163=EDGE_CURVE('',#1293,#1241,#1417,.T.);
#1164=EDGE_CURVE('',#1272,#1243,#28,.T.);
#1165=EDGE_CURVE('',#1274,#1240,#29,.T.);
#1166=EDGE_CURVE('',#1290,#1246,#1418,.T.);
#1167=EDGE_CURVE('',#1291,#1245,#1419,.T.);
#1168=EDGE_CURVE('',#1268,#1247,#30,.T.);
#1169=EDGE_CURVE('',#1270,#1244,#31,.T.);
#1170=EDGE_CURVE('',#1288,#1250,#1420,.T.);
#1171=EDGE_CURVE('',#1289,#1249,#1421,.T.);
#1172=EDGE_CURVE('',#1264,#1251,#32,.T.);
#1173=EDGE_CURVE('',#1266,#1248,#33,.T.);
#1174=EDGE_CURVE('',#1286,#1254,#1422,.T.);
#1175=EDGE_CURVE('',#1287,#1253,#1423,.T.);
#1176=EDGE_CURVE('',#1260,#1255,#34,.T.);
#1177=EDGE_CURVE('',#1262,#1252,#35,.T.);
#1178=VERTEX_POINT('',#2508);
#1179=VERTEX_POINT('',#2510);
#1180=VERTEX_POINT('',#2512);
#1181=VERTEX_POINT('',#2514);
#1182=VERTEX_POINT('',#2516);
#1183=VERTEX_POINT('',#2517);
#1184=VERTEX_POINT('',#2519);
#1185=VERTEX_POINT('',#2521);
#1186=VERTEX_POINT('',#2524);
#1187=VERTEX_POINT('',#2525);
#1188=VERTEX_POINT('',#2527);
#1189=VERTEX_POINT('',#2529);
#1190=VERTEX_POINT('',#2532);
#1191=VERTEX_POINT('',#2533);
#1192=VERTEX_POINT('',#2535);
#1193=VERTEX_POINT('',#2537);
#1194=VERTEX_POINT('',#2540);
#1195=VERTEX_POINT('',#2541);
#1196=VERTEX_POINT('',#2543);
#1197=VERTEX_POINT('',#2545);
#1198=VERTEX_POINT('',#2548);
#1199=VERTEX_POINT('',#2549);
#1200=VERTEX_POINT('',#2551);
#1201=VERTEX_POINT('',#2553);
#1202=VERTEX_POINT('',#2556);
#1203=VERTEX_POINT('',#2557);
#1204=VERTEX_POINT('',#2559);
#1205=VERTEX_POINT('',#2561);
#1206=VERTEX_POINT('',#2564);
#1207=VERTEX_POINT('',#2565);
#1208=VERTEX_POINT('',#2567);
#1209=VERTEX_POINT('',#2569);
#1210=VERTEX_POINT('',#2572);
#1211=VERTEX_POINT('',#2573);
#1212=VERTEX_POINT('',#2575);
#1213=VERTEX_POINT('',#2577);
#1214=VERTEX_POINT('',#2580);
#1215=VERTEX_POINT('',#2581);
#1216=VERTEX_POINT('',#2583);
#1217=VERTEX_POINT('',#2585);
#1218=VERTEX_POINT('',#2588);
#1219=VERTEX_POINT('',#2590);
#1220=VERTEX_POINT('',#2592);
#1221=VERTEX_POINT('',#2594);
#1222=VERTEX_POINT('',#2596);
#1223=VERTEX_POINT('',#2598);
#1224=VERTEX_POINT('',#2600);
#1225=VERTEX_POINT('',#2602);
#1226=VERTEX_POINT('',#2604);
#1227=VERTEX_POINT('',#2605);
#1228=VERTEX_POINT('',#2607);
#1229=VERTEX_POINT('',#2609);
#1230=VERTEX_POINT('',#2611);
#1231=VERTEX_POINT('',#2613);
#1232=VERTEX_POINT('',#2615);
#1233=VERTEX_POINT('',#2617);
#1234=VERTEX_POINT('',#2619);
#1235=VERTEX_POINT('',#2621);
#1236=VERTEX_POINT('',#2623);
#1237=VERTEX_POINT('',#2625);
#1238=VERTEX_POINT('',#2627);
#1239=VERTEX_POINT('',#2629);
#1240=VERTEX_POINT('',#2631);
#1241=VERTEX_POINT('',#2633);
#1242=VERTEX_POINT('',#2635);
#1243=VERTEX_POINT('',#2637);
#1244=VERTEX_POINT('',#2639);
#1245=VERTEX_POINT('',#2641);
#1246=VERTEX_POINT('',#2643);
#1247=VERTEX_POINT('',#2645);
#1248=VERTEX_POINT('',#2647);
#1249=VERTEX_POINT('',#2649);
#1250=VERTEX_POINT('',#2651);
#1251=VERTEX_POINT('',#2653);
#1252=VERTEX_POINT('',#2655);
#1253=VERTEX_POINT('',#2657);
#1254=VERTEX_POINT('',#2659);
#1255=VERTEX_POINT('',#2661);
#1256=VERTEX_POINT('',#2663);
#1257=VERTEX_POINT('',#2665);
#1258=VERTEX_POINT('',#2669);
#1259=VERTEX_POINT('',#2670);
#1260=VERTEX_POINT('',#2672);
#1261=VERTEX_POINT('',#2674);
#1262=VERTEX_POINT('',#2678);
#1263=VERTEX_POINT('',#2679);
#1264=VERTEX_POINT('',#2681);
#1265=VERTEX_POINT('',#2683);
#1266=VERTEX_POINT('',#2687);
#1267=VERTEX_POINT('',#2688);
#1268=VERTEX_POINT('',#2690);
#1269=VERTEX_POINT('',#2692);
#1270=VERTEX_POINT('',#2696);
#1271=VERTEX_POINT('',#2697);
#1272=VERTEX_POINT('',#2699);
#1273=VERTEX_POINT('',#2701);
#1274=VERTEX_POINT('',#2705);
#1275=VERTEX_POINT('',#2706);
#1276=VERTEX_POINT('',#2708);
#1277=VERTEX_POINT('',#2710);
#1278=VERTEX_POINT('',#2714);
#1279=VERTEX_POINT('',#2715);
#1280=VERTEX_POINT('',#2717);
#1281=VERTEX_POINT('',#2719);
#1282=VERTEX_POINT('',#2723);
#1283=VERTEX_POINT('',#2724);
#1284=VERTEX_POINT('',#2726);
#1285=VERTEX_POINT('',#2728);
#1286=VERTEX_POINT('',#2732);
#1287=VERTEX_POINT('',#2734);
#1288=VERTEX_POINT('',#2737);
#1289=VERTEX_POINT('',#2739);
#1290=VERTEX_POINT('',#2742);
#1291=VERTEX_POINT('',#2744);
#1292=VERTEX_POINT('',#2747);
#1293=VERTEX_POINT('',#2749);
#1294=VERTEX_POINT('',#2752);
#1295=VERTEX_POINT('',#2754);
#1296=VERTEX_POINT('',#2757);
#1297=VERTEX_POINT('',#2759);
#1298=VERTEX_POINT('',#2762);
#1299=VERTEX_POINT('',#2764);
#1300=VERTEX_POINT('',#2766);
#1301=VERTEX_POINT('',#2768);
#1302=VERTEX_POINT('',#2770);
#1303=VERTEX_POINT('',#2772);
#1304=VERTEX_POINT('',#2775);
#1305=VERTEX_POINT('',#2777);
#1306=VERTEX_POINT('',#2778);
#1307=VERTEX_POINT('',#2780);
#1308=VERTEX_POINT('',#2782);
#1309=VERTEX_POINT('',#2785);
#1310=VERTEX_POINT('',#2787);
#1311=VERTEX_POINT('',#2788);
#1312=VERTEX_POINT('',#2790);
#1313=VERTEX_POINT('',#2792);
#1314=VERTEX_POINT('',#2795);
#1315=VERTEX_POINT('',#2797);
#1316=VERTEX_POINT('',#2799);
#1317=VERTEX_POINT('',#2800);
#1318=VERTEX_POINT('',#2802);
#1319=VERTEX_POINT('',#2804);
#1320=VERTEX_POINT('',#2807);
#1321=VERTEX_POINT('',#2809);
#1322=VERTEX_POINT('',#2811);
#1323=VERTEX_POINT('',#2812);
#1324=VERTEX_POINT('',#2814);
#1325=VERTEX_POINT('',#2816);
#1326=VERTEX_POINT('',#2819);
#1327=VERTEX_POINT('',#2821);
#1328=VERTEX_POINT('',#2823);
#1329=VERTEX_POINT('',#2824);
#1330=VERTEX_POINT('',#2827);
#1331=VERTEX_POINT('',#2828);
#1332=VERTEX_POINT('',#2830);
#1333=VERTEX_POINT('',#2832);
#1334=VERTEX_POINT('',#2835);
#1335=VERTEX_POINT('',#2836);
#1336=VERTEX_POINT('',#2838);
#1337=VERTEX_POINT('',#2840);
#1338=VERTEX_POINT('',#2843);
#1339=VERTEX_POINT('',#2844);
#1340=VERTEX_POINT('',#2846);
#1341=VERTEX_POINT('',#2848);
#1342=VERTEX_POINT('',#2851);
#1343=VERTEX_POINT('',#2852);
#1344=VERTEX_POINT('',#2854);
#1345=VERTEX_POINT('',#2856);
#1346=VERTEX_POINT('',#2863);
#1347=VERTEX_POINT('',#2865);
#1348=VERTEX_POINT('',#2941);
#1349=VERTEX_POINT('',#2943);
#1350=VERTEX_POINT('',#2947);
#1351=VERTEX_POINT('',#2949);
#1352=VERTEX_POINT('',#2955);
#1353=VERTEX_POINT('',#2958);
#1354=VERTEX_POINT('',#2961);
#1355=VERTEX_POINT('',#2966);
#1356=CIRCLE('',#1876,0.0015);
#1357=CIRCLE('',#1877,0.0015);
#1358=CIRCLE('',#1878,0.0015);
#1359=CIRCLE('',#1879,0.0015);
#1360=CIRCLE('',#1880,0.01875);
#1361=CIRCLE('',#1881,0.0025);
#1362=CIRCLE('',#1882,0.0025);
#1363=CIRCLE('',#1883,0.0025);
#1364=CIRCLE('',#1884,0.0025);
#1365=CIRCLE('',#1885,0.0025);
#1366=CIRCLE('',#1886,0.0025);
#1367=CIRCLE('',#1887,0.0025);
#1368=CIRCLE('',#1888,0.0025);
#1369=CIRCLE('',#1889,0.0392293704116245);
#1370=CIRCLE('',#1890,0.0392293704116245);
#1371=CIRCLE('',#1891,0.0392293704116245);
#1372=CIRCLE('',#1892,0.0392293704116245);
#1373=CIRCLE('',#1893,0.0392293704116245);
#1374=CIRCLE('',#1894,0.0392293704116245);
#1375=CIRCLE('',#1895,0.0392293704116245);
#1376=CIRCLE('',#1896,0.0392293704116245);
#1377=CIRCLE('',#1898,0.04);
#1378=CIRCLE('',#1899,0.04);
#1379=CIRCLE('',#1901,0.04);
#1380=CIRCLE('',#1902,0.04);
#1381=CIRCLE('',#1904,0.04);
#1382=CIRCLE('',#1905,0.04);
#1383=CIRCLE('',#1907,0.04);
#1384=CIRCLE('',#1908,0.04);
#1385=CIRCLE('',#1910,0.04);
#1386=CIRCLE('',#1911,0.04);
#1387=CIRCLE('',#1913,0.04);
#1388=CIRCLE('',#1914,0.04);
#1389=CIRCLE('',#1916,0.04);
#1390=CIRCLE('',#1917,0.04);
#1391=CIRCLE('',#1919,0.04);
#1392=CIRCLE('',#1920,0.0025);
#1393=CIRCLE('',#1921,0.0025);
#1394=CIRCLE('',#1922,0.0025);
#1395=CIRCLE('',#1923,0.0025);
#1396=CIRCLE('',#1924,0.0025);
#1397=CIRCLE('',#1925,0.0025);
#1398=CIRCLE('',#1926,0.0025);
#1399=CIRCLE('',#1927,0.0025);
#1400=CIRCLE('',#1928,0.01875);
#1401=CIRCLE('',#1929,0.01875);
#1402=CIRCLE('',#1932,0.04);
#1403=CIRCLE('',#1974,0.01875);
#1404=CIRCLE('',#1978,0.0015);
#1405=CIRCLE('',#1980,0.0015);
#1406=CIRCLE('',#1982,0.0015);
#1407=CIRCLE('',#1985,0.0015);
#1408=CIRCLE('',#1988,0.28509851767687);
#1409=CIRCLE('',#1989,0.28509851767687);
#1410=CIRCLE('',#1993,0.285098517676816);
#1411=CIRCLE('',#1994,0.285098517676816);
#1412=CIRCLE('',#1998,0.28509851767687);
#1413=CIRCLE('',#1999,0.28509851767687);
#1414=CIRCLE('',#2003,0.285098517676816);
#1415=CIRCLE('',#2004,0.285098517676816);
#1416=CIRCLE('',#2008,0.28509851767687);
#1417=CIRCLE('',#2009,0.28509851767687);
#1418=CIRCLE('',#2013,0.285098517676823);
#1419=CIRCLE('',#2014,0.285098517676823);
#1420=CIRCLE('',#2018,0.28509851767687);
#1421=CIRCLE('',#2019,0.28509851767687);
#1422=CIRCLE('',#2023,0.285098517676835);
#1423=CIRCLE('',#2024,0.285098517676835);
#1424=EDGE_LOOP('',(#410));
#1425=EDGE_LOOP('',(#411));
#1426=EDGE_LOOP('',(#412));
#1427=EDGE_LOOP('',(#413));
#1428=EDGE_LOOP('',(#414,#415,#416,#417));
#1429=EDGE_LOOP('',(#418,#419,#420,#421));
#1430=EDGE_LOOP('',(#422,#423,#424,#425));
#1431=EDGE_LOOP('',(#426,#427,#428,#429));
#1432=EDGE_LOOP('',(#430,#431,#432,#433));
#1433=EDGE_LOOP('',(#434,#435,#436,#437));
#1434=EDGE_LOOP('',(#438,#439,#440,#441));
#1435=EDGE_LOOP('',(#442,#443,#444,#445));
#1436=EDGE_LOOP('',(#446,#447,#448,#449));
#1437=EDGE_LOOP('',(#450));
#1438=EDGE_LOOP('',(#451));
#1439=EDGE_LOOP('',(#452));
#1440=EDGE_LOOP('',(#453));
#1441=EDGE_LOOP('',(#454));
#1442=EDGE_LOOP('',(#455));
#1443=EDGE_LOOP('',(#456));
#1444=EDGE_LOOP('',(#457));
#1445=EDGE_LOOP('',(#458,#459,#460,#461,#462,#463,#464,#465,#466,#467,#468,
#469,#470,#471,#472,#473,#474,#475,#476,#477,#478,#479,#480,#481,#482,#483,
#484,#485,#486,#487,#488,#489));
#1446=EDGE_LOOP('',(#490,#491,#492,#493));
#1447=EDGE_LOOP('',(#494,#495,#496,#497));
#1448=EDGE_LOOP('',(#498,#499,#500,#501));
#1449=EDGE_LOOP('',(#502,#503,#504,#505));
#1450=EDGE_LOOP('',(#506,#507,#508,#509));
#1451=EDGE_LOOP('',(#510,#511,#512,#513));
#1452=EDGE_LOOP('',(#514,#515,#516,#517));
#1453=EDGE_LOOP('',(#518,#519,#520,#521,#522,#523,#524,#525,#526,#527,#528,
#529,#530,#531,#532,#533,#534,#535,#536,#537,#538,#539,#540,#541,#542,#543,
#544,#545,#546,#547,#548,#549));
#1454=EDGE_LOOP('',(#550));
#1455=EDGE_LOOP('',(#551,#552,#553,#554));
#1456=EDGE_LOOP('',(#555));
#1457=EDGE_LOOP('',(#556,#557,#558,#559));
#1458=EDGE_LOOP('',(#560));
#1459=EDGE_LOOP('',(#561));
#1460=EDGE_LOOP('',(#562,#563,#564,#565));
#1461=EDGE_LOOP('',(#566));
#1462=EDGE_LOOP('',(#567));
#1463=EDGE_LOOP('',(#568,#569,#570,#571));
#1464=EDGE_LOOP('',(#572));
#1465=EDGE_LOOP('',(#573));
#1466=EDGE_LOOP('',(#574,#575));
#1467=EDGE_LOOP('',(#576,#577,#578,#579));
#1468=EDGE_LOOP('',(#580,#581,#582,#583));
#1469=EDGE_LOOP('',(#584,#585,#586,#587));
#1470=EDGE_LOOP('',(#588,#589,#590,#591));
#1471=EDGE_LOOP('',(#592,#593,#594,#595));
#1472=EDGE_LOOP('',(#596,#597,#598,#599));
#1473=EDGE_LOOP('',(#600));
#1474=EDGE_LOOP('',(#601));
#1475=EDGE_LOOP('',(#602));
#1476=EDGE_LOOP('',(#603));
#1477=EDGE_LOOP('',(#604,#605,#606,#607));
#1478=EDGE_LOOP('',(#608,#609,#610,#611));
#1479=EDGE_LOOP('',(#612,#613,#614,#615));
#1480=EDGE_LOOP('',(#616,#617,#618,#619));
#1481=EDGE_LOOP('',(#620,#621,#622,#623));
#1482=EDGE_LOOP('',(#624,#625,#626,#627));
#1483=EDGE_LOOP('',(#628,#629,#630,#631));
#1484=EDGE_LOOP('',(#632,#633,#634,#635));
#1485=EDGE_LOOP('',(#636));
#1486=EDGE_LOOP('',(#637));
#1487=EDGE_LOOP('',(#638));
#1488=EDGE_LOOP('',(#639));
#1489=EDGE_LOOP('',(#640,#641,#642,#643));
#1490=EDGE_LOOP('',(#644,#645,#646,#647));
#1491=EDGE_LOOP('',(#648,#649,#650,#651));
#1492=EDGE_LOOP('',(#652,#653,#654,#655));
#1493=EDGE_LOOP('',(#656,#657,#658,#659));
#1494=EDGE_LOOP('',(#660,#661,#662,#663));
#1495=EDGE_LOOP('',(#664,#665,#666,#667));
#1496=EDGE_LOOP('',(#668,#669,#670,#671));
#1497=EDGE_LOOP('',(#672));
#1498=EDGE_LOOP('',(#673));
#1499=EDGE_LOOP('',(#674));
#1500=EDGE_LOOP('',(#675));
#1501=EDGE_LOOP('',(#676,#677,#678,#679));
#1502=EDGE_LOOP('',(#680,#681,#682,#683));
#1503=EDGE_LOOP('',(#684,#685,#686,#687));
#1504=EDGE_LOOP('',(#688,#689,#690,#691));
#1505=EDGE_LOOP('',(#692,#693,#694,#695));
#1506=EDGE_LOOP('',(#696,#697,#698,#699));
#1507=EDGE_LOOP('',(#700,#701,#702,#703));
#1508=EDGE_LOOP('',(#704,#705,#706,#707));
#1509=EDGE_LOOP('',(#708));
#1510=EDGE_LOOP('',(#709));
#1511=EDGE_LOOP('',(#710,#711,#712,#713));
#1512=EDGE_LOOP('',(#714,#715,#716,#717));
#1513=EDGE_LOOP('',(#718,#719,#720,#721));
#1514=EDGE_LOOP('',(#722,#723,#724,#725));
#1515=EDGE_LOOP('',(#726,#727,#728,#729));
#1516=EDGE_LOOP('',(#730,#731,#732,#733));
#1517=EDGE_LOOP('',(#734,#735,#736,#737));
#1518=EDGE_LOOP('',(#738,#739,#740,#741));
#1519=EDGE_LOOP('',(#742));
#1520=EDGE_LOOP('',(#743));
#1521=EDGE_LOOP('',(#744,#745,#746,#747));
#1522=EDGE_LOOP('',(#748,#749,#750,#751));
#1523=EDGE_LOOP('',(#752,#753,#754,#755,#756));
#1524=EDGE_LOOP('',(#757));
#1525=EDGE_LOOP('',(#758));
#1526=EDGE_LOOP('',(#759));
#1527=EDGE_LOOP('',(#760));
#1528=EDGE_LOOP('',(#761));
#1529=EDGE_LOOP('',(#762));
#1530=EDGE_LOOP('',(#763,#764,#765,#766,#767));
#1531=EDGE_LOOP('',(#768));
#1532=EDGE_LOOP('',(#769));
#1533=EDGE_LOOP('',(#770,#771,#772,#773));
#1534=EDGE_LOOP('',(#774));
#1535=EDGE_LOOP('',(#775));
#1536=EDGE_LOOP('',(#776));
#1537=EDGE_LOOP('',(#777));
#1538=EDGE_LOOP('',(#778,#779,#780,#781));
#1539=EDGE_LOOP('',(#782,#783,#784,#785,#786));
#1540=EDGE_LOOP('',(#787,#788,#789,#790,#791));
#1541=EDGE_LOOP('',(#792,#793,#794,#795));
#1542=EDGE_LOOP('',(#796,#797,#798,#799,#800));
#1543=EDGE_LOOP('',(#801,#802,#803,#804,#805));
#1544=EDGE_LOOP('',(#806,#807,#808,#809));
#1545=EDGE_LOOP('',(#810,#811,#812,#813,#814));
#1546=EDGE_LOOP('',(#815,#816,#817,#818,#819));
#1547=EDGE_LOOP('',(#820,#821,#822,#823));
#1548=EDGE_LOOP('',(#824,#825,#826,#827,#828));
#1549=EDGE_LOOP('',(#829,#830,#831,#832,#833));
#1550=EDGE_LOOP('',(#834,#835,#836,#837));
#1551=EDGE_LOOP('',(#838,#839,#840,#841,#842));
#1552=EDGE_LOOP('',(#843,#844,#845,#846,#847));
#1553=EDGE_LOOP('',(#848,#849,#850,#851));
#1554=EDGE_LOOP('',(#852,#853,#854,#855,#856));
#1555=EDGE_LOOP('',(#857,#858,#859,#860,#861));
#1556=EDGE_LOOP('',(#862,#863,#864,#865));
#1557=EDGE_LOOP('',(#866,#867,#868,#869,#870));
#1558=EDGE_LOOP('',(#871,#872,#873,#874,#875));
#1559=EDGE_LOOP('',(#876,#877,#878,#879));
#1560=EDGE_LOOP('',(#880,#881,#882,#883,#884));
#1561=EDGE_LOOP('',(#885,#886,#887,#888,#889));
#1562=EDGE_LOOP('',(#890,#891,#892,#893));
#1563=EDGE_LOOP('',(#894,#895,#896,#897));
#1564=EDGE_LOOP('',(#898,#899,#900,#901));
#1565=EDGE_LOOP('',(#902,#903,#904,#905));
#1566=EDGE_LOOP('',(#906,#907,#908,#909));
#1567=EDGE_LOOP('',(#910,#911,#912,#913));
#1568=EDGE_LOOP('',(#914,#915,#916,#917));
#1569=EDGE_LOOP('',(#918,#919,#920,#921));
#1570=FACE_BOUND('',#1424,.T.);
#1571=FACE_BOUND('',#1425,.T.);
#1572=FACE_BOUND('',#1426,.T.);
#1573=FACE_BOUND('',#1427,.T.);
#1574=FACE_BOUND('',#1428,.T.);
#1575=FACE_BOUND('',#1429,.T.);
#1576=FACE_BOUND('',#1430,.T.);
#1577=FACE_BOUND('',#1431,.T.);
#1578=FACE_BOUND('',#1432,.T.);
#1579=FACE_BOUND('',#1433,.T.);
#1580=FACE_BOUND('',#1434,.T.);
#1581=FACE_BOUND('',#1435,.T.);
#1582=FACE_BOUND('',#1436,.T.);
#1583=FACE_BOUND('',#1437,.T.);
#1584=FACE_BOUND('',#1438,.T.);
#1585=FACE_BOUND('',#1439,.T.);
#1586=FACE_BOUND('',#1440,.T.);
#1587=FACE_BOUND('',#1441,.T.);
#1588=FACE_BOUND('',#1442,.T.);
#1589=FACE_BOUND('',#1443,.T.);
#1590=FACE_BOUND('',#1444,.T.);
#1591=FACE_BOUND('',#1445,.T.);
#1592=FACE_BOUND('',#1446,.T.);
#1593=FACE_BOUND('',#1447,.T.);
#1594=FACE_BOUND('',#1448,.T.);
#1595=FACE_BOUND('',#1449,.T.);
#1596=FACE_BOUND('',#1450,.T.);
#1597=FACE_BOUND('',#1451,.T.);
#1598=FACE_BOUND('',#1452,.T.);
#1599=FACE_BOUND('',#1453,.T.);
#1600=FACE_BOUND('',#1454,.T.);
#1601=FACE_BOUND('',#1455,.T.);
#1602=FACE_BOUND('',#1456,.T.);
#1603=FACE_BOUND('',#1457,.T.);
#1604=FACE_BOUND('',#1458,.T.);
#1605=FACE_BOUND('',#1459,.T.);
#1606=FACE_BOUND('',#1460,.T.);
#1607=FACE_BOUND('',#1461,.T.);
#1608=FACE_BOUND('',#1462,.T.);
#1609=FACE_BOUND('',#1463,.T.);
#1610=FACE_BOUND('',#1464,.T.);
#1611=FACE_BOUND('',#1465,.T.);
#1612=FACE_BOUND('',#1466,.T.);
#1613=FACE_BOUND('',#1467,.T.);
#1614=FACE_BOUND('',#1468,.T.);
#1615=FACE_BOUND('',#1469,.T.);
#1616=FACE_BOUND('',#1470,.T.);
#1617=FACE_BOUND('',#1471,.T.);
#1618=FACE_BOUND('',#1472,.T.);
#1619=FACE_BOUND('',#1473,.T.);
#1620=FACE_BOUND('',#1474,.T.);
#1621=FACE_BOUND('',#1475,.T.);
#1622=FACE_BOUND('',#1476,.T.);
#1623=FACE_BOUND('',#1477,.T.);
#1624=FACE_BOUND('',#1478,.T.);
#1625=FACE_BOUND('',#1479,.T.);
#1626=FACE_BOUND('',#1480,.T.);
#1627=FACE_BOUND('',#1481,.T.);
#1628=FACE_BOUND('',#1482,.T.);
#1629=FACE_BOUND('',#1483,.T.);
#1630=FACE_BOUND('',#1484,.T.);
#1631=FACE_BOUND('',#1485,.T.);
#1632=FACE_BOUND('',#1486,.T.);
#1633=FACE_BOUND('',#1487,.T.);
#1634=FACE_BOUND('',#1488,.T.);
#1635=FACE_BOUND('',#1489,.T.);
#1636=FACE_BOUND('',#1490,.T.);
#1637=FACE_BOUND('',#1491,.T.);
#1638=FACE_BOUND('',#1492,.T.);
#1639=FACE_BOUND('',#1493,.T.);
#1640=FACE_BOUND('',#1494,.T.);
#1641=FACE_BOUND('',#1495,.T.);
#1642=FACE_BOUND('',#1496,.T.);
#1643=FACE_BOUND('',#1497,.T.);
#1644=FACE_BOUND('',#1498,.T.);
#1645=FACE_BOUND('',#1499,.T.);
#1646=FACE_BOUND('',#1500,.T.);
#1647=FACE_BOUND('',#1501,.T.);
#1648=FACE_BOUND('',#1502,.T.);
#1649=FACE_BOUND('',#1503,.T.);
#1650=FACE_BOUND('',#1504,.T.);
#1651=FACE_BOUND('',#1505,.T.);
#1652=FACE_BOUND('',#1506,.T.);
#1653=FACE_BOUND('',#1507,.T.);
#1654=FACE_BOUND('',#1508,.T.);
#1655=FACE_BOUND('',#1509,.T.);
#1656=FACE_BOUND('',#1510,.T.);
#1657=FACE_BOUND('',#1511,.T.);
#1658=FACE_BOUND('',#1512,.T.);
#1659=FACE_BOUND('',#1513,.T.);
#1660=FACE_BOUND('',#1514,.T.);
#1661=FACE_BOUND('',#1515,.T.);
#1662=FACE_BOUND('',#1516,.T.);
#1663=FACE_BOUND('',#1517,.T.);
#1664=FACE_BOUND('',#1518,.T.);
#1665=FACE_BOUND('',#1519,.T.);
#1666=FACE_BOUND('',#1520,.T.);
#1667=FACE_BOUND('',#1521,.T.);
#1668=FACE_BOUND('',#1522,.T.);
#1669=FACE_BOUND('',#1523,.T.);
#1670=FACE_BOUND('',#1524,.T.);
#1671=FACE_BOUND('',#1525,.T.);
#1672=FACE_BOUND('',#1526,.T.);
#1673=FACE_BOUND('',#1527,.T.);
#1674=FACE_BOUND('',#1528,.T.);
#1675=FACE_BOUND('',#1529,.T.);
#1676=FACE_BOUND('',#1530,.T.);
#1677=FACE_BOUND('',#1531,.T.);
#1678=FACE_BOUND('',#1532,.T.);
#1679=FACE_BOUND('',#1533,.T.);
#1680=FACE_BOUND('',#1534,.T.);
#1681=FACE_BOUND('',#1535,.T.);
#1682=FACE_BOUND('',#1536,.T.);
#1683=FACE_BOUND('',#1537,.T.);
#1684=FACE_BOUND('',#1538,.T.);
#1685=FACE_BOUND('',#1539,.T.);
#1686=FACE_BOUND('',#1540,.T.);
#1687=FACE_BOUND('',#1541,.T.);
#1688=FACE_BOUND('',#1542,.T.);
#1689=FACE_BOUND('',#1543,.T.);
#1690=FACE_BOUND('',#1544,.T.);
#1691=FACE_BOUND('',#1545,.T.);
#1692=FACE_BOUND('',#1546,.T.);
#1693=FACE_BOUND('',#1547,.T.);
#1694=FACE_BOUND('',#1548,.T.);
#1695=FACE_BOUND('',#1549,.T.);
#1696=FACE_BOUND('',#1550,.T.);
#1697=FACE_BOUND('',#1551,.T.);
#1698=FACE_BOUND('',#1552,.T.);
#1699=FACE_BOUND('',#1553,.T.);
#1700=FACE_BOUND('',#1554,.T.);
#1701=FACE_BOUND('',#1555,.T.);
#1702=FACE_BOUND('',#1556,.T.);
#1703=FACE_BOUND('',#1557,.T.);
#1704=FACE_BOUND('',#1558,.T.);
#1705=FACE_BOUND('',#1559,.T.);
#1706=FACE_BOUND('',#1560,.T.);
#1707=FACE_BOUND('',#1561,.T.);
#1708=FACE_BOUND('',#1562,.T.);
#1709=FACE_BOUND('',#1563,.T.);
#1710=FACE_BOUND('',#1564,.T.);
#1711=FACE_BOUND('',#1565,.T.);
#1712=FACE_BOUND('',#1566,.T.);
#1713=FACE_BOUND('',#1567,.T.);
#1714=FACE_BOUND('',#1568,.T.);
#1715=FACE_BOUND('',#1569,.T.);
#1716=PLANE('',#1875);
#1717=PLANE('',#1918);
#1718=PLANE('',#1935);
#1719=PLANE('',#1936);
#1720=PLANE('',#1937);
#1721=PLANE('',#1938);
#1722=PLANE('',#1939);
#1723=PLANE('',#1940);
#1724=PLANE('',#1941);
#1725=PLANE('',#1942);
#1726=PLANE('',#1945);
#1727=PLANE('',#1946);
#1728=PLANE('',#1947);
#1729=PLANE('',#1948);
#1730=PLANE('',#1949);
#1731=PLANE('',#1950);
#1732=PLANE('',#1951);
#1733=PLANE('',#1952);
#1734=PLANE('',#1955);
#1735=PLANE('',#1956);
#1736=PLANE('',#1957);
#1737=PLANE('',#1958);
#1738=PLANE('',#1959);
#1739=PLANE('',#1960);
#1740=PLANE('',#1961);
#1741=PLANE('',#1962);
#1742=PLANE('',#1964);
#1743=PLANE('',#1965);
#1744=PLANE('',#1966);
#1745=PLANE('',#1967);
#1746=PLANE('',#1968);
#1747=PLANE('',#1969);
#1748=PLANE('',#1970);
#1749=PLANE('',#1971);
#1750=PLANE('',#1975);
#1751=PLANE('',#1976);
#1752=PLANE('',#1983);
#1753=PLANE('',#1986);
#1754=PLANE('',#1990);
#1755=PLANE('',#1991);
#1756=PLANE('',#1995);
#1757=PLANE('',#1996);
#1758=PLANE('',#2000);
#1759=PLANE('',#2001);
#1760=PLANE('',#2005);
#1761=PLANE('',#2006);
#1762=PLANE('',#2010);
#1763=PLANE('',#2011);
#1764=PLANE('',#2015);
#1765=PLANE('',#2016);
#1766=PLANE('',#2020);
#1767=PLANE('',#2021);
#1768=PLANE('',#2025);
#1769=PLANE('',#2026);
#1770=ADVANCED_FACE('',(#1570,#1571,#1572,#1573,#1574,#1575,#1576,#1577,
#1578,#1579,#1580,#1581,#1582,#1583,#1584,#1585,#1586,#1587,#1588,#1589,
#1590,#1591),#1716,.F.);
#1771=ADVANCED_FACE('',(#1592),#36,.T.);
#1772=ADVANCED_FACE('',(#1593),#37,.T.);
#1773=ADVANCED_FACE('',(#1594),#38,.T.);
#1774=ADVANCED_FACE('',(#1595),#39,.T.);
#1775=ADVANCED_FACE('',(#1596),#40,.T.);
#1776=ADVANCED_FACE('',(#1597),#41,.T.);
#1777=ADVANCED_FACE('',(#1598),#42,.T.);
#1778=ADVANCED_FACE('',(#1599,#1600,#1601,#1602,#1603,#1604,#1605,#1606,
#1607,#1608,#1609,#1610,#1611,#1612,#1613,#1614,#1615,#1616),#1717,.T.);
#1779=ADVANCED_FACE('',(#1617),#43,.F.);
#1780=ADVANCED_FACE('',(#1618),#44,.T.);
#1781=ADVANCED_FACE('',(#1619,#1620),#45,.F.);
#1782=ADVANCED_FACE('',(#1621,#1622),#46,.F.);
#1783=ADVANCED_FACE('',(#1623),#1718,.F.);
#1784=ADVANCED_FACE('',(#1624),#1719,.F.);
#1785=ADVANCED_FACE('',(#1625),#1720,.F.);
#1786=ADVANCED_FACE('',(#1626),#1721,.F.);
#1787=ADVANCED_FACE('',(#1627),#1722,.F.);
#1788=ADVANCED_FACE('',(#1628),#1723,.F.);
#1789=ADVANCED_FACE('',(#1629),#1724,.F.);
#1790=ADVANCED_FACE('',(#1630),#1725,.F.);
#1791=ADVANCED_FACE('',(#1631,#1632),#47,.F.);
#1792=ADVANCED_FACE('',(#1633,#1634),#48,.F.);
#1793=ADVANCED_FACE('',(#1635),#1726,.F.);
#1794=ADVANCED_FACE('',(#1636),#1727,.F.);
#1795=ADVANCED_FACE('',(#1637),#1728,.F.);
#1796=ADVANCED_FACE('',(#1638),#1729,.F.);
#1797=ADVANCED_FACE('',(#1639),#1730,.F.);
#1798=ADVANCED_FACE('',(#1640),#1731,.F.);
#1799=ADVANCED_FACE('',(#1641),#1732,.F.);
#1800=ADVANCED_FACE('',(#1642),#1733,.F.);
#1801=ADVANCED_FACE('',(#1643,#1644),#49,.F.);
#1802=ADVANCED_FACE('',(#1645,#1646),#50,.F.);
#1803=ADVANCED_FACE('',(#1647),#1734,.F.);
#1804=ADVANCED_FACE('',(#1648),#1735,.F.);
#1805=ADVANCED_FACE('',(#1649),#1736,.F.);
#1806=ADVANCED_FACE('',(#1650),#1737,.F.);
#1807=ADVANCED_FACE('',(#1651),#1738,.F.);
#1808=ADVANCED_FACE('',(#1652),#1739,.F.);
#1809=ADVANCED_FACE('',(#1653),#1740,.F.);
#1810=ADVANCED_FACE('',(#1654),#1741,.F.);
#1811=ADVANCED_FACE('',(#1655,#1656),#51,.F.);
#1812=ADVANCED_FACE('',(#1657),#1742,.F.);
#1813=ADVANCED_FACE('',(#1658),#1743,.F.);
#1814=ADVANCED_FACE('',(#1659),#1744,.F.);
#1815=ADVANCED_FACE('',(#1660),#1745,.F.);
#1816=ADVANCED_FACE('',(#1661),#1746,.F.);
#1817=ADVANCED_FACE('',(#1662),#1747,.F.);
#1818=ADVANCED_FACE('',(#1663),#1748,.F.);
#1819=ADVANCED_FACE('',(#1664),#1749,.F.);
#1820=ADVANCED_FACE('',(#1665,#1666),#52,.F.);
#1821=ADVANCED_FACE('',(#1667),#53,.T.);
#1822=ADVANCED_FACE('',(#1668),#1750,.T.);
#1823=ADVANCED_FACE('',(#1669),#1751,.F.);
#1824=ADVANCED_FACE('',(#1670,#1671),#54,.F.);
#1825=ADVANCED_FACE('',(#1672,#1673),#55,.F.);
#1826=ADVANCED_FACE('',(#1674,#1675),#56,.F.);
#1827=ADVANCED_FACE('',(#1676),#1752,.T.);
#1828=ADVANCED_FACE('',(#1677,#1678),#57,.F.);
#1829=ADVANCED_FACE('',(#1679,#1680,#1681,#1682,#1683),#1753,.T.);
#1830=ADVANCED_FACE('',(#1684),#58,.T.);
#1831=ADVANCED_FACE('',(#1685),#1754,.F.);
#1832=ADVANCED_FACE('',(#1686),#1755,.T.);
#1833=ADVANCED_FACE('',(#1687),#59,.T.);
#1834=ADVANCED_FACE('',(#1688),#1756,.F.);
#1835=ADVANCED_FACE('',(#1689),#1757,.T.);
#1836=ADVANCED_FACE('',(#1690),#60,.T.);
#1837=ADVANCED_FACE('',(#1691),#1758,.F.);
#1838=ADVANCED_FACE('',(#1692),#1759,.T.);
#1839=ADVANCED_FACE('',(#1693),#61,.T.);
#1840=ADVANCED_FACE('',(#1694),#1760,.F.);
#1841=ADVANCED_FACE('',(#1695),#1761,.T.);
#1842=ADVANCED_FACE('',(#1696),#62,.T.);
#1843=ADVANCED_FACE('',(#1697),#1762,.F.);
#1844=ADVANCED_FACE('',(#1698),#1763,.T.);
#1845=ADVANCED_FACE('',(#1699),#63,.T.);
#1846=ADVANCED_FACE('',(#1700),#1764,.F.);
#1847=ADVANCED_FACE('',(#1701),#1765,.T.);
#1848=ADVANCED_FACE('',(#1702),#64,.T.);
#1849=ADVANCED_FACE('',(#1703),#1766,.F.);
#1850=ADVANCED_FACE('',(#1704),#1767,.T.);
#1851=ADVANCED_FACE('',(#1705),#65,.T.);
#1852=ADVANCED_FACE('',(#1706),#1768,.F.);
#1853=ADVANCED_FACE('',(#1707),#1769,.T.);
#1854=ADVANCED_FACE('',(#1708),#12,.F.);
#1855=ADVANCED_FACE('',(#1709),#13,.F.);
#1856=ADVANCED_FACE('',(#1710),#14,.F.);
#1857=ADVANCED_FACE('',(#1711),#15,.F.);
#1858=ADVANCED_FACE('',(#1712),#16,.F.);
#1859=ADVANCED_FACE('',(#1713),#17,.F.);
#1860=ADVANCED_FACE('',(#1714),#18,.F.);
#1861=ADVANCED_FACE('',(#1715),#19,.F.);
#1862=CLOSED_SHELL('',(#1770,#1771,#1772,#1773,#1774,#1775,#1776,#1777,
#1778,#1779,#1780,#1781,#1782,#1783,#1784,#1785,#1786,#1787,#1788,#1789,
#1790,#1791,#1792,#1793,#1794,#1795,#1796,#1797,#1798,#1799,#1800,#1801,
#1802,#1803,#1804,#1805,#1806,#1807,#1808,#1809,#1810,#1811,#1812,#1813,
#1814,#1815,#1816,#1817,#1818,#1819,#1820,#1821,#1822,#1823,#1824,#1825,
#1826,#1827,#1828,#1829,#1830,#1831,#1832,#1833,#1834,#1835,#1836,#1837,
#1838,#1839,#1840,#1841,#1842,#1843,#1844,#1845,#1846,#1847,#1848,#1849,
#1850,#1851,#1852,#1853,#1854,#1855,#1856,#1857,#1858,#1859,#1860,#1861));
#1863=STYLED_ITEM('',(#1864),#1871);
#1864=PRESENTATION_STYLE_ASSIGNMENT((#1865));
#1865=SURFACE_STYLE_USAGE(.BOTH.,#1866);
#1866=SURFACE_SIDE_STYLE('',(#1867));
#1867=SURFACE_STYLE_FILL_AREA(#1868);
#1868=FILL_AREA_STYLE('',(#1869));
#1869=FILL_AREA_STYLE_COLOUR('',#1870);
#1870=COLOUR_RGB('',0.231372549019608,0.380392156862745,0.705882352941177);
#1871=MANIFOLD_SOLID_BREP('Motor Mount',#1862);
#1872=SHAPE_DEFINITION_REPRESENTATION(#3206,#1873);
#1873=SHAPE_REPRESENTATION('Motor Mount',(#1874),#3201);
#1874=AXIS2_PLACEMENT_3D('',#2505,#2027,#2028);
#1875=AXIS2_PLACEMENT_3D('',#2506,#2029,#2030);
#1876=AXIS2_PLACEMENT_3D('',#2507,#2031,#2032);
#1877=AXIS2_PLACEMENT_3D('',#2509,#2033,#2034);
#1878=AXIS2_PLACEMENT_3D('',#2511,#2035,#2036);
#1879=AXIS2_PLACEMENT_3D('',#2513,#2037,#2038);
#1880=AXIS2_PLACEMENT_3D('',#2579,#2071,#2072);
#1881=AXIS2_PLACEMENT_3D('',#2587,#2076,#2077);
#1882=AXIS2_PLACEMENT_3D('',#2589,#2078,#2079);
#1883=AXIS2_PLACEMENT_3D('',#2591,#2080,#2081);
#1884=AXIS2_PLACEMENT_3D('',#2593,#2082,#2083);
#1885=AXIS2_PLACEMENT_3D('',#2595,#2084,#2085);
#1886=AXIS2_PLACEMENT_3D('',#2597,#2086,#2087);
#1887=AXIS2_PLACEMENT_3D('',#2599,#2088,#2089);
#1888=AXIS2_PLACEMENT_3D('',#2601,#2090,#2091);
#1889=AXIS2_PLACEMENT_3D('',#2606,#2093,#2094);
#1890=AXIS2_PLACEMENT_3D('',#2614,#2098,#2099);
#1891=AXIS2_PLACEMENT_3D('',#2622,#2103,#2104);
#1892=AXIS2_PLACEMENT_3D('',#2630,#2108,#2109);
#1893=AXIS2_PLACEMENT_3D('',#2638,#2113,#2114);
#1894=AXIS2_PLACEMENT_3D('',#2646,#2118,#2119);
#1895=AXIS2_PLACEMENT_3D('',#2654,#2123,#2124);
#1896=AXIS2_PLACEMENT_3D('',#2662,#2128,#2129);
#1897=AXIS2_PLACEMENT_3D('',#2667,#2132,#2133);
#1898=AXIS2_PLACEMENT_3D('',#2671,#2135,#2136);
#1899=AXIS2_PLACEMENT_3D('',#2675,#2138,#2139);
#1900=AXIS2_PLACEMENT_3D('',#2676,#2140,#2141);
#1901=AXIS2_PLACEMENT_3D('',#2680,#2143,#2144);
#1902=AXIS2_PLACEMENT_3D('',#2684,#2146,#2147);
#1903=AXIS2_PLACEMENT_3D('',#2685,#2148,#2149);
#1904=AXIS2_PLACEMENT_3D('',#2689,#2151,#2152);
#1905=AXIS2_PLACEMENT_3D('',#2693,#2154,#2155);
#1906=AXIS2_PLACEMENT_3D('',#2694,#2156,#2157);
#1907=AXIS2_PLACEMENT_3D('',#2698,#2159,#2160);
#1908=AXIS2_PLACEMENT_3D('',#2702,#2162,#2163);
#1909=AXIS2_PLACEMENT_3D('',#2703,#2164,#2165);
#1910=AXIS2_PLACEMENT_3D('',#2707,#2167,#2168);
#1911=AXIS2_PLACEMENT_3D('',#2711,#2170,#2171);
#1912=AXIS2_PLACEMENT_3D('',#2712,#2172,#2173);
#1913=AXIS2_PLACEMENT_3D('',#2716,#2175,#2176);
#1914=AXIS2_PLACEMENT_3D('',#2720,#2178,#2179);
#1915=AXIS2_PLACEMENT_3D('',#2721,#2180,#2181);
#1916=AXIS2_PLACEMENT_3D('',#2725,#2183,#2184);
#1917=AXIS2_PLACEMENT_3D('',#2729,#2186,#2187);
#1918=AXIS2_PLACEMENT_3D('',#2730,#2188,#2189);
#1919=AXIS2_PLACEMENT_3D('',#2767,#2211,#2212);
#1920=AXIS2_PLACEMENT_3D('',#2774,#2216,#2217);
#1921=AXIS2_PLACEMENT_3D('',#2784,#2222,#2223);
#1922=AXIS2_PLACEMENT_3D('',#2794,#2228,#2229);
#1923=AXIS2_PLACEMENT_3D('',#2796,#2230,#2231);
#1924=AXIS2_PLACEMENT_3D('',#2806,#2236,#2237);
#1925=AXIS2_PLACEMENT_3D('',#2808,#2238,#2239);
#1926=AXIS2_PLACEMENT_3D('',#2818,#2244,#2245);
#1927=AXIS2_PLACEMENT_3D('',#2820,#2246,#2247);
#1928=AXIS2_PLACEMENT_3D('',#2822,#2248,#2249);
#1929=AXIS2_PLACEMENT_3D('',#2825,#2250,#2251);
#1930=AXIS2_PLACEMENT_3D('',#2858,#2268,#2269);
#1931=AXIS2_PLACEMENT_3D('',#2861,#2272,#2273);
#1932=AXIS2_PLACEMENT_3D('',#2864,#2275,#2276);
#1933=AXIS2_PLACEMENT_3D('',#2867,#2278,#2279);
#1934=AXIS2_PLACEMENT_3D('',#2868,#2280,#2281);
#1935=AXIS2_PLACEMENT_3D('',#2869,#2282,#2283);
#1936=AXIS2_PLACEMENT_3D('',#2872,#2286,#2287);
#1937=AXIS2_PLACEMENT_3D('',#2874,#2289,#2290);
#1938=AXIS2_PLACEMENT_3D('',#2876,#2292,#2293);
#1939=AXIS2_PLACEMENT_3D('',#2877,#2294,#2295);
#1940=AXIS2_PLACEMENT_3D('',#2880,#2298,#2299);
#1941=AXIS2_PLACEMENT_3D('',#2882,#2301,#2302);
#1942=AXIS2_PLACEMENT_3D('',#2884,#2304,#2305);
#1943=AXIS2_PLACEMENT_3D('',#2885,#2306,#2307);
#1944=AXIS2_PLACEMENT_3D('',#2886,#2308,#2309);
#1945=AXIS2_PLACEMENT_3D('',#2887,#2310,#2311);
#1946=AXIS2_PLACEMENT_3D('',#2890,#2314,#2315);
#1947=AXIS2_PLACEMENT_3D('',#2892,#2317,#2318);
#1948=AXIS2_PLACEMENT_3D('',#2894,#2320,#2321);
#1949=AXIS2_PLACEMENT_3D('',#2895,#2322,#2323);
#1950=AXIS2_PLACEMENT_3D('',#2898,#2326,#2327);
#1951=AXIS2_PLACEMENT_3D('',#2900,#2329,#2330);
#1952=AXIS2_PLACEMENT_3D('',#2902,#2332,#2333);
#1953=AXIS2_PLACEMENT_3D('',#2903,#2334,#2335);
#1954=AXIS2_PLACEMENT_3D('',#2904,#2336,#2337);
#1955=AXIS2_PLACEMENT_3D('',#2905,#2338,#2339);
#1956=AXIS2_PLACEMENT_3D('',#2908,#2342,#2343);
#1957=AXIS2_PLACEMENT_3D('',#2910,#2345,#2346);
#1958=AXIS2_PLACEMENT_3D('',#2912,#2348,#2349);
#1959=AXIS2_PLACEMENT_3D('',#2913,#2350,#2351);
#1960=AXIS2_PLACEMENT_3D('',#2916,#2354,#2355);
#1961=AXIS2_PLACEMENT_3D('',#2918,#2357,#2358);
#1962=AXIS2_PLACEMENT_3D('',#2920,#2360,#2361);
#1963=AXIS2_PLACEMENT_3D('',#2921,#2362,#2363);
#1964=AXIS2_PLACEMENT_3D('',#2922,#2364,#2365);
#1965=AXIS2_PLACEMENT_3D('',#2925,#2368,#2369);
#1966=AXIS2_PLACEMENT_3D('',#2927,#2371,#2372);
#1967=AXIS2_PLACEMENT_3D('',#2929,#2374,#2375);
#1968=AXIS2_PLACEMENT_3D('',#2930,#2376,#2377);
#1969=AXIS2_PLACEMENT_3D('',#2933,#2380,#2381);
#1970=AXIS2_PLACEMENT_3D('',#2935,#2383,#2384);
#1971=AXIS2_PLACEMENT_3D('',#2937,#2386,#2387);
#1972=AXIS2_PLACEMENT_3D('',#2938,#2388,#2389);
#1973=AXIS2_PLACEMENT_3D('',#2939,#2390,#2391);
#1974=AXIS2_PLACEMENT_3D('',#2944,#2394,#2395);
#1975=AXIS2_PLACEMENT_3D('',#2945,#2396,#2397);
#1976=AXIS2_PLACEMENT_3D('',#2951,#2401,#2402);
#1977=AXIS2_PLACEMENT_3D('',#2953,#2404,#2405);
#1978=AXIS2_PLACEMENT_3D('',#2954,#2406,#2407);
#1979=AXIS2_PLACEMENT_3D('',#2956,#2408,#2409);
#1980=AXIS2_PLACEMENT_3D('',#2957,#2410,#2411);
#1981=AXIS2_PLACEMENT_3D('',#2959,#2412,#2413);
#1982=AXIS2_PLACEMENT_3D('',#2960,#2414,#2415);
#1983=AXIS2_PLACEMENT_3D('',#2962,#2416,#2417);
#1984=AXIS2_PLACEMENT_3D('',#2964,#2419,#2420);
#1985=AXIS2_PLACEMENT_3D('',#2965,#2421,#2422);
#1986=AXIS2_PLACEMENT_3D('',#2967,#2423,#2424);
#1987=AXIS2_PLACEMENT_3D('',#2968,#2425,#2426);
#1988=AXIS2_PLACEMENT_3D('',#2969,#2427,#2428);
#1989=AXIS2_PLACEMENT_3D('',#2970,#2429,#2430);
#1990=AXIS2_PLACEMENT_3D('',#2971,#2431,#2432);
#1991=AXIS2_PLACEMENT_3D('',#2976,#2433,#2434);
#1992=AXIS2_PLACEMENT_3D('',#2981,#2435,#2436);
#1993=AXIS2_PLACEMENT_3D('',#2982,#2437,#2438);
#1994=AXIS2_PLACEMENT_3D('',#2983,#2439,#2440);
#1995=AXIS2_PLACEMENT_3D('',#2984,#2441,#2442);
#1996=AXIS2_PLACEMENT_3D('',#2989,#2443,#2444);
#1997=AXIS2_PLACEMENT_3D('',#2994,#2445,#2446);
#1998=AXIS2_PLACEMENT_3D('',#2995,#2447,#2448);
#1999=AXIS2_PLACEMENT_3D('',#2996,#2449,#2450);
#2000=AXIS2_PLACEMENT_3D('',#2997,#2451,#2452);
#2001=AXIS2_PLACEMENT_3D('',#3002,#2453,#2454);
#2002=AXIS2_PLACEMENT_3D('',#3007,#2455,#2456);
#2003=AXIS2_PLACEMENT_3D('',#3008,#2457,#2458);
#2004=AXIS2_PLACEMENT_3D('',#3009,#2459,#2460);
#2005=AXIS2_PLACEMENT_3D('',#3010,#2461,#2462);
#2006=AXIS2_PLACEMENT_3D('',#3015,#2463,#2464);
#2007=AXIS2_PLACEMENT_3D('',#3020,#2465,#2466);
#2008=AXIS2_PLACEMENT_3D('',#3021,#2467,#2468);
#2009=AXIS2_PLACEMENT_3D('',#3022,#2469,#2470);
#2010=AXIS2_PLACEMENT_3D('',#3023,#2471,#2472);
#2011=AXIS2_PLACEMENT_3D('',#3028,#2473,#2474);
#2012=AXIS2_PLACEMENT_3D('',#3033,#2475,#2476);
#2013=AXIS2_PLACEMENT_3D('',#3034,#2477,#2478);
#2014=AXIS2_PLACEMENT_3D('',#3035,#2479,#2480);
#2015=AXIS2_PLACEMENT_3D('',#3036,#2481,#2482);
#2016=AXIS2_PLACEMENT_3D('',#3041,#2483,#2484);
#2017=AXIS2_PLACEMENT_3D('',#3046,#2485,#2486);
#2018=AXIS2_PLACEMENT_3D('',#3047,#2487,#2488);
#2019=AXIS2_PLACEMENT_3D('',#3048,#2489,#2490);
#2020=AXIS2_PLACEMENT_3D('',#3049,#2491,#2492);
#2021=AXIS2_PLACEMENT_3D('',#3054,#2493,#2494);
#2022=AXIS2_PLACEMENT_3D('',#3059,#2495,#2496);
#2023=AXIS2_PLACEMENT_3D('',#3060,#2497,#2498);
#2024=AXIS2_PLACEMENT_3D('',#3061,#2499,#2500);
#2025=AXIS2_PLACEMENT_3D('',#3062,#2501,#2502);
#2026=AXIS2_PLACEMENT_3D('',#3067,#2503,#2504);
#2027=DIRECTION('',(0.,0.,1.));
#2028=DIRECTION('',(1.,0.,0.));
#2029=DIRECTION('',(0.,-1.,0.));
#2030=DIRECTION('',(1.,0.,0.));
#2031=DIRECTION('',(0.,-1.,0.));
#2032=DIRECTION('',(0.,0.,-1.));
#2033=DIRECTION('',(0.,-1.,0.));
#2034=DIRECTION('',(0.,0.,-1.));
#2035=DIRECTION('',(0.,-1.,0.));
#2036=DIRECTION('',(0.,0.,-1.));
#2037=DIRECTION('',(0.,-1.,0.));
#2038=DIRECTION('',(0.,0.,-1.));
#2039=DIRECTION('',(-0.743480832462555,0.,0.668757244267893));
#2040=DIRECTION('',(-0.38268343236509,0.,-0.923879532511287));
#2041=DIRECTION('',(0.998603120705948,0.,-0.0528375559270355));
#2042=DIRECTION('',(0.38268343236509,0.,0.923879532511287));
#2043=DIRECTION('',(-0.0528375559270365,0.,0.998603120705948));
#2044=DIRECTION('',(-0.923879532511287,0.,-0.38268343236509));
#2045=DIRECTION('',(0.668757244267894,0.,-0.743480832462554));
#2046=DIRECTION('',(0.923879532511287,0.,0.382683432365091));
#2047=DIRECTION('',(-0.668757244267893,0.,-0.743480832462555));
#2048=DIRECTION('',(0.923879532511287,0.,-0.38268343236509));
#2049=DIRECTION('',(0.0528375559270356,0.,0.998603120705948));
#2050=DIRECTION('',(-0.923879532511287,0.,0.38268343236509));
#2051=DIRECTION('',(-0.998603120705948,0.,-0.0528375559270364));
#2052=DIRECTION('',(0.38268343236509,0.,-0.923879532511287));
#2053=DIRECTION('',(0.743480832462554,0.,0.668757244267894));
#2054=DIRECTION('',(-0.382683432365091,0.,0.923879532511287));
#2055=DIRECTION('',(0.743480832462555,0.,-0.668757244267893));
#2056=DIRECTION('',(0.38268343236509,0.,0.923879532511287));
#2057=DIRECTION('',(-0.998603120705948,0.,0.0528375559270356));
#2058=DIRECTION('',(-0.38268343236509,0.,-0.923879532511287));
#2059=DIRECTION('',(0.0528375559270363,0.,-0.998603120705948));
#2060=DIRECTION('',(0.923879532511287,0.,0.38268343236509));
#2061=DIRECTION('',(-0.668757244267894,0.,0.743480832462554));
#2062=DIRECTION('',(-0.923879532511287,0.,-0.382683432365091));
#2063=DIRECTION('',(0.668757244267893,0.,0.743480832462555));
#2064=DIRECTION('',(-0.923879532511287,0.,0.38268343236509));
#2065=DIRECTION('',(-0.0528375559270357,0.,-0.998603120705948));
#2066=DIRECTION('',(0.923879532511287,0.,-0.38268343236509));
#2067=DIRECTION('',(0.998603120705948,0.,0.0528375559270363));
#2068=DIRECTION('',(-0.38268343236509,0.,0.923879532511287));
#2069=DIRECTION('',(-0.743480832462554,0.,-0.668757244267894));
#2070=DIRECTION('',(0.382683432365091,0.,-0.923879532511287));
#2071=DIRECTION('',(0.,-1.,0.));
#2072=DIRECTION('',(0.,0.,-1.));
#2073=DIRECTION('',(0.707106781186548,0.,-0.707106781186547));
#2074=DIRECTION('',(-0.707106781186547,0.,-0.707106781186548));
#2075=DIRECTION('',(0.707106781186548,0.,-0.707106781186547));
#2076=DIRECTION('',(0.,-1.,0.));
#2077=DIRECTION('',(0.,0.,-1.));
#2078=DIRECTION('',(0.,-1.,0.));
#2079=DIRECTION('',(0.,0.,-1.));
#2080=DIRECTION('',(0.,-1.,0.));
#2081=DIRECTION('',(0.,0.,-1.));
#2082=DIRECTION('',(0.,-1.,0.));
#2083=DIRECTION('',(0.,0.,-1.));
#2084=DIRECTION('',(0.,-1.,0.));
#2085=DIRECTION('',(0.,0.,-1.));
#2086=DIRECTION('',(0.,-1.,0.));
#2087=DIRECTION('',(0.,0.,-1.));
#2088=DIRECTION('',(0.,-1.,0.));
#2089=DIRECTION('',(0.,0.,-1.));
#2090=DIRECTION('',(0.,-1.,0.));
#2091=DIRECTION('',(0.,0.,-1.));
#2092=DIRECTION('',(0.,0.,1.));
#2093=DIRECTION('',(0.,-1.,0.));
#2094=DIRECTION('',(0.,0.,-1.));
#2095=DIRECTION('',(0.707106781186548,0.,0.707106781186548));
#2096=DIRECTION('',(-0.707106781186548,0.,0.707106781186548));
#2097=DIRECTION('',(0.707106781186548,0.,0.707106781186548));
#2098=DIRECTION('',(0.,-1.,0.));
#2099=DIRECTION('',(0.,0.,-1.));
#2100=DIRECTION('',(1.,0.,6.12323399573677E-17));
#2101=DIRECTION('',(-6.12323399573674E-17,0.,1.));
#2102=DIRECTION('',(1.,0.,6.12323399573677E-17));
#2103=DIRECTION('',(0.,-1.,0.));
#2104=DIRECTION('',(0.,0.,-1.));
#2105=DIRECTION('',(0.707106781186548,0.,-0.707106781186548));
#2106=DIRECTION('',(0.707106781186548,0.,0.707106781186548));
#2107=DIRECTION('',(0.707106781186548,0.,-0.707106781186548));
#2108=DIRECTION('',(0.,-1.,0.));
#2109=DIRECTION('',(0.,0.,-1.));
#2110=DIRECTION('',(1.22464679914735E-16,0.,-1.));
#2111=DIRECTION('',(1.,0.,1.22464679914733E-16));
#2112=DIRECTION('',(1.22464679914735E-16,0.,-1.));
#2113=DIRECTION('',(0.,-1.,0.));
#2114=DIRECTION('',(0.,0.,-1.));
#2115=DIRECTION('',(-0.707106781186548,0.,-0.707106781186548));
#2116=DIRECTION('',(0.707106781186548,0.,-0.707106781186548));
#2117=DIRECTION('',(-0.707106781186548,0.,-0.707106781186548));
#2118=DIRECTION('',(0.,-1.,0.));
#2119=DIRECTION('',(0.,0.,-1.));
#2120=DIRECTION('',(-1.,0.,-1.83697019872103E-16));
#2121=DIRECTION('',(1.83697019872102E-16,0.,-1.));
#2122=DIRECTION('',(-1.,0.,-1.83697019872103E-16));
#2123=DIRECTION('',(0.,-1.,0.));
#2124=DIRECTION('',(0.,0.,-1.));
#2125=DIRECTION('',(-0.707106781186548,0.,0.707106781186547));
#2126=DIRECTION('',(-0.707106781186551,-2.82749544879504E-14,-0.707106781186544));
#2127=DIRECTION('',(-0.707106781186548,0.,0.707106781186547));
#2128=DIRECTION('',(0.,-1.,0.));
#2129=DIRECTION('',(0.,0.,-1.));
#2130=DIRECTION('',(0.,0.,1.));
#2131=DIRECTION('',(-1.,0.,0.));
#2132=DIRECTION('',(0.,1.,0.));
#2133=DIRECTION('',(0.,0.,1.));
#2134=DIRECTION('',(0.,1.,0.));
#2135=DIRECTION('',(0.,-1.,0.));
#2136=DIRECTION('',(0.,0.,-1.));
#2137=DIRECTION('',(0.,1.,0.));
#2138=DIRECTION('',(0.,-1.,0.));
#2139=DIRECTION('',(0.,0.,-1.));
#2140=DIRECTION('',(0.,1.,0.));
#2141=DIRECTION('',(0.,0.,1.));
#2142=DIRECTION('',(0.,1.,0.));
#2143=DIRECTION('',(0.,-1.,0.));
#2144=DIRECTION('',(0.,0.,-1.));
#2145=DIRECTION('',(0.,1.,0.));
#2146=DIRECTION('',(0.,-1.,0.));
#2147=DIRECTION('',(0.,0.,-1.));
#2148=DIRECTION('',(0.,1.,0.));
#2149=DIRECTION('',(0.,0.,1.));
#2150=DIRECTION('',(0.,1.,0.));
#2151=DIRECTION('',(0.,-1.,0.));
#2152=DIRECTION('',(0.,0.,-1.));
#2153=DIRECTION('',(0.,1.,0.));
#2154=DIRECTION('',(0.,-1.,0.));
#2155=DIRECTION('',(0.,0.,-1.));
#2156=DIRECTION('',(0.,1.,0.));
#2157=DIRECTION('',(0.,0.,1.));
#2158=DIRECTION('',(0.,1.,0.));
#2159=DIRECTION('',(0.,-1.,0.));
#2160=DIRECTION('',(0.,0.,-1.));
#2161=DIRECTION('',(0.,1.,0.));
#2162=DIRECTION('',(0.,-1.,0.));
#2163=DIRECTION('',(0.,0.,-1.));
#2164=DIRECTION('',(0.,1.,0.));
#2165=DIRECTION('',(0.,0.,1.));
#2166=DIRECTION('',(0.,1.,0.));
#2167=DIRECTION('',(0.,-1.,0.));
#2168=DIRECTION('',(0.,0.,-1.));
#2169=DIRECTION('',(0.,1.,0.));
#2170=DIRECTION('',(0.,-1.,0.));
#2171=DIRECTION('',(0.,0.,-1.));
#2172=DIRECTION('',(0.,1.,0.));
#2173=DIRECTION('',(0.,0.,1.));
#2174=DIRECTION('',(0.,1.,0.));
#2175=DIRECTION('',(0.,-1.,0.));
#2176=DIRECTION('',(0.,0.,-1.));
#2177=DIRECTION('',(0.,1.,0.));
#2178=DIRECTION('',(0.,-1.,0.));
#2179=DIRECTION('',(0.,0.,-1.));
#2180=DIRECTION('',(0.,1.,0.));
#2181=DIRECTION('',(0.,0.,1.));
#2182=DIRECTION('',(0.,1.,0.));
#2183=DIRECTION('',(0.,-1.,0.));
#2184=DIRECTION('',(0.,0.,-1.));
#2185=DIRECTION('',(0.,1.,0.));
#2186=DIRECTION('',(0.,-1.,0.));
#2187=DIRECTION('',(0.,0.,-1.));
#2188=DIRECTION('',(0.,-1.,0.));
#2189=DIRECTION('',(1.,0.,0.));
#2190=DIRECTION('',(-0.707106781186548,0.,0.707106781186547));
#2191=DIRECTION('',(-0.707106781186547,0.,-0.707106781186548));
#2192=DIRECTION('',(-0.707106781186548,0.,0.707106781186547));
#2193=DIRECTION('',(-1.,0.,-1.83697019872103E-16));
#2194=DIRECTION('',(1.83697019872103E-16,0.,-1.));
#2195=DIRECTION('',(-1.,0.,-1.83697019872103E-16));
#2196=DIRECTION('',(-0.707106781186548,0.,-0.707106781186548));
#2197=DIRECTION('',(0.707106781186548,0.,-0.707106781186548));
#2198=DIRECTION('',(-0.707106781186548,0.,-0.707106781186548));
#2199=DIRECTION('',(1.22464679914735E-16,0.,-1.));
#2200=DIRECTION('',(1.,0.,1.22464679914735E-16));
#2201=DIRECTION('',(1.22464679914735E-16,0.,-1.));
#2202=DIRECTION('',(0.707106781186548,0.,-0.707106781186548));
#2203=DIRECTION('',(0.707106781186548,0.,0.707106781186548));
#2204=DIRECTION('',(0.707106781186548,0.,-0.707106781186548));
#2205=DIRECTION('',(1.,0.,6.12323399573677E-17));
#2206=DIRECTION('',(-6.12323399573677E-17,0.,1.));
#2207=DIRECTION('',(1.,0.,6.12323399573677E-17));
#2208=DIRECTION('',(0.707106781186548,0.,0.707106781186548));
#2209=DIRECTION('',(-0.707106781186548,0.,0.707106781186548));
#2210=DIRECTION('',(0.707106781186548,0.,0.707106781186548));
#2211=DIRECTION('',(0.,-1.,0.));
#2212=DIRECTION('',(0.,0.,-1.));
#2213=DIRECTION('',(0.,0.,1.));
#2214=DIRECTION('',(-1.,0.,0.));
#2215=DIRECTION('',(0.,0.,1.));
#2216=DIRECTION('',(0.,-1.,0.));
#2217=DIRECTION('',(0.,0.,-1.));
#2218=DIRECTION('',(-0.923879532511287,0.,-0.38268343236509));
#2219=DIRECTION('',(-0.0528375559270365,0.,0.998603120705948));
#2220=DIRECTION('',(0.923879532511287,0.,0.382683432365091));
#2221=DIRECTION('',(0.668757244267894,0.,-0.743480832462554));
#2222=DIRECTION('',(0.,-1.,0.));
#2223=DIRECTION('',(0.,0.,-1.));
#2224=DIRECTION('',(0.38268343236509,0.,-0.923879532511287));
#2225=DIRECTION('',(-0.998603120705948,0.,-0.0528375559270364));
#2226=DIRECTION('',(-0.382683432365091,0.,0.923879532511287));
#2227=DIRECTION('',(0.743480832462554,0.,0.668757244267894));
#2228=DIRECTION('',(0.,-1.,0.));
#2229=DIRECTION('',(0.,0.,-1.));
#2230=DIRECTION('',(0.,-1.,0.));
#2231=DIRECTION('',(0.,0.,-1.));
#2232=DIRECTION('',(0.923879532511287,0.,0.38268343236509));
#2233=DIRECTION('',(0.0528375559270363,0.,-0.998603120705948));
#2234=DIRECTION('',(-0.923879532511287,0.,-0.382683432365091));
#2235=DIRECTION('',(-0.668757244267894,0.,0.743480832462554));
#2236=DIRECTION('',(0.,-1.,0.));
#2237=DIRECTION('',(0.,0.,-1.));
#2238=DIRECTION('',(0.,-1.,0.));
#2239=DIRECTION('',(0.,0.,-1.));
#2240=DIRECTION('',(-0.38268343236509,0.,0.923879532511287));
#2241=DIRECTION('',(0.998603120705948,0.,0.0528375559270363));
#2242=DIRECTION('',(0.382683432365091,0.,-0.923879532511287));
#2243=DIRECTION('',(-0.743480832462554,0.,-0.668757244267894));
#2244=DIRECTION('',(0.,-1.,0.));
#2245=DIRECTION('',(0.,0.,-1.));
#2246=DIRECTION('',(0.,-1.,0.));
#2247=DIRECTION('',(0.,0.,-1.));
#2248=DIRECTION('',(0.,-1.,0.));
#2249=DIRECTION('',(0.,0.,-1.));
#2250=DIRECTION('',(0.,-1.,0.));
#2251=DIRECTION('',(0.,0.,-1.));
#2252=DIRECTION('',(-0.923879532511287,0.,0.38268343236509));
#2253=DIRECTION('',(0.668757244267893,0.,0.743480832462555));
#2254=DIRECTION('',(0.923879532511287,0.,-0.38268343236509));
#2255=DIRECTION('',(-0.0528375559270357,0.,-0.998603120705948));
#2256=DIRECTION('',(0.38268343236509,0.,0.923879532511287));
#2257=DIRECTION('',(0.743480832462555,0.,-0.668757244267893));
#2258=DIRECTION('',(-0.38268343236509,0.,-0.923879532511287));
#2259=DIRECTION('',(-0.998603120705948,0.,0.0528375559270356));
#2260=DIRECTION('',(0.923879532511287,0.,-0.38268343236509));
#2261=DIRECTION('',(-0.668757244267893,0.,-0.743480832462555));
#2262=DIRECTION('',(-0.923879532511287,0.,0.38268343236509));
#2263=DIRECTION('',(0.0528375559270356,0.,0.998603120705948));
#2264=DIRECTION('',(-0.38268343236509,0.,-0.923879532511287));
#2265=DIRECTION('',(-0.743480832462555,0.,0.668757244267893));
#2266=DIRECTION('',(0.38268343236509,0.,0.923879532511287));
#2267=DIRECTION('',(0.998603120705948,0.,-0.0528375559270355));
#2268=DIRECTION('',(0.,1.,0.));
#2269=DIRECTION('',(0.,0.,1.));
#2270=DIRECTION('',(0.,1.,0.));
#2271=DIRECTION('',(0.,1.,0.));
#2272=DIRECTION('',(0.,1.,0.));
#2273=DIRECTION('',(0.,0.,1.));
#2274=DIRECTION('',(0.,1.,0.));
#2275=DIRECTION('',(0.,-1.,0.));
#2276=DIRECTION('',(0.,0.,-1.));
#2277=DIRECTION('',(0.,1.,0.));
#2278=DIRECTION('',(0.,1.,0.));
#2279=DIRECTION('',(0.,0.,1.));
#2280=DIRECTION('',(0.,1.,0.));
#2281=DIRECTION('',(1.,0.,6.12323399573677E-17));
#2282=DIRECTION('',(0.923879532511287,0.,0.38268343236509));
#2283=DIRECTION('',(0.38268343236509,0.,-0.923879532511287));
#2284=DIRECTION('',(0.,1.,0.));
#2285=DIRECTION('',(0.,1.,0.));
#2286=DIRECTION('',(-0.668757244267894,0.,0.743480832462554));
#2287=DIRECTION('',(0.743480832462554,0.,0.668757244267894));
#2288=DIRECTION('',(0.,1.,0.));
#2289=DIRECTION('',(-0.923879532511286,0.,-0.38268343236509));
#2290=DIRECTION('',(-0.38268343236509,0.,0.923879532511287));
#2291=DIRECTION('',(0.,1.,0.));
#2292=DIRECTION('',(0.0528375559270363,0.,-0.998603120705947));
#2293=DIRECTION('',(-0.998603120705947,0.,-0.0528375559270363));
#2294=DIRECTION('',(0.38268343236509,0.,0.923879532511287));
#2295=DIRECTION('',(0.923879532511287,0.,-0.38268343236509));
#2296=DIRECTION('',(0.,1.,0.));
#2297=DIRECTION('',(0.,1.,0.));
#2298=DIRECTION('',(-0.998603120705948,0.,0.0528375559270357));
#2299=DIRECTION('',(0.0528375559270357,0.,0.998603120705948));
#2300=DIRECTION('',(0.,1.,0.));
#2301=DIRECTION('',(-0.38268343236509,0.,-0.923879532511287));
#2302=DIRECTION('',(-0.923879532511287,0.,0.38268343236509));
#2303=DIRECTION('',(0.,1.,0.));
#2304=DIRECTION('',(0.743480832462555,0.,-0.668757244267893));
#2305=DIRECTION('',(-0.668757244267893,0.,-0.743480832462555));
#2306=DIRECTION('',(0.,1.,0.));
#2307=DIRECTION('',(0.707106781186548,0.,0.707106781186548));
#2308=DIRECTION('',(0.,1.,0.));
#2309=DIRECTION('',(1.22464679914735E-16,0.,-1.));
#2310=DIRECTION('',(0.38268343236509,0.,-0.923879532511287));
#2311=DIRECTION('',(-0.923879532511287,0.,-0.38268343236509));
#2312=DIRECTION('',(0.,1.,0.));
#2313=DIRECTION('',(0.,1.,0.));
#2314=DIRECTION('',(0.743480832462554,0.,0.668757244267894));
#2315=DIRECTION('',(0.668757244267894,0.,-0.743480832462554));
#2316=DIRECTION('',(0.,1.,0.));
#2317=DIRECTION('',(-0.38268343236509,0.,0.923879532511286));
#2318=DIRECTION('',(0.923879532511287,0.,0.38268343236509));
#2319=DIRECTION('',(0.,1.,0.));
#2320=DIRECTION('',(-0.998603120705947,0.,-0.0528375559270363));
#2321=DIRECTION('',(-0.0528375559270363,0.,0.998603120705947));
#2322=DIRECTION('',(0.923879532511287,0.,-0.38268343236509));
#2323=DIRECTION('',(-0.38268343236509,0.,-0.923879532511287));
#2324=DIRECTION('',(0.,1.,0.));
#2325=DIRECTION('',(0.,1.,0.));
#2326=DIRECTION('',(0.0528375559270356,0.,0.998603120705948));
#2327=DIRECTION('',(0.998603120705948,0.,-0.0528375559270356));
#2328=DIRECTION('',(0.,1.,0.));
#2329=DIRECTION('',(-0.923879532511287,0.,0.38268343236509));
#2330=DIRECTION('',(0.38268343236509,0.,0.923879532511287));
#2331=DIRECTION('',(0.,1.,0.));
#2332=DIRECTION('',(-0.668757244267893,0.,-0.743480832462555));
#2333=DIRECTION('',(-0.743480832462555,0.,0.668757244267893));
#2334=DIRECTION('',(0.,1.,0.));
#2335=DIRECTION('',(0.707106781186548,0.,-0.707106781186548));
#2336=DIRECTION('',(0.,1.,0.));
#2337=DIRECTION('',(-1.,0.,-1.83697019872103E-16));
#2338=DIRECTION('',(-0.923879532511287,0.,-0.38268343236509));
#2339=DIRECTION('',(-0.38268343236509,0.,0.923879532511287));
#2340=DIRECTION('',(0.,1.,0.));
#2341=DIRECTION('',(0.,1.,0.));
#2342=DIRECTION('',(0.668757244267894,0.,-0.743480832462554));
#2343=DIRECTION('',(-0.743480832462554,0.,-0.668757244267894));
#2344=DIRECTION('',(0.,1.,0.));
#2345=DIRECTION('',(0.923879532511287,0.,0.382683432365091));
#2346=DIRECTION('',(0.382683432365091,0.,-0.923879532511287));
#2347=DIRECTION('',(0.,1.,0.));
#2348=DIRECTION('',(-0.0528375559270364,0.,0.998603120705948));
#2349=DIRECTION('',(0.998603120705948,0.,0.0528375559270364));
#2350=DIRECTION('',(-0.38268343236509,0.,-0.923879532511287));
#2351=DIRECTION('',(-0.923879532511287,0.,0.38268343236509));
#2352=DIRECTION('',(0.,1.,0.));
#2353=DIRECTION('',(0.,1.,0.));
#2354=DIRECTION('',(0.998603120705948,0.,-0.0528375559270356));
#2355=DIRECTION('',(-0.0528375559270356,0.,-0.998603120705948));
#2356=DIRECTION('',(0.,1.,0.));
#2357=DIRECTION('',(0.38268343236509,0.,0.923879532511287));
#2358=DIRECTION('',(0.923879532511287,0.,-0.38268343236509));
#2359=DIRECTION('',(0.,1.,0.));
#2360=DIRECTION('',(-0.743480832462555,0.,0.668757244267893));
#2361=DIRECTION('',(0.668757244267893,0.,0.743480832462555));
#2362=DIRECTION('',(0.,1.,0.));
#2363=DIRECTION('',(-0.707106781186548,0.,-0.707106781186548));
#2364=DIRECTION('',(-0.38268343236509,0.,0.923879532511287));
#2365=DIRECTION('',(0.923879532511287,0.,0.38268343236509));
#2366=DIRECTION('',(0.,1.,0.));
#2367=DIRECTION('',(0.,1.,0.));
#2368=DIRECTION('',(-0.743480832462554,0.,-0.668757244267894));
#2369=DIRECTION('',(-0.668757244267894,0.,0.743480832462554));
#2370=DIRECTION('',(0.,1.,0.));
#2371=DIRECTION('',(0.382683432365091,0.,-0.923879532511286));
#2372=DIRECTION('',(-0.923879532511287,0.,-0.382683432365091));
#2373=DIRECTION('',(0.,1.,0.));
#2374=DIRECTION('',(0.998603120705948,0.,0.0528375559270365));
#2375=DIRECTION('',(0.0528375559270365,0.,-0.998603120705948));
#2376=DIRECTION('',(-0.923879532511287,0.,0.38268343236509));
#2377=DIRECTION('',(0.38268343236509,0.,0.923879532511287));
#2378=DIRECTION('',(0.,1.,0.));
#2379=DIRECTION('',(0.,1.,0.));
#2380=DIRECTION('',(-0.0528375559270355,0.,-0.998603120705948));
#2381=DIRECTION('',(-0.998603120705948,0.,0.0528375559270355));
#2382=DIRECTION('',(0.,1.,0.));
#2383=DIRECTION('',(0.923879532511287,0.,-0.38268343236509));
#2384=DIRECTION('',(-0.38268343236509,0.,-0.923879532511287));
#2385=DIRECTION('',(0.,1.,0.));
#2386=DIRECTION('',(0.668757244267893,0.,0.743480832462555));
#2387=DIRECTION('',(0.743480832462555,0.,-0.668757244267893));
#2388=DIRECTION('',(0.,1.,0.));
#2389=DIRECTION('',(-0.707106781186548,0.,0.707106781186547));
#2390=DIRECTION('',(0.,1.,0.));
#2391=DIRECTION('',(0.,0.,1.));
#2392=DIRECTION('',(0.,1.,0.));
#2393=DIRECTION('',(0.,1.,0.));
#2394=DIRECTION('',(0.,-1.,0.));
#2395=DIRECTION('',(0.,0.,-1.));
#2396=DIRECTION('',(0.707106781186548,0.,-0.707106781186547));
#2397=DIRECTION('',(-0.707106781186547,0.,-0.707106781186548));
#2398=DIRECTION('',(0.,1.,0.));
#2399=DIRECTION('',(-0.707106781186547,0.,-0.707106781186548));
#2400=DIRECTION('',(0.,1.,0.));
#2401=DIRECTION('',(0.707106781186547,0.,0.707106781186548));
#2402=DIRECTION('',(0.707106781186548,0.,-0.707106781186547));
#2403=DIRECTION('',(0.707106781186548,0.,-0.707106781186547));
#2404=DIRECTION('',(0.,1.,0.));
#2405=DIRECTION('',(0.,0.,1.));
#2406=DIRECTION('',(0.,-1.,0.));
#2407=DIRECTION('',(0.,0.,-1.));
#2408=DIRECTION('',(0.,1.,0.));
#2409=DIRECTION('',(0.,0.,1.));
#2410=DIRECTION('',(0.,-1.,0.));
#2411=DIRECTION('',(0.,0.,-1.));
#2412=DIRECTION('',(0.,1.,0.));
#2413=DIRECTION('',(0.,0.,1.));
#2414=DIRECTION('',(0.,-1.,0.));
#2415=DIRECTION('',(0.,0.,-1.));
#2416=DIRECTION('',(0.707106781186547,0.,0.707106781186548));
#2417=DIRECTION('',(0.707106781186548,0.,-0.707106781186547));
#2418=DIRECTION('',(0.707106781186548,0.,-0.707106781186547));
#2419=DIRECTION('',(0.,1.,0.));
#2420=DIRECTION('',(0.,0.,1.));
#2421=DIRECTION('',(0.,-1.,0.));
#2422=DIRECTION('',(0.,0.,-1.));
#2423=DIRECTION('',(0.,-1.,0.));
#2424=DIRECTION('',(1.,0.,0.));
#2425=DIRECTION('',(-1.,0.,0.));
#2426=DIRECTION('',(0.,0.,1.));
#2427=DIRECTION('',(-1.,0.,0.));
#2428=DIRECTION('',(0.,0.,1.));
#2429=DIRECTION('',(-1.,0.,0.));
#2430=DIRECTION('',(0.,0.,1.));
#2431=DIRECTION('',(1.,0.,0.));
#2432=DIRECTION('',(0.,1.,0.));
#2433=DIRECTION('',(1.,0.,0.));
#2434=DIRECTION('',(0.,1.,0.));
#2435=DIRECTION('',(-0.707106781186548,0.,0.707106781186548));
#2436=DIRECTION('',(0.707106781186548,0.,0.707106781186548));
#2437=DIRECTION('',(-0.707106781186548,0.,0.707106781186548));
#2438=DIRECTION('',(0.707106781186548,0.,0.707106781186548));
#2439=DIRECTION('',(-0.707106781186548,0.,0.707106781186548));
#2440=DIRECTION('',(0.707106781186548,0.,0.707106781186548));
#2441=DIRECTION('',(0.707106781186548,0.,-0.707106781186548));
#2442=DIRECTION('',(0.,1.,0.));
#2443=DIRECTION('',(0.707106781186548,0.,-0.707106781186548));
#2444=DIRECTION('',(0.,1.,0.));
#2445=DIRECTION('',(-6.12323399573674E-17,0.,1.));
#2446=DIRECTION('',(1.,0.,6.12323399573674E-17));
#2447=DIRECTION('',(-6.12323399573674E-17,0.,1.));
#2448=DIRECTION('',(1.,0.,6.12323399573674E-17));
#2449=DIRECTION('',(-6.12323399573674E-17,0.,1.));
#2450=DIRECTION('',(1.,0.,6.12323399573674E-17));
#2451=DIRECTION('',(6.12323399573677E-17,0.,-1.));
#2452=DIRECTION('',(0.,1.,0.));
#2453=DIRECTION('',(6.12323399573677E-17,0.,-1.));
#2454=DIRECTION('',(0.,1.,0.));
#2455=DIRECTION('',(0.707106781186548,0.,0.707106781186548));
#2456=DIRECTION('',(0.707106781186548,0.,-0.707106781186548));
#2457=DIRECTION('',(0.707106781186548,0.,0.707106781186548));
#2458=DIRECTION('',(0.707106781186548,0.,-0.707106781186548));
#2459=DIRECTION('',(0.707106781186548,0.,0.707106781186548));
#2460=DIRECTION('',(0.707106781186548,0.,-0.707106781186548));
#2461=DIRECTION('',(-0.707106781186548,0.,-0.707106781186548));
#2462=DIRECTION('',(0.,1.,0.));
#2463=DIRECTION('',(-0.707106781186548,0.,-0.707106781186548));
#2464=DIRECTION('',(0.,1.,0.));
#2465=DIRECTION('',(1.,0.,1.22464679914733E-16));
#2466=DIRECTION('',(1.22464679914733E-16,0.,-1.));
#2467=DIRECTION('',(1.,0.,1.22464679914733E-16));
#2468=DIRECTION('',(1.22464679914733E-16,0.,-1.));
#2469=DIRECTION('',(1.,0.,1.22464679914733E-16));
#2470=DIRECTION('',(1.22464679914733E-16,0.,-1.));
#2471=DIRECTION('',(-1.,0.,-1.22464679914735E-16));
#2472=DIRECTION('',(0.,1.,0.));
#2473=DIRECTION('',(-1.,0.,-1.22464679914735E-16));
#2474=DIRECTION('',(0.,1.,0.));
#2475=DIRECTION('',(0.707106781186548,0.,-0.707106781186548));
#2476=DIRECTION('',(-0.707106781186548,0.,-0.707106781186548));
#2477=DIRECTION('',(0.707106781186548,0.,-0.707106781186548));
#2478=DIRECTION('',(-0.707106781186548,0.,-0.707106781186548));
#2479=DIRECTION('',(0.707106781186548,0.,-0.707106781186548));
#2480=DIRECTION('',(-0.707106781186548,0.,-0.707106781186548));
#2481=DIRECTION('',(-0.707106781186548,0.,0.707106781186548));
#2482=DIRECTION('',(0.,1.,0.));
#2483=DIRECTION('',(-0.707106781186548,0.,0.707106781186548));
#2484=DIRECTION('',(0.,1.,0.));
#2485=DIRECTION('',(1.83697019872102E-16,0.,-1.));
#2486=DIRECTION('',(-1.,0.,-1.83697019872102E-16));
#2487=DIRECTION('',(1.83697019872102E-16,0.,-1.));
#2488=DIRECTION('',(-1.,0.,-1.83697019872102E-16));
#2489=DIRECTION('',(1.83697019872102E-16,0.,-1.));
#2490=DIRECTION('',(-1.,0.,-1.83697019872102E-16));
#2491=DIRECTION('',(-1.83697019872103E-16,0.,1.));
#2492=DIRECTION('',(0.,1.,0.));
#2493=DIRECTION('',(-1.83697019872103E-16,0.,1.));
#2494=DIRECTION('',(0.,1.,0.));
#2495=DIRECTION('',(-0.707106781186551,-2.82749544879504E-14,-0.707106781186544));
#2496=DIRECTION('',(-0.707106781186544,0.,0.707106781186551));
#2497=DIRECTION('',(-0.707106781186551,-2.82749544879504E-14,-0.707106781186544));
#2498=DIRECTION('',(-0.707106781186544,0.,0.707106781186551));
#2499=DIRECTION('',(-0.707106781186551,-2.82749544879504E-14,-0.707106781186544));
#2500=DIRECTION('',(-0.707106781186544,0.,0.707106781186551));
#2501=DIRECTION('',(0.707106781186547,0.,0.707106781186548));
#2502=DIRECTION('',(0.,1.,0.));
#2503=DIRECTION('',(0.707106781186547,0.,0.707106781186548));
#2504=DIRECTION('',(0.,1.,0.));
#2505=CARTESIAN_POINT('',(0.,0.,0.));
#2506=CARTESIAN_POINT('',(0.,0.131,0.));
#2507=CARTESIAN_POINT('',(-2.16840434497101E-19,0.131,0.012));
#2508=CARTESIAN_POINT('',(-2.16840434497101E-19,0.131,0.0105));
#2509=CARTESIAN_POINT('',(0.012,0.131,9.18485099360515E-20));
#2510=CARTESIAN_POINT('',(0.012,0.131,-0.0015));
#2511=CARTESIAN_POINT('',(0.,0.131,-0.012));
#2512=CARTESIAN_POINT('',(0.,0.131,-0.0135));
#2513=CARTESIAN_POINT('',(-0.012,0.131,9.18485099360515E-20));
#2514=CARTESIAN_POINT('',(-0.012,0.131,-0.0015));
#2515=CARTESIAN_POINT('',(-0.0029427570513119,0.131,-0.00327156599946751));
#2516=CARTESIAN_POINT('',(-0.0211179130541539,0.131,0.0130768947972159));
#2517=CARTESIAN_POINT('',(-0.0278092405463168,0.131,0.019095709995627));
#2518=CARTESIAN_POINT('',(-0.0304880245728725,0.131,0.012628553268048));
#2519=CARTESIAN_POINT('',(-0.0331668085994281,0.131,0.00616139654046894));
#2520=CARTESIAN_POINT('',(0.000232503036955641,0.131,0.00439418996969));
#2521=CARTESIAN_POINT('',(-0.0241793805130745,0.131,0.00568585853712563));
#2522=CARTESIAN_POINT('',(-0.0226486467836142,0.131,0.00938137666717077));
#2523=CARTESIAN_POINT('',(-0.00439418996968999,0.131,-0.000232503036955645));
#2524=CARTESIAN_POINT('',(-0.00568585853712565,0.131,0.0241793805130745));
#2525=CARTESIAN_POINT('',(-0.00616139654046897,0.131,0.0331668085994281));
#2526=CARTESIAN_POINT('',(-0.012628553268048,0.131,0.0304880245728724));
#2527=CARTESIAN_POINT('',(-0.019095709995627,0.131,0.0278092405463168));
#2528=CARTESIAN_POINT('',(0.00327156599946751,0.131,0.00294275705131191));
#2529=CARTESIAN_POINT('',(-0.0130768947972159,0.131,0.0211179130541539));
#2530=CARTESIAN_POINT('',(-0.00938137666717079,0.131,0.0226486467836142));
#2531=CARTESIAN_POINT('',(0.00327156599946751,0.131,-0.0029427570513119));
#2532=CARTESIAN_POINT('',(-0.0130768947972159,0.131,-0.0211179130541539));
#2533=CARTESIAN_POINT('',(-0.019095709995627,0.131,-0.0278092405463168));
#2534=CARTESIAN_POINT('',(-0.012628553268048,0.131,-0.0304880245728725));
#2535=CARTESIAN_POINT('',(-0.00616139654046895,0.131,-0.0331668085994281));
#2536=CARTESIAN_POINT('',(-0.00439418996969,0.131,0.000232503036955641));
#2537=CARTESIAN_POINT('',(-0.00568585853712563,0.131,-0.0241793805130745));
#2538=CARTESIAN_POINT('',(-0.00938137666717077,0.131,-0.0226486467836142));
#2539=CARTESIAN_POINT('',(0.000232503036955645,0.131,-0.00439418996968999));
#2540=CARTESIAN_POINT('',(-0.0241793805130745,0.131,-0.00568585853712564));
#2541=CARTESIAN_POINT('',(-0.0331668085994281,0.131,-0.00616139654046897));
#2542=CARTESIAN_POINT('',(-0.0304880245728725,0.131,-0.012628553268048));
#2543=CARTESIAN_POINT('',(-0.0278092405463168,0.131,-0.019095709995627));
#2544=CARTESIAN_POINT('',(-0.00294275705131191,0.131,0.00327156599946751));
#2545=CARTESIAN_POINT('',(-0.0211179130541539,0.131,-0.0130768947972159));
#2546=CARTESIAN_POINT('',(-0.0226486467836142,0.131,-0.00938137666717079));
#2547=CARTESIAN_POINT('',(0.0029427570513119,0.131,0.00327156599946751));
#2548=CARTESIAN_POINT('',(0.0211179130541539,0.131,-0.0130768947972159));
#2549=CARTESIAN_POINT('',(0.0278092405463168,0.131,-0.019095709995627));
#2550=CARTESIAN_POINT('',(0.0304880245728725,0.131,-0.012628553268048));
#2551=CARTESIAN_POINT('',(0.0331668085994281,0.131,-0.00616139654046895));
#2552=CARTESIAN_POINT('',(-0.000232503036955642,0.131,-0.00439418996969));
#2553=CARTESIAN_POINT('',(0.0241793805130745,0.131,-0.00568585853712563));
#2554=CARTESIAN_POINT('',(0.0226486467836142,0.131,-0.00938137666717077));
#2555=CARTESIAN_POINT('',(0.00439418996969,0.131,0.000232503036955644));
#2556=CARTESIAN_POINT('',(0.00568585853712564,0.131,-0.0241793805130745));
#2557=CARTESIAN_POINT('',(0.00616139654046897,0.131,-0.0331668085994281));
#2558=CARTESIAN_POINT('',(0.012628553268048,0.131,-0.0304880245728725));
#2559=CARTESIAN_POINT('',(0.019095709995627,0.131,-0.0278092405463168));
#2560=CARTESIAN_POINT('',(-0.00327156599946751,0.131,-0.00294275705131191));
#2561=CARTESIAN_POINT('',(0.0130768947972159,0.131,-0.0211179130541539));
#2562=CARTESIAN_POINT('',(0.00938137666717079,0.131,-0.0226486467836142));
#2563=CARTESIAN_POINT('',(-0.00327156599946751,0.131,0.0029427570513119));
#2564=CARTESIAN_POINT('',(0.0130768947972159,0.131,0.0211179130541539));
#2565=CARTESIAN_POINT('',(0.019095709995627,0.131,0.0278092405463168));
#2566=CARTESIAN_POINT('',(0.012628553268048,0.131,0.0304880245728725));
#2567=CARTESIAN_POINT('',(0.00616139654046895,0.131,0.0331668085994281));
#2568=CARTESIAN_POINT('',(0.00439418996969,0.131,-0.000232503036955642));
#2569=CARTESIAN_POINT('',(0.00568585853712563,0.131,0.0241793805130745));
#2570=CARTESIAN_POINT('',(0.00938137666717077,0.131,0.0226486467836142));
#2571=CARTESIAN_POINT('',(-0.000232503036955644,0.131,0.00439418996969));
#2572=CARTESIAN_POINT('',(0.0241793805130745,0.131,0.00568585853712564));
#2573=CARTESIAN_POINT('',(0.0331668085994281,0.131,0.00616139654046897));
#2574=CARTESIAN_POINT('',(0.0304880245728725,0.131,0.012628553268048));
#2575=CARTESIAN_POINT('',(0.0278092405463168,0.131,0.019095709995627));
#2576=CARTESIAN_POINT('',(0.00294275705131191,0.131,-0.00327156599946751));
#2577=CARTESIAN_POINT('',(0.0211179130541539,0.131,0.0130768947972159));
#2578=CARTESIAN_POINT('',(0.0226486467836142,0.131,0.00938137666717079));
#2579=CARTESIAN_POINT('',(-1.99493199737333E-17,0.131,1.64798730217796E-17));
#2580=CARTESIAN_POINT('',(0.00831845998121389,0.131,-0.0168037413554525));
#2581=CARTESIAN_POINT('',(0.0168037413554525,0.131,-0.00831845998121389));
#2582=CARTESIAN_POINT('',(0.0141520909260029,0.131,-0.00566680955176433));
#2583=CARTESIAN_POINT('',(0.0115004404965533,0.131,-0.00301515912231478));
#2584=CARTESIAN_POINT('',(0.00725779980943407,0.131,-0.00725779980943406));
#2585=CARTESIAN_POINT('',(0.00301515912231478,0.131,-0.0115004404965533));
#2586=CARTESIAN_POINT('',(0.00566680955176433,0.131,-0.0141520909260029));
#2587=CARTESIAN_POINT('',(0.,0.131,0.028));
#2588=CARTESIAN_POINT('',(0.,0.131,0.0255));
#2589=CARTESIAN_POINT('',(0.028,0.131,1.71450551880629E-18));
#2590=CARTESIAN_POINT('',(0.028,0.131,-0.0025));
#2591=CARTESIAN_POINT('',(0.0197989898732233,0.131,0.0197989898732233));
#2592=CARTESIAN_POINT('',(0.0197989898732233,0.131,0.0172989898732233));
#2593=CARTESIAN_POINT('',(3.42901103761259E-18,0.131,-0.028));
#2594=CARTESIAN_POINT('',(3.42901103761259E-18,0.131,-0.0305));
#2595=CARTESIAN_POINT('',(0.0197989898732233,0.131,-0.0197989898732233));
#2596=CARTESIAN_POINT('',(0.0197989898732233,0.131,-0.0222989898732233));
#2597=CARTESIAN_POINT('',(-0.028,0.131,-5.14351655641888E-18));
#2598=CARTESIAN_POINT('',(-0.028,0.131,-0.00250000000000001));
#2599=CARTESIAN_POINT('',(-0.0197989898732233,0.131,-0.0197989898732233));
#2600=CARTESIAN_POINT('',(-0.0197989898732233,0.131,-0.0222989898732233));
#2601=CARTESIAN_POINT('',(-0.0197989898732233,0.131,0.0197989898732233));
#2602=CARTESIAN_POINT('',(-0.0197989898732233,0.131,0.0172989898732233));
#2603=CARTESIAN_POINT('',(0.0015,0.131,0.));
#2604=CARTESIAN_POINT('',(0.0015,0.130999999990274,0.0345382158543644));
#2605=CARTESIAN_POINT('',(0.0015,0.131,0.0392006824289124));
#2606=CARTESIAN_POINT('',(0.,0.131,0.));
#2607=CARTESIAN_POINT('',(0.0266584082008435,0.131000000000004,0.0287797285444032));
#2608=CARTESIAN_POINT('',(-0.00106066017177982,0.131,0.00106066017177982));
#2609=CARTESIAN_POINT('',(0.0233615464689259,0.131,0.0254828668124856));
#2610=CARTESIAN_POINT('',(0.0254828219301787,0.131,0.0233615015866191));
#2611=CARTESIAN_POINT('',(0.0254828668124856,0.130999999990274,0.0233615464689259));
#2612=CARTESIAN_POINT('',(0.00106066017177982,0.131,-0.00106066017177982));
#2613=CARTESIAN_POINT('',(0.0287797285444041,0.131,0.0266584082008445));
#2614=CARTESIAN_POINT('',(0.,0.131,0.));
#2615=CARTESIAN_POINT('',(0.039200682428911,0.131000000000004,0.0015));
#2616=CARTESIAN_POINT('',(-9.18485099360515E-20,0.131,0.0015));
#2617=CARTESIAN_POINT('',(0.0345382158543644,0.131,0.0015));
#2618=CARTESIAN_POINT('',(0.0345381523811973,0.131,-0.0015));
#2619=CARTESIAN_POINT('',(0.0345382158543644,0.130999999990274,-0.0015));
#2620=CARTESIAN_POINT('',(9.18485099360515E-20,0.131,-0.0015));
#2621=CARTESIAN_POINT('',(0.0392006824289124,0.131,-0.0015));
#2622=CARTESIAN_POINT('',(0.,0.131,0.));
#2623=CARTESIAN_POINT('',(0.0287797285444032,0.131000000000004,-0.0266584082008435));
#2624=CARTESIAN_POINT('',(0.00106066017177982,0.131,0.00106066017177982));
#2625=CARTESIAN_POINT('',(0.0254828668124856,0.131,-0.0233615464689259));
#2626=CARTESIAN_POINT('',(0.0233615015866191,0.131,-0.0254828219301787));
#2627=CARTESIAN_POINT('',(0.0233615464689259,0.130999999990274,-0.0254828668124856));
#2628=CARTESIAN_POINT('',(-0.00106066017177982,0.131,-0.00106066017177982));
#2629=CARTESIAN_POINT('',(0.0266584082008445,0.131,-0.0287797285444041));
#2630=CARTESIAN_POINT('',(0.,0.131,0.));
#2631=CARTESIAN_POINT('',(0.0015,0.131000000000004,-0.039200682428911));
#2632=CARTESIAN_POINT('',(0.0015,0.131,1.83697019872103E-19));
#2633=CARTESIAN_POINT('',(0.0015,0.131,-0.0345382158543644));
#2634=CARTESIAN_POINT('',(-0.0015,0.131,-0.0345381523811973));
#2635=CARTESIAN_POINT('',(-0.0015,0.130999999990274,-0.0345382158543644));
#2636=CARTESIAN_POINT('',(-0.0015,0.131,-1.83697019872103E-19));
#2637=CARTESIAN_POINT('',(-0.0015,0.131,-0.0392006824289124));
#2638=CARTESIAN_POINT('',(0.,0.131,0.));
#2639=CARTESIAN_POINT('',(-0.0266584082008435,0.131000000000004,-0.0287797285444032));
#2640=CARTESIAN_POINT('',(0.00106066017177982,0.131,-0.00106066017177982));
#2641=CARTESIAN_POINT('',(-0.0233615464689259,0.131,-0.0254828668124856));
#2642=CARTESIAN_POINT('',(-0.0254828219301787,0.131,-0.0233615015866191));
#2643=CARTESIAN_POINT('',(-0.0254828668124856,0.130999999990274,-0.0233615464689259));
#2644=CARTESIAN_POINT('',(-0.00106066017177982,0.131,0.00106066017177982));
#2645=CARTESIAN_POINT('',(-0.0287797285444041,0.131,-0.0266584082008445));
#2646=CARTESIAN_POINT('',(0.,0.131,0.));
#2647=CARTESIAN_POINT('',(-0.039200682428911,0.131000000000004,-0.0015));
#2648=CARTESIAN_POINT('',(2.75545529808154E-19,0.131,-0.0015));
#2649=CARTESIAN_POINT('',(-0.0345382158543644,0.131,-0.0015));
#2650=CARTESIAN_POINT('',(-0.0345381523811973,0.131,0.0015));
#2651=CARTESIAN_POINT('',(-0.0345382158543644,0.130999999990274,0.0015));
#2652=CARTESIAN_POINT('',(-2.75545529808154E-19,0.131,0.0015));
#2653=CARTESIAN_POINT('',(-0.0392006824289124,0.131,0.0015));
#2654=CARTESIAN_POINT('',(0.,0.131,0.));
#2655=CARTESIAN_POINT('',(-0.0287797285444032,0.131000000000004,0.0266584082008435));
#2656=CARTESIAN_POINT('',(-0.00106066017177982,0.131,-0.00106066017177982));
#2657=CARTESIAN_POINT('',(-0.0254828668124856,0.131,0.0233615464689259));
#2658=CARTESIAN_POINT('',(-0.0233615015866191,0.131,0.0254828219301787));
#2659=CARTESIAN_POINT('',(-0.0233615464689259,0.130999999990274,0.0254828668124856));
#2660=CARTESIAN_POINT('',(0.00106066017177982,0.131,0.00106066017177982));
#2661=CARTESIAN_POINT('',(-0.0266584082008435,0.131,0.0287797285444032));
#2662=CARTESIAN_POINT('',(0.,0.131,0.));
#2663=CARTESIAN_POINT('',(-0.0015,0.131,0.0392006824289124));
#2664=CARTESIAN_POINT('',(-0.0015,0.131,0.));
#2665=CARTESIAN_POINT('',(-0.0015,0.131,0.0345382158543644));
#2666=CARTESIAN_POINT('',(0.0015,0.131,0.0345381523811973));
#2667=CARTESIAN_POINT('',(0.,0.127,2.4492935982947E-18));
#2668=CARTESIAN_POINT('',(-0.0015,0.127,0.0399718651053463));
#2669=CARTESIAN_POINT('',(-0.0015,0.128481894134074,0.0399718651053463));
#2670=CARTESIAN_POINT('',(-0.0015,0.127,0.0399718651053463));
#2671=CARTESIAN_POINT('',(0.,0.128481894134074,0.));
#2672=CARTESIAN_POINT('',(-0.0272037167008845,0.128481894134074,0.0293250370444441));
#2673=CARTESIAN_POINT('',(-0.0272037167008845,0.127,0.0293250370444441));
#2674=CARTESIAN_POINT('',(-0.0272037167008845,0.127,0.0293250370444441));
#2675=CARTESIAN_POINT('',(0.,0.127,2.4492935982947E-18));
#2676=CARTESIAN_POINT('',(0.,0.127,2.4492935982947E-18));
#2677=CARTESIAN_POINT('',(-0.0293250370444441,0.127,0.0272037167008845));
#2678=CARTESIAN_POINT('',(-0.0293250370444441,0.128481894134074,0.0272037167008845));
#2679=CARTESIAN_POINT('',(-0.0293250370444441,0.127,0.0272037167008845));
#2680=CARTESIAN_POINT('',(0.,0.128481894134074,0.));
#2681=CARTESIAN_POINT('',(-0.0399718651053463,0.128481894134074,0.0015));
#2682=CARTESIAN_POINT('',(-0.0399718651053463,0.127,0.0015));
#2683=CARTESIAN_POINT('',(-0.0399718651053463,0.127,0.0015));
#2684=CARTESIAN_POINT('',(0.,0.127,2.4492935982947E-18));
#2685=CARTESIAN_POINT('',(0.,0.127,2.4492935982947E-18));
#2686=CARTESIAN_POINT('',(-0.0399718651053463,0.127,-0.0015));
#2687=CARTESIAN_POINT('',(-0.0399718651053463,0.128481894134074,-0.0015));
#2688=CARTESIAN_POINT('',(-0.0399718651053463,0.127,-0.0015));
#2689=CARTESIAN_POINT('',(0.,0.128481894134074,0.));
#2690=CARTESIAN_POINT('',(-0.0293250370444441,0.128481894134074,-0.0272037167008845));
#2691=CARTESIAN_POINT('',(-0.0293250370444441,0.127,-0.0272037167008845));
#2692=CARTESIAN_POINT('',(-0.0293250370444441,0.127,-0.0272037167008845));
#2693=CARTESIAN_POINT('',(0.,0.127,2.4492935982947E-18));
#2694=CARTESIAN_POINT('',(0.,0.127,2.4492935982947E-18));
#2695=CARTESIAN_POINT('',(-0.0272037167008845,0.127,-0.0293250370444441));
#2696=CARTESIAN_POINT('',(-0.0272037167008845,0.128481894134074,-0.0293250370444441));
#2697=CARTESIAN_POINT('',(-0.0272037167008845,0.127,-0.0293250370444441));
#2698=CARTESIAN_POINT('',(0.,0.128481894134074,0.));
#2699=CARTESIAN_POINT('',(-0.0015,0.128481894134074,-0.0399718651053463));
#2700=CARTESIAN_POINT('',(-0.0015,0.127,-0.0399718651053463));
#2701=CARTESIAN_POINT('',(-0.0015,0.127,-0.0399718651053463));
#2702=CARTESIAN_POINT('',(0.,0.127,2.4492935982947E-18));
#2703=CARTESIAN_POINT('',(0.,0.127,2.4492935982947E-18));
#2704=CARTESIAN_POINT('',(0.0015,0.127,-0.0399718651053463));
#2705=CARTESIAN_POINT('',(0.0015,0.128481894134074,-0.0399718651053463));
#2706=CARTESIAN_POINT('',(0.0015,0.127,-0.0399718651053463));
#2707=CARTESIAN_POINT('',(0.,0.128481894134074,0.));
#2708=CARTESIAN_POINT('',(0.0272037167008845,0.128481894134074,-0.0293250370444441));
#2709=CARTESIAN_POINT('',(0.0272037167008845,0.127,-0.0293250370444441));
#2710=CARTESIAN_POINT('',(0.0272037167008845,0.127,-0.0293250370444441));
#2711=CARTESIAN_POINT('',(0.,0.127,2.4492935982947E-18));
#2712=CARTESIAN_POINT('',(0.,0.127,2.4492935982947E-18));
#2713=CARTESIAN_POINT('',(0.0293250370444441,0.127,-0.0272037167008845));
#2714=CARTESIAN_POINT('',(0.0293250370444441,0.128481894134074,-0.0272037167008845));
#2715=CARTESIAN_POINT('',(0.0293250370444441,0.127,-0.0272037167008845));
#2716=CARTESIAN_POINT('',(0.,0.128481894134074,0.));
#2717=CARTESIAN_POINT('',(0.0399718651053463,0.128481894134074,-0.0015));
#2718=CARTESIAN_POINT('',(0.0399718651053463,0.127,-0.0015));
#2719=CARTESIAN_POINT('',(0.0399718651053463,0.127,-0.0015));
#2720=CARTESIAN_POINT('',(0.,0.127,2.4492935982947E-18));
#2721=CARTESIAN_POINT('',(0.,0.127,2.4492935982947E-18));
#2722=CARTESIAN_POINT('',(0.0399718651053463,0.127,0.0015));
#2723=CARTESIAN_POINT('',(0.0399718651053463,0.128481894134074,0.0015));
#2724=CARTESIAN_POINT('',(0.0399718651053463,0.127,0.0015));
#2725=CARTESIAN_POINT('',(0.,0.128481894134074,0.));
#2726=CARTESIAN_POINT('',(0.0293250370444441,0.128481894134074,0.0272037167008845));
#2727=CARTESIAN_POINT('',(0.0293250370444441,0.127,0.0272037167008845));
#2728=CARTESIAN_POINT('',(0.0293250370444441,0.127,0.0272037167008845));
#2729=CARTESIAN_POINT('',(0.,0.127,2.4492935982947E-18));
#2730=CARTESIAN_POINT('',(0.,0.127,0.));
#2731=CARTESIAN_POINT('',(0.00106066017177982,0.127,0.00106066017177982));
#2732=CARTESIAN_POINT('',(-0.0242149847163719,0.127,0.0263363050599304));
#2733=CARTESIAN_POINT('',(-0.0242149824273096,0.127,0.0263363027708692));
#2734=CARTESIAN_POINT('',(-0.0263363050599315,0.127,0.0242149847163708));
#2735=CARTESIAN_POINT('',(-0.00106066017177982,0.127,-0.00106066017177982));
#2736=CARTESIAN_POINT('',(-2.75545529808154E-19,0.127,0.0015));
#2737=CARTESIAN_POINT('',(-0.0357451597985496,0.127,0.0015));
#2738=CARTESIAN_POINT('',(-0.0357451565613274,0.127,0.0015));
#2739=CARTESIAN_POINT('',(-0.0357451597985496,0.127,-0.0015));
#2740=CARTESIAN_POINT('',(2.75545529808154E-19,0.127,-0.0015));
#2741=CARTESIAN_POINT('',(-0.00106066017177982,0.127,0.00106066017177982));
#2742=CARTESIAN_POINT('',(-0.0263363050599311,0.127,-0.0242149847163714));
#2743=CARTESIAN_POINT('',(-0.0263363027708692,0.127,-0.0242149824273096));
#2744=CARTESIAN_POINT('',(-0.0242149847163714,0.127,-0.0263363050599311));
#2745=CARTESIAN_POINT('',(0.00106066017177982,0.127,-0.00106066017177982));
#2746=CARTESIAN_POINT('',(-0.0015,0.127,-1.83697019872103E-19));
#2747=CARTESIAN_POINT('',(-0.0015,0.127,-0.0357451597985496));
#2748=CARTESIAN_POINT('',(-0.0015,0.127,-0.0357451565613274));
#2749=CARTESIAN_POINT('',(0.0015,0.127,-0.0357451597985496));
#2750=CARTESIAN_POINT('',(0.0015,0.127,1.83697019872103E-19));
#2751=CARTESIAN_POINT('',(-0.00106066017177982,0.127,-0.00106066017177982));
#2752=CARTESIAN_POINT('',(0.0242149847163714,0.127,-0.0263363050599311));
#2753=CARTESIAN_POINT('',(0.0242149824273096,0.127,-0.0263363027708692));
#2754=CARTESIAN_POINT('',(0.0263363050599311,0.127,-0.0242149847163714));
#2755=CARTESIAN_POINT('',(0.00106066017177982,0.127,0.00106066017177982));
#2756=CARTESIAN_POINT('',(9.18485099360515E-20,0.127,-0.0015));
#2757=CARTESIAN_POINT('',(0.0357451597985496,0.127,-0.0015));
#2758=CARTESIAN_POINT('',(0.0357451565613274,0.127,-0.0015));
#2759=CARTESIAN_POINT('',(0.0357451597985496,0.127,0.0015));
#2760=CARTESIAN_POINT('',(-9.18485099360515E-20,0.127,0.0015));
#2761=CARTESIAN_POINT('',(0.00106066017177982,0.127,-0.00106066017177982));
#2762=CARTESIAN_POINT('',(0.0263363050599311,0.127,0.0242149847163714));
#2763=CARTESIAN_POINT('',(0.0263363027708692,0.127,0.0242149824273096));
#2764=CARTESIAN_POINT('',(0.0242149847163714,0.127,0.0263363050599311));
#2765=CARTESIAN_POINT('',(-0.00106066017177982,0.127,0.00106066017177982));
#2766=CARTESIAN_POINT('',(0.0272037167008845,0.127,0.0293250370444441));
#2767=CARTESIAN_POINT('',(0.,0.127,2.4492935982947E-18));
#2768=CARTESIAN_POINT('',(0.0015,0.127,0.0399718651053463));
#2769=CARTESIAN_POINT('',(0.0015,0.127,0.));
#2770=CARTESIAN_POINT('',(0.0015,0.127,0.0357451597985496));
#2771=CARTESIAN_POINT('',(0.0015,0.127,0.0357451565613274));
#2772=CARTESIAN_POINT('',(-0.0015,0.127,0.0357451597985496));
#2773=CARTESIAN_POINT('',(-0.0015,0.127,0.));
#2774=CARTESIAN_POINT('',(-0.0197989898732233,0.127,0.0197989898732233));
#2775=CARTESIAN_POINT('',(-0.0197989898732233,0.127,0.0172989898732233));
#2776=CARTESIAN_POINT('',(-0.012628553268048,0.127,0.0304880245728724));
#2777=CARTESIAN_POINT('',(-0.00616139654046897,0.127,0.0331668085994281));
#2778=CARTESIAN_POINT('',(-0.019095709995627,0.127,0.0278092405463168));
#2779=CARTESIAN_POINT('',(-0.00439418996968999,0.127,-0.000232503036955645));
#2780=CARTESIAN_POINT('',(-0.00568585853712564,0.127,0.0241793805130745));
#2781=CARTESIAN_POINT('',(-0.00938137666717079,0.127,0.0226486467836142));
#2782=CARTESIAN_POINT('',(-0.0130768947972159,0.127,0.0211179130541539));
#2783=CARTESIAN_POINT('',(0.00327156599946751,0.127,0.00294275705131191));
#2784=CARTESIAN_POINT('',(-0.0197989898732233,0.127,-0.0197989898732233));
#2785=CARTESIAN_POINT('',(-0.0197989898732233,0.127,-0.0222989898732233));
#2786=CARTESIAN_POINT('',(-0.0304880245728725,0.127,-0.012628553268048));
#2787=CARTESIAN_POINT('',(-0.0331668085994281,0.127,-0.00616139654046897));
#2788=CARTESIAN_POINT('',(-0.0278092405463168,0.127,-0.019095709995627));
#2789=CARTESIAN_POINT('',(0.000232503036955645,0.127,-0.00439418996968999));
#2790=CARTESIAN_POINT('',(-0.0241793805130745,0.127,-0.00568585853712564));
#2791=CARTESIAN_POINT('',(-0.0226486467836142,0.127,-0.00938137666717079));
#2792=CARTESIAN_POINT('',(-0.0211179130541539,0.127,-0.0130768947972159));
#2793=CARTESIAN_POINT('',(-0.00294275705131191,0.127,0.00327156599946751));
#2794=CARTESIAN_POINT('',(-0.028,0.127,-5.14351655641888E-18));
#2795=CARTESIAN_POINT('',(-0.028,0.127,-0.00250000000000001));
#2796=CARTESIAN_POINT('',(0.0197989898732233,0.127,-0.0197989898732233));
#2797=CARTESIAN_POINT('',(0.0197989898732233,0.127,-0.0222989898732233));
#2798=CARTESIAN_POINT('',(0.012628553268048,0.127,-0.0304880245728725));
#2799=CARTESIAN_POINT('',(0.00616139654046896,0.127,-0.0331668085994281));
#2800=CARTESIAN_POINT('',(0.019095709995627,0.127,-0.0278092405463168));
#2801=CARTESIAN_POINT('',(0.00439418996969,0.127,0.000232503036955644));
#2802=CARTESIAN_POINT('',(0.00568585853712564,0.127,-0.0241793805130745));
#2803=CARTESIAN_POINT('',(0.00938137666717079,0.127,-0.0226486467836142));
#2804=CARTESIAN_POINT('',(0.0130768947972159,0.127,-0.0211179130541539));
#2805=CARTESIAN_POINT('',(-0.00327156599946751,0.127,-0.00294275705131191));
#2806=CARTESIAN_POINT('',(3.42901103761259E-18,0.127,-0.028));
#2807=CARTESIAN_POINT('',(3.42901103761259E-18,0.127,-0.0305));
#2808=CARTESIAN_POINT('',(0.0197989898732233,0.127,0.0197989898732233));
#2809=CARTESIAN_POINT('',(0.0197989898732233,0.127,0.0172989898732233));
#2810=CARTESIAN_POINT('',(0.0304880245728725,0.127,0.012628553268048));
#2811=CARTESIAN_POINT('',(0.0331668085994281,0.127,0.00616139654046896));
#2812=CARTESIAN_POINT('',(0.0278092405463168,0.127,0.019095709995627));
#2813=CARTESIAN_POINT('',(-0.000232503036955644,0.127,0.00439418996969));
#2814=CARTESIAN_POINT('',(0.0241793805130745,0.127,0.00568585853712564));
#2815=CARTESIAN_POINT('',(0.0226486467836142,0.127,0.00938137666717079));
#2816=CARTESIAN_POINT('',(0.0211179130541539,0.127,0.0130768947972159));
#2817=CARTESIAN_POINT('',(0.00294275705131191,0.127,-0.00327156599946751));
#2818=CARTESIAN_POINT('',(0.028,0.127,1.71450551880629E-18));
#2819=CARTESIAN_POINT('',(0.028,0.127,-0.0025));
#2820=CARTESIAN_POINT('',(0.,0.127,0.028));
#2821=CARTESIAN_POINT('',(0.,0.127,0.0255));
#2822=CARTESIAN_POINT('',(-1.99493199737333E-17,0.127,1.64798730217796E-17));
#2823=CARTESIAN_POINT('',(0.00831845998121389,0.127,-0.0168037413554525));
#2824=CARTESIAN_POINT('',(0.0168037413554525,0.127,-0.00831845998121389));
#2825=CARTESIAN_POINT('',(-1.99493199737333E-17,0.127,1.64798730217796E-17));
#2826=CARTESIAN_POINT('',(0.012628553268048,0.127,0.0304880245728725));
#2827=CARTESIAN_POINT('',(0.019095709995627,0.127,0.0278092405463168));
#2828=CARTESIAN_POINT('',(0.00616139654046895,0.127,0.0331668085994281));
#2829=CARTESIAN_POINT('',(-0.00327156599946751,0.127,0.0029427570513119));
#2830=CARTESIAN_POINT('',(0.0130768947972159,0.127,0.0211179130541539));
#2831=CARTESIAN_POINT('',(0.00938137666717077,0.127,0.0226486467836142));
#2832=CARTESIAN_POINT('',(0.00568585853712563,0.127,0.0241793805130745));
#2833=CARTESIAN_POINT('',(0.00439418996969,0.127,-0.000232503036955642));
#2834=CARTESIAN_POINT('',(0.0304880245728725,0.127,-0.012628553268048));
#2835=CARTESIAN_POINT('',(0.0278092405463168,0.127,-0.019095709995627));
#2836=CARTESIAN_POINT('',(0.0331668085994281,0.127,-0.00616139654046895));
#2837=CARTESIAN_POINT('',(0.0029427570513119,0.127,0.00327156599946751));
#2838=CARTESIAN_POINT('',(0.0211179130541539,0.127,-0.0130768947972159));
#2839=CARTESIAN_POINT('',(0.0226486467836142,0.127,-0.00938137666717077));
#2840=CARTESIAN_POINT('',(0.0241793805130745,0.127,-0.00568585853712563));
#2841=CARTESIAN_POINT('',(-0.000232503036955642,0.127,-0.00439418996969));
#2842=CARTESIAN_POINT('',(-0.012628553268048,0.127,-0.0304880245728725));
#2843=CARTESIAN_POINT('',(-0.019095709995627,0.127,-0.0278092405463168));
#2844=CARTESIAN_POINT('',(-0.00616139654046895,0.127,-0.0331668085994281));
#2845=CARTESIAN_POINT('',(0.00327156599946751,0.127,-0.0029427570513119));
#2846=CARTESIAN_POINT('',(-0.0130768947972159,0.127,-0.0211179130541539));
#2847=CARTESIAN_POINT('',(-0.00938137666717077,0.127,-0.0226486467836142));
#2848=CARTESIAN_POINT('',(-0.00568585853712563,0.127,-0.0241793805130745));
#2849=CARTESIAN_POINT('',(-0.00439418996969,0.127,0.000232503036955641));
#2850=CARTESIAN_POINT('',(-0.0304880245728725,0.127,0.012628553268048));
#2851=CARTESIAN_POINT('',(-0.0278092405463168,0.127,0.019095709995627));
#2852=CARTESIAN_POINT('',(-0.0331668085994281,0.127,0.00616139654046894));
#2853=CARTESIAN_POINT('',(-0.0029427570513119,0.127,-0.00327156599946751));
#2854=CARTESIAN_POINT('',(-0.0211179130541539,0.127,0.0130768947972159));
#2855=CARTESIAN_POINT('',(-0.0226486467836142,0.127,0.00938137666717077));
#2856=CARTESIAN_POINT('',(-0.0241793805130745,0.127,0.00568585853712563));
#2857=CARTESIAN_POINT('',(0.000232503036955641,0.127,0.00439418996969));
#2858=CARTESIAN_POINT('',(-1.99493199737333E-17,0.127,1.64798730217796E-17));
#2859=CARTESIAN_POINT('',(0.00831845998121389,0.125,-0.0168037413554525));
#2860=CARTESIAN_POINT('',(0.0168037413554525,0.125,-0.00831845998121389));
#2861=CARTESIAN_POINT('',(0.,0.127,2.4492935982947E-18));
#2862=CARTESIAN_POINT('',(0.0272037167008845,0.127,0.0293250370444441));
#2863=CARTESIAN_POINT('',(0.0272037167008845,0.128481894134074,0.0293250370444441));
#2864=CARTESIAN_POINT('',(0.,0.128481894134074,0.));
#2865=CARTESIAN_POINT('',(0.0015,0.128481894134074,0.0399718651053463));
#2866=CARTESIAN_POINT('',(0.0015,0.127,0.0399718651053463));
#2867=CARTESIAN_POINT('',(0.,0.126,0.028));
#2868=CARTESIAN_POINT('',(0.028,0.126,1.71450551880629E-18));
#2869=CARTESIAN_POINT('',(0.0304880245728724,0.126,0.012628553268048));
#2870=CARTESIAN_POINT('',(0.0278092405463168,0.126,0.019095709995627));
#2871=CARTESIAN_POINT('',(0.0331668085994281,0.126,0.00616139654046896));
#2872=CARTESIAN_POINT('',(0.0244635768002354,0.126,0.0160863023964215));
#2873=CARTESIAN_POINT('',(0.0211179130541539,0.126,0.0130768947972159));
#2874=CARTESIAN_POINT('',(0.0226486467836142,0.126,0.00938137666717078));
#2875=CARTESIAN_POINT('',(0.0241793805130745,0.126,0.00568585853712564));
#2876=CARTESIAN_POINT('',(0.0286730945562514,0.126,0.0059236275387973));
#2877=CARTESIAN_POINT('',(0.012628553268048,0.126,0.0304880245728725));
#2878=CARTESIAN_POINT('',(0.00616139654046895,0.126,0.0331668085994281));
#2879=CARTESIAN_POINT('',(0.019095709995627,0.126,0.0278092405463168));
#2880=CARTESIAN_POINT('',(0.00592362753879729,0.126,0.0286730945562514));
#2881=CARTESIAN_POINT('',(0.00568585853712563,0.126,0.0241793805130745));
#2882=CARTESIAN_POINT('',(0.00938137666717078,0.126,0.0226486467836142));
#2883=CARTESIAN_POINT('',(0.0130768947972159,0.126,0.0211179130541539));
#2884=CARTESIAN_POINT('',(0.0160863023964215,0.126,0.0244635768002354));
#2885=CARTESIAN_POINT('',(0.0197989898732233,0.126,0.0197989898732233));
#2886=CARTESIAN_POINT('',(3.42901103761259E-18,0.126,-0.028));
#2887=CARTESIAN_POINT('',(0.012628553268048,0.126,-0.0304880245728724));
#2888=CARTESIAN_POINT('',(0.019095709995627,0.126,-0.0278092405463168));
#2889=CARTESIAN_POINT('',(0.00616139654046896,0.126,-0.0331668085994281));
#2890=CARTESIAN_POINT('',(0.0160863023964215,0.126,-0.0244635768002354));
#2891=CARTESIAN_POINT('',(0.0130768947972159,0.126,-0.0211179130541539));
#2892=CARTESIAN_POINT('',(0.00938137666717078,0.126,-0.0226486467836142));
#2893=CARTESIAN_POINT('',(0.00568585853712564,0.126,-0.0241793805130745));
#2894=CARTESIAN_POINT('',(0.0059236275387973,0.126,-0.0286730945562514));
#2895=CARTESIAN_POINT('',(0.0304880245728725,0.126,-0.012628553268048));
#2896=CARTESIAN_POINT('',(0.0331668085994281,0.126,-0.00616139654046895));
#2897=CARTESIAN_POINT('',(0.0278092405463168,0.126,-0.019095709995627));
#2898=CARTESIAN_POINT('',(0.0286730945562514,0.126,-0.00592362753879729));
#2899=CARTESIAN_POINT('',(0.0241793805130745,0.126,-0.00568585853712563));
#2900=CARTESIAN_POINT('',(0.0226486467836142,0.126,-0.00938137666717078));
#2901=CARTESIAN_POINT('',(0.0211179130541539,0.126,-0.0130768947972159));
#2902=CARTESIAN_POINT('',(0.0244635768002354,0.126,-0.0160863023964215));
#2903=CARTESIAN_POINT('',(0.0197989898732233,0.126,-0.0197989898732233));
#2904=CARTESIAN_POINT('',(-0.028,0.126,-5.14351655641888E-18));
#2905=CARTESIAN_POINT('',(-0.0304880245728725,0.126,-0.012628553268048));
#2906=CARTESIAN_POINT('',(-0.0278092405463168,0.126,-0.019095709995627));
#2907=CARTESIAN_POINT('',(-0.0331668085994281,0.126,-0.00616139654046897));
#2908=CARTESIAN_POINT('',(-0.0244635768002354,0.126,-0.0160863023964215));
#2909=CARTESIAN_POINT('',(-0.0211179130541539,0.126,-0.0130768947972159));
#2910=CARTESIAN_POINT('',(-0.0226486467836142,0.126,-0.00938137666717079));
#2911=CARTESIAN_POINT('',(-0.0241793805130745,0.126,-0.00568585853712564));
#2912=CARTESIAN_POINT('',(-0.0286730945562514,0.126,-0.0059236275387973));
#2913=CARTESIAN_POINT('',(-0.012628553268048,0.126,-0.0304880245728725));
#2914=CARTESIAN_POINT('',(-0.00616139654046895,0.126,-0.0331668085994281));
#2915=CARTESIAN_POINT('',(-0.019095709995627,0.126,-0.0278092405463168));
#2916=CARTESIAN_POINT('',(-0.00592362753879729,0.126,-0.0286730945562514));
#2917=CARTESIAN_POINT('',(-0.00568585853712563,0.126,-0.0241793805130745));
#2918=CARTESIAN_POINT('',(-0.00938137666717077,0.126,-0.0226486467836142));
#2919=CARTESIAN_POINT('',(-0.0130768947972159,0.126,-0.0211179130541539));
#2920=CARTESIAN_POINT('',(-0.0160863023964215,0.126,-0.0244635768002354));
#2921=CARTESIAN_POINT('',(-0.0197989898732233,0.126,-0.0197989898732233));
#2922=CARTESIAN_POINT('',(-0.012628553268048,0.126,0.0304880245728724));
#2923=CARTESIAN_POINT('',(-0.019095709995627,0.126,0.0278092405463168));
#2924=CARTESIAN_POINT('',(-0.00616139654046897,0.126,0.0331668085994281));
#2925=CARTESIAN_POINT('',(-0.0160863023964215,0.126,0.0244635768002354));
#2926=CARTESIAN_POINT('',(-0.0130768947972159,0.126,0.0211179130541539));
#2927=CARTESIAN_POINT('',(-0.00938137666717079,0.126,0.0226486467836142));
#2928=CARTESIAN_POINT('',(-0.00568585853712565,0.126,0.0241793805130745));
#2929=CARTESIAN_POINT('',(-0.00592362753879731,0.126,0.0286730945562514));
#2930=CARTESIAN_POINT('',(-0.0304880245728725,0.126,0.012628553268048));
#2931=CARTESIAN_POINT('',(-0.0331668085994281,0.126,0.00616139654046894));
#2932=CARTESIAN_POINT('',(-0.0278092405463168,0.126,0.019095709995627));
#2933=CARTESIAN_POINT('',(-0.0286730945562514,0.126,0.00592362753879728));
#2934=CARTESIAN_POINT('',(-0.0241793805130745,0.126,0.00568585853712563));
#2935=CARTESIAN_POINT('',(-0.0226486467836142,0.126,0.00938137666717077));
#2936=CARTESIAN_POINT('',(-0.0211179130541539,0.126,0.0130768947972159));
#2937=CARTESIAN_POINT('',(-0.0244635768002354,0.126,0.0160863023964215));
#2938=CARTESIAN_POINT('',(-0.0197989898732233,0.126,0.0197989898732233));
#2939=CARTESIAN_POINT('',(7.80625564189563E-18,0.125,-6.07153216591882E-18));
#2940=CARTESIAN_POINT('',(0.0168037413554525,0.125,-0.00831845998121389));
#2941=CARTESIAN_POINT('',(0.0168037413554525,0.125,-0.00831845998121389));
#2942=CARTESIAN_POINT('',(0.00831845998121389,0.125,-0.0168037413554525));
#2943=CARTESIAN_POINT('',(0.00831845998121389,0.125,-0.0168037413554525));
#2944=CARTESIAN_POINT('',(7.80625564189563E-18,0.125,-6.07153216591882E-18));
#2945=CARTESIAN_POINT('',(0.00725779980943407,0.125,-0.00725779980943406));
#2946=CARTESIAN_POINT('',(0.0115004404965533,0.125,-0.00301515912231478));
#2947=CARTESIAN_POINT('',(0.0115004404965533,0.125,-0.00301515912231478));
#2948=CARTESIAN_POINT('',(0.00725779980943407,0.125,-0.00725779980943406));
#2949=CARTESIAN_POINT('',(0.00301515912231478,0.125,-0.0115004404965533));
#2950=CARTESIAN_POINT('',(0.00301515912231478,0.125,-0.0115004404965533));
#2951=CARTESIAN_POINT('',(0.0141520909260029,0.125,-0.00566680955176433));
#2952=CARTESIAN_POINT('',(0.0141520909260029,0.125,-0.00566680955176433));
#2953=CARTESIAN_POINT('',(0.012,0.125,9.18485099360515E-20));
#2954=CARTESIAN_POINT('',(0.012,0.125,9.18485099360515E-20));
#2955=CARTESIAN_POINT('',(0.012,0.125,-0.0015));
#2956=CARTESIAN_POINT('',(0.,0.125,-0.012));
#2957=CARTESIAN_POINT('',(0.,0.125,-0.012));
#2958=CARTESIAN_POINT('',(0.,0.125,-0.0135));
#2959=CARTESIAN_POINT('',(-0.012,0.125,9.18485099360515E-20));
#2960=CARTESIAN_POINT('',(-0.012,0.125,9.18485099360515E-20));
#2961=CARTESIAN_POINT('',(-0.012,0.125,-0.0015));
#2962=CARTESIAN_POINT('',(0.00566680955176433,0.125,-0.0141520909260029));
#2963=CARTESIAN_POINT('',(0.00566680955176433,0.125,-0.0141520909260029));
#2964=CARTESIAN_POINT('',(-2.16840434497101E-19,0.125,0.012));
#2965=CARTESIAN_POINT('',(-2.16840434497101E-19,0.125,0.012));
#2966=CARTESIAN_POINT('',(-2.16840434497101E-19,0.125,0.0105));
#2967=CARTESIAN_POINT('',(0.,0.125,0.));
#2968=CARTESIAN_POINT('',(0.0009,0.0466409827336017,-0.237793852692382));
#2969=CARTESIAN_POINT('',(0.0015,0.0466409827336017,-0.237793852692382));
#2970=CARTESIAN_POINT('',(-0.0015,0.0466409827336017,-0.237793852692382));
#2971=CARTESIAN_POINT('',(0.0015,0.0925,0.028575));
#2972=CARTESIAN_POINT('',(0.0015,0.128481894134074,0.0399718651053463));
#2973=CARTESIAN_POINT('',(0.0015,0.129322381041031,0.039718455695603));
#2974=CARTESIAN_POINT('',(0.0015,0.130161741565046,0.0394613683615619));
#2975=CARTESIAN_POINT('',(0.0015,0.131000000000004,0.039200682428911));
#2976=CARTESIAN_POINT('',(-0.0015,0.0925,0.028575));
#2977=CARTESIAN_POINT('',(-0.0015,0.128481894134074,0.0399718651053463));
#2978=CARTESIAN_POINT('',(-0.0015,0.129322381041031,0.039718455695603));
#2979=CARTESIAN_POINT('',(-0.0015,0.130161741565046,0.0394613683615619));
#2980=CARTESIAN_POINT('',(-0.0015,0.131000000000004,0.039200682428911));
#2981=CARTESIAN_POINT('',(-0.167509249660154,0.0466409827336174,-0.168782041866289));
#2982=CARTESIAN_POINT('',(-0.167084985591442,0.0466409827336174,-0.169206305935001));
#2983=CARTESIAN_POINT('',(-0.169206305935001,0.0466409827336174,-0.167084985591442));
#2984=CARTESIAN_POINT('',(0.0212662364441854,0.0925,0.0191449161006258));
#2985=CARTESIAN_POINT('',(0.0293250370444441,0.128481894134074,0.0272037167008845));
#2986=CARTESIAN_POINT('',(0.0291458495323982,0.129322381041031,0.0270245291888385));
#2987=CARTESIAN_POINT('',(0.0289640613351405,0.130161741565046,0.0268427409915808));
#2988=CARTESIAN_POINT('',(0.0287797285444032,0.131000000000004,0.0266584082008435));
#2989=CARTESIAN_POINT('',(0.0191449161006258,0.0925,0.0212662364441854));
#2990=CARTESIAN_POINT('',(0.0272037167008845,0.128481894134074,0.0293250370444441));
#2991=CARTESIAN_POINT('',(0.0270245291888382,0.129322381041032,0.0291458495323979));
#2992=CARTESIAN_POINT('',(0.0268427409915811,0.130161741565044,0.0289640613351408));
#2993=CARTESIAN_POINT('',(0.0266584082008435,0.131000000000004,0.0287797285444032));
#2994=CARTESIAN_POINT('',(-0.237793852692382,0.0466409827336017,-0.000900000000000016));
#2995=CARTESIAN_POINT('',(-0.237793852692382,0.0466409827336017,-0.00150000000000002));
#2996=CARTESIAN_POINT('',(-0.237793852692382,0.0466409827336017,0.00149999999999998));
#2997=CARTESIAN_POINT('',(0.028575,0.0925,-0.0015));
#2998=CARTESIAN_POINT('',(0.0399718651053463,0.128481894134074,-0.0015));
#2999=CARTESIAN_POINT('',(0.039718455695603,0.129322381041031,-0.0015));
#3000=CARTESIAN_POINT('',(0.0394613683615619,0.130161741565046,-0.0015));
#3001=CARTESIAN_POINT('',(0.039200682428911,0.131000000000004,-0.0015));
#3002=CARTESIAN_POINT('',(0.028575,0.0925,0.0015));
#3003=CARTESIAN_POINT('',(0.0399718651053463,0.128481894134074,0.0015));
#3004=CARTESIAN_POINT('',(0.0397184556956026,0.129322381041032,0.0015));
#3005=CARTESIAN_POINT('',(0.0394613683615623,0.130161741565044,0.00149999999999996));
#3006=CARTESIAN_POINT('',(0.039200682428911,0.131000000000004,0.00149999999999996));
#3007=CARTESIAN_POINT('',(-0.168782041866289,0.0466409827336174,0.167509249660154));
#3008=CARTESIAN_POINT('',(-0.169206305935001,0.0466409827336174,0.167084985591442));
#3009=CARTESIAN_POINT('',(-0.167084985591442,0.0466409827336174,0.169206305935001));
#3010=CARTESIAN_POINT('',(0.0191449161006258,0.0925,-0.0212662364441854));
#3011=CARTESIAN_POINT('',(0.0272037167008845,0.128481894134074,-0.0293250370444441));
#3012=CARTESIAN_POINT('',(0.0270245291888385,0.129322381041031,-0.0291458495323982));
#3013=CARTESIAN_POINT('',(0.0268427409915808,0.130161741565046,-0.0289640613351405));
#3014=CARTESIAN_POINT('',(0.0266584082008435,0.131000000000004,-0.0287797285444032));
#3015=CARTESIAN_POINT('',(0.0212662364441854,0.0925,-0.0191449161006258));
#3016=CARTESIAN_POINT('',(0.0293250370444441,0.128481894134074,-0.0272037167008845));
#3017=CARTESIAN_POINT('',(0.0291458495323979,0.129322381041032,-0.0270245291888382));
#3018=CARTESIAN_POINT('',(0.0289640613351408,0.130161741565044,-0.0268427409915812));
#3019=CARTESIAN_POINT('',(0.0287797285444032,0.131000000000004,-0.0266584082008436));
#3020=CARTESIAN_POINT('',(-0.000900000000000033,0.0466409827336017,0.237793852692382));
#3021=CARTESIAN_POINT('',(-0.00150000000000003,0.0466409827336017,0.237793852692382));
#3022=CARTESIAN_POINT('',(0.00149999999999997,0.0466409827336017,0.237793852692382));
#3023=CARTESIAN_POINT('',(-0.0015,0.0925,-0.028575));
#3024=CARTESIAN_POINT('',(-0.0015,0.128481894134074,-0.0399718651053463));
#3025=CARTESIAN_POINT('',(-0.0015,0.129322381041031,-0.039718455695603));
#3026=CARTESIAN_POINT('',(-0.0015,0.130161741565046,-0.0394613683615619));
#3027=CARTESIAN_POINT('',(-0.0015,0.131000000000004,-0.039200682428911));
#3028=CARTESIAN_POINT('',(0.0015,0.0925,-0.028575));
#3029=CARTESIAN_POINT('',(0.0015,0.128481894134074,-0.0399718651053463));
#3030=CARTESIAN_POINT('',(0.0015,0.129322381041032,-0.0397184556956026));
#3031=CARTESIAN_POINT('',(0.0015,0.130161741565044,-0.0394613683615623));
#3032=CARTESIAN_POINT('',(0.0015,0.131000000000004,-0.039200682428911));
#3033=CARTESIAN_POINT('',(0.167509249660159,0.0466409827336153,0.168782041866294));
#3034=CARTESIAN_POINT('',(0.167084985591447,0.0466409827336153,0.169206305935006));
#3035=CARTESIAN_POINT('',(0.169206305935006,0.0466409827336153,0.167084985591447));
#3036=CARTESIAN_POINT('',(-0.0212662364441854,0.0925,-0.0191449161006258));
#3037=CARTESIAN_POINT('',(-0.0293250370444441,0.128481894134074,-0.0272037167008845));
#3038=CARTESIAN_POINT('',(-0.0291458495323982,0.12932238104103,-0.0270245291888386));
#3039=CARTESIAN_POINT('',(-0.0289640613351405,0.130161741565046,-0.0268427409915809));
#3040=CARTESIAN_POINT('',(-0.0287797285444032,0.131000000000004,-0.0266584082008436));
#3041=CARTESIAN_POINT('',(-0.0191449161006258,0.0925,-0.0212662364441854));
#3042=CARTESIAN_POINT('',(-0.0272037167008845,0.128481894134074,-0.0293250370444441));
#3043=CARTESIAN_POINT('',(-0.0270245291888382,0.129322381041032,-0.0291458495323979));
#3044=CARTESIAN_POINT('',(-0.0268427409915812,0.130161741565044,-0.0289640613351408));
#3045=CARTESIAN_POINT('',(-0.0266584082008436,0.131000000000004,-0.0287797285444032));
#3046=CARTESIAN_POINT('',(0.237793852692382,0.0466409827336017,0.00090000000000005));
#3047=CARTESIAN_POINT('',(0.237793852692382,0.0466409827336017,0.00150000000000005));
#3048=CARTESIAN_POINT('',(0.237793852692382,0.0466409827336017,-0.00149999999999995));
#3049=CARTESIAN_POINT('',(-0.028575,0.0925,0.0015));
#3050=CARTESIAN_POINT('',(-0.0399718651053463,0.128481894134074,0.0015));
#3051=CARTESIAN_POINT('',(-0.039718455695603,0.129322381041031,0.0015));
#3052=CARTESIAN_POINT('',(-0.0394613683615619,0.130161741565046,0.0015));
#3053=CARTESIAN_POINT('',(-0.039200682428911,0.131000000000004,0.0015));
#3054=CARTESIAN_POINT('',(-0.028575,0.0925,-0.0015));
#3055=CARTESIAN_POINT('',(-0.0399718651053463,0.128481894134074,-0.0015));
#3056=CARTESIAN_POINT('',(-0.0397184556956026,0.129322381041032,-0.0015));
#3057=CARTESIAN_POINT('',(-0.0394613683615623,0.130161741565044,-0.0015));
#3058=CARTESIAN_POINT('',(-0.039200682428911,0.131000000000004,-0.0015));
#3059=CARTESIAN_POINT('',(0.168782041866303,0.0466409827336119,-0.167509249660167));
#3060=CARTESIAN_POINT('',(0.169206305935015,0.0466409827336119,-0.167084985591454));
#3061=CARTESIAN_POINT('',(0.167084985591455,0.0466409827336119,-0.169206305935014));
#3062=CARTESIAN_POINT('',(-0.0191449161006258,0.0925,0.0212662364441854));
#3063=CARTESIAN_POINT('',(-0.0272037167008845,0.128481894134074,0.0293250370444441));
#3064=CARTESIAN_POINT('',(-0.0270245291888385,0.12932238104103,0.0291458495323981));
#3065=CARTESIAN_POINT('',(-0.0268427409915809,0.130161741565046,0.0289640613351405));
#3066=CARTESIAN_POINT('',(-0.0266584082008436,0.131000000000004,0.0287797285444032));
#3067=CARTESIAN_POINT('',(-0.0212662364441854,0.0925,0.0191449161006257));
#3068=CARTESIAN_POINT('',(-0.0293250370444441,0.128481894134074,0.0272037167008845));
#3069=CARTESIAN_POINT('',(-0.0291458495323979,0.129322381041032,0.0270245291888382));
#3070=CARTESIAN_POINT('',(-0.0289640613351408,0.130161741565044,0.0268427409915811));
#3071=CARTESIAN_POINT('',(-0.0287797285444032,0.131000000000004,0.0266584082008435));
#3072=CARTESIAN_POINT('',(-0.0286460915257884,0.131000000000004,0.0268019578237951));
#3073=CARTESIAN_POINT('',(-0.0352110764319795,0.131000000000004,0.0197852630090152));
#3074=CARTESIAN_POINT('',(-0.0388882845591646,0.131000000000004,0.0109076972766965));
#3075=CARTESIAN_POINT('',(-0.0392076916986568,0.131000000000004,0.00130399944609406));
#3076=CARTESIAN_POINT('',(-0.0288351944780987,0.130166659825792,0.0269788869991981));
#3077=CARTESIAN_POINT('',(-0.0354435171648215,0.130166659825792,0.0199158725074829));
#3078=CARTESIAN_POINT('',(-0.039144999839635,0.130166659825792,0.0109797028330592));
#3079=CARTESIAN_POINT('',(-0.0394665154982951,0.130166659825792,0.00131260760629788));
#3080=CARTESIAN_POINT('',(-0.029022850391822,0.129327181213345,0.0271544622912225));
#3081=CARTESIAN_POINT('',(-0.0356741792331555,0.129327181213345,0.0200454825663235));
#3082=CARTESIAN_POINT('',(-0.0393997507038327,0.129327181213345,0.0110511573942244));
#3083=CARTESIAN_POINT('',(-0.0397233587470178,0.129327181213345,0.00132114989582214));
#3084=CARTESIAN_POINT('',(-0.029208821069737,0.128481894134074,0.0273284608369386));
#3085=CARTESIAN_POINT('',(-0.0359027698507717,0.128481894134074,0.0201739286676424));
#3086=CARTESIAN_POINT('',(-0.0396522137889243,0.128481894134074,0.0111219702607969));
#3087=CARTESIAN_POINT('',(-0.0399778954260658,0.128481894134074,0.00132961547168516));
#3088=CARTESIAN_POINT('',(-0.00130399944609413,0.131000000000004,0.0392076916986568));
#3089=CARTESIAN_POINT('',(-0.0109076972766965,0.131000000000004,0.0388882845591646));
#3090=CARTESIAN_POINT('',(-0.0197852630090152,0.131000000000004,0.0352110764319795));
#3091=CARTESIAN_POINT('',(-0.0268019578237951,0.131000000000004,0.0286460915257884));
#3092=CARTESIAN_POINT('',(-0.00131260760629796,0.130166659825792,0.0394665154982951));
#3093=CARTESIAN_POINT('',(-0.0109797028330592,0.130166659825792,0.039144999839635));
#3094=CARTESIAN_POINT('',(-0.0199158725074829,0.130166659825792,0.0354435171648215));
#3095=CARTESIAN_POINT('',(-0.0269788869991981,0.130166659825792,0.0288351944780987));
#3096=CARTESIAN_POINT('',(-0.00132114989582221,0.129327181213345,0.0397233587470178));
#3097=CARTESIAN_POINT('',(-0.0110511573942245,0.129327181213345,0.0393997507038327));
#3098=CARTESIAN_POINT('',(-0.0200454825663236,0.129327181213345,0.0356741792331555));
#3099=CARTESIAN_POINT('',(-0.0271544622912225,0.129327181213345,0.029022850391822));
#3100=CARTESIAN_POINT('',(-0.00132961547168524,0.128481894134074,0.0399778954260658));
#3101=CARTESIAN_POINT('',(-0.011121970260797,0.128481894134074,0.0396522137889243));
#3102=CARTESIAN_POINT('',(-0.0201739286676425,0.128481894134074,0.0359027698507717));
#3103=CARTESIAN_POINT('',(-0.0273284608369387,0.128481894134074,0.029208821069737));
#3104=CARTESIAN_POINT('',(-0.0392076916986568,0.131000000000004,-0.00130399944609411));
#3105=CARTESIAN_POINT('',(-0.0388882845591646,0.131000000000004,-0.0109076972766965));
#3106=CARTESIAN_POINT('',(-0.0352110764319795,0.131000000000004,-0.0197852630090152));
#3107=CARTESIAN_POINT('',(-0.0286460915257884,0.131000000000004,-0.026801957823795));
#3108=CARTESIAN_POINT('',(-0.0394665154982951,0.130166659825792,-0.00131260760629794));
#3109=CARTESIAN_POINT('',(-0.039144999839635,0.130166659825792,-0.0109797028330592));
#3110=CARTESIAN_POINT('',(-0.0354435171648215,0.130166659825792,-0.0199158725074829));
#3111=CARTESIAN_POINT('',(-0.0288351944780988,0.130166659825792,-0.0269788869991981));
#3112=CARTESIAN_POINT('',(-0.0397233587470178,0.129327181213345,-0.00132114989582219));
#3113=CARTESIAN_POINT('',(-0.0393997507038327,0.129327181213345,-0.0110511573942245));
#3114=CARTESIAN_POINT('',(-0.0356741792331555,0.129327181213345,-0.0200454825663235));
#3115=CARTESIAN_POINT('',(-0.029022850391822,0.129327181213345,-0.0271544622912225));
#3116=CARTESIAN_POINT('',(-0.0399778954260658,0.128481894134074,-0.00132961547168522));
#3117=CARTESIAN_POINT('',(-0.0396522137889243,0.128481894134074,-0.0111219702607969));
#3118=CARTESIAN_POINT('',(-0.0359027698507718,0.128481894134074,-0.0201739286676425));
#3119=CARTESIAN_POINT('',(-0.029208821069737,0.128481894134074,-0.0273284608369386));
#3120=CARTESIAN_POINT('',(-0.026801957823795,0.131000000000004,-0.0286460915257884));
#3121=CARTESIAN_POINT('',(-0.0197852630090152,0.131000000000004,-0.0352110764319795));
#3122=CARTESIAN_POINT('',(-0.0109076972766965,0.131000000000004,-0.0388882845591646));
#3123=CARTESIAN_POINT('',(-0.00130399944609413,0.131000000000004,-0.0392076916986568));
#3124=CARTESIAN_POINT('',(-0.0269788869991981,0.130166659825792,-0.0288351944780987));
#3125=CARTESIAN_POINT('',(-0.0199158725074829,0.130166659825792,-0.0354435171648215));
#3126=CARTESIAN_POINT('',(-0.0109797028330592,0.130166659825792,-0.039144999839635));
#3127=CARTESIAN_POINT('',(-0.00131260760629795,0.130166659825792,-0.0394665154982951));
#3128=CARTESIAN_POINT('',(-0.0271544622912225,0.129327181213345,-0.0290228503918221));
#3129=CARTESIAN_POINT('',(-0.0200454825663236,0.129327181213345,-0.0356741792331555));
#3130=CARTESIAN_POINT('',(-0.0110511573942245,0.129327181213345,-0.0393997507038327));
#3131=CARTESIAN_POINT('',(-0.0013211498958222,0.129327181213345,-0.0397233587470178));
#3132=CARTESIAN_POINT('',(-0.0273284608369387,0.128481894134074,-0.029208821069737));
#3133=CARTESIAN_POINT('',(-0.0201739286676425,0.128481894134074,-0.0359027698507718));
#3134=CARTESIAN_POINT('',(-0.011121970260797,0.128481894134074,-0.0396522137889243));
#3135=CARTESIAN_POINT('',(-0.00132961547168523,0.128481894134074,-0.0399778954260659));
#3136=CARTESIAN_POINT('',(0.00130399944609406,0.131000000000004,-0.0392076916986568));
#3137=CARTESIAN_POINT('',(0.0109076972766965,0.131000000000004,-0.0388882845591646));
#3138=CARTESIAN_POINT('',(0.0197852630090153,0.131000000000004,-0.0352110764319795));
#3139=CARTESIAN_POINT('',(0.0268019578237951,0.131000000000004,-0.0286460915257883));
#3140=CARTESIAN_POINT('',(0.00131260760629789,0.130166659825792,-0.0394665154982951));
#3141=CARTESIAN_POINT('',(0.0109797028330592,0.130166659825792,-0.039144999839635));
#3142=CARTESIAN_POINT('',(0.0199158725074829,0.130166659825792,-0.0354435171648215));
#3143=CARTESIAN_POINT('',(0.0269788869991981,0.130166659825792,-0.0288351944780987));
#3144=CARTESIAN_POINT('',(0.00132114989582214,0.129327181213345,-0.0397233587470178));
#3145=CARTESIAN_POINT('',(0.0110511573942245,0.129327181213345,-0.0393997507038327));
#3146=CARTESIAN_POINT('',(0.0200454825663236,0.129327181213345,-0.0356741792331555));
#3147=CARTESIAN_POINT('',(0.0271544622912225,0.129327181213345,-0.029022850391822));
#3148=CARTESIAN_POINT('',(0.00132961547168517,0.128481894134074,-0.0399778954260658));
#3149=CARTESIAN_POINT('',(0.0111219702607969,0.128481894134074,-0.0396522137889243));
#3150=CARTESIAN_POINT('',(0.0201739286676425,0.128481894134074,-0.0359027698507717));
#3151=CARTESIAN_POINT('',(0.0273284608369387,0.128481894134074,-0.0292088210697369));
#3152=CARTESIAN_POINT('',(0.0286460915257884,0.131000000000004,-0.0268019578237951));
#3153=CARTESIAN_POINT('',(0.0352110764319795,0.131000000000004,-0.0197852630090152));
#3154=CARTESIAN_POINT('',(0.0388882845591646,0.131000000000004,-0.0109076972766965));
#3155=CARTESIAN_POINT('',(0.0392076916986568,0.131000000000004,-0.00130399944609415));
#3156=CARTESIAN_POINT('',(0.0288351944780987,0.130166659825792,-0.0269788869991981));
#3157=CARTESIAN_POINT('',(0.0354435171648215,0.130166659825792,-0.0199158725074829));
#3158=CARTESIAN_POINT('',(0.039144999839635,0.130166659825792,-0.0109797028330592));
#3159=CARTESIAN_POINT('',(0.0394665154982951,0.130166659825792,-0.00131260760629798));
#3160=CARTESIAN_POINT('',(0.029022850391822,0.129327181213345,-0.0271544622912225));
#3161=CARTESIAN_POINT('',(0.0356741792331555,0.129327181213345,-0.0200454825663236));
#3162=CARTESIAN_POINT('',(0.0393997507038327,0.129327181213345,-0.0110511573942245));
#3163=CARTESIAN_POINT('',(0.0397233587470178,0.129327181213345,-0.00132114989582222));
#3164=CARTESIAN_POINT('',(0.029208821069737,0.128481894134074,-0.0273284608369386));
#3165=CARTESIAN_POINT('',(0.0359027698507717,0.128481894134074,-0.0201739286676425));
#3166=CARTESIAN_POINT('',(0.0396522137889243,0.128481894134074,-0.011121970260797));
#3167=CARTESIAN_POINT('',(0.0399778954260658,0.128481894134074,-0.00132961547168525));
#3168=CARTESIAN_POINT('',(0.0392076916986568,0.131000000000004,0.0013039994460941));
#3169=CARTESIAN_POINT('',(0.0388882845591646,0.131000000000004,0.0109076972766965));
#3170=CARTESIAN_POINT('',(0.0352110764319795,0.131000000000004,0.0197852630090153));
#3171=CARTESIAN_POINT('',(0.0286460915257883,0.131000000000004,0.0268019578237951));
#3172=CARTESIAN_POINT('',(0.0394665154982951,0.130166659825792,0.00131260760629792));
#3173=CARTESIAN_POINT('',(0.039144999839635,0.130166659825792,0.0109797028330592));
#3174=CARTESIAN_POINT('',(0.0354435171648215,0.130166659825792,0.0199158725074829));
#3175=CARTESIAN_POINT('',(0.0288351944780987,0.130166659825792,0.0269788869991981));
#3176=CARTESIAN_POINT('',(0.0397233587470178,0.129327181213345,0.00132114989582217));
#3177=CARTESIAN_POINT('',(0.0393997507038327,0.129327181213345,0.0110511573942245));
#3178=CARTESIAN_POINT('',(0.0356741792331555,0.129327181213345,0.0200454825663236));
#3179=CARTESIAN_POINT('',(0.029022850391822,0.129327181213345,0.0271544622912225));
#3180=CARTESIAN_POINT('',(0.0399778954260658,0.128481894134074,0.0013296154716852));
#3181=CARTESIAN_POINT('',(0.0396522137889243,0.128481894134074,0.0111219702607969));
#3182=CARTESIAN_POINT('',(0.0359027698507717,0.128481894134074,0.0201739286676425));
#3183=CARTESIAN_POINT('',(0.029208821069737,0.128481894134074,0.0273284608369387));
#3184=CARTESIAN_POINT('',(0.0268019578237951,0.131000000000004,0.0286460915257884));
#3185=CARTESIAN_POINT('',(0.0197852630090152,0.131000000000004,0.0352110764319795));
#3186=CARTESIAN_POINT('',(0.0109076972766964,0.131000000000004,0.0388882845591646));
#3187=CARTESIAN_POINT('',(0.00130399944609404,0.131000000000004,0.0392076916986568));
#3188=CARTESIAN_POINT('',(0.0269788869991981,0.130166659825792,0.0288351944780987));
#3189=CARTESIAN_POINT('',(0.0199158725074829,0.130166659825792,0.0354435171648215));
#3190=CARTESIAN_POINT('',(0.0109797028330591,0.130166659825792,0.039144999839635));
#3191=CARTESIAN_POINT('',(0.00131260760629787,0.130166659825792,0.0394665154982951));
#3192=CARTESIAN_POINT('',(0.0271544622912225,0.129327181213345,0.029022850391822));
#3193=CARTESIAN_POINT('',(0.0200454825663235,0.129327181213345,0.0356741792331555));
#3194=CARTESIAN_POINT('',(0.0110511573942244,0.129327181213345,0.0393997507038327));
#3195=CARTESIAN_POINT('',(0.00132114989582212,0.129327181213345,0.0397233587470178));
#3196=CARTESIAN_POINT('',(0.0273284608369386,0.128481894134074,0.029208821069737));
#3197=CARTESIAN_POINT('',(0.0201739286676424,0.128481894134074,0.0359027698507718));
#3198=CARTESIAN_POINT('',(0.0111219702607969,0.128481894134074,0.0396522137889243));
#3199=CARTESIAN_POINT('',(0.00132961547168515,0.128481894134074,0.0399778954260658));
#3200=MECHANICAL_DESIGN_GEOMETRIC_PRESENTATION_REPRESENTATION('',(#1863),
#3201);
#3201=(
GEOMETRIC_REPRESENTATION_CONTEXT(3)
GLOBAL_UNCERTAINTY_ASSIGNED_CONTEXT((#3202))
GLOBAL_UNIT_ASSIGNED_CONTEXT((#3205,#3204,#3203))
REPRESENTATION_CONTEXT('Motor Mount','TOP_LEVEL_ASSEMBLY_PART')
);
#3202=UNCERTAINTY_MEASURE_WITH_UNIT(LENGTH_MEASURE(2.E-5),#3205,
'DISTANCE_ACCURACY_VALUE','Maximum Tolerance applied to model');
#3203=(
NAMED_UNIT(*)
SI_UNIT($,.STERADIAN.)
SOLID_ANGLE_UNIT()
);
#3204=(
NAMED_UNIT(*)
PLANE_ANGLE_UNIT()
SI_UNIT($,.RADIAN.)
);
#3205=(
LENGTH_UNIT()
NAMED_UNIT(*)
SI_UNIT($,.METRE.)
);
#3206=PRODUCT_DEFINITION_SHAPE('','',#3207);
#3207=PRODUCT_DEFINITION('','',#3209,#3208);
#3208=PRODUCT_DEFINITION_CONTEXT('',#3215,'design');
#3209=PRODUCT_DEFINITION_FORMATION_WITH_SPECIFIED_SOURCE('','',#3211,
 .NOT_KNOWN.);
#3210=PRODUCT_RELATED_PRODUCT_CATEGORY('','',(#3211));
#3211=PRODUCT('Motor Mount','Motor Mount','Motor Mount',(#3213));
#3212=PRODUCT_CATEGORY('','');
#3213=PRODUCT_CONTEXT('',#3215,'mechanical');
#3214=APPLICATION_PROTOCOL_DEFINITION('international standard',
'ap242_managed_model_based_3d_engineering',2020,#3215);
#3215=APPLICATION_CONTEXT('managed model based 3d engineering');
ENDSEC;
END-ISO-10303-21;
