ISO-10303-21;
HEADER;
/* Generated by software containing ST-Developer
 * from STEP Tools, Inc. (www.steptools.com) 
 */
/* OPTION: using custom renumber hook */

FILE_DESCRIPTION(
/* description */ ('STEP AP242 Edition 2',
'CAx-IF Rec.Pracs.---Representation and Presentation of Product Manufa
cturing Information (PMI)---4.0---2014-10-13',
'CAx-IF Rec.Pracs.---3D Tessellated Geometry---0.4---2014-09-14','2;1',
'CAx-IF Rec.Pracs.---User Defined Attributes---1.5---2016-08-15'),
/* implementation_level */ '2;1');

FILE_NAME(
/* name */ 'Tail - Tail Shell',
/* time_stamp */ '2026-08-23T20:30:00Z',
/* author */ (''),
/* organization */ (''),
/* preprocessor_version */ 'ST-DEVELOPER v20',
/* originating_system */ 'ONSHAPE BY PTC INC, 1.219',
/* authorisation */ '  ');

FILE_SCHEMA (('AP242_MANAGED_MODEL_BASED_3D_ENGINEERING_MIM_LF { 1 0 10303 442 3 1 4 }'));
ENDSEC;

DATA;
#10=SHAPE_REPRESENTATION_RELATIONSHIP('','',#859,#11);
#11=ADVANCED_BREP_SHAPE_REPRESENTATION('',(#857),#2623);
#12=CYLINDRICAL_SURFACE('',#905,0.0014);
#13=CYLINDRICAL_SURFACE('',#906,0.0014);
#14=CYLINDRICAL_SURFACE('',#907,0.0014);
#15=CYLINDRICAL_SURFACE('',#908,0.0014);
#16=PLANE('',#879);
#17=PLANE('',#880);
#18=PLANE('',#881);
#19=PLANE('',#882);
#20=PLANE('',#883);
#21=PLANE('',#884);
#22=PLANE('',#885);
#23=PLANE('',#886);
#24=PLANE('',#887);
#25=PLANE('',#888);
#26=PLANE('',#889);
#27=PLANE('',#890);
#28=PLANE('',#891);
#29=PLANE('',#892);
#30=PLANE('',#893);
#31=PLANE('',#894);
#32=PLANE('',#895);
#33=PLANE('',#896);
#34=PLANE('',#897);
#35=PLANE('',#898);
#36=PLANE('',#899);
#37=PLANE('',#900);
#38=PLANE('',#901);
#39=PLANE('',#902);
#40=PLANE('',#903);
#41=PLANE('',#904);
#42=(
BOUNDED_SURFACE()
B_SPLINE_SURFACE(3,3,((#1560,#1561,#1562,#1563),(#1564,#1565,#1566,#1567),
(#1568,#1569,#1570,#1571),(#1572,#1573,#1574,#1575),(#1576,#1577,#1578,
#1579),(#1580,#1581,#1582,#1583),(#1584,#1585,#1586,#1587),(#1588,#1589,
#1590,#1591),(#1592,#1593,#1594,#1595),(#1596,#1597,#1598,#1599),(#1600,
#1601,#1602,#1603),(#1604,#1605,#1606,#1607),(#1608,#1609,#1610,#1611),
(#1612,#1613,#1614,#1615)),.SURF_OF_REVOLUTION.,.F.,.F.,.F.)
B_SPLINE_SURFACE_WITH_KNOTS((4,1,1,1,1,1,1,1,1,1,1,4),(4,4),(-6.72231327549854E-16,
0.124999999999999,0.25,0.3125,0.375,0.4375,0.5,0.5625,0.625,0.75,0.875,
1.),(0.,1.),.UNSPECIFIED.)
GEOMETRIC_REPRESENTATION_ITEM()
RATIONAL_B_SPLINE_SURFACE(((1.,0.948043951932543,0.948043951932543,1.),
(1.,0.948043951932543,0.948043951932543,1.),(1.,0.948043951932543,0.948043951932543,
1.),(1.,0.948043951932543,0.948043951932543,1.),(1.,0.948043951932543,0.948043951932543,
1.),(1.,0.948043951932543,0.948043951932543,1.),(1.,0.948043951932543,0.948043951932543,
1.),(1.,0.948043951932543,0.948043951932543,1.),(1.,0.948043951932543,0.948043951932543,
1.),(1.,0.948043951932543,0.948043951932543,1.),(1.,0.948043951932543,0.948043951932543,
1.),(1.,0.948043951932543,0.948043951932543,1.),(1.,0.948043951932543,0.948043951932543,
1.),(1.,0.948043951932543,0.948043951932543,1.)))
REPRESENTATION_ITEM('')
SURFACE()
);
#43=(
BOUNDED_SURFACE()
B_SPLINE_SURFACE(3,3,((#1664,#1665,#1666,#1667),(#1668,#1669,#1670,#1671),
(#1672,#1673,#1674,#1675),(#1676,#1677,#1678,#1679),(#1680,#1681,#1682,
#1683),(#1684,#1685,#1686,#1687),(#1688,#1689,#1690,#1691),(#1692,#1693,
#1694,#1695),(#1696,#1697,#1698,#1699),(#1700,#1701,#1702,#1703),(#1704,
#1705,#1706,#1707),(#1708,#1709,#1710,#1711),(#1712,#1713,#1714,#1715),
(#1716,#1717,#1718,#1719)),.SURF_OF_REVOLUTION.,.F.,.F.,.F.)
B_SPLINE_SURFACE_WITH_KNOTS((4,1,1,1,1,1,1,1,1,1,1,4),(4,4),(-6.0565462306912E-16,
0.124999999999999,0.25,0.3125,0.375,0.4375,0.5,0.5625,0.625,0.75,0.875,
1.),(0.,1.),.UNSPECIFIED.)
GEOMETRIC_REPRESENTATION_ITEM()
RATIONAL_B_SPLINE_SURFACE(((1.,0.948043951932544,0.948043951932544,1.),
(1.,0.948043951932544,0.948043951932544,1.),(1.,0.948043951932544,0.948043951932544,
1.),(1.,0.948043951932544,0.948043951932544,1.),(1.,0.948043951932544,0.948043951932544,
1.),(1.,0.948043951932544,0.948043951932544,1.),(1.,0.948043951932544,0.948043951932544,
1.),(1.,0.948043951932544,0.948043951932544,1.),(1.,0.948043951932544,0.948043951932544,
1.),(1.,0.948043951932544,0.948043951932544,1.),(1.,0.948043951932544,0.948043951932544,
1.),(1.,0.948043951932544,0.948043951932544,1.),(1.,0.948043951932544,0.948043951932544,
1.),(1.,0.948043951932544,0.948043951932544,1.)))
REPRESENTATION_ITEM('')
SURFACE()
);
#44=(
BOUNDED_SURFACE()
B_SPLINE_SURFACE(3,3,((#1767,#1768,#1769,#1770),(#1771,#1772,#1773,#1774),
(#1775,#1776,#1777,#1778),(#1779,#1780,#1781,#1782),(#1783,#1784,#1785,
#1786),(#1787,#1788,#1789,#1790),(#1791,#1792,#1793,#1794),(#1795,#1796,
#1797,#1798),(#1799,#1800,#1801,#1802),(#1803,#1804,#1805,#1806),(#1807,
#1808,#1809,#1810),(#1811,#1812,#1813,#1814),(#1815,#1816,#1817,#1818),
(#1819,#1820,#1821,#1822)),.SURF_OF_REVOLUTION.,.F.,.F.,.F.)
B_SPLINE_SURFACE_WITH_KNOTS((4,1,1,1,1,1,1,1,1,1,1,4),(4,4),(-6.11633191640295E-16,
0.124999999999999,0.25,0.3125,0.375,0.4375,0.5,0.5625,0.625,0.75,0.875,
1.),(0.,1.),.UNSPECIFIED.)
GEOMETRIC_REPRESENTATION_ITEM()
RATIONAL_B_SPLINE_SURFACE(((1.,0.948043951932543,0.948043951932543,1.),
(1.,0.948043951932543,0.948043951932543,1.),(1.,0.948043951932543,0.948043951932543,
1.),(1.,0.948043951932543,0.948043951932543,1.),(1.,0.948043951932543,0.948043951932543,
1.),(1.,0.948043951932543,0.948043951932543,1.),(1.,0.948043951932543,0.948043951932543,
1.),(1.,0.948043951932543,0.948043951932543,1.),(1.,0.948043951932543,0.948043951932543,
1.),(1.,0.948043951932543,0.948043951932543,1.),(1.,0.948043951932543,0.948043951932543,
1.),(1.,0.948043951932543,0.948043951932543,1.),(1.,0.948043951932543,0.948043951932543,
1.),(1.,0.948043951932543,0.948043951932543,1.)))
REPRESENTATION_ITEM('')
SURFACE()
);
#45=(
BOUNDED_SURFACE()
B_SPLINE_SURFACE(3,3,((#1870,#1871,#1872,#1873),(#1874,#1875,#1876,#1877),
(#1878,#1879,#1880,#1881),(#1882,#1883,#1884,#1885),(#1886,#1887,#1888,
#1889),(#1890,#1891,#1892,#1893),(#1894,#1895,#1896,#1897),(#1898,#1899,
#1900,#1901),(#1902,#1903,#1904,#1905),(#1906,#1907,#1908,#1909),(#1910,
#1911,#1912,#1913),(#1914,#1915,#1916,#1917),(#1918,#1919,#1920,#1921),
(#1922,#1923,#1924,#1925)),.SURF_OF_REVOLUTION.,.F.,.F.,.F.)
B_SPLINE_SURFACE_WITH_KNOTS((4,1,1,1,1,1,1,1,1,1,1,4),(4,4),(-6.0565462306912E-16,
0.124999999999999,0.25,0.3125,0.375,0.4375,0.5,0.5625,0.625,0.75,0.875,
1.),(0.,1.),.UNSPECIFIED.)
GEOMETRIC_REPRESENTATION_ITEM()
RATIONAL_B_SPLINE_SURFACE(((1.,0.948043951932543,0.948043951932543,1.),
(1.,0.948043951932543,0.948043951932543,1.),(1.,0.948043951932543,0.948043951932543,
1.),(1.,0.948043951932543,0.948043951932543,1.),(1.,0.948043951932543,0.948043951932543,
1.),(1.,0.948043951932543,0.948043951932543,1.),(1.,0.948043951932543,0.948043951932543,
1.),(1.,0.948043951932543,0.948043951932543,1.),(1.,0.948043951932543,0.948043951932543,
1.),(1.,0.948043951932543,0.948043951932543,1.),(1.,0.948043951932543,0.948043951932543,
1.),(1.,0.948043951932543,0.948043951932543,1.),(1.,0.948043951932543,0.948043951932543,
1.),(1.,0.948043951932543,0.948043951932543,1.)))
REPRESENTATION_ITEM('')
SURFACE()
);
#46=(
BOUNDED_SURFACE()
B_SPLINE_SURFACE(3,3,((#1973,#1974,#1975,#1976),(#1977,#1978,#1979,#1980),
(#1981,#1982,#1983,#1984),(#1985,#1986,#1987,#1988),(#1989,#1990,#1991,
#1992),(#1993,#1994,#1995,#1996),(#1997,#1998,#1999,#2000),(#2001,#2002,
#2003,#2004),(#2005,#2006,#2007,#2008),(#2009,#2010,#2011,#2012),(#2013,
#2014,#2015,#2016),(#2017,#2018,#2019,#2020),(#2021,#2022,#2023,#2024),
(#2025,#2026,#2027,#2028)),.SURF_OF_REVOLUTION.,.F.,.F.,.F.)
B_SPLINE_SURFACE_WITH_KNOTS((4,1,1,1,1,1,1,1,1,1,1,4),(4,4),(-6.21018477949289E-16,
0.124999999999999,0.25,0.3125,0.375,0.4375,0.5,0.5625,0.625,0.75,0.875,
1.),(0.,1.),.UNSPECIFIED.)
GEOMETRIC_REPRESENTATION_ITEM()
RATIONAL_B_SPLINE_SURFACE(((1.,0.948043951932544,0.948043951932544,1.),
(1.,0.948043951932544,0.948043951932544,1.),(1.,0.948043951932544,0.948043951932544,
1.),(1.,0.948043951932544,0.948043951932544,1.),(1.,0.948043951932544,0.948043951932544,
1.),(1.,0.948043951932544,0.948043951932544,1.),(1.,0.948043951932544,0.948043951932544,
1.),(1.,0.948043951932544,0.948043951932544,1.),(1.,0.948043951932544,0.948043951932544,
1.),(1.,0.948043951932544,0.948043951932544,1.),(1.,0.948043951932544,0.948043951932544,
1.),(1.,0.948043951932544,0.948043951932544,1.),(1.,0.948043951932544,0.948043951932544,
1.),(1.,0.948043951932544,0.948043951932544,1.)))
REPRESENTATION_ITEM('')
SURFACE()
);
#47=(
BOUNDED_SURFACE()
B_SPLINE_SURFACE(3,3,((#2076,#2077,#2078,#2079),(#2080,#2081,#2082,#2083),
(#2084,#2085,#2086,#2087),(#2088,#2089,#2090,#2091),(#2092,#2093,#2094,
#2095),(#2096,#2097,#2098,#2099),(#2100,#2101,#2102,#2103),(#2104,#2105,
#2106,#2107),(#2108,#2109,#2110,#2111),(#2112,#2113,#2114,#2115),(#2116,
#2117,#2118,#2119),(#2120,#2121,#2122,#2123),(#2124,#2125,#2126,#2127),
(#2128,#2129,#2130,#2131)),.SURF_OF_REVOLUTION.,.F.,.F.,.F.)
B_SPLINE_SURFACE_WITH_KNOTS((4,1,1,1,1,1,1,1,1,1,1,4),(4,4),(-6.0565462306912E-16,
0.124999999999999,0.25,0.3125,0.375,0.4375,0.5,0.5625,0.625,0.75,0.875,
1.),(0.,1.),.UNSPECIFIED.)
GEOMETRIC_REPRESENTATION_ITEM()
RATIONAL_B_SPLINE_SURFACE(((1.,0.948043951932544,0.948043951932544,1.),
(1.,0.948043951932544,0.948043951932544,1.),(1.,0.948043951932544,0.948043951932544,
1.),(1.,0.948043951932544,0.948043951932544,1.),(1.,0.948043951932544,0.948043951932544,
1.),(1.,0.948043951932544,0.948043951932544,1.),(1.,0.948043951932544,0.948043951932544,
1.),(1.,0.948043951932544,0.948043951932544,1.),(1.,0.948043951932544,0.948043951932544,
1.),(1.,0.948043951932544,0.948043951932544,1.),(1.,0.948043951932544,0.948043951932544,
1.),(1.,0.948043951932544,0.948043951932544,1.),(1.,0.948043951932544,0.948043951932544,
1.),(1.,0.948043951932544,0.948043951932544,1.)))
REPRESENTATION_ITEM('')
SURFACE()
);
#48=(
BOUNDED_SURFACE()
B_SPLINE_SURFACE(3,3,((#2179,#2180,#2181,#2182),(#2183,#2184,#2185,#2186),
(#2187,#2188,#2189,#2190),(#2191,#2192,#2193,#2194),(#2195,#2196,#2197,
#2198),(#2199,#2200,#2201,#2202),(#2203,#2204,#2205,#2206),(#2207,#2208,
#2209,#2210),(#2211,#2212,#2213,#2214),(#2215,#2216,#2217,#2218),(#2219,
#2220,#2221,#2222),(#2223,#2224,#2225,#2226),(#2227,#2228,#2229,#2230),
(#2231,#2232,#2233,#2234)),.SURF_OF_REVOLUTION.,.F.,.F.,.F.)
B_SPLINE_SURFACE_WITH_KNOTS((4,1,1,1,1,1,1,1,1,1,1,4),(4,4),(-8.25189251648028E-13,
0.124999999999278,0.249999999999381,0.312499999999433,0.374999999999484,
0.437499999999536,0.499999999999587,0.562499999999639,0.624999999999691,
0.749999999999794,0.874999999999897,1.),(0.,1.),.UNSPECIFIED.)
GEOMETRIC_REPRESENTATION_ITEM()
RATIONAL_B_SPLINE_SURFACE(((1.,0.948043951932544,0.948043951932544,1.),
(1.,0.948043951932544,0.948043951932544,1.),(1.,0.948043951932544,0.948043951932544,
1.),(1.,0.948043951932544,0.948043951932544,1.),(1.,0.948043951932544,0.948043951932544,
1.),(1.,0.948043951932544,0.948043951932544,1.),(1.,0.948043951932544,0.948043951932544,
1.),(1.,0.948043951932544,0.948043951932544,1.),(1.,0.948043951932544,0.948043951932544,
1.),(1.,0.948043951932544,0.948043951932544,1.),(1.,0.948043951932544,0.948043951932544,
1.),(1.,0.948043951932544,0.948043951932544,1.),(1.,0.948043951932544,0.948043951932544,
1.),(1.,0.948043951932544,0.948043951932544,1.)))
REPRESENTATION_ITEM('')
SURFACE()
);
#49=(
BOUNDED_SURFACE()
B_SPLINE_SURFACE(3,3,((#2282,#2283,#2284,#2285),(#2286,#2287,#2288,#2289),
(#2290,#2291,#2292,#2293),(#2294,#2295,#2296,#2297),(#2298,#2299,#2300,
#2301),(#2302,#2303,#2304,#2305),(#2306,#2307,#2308,#2309),(#2310,#2311,
#2312,#2313),(#2314,#2315,#2316,#2317),(#2318,#2319,#2320,#2321),(#2322,
#2323,#2324,#2325),(#2326,#2327,#2328,#2329),(#2330,#2331,#2332,#2333),
(#2334,#2335,#2336,#2337)),.SURF_OF_REVOLUTION.,.F.,.F.,.F.)
B_SPLINE_SURFACE_WITH_KNOTS((4,1,1,1,1,1,1,1,1,1,1,4),(4,4),(-6.0565462306912E-16,
0.124999999999999,0.25,0.3125,0.375,0.4375,0.5,0.5625,0.625,0.75,0.875,
1.),(0.,1.),.UNSPECIFIED.)
GEOMETRIC_REPRESENTATION_ITEM()
RATIONAL_B_SPLINE_SURFACE(((1.,0.948650194815266,0.948650194815266,1.),
(1.,0.948650194815266,0.948650194815266,1.),(1.,0.948650194815266,0.948650194815266,
1.),(1.,0.948650194815266,0.948650194815266,1.),(1.,0.948650194815266,0.948650194815266,
1.),(1.,0.948650194815266,0.948650194815266,1.),(1.,0.948650194815266,0.948650194815266,
1.),(1.,0.948650194815266,0.948650194815266,1.),(1.,0.948650194815266,0.948650194815266,
1.),(1.,0.948650194815266,0.948650194815266,1.),(1.,0.948650194815266,0.948650194815266,
1.),(1.,0.948650194815266,0.948650194815266,1.),(1.,0.948650194815266,0.948650194815266,
1.),(1.,0.948650194815266,0.948650194815266,1.)))
REPRESENTATION_ITEM('')
SURFACE()
);
#50=LINE('',#1371,#98);
#51=LINE('',#1379,#99);
#52=LINE('',#1427,#100);
#53=LINE('',#1435,#101);
#54=LINE('',#1483,#102);
#55=LINE('',#1491,#103);
#56=LINE('',#1539,#104);
#57=LINE('',#1547,#105);
#58=LINE('',#2386,#106);
#59=LINE('',#2388,#107);
#60=LINE('',#2390,#108);
#61=LINE('',#2391,#109);
#62=LINE('',#2392,#110);
#63=LINE('',#2393,#111);
#64=LINE('',#2395,#112);
#65=LINE('',#2397,#113);
#66=LINE('',#2398,#114);
#67=LINE('',#2399,#115);
#68=LINE('',#2400,#116);
#69=LINE('',#2402,#117);
#70=LINE('',#2404,#118);
#71=LINE('',#2405,#119);
#72=LINE('',#2406,#120);
#73=LINE('',#2407,#121);
#74=LINE('',#2409,#122);
#75=LINE('',#2411,#123);
#76=LINE('',#2412,#124);
#77=LINE('',#2413,#125);
#78=LINE('',#2415,#126);
#79=LINE('',#2416,#127);
#80=LINE('',#2453,#128);
#81=LINE('',#2461,#129);
#82=LINE('',#2462,#130);
#83=LINE('',#2466,#131);
#84=LINE('',#2467,#132);
#85=LINE('',#2504,#133);
#86=LINE('',#2512,#134);
#87=LINE('',#2513,#135);
#88=LINE('',#2517,#136);
#89=LINE('',#2518,#137);
#90=LINE('',#2555,#138);
#91=LINE('',#2563,#139);
#92=LINE('',#2564,#140);
#93=LINE('',#2568,#141);
#94=LINE('',#2569,#142);
#95=LINE('',#2606,#143);
#96=LINE('',#2614,#144);
#97=LINE('',#2615,#145);
#98=VECTOR('',#915,1.);
#99=VECTOR('',#916,1.);
#100=VECTOR('',#917,1.);
#101=VECTOR('',#918,1.);
#102=VECTOR('',#919,1.);
#103=VECTOR('',#920,1.);
#104=VECTOR('',#921,1.);
#105=VECTOR('',#922,1.);
#106=VECTOR('',#959,1.);
#107=VECTOR('',#960,1.);
#108=VECTOR('',#961,1.);
#109=VECTOR('',#962,1.);
#110=VECTOR('',#963,1.);
#111=VECTOR('',#964,1.);
#112=VECTOR('',#965,1.);
#113=VECTOR('',#966,1.);
#114=VECTOR('',#967,1.);
#115=VECTOR('',#968,1.);
#116=VECTOR('',#969,1.);
#117=VECTOR('',#970,1.);
#118=VECTOR('',#971,1.);
#119=VECTOR('',#972,1.);
#120=VECTOR('',#973,1.);
#121=VECTOR('',#974,1.);
#122=VECTOR('',#975,1.);
#123=VECTOR('',#976,1.);
#124=VECTOR('',#977,1.);
#125=VECTOR('',#978,1.);
#126=VECTOR('',#981,1.);
#127=VECTOR('',#982,1.);
#128=VECTOR('',#987,1.);
#129=VECTOR('',#990,1.);
#130=VECTOR('',#991,1.);
#131=VECTOR('',#998,1.);
#132=VECTOR('',#999,1.);
#133=VECTOR('',#1004,1.);
#134=VECTOR('',#1007,1.);
#135=VECTOR('',#1008,1.);
#136=VECTOR('',#1015,1.);
#137=VECTOR('',#1016,1.);
#138=VECTOR('',#1021,1.);
#139=VECTOR('',#1024,1.);
#140=VECTOR('',#1025,1.);
#141=VECTOR('',#1032,1.);
#142=VECTOR('',#1033,1.);
#143=VECTOR('',#1038,1.);
#144=VECTOR('',#1041,1.);
#145=VECTOR('',#1042,1.);
#146=CIRCLE('',#861,0.0203668668897286);
#147=CIRCLE('',#862,0.05715);
#148=CIRCLE('',#863,0.01875);
#149=CIRCLE('',#864,0.05575);
#150=CIRCLE('',#865,0.01875);
#151=CIRCLE('',#866,0.05575);
#152=CIRCLE('',#867,0.01875);
#153=CIRCLE('',#868,0.05575);
#154=CIRCLE('',#869,0.01875);
#155=CIRCLE('',#870,0.05575);
#156=CIRCLE('',#871,0.01875);
#157=CIRCLE('',#872,0.05575);
#158=CIRCLE('',#873,0.01875);
#159=CIRCLE('',#874,0.05575);
#160=CIRCLE('',#875,0.01875);
#161=CIRCLE('',#876,0.05575);
#162=CIRCLE('',#877,0.01875);
#163=CIRCLE('',#878,0.05575);
#164=ORIENTED_EDGE('',*,*,#408,.T.);
#165=ORIENTED_EDGE('',*,*,#409,.T.);
#166=ORIENTED_EDGE('',*,*,#410,.T.);
#167=ORIENTED_EDGE('',*,*,#411,.F.);
#168=ORIENTED_EDGE('',*,*,#412,.T.);
#169=ORIENTED_EDGE('',*,*,#413,.T.);
#170=ORIENTED_EDGE('',*,*,#414,.T.);
#171=ORIENTED_EDGE('',*,*,#415,.F.);
#172=ORIENTED_EDGE('',*,*,#416,.F.);
#173=ORIENTED_EDGE('',*,*,#417,.T.);
#174=ORIENTED_EDGE('',*,*,#418,.F.);
#175=ORIENTED_EDGE('',*,*,#419,.T.);
#176=ORIENTED_EDGE('',*,*,#420,.F.);
#177=ORIENTED_EDGE('',*,*,#421,.F.);
#178=ORIENTED_EDGE('',*,*,#422,.T.);
#179=ORIENTED_EDGE('',*,*,#423,.F.);
#180=ORIENTED_EDGE('',*,*,#424,.T.);
#181=ORIENTED_EDGE('',*,*,#425,.F.);
#182=ORIENTED_EDGE('',*,*,#426,.F.);
#183=ORIENTED_EDGE('',*,*,#427,.T.);
#184=ORIENTED_EDGE('',*,*,#428,.F.);
#185=ORIENTED_EDGE('',*,*,#429,.T.);
#186=ORIENTED_EDGE('',*,*,#430,.F.);
#187=ORIENTED_EDGE('',*,*,#431,.F.);
#188=ORIENTED_EDGE('',*,*,#432,.T.);
#189=ORIENTED_EDGE('',*,*,#433,.F.);
#190=ORIENTED_EDGE('',*,*,#434,.F.);
#191=ORIENTED_EDGE('',*,*,#435,.T.);
#192=ORIENTED_EDGE('',*,*,#436,.T.);
#193=ORIENTED_EDGE('',*,*,#437,.T.);
#194=ORIENTED_EDGE('',*,*,#438,.F.);
#195=ORIENTED_EDGE('',*,*,#439,.T.);
#196=ORIENTED_EDGE('',*,*,#440,.F.);
#197=ORIENTED_EDGE('',*,*,#441,.T.);
#198=ORIENTED_EDGE('',*,*,#442,.T.);
#199=ORIENTED_EDGE('',*,*,#443,.T.);
#200=ORIENTED_EDGE('',*,*,#444,.F.);
#201=ORIENTED_EDGE('',*,*,#445,.T.);
#202=ORIENTED_EDGE('',*,*,#446,.F.);
#203=ORIENTED_EDGE('',*,*,#447,.T.);
#204=ORIENTED_EDGE('',*,*,#448,.T.);
#205=ORIENTED_EDGE('',*,*,#449,.T.);
#206=ORIENTED_EDGE('',*,*,#450,.F.);
#207=ORIENTED_EDGE('',*,*,#451,.T.);
#208=ORIENTED_EDGE('',*,*,#452,.F.);
#209=ORIENTED_EDGE('',*,*,#453,.T.);
#210=ORIENTED_EDGE('',*,*,#454,.T.);
#211=ORIENTED_EDGE('',*,*,#455,.T.);
#212=ORIENTED_EDGE('',*,*,#456,.F.);
#213=ORIENTED_EDGE('',*,*,#457,.T.);
#214=ORIENTED_EDGE('',*,*,#458,.F.);
#215=ORIENTED_EDGE('',*,*,#459,.T.);
#216=ORIENTED_EDGE('',*,*,#460,.T.);
#217=ORIENTED_EDGE('',*,*,#461,.T.);
#218=ORIENTED_EDGE('',*,*,#462,.F.);
#219=ORIENTED_EDGE('',*,*,#463,.T.);
#220=ORIENTED_EDGE('',*,*,#464,.F.);
#221=ORIENTED_EDGE('',*,*,#465,.T.);
#222=ORIENTED_EDGE('',*,*,#466,.T.);
#223=ORIENTED_EDGE('',*,*,#467,.T.);
#224=ORIENTED_EDGE('',*,*,#468,.F.);
#225=ORIENTED_EDGE('',*,*,#469,.T.);
#226=ORIENTED_EDGE('',*,*,#470,.F.);
#227=ORIENTED_EDGE('',*,*,#471,.T.);
#228=ORIENTED_EDGE('',*,*,#472,.T.);
#229=ORIENTED_EDGE('',*,*,#473,.T.);
#230=ORIENTED_EDGE('',*,*,#474,.F.);
#231=ORIENTED_EDGE('',*,*,#475,.T.);
#232=ORIENTED_EDGE('',*,*,#476,.F.);
#233=ORIENTED_EDGE('',*,*,#477,.T.);
#234=ORIENTED_EDGE('',*,*,#478,.F.);
#235=ORIENTED_EDGE('',*,*,#479,.T.);
#236=ORIENTED_EDGE('',*,*,#480,.T.);
#237=ORIENTED_EDGE('',*,*,#481,.T.);
#238=ORIENTED_EDGE('',*,*,#478,.T.);
#239=ORIENTED_EDGE('',*,*,#434,.T.);
#240=ORIENTED_EDGE('',*,*,#440,.T.);
#241=ORIENTED_EDGE('',*,*,#446,.T.);
#242=ORIENTED_EDGE('',*,*,#452,.T.);
#243=ORIENTED_EDGE('',*,*,#458,.T.);
#244=ORIENTED_EDGE('',*,*,#464,.T.);
#245=ORIENTED_EDGE('',*,*,#470,.T.);
#246=ORIENTED_EDGE('',*,*,#410,.F.);
#247=ORIENTED_EDGE('',*,*,#437,.F.);
#248=ORIENTED_EDGE('',*,*,#482,.T.);
#249=ORIENTED_EDGE('',*,*,#483,.F.);
#250=ORIENTED_EDGE('',*,*,#484,.F.);
#251=ORIENTED_EDGE('',*,*,#481,.F.);
#252=ORIENTED_EDGE('',*,*,#485,.T.);
#253=ORIENTED_EDGE('',*,*,#417,.F.);
#254=ORIENTED_EDGE('',*,*,#486,.F.);
#255=ORIENTED_EDGE('',*,*,#473,.F.);
#256=ORIENTED_EDGE('',*,*,#487,.T.);
#257=ORIENTED_EDGE('',*,*,#488,.F.);
#258=ORIENTED_EDGE('',*,*,#489,.F.);
#259=ORIENTED_EDGE('',*,*,#467,.F.);
#260=ORIENTED_EDGE('',*,*,#490,.T.);
#261=ORIENTED_EDGE('',*,*,#422,.F.);
#262=ORIENTED_EDGE('',*,*,#491,.F.);
#263=ORIENTED_EDGE('',*,*,#461,.F.);
#264=ORIENTED_EDGE('',*,*,#492,.T.);
#265=ORIENTED_EDGE('',*,*,#493,.F.);
#266=ORIENTED_EDGE('',*,*,#494,.F.);
#267=ORIENTED_EDGE('',*,*,#455,.F.);
#268=ORIENTED_EDGE('',*,*,#495,.T.);
#269=ORIENTED_EDGE('',*,*,#427,.F.);
#270=ORIENTED_EDGE('',*,*,#496,.F.);
#271=ORIENTED_EDGE('',*,*,#449,.F.);
#272=ORIENTED_EDGE('',*,*,#497,.T.);
#273=ORIENTED_EDGE('',*,*,#498,.F.);
#274=ORIENTED_EDGE('',*,*,#499,.F.);
#275=ORIENTED_EDGE('',*,*,#443,.F.);
#276=ORIENTED_EDGE('',*,*,#500,.T.);
#277=ORIENTED_EDGE('',*,*,#432,.F.);
#278=ORIENTED_EDGE('',*,*,#501,.F.);
#279=ORIENTED_EDGE('',*,*,#411,.T.);
#280=ORIENTED_EDGE('',*,*,#479,.F.);
#281=ORIENTED_EDGE('',*,*,#475,.F.);
#282=ORIENTED_EDGE('',*,*,#502,.F.);
#283=ORIENTED_EDGE('',*,*,#415,.T.);
#284=ORIENTED_EDGE('',*,*,#503,.T.);
#285=ORIENTED_EDGE('',*,*,#502,.T.);
#286=ORIENTED_EDGE('',*,*,#474,.T.);
#287=ORIENTED_EDGE('',*,*,#486,.T.);
#288=ORIENTED_EDGE('',*,*,#416,.T.);
#289=ORIENTED_EDGE('',*,*,#480,.F.);
#290=ORIENTED_EDGE('',*,*,#503,.F.);
#291=ORIENTED_EDGE('',*,*,#414,.F.);
#292=ORIENTED_EDGE('',*,*,#485,.F.);
#293=ORIENTED_EDGE('',*,*,#504,.T.);
#294=ORIENTED_EDGE('',*,*,#505,.F.);
#295=ORIENTED_EDGE('',*,*,#506,.F.);
#296=ORIENTED_EDGE('',*,*,#488,.T.);
#297=ORIENTED_EDGE('',*,*,#469,.F.);
#298=ORIENTED_EDGE('',*,*,#507,.F.);
#299=ORIENTED_EDGE('',*,*,#505,.T.);
#300=ORIENTED_EDGE('',*,*,#508,.T.);
#301=ORIENTED_EDGE('',*,*,#471,.F.);
#302=ORIENTED_EDGE('',*,*,#507,.T.);
#303=ORIENTED_EDGE('',*,*,#468,.T.);
#304=ORIENTED_EDGE('',*,*,#489,.T.);
#305=ORIENTED_EDGE('',*,*,#506,.T.);
#306=ORIENTED_EDGE('',*,*,#472,.F.);
#307=ORIENTED_EDGE('',*,*,#508,.F.);
#308=ORIENTED_EDGE('',*,*,#504,.F.);
#309=ORIENTED_EDGE('',*,*,#487,.F.);
#310=ORIENTED_EDGE('',*,*,#463,.F.);
#311=ORIENTED_EDGE('',*,*,#509,.F.);
#312=ORIENTED_EDGE('',*,*,#420,.T.);
#313=ORIENTED_EDGE('',*,*,#510,.T.);
#314=ORIENTED_EDGE('',*,*,#465,.F.);
#315=ORIENTED_EDGE('',*,*,#509,.T.);
#316=ORIENTED_EDGE('',*,*,#462,.T.);
#317=ORIENTED_EDGE('',*,*,#491,.T.);
#318=ORIENTED_EDGE('',*,*,#421,.T.);
#319=ORIENTED_EDGE('',*,*,#466,.F.);
#320=ORIENTED_EDGE('',*,*,#510,.F.);
#321=ORIENTED_EDGE('',*,*,#419,.F.);
#322=ORIENTED_EDGE('',*,*,#490,.F.);
#323=ORIENTED_EDGE('',*,*,#511,.T.);
#324=ORIENTED_EDGE('',*,*,#512,.F.);
#325=ORIENTED_EDGE('',*,*,#513,.F.);
#326=ORIENTED_EDGE('',*,*,#493,.T.);
#327=ORIENTED_EDGE('',*,*,#457,.F.);
#328=ORIENTED_EDGE('',*,*,#514,.F.);
#329=ORIENTED_EDGE('',*,*,#512,.T.);
#330=ORIENTED_EDGE('',*,*,#515,.T.);
#331=ORIENTED_EDGE('',*,*,#459,.F.);
#332=ORIENTED_EDGE('',*,*,#514,.T.);
#333=ORIENTED_EDGE('',*,*,#456,.T.);
#334=ORIENTED_EDGE('',*,*,#494,.T.);
#335=ORIENTED_EDGE('',*,*,#513,.T.);
#336=ORIENTED_EDGE('',*,*,#460,.F.);
#337=ORIENTED_EDGE('',*,*,#515,.F.);
#338=ORIENTED_EDGE('',*,*,#511,.F.);
#339=ORIENTED_EDGE('',*,*,#492,.F.);
#340=ORIENTED_EDGE('',*,*,#451,.F.);
#341=ORIENTED_EDGE('',*,*,#516,.F.);
#342=ORIENTED_EDGE('',*,*,#425,.T.);
#343=ORIENTED_EDGE('',*,*,#517,.T.);
#344=ORIENTED_EDGE('',*,*,#453,.F.);
#345=ORIENTED_EDGE('',*,*,#516,.T.);
#346=ORIENTED_EDGE('',*,*,#450,.T.);
#347=ORIENTED_EDGE('',*,*,#496,.T.);
#348=ORIENTED_EDGE('',*,*,#426,.T.);
#349=ORIENTED_EDGE('',*,*,#454,.F.);
#350=ORIENTED_EDGE('',*,*,#517,.F.);
#351=ORIENTED_EDGE('',*,*,#424,.F.);
#352=ORIENTED_EDGE('',*,*,#495,.F.);
#353=ORIENTED_EDGE('',*,*,#518,.T.);
#354=ORIENTED_EDGE('',*,*,#519,.F.);
#355=ORIENTED_EDGE('',*,*,#520,.F.);
#356=ORIENTED_EDGE('',*,*,#498,.T.);
#357=ORIENTED_EDGE('',*,*,#445,.F.);
#358=ORIENTED_EDGE('',*,*,#521,.F.);
#359=ORIENTED_EDGE('',*,*,#519,.T.);
#360=ORIENTED_EDGE('',*,*,#522,.T.);
#361=ORIENTED_EDGE('',*,*,#447,.F.);
#362=ORIENTED_EDGE('',*,*,#521,.T.);
#363=ORIENTED_EDGE('',*,*,#444,.T.);
#364=ORIENTED_EDGE('',*,*,#499,.T.);
#365=ORIENTED_EDGE('',*,*,#520,.T.);
#366=ORIENTED_EDGE('',*,*,#448,.F.);
#367=ORIENTED_EDGE('',*,*,#522,.F.);
#368=ORIENTED_EDGE('',*,*,#518,.F.);
#369=ORIENTED_EDGE('',*,*,#497,.F.);
#370=ORIENTED_EDGE('',*,*,#439,.F.);
#371=ORIENTED_EDGE('',*,*,#523,.F.);
#372=ORIENTED_EDGE('',*,*,#430,.T.);
#373=ORIENTED_EDGE('',*,*,#524,.T.);
#374=ORIENTED_EDGE('',*,*,#441,.F.);
#375=ORIENTED_EDGE('',*,*,#523,.T.);
#376=ORIENTED_EDGE('',*,*,#438,.T.);
#377=ORIENTED_EDGE('',*,*,#501,.T.);
#378=ORIENTED_EDGE('',*,*,#431,.T.);
#379=ORIENTED_EDGE('',*,*,#442,.F.);
#380=ORIENTED_EDGE('',*,*,#524,.F.);
#381=ORIENTED_EDGE('',*,*,#429,.F.);
#382=ORIENTED_EDGE('',*,*,#500,.F.);
#383=ORIENTED_EDGE('',*,*,#525,.T.);
#384=ORIENTED_EDGE('',*,*,#526,.F.);
#385=ORIENTED_EDGE('',*,*,#527,.F.);
#386=ORIENTED_EDGE('',*,*,#483,.T.);
#387=ORIENTED_EDGE('',*,*,#477,.F.);
#388=ORIENTED_EDGE('',*,*,#528,.F.);
#389=ORIENTED_EDGE('',*,*,#526,.T.);
#390=ORIENTED_EDGE('',*,*,#529,.T.);
#391=ORIENTED_EDGE('',*,*,#435,.F.);
#392=ORIENTED_EDGE('',*,*,#528,.T.);
#393=ORIENTED_EDGE('',*,*,#476,.T.);
#394=ORIENTED_EDGE('',*,*,#484,.T.);
#395=ORIENTED_EDGE('',*,*,#527,.T.);
#396=ORIENTED_EDGE('',*,*,#436,.F.);
#397=ORIENTED_EDGE('',*,*,#529,.F.);
#398=ORIENTED_EDGE('',*,*,#525,.F.);
#399=ORIENTED_EDGE('',*,*,#482,.F.);
#400=ORIENTED_EDGE('',*,*,#409,.F.);
#401=ORIENTED_EDGE('',*,*,#433,.T.);
#402=ORIENTED_EDGE('',*,*,#412,.F.);
#403=ORIENTED_EDGE('',*,*,#428,.T.);
#404=ORIENTED_EDGE('',*,*,#408,.F.);
#405=ORIENTED_EDGE('',*,*,#423,.T.);
#406=ORIENTED_EDGE('',*,*,#413,.F.);
#407=ORIENTED_EDGE('',*,*,#418,.T.);
#408=EDGE_CURVE('',#530,#530,#612,.T.);
#409=EDGE_CURVE('',#531,#531,#613,.T.);
#410=EDGE_CURVE('',#532,#532,#146,.T.);
#411=EDGE_CURVE('',#533,#533,#147,.T.);
#412=EDGE_CURVE('',#534,#534,#614,.T.);
#413=EDGE_CURVE('',#535,#535,#615,.T.);
#414=EDGE_CURVE('',#536,#537,#616,.T.);
#415=EDGE_CURVE('',#538,#537,#50,.T.);
#416=EDGE_CURVE('',#539,#538,#617,.T.);
#417=EDGE_CURVE('',#539,#536,#51,.T.);
#418=EDGE_CURVE('',#540,#540,#618,.T.);
#419=EDGE_CURVE('',#541,#542,#619,.T.);
#420=EDGE_CURVE('',#543,#542,#52,.T.);
#421=EDGE_CURVE('',#544,#543,#620,.T.);
#422=EDGE_CURVE('',#544,#541,#53,.T.);
#423=EDGE_CURVE('',#545,#545,#621,.T.);
#424=EDGE_CURVE('',#546,#547,#622,.T.);
#425=EDGE_CURVE('',#548,#547,#54,.T.);
#426=EDGE_CURVE('',#549,#548,#623,.T.);
#427=EDGE_CURVE('',#549,#546,#55,.T.);
#428=EDGE_CURVE('',#550,#550,#624,.T.);
#429=EDGE_CURVE('',#551,#552,#625,.T.);
#430=EDGE_CURVE('',#553,#552,#56,.T.);
#431=EDGE_CURVE('',#554,#553,#626,.T.);
#432=EDGE_CURVE('',#554,#551,#57,.T.);
#433=EDGE_CURVE('',#555,#555,#627,.T.);
#434=EDGE_CURVE('',#556,#557,#148,.T.);
#435=EDGE_CURVE('',#556,#558,#628,.T.);
#436=EDGE_CURVE('',#558,#559,#629,.T.);
#437=EDGE_CURVE('',#559,#560,#149,.T.);
#438=EDGE_CURVE('',#561,#560,#630,.T.);
#439=EDGE_CURVE('',#561,#557,#631,.T.);
#440=EDGE_CURVE('',#557,#562,#150,.T.);
#441=EDGE_CURVE('',#557,#563,#632,.T.);
#442=EDGE_CURVE('',#563,#564,#633,.T.);
#443=EDGE_CURVE('',#564,#565,#151,.T.);
#444=EDGE_CURVE('',#566,#565,#634,.T.);
#445=EDGE_CURVE('',#566,#562,#635,.T.);
#446=EDGE_CURVE('',#562,#567,#152,.T.);
#447=EDGE_CURVE('',#562,#568,#636,.T.);
#448=EDGE_CURVE('',#568,#569,#637,.T.);
#449=EDGE_CURVE('',#569,#570,#153,.T.);
#450=EDGE_CURVE('',#571,#570,#638,.T.);
#451=EDGE_CURVE('',#571,#567,#639,.T.);
#452=EDGE_CURVE('',#567,#572,#154,.T.);
#453=EDGE_CURVE('',#567,#573,#640,.T.);
#454=EDGE_CURVE('',#573,#574,#641,.T.);
#455=EDGE_CURVE('',#574,#575,#155,.T.);
#456=EDGE_CURVE('',#576,#575,#642,.T.);
#457=EDGE_CURVE('',#576,#572,#643,.T.);
#458=EDGE_CURVE('',#572,#577,#156,.T.);
#459=EDGE_CURVE('',#572,#578,#644,.T.);
#460=EDGE_CURVE('',#578,#579,#645,.T.);
#461=EDGE_CURVE('',#579,#580,#157,.T.);
#462=EDGE_CURVE('',#581,#580,#646,.T.);
#463=EDGE_CURVE('',#581,#577,#647,.T.);
#464=EDGE_CURVE('',#577,#582,#158,.T.);
#465=EDGE_CURVE('',#577,#583,#648,.T.);
#466=EDGE_CURVE('',#583,#584,#649,.T.);
#467=EDGE_CURVE('',#584,#585,#159,.T.);
#468=EDGE_CURVE('',#586,#585,#650,.T.);
#469=EDGE_CURVE('',#586,#582,#651,.T.);
#470=EDGE_CURVE('',#582,#587,#160,.T.);
#471=EDGE_CURVE('',#582,#588,#652,.T.);
#472=EDGE_CURVE('',#588,#589,#653,.T.);
#473=EDGE_CURVE('',#589,#590,#161,.T.);
#474=EDGE_CURVE('',#591,#590,#654,.T.);
#475=EDGE_CURVE('',#591,#587,#655,.T.);
#476=EDGE_CURVE('',#592,#593,#656,.T.);
#477=EDGE_CURVE('',#592,#556,#657,.T.);
#478=EDGE_CURVE('',#587,#556,#162,.T.);
#479=EDGE_CURVE('',#587,#594,#658,.T.);
#480=EDGE_CURVE('',#594,#595,#659,.T.);
#481=EDGE_CURVE('',#595,#593,#163,.T.);
#482=EDGE_CURVE('',#559,#596,#58,.T.);
#483=EDGE_CURVE('',#597,#596,#59,.T.);
#484=EDGE_CURVE('',#593,#597,#60,.T.);
#485=EDGE_CURVE('',#595,#536,#61,.T.);
#486=EDGE_CURVE('',#590,#539,#62,.T.);
#487=EDGE_CURVE('',#589,#598,#63,.T.);
#488=EDGE_CURVE('',#599,#598,#64,.T.);
#489=EDGE_CURVE('',#585,#599,#65,.T.);
#490=EDGE_CURVE('',#584,#541,#66,.T.);
#491=EDGE_CURVE('',#580,#544,#67,.T.);
#492=EDGE_CURVE('',#579,#600,#68,.T.);
#493=EDGE_CURVE('',#601,#600,#69,.T.);
#494=EDGE_CURVE('',#575,#601,#70,.T.);
#495=EDGE_CURVE('',#574,#546,#71,.T.);
#496=EDGE_CURVE('',#570,#549,#72,.T.);
#497=EDGE_CURVE('',#569,#602,#73,.T.);
#498=EDGE_CURVE('',#603,#602,#74,.T.);
#499=EDGE_CURVE('',#565,#603,#75,.T.);
#500=EDGE_CURVE('',#564,#551,#76,.T.);
#501=EDGE_CURVE('',#560,#554,#77,.T.);
#502=EDGE_CURVE('',#538,#591,#78,.T.);
#503=EDGE_CURVE('',#537,#594,#79,.T.);
#504=EDGE_CURVE('',#598,#604,#660,.T.);
#505=EDGE_CURVE('',#605,#604,#80,.T.);
#506=EDGE_CURVE('',#599,#605,#661,.T.);
#507=EDGE_CURVE('',#605,#586,#81,.T.);
#508=EDGE_CURVE('',#604,#588,#82,.T.);
#509=EDGE_CURVE('',#543,#581,#83,.T.);
#510=EDGE_CURVE('',#542,#583,#84,.T.);
#511=EDGE_CURVE('',#600,#606,#662,.T.);
#512=EDGE_CURVE('',#607,#606,#85,.T.);
#513=EDGE_CURVE('',#601,#607,#663,.T.);
#514=EDGE_CURVE('',#607,#576,#86,.T.);
#515=EDGE_CURVE('',#606,#578,#87,.T.);
#516=EDGE_CURVE('',#548,#571,#88,.T.);
#517=EDGE_CURVE('',#547,#573,#89,.T.);
#518=EDGE_CURVE('',#602,#608,#664,.T.);
#519=EDGE_CURVE('',#609,#608,#90,.T.);
#520=EDGE_CURVE('',#603,#609,#665,.T.);
#521=EDGE_CURVE('',#609,#566,#91,.T.);
#522=EDGE_CURVE('',#608,#568,#92,.T.);
#523=EDGE_CURVE('',#553,#561,#93,.T.);
#524=EDGE_CURVE('',#552,#563,#94,.T.);
#525=EDGE_CURVE('',#596,#610,#666,.T.);
#526=EDGE_CURVE('',#611,#610,#95,.T.);
#527=EDGE_CURVE('',#597,#611,#667,.T.);
#528=EDGE_CURVE('',#611,#592,#96,.T.);
#529=EDGE_CURVE('',#610,#558,#97,.T.);
#530=VERTEX_POINT('',#1295);
#531=VERTEX_POINT('',#1307);
#532=VERTEX_POINT('',#1309);
#533=VERTEX_POINT('',#1311);
#534=VERTEX_POINT('',#1323);
#535=VERTEX_POINT('',#1335);
#536=VERTEX_POINT('',#1369);
#537=VERTEX_POINT('',#1370);
#538=VERTEX_POINT('',#1372);
#539=VERTEX_POINT('',#1378);
#540=VERTEX_POINT('',#1391);
#541=VERTEX_POINT('',#1425);
#542=VERTEX_POINT('',#1426);
#543=VERTEX_POINT('',#1428);
#544=VERTEX_POINT('',#1434);
#545=VERTEX_POINT('',#1447);
#546=VERTEX_POINT('',#1481);
#547=VERTEX_POINT('',#1482);
#548=VERTEX_POINT('',#1484);
#549=VERTEX_POINT('',#1490);
#550=VERTEX_POINT('',#1503);
#551=VERTEX_POINT('',#1537);
#552=VERTEX_POINT('',#1538);
#553=VERTEX_POINT('',#1540);
#554=VERTEX_POINT('',#1546);
#555=VERTEX_POINT('',#1559);
#556=VERTEX_POINT('',#1617);
#557=VERTEX_POINT('',#1618);
#558=VERTEX_POINT('',#1623);
#559=VERTEX_POINT('',#1640);
#560=VERTEX_POINT('',#1642);
#561=VERTEX_POINT('',#1659);
#562=VERTEX_POINT('',#1721);
#563=VERTEX_POINT('',#1726);
#564=VERTEX_POINT('',#1743);
#565=VERTEX_POINT('',#1745);
#566=VERTEX_POINT('',#1762);
#567=VERTEX_POINT('',#1824);
#568=VERTEX_POINT('',#1829);
#569=VERTEX_POINT('',#1846);
#570=VERTEX_POINT('',#1848);
#571=VERTEX_POINT('',#1865);
#572=VERTEX_POINT('',#1927);
#573=VERTEX_POINT('',#1932);
#574=VERTEX_POINT('',#1949);
#575=VERTEX_POINT('',#1951);
#576=VERTEX_POINT('',#1968);
#577=VERTEX_POINT('',#2030);
#578=VERTEX_POINT('',#2035);
#579=VERTEX_POINT('',#2052);
#580=VERTEX_POINT('',#2054);
#581=VERTEX_POINT('',#2071);
#582=VERTEX_POINT('',#2133);
#583=VERTEX_POINT('',#2138);
#584=VERTEX_POINT('',#2155);
#585=VERTEX_POINT('',#2157);
#586=VERTEX_POINT('',#2174);
#587=VERTEX_POINT('',#2236);
#588=VERTEX_POINT('',#2241);
#589=VERTEX_POINT('',#2258);
#590=VERTEX_POINT('',#2260);
#591=VERTEX_POINT('',#2277);
#592=VERTEX_POINT('',#2354);
#593=VERTEX_POINT('',#2355);
#594=VERTEX_POINT('',#2365);
#595=VERTEX_POINT('',#2382);
#596=VERTEX_POINT('',#2387);
#597=VERTEX_POINT('',#2389);
#598=VERTEX_POINT('',#2394);
#599=VERTEX_POINT('',#2396);
#600=VERTEX_POINT('',#2401);
#601=VERTEX_POINT('',#2403);
#602=VERTEX_POINT('',#2408);
#603=VERTEX_POINT('',#2410);
#604=VERTEX_POINT('',#2452);
#605=VERTEX_POINT('',#2454);
#606=VERTEX_POINT('',#2503);
#607=VERTEX_POINT('',#2505);
#608=VERTEX_POINT('',#2554);
#609=VERTEX_POINT('',#2556);
#610=VERTEX_POINT('',#2605);
#611=VERTEX_POINT('',#2607);
#612=B_SPLINE_CURVE_WITH_KNOTS('',3,(#1284,#1285,#1286,#1287,#1288,#1289,
#1290,#1291,#1292,#1293,#1294),.UNSPECIFIED.,.T.,.F.,(1,1,1,1,1,1,1,1,1,
1,1,1,1,1,1),(-0.00329007829225887,-0.00219338552817258,-0.00109669276408629,
4.33680868994202E-19,0.00109669276408629,0.00219338552817258,0.00329007829225887,
0.00438677105634515,0.00548346382043144,0.00658015658451773,0.00767684934860402,
0.00877354211269031,0.0098702348767766,0.0109669276408629,0.0120636204049492),
 .UNSPECIFIED.);
#613=B_SPLINE_CURVE_WITH_KNOTS('',3,(#1296,#1297,#1298,#1299,#1300,#1301,
#1302,#1303,#1304,#1305,#1306),.UNSPECIFIED.,.T.,.F.,(1,1,1,1,1,1,1,1,1,
1,1,1,1,1,1),(-0.00329007829225884,-0.00219338552817256,-0.00109669276408628,
4.33680868994202E-19,0.00109669276408628,0.00219338552817256,0.00329007829225884,
0.00438677105634511,0.00548346382043139,0.00658015658451767,0.00767684934860395,
0.00877354211269023,0.00987023487677651,0.0109669276408628,0.0120636204049491),
 .UNSPECIFIED.);
#614=B_SPLINE_CURVE_WITH_KNOTS('',3,(#1312,#1313,#1314,#1315,#1316,#1317,
#1318,#1319,#1320,#1321,#1322),.UNSPECIFIED.,.T.,.F.,(1,1,1,1,1,1,1,1,1,
1,1,1,1,1,1),(-0.00329007829225883,-0.00219338552817256,-0.00109669276408628,
4.33680868994202E-19,0.00109669276408628,0.00219338552817256,0.00329007829225883,
0.00438677105634511,0.00548346382043139,0.00658015658451767,0.00767684934860394,
0.00877354211269022,0.0098702348767765,0.0109669276408628,0.0120636204049491),
 .UNSPECIFIED.);
#615=B_SPLINE_CURVE_WITH_KNOTS('',3,(#1324,#1325,#1326,#1327,#1328,#1329,
#1330,#1331,#1332,#1333,#1334),.UNSPECIFIED.,.T.,.F.,(1,1,1,1,1,1,1,1,1,
1,1,1,1,1,1),(-0.00329031087038836,-0.00219354058025891,-0.00109677029012945,
0.,0.00109677029012945,0.00219354058025891,0.00329031087038836,0.00438708116051781,
0.00548385145064726,0.00658062174077672,0.00767739203090617,0.00877416232103562,
0.00987093261116507,0.0109677029012945,0.012064473191424),.UNSPECIFIED.);
#616=B_SPLINE_CURVE_WITH_KNOTS('',3,(#1364,#1365,#1366,#1367,#1368),
 .UNSPECIFIED.,.F.,.F.,(4,1,4),(0.,0.560086356237625,1.),.UNSPECIFIED.);
#617=B_SPLINE_CURVE_WITH_KNOTS('',3,(#1373,#1374,#1375,#1376,#1377),
 .UNSPECIFIED.,.F.,.F.,(4,1,4),(0.,0.560086356237625,1.),.UNSPECIFIED.);
#618=B_SPLINE_CURVE_WITH_KNOTS('',3,(#1380,#1381,#1382,#1383,#1384,#1385,
#1386,#1387,#1388,#1389,#1390),.UNSPECIFIED.,.T.,.F.,(1,1,1,1,1,1,1,1,1,
1,1,1,1,1,1),(-0.00329037798957438,-0.00219358532638292,-0.00109679266319146,
0.,0.00109679266319146,0.00219358532638292,0.00329037798957438,0.00438717065276584,
0.0054839633159573,0.00658075597914876,0.00767754864234022,0.00877434130553168,
0.00987113396872315,0.0109679266319146,0.0120647192951061),
 .UNSPECIFIED.);
#619=B_SPLINE_CURVE_WITH_KNOTS('',3,(#1420,#1421,#1422,#1423,#1424),
 .UNSPECIFIED.,.F.,.F.,(4,1,4),(0.,0.560086356237625,1.),.UNSPECIFIED.);
#620=B_SPLINE_CURVE_WITH_KNOTS('',3,(#1429,#1430,#1431,#1432,#1433),
 .UNSPECIFIED.,.F.,.F.,(4,1,4),(0.,0.560086356237625,1.),.UNSPECIFIED.);
#621=B_SPLINE_CURVE_WITH_KNOTS('',3,(#1436,#1437,#1438,#1439,#1440,#1441,
#1442,#1443,#1444,#1445,#1446),.UNSPECIFIED.,.T.,.F.,(1,1,1,1,1,1,1,1,1,
1,1,1,1,1,1),(-0.00329037798957438,-0.00219358532638292,-0.00109679266319146,
0.,0.00109679266319146,0.00219358532638292,0.00329037798957438,0.00438717065276584,
0.00548396331595729,0.00658075597914875,0.00767754864234021,0.00877434130553167,
0.00987113396872313,0.0109679266319146,0.012064719295106),.UNSPECIFIED.);
#622=B_SPLINE_CURVE_WITH_KNOTS('',3,(#1476,#1477,#1478,#1479,#1480),
 .UNSPECIFIED.,.F.,.F.,(4,1,4),(0.,0.560086356237625,1.),.UNSPECIFIED.);
#623=B_SPLINE_CURVE_WITH_KNOTS('',3,(#1485,#1486,#1487,#1488,#1489),
 .UNSPECIFIED.,.F.,.F.,(4,1,4),(0.,0.560086356237625,1.),.UNSPECIFIED.);
#624=B_SPLINE_CURVE_WITH_KNOTS('',3,(#1492,#1493,#1494,#1495,#1496,#1497,
#1498,#1499,#1500,#1501,#1502),.UNSPECIFIED.,.T.,.F.,(1,1,1,1,1,1,1,1,1,
1,1,1,1,1,1),(-0.00329037798957437,-0.00219358532638292,-0.00109679266319146,
0.,0.00109679266319146,0.00219358532638292,0.00329037798957437,0.00438717065276583,
0.00548396331595729,0.00658075597914875,0.00767754864234021,0.00877434130553166,
0.00987113396872312,0.0109679266319146,0.012064719295106),.UNSPECIFIED.);
#625=B_SPLINE_CURVE_WITH_KNOTS('',3,(#1532,#1533,#1534,#1535,#1536),
 .UNSPECIFIED.,.F.,.F.,(4,1,4),(0.,0.560086356237625,1.),.UNSPECIFIED.);
#626=B_SPLINE_CURVE_WITH_KNOTS('',3,(#1541,#1542,#1543,#1544,#1545),
 .UNSPECIFIED.,.F.,.F.,(4,1,4),(0.,0.560086356237625,1.),.UNSPECIFIED.);
#627=B_SPLINE_CURVE_WITH_KNOTS('',3,(#1548,#1549,#1550,#1551,#1552,#1553,
#1554,#1555,#1556,#1557,#1558),.UNSPECIFIED.,.T.,.F.,(1,1,1,1,1,1,1,1,1,
1,1,1,1,1,1),(-0.00329037798957437,-0.00219358532638291,-0.00109679266319146,
0.,0.00109679266319146,0.00219358532638291,0.00329037798957437,0.00438717065276583,
0.00548396331595728,0.00658075597914874,0.0076775486423402,0.00877434130553165,
0.00987113396872311,0.0109679266319146,0.012064719295106),.UNSPECIFIED.);
#628=B_SPLINE_CURVE_WITH_KNOTS('',3,(#1619,#1620,#1621,#1622),
 .UNSPECIFIED.,.F.,.F.,(4,4),(0.00149999999999967,0.00299999999999991),
 .UNSPECIFIED.);
#629=B_SPLINE_CURVE_WITH_KNOTS('',3,(#1624,#1625,#1626,#1627,#1628,#1629,
#1630,#1631,#1632,#1633,#1634,#1635,#1636,#1637,#1638,#1639),
 .UNSPECIFIED.,.F.,.F.,(4,1,1,1,1,1,1,1,1,1,1,1,1,4),(2.4532694666934E-18,
0.00538387276806843,0.0107677455361369,0.0215354910722737,0.0430709821445474,
0.0646064732168211,0.0861419642890948,0.107677455361369,0.129212946433642,
0.139980691969779,0.150748437505916,0.161516183042053,0.166900055810121,
0.17228392857819),.UNSPECIFIED.);
#630=B_SPLINE_CURVE_WITH_KNOTS('',3,(#1643,#1644,#1645,#1646,#1647,#1648,
#1649,#1650,#1651,#1652,#1653,#1654,#1655,#1656,#1657,#1658),
 .UNSPECIFIED.,.F.,.F.,(4,1,1,1,1,1,1,1,1,1,1,1,1,4),(0.,0.00538387276806843,
0.0107677455361369,0.0215354910722737,0.0430709821445475,0.0646064732168212,
0.086141964289095,0.107677455361369,0.129212946433642,0.139980691969779,
0.150748437505916,0.161516183042053,0.166900055810121,0.17228392857819),
 .UNSPECIFIED.);
#631=B_SPLINE_CURVE_WITH_KNOTS('',3,(#1660,#1661,#1662,#1663),
 .UNSPECIFIED.,.F.,.F.,(4,4),(9.60603124822157E-17,0.00149999999999968),
 .UNSPECIFIED.);
#632=B_SPLINE_CURVE_WITH_KNOTS('',3,(#1722,#1723,#1724,#1725),
 .UNSPECIFIED.,.F.,.F.,(4,4),(0.00149999999999968,0.0029999999999999),
 .UNSPECIFIED.);
#633=B_SPLINE_CURVE_WITH_KNOTS('',3,(#1727,#1728,#1729,#1730,#1731,#1732,
#1733,#1734,#1735,#1736,#1737,#1738,#1739,#1740,#1741,#1742),
 .UNSPECIFIED.,.F.,.F.,(4,1,1,1,1,1,1,1,1,1,1,1,1,4),(0.,0.00538387276806843,
0.0107677455361369,0.0215354910722737,0.0430709821445475,0.0646064732168212,
0.0861419642890949,0.107677455361369,0.129212946433642,0.139980691969779,
0.150748437505916,0.161516183042053,0.166900055810121,0.17228392857819),
 .UNSPECIFIED.);
#634=B_SPLINE_CURVE_WITH_KNOTS('',3,(#1746,#1747,#1748,#1749,#1750,#1751,
#1752,#1753,#1754,#1755,#1756,#1757,#1758,#1759,#1760,#1761),
 .UNSPECIFIED.,.F.,.F.,(4,1,1,1,1,1,1,1,1,1,1,1,1,4),(0.,0.00538387276806843,
0.0107677455361369,0.0215354910722737,0.0430709821445475,0.0646064732168212,
0.0861419642890949,0.107677455361369,0.129212946433642,0.139980691969779,
0.150748437505916,0.161516183042053,0.166900055810121,0.17228392857819),
 .UNSPECIFIED.);
#635=B_SPLINE_CURVE_WITH_KNOTS('',3,(#1763,#1764,#1765,#1766),
 .UNSPECIFIED.,.F.,.F.,(4,4),(1.12850395467896E-16,0.00149999999999967),
 .UNSPECIFIED.);
#636=B_SPLINE_CURVE_WITH_KNOTS('',3,(#1825,#1826,#1827,#1828),
 .UNSPECIFIED.,.F.,.F.,(4,4),(0.00149999999999967,0.00299999999999991),
 .UNSPECIFIED.);
#637=B_SPLINE_CURVE_WITH_KNOTS('',3,(#1830,#1831,#1832,#1833,#1834,#1835,
#1836,#1837,#1838,#1839,#1840,#1841,#1842,#1843,#1844,#1845),
 .UNSPECIFIED.,.F.,.F.,(4,1,1,1,1,1,1,1,1,1,1,1,1,4),(0.,0.00538387276806843,
0.0107677455361369,0.0215354910722737,0.0430709821445475,0.0646064732168212,
0.086141964289095,0.107677455361369,0.129212946433642,0.139980691969779,
0.150748437505916,0.161516183042053,0.166900055810121,0.17228392857819),
 .UNSPECIFIED.);
#638=B_SPLINE_CURVE_WITH_KNOTS('',3,(#1849,#1850,#1851,#1852,#1853,#1854,
#1855,#1856,#1857,#1858,#1859,#1860,#1861,#1862,#1863,#1864),
 .UNSPECIFIED.,.F.,.F.,(4,1,1,1,1,1,1,1,1,1,1,1,1,4),(0.,0.00538387276806843,
0.0107677455361369,0.0215354910722737,0.0430709821445474,0.0646064732168211,
0.0861419642890948,0.107677455361369,0.129212946433642,0.139980691969779,
0.150748437505916,0.161516183042053,0.166900055810121,0.17228392857819),
 .UNSPECIFIED.);
#639=B_SPLINE_CURVE_WITH_KNOTS('',3,(#1866,#1867,#1868,#1869),
 .UNSPECIFIED.,.F.,.F.,(4,4),(9.60603124822157E-17,0.00149999999999968),
 .UNSPECIFIED.);
#640=B_SPLINE_CURVE_WITH_KNOTS('',3,(#1928,#1929,#1930,#1931),
 .UNSPECIFIED.,.F.,.F.,(4,4),(0.00149999999999968,0.0029999999999999),
 .UNSPECIFIED.);
#641=B_SPLINE_CURVE_WITH_KNOTS('',3,(#1933,#1934,#1935,#1936,#1937,#1938,
#1939,#1940,#1941,#1942,#1943,#1944,#1945,#1946,#1947,#1948),
 .UNSPECIFIED.,.F.,.F.,(4,1,1,1,1,1,1,1,1,1,1,1,1,4),(0.,0.00538387276806843,
0.0107677455361369,0.0215354910722737,0.0430709821445475,0.0646064732168212,
0.086141964289095,0.107677455361369,0.129212946433642,0.139980691969779,
0.150748437505916,0.161516183042053,0.166900055810121,0.17228392857819),
 .UNSPECIFIED.);
#642=B_SPLINE_CURVE_WITH_KNOTS('',3,(#1952,#1953,#1954,#1955,#1956,#1957,
#1958,#1959,#1960,#1961,#1962,#1963,#1964,#1965,#1966,#1967),
 .UNSPECIFIED.,.F.,.F.,(4,1,1,1,1,1,1,1,1,1,1,1,1,4),(0.,0.00538387276806843,
0.0107677455361369,0.0215354910722737,0.0430709821445475,0.0646064732168212,
0.086141964289095,0.107677455361369,0.129212946433642,0.139980691969779,
0.150748437505916,0.161516183042053,0.166900055810121,0.17228392857819),
 .UNSPECIFIED.);
#643=B_SPLINE_CURVE_WITH_KNOTS('',3,(#1969,#1970,#1971,#1972),
 .UNSPECIFIED.,.F.,.F.,(4,4),(1.12850395467896E-16,0.00149999999999967),
 .UNSPECIFIED.);
#644=B_SPLINE_CURVE_WITH_KNOTS('',3,(#2031,#2032,#2033,#2034),
 .UNSPECIFIED.,.F.,.F.,(4,4),(0.00149999999999967,0.00299999999999991),
 .UNSPECIFIED.);
#645=B_SPLINE_CURVE_WITH_KNOTS('',3,(#2036,#2037,#2038,#2039,#2040,#2041,
#2042,#2043,#2044,#2045,#2046,#2047,#2048,#2049,#2050,#2051),
 .UNSPECIFIED.,.F.,.F.,(4,1,1,1,1,1,1,1,1,1,1,1,1,4),(2.4532694666934E-18,
0.00538387276806843,0.0107677455361369,0.0215354910722737,0.0430709821445474,
0.0646064732168212,0.0861419642890949,0.107677455361369,0.129212946433642,
0.139980691969779,0.150748437505916,0.161516183042053,0.166900055810121,
0.17228392857819),.UNSPECIFIED.);
#646=B_SPLINE_CURVE_WITH_KNOTS('',3,(#2055,#2056,#2057,#2058,#2059,#2060,
#2061,#2062,#2063,#2064,#2065,#2066,#2067,#2068,#2069,#2070),
 .UNSPECIFIED.,.F.,.F.,(4,1,1,1,1,1,1,1,1,1,1,1,1,4),(0.,0.00538387276806843,
0.0107677455361369,0.0215354910722737,0.0430709821445475,0.0646064732168212,
0.086141964289095,0.107677455361369,0.129212946433642,0.139980691969779,
0.150748437505916,0.161516183042053,0.166900055810121,0.17228392857819),
 .UNSPECIFIED.);
#647=B_SPLINE_CURVE_WITH_KNOTS('',3,(#2072,#2073,#2074,#2075),
 .UNSPECIFIED.,.F.,.F.,(4,4),(8.99887803162969E-17,0.00149999999999969),
 .UNSPECIFIED.);
#648=B_SPLINE_CURVE_WITH_KNOTS('',3,(#2134,#2135,#2136,#2137),
 .UNSPECIFIED.,.F.,.F.,(4,4),(0.00149999999999969,0.00299999999999991),
 .UNSPECIFIED.);
#649=B_SPLINE_CURVE_WITH_KNOTS('',3,(#2139,#2140,#2141,#2142,#2143,#2144,
#2145,#2146,#2147,#2148,#2149,#2150,#2151,#2152,#2153,#2154),
 .UNSPECIFIED.,.F.,.F.,(4,1,1,1,1,1,1,1,1,1,1,1,1,4),(0.,0.00538387276806843,
0.0107677455361369,0.0215354910722737,0.0430709821445475,0.0646064732168212,
0.0861419642890949,0.107677455361369,0.129212946433642,0.139980691969779,
0.150748437505916,0.161516183042053,0.166900055810121,0.17228392857819),
 .UNSPECIFIED.);
#650=B_SPLINE_CURVE_WITH_KNOTS('',3,(#2158,#2159,#2160,#2161,#2162,#2163,
#2164,#2165,#2166,#2167,#2168,#2169,#2170,#2171,#2172,#2173),
 .UNSPECIFIED.,.F.,.F.,(4,1,1,1,1,1,1,1,1,1,1,1,1,4),(0.,0.00538387276806843,
0.0107677455361369,0.0215354910722737,0.0430709821445475,0.0646064732168212,
0.0861419642890949,0.107677455361369,0.129212946433642,0.139980691969779,
0.150748437505916,0.161516183042053,0.166900055810121,0.17228392857819),
 .UNSPECIFIED.);
#651=B_SPLINE_CURVE_WITH_KNOTS('',3,(#2175,#2176,#2177,#2178),
 .UNSPECIFIED.,.F.,.F.,(4,4),(1.12850395467896E-16,0.00149999999999967),
 .UNSPECIFIED.);
#652=B_SPLINE_CURVE_WITH_KNOTS('',3,(#2237,#2238,#2239,#2240),
 .UNSPECIFIED.,.F.,.F.,(4,4),(0.00149999999999967,0.00299999999999991),
 .UNSPECIFIED.);
#653=B_SPLINE_CURVE_WITH_KNOTS('',3,(#2242,#2243,#2244,#2245,#2246,#2247,
#2248,#2249,#2250,#2251,#2252,#2253,#2254,#2255,#2256,#2257),
 .UNSPECIFIED.,.F.,.F.,(4,1,1,1,1,1,1,1,1,1,1,1,1,4),(0.,0.00538387276806843,
0.0107677455361369,0.0215354910722737,0.0430709821445474,0.0646064732168212,
0.0861419642890949,0.107677455361369,0.129212946433642,0.139980691969779,
0.150748437505916,0.161516183042053,0.166900055810121,0.17228392857819),
 .UNSPECIFIED.);
#654=B_SPLINE_CURVE_WITH_KNOTS('',3,(#2261,#2262,#2263,#2264,#2265,#2266,
#2267,#2268,#2269,#2270,#2271,#2272,#2273,#2274,#2275,#2276),
 .UNSPECIFIED.,.F.,.F.,(4,1,1,1,1,1,1,1,1,1,1,1,1,4),(0.,0.00538387276806844,
0.0107677455361369,0.0215354910722737,0.0430709821445475,0.0646064732168212,
0.086141964289095,0.107677455361369,0.129212946433642,0.139980691969779,
0.150748437505916,0.161516183042053,0.166900055810122,0.17228392857819),
 .UNSPECIFIED.);
#655=B_SPLINE_CURVE_WITH_KNOTS('',3,(#2278,#2279,#2280,#2281),
 .UNSPECIFIED.,.F.,.F.,(4,4),(5.38680565838219E-16,0.00150500689603495),
 .UNSPECIFIED.);
#656=B_SPLINE_CURVE_WITH_KNOTS('',3,(#2338,#2339,#2340,#2341,#2342,#2343,
#2344,#2345,#2346,#2347,#2348,#2349,#2350,#2351,#2352,#2353),
 .UNSPECIFIED.,.F.,.F.,(4,1,1,1,1,1,1,1,1,1,1,1,1,4),(4.9065389333868E-18,
0.00538387276806844,0.0107677455361369,0.0215354910722737,0.0430709821445475,
0.0646064732168212,0.086141964289095,0.107677455361369,0.129212946433642,
0.139980691969779,0.150748437505916,0.161516183042053,0.166900055810122,
0.17228392857819),.UNSPECIFIED.);
#657=B_SPLINE_CURVE_WITH_KNOTS('',3,(#2356,#2357,#2358,#2359),
 .UNSPECIFIED.,.F.,.F.,(4,4),(9.81307786677359E-17,0.00149999999999967),
 .UNSPECIFIED.);
#658=B_SPLINE_CURVE_WITH_KNOTS('',3,(#2361,#2362,#2363,#2364),
 .UNSPECIFIED.,.F.,.F.,(4,4),(0.,0.00150500689603548),.UNSPECIFIED.);
#659=B_SPLINE_CURVE_WITH_KNOTS('',3,(#2366,#2367,#2368,#2369,#2370,#2371,
#2372,#2373,#2374,#2375,#2376,#2377,#2378,#2379,#2380,#2381),
 .UNSPECIFIED.,.F.,.F.,(4,1,1,1,1,1,1,1,1,1,1,1,1,4),(0.,0.00538387276806843,
0.0107677455361369,0.0215354910722737,0.0430709821445475,0.0646064732168212,
0.0861419642890949,0.107677455361369,0.129212946433642,0.139980691969779,
0.150748437505916,0.161516183042053,0.166900055810121,0.17228392857819),
 .UNSPECIFIED.);
#660=B_SPLINE_CURVE_WITH_KNOTS('',3,(#2447,#2448,#2449,#2450,#2451),
 .UNSPECIFIED.,.F.,.F.,(4,1,4),(0.,0.560086356237625,1.),.UNSPECIFIED.);
#661=B_SPLINE_CURVE_WITH_KNOTS('',3,(#2455,#2456,#2457,#2458,#2459),
 .UNSPECIFIED.,.F.,.F.,(4,1,4),(0.,0.560086356237625,1.),.UNSPECIFIED.);
#662=B_SPLINE_CURVE_WITH_KNOTS('',3,(#2498,#2499,#2500,#2501,#2502),
 .UNSPECIFIED.,.F.,.F.,(4,1,4),(0.,0.560086356237625,1.),.UNSPECIFIED.);
#663=B_SPLINE_CURVE_WITH_KNOTS('',3,(#2506,#2507,#2508,#2509,#2510),
 .UNSPECIFIED.,.F.,.F.,(4,1,4),(0.,0.560086356237625,1.),.UNSPECIFIED.);
#664=B_SPLINE_CURVE_WITH_KNOTS('',3,(#2549,#2550,#2551,#2552,#2553),
 .UNSPECIFIED.,.F.,.F.,(4,1,4),(0.,0.560086356237625,1.),.UNSPECIFIED.);
#665=B_SPLINE_CURVE_WITH_KNOTS('',3,(#2557,#2558,#2559,#2560,#2561),
 .UNSPECIFIED.,.F.,.F.,(4,1,4),(0.,0.560086356237625,1.),.UNSPECIFIED.);
#666=B_SPLINE_CURVE_WITH_KNOTS('',3,(#2600,#2601,#2602,#2603,#2604),
 .UNSPECIFIED.,.F.,.F.,(4,1,4),(0.,0.560086356237625,1.),.UNSPECIFIED.);
#667=B_SPLINE_CURVE_WITH_KNOTS('',3,(#2608,#2609,#2610,#2611,#2612),
 .UNSPECIFIED.,.F.,.F.,(4,1,4),(0.,0.560086356237625,1.),.UNSPECIFIED.);
#668=EDGE_LOOP('',(#164));
#669=EDGE_LOOP('',(#165));
#670=EDGE_LOOP('',(#166));
#671=EDGE_LOOP('',(#167));
#672=EDGE_LOOP('',(#168));
#673=EDGE_LOOP('',(#169));
#674=EDGE_LOOP('',(#170,#171,#172,#173));
#675=EDGE_LOOP('',(#174));
#676=EDGE_LOOP('',(#175,#176,#177,#178));
#677=EDGE_LOOP('',(#179));
#678=EDGE_LOOP('',(#180,#181,#182,#183));
#679=EDGE_LOOP('',(#184));
#680=EDGE_LOOP('',(#185,#186,#187,#188));
#681=EDGE_LOOP('',(#189));
#682=EDGE_LOOP('',(#190,#191,#192,#193,#194,#195));
#683=EDGE_LOOP('',(#196,#197,#198,#199,#200,#201));
#684=EDGE_LOOP('',(#202,#203,#204,#205,#206,#207));
#685=EDGE_LOOP('',(#208,#209,#210,#211,#212,#213));
#686=EDGE_LOOP('',(#214,#215,#216,#217,#218,#219));
#687=EDGE_LOOP('',(#220,#221,#222,#223,#224,#225));
#688=EDGE_LOOP('',(#226,#227,#228,#229,#230,#231));
#689=EDGE_LOOP('',(#232,#233,#234,#235,#236,#237));
#690=EDGE_LOOP('',(#238,#239,#240,#241,#242,#243,#244,#245));
#691=EDGE_LOOP('',(#246));
#692=EDGE_LOOP('',(#247,#248,#249,#250,#251,#252,#253,#254,#255,#256,#257,
#258,#259,#260,#261,#262,#263,#264,#265,#266,#267,#268,#269,#270,#271,#272,
#273,#274,#275,#276,#277,#278));
#693=EDGE_LOOP('',(#279));
#694=EDGE_LOOP('',(#280,#281,#282,#283,#284));
#695=EDGE_LOOP('',(#285,#286,#287,#288));
#696=EDGE_LOOP('',(#289,#290,#291,#292));
#697=EDGE_LOOP('',(#293,#294,#295,#296));
#698=EDGE_LOOP('',(#297,#298,#299,#300,#301));
#699=EDGE_LOOP('',(#302,#303,#304,#305));
#700=EDGE_LOOP('',(#306,#307,#308,#309));
#701=EDGE_LOOP('',(#310,#311,#312,#313,#314));
#702=EDGE_LOOP('',(#315,#316,#317,#318));
#703=EDGE_LOOP('',(#319,#320,#321,#322));
#704=EDGE_LOOP('',(#323,#324,#325,#326));
#705=EDGE_LOOP('',(#327,#328,#329,#330,#331));
#706=EDGE_LOOP('',(#332,#333,#334,#335));
#707=EDGE_LOOP('',(#336,#337,#338,#339));
#708=EDGE_LOOP('',(#340,#341,#342,#343,#344));
#709=EDGE_LOOP('',(#345,#346,#347,#348));
#710=EDGE_LOOP('',(#349,#350,#351,#352));
#711=EDGE_LOOP('',(#353,#354,#355,#356));
#712=EDGE_LOOP('',(#357,#358,#359,#360,#361));
#713=EDGE_LOOP('',(#362,#363,#364,#365));
#714=EDGE_LOOP('',(#366,#367,#368,#369));
#715=EDGE_LOOP('',(#370,#371,#372,#373,#374));
#716=EDGE_LOOP('',(#375,#376,#377,#378));
#717=EDGE_LOOP('',(#379,#380,#381,#382));
#718=EDGE_LOOP('',(#383,#384,#385,#386));
#719=EDGE_LOOP('',(#387,#388,#389,#390,#391));
#720=EDGE_LOOP('',(#392,#393,#394,#395));
#721=EDGE_LOOP('',(#396,#397,#398,#399));
#722=EDGE_LOOP('',(#400));
#723=EDGE_LOOP('',(#401));
#724=EDGE_LOOP('',(#402));
#725=EDGE_LOOP('',(#403));
#726=EDGE_LOOP('',(#404));
#727=EDGE_LOOP('',(#405));
#728=EDGE_LOOP('',(#406));
#729=EDGE_LOOP('',(#407));
#730=FACE_BOUND('',#668,.T.);
#731=FACE_BOUND('',#669,.T.);
#732=FACE_BOUND('',#670,.T.);
#733=FACE_BOUND('',#671,.T.);
#734=FACE_BOUND('',#672,.T.);
#735=FACE_BOUND('',#673,.T.);
#736=FACE_BOUND('',#674,.T.);
#737=FACE_BOUND('',#675,.T.);
#738=FACE_BOUND('',#676,.T.);
#739=FACE_BOUND('',#677,.T.);
#740=FACE_BOUND('',#678,.T.);
#741=FACE_BOUND('',#679,.T.);
#742=FACE_BOUND('',#680,.T.);
#743=FACE_BOUND('',#681,.T.);
#744=FACE_BOUND('',#682,.T.);
#745=FACE_BOUND('',#683,.T.);
#746=FACE_BOUND('',#684,.T.);
#747=FACE_BOUND('',#685,.T.);
#748=FACE_BOUND('',#686,.T.);
#749=FACE_BOUND('',#687,.T.);
#750=FACE_BOUND('',#688,.T.);
#751=FACE_BOUND('',#689,.T.);
#752=FACE_BOUND('',#690,.T.);
#753=FACE_BOUND('',#691,.T.);
#754=FACE_BOUND('',#692,.T.);
#755=FACE_BOUND('',#693,.T.);
#756=FACE_BOUND('',#694,.T.);
#757=FACE_BOUND('',#695,.T.);
#758=FACE_BOUND('',#696,.T.);
#759=FACE_BOUND('',#697,.T.);
#760=FACE_BOUND('',#698,.T.);
#761=FACE_BOUND('',#699,.T.);
#762=FACE_BOUND('',#700,.T.);
#763=FACE_BOUND('',#701,.T.);
#764=FACE_BOUND('',#702,.T.);
#765=FACE_BOUND('',#703,.T.);
#766=FACE_BOUND('',#704,.T.);
#767=FACE_BOUND('',#705,.T.);
#768=FACE_BOUND('',#706,.T.);
#769=FACE_BOUND('',#707,.T.);
#770=FACE_BOUND('',#708,.T.);
#771=FACE_BOUND('',#709,.T.);
#772=FACE_BOUND('',#710,.T.);
#773=FACE_BOUND('',#711,.T.);
#774=FACE_BOUND('',#712,.T.);
#775=FACE_BOUND('',#713,.T.);
#776=FACE_BOUND('',#714,.T.);
#777=FACE_BOUND('',#715,.T.);
#778=FACE_BOUND('',#716,.T.);
#779=FACE_BOUND('',#717,.T.);
#780=FACE_BOUND('',#718,.T.);
#781=FACE_BOUND('',#719,.T.);
#782=FACE_BOUND('',#720,.T.);
#783=FACE_BOUND('',#721,.T.);
#784=FACE_BOUND('',#722,.T.);
#785=FACE_BOUND('',#723,.T.);
#786=FACE_BOUND('',#724,.T.);
#787=FACE_BOUND('',#725,.T.);
#788=FACE_BOUND('',#726,.T.);
#789=FACE_BOUND('',#727,.T.);
#790=FACE_BOUND('',#728,.T.);
#791=FACE_BOUND('',#729,.T.);
#792=B_SPLINE_SURFACE_WITH_KNOTS('',3,3,((#1056,#1057,#1058,#1059,#1060,
#1061,#1062,#1063,#1064,#1065,#1066,#1067,#1068,#1069,#1070,#1071,#1072,
#1073,#1074),(#1075,#1076,#1077,#1078,#1079,#1080,#1081,#1082,#1083,#1084,
#1085,#1086,#1087,#1088,#1089,#1090,#1091,#1092,#1093),(#1094,#1095,#1096,
#1097,#1098,#1099,#1100,#1101,#1102,#1103,#1104,#1105,#1106,#1107,#1108,
#1109,#1110,#1111,#1112),(#1113,#1114,#1115,#1116,#1117,#1118,#1119,#1120,
#1121,#1122,#1123,#1124,#1125,#1126,#1127,#1128,#1129,#1130,#1131),(#1132,
#1133,#1134,#1135,#1136,#1137,#1138,#1139,#1140,#1141,#1142,#1143,#1144,
#1145,#1146,#1147,#1148,#1149,#1150),(#1151,#1152,#1153,#1154,#1155,#1156,
#1157,#1158,#1159,#1160,#1161,#1162,#1163,#1164,#1165,#1166,#1167,#1168,
#1169),(#1170,#1171,#1172,#1173,#1174,#1175,#1176,#1177,#1178,#1179,#1180,
#1181,#1182,#1183,#1184,#1185,#1186,#1187,#1188),(#1189,#1190,#1191,#1192,
#1193,#1194,#1195,#1196,#1197,#1198,#1199,#1200,#1201,#1202,#1203,#1204,
#1205,#1206,#1207),(#1208,#1209,#1210,#1211,#1212,#1213,#1214,#1215,#1216,
#1217,#1218,#1219,#1220,#1221,#1222,#1223,#1224,#1225,#1226),(#1227,#1228,
#1229,#1230,#1231,#1232,#1233,#1234,#1235,#1236,#1237,#1238,#1239,#1240,
#1241,#1242,#1243,#1244,#1245),(#1246,#1247,#1248,#1249,#1250,#1251,#1252,
#1253,#1254,#1255,#1256,#1257,#1258,#1259,#1260,#1261,#1262,#1263,#1264),
(#1265,#1266,#1267,#1268,#1269,#1270,#1271,#1272,#1273,#1274,#1275,#1276,
#1277,#1278,#1279,#1280,#1281,#1282,#1283)),.UNSPECIFIED.,.F.,.T.,.F.,(4,
1,1,1,1,1,1,1,1,4),(1,1,1,1,1,1,1,1,1,1,1,1,1,1,1,1,1,1,1,1,1,1,1),(0.,
0.229981094892512,0.325806551097725,0.402466916061896,0.459962189785024,
0.517457463508151,0.574952737231279,0.632448010954407,0.709108375918578,
0.919924379570047),(-1.17809724509617,-0.785398163397448,-0.392699081698725,
0.,0.392699081698724,0.785398163397448,1.17809724509617,1.5707963267949,
1.96349540849362,2.35619449019234,2.74889357189107,3.14159265358979,3.53429173528852,
3.92699081698724,4.31968989868597,4.71238898038469,5.10508806208341,5.49778714378214,
5.89048622548086,6.28318530717959,6.67588438887831,7.06858347057703,7.46128255227576),
 .UNSPECIFIED.);
#793=B_SPLINE_SURFACE_WITH_KNOTS('',3,1,((#1336,#1337),(#1338,#1339),(#1340,
#1341),(#1342,#1343),(#1344,#1345),(#1346,#1347),(#1348,#1349),(#1350,#1351),
(#1352,#1353),(#1354,#1355),(#1356,#1357),(#1358,#1359),(#1360,#1361),(#1362,
#1363)),.SURF_OF_LINEAR_EXTRUSION.,.F.,.F.,.F.,(4,1,1,1,1,1,1,1,1,1,1,4),
(2,2),(0.,0.125,0.25,0.375,0.4375,0.5,0.5625,0.625,0.6875,0.75,0.875,1.),
(0.,1.),.UNSPECIFIED.);
#794=B_SPLINE_SURFACE_WITH_KNOTS('',3,1,((#1392,#1393),(#1394,#1395),(#1396,
#1397),(#1398,#1399),(#1400,#1401),(#1402,#1403),(#1404,#1405),(#1406,#1407),
(#1408,#1409),(#1410,#1411),(#1412,#1413),(#1414,#1415),(#1416,#1417),(#1418,
#1419)),.SURF_OF_LINEAR_EXTRUSION.,.F.,.F.,.F.,(4,1,1,1,1,1,1,1,1,1,1,4),
(2,2),(0.,0.125,0.25,0.375,0.4375,0.5,0.5625,0.625,0.6875,0.75,0.875,1.),
(0.,1.),.UNSPECIFIED.);
#795=B_SPLINE_SURFACE_WITH_KNOTS('',3,1,((#1448,#1449),(#1450,#1451),(#1452,
#1453),(#1454,#1455),(#1456,#1457),(#1458,#1459),(#1460,#1461),(#1462,#1463),
(#1464,#1465),(#1466,#1467),(#1468,#1469),(#1470,#1471),(#1472,#1473),(#1474,
#1475)),.SURF_OF_LINEAR_EXTRUSION.,.F.,.F.,.F.,(4,1,1,1,1,1,1,1,1,1,1,4),
(2,2),(0.,0.125,0.25,0.375,0.4375,0.5,0.5625,0.625,0.6875,0.75,0.875,1.),
(0.,1.),.UNSPECIFIED.);
#796=B_SPLINE_SURFACE_WITH_KNOTS('',3,1,((#1504,#1505),(#1506,#1507),(#1508,
#1509),(#1510,#1511),(#1512,#1513),(#1514,#1515),(#1516,#1517),(#1518,#1519),
(#1520,#1521),(#1522,#1523),(#1524,#1525),(#1526,#1527),(#1528,#1529),(#1530,
#1531)),.SURF_OF_LINEAR_EXTRUSION.,.F.,.F.,.F.,(4,1,1,1,1,1,1,1,1,1,1,4),
(2,2),(0.,0.125,0.25,0.375,0.4375,0.5,0.5625,0.625,0.6875,0.75,0.875,1.),
(0.,1.),.UNSPECIFIED.);
#797=B_SPLINE_SURFACE_WITH_KNOTS('',3,1,((#2419,#2420),(#2421,#2422),(#2423,
#2424),(#2425,#2426),(#2427,#2428),(#2429,#2430),(#2431,#2432),(#2433,#2434),
(#2435,#2436),(#2437,#2438),(#2439,#2440),(#2441,#2442),(#2443,#2444),(#2445,
#2446)),.SURF_OF_LINEAR_EXTRUSION.,.F.,.F.,.F.,(4,1,1,1,1,1,1,1,1,1,1,4),
(2,2),(0.,0.125,0.25,0.375,0.4375,0.5,0.5625,0.625,0.6875,0.75,0.875,1.),
(0.,1.),.UNSPECIFIED.);
#798=B_SPLINE_SURFACE_WITH_KNOTS('',3,1,((#2470,#2471),(#2472,#2473),(#2474,
#2475),(#2476,#2477),(#2478,#2479),(#2480,#2481),(#2482,#2483),(#2484,#2485),
(#2486,#2487),(#2488,#2489),(#2490,#2491),(#2492,#2493),(#2494,#2495),(#2496,
#2497)),.SURF_OF_LINEAR_EXTRUSION.,.F.,.F.,.F.,(4,1,1,1,1,1,1,1,1,1,1,4),
(2,2),(0.,0.125,0.25,0.375,0.4375,0.5,0.5625,0.625,0.6875,0.75,0.875,1.),
(0.,1.),.UNSPECIFIED.);
#799=B_SPLINE_SURFACE_WITH_KNOTS('',3,1,((#2521,#2522),(#2523,#2524),(#2525,
#2526),(#2527,#2528),(#2529,#2530),(#2531,#2532),(#2533,#2534),(#2535,#2536),
(#2537,#2538),(#2539,#2540),(#2541,#2542),(#2543,#2544),(#2545,#2546),(#2547,
#2548)),.SURF_OF_LINEAR_EXTRUSION.,.F.,.F.,.F.,(4,1,1,1,1,1,1,1,1,1,1,4),
(2,2),(0.,0.125,0.25,0.375,0.4375,0.5,0.5625,0.625,0.6875,0.75,0.875,1.),
(0.,1.),.UNSPECIFIED.);
#800=B_SPLINE_SURFACE_WITH_KNOTS('',3,1,((#2572,#2573),(#2574,#2575),(#2576,
#2577),(#2578,#2579),(#2580,#2581),(#2582,#2583),(#2584,#2585),(#2586,#2587),
(#2588,#2589),(#2590,#2591),(#2592,#2593),(#2594,#2595),(#2596,#2597),(#2598,
#2599)),.SURF_OF_LINEAR_EXTRUSION.,.F.,.F.,.F.,(4,1,1,1,1,1,1,1,1,1,1,4),
(2,2),(0.,0.125,0.25,0.375,0.4375,0.5,0.5625,0.625,0.6875,0.75,0.875,1.),
(0.,1.),.UNSPECIFIED.);
#801=ADVANCED_FACE('',(#730,#731,#732,#733,#734,#735),#792,.T.);
#802=ADVANCED_FACE('',(#736,#737),#793,.F.);
#803=ADVANCED_FACE('',(#738,#739),#794,.F.);
#804=ADVANCED_FACE('',(#740,#741),#795,.F.);
#805=ADVANCED_FACE('',(#742,#743),#796,.F.);
#806=ADVANCED_FACE('',(#744),#42,.T.);
#807=ADVANCED_FACE('',(#745),#43,.T.);
#808=ADVANCED_FACE('',(#746),#44,.T.);
#809=ADVANCED_FACE('',(#747),#45,.T.);
#810=ADVANCED_FACE('',(#748),#46,.T.);
#811=ADVANCED_FACE('',(#749),#47,.T.);
#812=ADVANCED_FACE('',(#750),#48,.T.);
#813=ADVANCED_FACE('',(#751),#49,.T.);
#814=ADVANCED_FACE('',(#752,#753),#16,.F.);
#815=ADVANCED_FACE('',(#754,#755),#17,.F.);
#816=ADVANCED_FACE('',(#756),#18,.F.);
#817=ADVANCED_FACE('',(#757),#19,.T.);
#818=ADVANCED_FACE('',(#758),#20,.F.);
#819=ADVANCED_FACE('',(#759),#797,.F.);
#820=ADVANCED_FACE('',(#760),#21,.F.);
#821=ADVANCED_FACE('',(#761),#22,.T.);
#822=ADVANCED_FACE('',(#762),#23,.F.);
#823=ADVANCED_FACE('',(#763),#24,.F.);
#824=ADVANCED_FACE('',(#764),#25,.T.);
#825=ADVANCED_FACE('',(#765),#26,.F.);
#826=ADVANCED_FACE('',(#766),#798,.F.);
#827=ADVANCED_FACE('',(#767),#27,.F.);
#828=ADVANCED_FACE('',(#768),#28,.T.);
#829=ADVANCED_FACE('',(#769),#29,.F.);
#830=ADVANCED_FACE('',(#770),#30,.F.);
#831=ADVANCED_FACE('',(#771),#31,.T.);
#832=ADVANCED_FACE('',(#772),#32,.F.);
#833=ADVANCED_FACE('',(#773),#799,.F.);
#834=ADVANCED_FACE('',(#774),#33,.F.);
#835=ADVANCED_FACE('',(#775),#34,.T.);
#836=ADVANCED_FACE('',(#776),#35,.F.);
#837=ADVANCED_FACE('',(#777),#36,.F.);
#838=ADVANCED_FACE('',(#778),#37,.T.);
#839=ADVANCED_FACE('',(#779),#38,.F.);
#840=ADVANCED_FACE('',(#780),#800,.F.);
#841=ADVANCED_FACE('',(#781),#39,.F.);
#842=ADVANCED_FACE('',(#782),#40,.T.);
#843=ADVANCED_FACE('',(#783),#41,.F.);
#844=ADVANCED_FACE('',(#784,#785),#12,.F.);
#845=ADVANCED_FACE('',(#786,#787),#13,.F.);
#846=ADVANCED_FACE('',(#788,#789),#14,.F.);
#847=ADVANCED_FACE('',(#790,#791),#15,.F.);
#848=CLOSED_SHELL('',(#801,#802,#803,#804,#805,#806,#807,#808,#809,#810,
#811,#812,#813,#814,#815,#816,#817,#818,#819,#820,#821,#822,#823,#824,#825,
#826,#827,#828,#829,#830,#831,#832,#833,#834,#835,#836,#837,#838,#839,#840,
#841,#842,#843,#844,#845,#846,#847));
#849=STYLED_ITEM('',(#850),#857);
#850=PRESENTATION_STYLE_ASSIGNMENT((#851));
#851=SURFACE_STYLE_USAGE(.BOTH.,#852);
#852=SURFACE_SIDE_STYLE('',(#853));
#853=SURFACE_STYLE_FILL_AREA(#854);
#854=FILL_AREA_STYLE('',(#855));
#855=FILL_AREA_STYLE_COLOUR('',#856);
#856=COLOUR_RGB('',0.615686274509804,0.811764705882353,0.929411764705882);
#857=MANIFOLD_SOLID_BREP('Tail Shell',#848);
#858=SHAPE_DEFINITION_REPRESENTATION(#2628,#859);
#859=SHAPE_REPRESENTATION('Tail Shell',(#860),#2623);
#860=AXIS2_PLACEMENT_3D('',#1055,#909,#910);
#861=AXIS2_PLACEMENT_3D('',#1308,#911,#912);
#862=AXIS2_PLACEMENT_3D('',#1310,#913,#914);
#863=AXIS2_PLACEMENT_3D('',#1616,#923,#924);
#864=AXIS2_PLACEMENT_3D('',#1641,#925,#926);
#865=AXIS2_PLACEMENT_3D('',#1720,#927,#928);
#866=AXIS2_PLACEMENT_3D('',#1744,#929,#930);
#867=AXIS2_PLACEMENT_3D('',#1823,#931,#932);
#868=AXIS2_PLACEMENT_3D('',#1847,#933,#934);
#869=AXIS2_PLACEMENT_3D('',#1926,#935,#936);
#870=AXIS2_PLACEMENT_3D('',#1950,#937,#938);
#871=AXIS2_PLACEMENT_3D('',#2029,#939,#940);
#872=AXIS2_PLACEMENT_3D('',#2053,#941,#942);
#873=AXIS2_PLACEMENT_3D('',#2132,#943,#944);
#874=AXIS2_PLACEMENT_3D('',#2156,#945,#946);
#875=AXIS2_PLACEMENT_3D('',#2235,#947,#948);
#876=AXIS2_PLACEMENT_3D('',#2259,#949,#950);
#877=AXIS2_PLACEMENT_3D('',#2360,#951,#952);
#878=AXIS2_PLACEMENT_3D('',#2383,#953,#954);
#879=AXIS2_PLACEMENT_3D('',#2384,#955,#956);
#880=AXIS2_PLACEMENT_3D('',#2385,#957,#958);
#881=AXIS2_PLACEMENT_3D('',#2414,#979,#980);
#882=AXIS2_PLACEMENT_3D('',#2417,#983,#984);
#883=AXIS2_PLACEMENT_3D('',#2418,#985,#986);
#884=AXIS2_PLACEMENT_3D('',#2460,#988,#989);
#885=AXIS2_PLACEMENT_3D('',#2463,#992,#993);
#886=AXIS2_PLACEMENT_3D('',#2464,#994,#995);
#887=AXIS2_PLACEMENT_3D('',#2465,#996,#997);
#888=AXIS2_PLACEMENT_3D('',#2468,#1000,#1001);
#889=AXIS2_PLACEMENT_3D('',#2469,#1002,#1003);
#890=AXIS2_PLACEMENT_3D('',#2511,#1005,#1006);
#891=AXIS2_PLACEMENT_3D('',#2514,#1009,#1010);
#892=AXIS2_PLACEMENT_3D('',#2515,#1011,#1012);
#893=AXIS2_PLACEMENT_3D('',#2516,#1013,#1014);
#894=AXIS2_PLACEMENT_3D('',#2519,#1017,#1018);
#895=AXIS2_PLACEMENT_3D('',#2520,#1019,#1020);
#896=AXIS2_PLACEMENT_3D('',#2562,#1022,#1023);
#897=AXIS2_PLACEMENT_3D('',#2565,#1026,#1027);
#898=AXIS2_PLACEMENT_3D('',#2566,#1028,#1029);
#899=AXIS2_PLACEMENT_3D('',#2567,#1030,#1031);
#900=AXIS2_PLACEMENT_3D('',#2570,#1034,#1035);
#901=AXIS2_PLACEMENT_3D('',#2571,#1036,#1037);
#902=AXIS2_PLACEMENT_3D('',#2613,#1039,#1040);
#903=AXIS2_PLACEMENT_3D('',#2616,#1043,#1044);
#904=AXIS2_PLACEMENT_3D('',#2617,#1045,#1046);
#905=AXIS2_PLACEMENT_3D('',#2618,#1047,#1048);
#906=AXIS2_PLACEMENT_3D('',#2619,#1049,#1050);
#907=AXIS2_PLACEMENT_3D('',#2620,#1051,#1052);
#908=AXIS2_PLACEMENT_3D('',#2621,#1053,#1054);
#909=DIRECTION('',(0.,0.,1.));
#910=DIRECTION('',(1.,0.,0.));
#911=DIRECTION('',(0.,-1.,0.));
#912=DIRECTION('',(0.,0.,-1.));
#913=DIRECTION('',(0.,-1.,0.));
#914=DIRECTION('',(0.,0.,-1.));
#915=DIRECTION('',(-1.,0.,0.));
#916=DIRECTION('',(-1.,0.,0.));
#917=DIRECTION('',(-6.12323399573677E-17,0.,1.));
#918=DIRECTION('',(-6.12323399573677E-17,0.,1.));
#919=DIRECTION('',(1.,0.,1.22464679914735E-16));
#920=DIRECTION('',(1.,0.,1.22464679914735E-16));
#921=DIRECTION('',(1.83697019872103E-16,0.,-1.));
#922=DIRECTION('',(1.83697019872103E-16,0.,-1.));
#923=DIRECTION('',(0.,-1.,0.));
#924=DIRECTION('',(0.,0.,-1.));
#925=DIRECTION('',(0.,-1.,0.));
#926=DIRECTION('',(0.,0.,-1.));
#927=DIRECTION('',(0.,-1.,0.));
#928=DIRECTION('',(0.,0.,-1.));
#929=DIRECTION('',(0.,-1.,0.));
#930=DIRECTION('',(0.,0.,-1.));
#931=DIRECTION('',(0.,-1.,0.));
#932=DIRECTION('',(0.,0.,-1.));
#933=DIRECTION('',(0.,-1.,0.));
#934=DIRECTION('',(0.,0.,-1.));
#935=DIRECTION('',(0.,-1.,0.));
#936=DIRECTION('',(0.,0.,-1.));
#937=DIRECTION('',(0.,-1.,0.));
#938=DIRECTION('',(0.,0.,-1.));
#939=DIRECTION('',(0.,-1.,0.));
#940=DIRECTION('',(0.,0.,-1.));
#941=DIRECTION('',(0.,-1.,0.));
#942=DIRECTION('',(0.,0.,-1.));
#943=DIRECTION('',(0.,-1.,0.));
#944=DIRECTION('',(0.,0.,-1.));
#945=DIRECTION('',(0.,-1.,0.));
#946=DIRECTION('',(0.,0.,-1.));
#947=DIRECTION('',(0.,-1.,0.));
#948=DIRECTION('',(0.,0.,-1.));
#949=DIRECTION('',(0.,-1.,0.));
#950=DIRECTION('',(0.,0.,-1.));
#951=DIRECTION('',(0.,-1.,0.));
#952=DIRECTION('',(0.,0.,-1.));
#953=DIRECTION('',(0.,-1.,0.));
#954=DIRECTION('',(0.,0.,-1.));
#955=DIRECTION('',(0.,-1.,0.));
#956=DIRECTION('',(0.,0.,-1.));
#957=DIRECTION('',(0.,1.,0.));
#958=DIRECTION('',(0.,0.,1.));
#959=DIRECTION('',(0.707106781186548,0.,-0.707106781186547));
#960=DIRECTION('',(-0.707106781186547,0.,-0.707106781186548));
#961=DIRECTION('',(0.707106781186548,0.,-0.707106781186547));
#962=DIRECTION('',(0.,0.,-1.));
#963=DIRECTION('',(0.,0.,-1.));
#964=DIRECTION('',(-0.707106781186548,0.,-0.707106781186548));
#965=DIRECTION('',(-0.707106781186548,0.,0.707106781186548));
#966=DIRECTION('',(-0.707106781186548,0.,-0.707106781186548));
#967=DIRECTION('',(-1.,0.,-6.12323399573677E-17));
#968=DIRECTION('',(-1.,0.,-6.12323399573677E-17));
#969=DIRECTION('',(-0.707106781186548,0.,0.707106781186548));
#970=DIRECTION('',(0.707106781186548,0.,0.707106781186548));
#971=DIRECTION('',(-0.707106781186548,0.,0.707106781186548));
#972=DIRECTION('',(-1.22464679914735E-16,0.,1.));
#973=DIRECTION('',(-1.22464679914735E-16,0.,1.));
#974=DIRECTION('',(0.707106781186548,0.,0.707106781186548));
#975=DIRECTION('',(0.707106781186548,0.,-0.707106781186548));
#976=DIRECTION('',(0.707106781186548,0.,0.707106781186548));
#977=DIRECTION('',(1.,0.,1.83697019872103E-16));
#978=DIRECTION('',(1.,0.,1.83697019872103E-16));
#979=DIRECTION('',(0.,0.,1.));
#980=DIRECTION('',(1.,0.,0.));
#981=DIRECTION('',(0.,1.,0.));
#982=DIRECTION('',(0.,1.,0.));
#983=DIRECTION('',(1.,0.,0.));
#984=DIRECTION('',(0.,1.,0.));
#985=DIRECTION('',(1.,0.,0.));
#986=DIRECTION('',(0.,1.,0.));
#987=DIRECTION('',(-0.707106781186548,0.,0.707106781186548));
#988=DIRECTION('',(0.707106781186548,0.,0.707106781186548));
#989=DIRECTION('',(0.707106781186548,0.,-0.707106781186548));
#990=DIRECTION('',(0.,1.,0.));
#991=DIRECTION('',(0.,1.,0.));
#992=DIRECTION('',(0.707106781186548,0.,-0.707106781186548));
#993=DIRECTION('',(0.,1.,0.));
#994=DIRECTION('',(0.707106781186548,0.,-0.707106781186548));
#995=DIRECTION('',(0.,1.,0.));
#996=DIRECTION('',(1.,0.,6.12323399573677E-17));
#997=DIRECTION('',(6.12323399573677E-17,0.,-1.));
#998=DIRECTION('',(0.,1.,0.));
#999=DIRECTION('',(0.,1.,0.));
#1000=DIRECTION('',(6.12323399573677E-17,0.,-1.));
#1001=DIRECTION('',(0.,1.,0.));
#1002=DIRECTION('',(6.12323399573677E-17,0.,-1.));
#1003=DIRECTION('',(0.,1.,0.));
#1004=DIRECTION('',(0.707106781186548,0.,0.707106781186548));
#1005=DIRECTION('',(0.707106781186548,0.,-0.707106781186548));
#1006=DIRECTION('',(-0.707106781186548,0.,-0.707106781186548));
#1007=DIRECTION('',(0.,1.,0.));
#1008=DIRECTION('',(0.,1.,0.));
#1009=DIRECTION('',(-0.707106781186548,0.,-0.707106781186548));
#1010=DIRECTION('',(0.,1.,0.));
#1011=DIRECTION('',(-0.707106781186548,0.,-0.707106781186548));
#1012=DIRECTION('',(0.,1.,0.));
#1013=DIRECTION('',(1.22464679914735E-16,0.,-1.));
#1014=DIRECTION('',(-1.,0.,-1.22464679914735E-16));
#1015=DIRECTION('',(0.,1.,0.));
#1016=DIRECTION('',(0.,1.,0.));
#1017=DIRECTION('',(-1.,0.,-1.22464679914735E-16));
#1018=DIRECTION('',(0.,1.,0.));
#1019=DIRECTION('',(-1.,0.,-1.22464679914735E-16));
#1020=DIRECTION('',(0.,1.,0.));
#1021=DIRECTION('',(0.707106781186548,0.,-0.707106781186548));
#1022=DIRECTION('',(-0.707106781186548,0.,-0.707106781186548));
#1023=DIRECTION('',(-0.707106781186548,0.,0.707106781186548));
#1024=DIRECTION('',(0.,1.,0.));
#1025=DIRECTION('',(0.,1.,0.));
#1026=DIRECTION('',(-0.707106781186548,0.,0.707106781186548));
#1027=DIRECTION('',(0.,1.,0.));
#1028=DIRECTION('',(-0.707106781186548,0.,0.707106781186548));
#1029=DIRECTION('',(0.,1.,0.));
#1030=DIRECTION('',(-1.,0.,-1.83697019872103E-16));
#1031=DIRECTION('',(-1.83697019872103E-16,0.,1.));
#1032=DIRECTION('',(0.,1.,0.));
#1033=DIRECTION('',(0.,1.,0.));
#1034=DIRECTION('',(-1.83697019872103E-16,0.,1.));
#1035=DIRECTION('',(0.,1.,0.));
#1036=DIRECTION('',(-1.83697019872103E-16,0.,1.));
#1037=DIRECTION('',(0.,1.,0.));
#1038=DIRECTION('',(-0.707106781186547,0.,-0.707106781186548));
#1039=DIRECTION('',(-0.707106781186548,0.,0.707106781186547));
#1040=DIRECTION('',(0.707106781186547,0.,0.707106781186548));
#1041=DIRECTION('',(0.,1.,0.));
#1042=DIRECTION('',(0.,1.,0.));
#1043=DIRECTION('',(0.707106781186547,0.,0.707106781186548));
#1044=DIRECTION('',(0.,1.,0.));
#1045=DIRECTION('',(0.707106781186547,0.,0.707106781186548));
#1046=DIRECTION('',(0.,1.,0.));
#1047=DIRECTION('',(1.,0.,1.83697019872103E-16));
#1048=DIRECTION('',(1.83697019872103E-16,0.,-1.));
#1049=DIRECTION('',(-1.22464679914735E-16,0.,1.));
#1050=DIRECTION('',(1.,0.,1.22464679914735E-16));
#1051=DIRECTION('',(-1.,0.,-6.12323399573677E-17));
#1052=DIRECTION('',(-6.12323399573677E-17,0.,1.));
#1053=DIRECTION('',(0.,0.,-1.));
#1054=DIRECTION('',(-1.,0.,0.));
#1055=CARTESIAN_POINT('',(0.,0.,0.));
#1056=CARTESIAN_POINT('',(0.0224397324682668,0.015,0.054174306460914));
#1057=CARTESIAN_POINT('',(4.38017677684144E-17,0.015,0.058637846769543));
#1058=CARTESIAN_POINT('',(-0.0224397324682669,0.015,0.0541743064609139));
#1059=CARTESIAN_POINT('',(-0.0414632190849216,0.015,0.0414632190849216));
#1060=CARTESIAN_POINT('',(-0.0541743064609139,0.015,0.0224397324682669));
#1061=CARTESIAN_POINT('',(-0.0586378467695431,0.015,1.09775469964157E-17));
#1062=CARTESIAN_POINT('',(-0.0541743064609139,0.015,-0.0224397324682669));
#1063=CARTESIAN_POINT('',(-0.0414632190849216,0.015,-0.0414632190849216));
#1064=CARTESIAN_POINT('',(-0.0224397324682669,0.015,-0.0541743064609139));
#1065=CARTESIAN_POINT('',(-6.83494707941136E-18,0.015,-0.058637846769543));
#1066=CARTESIAN_POINT('',(0.0224397324682669,0.015,-0.0541743064609139));
#1067=CARTESIAN_POINT('',(0.0414632190849216,0.015,-0.0414632190849216));
#1068=CARTESIAN_POINT('',(0.0541743064609139,0.015,-0.0224397324682669));
#1069=CARTESIAN_POINT('',(0.0586378467695431,0.015,-2.01390553539182E-17));
#1070=CARTESIAN_POINT('',(0.0541743064609139,0.015,0.0224397324682669));
#1071=CARTESIAN_POINT('',(0.0414632190849216,0.015,0.0414632190849216));
#1072=CARTESIAN_POINT('',(0.0224397324682668,0.015,0.054174306460914));
#1073=CARTESIAN_POINT('',(4.38017677684144E-17,0.015,0.058637846769543));
#1074=CARTESIAN_POINT('',(-0.0224397324682669,0.015,0.0541743064609139));
#1075=CARTESIAN_POINT('',(0.0224397277365622,0.0167127629907849,0.0541742950375686));
#1076=CARTESIAN_POINT('',(3.64291929955129E-17,0.0167127629907849,0.0586378344050031));
#1077=CARTESIAN_POINT('',(-0.0224397277365623,0.0167127629907849,0.0541742950375685));
#1078=CARTESIAN_POINT('',(-0.0414632103418715,0.0167127629907849,0.0414632103418715));
#1079=CARTESIAN_POINT('',(-0.0541742950375685,0.0167127629907849,0.0224397277365623));
#1080=CARTESIAN_POINT('',(-0.0586378344050031,0.0167127629907849,7.30481213712109E-18));
#1081=CARTESIAN_POINT('',(-0.0541742950375685,0.0167127629907849,-0.0224397277365623));
#1082=CARTESIAN_POINT('',(-0.0414632103418716,0.0167127629907849,-0.0414632103418716));
#1083=CARTESIAN_POINT('',(-0.0224397277365623,0.0167127629907849,-0.0541742950375685));
#1084=CARTESIAN_POINT('',(-8.34523329414538E-18,0.0167127629907849,-0.0586378344050031));
#1085=CARTESIAN_POINT('',(0.0224397277365623,0.0167127629907849,-0.0541742950375685));
#1086=CARTESIAN_POINT('',(0.0414632103418715,0.0167127629907849,-0.0414632103418716));
#1087=CARTESIAN_POINT('',(0.0541742950375685,0.0167127629907849,-0.0224397277365623));
#1088=CARTESIAN_POINT('',(0.0586378344050031,0.0167127629907849,-2.19821990471436E-17));
#1089=CARTESIAN_POINT('',(0.0541742950375686,0.0167127629907849,0.0224397277365623));
#1090=CARTESIAN_POINT('',(0.0414632103418715,0.0167127629907849,0.0414632103418716));
#1091=CARTESIAN_POINT('',(0.0224397277365622,0.0167127629907849,0.0541742950375686));
#1092=CARTESIAN_POINT('',(3.64291929955129E-17,0.0167127629907849,0.0586378344050031));
#1093=CARTESIAN_POINT('',(-0.0224397277365623,0.0167127629907849,0.0541742950375685));
#1094=CARTESIAN_POINT('',(0.0223191045408655,0.0317039426954675,0.0538830848825809));
#1095=CARTESIAN_POINT('',(4.33680868994202E-17,0.0317039426954675,0.0583226308045984));
#1096=CARTESIAN_POINT('',(-0.0223191045408657,0.0317039426954675,0.0538830848825808));
#1097=CARTESIAN_POINT('',(-0.041240327738571,0.0317039426954675,0.041240327738571));
#1098=CARTESIAN_POINT('',(-0.0538830848825808,0.0317039426954675,0.0223191045408657));
#1099=CARTESIAN_POINT('',(-0.0583226308045985,0.0317039426954675,5.78692909564138E-18));
#1100=CARTESIAN_POINT('',(-0.0538830848825808,0.0317039426954675,-0.0223191045408657));
#1101=CARTESIAN_POINT('',(-0.041240327738571,0.0317039426954675,-0.041240327738571));
#1102=CARTESIAN_POINT('',(-0.0223191045408657,0.0317039426954675,-0.0538830848825808));
#1103=CARTESIAN_POINT('',(-2.36552479366485E-18,0.0317039426954675,-0.0583226308045985));
#1104=CARTESIAN_POINT('',(0.0223191045408656,0.0317039426954675,-0.0538830848825808));
#1105=CARTESIAN_POINT('',(0.041240327738571,0.0317039426954675,-0.041240327738571));
#1106=CARTESIAN_POINT('',(0.0538830848825808,0.0317039426954675,-0.0223191045408657));
#1107=CARTESIAN_POINT('',(0.0583226308045985,0.0317039426954675,-2.39608680119296E-17));
#1108=CARTESIAN_POINT('',(0.0538830848825808,0.0317039426954675,0.0223191045408657));
#1109=CARTESIAN_POINT('',(0.041240327738571,0.0317039426954675,0.041240327738571));
#1110=CARTESIAN_POINT('',(0.0223191045408655,0.0317039426954675,0.0538830848825809));
#1111=CARTESIAN_POINT('',(4.33680868994202E-17,0.0317039426954675,0.0583226308045984));
#1112=CARTESIAN_POINT('',(-0.0223191045408657,0.0317039426954675,0.0538830848825808));
#1113=CARTESIAN_POINT('',(0.0213130260507758,0.0610929306041659,0.0514541965469944));
#1114=CARTESIAN_POINT('',(4.0766001685455E-17,0.0610929306041658,0.0556936210147784));
#1115=CARTESIAN_POINT('',(-0.0213130260507759,0.0610929306041658,0.0514541965469943));
#1116=CARTESIAN_POINT('',(-0.0393813370883834,0.0610929306041658,0.0393813370883835));
#1117=CARTESIAN_POINT('',(-0.0514541965469943,0.0610929306041658,0.0213130260507759));
#1118=CARTESIAN_POINT('',(-0.0556936210147785,0.0610929306041658,8.29414661951411E-18));
#1119=CARTESIAN_POINT('',(-0.0514541965469943,0.0610929306041658,-0.0213130260507759));
#1120=CARTESIAN_POINT('',(-0.0393813370883835,0.0610929306041658,-0.0393813370883835));
#1121=CARTESIAN_POINT('',(-0.0213130260507759,0.0610929306041658,-0.0514541965469943));
#1122=CARTESIAN_POINT('',(-1.00013679944848E-17,0.0610929306041658,-0.0556936210147784));
#1123=CARTESIAN_POINT('',(0.0213130260507759,0.0610929306041658,-0.0514541965469944));
#1124=CARTESIAN_POINT('',(0.0393813370883834,0.0610929306041658,-0.0393813370883835));
#1125=CARTESIAN_POINT('',(0.0514541965469943,0.0610929306041658,-0.0213130260507759));
#1126=CARTESIAN_POINT('',(0.0556936210147785,0.0610929306041658,-2.03016856797911E-17));
#1127=CARTESIAN_POINT('',(0.0514541965469943,0.0610929306041658,0.0213130260507759));
#1128=CARTESIAN_POINT('',(0.0393813370883835,0.0610929306041658,0.0393813370883835));
#1129=CARTESIAN_POINT('',(0.0213130260507758,0.0610929306041659,0.0514541965469944));
#1130=CARTESIAN_POINT('',(4.0766001685455E-17,0.0610929306041658,0.0556936210147784));
#1131=CARTESIAN_POINT('',(-0.0213130260507759,0.0610929306041658,0.0514541965469943));
#1132=CARTESIAN_POINT('',(0.0203976536956379,0.0797740573544633,0.049244292192599));
#1133=CARTESIAN_POINT('',(3.94649590784724E-17,0.0797740573544632,0.0533016377781887));
#1134=CARTESIAN_POINT('',(-0.020397653695638,0.0797740573544633,0.0492442921925989));
#1135=CARTESIAN_POINT('',(-0.0376899495213063,0.0797740573544633,0.0376899495213063));
#1136=CARTESIAN_POINT('',(-0.0492442921925989,0.0797740573544633,0.020397653695638));
#1137=CARTESIAN_POINT('',(-0.0533016377781887,0.0797740573544632,1.22785896033983E-17));
#1138=CARTESIAN_POINT('',(-0.0492442921925989,0.0797740573544633,-0.020397653695638));
#1139=CARTESIAN_POINT('',(-0.0376899495213063,0.0797740573544633,-0.0376899495213063));
#1140=CARTESIAN_POINT('',(-0.020397653695638,0.0797740573544633,-0.0492442921925989));
#1141=CARTESIAN_POINT('',(-7.07063399698487E-18,0.0797740573544633,-0.0533016377781887));
#1142=CARTESIAN_POINT('',(0.020397653695638,0.0797740573544633,-0.049244292192599));
#1143=CARTESIAN_POINT('',(0.0376899495213063,0.0797740573544633,-0.0376899495213063));
#1144=CARTESIAN_POINT('',(0.0492442921925989,0.0797740573544633,-0.020397653695638));
#1145=CARTESIAN_POINT('',(0.0533016377781887,0.0797740573544633,-1.65882932390282E-17));
#1146=CARTESIAN_POINT('',(0.0492442921925989,0.0797740573544633,0.020397653695638));
#1147=CARTESIAN_POINT('',(0.0376899495213063,0.0797740573544632,0.0376899495213063));
#1148=CARTESIAN_POINT('',(0.0203976536956379,0.0797740573544633,0.049244292192599));
#1149=CARTESIAN_POINT('',(3.94649590784724E-17,0.0797740573544632,0.0533016377781887));
#1150=CARTESIAN_POINT('',(-0.020397653695638,0.0797740573544633,0.0492442921925989));
#1151=CARTESIAN_POINT('',(0.0193710844523582,0.0958373091386984,0.0467659348027581));
#1152=CARTESIAN_POINT('',(3.77302356024956E-17,0.0958373091386984,0.0506190830698878));
#1153=CARTESIAN_POINT('',(-0.0193710844523583,0.0958373091386984,0.046765934802758));
#1154=CARTESIAN_POINT('',(-0.0357930968961629,0.0958373091386984,0.0357930968961629));
#1155=CARTESIAN_POINT('',(-0.046765934802758,0.0958373091386984,0.0193710844523583));
#1156=CARTESIAN_POINT('',(-0.0506190830698879,0.0958373091386984,6.92534137675116E-18));
#1157=CARTESIAN_POINT('',(-0.046765934802758,0.0958373091386984,-0.0193710844523583));
#1158=CARTESIAN_POINT('',(-0.0357930968961629,0.0958373091386984,-0.0357930968961629));
#1159=CARTESIAN_POINT('',(-0.0193710844523583,0.0958373091386984,-0.046765934802758));
#1160=CARTESIAN_POINT('',(-3.96252600637402E-18,0.0958373091386984,-0.0506190830698879));
#1161=CARTESIAN_POINT('',(0.0193710844523583,0.0958373091386984,-0.046765934802758));
#1162=CARTESIAN_POINT('',(0.0357930968961629,0.0958373091386984,-0.0357930968961629));
#1163=CARTESIAN_POINT('',(0.046765934802758,0.0958373091386984,-0.0193710844523583));
#1164=CARTESIAN_POINT('',(0.0506190830698879,0.0958373091386984,-2.6779793660392E-17));
#1165=CARTESIAN_POINT('',(0.046765934802758,0.0958373091386984,0.0193710844523583));
#1166=CARTESIAN_POINT('',(0.0357930968961629,0.0958373091386984,0.0357930968961629));
#1167=CARTESIAN_POINT('',(0.0193710844523582,0.0958373091386984,0.0467659348027581));
#1168=CARTESIAN_POINT('',(3.77302356024956E-17,0.0958373091386984,0.0506190830698878));
#1169=CARTESIAN_POINT('',(-0.0193710844523583,0.0958373091386984,0.046765934802758));
#1170=CARTESIAN_POINT('',(0.0182226747461034,0.110260206832169,0.0439934285147568));
#1171=CARTESIAN_POINT('',(3.42607886505419E-17,0.110260206832169,0.0476181438884937));
#1172=CARTESIAN_POINT('',(-0.0182226747461035,0.110260206832169,0.0439934285147568));
#1173=CARTESIAN_POINT('',(-0.0336711124510707,0.110260206832169,0.0336711124510707));
#1174=CARTESIAN_POINT('',(-0.0439934285147568,0.110260206832169,0.0182226747461035));
#1175=CARTESIAN_POINT('',(-0.0476181438884937,0.110260206832169,1.28477957439532E-17));
#1176=CARTESIAN_POINT('',(-0.0439934285147568,0.110260206832169,-0.0182226747461035));
#1177=CARTESIAN_POINT('',(-0.0336711124510707,0.110260206832169,-0.0336711124510707));
#1178=CARTESIAN_POINT('',(-0.0182226747461035,0.110260206832169,-0.0439934285147568));
#1179=CARTESIAN_POINT('',(-9.06597892291999E-18,0.110260206832169,-0.0476181438884938));
#1180=CARTESIAN_POINT('',(0.0182226747461035,0.110260206832169,-0.0439934285147568));
#1181=CARTESIAN_POINT('',(0.0336711124510707,0.110260206832169,-0.0336711124510707));
#1182=CARTESIAN_POINT('',(0.0439934285147568,0.110260206832169,-0.0182226747461035));
#1183=CARTESIAN_POINT('',(0.0476181438884938,0.110260206832169,-1.8702487475375E-18));
#1184=CARTESIAN_POINT('',(0.0439934285147568,0.110260206832169,0.0182226747461035));
#1185=CARTESIAN_POINT('',(0.0336711124510707,0.110260206832169,0.0336711124510707));
#1186=CARTESIAN_POINT('',(0.0182226747461034,0.110260206832169,0.0439934285147568));
#1187=CARTESIAN_POINT('',(3.42607886505419E-17,0.110260206832169,0.0476181438884937));
#1188=CARTESIAN_POINT('',(-0.0182226747461035,0.110260206832169,0.0439934285147568));
#1189=CARTESIAN_POINT('',(0.0168116399845139,0.124212388224581,0.0405868892563474));
#1190=CARTESIAN_POINT('',(3.59955121265187E-17,0.124212388224581,0.0439309323652016));
#1191=CARTESIAN_POINT('',(-0.016811639984514,0.124212388224581,0.0405868892563474));
#1192=CARTESIAN_POINT('',(-0.0310638601792816,0.124212388224581,0.0310638601792816));
#1193=CARTESIAN_POINT('',(-0.0405868892563474,0.124212388224581,0.016811639984514));
#1194=CARTESIAN_POINT('',(-0.0439309323652016,0.124212388224581,5.67850887839283E-18));
#1195=CARTESIAN_POINT('',(-0.0405868892563474,0.124212388224581,-0.0168116399845139));
#1196=CARTESIAN_POINT('',(-0.0310638601792816,0.124212388224581,-0.0310638601792816));
#1197=CARTESIAN_POINT('',(-0.016811639984514,0.124212388224581,-0.0405868892563474));
#1198=CARTESIAN_POINT('',(-6.41386582550757E-18,0.124212388224581,-0.0439309323652016));
#1199=CARTESIAN_POINT('',(0.016811639984514,0.124212388224581,-0.0405868892563474));
#1200=CARTESIAN_POINT('',(0.0310638601792816,0.124212388224581,-0.0310638601792816));
#1201=CARTESIAN_POINT('',(0.0405868892563474,0.124212388224581,-0.0168116399845139));
#1202=CARTESIAN_POINT('',(0.0439309323652016,0.124212388224581,-1.23056946577105E-17));
#1203=CARTESIAN_POINT('',(0.0405868892563474,0.124212388224581,0.016811639984514));
#1204=CARTESIAN_POINT('',(0.0310638601792816,0.124212388224581,0.0310638601792816));
#1205=CARTESIAN_POINT('',(0.0168116399845139,0.124212388224581,0.0405868892563474));
#1206=CARTESIAN_POINT('',(3.59955121265187E-17,0.124212388224581,0.0439309323652016));
#1207=CARTESIAN_POINT('',(-0.016811639984514,0.124212388224581,0.0405868892563474));
#1208=CARTESIAN_POINT('',(0.015022904184759,0.138841036450955,0.0362684990290769));
#1209=CARTESIAN_POINT('',(2.84060969191202E-17,0.138841036450955,0.039256740465385));
#1210=CARTESIAN_POINT('',(-0.0150229041847591,0.138841036450955,0.0362684990290768));
#1211=CARTESIAN_POINT('',(-0.0277587073903541,0.138841036450955,0.0277587073903541));
#1212=CARTESIAN_POINT('',(-0.0362684990290768,0.138841036450955,0.0150229041847591));
#1213=CARTESIAN_POINT('',(-0.039256740465385,0.138841036450955,9.97465998686664E-18));
#1214=CARTESIAN_POINT('',(-0.0362684990290768,0.138841036450955,-0.0150229041847591));
#1215=CARTESIAN_POINT('',(-0.0277587073903541,0.138841036450955,-0.0277587073903541));
#1216=CARTESIAN_POINT('',(-0.0150229041847591,0.138841036450955,-0.0362684990290768));
#1217=CARTESIAN_POINT('',(-4.02113009841218E-18,0.138841036450955,-0.039256740465385));
#1218=CARTESIAN_POINT('',(0.0150229041847591,0.138841036450955,-0.0362684990290769));
#1219=CARTESIAN_POINT('',(0.0277587073903541,0.138841036450955,-0.0277587073903541));
#1220=CARTESIAN_POINT('',(0.0362684990290768,0.138841036450955,-0.0150229041847591));
#1221=CARTESIAN_POINT('',(0.039256740465385,0.138841036450955,-6.7762635780344E-18));
#1222=CARTESIAN_POINT('',(0.0362684990290768,0.138841036450955,0.0150229041847591));
#1223=CARTESIAN_POINT('',(0.0277587073903541,0.138841036450955,0.0277587073903541));
#1224=CARTESIAN_POINT('',(0.015022904184759,0.138841036450955,0.0362684990290769));
#1225=CARTESIAN_POINT('',(2.84060969191202E-17,0.138841036450955,0.039256740465385));
#1226=CARTESIAN_POINT('',(-0.0150229041847591,0.138841036450955,0.0362684990290768));
#1227=CARTESIAN_POINT('',(0.0116019039699938,0.162736180161843,0.0280094739137094));
#1228=CARTESIAN_POINT('',(2.3635607360184E-17,0.162736180161843,0.0303172360984923));
#1229=CARTESIAN_POINT('',(-0.0116019039699939,0.162736180161843,0.0280094739137094));
#1230=CARTESIAN_POINT('',(-0.0214375232320775,0.162736180161843,0.0214375232320775));
#1231=CARTESIAN_POINT('',(-0.0280094739137094,0.162736180161843,0.0116019039699938));
#1232=CARTESIAN_POINT('',(-0.0303172360984923,0.162736180161843,2.68340037690162E-18));
#1233=CARTESIAN_POINT('',(-0.0280094739137094,0.162736180161843,-0.0116019039699938));
#1234=CARTESIAN_POINT('',(-0.0214375232320775,0.162736180161843,-0.0214375232320775));
#1235=CARTESIAN_POINT('',(-0.0116019039699938,0.162736180161843,-0.0280094739137094));
#1236=CARTESIAN_POINT('',(-3.71482180886134E-18,0.162736180161843,-0.0303172360984923));
#1237=CARTESIAN_POINT('',(0.0116019039699938,0.162736180161843,-0.0280094739137094));
#1238=CARTESIAN_POINT('',(0.0214375232320775,0.162736180161843,-0.0214375232320775));
#1239=CARTESIAN_POINT('',(0.0280094739137094,0.162736180161843,-0.0116019039699939));
#1240=CARTESIAN_POINT('',(0.0303172360984923,0.162736180161843,-3.02221355580334E-18));
#1241=CARTESIAN_POINT('',(0.0280094739137094,0.162736180161843,0.0116019039699938));
#1242=CARTESIAN_POINT('',(0.0214375232320775,0.162736180161843,0.0214375232320775));
#1243=CARTESIAN_POINT('',(0.0116019039699938,0.162736180161843,0.0280094739137094));
#1244=CARTESIAN_POINT('',(2.3635607360184E-17,0.162736180161843,0.0303172360984923));
#1245=CARTESIAN_POINT('',(-0.0116019039699939,0.162736180161843,0.0280094739137094));
#1246=CARTESIAN_POINT('',(0.00896312526062908,0.176801932803051,0.0216388985654597));
#1247=CARTESIAN_POINT('',(1.69135538907739E-17,0.176801932803051,0.0234217750301719));
#1248=CARTESIAN_POINT('',(-0.00896312526062913,0.176801932803051,0.0216388985654597));
#1249=CARTESIAN_POINT('',(-0.0165616959512603,0.176801932803051,0.0165616959512603));
#1250=CARTESIAN_POINT('',(-0.0216388985654597,0.176801932803051,0.00896312526062913));
#1251=CARTESIAN_POINT('',(-0.0234217750301719,0.176801932803051,1.64663204946236E-18));
#1252=CARTESIAN_POINT('',(-0.0216388985654597,0.176801932803051,-0.00896312526062911));
#1253=CARTESIAN_POINT('',(-0.0165616959512603,0.176801932803051,-0.0165616959512603));
#1254=CARTESIAN_POINT('',(-0.00896312526062913,0.176801932803051,-0.0216388985654597));
#1255=CARTESIAN_POINT('',(-6.14546226034636E-18,0.176801932803051,-0.0234217750301719));
#1256=CARTESIAN_POINT('',(0.00896312526062913,0.176801932803051,-0.0216388985654597));
#1257=CARTESIAN_POINT('',(0.0165616959512603,0.176801932803051,-0.0165616959512603));
#1258=CARTESIAN_POINT('',(0.0216388985654597,0.176801932803051,-0.00896312526062911));
#1259=CARTESIAN_POINT('',(0.0234217750301719,0.176801932803051,-1.90955107629009E-17));
#1260=CARTESIAN_POINT('',(0.0216388985654597,0.176801932803051,0.00896312526062913));
#1261=CARTESIAN_POINT('',(0.0165616959512603,0.176801932803051,0.0165616959512603));
#1262=CARTESIAN_POINT('',(0.00896312526062908,0.176801932803051,0.0216388985654597));
#1263=CARTESIAN_POINT('',(1.69135538907739E-17,0.176801932803051,0.0234217750301719));
#1264=CARTESIAN_POINT('',(-0.00896312526062913,0.176801932803051,0.0216388985654597));
#1265=CARTESIAN_POINT('',(0.00799697365212222,0.181771513266436,0.0193064022488939));
#1266=CARTESIAN_POINT('',(1.58293517182884E-17,0.181771513266436,0.0208970992099102));
#1267=CARTESIAN_POINT('',(-0.00799697365212226,0.181771513266436,0.0193064022488939));
#1268=CARTESIAN_POINT('',(-0.0147764805584556,0.181771513266436,0.0147764805584556));
#1269=CARTESIAN_POINT('',(-0.0193064022488939,0.181771513266436,0.00799697365212226));
#1270=CARTESIAN_POINT('',(-0.0208970992099103,0.181771513266436,4.35713748067612E-18));
#1271=CARTESIAN_POINT('',(-0.0193064022488939,0.181771513266436,-0.00799697365212226));
#1272=CARTESIAN_POINT('',(-0.0147764805584556,0.181771513266436,-0.0147764805584556));
#1273=CARTESIAN_POINT('',(-0.00799697365212226,0.181771513266436,-0.0193064022488939));
#1274=CARTESIAN_POINT('',(-4.04757340823428E-18,0.181771513266436,-0.0208970992099102));
#1275=CARTESIAN_POINT('',(0.00799697365212226,0.181771513266436,-0.0193064022488939));
#1276=CARTESIAN_POINT('',(0.0147764805584556,0.181771513266436,-0.0147764805584556));
#1277=CARTESIAN_POINT('',(0.0193064022488939,0.181771513266436,-0.00799697365212226));
#1278=CARTESIAN_POINT('',(0.0208970992099103,0.181771513266436,-3.98444298388423E-18));
#1279=CARTESIAN_POINT('',(0.0193064022488939,0.181771513266436,0.00799697365212226));
#1280=CARTESIAN_POINT('',(0.0147764805584556,0.181771513266436,0.0147764805584556));
#1281=CARTESIAN_POINT('',(0.00799697365212222,0.181771513266436,0.0193064022488939));
#1282=CARTESIAN_POINT('',(1.58293517182884E-17,0.181771513266436,0.0208970992099102));
#1283=CARTESIAN_POINT('',(-0.00799697365212226,0.181771513266436,0.0193064022488939));
#1284=CARTESIAN_POINT('',(0.0547660151033345,0.0549044305662605,0.00109862008149879));
#1285=CARTESIAN_POINT('',(0.054648027641892,0.0559999037280291,0.00155081200844172));
#1286=CARTESIAN_POINT('',(0.0545542290495587,0.0570959545216231,0.00109813188473434));
#1287=CARTESIAN_POINT('',(0.0545223750750881,0.0575522519574497,7.8272232207827E-8));
#1288=CARTESIAN_POINT('',(0.0545542902968758,0.0570950375373655,-0.00109981185659888));
#1289=CARTESIAN_POINT('',(0.0546482714459705,0.055997480667723,-0.0015503258058385));
#1290=CARTESIAN_POINT('',(0.0547658947105021,0.0549055625329694,-0.00109887957370988));
#1291=CARTESIAN_POINT('',(0.0548223267223734,0.054447501892918,-7.74440583963738E-7));
#1292=CARTESIAN_POINT('',(0.0547660151033345,0.0549044305662605,0.00109862008149879));
#1293=CARTESIAN_POINT('',(0.054648027641892,0.0559999037280291,0.00155081200844172));
#1294=CARTESIAN_POINT('',(0.0545542290495587,0.0570959545216231,0.00109813188473434));
#1295=CARTESIAN_POINT('',(0.0546520591200769,0.056,0.00139999999999998));
#1296=CARTESIAN_POINT('',(-0.0547660151033344,0.0549044305662605,-0.00109862008149878));
#1297=CARTESIAN_POINT('',(-0.0546480276418921,0.0559999037280291,-0.00155081200844172));
#1298=CARTESIAN_POINT('',(-0.0545542290495587,0.0570959545216231,-0.00109813188473434));
#1299=CARTESIAN_POINT('',(-0.0545223750750882,0.0575522519574497,-7.82722321868815E-8));
#1300=CARTESIAN_POINT('',(-0.0545542902968758,0.0570950375373655,0.00109981185659888));
#1301=CARTESIAN_POINT('',(-0.0546482714459705,0.055997480667723,0.00155032580583854));
#1302=CARTESIAN_POINT('',(-0.0547658947105021,0.0549055625329694,0.00109887957370988));
#1303=CARTESIAN_POINT('',(-0.0548223267223734,0.054447501892918,7.74440583940807E-7));
#1304=CARTESIAN_POINT('',(-0.0547660151033344,0.0549044305662605,-0.00109862008149878));
#1305=CARTESIAN_POINT('',(-0.0546480276418921,0.0559999037280291,-0.00155081200844172));
#1306=CARTESIAN_POINT('',(-0.0545542290495587,0.0570959545216231,-0.00109813188473434));
#1307=CARTESIAN_POINT('',(-0.0546520591200769,0.056,-0.00140000000000001));
#1308=CARTESIAN_POINT('',(0.,0.181771513266119,0.));
#1309=CARTESIAN_POINT('',(0.,0.181771513266119,-0.0203668668897286));
#1310=CARTESIAN_POINT('',(0.,0.015,0.));
#1311=CARTESIAN_POINT('',(0.,0.015,-0.05715));
#1312=CARTESIAN_POINT('',(0.00109862008149879,0.0549044305662605,-0.0547660151033344));
#1313=CARTESIAN_POINT('',(0.00155081200844172,0.0559999037280291,-0.0546480276418921));
#1314=CARTESIAN_POINT('',(0.00109813188473436,0.0570959545216231,-0.0545542290495587));
#1315=CARTESIAN_POINT('',(7.82722321786009E-8,0.0575522519574497,-0.0545223750750882));
#1316=CARTESIAN_POINT('',(-0.00109981185659891,0.0570950375373655,-0.0545542902968758));
#1317=CARTESIAN_POINT('',(-0.00155032580583854,0.055997480667723,-0.0546482714459705));
#1318=CARTESIAN_POINT('',(-0.00109887957370988,0.0549055625329694,-0.0547658947105021));
#1319=CARTESIAN_POINT('',(-7.74440583964511E-7,0.054447501892918,-0.0548223267223734));
#1320=CARTESIAN_POINT('',(0.00109862008149879,0.0549044305662605,-0.0547660151033344));
#1321=CARTESIAN_POINT('',(0.00155081200844172,0.0559999037280291,-0.0546480276418921));
#1322=CARTESIAN_POINT('',(0.00109813188473436,0.0570959545216231,-0.0545542290495587));
#1323=CARTESIAN_POINT('',(0.00140000000000001,0.056,-0.0546520591200769));
#1324=CARTESIAN_POINT('',(0.0010998023494394,0.0549057754927451,0.0547658620623753));
#1325=CARTESIAN_POINT('',(-2.4157584033009E-7,0.0544471939483476,0.054822361880377));
#1326=CARTESIAN_POINT('',(-0.00109883604607808,0.0549054487138647,0.0547659071997659));
#1327=CARTESIAN_POINT('',(-0.00155024706045152,0.0559974564379202,0.0546482752830381));
#1328=CARTESIAN_POINT('',(-0.00110016963455288,0.0570946209305043,0.0545543231071972));
#1329=CARTESIAN_POINT('',(-2.00200161108277E-7,0.0575523059320002,0.0545223713555706));
#1330=CARTESIAN_POINT('',(0.0010980783994669,0.0570961548436457,0.0545542111456902));
#1331=CARTESIAN_POINT('',(0.00155052979039879,0.0559998239671245,0.0546480407514148));
#1332=CARTESIAN_POINT('',(0.0010998023494394,0.0549057754927451,0.0547658620623753));
#1333=CARTESIAN_POINT('',(-2.4157584033009E-7,0.0544471939483476,0.054822361880377));
#1334=CARTESIAN_POINT('',(-0.00109883604607808,0.0549054487138647,0.0547659071997659));
#1335=CARTESIAN_POINT('',(0.,0.0546,0.0548035361306082));
#1336=CARTESIAN_POINT('',(0.0015,0.015,0.05115));
#1337=CARTESIAN_POINT('',(-0.0015,0.015,0.05115));
#1338=CARTESIAN_POINT('',(0.0015,0.0158927194787581,0.05115));
#1339=CARTESIAN_POINT('',(-0.0015,0.0158927194787581,0.05115));
#1340=CARTESIAN_POINT('',(0.0015,0.0226118795512469,0.0509468024236548));
#1341=CARTESIAN_POINT('',(-0.0015,0.0226118795512469,0.0509468024236548));
#1342=CARTESIAN_POINT('',(0.0015,0.0433549383672266,0.0496519117873261));
#1343=CARTESIAN_POINT('',(-0.0015,0.0433549383672266,0.0496519117873261));
#1344=CARTESIAN_POINT('',(0.0015,0.0660804812779215,0.0474308095330186));
#1345=CARTESIAN_POINT('',(-0.0015,0.0660804812779215,0.0474308095330186));
#1346=CARTESIAN_POINT('',(0.0015,0.0854561413669706,0.044778256241582));
#1347=CARTESIAN_POINT('',(-0.0015,0.0854561413669706,0.044778256241582));
#1348=CARTESIAN_POINT('',(0.0015,0.100068812566248,0.0423040210633288));
#1349=CARTESIAN_POINT('',(-0.0015,0.100068812566248,0.0423040210633288));
#1350=CARTESIAN_POINT('',(0.0015,0.114243617871063,0.0392950747227233));
#1351=CARTESIAN_POINT('',(-0.0015,0.114243617871063,0.0392950747227233));
#1352=CARTESIAN_POINT('',(0.0015,0.127469814947571,0.0357126394383816));
#1353=CARTESIAN_POINT('',(-0.0015,0.127469814947571,0.0357126394383816));
#1354=CARTESIAN_POINT('',(0.0015,0.13947982708315,0.0318536447862483));
#1355=CARTESIAN_POINT('',(-0.0015,0.13947982708315,0.0318536447862483));
#1356=CARTESIAN_POINT('',(0.0015,0.15350540954163,0.0267224763907639));
#1357=CARTESIAN_POINT('',(-0.0015,0.15350540954163,0.0267224763907639));
#1358=CARTESIAN_POINT('',(0.0015,0.166628351409319,0.0210593952383155));
#1359=CARTESIAN_POINT('',(-0.0015,0.166628351409319,0.0210593952383155));
#1360=CARTESIAN_POINT('',(0.0015,0.17096671381984,0.0188721537981516));
#1361=CARTESIAN_POINT('',(-0.0015,0.17096671381984,0.0188721537981516));
#1362=CARTESIAN_POINT('',(0.0015,0.171231707424389,0.01875));
#1363=CARTESIAN_POINT('',(-0.0015,0.171231707424389,0.01875));
#1364=CARTESIAN_POINT('',(-0.0015,0.015,0.05115));
#1365=CARTESIAN_POINT('',(-0.0015,0.019,0.05115));
#1366=CARTESIAN_POINT('',(-0.0015,0.114567613004176,0.0475080563942293));
#1367=CARTESIAN_POINT('',(-0.0015,0.17029911300718,0.0191798969795542));
#1368=CARTESIAN_POINT('',(-0.0015,0.171231707424389,0.01875));
#1369=CARTESIAN_POINT('',(-0.0015,0.015,0.05115));
#1370=CARTESIAN_POINT('',(-0.0015,0.171231707424389,0.01875));
#1371=CARTESIAN_POINT('',(0.0015,0.171231707424389,0.01875));
#1372=CARTESIAN_POINT('',(0.0015,0.171231707424389,0.01875));
#1373=CARTESIAN_POINT('',(0.0015,0.015,0.05115));
#1374=CARTESIAN_POINT('',(0.0015,0.019,0.05115));
#1375=CARTESIAN_POINT('',(0.0015,0.114567613004176,0.0475080563942293));
#1376=CARTESIAN_POINT('',(0.0015,0.17029911300718,0.0191798969795542));
#1377=CARTESIAN_POINT('',(0.0015,0.171231707424389,0.01875));
#1378=CARTESIAN_POINT('',(0.0015,0.015,0.05115));
#1379=CARTESIAN_POINT('',(0.0015,0.015,0.05115));
#1380=CARTESIAN_POINT('',(-0.00109827622415513,0.0549036577181206,0.0484808258330007));
#1381=CARTESIAN_POINT('',(-0.00155075263325747,0.0560003525864564,0.0483727266849371));
#1382=CARTESIAN_POINT('',(-0.001098713242815,0.0570949319360537,0.0482625905323074));
#1383=CARTESIAN_POINT('',(-1.39196487747095E-6,0.0575523070394878,0.0482158997607186));
#1384=CARTESIAN_POINT('',(0.00109860771721188,0.0570958379900842,0.0482624991058031));
#1385=CARTESIAN_POINT('',(0.00155026523353229,0.0560004285946393,0.0483727182382455));
#1386=CARTESIAN_POINT('',(0.00110033032185795,0.0549066009745843,0.0484805374008708));
#1387=CARTESIAN_POINT('',(2.04401727465285E-6,0.0544474368842099,0.0485251375396533));
#1388=CARTESIAN_POINT('',(-0.00109827622415513,0.0549036577181206,0.0484808258330007));
#1389=CARTESIAN_POINT('',(-0.00155075263325747,0.0560003525864564,0.0483727266849371));
#1390=CARTESIAN_POINT('',(-0.001098713242815,0.0570949319360537,0.0482625905323074));
#1391=CARTESIAN_POINT('',(-0.0014,0.056,0.0483723871841761));
#1392=CARTESIAN_POINT('',(0.05115,0.015,-0.0015));
#1393=CARTESIAN_POINT('',(0.05115,0.015,0.0015));
#1394=CARTESIAN_POINT('',(0.05115,0.0158927194787581,-0.0015));
#1395=CARTESIAN_POINT('',(0.05115,0.0158927194787581,0.0015));
#1396=CARTESIAN_POINT('',(0.0509468024236548,0.0226118795512469,-0.0015));
#1397=CARTESIAN_POINT('',(0.0509468024236548,0.0226118795512469,0.0015));
#1398=CARTESIAN_POINT('',(0.0496519117873261,0.0433549383672266,-0.0015));
#1399=CARTESIAN_POINT('',(0.0496519117873261,0.0433549383672266,0.0015));
#1400=CARTESIAN_POINT('',(0.0474308095330186,0.0660804812779215,-0.0015));
#1401=CARTESIAN_POINT('',(0.0474308095330186,0.0660804812779215,0.0015));
#1402=CARTESIAN_POINT('',(0.044778256241582,0.0854561413669706,-0.0015));
#1403=CARTESIAN_POINT('',(0.044778256241582,0.0854561413669706,0.0015));
#1404=CARTESIAN_POINT('',(0.0423040210633288,0.100068812566248,-0.0015));
#1405=CARTESIAN_POINT('',(0.0423040210633288,0.100068812566248,0.0015));
#1406=CARTESIAN_POINT('',(0.0392950747227233,0.114243617871063,-0.0015));
#1407=CARTESIAN_POINT('',(0.0392950747227233,0.114243617871063,0.0015));
#1408=CARTESIAN_POINT('',(0.0357126394383816,0.127469814947571,-0.0015));
#1409=CARTESIAN_POINT('',(0.0357126394383816,0.127469814947571,0.0015));
#1410=CARTESIAN_POINT('',(0.0318536447862483,0.13947982708315,-0.0015));
#1411=CARTESIAN_POINT('',(0.0318536447862483,0.13947982708315,0.0015));
#1412=CARTESIAN_POINT('',(0.0267224763907639,0.15350540954163,-0.0015));
#1413=CARTESIAN_POINT('',(0.0267224763907639,0.15350540954163,0.0015));
#1414=CARTESIAN_POINT('',(0.0210593952383155,0.166628351409319,-0.0015));
#1415=CARTESIAN_POINT('',(0.0210593952383155,0.166628351409319,0.0015));
#1416=CARTESIAN_POINT('',(0.0188721537981516,0.17096671381984,-0.0015));
#1417=CARTESIAN_POINT('',(0.0188721537981516,0.17096671381984,0.0015));
#1418=CARTESIAN_POINT('',(0.01875,0.171231707424389,-0.0015));
#1419=CARTESIAN_POINT('',(0.01875,0.171231707424389,0.0015));
#1420=CARTESIAN_POINT('',(0.05115,0.015,0.0015));
#1421=CARTESIAN_POINT('',(0.05115,0.019,0.0015));
#1422=CARTESIAN_POINT('',(0.0475080563942293,0.114567613004176,0.0015));
#1423=CARTESIAN_POINT('',(0.0191798969795542,0.17029911300718,0.0015));
#1424=CARTESIAN_POINT('',(0.01875,0.171231707424389,0.0015));
#1425=CARTESIAN_POINT('',(0.05115,0.015,0.0015));
#1426=CARTESIAN_POINT('',(0.01875,0.171231707424389,0.0015));
#1427=CARTESIAN_POINT('',(0.01875,0.171231707424389,-0.0015));
#1428=CARTESIAN_POINT('',(0.01875,0.171231707424389,-0.0015));
#1429=CARTESIAN_POINT('',(0.05115,0.015,-0.0015));
#1430=CARTESIAN_POINT('',(0.05115,0.019,-0.0015));
#1431=CARTESIAN_POINT('',(0.0475080563942293,0.114567613004176,-0.0015));
#1432=CARTESIAN_POINT('',(0.0191798969795542,0.17029911300718,-0.0015));
#1433=CARTESIAN_POINT('',(0.01875,0.171231707424389,-0.0015));
#1434=CARTESIAN_POINT('',(0.05115,0.015,-0.0015));
#1435=CARTESIAN_POINT('',(0.05115,0.015,-0.0015));
#1436=CARTESIAN_POINT('',(0.0484808258330007,0.0549036577181206,0.00109827622415514));
#1437=CARTESIAN_POINT('',(0.0483727266849371,0.0560003525864564,0.00155075263325746));
#1438=CARTESIAN_POINT('',(0.0482625905323074,0.0570949319360537,0.001098713242815));
#1439=CARTESIAN_POINT('',(0.0482158997607186,0.0575523070394878,1.39196487747461E-6));
#1440=CARTESIAN_POINT('',(0.0482624991058031,0.0570958379900842,-0.00109860771721188));
#1441=CARTESIAN_POINT('',(0.0483727182382455,0.0560004285946393,-0.00155026523353228));
#1442=CARTESIAN_POINT('',(0.0484805374008708,0.0549066009745843,-0.00110033032185794));
#1443=CARTESIAN_POINT('',(0.0485251375396532,0.0544474368842099,-2.04401727464855E-6));
#1444=CARTESIAN_POINT('',(0.0484808258330007,0.0549036577181206,0.00109827622415514));
#1445=CARTESIAN_POINT('',(0.0483727266849371,0.0560003525864564,0.00155075263325746));
#1446=CARTESIAN_POINT('',(0.0482625905323074,0.0570949319360537,0.001098713242815));
#1447=CARTESIAN_POINT('',(0.0483723871841761,0.056,0.0014));
#1448=CARTESIAN_POINT('',(-0.0015,0.015,-0.05115));
#1449=CARTESIAN_POINT('',(0.0015,0.015,-0.05115));
#1450=CARTESIAN_POINT('',(-0.0015,0.0158927194787581,-0.05115));
#1451=CARTESIAN_POINT('',(0.0015,0.0158927194787581,-0.05115));
#1452=CARTESIAN_POINT('',(-0.0015,0.0226118795512469,-0.0509468024236548));
#1453=CARTESIAN_POINT('',(0.0015,0.0226118795512469,-0.0509468024236548));
#1454=CARTESIAN_POINT('',(-0.0015,0.0433549383672266,-0.0496519117873261));
#1455=CARTESIAN_POINT('',(0.0015,0.0433549383672266,-0.0496519117873261));
#1456=CARTESIAN_POINT('',(-0.0015,0.0660804812779215,-0.0474308095330186));
#1457=CARTESIAN_POINT('',(0.0015,0.0660804812779215,-0.0474308095330186));
#1458=CARTESIAN_POINT('',(-0.0015,0.0854561413669706,-0.044778256241582));
#1459=CARTESIAN_POINT('',(0.0015,0.0854561413669706,-0.044778256241582));
#1460=CARTESIAN_POINT('',(-0.0015,0.100068812566248,-0.0423040210633288));
#1461=CARTESIAN_POINT('',(0.0015,0.100068812566248,-0.0423040210633288));
#1462=CARTESIAN_POINT('',(-0.0015,0.114243617871063,-0.0392950747227233));
#1463=CARTESIAN_POINT('',(0.0015,0.114243617871063,-0.0392950747227233));
#1464=CARTESIAN_POINT('',(-0.0015,0.127469814947571,-0.0357126394383816));
#1465=CARTESIAN_POINT('',(0.0015,0.127469814947571,-0.0357126394383816));
#1466=CARTESIAN_POINT('',(-0.0015,0.13947982708315,-0.0318536447862483));
#1467=CARTESIAN_POINT('',(0.0015,0.13947982708315,-0.0318536447862483));
#1468=CARTESIAN_POINT('',(-0.0015,0.15350540954163,-0.0267224763907639));
#1469=CARTESIAN_POINT('',(0.0015,0.15350540954163,-0.0267224763907639));
#1470=CARTESIAN_POINT('',(-0.0015,0.166628351409319,-0.0210593952383155));
#1471=CARTESIAN_POINT('',(0.0015,0.166628351409319,-0.0210593952383155));
#1472=CARTESIAN_POINT('',(-0.0015,0.17096671381984,-0.0188721537981516));
#1473=CARTESIAN_POINT('',(0.0015,0.17096671381984,-0.0188721537981516));
#1474=CARTESIAN_POINT('',(-0.0015,0.171231707424389,-0.01875));
#1475=CARTESIAN_POINT('',(0.0015,0.171231707424389,-0.01875));
#1476=CARTESIAN_POINT('',(0.0015,0.015,-0.05115));
#1477=CARTESIAN_POINT('',(0.0015,0.019,-0.05115));
#1478=CARTESIAN_POINT('',(0.0015,0.114567613004176,-0.0475080563942293));
#1479=CARTESIAN_POINT('',(0.0015,0.17029911300718,-0.0191798969795542));
#1480=CARTESIAN_POINT('',(0.0015,0.171231707424389,-0.01875));
#1481=CARTESIAN_POINT('',(0.0015,0.015,-0.05115));
#1482=CARTESIAN_POINT('',(0.0015,0.171231707424389,-0.01875));
#1483=CARTESIAN_POINT('',(-0.0015,0.171231707424389,-0.01875));
#1484=CARTESIAN_POINT('',(-0.0015,0.171231707424389,-0.01875));
#1485=CARTESIAN_POINT('',(-0.0015,0.015,-0.05115));
#1486=CARTESIAN_POINT('',(-0.0015,0.019,-0.05115));
#1487=CARTESIAN_POINT('',(-0.0015,0.114567613004176,-0.0475080563942293));
#1488=CARTESIAN_POINT('',(-0.0015,0.17029911300718,-0.0191798969795542));
#1489=CARTESIAN_POINT('',(-0.0015,0.171231707424389,-0.01875));
#1490=CARTESIAN_POINT('',(-0.0015,0.015,-0.05115));
#1491=CARTESIAN_POINT('',(-0.0015,0.015,-0.05115));
#1492=CARTESIAN_POINT('',(0.00109827622415514,0.0549036577181206,-0.0484808258330007));
#1493=CARTESIAN_POINT('',(0.00155075263325746,0.0560003525864564,-0.0483727266849371));
#1494=CARTESIAN_POINT('',(0.00109871324281501,0.0570949319360537,-0.0482625905323075));
#1495=CARTESIAN_POINT('',(1.39196487747862E-6,0.0575523070394878,-0.0482158997607186));
#1496=CARTESIAN_POINT('',(-0.00109860771721187,0.0570958379900842,-0.0482624991058031));
#1497=CARTESIAN_POINT('',(-0.00155026523353228,0.0560004285946393,-0.0483727182382455));
#1498=CARTESIAN_POINT('',(-0.00110033032185794,0.0549066009745842,-0.0484805374008708));
#1499=CARTESIAN_POINT('',(-2.04401727463978E-6,0.05444743688421,-0.0485251375396533));
#1500=CARTESIAN_POINT('',(0.00109827622415514,0.0549036577181206,-0.0484808258330007));
#1501=CARTESIAN_POINT('',(0.00155075263325746,0.0560003525864564,-0.0483727266849371));
#1502=CARTESIAN_POINT('',(0.00109871324281501,0.0570949319360537,-0.0482625905323075));
#1503=CARTESIAN_POINT('',(0.0014,0.056,-0.0483723871841761));
#1504=CARTESIAN_POINT('',(-0.05115,0.015,0.0015));
#1505=CARTESIAN_POINT('',(-0.05115,0.015,-0.0015));
#1506=CARTESIAN_POINT('',(-0.05115,0.0158927194787581,0.0015));
#1507=CARTESIAN_POINT('',(-0.05115,0.0158927194787581,-0.0015));
#1508=CARTESIAN_POINT('',(-0.0509468024236548,0.0226118795512469,0.0015));
#1509=CARTESIAN_POINT('',(-0.0509468024236548,0.0226118795512469,-0.0015));
#1510=CARTESIAN_POINT('',(-0.0496519117873261,0.0433549383672266,0.0015));
#1511=CARTESIAN_POINT('',(-0.0496519117873261,0.0433549383672266,-0.0015));
#1512=CARTESIAN_POINT('',(-0.0474308095330186,0.0660804812779215,0.0015));
#1513=CARTESIAN_POINT('',(-0.0474308095330186,0.0660804812779215,-0.0015));
#1514=CARTESIAN_POINT('',(-0.044778256241582,0.0854561413669706,0.0015));
#1515=CARTESIAN_POINT('',(-0.044778256241582,0.0854561413669706,-0.0015));
#1516=CARTESIAN_POINT('',(-0.0423040210633288,0.100068812566248,0.0015));
#1517=CARTESIAN_POINT('',(-0.0423040210633288,0.100068812566248,-0.0015));
#1518=CARTESIAN_POINT('',(-0.0392950747227233,0.114243617871063,0.0015));
#1519=CARTESIAN_POINT('',(-0.0392950747227233,0.114243617871063,-0.0015));
#1520=CARTESIAN_POINT('',(-0.0357126394383816,0.127469814947571,0.0015));
#1521=CARTESIAN_POINT('',(-0.0357126394383816,0.127469814947571,-0.0015));
#1522=CARTESIAN_POINT('',(-0.0318536447862483,0.13947982708315,0.0015));
#1523=CARTESIAN_POINT('',(-0.0318536447862483,0.13947982708315,-0.0015));
#1524=CARTESIAN_POINT('',(-0.0267224763907639,0.15350540954163,0.0015));
#1525=CARTESIAN_POINT('',(-0.0267224763907639,0.15350540954163,-0.0015));
#1526=CARTESIAN_POINT('',(-0.0210593952383155,0.166628351409319,0.0015));
#1527=CARTESIAN_POINT('',(-0.0210593952383155,0.166628351409319,-0.0015));
#1528=CARTESIAN_POINT('',(-0.0188721537981516,0.17096671381984,0.0015));
#1529=CARTESIAN_POINT('',(-0.0188721537981516,0.17096671381984,-0.0015));
#1530=CARTESIAN_POINT('',(-0.01875,0.171231707424389,0.0015));
#1531=CARTESIAN_POINT('',(-0.01875,0.171231707424389,-0.0015));
#1532=CARTESIAN_POINT('',(-0.05115,0.015,-0.0015));
#1533=CARTESIAN_POINT('',(-0.05115,0.019,-0.0015));
#1534=CARTESIAN_POINT('',(-0.0475080563942293,0.114567613004176,-0.0015));
#1535=CARTESIAN_POINT('',(-0.0191798969795542,0.17029911300718,-0.0015));
#1536=CARTESIAN_POINT('',(-0.01875,0.171231707424389,-0.0015));
#1537=CARTESIAN_POINT('',(-0.05115,0.015,-0.0015));
#1538=CARTESIAN_POINT('',(-0.01875,0.171231707424389,-0.0015));
#1539=CARTESIAN_POINT('',(-0.01875,0.171231707424389,0.0015));
#1540=CARTESIAN_POINT('',(-0.01875,0.171231707424389,0.0015));
#1541=CARTESIAN_POINT('',(-0.05115,0.015,0.0015));
#1542=CARTESIAN_POINT('',(-0.05115,0.019,0.0015));
#1543=CARTESIAN_POINT('',(-0.0475080563942293,0.114567613004176,0.0015));
#1544=CARTESIAN_POINT('',(-0.0191798969795542,0.17029911300718,0.0015));
#1545=CARTESIAN_POINT('',(-0.01875,0.171231707424389,0.0015));
#1546=CARTESIAN_POINT('',(-0.05115,0.015,0.0015));
#1547=CARTESIAN_POINT('',(-0.05115,0.015,0.0015));
#1548=CARTESIAN_POINT('',(-0.0484808258330007,0.0549036577181206,-0.00109827622415515));
#1549=CARTESIAN_POINT('',(-0.0483727266849371,0.0560003525864564,-0.00155075263325746));
#1550=CARTESIAN_POINT('',(-0.0482625905323074,0.0570949319360537,-0.00109871324281501));
#1551=CARTESIAN_POINT('',(-0.0482158997607187,0.0575523070394878,-1.39196487747963E-6));
#1552=CARTESIAN_POINT('',(-0.0482624991058031,0.0570958379900842,0.00109860771721187));
#1553=CARTESIAN_POINT('',(-0.0483727182382455,0.0560004285946393,0.00155026523353228));
#1554=CARTESIAN_POINT('',(-0.0484805374008708,0.0549066009745843,0.00110033032185794));
#1555=CARTESIAN_POINT('',(-0.0485251375396532,0.0544474368842099,2.04401727464686E-6));
#1556=CARTESIAN_POINT('',(-0.0484808258330007,0.0549036577181206,-0.00109827622415515));
#1557=CARTESIAN_POINT('',(-0.0483727266849371,0.0560003525864564,-0.00155075263325746));
#1558=CARTESIAN_POINT('',(-0.0482625905323074,0.0570949319360537,-0.00109871324281501));
#1559=CARTESIAN_POINT('',(-0.0483723871841761,0.056,-0.0014));
#1560=CARTESIAN_POINT('',(-0.0131956271270229,0.181771513266119,0.013320582747184));
#1561=CARTESIAN_POINT('',(-0.0168209886256414,0.181771513266119,0.00972922946749757));
#1562=CARTESIAN_POINT('',(-0.0187738392556403,0.181771513266119,0.00501463099126527));
#1563=CARTESIAN_POINT('',(-0.0187497918134174,0.181771513266119,-8.83569663632545E-5));
#1564=CARTESIAN_POINT('',(-0.0132788920167062,0.181514851271192,0.0134046361113996));
#1565=CARTESIAN_POINT('',(-0.016927129678946,0.181514851271192,0.00979062126119684));
#1566=CARTESIAN_POINT('',(-0.0188923028678283,0.181514851271192,0.00504627349618534));
#1567=CARTESIAN_POINT('',(-0.0188681036853657,0.181514851271192,-8.89145020518713E-5));
#1568=CARTESIAN_POINT('',(-0.0150388178944385,0.176710775056183,0.015181227557761));
#1569=CARTESIAN_POINT('',(-0.0191705769123618,0.176710775056183,0.0110882270926907));
#1570=CARTESIAN_POINT('',(-0.0213962055025673,0.176710775056183,0.00571508436541128));
#1571=CARTESIAN_POINT('',(-0.0213687990670159,0.176710775056183,-0.000100698838641843));
#1572=CARTESIAN_POINT('',(-0.0196589894327361,0.16222477718833,0.0198451496805712));
#1573=CARTESIAN_POINT('',(-0.0250600925940427,0.16222477718833,0.0144947123353091));
#1574=CARTESIAN_POINT('',(-0.0279694707940558,0.16222477718833,0.00747085202676501));
#1575=CARTESIAN_POINT('',(-0.0279336446519563,0.16222477718833,-0.000131635173631619));
#1576=CARTESIAN_POINT('',(-0.0238704097847341,0.146895749531121,0.0240964499592129));
#1577=CARTESIAN_POINT('',(-0.0304285569464252,0.146895749531121,0.0175998224293015));
#1578=CARTESIAN_POINT('',(-0.0339611927459764,0.146895749531121,0.0090712851711001));
#1579=CARTESIAN_POINT('',(-0.033917691797169,0.146895749531121,-0.000159834540194585));
#1580=CARTESIAN_POINT('',(-0.0270502110170116,0.133864445980746,0.0273063622298779));
#1581=CARTESIAN_POINT('',(-0.0344819755407112,0.133864445980746,0.0199443124298187));
#1582=CARTESIAN_POINT('',(-0.0384851972987735,0.133864445980746,0.0102796801683176));
#1583=CARTESIAN_POINT('',(-0.0384359015449388,0.133864445980746,-0.000181126259626904));
#1584=CARTESIAN_POINT('',(-0.0300249149008888,0.119641082970255,0.030309234988567));
#1585=CARTESIAN_POINT('',(-0.0382739484203389,0.119641082970255,0.0221375827007579));
#1586=CARTESIAN_POINT('',(-0.0427174033175897,0.119641082970255,0.0114101336240219));
#1587=CARTESIAN_POINT('',(-0.0426626865239598,0.119641082970255,-0.000201044662024787));
#1588=CARTESIAN_POINT('',(-0.0325297544360112,0.104541837435508,0.0328377940312582));
#1589=CARTESIAN_POINT('',(-0.0414669666015714,0.104541837435508,0.0239844186549626));
#1590=CARTESIAN_POINT('',(-0.0462811183529485,0.104541837435508,0.0123620282054661));
#1591=CARTESIAN_POINT('',(-0.0462218367907465,0.104541837435508,-0.000217816886673119));
#1592=CARTESIAN_POINT('',(-0.0345309494476052,0.0890409280100134,0.0348579393027626));
#1593=CARTESIAN_POINT('',(-0.0440179691574696,0.0890409280100134,0.0254599139299949));
#1594=CARTESIAN_POINT('',(-0.0491282822736323,0.0890409280100134,0.0131225266969818));
#1595=CARTESIAN_POINT('',(-0.049065353774384,0.0890409280100134,-0.000231216743960965));
#1596=CARTESIAN_POINT('',(-0.0366233748101662,0.06856607731332,0.036970178828478));
#1597=CARTESIAN_POINT('',(-0.0466852666557115,0.06856607731332,0.0270026739898239));
#1598=CARTESIAN_POINT('',(-0.0521052425221299,0.06856607731332,0.0139176947453817));
#1599=CARTESIAN_POINT('',(-0.0520385008295013,0.06856607731332,-0.000245227473090987));
#1600=CARTESIAN_POINT('',(-0.0382760387785093,0.0446577002445374,0.0386384926518142));
#1601=CARTESIAN_POINT('',(-0.0487919828841942,0.0446577002445374,0.0282211948547964));
#1602=CARTESIAN_POINT('',(-0.0544565402199651,0.0446577002445374,0.0145457437099382));
#1603=CARTESIAN_POINT('',(-0.0543867867461676,0.0446577002445374,-0.000256293591681264));
#1604=CARTESIAN_POINT('',(-0.0391358568586074,0.0229280504731497,0.0395064527550531));
#1605=CARTESIAN_POINT('',(-0.0498880270514194,0.0229280504731497,0.0288551448233013));
#1606=CARTESIAN_POINT('',(-0.0556798308047528,0.0229280504731497,0.0148724936514003));
#1607=CARTESIAN_POINT('',(-0.0556085104159914,0.0229280504731497,-0.000262050871456629));
#1608=CARTESIAN_POINT('',(-0.0392349979910149,0.0159223700678556,0.0396065327016271));
#1609=CARTESIAN_POINT('',(-0.0500144061802403,0.0159223700678556,0.0289282422833595));
#1610=CARTESIAN_POINT('',(-0.0558208820534372,0.0159223700678556,0.0149101694806954));
#1611=CARTESIAN_POINT('',(-0.0557493809918945,0.0159223700678556,-0.00026271471332007));
#1612=CARTESIAN_POINT('',(-0.0392349979910149,0.015,0.0396065327016271));
#1613=CARTESIAN_POINT('',(-0.0500144061802403,0.015,0.0289282422833595));
#1614=CARTESIAN_POINT('',(-0.0558208820534372,0.015,0.0149101694806954));
#1615=CARTESIAN_POINT('',(-0.0557493809918945,0.015,-0.00026271471332007));
#1616=CARTESIAN_POINT('',(0.,0.181771513266119,0.));
#1617=CARTESIAN_POINT('',(-0.0132582521472478,0.181771513266119,0.0132582521472478));
#1618=CARTESIAN_POINT('',(-0.01875,0.181771513266119,-3.46944695195361E-18));
#1619=CARTESIAN_POINT('',(-0.0132582521472478,0.181771513266119,0.0132582521472478));
#1620=CARTESIAN_POINT('',(-0.0136118055378411,0.181771513266119,0.0129046987566544));
#1621=CARTESIAN_POINT('',(-0.0139653589284349,0.181728860366772,0.0125511453660606));
#1622=CARTESIAN_POINT('',(-0.0143189123190282,0.181648852118585,0.0121975919754674));
#1623=CARTESIAN_POINT('',(-0.0143189123190276,0.181648852118585,0.0121975919754679));
#1624=CARTESIAN_POINT('',(-0.0143189123190276,0.181648852118585,0.0121975919754679));
#1625=CARTESIAN_POINT('',(-0.0148873565091633,0.180040883384044,0.0127660361656036));
#1626=CARTESIAN_POINT('',(-0.01602660530179,0.176826431432145,0.0139052849582303));
#1627=CARTESIAN_POINT('',(-0.0181839345509184,0.170323656635043,0.0160626142073587));
#1628=CARTESIAN_POINT('',(-0.0217687428775054,0.158832390103184,0.0196474225339457));
#1629=CARTESIAN_POINT('',(-0.0263572322428127,0.14206045293423,0.024235911899253));
#1630=CARTESIAN_POINT('',(-0.0309492082705565,0.121540079666014,0.0288278879269968));
#1631=CARTESIAN_POINT('',(-0.0343613907118735,0.100614847001097,0.0322400703683138));
#1632=CARTESIAN_POINT('',(-0.0368340449108139,0.0793237553657706,0.0347127245672542));
#1633=CARTESIAN_POINT('',(-0.0383339751615961,0.06152103245634,0.0362126548180364));
#1634=CARTESIAN_POINT('',(-0.039256218188878,0.0472407266953602,0.0371348978453183));
#1635=CARTESIAN_POINT('',(-0.0398137654763567,0.0365136092412659,0.037692445132797));
#1636=CARTESIAN_POINT('',(-0.0401753890241561,0.02756104570764,0.0380540686805965));
#1637=CARTESIAN_POINT('',(-0.0403747258489216,0.0203874614015467,0.0382534055053619));
#1638=CARTESIAN_POINT('',(-0.0404675916686624,0.0167997944081103,0.0383462713251028));
#1639=CARTESIAN_POINT('',(-0.0404675916686624,0.015,0.0383462713251028));
#1640=CARTESIAN_POINT('',(-0.0404675916686624,0.015,0.0383462713251028));
#1641=CARTESIAN_POINT('',(0.,0.015,0.));
#1642=CARTESIAN_POINT('',(-0.0557298169743989,0.015,0.0015));
#1643=CARTESIAN_POINT('',(-0.01875,0.181648852118585,0.0015));
#1644=CARTESIAN_POINT('',(-0.019553901483142,0.180040883384044,0.0015));
#1645=CARTESIAN_POINT('',(-0.0211650425765919,0.176826431432145,0.0015));
#1646=CARTESIAN_POINT('',(-0.0242159668592134,0.170323656635043,0.0015));
#1647=CARTESIAN_POINT('',(-0.0292856514131808,0.158832390103184,0.0015));
#1648=CARTESIAN_POINT('',(-0.0357747553044031,0.14206045293423,0.00149999999999999));
#1649=CARTESIAN_POINT('',(-0.0422687900809305,0.121540079666014,0.00149999999999999));
#1650=CARTESIAN_POINT('',(-0.0470943447667324,0.100614847001097,0.00149999999999999));
#1651=CARTESIAN_POINT('',(-0.0505912058699327,0.0793237553657705,0.0015));
#1652=CARTESIAN_POINT('',(-0.0527124275732025,0.0615210324563397,0.00150000000000002));
#1653=CARTESIAN_POINT('',(-0.0540166761701886,0.0472407266953603,0.00149999999999998));
#1654=CARTESIAN_POINT('',(-0.0548051671058054,0.0365136092412655,0.00149999999999999));
#1655=CARTESIAN_POINT('',(-0.0553165800315768,0.0275610457076401,0.00149999999999998));
#1656=CARTESIAN_POINT('',(-0.0555984848726404,0.0203874614015467,0.00149999999999999));
#1657=CARTESIAN_POINT('',(-0.0557298169743989,0.0167997944081103,0.0015));
#1658=CARTESIAN_POINT('',(-0.0557298169743989,0.015,0.0015));
#1659=CARTESIAN_POINT('',(-0.01875,0.181648852118585,0.0015));
#1660=CARTESIAN_POINT('',(-0.0187499999999988,0.18164885211859,0.0014999999999999));
#1661=CARTESIAN_POINT('',(-0.0187499999999988,0.181728860366778,0.000999999999999895));
#1662=CARTESIAN_POINT('',(-0.01875,0.181771513266119,0.000499999999999859));
#1663=CARTESIAN_POINT('',(-0.01875,0.181771513266119,-3.46944695195361E-18));
#1664=CARTESIAN_POINT('',(-0.0187497918134174,0.181771513266119,8.83569663632473E-5));
#1665=CARTESIAN_POINT('',(-0.0187738392556403,0.181771513266119,-0.00501463099126528));
#1666=CARTESIAN_POINT('',(-0.0168209886256414,0.181771513266119,-0.00972922946749758));
#1667=CARTESIAN_POINT('',(-0.0131956271270229,0.181771513266119,-0.013320582747184));
#1668=CARTESIAN_POINT('',(-0.0188681036853657,0.181514851271192,8.89145020518635E-5));
#1669=CARTESIAN_POINT('',(-0.0188923028678283,0.181514851271192,-0.00504627349618534));
#1670=CARTESIAN_POINT('',(-0.016927129678946,0.181514851271192,-0.00979062126119685));
#1671=CARTESIAN_POINT('',(-0.0132788920167062,0.181514851271192,-0.0134046361113997));
#1672=CARTESIAN_POINT('',(-0.0213687990670159,0.176710775056183,0.000100698838641835));
#1673=CARTESIAN_POINT('',(-0.0213962055025673,0.176710775056183,-0.00571508436541129));
#1674=CARTESIAN_POINT('',(-0.0191705769123618,0.176710775056183,-0.0110882270926907));
#1675=CARTESIAN_POINT('',(-0.0150388178944385,0.176710775056183,-0.015181227557761));
#1676=CARTESIAN_POINT('',(-0.0279336446519563,0.16222477718833,0.000131635173631614));
#1677=CARTESIAN_POINT('',(-0.0279694707940558,0.16222477718833,-0.00747085202676502));
#1678=CARTESIAN_POINT('',(-0.0250600925940427,0.16222477718833,-0.0144947123353091));
#1679=CARTESIAN_POINT('',(-0.0196589894327361,0.16222477718833,-0.0198451496805713));
#1680=CARTESIAN_POINT('',(-0.033917691797169,0.146895749531121,0.000159834540194568));
#1681=CARTESIAN_POINT('',(-0.0339611927459765,0.146895749531121,-0.00907128517110011));
#1682=CARTESIAN_POINT('',(-0.0304285569464252,0.146895749531121,-0.0175998224293015));
#1683=CARTESIAN_POINT('',(-0.0238704097847341,0.146895749531121,-0.024096449959213));
#1684=CARTESIAN_POINT('',(-0.0384359015449388,0.133864445980746,0.000181126259626893));
#1685=CARTESIAN_POINT('',(-0.0384851972987735,0.133864445980746,-0.0102796801683176));
#1686=CARTESIAN_POINT('',(-0.0344819755407112,0.133864445980746,-0.0199443124298187));
#1687=CARTESIAN_POINT('',(-0.0270502110170116,0.133864445980746,-0.0273063622298779));
#1688=CARTESIAN_POINT('',(-0.0426626865239598,0.119641082970255,0.000201044662024769));
#1689=CARTESIAN_POINT('',(-0.0427174033175897,0.119641082970255,-0.0114101336240219));
#1690=CARTESIAN_POINT('',(-0.0382739484203389,0.119641082970255,-0.0221375827007579));
#1691=CARTESIAN_POINT('',(-0.0300249149008888,0.119641082970255,-0.030309234988567));
#1692=CARTESIAN_POINT('',(-0.0462218367907465,0.104541837435508,0.000217816886673107));
#1693=CARTESIAN_POINT('',(-0.0462811183529485,0.104541837435508,-0.0123620282054661));
#1694=CARTESIAN_POINT('',(-0.0414669666015715,0.104541837435508,-0.0239844186549626));
#1695=CARTESIAN_POINT('',(-0.0325297544360112,0.104541837435508,-0.0328377940312582));
#1696=CARTESIAN_POINT('',(-0.049065353774384,0.0890409280100134,0.000231216743960952));
#1697=CARTESIAN_POINT('',(-0.0491282822736323,0.0890409280100134,-0.0131225266969818));
#1698=CARTESIAN_POINT('',(-0.0440179691574695,0.0890409280100134,-0.0254599139299949));
#1699=CARTESIAN_POINT('',(-0.0345309494476052,0.0890409280100134,-0.0348579393027626));
#1700=CARTESIAN_POINT('',(-0.0520385008295013,0.06856607731332,0.000245227473090967));
#1701=CARTESIAN_POINT('',(-0.05210524252213,0.06856607731332,-0.0139176947453817));
#1702=CARTESIAN_POINT('',(-0.0466852666557115,0.06856607731332,-0.027002673989824));
#1703=CARTESIAN_POINT('',(-0.0366233748101662,0.06856607731332,-0.036970178828478));
#1704=CARTESIAN_POINT('',(-0.0543867867461676,0.0446577002445374,0.000256293591681238));
#1705=CARTESIAN_POINT('',(-0.0544565402199651,0.0446577002445374,-0.0145457437099382));
#1706=CARTESIAN_POINT('',(-0.0487919828841942,0.0446577002445374,-0.0282211948547964));
#1707=CARTESIAN_POINT('',(-0.0382760387785093,0.0446577002445374,-0.0386384926518142));
#1708=CARTESIAN_POINT('',(-0.0556085104159914,0.0229280504731497,0.00026205087145661));
#1709=CARTESIAN_POINT('',(-0.0556798308047528,0.0229280504731497,-0.0148724936514003));
#1710=CARTESIAN_POINT('',(-0.0498880270514194,0.0229280504731497,-0.0288551448233013));
#1711=CARTESIAN_POINT('',(-0.0391358568586074,0.0229280504731497,-0.0395064527550531));
#1712=CARTESIAN_POINT('',(-0.0557493809918945,0.0159223700678556,0.000262714713320055));
#1713=CARTESIAN_POINT('',(-0.0558208820534372,0.0159223700678556,-0.0149101694806954));
#1714=CARTESIAN_POINT('',(-0.0500144061802403,0.0159223700678556,-0.0289282422833595));
#1715=CARTESIAN_POINT('',(-0.0392349979910149,0.0159223700678556,-0.0396065327016271));
#1716=CARTESIAN_POINT('',(-0.0557493809918945,0.015,0.000262714713320055));
#1717=CARTESIAN_POINT('',(-0.0558208820534372,0.015,-0.0149101694806954));
#1718=CARTESIAN_POINT('',(-0.0500144061802403,0.015,-0.0289282422833595));
#1719=CARTESIAN_POINT('',(-0.0392349979910149,0.015,-0.0396065327016271));
#1720=CARTESIAN_POINT('',(0.,0.181771513266119,0.));
#1721=CARTESIAN_POINT('',(-0.0132582521472478,0.181771513266119,-0.0132582521472478));
#1722=CARTESIAN_POINT('',(-0.01875,0.181771513266119,-6.93889390390723E-18));
#1723=CARTESIAN_POINT('',(-0.01875,0.181771513266119,-0.000500000000000081));
#1724=CARTESIAN_POINT('',(-0.01875,0.181728860366772,-0.00100000000000007));
#1725=CARTESIAN_POINT('',(-0.01875,0.181648852118585,-0.0015));
#1726=CARTESIAN_POINT('',(-0.01875,0.181648852118585,-0.0015));
#1727=CARTESIAN_POINT('',(-0.01875,0.181648852118585,-0.0015));
#1728=CARTESIAN_POINT('',(-0.019553901483142,0.180040883384044,-0.0015));
#1729=CARTESIAN_POINT('',(-0.0211650425765919,0.176826431432145,-0.0015));
#1730=CARTESIAN_POINT('',(-0.0242159668592134,0.170323656635043,-0.0015));
#1731=CARTESIAN_POINT('',(-0.0292856514131808,0.158832390103184,-0.00150000000000001));
#1732=CARTESIAN_POINT('',(-0.0357747553044031,0.14206045293423,-0.0015));
#1733=CARTESIAN_POINT('',(-0.0422687900809305,0.121540079666014,-0.00150000000000001));
#1734=CARTESIAN_POINT('',(-0.0470943447667324,0.100614847001097,-0.00150000000000002));
#1735=CARTESIAN_POINT('',(-0.0505912058699326,0.0793237553657705,-0.00149999999999999));
#1736=CARTESIAN_POINT('',(-0.0527124275732025,0.0615210324563399,-0.00150000000000002));
#1737=CARTESIAN_POINT('',(-0.0540166761701886,0.0472407266953603,-0.0015));
#1738=CARTESIAN_POINT('',(-0.0548051671058054,0.0365136092412656,-0.00149999999999999));
#1739=CARTESIAN_POINT('',(-0.0553165800315768,0.0275610457076402,-0.00149999999999999));
#1740=CARTESIAN_POINT('',(-0.0555984848726404,0.0203874614015467,-0.00150000000000002));
#1741=CARTESIAN_POINT('',(-0.0557298169743989,0.0167997944081103,-0.0015));
#1742=CARTESIAN_POINT('',(-0.0557298169743989,0.015,-0.0015));
#1743=CARTESIAN_POINT('',(-0.0557298169743989,0.015,-0.0015));
#1744=CARTESIAN_POINT('',(0.,0.015,0.));
#1745=CARTESIAN_POINT('',(-0.0404675916686624,0.015,-0.0383462713251028));
#1746=CARTESIAN_POINT('',(-0.0143189123190276,0.181648852118585,-0.0121975919754679));
#1747=CARTESIAN_POINT('',(-0.0148873565091633,0.180040883384044,-0.0127660361656036));
#1748=CARTESIAN_POINT('',(-0.0160266053017899,0.176826431432145,-0.0139052849582304));
#1749=CARTESIAN_POINT('',(-0.0181839345509184,0.170323656635043,-0.0160626142073587));
#1750=CARTESIAN_POINT('',(-0.0217687428775053,0.158832390103184,-0.0196474225339457));
#1751=CARTESIAN_POINT('',(-0.0263572322428127,0.14206045293423,-0.0242359118992531));
#1752=CARTESIAN_POINT('',(-0.0309492082705564,0.121540079666014,-0.0288278879269968));
#1753=CARTESIAN_POINT('',(-0.0343613907118735,0.100614847001097,-0.0322400703683139));
#1754=CARTESIAN_POINT('',(-0.0368340449108138,0.0793237553657705,-0.0347127245672542));
#1755=CARTESIAN_POINT('',(-0.038333975161596,0.0615210324563399,-0.0362126548180365));
#1756=CARTESIAN_POINT('',(-0.039256218188878,0.0472407266953603,-0.0371348978453184));
#1757=CARTESIAN_POINT('',(-0.0398137654763567,0.0365136092412656,-0.0376924451327971));
#1758=CARTESIAN_POINT('',(-0.0401753890241561,0.0275610457076401,-0.0380540686805965));
#1759=CARTESIAN_POINT('',(-0.0403747258489215,0.0203874614015467,-0.0382534055053619));
#1760=CARTESIAN_POINT('',(-0.0404675916686624,0.0167997944081103,-0.0383462713251028));
#1761=CARTESIAN_POINT('',(-0.0404675916686624,0.015,-0.0383462713251028));
#1762=CARTESIAN_POINT('',(-0.0143189123190276,0.181648852118585,-0.0121975919754679));
#1763=CARTESIAN_POINT('',(-0.0143189123190267,0.18164885211859,-0.0121975919754672));
#1764=CARTESIAN_POINT('',(-0.0139653589284334,0.181728860366778,-0.0125511453660605));
#1765=CARTESIAN_POINT('',(-0.0136118055378409,0.181771513266119,-0.0129046987566546));
#1766=CARTESIAN_POINT('',(-0.0132582521472478,0.181771513266119,-0.0132582521472478));
#1767=CARTESIAN_POINT('',(-0.013320582747184,0.181771513266119,-0.0131956271270229));
#1768=CARTESIAN_POINT('',(-0.00972922946749758,0.181771513266119,-0.0168209886256414));
#1769=CARTESIAN_POINT('',(-0.00501463099126527,0.181771513266119,-0.0187738392556403));
#1770=CARTESIAN_POINT('',(8.83569663632528E-5,0.181771513266119,-0.0187497918134174));
#1771=CARTESIAN_POINT('',(-0.0134046361113997,0.181514851271192,-0.0132788920167062));
#1772=CARTESIAN_POINT('',(-0.00979062126119685,0.181514851271192,-0.016927129678946));
#1773=CARTESIAN_POINT('',(-0.00504627349618534,0.181514851271192,-0.0188923028678283));
#1774=CARTESIAN_POINT('',(8.89145020518695E-5,0.181514851271192,-0.0188681036853657));
#1775=CARTESIAN_POINT('',(-0.015181227557761,0.176710775056183,-0.0150388178944385));
#1776=CARTESIAN_POINT('',(-0.0110882270926907,0.176710775056183,-0.0191705769123618));
#1777=CARTESIAN_POINT('',(-0.00571508436541129,0.176710775056183,-0.0213962055025673));
#1778=CARTESIAN_POINT('',(0.000100698838641843,0.176710775056183,-0.0213687990670159));
#1779=CARTESIAN_POINT('',(-0.0198451496805713,0.16222477718833,-0.0196589894327361));
#1780=CARTESIAN_POINT('',(-0.0144947123353091,0.16222477718833,-0.0250600925940427));
#1781=CARTESIAN_POINT('',(-0.00747085202676502,0.16222477718833,-0.0279694707940558));
#1782=CARTESIAN_POINT('',(0.000131635173631623,0.16222477718833,-0.0279336446519563));
#1783=CARTESIAN_POINT('',(-0.0240964499592129,0.146895749531121,-0.0238704097847341));
#1784=CARTESIAN_POINT('',(-0.0175998224293015,0.146895749531121,-0.0304285569464252));
#1785=CARTESIAN_POINT('',(-0.00907128517110011,0.146895749531121,-0.0339611927459764));
#1786=CARTESIAN_POINT('',(0.000159834540194574,0.146895749531121,-0.033917691797169));
#1787=CARTESIAN_POINT('',(-0.0273063622298779,0.133864445980746,-0.0270502110170116));
#1788=CARTESIAN_POINT('',(-0.0199443124298187,0.133864445980746,-0.0344819755407112));
#1789=CARTESIAN_POINT('',(-0.0102796801683176,0.133864445980746,-0.0384851972987735));
#1790=CARTESIAN_POINT('',(0.00018112625962691,0.133864445980746,-0.0384359015449388));
#1791=CARTESIAN_POINT('',(-0.030309234988567,0.119641082970255,-0.0300249149008888));
#1792=CARTESIAN_POINT('',(-0.0221375827007579,0.119641082970255,-0.0382739484203389));
#1793=CARTESIAN_POINT('',(-0.0114101336240219,0.119641082970255,-0.0427174033175897));
#1794=CARTESIAN_POINT('',(0.00020104466202478,0.119641082970255,-0.0426626865239598));
#1795=CARTESIAN_POINT('',(-0.0328377940312582,0.104541837435508,-0.0325297544360112));
#1796=CARTESIAN_POINT('',(-0.0239844186549626,0.104541837435508,-0.0414669666015715));
#1797=CARTESIAN_POINT('',(-0.0123620282054661,0.104541837435508,-0.0462811183529485));
#1798=CARTESIAN_POINT('',(0.000217816886673116,0.104541837435508,-0.0462218367907465));
#1799=CARTESIAN_POINT('',(-0.0348579393027626,0.0890409280100134,-0.0345309494476052));
#1800=CARTESIAN_POINT('',(-0.0254599139299949,0.0890409280100134,-0.0440179691574695));
#1801=CARTESIAN_POINT('',(-0.0131225266969818,0.0890409280100134,-0.0491282822736322));
#1802=CARTESIAN_POINT('',(0.000231216743960972,0.0890409280100134,-0.049065353774384));
#1803=CARTESIAN_POINT('',(-0.036970178828478,0.06856607731332,-0.0366233748101662));
#1804=CARTESIAN_POINT('',(-0.027002673989824,0.06856607731332,-0.0466852666557115));
#1805=CARTESIAN_POINT('',(-0.0139176947453817,0.06856607731332,-0.05210524252213));
#1806=CARTESIAN_POINT('',(0.000245227473090966,0.06856607731332,-0.0520385008295013));
#1807=CARTESIAN_POINT('',(-0.0386384926518142,0.0446577002445374,-0.0382760387785093));
#1808=CARTESIAN_POINT('',(-0.0282211948547964,0.0446577002445374,-0.0487919828841942));
#1809=CARTESIAN_POINT('',(-0.0145457437099382,0.0446577002445374,-0.0544565402199651));
#1810=CARTESIAN_POINT('',(0.000256293591681271,0.0446577002445374,-0.0543867867461676));
#1811=CARTESIAN_POINT('',(-0.0395064527550531,0.0229280504731497,-0.0391358568586074));
#1812=CARTESIAN_POINT('',(-0.0288551448233013,0.0229280504731497,-0.0498880270514194));
#1813=CARTESIAN_POINT('',(-0.0148724936514003,0.0229280504731497,-0.0556798308047528));
#1814=CARTESIAN_POINT('',(0.000262050871456629,0.0229280504731497,-0.0556085104159914));
#1815=CARTESIAN_POINT('',(-0.0396065327016271,0.0159223700678556,-0.0392349979910149));
#1816=CARTESIAN_POINT('',(-0.0289282422833595,0.0159223700678556,-0.0500144061802403));
#1817=CARTESIAN_POINT('',(-0.0149101694806954,0.0159223700678556,-0.0558208820534372));
#1818=CARTESIAN_POINT('',(0.00026271471332007,0.0159223700678556,-0.0557493809918945));
#1819=CARTESIAN_POINT('',(-0.0396065327016271,0.015,-0.0392349979910149));
#1820=CARTESIAN_POINT('',(-0.0289282422833595,0.015,-0.0500144061802403));
#1821=CARTESIAN_POINT('',(-0.0149101694806954,0.015,-0.0558208820534372));
#1822=CARTESIAN_POINT('',(0.00026271471332007,0.015,-0.0557493809918945));
#1823=CARTESIAN_POINT('',(0.,0.181771513266119,0.));
#1824=CARTESIAN_POINT('',(2.38524477946811E-18,0.181771513266119,-0.01875));
#1825=CARTESIAN_POINT('',(-0.0132582521472478,0.181771513266119,-0.0132582521472478));
#1826=CARTESIAN_POINT('',(-0.0129046987566544,0.181771513266119,-0.0136118055378411));
#1827=CARTESIAN_POINT('',(-0.0125511453660612,0.181728860366772,-0.0139653589284344));
#1828=CARTESIAN_POINT('',(-0.0121975919754679,0.181648852118585,-0.0143189123190276));
#1829=CARTESIAN_POINT('',(-0.0121975919754679,0.181648852118585,-0.0143189123190276));
#1830=CARTESIAN_POINT('',(-0.0121975919754679,0.181648852118585,-0.0143189123190276));
#1831=CARTESIAN_POINT('',(-0.0127660361656036,0.180040883384044,-0.0148873565091633));
#1832=CARTESIAN_POINT('',(-0.0139052849582304,0.176826431432145,-0.01602660530179));
#1833=CARTESIAN_POINT('',(-0.0160626142073587,0.170323656635043,-0.0181839345509183));
#1834=CARTESIAN_POINT('',(-0.0196474225339458,0.158832390103184,-0.0217687428775054));
#1835=CARTESIAN_POINT('',(-0.024235911899253,0.14206045293423,-0.0263572322428127));
#1836=CARTESIAN_POINT('',(-0.0288278879269968,0.121540079666014,-0.0309492082705564));
#1837=CARTESIAN_POINT('',(-0.0322400703683139,0.100614847001097,-0.0343613907118735));
#1838=CARTESIAN_POINT('',(-0.0347127245672543,0.0793237553657705,-0.0368340449108138));
#1839=CARTESIAN_POINT('',(-0.0362126548180364,0.0615210324563397,-0.0383339751615961));
#1840=CARTESIAN_POINT('',(-0.0371348978453184,0.0472407266953603,-0.039256218188878));
#1841=CARTESIAN_POINT('',(-0.0376924451327971,0.0365136092412655,-0.0398137654763566));
#1842=CARTESIAN_POINT('',(-0.0380540686805965,0.0275610457076401,-0.0401753890241561));
#1843=CARTESIAN_POINT('',(-0.0382534055053619,0.0203874614015467,-0.0403747258489215));
#1844=CARTESIAN_POINT('',(-0.0383462713251028,0.0167997944081103,-0.0404675916686624));
#1845=CARTESIAN_POINT('',(-0.0383462713251028,0.015,-0.0404675916686624));
#1846=CARTESIAN_POINT('',(-0.0383462713251028,0.015,-0.0404675916686624));
#1847=CARTESIAN_POINT('',(0.,0.015,0.));
#1848=CARTESIAN_POINT('',(-0.0015,0.015,-0.0557298169743989));
#1849=CARTESIAN_POINT('',(-0.0015,0.181648852118585,-0.01875));
#1850=CARTESIAN_POINT('',(-0.0015,0.180040883384044,-0.019553901483142));
#1851=CARTESIAN_POINT('',(-0.00149999999999999,0.176826431432144,-0.021165042576592));
#1852=CARTESIAN_POINT('',(-0.00150000000000001,0.170323656635043,-0.0242159668592134));
#1853=CARTESIAN_POINT('',(-0.0015,0.158832390103184,-0.0292856514131808));
#1854=CARTESIAN_POINT('',(-0.00149999999999997,0.142060452934231,-0.0357747553044031));
#1855=CARTESIAN_POINT('',(-0.00150000000000002,0.121540079666014,-0.0422687900809305));
#1856=CARTESIAN_POINT('',(-0.00150000000000002,0.100614847001097,-0.0470943447667324));
#1857=CARTESIAN_POINT('',(-0.00149999999999999,0.0793237553657706,-0.0505912058699326));
#1858=CARTESIAN_POINT('',(-0.00149999999999999,0.06152103245634,-0.0527124275732025));
#1859=CARTESIAN_POINT('',(-0.00149999999999999,0.0472407266953602,-0.0540166761701886));
#1860=CARTESIAN_POINT('',(-0.00149999999999999,0.0365136092412659,-0.0548051671058053));
#1861=CARTESIAN_POINT('',(-0.00149999999999999,0.02756104570764,-0.0553165800315768));
#1862=CARTESIAN_POINT('',(-0.00149999999999999,0.0203874614015467,-0.0555984848726404));
#1863=CARTESIAN_POINT('',(-0.0015,0.0167997944081103,-0.0557298169743989));
#1864=CARTESIAN_POINT('',(-0.0015,0.015,-0.0557298169743989));
#1865=CARTESIAN_POINT('',(-0.0015,0.181648852118585,-0.01875));
#1866=CARTESIAN_POINT('',(-0.0014999999999999,0.18164885211859,-0.0187499999999988));
#1867=CARTESIAN_POINT('',(-0.000999999999999896,0.181728860366778,-0.0187499999999988));
#1868=CARTESIAN_POINT('',(-0.000499999999999856,0.181771513266119,-0.01875));
#1869=CARTESIAN_POINT('',(6.03045993628739E-18,0.181771513266119,-0.01875));
#1870=CARTESIAN_POINT('',(-8.83569663632568E-5,0.181771513266119,-0.0187497918134174));
#1871=CARTESIAN_POINT('',(0.00501463099126527,0.181771513266119,-0.0187738392556403));
#1872=CARTESIAN_POINT('',(0.00972922946749757,0.181771513266119,-0.0168209886256414));
#1873=CARTESIAN_POINT('',(0.013320582747184,0.181771513266119,-0.0131956271270229));
#1874=CARTESIAN_POINT('',(-8.8914502051873E-5,0.181514851271192,-0.0188681036853657));
#1875=CARTESIAN_POINT('',(0.00504627349618534,0.181514851271192,-0.0188923028678283));
#1876=CARTESIAN_POINT('',(0.00979062126119685,0.181514851271192,-0.0169271296789461));
#1877=CARTESIAN_POINT('',(0.0134046361113997,0.181514851271192,-0.0132788920167062));
#1878=CARTESIAN_POINT('',(-0.000100698838641846,0.176710775056183,-0.0213687990670159));
#1879=CARTESIAN_POINT('',(0.00571508436541128,0.176710775056183,-0.0213962055025673));
#1880=CARTESIAN_POINT('',(0.0110882270926907,0.176710775056183,-0.0191705769123618));
#1881=CARTESIAN_POINT('',(0.015181227557761,0.176710775056183,-0.0150388178944385));
#1882=CARTESIAN_POINT('',(-0.000131635173631628,0.16222477718833,-0.0279336446519563));
#1883=CARTESIAN_POINT('',(0.00747085202676502,0.16222477718833,-0.0279694707940558));
#1884=CARTESIAN_POINT('',(0.0144947123353091,0.16222477718833,-0.0250600925940427));
#1885=CARTESIAN_POINT('',(0.0198451496805713,0.16222477718833,-0.0196589894327361));
#1886=CARTESIAN_POINT('',(-0.000159834540194585,0.146895749531121,-0.033917691797169));
#1887=CARTESIAN_POINT('',(0.0090712851711001,0.146895749531121,-0.0339611927459765));
#1888=CARTESIAN_POINT('',(0.0175998224293015,0.146895749531121,-0.0304285569464252));
#1889=CARTESIAN_POINT('',(0.024096449959213,0.146895749531121,-0.0238704097847341));
#1890=CARTESIAN_POINT('',(-0.000181126259626913,0.133864445980746,-0.0384359015449388));
#1891=CARTESIAN_POINT('',(0.0102796801683176,0.133864445980746,-0.0384851972987735));
#1892=CARTESIAN_POINT('',(0.0199443124298187,0.133864445980746,-0.0344819755407112));
#1893=CARTESIAN_POINT('',(0.0273063622298779,0.133864445980746,-0.0270502110170116));
#1894=CARTESIAN_POINT('',(-0.00020104466202479,0.119641082970255,-0.0426626865239598));
#1895=CARTESIAN_POINT('',(0.0114101336240219,0.119641082970255,-0.0427174033175897));
#1896=CARTESIAN_POINT('',(0.0221375827007579,0.119641082970255,-0.0382739484203389));
#1897=CARTESIAN_POINT('',(0.030309234988567,0.119641082970255,-0.0300249149008888));
#1898=CARTESIAN_POINT('',(-0.000217816886673131,0.104541837435508,-0.0462218367907465));
#1899=CARTESIAN_POINT('',(0.0123620282054661,0.104541837435508,-0.0462811183529485));
#1900=CARTESIAN_POINT('',(0.0239844186549626,0.104541837435508,-0.0414669666015715));
#1901=CARTESIAN_POINT('',(0.0328377940312582,0.104541837435508,-0.0325297544360112));
#1902=CARTESIAN_POINT('',(-0.000231216743960976,0.0890409280100134,-0.049065353774384));
#1903=CARTESIAN_POINT('',(0.0131225266969818,0.0890409280100134,-0.0491282822736323));
#1904=CARTESIAN_POINT('',(0.0254599139299949,0.0890409280100134,-0.0440179691574696));
#1905=CARTESIAN_POINT('',(0.0348579393027626,0.0890409280100134,-0.0345309494476052));
#1906=CARTESIAN_POINT('',(-0.000245227473090994,0.06856607731332,-0.0520385008295013));
#1907=CARTESIAN_POINT('',(0.0139176947453817,0.06856607731332,-0.05210524252213));
#1908=CARTESIAN_POINT('',(0.0270026739898239,0.06856607731332,-0.0466852666557115));
#1909=CARTESIAN_POINT('',(0.036970178828478,0.06856607731332,-0.0366233748101663));
#1910=CARTESIAN_POINT('',(-0.000256293591681266,0.0446577002445374,-0.0543867867461676));
#1911=CARTESIAN_POINT('',(0.0145457437099382,0.0446577002445374,-0.0544565402199651));
#1912=CARTESIAN_POINT('',(0.0282211948547964,0.0446577002445374,-0.0487919828841942));
#1913=CARTESIAN_POINT('',(0.0386384926518142,0.0446577002445374,-0.0382760387785093));
#1914=CARTESIAN_POINT('',(-0.000262050871456638,0.0229280504731497,-0.0556085104159914));
#1915=CARTESIAN_POINT('',(0.0148724936514003,0.0229280504731497,-0.0556798308047528));
#1916=CARTESIAN_POINT('',(0.0288551448233013,0.0229280504731497,-0.0498880270514194));
#1917=CARTESIAN_POINT('',(0.0395064527550531,0.0229280504731497,-0.0391358568586074));
#1918=CARTESIAN_POINT('',(-0.000262714713320084,0.0159223700678556,-0.0557493809918945));
#1919=CARTESIAN_POINT('',(0.0149101694806954,0.0159223700678556,-0.0558208820534372));
#1920=CARTESIAN_POINT('',(0.0289282422833595,0.0159223700678556,-0.0500144061802403));
#1921=CARTESIAN_POINT('',(0.0396065327016271,0.0159223700678556,-0.0392349979910149));
#1922=CARTESIAN_POINT('',(-0.000262714713320084,0.015,-0.0557493809918945));
#1923=CARTESIAN_POINT('',(0.0149101694806954,0.015,-0.0558208820534372));
#1924=CARTESIAN_POINT('',(0.0289282422833595,0.015,-0.0500144061802403));
#1925=CARTESIAN_POINT('',(0.0396065327016271,0.015,-0.0392349979910149));
#1926=CARTESIAN_POINT('',(0.,0.181771513266119,0.));
#1927=CARTESIAN_POINT('',(0.0132582521472478,0.181771513266119,-0.0132582521472478));
#1928=CARTESIAN_POINT('',(6.03045993628739E-18,0.181771513266119,-0.01875));
#1929=CARTESIAN_POINT('',(0.00050000000000008,0.181771513266119,-0.01875));
#1930=CARTESIAN_POINT('',(0.00100000000000007,0.181728860366772,-0.01875));
#1931=CARTESIAN_POINT('',(0.0015,0.181648852118585,-0.01875));
#1932=CARTESIAN_POINT('',(0.0015,0.181648852118585,-0.01875));
#1933=CARTESIAN_POINT('',(0.0015,0.181648852118585,-0.01875));
#1934=CARTESIAN_POINT('',(0.0015,0.180040883384044,-0.019553901483142));
#1935=CARTESIAN_POINT('',(0.00150000000000001,0.176826431432145,-0.0211650425765919));
#1936=CARTESIAN_POINT('',(0.0015,0.170323656635043,-0.0242159668592135));
#1937=CARTESIAN_POINT('',(0.0015,0.158832390103184,-0.0292856514131808));
#1938=CARTESIAN_POINT('',(0.0015,0.14206045293423,-0.0357747553044031));
#1939=CARTESIAN_POINT('',(0.00149999999999999,0.121540079666014,-0.0422687900809305));
#1940=CARTESIAN_POINT('',(0.00149999999999999,0.100614847001097,-0.0470943447667324));
#1941=CARTESIAN_POINT('',(0.00150000000000002,0.0793237553657705,-0.0505912058699327));
#1942=CARTESIAN_POINT('',(0.0015,0.0615210324563397,-0.0527124275732025));
#1943=CARTESIAN_POINT('',(0.0015,0.0472407266953603,-0.0540166761701886));
#1944=CARTESIAN_POINT('',(0.0015,0.0365136092412655,-0.0548051671058053));
#1945=CARTESIAN_POINT('',(0.0015,0.0275610457076401,-0.0553165800315768));
#1946=CARTESIAN_POINT('',(0.00150000000000001,0.0203874614015467,-0.0555984848726404));
#1947=CARTESIAN_POINT('',(0.0015,0.0167997944081103,-0.0557298169743989));
#1948=CARTESIAN_POINT('',(0.0015,0.015,-0.0557298169743989));
#1949=CARTESIAN_POINT('',(0.0015,0.015,-0.0557298169743989));
#1950=CARTESIAN_POINT('',(0.,0.015,0.));
#1951=CARTESIAN_POINT('',(0.0383462713251028,0.015,-0.0404675916686624));
#1952=CARTESIAN_POINT('',(0.0121975919754679,0.181648852118585,-0.0143189123190276));
#1953=CARTESIAN_POINT('',(0.0127660361656036,0.180040883384044,-0.0148873565091632));
#1954=CARTESIAN_POINT('',(0.0139052849582304,0.176826431432145,-0.0160266053017899));
#1955=CARTESIAN_POINT('',(0.0160626142073587,0.170323656635043,-0.0181839345509184));
#1956=CARTESIAN_POINT('',(0.0196474225339458,0.158832390103184,-0.0217687428775053));
#1957=CARTESIAN_POINT('',(0.0242359118992531,0.14206045293423,-0.0263572322428127));
#1958=CARTESIAN_POINT('',(0.0288278879269968,0.121540079666014,-0.0309492082705564));
#1959=CARTESIAN_POINT('',(0.0322400703683139,0.100614847001097,-0.0343613907118735));
#1960=CARTESIAN_POINT('',(0.0347127245672542,0.0793237553657706,-0.0368340449108138));
#1961=CARTESIAN_POINT('',(0.0362126548180364,0.0615210324563398,-0.0383339751615961));
#1962=CARTESIAN_POINT('',(0.0371348978453184,0.0472407266953603,-0.0392562181888779));
#1963=CARTESIAN_POINT('',(0.0376924451327971,0.0365136092412655,-0.0398137654763567));
#1964=CARTESIAN_POINT('',(0.0380540686805965,0.0275610457076401,-0.0401753890241561));
#1965=CARTESIAN_POINT('',(0.0382534055053619,0.0203874614015467,-0.0403747258489215));
#1966=CARTESIAN_POINT('',(0.0383462713251028,0.0167997944081103,-0.0404675916686624));
#1967=CARTESIAN_POINT('',(0.0383462713251028,0.015,-0.0404675916686624));
#1968=CARTESIAN_POINT('',(0.0121975919754679,0.181648852118585,-0.0143189123190276));
#1969=CARTESIAN_POINT('',(0.0121975919754672,0.18164885211859,-0.0143189123190267));
#1970=CARTESIAN_POINT('',(0.0125511453660605,0.181728860366778,-0.0139653589284334));
#1971=CARTESIAN_POINT('',(0.0129046987566546,0.181771513266119,-0.0136118055378409));
#1972=CARTESIAN_POINT('',(0.0132582521472478,0.181771513266119,-0.0132582521472478));
#1973=CARTESIAN_POINT('',(0.0131956271270229,0.181771513266119,-0.013320582747184));
#1974=CARTESIAN_POINT('',(0.0168209886256414,0.181771513266119,-0.00972922946749758));
#1975=CARTESIAN_POINT('',(0.0187738392556403,0.181771513266119,-0.00501463099126528));
#1976=CARTESIAN_POINT('',(0.0187497918134174,0.181771513266119,8.83569663632424E-5));
#1977=CARTESIAN_POINT('',(0.0132788920167062,0.181514851271192,-0.0134046361113997));
#1978=CARTESIAN_POINT('',(0.016927129678946,0.181514851271192,-0.00979062126119685));
#1979=CARTESIAN_POINT('',(0.0188923028678283,0.181514851271192,-0.00504627349618535));
#1980=CARTESIAN_POINT('',(0.0188681036853657,0.181514851271192,8.89145020518591E-5));
#1981=CARTESIAN_POINT('',(0.0150388178944385,0.176710775056183,-0.015181227557761));
#1982=CARTESIAN_POINT('',(0.0191705769123618,0.176710775056183,-0.0110882270926907));
#1983=CARTESIAN_POINT('',(0.0213962055025673,0.176710775056183,-0.0057150843654113));
#1984=CARTESIAN_POINT('',(0.0213687990670159,0.176710775056183,0.000100698838641826));
#1985=CARTESIAN_POINT('',(0.0196589894327361,0.16222477718833,-0.0198451496805713));
#1986=CARTESIAN_POINT('',(0.0250600925940427,0.16222477718833,-0.0144947123353091));
#1987=CARTESIAN_POINT('',(0.0279694707940558,0.16222477718833,-0.00747085202676503));
#1988=CARTESIAN_POINT('',(0.0279336446519563,0.16222477718833,0.000131635173631609));
#1989=CARTESIAN_POINT('',(0.0238704097847341,0.146895749531121,-0.0240964499592129));
#1990=CARTESIAN_POINT('',(0.0304285569464252,0.146895749531121,-0.0175998224293015));
#1991=CARTESIAN_POINT('',(0.0339611927459764,0.146895749531121,-0.00907128517110011));
#1992=CARTESIAN_POINT('',(0.033917691797169,0.146895749531121,0.000159834540194564));
#1993=CARTESIAN_POINT('',(0.0270502110170116,0.133864445980746,-0.0273063622298779));
#1994=CARTESIAN_POINT('',(0.0344819755407112,0.133864445980746,-0.0199443124298187));
#1995=CARTESIAN_POINT('',(0.0384851972987735,0.133864445980746,-0.0102796801683176));
#1996=CARTESIAN_POINT('',(0.0384359015449388,0.133864445980746,0.000181126259626883));
#1997=CARTESIAN_POINT('',(0.0300249149008888,0.119641082970255,-0.030309234988567));
#1998=CARTESIAN_POINT('',(0.0382739484203388,0.119641082970255,-0.0221375827007579));
#1999=CARTESIAN_POINT('',(0.0427174033175896,0.119641082970255,-0.0114101336240219));
#2000=CARTESIAN_POINT('',(0.0426626865239598,0.119641082970255,0.000201044662024766));
#2001=CARTESIAN_POINT('',(0.0325297544360112,0.104541837435508,-0.0328377940312582));
#2002=CARTESIAN_POINT('',(0.0414669666015715,0.104541837435508,-0.0239844186549626));
#2003=CARTESIAN_POINT('',(0.0462811183529485,0.104541837435508,-0.0123620282054661));
#2004=CARTESIAN_POINT('',(0.0462218367907465,0.104541837435508,0.000217816886673099));
#2005=CARTESIAN_POINT('',(0.0345309494476052,0.0890409280100134,-0.0348579393027626));
#2006=CARTESIAN_POINT('',(0.0440179691574695,0.0890409280100134,-0.0254599139299949));
#2007=CARTESIAN_POINT('',(0.0491282822736322,0.0890409280100134,-0.0131225266969818));
#2008=CARTESIAN_POINT('',(0.049065353774384,0.0890409280100134,0.000231216743960944));
#2009=CARTESIAN_POINT('',(0.0366233748101662,0.06856607731332,-0.036970178828478));
#2010=CARTESIAN_POINT('',(0.0466852666557115,0.06856607731332,-0.027002673989824));
#2011=CARTESIAN_POINT('',(0.05210524252213,0.06856607731332,-0.0139176947453817));
#2012=CARTESIAN_POINT('',(0.0520385008295013,0.06856607731332,0.000245227473090949));
#2013=CARTESIAN_POINT('',(0.0382760387785093,0.0446577002445374,-0.0386384926518142));
#2014=CARTESIAN_POINT('',(0.0487919828841942,0.0446577002445374,-0.0282211948547964));
#2015=CARTESIAN_POINT('',(0.0544565402199651,0.0446577002445374,-0.0145457437099382));
#2016=CARTESIAN_POINT('',(0.0543867867461676,0.0446577002445374,0.000256293591681243));
#2017=CARTESIAN_POINT('',(0.0391358568586074,0.0229280504731497,-0.0395064527550531));
#2018=CARTESIAN_POINT('',(0.0498880270514194,0.0229280504731497,-0.0288551448233013));
#2019=CARTESIAN_POINT('',(0.0556798308047528,0.0229280504731497,-0.0148724936514003));
#2020=CARTESIAN_POINT('',(0.0556085104159914,0.0229280504731497,0.000262050871456601));
#2021=CARTESIAN_POINT('',(0.0392349979910149,0.0159223700678556,-0.0396065327016271));
#2022=CARTESIAN_POINT('',(0.0500144061802403,0.0159223700678556,-0.0289282422833595));
#2023=CARTESIAN_POINT('',(0.0558208820534372,0.0159223700678556,-0.0149101694806954));
#2024=CARTESIAN_POINT('',(0.0557493809918945,0.0159223700678556,0.000262714713320046));
#2025=CARTESIAN_POINT('',(0.0392349979910149,0.015,-0.0396065327016271));
#2026=CARTESIAN_POINT('',(0.0500144061802403,0.015,-0.0289282422833595));
#2027=CARTESIAN_POINT('',(0.0558208820534372,0.015,-0.0149101694806954));
#2028=CARTESIAN_POINT('',(0.0557493809918945,0.015,0.000262714713320046));
#2029=CARTESIAN_POINT('',(0.,0.181771513266119,0.));
#2030=CARTESIAN_POINT('',(0.01875,0.181771513266119,1.0842021724855E-18));
#2031=CARTESIAN_POINT('',(0.0132582521472478,0.181771513266119,-0.0132582521472478));
#2032=CARTESIAN_POINT('',(0.0136118055378411,0.181771513266119,-0.0129046987566544));
#2033=CARTESIAN_POINT('',(0.0139653589284349,0.181728860366772,-0.0125511453660606));
#2034=CARTESIAN_POINT('',(0.0143189123190282,0.181648852118585,-0.0121975919754674));
#2035=CARTESIAN_POINT('',(0.0143189123190276,0.181648852118585,-0.0121975919754679));
#2036=CARTESIAN_POINT('',(0.0143189123190276,0.181648852118585,-0.0121975919754679));
#2037=CARTESIAN_POINT('',(0.0148873565091632,0.180040883384044,-0.0127660361656036));
#2038=CARTESIAN_POINT('',(0.01602660530179,0.176826431432145,-0.0139052849582304));
#2039=CARTESIAN_POINT('',(0.0181839345509183,0.170323656635043,-0.0160626142073587));
#2040=CARTESIAN_POINT('',(0.0217687428775054,0.158832390103184,-0.0196474225339458));
#2041=CARTESIAN_POINT('',(0.0263572322428127,0.14206045293423,-0.0242359118992531));
#2042=CARTESIAN_POINT('',(0.0309492082705564,0.121540079666014,-0.0288278879269968));
#2043=CARTESIAN_POINT('',(0.0343613907118735,0.100614847001097,-0.0322400703683138));
#2044=CARTESIAN_POINT('',(0.0368340449108138,0.0793237553657705,-0.0347127245672543));
#2045=CARTESIAN_POINT('',(0.038333975161596,0.0615210324563399,-0.0362126548180365));
#2046=CARTESIAN_POINT('',(0.039256218188878,0.0472407266953603,-0.0371348978453184));
#2047=CARTESIAN_POINT('',(0.0398137654763567,0.0365136092412656,-0.0376924451327971));
#2048=CARTESIAN_POINT('',(0.0401753890241561,0.0275610457076401,-0.0380540686805964));
#2049=CARTESIAN_POINT('',(0.0403747258489215,0.0203874614015467,-0.038253405505362));
#2050=CARTESIAN_POINT('',(0.0404675916686624,0.0167997944081103,-0.0383462713251028));
#2051=CARTESIAN_POINT('',(0.0404675916686624,0.015,-0.0383462713251028));
#2052=CARTESIAN_POINT('',(0.0404675916686624,0.015,-0.0383462713251028));
#2053=CARTESIAN_POINT('',(0.,0.015,0.));
#2054=CARTESIAN_POINT('',(0.0557298169743989,0.015,-0.0015));
#2055=CARTESIAN_POINT('',(0.01875,0.181648852118585,-0.0015));
#2056=CARTESIAN_POINT('',(0.019553901483142,0.180040883384044,-0.0015));
#2057=CARTESIAN_POINT('',(0.0211650425765919,0.176826431432145,-0.0015));
#2058=CARTESIAN_POINT('',(0.0242159668592134,0.170323656635043,-0.00149999999999999));
#2059=CARTESIAN_POINT('',(0.0292856514131808,0.158832390103184,-0.00150000000000003));
#2060=CARTESIAN_POINT('',(0.0357747553044031,0.14206045293423,-0.00150000000000002));
#2061=CARTESIAN_POINT('',(0.0422687900809305,0.121540079666014,-0.00149999999999997));
#2062=CARTESIAN_POINT('',(0.0470943447667324,0.100614847001097,-0.00149999999999998));
#2063=CARTESIAN_POINT('',(0.0505912058699327,0.0793237553657705,-0.0015));
#2064=CARTESIAN_POINT('',(0.0527124275732025,0.0615210324563397,-0.00150000000000002));
#2065=CARTESIAN_POINT('',(0.0540166761701886,0.0472407266953603,-0.00149999999999997));
#2066=CARTESIAN_POINT('',(0.0548051671058054,0.0365136092412655,-0.00150000000000006));
#2067=CARTESIAN_POINT('',(0.0553165800315768,0.0275610457076401,-0.00150000000000001));
#2068=CARTESIAN_POINT('',(0.0555984848726404,0.0203874614015467,-0.00149999999999997));
#2069=CARTESIAN_POINT('',(0.0557298169743989,0.0167997944081103,-0.00150000000000003));
#2070=CARTESIAN_POINT('',(0.0557298169743989,0.015,-0.00150000000000003));
#2071=CARTESIAN_POINT('',(0.01875,0.181648852118585,-0.0015));
#2072=CARTESIAN_POINT('',(0.0187499999999989,0.18164885211859,-0.00149999999999991));
#2073=CARTESIAN_POINT('',(0.0187499999999989,0.181728860366778,-0.000999999999999898));
#2074=CARTESIAN_POINT('',(0.01875,0.181771513266119,-0.000499999999999869));
#2075=CARTESIAN_POINT('',(0.01875,0.181771513266119,-3.46944695195361E-18));
#2076=CARTESIAN_POINT('',(0.0187497918134174,0.181771513266119,-8.83569663632496E-5));
#2077=CARTESIAN_POINT('',(0.0187738392556403,0.181771513266119,0.00501463099126527));
#2078=CARTESIAN_POINT('',(0.0168209886256414,0.181771513266119,0.00972922946749757));
#2079=CARTESIAN_POINT('',(0.013195627127023,0.181771513266119,0.013320582747184));
#2080=CARTESIAN_POINT('',(0.0188681036853657,0.181514851271192,-8.89145020518658E-5));
#2081=CARTESIAN_POINT('',(0.0188923028678283,0.181514851271192,0.00504627349618534));
#2082=CARTESIAN_POINT('',(0.0169271296789461,0.181514851271192,0.00979062126119684));
#2083=CARTESIAN_POINT('',(0.0132788920167063,0.181514851271192,0.0134046361113996));
#2084=CARTESIAN_POINT('',(0.0213687990670159,0.176710775056183,-0.000100698838641837));
#2085=CARTESIAN_POINT('',(0.0213962055025673,0.176710775056183,0.00571508436541128));
#2086=CARTESIAN_POINT('',(0.0191705769123618,0.176710775056183,0.0110882270926907));
#2087=CARTESIAN_POINT('',(0.0150388178944385,0.176710775056183,0.015181227557761));
#2088=CARTESIAN_POINT('',(0.0279336446519563,0.16222477718833,-0.000131635173631617));
#2089=CARTESIAN_POINT('',(0.0279694707940558,0.16222477718833,0.00747085202676501));
#2090=CARTESIAN_POINT('',(0.0250600925940427,0.16222477718833,0.0144947123353091));
#2091=CARTESIAN_POINT('',(0.0196589894327361,0.16222477718833,0.0198451496805712));
#2092=CARTESIAN_POINT('',(0.033917691797169,0.146895749531121,-0.000159834540194572));
#2093=CARTESIAN_POINT('',(0.0339611927459765,0.146895749531121,0.0090712851711001));
#2094=CARTESIAN_POINT('',(0.0304285569464252,0.146895749531121,0.0175998224293015));
#2095=CARTESIAN_POINT('',(0.0238704097847341,0.146895749531121,0.0240964499592129));
#2096=CARTESIAN_POINT('',(0.0384359015449388,0.133864445980746,-0.000181126259626898));
#2097=CARTESIAN_POINT('',(0.0384851972987735,0.133864445980746,0.0102796801683176));
#2098=CARTESIAN_POINT('',(0.0344819755407112,0.133864445980746,0.0199443124298187));
#2099=CARTESIAN_POINT('',(0.0270502110170116,0.133864445980746,0.0273063622298779));
#2100=CARTESIAN_POINT('',(0.0426626865239598,0.119641082970255,-0.000201044662024774));
#2101=CARTESIAN_POINT('',(0.0427174033175897,0.119641082970255,0.0114101336240219));
#2102=CARTESIAN_POINT('',(0.0382739484203389,0.119641082970255,0.0221375827007579));
#2103=CARTESIAN_POINT('',(0.0300249149008888,0.119641082970255,0.030309234988567));
#2104=CARTESIAN_POINT('',(0.0462218367907465,0.104541837435508,-0.000217816886673113));
#2105=CARTESIAN_POINT('',(0.0462811183529485,0.104541837435508,0.0123620282054661));
#2106=CARTESIAN_POINT('',(0.0414669666015715,0.104541837435508,0.0239844186549626));
#2107=CARTESIAN_POINT('',(0.0325297544360112,0.104541837435508,0.0328377940312582));
#2108=CARTESIAN_POINT('',(0.049065353774384,0.0890409280100134,-0.000231216743960958));
#2109=CARTESIAN_POINT('',(0.0491282822736323,0.0890409280100134,0.0131225266969818));
#2110=CARTESIAN_POINT('',(0.0440179691574696,0.0890409280100134,0.0254599139299949));
#2111=CARTESIAN_POINT('',(0.0345309494476053,0.0890409280100134,0.0348579393027626));
#2112=CARTESIAN_POINT('',(0.0520385008295013,0.06856607731332,-0.000245227473090974));
#2113=CARTESIAN_POINT('',(0.05210524252213,0.06856607731332,0.0139176947453817));
#2114=CARTESIAN_POINT('',(0.0466852666557115,0.06856607731332,0.0270026739898239));
#2115=CARTESIAN_POINT('',(0.0366233748101663,0.06856607731332,0.036970178828478));
#2116=CARTESIAN_POINT('',(0.0543867867461676,0.0446577002445374,-0.000256293591681245));
#2117=CARTESIAN_POINT('',(0.0544565402199651,0.0446577002445374,0.0145457437099382));
#2118=CARTESIAN_POINT('',(0.0487919828841942,0.0446577002445374,0.0282211948547964));
#2119=CARTESIAN_POINT('',(0.0382760387785093,0.0446577002445374,0.0386384926518142));
#2120=CARTESIAN_POINT('',(0.0556085104159914,0.0229280504731497,-0.000262050871456616));
#2121=CARTESIAN_POINT('',(0.0556798308047528,0.0229280504731497,0.0148724936514003));
#2122=CARTESIAN_POINT('',(0.0498880270514194,0.0229280504731497,0.0288551448233013));
#2123=CARTESIAN_POINT('',(0.0391358568586075,0.0229280504731497,0.0395064527550531));
#2124=CARTESIAN_POINT('',(0.0557493809918945,0.0159223700678556,-0.000262714713320062));
#2125=CARTESIAN_POINT('',(0.0558208820534372,0.0159223700678556,0.0149101694806954));
#2126=CARTESIAN_POINT('',(0.0500144061802403,0.0159223700678556,0.0289282422833594));
#2127=CARTESIAN_POINT('',(0.0392349979910149,0.0159223700678556,0.0396065327016271));
#2128=CARTESIAN_POINT('',(0.0557493809918945,0.015,-0.000262714713320062));
#2129=CARTESIAN_POINT('',(0.0558208820534372,0.015,0.0149101694806954));
#2130=CARTESIAN_POINT('',(0.0500144061802403,0.015,0.0289282422833594));
#2131=CARTESIAN_POINT('',(0.0392349979910149,0.015,0.0396065327016271));
#2132=CARTESIAN_POINT('',(0.,0.181771513266119,0.));
#2133=CARTESIAN_POINT('',(0.0132582521472478,0.181771513266119,0.0132582521472478));
#2134=CARTESIAN_POINT('',(0.01875,0.181771513266119,-3.46944695195361E-18));
#2135=CARTESIAN_POINT('',(0.01875,0.181771513266119,0.000500000000000071));
#2136=CARTESIAN_POINT('',(0.01875,0.181728860366772,0.00100000000000007));
#2137=CARTESIAN_POINT('',(0.01875,0.181648852118585,0.0015));
#2138=CARTESIAN_POINT('',(0.01875,0.181648852118585,0.0015));
#2139=CARTESIAN_POINT('',(0.01875,0.181648852118585,0.0015));
#2140=CARTESIAN_POINT('',(0.019553901483142,0.180040883384044,0.0015));
#2141=CARTESIAN_POINT('',(0.0211650425765919,0.176826431432145,0.00149999999999997));
#2142=CARTESIAN_POINT('',(0.0242159668592134,0.170323656635043,0.00150000000000004));
#2143=CARTESIAN_POINT('',(0.0292856514131808,0.158832390103184,0.00149999999999996));
#2144=CARTESIAN_POINT('',(0.0357747553044032,0.14206045293423,0.0015));
#2145=CARTESIAN_POINT('',(0.0422687900809305,0.121540079666014,0.00150000000000001));
#2146=CARTESIAN_POINT('',(0.0470943447667324,0.100614847001097,0.00150000000000003));
#2147=CARTESIAN_POINT('',(0.0505912058699326,0.0793237553657705,0.00149999999999993));
#2148=CARTESIAN_POINT('',(0.0527124275732025,0.0615210324563399,0.00150000000000004));
#2149=CARTESIAN_POINT('',(0.0540166761701886,0.0472407266953603,0.00150000000000004));
#2150=CARTESIAN_POINT('',(0.0548051671058054,0.0365136092412656,0.0015));
#2151=CARTESIAN_POINT('',(0.0553165800315768,0.0275610457076401,0.00149999999999997));
#2152=CARTESIAN_POINT('',(0.0555984848726404,0.0203874614015467,0.00149999999999996));
#2153=CARTESIAN_POINT('',(0.0557298169743989,0.0167997944081103,0.0015));
#2154=CARTESIAN_POINT('',(0.0557298169743989,0.015,0.0015));
#2155=CARTESIAN_POINT('',(0.0557298169743989,0.015,0.0015));
#2156=CARTESIAN_POINT('',(0.,0.015,0.));
#2157=CARTESIAN_POINT('',(0.0404675916686624,0.015,0.0383462713251028));
#2158=CARTESIAN_POINT('',(0.0143189123190276,0.181648852118585,0.0121975919754679));
#2159=CARTESIAN_POINT('',(0.0148873565091633,0.180040883384044,0.0127660361656036));
#2160=CARTESIAN_POINT('',(0.0160266053017899,0.176826431432145,0.0139052849582304));
#2161=CARTESIAN_POINT('',(0.0181839345509184,0.170323656635043,0.0160626142073587));
#2162=CARTESIAN_POINT('',(0.0217687428775053,0.158832390103184,0.0196474225339458));
#2163=CARTESIAN_POINT('',(0.0263572322428127,0.142060452934231,0.024235911899253));
#2164=CARTESIAN_POINT('',(0.0309492082705564,0.121540079666014,0.0288278879269969));
#2165=CARTESIAN_POINT('',(0.0343613907118735,0.100614847001097,0.0322400703683138));
#2166=CARTESIAN_POINT('',(0.0368340449108138,0.0793237553657705,0.0347127245672543));
#2167=CARTESIAN_POINT('',(0.038333975161596,0.0615210324563399,0.0362126548180364));
#2168=CARTESIAN_POINT('',(0.0392562181888779,0.0472407266953603,0.0371348978453184));
#2169=CARTESIAN_POINT('',(0.0398137654763567,0.0365136092412655,0.0376924451327971));
#2170=CARTESIAN_POINT('',(0.0401753890241561,0.0275610457076401,0.0380540686805965));
#2171=CARTESIAN_POINT('',(0.0403747258489215,0.0203874614015467,0.0382534055053619));
#2172=CARTESIAN_POINT('',(0.0404675916686624,0.0167997944081103,0.0383462713251028));
#2173=CARTESIAN_POINT('',(0.0404675916686624,0.015,0.0383462713251028));
#2174=CARTESIAN_POINT('',(0.0143189123190276,0.181648852118585,0.0121975919754679));
#2175=CARTESIAN_POINT('',(0.0143189123190267,0.18164885211859,0.0121975919754672));
#2176=CARTESIAN_POINT('',(0.0139653589284334,0.181728860366778,0.0125511453660605));
#2177=CARTESIAN_POINT('',(0.0136118055378409,0.181771513266119,0.0129046987566546));
#2178=CARTESIAN_POINT('',(0.0132582521472478,0.181771513266119,0.0132582521472478));
#2179=CARTESIAN_POINT('',(0.013320582747184,0.181771513266119,0.0131956271270229));
#2180=CARTESIAN_POINT('',(0.00972922946749757,0.181771513266119,0.0168209886256414));
#2181=CARTESIAN_POINT('',(0.00501463099126528,0.181771513266119,0.0187738392556403));
#2182=CARTESIAN_POINT('',(-8.83569663632424E-5,0.181771513266119,0.0187497918134174));
#2183=CARTESIAN_POINT('',(0.0134046361113996,0.181514851271193,0.0132788920167062));
#2184=CARTESIAN_POINT('',(0.00979062126119679,0.181514851271193,0.0169271296789459));
#2185=CARTESIAN_POINT('',(0.00504627349618531,0.181514851271193,0.0188923028678282));
#2186=CARTESIAN_POINT('',(-8.89145020518591E-5,0.181514851271193,0.0188681036853655));
#2187=CARTESIAN_POINT('',(0.0151812275577287,0.176710775056275,0.0150388178944065));
#2188=CARTESIAN_POINT('',(0.0110882270926672,0.176710775056275,0.0191705769123211));
#2189=CARTESIAN_POINT('',(0.00571508436539915,0.176710775056275,0.0213962055025219));
#2190=CARTESIAN_POINT('',(-0.000100698838641616,0.176710775056275,0.0213687990669705));
#2191=CARTESIAN_POINT('',(0.0198451496805408,0.162224777188432,0.0196589894327059));
#2192=CARTESIAN_POINT('',(0.0144947123352869,0.162224777188432,0.0250600925940043));
#2193=CARTESIAN_POINT('',(0.00747085202675356,0.162224777188432,0.0279694707940128));
#2194=CARTESIAN_POINT('',(-0.000131635173631397,0.162224777188432,0.0279336446519134));
#2195=CARTESIAN_POINT('',(0.0240964499591834,0.146895749531233,0.0238704097847049));
#2196=CARTESIAN_POINT('',(0.0175998224292799,0.146895749531233,0.0304285569463879));
#2197=CARTESIAN_POINT('',(0.00907128517108899,0.146895749531233,0.0339611927459348));
#2198=CARTESIAN_POINT('',(-0.000159834540194373,0.146895749531233,0.0339176917971274));
#2199=CARTESIAN_POINT('',(0.027306362229852,0.133864445980859,0.027050211016986));
#2200=CARTESIAN_POINT('',(0.0199443124297999,0.133864445980859,0.0344819755406786));
#2201=CARTESIAN_POINT('',(0.0102796801683079,0.133864445980859,0.0384851972987371));
#2202=CARTESIAN_POINT('',(-0.000181126259626699,0.133864445980859,0.0384359015449025));
#2203=CARTESIAN_POINT('',(0.0303092349885462,0.119641082970365,0.0300249149008683));
#2204=CARTESIAN_POINT('',(0.0221375827007427,0.119641082970365,0.0382739484203127));
#2205=CARTESIAN_POINT('',(0.0114101336240141,0.119641082970365,0.0427174033175604));
#2206=CARTESIAN_POINT('',(-0.000201044662024617,0.119641082970365,0.0426626865239306));
#2207=CARTESIAN_POINT('',(0.0328377940312435,0.10454183743561,0.0325297544359966));
#2208=CARTESIAN_POINT('',(0.0239844186549519,0.10454183743561,0.0414669666015529));
#2209=CARTESIAN_POINT('',(0.0123620282054605,0.10454183743561,0.0462811183529277));
#2210=CARTESIAN_POINT('',(-0.000217816886672991,0.10454183743561,0.0462218367907258));
#2211=CARTESIAN_POINT('',(0.0348579393027523,0.0890409280101028,0.0345309494475951));
#2212=CARTESIAN_POINT('',(0.0254599139299874,0.0890409280101028,0.0440179691574566));
#2213=CARTESIAN_POINT('',(0.0131225266969779,0.0890409280101028,0.0491282822736178));
#2214=CARTESIAN_POINT('',(-0.000231216743960868,0.0890409280101028,0.0490653537743696));
#2215=CARTESIAN_POINT('',(0.0369701788284724,0.0685660773133896,0.0366233748101607));
#2216=CARTESIAN_POINT('',(0.0270026739898199,0.0685660773133896,0.0466852666557045));
#2217=CARTESIAN_POINT('',(0.0139176947453796,0.0685660773133896,0.0521052425221221));
#2218=CARTESIAN_POINT('',(-0.000245227473090928,0.0685660773133896,0.0520385008294934));
#2219=CARTESIAN_POINT('',(0.0386384926518123,0.0446577002445782,0.0382760387785073));
#2220=CARTESIAN_POINT('',(0.028221194854795,0.0446577002445782,0.0487919828841917));
#2221=CARTESIAN_POINT('',(0.0145457437099375,0.0446577002445782,0.0544565402199624));
#2222=CARTESIAN_POINT('',(-0.000256293591681188,0.0446577002445782,0.0543867867461649));
#2223=CARTESIAN_POINT('',(0.0395064527550529,0.0229280504731605,0.0391358568586073));
#2224=CARTESIAN_POINT('',(0.0288551448233012,0.0229280504731605,0.0498880270514192));
#2225=CARTESIAN_POINT('',(0.0148724936514003,0.0229280504731605,0.0556798308047526));
#2226=CARTESIAN_POINT('',(-0.000262050871456591,0.0229280504731605,0.0556085104159911));
#2227=CARTESIAN_POINT('',(0.0396065327016271,0.0159223700678564,0.0392349979910149));
#2228=CARTESIAN_POINT('',(0.0289282422833595,0.0159223700678564,0.0500144061802403));
#2229=CARTESIAN_POINT('',(0.0149101694806954,0.0159223700678564,0.0558208820534372));
#2230=CARTESIAN_POINT('',(-0.000262714713320039,0.0159223700678564,0.0557493809918945));
#2231=CARTESIAN_POINT('',(0.0396065327016271,0.015,0.0392349979910149));
#2232=CARTESIAN_POINT('',(0.0289282422833595,0.015,0.0500144061802403));
#2233=CARTESIAN_POINT('',(0.0149101694806954,0.015,0.0558208820534372));
#2234=CARTESIAN_POINT('',(-0.000262714713320039,0.015,0.0557493809918945));
#2235=CARTESIAN_POINT('',(0.,0.181771513266119,0.));
#2236=CARTESIAN_POINT('',(0.,0.181771513266119,0.01875));
#2237=CARTESIAN_POINT('',(0.0132582521472478,0.181771513266119,0.0132582521472478));
#2238=CARTESIAN_POINT('',(0.0129046987566544,0.181771513266119,0.0136118055378411));
#2239=CARTESIAN_POINT('',(0.0125511453660606,0.181728860366772,0.0139653589284349));
#2240=CARTESIAN_POINT('',(0.0121975919754674,0.181648852118585,0.0143189123190282));
#2241=CARTESIAN_POINT('',(0.0121975919754679,0.181648852118585,0.0143189123190276));
#2242=CARTESIAN_POINT('',(0.0121975919754679,0.181648852118585,0.0143189123190276));
#2243=CARTESIAN_POINT('',(0.0127660361656036,0.180040883384044,0.0148873565091633));
#2244=CARTESIAN_POINT('',(0.0139052849582304,0.176826431432145,0.0160266053017899));
#2245=CARTESIAN_POINT('',(0.0160626142073587,0.170323656635043,0.0181839345509183));
#2246=CARTESIAN_POINT('',(0.0196474225339458,0.158832390103184,0.0217687428775054));
#2247=CARTESIAN_POINT('',(0.0242359118992531,0.142060452934231,0.0263572322428127));
#2248=CARTESIAN_POINT('',(0.0288278879269968,0.121540079666014,0.0309492082705564));
#2249=CARTESIAN_POINT('',(0.0322400703683139,0.100614847001097,0.0343613907118735));
#2250=CARTESIAN_POINT('',(0.0347127245672542,0.0793237553657706,0.0368340449108138));
#2251=CARTESIAN_POINT('',(0.0362126548180365,0.0615210324563399,0.0383339751615961));
#2252=CARTESIAN_POINT('',(0.0371348978453183,0.0472407266953603,0.039256218188878));
#2253=CARTESIAN_POINT('',(0.0376924451327971,0.0365136092412655,0.0398137654763566));
#2254=CARTESIAN_POINT('',(0.0380540686805965,0.0275610457076401,0.0401753890241561));
#2255=CARTESIAN_POINT('',(0.0382534055053619,0.0203874614015467,0.0403747258489215));
#2256=CARTESIAN_POINT('',(0.0383462713251028,0.0167997944081103,0.0404675916686624));
#2257=CARTESIAN_POINT('',(0.0383462713251028,0.015,0.0404675916686624));
#2258=CARTESIAN_POINT('',(0.0383462713251028,0.015,0.0404675916686624));
#2259=CARTESIAN_POINT('',(0.,0.015,0.));
#2260=CARTESIAN_POINT('',(0.0015,0.015,0.0557298169743989));
#2261=CARTESIAN_POINT('',(0.0015,0.181648852118585,0.01875));
#2262=CARTESIAN_POINT('',(0.0015,0.180040883384044,0.019553901483142));
#2263=CARTESIAN_POINT('',(0.00150000000000001,0.176826431432144,0.021165042576592));
#2264=CARTESIAN_POINT('',(0.00149999999999998,0.170323656635043,0.0242159668592134));
#2265=CARTESIAN_POINT('',(0.00150000000000003,0.158832390103184,0.0292856514131808));
#2266=CARTESIAN_POINT('',(0.00150000000000002,0.14206045293423,0.0357747553044031));
#2267=CARTESIAN_POINT('',(0.00149999999999998,0.121540079666014,0.0422687900809304));
#2268=CARTESIAN_POINT('',(0.00149999999999999,0.100614847001097,0.0470943447667324));
#2269=CARTESIAN_POINT('',(0.00150000000000001,0.0793237553657705,0.0505912058699327));
#2270=CARTESIAN_POINT('',(0.00150000000000001,0.0615210324563397,0.0527124275732025));
#2271=CARTESIAN_POINT('',(0.00149999999999998,0.0472407266953604,0.0540166761701886));
#2272=CARTESIAN_POINT('',(0.00150000000000007,0.0365136092412655,0.0548051671058053));
#2273=CARTESIAN_POINT('',(0.00149999999999999,0.0275610457076402,0.0553165800315768));
#2274=CARTESIAN_POINT('',(0.00150000000000001,0.0203874614015467,0.0555984848726404));
#2275=CARTESIAN_POINT('',(0.00149999999999998,0.0167997944081103,0.0557298169743989));
#2276=CARTESIAN_POINT('',(0.00149999999999998,0.015,0.0557298169743989));
#2277=CARTESIAN_POINT('',(0.0015,0.181648852118585,0.01875));
#2278=CARTESIAN_POINT('',(0.00149999999999991,0.18164885211859,0.0187499999999988));
#2279=CARTESIAN_POINT('',(0.00100315778057054,0.181728355069794,0.0187499999999988));
#2280=CARTESIAN_POINT('',(0.000503343501580459,0.181771513266119,0.01875));
#2281=CARTESIAN_POINT('',(0.,0.181771513266119,0.01875));
#2282=CARTESIAN_POINT('',(0.,0.181771513266119,0.01875));
#2283=CARTESIAN_POINT('',(-0.00507114226687824,0.181771513266119,0.01875));
#2284=CARTESIAN_POINT('',(-0.00975168128255407,0.181771513266119,0.0167983242037533));
#2285=CARTESIAN_POINT('',(-0.013320582747184,0.181771513266119,0.0131956271270229));
#2286=CARTESIAN_POINT('',(0.,0.181514851271192,0.0188683131856132));
#2287=CARTESIAN_POINT('',(-0.00510314136001382,0.181514851271192,0.0188683131856132));
#2288=CARTESIAN_POINT('',(-0.00981321474802733,0.181514851271192,0.0169043222437271));
#2289=CARTESIAN_POINT('',(-0.0134046361113997,0.181514851271192,0.0132788920167063));
#2290=CARTESIAN_POINT('',(0.,0.176710775056183,0.0213690363335037));
#2291=CARTESIAN_POINT('',(-0.00577948924550868,0.176710775056183,0.0213690363335037));
#2292=CARTESIAN_POINT('',(-0.0111138150207811,0.176710775056183,0.0191447466801056));
#2293=CARTESIAN_POINT('',(-0.015181227557761,0.176710775056183,0.0150388178944385));
#2294=CARTESIAN_POINT('',(0.,0.16222477718833,0.0279339548106011));
#2295=CARTESIAN_POINT('',(-0.00755504314245899,0.16222477718833,0.0279339548106011));
#2296=CARTESIAN_POINT('',(-0.0145281612946267,0.16222477718833,0.0250263268907451));
#2297=CARTESIAN_POINT('',(-0.0198451496805713,0.16222477718833,0.0196589894327361));
#2298=CARTESIAN_POINT('',(0.,0.146895749531121,0.0339180683991289));
#2299=CARTESIAN_POINT('',(-0.00917351201438344,0.146895749531121,0.0339180683991289));
#2300=CARTESIAN_POINT('',(-0.0176404369465693,0.146895749531121,0.0303875578311278));
#2301=CARTESIAN_POINT('',(-0.0240964499592129,0.146895749531121,0.0238704097847341));
#2302=CARTESIAN_POINT('',(0.,0.133864445980746,0.0384363283144235));
#2303=CARTESIAN_POINT('',(-0.0103955247519404,0.133864445980746,0.0384363283144235));
#2304=CARTESIAN_POINT('',(-0.0199903372476729,0.133864445980746,0.0344355148921381));
#2305=CARTESIAN_POINT('',(-0.0273063622298779,0.133864445980746,0.0270502110170116));
#2306=CARTESIAN_POINT('',(0.,0.119641082970255,0.0426631602251613));
#2307=CARTESIAN_POINT('',(-0.0115387176030088,0.119641082970255,0.0426631602251613));
#2308=CARTESIAN_POINT('',(-0.0221886688545233,0.119641082970255,0.0382223785076764));
#2309=CARTESIAN_POINT('',(-0.030309234988567,0.119641082970255,0.0300249149008888));
#2310=CARTESIAN_POINT('',(0.,0.104541837435508,0.0462223500106445));
#2311=CARTESIAN_POINT('',(-0.012501339350049,0.104541837435508,0.0462223500106445));
#2312=CARTESIAN_POINT('',(-0.0240397666898381,0.104541837435508,0.0414110944500355));
#2313=CARTESIAN_POINT('',(-0.0328377940312582,0.104541837435508,0.0325297544360112));
#2314=CARTESIAN_POINT('',(0.,0.0890409280100134,0.0490658985670104));
#2315=CARTESIAN_POINT('',(-0.0132704081112281,0.0890409280100134,0.0490658985670104));
#2316=CARTESIAN_POINT('',(-0.025518666915606,0.0890409280100134,0.0439586598121128));
#2317=CARTESIAN_POINT('',(-0.0348579393027626,0.0890409280100134,0.0345309494476053));
#2318=CARTESIAN_POINT('',(0.,0.06856607731332,0.0520390786341915));
#2319=CARTESIAN_POINT('',(-0.0140745371301999,0.06856607731332,0.0520390786341915));
#2320=CARTESIAN_POINT('',(-0.0270649871508482,0.06856607731332,0.0466223634219605));
#2321=CARTESIAN_POINT('',(-0.036970178828478,0.06856607731332,0.0366233748101662));
#2322=CARTESIAN_POINT('',(0.,0.0446577002445374,0.0543873906248337));
#2323=CARTESIAN_POINT('',(-0.0147096637537499,0.0446577002445374,0.0543873906248337));
#2324=CARTESIAN_POINT('',(-0.0282863199553679,0.0446577002445374,0.0487262410833135));
#2325=CARTESIAN_POINT('',(-0.0386384926518142,0.0446577002445374,0.0382760387785093));
#2326=CARTESIAN_POINT('',(0.,0.0229280504731497,0.0556091278599535));
#2327=CARTESIAN_POINT('',(-0.0150400959314585,0.0229280504731497,0.0556091278599535));
#2328=CARTESIAN_POINT('',(-0.0289217328688568,0.0229280504731497,0.0498208084522383));
#2329=CARTESIAN_POINT('',(-0.0395064527550531,0.0229280504731497,0.0391358568586074));
#2330=CARTESIAN_POINT('',(0.,0.0159223700678556,0.05575));
#2331=CARTESIAN_POINT('',(-0.0150781963401846,0.0159223700678556,0.05575));
#2332=CARTESIAN_POINT('',(-0.0289949990134608,0.0159223700678556,0.0499470172991598));
#2333=CARTESIAN_POINT('',(-0.0396065327016271,0.0159223700678556,0.0392349979910149));
#2334=CARTESIAN_POINT('',(0.,0.015,0.05575));
#2335=CARTESIAN_POINT('',(-0.0150781963401846,0.015,0.05575));
#2336=CARTESIAN_POINT('',(-0.0289949990134608,0.015,0.0499470172991598));
#2337=CARTESIAN_POINT('',(-0.0396065327016271,0.015,0.0392349979910149));
#2338=CARTESIAN_POINT('',(-0.0121975919754679,0.181648852118585,0.0143189123190276));
#2339=CARTESIAN_POINT('',(-0.0127660361656036,0.180040883384044,0.0148873565091632));
#2340=CARTESIAN_POINT('',(-0.0139052849582304,0.176826431432145,0.01602660530179));
#2341=CARTESIAN_POINT('',(-0.0160626142073587,0.170323656635043,0.0181839345509183));
#2342=CARTESIAN_POINT('',(-0.0196474225339458,0.158832390103184,0.0217687428775054));
#2343=CARTESIAN_POINT('',(-0.0242359118992531,0.14206045293423,0.0263572322428127));
#2344=CARTESIAN_POINT('',(-0.0288278879269968,0.121540079666014,0.0309492082705564));
#2345=CARTESIAN_POINT('',(-0.0322400703683139,0.100614847001097,0.0343613907118735));
#2346=CARTESIAN_POINT('',(-0.0347127245672543,0.0793237553657705,0.0368340449108139));
#2347=CARTESIAN_POINT('',(-0.0362126548180365,0.0615210324563397,0.038333975161596));
#2348=CARTESIAN_POINT('',(-0.0371348978453184,0.0472407266953604,0.039256218188878));
#2349=CARTESIAN_POINT('',(-0.0376924451327971,0.0365136092412655,0.0398137654763566));
#2350=CARTESIAN_POINT('',(-0.0380540686805965,0.0275610457076402,0.0401753890241561));
#2351=CARTESIAN_POINT('',(-0.038253405505362,0.0203874614015467,0.0403747258489215));
#2352=CARTESIAN_POINT('',(-0.0383462713251028,0.0167997944081103,0.0404675916686624));
#2353=CARTESIAN_POINT('',(-0.0383462713251028,0.015,0.0404675916686624));
#2354=CARTESIAN_POINT('',(-0.0121975919754679,0.181648852118585,0.0143189123190276));
#2355=CARTESIAN_POINT('',(-0.0383462713251028,0.015,0.0404675916686624));
#2356=CARTESIAN_POINT('',(-0.0121975919754672,0.18164885211859,0.0143189123190267));
#2357=CARTESIAN_POINT('',(-0.0125511453660605,0.181728860366778,0.0139653589284334));
#2358=CARTESIAN_POINT('',(-0.0129046987566546,0.181771513266119,0.0136118055378409));
#2359=CARTESIAN_POINT('',(-0.0132582521472478,0.181771513266119,0.0132582521472478));
#2360=CARTESIAN_POINT('',(0.,0.181771513266119,0.));
#2361=CARTESIAN_POINT('',(0.,0.181771513266119,0.01875));
#2362=CARTESIAN_POINT('',(-0.000503343501580969,0.181771513266119,0.01875));
#2363=CARTESIAN_POINT('',(-0.00100315778057032,0.181728355069789,0.01875));
#2364=CARTESIAN_POINT('',(-0.0014999999999999,0.181648852118585,0.01875));
#2365=CARTESIAN_POINT('',(-0.0015,0.181648852118585,0.01875));
#2366=CARTESIAN_POINT('',(-0.0015,0.181648852118585,0.01875));
#2367=CARTESIAN_POINT('',(-0.0015,0.180040883384044,0.019553901483142));
#2368=CARTESIAN_POINT('',(-0.0015,0.176826431432145,0.021165042576592));
#2369=CARTESIAN_POINT('',(-0.0015,0.170323656635043,0.0242159668592134));
#2370=CARTESIAN_POINT('',(-0.0015,0.158832390103184,0.0292856514131808));
#2371=CARTESIAN_POINT('',(-0.0015,0.142060452934231,0.0357747553044031));
#2372=CARTESIAN_POINT('',(-0.0015,0.121540079666014,0.0422687900809305));
#2373=CARTESIAN_POINT('',(-0.0015,0.100614847001097,0.0470943447667324));
#2374=CARTESIAN_POINT('',(-0.0015,0.0793237553657705,0.0505912058699327));
#2375=CARTESIAN_POINT('',(-0.0015,0.0615210324563399,0.0527124275732025));
#2376=CARTESIAN_POINT('',(-0.0015,0.0472407266953603,0.0540166761701886));
#2377=CARTESIAN_POINT('',(-0.0015,0.0365136092412656,0.0548051671058054));
#2378=CARTESIAN_POINT('',(-0.0015,0.0275610457076401,0.0553165800315768));
#2379=CARTESIAN_POINT('',(-0.0015,0.0203874614015467,0.0555984848726404));
#2380=CARTESIAN_POINT('',(-0.0015,0.0167997944081103,0.0557298169743989));
#2381=CARTESIAN_POINT('',(-0.0015,0.015,0.0557298169743989));
#2382=CARTESIAN_POINT('',(-0.0015,0.015,0.0557298169743989));
#2383=CARTESIAN_POINT('',(0.,0.015,0.));
#2384=CARTESIAN_POINT('',(0.,0.181771513266119,0.0195584334448643));
#2385=CARTESIAN_POINT('',(0.,0.015,0.05645));
#2386=CARTESIAN_POINT('',(-0.0388555176262008,0.015,0.0367341972826411));
#2387=CARTESIAN_POINT('',(-0.0372291720294717,0.015,0.0351078516859121));
#2388=CARTESIAN_POINT('',(-0.0351078516859121,0.015,0.0372291720294717));
#2389=CARTESIAN_POINT('',(-0.0351078516859121,0.015,0.0372291720294717));
#2390=CARTESIAN_POINT('',(-0.0367341972826411,0.015,0.0388555176262008));
#2391=CARTESIAN_POINT('',(-0.0015,0.015,0.05345));
#2392=CARTESIAN_POINT('',(0.0015,0.015,0.05345));
#2393=CARTESIAN_POINT('',(0.0367341972826411,0.015,0.0388555176262008));
#2394=CARTESIAN_POINT('',(0.0351078516859121,0.015,0.0372291720294717));
#2395=CARTESIAN_POINT('',(0.0372291720294717,0.015,0.0351078516859121));
#2396=CARTESIAN_POINT('',(0.0372291720294717,0.015,0.0351078516859121));
#2397=CARTESIAN_POINT('',(0.0388555176262008,0.015,0.0367341972826411));
#2398=CARTESIAN_POINT('',(0.05345,0.015,0.0015));
#2399=CARTESIAN_POINT('',(0.05345,0.015,-0.0015));
#2400=CARTESIAN_POINT('',(0.0388555176262008,0.015,-0.0367341972826411));
#2401=CARTESIAN_POINT('',(0.0372291720294717,0.015,-0.0351078516859121));
#2402=CARTESIAN_POINT('',(0.0351078516859121,0.015,-0.0372291720294717));
#2403=CARTESIAN_POINT('',(0.0351078516859121,0.015,-0.0372291720294717));
#2404=CARTESIAN_POINT('',(0.0367341972826411,0.015,-0.0388555176262008));
#2405=CARTESIAN_POINT('',(0.0015,0.015,-0.05345));
#2406=CARTESIAN_POINT('',(-0.0015,0.015,-0.05345));
#2407=CARTESIAN_POINT('',(-0.0367341972826411,0.015,-0.0388555176262008));
#2408=CARTESIAN_POINT('',(-0.0351078516859121,0.015,-0.0372291720294717));
#2409=CARTESIAN_POINT('',(-0.0372291720294717,0.015,-0.0351078516859121));
#2410=CARTESIAN_POINT('',(-0.0372291720294717,0.015,-0.0351078516859121));
#2411=CARTESIAN_POINT('',(-0.0388555176262008,0.015,-0.0367341972826411));
#2412=CARTESIAN_POINT('',(-0.05345,0.015,-0.0015));
#2413=CARTESIAN_POINT('',(-0.05345,0.015,0.0015));
#2414=CARTESIAN_POINT('',(0.0015,0.176501610345254,0.01875));
#2415=CARTESIAN_POINT('',(0.0015,0.176501610345254,0.01875));
#2416=CARTESIAN_POINT('',(-0.0015,0.176501610345254,0.01875));
#2417=CARTESIAN_POINT('',(0.0015,0.0925,0.028575));
#2418=CARTESIAN_POINT('',(-0.0015,0.0925,0.028575));
#2419=CARTESIAN_POINT('',(0.0372291720294717,0.015,0.0351078516859121));
#2420=CARTESIAN_POINT('',(0.0351078516859121,0.015,0.0372291720294718));
#2421=CARTESIAN_POINT('',(0.0372291720294717,0.0158927194787581,0.0351078516859121));
#2422=CARTESIAN_POINT('',(0.0351078516859121,0.0158927194787581,0.0372291720294718));
#2423=CARTESIAN_POINT('',(0.0370854896453174,0.0226118795512469,0.0349641693017577));
#2424=CARTESIAN_POINT('',(0.0349641693017577,0.0226118795512469,0.0370854896453174));
#2425=CARTESIAN_POINT('',(0.0361698636954744,0.0433549383672266,0.0340485433519147));
#2426=CARTESIAN_POINT('',(0.0340485433519147,0.0433549383672266,0.0361698636954744));
#2427=CARTESIAN_POINT('',(0.0345993072297448,0.0660804812779215,0.0324779868861852));
#2428=CARTESIAN_POINT('',(0.0324779868861851,0.0660804812779215,0.0345993072297448));
#2429=CARTESIAN_POINT('',(0.0327236688099113,0.0854561413669706,0.0306023484663517));
#2430=CARTESIAN_POINT('',(0.0306023484663516,0.0854561413669706,0.0327236688099113));
#2431=CARTESIAN_POINT('',(0.0309741203371181,0.100068812566248,0.0288527999935585));
#2432=CARTESIAN_POINT('',(0.0288527999935585,0.100068812566248,0.0309741203371182));
#2433=CARTESIAN_POINT('',(0.0288464739754496,0.114243617871063,0.0267251536318899));
#2434=CARTESIAN_POINT('',(0.0267251536318899,0.114243617871063,0.0288464739754496));
#2435=CARTESIAN_POINT('',(0.0263133096927295,0.127469814947571,0.0241919893491699));
#2436=CARTESIAN_POINT('',(0.0241919893491699,0.127469814947571,0.0263133096927296));
#2437=CARTESIAN_POINT('',(0.0235845884056435,0.13947982708315,0.0214632680620839));
#2438=CARTESIAN_POINT('',(0.0214632680620838,0.13947982708315,0.0235845884056436));
#2439=CARTESIAN_POINT('',(0.0199563044377864,0.15350540954163,0.0178349840942268));
#2440=CARTESIAN_POINT('',(0.0178349840942267,0.15350540954163,0.0199563044377864));
#2441=CARTESIAN_POINT('',(0.0159519013524804,0.166628351409319,0.0138305810089207));
#2442=CARTESIAN_POINT('',(0.0138305810089207,0.166628351409319,0.0159519013524804));
#2443=CARTESIAN_POINT('',(0.0144052880980483,0.17096671381984,0.0122839677544886));
#2444=CARTESIAN_POINT('',(0.0122839677544886,0.17096671381984,0.0144052880980483));
#2445=CARTESIAN_POINT('',(0.0143189123190276,0.171231707424389,0.0121975919754679));
#2446=CARTESIAN_POINT('',(0.0121975919754679,0.171231707424389,0.0143189123190276));
#2447=CARTESIAN_POINT('',(0.0351078516859121,0.015,0.0372291720294717));
#2448=CARTESIAN_POINT('',(0.0351078516859121,0.019,0.0372291720294717));
#2449=CARTESIAN_POINT('',(0.0325326086655726,0.114567613004176,0.0346539290091323));
#2450=CARTESIAN_POINT('',(0.0125015750449223,0.17029911300718,0.014622895388482));
#2451=CARTESIAN_POINT('',(0.0121975919754679,0.171231707424389,0.0143189123190276));
#2452=CARTESIAN_POINT('',(0.0121975919754679,0.171231707424389,0.0143189123190276));
#2453=CARTESIAN_POINT('',(0.0143189123190276,0.171231707424389,0.0121975919754679));
#2454=CARTESIAN_POINT('',(0.0143189123190276,0.171231707424389,0.0121975919754679));
#2455=CARTESIAN_POINT('',(0.0372291720294717,0.015,0.0351078516859121));
#2456=CARTESIAN_POINT('',(0.0372291720294717,0.019,0.0351078516859121));
#2457=CARTESIAN_POINT('',(0.0346539290091323,0.114567613004176,0.0325326086655726));
#2458=CARTESIAN_POINT('',(0.014622895388482,0.17029911300718,0.0125015750449223));
#2459=CARTESIAN_POINT('',(0.0143189123190276,0.171231707424389,0.0121975919754679));
#2460=CARTESIAN_POINT('',(0.0143189123190276,0.176501610345254,0.0121975919754679));
#2461=CARTESIAN_POINT('',(0.0143189123190276,0.176501610345254,0.0121975919754679));
#2462=CARTESIAN_POINT('',(0.0121975919754679,0.176501610345254,0.0143189123190276));
#2463=CARTESIAN_POINT('',(0.0212662364441854,0.0925,0.0191449161006258));
#2464=CARTESIAN_POINT('',(0.0191449161006258,0.0925,0.0212662364441854));
#2465=CARTESIAN_POINT('',(0.01875,0.176501610345254,-0.0015));
#2466=CARTESIAN_POINT('',(0.01875,0.176501610345254,-0.0015));
#2467=CARTESIAN_POINT('',(0.01875,0.176501610345254,0.0015));
#2468=CARTESIAN_POINT('',(0.028575,0.0925,-0.0015));
#2469=CARTESIAN_POINT('',(0.028575,0.0925,0.0015));
#2470=CARTESIAN_POINT('',(0.0351078516859121,0.015,-0.0372291720294717));
#2471=CARTESIAN_POINT('',(0.0372291720294718,0.015,-0.0351078516859121));
#2472=CARTESIAN_POINT('',(0.0351078516859121,0.0158927194787581,-0.0372291720294717));
#2473=CARTESIAN_POINT('',(0.0372291720294718,0.0158927194787581,-0.0351078516859121));
#2474=CARTESIAN_POINT('',(0.0349641693017577,0.0226118795512469,-0.0370854896453174));
#2475=CARTESIAN_POINT('',(0.0370854896453174,0.0226118795512469,-0.0349641693017577));
#2476=CARTESIAN_POINT('',(0.0340485433519147,0.0433549383672266,-0.0361698636954744));
#2477=CARTESIAN_POINT('',(0.0361698636954744,0.0433549383672266,-0.0340485433519147));
#2478=CARTESIAN_POINT('',(0.0324779868861852,0.0660804812779215,-0.0345993072297448));
#2479=CARTESIAN_POINT('',(0.0345993072297448,0.0660804812779215,-0.0324779868861851));
#2480=CARTESIAN_POINT('',(0.0306023484663517,0.0854561413669706,-0.0327236688099113));
#2481=CARTESIAN_POINT('',(0.0327236688099113,0.0854561413669706,-0.0306023484663516));
#2482=CARTESIAN_POINT('',(0.0288527999935585,0.100068812566248,-0.0309741203371181));
#2483=CARTESIAN_POINT('',(0.0309741203371182,0.100068812566248,-0.0288527999935585));
#2484=CARTESIAN_POINT('',(0.0267251536318899,0.114243617871063,-0.0288464739754496));
#2485=CARTESIAN_POINT('',(0.0288464739754496,0.114243617871063,-0.0267251536318899));
#2486=CARTESIAN_POINT('',(0.0241919893491699,0.127469814947571,-0.0263133096927295));
#2487=CARTESIAN_POINT('',(0.0263133096927296,0.127469814947571,-0.0241919893491699));
#2488=CARTESIAN_POINT('',(0.0214632680620839,0.13947982708315,-0.0235845884056435));
#2489=CARTESIAN_POINT('',(0.0235845884056436,0.13947982708315,-0.0214632680620838));
#2490=CARTESIAN_POINT('',(0.0178349840942268,0.15350540954163,-0.0199563044377864));
#2491=CARTESIAN_POINT('',(0.0199563044377864,0.15350540954163,-0.0178349840942267));
#2492=CARTESIAN_POINT('',(0.0138305810089207,0.166628351409319,-0.0159519013524804));
#2493=CARTESIAN_POINT('',(0.0159519013524804,0.166628351409319,-0.0138305810089207));
#2494=CARTESIAN_POINT('',(0.0122839677544886,0.17096671381984,-0.0144052880980483));
#2495=CARTESIAN_POINT('',(0.0144052880980483,0.17096671381984,-0.0122839677544886));
#2496=CARTESIAN_POINT('',(0.0121975919754679,0.171231707424389,-0.0143189123190276));
#2497=CARTESIAN_POINT('',(0.0143189123190276,0.171231707424389,-0.0121975919754679));
#2498=CARTESIAN_POINT('',(0.0372291720294717,0.015,-0.0351078516859121));
#2499=CARTESIAN_POINT('',(0.0372291720294717,0.019,-0.0351078516859121));
#2500=CARTESIAN_POINT('',(0.0346539290091323,0.114567613004176,-0.0325326086655726));
#2501=CARTESIAN_POINT('',(0.014622895388482,0.17029911300718,-0.0125015750449223));
#2502=CARTESIAN_POINT('',(0.0143189123190276,0.171231707424389,-0.0121975919754679));
#2503=CARTESIAN_POINT('',(0.0143189123190276,0.171231707424389,-0.0121975919754679));
#2504=CARTESIAN_POINT('',(0.0121975919754679,0.171231707424389,-0.0143189123190276));
#2505=CARTESIAN_POINT('',(0.0121975919754679,0.171231707424389,-0.0143189123190276));
#2506=CARTESIAN_POINT('',(0.0351078516859121,0.015,-0.0372291720294717));
#2507=CARTESIAN_POINT('',(0.0351078516859121,0.019,-0.0372291720294717));
#2508=CARTESIAN_POINT('',(0.0325326086655726,0.114567613004176,-0.0346539290091323));
#2509=CARTESIAN_POINT('',(0.0125015750449223,0.17029911300718,-0.014622895388482));
#2510=CARTESIAN_POINT('',(0.0121975919754679,0.171231707424389,-0.0143189123190276));
#2511=CARTESIAN_POINT('',(0.0121975919754679,0.176501610345254,-0.0143189123190276));
#2512=CARTESIAN_POINT('',(0.0121975919754679,0.176501610345254,-0.0143189123190276));
#2513=CARTESIAN_POINT('',(0.0143189123190276,0.176501610345254,-0.0121975919754679));
#2514=CARTESIAN_POINT('',(0.0191449161006258,0.0925,-0.0212662364441854));
#2515=CARTESIAN_POINT('',(0.0212662364441854,0.0925,-0.0191449161006258));
#2516=CARTESIAN_POINT('',(-0.0015,0.176501610345254,-0.01875));
#2517=CARTESIAN_POINT('',(-0.0015,0.176501610345254,-0.01875));
#2518=CARTESIAN_POINT('',(0.0015,0.176501610345254,-0.01875));
#2519=CARTESIAN_POINT('',(-0.0015,0.0925,-0.028575));
#2520=CARTESIAN_POINT('',(0.0015,0.0925,-0.028575));
#2521=CARTESIAN_POINT('',(-0.0372291720294717,0.015,-0.0351078516859121));
#2522=CARTESIAN_POINT('',(-0.0351078516859121,0.015,-0.0372291720294718));
#2523=CARTESIAN_POINT('',(-0.0372291720294717,0.0158927194787581,-0.0351078516859121));
#2524=CARTESIAN_POINT('',(-0.0351078516859121,0.0158927194787581,-0.0372291720294718));
#2525=CARTESIAN_POINT('',(-0.0370854896453174,0.0226118795512469,-0.0349641693017577));
#2526=CARTESIAN_POINT('',(-0.0349641693017577,0.0226118795512469,-0.0370854896453174));
#2527=CARTESIAN_POINT('',(-0.0361698636954744,0.0433549383672266,-0.0340485433519147));
#2528=CARTESIAN_POINT('',(-0.0340485433519147,0.0433549383672266,-0.0361698636954744));
#2529=CARTESIAN_POINT('',(-0.0345993072297448,0.0660804812779215,-0.0324779868861852));
#2530=CARTESIAN_POINT('',(-0.0324779868861851,0.0660804812779215,-0.0345993072297448));
#2531=CARTESIAN_POINT('',(-0.0327236688099113,0.0854561413669706,-0.0306023484663517));
#2532=CARTESIAN_POINT('',(-0.0306023484663516,0.0854561413669706,-0.0327236688099113));
#2533=CARTESIAN_POINT('',(-0.0309741203371181,0.100068812566248,-0.0288527999935585));
#2534=CARTESIAN_POINT('',(-0.0288527999935585,0.100068812566248,-0.0309741203371182));
#2535=CARTESIAN_POINT('',(-0.0288464739754496,0.114243617871063,-0.0267251536318899));
#2536=CARTESIAN_POINT('',(-0.0267251536318899,0.114243617871063,-0.0288464739754496));
#2537=CARTESIAN_POINT('',(-0.0263133096927295,0.127469814947571,-0.0241919893491699));
#2538=CARTESIAN_POINT('',(-0.0241919893491699,0.127469814947571,-0.0263133096927296));
#2539=CARTESIAN_POINT('',(-0.0235845884056435,0.13947982708315,-0.0214632680620839));
#2540=CARTESIAN_POINT('',(-0.0214632680620838,0.13947982708315,-0.0235845884056436));
#2541=CARTESIAN_POINT('',(-0.0199563044377864,0.15350540954163,-0.0178349840942268));
#2542=CARTESIAN_POINT('',(-0.0178349840942267,0.15350540954163,-0.0199563044377864));
#2543=CARTESIAN_POINT('',(-0.0159519013524804,0.166628351409319,-0.0138305810089207));
#2544=CARTESIAN_POINT('',(-0.0138305810089207,0.166628351409319,-0.0159519013524804));
#2545=CARTESIAN_POINT('',(-0.0144052880980483,0.17096671381984,-0.0122839677544886));
#2546=CARTESIAN_POINT('',(-0.0122839677544886,0.17096671381984,-0.0144052880980483));
#2547=CARTESIAN_POINT('',(-0.0143189123190276,0.171231707424389,-0.0121975919754679));
#2548=CARTESIAN_POINT('',(-0.0121975919754679,0.171231707424389,-0.0143189123190276));
#2549=CARTESIAN_POINT('',(-0.0351078516859121,0.015,-0.0372291720294717));
#2550=CARTESIAN_POINT('',(-0.0351078516859121,0.019,-0.0372291720294717));
#2551=CARTESIAN_POINT('',(-0.0325326086655726,0.114567613004176,-0.0346539290091323));
#2552=CARTESIAN_POINT('',(-0.0125015750449223,0.17029911300718,-0.014622895388482));
#2553=CARTESIAN_POINT('',(-0.0121975919754679,0.171231707424389,-0.0143189123190276));
#2554=CARTESIAN_POINT('',(-0.0121975919754679,0.171231707424389,-0.0143189123190276));
#2555=CARTESIAN_POINT('',(-0.0143189123190276,0.171231707424389,-0.0121975919754679));
#2556=CARTESIAN_POINT('',(-0.0143189123190276,0.171231707424389,-0.0121975919754679));
#2557=CARTESIAN_POINT('',(-0.0372291720294717,0.015,-0.0351078516859121));
#2558=CARTESIAN_POINT('',(-0.0372291720294717,0.019,-0.0351078516859121));
#2559=CARTESIAN_POINT('',(-0.0346539290091323,0.114567613004176,-0.0325326086655726));
#2560=CARTESIAN_POINT('',(-0.014622895388482,0.17029911300718,-0.0125015750449223));
#2561=CARTESIAN_POINT('',(-0.0143189123190276,0.171231707424389,-0.0121975919754679));
#2562=CARTESIAN_POINT('',(-0.0143189123190276,0.176501610345254,-0.0121975919754679));
#2563=CARTESIAN_POINT('',(-0.0143189123190276,0.176501610345254,-0.0121975919754679));
#2564=CARTESIAN_POINT('',(-0.0121975919754679,0.176501610345254,-0.0143189123190276));
#2565=CARTESIAN_POINT('',(-0.0212662364441854,0.0925,-0.0191449161006258));
#2566=CARTESIAN_POINT('',(-0.0191449161006258,0.0925,-0.0212662364441854));
#2567=CARTESIAN_POINT('',(-0.01875,0.176501610345254,0.0015));
#2568=CARTESIAN_POINT('',(-0.01875,0.176501610345254,0.0015));
#2569=CARTESIAN_POINT('',(-0.01875,0.176501610345254,-0.0015));
#2570=CARTESIAN_POINT('',(-0.028575,0.0925,0.0015));
#2571=CARTESIAN_POINT('',(-0.028575,0.0925,-0.0015));
#2572=CARTESIAN_POINT('',(-0.0351078516859121,0.015,0.0372291720294717));
#2573=CARTESIAN_POINT('',(-0.0372291720294717,0.015,0.0351078516859121));
#2574=CARTESIAN_POINT('',(-0.0351078516859121,0.0158927194787581,0.0372291720294717));
#2575=CARTESIAN_POINT('',(-0.0372291720294717,0.0158927194787581,0.0351078516859121));
#2576=CARTESIAN_POINT('',(-0.0349641693017577,0.0226118795512469,0.0370854896453174));
#2577=CARTESIAN_POINT('',(-0.0370854896453174,0.0226118795512469,0.0349641693017577));
#2578=CARTESIAN_POINT('',(-0.0340485433519147,0.0433549383672266,0.0361698636954743));
#2579=CARTESIAN_POINT('',(-0.0361698636954744,0.0433549383672266,0.0340485433519147));
#2580=CARTESIAN_POINT('',(-0.0324779868861852,0.0660804812779215,0.0345993072297448));
#2581=CARTESIAN_POINT('',(-0.0345993072297448,0.0660804812779215,0.0324779868861851));
#2582=CARTESIAN_POINT('',(-0.0306023484663517,0.0854561413669706,0.0327236688099113));
#2583=CARTESIAN_POINT('',(-0.0327236688099113,0.0854561413669706,0.0306023484663516));
#2584=CARTESIAN_POINT('',(-0.0288527999935585,0.100068812566248,0.0309741203371181));
#2585=CARTESIAN_POINT('',(-0.0309741203371181,0.100068812566248,0.0288527999935585));
#2586=CARTESIAN_POINT('',(-0.0267251536318899,0.114243617871063,0.0288464739754496));
#2587=CARTESIAN_POINT('',(-0.0288464739754496,0.114243617871063,0.0267251536318899));
#2588=CARTESIAN_POINT('',(-0.0241919893491699,0.127469814947571,0.0263133096927295));
#2589=CARTESIAN_POINT('',(-0.0263133096927295,0.127469814947571,0.0241919893491699));
#2590=CARTESIAN_POINT('',(-0.0214632680620839,0.13947982708315,0.0235845884056435));
#2591=CARTESIAN_POINT('',(-0.0235845884056435,0.13947982708315,0.0214632680620839));
#2592=CARTESIAN_POINT('',(-0.0178349840942268,0.15350540954163,0.0199563044377864));
#2593=CARTESIAN_POINT('',(-0.0199563044377864,0.15350540954163,0.0178349840942268));
#2594=CARTESIAN_POINT('',(-0.0138305810089207,0.166628351409319,0.0159519013524804));
#2595=CARTESIAN_POINT('',(-0.0159519013524804,0.166628351409319,0.0138305810089207));
#2596=CARTESIAN_POINT('',(-0.0122839677544886,0.17096671381984,0.0144052880980483));
#2597=CARTESIAN_POINT('',(-0.0144052880980483,0.17096671381984,0.0122839677544886));
#2598=CARTESIAN_POINT('',(-0.0121975919754679,0.171231707424389,0.0143189123190276));
#2599=CARTESIAN_POINT('',(-0.0143189123190276,0.171231707424389,0.0121975919754679));
#2600=CARTESIAN_POINT('',(-0.0372291720294717,0.015,0.0351078516859121));
#2601=CARTESIAN_POINT('',(-0.0372291720294717,0.019,0.0351078516859121));
#2602=CARTESIAN_POINT('',(-0.0346539290091323,0.114567613004176,0.0325326086655726));
#2603=CARTESIAN_POINT('',(-0.014622895388482,0.17029911300718,0.0125015750449223));
#2604=CARTESIAN_POINT('',(-0.0143189123190276,0.171231707424389,0.0121975919754679));
#2605=CARTESIAN_POINT('',(-0.0143189123190276,0.171231707424389,0.0121975919754679));
#2606=CARTESIAN_POINT('',(-0.0121975919754679,0.171231707424389,0.0143189123190276));
#2607=CARTESIAN_POINT('',(-0.0121975919754679,0.171231707424389,0.0143189123190276));
#2608=CARTESIAN_POINT('',(-0.0351078516859121,0.015,0.0372291720294717));
#2609=CARTESIAN_POINT('',(-0.0351078516859121,0.019,0.0372291720294717));
#2610=CARTESIAN_POINT('',(-0.0325326086655726,0.114567613004176,0.0346539290091323));
#2611=CARTESIAN_POINT('',(-0.0125015750449223,0.17029911300718,0.014622895388482));
#2612=CARTESIAN_POINT('',(-0.0121975919754679,0.171231707424389,0.0143189123190276));
#2613=CARTESIAN_POINT('',(-0.0121975919754679,0.176501610345254,0.0143189123190276));
#2614=CARTESIAN_POINT('',(-0.0121975919754679,0.176501610345254,0.0143189123190276));
#2615=CARTESIAN_POINT('',(-0.0143189123190276,0.176501610345254,0.0121975919754679));
#2616=CARTESIAN_POINT('',(-0.0191449161006258,0.0925,0.0212662364441854));
#2617=CARTESIAN_POINT('',(-0.0212662364441854,0.0925,0.0191449161006257));
#2618=CARTESIAN_POINT('',(-0.065,0.056,-1.19403062916867E-17));
#2619=CARTESIAN_POINT('',(7.9602041944578E-18,0.056,-0.065));
#2620=CARTESIAN_POINT('',(0.065,0.056,3.9801020972289E-18));
#2621=CARTESIAN_POINT('',(0.,0.056,0.065));
#2622=MECHANICAL_DESIGN_GEOMETRIC_PRESENTATION_REPRESENTATION('',(#849),
#2623);
#2623=(
GEOMETRIC_REPRESENTATION_CONTEXT(3)
GLOBAL_UNCERTAINTY_ASSIGNED_CONTEXT((#2624))
GLOBAL_UNIT_ASSIGNED_CONTEXT((#2627,#2626,#2625))
REPRESENTATION_CONTEXT('Tail Shell','TOP_LEVEL_ASSEMBLY_PART')
);
#2624=UNCERTAINTY_MEASURE_WITH_UNIT(LENGTH_MEASURE(2.E-5),#2627,
'DISTANCE_ACCURACY_VALUE','Maximum Tolerance applied to model');
#2625=(
NAMED_UNIT(*)
SI_UNIT($,.STERADIAN.)
SOLID_ANGLE_UNIT()
);
#2626=(
NAMED_UNIT(*)
PLANE_ANGLE_UNIT()
SI_UNIT($,.RADIAN.)
);
#2627=(
LENGTH_UNIT()
NAMED_UNIT(*)
SI_UNIT($,.METRE.)
);
#2628=PRODUCT_DEFINITION_SHAPE('','',#2629);
#2629=PRODUCT_DEFINITION('','',#2631,#2630);
#2630=PRODUCT_DEFINITION_CONTEXT('',#2637,'design');
#2631=PRODUCT_DEFINITION_FORMATION_WITH_SPECIFIED_SOURCE('','',#2633,
 .NOT_KNOWN.);
#2632=PRODUCT_RELATED_PRODUCT_CATEGORY('','',(#2633));
#2633=PRODUCT('Tail Shell','Tail Shell','Tail Shell',(#2635));
#2634=PRODUCT_CATEGORY('','');
#2635=PRODUCT_CONTEXT('',#2637,'mechanical');
#2636=APPLICATION_PROTOCOL_DEFINITION('international standard',
'ap242_managed_model_based_3d_engineering',2020,#2637);
#2637=APPLICATION_CONTEXT('managed model based 3d engineering');
ENDSEC;
END-ISO-10303-21;
