ISO-10303-21;
HEADER;
/* Generated by software containing ST-Developer
 * from STEP Tools, Inc. (www.steptools.com) 
 */
/* OPTION: using custom renumber hook */

FILE_DESCRIPTION(
/* description */ ('STEP AP242 Edition 2',
'CAx-IF Rec.Pracs.---Representation and Presentation of Product Manufa
cturing Information (PMI)---4.0---2014-10-13',
'CAx-IF Rec.Pracs.---3D Tessellated Geometry---0.4---2014-09-14','2;1',
'CAx-IF Rec.Pracs.---User Defined Attributes---1.5---2016-08-15'),
/* implementation_level */ '2;1');

FILE_NAME(
/* name */ 'Tail - Tail Boolean',
/* time_stamp */ '2026-08-23T20:30:47Z',
/* author */ (''),
/* organization */ (''),
/* preprocessor_version */ 'ST-DEVELOPER v20',
/* originating_system */ 'ONSHAPE BY PTC INC, 1.219',
/* authorisation */ '  ');

FILE_SCHEMA (('AP242_MANAGED_MODEL_BASED_3D_ENGINEERING_MIM_LF { 1 0 10303 442 3 1 4 }'));
ENDSEC;

DATA;
#10=SHAPE_REPRESENTATION_RELATIONSHIP('','',#4458,#11);
#11=ADVANCED_BREP_SHAPE_REPRESENTATION('',(#4456),#8533);
#12=CONICAL_SURFACE('',#4545,0.0451302,0.370657460580466);
#13=CYLINDRICAL_SURFACE('',#4503,0.0014);
#14=CYLINDRICAL_SURFACE('',#4505,0.0014);
#15=CYLINDRICAL_SURFACE('',#4507,0.0014);
#16=CYLINDRICAL_SURFACE('',#4509,0.0014);
#17=CYLINDRICAL_SURFACE('',#4535,0.05715);
#18=CYLINDRICAL_SURFACE('',#4539,0.0511302);
#19=CYLINDRICAL_SURFACE('',#4543,0.0451302);
#20=CYLINDRICAL_SURFACE('',#4611,0.045);
#21=CYLINDRICAL_SURFACE('',#4612,0.045);
#22=CYLINDRICAL_SURFACE('',#4613,0.045);
#23=CYLINDRICAL_SURFACE('',#4614,0.045);
#24=CYLINDRICAL_SURFACE('',#4615,0.045);
#25=CYLINDRICAL_SURFACE('',#4616,0.045);
#26=CYLINDRICAL_SURFACE('',#4617,0.045);
#27=CYLINDRICAL_SURFACE('',#4618,0.045);
#28=CYLINDRICAL_SURFACE('',#4689,0.04);
#29=CYLINDRICAL_SURFACE('',#4691,0.04);
#30=CYLINDRICAL_SURFACE('',#4693,0.04);
#31=CYLINDRICAL_SURFACE('',#4695,0.04);
#32=CYLINDRICAL_SURFACE('',#4697,0.04);
#33=CYLINDRICAL_SURFACE('',#4699,0.04);
#34=CYLINDRICAL_SURFACE('',#4701,0.04);
#35=CYLINDRICAL_SURFACE('',#4715,0.01875);
#36=CYLINDRICAL_SURFACE('',#4716,0.04);
#37=CYLINDRICAL_SURFACE('',#4717,0.0025);
#38=CYLINDRICAL_SURFACE('',#4718,0.0025);
#39=CYLINDRICAL_SURFACE('',#4727,0.0025);
#40=CYLINDRICAL_SURFACE('',#4728,0.0025);
#41=CYLINDRICAL_SURFACE('',#4737,0.0025);
#42=CYLINDRICAL_SURFACE('',#4738,0.0025);
#43=CYLINDRICAL_SURFACE('',#4747,0.0025);
#44=CYLINDRICAL_SURFACE('',#4756,0.0025);
#45=CYLINDRICAL_SURFACE('',#4757,0.01875);
#46=CYLINDRICAL_SURFACE('',#4761,0.0015);
#47=CYLINDRICAL_SURFACE('',#4763,0.0015);
#48=CYLINDRICAL_SURFACE('',#4765,0.0015);
#49=CYLINDRICAL_SURFACE('',#4768,0.0015);
#50=PLANE('',#4462);
#51=PLANE('',#4463);
#52=PLANE('',#4464);
#53=PLANE('',#4465);
#54=PLANE('',#4466);
#55=PLANE('',#4467);
#56=PLANE('',#4468);
#57=PLANE('',#4469);
#58=PLANE('',#4470);
#59=PLANE('',#4471);
#60=PLANE('',#4472);
#61=PLANE('',#4473);
#62=PLANE('',#4474);
#63=PLANE('',#4475);
#64=PLANE('',#4476);
#65=PLANE('',#4477);
#66=PLANE('',#4494);
#67=PLANE('',#4495);
#68=PLANE('',#4496);
#69=PLANE('',#4497);
#70=PLANE('',#4498);
#71=PLANE('',#4499);
#72=PLANE('',#4500);
#73=PLANE('',#4501);
#74=PLANE('',#4502);
#75=PLANE('',#4511);
#76=PLANE('',#4514);
#77=PLANE('',#4517);
#78=PLANE('',#4520);
#79=PLANE('',#4523);
#80=PLANE('',#4526);
#81=PLANE('',#4529);
#82=PLANE('',#4532);
#83=PLANE('',#4537);
#84=PLANE('',#4541);
#85=PLANE('',#4546);
#86=PLANE('',#4547);
#87=PLANE('',#4548);
#88=PLANE('',#4549);
#89=PLANE('',#4554);
#90=PLANE('',#4555);
#91=PLANE('',#4556);
#92=PLANE('',#4557);
#93=PLANE('',#4562);
#94=PLANE('',#4563);
#95=PLANE('',#4564);
#96=PLANE('',#4565);
#97=PLANE('',#4570);
#98=PLANE('',#4571);
#99=PLANE('',#4572);
#100=PLANE('',#4575);
#101=PLANE('',#4578);
#102=PLANE('',#4581);
#103=PLANE('',#4584);
#104=PLANE('',#4587);
#105=PLANE('',#4590);
#106=PLANE('',#4607);
#107=PLANE('',#4608);
#108=PLANE('',#4609);
#109=PLANE('',#4610);
#110=PLANE('',#4619);
#111=PLANE('',#4620);
#112=PLANE('',#4621);
#113=PLANE('',#4622);
#114=PLANE('',#4623);
#115=PLANE('',#4624);
#116=PLANE('',#4625);
#117=PLANE('',#4626);
#118=PLANE('',#4627);
#119=PLANE('',#4628);
#120=PLANE('',#4629);
#121=PLANE('',#4630);
#122=PLANE('',#4631);
#123=PLANE('',#4632);
#124=PLANE('',#4633);
#125=PLANE('',#4634);
#126=PLANE('',#4635);
#127=PLANE('',#4636);
#128=PLANE('',#4637);
#129=PLANE('',#4638);
#130=PLANE('',#4639);
#131=PLANE('',#4640);
#132=PLANE('',#4641);
#133=PLANE('',#4642);
#134=PLANE('',#4643);
#135=PLANE('',#4644);
#136=PLANE('',#4645);
#137=PLANE('',#4646);
#138=PLANE('',#4647);
#139=PLANE('',#4648);
#140=PLANE('',#4649);
#141=PLANE('',#4650);
#142=PLANE('',#4651);
#143=PLANE('',#4652);
#144=PLANE('',#4653);
#145=PLANE('',#4654);
#146=PLANE('',#4656);
#147=PLANE('',#4657);
#148=PLANE('',#4659);
#149=PLANE('',#4660);
#150=PLANE('',#4662);
#151=PLANE('',#4663);
#152=PLANE('',#4665);
#153=PLANE('',#4666);
#154=PLANE('',#4668);
#155=PLANE('',#4669);
#156=PLANE('',#4671);
#157=PLANE('',#4672);
#158=PLANE('',#4675);
#159=PLANE('',#4703);
#160=PLANE('',#4719);
#161=PLANE('',#4720);
#162=PLANE('',#4721);
#163=PLANE('',#4722);
#164=PLANE('',#4723);
#165=PLANE('',#4724);
#166=PLANE('',#4725);
#167=PLANE('',#4726);
#168=PLANE('',#4729);
#169=PLANE('',#4730);
#170=PLANE('',#4731);
#171=PLANE('',#4732);
#172=PLANE('',#4733);
#173=PLANE('',#4734);
#174=PLANE('',#4735);
#175=PLANE('',#4736);
#176=PLANE('',#4739);
#177=PLANE('',#4740);
#178=PLANE('',#4741);
#179=PLANE('',#4742);
#180=PLANE('',#4743);
#181=PLANE('',#4744);
#182=PLANE('',#4745);
#183=PLANE('',#4746);
#184=PLANE('',#4748);
#185=PLANE('',#4749);
#186=PLANE('',#4750);
#187=PLANE('',#4751);
#188=PLANE('',#4752);
#189=PLANE('',#4753);
#190=PLANE('',#4754);
#191=PLANE('',#4755);
#192=PLANE('',#4759);
#193=PLANE('',#4760);
#194=PLANE('',#4767);
#195=PLANE('',#4770);
#196=CIRCLE('',#4460,0.0392293704116245);
#197=CIRCLE('',#4461,0.01875);
#198=CIRCLE('',#4478,0.0203668668897286);
#199=CIRCLE('',#4479,0.05715);
#200=CIRCLE('',#4480,0.0392293704116245);
#201=CIRCLE('',#4481,0.01875);
#202=CIRCLE('',#4482,0.0392293704116245);
#203=CIRCLE('',#4483,0.01875);
#204=CIRCLE('',#4484,0.0392293704116245);
#205=CIRCLE('',#4485,0.01875);
#206=CIRCLE('',#4486,0.0392293704116245);
#207=CIRCLE('',#4487,0.01875);
#208=CIRCLE('',#4488,0.0392293704116245);
#209=CIRCLE('',#4489,0.01875);
#210=CIRCLE('',#4490,0.0392293704116245);
#211=CIRCLE('',#4491,0.01875);
#212=CIRCLE('',#4492,0.0392293704116245);
#213=CIRCLE('',#4493,0.01875);
#214=CIRCLE('',#4504,0.0014);
#215=CIRCLE('',#4506,0.0014);
#216=CIRCLE('',#4508,0.0014);
#217=CIRCLE('',#4510,0.0014);
#218=CIRCLE('',#4512,0.0551841735741408);
#219=CIRCLE('',#4513,0.0519310451387855);
#220=CIRCLE('',#4515,0.0551841735741408);
#221=CIRCLE('',#4516,0.0519310451387855);
#222=CIRCLE('',#4518,0.0551841735741408);
#223=CIRCLE('',#4519,0.0519310451387855);
#224=CIRCLE('',#4521,0.0551841735741408);
#225=CIRCLE('',#4522,0.0519310451387855);
#226=CIRCLE('',#4524,0.0551841735741408);
#227=CIRCLE('',#4525,0.0519310451387855);
#228=CIRCLE('',#4527,0.0551841735741408);
#229=CIRCLE('',#4528,0.0519310451387855);
#230=CIRCLE('',#4530,0.0551841735741408);
#231=CIRCLE('',#4531,0.0519310451387855);
#232=CIRCLE('',#4533,0.0551841735741408);
#233=CIRCLE('',#4534,0.0519310451387855);
#234=CIRCLE('',#4536,0.05715);
#235=CIRCLE('',#4538,0.0511302);
#236=CIRCLE('',#4540,0.0511302);
#237=CIRCLE('',#4542,0.0451302);
#238=CIRCLE('',#4544,0.0451302);
#239=CIRCLE('',#4550,0.053594455827099);
#240=CIRCLE('',#4551,0.0528170006362034);
#241=CIRCLE('',#4552,0.0528170006362034);
#242=CIRCLE('',#4553,0.053594455827099);
#243=CIRCLE('',#4558,0.053594455827099);
#244=CIRCLE('',#4559,0.0528170006362034);
#245=CIRCLE('',#4560,0.0528170006362034);
#246=CIRCLE('',#4561,0.053594455827099);
#247=CIRCLE('',#4566,0.053594455827099);
#248=CIRCLE('',#4567,0.0528170006362034);
#249=CIRCLE('',#4568,0.0528170006362034);
#250=CIRCLE('',#4569,0.053594455827099);
#251=CIRCLE('',#4573,0.0528170006362034);
#252=CIRCLE('',#4574,0.053594455827099);
#253=CIRCLE('',#4576,0.053594455827099);
#254=CIRCLE('',#4577,0.0528170006362034);
#255=CIRCLE('',#4579,0.045);
#256=CIRCLE('',#4580,0.045);
#257=CIRCLE('',#4582,0.045);
#258=CIRCLE('',#4583,0.045);
#259=CIRCLE('',#4585,0.045);
#260=CIRCLE('',#4586,0.045);
#261=CIRCLE('',#4588,0.045);
#262=CIRCLE('',#4589,0.045);
#263=CIRCLE('',#4591,0.045);
#264=CIRCLE('',#4592,0.045);
#265=CIRCLE('',#4593,0.045);
#266=CIRCLE('',#4594,0.045);
#267=CIRCLE('',#4595,0.045);
#268=CIRCLE('',#4596,0.045);
#269=CIRCLE('',#4597,0.045);
#270=CIRCLE('',#4598,0.045);
#271=CIRCLE('',#4599,0.0523861701927877);
#272=CIRCLE('',#4600,0.0523861701927877);
#273=CIRCLE('',#4601,0.0523861701927877);
#274=CIRCLE('',#4602,0.0523861701927877);
#275=CIRCLE('',#4603,0.0523861701927877);
#276=CIRCLE('',#4604,0.0523861701927877);
#277=CIRCLE('',#4605,0.0523861701927877);
#278=CIRCLE('',#4606,0.0523861701927877);
#279=CIRCLE('',#4655,0.04);
#280=CIRCLE('',#4658,0.04);
#281=CIRCLE('',#4661,0.04);
#282=CIRCLE('',#4664,0.04);
#283=CIRCLE('',#4667,0.04);
#284=CIRCLE('',#4670,0.04);
#285=CIRCLE('',#4673,0.04);
#286=CIRCLE('',#4674,0.04);
#287=CIRCLE('',#4676,0.0015);
#288=CIRCLE('',#4677,0.0015);
#289=CIRCLE('',#4678,0.0015);
#290=CIRCLE('',#4679,0.0015);
#291=CIRCLE('',#4680,0.01875);
#292=CIRCLE('',#4681,0.0025);
#293=CIRCLE('',#4682,0.0025);
#294=CIRCLE('',#4683,0.0025);
#295=CIRCLE('',#4684,0.0025);
#296=CIRCLE('',#4685,0.0025);
#297=CIRCLE('',#4686,0.0025);
#298=CIRCLE('',#4687,0.0025);
#299=CIRCLE('',#4688,0.0025);
#300=CIRCLE('',#4690,0.04);
#301=CIRCLE('',#4692,0.04);
#302=CIRCLE('',#4694,0.04);
#303=CIRCLE('',#4696,0.04);
#304=CIRCLE('',#4698,0.04);
#305=CIRCLE('',#4700,0.04);
#306=CIRCLE('',#4702,0.04);
#307=CIRCLE('',#4704,0.04);
#308=CIRCLE('',#4705,0.0025);
#309=CIRCLE('',#4706,0.0025);
#310=CIRCLE('',#4707,0.0025);
#311=CIRCLE('',#4708,0.0025);
#312=CIRCLE('',#4709,0.0025);
#313=CIRCLE('',#4710,0.0025);
#314=CIRCLE('',#4711,0.0025);
#315=CIRCLE('',#4712,0.0025);
#316=CIRCLE('',#4713,0.01875);
#317=CIRCLE('',#4714,0.01875);
#318=CIRCLE('',#4758,0.01875);
#319=CIRCLE('',#4762,0.0015);
#320=CIRCLE('',#4764,0.0015);
#321=CIRCLE('',#4766,0.0015);
#322=CIRCLE('',#4769,0.0015);
#323=(
BOUNDED_SURFACE()
B_SPLINE_SURFACE(3,3,((#5856,#5857,#5858,#5859),(#5860,#5861,#5862,#5863),
(#5864,#5865,#5866,#5867),(#5868,#5869,#5870,#5871)),
 .SURF_OF_REVOLUTION.,.F.,.F.,.F.)
B_SPLINE_SURFACE_WITH_KNOTS((4,4),(4,4),(-6.0565462306912E-16,0.387123718105698),
(0.,1.),.PIECEWISE_BEZIER_KNOTS.)
GEOMETRIC_REPRESENTATION_ITEM()
RATIONAL_B_SPLINE_SURFACE(((1.,0.948650194815266,0.948650194815266,1.),
(1.,0.948650194815266,0.948650194815266,1.),(1.,0.948650194815266,0.948650194815266,
1.),(1.,0.948650194815266,0.948650194815266,1.)))
REPRESENTATION_ITEM('')
SURFACE()
);
#324=(
BOUNDED_SURFACE()
B_SPLINE_SURFACE(3,3,((#6452,#6453,#6454,#6455),(#6456,#6457,#6458,#6459),
(#6460,#6461,#6462,#6463),(#6464,#6465,#6466,#6467)),
 .SURF_OF_REVOLUTION.,.F.,.F.,.F.)
B_SPLINE_SURFACE_WITH_KNOTS((4,4),(4,4),(-6.72231327549854E-16,0.387123718105698),
(0.,1.),.PIECEWISE_BEZIER_KNOTS.)
GEOMETRIC_REPRESENTATION_ITEM()
RATIONAL_B_SPLINE_SURFACE(((1.,0.948043951932543,0.948043951932543,1.),
(1.,0.948043951932543,0.948043951932543,1.),(1.,0.948043951932543,0.948043951932543,
1.),(1.,0.948043951932543,0.948043951932543,1.)))
REPRESENTATION_ITEM('')
SURFACE()
);
#325=(
BOUNDED_SURFACE()
B_SPLINE_SURFACE(3,3,((#6479,#6480,#6481,#6482),(#6483,#6484,#6485,#6486),
(#6487,#6488,#6489,#6490),(#6491,#6492,#6493,#6494)),
 .SURF_OF_REVOLUTION.,.F.,.F.,.F.)
B_SPLINE_SURFACE_WITH_KNOTS((4,4),(4,4),(-6.0565462306912E-16,0.387123718105698),
(0.,1.),.PIECEWISE_BEZIER_KNOTS.)
GEOMETRIC_REPRESENTATION_ITEM()
RATIONAL_B_SPLINE_SURFACE(((1.,0.948043951932544,0.948043951932544,1.),
(1.,0.948043951932544,0.948043951932544,1.),(1.,0.948043951932544,0.948043951932544,
1.),(1.,0.948043951932544,0.948043951932544,1.)))
REPRESENTATION_ITEM('')
SURFACE()
);
#326=(
BOUNDED_SURFACE()
B_SPLINE_SURFACE(3,3,((#6506,#6507,#6508,#6509),(#6510,#6511,#6512,#6513),
(#6514,#6515,#6516,#6517),(#6518,#6519,#6520,#6521)),
 .SURF_OF_REVOLUTION.,.F.,.F.,.F.)
B_SPLINE_SURFACE_WITH_KNOTS((4,4),(4,4),(-6.11633191640295E-16,0.387123718105698),
(0.,1.),.PIECEWISE_BEZIER_KNOTS.)
GEOMETRIC_REPRESENTATION_ITEM()
RATIONAL_B_SPLINE_SURFACE(((1.,0.948043951932543,0.948043951932543,1.),
(1.,0.948043951932543,0.948043951932543,1.),(1.,0.948043951932543,0.948043951932543,
1.),(1.,0.948043951932543,0.948043951932543,1.)))
REPRESENTATION_ITEM('')
SURFACE()
);
#327=(
BOUNDED_SURFACE()
B_SPLINE_SURFACE(3,3,((#6533,#6534,#6535,#6536),(#6537,#6538,#6539,#6540),
(#6541,#6542,#6543,#6544),(#6545,#6546,#6547,#6548)),
 .SURF_OF_REVOLUTION.,.F.,.F.,.F.)
B_SPLINE_SURFACE_WITH_KNOTS((4,4),(4,4),(-6.0565462306912E-16,0.387123718105698),
(0.,1.),.PIECEWISE_BEZIER_KNOTS.)
GEOMETRIC_REPRESENTATION_ITEM()
RATIONAL_B_SPLINE_SURFACE(((1.,0.948043951932543,0.948043951932543,1.),
(1.,0.948043951932543,0.948043951932543,1.),(1.,0.948043951932543,0.948043951932543,
1.),(1.,0.948043951932543,0.948043951932543,1.)))
REPRESENTATION_ITEM('')
SURFACE()
);
#328=(
BOUNDED_SURFACE()
B_SPLINE_SURFACE(3,3,((#6560,#6561,#6562,#6563),(#6564,#6565,#6566,#6567),
(#6568,#6569,#6570,#6571),(#6572,#6573,#6574,#6575)),
 .SURF_OF_REVOLUTION.,.F.,.F.,.F.)
B_SPLINE_SURFACE_WITH_KNOTS((4,4),(4,4),(-6.21018477949289E-16,0.387123718105698),
(0.,1.),.PIECEWISE_BEZIER_KNOTS.)
GEOMETRIC_REPRESENTATION_ITEM()
RATIONAL_B_SPLINE_SURFACE(((1.,0.948043951932544,0.948043951932544,1.),
(1.,0.948043951932544,0.948043951932544,1.),(1.,0.948043951932544,0.948043951932544,
1.),(1.,0.948043951932544,0.948043951932544,1.)))
REPRESENTATION_ITEM('')
SURFACE()
);
#329=(
BOUNDED_SURFACE()
B_SPLINE_SURFACE(3,3,((#6587,#6588,#6589,#6590),(#6591,#6592,#6593,#6594),
(#6595,#6596,#6597,#6598),(#6599,#6600,#6601,#6602)),
 .SURF_OF_REVOLUTION.,.F.,.F.,.F.)
B_SPLINE_SURFACE_WITH_KNOTS((4,4),(4,4),(-6.0565462306912E-16,0.387123718105698),
(0.,1.),.PIECEWISE_BEZIER_KNOTS.)
GEOMETRIC_REPRESENTATION_ITEM()
RATIONAL_B_SPLINE_SURFACE(((1.,0.948043951932544,0.948043951932544,1.),
(1.,0.948043951932544,0.948043951932544,1.),(1.,0.948043951932544,0.948043951932544,
1.),(1.,0.948043951932544,0.948043951932544,1.)))
REPRESENTATION_ITEM('')
SURFACE()
);
#330=(
BOUNDED_SURFACE()
B_SPLINE_SURFACE(3,3,((#6614,#6615,#6616,#6617),(#6618,#6619,#6620,#6621),
(#6622,#6623,#6624,#6625),(#6626,#6627,#6628,#6629)),
 .SURF_OF_REVOLUTION.,.F.,.F.,.F.)
B_SPLINE_SURFACE_WITH_KNOTS((4,4),(4,4),(-8.25189251648028E-13,0.387123718105698),
(0.,1.),.PIECEWISE_BEZIER_KNOTS.)
GEOMETRIC_REPRESENTATION_ITEM()
RATIONAL_B_SPLINE_SURFACE(((1.,0.948043951932544,0.948043951932544,1.),
(1.,0.948043951932544,0.948043951932544,1.),(1.,0.948043951932544,0.948043951932544,
1.),(1.,0.948043951932544,0.948043951932544,1.)))
REPRESENTATION_ITEM('')
SURFACE()
);
#331=(
BOUNDED_SURFACE()
B_SPLINE_SURFACE(3,3,((#6922,#6923,#6924,#6925),(#6926,#6927,#6928,#6929),
(#6930,#6931,#6932,#6933),(#6934,#6935,#6936,#6937)),
 .SURF_OF_REVOLUTION.,.F.,.F.,.F.)
B_SPLINE_SURFACE_WITH_KNOTS((4,4),(4,4),(0.683973859441444,0.838277130910353),
(0.,1.),.PIECEWISE_BEZIER_KNOTS.)
GEOMETRIC_REPRESENTATION_ITEM()
RATIONAL_B_SPLINE_SURFACE(((1.,0.954908954562978,0.954908954562978,1.),
(1.,0.954908954562978,0.954908954562978,1.),(1.,0.954908954562978,0.954908954562978,
1.),(1.,0.954908954562978,0.954908954562978,1.)))
REPRESENTATION_ITEM('')
SURFACE()
);
#332=(
BOUNDED_SURFACE()
B_SPLINE_SURFACE(3,3,((#6946,#6947,#6948,#6949),(#6950,#6951,#6952,#6953),
(#6954,#6955,#6956,#6957),(#6958,#6959,#6960,#6961)),
 .SURF_OF_REVOLUTION.,.F.,.F.,.F.)
B_SPLINE_SURFACE_WITH_KNOTS((4,4),(4,4),(0.683973859441444,0.838277130910353),
(0.,1.),.PIECEWISE_BEZIER_KNOTS.)
GEOMETRIC_REPRESENTATION_ITEM()
RATIONAL_B_SPLINE_SURFACE(((1.,0.954908954562979,0.954908954562979,1.),
(1.,0.954908954562979,0.954908954562979,1.),(1.,0.954908954562979,0.954908954562979,
1.),(1.,0.954908954562979,0.954908954562979,1.)))
REPRESENTATION_ITEM('')
SURFACE()
);
#333=(
BOUNDED_SURFACE()
B_SPLINE_SURFACE(3,3,((#7031,#7032,#7033,#7034),(#7035,#7036,#7037,#7038),
(#7039,#7040,#7041,#7042),(#7043,#7044,#7045,#7046)),
 .SURF_OF_REVOLUTION.,.F.,.F.,.F.)
B_SPLINE_SURFACE_WITH_KNOTS((4,4),(4,4),(0.683973859441444,0.838277130910353),
(0.,1.),.PIECEWISE_BEZIER_KNOTS.)
GEOMETRIC_REPRESENTATION_ITEM()
RATIONAL_B_SPLINE_SURFACE(((1.,0.954908954562978,0.954908954562978,1.),
(1.,0.954908954562978,0.954908954562978,1.),(1.,0.954908954562978,0.954908954562978,
1.),(1.,0.954908954562978,0.954908954562978,1.)))
REPRESENTATION_ITEM('')
SURFACE()
);
#334=(
BOUNDED_SURFACE()
B_SPLINE_SURFACE(3,3,((#7055,#7056,#7057,#7058),(#7059,#7060,#7061,#7062),
(#7063,#7064,#7065,#7066),(#7067,#7068,#7069,#7070)),
 .SURF_OF_REVOLUTION.,.F.,.F.,.F.)
B_SPLINE_SURFACE_WITH_KNOTS((4,4),(4,4),(0.683973859441444,0.838277130910353),
(0.,1.),.PIECEWISE_BEZIER_KNOTS.)
GEOMETRIC_REPRESENTATION_ITEM()
RATIONAL_B_SPLINE_SURFACE(((1.,0.954908954562978,0.954908954562978,1.),
(1.,0.954908954562978,0.954908954562978,1.),(1.,0.954908954562978,0.954908954562978,
1.),(1.,0.954908954562978,0.954908954562978,1.)))
REPRESENTATION_ITEM('')
SURFACE()
);
#335=(
BOUNDED_SURFACE()
B_SPLINE_SURFACE(3,3,((#7140,#7141,#7142,#7143),(#7144,#7145,#7146,#7147),
(#7148,#7149,#7150,#7151),(#7152,#7153,#7154,#7155)),
 .SURF_OF_REVOLUTION.,.F.,.F.,.F.)
B_SPLINE_SURFACE_WITH_KNOTS((4,4),(4,4),(0.683973859441444,0.838277130910353),
(0.,1.),.PIECEWISE_BEZIER_KNOTS.)
GEOMETRIC_REPRESENTATION_ITEM()
RATIONAL_B_SPLINE_SURFACE(((1.,0.954908954562978,0.954908954562978,1.),
(1.,0.954908954562978,0.954908954562978,1.),(1.,0.954908954562978,0.954908954562978,
1.),(1.,0.954908954562978,0.954908954562978,1.)))
REPRESENTATION_ITEM('')
SURFACE()
);
#336=(
BOUNDED_SURFACE()
B_SPLINE_SURFACE(3,3,((#7164,#7165,#7166,#7167),(#7168,#7169,#7170,#7171),
(#7172,#7173,#7174,#7175),(#7176,#7177,#7178,#7179)),
 .SURF_OF_REVOLUTION.,.F.,.F.,.F.)
B_SPLINE_SURFACE_WITH_KNOTS((4,4),(4,4),(0.683973859441444,0.838277130910353),
(0.,1.),.PIECEWISE_BEZIER_KNOTS.)
GEOMETRIC_REPRESENTATION_ITEM()
RATIONAL_B_SPLINE_SURFACE(((1.,0.954908954562978,0.954908954562978,1.),
(1.,0.954908954562978,0.954908954562978,1.),(1.,0.954908954562978,0.954908954562978,
1.),(1.,0.954908954562978,0.954908954562978,1.)))
REPRESENTATION_ITEM('')
SURFACE()
);
#337=(
BOUNDED_SURFACE()
B_SPLINE_SURFACE(3,3,((#7236,#7237,#7238,#7239),(#7240,#7241,#7242,#7243),
(#7244,#7245,#7246,#7247),(#7248,#7249,#7250,#7251)),
 .SURF_OF_REVOLUTION.,.F.,.F.,.F.)
B_SPLINE_SURFACE_WITH_KNOTS((4,4),(4,4),(0.683973859441444,0.838277130910353),
(0.,1.),.PIECEWISE_BEZIER_KNOTS.)
GEOMETRIC_REPRESENTATION_ITEM()
RATIONAL_B_SPLINE_SURFACE(((1.,0.954908954562978,0.954908954562978,1.),
(1.,0.954908954562978,0.954908954562978,1.),(1.,0.954908954562978,0.954908954562978,
1.),(1.,0.954908954562978,0.954908954562978,1.)))
REPRESENTATION_ITEM('')
SURFACE()
);
#338=(
BOUNDED_SURFACE()
B_SPLINE_SURFACE(3,3,((#7273,#7274,#7275,#7276),(#7277,#7278,#7279,#7280),
(#7281,#7282,#7283,#7284),(#7285,#7286,#7287,#7288)),
 .SURF_OF_REVOLUTION.,.F.,.F.,.F.)
B_SPLINE_SURFACE_WITH_KNOTS((4,4),(4,4),(0.683973859441444,0.838277130910353),
(0.,1.),.PIECEWISE_BEZIER_KNOTS.)
GEOMETRIC_REPRESENTATION_ITEM()
RATIONAL_B_SPLINE_SURFACE(((1.,0.954908954562978,0.954908954562978,1.),
(1.,0.954908954562978,0.954908954562978,1.),(1.,0.954908954562978,0.954908954562978,
1.),(1.,0.954908954562978,0.954908954562978,1.)))
REPRESENTATION_ITEM('')
SURFACE()
);
#339=(
BOUNDED_SURFACE()
B_SPLINE_SURFACE(3,3,((#7736,#7737,#7738,#7739),(#7740,#7741,#7742,#7743),
(#7744,#7745,#7746,#7747),(#7748,#7749,#7750,#7751),(#7752,#7753,#7754,
#7755),(#7756,#7757,#7758,#7759)),.SURF_OF_REVOLUTION.,.F.,.F.,.F.)
B_SPLINE_SURFACE_WITH_KNOTS((4,1,1,4),(4,4),(0.398401857930954,0.465425265995499,
0.532448674060045,0.666495490189136),(0.,1.),.UNSPECIFIED.)
GEOMETRIC_REPRESENTATION_ITEM()
RATIONAL_B_SPLINE_SURFACE(((1.,0.955262526600879,0.955262526600879,1.),
(1.,0.955262526600879,0.955262526600879,1.),(1.,0.955262526600879,0.955262526600879,
1.),(1.,0.955262526600879,0.955262526600879,1.),(1.,0.955262526600879,0.955262526600879,
1.),(1.,0.955262526600879,0.955262526600879,1.)))
REPRESENTATION_ITEM('')
SURFACE()
);
#340=(
BOUNDED_SURFACE()
B_SPLINE_SURFACE(3,3,((#7810,#7811,#7812,#7813),(#7814,#7815,#7816,#7817),
(#7818,#7819,#7820,#7821),(#7822,#7823,#7824,#7825),(#7826,#7827,#7828,
#7829),(#7830,#7831,#7832,#7833)),.SURF_OF_REVOLUTION.,.F.,.F.,.F.)
B_SPLINE_SURFACE_WITH_KNOTS((4,1,1,4),(4,4),(0.398401857930954,0.465425265995499,
0.532448674060045,0.666495490189136),(0.,1.),.UNSPECIFIED.)
GEOMETRIC_REPRESENTATION_ITEM()
RATIONAL_B_SPLINE_SURFACE(((1.,0.955262526600879,0.955262526600879,1.),
(1.,0.955262526600879,0.955262526600879,1.),(1.,0.955262526600879,0.955262526600879,
1.),(1.,0.955262526600879,0.955262526600879,1.),(1.,0.955262526600879,0.955262526600879,
1.),(1.,0.955262526600879,0.955262526600879,1.)))
REPRESENTATION_ITEM('')
SURFACE()
);
#341=(
BOUNDED_SURFACE()
B_SPLINE_SURFACE(3,3,((#7884,#7885,#7886,#7887),(#7888,#7889,#7890,#7891),
(#7892,#7893,#7894,#7895),(#7896,#7897,#7898,#7899),(#7900,#7901,#7902,
#7903),(#7904,#7905,#7906,#7907)),.SURF_OF_REVOLUTION.,.F.,.F.,.F.)
B_SPLINE_SURFACE_WITH_KNOTS((4,1,1,4),(4,4),(0.398401857930954,0.465425265995499,
0.532448674060045,0.666495490189136),(0.,1.),.UNSPECIFIED.)
GEOMETRIC_REPRESENTATION_ITEM()
RATIONAL_B_SPLINE_SURFACE(((1.,0.955262526600879,0.955262526600879,1.),
(1.,0.955262526600879,0.955262526600879,1.),(1.,0.955262526600879,0.955262526600879,
1.),(1.,0.955262526600879,0.955262526600879,1.),(1.,0.955262526600879,0.955262526600879,
1.),(1.,0.955262526600879,0.955262526600879,1.)))
REPRESENTATION_ITEM('')
SURFACE()
);
#342=(
BOUNDED_SURFACE()
B_SPLINE_SURFACE(3,3,((#7958,#7959,#7960,#7961),(#7962,#7963,#7964,#7965),
(#7966,#7967,#7968,#7969),(#7970,#7971,#7972,#7973),(#7974,#7975,#7976,
#7977),(#7978,#7979,#7980,#7981)),.SURF_OF_REVOLUTION.,.F.,.F.,.F.)
B_SPLINE_SURFACE_WITH_KNOTS((4,1,1,4),(4,4),(0.398401857930954,0.465425265995499,
0.532448674060045,0.666495490189136),(0.,1.),.UNSPECIFIED.)
GEOMETRIC_REPRESENTATION_ITEM()
RATIONAL_B_SPLINE_SURFACE(((1.,0.955262526600879,0.955262526600879,1.),
(1.,0.955262526600879,0.955262526600879,1.),(1.,0.955262526600879,0.955262526600879,
1.),(1.,0.955262526600879,0.955262526600879,1.),(1.,0.955262526600879,0.955262526600879,
1.),(1.,0.955262526600879,0.955262526600879,1.)))
REPRESENTATION_ITEM('')
SURFACE()
);
#343=(
BOUNDED_SURFACE()
B_SPLINE_SURFACE(3,3,((#8032,#8033,#8034,#8035),(#8036,#8037,#8038,#8039),
(#8040,#8041,#8042,#8043),(#8044,#8045,#8046,#8047),(#8048,#8049,#8050,
#8051),(#8052,#8053,#8054,#8055)),.SURF_OF_REVOLUTION.,.F.,.F.,.F.)
B_SPLINE_SURFACE_WITH_KNOTS((4,1,1,4),(4,4),(0.398401857930954,0.465425265995499,
0.532448674060045,0.666495490189135),(0.,1.),.UNSPECIFIED.)
GEOMETRIC_REPRESENTATION_ITEM()
RATIONAL_B_SPLINE_SURFACE(((1.,0.955262526600879,0.955262526600879,1.),
(1.,0.955262526600879,0.955262526600879,1.),(1.,0.955262526600879,0.955262526600879,
1.),(1.,0.955262526600879,0.955262526600879,1.),(1.,0.955262526600879,0.955262526600879,
1.),(1.,0.955262526600879,0.955262526600879,1.)))
REPRESENTATION_ITEM('')
SURFACE()
);
#344=(
BOUNDED_SURFACE()
B_SPLINE_SURFACE(3,3,((#8106,#8107,#8108,#8109),(#8110,#8111,#8112,#8113),
(#8114,#8115,#8116,#8117),(#8118,#8119,#8120,#8121),(#8122,#8123,#8124,
#8125),(#8126,#8127,#8128,#8129)),.SURF_OF_REVOLUTION.,.F.,.F.,.F.)
B_SPLINE_SURFACE_WITH_KNOTS((4,1,1,4),(4,4),(0.398401857930954,0.465425265995499,
0.532448674060045,0.666495490189135),(0.,1.),.UNSPECIFIED.)
GEOMETRIC_REPRESENTATION_ITEM()
RATIONAL_B_SPLINE_SURFACE(((1.,0.955262526600879,0.955262526600879,1.),
(1.,0.955262526600879,0.955262526600879,1.),(1.,0.955262526600879,0.955262526600879,
1.),(1.,0.955262526600879,0.955262526600879,1.),(1.,0.955262526600879,0.955262526600879,
1.),(1.,0.955262526600879,0.955262526600879,1.)))
REPRESENTATION_ITEM('')
SURFACE()
);
#345=(
BOUNDED_SURFACE()
B_SPLINE_SURFACE(3,3,((#8180,#8181,#8182,#8183),(#8184,#8185,#8186,#8187),
(#8188,#8189,#8190,#8191),(#8192,#8193,#8194,#8195),(#8196,#8197,#8198,
#8199),(#8200,#8201,#8202,#8203)),.SURF_OF_REVOLUTION.,.F.,.F.,.F.)
B_SPLINE_SURFACE_WITH_KNOTS((4,1,1,4),(4,4),(0.398401857930954,0.465425265995499,
0.532448674060045,0.666495490189136),(0.,1.),.UNSPECIFIED.)
GEOMETRIC_REPRESENTATION_ITEM()
RATIONAL_B_SPLINE_SURFACE(((1.,0.955262526600879,0.955262526600879,1.),
(1.,0.955262526600879,0.955262526600879,1.),(1.,0.955262526600879,0.955262526600879,
1.),(1.,0.955262526600879,0.955262526600879,1.),(1.,0.955262526600879,0.955262526600879,
1.),(1.,0.955262526600879,0.955262526600879,1.)))
REPRESENTATION_ITEM('')
SURFACE()
);
#346=(
BOUNDED_SURFACE()
B_SPLINE_SURFACE(3,3,((#8205,#8206,#8207,#8208),(#8209,#8210,#8211,#8212),
(#8213,#8214,#8215,#8216),(#8217,#8218,#8219,#8220),(#8221,#8222,#8223,
#8224),(#8225,#8226,#8227,#8228)),.SURF_OF_REVOLUTION.,.F.,.F.,.F.)
B_SPLINE_SURFACE_WITH_KNOTS((4,1,1,4),(4,4),(0.398401857930954,0.465425265995499,
0.532448674060045,0.666495490189135),(0.,1.),.UNSPECIFIED.)
GEOMETRIC_REPRESENTATION_ITEM()
RATIONAL_B_SPLINE_SURFACE(((1.,0.955262526600879,0.955262526600879,1.),
(1.,0.955262526600879,0.955262526600879,1.),(1.,0.955262526600879,0.955262526600879,
1.),(1.,0.955262526600879,0.955262526600879,1.),(1.,0.955262526600879,0.955262526600879,
1.),(1.,0.955262526600879,0.955262526600879,1.)))
REPRESENTATION_ITEM('')
SURFACE()
);
#347=B_SPLINE_CURVE_WITH_KNOTS('',3,(#5771,#5772,#5773,#5774,#5775),
 .UNSPECIFIED.,.F.,.F.,(4,1,4),(0.,0.560086356237625,1.),.UNSPECIFIED.);
#348=B_SPLINE_CURVE_WITH_KNOTS('',3,(#5779,#5780,#5781,#5782,#5783),
 .UNSPECIFIED.,.F.,.F.,(4,1,4),(0.,0.560086356237625,1.),.UNSPECIFIED.);
#349=B_SPLINE_CURVE_WITH_KNOTS('',3,(#5795,#5796,#5797,#5798,#5799),
 .UNSPECIFIED.,.F.,.F.,(4,1,4),(0.,0.560086356237625,1.),.UNSPECIFIED.);
#350=B_SPLINE_CURVE_WITH_KNOTS('',3,(#5803,#5804,#5805,#5806,#5807),
 .UNSPECIFIED.,.F.,.F.,(4,1,4),(0.,0.560086356237625,1.),.UNSPECIFIED.);
#351=B_SPLINE_CURVE_WITH_KNOTS('',3,(#5819,#5820,#5821,#5822,#5823),
 .UNSPECIFIED.,.F.,.F.,(4,1,4),(0.,0.560086356237625,1.),.UNSPECIFIED.);
#352=B_SPLINE_CURVE_WITH_KNOTS('',3,(#5827,#5828,#5829,#5830,#5831),
 .UNSPECIFIED.,.F.,.F.,(4,1,4),(0.,0.560086356237625,1.),.UNSPECIFIED.);
#353=B_SPLINE_CURVE_WITH_KNOTS('',3,(#5843,#5844,#5845,#5846,#5847),
 .UNSPECIFIED.,.F.,.F.,(4,1,4),(0.,0.560086356237625,1.),.UNSPECIFIED.);
#354=B_SPLINE_CURVE_WITH_KNOTS('',3,(#5851,#5852,#5853,#5854,#5855),
 .UNSPECIFIED.,.F.,.F.,(4,1,4),(0.,0.560086356237625,1.),.UNSPECIFIED.);
#355=B_SPLINE_CURVE_WITH_KNOTS('',3,(#5875,#5876,#5877,#5878,#5879,#5880,
#5881),.UNSPECIFIED.,.F.,.F.,(4,1,1,1,4),(4.9065389333868E-18,0.00683216536479665,
0.0136643307295933,0.0273286614591866,0.0546573229183732),.UNSPECIFIED.);
#356=B_SPLINE_CURVE_WITH_KNOTS('',3,(#5883,#5884,#5885,#5886),
 .UNSPECIFIED.,.F.,.F.,(4,4),(9.81307786677359E-17,0.00149999999999967),
 .UNSPECIFIED.);
#357=B_SPLINE_CURVE_WITH_KNOTS('',3,(#5890,#5891,#5892,#5893),
 .UNSPECIFIED.,.F.,.F.,(4,4),(0.,0.00150500689603548),.UNSPECIFIED.);
#358=B_SPLINE_CURVE_WITH_KNOTS('',3,(#5895,#5896,#5897,#5898,#5899,#5900,
#5901),.UNSPECIFIED.,.F.,.F.,(4,1,1,1,4),(0.,0.00683216536479663,0.0136643307295933,
0.0273286614591865,0.0546573229183731),.UNSPECIFIED.);
#359=B_SPLINE_CURVE_WITH_KNOTS('',3,(#5903,#5904,#5905,#5906,#5907,#5908,
#5909),.UNSPECIFIED.,.F.,.F.,(4,1,1,1,4),(0.,0.00683216536479665,0.0136643307295933,
0.0273286614591866,0.0546573229183732),.UNSPECIFIED.);
#360=B_SPLINE_CURVE_WITH_KNOTS('',3,(#5928,#5929,#5930,#5931,#5932),
 .UNSPECIFIED.,.F.,.F.,(4,1,4),(0.,0.560086356237625,1.),.UNSPECIFIED.);
#361=B_SPLINE_CURVE_WITH_KNOTS('',3,(#5936,#5937,#5938,#5939,#5940),
 .UNSPECIFIED.,.F.,.F.,(4,1,4),(0.,0.560086356237625,1.),.UNSPECIFIED.);
#362=B_SPLINE_CURVE_WITH_KNOTS('',3,(#5942,#5943,#5944,#5945,#5946,#5947,
#5948),.UNSPECIFIED.,.F.,.F.,(4,1,1,1,4),(0.,0.00683216536479663,0.0136643307295933,
0.0273286614591865,0.054657322918373),.UNSPECIFIED.);
#363=B_SPLINE_CURVE_WITH_KNOTS('',3,(#5956,#5957,#5958,#5959,#5960,#5961,
#5962),.UNSPECIFIED.,.F.,.F.,(4,1,1,1,4),(0.,0.00683216536479663,0.0136643307295933,
0.0273286614591865,0.054657322918373),.UNSPECIFIED.);
#364=B_SPLINE_CURVE_WITH_KNOTS('',3,(#5966,#5967,#5968,#5969,#5970,#5971,
#5972),.UNSPECIFIED.,.F.,.F.,(4,1,1,1,4),(0.,0.00683216536479664,0.0136643307295933,
0.0273286614591866,0.0546573229183731),.UNSPECIFIED.);
#365=B_SPLINE_CURVE_WITH_KNOTS('',3,(#5980,#5981,#5982,#5983,#5984,#5985,
#5986),.UNSPECIFIED.,.F.,.F.,(4,1,1,1,4),(0.,0.00683216536479664,0.0136643307295933,
0.0273286614591865,0.0546573229183731),.UNSPECIFIED.);
#366=B_SPLINE_CURVE_WITH_KNOTS('',3,(#6000,#6001,#6002,#6003,#6004),
 .UNSPECIFIED.,.F.,.F.,(4,1,4),(0.,0.560086356237625,1.),.UNSPECIFIED.);
#367=B_SPLINE_CURVE_WITH_KNOTS('',3,(#6008,#6009,#6010,#6011,#6012),
 .UNSPECIFIED.,.F.,.F.,(4,1,4),(0.,0.560086356237625,1.),.UNSPECIFIED.);
#368=B_SPLINE_CURVE_WITH_KNOTS('',3,(#6014,#6015,#6016,#6017,#6018,#6019,
#6020),.UNSPECIFIED.,.F.,.F.,(4,1,1,1,4),(0.,0.00683216536479664,0.0136643307295933,
0.0273286614591866,0.0546573229183731),.UNSPECIFIED.);
#369=B_SPLINE_CURVE_WITH_KNOTS('',3,(#6028,#6029,#6030,#6031,#6032,#6033,
#6034),.UNSPECIFIED.,.F.,.F.,(4,1,1,1,4),(2.4532694666934E-18,0.00683216536479664,
0.0136643307295933,0.0273286614591865,0.0546573229183731),.UNSPECIFIED.);
#370=B_SPLINE_CURVE_WITH_KNOTS('',3,(#6038,#6039,#6040,#6041,#6042,#6043,
#6044),.UNSPECIFIED.,.F.,.F.,(4,1,1,1,4),(0.,0.00683216536479662,0.0136643307295932,
0.0273286614591865,0.054657322918373),.UNSPECIFIED.);
#371=B_SPLINE_CURVE_WITH_KNOTS('',3,(#6052,#6053,#6054,#6055,#6056,#6057,
#6058),.UNSPECIFIED.,.F.,.F.,(4,1,1,1,4),(0.,0.00683216536479664,0.0136643307295933,
0.0273286614591866,0.0546573229183732),.UNSPECIFIED.);
#372=B_SPLINE_CURVE_WITH_KNOTS('',3,(#6072,#6073,#6074,#6075,#6076),
 .UNSPECIFIED.,.F.,.F.,(4,1,4),(0.,0.560086356237625,1.),.UNSPECIFIED.);
#373=B_SPLINE_CURVE_WITH_KNOTS('',3,(#6080,#6081,#6082,#6083,#6084),
 .UNSPECIFIED.,.F.,.F.,(4,1,4),(0.,0.560086356237625,1.),.UNSPECIFIED.);
#374=B_SPLINE_CURVE_WITH_KNOTS('',3,(#6086,#6087,#6088,#6089,#6090,#6091,
#6092),.UNSPECIFIED.,.F.,.F.,(4,1,1,1,4),(0.,0.00683216536479664,0.0136643307295933,
0.0273286614591865,0.0546573229183731),.UNSPECIFIED.);
#375=B_SPLINE_CURVE_WITH_KNOTS('',3,(#6100,#6101,#6102,#6103,#6104,#6105,
#6106),.UNSPECIFIED.,.F.,.F.,(4,1,1,1,4),(0.,0.00683216536479664,0.0136643307295933,
0.0273286614591866,0.0546573229183731),.UNSPECIFIED.);
#376=B_SPLINE_CURVE_WITH_KNOTS('',3,(#6110,#6111,#6112,#6113,#6114,#6115,
#6116),.UNSPECIFIED.,.F.,.F.,(4,1,1,1,4),(0.,0.00683216536479664,0.0136643307295933,
0.0273286614591866,0.0546573229183731),.UNSPECIFIED.);
#377=B_SPLINE_CURVE_WITH_KNOTS('',3,(#6124,#6125,#6126,#6127,#6128,#6129,
#6130),.UNSPECIFIED.,.F.,.F.,(4,1,1,1,4),(0.,0.00683216536479663,0.0136643307295933,
0.0273286614591865,0.0546573229183731),.UNSPECIFIED.);
#378=B_SPLINE_CURVE_WITH_KNOTS('',3,(#6144,#6145,#6146,#6147,#6148),
 .UNSPECIFIED.,.F.,.F.,(4,1,4),(0.,0.560086356237625,1.),.UNSPECIFIED.);
#379=B_SPLINE_CURVE_WITH_KNOTS('',3,(#6152,#6153,#6154,#6155,#6156),
 .UNSPECIFIED.,.F.,.F.,(4,1,4),(0.,0.560086356237625,1.),.UNSPECIFIED.);
#380=B_SPLINE_CURVE_WITH_KNOTS('',3,(#6163,#6164,#6165,#6166,#6167,#6168,
#6169),.UNSPECIFIED.,.F.,.F.,(4,1,1,1,4),(2.4532694666934E-18,0.00683216536479663,
0.0136643307295933,0.0273286614591865,0.054657322918373),.UNSPECIFIED.);
#381=B_SPLINE_CURVE_WITH_KNOTS('',3,(#6400,#6401,#6402,#6403,#6404,#6405,
#6406,#6407,#6408,#6409,#6410),.UNSPECIFIED.,.T.,.F.,(1,1,1,1,1,1,1,1,1,
1,1,1,1,1,1),(-0.00329007829225887,-0.00219338552817258,-0.00109669276408629,
4.33680868994202E-19,0.00109669276408629,0.00219338552817258,0.00329007829225887,
0.00438677105634515,0.00548346382043144,0.00658015658451773,0.00767684934860402,
0.00877354211269031,0.0098702348767766,0.0109669276408629,0.0120636204049492),
 .UNSPECIFIED.);
#382=B_SPLINE_CURVE_WITH_KNOTS('',3,(#6412,#6413,#6414,#6415,#6416,#6417,
#6418,#6419,#6420,#6421,#6422),.UNSPECIFIED.,.T.,.F.,(1,1,1,1,1,1,1,1,1,
1,1,1,1,1,1),(-0.00329007829225884,-0.00219338552817256,-0.00109669276408628,
4.33680868994202E-19,0.00109669276408628,0.00219338552817256,0.00329007829225884,
0.00438677105634511,0.00548346382043139,0.00658015658451767,0.00767684934860395,
0.00877354211269023,0.00987023487677651,0.0109669276408628,0.0120636204049491),
 .UNSPECIFIED.);
#383=B_SPLINE_CURVE_WITH_KNOTS('',3,(#6428,#6429,#6430,#6431,#6432,#6433,
#6434,#6435,#6436,#6437,#6438),.UNSPECIFIED.,.T.,.F.,(1,1,1,1,1,1,1,1,1,
1,1,1,1,1,1),(-0.00329007829225883,-0.00219338552817256,-0.00109669276408628,
4.33680868994202E-19,0.00109669276408628,0.00219338552817256,0.00329007829225883,
0.00438677105634511,0.00548346382043139,0.00658015658451767,0.00767684934860394,
0.00877354211269022,0.0098702348767765,0.0109669276408628,0.0120636204049491),
 .UNSPECIFIED.);
#384=B_SPLINE_CURVE_WITH_KNOTS('',3,(#6440,#6441,#6442,#6443,#6444,#6445,
#6446,#6447,#6448,#6449,#6450),.UNSPECIFIED.,.T.,.F.,(1,1,1,1,1,1,1,1,1,
1,1,1,1,1,1),(-0.00329031087038836,-0.00219354058025891,-0.00109677029012945,
0.,0.00109677029012945,0.00219354058025891,0.00329031087038836,0.00438708116051781,
0.00548385145064726,0.00658062174077672,0.00767739203090617,0.00877416232103562,
0.00987093261116507,0.0109677029012945,0.012064473191424),.UNSPECIFIED.);
#385=B_SPLINE_CURVE_WITH_KNOTS('',3,(#6469,#6470,#6471,#6472),
 .UNSPECIFIED.,.F.,.F.,(4,4),(9.60603124822157E-17,0.00149999999999968),
 .UNSPECIFIED.);
#386=B_SPLINE_CURVE_WITH_KNOTS('',3,(#6475,#6476,#6477,#6478),
 .UNSPECIFIED.,.F.,.F.,(4,4),(0.00149999999999967,0.00299999999999991),
 .UNSPECIFIED.);
#387=B_SPLINE_CURVE_WITH_KNOTS('',3,(#6496,#6497,#6498,#6499),
 .UNSPECIFIED.,.F.,.F.,(4,4),(1.12850395467896E-16,0.00149999999999967),
 .UNSPECIFIED.);
#388=B_SPLINE_CURVE_WITH_KNOTS('',3,(#6502,#6503,#6504,#6505),
 .UNSPECIFIED.,.F.,.F.,(4,4),(0.00149999999999968,0.0029999999999999),
 .UNSPECIFIED.);
#389=B_SPLINE_CURVE_WITH_KNOTS('',3,(#6523,#6524,#6525,#6526),
 .UNSPECIFIED.,.F.,.F.,(4,4),(9.60603124822157E-17,0.00149999999999968),
 .UNSPECIFIED.);
#390=B_SPLINE_CURVE_WITH_KNOTS('',3,(#6529,#6530,#6531,#6532),
 .UNSPECIFIED.,.F.,.F.,(4,4),(0.00149999999999967,0.00299999999999991),
 .UNSPECIFIED.);
#391=B_SPLINE_CURVE_WITH_KNOTS('',3,(#6550,#6551,#6552,#6553),
 .UNSPECIFIED.,.F.,.F.,(4,4),(1.12850395467896E-16,0.00149999999999967),
 .UNSPECIFIED.);
#392=B_SPLINE_CURVE_WITH_KNOTS('',3,(#6556,#6557,#6558,#6559),
 .UNSPECIFIED.,.F.,.F.,(4,4),(0.00149999999999968,0.0029999999999999),
 .UNSPECIFIED.);
#393=B_SPLINE_CURVE_WITH_KNOTS('',3,(#6577,#6578,#6579,#6580),
 .UNSPECIFIED.,.F.,.F.,(4,4),(8.99887803162969E-17,0.00149999999999969),
 .UNSPECIFIED.);
#394=B_SPLINE_CURVE_WITH_KNOTS('',3,(#6583,#6584,#6585,#6586),
 .UNSPECIFIED.,.F.,.F.,(4,4),(0.00149999999999967,0.00299999999999991),
 .UNSPECIFIED.);
#395=B_SPLINE_CURVE_WITH_KNOTS('',3,(#6604,#6605,#6606,#6607),
 .UNSPECIFIED.,.F.,.F.,(4,4),(1.12850395467896E-16,0.00149999999999967),
 .UNSPECIFIED.);
#396=B_SPLINE_CURVE_WITH_KNOTS('',3,(#6610,#6611,#6612,#6613),
 .UNSPECIFIED.,.F.,.F.,(4,4),(0.00149999999999969,0.00299999999999991),
 .UNSPECIFIED.);
#397=B_SPLINE_CURVE_WITH_KNOTS('',3,(#6631,#6632,#6633,#6634),
 .UNSPECIFIED.,.F.,.F.,(4,4),(5.38680565838219E-16,0.00150500689603495),
 .UNSPECIFIED.);
#398=B_SPLINE_CURVE_WITH_KNOTS('',3,(#6636,#6637,#6638,#6639),
 .UNSPECIFIED.,.F.,.F.,(4,4),(0.00149999999999967,0.00299999999999991),
 .UNSPECIFIED.);
#399=B_SPLINE_CURVE_WITH_KNOTS('',3,(#6749,#6750,#6751,#6752),
 .UNSPECIFIED.,.F.,.F.,(4,4),(0.,0.00300000000000001),.UNSPECIFIED.);
#400=B_SPLINE_CURVE_WITH_KNOTS('',3,(#6755,#6756,#6757,#6758),
 .UNSPECIFIED.,.F.,.F.,(4,4),(0.0126275555081333,0.0160940847023943),
 .UNSPECIFIED.);
#401=B_SPLINE_CURVE_WITH_KNOTS('',3,(#6759,#6760,#6761,#6762),
 .UNSPECIFIED.,.F.,.F.,(4,4),(0.051698579451648,0.0551651086355783),
 .UNSPECIFIED.);
#402=B_SPLINE_CURVE_WITH_KNOTS('',3,(#6764,#6765,#6766,#6767),
 .UNSPECIFIED.,.F.,.F.,(4,4),(0.,0.003),.UNSPECIFIED.);
#403=B_SPLINE_CURVE_WITH_KNOTS('',3,(#6769,#6770,#6771,#6772),
 .UNSPECIFIED.,.F.,.F.,(4,4),(0.051698579451648,0.0551651086355783),
 .UNSPECIFIED.);
#404=B_SPLINE_CURVE_WITH_KNOTS('',3,(#6773,#6774,#6775,#6776),
 .UNSPECIFIED.,.F.,.F.,(4,4),(0.0126275555081333,0.0160940847023943),
 .UNSPECIFIED.);
#405=B_SPLINE_CURVE_WITH_KNOTS('',3,(#6778,#6779,#6780,#6781),
 .UNSPECIFIED.,.F.,.F.,(4,4),(0.,0.00300000000000001),.UNSPECIFIED.);
#406=B_SPLINE_CURVE_WITH_KNOTS('',3,(#6783,#6784,#6785,#6786),
 .UNSPECIFIED.,.F.,.F.,(4,4),(0.0126275555081333,0.0160940847023943),
 .UNSPECIFIED.);
#407=B_SPLINE_CURVE_WITH_KNOTS('',3,(#6787,#6788,#6789,#6790),
 .UNSPECIFIED.,.F.,.F.,(4,4),(0.051698579451648,0.0551651086355783),
 .UNSPECIFIED.);
#408=B_SPLINE_CURVE_WITH_KNOTS('',3,(#6792,#6793,#6794,#6795),
 .UNSPECIFIED.,.F.,.F.,(4,4),(0.,0.003),.UNSPECIFIED.);
#409=B_SPLINE_CURVE_WITH_KNOTS('',3,(#6797,#6798,#6799,#6800),
 .UNSPECIFIED.,.F.,.F.,(4,4),(0.051698579451648,0.0551651086355783),
 .UNSPECIFIED.);
#410=B_SPLINE_CURVE_WITH_KNOTS('',3,(#6801,#6802,#6803,#6804),
 .UNSPECIFIED.,.F.,.F.,(4,4),(0.0126275555081333,0.0160940847023943),
 .UNSPECIFIED.);
#411=B_SPLINE_CURVE_WITH_KNOTS('',3,(#6806,#6807,#6808,#6809),
 .UNSPECIFIED.,.F.,.F.,(4,4),(0.,0.00300000000000001),.UNSPECIFIED.);
#412=B_SPLINE_CURVE_WITH_KNOTS('',3,(#6811,#6812,#6813,#6814),
 .UNSPECIFIED.,.F.,.F.,(4,4),(0.0126275555081333,0.0160940847023943),
 .UNSPECIFIED.);
#413=B_SPLINE_CURVE_WITH_KNOTS('',3,(#6815,#6816,#6817,#6818),
 .UNSPECIFIED.,.F.,.F.,(4,4),(0.051698579451648,0.0551651086355783),
 .UNSPECIFIED.);
#414=B_SPLINE_CURVE_WITH_KNOTS('',3,(#6820,#6821,#6822,#6823),
 .UNSPECIFIED.,.F.,.F.,(4,4),(0.,0.003),.UNSPECIFIED.);
#415=B_SPLINE_CURVE_WITH_KNOTS('',3,(#6825,#6826,#6827,#6828),
 .UNSPECIFIED.,.F.,.F.,(4,4),(0.051698579451648,0.0551651086355783),
 .UNSPECIFIED.);
#416=B_SPLINE_CURVE_WITH_KNOTS('',3,(#6829,#6830,#6831,#6832),
 .UNSPECIFIED.,.F.,.F.,(4,4),(0.0126275555081333,0.0160940847023943),
 .UNSPECIFIED.);
#417=B_SPLINE_CURVE_WITH_KNOTS('',3,(#6834,#6835,#6836,#6837),
 .UNSPECIFIED.,.F.,.F.,(4,4),(0.,0.00300000000000001),.UNSPECIFIED.);
#418=B_SPLINE_CURVE_WITH_KNOTS('',3,(#6839,#6840,#6841,#6842),
 .UNSPECIFIED.,.F.,.F.,(4,4),(0.0126275555081333,0.0160940847023943),
 .UNSPECIFIED.);
#419=B_SPLINE_CURVE_WITH_KNOTS('',3,(#6843,#6844,#6845,#6846),
 .UNSPECIFIED.,.F.,.F.,(4,4),(0.051698579451648,0.0551651086355783),
 .UNSPECIFIED.);
#420=B_SPLINE_CURVE_WITH_KNOTS('',3,(#6848,#6849,#6850,#6851),
 .UNSPECIFIED.,.F.,.F.,(4,4),(0.,0.003),.UNSPECIFIED.);
#421=B_SPLINE_CURVE_WITH_KNOTS('',3,(#6853,#6854,#6855,#6856),
 .UNSPECIFIED.,.F.,.F.,(4,4),(0.051698579451648,0.0551651086355783),
 .UNSPECIFIED.);
#422=B_SPLINE_CURVE_WITH_KNOTS('',3,(#6857,#6858,#6859,#6860),
 .UNSPECIFIED.,.F.,.F.,(4,4),(0.0126275555081333,0.0160940847023943),
 .UNSPECIFIED.);
#423=B_SPLINE_CURVE_WITH_KNOTS('',3,(#6862,#6863,#6864,#6865),
 .UNSPECIFIED.,.F.,.F.,(4,4),(0.135195026443861,0.157275781735237),
 .UNSPECIFIED.);
#424=B_SPLINE_CURVE_WITH_KNOTS('',3,(#6869,#6870,#6871,#6872,#6873),
 .UNSPECIFIED.,.F.,.F.,(4,1,4),(0.,0.560086356237625,1.),.UNSPECIFIED.);
#425=B_SPLINE_CURVE_WITH_KNOTS('',3,(#6875,#6876,#6877,#6878),
 .UNSPECIFIED.,.F.,.F.,(4,4),(0.127147605641062,0.157275781735237),
 .UNSPECIFIED.);
#426=B_SPLINE_CURVE_WITH_KNOTS('',3,(#6882,#6883,#6884,#6885,#6886),
 .UNSPECIFIED.,.F.,.F.,(4,1,4),(0.,0.560086356237625,1.),.UNSPECIFIED.);
#427=B_SPLINE_CURVE_WITH_KNOTS('',3,(#6891,#6892,#6893,#6894),
 .UNSPECIFIED.,.F.,.F.,(4,4),(0.127147605641287,0.157275781735237),
 .UNSPECIFIED.);
#428=B_SPLINE_CURVE_WITH_KNOTS('',3,(#6895,#6896,#6897,#6898,#6899),
 .UNSPECIFIED.,.F.,.F.,(4,1,4),(0.,0.560086356237625,1.),.UNSPECIFIED.);
#429=B_SPLINE_CURVE_WITH_KNOTS('',3,(#6913,#6914,#6915,#6916),
 .UNSPECIFIED.,.F.,.F.,(4,4),(0.135195026444072,0.157275781735237),
 .UNSPECIFIED.);
#430=B_SPLINE_CURVE_WITH_KNOTS('',3,(#6917,#6918,#6919,#6920,#6921),
 .UNSPECIFIED.,.F.,.F.,(4,1,4),(0.,0.560086356237625,1.),.UNSPECIFIED.);
#431=B_SPLINE_CURVE_WITH_KNOTS('',3,(#6940,#6941,#6942,#6943),
 .UNSPECIFIED.,.F.,.F.,(4,4),(0.,0.00803845079079007),.UNSPECIFIED.);
#432=B_SPLINE_CURVE_WITH_KNOTS('',3,(#6964,#6965,#6966,#6967),
 .UNSPECIFIED.,.F.,.F.,(4,4),(0.,0.00803845079079007),.UNSPECIFIED.);
#433=B_SPLINE_CURVE_WITH_KNOTS('',3,(#6971,#6972,#6973,#6974),
 .UNSPECIFIED.,.F.,.F.,(4,4),(0.135195026443861,0.157275781735237),
 .UNSPECIFIED.);
#434=B_SPLINE_CURVE_WITH_KNOTS('',3,(#6978,#6979,#6980,#6981,#6982),
 .UNSPECIFIED.,.F.,.F.,(4,1,4),(0.,0.560086356237625,1.),.UNSPECIFIED.);
#435=B_SPLINE_CURVE_WITH_KNOTS('',3,(#6984,#6985,#6986,#6987),
 .UNSPECIFIED.,.F.,.F.,(4,4),(0.127147605641062,0.157275781735237),
 .UNSPECIFIED.);
#436=B_SPLINE_CURVE_WITH_KNOTS('',3,(#6991,#6992,#6993,#6994,#6995),
 .UNSPECIFIED.,.F.,.F.,(4,1,4),(0.,0.560086356237625,1.),.UNSPECIFIED.);
#437=B_SPLINE_CURVE_WITH_KNOTS('',3,(#7000,#7001,#7002,#7003),
 .UNSPECIFIED.,.F.,.F.,(4,4),(0.127147605641287,0.157275781735237),
 .UNSPECIFIED.);
#438=B_SPLINE_CURVE_WITH_KNOTS('',3,(#7004,#7005,#7006,#7007,#7008),
 .UNSPECIFIED.,.F.,.F.,(4,1,4),(0.,0.560086356237625,1.),.UNSPECIFIED.);
#439=B_SPLINE_CURVE_WITH_KNOTS('',3,(#7022,#7023,#7024,#7025),
 .UNSPECIFIED.,.F.,.F.,(4,4),(0.135195026444072,0.157275781735237),
 .UNSPECIFIED.);
#440=B_SPLINE_CURVE_WITH_KNOTS('',3,(#7026,#7027,#7028,#7029,#7030),
 .UNSPECIFIED.,.F.,.F.,(4,1,4),(0.,0.560086356237625,1.),.UNSPECIFIED.);
#441=B_SPLINE_CURVE_WITH_KNOTS('',3,(#7049,#7050,#7051,#7052),
 .UNSPECIFIED.,.F.,.F.,(4,4),(0.,0.00803845079079007),.UNSPECIFIED.);
#442=B_SPLINE_CURVE_WITH_KNOTS('',3,(#7073,#7074,#7075,#7076),
 .UNSPECIFIED.,.F.,.F.,(4,4),(0.,0.00803845079079007),.UNSPECIFIED.);
#443=B_SPLINE_CURVE_WITH_KNOTS('',3,(#7080,#7081,#7082,#7083),
 .UNSPECIFIED.,.F.,.F.,(4,4),(0.13519502644386,0.157275781735237),
 .UNSPECIFIED.);
#444=B_SPLINE_CURVE_WITH_KNOTS('',3,(#7087,#7088,#7089,#7090,#7091),
 .UNSPECIFIED.,.F.,.F.,(4,1,4),(0.,0.560086356237625,1.),.UNSPECIFIED.);
#445=B_SPLINE_CURVE_WITH_KNOTS('',3,(#7093,#7094,#7095,#7096),
 .UNSPECIFIED.,.F.,.F.,(4,4),(0.127147605641062,0.157275781735237),
 .UNSPECIFIED.);
#446=B_SPLINE_CURVE_WITH_KNOTS('',3,(#7100,#7101,#7102,#7103,#7104),
 .UNSPECIFIED.,.F.,.F.,(4,1,4),(0.,0.560086356237625,1.),.UNSPECIFIED.);
#447=B_SPLINE_CURVE_WITH_KNOTS('',3,(#7109,#7110,#7111,#7112),
 .UNSPECIFIED.,.F.,.F.,(4,4),(0.127147605641287,0.157275781735237),
 .UNSPECIFIED.);
#448=B_SPLINE_CURVE_WITH_KNOTS('',3,(#7113,#7114,#7115,#7116,#7117),
 .UNSPECIFIED.,.F.,.F.,(4,1,4),(0.,0.560086356237625,1.),.UNSPECIFIED.);
#449=B_SPLINE_CURVE_WITH_KNOTS('',3,(#7131,#7132,#7133,#7134),
 .UNSPECIFIED.,.F.,.F.,(4,4),(0.135195026444072,0.157275781735237),
 .UNSPECIFIED.);
#450=B_SPLINE_CURVE_WITH_KNOTS('',3,(#7135,#7136,#7137,#7138,#7139),
 .UNSPECIFIED.,.F.,.F.,(4,1,4),(0.,0.560086356237625,1.),.UNSPECIFIED.);
#451=B_SPLINE_CURVE_WITH_KNOTS('',3,(#7158,#7159,#7160,#7161),
 .UNSPECIFIED.,.F.,.F.,(4,4),(0.,0.00803845079079007),.UNSPECIFIED.);
#452=B_SPLINE_CURVE_WITH_KNOTS('',3,(#7182,#7183,#7184,#7185),
 .UNSPECIFIED.,.F.,.F.,(4,4),(0.,0.00803845079079007),.UNSPECIFIED.);
#453=B_SPLINE_CURVE_WITH_KNOTS('',3,(#7189,#7190,#7191,#7192),
 .UNSPECIFIED.,.F.,.F.,(4,4),(0.13519502644386,0.157275781735237),
 .UNSPECIFIED.);
#454=B_SPLINE_CURVE_WITH_KNOTS('',3,(#7196,#7197,#7198,#7199,#7200),
 .UNSPECIFIED.,.F.,.F.,(4,1,4),(0.,0.560086356237625,1.),.UNSPECIFIED.);
#455=B_SPLINE_CURVE_WITH_KNOTS('',3,(#7202,#7203,#7204,#7205),
 .UNSPECIFIED.,.F.,.F.,(4,4),(0.127147605641062,0.157275781735237),
 .UNSPECIFIED.);
#456=B_SPLINE_CURVE_WITH_KNOTS('',3,(#7209,#7210,#7211,#7212,#7213),
 .UNSPECIFIED.,.F.,.F.,(4,1,4),(0.,0.560086356237625,1.),.UNSPECIFIED.);
#457=B_SPLINE_CURVE_WITH_KNOTS('',3,(#7218,#7219,#7220,#7221),
 .UNSPECIFIED.,.F.,.F.,(4,4),(0.127147605641287,0.157275781735237),
 .UNSPECIFIED.);
#458=B_SPLINE_CURVE_WITH_KNOTS('',3,(#7222,#7223,#7224,#7225,#7226),
 .UNSPECIFIED.,.F.,.F.,(4,1,4),(0.,0.560086356237625,1.),.UNSPECIFIED.);
#459=B_SPLINE_CURVE_WITH_KNOTS('',3,(#7254,#7255,#7256,#7257),
 .UNSPECIFIED.,.F.,.F.,(4,4),(0.,0.00803845079079007),.UNSPECIFIED.);
#460=B_SPLINE_CURVE_WITH_KNOTS('',3,(#7264,#7265,#7266,#7267),
 .UNSPECIFIED.,.F.,.F.,(4,4),(0.135195026444072,0.157275781735237),
 .UNSPECIFIED.);
#461=B_SPLINE_CURVE_WITH_KNOTS('',3,(#7268,#7269,#7270,#7271,#7272),
 .UNSPECIFIED.,.F.,.F.,(4,1,4),(0.,0.560086356237625,1.),.UNSPECIFIED.);
#462=B_SPLINE_CURVE_WITH_KNOTS('',3,(#7291,#7292,#7293,#7294),
 .UNSPECIFIED.,.F.,.F.,(4,4),(0.,0.00803845079079007),.UNSPECIFIED.);
#463=B_SPLINE_CURVE_WITH_KNOTS('',3,(#7642,#7643,#7644,#7645,#7646,#7647,
#7648),.UNSPECIFIED.,.F.,.F.,(4,1,1,1,4),(0.0572952970894273,0.0737514933896305,
0.0902076896898336,0.106663885990037,0.12312008229024),.UNSPECIFIED.);
#464=B_SPLINE_CURVE_WITH_KNOTS('',3,(#7649,#7650,#7651,#7652,#7653),
 .UNSPECIFIED.,.F.,.F.,(4,1,4),(0.,0.560086356237625,1.),.UNSPECIFIED.);
#465=B_SPLINE_CURVE_WITH_KNOTS('',3,(#7657,#7658,#7659,#7660,#7661,#7662,
#7663),.UNSPECIFIED.,.F.,.F.,(4,1,1,1,4),(0.0572952970894268,0.0737514933896301,
0.0902076896898333,0.106663885990037,0.12312008229024),.UNSPECIFIED.);
#466=B_SPLINE_CURVE_WITH_KNOTS('',3,(#7669,#7670,#7671,#7672,#7673),
 .UNSPECIFIED.,.F.,.F.,(4,1,4),(0.,0.560086356237625,1.),.UNSPECIFIED.);
#467=B_SPLINE_CURVE_WITH_KNOTS('',3,(#7691,#7692,#7693,#7694,#7695,#7696,
#7697),.UNSPECIFIED.,.F.,.F.,(4,1,1,1,4),(0.0572952970894271,0.0737514933896303,
0.0902076896898335,0.106663885990037,0.12312008229024),.UNSPECIFIED.);
#468=B_SPLINE_CURVE_WITH_KNOTS('',3,(#7698,#7699,#7700,#7701,#7702),
 .UNSPECIFIED.,.F.,.F.,(4,1,4),(0.,0.560086356237625,1.),.UNSPECIFIED.);
#469=B_SPLINE_CURVE_WITH_KNOTS('',3,(#7706,#7707,#7708,#7709,#7710,#7711,
#7712),.UNSPECIFIED.,.F.,.F.,(4,1,1,1,4),(0.057295297089427,0.0737514933896302,
0.0902076896898335,0.106663885990037,0.12312008229024),.UNSPECIFIED.);
#470=B_SPLINE_CURVE_WITH_KNOTS('',3,(#7718,#7719,#7720,#7721,#7722),
 .UNSPECIFIED.,.F.,.F.,(4,1,4),(0.,0.560086356237625,1.),.UNSPECIFIED.);
#471=B_SPLINE_CURVE_WITH_KNOTS('',3,(#7765,#7766,#7767,#7768,#7769,#7770,
#7771),.UNSPECIFIED.,.F.,.F.,(4,1,1,1,4),(0.0572952970894269,0.0737514933896302,
0.0902076896898334,0.106663885990037,0.12312008229024),.UNSPECIFIED.);
#472=B_SPLINE_CURVE_WITH_KNOTS('',3,(#7772,#7773,#7774,#7775,#7776),
 .UNSPECIFIED.,.F.,.F.,(4,1,4),(0.,0.560086356237625,1.),.UNSPECIFIED.);
#473=B_SPLINE_CURVE_WITH_KNOTS('',3,(#7780,#7781,#7782,#7783,#7784,#7785,
#7786),.UNSPECIFIED.,.F.,.F.,(4,1,1,1,4),(0.0572952970894269,0.0737514933896301,
0.0902076896898334,0.106663885990037,0.12312008229024),.UNSPECIFIED.);
#474=B_SPLINE_CURVE_WITH_KNOTS('',3,(#7792,#7793,#7794,#7795,#7796),
 .UNSPECIFIED.,.F.,.F.,(4,1,4),(0.,0.560086356237625,1.),.UNSPECIFIED.);
#475=B_SPLINE_CURVE_WITH_KNOTS('',3,(#7839,#7840,#7841,#7842,#7843,#7844,
#7845),.UNSPECIFIED.,.F.,.F.,(4,1,1,1,4),(0.057295297089427,0.0737514933896302,
0.0902076896898335,0.106663885990037,0.12312008229024),.UNSPECIFIED.);
#476=B_SPLINE_CURVE_WITH_KNOTS('',3,(#7846,#7847,#7848,#7849,#7850),
 .UNSPECIFIED.,.F.,.F.,(4,1,4),(0.,0.560086356237625,1.),.UNSPECIFIED.);
#477=B_SPLINE_CURVE_WITH_KNOTS('',3,(#7854,#7855,#7856,#7857,#7858,#7859,
#7860),.UNSPECIFIED.,.F.,.F.,(4,1,1,1,4),(0.057295297089427,0.0737514933896302,
0.0902076896898334,0.106663885990037,0.12312008229024),.UNSPECIFIED.);
#478=B_SPLINE_CURVE_WITH_KNOTS('',3,(#7866,#7867,#7868,#7869,#7870),
 .UNSPECIFIED.,.F.,.F.,(4,1,4),(0.,0.560086356237625,1.),.UNSPECIFIED.);
#479=B_SPLINE_CURVE_WITH_KNOTS('',3,(#7913,#7914,#7915,#7916,#7917,#7918,
#7919),.UNSPECIFIED.,.F.,.F.,(4,1,1,1,4),(0.057295297089427,0.0737514933896302,
0.0902076896898335,0.106663885990037,0.12312008229024),.UNSPECIFIED.);
#480=B_SPLINE_CURVE_WITH_KNOTS('',3,(#7920,#7921,#7922,#7923,#7924),
 .UNSPECIFIED.,.F.,.F.,(4,1,4),(0.,0.560086356237625,1.),.UNSPECIFIED.);
#481=B_SPLINE_CURVE_WITH_KNOTS('',3,(#7928,#7929,#7930,#7931,#7932,#7933,
#7934),.UNSPECIFIED.,.F.,.F.,(4,1,1,1,4),(0.0572952970894269,0.0737514933896302,
0.0902076896898334,0.106663885990037,0.12312008229024),.UNSPECIFIED.);
#482=B_SPLINE_CURVE_WITH_KNOTS('',3,(#7940,#7941,#7942,#7943,#7944),
 .UNSPECIFIED.,.F.,.F.,(4,1,4),(0.,0.560086356237625,1.),.UNSPECIFIED.);
#483=B_SPLINE_CURVE_WITH_KNOTS('',3,(#7987,#7988,#7989,#7990,#7991,#7992,
#7993),.UNSPECIFIED.,.F.,.F.,(4,1,1,1,4),(0.0572952970894268,0.0737514933896301,
0.0902076896898333,0.106663885990037,0.12312008229024),.UNSPECIFIED.);
#484=B_SPLINE_CURVE_WITH_KNOTS('',3,(#7994,#7995,#7996,#7997,#7998),
 .UNSPECIFIED.,.F.,.F.,(4,1,4),(0.,0.560086356237625,1.),.UNSPECIFIED.);
#485=B_SPLINE_CURVE_WITH_KNOTS('',3,(#8002,#8003,#8004,#8005,#8006,#8007,
#8008),.UNSPECIFIED.,.F.,.F.,(4,1,1,1,4),(0.057295297089427,0.0737514933896302,
0.0902076896898335,0.106663885990037,0.12312008229024),.UNSPECIFIED.);
#486=B_SPLINE_CURVE_WITH_KNOTS('',3,(#8014,#8015,#8016,#8017,#8018),
 .UNSPECIFIED.,.F.,.F.,(4,1,4),(0.,0.560086356237625,1.),.UNSPECIFIED.);
#487=B_SPLINE_CURVE_WITH_KNOTS('',3,(#8061,#8062,#8063,#8064,#8065,#8066,
#8067),.UNSPECIFIED.,.F.,.F.,(4,1,1,1,4),(0.057295297089427,0.0737514933896302,
0.0902076896898334,0.106663885990037,0.12312008229024),.UNSPECIFIED.);
#488=B_SPLINE_CURVE_WITH_KNOTS('',3,(#8068,#8069,#8070,#8071,#8072),
 .UNSPECIFIED.,.F.,.F.,(4,1,4),(0.,0.560086356237625,1.),.UNSPECIFIED.);
#489=B_SPLINE_CURVE_WITH_KNOTS('',3,(#8076,#8077,#8078,#8079,#8080,#8081,
#8082),.UNSPECIFIED.,.F.,.F.,(4,1,1,1,4),(0.0572952970894272,0.0737514933896304,
0.0902076896898335,0.106663885990037,0.12312008229024),.UNSPECIFIED.);
#490=B_SPLINE_CURVE_WITH_KNOTS('',3,(#8088,#8089,#8090,#8091,#8092),
 .UNSPECIFIED.,.F.,.F.,(4,1,4),(0.,0.560086356237625,1.),.UNSPECIFIED.);
#491=B_SPLINE_CURVE_WITH_KNOTS('',3,(#8135,#8136,#8137,#8138,#8139,#8140,
#8141),.UNSPECIFIED.,.F.,.F.,(4,1,1,1,4),(0.057295297089427,0.0737514933896302,
0.0902076896898335,0.106663885990037,0.12312008229024),.UNSPECIFIED.);
#492=B_SPLINE_CURVE_WITH_KNOTS('',3,(#8142,#8143,#8144,#8145,#8146),
 .UNSPECIFIED.,.F.,.F.,(4,1,4),(0.,0.560086356237625,1.),.UNSPECIFIED.);
#493=B_SPLINE_CURVE_WITH_KNOTS('',3,(#8150,#8151,#8152,#8153,#8154,#8155,
#8156),.UNSPECIFIED.,.F.,.F.,(4,1,1,1,4),(0.0572952970894269,0.0737514933896302,
0.0902076896898334,0.106663885990037,0.12312008229024),.UNSPECIFIED.);
#494=B_SPLINE_CURVE_WITH_KNOTS('',3,(#8162,#8163,#8164,#8165,#8166),
 .UNSPECIFIED.,.F.,.F.,(4,1,4),(0.,0.560086356237625,1.),.UNSPECIFIED.);
#495=ORIENTED_EDGE('',*,*,#1773,.T.);
#496=ORIENTED_EDGE('',*,*,#1774,.T.);
#497=ORIENTED_EDGE('',*,*,#1775,.F.);
#498=ORIENTED_EDGE('',*,*,#1776,.F.);
#499=ORIENTED_EDGE('',*,*,#1777,.T.);
#500=ORIENTED_EDGE('',*,*,#1778,.T.);
#501=ORIENTED_EDGE('',*,*,#1779,.F.);
#502=ORIENTED_EDGE('',*,*,#1780,.F.);
#503=ORIENTED_EDGE('',*,*,#1781,.T.);
#504=ORIENTED_EDGE('',*,*,#1782,.T.);
#505=ORIENTED_EDGE('',*,*,#1783,.F.);
#506=ORIENTED_EDGE('',*,*,#1784,.F.);
#507=ORIENTED_EDGE('',*,*,#1785,.T.);
#508=ORIENTED_EDGE('',*,*,#1786,.T.);
#509=ORIENTED_EDGE('',*,*,#1787,.F.);
#510=ORIENTED_EDGE('',*,*,#1788,.F.);
#511=ORIENTED_EDGE('',*,*,#1789,.F.);
#512=ORIENTED_EDGE('',*,*,#1790,.F.);
#513=ORIENTED_EDGE('',*,*,#1791,.T.);
#514=ORIENTED_EDGE('',*,*,#1792,.F.);
#515=ORIENTED_EDGE('',*,*,#1793,.T.);
#516=ORIENTED_EDGE('',*,*,#1794,.T.);
#517=ORIENTED_EDGE('',*,*,#1795,.T.);
#518=ORIENTED_EDGE('',*,*,#1796,.F.);
#519=ORIENTED_EDGE('',*,*,#1776,.T.);
#520=ORIENTED_EDGE('',*,*,#1797,.T.);
#521=ORIENTED_EDGE('',*,*,#1798,.T.);
#522=ORIENTED_EDGE('',*,*,#1794,.F.);
#523=ORIENTED_EDGE('',*,*,#1799,.F.);
#524=ORIENTED_EDGE('',*,*,#1774,.F.);
#525=ORIENTED_EDGE('',*,*,#1800,.T.);
#526=ORIENTED_EDGE('',*,*,#1801,.T.);
#527=ORIENTED_EDGE('',*,*,#1802,.F.);
#528=ORIENTED_EDGE('',*,*,#1803,.F.);
#529=ORIENTED_EDGE('',*,*,#1804,.T.);
#530=ORIENTED_EDGE('',*,*,#1805,.F.);
#531=ORIENTED_EDGE('',*,*,#1803,.T.);
#532=ORIENTED_EDGE('',*,*,#1806,.T.);
#533=ORIENTED_EDGE('',*,*,#1807,.T.);
#534=ORIENTED_EDGE('',*,*,#1808,.F.);
#535=ORIENTED_EDGE('',*,*,#1809,.F.);
#536=ORIENTED_EDGE('',*,*,#1801,.F.);
#537=ORIENTED_EDGE('',*,*,#1810,.T.);
#538=ORIENTED_EDGE('',*,*,#1811,.F.);
#539=ORIENTED_EDGE('',*,*,#1780,.T.);
#540=ORIENTED_EDGE('',*,*,#1812,.T.);
#541=ORIENTED_EDGE('',*,*,#1813,.T.);
#542=ORIENTED_EDGE('',*,*,#1814,.F.);
#543=ORIENTED_EDGE('',*,*,#1815,.F.);
#544=ORIENTED_EDGE('',*,*,#1778,.F.);
#545=ORIENTED_EDGE('',*,*,#1816,.T.);
#546=ORIENTED_EDGE('',*,*,#1817,.T.);
#547=ORIENTED_EDGE('',*,*,#1818,.F.);
#548=ORIENTED_EDGE('',*,*,#1819,.F.);
#549=ORIENTED_EDGE('',*,*,#1820,.T.);
#550=ORIENTED_EDGE('',*,*,#1821,.F.);
#551=ORIENTED_EDGE('',*,*,#1819,.T.);
#552=ORIENTED_EDGE('',*,*,#1822,.T.);
#553=ORIENTED_EDGE('',*,*,#1823,.T.);
#554=ORIENTED_EDGE('',*,*,#1824,.F.);
#555=ORIENTED_EDGE('',*,*,#1825,.F.);
#556=ORIENTED_EDGE('',*,*,#1817,.F.);
#557=ORIENTED_EDGE('',*,*,#1826,.T.);
#558=ORIENTED_EDGE('',*,*,#1827,.F.);
#559=ORIENTED_EDGE('',*,*,#1784,.T.);
#560=ORIENTED_EDGE('',*,*,#1828,.T.);
#561=ORIENTED_EDGE('',*,*,#1829,.T.);
#562=ORIENTED_EDGE('',*,*,#1830,.F.);
#563=ORIENTED_EDGE('',*,*,#1831,.F.);
#564=ORIENTED_EDGE('',*,*,#1782,.F.);
#565=ORIENTED_EDGE('',*,*,#1832,.T.);
#566=ORIENTED_EDGE('',*,*,#1833,.T.);
#567=ORIENTED_EDGE('',*,*,#1834,.F.);
#568=ORIENTED_EDGE('',*,*,#1835,.F.);
#569=ORIENTED_EDGE('',*,*,#1836,.T.);
#570=ORIENTED_EDGE('',*,*,#1837,.F.);
#571=ORIENTED_EDGE('',*,*,#1835,.T.);
#572=ORIENTED_EDGE('',*,*,#1838,.T.);
#573=ORIENTED_EDGE('',*,*,#1839,.T.);
#574=ORIENTED_EDGE('',*,*,#1840,.F.);
#575=ORIENTED_EDGE('',*,*,#1841,.F.);
#576=ORIENTED_EDGE('',*,*,#1833,.F.);
#577=ORIENTED_EDGE('',*,*,#1842,.T.);
#578=ORIENTED_EDGE('',*,*,#1843,.F.);
#579=ORIENTED_EDGE('',*,*,#1788,.T.);
#580=ORIENTED_EDGE('',*,*,#1844,.T.);
#581=ORIENTED_EDGE('',*,*,#1845,.T.);
#582=ORIENTED_EDGE('',*,*,#1846,.F.);
#583=ORIENTED_EDGE('',*,*,#1847,.F.);
#584=ORIENTED_EDGE('',*,*,#1786,.F.);
#585=ORIENTED_EDGE('',*,*,#1848,.T.);
#586=ORIENTED_EDGE('',*,*,#1849,.T.);
#587=ORIENTED_EDGE('',*,*,#1850,.F.);
#588=ORIENTED_EDGE('',*,*,#1851,.F.);
#589=ORIENTED_EDGE('',*,*,#1790,.T.);
#590=ORIENTED_EDGE('',*,*,#1852,.F.);
#591=ORIENTED_EDGE('',*,*,#1851,.T.);
#592=ORIENTED_EDGE('',*,*,#1853,.T.);
#593=ORIENTED_EDGE('',*,*,#1854,.T.);
#594=ORIENTED_EDGE('',*,*,#1855,.F.);
#595=ORIENTED_EDGE('',*,*,#1856,.F.);
#596=ORIENTED_EDGE('',*,*,#1849,.F.);
#597=ORIENTED_EDGE('',*,*,#1857,.T.);
#598=ORIENTED_EDGE('',*,*,#1858,.T.);
#599=ORIENTED_EDGE('',*,*,#1859,.T.);
#600=ORIENTED_EDGE('',*,*,#1860,.F.);
#601=ORIENTED_EDGE('',*,*,#1861,.T.);
#602=ORIENTED_EDGE('',*,*,#1862,.T.);
#603=ORIENTED_EDGE('',*,*,#1863,.F.);
#604=ORIENTED_EDGE('',*,*,#1842,.F.);
#605=ORIENTED_EDGE('',*,*,#1864,.T.);
#606=ORIENTED_EDGE('',*,*,#1865,.F.);
#607=ORIENTED_EDGE('',*,*,#1866,.T.);
#608=ORIENTED_EDGE('',*,*,#1855,.T.);
#609=ORIENTED_EDGE('',*,*,#1867,.F.);
#610=ORIENTED_EDGE('',*,*,#1836,.F.);
#611=ORIENTED_EDGE('',*,*,#1868,.T.);
#612=ORIENTED_EDGE('',*,*,#1869,.F.);
#613=ORIENTED_EDGE('',*,*,#1870,.T.);
#614=ORIENTED_EDGE('',*,*,#1846,.T.);
#615=ORIENTED_EDGE('',*,*,#1871,.F.);
#616=ORIENTED_EDGE('',*,*,#1826,.F.);
#617=ORIENTED_EDGE('',*,*,#1872,.T.);
#618=ORIENTED_EDGE('',*,*,#1873,.F.);
#619=ORIENTED_EDGE('',*,*,#1874,.T.);
#620=ORIENTED_EDGE('',*,*,#1840,.T.);
#621=ORIENTED_EDGE('',*,*,#1875,.F.);
#622=ORIENTED_EDGE('',*,*,#1820,.F.);
#623=ORIENTED_EDGE('',*,*,#1876,.T.);
#624=ORIENTED_EDGE('',*,*,#1877,.F.);
#625=ORIENTED_EDGE('',*,*,#1878,.T.);
#626=ORIENTED_EDGE('',*,*,#1830,.T.);
#627=ORIENTED_EDGE('',*,*,#1879,.F.);
#628=ORIENTED_EDGE('',*,*,#1810,.F.);
#629=ORIENTED_EDGE('',*,*,#1880,.T.);
#630=ORIENTED_EDGE('',*,*,#1881,.F.);
#631=ORIENTED_EDGE('',*,*,#1882,.T.);
#632=ORIENTED_EDGE('',*,*,#1824,.T.);
#633=ORIENTED_EDGE('',*,*,#1883,.F.);
#634=ORIENTED_EDGE('',*,*,#1804,.F.);
#635=ORIENTED_EDGE('',*,*,#1884,.T.);
#636=ORIENTED_EDGE('',*,*,#1885,.F.);
#637=ORIENTED_EDGE('',*,*,#1886,.T.);
#638=ORIENTED_EDGE('',*,*,#1814,.T.);
#639=ORIENTED_EDGE('',*,*,#1887,.F.);
#640=ORIENTED_EDGE('',*,*,#1795,.F.);
#641=ORIENTED_EDGE('',*,*,#1888,.T.);
#642=ORIENTED_EDGE('',*,*,#1889,.F.);
#643=ORIENTED_EDGE('',*,*,#1890,.T.);
#644=ORIENTED_EDGE('',*,*,#1808,.T.);
#645=ORIENTED_EDGE('',*,*,#1792,.T.);
#646=ORIENTED_EDGE('',*,*,#1865,.T.);
#647=ORIENTED_EDGE('',*,*,#1869,.T.);
#648=ORIENTED_EDGE('',*,*,#1873,.T.);
#649=ORIENTED_EDGE('',*,*,#1877,.T.);
#650=ORIENTED_EDGE('',*,*,#1881,.T.);
#651=ORIENTED_EDGE('',*,*,#1885,.T.);
#652=ORIENTED_EDGE('',*,*,#1889,.T.);
#653=ORIENTED_EDGE('',*,*,#1859,.F.);
#654=ORIENTED_EDGE('',*,*,#1793,.F.);
#655=ORIENTED_EDGE('',*,*,#1888,.F.);
#656=ORIENTED_EDGE('',*,*,#1797,.F.);
#657=ORIENTED_EDGE('',*,*,#1775,.T.);
#658=ORIENTED_EDGE('',*,*,#1799,.T.);
#659=ORIENTED_EDGE('',*,*,#1884,.F.);
#660=ORIENTED_EDGE('',*,*,#1806,.F.);
#661=ORIENTED_EDGE('',*,*,#1802,.T.);
#662=ORIENTED_EDGE('',*,*,#1809,.T.);
#663=ORIENTED_EDGE('',*,*,#1890,.F.);
#664=ORIENTED_EDGE('',*,*,#1880,.F.);
#665=ORIENTED_EDGE('',*,*,#1812,.F.);
#666=ORIENTED_EDGE('',*,*,#1779,.T.);
#667=ORIENTED_EDGE('',*,*,#1815,.T.);
#668=ORIENTED_EDGE('',*,*,#1886,.F.);
#669=ORIENTED_EDGE('',*,*,#1876,.F.);
#670=ORIENTED_EDGE('',*,*,#1822,.F.);
#671=ORIENTED_EDGE('',*,*,#1818,.T.);
#672=ORIENTED_EDGE('',*,*,#1825,.T.);
#673=ORIENTED_EDGE('',*,*,#1882,.F.);
#674=ORIENTED_EDGE('',*,*,#1872,.F.);
#675=ORIENTED_EDGE('',*,*,#1828,.F.);
#676=ORIENTED_EDGE('',*,*,#1783,.T.);
#677=ORIENTED_EDGE('',*,*,#1831,.T.);
#678=ORIENTED_EDGE('',*,*,#1878,.F.);
#679=ORIENTED_EDGE('',*,*,#1868,.F.);
#680=ORIENTED_EDGE('',*,*,#1838,.F.);
#681=ORIENTED_EDGE('',*,*,#1834,.T.);
#682=ORIENTED_EDGE('',*,*,#1841,.T.);
#683=ORIENTED_EDGE('',*,*,#1874,.F.);
#684=ORIENTED_EDGE('',*,*,#1864,.F.);
#685=ORIENTED_EDGE('',*,*,#1844,.F.);
#686=ORIENTED_EDGE('',*,*,#1787,.T.);
#687=ORIENTED_EDGE('',*,*,#1847,.T.);
#688=ORIENTED_EDGE('',*,*,#1870,.F.);
#689=ORIENTED_EDGE('',*,*,#1791,.F.);
#690=ORIENTED_EDGE('',*,*,#1853,.F.);
#691=ORIENTED_EDGE('',*,*,#1850,.T.);
#692=ORIENTED_EDGE('',*,*,#1856,.T.);
#693=ORIENTED_EDGE('',*,*,#1866,.F.);
#694=ORIENTED_EDGE('',*,*,#1858,.F.);
#695=ORIENTED_EDGE('',*,*,#1891,.F.);
#696=ORIENTED_EDGE('',*,*,#1861,.F.);
#697=ORIENTED_EDGE('',*,*,#1892,.F.);
#698=ORIENTED_EDGE('',*,*,#1857,.F.);
#699=ORIENTED_EDGE('',*,*,#1893,.F.);
#700=ORIENTED_EDGE('',*,*,#1862,.F.);
#701=ORIENTED_EDGE('',*,*,#1894,.F.);
#702=ORIENTED_EDGE('',*,*,#1895,.T.);
#703=ORIENTED_EDGE('',*,*,#1896,.T.);
#704=ORIENTED_EDGE('',*,*,#1897,.F.);
#705=ORIENTED_EDGE('',*,*,#1898,.T.);
#706=ORIENTED_EDGE('',*,*,#1899,.T.);
#707=ORIENTED_EDGE('',*,*,#1900,.T.);
#708=ORIENTED_EDGE('',*,*,#1901,.F.);
#709=ORIENTED_EDGE('',*,*,#1902,.T.);
#710=ORIENTED_EDGE('',*,*,#1903,.T.);
#711=ORIENTED_EDGE('',*,*,#1904,.T.);
#712=ORIENTED_EDGE('',*,*,#1905,.F.);
#713=ORIENTED_EDGE('',*,*,#1906,.T.);
#714=ORIENTED_EDGE('',*,*,#1907,.T.);
#715=ORIENTED_EDGE('',*,*,#1908,.T.);
#716=ORIENTED_EDGE('',*,*,#1909,.F.);
#717=ORIENTED_EDGE('',*,*,#1910,.T.);
#718=ORIENTED_EDGE('',*,*,#1911,.T.);
#719=ORIENTED_EDGE('',*,*,#1912,.T.);
#720=ORIENTED_EDGE('',*,*,#1913,.F.);
#721=ORIENTED_EDGE('',*,*,#1914,.T.);
#722=ORIENTED_EDGE('',*,*,#1915,.T.);
#723=ORIENTED_EDGE('',*,*,#1916,.T.);
#724=ORIENTED_EDGE('',*,*,#1917,.F.);
#725=ORIENTED_EDGE('',*,*,#1918,.T.);
#726=ORIENTED_EDGE('',*,*,#1919,.T.);
#727=ORIENTED_EDGE('',*,*,#1920,.T.);
#728=ORIENTED_EDGE('',*,*,#1921,.F.);
#729=ORIENTED_EDGE('',*,*,#1922,.T.);
#730=ORIENTED_EDGE('',*,*,#1923,.T.);
#731=ORIENTED_EDGE('',*,*,#1924,.T.);
#732=ORIENTED_EDGE('',*,*,#1925,.F.);
#733=ORIENTED_EDGE('',*,*,#1926,.T.);
#734=ORIENTED_EDGE('',*,*,#1927,.F.);
#735=ORIENTED_EDGE('',*,*,#1860,.T.);
#736=ORIENTED_EDGE('',*,*,#1928,.F.);
#737=ORIENTED_EDGE('',*,*,#1927,.T.);
#738=ORIENTED_EDGE('',*,*,#1929,.F.);
#739=ORIENTED_EDGE('',*,*,#1928,.T.);
#740=ORIENTED_EDGE('',*,*,#1930,.F.);
#741=ORIENTED_EDGE('',*,*,#1929,.T.);
#742=ORIENTED_EDGE('',*,*,#1931,.F.);
#743=ORIENTED_EDGE('',*,*,#1930,.T.);
#744=ORIENTED_EDGE('',*,*,#1932,.F.);
#745=ORIENTED_EDGE('',*,*,#1933,.T.);
#746=ORIENTED_EDGE('',*,*,#1926,.F.);
#747=ORIENTED_EDGE('',*,*,#1934,.F.);
#748=ORIENTED_EDGE('',*,*,#1935,.F.);
#749=ORIENTED_EDGE('',*,*,#1936,.T.);
#750=ORIENTED_EDGE('',*,*,#1898,.F.);
#751=ORIENTED_EDGE('',*,*,#1937,.F.);
#752=ORIENTED_EDGE('',*,*,#1938,.F.);
#753=ORIENTED_EDGE('',*,*,#1939,.T.);
#754=ORIENTED_EDGE('',*,*,#1902,.F.);
#755=ORIENTED_EDGE('',*,*,#1940,.F.);
#756=ORIENTED_EDGE('',*,*,#1941,.F.);
#757=ORIENTED_EDGE('',*,*,#1942,.T.);
#758=ORIENTED_EDGE('',*,*,#1906,.F.);
#759=ORIENTED_EDGE('',*,*,#1943,.F.);
#760=ORIENTED_EDGE('',*,*,#1944,.F.);
#761=ORIENTED_EDGE('',*,*,#1945,.T.);
#762=ORIENTED_EDGE('',*,*,#1910,.F.);
#763=ORIENTED_EDGE('',*,*,#1946,.F.);
#764=ORIENTED_EDGE('',*,*,#1947,.F.);
#765=ORIENTED_EDGE('',*,*,#1948,.T.);
#766=ORIENTED_EDGE('',*,*,#1914,.F.);
#767=ORIENTED_EDGE('',*,*,#1949,.F.);
#768=ORIENTED_EDGE('',*,*,#1950,.F.);
#769=ORIENTED_EDGE('',*,*,#1951,.T.);
#770=ORIENTED_EDGE('',*,*,#1918,.F.);
#771=ORIENTED_EDGE('',*,*,#1952,.F.);
#772=ORIENTED_EDGE('',*,*,#1953,.F.);
#773=ORIENTED_EDGE('',*,*,#1954,.T.);
#774=ORIENTED_EDGE('',*,*,#1922,.F.);
#775=ORIENTED_EDGE('',*,*,#1955,.F.);
#776=ORIENTED_EDGE('',*,*,#1931,.T.);
#777=ORIENTED_EDGE('',*,*,#1956,.F.);
#778=ORIENTED_EDGE('',*,*,#1957,.F.);
#779=ORIENTED_EDGE('',*,*,#1958,.F.);
#780=ORIENTED_EDGE('',*,*,#1940,.T.);
#781=ORIENTED_EDGE('',*,*,#1901,.T.);
#782=ORIENTED_EDGE('',*,*,#1959,.F.);
#783=ORIENTED_EDGE('',*,*,#1960,.F.);
#784=ORIENTED_EDGE('',*,*,#1961,.F.);
#785=ORIENTED_EDGE('',*,*,#1937,.T.);
#786=ORIENTED_EDGE('',*,*,#1897,.T.);
#787=ORIENTED_EDGE('',*,*,#1962,.T.);
#788=ORIENTED_EDGE('',*,*,#1963,.T.);
#789=ORIENTED_EDGE('',*,*,#1899,.F.);
#790=ORIENTED_EDGE('',*,*,#1939,.F.);
#791=ORIENTED_EDGE('',*,*,#1964,.T.);
#792=ORIENTED_EDGE('',*,*,#1964,.F.);
#793=ORIENTED_EDGE('',*,*,#1938,.T.);
#794=ORIENTED_EDGE('',*,*,#1961,.T.);
#795=ORIENTED_EDGE('',*,*,#1965,.F.);
#796=ORIENTED_EDGE('',*,*,#1966,.T.);
#797=ORIENTED_EDGE('',*,*,#1967,.T.);
#798=ORIENTED_EDGE('',*,*,#1895,.F.);
#799=ORIENTED_EDGE('',*,*,#1936,.F.);
#800=ORIENTED_EDGE('',*,*,#1968,.T.);
#801=ORIENTED_EDGE('',*,*,#1896,.F.);
#802=ORIENTED_EDGE('',*,*,#1967,.F.);
#803=ORIENTED_EDGE('',*,*,#1969,.T.);
#804=ORIENTED_EDGE('',*,*,#1970,.F.);
#805=ORIENTED_EDGE('',*,*,#1971,.T.);
#806=ORIENTED_EDGE('',*,*,#1959,.T.);
#807=ORIENTED_EDGE('',*,*,#1900,.F.);
#808=ORIENTED_EDGE('',*,*,#1963,.F.);
#809=ORIENTED_EDGE('',*,*,#1972,.T.);
#810=ORIENTED_EDGE('',*,*,#1973,.T.);
#811=ORIENTED_EDGE('',*,*,#1974,.T.);
#812=ORIENTED_EDGE('',*,*,#1956,.T.);
#813=ORIENTED_EDGE('',*,*,#1975,.F.);
#814=ORIENTED_EDGE('',*,*,#1976,.F.);
#815=ORIENTED_EDGE('',*,*,#1977,.F.);
#816=ORIENTED_EDGE('',*,*,#1946,.T.);
#817=ORIENTED_EDGE('',*,*,#1909,.T.);
#818=ORIENTED_EDGE('',*,*,#1978,.F.);
#819=ORIENTED_EDGE('',*,*,#1979,.F.);
#820=ORIENTED_EDGE('',*,*,#1980,.F.);
#821=ORIENTED_EDGE('',*,*,#1943,.T.);
#822=ORIENTED_EDGE('',*,*,#1905,.T.);
#823=ORIENTED_EDGE('',*,*,#1981,.T.);
#824=ORIENTED_EDGE('',*,*,#1982,.T.);
#825=ORIENTED_EDGE('',*,*,#1907,.F.);
#826=ORIENTED_EDGE('',*,*,#1945,.F.);
#827=ORIENTED_EDGE('',*,*,#1983,.T.);
#828=ORIENTED_EDGE('',*,*,#1983,.F.);
#829=ORIENTED_EDGE('',*,*,#1944,.T.);
#830=ORIENTED_EDGE('',*,*,#1980,.T.);
#831=ORIENTED_EDGE('',*,*,#1984,.F.);
#832=ORIENTED_EDGE('',*,*,#1985,.T.);
#833=ORIENTED_EDGE('',*,*,#1986,.T.);
#834=ORIENTED_EDGE('',*,*,#1903,.F.);
#835=ORIENTED_EDGE('',*,*,#1942,.F.);
#836=ORIENTED_EDGE('',*,*,#1987,.T.);
#837=ORIENTED_EDGE('',*,*,#1904,.F.);
#838=ORIENTED_EDGE('',*,*,#1986,.F.);
#839=ORIENTED_EDGE('',*,*,#1988,.T.);
#840=ORIENTED_EDGE('',*,*,#1989,.F.);
#841=ORIENTED_EDGE('',*,*,#1990,.T.);
#842=ORIENTED_EDGE('',*,*,#1978,.T.);
#843=ORIENTED_EDGE('',*,*,#1908,.F.);
#844=ORIENTED_EDGE('',*,*,#1982,.F.);
#845=ORIENTED_EDGE('',*,*,#1991,.T.);
#846=ORIENTED_EDGE('',*,*,#1992,.T.);
#847=ORIENTED_EDGE('',*,*,#1993,.T.);
#848=ORIENTED_EDGE('',*,*,#1975,.T.);
#849=ORIENTED_EDGE('',*,*,#1994,.F.);
#850=ORIENTED_EDGE('',*,*,#1995,.F.);
#851=ORIENTED_EDGE('',*,*,#1996,.F.);
#852=ORIENTED_EDGE('',*,*,#1952,.T.);
#853=ORIENTED_EDGE('',*,*,#1917,.T.);
#854=ORIENTED_EDGE('',*,*,#1997,.F.);
#855=ORIENTED_EDGE('',*,*,#1998,.F.);
#856=ORIENTED_EDGE('',*,*,#1999,.F.);
#857=ORIENTED_EDGE('',*,*,#1949,.T.);
#858=ORIENTED_EDGE('',*,*,#1913,.T.);
#859=ORIENTED_EDGE('',*,*,#2000,.T.);
#860=ORIENTED_EDGE('',*,*,#2001,.T.);
#861=ORIENTED_EDGE('',*,*,#1915,.F.);
#862=ORIENTED_EDGE('',*,*,#1951,.F.);
#863=ORIENTED_EDGE('',*,*,#2002,.T.);
#864=ORIENTED_EDGE('',*,*,#2002,.F.);
#865=ORIENTED_EDGE('',*,*,#1950,.T.);
#866=ORIENTED_EDGE('',*,*,#1999,.T.);
#867=ORIENTED_EDGE('',*,*,#2003,.F.);
#868=ORIENTED_EDGE('',*,*,#2004,.T.);
#869=ORIENTED_EDGE('',*,*,#2005,.T.);
#870=ORIENTED_EDGE('',*,*,#1911,.F.);
#871=ORIENTED_EDGE('',*,*,#1948,.F.);
#872=ORIENTED_EDGE('',*,*,#2006,.T.);
#873=ORIENTED_EDGE('',*,*,#1912,.F.);
#874=ORIENTED_EDGE('',*,*,#2005,.F.);
#875=ORIENTED_EDGE('',*,*,#2007,.T.);
#876=ORIENTED_EDGE('',*,*,#2008,.F.);
#877=ORIENTED_EDGE('',*,*,#2009,.T.);
#878=ORIENTED_EDGE('',*,*,#1997,.T.);
#879=ORIENTED_EDGE('',*,*,#1916,.F.);
#880=ORIENTED_EDGE('',*,*,#2001,.F.);
#881=ORIENTED_EDGE('',*,*,#2010,.T.);
#882=ORIENTED_EDGE('',*,*,#2011,.T.);
#883=ORIENTED_EDGE('',*,*,#2012,.T.);
#884=ORIENTED_EDGE('',*,*,#1994,.T.);
#885=ORIENTED_EDGE('',*,*,#2013,.F.);
#886=ORIENTED_EDGE('',*,*,#2014,.F.);
#887=ORIENTED_EDGE('',*,*,#2015,.F.);
#888=ORIENTED_EDGE('',*,*,#1934,.T.);
#889=ORIENTED_EDGE('',*,*,#1925,.T.);
#890=ORIENTED_EDGE('',*,*,#2016,.F.);
#891=ORIENTED_EDGE('',*,*,#2017,.F.);
#892=ORIENTED_EDGE('',*,*,#2018,.F.);
#893=ORIENTED_EDGE('',*,*,#1955,.T.);
#894=ORIENTED_EDGE('',*,*,#1921,.T.);
#895=ORIENTED_EDGE('',*,*,#2019,.T.);
#896=ORIENTED_EDGE('',*,*,#2020,.T.);
#897=ORIENTED_EDGE('',*,*,#1923,.F.);
#898=ORIENTED_EDGE('',*,*,#1933,.F.);
#899=ORIENTED_EDGE('',*,*,#2021,.T.);
#900=ORIENTED_EDGE('',*,*,#2021,.F.);
#901=ORIENTED_EDGE('',*,*,#1932,.T.);
#902=ORIENTED_EDGE('',*,*,#2018,.T.);
#903=ORIENTED_EDGE('',*,*,#2022,.F.);
#904=ORIENTED_EDGE('',*,*,#1924,.F.);
#905=ORIENTED_EDGE('',*,*,#2020,.F.);
#906=ORIENTED_EDGE('',*,*,#2023,.T.);
#907=ORIENTED_EDGE('',*,*,#2024,.T.);
#908=ORIENTED_EDGE('',*,*,#2025,.T.);
#909=ORIENTED_EDGE('',*,*,#2013,.T.);
#910=ORIENTED_EDGE('',*,*,#2026,.T.);
#911=ORIENTED_EDGE('',*,*,#2027,.T.);
#912=ORIENTED_EDGE('',*,*,#1919,.F.);
#913=ORIENTED_EDGE('',*,*,#1954,.F.);
#914=ORIENTED_EDGE('',*,*,#2028,.T.);
#915=ORIENTED_EDGE('',*,*,#1920,.F.);
#916=ORIENTED_EDGE('',*,*,#2027,.F.);
#917=ORIENTED_EDGE('',*,*,#2029,.T.);
#918=ORIENTED_EDGE('',*,*,#2030,.F.);
#919=ORIENTED_EDGE('',*,*,#2031,.T.);
#920=ORIENTED_EDGE('',*,*,#2016,.T.);
#921=ORIENTED_EDGE('',*,*,#2028,.F.);
#922=ORIENTED_EDGE('',*,*,#1953,.T.);
#923=ORIENTED_EDGE('',*,*,#1996,.T.);
#924=ORIENTED_EDGE('',*,*,#2032,.F.);
#925=ORIENTED_EDGE('',*,*,#2006,.F.);
#926=ORIENTED_EDGE('',*,*,#1947,.T.);
#927=ORIENTED_EDGE('',*,*,#1977,.T.);
#928=ORIENTED_EDGE('',*,*,#2033,.F.);
#929=ORIENTED_EDGE('',*,*,#1987,.F.);
#930=ORIENTED_EDGE('',*,*,#1941,.T.);
#931=ORIENTED_EDGE('',*,*,#1958,.T.);
#932=ORIENTED_EDGE('',*,*,#2034,.F.);
#933=ORIENTED_EDGE('',*,*,#1968,.F.);
#934=ORIENTED_EDGE('',*,*,#1935,.T.);
#935=ORIENTED_EDGE('',*,*,#2015,.T.);
#936=ORIENTED_EDGE('',*,*,#2035,.F.);
#937=ORIENTED_EDGE('',*,*,#2031,.F.);
#938=ORIENTED_EDGE('',*,*,#2036,.F.);
#939=ORIENTED_EDGE('',*,*,#2037,.F.);
#940=ORIENTED_EDGE('',*,*,#2038,.T.);
#941=ORIENTED_EDGE('',*,*,#2039,.T.);
#942=ORIENTED_EDGE('',*,*,#2040,.T.);
#943=ORIENTED_EDGE('',*,*,#2041,.F.);
#944=ORIENTED_EDGE('',*,*,#2042,.T.);
#945=ORIENTED_EDGE('',*,*,#2023,.F.);
#946=ORIENTED_EDGE('',*,*,#2019,.F.);
#947=ORIENTED_EDGE('',*,*,#2022,.T.);
#948=ORIENTED_EDGE('',*,*,#2017,.T.);
#949=ORIENTED_EDGE('',*,*,#1971,.F.);
#950=ORIENTED_EDGE('',*,*,#2043,.F.);
#951=ORIENTED_EDGE('',*,*,#2044,.F.);
#952=ORIENTED_EDGE('',*,*,#2045,.T.);
#953=ORIENTED_EDGE('',*,*,#2046,.T.);
#954=ORIENTED_EDGE('',*,*,#2047,.T.);
#955=ORIENTED_EDGE('',*,*,#2048,.F.);
#956=ORIENTED_EDGE('',*,*,#2049,.T.);
#957=ORIENTED_EDGE('',*,*,#1972,.F.);
#958=ORIENTED_EDGE('',*,*,#1962,.F.);
#959=ORIENTED_EDGE('',*,*,#1965,.T.);
#960=ORIENTED_EDGE('',*,*,#1960,.T.);
#961=ORIENTED_EDGE('',*,*,#1990,.F.);
#962=ORIENTED_EDGE('',*,*,#2050,.F.);
#963=ORIENTED_EDGE('',*,*,#2051,.F.);
#964=ORIENTED_EDGE('',*,*,#2052,.T.);
#965=ORIENTED_EDGE('',*,*,#2053,.T.);
#966=ORIENTED_EDGE('',*,*,#2054,.T.);
#967=ORIENTED_EDGE('',*,*,#2055,.F.);
#968=ORIENTED_EDGE('',*,*,#2056,.T.);
#969=ORIENTED_EDGE('',*,*,#1991,.F.);
#970=ORIENTED_EDGE('',*,*,#1981,.F.);
#971=ORIENTED_EDGE('',*,*,#1984,.T.);
#972=ORIENTED_EDGE('',*,*,#1979,.T.);
#973=ORIENTED_EDGE('',*,*,#2009,.F.);
#974=ORIENTED_EDGE('',*,*,#2057,.F.);
#975=ORIENTED_EDGE('',*,*,#2058,.F.);
#976=ORIENTED_EDGE('',*,*,#2059,.T.);
#977=ORIENTED_EDGE('',*,*,#2060,.T.);
#978=ORIENTED_EDGE('',*,*,#2061,.T.);
#979=ORIENTED_EDGE('',*,*,#2062,.F.);
#980=ORIENTED_EDGE('',*,*,#2063,.T.);
#981=ORIENTED_EDGE('',*,*,#2010,.F.);
#982=ORIENTED_EDGE('',*,*,#2000,.F.);
#983=ORIENTED_EDGE('',*,*,#2003,.T.);
#984=ORIENTED_EDGE('',*,*,#1998,.T.);
#985=ORIENTED_EDGE('',*,*,#2064,.T.);
#986=ORIENTED_EDGE('',*,*,#2065,.F.);
#987=ORIENTED_EDGE('',*,*,#2066,.F.);
#988=ORIENTED_EDGE('',*,*,#2067,.F.);
#989=ORIENTED_EDGE('',*,*,#2068,.T.);
#990=ORIENTED_EDGE('',*,*,#2069,.F.);
#991=ORIENTED_EDGE('',*,*,#2070,.F.);
#992=ORIENTED_EDGE('',*,*,#2071,.F.);
#993=ORIENTED_EDGE('',*,*,#2072,.T.);
#994=ORIENTED_EDGE('',*,*,#2073,.F.);
#995=ORIENTED_EDGE('',*,*,#2074,.F.);
#996=ORIENTED_EDGE('',*,*,#2075,.F.);
#997=ORIENTED_EDGE('',*,*,#2076,.T.);
#998=ORIENTED_EDGE('',*,*,#2077,.F.);
#999=ORIENTED_EDGE('',*,*,#2078,.F.);
#1000=ORIENTED_EDGE('',*,*,#2079,.F.);
#1001=ORIENTED_EDGE('',*,*,#2080,.T.);
#1002=ORIENTED_EDGE('',*,*,#2081,.F.);
#1003=ORIENTED_EDGE('',*,*,#2082,.F.);
#1004=ORIENTED_EDGE('',*,*,#2083,.F.);
#1005=ORIENTED_EDGE('',*,*,#2084,.T.);
#1006=ORIENTED_EDGE('',*,*,#2085,.F.);
#1007=ORIENTED_EDGE('',*,*,#2086,.F.);
#1008=ORIENTED_EDGE('',*,*,#2087,.F.);
#1009=ORIENTED_EDGE('',*,*,#2088,.T.);
#1010=ORIENTED_EDGE('',*,*,#2089,.F.);
#1011=ORIENTED_EDGE('',*,*,#2090,.F.);
#1012=ORIENTED_EDGE('',*,*,#2091,.F.);
#1013=ORIENTED_EDGE('',*,*,#2092,.T.);
#1014=ORIENTED_EDGE('',*,*,#2093,.F.);
#1015=ORIENTED_EDGE('',*,*,#2094,.F.);
#1016=ORIENTED_EDGE('',*,*,#2095,.F.);
#1017=ORIENTED_EDGE('',*,*,#2096,.T.);
#1018=ORIENTED_EDGE('',*,*,#2097,.T.);
#1019=ORIENTED_EDGE('',*,*,#2098,.F.);
#1020=ORIENTED_EDGE('',*,*,#2099,.F.);
#1021=ORIENTED_EDGE('',*,*,#2100,.T.);
#1022=ORIENTED_EDGE('',*,*,#2101,.T.);
#1023=ORIENTED_EDGE('',*,*,#2102,.F.);
#1024=ORIENTED_EDGE('',*,*,#2103,.F.);
#1025=ORIENTED_EDGE('',*,*,#2104,.T.);
#1026=ORIENTED_EDGE('',*,*,#2105,.T.);
#1027=ORIENTED_EDGE('',*,*,#2106,.F.);
#1028=ORIENTED_EDGE('',*,*,#2107,.F.);
#1029=ORIENTED_EDGE('',*,*,#2108,.T.);
#1030=ORIENTED_EDGE('',*,*,#2109,.T.);
#1031=ORIENTED_EDGE('',*,*,#2110,.F.);
#1032=ORIENTED_EDGE('',*,*,#2111,.F.);
#1033=ORIENTED_EDGE('',*,*,#2112,.T.);
#1034=ORIENTED_EDGE('',*,*,#2113,.T.);
#1035=ORIENTED_EDGE('',*,*,#2114,.F.);
#1036=ORIENTED_EDGE('',*,*,#2115,.F.);
#1037=ORIENTED_EDGE('',*,*,#2116,.T.);
#1038=ORIENTED_EDGE('',*,*,#2117,.T.);
#1039=ORIENTED_EDGE('',*,*,#2118,.F.);
#1040=ORIENTED_EDGE('',*,*,#2119,.F.);
#1041=ORIENTED_EDGE('',*,*,#2120,.T.);
#1042=ORIENTED_EDGE('',*,*,#2121,.T.);
#1043=ORIENTED_EDGE('',*,*,#2122,.F.);
#1044=ORIENTED_EDGE('',*,*,#2123,.F.);
#1045=ORIENTED_EDGE('',*,*,#2124,.T.);
#1046=ORIENTED_EDGE('',*,*,#2125,.T.);
#1047=ORIENTED_EDGE('',*,*,#2126,.F.);
#1048=ORIENTED_EDGE('',*,*,#2127,.F.);
#1049=ORIENTED_EDGE('',*,*,#2012,.F.);
#1050=ORIENTED_EDGE('',*,*,#2128,.F.);
#1051=ORIENTED_EDGE('',*,*,#2129,.T.);
#1052=ORIENTED_EDGE('',*,*,#2130,.T.);
#1053=ORIENTED_EDGE('',*,*,#2131,.T.);
#1054=ORIENTED_EDGE('',*,*,#2132,.T.);
#1055=ORIENTED_EDGE('',*,*,#2029,.F.);
#1056=ORIENTED_EDGE('',*,*,#2026,.F.);
#1057=ORIENTED_EDGE('',*,*,#2032,.T.);
#1058=ORIENTED_EDGE('',*,*,#1995,.T.);
#1059=ORIENTED_EDGE('',*,*,#1993,.F.);
#1060=ORIENTED_EDGE('',*,*,#2133,.F.);
#1061=ORIENTED_EDGE('',*,*,#2134,.T.);
#1062=ORIENTED_EDGE('',*,*,#2135,.T.);
#1063=ORIENTED_EDGE('',*,*,#2136,.T.);
#1064=ORIENTED_EDGE('',*,*,#2137,.T.);
#1065=ORIENTED_EDGE('',*,*,#2007,.F.);
#1066=ORIENTED_EDGE('',*,*,#2004,.F.);
#1067=ORIENTED_EDGE('',*,*,#2033,.T.);
#1068=ORIENTED_EDGE('',*,*,#1976,.T.);
#1069=ORIENTED_EDGE('',*,*,#1974,.F.);
#1070=ORIENTED_EDGE('',*,*,#2138,.F.);
#1071=ORIENTED_EDGE('',*,*,#2139,.T.);
#1072=ORIENTED_EDGE('',*,*,#2140,.T.);
#1073=ORIENTED_EDGE('',*,*,#2141,.T.);
#1074=ORIENTED_EDGE('',*,*,#2142,.T.);
#1075=ORIENTED_EDGE('',*,*,#1988,.F.);
#1076=ORIENTED_EDGE('',*,*,#1985,.F.);
#1077=ORIENTED_EDGE('',*,*,#2034,.T.);
#1078=ORIENTED_EDGE('',*,*,#1957,.T.);
#1079=ORIENTED_EDGE('',*,*,#1969,.F.);
#1080=ORIENTED_EDGE('',*,*,#1966,.F.);
#1081=ORIENTED_EDGE('',*,*,#2035,.T.);
#1082=ORIENTED_EDGE('',*,*,#2014,.T.);
#1083=ORIENTED_EDGE('',*,*,#2025,.F.);
#1084=ORIENTED_EDGE('',*,*,#2143,.F.);
#1085=ORIENTED_EDGE('',*,*,#2144,.T.);
#1086=ORIENTED_EDGE('',*,*,#2145,.T.);
#1087=ORIENTED_EDGE('',*,*,#2146,.T.);
#1088=ORIENTED_EDGE('',*,*,#2147,.T.);
#1089=ORIENTED_EDGE('',*,*,#2148,.F.);
#1090=ORIENTED_EDGE('',*,*,#2076,.F.);
#1091=ORIENTED_EDGE('',*,*,#2149,.T.);
#1092=ORIENTED_EDGE('',*,*,#2044,.T.);
#1093=ORIENTED_EDGE('',*,*,#2150,.F.);
#1094=ORIENTED_EDGE('',*,*,#2072,.F.);
#1095=ORIENTED_EDGE('',*,*,#2151,.T.);
#1096=ORIENTED_EDGE('',*,*,#2048,.T.);
#1097=ORIENTED_EDGE('',*,*,#2152,.F.);
#1098=ORIENTED_EDGE('',*,*,#2068,.F.);
#1099=ORIENTED_EDGE('',*,*,#2153,.T.);
#1100=ORIENTED_EDGE('',*,*,#2051,.T.);
#1101=ORIENTED_EDGE('',*,*,#2154,.F.);
#1102=ORIENTED_EDGE('',*,*,#2064,.F.);
#1103=ORIENTED_EDGE('',*,*,#2155,.T.);
#1104=ORIENTED_EDGE('',*,*,#2055,.T.);
#1105=ORIENTED_EDGE('',*,*,#2156,.F.);
#1106=ORIENTED_EDGE('',*,*,#2092,.F.);
#1107=ORIENTED_EDGE('',*,*,#2157,.T.);
#1108=ORIENTED_EDGE('',*,*,#2058,.T.);
#1109=ORIENTED_EDGE('',*,*,#2158,.F.);
#1110=ORIENTED_EDGE('',*,*,#2088,.F.);
#1111=ORIENTED_EDGE('',*,*,#2159,.T.);
#1112=ORIENTED_EDGE('',*,*,#2062,.T.);
#1113=ORIENTED_EDGE('',*,*,#2160,.F.);
#1114=ORIENTED_EDGE('',*,*,#2084,.F.);
#1115=ORIENTED_EDGE('',*,*,#2161,.T.);
#1116=ORIENTED_EDGE('',*,*,#2037,.T.);
#1117=ORIENTED_EDGE('',*,*,#2080,.F.);
#1118=ORIENTED_EDGE('',*,*,#2162,.T.);
#1119=ORIENTED_EDGE('',*,*,#2041,.T.);
#1120=ORIENTED_EDGE('',*,*,#2163,.F.);
#1121=ORIENTED_EDGE('',*,*,#2038,.F.);
#1122=ORIENTED_EDGE('',*,*,#2161,.F.);
#1123=ORIENTED_EDGE('',*,*,#2083,.T.);
#1124=ORIENTED_EDGE('',*,*,#2164,.T.);
#1125=ORIENTED_EDGE('',*,*,#2039,.F.);
#1126=ORIENTED_EDGE('',*,*,#2164,.F.);
#1127=ORIENTED_EDGE('',*,*,#2082,.T.);
#1128=ORIENTED_EDGE('',*,*,#2165,.T.);
#1129=ORIENTED_EDGE('',*,*,#2040,.F.);
#1130=ORIENTED_EDGE('',*,*,#2165,.F.);
#1131=ORIENTED_EDGE('',*,*,#2081,.T.);
#1132=ORIENTED_EDGE('',*,*,#2163,.T.);
#1133=ORIENTED_EDGE('',*,*,#2166,.T.);
#1134=ORIENTED_EDGE('',*,*,#2129,.F.);
#1135=ORIENTED_EDGE('',*,*,#2167,.T.);
#1136=ORIENTED_EDGE('',*,*,#2159,.F.);
#1137=ORIENTED_EDGE('',*,*,#2087,.T.);
#1138=ORIENTED_EDGE('',*,*,#1891,.T.);
#1139=ORIENTED_EDGE('',*,*,#2168,.T.);
#1140=ORIENTED_EDGE('',*,*,#2130,.F.);
#1141=ORIENTED_EDGE('',*,*,#2166,.F.);
#1142=ORIENTED_EDGE('',*,*,#2086,.T.);
#1143=ORIENTED_EDGE('',*,*,#2160,.T.);
#1144=ORIENTED_EDGE('',*,*,#2169,.F.);
#1145=ORIENTED_EDGE('',*,*,#2131,.F.);
#1146=ORIENTED_EDGE('',*,*,#2168,.F.);
#1147=ORIENTED_EDGE('',*,*,#2085,.T.);
#1148=ORIENTED_EDGE('',*,*,#2059,.F.);
#1149=ORIENTED_EDGE('',*,*,#2157,.F.);
#1150=ORIENTED_EDGE('',*,*,#2091,.T.);
#1151=ORIENTED_EDGE('',*,*,#2170,.T.);
#1152=ORIENTED_EDGE('',*,*,#2060,.F.);
#1153=ORIENTED_EDGE('',*,*,#2170,.F.);
#1154=ORIENTED_EDGE('',*,*,#2090,.T.);
#1155=ORIENTED_EDGE('',*,*,#2171,.T.);
#1156=ORIENTED_EDGE('',*,*,#2061,.F.);
#1157=ORIENTED_EDGE('',*,*,#2171,.F.);
#1158=ORIENTED_EDGE('',*,*,#2089,.T.);
#1159=ORIENTED_EDGE('',*,*,#2158,.T.);
#1160=ORIENTED_EDGE('',*,*,#2172,.T.);
#1161=ORIENTED_EDGE('',*,*,#2134,.F.);
#1162=ORIENTED_EDGE('',*,*,#2173,.T.);
#1163=ORIENTED_EDGE('',*,*,#2155,.F.);
#1164=ORIENTED_EDGE('',*,*,#2095,.T.);
#1165=ORIENTED_EDGE('',*,*,#1892,.T.);
#1166=ORIENTED_EDGE('',*,*,#2174,.T.);
#1167=ORIENTED_EDGE('',*,*,#2135,.F.);
#1168=ORIENTED_EDGE('',*,*,#2172,.F.);
#1169=ORIENTED_EDGE('',*,*,#2094,.T.);
#1170=ORIENTED_EDGE('',*,*,#2156,.T.);
#1171=ORIENTED_EDGE('',*,*,#2175,.F.);
#1172=ORIENTED_EDGE('',*,*,#2136,.F.);
#1173=ORIENTED_EDGE('',*,*,#2174,.F.);
#1174=ORIENTED_EDGE('',*,*,#2093,.T.);
#1175=ORIENTED_EDGE('',*,*,#2052,.F.);
#1176=ORIENTED_EDGE('',*,*,#2153,.F.);
#1177=ORIENTED_EDGE('',*,*,#2067,.T.);
#1178=ORIENTED_EDGE('',*,*,#2176,.T.);
#1179=ORIENTED_EDGE('',*,*,#2053,.F.);
#1180=ORIENTED_EDGE('',*,*,#2176,.F.);
#1181=ORIENTED_EDGE('',*,*,#2066,.T.);
#1182=ORIENTED_EDGE('',*,*,#2177,.T.);
#1183=ORIENTED_EDGE('',*,*,#2054,.F.);
#1184=ORIENTED_EDGE('',*,*,#2177,.F.);
#1185=ORIENTED_EDGE('',*,*,#2065,.T.);
#1186=ORIENTED_EDGE('',*,*,#2154,.T.);
#1187=ORIENTED_EDGE('',*,*,#2178,.T.);
#1188=ORIENTED_EDGE('',*,*,#2139,.F.);
#1189=ORIENTED_EDGE('',*,*,#2179,.T.);
#1190=ORIENTED_EDGE('',*,*,#2151,.F.);
#1191=ORIENTED_EDGE('',*,*,#2071,.T.);
#1192=ORIENTED_EDGE('',*,*,#1893,.T.);
#1193=ORIENTED_EDGE('',*,*,#2180,.T.);
#1194=ORIENTED_EDGE('',*,*,#2140,.F.);
#1195=ORIENTED_EDGE('',*,*,#2178,.F.);
#1196=ORIENTED_EDGE('',*,*,#2070,.T.);
#1197=ORIENTED_EDGE('',*,*,#2152,.T.);
#1198=ORIENTED_EDGE('',*,*,#2181,.F.);
#1199=ORIENTED_EDGE('',*,*,#2141,.F.);
#1200=ORIENTED_EDGE('',*,*,#2180,.F.);
#1201=ORIENTED_EDGE('',*,*,#2069,.T.);
#1202=ORIENTED_EDGE('',*,*,#2045,.F.);
#1203=ORIENTED_EDGE('',*,*,#2149,.F.);
#1204=ORIENTED_EDGE('',*,*,#2075,.T.);
#1205=ORIENTED_EDGE('',*,*,#2182,.T.);
#1206=ORIENTED_EDGE('',*,*,#2046,.F.);
#1207=ORIENTED_EDGE('',*,*,#2182,.F.);
#1208=ORIENTED_EDGE('',*,*,#2074,.T.);
#1209=ORIENTED_EDGE('',*,*,#2183,.T.);
#1210=ORIENTED_EDGE('',*,*,#2047,.F.);
#1211=ORIENTED_EDGE('',*,*,#2183,.F.);
#1212=ORIENTED_EDGE('',*,*,#2073,.T.);
#1213=ORIENTED_EDGE('',*,*,#2150,.T.);
#1214=ORIENTED_EDGE('',*,*,#2184,.T.);
#1215=ORIENTED_EDGE('',*,*,#2144,.F.);
#1216=ORIENTED_EDGE('',*,*,#2185,.T.);
#1217=ORIENTED_EDGE('',*,*,#2162,.F.);
#1218=ORIENTED_EDGE('',*,*,#2079,.T.);
#1219=ORIENTED_EDGE('',*,*,#1894,.T.);
#1220=ORIENTED_EDGE('',*,*,#2186,.T.);
#1221=ORIENTED_EDGE('',*,*,#2145,.F.);
#1222=ORIENTED_EDGE('',*,*,#2184,.F.);
#1223=ORIENTED_EDGE('',*,*,#2078,.T.);
#1224=ORIENTED_EDGE('',*,*,#2148,.T.);
#1225=ORIENTED_EDGE('',*,*,#2187,.F.);
#1226=ORIENTED_EDGE('',*,*,#2146,.F.);
#1227=ORIENTED_EDGE('',*,*,#2186,.F.);
#1228=ORIENTED_EDGE('',*,*,#2077,.T.);
#1229=ORIENTED_EDGE('',*,*,#2011,.F.);
#1230=ORIENTED_EDGE('',*,*,#2063,.F.);
#1231=ORIENTED_EDGE('',*,*,#2167,.F.);
#1232=ORIENTED_EDGE('',*,*,#2128,.T.);
#1233=ORIENTED_EDGE('',*,*,#2036,.T.);
#1234=ORIENTED_EDGE('',*,*,#2030,.T.);
#1235=ORIENTED_EDGE('',*,*,#2132,.F.);
#1236=ORIENTED_EDGE('',*,*,#2169,.T.);
#1237=ORIENTED_EDGE('',*,*,#1992,.F.);
#1238=ORIENTED_EDGE('',*,*,#2056,.F.);
#1239=ORIENTED_EDGE('',*,*,#2173,.F.);
#1240=ORIENTED_EDGE('',*,*,#2133,.T.);
#1241=ORIENTED_EDGE('',*,*,#2057,.T.);
#1242=ORIENTED_EDGE('',*,*,#2008,.T.);
#1243=ORIENTED_EDGE('',*,*,#2137,.F.);
#1244=ORIENTED_EDGE('',*,*,#2175,.T.);
#1245=ORIENTED_EDGE('',*,*,#1973,.F.);
#1246=ORIENTED_EDGE('',*,*,#2049,.F.);
#1247=ORIENTED_EDGE('',*,*,#2179,.F.);
#1248=ORIENTED_EDGE('',*,*,#2138,.T.);
#1249=ORIENTED_EDGE('',*,*,#2050,.T.);
#1250=ORIENTED_EDGE('',*,*,#1989,.T.);
#1251=ORIENTED_EDGE('',*,*,#2142,.F.);
#1252=ORIENTED_EDGE('',*,*,#2181,.T.);
#1253=ORIENTED_EDGE('',*,*,#2024,.F.);
#1254=ORIENTED_EDGE('',*,*,#2042,.F.);
#1255=ORIENTED_EDGE('',*,*,#2185,.F.);
#1256=ORIENTED_EDGE('',*,*,#2143,.T.);
#1257=ORIENTED_EDGE('',*,*,#2043,.T.);
#1258=ORIENTED_EDGE('',*,*,#1970,.T.);
#1259=ORIENTED_EDGE('',*,*,#2147,.F.);
#1260=ORIENTED_EDGE('',*,*,#2187,.T.);
#1261=ORIENTED_EDGE('',*,*,#2188,.F.);
#1262=ORIENTED_EDGE('',*,*,#2189,.T.);
#1263=ORIENTED_EDGE('',*,*,#2124,.F.);
#1264=ORIENTED_EDGE('',*,*,#2190,.T.);
#1265=ORIENTED_EDGE('',*,*,#2191,.T.);
#1266=ORIENTED_EDGE('',*,*,#2192,.F.);
#1267=ORIENTED_EDGE('',*,*,#2193,.T.);
#1268=ORIENTED_EDGE('',*,*,#2194,.F.);
#1269=ORIENTED_EDGE('',*,*,#2195,.F.);
#1270=ORIENTED_EDGE('',*,*,#2122,.T.);
#1271=ORIENTED_EDGE('',*,*,#2195,.T.);
#1272=ORIENTED_EDGE('',*,*,#2196,.F.);
#1273=ORIENTED_EDGE('',*,*,#2190,.F.);
#1274=ORIENTED_EDGE('',*,*,#2123,.T.);
#1275=ORIENTED_EDGE('',*,*,#2197,.F.);
#1276=ORIENTED_EDGE('',*,*,#2198,.T.);
#1277=ORIENTED_EDGE('',*,*,#2096,.F.);
#1278=ORIENTED_EDGE('',*,*,#2199,.T.);
#1279=ORIENTED_EDGE('',*,*,#2200,.T.);
#1280=ORIENTED_EDGE('',*,*,#2201,.F.);
#1281=ORIENTED_EDGE('',*,*,#2202,.T.);
#1282=ORIENTED_EDGE('',*,*,#2203,.F.);
#1283=ORIENTED_EDGE('',*,*,#2204,.F.);
#1284=ORIENTED_EDGE('',*,*,#2126,.T.);
#1285=ORIENTED_EDGE('',*,*,#2204,.T.);
#1286=ORIENTED_EDGE('',*,*,#2205,.F.);
#1287=ORIENTED_EDGE('',*,*,#2199,.F.);
#1288=ORIENTED_EDGE('',*,*,#2127,.T.);
#1289=ORIENTED_EDGE('',*,*,#2206,.F.);
#1290=ORIENTED_EDGE('',*,*,#2201,.T.);
#1291=ORIENTED_EDGE('',*,*,#2125,.F.);
#1292=ORIENTED_EDGE('',*,*,#2189,.F.);
#1293=ORIENTED_EDGE('',*,*,#2207,.F.);
#1294=ORIENTED_EDGE('',*,*,#2208,.T.);
#1295=ORIENTED_EDGE('',*,*,#2100,.F.);
#1296=ORIENTED_EDGE('',*,*,#2209,.T.);
#1297=ORIENTED_EDGE('',*,*,#2210,.T.);
#1298=ORIENTED_EDGE('',*,*,#2211,.F.);
#1299=ORIENTED_EDGE('',*,*,#2212,.T.);
#1300=ORIENTED_EDGE('',*,*,#2213,.F.);
#1301=ORIENTED_EDGE('',*,*,#2214,.F.);
#1302=ORIENTED_EDGE('',*,*,#2098,.T.);
#1303=ORIENTED_EDGE('',*,*,#2214,.T.);
#1304=ORIENTED_EDGE('',*,*,#2215,.F.);
#1305=ORIENTED_EDGE('',*,*,#2209,.F.);
#1306=ORIENTED_EDGE('',*,*,#2099,.T.);
#1307=ORIENTED_EDGE('',*,*,#2216,.F.);
#1308=ORIENTED_EDGE('',*,*,#2211,.T.);
#1309=ORIENTED_EDGE('',*,*,#2097,.F.);
#1310=ORIENTED_EDGE('',*,*,#2198,.F.);
#1311=ORIENTED_EDGE('',*,*,#2217,.F.);
#1312=ORIENTED_EDGE('',*,*,#2218,.T.);
#1313=ORIENTED_EDGE('',*,*,#2104,.F.);
#1314=ORIENTED_EDGE('',*,*,#2219,.T.);
#1315=ORIENTED_EDGE('',*,*,#2220,.T.);
#1316=ORIENTED_EDGE('',*,*,#2221,.F.);
#1317=ORIENTED_EDGE('',*,*,#2222,.T.);
#1318=ORIENTED_EDGE('',*,*,#2223,.F.);
#1319=ORIENTED_EDGE('',*,*,#2224,.F.);
#1320=ORIENTED_EDGE('',*,*,#2102,.T.);
#1321=ORIENTED_EDGE('',*,*,#2224,.T.);
#1322=ORIENTED_EDGE('',*,*,#2225,.F.);
#1323=ORIENTED_EDGE('',*,*,#2219,.F.);
#1324=ORIENTED_EDGE('',*,*,#2103,.T.);
#1325=ORIENTED_EDGE('',*,*,#2226,.F.);
#1326=ORIENTED_EDGE('',*,*,#2221,.T.);
#1327=ORIENTED_EDGE('',*,*,#2101,.F.);
#1328=ORIENTED_EDGE('',*,*,#2208,.F.);
#1329=ORIENTED_EDGE('',*,*,#2227,.F.);
#1330=ORIENTED_EDGE('',*,*,#2228,.T.);
#1331=ORIENTED_EDGE('',*,*,#2108,.F.);
#1332=ORIENTED_EDGE('',*,*,#2229,.T.);
#1333=ORIENTED_EDGE('',*,*,#2230,.T.);
#1334=ORIENTED_EDGE('',*,*,#2231,.F.);
#1335=ORIENTED_EDGE('',*,*,#2232,.T.);
#1336=ORIENTED_EDGE('',*,*,#2233,.F.);
#1337=ORIENTED_EDGE('',*,*,#2234,.F.);
#1338=ORIENTED_EDGE('',*,*,#2106,.T.);
#1339=ORIENTED_EDGE('',*,*,#2234,.T.);
#1340=ORIENTED_EDGE('',*,*,#2235,.F.);
#1341=ORIENTED_EDGE('',*,*,#2229,.F.);
#1342=ORIENTED_EDGE('',*,*,#2107,.T.);
#1343=ORIENTED_EDGE('',*,*,#2236,.F.);
#1344=ORIENTED_EDGE('',*,*,#2231,.T.);
#1345=ORIENTED_EDGE('',*,*,#2105,.F.);
#1346=ORIENTED_EDGE('',*,*,#2218,.F.);
#1347=ORIENTED_EDGE('',*,*,#2237,.F.);
#1348=ORIENTED_EDGE('',*,*,#2238,.T.);
#1349=ORIENTED_EDGE('',*,*,#2112,.F.);
#1350=ORIENTED_EDGE('',*,*,#2239,.T.);
#1351=ORIENTED_EDGE('',*,*,#2240,.T.);
#1352=ORIENTED_EDGE('',*,*,#2241,.F.);
#1353=ORIENTED_EDGE('',*,*,#2242,.T.);
#1354=ORIENTED_EDGE('',*,*,#2243,.F.);
#1355=ORIENTED_EDGE('',*,*,#2244,.F.);
#1356=ORIENTED_EDGE('',*,*,#2110,.T.);
#1357=ORIENTED_EDGE('',*,*,#2244,.T.);
#1358=ORIENTED_EDGE('',*,*,#2245,.F.);
#1359=ORIENTED_EDGE('',*,*,#2239,.F.);
#1360=ORIENTED_EDGE('',*,*,#2111,.T.);
#1361=ORIENTED_EDGE('',*,*,#2246,.F.);
#1362=ORIENTED_EDGE('',*,*,#2241,.T.);
#1363=ORIENTED_EDGE('',*,*,#2109,.F.);
#1364=ORIENTED_EDGE('',*,*,#2228,.F.);
#1365=ORIENTED_EDGE('',*,*,#2247,.F.);
#1366=ORIENTED_EDGE('',*,*,#2248,.T.);
#1367=ORIENTED_EDGE('',*,*,#2116,.F.);
#1368=ORIENTED_EDGE('',*,*,#2249,.T.);
#1369=ORIENTED_EDGE('',*,*,#2250,.T.);
#1370=ORIENTED_EDGE('',*,*,#2251,.F.);
#1371=ORIENTED_EDGE('',*,*,#2252,.T.);
#1372=ORIENTED_EDGE('',*,*,#2253,.F.);
#1373=ORIENTED_EDGE('',*,*,#2254,.F.);
#1374=ORIENTED_EDGE('',*,*,#2114,.T.);
#1375=ORIENTED_EDGE('',*,*,#2254,.T.);
#1376=ORIENTED_EDGE('',*,*,#2255,.F.);
#1377=ORIENTED_EDGE('',*,*,#2249,.F.);
#1378=ORIENTED_EDGE('',*,*,#2115,.T.);
#1379=ORIENTED_EDGE('',*,*,#2256,.F.);
#1380=ORIENTED_EDGE('',*,*,#2251,.T.);
#1381=ORIENTED_EDGE('',*,*,#2113,.F.);
#1382=ORIENTED_EDGE('',*,*,#2238,.F.);
#1383=ORIENTED_EDGE('',*,*,#2257,.F.);
#1384=ORIENTED_EDGE('',*,*,#2258,.T.);
#1385=ORIENTED_EDGE('',*,*,#2120,.F.);
#1386=ORIENTED_EDGE('',*,*,#2259,.T.);
#1387=ORIENTED_EDGE('',*,*,#2260,.T.);
#1388=ORIENTED_EDGE('',*,*,#2261,.F.);
#1389=ORIENTED_EDGE('',*,*,#2262,.T.);
#1390=ORIENTED_EDGE('',*,*,#2263,.F.);
#1391=ORIENTED_EDGE('',*,*,#2264,.F.);
#1392=ORIENTED_EDGE('',*,*,#2118,.T.);
#1393=ORIENTED_EDGE('',*,*,#2264,.T.);
#1394=ORIENTED_EDGE('',*,*,#2265,.F.);
#1395=ORIENTED_EDGE('',*,*,#2259,.F.);
#1396=ORIENTED_EDGE('',*,*,#2119,.T.);
#1397=ORIENTED_EDGE('',*,*,#2266,.F.);
#1398=ORIENTED_EDGE('',*,*,#2261,.T.);
#1399=ORIENTED_EDGE('',*,*,#2117,.F.);
#1400=ORIENTED_EDGE('',*,*,#2248,.F.);
#1401=ORIENTED_EDGE('',*,*,#2267,.F.);
#1402=ORIENTED_EDGE('',*,*,#2192,.T.);
#1403=ORIENTED_EDGE('',*,*,#2121,.F.);
#1404=ORIENTED_EDGE('',*,*,#2258,.F.);
#1405=ORIENTED_EDGE('',*,*,#2268,.T.);
#1406=ORIENTED_EDGE('',*,*,#2269,.T.);
#1407=ORIENTED_EDGE('',*,*,#2270,.T.);
#1408=ORIENTED_EDGE('',*,*,#2271,.T.);
#1409=ORIENTED_EDGE('',*,*,#2272,.T.);
#1410=ORIENTED_EDGE('',*,*,#2273,.T.);
#1411=ORIENTED_EDGE('',*,*,#2274,.T.);
#1412=ORIENTED_EDGE('',*,*,#2275,.T.);
#1413=ORIENTED_EDGE('',*,*,#2276,.T.);
#1414=ORIENTED_EDGE('',*,*,#2277,.T.);
#1415=ORIENTED_EDGE('',*,*,#2278,.T.);
#1416=ORIENTED_EDGE('',*,*,#2279,.T.);
#1417=ORIENTED_EDGE('',*,*,#2280,.T.);
#1418=ORIENTED_EDGE('',*,*,#2281,.T.);
#1419=ORIENTED_EDGE('',*,*,#2282,.T.);
#1420=ORIENTED_EDGE('',*,*,#2283,.T.);
#1421=ORIENTED_EDGE('',*,*,#2284,.T.);
#1422=ORIENTED_EDGE('',*,*,#2285,.T.);
#1423=ORIENTED_EDGE('',*,*,#2286,.T.);
#1424=ORIENTED_EDGE('',*,*,#2287,.T.);
#1425=ORIENTED_EDGE('',*,*,#2288,.T.);
#1426=ORIENTED_EDGE('',*,*,#2289,.T.);
#1427=ORIENTED_EDGE('',*,*,#2290,.T.);
#1428=ORIENTED_EDGE('',*,*,#2291,.T.);
#1429=ORIENTED_EDGE('',*,*,#2292,.T.);
#1430=ORIENTED_EDGE('',*,*,#2293,.T.);
#1431=ORIENTED_EDGE('',*,*,#2294,.T.);
#1432=ORIENTED_EDGE('',*,*,#2295,.T.);
#1433=ORIENTED_EDGE('',*,*,#2296,.T.);
#1434=ORIENTED_EDGE('',*,*,#2297,.T.);
#1435=ORIENTED_EDGE('',*,*,#2298,.T.);
#1436=ORIENTED_EDGE('',*,*,#2299,.T.);
#1437=ORIENTED_EDGE('',*,*,#2300,.T.);
#1438=ORIENTED_EDGE('',*,*,#2301,.T.);
#1439=ORIENTED_EDGE('',*,*,#2302,.T.);
#1440=ORIENTED_EDGE('',*,*,#2303,.T.);
#1441=ORIENTED_EDGE('',*,*,#2304,.T.);
#1442=ORIENTED_EDGE('',*,*,#2305,.F.);
#1443=ORIENTED_EDGE('',*,*,#2306,.T.);
#1444=ORIENTED_EDGE('',*,*,#2307,.T.);
#1445=ORIENTED_EDGE('',*,*,#2308,.F.);
#1446=ORIENTED_EDGE('',*,*,#2309,.F.);
#1447=ORIENTED_EDGE('',*,*,#2310,.F.);
#1448=ORIENTED_EDGE('',*,*,#2311,.F.);
#1449=ORIENTED_EDGE('',*,*,#2312,.F.);
#1450=ORIENTED_EDGE('',*,*,#2313,.F.);
#1451=ORIENTED_EDGE('',*,*,#2314,.F.);
#1452=ORIENTED_EDGE('',*,*,#2315,.F.);
#1453=ORIENTED_EDGE('',*,*,#1796,.T.);
#1454=ORIENTED_EDGE('',*,*,#1887,.T.);
#1455=ORIENTED_EDGE('',*,*,#1807,.F.);
#1456=ORIENTED_EDGE('',*,*,#1800,.F.);
#1457=ORIENTED_EDGE('',*,*,#1805,.T.);
#1458=ORIENTED_EDGE('',*,*,#1883,.T.);
#1459=ORIENTED_EDGE('',*,*,#1813,.F.);
#1460=ORIENTED_EDGE('',*,*,#1777,.F.);
#1461=ORIENTED_EDGE('',*,*,#1811,.T.);
#1462=ORIENTED_EDGE('',*,*,#1879,.T.);
#1463=ORIENTED_EDGE('',*,*,#1823,.F.);
#1464=ORIENTED_EDGE('',*,*,#1816,.F.);
#1465=ORIENTED_EDGE('',*,*,#1821,.T.);
#1466=ORIENTED_EDGE('',*,*,#1875,.T.);
#1467=ORIENTED_EDGE('',*,*,#1829,.F.);
#1468=ORIENTED_EDGE('',*,*,#1781,.F.);
#1469=ORIENTED_EDGE('',*,*,#1827,.T.);
#1470=ORIENTED_EDGE('',*,*,#1871,.T.);
#1471=ORIENTED_EDGE('',*,*,#1839,.F.);
#1472=ORIENTED_EDGE('',*,*,#1832,.F.);
#1473=ORIENTED_EDGE('',*,*,#1837,.T.);
#1474=ORIENTED_EDGE('',*,*,#1867,.T.);
#1475=ORIENTED_EDGE('',*,*,#1845,.F.);
#1476=ORIENTED_EDGE('',*,*,#1785,.F.);
#1477=ORIENTED_EDGE('',*,*,#1843,.T.);
#1478=ORIENTED_EDGE('',*,*,#1863,.T.);
#1479=ORIENTED_EDGE('',*,*,#1854,.F.);
#1480=ORIENTED_EDGE('',*,*,#1848,.F.);
#1481=ORIENTED_EDGE('',*,*,#1852,.T.);
#1482=ORIENTED_EDGE('',*,*,#1789,.T.);
#1483=ORIENTED_EDGE('',*,*,#1798,.F.);
#1484=ORIENTED_EDGE('',*,*,#1773,.F.);
#1485=ORIENTED_EDGE('',*,*,#2202,.F.);
#1486=ORIENTED_EDGE('',*,*,#2206,.T.);
#1487=ORIENTED_EDGE('',*,*,#2188,.T.);
#1488=ORIENTED_EDGE('',*,*,#2316,.F.);
#1489=ORIENTED_EDGE('',*,*,#2193,.F.);
#1490=ORIENTED_EDGE('',*,*,#2267,.T.);
#1491=ORIENTED_EDGE('',*,*,#2257,.T.);
#1492=ORIENTED_EDGE('',*,*,#2317,.F.);
#1493=ORIENTED_EDGE('',*,*,#2262,.F.);
#1494=ORIENTED_EDGE('',*,*,#2266,.T.);
#1495=ORIENTED_EDGE('',*,*,#2247,.T.);
#1496=ORIENTED_EDGE('',*,*,#2318,.F.);
#1497=ORIENTED_EDGE('',*,*,#2252,.F.);
#1498=ORIENTED_EDGE('',*,*,#2256,.T.);
#1499=ORIENTED_EDGE('',*,*,#2237,.T.);
#1500=ORIENTED_EDGE('',*,*,#2319,.F.);
#1501=ORIENTED_EDGE('',*,*,#2242,.F.);
#1502=ORIENTED_EDGE('',*,*,#2246,.T.);
#1503=ORIENTED_EDGE('',*,*,#2227,.T.);
#1504=ORIENTED_EDGE('',*,*,#2320,.F.);
#1505=ORIENTED_EDGE('',*,*,#2232,.F.);
#1506=ORIENTED_EDGE('',*,*,#2236,.T.);
#1507=ORIENTED_EDGE('',*,*,#2217,.T.);
#1508=ORIENTED_EDGE('',*,*,#2321,.F.);
#1509=ORIENTED_EDGE('',*,*,#2222,.F.);
#1510=ORIENTED_EDGE('',*,*,#2226,.T.);
#1511=ORIENTED_EDGE('',*,*,#2207,.T.);
#1512=ORIENTED_EDGE('',*,*,#2322,.F.);
#1513=ORIENTED_EDGE('',*,*,#2191,.F.);
#1514=ORIENTED_EDGE('',*,*,#2196,.T.);
#1515=ORIENTED_EDGE('',*,*,#2194,.T.);
#1516=ORIENTED_EDGE('',*,*,#2317,.T.);
#1517=ORIENTED_EDGE('',*,*,#2260,.F.);
#1518=ORIENTED_EDGE('',*,*,#2265,.T.);
#1519=ORIENTED_EDGE('',*,*,#2263,.T.);
#1520=ORIENTED_EDGE('',*,*,#2318,.T.);
#1521=ORIENTED_EDGE('',*,*,#2250,.F.);
#1522=ORIENTED_EDGE('',*,*,#2255,.T.);
#1523=ORIENTED_EDGE('',*,*,#2253,.T.);
#1524=ORIENTED_EDGE('',*,*,#2319,.T.);
#1525=ORIENTED_EDGE('',*,*,#2240,.F.);
#1526=ORIENTED_EDGE('',*,*,#2245,.T.);
#1527=ORIENTED_EDGE('',*,*,#2243,.T.);
#1528=ORIENTED_EDGE('',*,*,#2320,.T.);
#1529=ORIENTED_EDGE('',*,*,#2230,.F.);
#1530=ORIENTED_EDGE('',*,*,#2235,.T.);
#1531=ORIENTED_EDGE('',*,*,#2233,.T.);
#1532=ORIENTED_EDGE('',*,*,#2321,.T.);
#1533=ORIENTED_EDGE('',*,*,#2220,.F.);
#1534=ORIENTED_EDGE('',*,*,#2225,.T.);
#1535=ORIENTED_EDGE('',*,*,#2223,.T.);
#1536=ORIENTED_EDGE('',*,*,#2322,.T.);
#1537=ORIENTED_EDGE('',*,*,#2210,.F.);
#1538=ORIENTED_EDGE('',*,*,#2215,.T.);
#1539=ORIENTED_EDGE('',*,*,#2213,.T.);
#1540=ORIENTED_EDGE('',*,*,#2323,.T.);
#1541=ORIENTED_EDGE('',*,*,#2200,.F.);
#1542=ORIENTED_EDGE('',*,*,#2205,.T.);
#1543=ORIENTED_EDGE('',*,*,#2203,.T.);
#1544=ORIENTED_EDGE('',*,*,#2316,.T.);
#1545=ORIENTED_EDGE('',*,*,#2324,.T.);
#1546=ORIENTED_EDGE('',*,*,#2325,.F.);
#1547=ORIENTED_EDGE('',*,*,#2326,.F.);
#1548=ORIENTED_EDGE('',*,*,#2327,.F.);
#1549=ORIENTED_EDGE('',*,*,#2328,.F.);
#1550=ORIENTED_EDGE('',*,*,#2329,.T.);
#1551=ORIENTED_EDGE('',*,*,#2330,.F.);
#1552=ORIENTED_EDGE('',*,*,#2331,.F.);
#1553=ORIENTED_EDGE('',*,*,#2332,.F.);
#1554=ORIENTED_EDGE('',*,*,#2333,.F.);
#1555=ORIENTED_EDGE('',*,*,#2334,.T.);
#1556=ORIENTED_EDGE('',*,*,#2335,.T.);
#1557=ORIENTED_EDGE('',*,*,#2336,.F.);
#1558=ORIENTED_EDGE('',*,*,#2337,.F.);
#1559=ORIENTED_EDGE('',*,*,#2338,.F.);
#1560=ORIENTED_EDGE('',*,*,#2339,.F.);
#1561=ORIENTED_EDGE('',*,*,#2340,.T.);
#1562=ORIENTED_EDGE('',*,*,#2341,.T.);
#1563=ORIENTED_EDGE('',*,*,#2342,.F.);
#1564=ORIENTED_EDGE('',*,*,#2343,.F.);
#1565=ORIENTED_EDGE('',*,*,#2344,.F.);
#1566=ORIENTED_EDGE('',*,*,#2345,.F.);
#1567=ORIENTED_EDGE('',*,*,#2346,.T.);
#1568=ORIENTED_EDGE('',*,*,#2347,.T.);
#1569=ORIENTED_EDGE('',*,*,#2348,.F.);
#1570=ORIENTED_EDGE('',*,*,#2349,.F.);
#1571=ORIENTED_EDGE('',*,*,#2350,.F.);
#1572=ORIENTED_EDGE('',*,*,#2351,.F.);
#1573=ORIENTED_EDGE('',*,*,#2352,.F.);
#1574=ORIENTED_EDGE('',*,*,#2353,.F.);
#1575=ORIENTED_EDGE('',*,*,#2354,.F.);
#1576=ORIENTED_EDGE('',*,*,#2355,.F.);
#1577=ORIENTED_EDGE('',*,*,#2356,.F.);
#1578=ORIENTED_EDGE('',*,*,#2357,.F.);
#1579=ORIENTED_EDGE('',*,*,#2358,.F.);
#1580=ORIENTED_EDGE('',*,*,#2359,.F.);
#1581=ORIENTED_EDGE('',*,*,#2360,.F.);
#1582=ORIENTED_EDGE('',*,*,#2361,.F.);
#1583=ORIENTED_EDGE('',*,*,#2362,.F.);
#1584=ORIENTED_EDGE('',*,*,#2363,.F.);
#1585=ORIENTED_EDGE('',*,*,#2364,.F.);
#1586=ORIENTED_EDGE('',*,*,#2365,.F.);
#1587=ORIENTED_EDGE('',*,*,#2366,.F.);
#1588=ORIENTED_EDGE('',*,*,#2348,.T.);
#1589=ORIENTED_EDGE('',*,*,#2367,.T.);
#1590=ORIENTED_EDGE('',*,*,#2304,.F.);
#1591=ORIENTED_EDGE('',*,*,#2212,.F.);
#1592=ORIENTED_EDGE('',*,*,#2216,.T.);
#1593=ORIENTED_EDGE('',*,*,#2197,.T.);
#1594=ORIENTED_EDGE('',*,*,#2323,.F.);
#1595=ORIENTED_EDGE('',*,*,#2347,.F.);
#1596=ORIENTED_EDGE('',*,*,#2308,.T.);
#1597=ORIENTED_EDGE('',*,*,#2346,.F.);
#1598=ORIENTED_EDGE('',*,*,#2309,.T.);
#1599=ORIENTED_EDGE('',*,*,#2342,.T.);
#1600=ORIENTED_EDGE('',*,*,#2368,.T.);
#1601=ORIENTED_EDGE('',*,*,#2301,.F.);
#1602=ORIENTED_EDGE('',*,*,#2369,.F.);
#1603=ORIENTED_EDGE('',*,*,#2345,.T.);
#1604=ORIENTED_EDGE('',*,*,#2370,.T.);
#1605=ORIENTED_EDGE('',*,*,#2302,.F.);
#1606=ORIENTED_EDGE('',*,*,#2368,.F.);
#1607=ORIENTED_EDGE('',*,*,#2344,.T.);
#1608=ORIENTED_EDGE('',*,*,#2371,.T.);
#1609=ORIENTED_EDGE('',*,*,#2303,.F.);
#1610=ORIENTED_EDGE('',*,*,#2370,.F.);
#1611=ORIENTED_EDGE('',*,*,#2343,.T.);
#1612=ORIENTED_EDGE('',*,*,#2369,.T.);
#1613=ORIENTED_EDGE('',*,*,#2300,.F.);
#1614=ORIENTED_EDGE('',*,*,#2371,.F.);
#1615=ORIENTED_EDGE('',*,*,#2350,.T.);
#1616=ORIENTED_EDGE('',*,*,#2372,.T.);
#1617=ORIENTED_EDGE('',*,*,#2297,.F.);
#1618=ORIENTED_EDGE('',*,*,#2373,.F.);
#1619=ORIENTED_EDGE('',*,*,#2353,.T.);
#1620=ORIENTED_EDGE('',*,*,#2374,.T.);
#1621=ORIENTED_EDGE('',*,*,#2298,.F.);
#1622=ORIENTED_EDGE('',*,*,#2372,.F.);
#1623=ORIENTED_EDGE('',*,*,#2352,.T.);
#1624=ORIENTED_EDGE('',*,*,#2375,.T.);
#1625=ORIENTED_EDGE('',*,*,#2299,.F.);
#1626=ORIENTED_EDGE('',*,*,#2374,.F.);
#1627=ORIENTED_EDGE('',*,*,#2351,.T.);
#1628=ORIENTED_EDGE('',*,*,#2373,.T.);
#1629=ORIENTED_EDGE('',*,*,#2296,.F.);
#1630=ORIENTED_EDGE('',*,*,#2375,.F.);
#1631=ORIENTED_EDGE('',*,*,#2341,.F.);
#1632=ORIENTED_EDGE('',*,*,#2310,.T.);
#1633=ORIENTED_EDGE('',*,*,#2340,.F.);
#1634=ORIENTED_EDGE('',*,*,#2311,.T.);
#1635=ORIENTED_EDGE('',*,*,#2336,.T.);
#1636=ORIENTED_EDGE('',*,*,#2376,.T.);
#1637=ORIENTED_EDGE('',*,*,#2293,.F.);
#1638=ORIENTED_EDGE('',*,*,#2377,.F.);
#1639=ORIENTED_EDGE('',*,*,#2339,.T.);
#1640=ORIENTED_EDGE('',*,*,#2378,.T.);
#1641=ORIENTED_EDGE('',*,*,#2294,.F.);
#1642=ORIENTED_EDGE('',*,*,#2376,.F.);
#1643=ORIENTED_EDGE('',*,*,#2338,.T.);
#1644=ORIENTED_EDGE('',*,*,#2379,.T.);
#1645=ORIENTED_EDGE('',*,*,#2295,.F.);
#1646=ORIENTED_EDGE('',*,*,#2378,.F.);
#1647=ORIENTED_EDGE('',*,*,#2337,.T.);
#1648=ORIENTED_EDGE('',*,*,#2377,.T.);
#1649=ORIENTED_EDGE('',*,*,#2292,.F.);
#1650=ORIENTED_EDGE('',*,*,#2379,.F.);
#1651=ORIENTED_EDGE('',*,*,#2354,.T.);
#1652=ORIENTED_EDGE('',*,*,#2380,.T.);
#1653=ORIENTED_EDGE('',*,*,#2289,.F.);
#1654=ORIENTED_EDGE('',*,*,#2381,.F.);
#1655=ORIENTED_EDGE('',*,*,#2357,.T.);
#1656=ORIENTED_EDGE('',*,*,#2382,.T.);
#1657=ORIENTED_EDGE('',*,*,#2290,.F.);
#1658=ORIENTED_EDGE('',*,*,#2380,.F.);
#1659=ORIENTED_EDGE('',*,*,#2356,.T.);
#1660=ORIENTED_EDGE('',*,*,#2383,.T.);
#1661=ORIENTED_EDGE('',*,*,#2291,.F.);
#1662=ORIENTED_EDGE('',*,*,#2382,.F.);
#1663=ORIENTED_EDGE('',*,*,#2355,.T.);
#1664=ORIENTED_EDGE('',*,*,#2381,.T.);
#1665=ORIENTED_EDGE('',*,*,#2288,.F.);
#1666=ORIENTED_EDGE('',*,*,#2383,.F.);
#1667=ORIENTED_EDGE('',*,*,#2335,.F.);
#1668=ORIENTED_EDGE('',*,*,#2312,.T.);
#1669=ORIENTED_EDGE('',*,*,#2334,.F.);
#1670=ORIENTED_EDGE('',*,*,#2313,.T.);
#1671=ORIENTED_EDGE('',*,*,#2330,.T.);
#1672=ORIENTED_EDGE('',*,*,#2384,.T.);
#1673=ORIENTED_EDGE('',*,*,#2285,.F.);
#1674=ORIENTED_EDGE('',*,*,#2385,.F.);
#1675=ORIENTED_EDGE('',*,*,#2333,.T.);
#1676=ORIENTED_EDGE('',*,*,#2386,.T.);
#1677=ORIENTED_EDGE('',*,*,#2286,.F.);
#1678=ORIENTED_EDGE('',*,*,#2384,.F.);
#1679=ORIENTED_EDGE('',*,*,#2332,.T.);
#1680=ORIENTED_EDGE('',*,*,#2387,.T.);
#1681=ORIENTED_EDGE('',*,*,#2287,.F.);
#1682=ORIENTED_EDGE('',*,*,#2386,.F.);
#1683=ORIENTED_EDGE('',*,*,#2331,.T.);
#1684=ORIENTED_EDGE('',*,*,#2385,.T.);
#1685=ORIENTED_EDGE('',*,*,#2284,.F.);
#1686=ORIENTED_EDGE('',*,*,#2387,.F.);
#1687=ORIENTED_EDGE('',*,*,#2358,.T.);
#1688=ORIENTED_EDGE('',*,*,#2388,.T.);
#1689=ORIENTED_EDGE('',*,*,#2281,.F.);
#1690=ORIENTED_EDGE('',*,*,#2389,.F.);
#1691=ORIENTED_EDGE('',*,*,#2361,.T.);
#1692=ORIENTED_EDGE('',*,*,#2390,.T.);
#1693=ORIENTED_EDGE('',*,*,#2282,.F.);
#1694=ORIENTED_EDGE('',*,*,#2388,.F.);
#1695=ORIENTED_EDGE('',*,*,#2360,.T.);
#1696=ORIENTED_EDGE('',*,*,#2391,.T.);
#1697=ORIENTED_EDGE('',*,*,#2283,.F.);
#1698=ORIENTED_EDGE('',*,*,#2390,.F.);
#1699=ORIENTED_EDGE('',*,*,#2359,.T.);
#1700=ORIENTED_EDGE('',*,*,#2389,.T.);
#1701=ORIENTED_EDGE('',*,*,#2280,.F.);
#1702=ORIENTED_EDGE('',*,*,#2391,.F.);
#1703=ORIENTED_EDGE('',*,*,#2329,.F.);
#1704=ORIENTED_EDGE('',*,*,#2314,.T.);
#1705=ORIENTED_EDGE('',*,*,#2325,.T.);
#1706=ORIENTED_EDGE('',*,*,#2392,.T.);
#1707=ORIENTED_EDGE('',*,*,#2277,.F.);
#1708=ORIENTED_EDGE('',*,*,#2393,.F.);
#1709=ORIENTED_EDGE('',*,*,#2328,.T.);
#1710=ORIENTED_EDGE('',*,*,#2394,.T.);
#1711=ORIENTED_EDGE('',*,*,#2278,.F.);
#1712=ORIENTED_EDGE('',*,*,#2392,.F.);
#1713=ORIENTED_EDGE('',*,*,#2327,.T.);
#1714=ORIENTED_EDGE('',*,*,#2395,.T.);
#1715=ORIENTED_EDGE('',*,*,#2279,.F.);
#1716=ORIENTED_EDGE('',*,*,#2394,.F.);
#1717=ORIENTED_EDGE('',*,*,#2326,.T.);
#1718=ORIENTED_EDGE('',*,*,#2393,.T.);
#1719=ORIENTED_EDGE('',*,*,#2276,.F.);
#1720=ORIENTED_EDGE('',*,*,#2395,.F.);
#1721=ORIENTED_EDGE('',*,*,#2362,.T.);
#1722=ORIENTED_EDGE('',*,*,#2396,.T.);
#1723=ORIENTED_EDGE('',*,*,#2273,.F.);
#1724=ORIENTED_EDGE('',*,*,#2397,.F.);
#1725=ORIENTED_EDGE('',*,*,#2365,.T.);
#1726=ORIENTED_EDGE('',*,*,#2398,.T.);
#1727=ORIENTED_EDGE('',*,*,#2274,.F.);
#1728=ORIENTED_EDGE('',*,*,#2396,.F.);
#1729=ORIENTED_EDGE('',*,*,#2364,.T.);
#1730=ORIENTED_EDGE('',*,*,#2399,.T.);
#1731=ORIENTED_EDGE('',*,*,#2275,.F.);
#1732=ORIENTED_EDGE('',*,*,#2398,.F.);
#1733=ORIENTED_EDGE('',*,*,#2363,.T.);
#1734=ORIENTED_EDGE('',*,*,#2397,.T.);
#1735=ORIENTED_EDGE('',*,*,#2272,.F.);
#1736=ORIENTED_EDGE('',*,*,#2399,.F.);
#1737=ORIENTED_EDGE('',*,*,#2324,.F.);
#1738=ORIENTED_EDGE('',*,*,#2315,.T.);
#1739=ORIENTED_EDGE('',*,*,#2400,.T.);
#1740=ORIENTED_EDGE('',*,*,#2349,.T.);
#1741=ORIENTED_EDGE('',*,*,#2401,.F.);
#1742=ORIENTED_EDGE('',*,*,#2402,.F.);
#1743=ORIENTED_EDGE('',*,*,#2306,.F.);
#1744=ORIENTED_EDGE('',*,*,#2403,.F.);
#1745=ORIENTED_EDGE('',*,*,#2404,.T.);
#1746=ORIENTED_EDGE('',*,*,#2405,.T.);
#1747=ORIENTED_EDGE('',*,*,#2305,.T.);
#1748=ORIENTED_EDGE('',*,*,#2367,.F.);
#1749=ORIENTED_EDGE('',*,*,#2400,.F.);
#1750=ORIENTED_EDGE('',*,*,#2406,.F.);
#1751=ORIENTED_EDGE('',*,*,#2403,.T.);
#1752=ORIENTED_EDGE('',*,*,#2407,.T.);
#1753=ORIENTED_EDGE('',*,*,#2269,.F.);
#1754=ORIENTED_EDGE('',*,*,#2408,.T.);
#1755=ORIENTED_EDGE('',*,*,#2270,.F.);
#1756=ORIENTED_EDGE('',*,*,#2409,.T.);
#1757=ORIENTED_EDGE('',*,*,#2271,.F.);
#1758=ORIENTED_EDGE('',*,*,#2307,.F.);
#1759=ORIENTED_EDGE('',*,*,#2405,.F.);
#1760=ORIENTED_EDGE('',*,*,#2410,.T.);
#1761=ORIENTED_EDGE('',*,*,#2401,.T.);
#1762=ORIENTED_EDGE('',*,*,#2366,.T.);
#1763=ORIENTED_EDGE('',*,*,#2411,.T.);
#1764=ORIENTED_EDGE('',*,*,#2268,.F.);
#1765=ORIENTED_EDGE('',*,*,#2404,.F.);
#1766=ORIENTED_EDGE('',*,*,#2406,.T.);
#1767=ORIENTED_EDGE('',*,*,#2402,.T.);
#1768=ORIENTED_EDGE('',*,*,#2410,.F.);
#1769=ORIENTED_EDGE('',*,*,#2409,.F.);
#1770=ORIENTED_EDGE('',*,*,#2408,.F.);
#1771=ORIENTED_EDGE('',*,*,#2407,.F.);
#1772=ORIENTED_EDGE('',*,*,#2411,.F.);
#1773=EDGE_CURVE('',#2412,#2413,#2845,.T.);
#1774=EDGE_CURVE('',#2413,#2414,#347,.T.);
#1775=EDGE_CURVE('',#2415,#2414,#2846,.T.);
#1776=EDGE_CURVE('',#2412,#2415,#348,.T.);
#1777=EDGE_CURVE('',#2416,#2417,#2847,.T.);
#1778=EDGE_CURVE('',#2417,#2418,#349,.T.);
#1779=EDGE_CURVE('',#2419,#2418,#2848,.T.);
#1780=EDGE_CURVE('',#2416,#2419,#350,.T.);
#1781=EDGE_CURVE('',#2420,#2421,#2849,.T.);
#1782=EDGE_CURVE('',#2421,#2422,#351,.T.);
#1783=EDGE_CURVE('',#2423,#2422,#2850,.T.);
#1784=EDGE_CURVE('',#2420,#2423,#352,.T.);
#1785=EDGE_CURVE('',#2424,#2425,#2851,.T.);
#1786=EDGE_CURVE('',#2425,#2426,#353,.T.);
#1787=EDGE_CURVE('',#2427,#2426,#2852,.T.);
#1788=EDGE_CURVE('',#2424,#2427,#354,.T.);
#1789=EDGE_CURVE('',#2428,#2429,#196,.F.);
#1790=EDGE_CURVE('',#2430,#2428,#355,.T.);
#1791=EDGE_CURVE('',#2430,#2431,#356,.T.);
#1792=EDGE_CURVE('',#2432,#2431,#197,.T.);
#1793=EDGE_CURVE('',#2432,#2433,#357,.T.);
#1794=EDGE_CURVE('',#2433,#2429,#358,.T.);
#1795=EDGE_CURVE('',#2434,#2435,#359,.T.);
#1796=EDGE_CURVE('',#2412,#2435,#2853,.T.);
#1797=EDGE_CURVE('',#2415,#2434,#2854,.T.);
#1798=EDGE_CURVE('',#2413,#2429,#2855,.T.);
#1799=EDGE_CURVE('',#2414,#2433,#2856,.T.);
#1800=EDGE_CURVE('',#2436,#2437,#2857,.T.);
#1801=EDGE_CURVE('',#2437,#2438,#360,.T.);
#1802=EDGE_CURVE('',#2439,#2438,#2858,.T.);
#1803=EDGE_CURVE('',#2436,#2439,#361,.T.);
#1804=EDGE_CURVE('',#2440,#2441,#362,.T.);
#1805=EDGE_CURVE('',#2436,#2441,#2859,.T.);
#1806=EDGE_CURVE('',#2439,#2440,#2860,.T.);
#1807=EDGE_CURVE('',#2437,#2442,#2861,.T.);
#1808=EDGE_CURVE('',#2443,#2442,#363,.T.);
#1809=EDGE_CURVE('',#2438,#2443,#2862,.T.);
#1810=EDGE_CURVE('',#2444,#2445,#364,.T.);
#1811=EDGE_CURVE('',#2416,#2445,#2863,.T.);
#1812=EDGE_CURVE('',#2419,#2444,#2864,.T.);
#1813=EDGE_CURVE('',#2417,#2446,#2865,.T.);
#1814=EDGE_CURVE('',#2447,#2446,#365,.T.);
#1815=EDGE_CURVE('',#2418,#2447,#2866,.T.);
#1816=EDGE_CURVE('',#2448,#2449,#2867,.T.);
#1817=EDGE_CURVE('',#2449,#2450,#366,.T.);
#1818=EDGE_CURVE('',#2451,#2450,#2868,.T.);
#1819=EDGE_CURVE('',#2448,#2451,#367,.T.);
#1820=EDGE_CURVE('',#2452,#2453,#368,.T.);
#1821=EDGE_CURVE('',#2448,#2453,#2869,.T.);
#1822=EDGE_CURVE('',#2451,#2452,#2870,.T.);
#1823=EDGE_CURVE('',#2449,#2454,#2871,.T.);
#1824=EDGE_CURVE('',#2455,#2454,#369,.T.);
#1825=EDGE_CURVE('',#2450,#2455,#2872,.T.);
#1826=EDGE_CURVE('',#2456,#2457,#370,.T.);
#1827=EDGE_CURVE('',#2420,#2457,#2873,.T.);
#1828=EDGE_CURVE('',#2423,#2456,#2874,.T.);
#1829=EDGE_CURVE('',#2421,#2458,#2875,.T.);
#1830=EDGE_CURVE('',#2459,#2458,#371,.T.);
#1831=EDGE_CURVE('',#2422,#2459,#2876,.T.);
#1832=EDGE_CURVE('',#2460,#2461,#2877,.T.);
#1833=EDGE_CURVE('',#2461,#2462,#372,.T.);
#1834=EDGE_CURVE('',#2463,#2462,#2878,.T.);
#1835=EDGE_CURVE('',#2460,#2463,#373,.T.);
#1836=EDGE_CURVE('',#2464,#2465,#374,.T.);
#1837=EDGE_CURVE('',#2460,#2465,#2879,.T.);
#1838=EDGE_CURVE('',#2463,#2464,#2880,.T.);
#1839=EDGE_CURVE('',#2461,#2466,#2881,.T.);
#1840=EDGE_CURVE('',#2467,#2466,#375,.T.);
#1841=EDGE_CURVE('',#2462,#2467,#2882,.T.);
#1842=EDGE_CURVE('',#2468,#2469,#376,.T.);
#1843=EDGE_CURVE('',#2424,#2469,#2883,.T.);
#1844=EDGE_CURVE('',#2427,#2468,#2884,.T.);
#1845=EDGE_CURVE('',#2425,#2470,#2885,.T.);
#1846=EDGE_CURVE('',#2471,#2470,#377,.T.);
#1847=EDGE_CURVE('',#2426,#2471,#2886,.T.);
#1848=EDGE_CURVE('',#2472,#2473,#2887,.T.);
#1849=EDGE_CURVE('',#2473,#2474,#378,.T.);
#1850=EDGE_CURVE('',#2475,#2474,#2888,.T.);
#1851=EDGE_CURVE('',#2472,#2475,#379,.T.);
#1852=EDGE_CURVE('',#2472,#2428,#2889,.T.);
#1853=EDGE_CURVE('',#2475,#2430,#2890,.T.);
#1854=EDGE_CURVE('',#2473,#2476,#2891,.T.);
#1855=EDGE_CURVE('',#2477,#2476,#380,.T.);
#1856=EDGE_CURVE('',#2474,#2477,#2892,.T.);
#1857=EDGE_CURVE('',#2478,#2478,#381,.T.);
#1858=EDGE_CURVE('',#2479,#2479,#382,.T.);
#1859=EDGE_CURVE('',#2480,#2480,#198,.T.);
#1860=EDGE_CURVE('',#2481,#2481,#199,.T.);
#1861=EDGE_CURVE('',#2482,#2482,#383,.T.);
#1862=EDGE_CURVE('',#2483,#2483,#384,.T.);
#1863=EDGE_CURVE('',#2469,#2476,#200,.F.);
#1864=EDGE_CURVE('',#2468,#2484,#385,.T.);
#1865=EDGE_CURVE('',#2431,#2484,#201,.T.);
#1866=EDGE_CURVE('',#2431,#2477,#386,.T.);
#1867=EDGE_CURVE('',#2465,#2470,#202,.F.);
#1868=EDGE_CURVE('',#2464,#2485,#387,.T.);
#1869=EDGE_CURVE('',#2484,#2485,#203,.T.);
#1870=EDGE_CURVE('',#2484,#2471,#388,.T.);
#1871=EDGE_CURVE('',#2457,#2466,#204,.F.);
#1872=EDGE_CURVE('',#2456,#2486,#389,.T.);
#1873=EDGE_CURVE('',#2485,#2486,#205,.T.);
#1874=EDGE_CURVE('',#2485,#2467,#390,.T.);
#1875=EDGE_CURVE('',#2453,#2458,#206,.F.);
#1876=EDGE_CURVE('',#2452,#2487,#391,.T.);
#1877=EDGE_CURVE('',#2486,#2487,#207,.T.);
#1878=EDGE_CURVE('',#2486,#2459,#392,.T.);
#1879=EDGE_CURVE('',#2445,#2454,#208,.F.);
#1880=EDGE_CURVE('',#2444,#2488,#393,.T.);
#1881=EDGE_CURVE('',#2487,#2488,#209,.T.);
#1882=EDGE_CURVE('',#2487,#2455,#394,.T.);
#1883=EDGE_CURVE('',#2441,#2446,#210,.F.);
#1884=EDGE_CURVE('',#2440,#2489,#395,.T.);
#1885=EDGE_CURVE('',#2488,#2489,#211,.T.);
#1886=EDGE_CURVE('',#2488,#2447,#396,.T.);
#1887=EDGE_CURVE('',#2435,#2442,#212,.F.);
#1888=EDGE_CURVE('',#2434,#2432,#397,.T.);
#1889=EDGE_CURVE('',#2489,#2432,#213,.T.);
#1890=EDGE_CURVE('',#2489,#2443,#398,.T.);
#1891=EDGE_CURVE('',#2490,#2490,#214,.F.);
#1892=EDGE_CURVE('',#2491,#2491,#215,.F.);
#1893=EDGE_CURVE('',#2492,#2492,#216,.F.);
#1894=EDGE_CURVE('',#2493,#2493,#217,.F.);
#1895=EDGE_CURVE('',#2494,#2495,#2893,.T.);
#1896=EDGE_CURVE('',#2495,#2496,#218,.F.);
#1897=EDGE_CURVE('',#2497,#2496,#2894,.T.);
#1898=EDGE_CURVE('',#2497,#2494,#219,.T.);
#1899=EDGE_CURVE('',#2498,#2499,#2895,.T.);
#1900=EDGE_CURVE('',#2499,#2500,#220,.F.);
#1901=EDGE_CURVE('',#2501,#2500,#2896,.T.);
#1902=EDGE_CURVE('',#2501,#2498,#221,.T.);
#1903=EDGE_CURVE('',#2502,#2503,#2897,.T.);
#1904=EDGE_CURVE('',#2503,#2504,#222,.F.);
#1905=EDGE_CURVE('',#2505,#2504,#2898,.T.);
#1906=EDGE_CURVE('',#2505,#2502,#223,.T.);
#1907=EDGE_CURVE('',#2506,#2507,#2899,.T.);
#1908=EDGE_CURVE('',#2507,#2508,#224,.F.);
#1909=EDGE_CURVE('',#2509,#2508,#2900,.T.);
#1910=EDGE_CURVE('',#2509,#2506,#225,.T.);
#1911=EDGE_CURVE('',#2510,#2511,#2901,.T.);
#1912=EDGE_CURVE('',#2511,#2512,#226,.F.);
#1913=EDGE_CURVE('',#2513,#2512,#2902,.T.);
#1914=EDGE_CURVE('',#2513,#2510,#227,.T.);
#1915=EDGE_CURVE('',#2514,#2515,#2903,.T.);
#1916=EDGE_CURVE('',#2515,#2516,#228,.F.);
#1917=EDGE_CURVE('',#2517,#2516,#2904,.T.);
#1918=EDGE_CURVE('',#2517,#2514,#229,.T.);
#1919=EDGE_CURVE('',#2518,#2519,#2905,.T.);
#1920=EDGE_CURVE('',#2519,#2520,#230,.F.);
#1921=EDGE_CURVE('',#2521,#2520,#2906,.T.);
#1922=EDGE_CURVE('',#2521,#2518,#231,.T.);
#1923=EDGE_CURVE('',#2522,#2523,#2907,.T.);
#1924=EDGE_CURVE('',#2523,#2524,#232,.F.);
#1925=EDGE_CURVE('',#2525,#2524,#2908,.T.);
#1926=EDGE_CURVE('',#2525,#2522,#233,.T.);
#1927=EDGE_CURVE('',#2526,#2526,#234,.T.);
#1928=EDGE_CURVE('',#2527,#2527,#235,.T.);
#1929=EDGE_CURVE('',#2528,#2528,#236,.T.);
#1930=EDGE_CURVE('',#2529,#2529,#237,.T.);
#1931=EDGE_CURVE('',#2530,#2530,#238,.T.);
#1932=EDGE_CURVE('',#2531,#2532,#399,.T.);
#1933=EDGE_CURVE('',#2531,#2522,#400,.T.);
#1934=EDGE_CURVE('',#2533,#2525,#401,.T.);
#1935=EDGE_CURVE('',#2534,#2533,#402,.T.);
#1936=EDGE_CURVE('',#2534,#2494,#403,.T.);
#1937=EDGE_CURVE('',#2535,#2497,#404,.T.);
#1938=EDGE_CURVE('',#2536,#2535,#405,.T.);
#1939=EDGE_CURVE('',#2536,#2498,#406,.T.);
#1940=EDGE_CURVE('',#2537,#2501,#407,.T.);
#1941=EDGE_CURVE('',#2538,#2537,#408,.T.);
#1942=EDGE_CURVE('',#2538,#2502,#409,.T.);
#1943=EDGE_CURVE('',#2539,#2505,#410,.T.);
#1944=EDGE_CURVE('',#2540,#2539,#411,.T.);
#1945=EDGE_CURVE('',#2540,#2506,#412,.T.);
#1946=EDGE_CURVE('',#2541,#2509,#413,.T.);
#1947=EDGE_CURVE('',#2542,#2541,#414,.T.);
#1948=EDGE_CURVE('',#2542,#2510,#415,.T.);
#1949=EDGE_CURVE('',#2543,#2513,#416,.T.);
#1950=EDGE_CURVE('',#2544,#2543,#417,.T.);
#1951=EDGE_CURVE('',#2544,#2514,#418,.T.);
#1952=EDGE_CURVE('',#2545,#2517,#419,.T.);
#1953=EDGE_CURVE('',#2546,#2545,#420,.T.);
#1954=EDGE_CURVE('',#2546,#2518,#421,.T.);
#1955=EDGE_CURVE('',#2532,#2521,#422,.T.);
#1956=EDGE_CURVE('',#2547,#2500,#423,.T.);
#1957=EDGE_CURVE('',#2548,#2547,#2909,.T.);
#1958=EDGE_CURVE('',#2537,#2548,#424,.T.);
#1959=EDGE_CURVE('',#2549,#2496,#425,.T.);
#1960=EDGE_CURVE('',#2550,#2549,#2910,.T.);
#1961=EDGE_CURVE('',#2535,#2550,#426,.T.);
#1962=EDGE_CURVE('',#2551,#2552,#2911,.T.);
#1963=EDGE_CURVE('',#2552,#2499,#427,.T.);
#1964=EDGE_CURVE('',#2536,#2551,#428,.T.);
#1965=EDGE_CURVE('',#2551,#2550,#2912,.T.);
#1966=EDGE_CURVE('',#2553,#2554,#2913,.T.);
#1967=EDGE_CURVE('',#2554,#2495,#429,.T.);
#1968=EDGE_CURVE('',#2534,#2553,#430,.T.);
#1969=EDGE_CURVE('',#2554,#2555,#239,.F.);
#1970=EDGE_CURVE('',#2556,#2555,#431,.T.);
#1971=EDGE_CURVE('',#2556,#2549,#240,.F.);
#1972=EDGE_CURVE('',#2552,#2557,#241,.F.);
#1973=EDGE_CURVE('',#2557,#2558,#432,.T.);
#1974=EDGE_CURVE('',#2558,#2547,#242,.F.);
#1975=EDGE_CURVE('',#2559,#2508,#433,.T.);
#1976=EDGE_CURVE('',#2560,#2559,#2914,.T.);
#1977=EDGE_CURVE('',#2541,#2560,#434,.T.);
#1978=EDGE_CURVE('',#2561,#2504,#435,.T.);
#1979=EDGE_CURVE('',#2562,#2561,#2915,.T.);
#1980=EDGE_CURVE('',#2539,#2562,#436,.T.);
#1981=EDGE_CURVE('',#2563,#2564,#2916,.T.);
#1982=EDGE_CURVE('',#2564,#2507,#437,.T.);
#1983=EDGE_CURVE('',#2540,#2563,#438,.T.);
#1984=EDGE_CURVE('',#2563,#2562,#2917,.T.);
#1985=EDGE_CURVE('',#2565,#2566,#2918,.T.);
#1986=EDGE_CURVE('',#2566,#2503,#439,.T.);
#1987=EDGE_CURVE('',#2538,#2565,#440,.T.);
#1988=EDGE_CURVE('',#2566,#2567,#243,.F.);
#1989=EDGE_CURVE('',#2568,#2567,#441,.T.);
#1990=EDGE_CURVE('',#2568,#2561,#244,.F.);
#1991=EDGE_CURVE('',#2564,#2569,#245,.F.);
#1992=EDGE_CURVE('',#2569,#2570,#442,.T.);
#1993=EDGE_CURVE('',#2570,#2559,#246,.F.);
#1994=EDGE_CURVE('',#2571,#2516,#443,.T.);
#1995=EDGE_CURVE('',#2572,#2571,#2919,.T.);
#1996=EDGE_CURVE('',#2545,#2572,#444,.T.);
#1997=EDGE_CURVE('',#2573,#2512,#445,.T.);
#1998=EDGE_CURVE('',#2574,#2573,#2920,.T.);
#1999=EDGE_CURVE('',#2543,#2574,#446,.T.);
#2000=EDGE_CURVE('',#2575,#2576,#2921,.T.);
#2001=EDGE_CURVE('',#2576,#2515,#447,.T.);
#2002=EDGE_CURVE('',#2544,#2575,#448,.T.);
#2003=EDGE_CURVE('',#2575,#2574,#2922,.T.);
#2004=EDGE_CURVE('',#2577,#2578,#2923,.T.);
#2005=EDGE_CURVE('',#2578,#2511,#449,.T.);
#2006=EDGE_CURVE('',#2542,#2577,#450,.T.);
#2007=EDGE_CURVE('',#2578,#2579,#247,.F.);
#2008=EDGE_CURVE('',#2580,#2579,#451,.T.);
#2009=EDGE_CURVE('',#2580,#2573,#248,.F.);
#2010=EDGE_CURVE('',#2576,#2581,#249,.F.);
#2011=EDGE_CURVE('',#2581,#2582,#452,.T.);
#2012=EDGE_CURVE('',#2582,#2571,#250,.F.);
#2013=EDGE_CURVE('',#2583,#2524,#453,.T.);
#2014=EDGE_CURVE('',#2584,#2583,#2924,.T.);
#2015=EDGE_CURVE('',#2533,#2584,#454,.T.);
#2016=EDGE_CURVE('',#2585,#2520,#455,.T.);
#2017=EDGE_CURVE('',#2586,#2585,#2925,.T.);
#2018=EDGE_CURVE('',#2532,#2586,#456,.T.);
#2019=EDGE_CURVE('',#2587,#2588,#2926,.T.);
#2020=EDGE_CURVE('',#2588,#2523,#457,.T.);
#2021=EDGE_CURVE('',#2531,#2587,#458,.T.);
#2022=EDGE_CURVE('',#2587,#2586,#2927,.T.);
#2023=EDGE_CURVE('',#2588,#2589,#251,.F.);
#2024=EDGE_CURVE('',#2589,#2590,#459,.T.);
#2025=EDGE_CURVE('',#2590,#2583,#252,.F.);
#2026=EDGE_CURVE('',#2591,#2592,#2928,.T.);
#2027=EDGE_CURVE('',#2592,#2519,#460,.T.);
#2028=EDGE_CURVE('',#2546,#2591,#461,.T.);
#2029=EDGE_CURVE('',#2592,#2593,#253,.F.);
#2030=EDGE_CURVE('',#2594,#2593,#462,.T.);
#2031=EDGE_CURVE('',#2594,#2585,#254,.F.);
#2032=EDGE_CURVE('',#2591,#2572,#2929,.T.);
#2033=EDGE_CURVE('',#2577,#2560,#2930,.T.);
#2034=EDGE_CURVE('',#2565,#2548,#2931,.T.);
#2035=EDGE_CURVE('',#2553,#2584,#2932,.T.);
#2036=EDGE_CURVE('',#2595,#2594,#2933,.T.);
#2037=EDGE_CURVE('',#2596,#2595,#255,.T.);
#2038=EDGE_CURVE('',#2596,#2597,#2934,.T.);
#2039=EDGE_CURVE('',#2597,#2598,#2935,.T.);
#2040=EDGE_CURVE('',#2598,#2599,#2936,.T.);
#2041=EDGE_CURVE('',#2600,#2599,#256,.T.);
#2042=EDGE_CURVE('',#2600,#2589,#2937,.T.);
#2043=EDGE_CURVE('',#2601,#2556,#2938,.T.);
#2044=EDGE_CURVE('',#2602,#2601,#257,.T.);
#2045=EDGE_CURVE('',#2602,#2603,#2939,.T.);
#2046=EDGE_CURVE('',#2603,#2604,#2940,.T.);
#2047=EDGE_CURVE('',#2604,#2605,#2941,.T.);
#2048=EDGE_CURVE('',#2606,#2605,#258,.T.);
#2049=EDGE_CURVE('',#2606,#2557,#2942,.T.);
#2050=EDGE_CURVE('',#2607,#2568,#2943,.T.);
#2051=EDGE_CURVE('',#2608,#2607,#259,.T.);
#2052=EDGE_CURVE('',#2608,#2609,#2944,.T.);
#2053=EDGE_CURVE('',#2609,#2610,#2945,.T.);
#2054=EDGE_CURVE('',#2610,#2611,#2946,.T.);
#2055=EDGE_CURVE('',#2612,#2611,#260,.T.);
#2056=EDGE_CURVE('',#2612,#2569,#2947,.T.);
#2057=EDGE_CURVE('',#2613,#2580,#2948,.T.);
#2058=EDGE_CURVE('',#2614,#2613,#261,.T.);
#2059=EDGE_CURVE('',#2614,#2615,#2949,.T.);
#2060=EDGE_CURVE('',#2615,#2616,#2950,.T.);
#2061=EDGE_CURVE('',#2616,#2617,#2951,.T.);
#2062=EDGE_CURVE('',#2618,#2617,#262,.T.);
#2063=EDGE_CURVE('',#2618,#2581,#2952,.T.);
#2064=EDGE_CURVE('',#2619,#2620,#263,.T.);
#2065=EDGE_CURVE('',#2621,#2620,#2953,.T.);
#2066=EDGE_CURVE('',#2622,#2621,#2954,.T.);
#2067=EDGE_CURVE('',#2623,#2622,#2955,.T.);
#2068=EDGE_CURVE('',#2623,#2624,#264,.T.);
#2069=EDGE_CURVE('',#2625,#2624,#2956,.T.);
#2070=EDGE_CURVE('',#2626,#2625,#2957,.T.);
#2071=EDGE_CURVE('',#2627,#2626,#2958,.T.);
#2072=EDGE_CURVE('',#2627,#2628,#265,.T.);
#2073=EDGE_CURVE('',#2629,#2628,#2959,.T.);
#2074=EDGE_CURVE('',#2630,#2629,#2960,.T.);
#2075=EDGE_CURVE('',#2631,#2630,#2961,.T.);
#2076=EDGE_CURVE('',#2631,#2632,#266,.T.);
#2077=EDGE_CURVE('',#2633,#2632,#2962,.T.);
#2078=EDGE_CURVE('',#2634,#2633,#2963,.T.);
#2079=EDGE_CURVE('',#2635,#2634,#2964,.T.);
#2080=EDGE_CURVE('',#2635,#2636,#267,.T.);
#2081=EDGE_CURVE('',#2637,#2636,#2965,.T.);
#2082=EDGE_CURVE('',#2638,#2637,#2966,.T.);
#2083=EDGE_CURVE('',#2639,#2638,#2967,.T.);
#2084=EDGE_CURVE('',#2639,#2640,#268,.T.);
#2085=EDGE_CURVE('',#2641,#2640,#2968,.T.);
#2086=EDGE_CURVE('',#2642,#2641,#2969,.T.);
#2087=EDGE_CURVE('',#2643,#2642,#2970,.T.);
#2088=EDGE_CURVE('',#2643,#2644,#269,.T.);
#2089=EDGE_CURVE('',#2645,#2644,#2971,.T.);
#2090=EDGE_CURVE('',#2646,#2645,#2972,.T.);
#2091=EDGE_CURVE('',#2647,#2646,#2973,.T.);
#2092=EDGE_CURVE('',#2647,#2648,#270,.T.);
#2093=EDGE_CURVE('',#2649,#2648,#2974,.T.);
#2094=EDGE_CURVE('',#2650,#2649,#2975,.T.);
#2095=EDGE_CURVE('',#2619,#2650,#2976,.T.);
#2096=EDGE_CURVE('',#2651,#2652,#2977,.T.);
#2097=EDGE_CURVE('',#2652,#2653,#271,.F.);
#2098=EDGE_CURVE('',#2654,#2653,#2978,.T.);
#2099=EDGE_CURVE('',#2655,#2654,#2979,.T.);
#2100=EDGE_CURVE('',#2655,#2656,#2980,.T.);
#2101=EDGE_CURVE('',#2656,#2657,#272,.F.);
#2102=EDGE_CURVE('',#2658,#2657,#2981,.T.);
#2103=EDGE_CURVE('',#2659,#2658,#2982,.T.);
#2104=EDGE_CURVE('',#2659,#2660,#2983,.T.);
#2105=EDGE_CURVE('',#2660,#2661,#273,.F.);
#2106=EDGE_CURVE('',#2662,#2661,#2984,.T.);
#2107=EDGE_CURVE('',#2663,#2662,#2985,.T.);
#2108=EDGE_CURVE('',#2663,#2664,#2986,.T.);
#2109=EDGE_CURVE('',#2664,#2665,#274,.F.);
#2110=EDGE_CURVE('',#2666,#2665,#2987,.T.);
#2111=EDGE_CURVE('',#2667,#2666,#2988,.T.);
#2112=EDGE_CURVE('',#2667,#2668,#2989,.T.);
#2113=EDGE_CURVE('',#2668,#2669,#275,.F.);
#2114=EDGE_CURVE('',#2670,#2669,#2990,.T.);
#2115=EDGE_CURVE('',#2671,#2670,#2991,.T.);
#2116=EDGE_CURVE('',#2671,#2672,#2992,.T.);
#2117=EDGE_CURVE('',#2672,#2673,#276,.F.);
#2118=EDGE_CURVE('',#2674,#2673,#2993,.T.);
#2119=EDGE_CURVE('',#2675,#2674,#2994,.T.);
#2120=EDGE_CURVE('',#2675,#2676,#2995,.T.);
#2121=EDGE_CURVE('',#2676,#2677,#277,.F.);
#2122=EDGE_CURVE('',#2678,#2677,#2996,.T.);
#2123=EDGE_CURVE('',#2679,#2678,#2997,.T.);
#2124=EDGE_CURVE('',#2679,#2680,#2998,.T.);
#2125=EDGE_CURVE('',#2680,#2681,#278,.F.);
#2126=EDGE_CURVE('',#2682,#2681,#2999,.T.);
#2127=EDGE_CURVE('',#2651,#2682,#3000,.T.);
#2128=EDGE_CURVE('',#2683,#2582,#3001,.T.);
#2129=EDGE_CURVE('',#2683,#2684,#3002,.T.);
#2130=EDGE_CURVE('',#2684,#2685,#3003,.T.);
#2131=EDGE_CURVE('',#2685,#2686,#3004,.T.);
#2132=EDGE_CURVE('',#2686,#2593,#3005,.T.);
#2133=EDGE_CURVE('',#2687,#2570,#3006,.T.);
#2134=EDGE_CURVE('',#2687,#2688,#3007,.T.);
#2135=EDGE_CURVE('',#2688,#2689,#3008,.T.);
#2136=EDGE_CURVE('',#2689,#2690,#3009,.T.);
#2137=EDGE_CURVE('',#2690,#2579,#3010,.T.);
#2138=EDGE_CURVE('',#2691,#2558,#3011,.T.);
#2139=EDGE_CURVE('',#2691,#2692,#3012,.T.);
#2140=EDGE_CURVE('',#2692,#2693,#3013,.T.);
#2141=EDGE_CURVE('',#2693,#2694,#3014,.T.);
#2142=EDGE_CURVE('',#2694,#2567,#3015,.T.);
#2143=EDGE_CURVE('',#2695,#2590,#3016,.T.);
#2144=EDGE_CURVE('',#2695,#2696,#3017,.T.);
#2145=EDGE_CURVE('',#2696,#2697,#3018,.T.);
#2146=EDGE_CURVE('',#2697,#2698,#3019,.T.);
#2147=EDGE_CURVE('',#2698,#2555,#3020,.T.);
#2148=EDGE_CURVE('',#2632,#2601,#3021,.T.);
#2149=EDGE_CURVE('',#2631,#2602,#3022,.T.);
#2150=EDGE_CURVE('',#2628,#2605,#3023,.T.);
#2151=EDGE_CURVE('',#2627,#2606,#3024,.T.);
#2152=EDGE_CURVE('',#2624,#2607,#3025,.T.);
#2153=EDGE_CURVE('',#2623,#2608,#3026,.T.);
#2154=EDGE_CURVE('',#2620,#2611,#3027,.T.);
#2155=EDGE_CURVE('',#2619,#2612,#3028,.T.);
#2156=EDGE_CURVE('',#2648,#2613,#3029,.T.);
#2157=EDGE_CURVE('',#2647,#2614,#3030,.T.);
#2158=EDGE_CURVE('',#2644,#2617,#3031,.T.);
#2159=EDGE_CURVE('',#2643,#2618,#3032,.T.);
#2160=EDGE_CURVE('',#2640,#2595,#3033,.T.);
#2161=EDGE_CURVE('',#2639,#2596,#3034,.T.);
#2162=EDGE_CURVE('',#2635,#2600,#3035,.T.);
#2163=EDGE_CURVE('',#2636,#2599,#3036,.T.);
#2164=EDGE_CURVE('',#2638,#2597,#3037,.T.);
#2165=EDGE_CURVE('',#2637,#2598,#3038,.T.);
#2166=EDGE_CURVE('',#2642,#2684,#3039,.T.);
#2167=EDGE_CURVE('',#2683,#2618,#3040,.T.);
#2168=EDGE_CURVE('',#2641,#2685,#3041,.T.);
#2169=EDGE_CURVE('',#2686,#2595,#3042,.T.);
#2170=EDGE_CURVE('',#2646,#2615,#3043,.T.);
#2171=EDGE_CURVE('',#2645,#2616,#3044,.T.);
#2172=EDGE_CURVE('',#2650,#2688,#3045,.T.);
#2173=EDGE_CURVE('',#2687,#2612,#3046,.T.);
#2174=EDGE_CURVE('',#2649,#2689,#3047,.T.);
#2175=EDGE_CURVE('',#2690,#2613,#3048,.T.);
#2176=EDGE_CURVE('',#2622,#2609,#3049,.T.);
#2177=EDGE_CURVE('',#2621,#2610,#3050,.T.);
#2178=EDGE_CURVE('',#2626,#2692,#3051,.T.);
#2179=EDGE_CURVE('',#2691,#2606,#3052,.T.);
#2180=EDGE_CURVE('',#2625,#2693,#3053,.T.);
#2181=EDGE_CURVE('',#2694,#2607,#3054,.T.);
#2182=EDGE_CURVE('',#2630,#2603,#3055,.T.);
#2183=EDGE_CURVE('',#2629,#2604,#3056,.T.);
#2184=EDGE_CURVE('',#2634,#2696,#3057,.T.);
#2185=EDGE_CURVE('',#2695,#2600,#3058,.T.);
#2186=EDGE_CURVE('',#2633,#2697,#3059,.T.);
#2187=EDGE_CURVE('',#2698,#2601,#3060,.T.);
#2188=EDGE_CURVE('',#2699,#2700,#3061,.F.);
#2189=EDGE_CURVE('',#2699,#2680,#463,.T.);
#2190=EDGE_CURVE('',#2679,#2701,#464,.T.);
#2191=EDGE_CURVE('',#2701,#2700,#3062,.T.);
#2192=EDGE_CURVE('',#2702,#2677,#465,.T.);
#2193=EDGE_CURVE('',#2702,#2703,#3063,.F.);
#2194=EDGE_CURVE('',#2704,#2703,#3064,.T.);
#2195=EDGE_CURVE('',#2678,#2704,#466,.T.);
#2196=EDGE_CURVE('',#2701,#2704,#3065,.T.);
#2197=EDGE_CURVE('',#2705,#2706,#3066,.F.);
#2198=EDGE_CURVE('',#2705,#2652,#467,.T.);
#2199=EDGE_CURVE('',#2651,#2707,#468,.T.);
#2200=EDGE_CURVE('',#2707,#2706,#3067,.T.);
#2201=EDGE_CURVE('',#2708,#2681,#469,.T.);
#2202=EDGE_CURVE('',#2708,#2709,#3068,.F.);
#2203=EDGE_CURVE('',#2710,#2709,#3069,.T.);
#2204=EDGE_CURVE('',#2682,#2710,#470,.T.);
#2205=EDGE_CURVE('',#2707,#2710,#3070,.T.);
#2206=EDGE_CURVE('',#2708,#2699,#279,.T.);
#2207=EDGE_CURVE('',#2711,#2712,#3071,.F.);
#2208=EDGE_CURVE('',#2711,#2656,#471,.T.);
#2209=EDGE_CURVE('',#2655,#2713,#472,.T.);
#2210=EDGE_CURVE('',#2713,#2712,#3072,.T.);
#2211=EDGE_CURVE('',#2714,#2653,#473,.T.);
#2212=EDGE_CURVE('',#2714,#2715,#3073,.F.);
#2213=EDGE_CURVE('',#2716,#2715,#3074,.T.);
#2214=EDGE_CURVE('',#2654,#2716,#474,.T.);
#2215=EDGE_CURVE('',#2713,#2716,#3075,.T.);
#2216=EDGE_CURVE('',#2714,#2705,#280,.T.);
#2217=EDGE_CURVE('',#2717,#2718,#3076,.F.);
#2218=EDGE_CURVE('',#2717,#2660,#475,.T.);
#2219=EDGE_CURVE('',#2659,#2719,#476,.T.);
#2220=EDGE_CURVE('',#2719,#2718,#3077,.T.);
#2221=EDGE_CURVE('',#2720,#2657,#477,.T.);
#2222=EDGE_CURVE('',#2720,#2721,#3078,.F.);
#2223=EDGE_CURVE('',#2722,#2721,#3079,.T.);
#2224=EDGE_CURVE('',#2658,#2722,#478,.T.);
#2225=EDGE_CURVE('',#2719,#2722,#3080,.T.);
#2226=EDGE_CURVE('',#2720,#2711,#281,.T.);
#2227=EDGE_CURVE('',#2723,#2724,#3081,.F.);
#2228=EDGE_CURVE('',#2723,#2664,#479,.T.);
#2229=EDGE_CURVE('',#2663,#2725,#480,.T.);
#2230=EDGE_CURVE('',#2725,#2724,#3082,.T.);
#2231=EDGE_CURVE('',#2726,#2661,#481,.T.);
#2232=EDGE_CURVE('',#2726,#2727,#3083,.F.);
#2233=EDGE_CURVE('',#2728,#2727,#3084,.T.);
#2234=EDGE_CURVE('',#2662,#2728,#482,.T.);
#2235=EDGE_CURVE('',#2725,#2728,#3085,.T.);
#2236=EDGE_CURVE('',#2726,#2717,#282,.T.);
#2237=EDGE_CURVE('',#2729,#2730,#3086,.F.);
#2238=EDGE_CURVE('',#2729,#2668,#483,.T.);
#2239=EDGE_CURVE('',#2667,#2731,#484,.T.);
#2240=EDGE_CURVE('',#2731,#2730,#3087,.T.);
#2241=EDGE_CURVE('',#2732,#2665,#485,.T.);
#2242=EDGE_CURVE('',#2732,#2733,#3088,.F.);
#2243=EDGE_CURVE('',#2734,#2733,#3089,.T.);
#2244=EDGE_CURVE('',#2666,#2734,#486,.T.);
#2245=EDGE_CURVE('',#2731,#2734,#3090,.T.);
#2246=EDGE_CURVE('',#2732,#2723,#283,.T.);
#2247=EDGE_CURVE('',#2735,#2736,#3091,.F.);
#2248=EDGE_CURVE('',#2735,#2672,#487,.T.);
#2249=EDGE_CURVE('',#2671,#2737,#488,.T.);
#2250=EDGE_CURVE('',#2737,#2736,#3092,.T.);
#2251=EDGE_CURVE('',#2738,#2669,#489,.T.);
#2252=EDGE_CURVE('',#2738,#2739,#3093,.F.);
#2253=EDGE_CURVE('',#2740,#2739,#3094,.T.);
#2254=EDGE_CURVE('',#2670,#2740,#490,.T.);
#2255=EDGE_CURVE('',#2737,#2740,#3095,.T.);
#2256=EDGE_CURVE('',#2738,#2729,#284,.T.);
#2257=EDGE_CURVE('',#2741,#2742,#3096,.F.);
#2258=EDGE_CURVE('',#2741,#2676,#491,.T.);
#2259=EDGE_CURVE('',#2675,#2743,#492,.T.);
#2260=EDGE_CURVE('',#2743,#2742,#3097,.T.);
#2261=EDGE_CURVE('',#2744,#2673,#493,.T.);
#2262=EDGE_CURVE('',#2744,#2745,#3098,.F.);
#2263=EDGE_CURVE('',#2746,#2745,#3099,.T.);
#2264=EDGE_CURVE('',#2674,#2746,#494,.T.);
#2265=EDGE_CURVE('',#2743,#2746,#3100,.T.);
#2266=EDGE_CURVE('',#2744,#2735,#285,.T.);
#2267=EDGE_CURVE('',#2702,#2741,#286,.T.);
#2268=EDGE_CURVE('',#2747,#2747,#287,.T.);
#2269=EDGE_CURVE('',#2748,#2748,#288,.T.);
#2270=EDGE_CURVE('',#2749,#2749,#289,.T.);
#2271=EDGE_CURVE('',#2750,#2750,#290,.T.);
#2272=EDGE_CURVE('',#2751,#2752,#3101,.T.);
#2273=EDGE_CURVE('',#2752,#2753,#3102,.T.);
#2274=EDGE_CURVE('',#2753,#2754,#3103,.T.);
#2275=EDGE_CURVE('',#2754,#2751,#3104,.T.);
#2276=EDGE_CURVE('',#2755,#2756,#3105,.T.);
#2277=EDGE_CURVE('',#2756,#2757,#3106,.T.);
#2278=EDGE_CURVE('',#2757,#2758,#3107,.T.);
#2279=EDGE_CURVE('',#2758,#2755,#3108,.T.);
#2280=EDGE_CURVE('',#2759,#2760,#3109,.T.);
#2281=EDGE_CURVE('',#2760,#2761,#3110,.T.);
#2282=EDGE_CURVE('',#2761,#2762,#3111,.T.);
#2283=EDGE_CURVE('',#2762,#2759,#3112,.T.);
#2284=EDGE_CURVE('',#2763,#2764,#3113,.T.);
#2285=EDGE_CURVE('',#2764,#2765,#3114,.T.);
#2286=EDGE_CURVE('',#2765,#2766,#3115,.T.);
#2287=EDGE_CURVE('',#2766,#2763,#3116,.T.);
#2288=EDGE_CURVE('',#2767,#2768,#3117,.T.);
#2289=EDGE_CURVE('',#2768,#2769,#3118,.T.);
#2290=EDGE_CURVE('',#2769,#2770,#3119,.T.);
#2291=EDGE_CURVE('',#2770,#2767,#3120,.T.);
#2292=EDGE_CURVE('',#2771,#2772,#3121,.T.);
#2293=EDGE_CURVE('',#2772,#2773,#3122,.T.);
#2294=EDGE_CURVE('',#2773,#2774,#3123,.T.);
#2295=EDGE_CURVE('',#2774,#2771,#3124,.T.);
#2296=EDGE_CURVE('',#2775,#2776,#3125,.T.);
#2297=EDGE_CURVE('',#2776,#2777,#3126,.T.);
#2298=EDGE_CURVE('',#2777,#2778,#3127,.T.);
#2299=EDGE_CURVE('',#2778,#2775,#3128,.T.);
#2300=EDGE_CURVE('',#2779,#2780,#3129,.T.);
#2301=EDGE_CURVE('',#2780,#2781,#3130,.T.);
#2302=EDGE_CURVE('',#2781,#2782,#3131,.T.);
#2303=EDGE_CURVE('',#2782,#2779,#3132,.T.);
#2304=EDGE_CURVE('',#2783,#2784,#291,.T.);
#2305=EDGE_CURVE('',#2785,#2784,#3133,.T.);
#2306=EDGE_CURVE('',#2785,#2786,#3134,.T.);
#2307=EDGE_CURVE('',#2786,#2783,#3135,.T.);
#2308=EDGE_CURVE('',#2787,#2787,#292,.F.);
#2309=EDGE_CURVE('',#2788,#2788,#293,.F.);
#2310=EDGE_CURVE('',#2789,#2789,#294,.F.);
#2311=EDGE_CURVE('',#2790,#2790,#295,.F.);
#2312=EDGE_CURVE('',#2791,#2791,#296,.F.);
#2313=EDGE_CURVE('',#2792,#2792,#297,.F.);
#2314=EDGE_CURVE('',#2793,#2793,#298,.F.);
#2315=EDGE_CURVE('',#2794,#2794,#299,.F.);
#2316=EDGE_CURVE('',#2709,#2700,#300,.T.);
#2317=EDGE_CURVE('',#2703,#2742,#301,.T.);
#2318=EDGE_CURVE('',#2745,#2736,#302,.T.);
#2319=EDGE_CURVE('',#2739,#2730,#303,.T.);
#2320=EDGE_CURVE('',#2733,#2724,#304,.T.);
#2321=EDGE_CURVE('',#2727,#2718,#305,.T.);
#2322=EDGE_CURVE('',#2721,#2712,#306,.T.);
#2323=EDGE_CURVE('',#2715,#2706,#307,.T.);
#2324=EDGE_CURVE('',#2795,#2795,#308,.F.);
#2325=EDGE_CURVE('',#2796,#2797,#3136,.T.);
#2326=EDGE_CURVE('',#2798,#2796,#3137,.T.);
#2327=EDGE_CURVE('',#2799,#2798,#3138,.T.);
#2328=EDGE_CURVE('',#2797,#2799,#3139,.T.);
#2329=EDGE_CURVE('',#2800,#2800,#309,.F.);
#2330=EDGE_CURVE('',#2801,#2802,#3140,.T.);
#2331=EDGE_CURVE('',#2803,#2801,#3141,.T.);
#2332=EDGE_CURVE('',#2804,#2803,#3142,.T.);
#2333=EDGE_CURVE('',#2802,#2804,#3143,.T.);
#2334=EDGE_CURVE('',#2805,#2805,#310,.F.);
#2335=EDGE_CURVE('',#2806,#2806,#311,.F.);
#2336=EDGE_CURVE('',#2807,#2808,#3144,.T.);
#2337=EDGE_CURVE('',#2809,#2807,#3145,.T.);
#2338=EDGE_CURVE('',#2810,#2809,#3146,.T.);
#2339=EDGE_CURVE('',#2808,#2810,#3147,.T.);
#2340=EDGE_CURVE('',#2811,#2811,#312,.F.);
#2341=EDGE_CURVE('',#2812,#2812,#313,.F.);
#2342=EDGE_CURVE('',#2813,#2814,#3148,.T.);
#2343=EDGE_CURVE('',#2815,#2813,#3149,.T.);
#2344=EDGE_CURVE('',#2816,#2815,#3150,.T.);
#2345=EDGE_CURVE('',#2814,#2816,#3151,.T.);
#2346=EDGE_CURVE('',#2817,#2817,#314,.F.);
#2347=EDGE_CURVE('',#2818,#2818,#315,.F.);
#2348=EDGE_CURVE('',#2819,#2820,#316,.T.);
#2349=EDGE_CURVE('',#2820,#2819,#317,.T.);
#2350=EDGE_CURVE('',#2821,#2822,#3152,.T.);
#2351=EDGE_CURVE('',#2823,#2821,#3153,.T.);
#2352=EDGE_CURVE('',#2824,#2823,#3154,.T.);
#2353=EDGE_CURVE('',#2822,#2824,#3155,.T.);
#2354=EDGE_CURVE('',#2825,#2826,#3156,.T.);
#2355=EDGE_CURVE('',#2827,#2825,#3157,.T.);
#2356=EDGE_CURVE('',#2828,#2827,#3158,.T.);
#2357=EDGE_CURVE('',#2826,#2828,#3159,.T.);
#2358=EDGE_CURVE('',#2829,#2830,#3160,.T.);
#2359=EDGE_CURVE('',#2831,#2829,#3161,.T.);
#2360=EDGE_CURVE('',#2832,#2831,#3162,.T.);
#2361=EDGE_CURVE('',#2830,#2832,#3163,.T.);
#2362=EDGE_CURVE('',#2833,#2834,#3164,.T.);
#2363=EDGE_CURVE('',#2835,#2833,#3165,.T.);
#2364=EDGE_CURVE('',#2836,#2835,#3166,.T.);
#2365=EDGE_CURVE('',#2834,#2836,#3167,.T.);
#2366=EDGE_CURVE('',#2819,#2783,#3168,.T.);
#2367=EDGE_CURVE('',#2820,#2784,#3169,.T.);
#2368=EDGE_CURVE('',#2814,#2781,#3170,.T.);
#2369=EDGE_CURVE('',#2813,#2780,#3171,.T.);
#2370=EDGE_CURVE('',#2816,#2782,#3172,.T.);
#2371=EDGE_CURVE('',#2815,#2779,#3173,.T.);
#2372=EDGE_CURVE('',#2822,#2777,#3174,.T.);
#2373=EDGE_CURVE('',#2821,#2776,#3175,.T.);
#2374=EDGE_CURVE('',#2824,#2778,#3176,.T.);
#2375=EDGE_CURVE('',#2823,#2775,#3177,.T.);
#2376=EDGE_CURVE('',#2808,#2773,#3178,.T.);
#2377=EDGE_CURVE('',#2807,#2772,#3179,.T.);
#2378=EDGE_CURVE('',#2810,#2774,#3180,.T.);
#2379=EDGE_CURVE('',#2809,#2771,#3181,.T.);
#2380=EDGE_CURVE('',#2826,#2769,#3182,.T.);
#2381=EDGE_CURVE('',#2825,#2768,#3183,.T.);
#2382=EDGE_CURVE('',#2828,#2770,#3184,.T.);
#2383=EDGE_CURVE('',#2827,#2767,#3185,.T.);
#2384=EDGE_CURVE('',#2802,#2765,#3186,.T.);
#2385=EDGE_CURVE('',#2801,#2764,#3187,.T.);
#2386=EDGE_CURVE('',#2804,#2766,#3188,.T.);
#2387=EDGE_CURVE('',#2803,#2763,#3189,.T.);
#2388=EDGE_CURVE('',#2830,#2761,#3190,.T.);
#2389=EDGE_CURVE('',#2829,#2760,#3191,.T.);
#2390=EDGE_CURVE('',#2832,#2762,#3192,.T.);
#2391=EDGE_CURVE('',#2831,#2759,#3193,.T.);
#2392=EDGE_CURVE('',#2797,#2757,#3194,.T.);
#2393=EDGE_CURVE('',#2796,#2756,#3195,.T.);
#2394=EDGE_CURVE('',#2799,#2758,#3196,.T.);
#2395=EDGE_CURVE('',#2798,#2755,#3197,.T.);
#2396=EDGE_CURVE('',#2834,#2753,#3198,.T.);
#2397=EDGE_CURVE('',#2833,#2752,#3199,.T.);
#2398=EDGE_CURVE('',#2836,#2754,#3200,.T.);
#2399=EDGE_CURVE('',#2835,#2751,#3201,.T.);
#2400=EDGE_CURVE('',#2837,#2820,#3202,.T.);
#2401=EDGE_CURVE('',#2838,#2819,#3203,.T.);
#2402=EDGE_CURVE('',#2837,#2838,#318,.T.);
#2403=EDGE_CURVE('',#2839,#2785,#3204,.T.);
#2404=EDGE_CURVE('',#2839,#2840,#3205,.T.);
#2405=EDGE_CURVE('',#2840,#2786,#3206,.T.);
#2406=EDGE_CURVE('',#2839,#2837,#3207,.T.);
#2407=EDGE_CURVE('',#2841,#2841,#319,.T.);
#2408=EDGE_CURVE('',#2842,#2842,#320,.T.);
#2409=EDGE_CURVE('',#2843,#2843,#321,.T.);
#2410=EDGE_CURVE('',#2840,#2838,#3208,.T.);
#2411=EDGE_CURVE('',#2844,#2844,#322,.T.);
#2412=VERTEX_POINT('',#5769);
#2413=VERTEX_POINT('',#5770);
#2414=VERTEX_POINT('',#5776);
#2415=VERTEX_POINT('',#5778);
#2416=VERTEX_POINT('',#5793);
#2417=VERTEX_POINT('',#5794);
#2418=VERTEX_POINT('',#5800);
#2419=VERTEX_POINT('',#5802);
#2420=VERTEX_POINT('',#5817);
#2421=VERTEX_POINT('',#5818);
#2422=VERTEX_POINT('',#5824);
#2423=VERTEX_POINT('',#5826);
#2424=VERTEX_POINT('',#5841);
#2425=VERTEX_POINT('',#5842);
#2426=VERTEX_POINT('',#5848);
#2427=VERTEX_POINT('',#5850);
#2428=VERTEX_POINT('',#5873);
#2429=VERTEX_POINT('',#5874);
#2430=VERTEX_POINT('',#5882);
#2431=VERTEX_POINT('',#5887);
#2432=VERTEX_POINT('',#5889);
#2433=VERTEX_POINT('',#5894);
#2434=VERTEX_POINT('',#5910);
#2435=VERTEX_POINT('',#5911);
#2436=VERTEX_POINT('',#5926);
#2437=VERTEX_POINT('',#5927);
#2438=VERTEX_POINT('',#5933);
#2439=VERTEX_POINT('',#5935);
#2440=VERTEX_POINT('',#5949);
#2441=VERTEX_POINT('',#5950);
#2442=VERTEX_POINT('',#5955);
#2443=VERTEX_POINT('',#5963);
#2444=VERTEX_POINT('',#5973);
#2445=VERTEX_POINT('',#5974);
#2446=VERTEX_POINT('',#5979);
#2447=VERTEX_POINT('',#5987);
#2448=VERTEX_POINT('',#5998);
#2449=VERTEX_POINT('',#5999);
#2450=VERTEX_POINT('',#6005);
#2451=VERTEX_POINT('',#6007);
#2452=VERTEX_POINT('',#6021);
#2453=VERTEX_POINT('',#6022);
#2454=VERTEX_POINT('',#6027);
#2455=VERTEX_POINT('',#6035);
#2456=VERTEX_POINT('',#6045);
#2457=VERTEX_POINT('',#6046);
#2458=VERTEX_POINT('',#6051);
#2459=VERTEX_POINT('',#6059);
#2460=VERTEX_POINT('',#6070);
#2461=VERTEX_POINT('',#6071);
#2462=VERTEX_POINT('',#6077);
#2463=VERTEX_POINT('',#6079);
#2464=VERTEX_POINT('',#6093);
#2465=VERTEX_POINT('',#6094);
#2466=VERTEX_POINT('',#6099);
#2467=VERTEX_POINT('',#6107);
#2468=VERTEX_POINT('',#6117);
#2469=VERTEX_POINT('',#6118);
#2470=VERTEX_POINT('',#6123);
#2471=VERTEX_POINT('',#6131);
#2472=VERTEX_POINT('',#6142);
#2473=VERTEX_POINT('',#6143);
#2474=VERTEX_POINT('',#6149);
#2475=VERTEX_POINT('',#6151);
#2476=VERTEX_POINT('',#6162);
#2477=VERTEX_POINT('',#6170);
#2478=VERTEX_POINT('',#6411);
#2479=VERTEX_POINT('',#6423);
#2480=VERTEX_POINT('',#6425);
#2481=VERTEX_POINT('',#6427);
#2482=VERTEX_POINT('',#6439);
#2483=VERTEX_POINT('',#6451);
#2484=VERTEX_POINT('',#6473);
#2485=VERTEX_POINT('',#6500);
#2486=VERTEX_POINT('',#6527);
#2487=VERTEX_POINT('',#6554);
#2488=VERTEX_POINT('',#6581);
#2489=VERTEX_POINT('',#6608);
#2490=VERTEX_POINT('',#6651);
#2491=VERTEX_POINT('',#6654);
#2492=VERTEX_POINT('',#6657);
#2493=VERTEX_POINT('',#6660);
#2494=VERTEX_POINT('',#6663);
#2495=VERTEX_POINT('',#6664);
#2496=VERTEX_POINT('',#6666);
#2497=VERTEX_POINT('',#6668);
#2498=VERTEX_POINT('',#6672);
#2499=VERTEX_POINT('',#6673);
#2500=VERTEX_POINT('',#6675);
#2501=VERTEX_POINT('',#6677);
#2502=VERTEX_POINT('',#6681);
#2503=VERTEX_POINT('',#6682);
#2504=VERTEX_POINT('',#6684);
#2505=VERTEX_POINT('',#6686);
#2506=VERTEX_POINT('',#6690);
#2507=VERTEX_POINT('',#6691);
#2508=VERTEX_POINT('',#6693);
#2509=VERTEX_POINT('',#6695);
#2510=VERTEX_POINT('',#6699);
#2511=VERTEX_POINT('',#6700);
#2512=VERTEX_POINT('',#6702);
#2513=VERTEX_POINT('',#6704);
#2514=VERTEX_POINT('',#6708);
#2515=VERTEX_POINT('',#6709);
#2516=VERTEX_POINT('',#6711);
#2517=VERTEX_POINT('',#6713);
#2518=VERTEX_POINT('',#6717);
#2519=VERTEX_POINT('',#6718);
#2520=VERTEX_POINT('',#6720);
#2521=VERTEX_POINT('',#6722);
#2522=VERTEX_POINT('',#6726);
#2523=VERTEX_POINT('',#6727);
#2524=VERTEX_POINT('',#6729);
#2525=VERTEX_POINT('',#6731);
#2526=VERTEX_POINT('',#6735);
#2527=VERTEX_POINT('',#6738);
#2528=VERTEX_POINT('',#6741);
#2529=VERTEX_POINT('',#6744);
#2530=VERTEX_POINT('',#6747);
#2531=VERTEX_POINT('',#6753);
#2532=VERTEX_POINT('',#6754);
#2533=VERTEX_POINT('',#6763);
#2534=VERTEX_POINT('',#6768);
#2535=VERTEX_POINT('',#6777);
#2536=VERTEX_POINT('',#6782);
#2537=VERTEX_POINT('',#6791);
#2538=VERTEX_POINT('',#6796);
#2539=VERTEX_POINT('',#6805);
#2540=VERTEX_POINT('',#6810);
#2541=VERTEX_POINT('',#6819);
#2542=VERTEX_POINT('',#6824);
#2543=VERTEX_POINT('',#6833);
#2544=VERTEX_POINT('',#6838);
#2545=VERTEX_POINT('',#6847);
#2546=VERTEX_POINT('',#6852);
#2547=VERTEX_POINT('',#6866);
#2548=VERTEX_POINT('',#6868);
#2549=VERTEX_POINT('',#6879);
#2550=VERTEX_POINT('',#6881);
#2551=VERTEX_POINT('',#6889);
#2552=VERTEX_POINT('',#6890);
#2553=VERTEX_POINT('',#6911);
#2554=VERTEX_POINT('',#6912);
#2555=VERTEX_POINT('',#6939);
#2556=VERTEX_POINT('',#6944);
#2557=VERTEX_POINT('',#6963);
#2558=VERTEX_POINT('',#6968);
#2559=VERTEX_POINT('',#6975);
#2560=VERTEX_POINT('',#6977);
#2561=VERTEX_POINT('',#6988);
#2562=VERTEX_POINT('',#6990);
#2563=VERTEX_POINT('',#6998);
#2564=VERTEX_POINT('',#6999);
#2565=VERTEX_POINT('',#7020);
#2566=VERTEX_POINT('',#7021);
#2567=VERTEX_POINT('',#7048);
#2568=VERTEX_POINT('',#7053);
#2569=VERTEX_POINT('',#7072);
#2570=VERTEX_POINT('',#7077);
#2571=VERTEX_POINT('',#7084);
#2572=VERTEX_POINT('',#7086);
#2573=VERTEX_POINT('',#7097);
#2574=VERTEX_POINT('',#7099);
#2575=VERTEX_POINT('',#7107);
#2576=VERTEX_POINT('',#7108);
#2577=VERTEX_POINT('',#7129);
#2578=VERTEX_POINT('',#7130);
#2579=VERTEX_POINT('',#7157);
#2580=VERTEX_POINT('',#7162);
#2581=VERTEX_POINT('',#7181);
#2582=VERTEX_POINT('',#7186);
#2583=VERTEX_POINT('',#7193);
#2584=VERTEX_POINT('',#7195);
#2585=VERTEX_POINT('',#7206);
#2586=VERTEX_POINT('',#7208);
#2587=VERTEX_POINT('',#7216);
#2588=VERTEX_POINT('',#7217);
#2589=VERTEX_POINT('',#7253);
#2590=VERTEX_POINT('',#7258);
#2591=VERTEX_POINT('',#7262);
#2592=VERTEX_POINT('',#7263);
#2593=VERTEX_POINT('',#7290);
#2594=VERTEX_POINT('',#7295);
#2595=VERTEX_POINT('',#7335);
#2596=VERTEX_POINT('',#7337);
#2597=VERTEX_POINT('',#7339);
#2598=VERTEX_POINT('',#7341);
#2599=VERTEX_POINT('',#7343);
#2600=VERTEX_POINT('',#7345);
#2601=VERTEX_POINT('',#7349);
#2602=VERTEX_POINT('',#7351);
#2603=VERTEX_POINT('',#7353);
#2604=VERTEX_POINT('',#7355);
#2605=VERTEX_POINT('',#7357);
#2606=VERTEX_POINT('',#7359);
#2607=VERTEX_POINT('',#7363);
#2608=VERTEX_POINT('',#7365);
#2609=VERTEX_POINT('',#7367);
#2610=VERTEX_POINT('',#7369);
#2611=VERTEX_POINT('',#7371);
#2612=VERTEX_POINT('',#7373);
#2613=VERTEX_POINT('',#7377);
#2614=VERTEX_POINT('',#7379);
#2615=VERTEX_POINT('',#7381);
#2616=VERTEX_POINT('',#7383);
#2617=VERTEX_POINT('',#7385);
#2618=VERTEX_POINT('',#7387);
#2619=VERTEX_POINT('',#7391);
#2620=VERTEX_POINT('',#7392);
#2621=VERTEX_POINT('',#7394);
#2622=VERTEX_POINT('',#7396);
#2623=VERTEX_POINT('',#7398);
#2624=VERTEX_POINT('',#7400);
#2625=VERTEX_POINT('',#7402);
#2626=VERTEX_POINT('',#7404);
#2627=VERTEX_POINT('',#7406);
#2628=VERTEX_POINT('',#7408);
#2629=VERTEX_POINT('',#7410);
#2630=VERTEX_POINT('',#7412);
#2631=VERTEX_POINT('',#7414);
#2632=VERTEX_POINT('',#7416);
#2633=VERTEX_POINT('',#7418);
#2634=VERTEX_POINT('',#7420);
#2635=VERTEX_POINT('',#7422);
#2636=VERTEX_POINT('',#7424);
#2637=VERTEX_POINT('',#7426);
#2638=VERTEX_POINT('',#7428);
#2639=VERTEX_POINT('',#7430);
#2640=VERTEX_POINT('',#7432);
#2641=VERTEX_POINT('',#7434);
#2642=VERTEX_POINT('',#7436);
#2643=VERTEX_POINT('',#7438);
#2644=VERTEX_POINT('',#7440);
#2645=VERTEX_POINT('',#7442);
#2646=VERTEX_POINT('',#7444);
#2647=VERTEX_POINT('',#7446);
#2648=VERTEX_POINT('',#7448);
#2649=VERTEX_POINT('',#7450);
#2650=VERTEX_POINT('',#7452);
#2651=VERTEX_POINT('',#7455);
#2652=VERTEX_POINT('',#7456);
#2653=VERTEX_POINT('',#7458);
#2654=VERTEX_POINT('',#7460);
#2655=VERTEX_POINT('',#7462);
#2656=VERTEX_POINT('',#7464);
#2657=VERTEX_POINT('',#7466);
#2658=VERTEX_POINT('',#7468);
#2659=VERTEX_POINT('',#7470);
#2660=VERTEX_POINT('',#7472);
#2661=VERTEX_POINT('',#7474);
#2662=VERTEX_POINT('',#7476);
#2663=VERTEX_POINT('',#7478);
#2664=VERTEX_POINT('',#7480);
#2665=VERTEX_POINT('',#7482);
#2666=VERTEX_POINT('',#7484);
#2667=VERTEX_POINT('',#7486);
#2668=VERTEX_POINT('',#7488);
#2669=VERTEX_POINT('',#7490);
#2670=VERTEX_POINT('',#7492);
#2671=VERTEX_POINT('',#7494);
#2672=VERTEX_POINT('',#7496);
#2673=VERTEX_POINT('',#7498);
#2674=VERTEX_POINT('',#7500);
#2675=VERTEX_POINT('',#7502);
#2676=VERTEX_POINT('',#7504);
#2677=VERTEX_POINT('',#7506);
#2678=VERTEX_POINT('',#7508);
#2679=VERTEX_POINT('',#7510);
#2680=VERTEX_POINT('',#7512);
#2681=VERTEX_POINT('',#7514);
#2682=VERTEX_POINT('',#7516);
#2683=VERTEX_POINT('',#7520);
#2684=VERTEX_POINT('',#7522);
#2685=VERTEX_POINT('',#7524);
#2686=VERTEX_POINT('',#7526);
#2687=VERTEX_POINT('',#7530);
#2688=VERTEX_POINT('',#7532);
#2689=VERTEX_POINT('',#7534);
#2690=VERTEX_POINT('',#7536);
#2691=VERTEX_POINT('',#7540);
#2692=VERTEX_POINT('',#7542);
#2693=VERTEX_POINT('',#7544);
#2694=VERTEX_POINT('',#7546);
#2695=VERTEX_POINT('',#7550);
#2696=VERTEX_POINT('',#7552);
#2697=VERTEX_POINT('',#7554);
#2698=VERTEX_POINT('',#7556);
#2699=VERTEX_POINT('',#7640);
#2700=VERTEX_POINT('',#7641);
#2701=VERTEX_POINT('',#7654);
#2702=VERTEX_POINT('',#7664);
#2703=VERTEX_POINT('',#7666);
#2704=VERTEX_POINT('',#7668);
#2705=VERTEX_POINT('',#7689);
#2706=VERTEX_POINT('',#7690);
#2707=VERTEX_POINT('',#7703);
#2708=VERTEX_POINT('',#7713);
#2709=VERTEX_POINT('',#7715);
#2710=VERTEX_POINT('',#7717);
#2711=VERTEX_POINT('',#7763);
#2712=VERTEX_POINT('',#7764);
#2713=VERTEX_POINT('',#7777);
#2714=VERTEX_POINT('',#7787);
#2715=VERTEX_POINT('',#7789);
#2716=VERTEX_POINT('',#7791);
#2717=VERTEX_POINT('',#7837);
#2718=VERTEX_POINT('',#7838);
#2719=VERTEX_POINT('',#7851);
#2720=VERTEX_POINT('',#7861);
#2721=VERTEX_POINT('',#7863);
#2722=VERTEX_POINT('',#7865);
#2723=VERTEX_POINT('',#7911);
#2724=VERTEX_POINT('',#7912);
#2725=VERTEX_POINT('',#7925);
#2726=VERTEX_POINT('',#7935);
#2727=VERTEX_POINT('',#7937);
#2728=VERTEX_POINT('',#7939);
#2729=VERTEX_POINT('',#7985);
#2730=VERTEX_POINT('',#7986);
#2731=VERTEX_POINT('',#7999);
#2732=VERTEX_POINT('',#8009);
#2733=VERTEX_POINT('',#8011);
#2734=VERTEX_POINT('',#8013);
#2735=VERTEX_POINT('',#8059);
#2736=VERTEX_POINT('',#8060);
#2737=VERTEX_POINT('',#8073);
#2738=VERTEX_POINT('',#8083);
#2739=VERTEX_POINT('',#8085);
#2740=VERTEX_POINT('',#8087);
#2741=VERTEX_POINT('',#8133);
#2742=VERTEX_POINT('',#8134);
#2743=VERTEX_POINT('',#8147);
#2744=VERTEX_POINT('',#8157);
#2745=VERTEX_POINT('',#8159);
#2746=VERTEX_POINT('',#8161);
#2747=VERTEX_POINT('',#8232);
#2748=VERTEX_POINT('',#8234);
#2749=VERTEX_POINT('',#8236);
#2750=VERTEX_POINT('',#8238);
#2751=VERTEX_POINT('',#8240);
#2752=VERTEX_POINT('',#8241);
#2753=VERTEX_POINT('',#8243);
#2754=VERTEX_POINT('',#8245);
#2755=VERTEX_POINT('',#8248);
#2756=VERTEX_POINT('',#8249);
#2757=VERTEX_POINT('',#8251);
#2758=VERTEX_POINT('',#8253);
#2759=VERTEX_POINT('',#8256);
#2760=VERTEX_POINT('',#8257);
#2761=VERTEX_POINT('',#8259);
#2762=VERTEX_POINT('',#8261);
#2763=VERTEX_POINT('',#8264);
#2764=VERTEX_POINT('',#8265);
#2765=VERTEX_POINT('',#8267);
#2766=VERTEX_POINT('',#8269);
#2767=VERTEX_POINT('',#8272);
#2768=VERTEX_POINT('',#8273);
#2769=VERTEX_POINT('',#8275);
#2770=VERTEX_POINT('',#8277);
#2771=VERTEX_POINT('',#8280);
#2772=VERTEX_POINT('',#8281);
#2773=VERTEX_POINT('',#8283);
#2774=VERTEX_POINT('',#8285);
#2775=VERTEX_POINT('',#8288);
#2776=VERTEX_POINT('',#8289);
#2777=VERTEX_POINT('',#8291);
#2778=VERTEX_POINT('',#8293);
#2779=VERTEX_POINT('',#8296);
#2780=VERTEX_POINT('',#8297);
#2781=VERTEX_POINT('',#8299);
#2782=VERTEX_POINT('',#8301);
#2783=VERTEX_POINT('',#8304);
#2784=VERTEX_POINT('',#8305);
#2785=VERTEX_POINT('',#8307);
#2786=VERTEX_POINT('',#8309);
#2787=VERTEX_POINT('',#8312);
#2788=VERTEX_POINT('',#8314);
#2789=VERTEX_POINT('',#8316);
#2790=VERTEX_POINT('',#8318);
#2791=VERTEX_POINT('',#8320);
#2792=VERTEX_POINT('',#8322);
#2793=VERTEX_POINT('',#8324);
#2794=VERTEX_POINT('',#8326);
#2795=VERTEX_POINT('',#8344);
#2796=VERTEX_POINT('',#8346);
#2797=VERTEX_POINT('',#8347);
#2798=VERTEX_POINT('',#8349);
#2799=VERTEX_POINT('',#8351);
#2800=VERTEX_POINT('',#8354);
#2801=VERTEX_POINT('',#8356);
#2802=VERTEX_POINT('',#8357);
#2803=VERTEX_POINT('',#8359);
#2804=VERTEX_POINT('',#8361);
#2805=VERTEX_POINT('',#8364);
#2806=VERTEX_POINT('',#8366);
#2807=VERTEX_POINT('',#8368);
#2808=VERTEX_POINT('',#8369);
#2809=VERTEX_POINT('',#8371);
#2810=VERTEX_POINT('',#8373);
#2811=VERTEX_POINT('',#8376);
#2812=VERTEX_POINT('',#8378);
#2813=VERTEX_POINT('',#8380);
#2814=VERTEX_POINT('',#8381);
#2815=VERTEX_POINT('',#8383);
#2816=VERTEX_POINT('',#8385);
#2817=VERTEX_POINT('',#8388);
#2818=VERTEX_POINT('',#8390);
#2819=VERTEX_POINT('',#8392);
#2820=VERTEX_POINT('',#8393);
#2821=VERTEX_POINT('',#8396);
#2822=VERTEX_POINT('',#8397);
#2823=VERTEX_POINT('',#8399);
#2824=VERTEX_POINT('',#8401);
#2825=VERTEX_POINT('',#8404);
#2826=VERTEX_POINT('',#8405);
#2827=VERTEX_POINT('',#8407);
#2828=VERTEX_POINT('',#8409);
#2829=VERTEX_POINT('',#8412);
#2830=VERTEX_POINT('',#8413);
#2831=VERTEX_POINT('',#8415);
#2832=VERTEX_POINT('',#8417);
#2833=VERTEX_POINT('',#8420);
#2834=VERTEX_POINT('',#8421);
#2835=VERTEX_POINT('',#8423);
#2836=VERTEX_POINT('',#8425);
#2837=VERTEX_POINT('',#8505);
#2838=VERTEX_POINT('',#8507);
#2839=VERTEX_POINT('',#8511);
#2840=VERTEX_POINT('',#8513);
#2841=VERTEX_POINT('',#8519);
#2842=VERTEX_POINT('',#8522);
#2843=VERTEX_POINT('',#8525);
#2844=VERTEX_POINT('',#8530);
#2845=LINE('',#5768,#3209);
#2846=LINE('',#5777,#3210);
#2847=LINE('',#5792,#3211);
#2848=LINE('',#5801,#3212);
#2849=LINE('',#5816,#3213);
#2850=LINE('',#5825,#3214);
#2851=LINE('',#5840,#3215);
#2852=LINE('',#5849,#3216);
#2853=LINE('',#5912,#3217);
#2854=LINE('',#5913,#3218);
#2855=LINE('',#5915,#3219);
#2856=LINE('',#5916,#3220);
#2857=LINE('',#5925,#3221);
#2858=LINE('',#5934,#3222);
#2859=LINE('',#5951,#3223);
#2860=LINE('',#5952,#3224);
#2861=LINE('',#5954,#3225);
#2862=LINE('',#5964,#3226);
#2863=LINE('',#5975,#3227);
#2864=LINE('',#5976,#3228);
#2865=LINE('',#5978,#3229);
#2866=LINE('',#5988,#3230);
#2867=LINE('',#5997,#3231);
#2868=LINE('',#6006,#3232);
#2869=LINE('',#6023,#3233);
#2870=LINE('',#6024,#3234);
#2871=LINE('',#6026,#3235);
#2872=LINE('',#6036,#3236);
#2873=LINE('',#6047,#3237);
#2874=LINE('',#6048,#3238);
#2875=LINE('',#6050,#3239);
#2876=LINE('',#6060,#3240);
#2877=LINE('',#6069,#3241);
#2878=LINE('',#6078,#3242);
#2879=LINE('',#6095,#3243);
#2880=LINE('',#6096,#3244);
#2881=LINE('',#6098,#3245);
#2882=LINE('',#6108,#3246);
#2883=LINE('',#6119,#3247);
#2884=LINE('',#6120,#3248);
#2885=LINE('',#6122,#3249);
#2886=LINE('',#6132,#3250);
#2887=LINE('',#6141,#3251);
#2888=LINE('',#6150,#3252);
#2889=LINE('',#6158,#3253);
#2890=LINE('',#6159,#3254);
#2891=LINE('',#6161,#3255);
#2892=LINE('',#6171,#3256);
#2893=LINE('',#6662,#3257);
#2894=LINE('',#6667,#3258);
#2895=LINE('',#6671,#3259);
#2896=LINE('',#6676,#3260);
#2897=LINE('',#6680,#3261);
#2898=LINE('',#6685,#3262);
#2899=LINE('',#6689,#3263);
#2900=LINE('',#6694,#3264);
#2901=LINE('',#6698,#3265);
#2902=LINE('',#6703,#3266);
#2903=LINE('',#6707,#3267);
#2904=LINE('',#6712,#3268);
#2905=LINE('',#6716,#3269);
#2906=LINE('',#6721,#3270);
#2907=LINE('',#6725,#3271);
#2908=LINE('',#6730,#3272);
#2909=LINE('',#6867,#3273);
#2910=LINE('',#6880,#3274);
#2911=LINE('',#6888,#3275);
#2912=LINE('',#6908,#3276);
#2913=LINE('',#6910,#3277);
#2914=LINE('',#6976,#3278);
#2915=LINE('',#6989,#3279);
#2916=LINE('',#6997,#3280);
#2917=LINE('',#7017,#3281);
#2918=LINE('',#7019,#3282);
#2919=LINE('',#7085,#3283);
#2920=LINE('',#7098,#3284);
#2921=LINE('',#7106,#3285);
#2922=LINE('',#7126,#3286);
#2923=LINE('',#7128,#3287);
#2924=LINE('',#7194,#3288);
#2925=LINE('',#7207,#3289);
#2926=LINE('',#7215,#3290);
#2927=LINE('',#7235,#3291);
#2928=LINE('',#7261,#3292);
#2929=LINE('',#7305,#3293);
#2930=LINE('',#7314,#3294);
#2931=LINE('',#7323,#3295);
#2932=LINE('',#7332,#3296);
#2933=LINE('',#7334,#3297);
#2934=LINE('',#7338,#3298);
#2935=LINE('',#7340,#3299);
#2936=LINE('',#7342,#3300);
#2937=LINE('',#7346,#3301);
#2938=LINE('',#7348,#3302);
#2939=LINE('',#7352,#3303);
#2940=LINE('',#7354,#3304);
#2941=LINE('',#7356,#3305);
#2942=LINE('',#7360,#3306);
#2943=LINE('',#7362,#3307);
#2944=LINE('',#7366,#3308);
#2945=LINE('',#7368,#3309);
#2946=LINE('',#7370,#3310);
#2947=LINE('',#7374,#3311);
#2948=LINE('',#7376,#3312);
#2949=LINE('',#7380,#3313);
#2950=LINE('',#7382,#3314);
#2951=LINE('',#7384,#3315);
#2952=LINE('',#7388,#3316);
#2953=LINE('',#7393,#3317);
#2954=LINE('',#7395,#3318);
#2955=LINE('',#7397,#3319);
#2956=LINE('',#7401,#3320);
#2957=LINE('',#7403,#3321);
#2958=LINE('',#7405,#3322);
#2959=LINE('',#7409,#3323);
#2960=LINE('',#7411,#3324);
#2961=LINE('',#7413,#3325);
#2962=LINE('',#7417,#3326);
#2963=LINE('',#7419,#3327);
#2964=LINE('',#7421,#3328);
#2965=LINE('',#7425,#3329);
#2966=LINE('',#7427,#3330);
#2967=LINE('',#7429,#3331);
#2968=LINE('',#7433,#3332);
#2969=LINE('',#7435,#3333);
#2970=LINE('',#7437,#3334);
#2971=LINE('',#7441,#3335);
#2972=LINE('',#7443,#3336);
#2973=LINE('',#7445,#3337);
#2974=LINE('',#7449,#3338);
#2975=LINE('',#7451,#3339);
#2976=LINE('',#7453,#3340);
#2977=LINE('',#7454,#3341);
#2978=LINE('',#7459,#3342);
#2979=LINE('',#7461,#3343);
#2980=LINE('',#7463,#3344);
#2981=LINE('',#7467,#3345);
#2982=LINE('',#7469,#3346);
#2983=LINE('',#7471,#3347);
#2984=LINE('',#7475,#3348);
#2985=LINE('',#7477,#3349);
#2986=LINE('',#7479,#3350);
#2987=LINE('',#7483,#3351);
#2988=LINE('',#7485,#3352);
#2989=LINE('',#7487,#3353);
#2990=LINE('',#7491,#3354);
#2991=LINE('',#7493,#3355);
#2992=LINE('',#7495,#3356);
#2993=LINE('',#7499,#3357);
#2994=LINE('',#7501,#3358);
#2995=LINE('',#7503,#3359);
#2996=LINE('',#7507,#3360);
#2997=LINE('',#7509,#3361);
#2998=LINE('',#7511,#3362);
#2999=LINE('',#7515,#3363);
#3000=LINE('',#7517,#3364);
#3001=LINE('',#7519,#3365);
#3002=LINE('',#7521,#3366);
#3003=LINE('',#7523,#3367);
#3004=LINE('',#7525,#3368);
#3005=LINE('',#7527,#3369);
#3006=LINE('',#7529,#3370);
#3007=LINE('',#7531,#3371);
#3008=LINE('',#7533,#3372);
#3009=LINE('',#7535,#3373);
#3010=LINE('',#7537,#3374);
#3011=LINE('',#7539,#3375);
#3012=LINE('',#7541,#3376);
#3013=LINE('',#7543,#3377);
#3014=LINE('',#7545,#3378);
#3015=LINE('',#7547,#3379);
#3016=LINE('',#7549,#3380);
#3017=LINE('',#7551,#3381);
#3018=LINE('',#7553,#3382);
#3019=LINE('',#7555,#3383);
#3020=LINE('',#7557,#3384);
#3021=LINE('',#7559,#3385);
#3022=LINE('',#7560,#3386);
#3023=LINE('',#7562,#3387);
#3024=LINE('',#7563,#3388);
#3025=LINE('',#7565,#3389);
#3026=LINE('',#7566,#3390);
#3027=LINE('',#7568,#3391);
#3028=LINE('',#7569,#3392);
#3029=LINE('',#7571,#3393);
#3030=LINE('',#7572,#3394);
#3031=LINE('',#7574,#3395);
#3032=LINE('',#7575,#3396);
#3033=LINE('',#7577,#3397);
#3034=LINE('',#7578,#3398);
#3035=LINE('',#7580,#3399);
#3036=LINE('',#7581,#3400);
#3037=LINE('',#7583,#3401);
#3038=LINE('',#7585,#3402);
#3039=LINE('',#7588,#3403);
#3040=LINE('',#7589,#3404);
#3041=LINE('',#7591,#3405);
#3042=LINE('',#7593,#3406);
#3043=LINE('',#7595,#3407);
#3044=LINE('',#7597,#3408);
#3045=LINE('',#7600,#3409);
#3046=LINE('',#7601,#3410);
#3047=LINE('',#7603,#3411);
#3048=LINE('',#7605,#3412);
#3049=LINE('',#7607,#3413);
#3050=LINE('',#7609,#3414);
#3051=LINE('',#7612,#3415);
#3052=LINE('',#7613,#3416);
#3053=LINE('',#7615,#3417);
#3054=LINE('',#7617,#3418);
#3055=LINE('',#7619,#3419);
#3056=LINE('',#7621,#3420);
#3057=LINE('',#7624,#3421);
#3058=LINE('',#7625,#3422);
#3059=LINE('',#7627,#3423);
#3060=LINE('',#7629,#3424);
#3061=LINE('',#7639,#3425);
#3062=LINE('',#7655,#3426);
#3063=LINE('',#7665,#3427);
#3064=LINE('',#7667,#3428);
#3065=LINE('',#7686,#3429);
#3066=LINE('',#7688,#3430);
#3067=LINE('',#7704,#3431);
#3068=LINE('',#7714,#3432);
#3069=LINE('',#7716,#3433);
#3070=LINE('',#7735,#3434);
#3071=LINE('',#7762,#3435);
#3072=LINE('',#7778,#3436);
#3073=LINE('',#7788,#3437);
#3074=LINE('',#7790,#3438);
#3075=LINE('',#7809,#3439);
#3076=LINE('',#7836,#3440);
#3077=LINE('',#7852,#3441);
#3078=LINE('',#7862,#3442);
#3079=LINE('',#7864,#3443);
#3080=LINE('',#7883,#3444);
#3081=LINE('',#7910,#3445);
#3082=LINE('',#7926,#3446);
#3083=LINE('',#7936,#3447);
#3084=LINE('',#7938,#3448);
#3085=LINE('',#7957,#3449);
#3086=LINE('',#7984,#3450);
#3087=LINE('',#8000,#3451);
#3088=LINE('',#8010,#3452);
#3089=LINE('',#8012,#3453);
#3090=LINE('',#8031,#3454);
#3091=LINE('',#8058,#3455);
#3092=LINE('',#8074,#3456);
#3093=LINE('',#8084,#3457);
#3094=LINE('',#8086,#3458);
#3095=LINE('',#8105,#3459);
#3096=LINE('',#8132,#3460);
#3097=LINE('',#8148,#3461);
#3098=LINE('',#8158,#3462);
#3099=LINE('',#8160,#3463);
#3100=LINE('',#8179,#3464);
#3101=LINE('',#8239,#3465);
#3102=LINE('',#8242,#3466);
#3103=LINE('',#8244,#3467);
#3104=LINE('',#8246,#3468);
#3105=LINE('',#8247,#3469);
#3106=LINE('',#8250,#3470);
#3107=LINE('',#8252,#3471);
#3108=LINE('',#8254,#3472);
#3109=LINE('',#8255,#3473);
#3110=LINE('',#8258,#3474);
#3111=LINE('',#8260,#3475);
#3112=LINE('',#8262,#3476);
#3113=LINE('',#8263,#3477);
#3114=LINE('',#8266,#3478);
#3115=LINE('',#8268,#3479);
#3116=LINE('',#8270,#3480);
#3117=LINE('',#8271,#3481);
#3118=LINE('',#8274,#3482);
#3119=LINE('',#8276,#3483);
#3120=LINE('',#8278,#3484);
#3121=LINE('',#8279,#3485);
#3122=LINE('',#8282,#3486);
#3123=LINE('',#8284,#3487);
#3124=LINE('',#8286,#3488);
#3125=LINE('',#8287,#3489);
#3126=LINE('',#8290,#3490);
#3127=LINE('',#8292,#3491);
#3128=LINE('',#8294,#3492);
#3129=LINE('',#8295,#3493);
#3130=LINE('',#8298,#3494);
#3131=LINE('',#8300,#3495);
#3132=LINE('',#8302,#3496);
#3133=LINE('',#8306,#3497);
#3134=LINE('',#8308,#3498);
#3135=LINE('',#8310,#3499);
#3136=LINE('',#8345,#3500);
#3137=LINE('',#8348,#3501);
#3138=LINE('',#8350,#3502);
#3139=LINE('',#8352,#3503);
#3140=LINE('',#8355,#3504);
#3141=LINE('',#8358,#3505);
#3142=LINE('',#8360,#3506);
#3143=LINE('',#8362,#3507);
#3144=LINE('',#8367,#3508);
#3145=LINE('',#8370,#3509);
#3146=LINE('',#8372,#3510);
#3147=LINE('',#8374,#3511);
#3148=LINE('',#8379,#3512);
#3149=LINE('',#8382,#3513);
#3150=LINE('',#8384,#3514);
#3151=LINE('',#8386,#3515);
#3152=LINE('',#8395,#3516);
#3153=LINE('',#8398,#3517);
#3154=LINE('',#8400,#3518);
#3155=LINE('',#8402,#3519);
#3156=LINE('',#8403,#3520);
#3157=LINE('',#8406,#3521);
#3158=LINE('',#8408,#3522);
#3159=LINE('',#8410,#3523);
#3160=LINE('',#8411,#3524);
#3161=LINE('',#8414,#3525);
#3162=LINE('',#8416,#3526);
#3163=LINE('',#8418,#3527);
#3164=LINE('',#8419,#3528);
#3165=LINE('',#8422,#3529);
#3166=LINE('',#8424,#3530);
#3167=LINE('',#8426,#3531);
#3168=LINE('',#8428,#3532);
#3169=LINE('',#8429,#3533);
#3170=LINE('',#8434,#3534);
#3171=LINE('',#8435,#3535);
#3172=LINE('',#8437,#3536);
#3173=LINE('',#8439,#3537);
#3174=LINE('',#8442,#3538);
#3175=LINE('',#8443,#3539);
#3176=LINE('',#8445,#3540);
#3177=LINE('',#8447,#3541);
#3178=LINE('',#8452,#3542);
#3179=LINE('',#8453,#3543);
#3180=LINE('',#8455,#3544);
#3181=LINE('',#8457,#3545);
#3182=LINE('',#8460,#3546);
#3183=LINE('',#8461,#3547);
#3184=LINE('',#8463,#3548);
#3185=LINE('',#8465,#3549);
#3186=LINE('',#8470,#3550);
#3187=LINE('',#8471,#3551);
#3188=LINE('',#8473,#3552);
#3189=LINE('',#8475,#3553);
#3190=LINE('',#8478,#3554);
#3191=LINE('',#8479,#3555);
#3192=LINE('',#8481,#3556);
#3193=LINE('',#8483,#3557);
#3194=LINE('',#8487,#3558);
#3195=LINE('',#8488,#3559);
#3196=LINE('',#8490,#3560);
#3197=LINE('',#8492,#3561);
#3198=LINE('',#8495,#3562);
#3199=LINE('',#8496,#3563);
#3200=LINE('',#8498,#3564);
#3201=LINE('',#8500,#3565);
#3202=LINE('',#8504,#3566);
#3203=LINE('',#8506,#3567);
#3204=LINE('',#8510,#3568);
#3205=LINE('',#8512,#3569);
#3206=LINE('',#8514,#3570);
#3207=LINE('',#8516,#3571);
#3208=LINE('',#8527,#3572);
#3209=VECTOR('',#4773,1.);
#3210=VECTOR('',#4774,1.);
#3211=VECTOR('',#4775,1.);
#3212=VECTOR('',#4776,1.);
#3213=VECTOR('',#4777,1.);
#3214=VECTOR('',#4778,1.);
#3215=VECTOR('',#4779,1.);
#3216=VECTOR('',#4780,1.);
#3217=VECTOR('',#4787,1.);
#3218=VECTOR('',#4788,1.);
#3219=VECTOR('',#4791,1.);
#3220=VECTOR('',#4792,1.);
#3221=VECTOR('',#4793,1.);
#3222=VECTOR('',#4794,1.);
#3223=VECTOR('',#4797,1.);
#3224=VECTOR('',#4798,1.);
#3225=VECTOR('',#4801,1.);
#3226=VECTOR('',#4802,1.);
#3227=VECTOR('',#4805,1.);
#3228=VECTOR('',#4806,1.);
#3229=VECTOR('',#4809,1.);
#3230=VECTOR('',#4810,1.);
#3231=VECTOR('',#4811,1.);
#3232=VECTOR('',#4812,1.);
#3233=VECTOR('',#4815,1.);
#3234=VECTOR('',#4816,1.);
#3235=VECTOR('',#4819,1.);
#3236=VECTOR('',#4820,1.);
#3237=VECTOR('',#4823,1.);
#3238=VECTOR('',#4824,1.);
#3239=VECTOR('',#4827,1.);
#3240=VECTOR('',#4828,1.);
#3241=VECTOR('',#4829,1.);
#3242=VECTOR('',#4830,1.);
#3243=VECTOR('',#4833,1.);
#3244=VECTOR('',#4834,1.);
#3245=VECTOR('',#4837,1.);
#3246=VECTOR('',#4838,1.);
#3247=VECTOR('',#4841,1.);
#3248=VECTOR('',#4842,1.);
#3249=VECTOR('',#4845,1.);
#3250=VECTOR('',#4846,1.);
#3251=VECTOR('',#4847,1.);
#3252=VECTOR('',#4848,1.);
#3253=VECTOR('',#4851,1.);
#3254=VECTOR('',#4852,1.);
#3255=VECTOR('',#4855,1.);
#3256=VECTOR('',#4856,1.);
#3257=VECTOR('',#4925,1.);
#3258=VECTOR('',#4928,1.);
#3259=VECTOR('',#4933,1.);
#3260=VECTOR('',#4936,1.);
#3261=VECTOR('',#4941,1.);
#3262=VECTOR('',#4944,1.);
#3263=VECTOR('',#4949,1.);
#3264=VECTOR('',#4952,1.);
#3265=VECTOR('',#4957,1.);
#3266=VECTOR('',#4960,1.);
#3267=VECTOR('',#4965,1.);
#3268=VECTOR('',#4968,1.);
#3269=VECTOR('',#4973,1.);
#3270=VECTOR('',#4976,1.);
#3271=VECTOR('',#4981,1.);
#3272=VECTOR('',#4984,1.);
#3273=VECTOR('',#5011,1.);
#3274=VECTOR('',#5014,1.);
#3275=VECTOR('',#5017,1.);
#3276=VECTOR('',#5018,1.);
#3277=VECTOR('',#5021,1.);
#3278=VECTOR('',#5032,1.);
#3279=VECTOR('',#5035,1.);
#3280=VECTOR('',#5038,1.);
#3281=VECTOR('',#5039,1.);
#3282=VECTOR('',#5042,1.);
#3283=VECTOR('',#5053,1.);
#3284=VECTOR('',#5056,1.);
#3285=VECTOR('',#5059,1.);
#3286=VECTOR('',#5060,1.);
#3287=VECTOR('',#5063,1.);
#3288=VECTOR('',#5074,1.);
#3289=VECTOR('',#5077,1.);
#3290=VECTOR('',#5080,1.);
#3291=VECTOR('',#5081,1.);
#3292=VECTOR('',#5088,1.);
#3293=VECTOR('',#5093,1.);
#3294=VECTOR('',#5094,1.);
#3295=VECTOR('',#5095,1.);
#3296=VECTOR('',#5096,1.);
#3297=VECTOR('',#5099,1.);
#3298=VECTOR('',#5102,1.);
#3299=VECTOR('',#5103,1.);
#3300=VECTOR('',#5104,1.);
#3301=VECTOR('',#5107,1.);
#3302=VECTOR('',#5110,1.);
#3303=VECTOR('',#5113,1.);
#3304=VECTOR('',#5114,1.);
#3305=VECTOR('',#5115,1.);
#3306=VECTOR('',#5118,1.);
#3307=VECTOR('',#5121,1.);
#3308=VECTOR('',#5124,1.);
#3309=VECTOR('',#5125,1.);
#3310=VECTOR('',#5126,1.);
#3311=VECTOR('',#5129,1.);
#3312=VECTOR('',#5132,1.);
#3313=VECTOR('',#5135,1.);
#3314=VECTOR('',#5136,1.);
#3315=VECTOR('',#5137,1.);
#3316=VECTOR('',#5140,1.);
#3317=VECTOR('',#5145,1.);
#3318=VECTOR('',#5146,1.);
#3319=VECTOR('',#5147,1.);
#3320=VECTOR('',#5150,1.);
#3321=VECTOR('',#5151,1.);
#3322=VECTOR('',#5152,1.);
#3323=VECTOR('',#5155,1.);
#3324=VECTOR('',#5156,1.);
#3325=VECTOR('',#5157,1.);
#3326=VECTOR('',#5160,1.);
#3327=VECTOR('',#5161,1.);
#3328=VECTOR('',#5162,1.);
#3329=VECTOR('',#5165,1.);
#3330=VECTOR('',#5166,1.);
#3331=VECTOR('',#5167,1.);
#3332=VECTOR('',#5170,1.);
#3333=VECTOR('',#5171,1.);
#3334=VECTOR('',#5172,1.);
#3335=VECTOR('',#5175,1.);
#3336=VECTOR('',#5176,1.);
#3337=VECTOR('',#5177,1.);
#3338=VECTOR('',#5180,1.);
#3339=VECTOR('',#5181,1.);
#3340=VECTOR('',#5182,1.);
#3341=VECTOR('',#5183,1.);
#3342=VECTOR('',#5186,1.);
#3343=VECTOR('',#5187,1.);
#3344=VECTOR('',#5188,1.);
#3345=VECTOR('',#5191,1.);
#3346=VECTOR('',#5192,1.);
#3347=VECTOR('',#5193,1.);
#3348=VECTOR('',#5196,1.);
#3349=VECTOR('',#5197,1.);
#3350=VECTOR('',#5198,1.);
#3351=VECTOR('',#5201,1.);
#3352=VECTOR('',#5202,1.);
#3353=VECTOR('',#5203,1.);
#3354=VECTOR('',#5206,1.);
#3355=VECTOR('',#5207,1.);
#3356=VECTOR('',#5208,1.);
#3357=VECTOR('',#5211,1.);
#3358=VECTOR('',#5212,1.);
#3359=VECTOR('',#5213,1.);
#3360=VECTOR('',#5216,1.);
#3361=VECTOR('',#5217,1.);
#3362=VECTOR('',#5218,1.);
#3363=VECTOR('',#5221,1.);
#3364=VECTOR('',#5222,1.);
#3365=VECTOR('',#5225,1.);
#3366=VECTOR('',#5226,1.);
#3367=VECTOR('',#5227,1.);
#3368=VECTOR('',#5228,1.);
#3369=VECTOR('',#5229,1.);
#3370=VECTOR('',#5232,1.);
#3371=VECTOR('',#5233,1.);
#3372=VECTOR('',#5234,1.);
#3373=VECTOR('',#5235,1.);
#3374=VECTOR('',#5236,1.);
#3375=VECTOR('',#5239,1.);
#3376=VECTOR('',#5240,1.);
#3377=VECTOR('',#5241,1.);
#3378=VECTOR('',#5242,1.);
#3379=VECTOR('',#5243,1.);
#3380=VECTOR('',#5246,1.);
#3381=VECTOR('',#5247,1.);
#3382=VECTOR('',#5248,1.);
#3383=VECTOR('',#5249,1.);
#3384=VECTOR('',#5250,1.);
#3385=VECTOR('',#5253,1.);
#3386=VECTOR('',#5254,1.);
#3387=VECTOR('',#5257,1.);
#3388=VECTOR('',#5258,1.);
#3389=VECTOR('',#5261,1.);
#3390=VECTOR('',#5262,1.);
#3391=VECTOR('',#5265,1.);
#3392=VECTOR('',#5266,1.);
#3393=VECTOR('',#5269,1.);
#3394=VECTOR('',#5270,1.);
#3395=VECTOR('',#5273,1.);
#3396=VECTOR('',#5274,1.);
#3397=VECTOR('',#5277,1.);
#3398=VECTOR('',#5278,1.);
#3399=VECTOR('',#5281,1.);
#3400=VECTOR('',#5282,1.);
#3401=VECTOR('',#5285,1.);
#3402=VECTOR('',#5288,1.);
#3403=VECTOR('',#5293,1.);
#3404=VECTOR('',#5294,1.);
#3405=VECTOR('',#5297,1.);
#3406=VECTOR('',#5300,1.);
#3407=VECTOR('',#5303,1.);
#3408=VECTOR('',#5306,1.);
#3409=VECTOR('',#5311,1.);
#3410=VECTOR('',#5312,1.);
#3411=VECTOR('',#5315,1.);
#3412=VECTOR('',#5318,1.);
#3413=VECTOR('',#5321,1.);
#3414=VECTOR('',#5324,1.);
#3415=VECTOR('',#5329,1.);
#3416=VECTOR('',#5330,1.);
#3417=VECTOR('',#5333,1.);
#3418=VECTOR('',#5336,1.);
#3419=VECTOR('',#5339,1.);
#3420=VECTOR('',#5342,1.);
#3421=VECTOR('',#5347,1.);
#3422=VECTOR('',#5348,1.);
#3423=VECTOR('',#5351,1.);
#3424=VECTOR('',#5354,1.);
#3425=VECTOR('',#5373,1.);
#3426=VECTOR('',#5374,1.);
#3427=VECTOR('',#5377,1.);
#3428=VECTOR('',#5378,1.);
#3429=VECTOR('',#5379,1.);
#3430=VECTOR('',#5382,1.);
#3431=VECTOR('',#5383,1.);
#3432=VECTOR('',#5386,1.);
#3433=VECTOR('',#5387,1.);
#3434=VECTOR('',#5388,1.);
#3435=VECTOR('',#5393,1.);
#3436=VECTOR('',#5394,1.);
#3437=VECTOR('',#5397,1.);
#3438=VECTOR('',#5398,1.);
#3439=VECTOR('',#5399,1.);
#3440=VECTOR('',#5404,1.);
#3441=VECTOR('',#5405,1.);
#3442=VECTOR('',#5408,1.);
#3443=VECTOR('',#5409,1.);
#3444=VECTOR('',#5410,1.);
#3445=VECTOR('',#5415,1.);
#3446=VECTOR('',#5416,1.);
#3447=VECTOR('',#5419,1.);
#3448=VECTOR('',#5420,1.);
#3449=VECTOR('',#5421,1.);
#3450=VECTOR('',#5426,1.);
#3451=VECTOR('',#5427,1.);
#3452=VECTOR('',#5430,1.);
#3453=VECTOR('',#5431,1.);
#3454=VECTOR('',#5432,1.);
#3455=VECTOR('',#5437,1.);
#3456=VECTOR('',#5438,1.);
#3457=VECTOR('',#5441,1.);
#3458=VECTOR('',#5442,1.);
#3459=VECTOR('',#5443,1.);
#3460=VECTOR('',#5448,1.);
#3461=VECTOR('',#5449,1.);
#3462=VECTOR('',#5452,1.);
#3463=VECTOR('',#5453,1.);
#3464=VECTOR('',#5454,1.);
#3465=VECTOR('',#5469,1.);
#3466=VECTOR('',#5470,1.);
#3467=VECTOR('',#5471,1.);
#3468=VECTOR('',#5472,1.);
#3469=VECTOR('',#5473,1.);
#3470=VECTOR('',#5474,1.);
#3471=VECTOR('',#5475,1.);
#3472=VECTOR('',#5476,1.);
#3473=VECTOR('',#5477,1.);
#3474=VECTOR('',#5478,1.);
#3475=VECTOR('',#5479,1.);
#3476=VECTOR('',#5480,1.);
#3477=VECTOR('',#5481,1.);
#3478=VECTOR('',#5482,1.);
#3479=VECTOR('',#5483,1.);
#3480=VECTOR('',#5484,1.);
#3481=VECTOR('',#5485,1.);
#3482=VECTOR('',#5486,1.);
#3483=VECTOR('',#5487,1.);
#3484=VECTOR('',#5488,1.);
#3485=VECTOR('',#5489,1.);
#3486=VECTOR('',#5490,1.);
#3487=VECTOR('',#5491,1.);
#3488=VECTOR('',#5492,1.);
#3489=VECTOR('',#5493,1.);
#3490=VECTOR('',#5494,1.);
#3491=VECTOR('',#5495,1.);
#3492=VECTOR('',#5496,1.);
#3493=VECTOR('',#5497,1.);
#3494=VECTOR('',#5498,1.);
#3495=VECTOR('',#5499,1.);
#3496=VECTOR('',#5500,1.);
#3497=VECTOR('',#5503,1.);
#3498=VECTOR('',#5504,1.);
#3499=VECTOR('',#5505,1.);
#3500=VECTOR('',#5556,1.);
#3501=VECTOR('',#5557,1.);
#3502=VECTOR('',#5558,1.);
#3503=VECTOR('',#5559,1.);
#3504=VECTOR('',#5562,1.);
#3505=VECTOR('',#5563,1.);
#3506=VECTOR('',#5564,1.);
#3507=VECTOR('',#5565,1.);
#3508=VECTOR('',#5570,1.);
#3509=VECTOR('',#5571,1.);
#3510=VECTOR('',#5572,1.);
#3511=VECTOR('',#5573,1.);
#3512=VECTOR('',#5578,1.);
#3513=VECTOR('',#5579,1.);
#3514=VECTOR('',#5580,1.);
#3515=VECTOR('',#5581,1.);
#3516=VECTOR('',#5590,1.);
#3517=VECTOR('',#5591,1.);
#3518=VECTOR('',#5592,1.);
#3519=VECTOR('',#5593,1.);
#3520=VECTOR('',#5594,1.);
#3521=VECTOR('',#5595,1.);
#3522=VECTOR('',#5596,1.);
#3523=VECTOR('',#5597,1.);
#3524=VECTOR('',#5598,1.);
#3525=VECTOR('',#5599,1.);
#3526=VECTOR('',#5600,1.);
#3527=VECTOR('',#5601,1.);
#3528=VECTOR('',#5602,1.);
#3529=VECTOR('',#5603,1.);
#3530=VECTOR('',#5604,1.);
#3531=VECTOR('',#5605,1.);
#3532=VECTOR('',#5608,1.);
#3533=VECTOR('',#5609,1.);
#3534=VECTOR('',#5618,1.);
#3535=VECTOR('',#5619,1.);
#3536=VECTOR('',#5622,1.);
#3537=VECTOR('',#5625,1.);
#3538=VECTOR('',#5630,1.);
#3539=VECTOR('',#5631,1.);
#3540=VECTOR('',#5634,1.);
#3541=VECTOR('',#5637,1.);
#3542=VECTOR('',#5646,1.);
#3543=VECTOR('',#5647,1.);
#3544=VECTOR('',#5650,1.);
#3545=VECTOR('',#5653,1.);
#3546=VECTOR('',#5658,1.);
#3547=VECTOR('',#5659,1.);
#3548=VECTOR('',#5662,1.);
#3549=VECTOR('',#5665,1.);
#3550=VECTOR('',#5674,1.);
#3551=VECTOR('',#5675,1.);
#3552=VECTOR('',#5678,1.);
#3553=VECTOR('',#5681,1.);
#3554=VECTOR('',#5686,1.);
#3555=VECTOR('',#5687,1.);
#3556=VECTOR('',#5690,1.);
#3557=VECTOR('',#5693,1.);
#3558=VECTOR('',#5700,1.);
#3559=VECTOR('',#5701,1.);
#3560=VECTOR('',#5704,1.);
#3561=VECTOR('',#5707,1.);
#3562=VECTOR('',#5712,1.);
#3563=VECTOR('',#5713,1.);
#3564=VECTOR('',#5716,1.);
#3565=VECTOR('',#5719,1.);
#3566=VECTOR('',#5726,1.);
#3567=VECTOR('',#5727,1.);
#3568=VECTOR('',#5732,1.);
#3569=VECTOR('',#5733,1.);
#3570=VECTOR('',#5734,1.);
#3571=VECTOR('',#5737,1.);
#3572=VECTOR('',#5752,1.);
#3573=EDGE_LOOP('',(#495,#496,#497,#498));
#3574=EDGE_LOOP('',(#499,#500,#501,#502));
#3575=EDGE_LOOP('',(#503,#504,#505,#506));
#3576=EDGE_LOOP('',(#507,#508,#509,#510));
#3577=EDGE_LOOP('',(#511,#512,#513,#514,#515,#516));
#3578=EDGE_LOOP('',(#517,#518,#519,#520));
#3579=EDGE_LOOP('',(#521,#522,#523,#524));
#3580=EDGE_LOOP('',(#525,#526,#527,#528));
#3581=EDGE_LOOP('',(#529,#530,#531,#532));
#3582=EDGE_LOOP('',(#533,#534,#535,#536));
#3583=EDGE_LOOP('',(#537,#538,#539,#540));
#3584=EDGE_LOOP('',(#541,#542,#543,#544));
#3585=EDGE_LOOP('',(#545,#546,#547,#548));
#3586=EDGE_LOOP('',(#549,#550,#551,#552));
#3587=EDGE_LOOP('',(#553,#554,#555,#556));
#3588=EDGE_LOOP('',(#557,#558,#559,#560));
#3589=EDGE_LOOP('',(#561,#562,#563,#564));
#3590=EDGE_LOOP('',(#565,#566,#567,#568));
#3591=EDGE_LOOP('',(#569,#570,#571,#572));
#3592=EDGE_LOOP('',(#573,#574,#575,#576));
#3593=EDGE_LOOP('',(#577,#578,#579,#580));
#3594=EDGE_LOOP('',(#581,#582,#583,#584));
#3595=EDGE_LOOP('',(#585,#586,#587,#588));
#3596=EDGE_LOOP('',(#589,#590,#591,#592));
#3597=EDGE_LOOP('',(#593,#594,#595,#596));
#3598=EDGE_LOOP('',(#597));
#3599=EDGE_LOOP('',(#598));
#3600=EDGE_LOOP('',(#599));
#3601=EDGE_LOOP('',(#600));
#3602=EDGE_LOOP('',(#601));
#3603=EDGE_LOOP('',(#602));
#3604=EDGE_LOOP('',(#603,#604,#605,#606,#607,#608));
#3605=EDGE_LOOP('',(#609,#610,#611,#612,#613,#614));
#3606=EDGE_LOOP('',(#615,#616,#617,#618,#619,#620));
#3607=EDGE_LOOP('',(#621,#622,#623,#624,#625,#626));
#3608=EDGE_LOOP('',(#627,#628,#629,#630,#631,#632));
#3609=EDGE_LOOP('',(#633,#634,#635,#636,#637,#638));
#3610=EDGE_LOOP('',(#639,#640,#641,#642,#643,#644));
#3611=EDGE_LOOP('',(#645,#646,#647,#648,#649,#650,#651,#652));
#3612=EDGE_LOOP('',(#653));
#3613=EDGE_LOOP('',(#654,#655,#656,#657,#658));
#3614=EDGE_LOOP('',(#659,#660,#661,#662,#663));
#3615=EDGE_LOOP('',(#664,#665,#666,#667,#668));
#3616=EDGE_LOOP('',(#669,#670,#671,#672,#673));
#3617=EDGE_LOOP('',(#674,#675,#676,#677,#678));
#3618=EDGE_LOOP('',(#679,#680,#681,#682,#683));
#3619=EDGE_LOOP('',(#684,#685,#686,#687,#688));
#3620=EDGE_LOOP('',(#689,#690,#691,#692,#693));
#3621=EDGE_LOOP('',(#694));
#3622=EDGE_LOOP('',(#695));
#3623=EDGE_LOOP('',(#696));
#3624=EDGE_LOOP('',(#697));
#3625=EDGE_LOOP('',(#698));
#3626=EDGE_LOOP('',(#699));
#3627=EDGE_LOOP('',(#700));
#3628=EDGE_LOOP('',(#701));
#3629=EDGE_LOOP('',(#702,#703,#704,#705));
#3630=EDGE_LOOP('',(#706,#707,#708,#709));
#3631=EDGE_LOOP('',(#710,#711,#712,#713));
#3632=EDGE_LOOP('',(#714,#715,#716,#717));
#3633=EDGE_LOOP('',(#718,#719,#720,#721));
#3634=EDGE_LOOP('',(#722,#723,#724,#725));
#3635=EDGE_LOOP('',(#726,#727,#728,#729));
#3636=EDGE_LOOP('',(#730,#731,#732,#733));
#3637=EDGE_LOOP('',(#734));
#3638=EDGE_LOOP('',(#735));
#3639=EDGE_LOOP('',(#736));
#3640=EDGE_LOOP('',(#737));
#3641=EDGE_LOOP('',(#738));
#3642=EDGE_LOOP('',(#739));
#3643=EDGE_LOOP('',(#740));
#3644=EDGE_LOOP('',(#741));
#3645=EDGE_LOOP('',(#742));
#3646=EDGE_LOOP('',(#743));
#3647=EDGE_LOOP('',(#744,#745,#746,#747,#748,#749,#750,#751,#752,#753,#754,
#755,#756,#757,#758,#759,#760,#761,#762,#763,#764,#765,#766,#767,#768,#769,
#770,#771,#772,#773,#774,#775));
#3648=EDGE_LOOP('',(#776));
#3649=EDGE_LOOP('',(#777,#778,#779,#780,#781));
#3650=EDGE_LOOP('',(#782,#783,#784,#785,#786));
#3651=EDGE_LOOP('',(#787,#788,#789,#790,#791));
#3652=EDGE_LOOP('',(#792,#793,#794,#795));
#3653=EDGE_LOOP('',(#796,#797,#798,#799,#800));
#3654=EDGE_LOOP('',(#801,#802,#803,#804,#805,#806));
#3655=EDGE_LOOP('',(#807,#808,#809,#810,#811,#812));
#3656=EDGE_LOOP('',(#813,#814,#815,#816,#817));
#3657=EDGE_LOOP('',(#818,#819,#820,#821,#822));
#3658=EDGE_LOOP('',(#823,#824,#825,#826,#827));
#3659=EDGE_LOOP('',(#828,#829,#830,#831));
#3660=EDGE_LOOP('',(#832,#833,#834,#835,#836));
#3661=EDGE_LOOP('',(#837,#838,#839,#840,#841,#842));
#3662=EDGE_LOOP('',(#843,#844,#845,#846,#847,#848));
#3663=EDGE_LOOP('',(#849,#850,#851,#852,#853));
#3664=EDGE_LOOP('',(#854,#855,#856,#857,#858));
#3665=EDGE_LOOP('',(#859,#860,#861,#862,#863));
#3666=EDGE_LOOP('',(#864,#865,#866,#867));
#3667=EDGE_LOOP('',(#868,#869,#870,#871,#872));
#3668=EDGE_LOOP('',(#873,#874,#875,#876,#877,#878));
#3669=EDGE_LOOP('',(#879,#880,#881,#882,#883,#884));
#3670=EDGE_LOOP('',(#885,#886,#887,#888,#889));
#3671=EDGE_LOOP('',(#890,#891,#892,#893,#894));
#3672=EDGE_LOOP('',(#895,#896,#897,#898,#899));
#3673=EDGE_LOOP('',(#900,#901,#902,#903));
#3674=EDGE_LOOP('',(#904,#905,#906,#907,#908,#909));
#3675=EDGE_LOOP('',(#910,#911,#912,#913,#914));
#3676=EDGE_LOOP('',(#915,#916,#917,#918,#919,#920));
#3677=EDGE_LOOP('',(#921,#922,#923,#924));
#3678=EDGE_LOOP('',(#925,#926,#927,#928));
#3679=EDGE_LOOP('',(#929,#930,#931,#932));
#3680=EDGE_LOOP('',(#933,#934,#935,#936));
#3681=EDGE_LOOP('',(#937,#938,#939,#940,#941,#942,#943,#944,#945,#946,#947,
#948));
#3682=EDGE_LOOP('',(#949,#950,#951,#952,#953,#954,#955,#956,#957,#958,#959,
#960));
#3683=EDGE_LOOP('',(#961,#962,#963,#964,#965,#966,#967,#968,#969,#970,#971,
#972));
#3684=EDGE_LOOP('',(#973,#974,#975,#976,#977,#978,#979,#980,#981,#982,#983,
#984));
#3685=EDGE_LOOP('',(#985,#986,#987,#988,#989,#990,#991,#992,#993,#994,#995,
#996,#997,#998,#999,#1000,#1001,#1002,#1003,#1004,#1005,#1006,#1007,#1008,
#1009,#1010,#1011,#1012,#1013,#1014,#1015,#1016));
#3686=EDGE_LOOP('',(#1017,#1018,#1019,#1020,#1021,#1022,#1023,#1024,#1025,
#1026,#1027,#1028,#1029,#1030,#1031,#1032,#1033,#1034,#1035,#1036,#1037,
#1038,#1039,#1040,#1041,#1042,#1043,#1044,#1045,#1046,#1047,#1048));
#3687=EDGE_LOOP('',(#1049,#1050,#1051,#1052,#1053,#1054,#1055,#1056,#1057,
#1058));
#3688=EDGE_LOOP('',(#1059,#1060,#1061,#1062,#1063,#1064,#1065,#1066,#1067,
#1068));
#3689=EDGE_LOOP('',(#1069,#1070,#1071,#1072,#1073,#1074,#1075,#1076,#1077,
#1078));
#3690=EDGE_LOOP('',(#1079,#1080,#1081,#1082,#1083,#1084,#1085,#1086,#1087,
#1088));
#3691=EDGE_LOOP('',(#1089,#1090,#1091,#1092));
#3692=EDGE_LOOP('',(#1093,#1094,#1095,#1096));
#3693=EDGE_LOOP('',(#1097,#1098,#1099,#1100));
#3694=EDGE_LOOP('',(#1101,#1102,#1103,#1104));
#3695=EDGE_LOOP('',(#1105,#1106,#1107,#1108));
#3696=EDGE_LOOP('',(#1109,#1110,#1111,#1112));
#3697=EDGE_LOOP('',(#1113,#1114,#1115,#1116));
#3698=EDGE_LOOP('',(#1117,#1118,#1119,#1120));
#3699=EDGE_LOOP('',(#1121,#1122,#1123,#1124));
#3700=EDGE_LOOP('',(#1125,#1126,#1127,#1128));
#3701=EDGE_LOOP('',(#1129,#1130,#1131,#1132));
#3702=EDGE_LOOP('',(#1133,#1134,#1135,#1136,#1137));
#3703=EDGE_LOOP('',(#1138));
#3704=EDGE_LOOP('',(#1139,#1140,#1141,#1142));
#3705=EDGE_LOOP('',(#1143,#1144,#1145,#1146,#1147));
#3706=EDGE_LOOP('',(#1148,#1149,#1150,#1151));
#3707=EDGE_LOOP('',(#1152,#1153,#1154,#1155));
#3708=EDGE_LOOP('',(#1156,#1157,#1158,#1159));
#3709=EDGE_LOOP('',(#1160,#1161,#1162,#1163,#1164));
#3710=EDGE_LOOP('',(#1165));
#3711=EDGE_LOOP('',(#1166,#1167,#1168,#1169));
#3712=EDGE_LOOP('',(#1170,#1171,#1172,#1173,#1174));
#3713=EDGE_LOOP('',(#1175,#1176,#1177,#1178));
#3714=EDGE_LOOP('',(#1179,#1180,#1181,#1182));
#3715=EDGE_LOOP('',(#1183,#1184,#1185,#1186));
#3716=EDGE_LOOP('',(#1187,#1188,#1189,#1190,#1191));
#3717=EDGE_LOOP('',(#1192));
#3718=EDGE_LOOP('',(#1193,#1194,#1195,#1196));
#3719=EDGE_LOOP('',(#1197,#1198,#1199,#1200,#1201));
#3720=EDGE_LOOP('',(#1202,#1203,#1204,#1205));
#3721=EDGE_LOOP('',(#1206,#1207,#1208,#1209));
#3722=EDGE_LOOP('',(#1210,#1211,#1212,#1213));
#3723=EDGE_LOOP('',(#1214,#1215,#1216,#1217,#1218));
#3724=EDGE_LOOP('',(#1219));
#3725=EDGE_LOOP('',(#1220,#1221,#1222,#1223));
#3726=EDGE_LOOP('',(#1224,#1225,#1226,#1227,#1228));
#3727=EDGE_LOOP('',(#1229,#1230,#1231,#1232));
#3728=EDGE_LOOP('',(#1233,#1234,#1235,#1236));
#3729=EDGE_LOOP('',(#1237,#1238,#1239,#1240));
#3730=EDGE_LOOP('',(#1241,#1242,#1243,#1244));
#3731=EDGE_LOOP('',(#1245,#1246,#1247,#1248));
#3732=EDGE_LOOP('',(#1249,#1250,#1251,#1252));
#3733=EDGE_LOOP('',(#1253,#1254,#1255,#1256));
#3734=EDGE_LOOP('',(#1257,#1258,#1259,#1260));
#3735=EDGE_LOOP('',(#1261,#1262,#1263,#1264,#1265));
#3736=EDGE_LOOP('',(#1266,#1267,#1268,#1269,#1270));
#3737=EDGE_LOOP('',(#1271,#1272,#1273,#1274));
#3738=EDGE_LOOP('',(#1275,#1276,#1277,#1278,#1279));
#3739=EDGE_LOOP('',(#1280,#1281,#1282,#1283,#1284));
#3740=EDGE_LOOP('',(#1285,#1286,#1287,#1288));
#3741=EDGE_LOOP('',(#1289,#1290,#1291,#1292));
#3742=EDGE_LOOP('',(#1293,#1294,#1295,#1296,#1297));
#3743=EDGE_LOOP('',(#1298,#1299,#1300,#1301,#1302));
#3744=EDGE_LOOP('',(#1303,#1304,#1305,#1306));
#3745=EDGE_LOOP('',(#1307,#1308,#1309,#1310));
#3746=EDGE_LOOP('',(#1311,#1312,#1313,#1314,#1315));
#3747=EDGE_LOOP('',(#1316,#1317,#1318,#1319,#1320));
#3748=EDGE_LOOP('',(#1321,#1322,#1323,#1324));
#3749=EDGE_LOOP('',(#1325,#1326,#1327,#1328));
#3750=EDGE_LOOP('',(#1329,#1330,#1331,#1332,#1333));
#3751=EDGE_LOOP('',(#1334,#1335,#1336,#1337,#1338));
#3752=EDGE_LOOP('',(#1339,#1340,#1341,#1342));
#3753=EDGE_LOOP('',(#1343,#1344,#1345,#1346));
#3754=EDGE_LOOP('',(#1347,#1348,#1349,#1350,#1351));
#3755=EDGE_LOOP('',(#1352,#1353,#1354,#1355,#1356));
#3756=EDGE_LOOP('',(#1357,#1358,#1359,#1360));
#3757=EDGE_LOOP('',(#1361,#1362,#1363,#1364));
#3758=EDGE_LOOP('',(#1365,#1366,#1367,#1368,#1369));
#3759=EDGE_LOOP('',(#1370,#1371,#1372,#1373,#1374));
#3760=EDGE_LOOP('',(#1375,#1376,#1377,#1378));
#3761=EDGE_LOOP('',(#1379,#1380,#1381,#1382));
#3762=EDGE_LOOP('',(#1383,#1384,#1385,#1386,#1387));
#3763=EDGE_LOOP('',(#1388,#1389,#1390,#1391,#1392));
#3764=EDGE_LOOP('',(#1393,#1394,#1395,#1396));
#3765=EDGE_LOOP('',(#1397,#1398,#1399,#1400));
#3766=EDGE_LOOP('',(#1401,#1402,#1403,#1404));
#3767=EDGE_LOOP('',(#1405));
#3768=EDGE_LOOP('',(#1406));
#3769=EDGE_LOOP('',(#1407));
#3770=EDGE_LOOP('',(#1408));
#3771=EDGE_LOOP('',(#1409,#1410,#1411,#1412));
#3772=EDGE_LOOP('',(#1413,#1414,#1415,#1416));
#3773=EDGE_LOOP('',(#1417,#1418,#1419,#1420));
#3774=EDGE_LOOP('',(#1421,#1422,#1423,#1424));
#3775=EDGE_LOOP('',(#1425,#1426,#1427,#1428));
#3776=EDGE_LOOP('',(#1429,#1430,#1431,#1432));
#3777=EDGE_LOOP('',(#1433,#1434,#1435,#1436));
#3778=EDGE_LOOP('',(#1437,#1438,#1439,#1440));
#3779=EDGE_LOOP('',(#1441,#1442,#1443,#1444));
#3780=EDGE_LOOP('',(#1445));
#3781=EDGE_LOOP('',(#1446));
#3782=EDGE_LOOP('',(#1447));
#3783=EDGE_LOOP('',(#1448));
#3784=EDGE_LOOP('',(#1449));
#3785=EDGE_LOOP('',(#1450));
#3786=EDGE_LOOP('',(#1451));
#3787=EDGE_LOOP('',(#1452));
#3788=EDGE_LOOP('',(#1453,#1454,#1455,#1456,#1457,#1458,#1459,#1460,#1461,
#1462,#1463,#1464,#1465,#1466,#1467,#1468,#1469,#1470,#1471,#1472,#1473,
#1474,#1475,#1476,#1477,#1478,#1479,#1480,#1481,#1482,#1483,#1484));
#3789=EDGE_LOOP('',(#1485,#1486,#1487,#1488));
#3790=EDGE_LOOP('',(#1489,#1490,#1491,#1492));
#3791=EDGE_LOOP('',(#1493,#1494,#1495,#1496));
#3792=EDGE_LOOP('',(#1497,#1498,#1499,#1500));
#3793=EDGE_LOOP('',(#1501,#1502,#1503,#1504));
#3794=EDGE_LOOP('',(#1505,#1506,#1507,#1508));
#3795=EDGE_LOOP('',(#1509,#1510,#1511,#1512));
#3796=EDGE_LOOP('',(#1513,#1514,#1515,#1516,#1517,#1518,#1519,#1520,#1521,
#1522,#1523,#1524,#1525,#1526,#1527,#1528,#1529,#1530,#1531,#1532,#1533,
#1534,#1535,#1536,#1537,#1538,#1539,#1540,#1541,#1542,#1543,#1544));
#3797=EDGE_LOOP('',(#1545));
#3798=EDGE_LOOP('',(#1546,#1547,#1548,#1549));
#3799=EDGE_LOOP('',(#1550));
#3800=EDGE_LOOP('',(#1551,#1552,#1553,#1554));
#3801=EDGE_LOOP('',(#1555));
#3802=EDGE_LOOP('',(#1556));
#3803=EDGE_LOOP('',(#1557,#1558,#1559,#1560));
#3804=EDGE_LOOP('',(#1561));
#3805=EDGE_LOOP('',(#1562));
#3806=EDGE_LOOP('',(#1563,#1564,#1565,#1566));
#3807=EDGE_LOOP('',(#1567));
#3808=EDGE_LOOP('',(#1568));
#3809=EDGE_LOOP('',(#1569,#1570));
#3810=EDGE_LOOP('',(#1571,#1572,#1573,#1574));
#3811=EDGE_LOOP('',(#1575,#1576,#1577,#1578));
#3812=EDGE_LOOP('',(#1579,#1580,#1581,#1582));
#3813=EDGE_LOOP('',(#1583,#1584,#1585,#1586));
#3814=EDGE_LOOP('',(#1587,#1588,#1589,#1590));
#3815=EDGE_LOOP('',(#1591,#1592,#1593,#1594));
#3816=EDGE_LOOP('',(#1595));
#3817=EDGE_LOOP('',(#1596));
#3818=EDGE_LOOP('',(#1597));
#3819=EDGE_LOOP('',(#1598));
#3820=EDGE_LOOP('',(#1599,#1600,#1601,#1602));
#3821=EDGE_LOOP('',(#1603,#1604,#1605,#1606));
#3822=EDGE_LOOP('',(#1607,#1608,#1609,#1610));
#3823=EDGE_LOOP('',(#1611,#1612,#1613,#1614));
#3824=EDGE_LOOP('',(#1615,#1616,#1617,#1618));
#3825=EDGE_LOOP('',(#1619,#1620,#1621,#1622));
#3826=EDGE_LOOP('',(#1623,#1624,#1625,#1626));
#3827=EDGE_LOOP('',(#1627,#1628,#1629,#1630));
#3828=EDGE_LOOP('',(#1631));
#3829=EDGE_LOOP('',(#1632));
#3830=EDGE_LOOP('',(#1633));
#3831=EDGE_LOOP('',(#1634));
#3832=EDGE_LOOP('',(#1635,#1636,#1637,#1638));
#3833=EDGE_LOOP('',(#1639,#1640,#1641,#1642));
#3834=EDGE_LOOP('',(#1643,#1644,#1645,#1646));
#3835=EDGE_LOOP('',(#1647,#1648,#1649,#1650));
#3836=EDGE_LOOP('',(#1651,#1652,#1653,#1654));
#3837=EDGE_LOOP('',(#1655,#1656,#1657,#1658));
#3838=EDGE_LOOP('',(#1659,#1660,#1661,#1662));
#3839=EDGE_LOOP('',(#1663,#1664,#1665,#1666));
#3840=EDGE_LOOP('',(#1667));
#3841=EDGE_LOOP('',(#1668));
#3842=EDGE_LOOP('',(#1669));
#3843=EDGE_LOOP('',(#1670));
#3844=EDGE_LOOP('',(#1671,#1672,#1673,#1674));
#3845=EDGE_LOOP('',(#1675,#1676,#1677,#1678));
#3846=EDGE_LOOP('',(#1679,#1680,#1681,#1682));
#3847=EDGE_LOOP('',(#1683,#1684,#1685,#1686));
#3848=EDGE_LOOP('',(#1687,#1688,#1689,#1690));
#3849=EDGE_LOOP('',(#1691,#1692,#1693,#1694));
#3850=EDGE_LOOP('',(#1695,#1696,#1697,#1698));
#3851=EDGE_LOOP('',(#1699,#1700,#1701,#1702));
#3852=EDGE_LOOP('',(#1703));
#3853=EDGE_LOOP('',(#1704));
#3854=EDGE_LOOP('',(#1705,#1706,#1707,#1708));
#3855=EDGE_LOOP('',(#1709,#1710,#1711,#1712));
#3856=EDGE_LOOP('',(#1713,#1714,#1715,#1716));
#3857=EDGE_LOOP('',(#1717,#1718,#1719,#1720));
#3858=EDGE_LOOP('',(#1721,#1722,#1723,#1724));
#3859=EDGE_LOOP('',(#1725,#1726,#1727,#1728));
#3860=EDGE_LOOP('',(#1729,#1730,#1731,#1732));
#3861=EDGE_LOOP('',(#1733,#1734,#1735,#1736));
#3862=EDGE_LOOP('',(#1737));
#3863=EDGE_LOOP('',(#1738));
#3864=EDGE_LOOP('',(#1739,#1740,#1741,#1742));
#3865=EDGE_LOOP('',(#1743,#1744,#1745,#1746));
#3866=EDGE_LOOP('',(#1747,#1748,#1749,#1750,#1751));
#3867=EDGE_LOOP('',(#1752));
#3868=EDGE_LOOP('',(#1753));
#3869=EDGE_LOOP('',(#1754));
#3870=EDGE_LOOP('',(#1755));
#3871=EDGE_LOOP('',(#1756));
#3872=EDGE_LOOP('',(#1757));
#3873=EDGE_LOOP('',(#1758,#1759,#1760,#1761,#1762));
#3874=EDGE_LOOP('',(#1763));
#3875=EDGE_LOOP('',(#1764));
#3876=EDGE_LOOP('',(#1765,#1766,#1767,#1768));
#3877=EDGE_LOOP('',(#1769));
#3878=EDGE_LOOP('',(#1770));
#3879=EDGE_LOOP('',(#1771));
#3880=EDGE_LOOP('',(#1772));
#3881=FACE_BOUND('',#3573,.T.);
#3882=FACE_BOUND('',#3574,.T.);
#3883=FACE_BOUND('',#3575,.T.);
#3884=FACE_BOUND('',#3576,.T.);
#3885=FACE_BOUND('',#3577,.T.);
#3886=FACE_BOUND('',#3578,.T.);
#3887=FACE_BOUND('',#3579,.T.);
#3888=FACE_BOUND('',#3580,.T.);
#3889=FACE_BOUND('',#3581,.T.);
#3890=FACE_BOUND('',#3582,.T.);
#3891=FACE_BOUND('',#3583,.T.);
#3892=FACE_BOUND('',#3584,.T.);
#3893=FACE_BOUND('',#3585,.T.);
#3894=FACE_BOUND('',#3586,.T.);
#3895=FACE_BOUND('',#3587,.T.);
#3896=FACE_BOUND('',#3588,.T.);
#3897=FACE_BOUND('',#3589,.T.);
#3898=FACE_BOUND('',#3590,.T.);
#3899=FACE_BOUND('',#3591,.T.);
#3900=FACE_BOUND('',#3592,.T.);
#3901=FACE_BOUND('',#3593,.T.);
#3902=FACE_BOUND('',#3594,.T.);
#3903=FACE_BOUND('',#3595,.T.);
#3904=FACE_BOUND('',#3596,.T.);
#3905=FACE_BOUND('',#3597,.T.);
#3906=FACE_BOUND('',#3598,.T.);
#3907=FACE_BOUND('',#3599,.T.);
#3908=FACE_BOUND('',#3600,.T.);
#3909=FACE_BOUND('',#3601,.T.);
#3910=FACE_BOUND('',#3602,.T.);
#3911=FACE_BOUND('',#3603,.T.);
#3912=FACE_BOUND('',#3604,.T.);
#3913=FACE_BOUND('',#3605,.T.);
#3914=FACE_BOUND('',#3606,.T.);
#3915=FACE_BOUND('',#3607,.T.);
#3916=FACE_BOUND('',#3608,.T.);
#3917=FACE_BOUND('',#3609,.T.);
#3918=FACE_BOUND('',#3610,.T.);
#3919=FACE_BOUND('',#3611,.T.);
#3920=FACE_BOUND('',#3612,.T.);
#3921=FACE_BOUND('',#3613,.T.);
#3922=FACE_BOUND('',#3614,.T.);
#3923=FACE_BOUND('',#3615,.T.);
#3924=FACE_BOUND('',#3616,.T.);
#3925=FACE_BOUND('',#3617,.T.);
#3926=FACE_BOUND('',#3618,.T.);
#3927=FACE_BOUND('',#3619,.T.);
#3928=FACE_BOUND('',#3620,.T.);
#3929=FACE_BOUND('',#3621,.T.);
#3930=FACE_BOUND('',#3622,.T.);
#3931=FACE_BOUND('',#3623,.T.);
#3932=FACE_BOUND('',#3624,.T.);
#3933=FACE_BOUND('',#3625,.T.);
#3934=FACE_BOUND('',#3626,.T.);
#3935=FACE_BOUND('',#3627,.T.);
#3936=FACE_BOUND('',#3628,.T.);
#3937=FACE_BOUND('',#3629,.T.);
#3938=FACE_BOUND('',#3630,.T.);
#3939=FACE_BOUND('',#3631,.T.);
#3940=FACE_BOUND('',#3632,.T.);
#3941=FACE_BOUND('',#3633,.T.);
#3942=FACE_BOUND('',#3634,.T.);
#3943=FACE_BOUND('',#3635,.T.);
#3944=FACE_BOUND('',#3636,.T.);
#3945=FACE_BOUND('',#3637,.T.);
#3946=FACE_BOUND('',#3638,.T.);
#3947=FACE_BOUND('',#3639,.T.);
#3948=FACE_BOUND('',#3640,.T.);
#3949=FACE_BOUND('',#3641,.T.);
#3950=FACE_BOUND('',#3642,.T.);
#3951=FACE_BOUND('',#3643,.T.);
#3952=FACE_BOUND('',#3644,.T.);
#3953=FACE_BOUND('',#3645,.T.);
#3954=FACE_BOUND('',#3646,.T.);
#3955=FACE_BOUND('',#3647,.T.);
#3956=FACE_BOUND('',#3648,.T.);
#3957=FACE_BOUND('',#3649,.T.);
#3958=FACE_BOUND('',#3650,.T.);
#3959=FACE_BOUND('',#3651,.T.);
#3960=FACE_BOUND('',#3652,.T.);
#3961=FACE_BOUND('',#3653,.T.);
#3962=FACE_BOUND('',#3654,.T.);
#3963=FACE_BOUND('',#3655,.T.);
#3964=FACE_BOUND('',#3656,.T.);
#3965=FACE_BOUND('',#3657,.T.);
#3966=FACE_BOUND('',#3658,.T.);
#3967=FACE_BOUND('',#3659,.T.);
#3968=FACE_BOUND('',#3660,.T.);
#3969=FACE_BOUND('',#3661,.T.);
#3970=FACE_BOUND('',#3662,.T.);
#3971=FACE_BOUND('',#3663,.T.);
#3972=FACE_BOUND('',#3664,.T.);
#3973=FACE_BOUND('',#3665,.T.);
#3974=FACE_BOUND('',#3666,.T.);
#3975=FACE_BOUND('',#3667,.T.);
#3976=FACE_BOUND('',#3668,.T.);
#3977=FACE_BOUND('',#3669,.T.);
#3978=FACE_BOUND('',#3670,.T.);
#3979=FACE_BOUND('',#3671,.T.);
#3980=FACE_BOUND('',#3672,.T.);
#3981=FACE_BOUND('',#3673,.T.);
#3982=FACE_BOUND('',#3674,.T.);
#3983=FACE_BOUND('',#3675,.T.);
#3984=FACE_BOUND('',#3676,.T.);
#3985=FACE_BOUND('',#3677,.T.);
#3986=FACE_BOUND('',#3678,.T.);
#3987=FACE_BOUND('',#3679,.T.);
#3988=FACE_BOUND('',#3680,.T.);
#3989=FACE_BOUND('',#3681,.T.);
#3990=FACE_BOUND('',#3682,.T.);
#3991=FACE_BOUND('',#3683,.T.);
#3992=FACE_BOUND('',#3684,.T.);
#3993=FACE_BOUND('',#3685,.T.);
#3994=FACE_BOUND('',#3686,.T.);
#3995=FACE_BOUND('',#3687,.T.);
#3996=FACE_BOUND('',#3688,.T.);
#3997=FACE_BOUND('',#3689,.T.);
#3998=FACE_BOUND('',#3690,.T.);
#3999=FACE_BOUND('',#3691,.T.);
#4000=FACE_BOUND('',#3692,.T.);
#4001=FACE_BOUND('',#3693,.T.);
#4002=FACE_BOUND('',#3694,.T.);
#4003=FACE_BOUND('',#3695,.T.);
#4004=FACE_BOUND('',#3696,.T.);
#4005=FACE_BOUND('',#3697,.T.);
#4006=FACE_BOUND('',#3698,.T.);
#4007=FACE_BOUND('',#3699,.T.);
#4008=FACE_BOUND('',#3700,.T.);
#4009=FACE_BOUND('',#3701,.T.);
#4010=FACE_BOUND('',#3702,.T.);
#4011=FACE_BOUND('',#3703,.T.);
#4012=FACE_BOUND('',#3704,.T.);
#4013=FACE_BOUND('',#3705,.T.);
#4014=FACE_BOUND('',#3706,.T.);
#4015=FACE_BOUND('',#3707,.T.);
#4016=FACE_BOUND('',#3708,.T.);
#4017=FACE_BOUND('',#3709,.T.);
#4018=FACE_BOUND('',#3710,.T.);
#4019=FACE_BOUND('',#3711,.T.);
#4020=FACE_BOUND('',#3712,.T.);
#4021=FACE_BOUND('',#3713,.T.);
#4022=FACE_BOUND('',#3714,.T.);
#4023=FACE_BOUND('',#3715,.T.);
#4024=FACE_BOUND('',#3716,.T.);
#4025=FACE_BOUND('',#3717,.T.);
#4026=FACE_BOUND('',#3718,.T.);
#4027=FACE_BOUND('',#3719,.T.);
#4028=FACE_BOUND('',#3720,.T.);
#4029=FACE_BOUND('',#3721,.T.);
#4030=FACE_BOUND('',#3722,.T.);
#4031=FACE_BOUND('',#3723,.T.);
#4032=FACE_BOUND('',#3724,.T.);
#4033=FACE_BOUND('',#3725,.T.);
#4034=FACE_BOUND('',#3726,.T.);
#4035=FACE_BOUND('',#3727,.T.);
#4036=FACE_BOUND('',#3728,.T.);
#4037=FACE_BOUND('',#3729,.T.);
#4038=FACE_BOUND('',#3730,.T.);
#4039=FACE_BOUND('',#3731,.T.);
#4040=FACE_BOUND('',#3732,.T.);
#4041=FACE_BOUND('',#3733,.T.);
#4042=FACE_BOUND('',#3734,.T.);
#4043=FACE_BOUND('',#3735,.T.);
#4044=FACE_BOUND('',#3736,.T.);
#4045=FACE_BOUND('',#3737,.T.);
#4046=FACE_BOUND('',#3738,.T.);
#4047=FACE_BOUND('',#3739,.T.);
#4048=FACE_BOUND('',#3740,.T.);
#4049=FACE_BOUND('',#3741,.T.);
#4050=FACE_BOUND('',#3742,.T.);
#4051=FACE_BOUND('',#3743,.T.);
#4052=FACE_BOUND('',#3744,.T.);
#4053=FACE_BOUND('',#3745,.T.);
#4054=FACE_BOUND('',#3746,.T.);
#4055=FACE_BOUND('',#3747,.T.);
#4056=FACE_BOUND('',#3748,.T.);
#4057=FACE_BOUND('',#3749,.T.);
#4058=FACE_BOUND('',#3750,.T.);
#4059=FACE_BOUND('',#3751,.T.);
#4060=FACE_BOUND('',#3752,.T.);
#4061=FACE_BOUND('',#3753,.T.);
#4062=FACE_BOUND('',#3754,.T.);
#4063=FACE_BOUND('',#3755,.T.);
#4064=FACE_BOUND('',#3756,.T.);
#4065=FACE_BOUND('',#3757,.T.);
#4066=FACE_BOUND('',#3758,.T.);
#4067=FACE_BOUND('',#3759,.T.);
#4068=FACE_BOUND('',#3760,.T.);
#4069=FACE_BOUND('',#3761,.T.);
#4070=FACE_BOUND('',#3762,.T.);
#4071=FACE_BOUND('',#3763,.T.);
#4072=FACE_BOUND('',#3764,.T.);
#4073=FACE_BOUND('',#3765,.T.);
#4074=FACE_BOUND('',#3766,.T.);
#4075=FACE_BOUND('',#3767,.T.);
#4076=FACE_BOUND('',#3768,.T.);
#4077=FACE_BOUND('',#3769,.T.);
#4078=FACE_BOUND('',#3770,.T.);
#4079=FACE_BOUND('',#3771,.T.);
#4080=FACE_BOUND('',#3772,.T.);
#4081=FACE_BOUND('',#3773,.T.);
#4082=FACE_BOUND('',#3774,.T.);
#4083=FACE_BOUND('',#3775,.T.);
#4084=FACE_BOUND('',#3776,.T.);
#4085=FACE_BOUND('',#3777,.T.);
#4086=FACE_BOUND('',#3778,.T.);
#4087=FACE_BOUND('',#3779,.T.);
#4088=FACE_BOUND('',#3780,.T.);
#4089=FACE_BOUND('',#3781,.T.);
#4090=FACE_BOUND('',#3782,.T.);
#4091=FACE_BOUND('',#3783,.T.);
#4092=FACE_BOUND('',#3784,.T.);
#4093=FACE_BOUND('',#3785,.T.);
#4094=FACE_BOUND('',#3786,.T.);
#4095=FACE_BOUND('',#3787,.T.);
#4096=FACE_BOUND('',#3788,.T.);
#4097=FACE_BOUND('',#3789,.T.);
#4098=FACE_BOUND('',#3790,.T.);
#4099=FACE_BOUND('',#3791,.T.);
#4100=FACE_BOUND('',#3792,.T.);
#4101=FACE_BOUND('',#3793,.T.);
#4102=FACE_BOUND('',#3794,.T.);
#4103=FACE_BOUND('',#3795,.T.);
#4104=FACE_BOUND('',#3796,.T.);
#4105=FACE_BOUND('',#3797,.T.);
#4106=FACE_BOUND('',#3798,.T.);
#4107=FACE_BOUND('',#3799,.T.);
#4108=FACE_BOUND('',#3800,.T.);
#4109=FACE_BOUND('',#3801,.T.);
#4110=FACE_BOUND('',#3802,.T.);
#4111=FACE_BOUND('',#3803,.T.);
#4112=FACE_BOUND('',#3804,.T.);
#4113=FACE_BOUND('',#3805,.T.);
#4114=FACE_BOUND('',#3806,.T.);
#4115=FACE_BOUND('',#3807,.T.);
#4116=FACE_BOUND('',#3808,.T.);
#4117=FACE_BOUND('',#3809,.T.);
#4118=FACE_BOUND('',#3810,.T.);
#4119=FACE_BOUND('',#3811,.T.);
#4120=FACE_BOUND('',#3812,.T.);
#4121=FACE_BOUND('',#3813,.T.);
#4122=FACE_BOUND('',#3814,.T.);
#4123=FACE_BOUND('',#3815,.T.);
#4124=FACE_BOUND('',#3816,.T.);
#4125=FACE_BOUND('',#3817,.T.);
#4126=FACE_BOUND('',#3818,.T.);
#4127=FACE_BOUND('',#3819,.T.);
#4128=FACE_BOUND('',#3820,.T.);
#4129=FACE_BOUND('',#3821,.T.);
#4130=FACE_BOUND('',#3822,.T.);
#4131=FACE_BOUND('',#3823,.T.);
#4132=FACE_BOUND('',#3824,.T.);
#4133=FACE_BOUND('',#3825,.T.);
#4134=FACE_BOUND('',#3826,.T.);
#4135=FACE_BOUND('',#3827,.T.);
#4136=FACE_BOUND('',#3828,.T.);
#4137=FACE_BOUND('',#3829,.T.);
#4138=FACE_BOUND('',#3830,.T.);
#4139=FACE_BOUND('',#3831,.T.);
#4140=FACE_BOUND('',#3832,.T.);
#4141=FACE_BOUND('',#3833,.T.);
#4142=FACE_BOUND('',#3834,.T.);
#4143=FACE_BOUND('',#3835,.T.);
#4144=FACE_BOUND('',#3836,.T.);
#4145=FACE_BOUND('',#3837,.T.);
#4146=FACE_BOUND('',#3838,.T.);
#4147=FACE_BOUND('',#3839,.T.);
#4148=FACE_BOUND('',#3840,.T.);
#4149=FACE_BOUND('',#3841,.T.);
#4150=FACE_BOUND('',#3842,.T.);
#4151=FACE_BOUND('',#3843,.T.);
#4152=FACE_BOUND('',#3844,.T.);
#4153=FACE_BOUND('',#3845,.T.);
#4154=FACE_BOUND('',#3846,.T.);
#4155=FACE_BOUND('',#3847,.T.);
#4156=FACE_BOUND('',#3848,.T.);
#4157=FACE_BOUND('',#3849,.T.);
#4158=FACE_BOUND('',#3850,.T.);
#4159=FACE_BOUND('',#3851,.T.);
#4160=FACE_BOUND('',#3852,.T.);
#4161=FACE_BOUND('',#3853,.T.);
#4162=FACE_BOUND('',#3854,.T.);
#4163=FACE_BOUND('',#3855,.T.);
#4164=FACE_BOUND('',#3856,.T.);
#4165=FACE_BOUND('',#3857,.T.);
#4166=FACE_BOUND('',#3858,.T.);
#4167=FACE_BOUND('',#3859,.T.);
#4168=FACE_BOUND('',#3860,.T.);
#4169=FACE_BOUND('',#3861,.T.);
#4170=FACE_BOUND('',#3862,.T.);
#4171=FACE_BOUND('',#3863,.T.);
#4172=FACE_BOUND('',#3864,.T.);
#4173=FACE_BOUND('',#3865,.T.);
#4174=FACE_BOUND('',#3866,.T.);
#4175=FACE_BOUND('',#3867,.T.);
#4176=FACE_BOUND('',#3868,.T.);
#4177=FACE_BOUND('',#3869,.T.);
#4178=FACE_BOUND('',#3870,.T.);
#4179=FACE_BOUND('',#3871,.T.);
#4180=FACE_BOUND('',#3872,.T.);
#4181=FACE_BOUND('',#3873,.T.);
#4182=FACE_BOUND('',#3874,.T.);
#4183=FACE_BOUND('',#3875,.T.);
#4184=FACE_BOUND('',#3876,.T.);
#4185=FACE_BOUND('',#3877,.T.);
#4186=FACE_BOUND('',#3878,.T.);
#4187=FACE_BOUND('',#3879,.T.);
#4188=FACE_BOUND('',#3880,.T.);
#4189=B_SPLINE_SURFACE_WITH_KNOTS('',3,1,((#5760,#5761),(#5762,#5763),(#5764,
#5765),(#5766,#5767)),.SURF_OF_LINEAR_EXTRUSION.,.F.,.F.,.F.,(4,4),(2,2),
(0.643767152444754,1.),(0.,1.),.PIECEWISE_BEZIER_KNOTS.);
#4190=B_SPLINE_SURFACE_WITH_KNOTS('',3,1,((#5784,#5785),(#5786,#5787),(#5788,
#5789),(#5790,#5791)),.SURF_OF_LINEAR_EXTRUSION.,.F.,.F.,.F.,(4,4),(2,2),
(0.643767152444754,1.),(0.,1.),.PIECEWISE_BEZIER_KNOTS.);
#4191=B_SPLINE_SURFACE_WITH_KNOTS('',3,1,((#5808,#5809),(#5810,#5811),(#5812,
#5813),(#5814,#5815)),.SURF_OF_LINEAR_EXTRUSION.,.F.,.F.,.F.,(4,4),(2,2),
(0.643767152444754,1.),(0.,1.),.PIECEWISE_BEZIER_KNOTS.);
#4192=B_SPLINE_SURFACE_WITH_KNOTS('',3,1,((#5832,#5833),(#5834,#5835),(#5836,
#5837),(#5838,#5839)),.SURF_OF_LINEAR_EXTRUSION.,.F.,.F.,.F.,(4,4),(2,2),
(0.643767152444754,1.),(0.,1.),.PIECEWISE_BEZIER_KNOTS.);
#4193=B_SPLINE_SURFACE_WITH_KNOTS('',3,1,((#5917,#5918),(#5919,#5920),(#5921,
#5922),(#5923,#5924)),.SURF_OF_LINEAR_EXTRUSION.,.F.,.F.,.F.,(4,4),(2,2),
(0.643767152444755,1.),(0.,1.),.PIECEWISE_BEZIER_KNOTS.);
#4194=B_SPLINE_SURFACE_WITH_KNOTS('',3,1,((#5989,#5990),(#5991,#5992),(#5993,
#5994),(#5995,#5996)),.SURF_OF_LINEAR_EXTRUSION.,.F.,.F.,.F.,(4,4),(2,2),
(0.643767152444755,1.),(0.,1.),.PIECEWISE_BEZIER_KNOTS.);
#4195=B_SPLINE_SURFACE_WITH_KNOTS('',3,1,((#6061,#6062),(#6063,#6064),(#6065,
#6066),(#6067,#6068)),.SURF_OF_LINEAR_EXTRUSION.,.F.,.F.,.F.,(4,4),(2,2),
(0.643767152444755,1.),(0.,1.),.PIECEWISE_BEZIER_KNOTS.);
#4196=B_SPLINE_SURFACE_WITH_KNOTS('',3,1,((#6133,#6134),(#6135,#6136),(#6137,
#6138),(#6139,#6140)),.SURF_OF_LINEAR_EXTRUSION.,.F.,.F.,.F.,(4,4),(2,2),
(0.643767152444754,1.),(0.,1.),.PIECEWISE_BEZIER_KNOTS.);
#4197=B_SPLINE_SURFACE_WITH_KNOTS('',3,3,((#6172,#6173,#6174,#6175,#6176,
#6177,#6178,#6179,#6180,#6181,#6182,#6183,#6184,#6185,#6186,#6187,#6188,
#6189,#6190),(#6191,#6192,#6193,#6194,#6195,#6196,#6197,#6198,#6199,#6200,
#6201,#6202,#6203,#6204,#6205,#6206,#6207,#6208,#6209),(#6210,#6211,#6212,
#6213,#6214,#6215,#6216,#6217,#6218,#6219,#6220,#6221,#6222,#6223,#6224,
#6225,#6226,#6227,#6228),(#6229,#6230,#6231,#6232,#6233,#6234,#6235,#6236,
#6237,#6238,#6239,#6240,#6241,#6242,#6243,#6244,#6245,#6246,#6247),(#6248,
#6249,#6250,#6251,#6252,#6253,#6254,#6255,#6256,#6257,#6258,#6259,#6260,
#6261,#6262,#6263,#6264,#6265,#6266),(#6267,#6268,#6269,#6270,#6271,#6272,
#6273,#6274,#6275,#6276,#6277,#6278,#6279,#6280,#6281,#6282,#6283,#6284,
#6285),(#6286,#6287,#6288,#6289,#6290,#6291,#6292,#6293,#6294,#6295,#6296,
#6297,#6298,#6299,#6300,#6301,#6302,#6303,#6304),(#6305,#6306,#6307,#6308,
#6309,#6310,#6311,#6312,#6313,#6314,#6315,#6316,#6317,#6318,#6319,#6320,
#6321,#6322,#6323),(#6324,#6325,#6326,#6327,#6328,#6329,#6330,#6331,#6332,
#6333,#6334,#6335,#6336,#6337,#6338,#6339,#6340,#6341,#6342),(#6343,#6344,
#6345,#6346,#6347,#6348,#6349,#6350,#6351,#6352,#6353,#6354,#6355,#6356,
#6357,#6358,#6359,#6360,#6361),(#6362,#6363,#6364,#6365,#6366,#6367,#6368,
#6369,#6370,#6371,#6372,#6373,#6374,#6375,#6376,#6377,#6378,#6379,#6380),
(#6381,#6382,#6383,#6384,#6385,#6386,#6387,#6388,#6389,#6390,#6391,#6392,
#6393,#6394,#6395,#6396,#6397,#6398,#6399)),.UNSPECIFIED.,.F.,.T.,.F.,(4,
1,1,1,1,1,1,1,1,4),(1,1,1,1,1,1,1,1,1,1,1,1,1,1,1,1,1,1,1,1,1,1,1),(0.,
0.229981094892512,0.325806551097725,0.402466916061896,0.459962189785024,
0.517457463508151,0.574952737231279,0.632448010954407,0.709108375918578,
0.919924379570047),(-1.17809724509617,-0.785398163397448,-0.392699081698725,
0.,0.392699081698724,0.785398163397448,1.17809724509617,1.5707963267949,
1.96349540849362,2.35619449019234,2.74889357189107,3.14159265358979,3.53429173528852,
3.92699081698724,4.31968989868597,4.71238898038469,5.10508806208341,5.49778714378214,
5.89048622548086,6.28318530717959,6.67588438887831,7.06858347057703,7.46128255227576),
 .UNSPECIFIED.);
#4198=B_SPLINE_SURFACE_WITH_KNOTS('',3,1,((#6900,#6901),(#6902,#6903),(#6904,
#6905),(#6906,#6907)),.SURF_OF_LINEAR_EXTRUSION.,.F.,.F.,.F.,(4,4),(2,2),
(0.141920734883095,0.325583891193106),(0.,1.),.PIECEWISE_BEZIER_KNOTS.);
#4199=B_SPLINE_SURFACE_WITH_KNOTS('',3,1,((#7009,#7010),(#7011,#7012),(#7013,
#7014),(#7015,#7016)),.SURF_OF_LINEAR_EXTRUSION.,.F.,.F.,.F.,(4,4),(2,2),
(0.141920734883095,0.325583891193106),(0.,1.),.PIECEWISE_BEZIER_KNOTS.);
#4200=B_SPLINE_SURFACE_WITH_KNOTS('',3,1,((#7118,#7119),(#7120,#7121),(#7122,
#7123),(#7124,#7125)),.SURF_OF_LINEAR_EXTRUSION.,.F.,.F.,.F.,(4,4),(2,2),
(0.141920734883095,0.325583891193106),(0.,1.),.PIECEWISE_BEZIER_KNOTS.);
#4201=B_SPLINE_SURFACE_WITH_KNOTS('',3,1,((#7227,#7228),(#7229,#7230),(#7231,
#7232),(#7233,#7234)),.SURF_OF_LINEAR_EXTRUSION.,.F.,.F.,.F.,(4,4),(2,2),
(0.141920734883094,0.325583891193106),(0.,1.),.PIECEWISE_BEZIER_KNOTS.);
#4202=B_SPLINE_SURFACE_WITH_KNOTS('',3,1,((#7297,#7298),(#7299,#7300),(#7301,
#7302),(#7303,#7304)),.SURF_OF_LINEAR_EXTRUSION.,.F.,.F.,.F.,(4,4),(2,2),
(0.142146912767056,0.287887577199598),(0.,1.),.PIECEWISE_BEZIER_KNOTS.);
#4203=B_SPLINE_SURFACE_WITH_KNOTS('',3,1,((#7306,#7307),(#7308,#7309),(#7310,
#7311),(#7312,#7313)),.SURF_OF_LINEAR_EXTRUSION.,.F.,.F.,.F.,(4,4),(2,2),
(0.142146912767056,0.287887577199598),(0.,1.),.PIECEWISE_BEZIER_KNOTS.);
#4204=B_SPLINE_SURFACE_WITH_KNOTS('',3,1,((#7315,#7316),(#7317,#7318),(#7319,
#7320),(#7321,#7322)),.SURF_OF_LINEAR_EXTRUSION.,.F.,.F.,.F.,(4,4),(2,2),
(0.142146912767056,0.287887577199598),(0.,1.),.PIECEWISE_BEZIER_KNOTS.);
#4205=B_SPLINE_SURFACE_WITH_KNOTS('',3,1,((#7324,#7325),(#7326,#7327),(#7328,
#7329),(#7330,#7331)),.SURF_OF_LINEAR_EXTRUSION.,.F.,.F.,.F.,(4,4),(2,2),
(0.142146912767056,0.287887577199598),(0.,1.),.PIECEWISE_BEZIER_KNOTS.);
#4206=B_SPLINE_SURFACE_WITH_KNOTS('',3,1,((#7674,#7675),(#7676,#7677),(#7678,
#7679),(#7680,#7681),(#7682,#7683),(#7684,#7685)),
 .SURF_OF_LINEAR_EXTRUSION.,.F.,.F.,.F.,(4,1,1,4),(2,2),(0.343781574197648,
0.483729934874428,0.553704115212818,0.623678295551207),(0.,1.),
 .UNSPECIFIED.);
#4207=B_SPLINE_SURFACE_WITH_KNOTS('',3,1,((#7723,#7724),(#7725,#7726),(#7727,
#7728),(#7729,#7730),(#7731,#7732),(#7733,#7734)),
 .SURF_OF_LINEAR_EXTRUSION.,.F.,.F.,.F.,(4,1,1,4),(2,2),(0.343781574197649,
0.483729934874428,0.553704115212818,0.623678295551207),(0.,1.),
 .UNSPECIFIED.);
#4208=B_SPLINE_SURFACE_WITH_KNOTS('',3,1,((#7797,#7798),(#7799,#7800),(#7801,
#7802),(#7803,#7804),(#7805,#7806),(#7807,#7808)),
 .SURF_OF_LINEAR_EXTRUSION.,.F.,.F.,.F.,(4,1,1,4),(2,2),(0.343781574197648,
0.483729934874428,0.553704115212817,0.623678295551207),(0.,1.),
 .UNSPECIFIED.);
#4209=B_SPLINE_SURFACE_WITH_KNOTS('',3,1,((#7871,#7872),(#7873,#7874),(#7875,
#7876),(#7877,#7878),(#7879,#7880),(#7881,#7882)),
 .SURF_OF_LINEAR_EXTRUSION.,.F.,.F.,.F.,(4,1,1,4),(2,2),(0.343781574197649,
0.483729934874428,0.553704115212818,0.623678295551207),(0.,1.),
 .UNSPECIFIED.);
#4210=B_SPLINE_SURFACE_WITH_KNOTS('',3,1,((#7945,#7946),(#7947,#7948),(#7949,
#7950),(#7951,#7952),(#7953,#7954),(#7955,#7956)),
 .SURF_OF_LINEAR_EXTRUSION.,.F.,.F.,.F.,(4,1,1,4),(2,2),(0.343781574197648,
0.483729934874428,0.553704115212817,0.623678295551207),(0.,1.),
 .UNSPECIFIED.);
#4211=B_SPLINE_SURFACE_WITH_KNOTS('',3,1,((#8019,#8020),(#8021,#8022),(#8023,
#8024),(#8025,#8026),(#8027,#8028),(#8029,#8030)),
 .SURF_OF_LINEAR_EXTRUSION.,.F.,.F.,.F.,(4,1,1,4),(2,2),(0.343781574197649,
0.483729934874428,0.553704115212818,0.623678295551207),(0.,1.),
 .UNSPECIFIED.);
#4212=B_SPLINE_SURFACE_WITH_KNOTS('',3,1,((#8093,#8094),(#8095,#8096),(#8097,
#8098),(#8099,#8100),(#8101,#8102),(#8103,#8104)),
 .SURF_OF_LINEAR_EXTRUSION.,.F.,.F.,.F.,(4,1,1,4),(2,2),(0.343781574197648,
0.483729934874428,0.553704115212817,0.623678295551207),(0.,1.),
 .UNSPECIFIED.);
#4213=B_SPLINE_SURFACE_WITH_KNOTS('',3,1,((#8167,#8168),(#8169,#8170),(#8171,
#8172),(#8173,#8174),(#8175,#8176),(#8177,#8178)),
 .SURF_OF_LINEAR_EXTRUSION.,.F.,.F.,.F.,(4,1,1,4),(2,2),(0.343781574197649,
0.483729934874428,0.553704115212818,0.623678295551207),(0.,1.),
 .UNSPECIFIED.);
#4214=ADVANCED_FACE('',(#3881),#4189,.F.);
#4215=ADVANCED_FACE('',(#3882),#4190,.F.);
#4216=ADVANCED_FACE('',(#3883),#4191,.F.);
#4217=ADVANCED_FACE('',(#3884),#4192,.F.);
#4218=ADVANCED_FACE('',(#3885),#323,.T.);
#4219=ADVANCED_FACE('',(#3886),#50,.T.);
#4220=ADVANCED_FACE('',(#3887),#51,.F.);
#4221=ADVANCED_FACE('',(#3888),#4193,.F.);
#4222=ADVANCED_FACE('',(#3889),#52,.T.);
#4223=ADVANCED_FACE('',(#3890),#53,.F.);
#4224=ADVANCED_FACE('',(#3891),#54,.T.);
#4225=ADVANCED_FACE('',(#3892),#55,.F.);
#4226=ADVANCED_FACE('',(#3893),#4194,.F.);
#4227=ADVANCED_FACE('',(#3894),#56,.T.);
#4228=ADVANCED_FACE('',(#3895),#57,.F.);
#4229=ADVANCED_FACE('',(#3896),#58,.T.);
#4230=ADVANCED_FACE('',(#3897),#59,.F.);
#4231=ADVANCED_FACE('',(#3898),#4195,.F.);
#4232=ADVANCED_FACE('',(#3899),#60,.T.);
#4233=ADVANCED_FACE('',(#3900),#61,.F.);
#4234=ADVANCED_FACE('',(#3901),#62,.T.);
#4235=ADVANCED_FACE('',(#3902),#63,.F.);
#4236=ADVANCED_FACE('',(#3903),#4196,.F.);
#4237=ADVANCED_FACE('',(#3904),#64,.T.);
#4238=ADVANCED_FACE('',(#3905),#65,.F.);
#4239=ADVANCED_FACE('',(#3906,#3907,#3908,#3909,#3910,#3911),#4197,.T.);
#4240=ADVANCED_FACE('',(#3912),#324,.T.);
#4241=ADVANCED_FACE('',(#3913),#325,.T.);
#4242=ADVANCED_FACE('',(#3914),#326,.T.);
#4243=ADVANCED_FACE('',(#3915),#327,.T.);
#4244=ADVANCED_FACE('',(#3916),#328,.T.);
#4245=ADVANCED_FACE('',(#3917),#329,.T.);
#4246=ADVANCED_FACE('',(#3918),#330,.T.);
#4247=ADVANCED_FACE('',(#3919,#3920),#66,.F.);
#4248=ADVANCED_FACE('',(#3921),#67,.F.);
#4249=ADVANCED_FACE('',(#3922),#68,.F.);
#4250=ADVANCED_FACE('',(#3923),#69,.F.);
#4251=ADVANCED_FACE('',(#3924),#70,.F.);
#4252=ADVANCED_FACE('',(#3925),#71,.F.);
#4253=ADVANCED_FACE('',(#3926),#72,.F.);
#4254=ADVANCED_FACE('',(#3927),#73,.F.);
#4255=ADVANCED_FACE('',(#3928),#74,.F.);
#4256=ADVANCED_FACE('',(#3929,#3930),#13,.F.);
#4257=ADVANCED_FACE('',(#3931,#3932),#14,.F.);
#4258=ADVANCED_FACE('',(#3933,#3934),#15,.F.);
#4259=ADVANCED_FACE('',(#3935,#3936),#16,.F.);
#4260=ADVANCED_FACE('',(#3937),#75,.F.);
#4261=ADVANCED_FACE('',(#3938),#76,.F.);
#4262=ADVANCED_FACE('',(#3939),#77,.F.);
#4263=ADVANCED_FACE('',(#3940),#78,.F.);
#4264=ADVANCED_FACE('',(#3941),#79,.F.);
#4265=ADVANCED_FACE('',(#3942),#80,.F.);
#4266=ADVANCED_FACE('',(#3943),#81,.F.);
#4267=ADVANCED_FACE('',(#3944),#82,.F.);
#4268=ADVANCED_FACE('',(#3945,#3946),#17,.T.);
#4269=ADVANCED_FACE('',(#3947,#3948),#83,.F.);
#4270=ADVANCED_FACE('',(#3949,#3950),#18,.T.);
#4271=ADVANCED_FACE('',(#3951,#3952),#84,.F.);
#4272=ADVANCED_FACE('',(#3953,#3954),#19,.F.);
#4273=ADVANCED_FACE('',(#3955,#3956),#12,.F.);
#4274=ADVANCED_FACE('',(#3957),#85,.F.);
#4275=ADVANCED_FACE('',(#3958),#86,.F.);
#4276=ADVANCED_FACE('',(#3959),#87,.T.);
#4277=ADVANCED_FACE('',(#3960),#4198,.F.);
#4278=ADVANCED_FACE('',(#3961),#88,.T.);
#4279=ADVANCED_FACE('',(#3962),#331,.T.);
#4280=ADVANCED_FACE('',(#3963),#332,.T.);
#4281=ADVANCED_FACE('',(#3964),#89,.F.);
#4282=ADVANCED_FACE('',(#3965),#90,.F.);
#4283=ADVANCED_FACE('',(#3966),#91,.T.);
#4284=ADVANCED_FACE('',(#3967),#4199,.F.);
#4285=ADVANCED_FACE('',(#3968),#92,.T.);
#4286=ADVANCED_FACE('',(#3969),#333,.T.);
#4287=ADVANCED_FACE('',(#3970),#334,.T.);
#4288=ADVANCED_FACE('',(#3971),#93,.F.);
#4289=ADVANCED_FACE('',(#3972),#94,.F.);
#4290=ADVANCED_FACE('',(#3973),#95,.T.);
#4291=ADVANCED_FACE('',(#3974),#4200,.F.);
#4292=ADVANCED_FACE('',(#3975),#96,.T.);
#4293=ADVANCED_FACE('',(#3976),#335,.T.);
#4294=ADVANCED_FACE('',(#3977),#336,.T.);
#4295=ADVANCED_FACE('',(#3978),#97,.F.);
#4296=ADVANCED_FACE('',(#3979),#98,.F.);
#4297=ADVANCED_FACE('',(#3980),#99,.T.);
#4298=ADVANCED_FACE('',(#3981),#4201,.F.);
#4299=ADVANCED_FACE('',(#3982),#337,.T.);
#4300=ADVANCED_FACE('',(#3983),#100,.T.);
#4301=ADVANCED_FACE('',(#3984),#338,.T.);
#4302=ADVANCED_FACE('',(#3985),#4202,.F.);
#4303=ADVANCED_FACE('',(#3986),#4203,.F.);
#4304=ADVANCED_FACE('',(#3987),#4204,.F.);
#4305=ADVANCED_FACE('',(#3988),#4205,.F.);
#4306=ADVANCED_FACE('',(#3989),#101,.T.);
#4307=ADVANCED_FACE('',(#3990),#102,.T.);
#4308=ADVANCED_FACE('',(#3991),#103,.T.);
#4309=ADVANCED_FACE('',(#3992),#104,.T.);
#4310=ADVANCED_FACE('',(#3993,#3994),#105,.F.);
#4311=ADVANCED_FACE('',(#3995),#106,.T.);
#4312=ADVANCED_FACE('',(#3996),#107,.T.);
#4313=ADVANCED_FACE('',(#3997),#108,.T.);
#4314=ADVANCED_FACE('',(#3998),#109,.T.);
#4315=ADVANCED_FACE('',(#3999),#20,.F.);
#4316=ADVANCED_FACE('',(#4000),#21,.F.);
#4317=ADVANCED_FACE('',(#4001),#22,.F.);
#4318=ADVANCED_FACE('',(#4002),#23,.F.);
#4319=ADVANCED_FACE('',(#4003),#24,.F.);
#4320=ADVANCED_FACE('',(#4004),#25,.F.);
#4321=ADVANCED_FACE('',(#4005),#26,.F.);
#4322=ADVANCED_FACE('',(#4006),#27,.F.);
#4323=ADVANCED_FACE('',(#4007),#110,.T.);
#4324=ADVANCED_FACE('',(#4008),#111,.T.);
#4325=ADVANCED_FACE('',(#4009),#112,.T.);
#4326=ADVANCED_FACE('',(#4010),#113,.T.);
#4327=ADVANCED_FACE('',(#4011,#4012),#114,.T.);
#4328=ADVANCED_FACE('',(#4013),#115,.T.);
#4329=ADVANCED_FACE('',(#4014),#116,.T.);
#4330=ADVANCED_FACE('',(#4015),#117,.T.);
#4331=ADVANCED_FACE('',(#4016),#118,.T.);
#4332=ADVANCED_FACE('',(#4017),#119,.T.);
#4333=ADVANCED_FACE('',(#4018,#4019),#120,.T.);
#4334=ADVANCED_FACE('',(#4020),#121,.T.);
#4335=ADVANCED_FACE('',(#4021),#122,.T.);
#4336=ADVANCED_FACE('',(#4022),#123,.T.);
#4337=ADVANCED_FACE('',(#4023),#124,.T.);
#4338=ADVANCED_FACE('',(#4024),#125,.T.);
#4339=ADVANCED_FACE('',(#4025,#4026),#126,.T.);
#4340=ADVANCED_FACE('',(#4027),#127,.T.);
#4341=ADVANCED_FACE('',(#4028),#128,.T.);
#4342=ADVANCED_FACE('',(#4029),#129,.T.);
#4343=ADVANCED_FACE('',(#4030),#130,.T.);
#4344=ADVANCED_FACE('',(#4031),#131,.T.);
#4345=ADVANCED_FACE('',(#4032,#4033),#132,.T.);
#4346=ADVANCED_FACE('',(#4034),#133,.T.);
#4347=ADVANCED_FACE('',(#4035),#134,.T.);
#4348=ADVANCED_FACE('',(#4036),#135,.F.);
#4349=ADVANCED_FACE('',(#4037),#136,.T.);
#4350=ADVANCED_FACE('',(#4038),#137,.F.);
#4351=ADVANCED_FACE('',(#4039),#138,.T.);
#4352=ADVANCED_FACE('',(#4040),#139,.F.);
#4353=ADVANCED_FACE('',(#4041),#140,.T.);
#4354=ADVANCED_FACE('',(#4042),#141,.F.);
#4355=ADVANCED_FACE('',(#4043),#142,.T.);
#4356=ADVANCED_FACE('',(#4044),#143,.F.);
#4357=ADVANCED_FACE('',(#4045),#4206,.F.);
#4358=ADVANCED_FACE('',(#4046),#144,.T.);
#4359=ADVANCED_FACE('',(#4047),#145,.F.);
#4360=ADVANCED_FACE('',(#4048),#4207,.F.);
#4361=ADVANCED_FACE('',(#4049),#339,.T.);
#4362=ADVANCED_FACE('',(#4050),#146,.T.);
#4363=ADVANCED_FACE('',(#4051),#147,.F.);
#4364=ADVANCED_FACE('',(#4052),#4208,.F.);
#4365=ADVANCED_FACE('',(#4053),#340,.T.);
#4366=ADVANCED_FACE('',(#4054),#148,.T.);
#4367=ADVANCED_FACE('',(#4055),#149,.F.);
#4368=ADVANCED_FACE('',(#4056),#4209,.F.);
#4369=ADVANCED_FACE('',(#4057),#341,.T.);
#4370=ADVANCED_FACE('',(#4058),#150,.T.);
#4371=ADVANCED_FACE('',(#4059),#151,.F.);
#4372=ADVANCED_FACE('',(#4060),#4210,.F.);
#4373=ADVANCED_FACE('',(#4061),#342,.T.);
#4374=ADVANCED_FACE('',(#4062),#152,.T.);
#4375=ADVANCED_FACE('',(#4063),#153,.F.);
#4376=ADVANCED_FACE('',(#4064),#4211,.F.);
#4377=ADVANCED_FACE('',(#4065),#343,.T.);
#4378=ADVANCED_FACE('',(#4066),#154,.T.);
#4379=ADVANCED_FACE('',(#4067),#155,.F.);
#4380=ADVANCED_FACE('',(#4068),#4212,.F.);
#4381=ADVANCED_FACE('',(#4069),#344,.T.);
#4382=ADVANCED_FACE('',(#4070),#156,.T.);
#4383=ADVANCED_FACE('',(#4071),#157,.F.);
#4384=ADVANCED_FACE('',(#4072),#4213,.F.);
#4385=ADVANCED_FACE('',(#4073),#345,.T.);
#4386=ADVANCED_FACE('',(#4074),#346,.T.);
#4387=ADVANCED_FACE('',(#4075,#4076,#4077,#4078,#4079,#4080,#4081,#4082,
#4083,#4084,#4085,#4086,#4087,#4088,#4089,#4090,#4091,#4092,#4093,#4094,
#4095,#4096),#158,.F.);
#4388=ADVANCED_FACE('',(#4097),#28,.T.);
#4389=ADVANCED_FACE('',(#4098),#29,.T.);
#4390=ADVANCED_FACE('',(#4099),#30,.T.);
#4391=ADVANCED_FACE('',(#4100),#31,.T.);
#4392=ADVANCED_FACE('',(#4101),#32,.T.);
#4393=ADVANCED_FACE('',(#4102),#33,.T.);
#4394=ADVANCED_FACE('',(#4103),#34,.T.);
#4395=ADVANCED_FACE('',(#4104,#4105,#4106,#4107,#4108,#4109,#4110,#4111,
#4112,#4113,#4114,#4115,#4116,#4117,#4118,#4119,#4120,#4121),#159,.T.);
#4396=ADVANCED_FACE('',(#4122),#35,.F.);
#4397=ADVANCED_FACE('',(#4123),#36,.T.);
#4398=ADVANCED_FACE('',(#4124,#4125),#37,.F.);
#4399=ADVANCED_FACE('',(#4126,#4127),#38,.F.);
#4400=ADVANCED_FACE('',(#4128),#160,.F.);
#4401=ADVANCED_FACE('',(#4129),#161,.F.);
#4402=ADVANCED_FACE('',(#4130),#162,.F.);
#4403=ADVANCED_FACE('',(#4131),#163,.F.);
#4404=ADVANCED_FACE('',(#4132),#164,.F.);
#4405=ADVANCED_FACE('',(#4133),#165,.F.);
#4406=ADVANCED_FACE('',(#4134),#166,.F.);
#4407=ADVANCED_FACE('',(#4135),#167,.F.);
#4408=ADVANCED_FACE('',(#4136,#4137),#39,.F.);
#4409=ADVANCED_FACE('',(#4138,#4139),#40,.F.);
#4410=ADVANCED_FACE('',(#4140),#168,.F.);
#4411=ADVANCED_FACE('',(#4141),#169,.F.);
#4412=ADVANCED_FACE('',(#4142),#170,.F.);
#4413=ADVANCED_FACE('',(#4143),#171,.F.);
#4414=ADVANCED_FACE('',(#4144),#172,.F.);
#4415=ADVANCED_FACE('',(#4145),#173,.F.);
#4416=ADVANCED_FACE('',(#4146),#174,.F.);
#4417=ADVANCED_FACE('',(#4147),#175,.F.);
#4418=ADVANCED_FACE('',(#4148,#4149),#41,.F.);
#4419=ADVANCED_FACE('',(#4150,#4151),#42,.F.);
#4420=ADVANCED_FACE('',(#4152),#176,.F.);
#4421=ADVANCED_FACE('',(#4153),#177,.F.);
#4422=ADVANCED_FACE('',(#4154),#178,.F.);
#4423=ADVANCED_FACE('',(#4155),#179,.F.);
#4424=ADVANCED_FACE('',(#4156),#180,.F.);
#4425=ADVANCED_FACE('',(#4157),#181,.F.);
#4426=ADVANCED_FACE('',(#4158),#182,.F.);
#4427=ADVANCED_FACE('',(#4159),#183,.F.);
#4428=ADVANCED_FACE('',(#4160,#4161),#43,.F.);
#4429=ADVANCED_FACE('',(#4162),#184,.F.);
#4430=ADVANCED_FACE('',(#4163),#185,.F.);
#4431=ADVANCED_FACE('',(#4164),#186,.F.);
#4432=ADVANCED_FACE('',(#4165),#187,.F.);
#4433=ADVANCED_FACE('',(#4166),#188,.F.);
#4434=ADVANCED_FACE('',(#4167),#189,.F.);
#4435=ADVANCED_FACE('',(#4168),#190,.F.);
#4436=ADVANCED_FACE('',(#4169),#191,.F.);
#4437=ADVANCED_FACE('',(#4170,#4171),#44,.F.);
#4438=ADVANCED_FACE('',(#4172),#45,.T.);
#4439=ADVANCED_FACE('',(#4173),#192,.T.);
#4440=ADVANCED_FACE('',(#4174),#193,.F.);
#4441=ADVANCED_FACE('',(#4175,#4176),#46,.F.);
#4442=ADVANCED_FACE('',(#4177,#4178),#47,.F.);
#4443=ADVANCED_FACE('',(#4179,#4180),#48,.F.);
#4444=ADVANCED_FACE('',(#4181),#194,.T.);
#4445=ADVANCED_FACE('',(#4182,#4183),#49,.F.);
#4446=ADVANCED_FACE('',(#4184,#4185,#4186,#4187,#4188),#195,.T.);
#4447=CLOSED_SHELL('',(#4214,#4215,#4216,#4217,#4218,#4219,#4220,#4221,
#4222,#4223,#4224,#4225,#4226,#4227,#4228,#4229,#4230,#4231,#4232,#4233,
#4234,#4235,#4236,#4237,#4238,#4239,#4240,#4241,#4242,#4243,#4244,#4245,
#4246,#4247,#4248,#4249,#4250,#4251,#4252,#4253,#4254,#4255,#4256,#4257,
#4258,#4259,#4260,#4261,#4262,#4263,#4264,#4265,#4266,#4267,#4268,#4269,
#4270,#4271,#4272,#4273,#4274,#4275,#4276,#4277,#4278,#4279,#4280,#4281,
#4282,#4283,#4284,#4285,#4286,#4287,#4288,#4289,#4290,#4291,#4292,#4293,
#4294,#4295,#4296,#4297,#4298,#4299,#4300,#4301,#4302,#4303,#4304,#4305,
#4306,#4307,#4308,#4309,#4310,#4311,#4312,#4313,#4314,#4315,#4316,#4317,
#4318,#4319,#4320,#4321,#4322,#4323,#4324,#4325,#4326,#4327,#4328,#4329,
#4330,#4331,#4332,#4333,#4334,#4335,#4336,#4337,#4338,#4339,#4340,#4341,
#4342,#4343,#4344,#4345,#4346,#4347,#4348,#4349,#4350,#4351,#4352,#4353,
#4354,#4355,#4356,#4357,#4358,#4359,#4360,#4361,#4362,#4363,#4364,#4365,
#4366,#4367,#4368,#4369,#4370,#4371,#4372,#4373,#4374,#4375,#4376,#4377,
#4378,#4379,#4380,#4381,#4382,#4383,#4384,#4385,#4386,#4387,#4388,#4389,
#4390,#4391,#4392,#4393,#4394,#4395,#4396,#4397,#4398,#4399,#4400,#4401,
#4402,#4403,#4404,#4405,#4406,#4407,#4408,#4409,#4410,#4411,#4412,#4413,
#4414,#4415,#4416,#4417,#4418,#4419,#4420,#4421,#4422,#4423,#4424,#4425,
#4426,#4427,#4428,#4429,#4430,#4431,#4432,#4433,#4434,#4435,#4436,#4437,
#4438,#4439,#4440,#4441,#4442,#4443,#4444,#4445,#4446));
#4448=STYLED_ITEM('',(#4449),#4456);
#4449=PRESENTATION_STYLE_ASSIGNMENT((#4450));
#4450=SURFACE_STYLE_USAGE(.BOTH.,#4451);
#4451=SURFACE_SIDE_STYLE('',(#4452));
#4452=SURFACE_STYLE_FILL_AREA(#4453);
#4453=FILL_AREA_STYLE('',(#4454));
#4454=FILL_AREA_STYLE_COLOUR('',#4455);
#4455=COLOUR_RGB('',0.498039215686275,0.498039215686275,0.498039215686275);
#4456=MANIFOLD_SOLID_BREP('Tail Boolean',#4447);
#4457=SHAPE_DEFINITION_REPRESENTATION(#8538,#4458);
#4458=SHAPE_REPRESENTATION('Tail Boolean',(#4459),#8533);
#4459=AXIS2_PLACEMENT_3D('',#5759,#4771,#4772);
#4460=AXIS2_PLACEMENT_3D('',#5872,#4781,#4782);
#4461=AXIS2_PLACEMENT_3D('',#5888,#4783,#4784);
#4462=AXIS2_PLACEMENT_3D('',#5902,#4785,#4786);
#4463=AXIS2_PLACEMENT_3D('',#5914,#4789,#4790);
#4464=AXIS2_PLACEMENT_3D('',#5941,#4795,#4796);
#4465=AXIS2_PLACEMENT_3D('',#5953,#4799,#4800);
#4466=AXIS2_PLACEMENT_3D('',#5965,#4803,#4804);
#4467=AXIS2_PLACEMENT_3D('',#5977,#4807,#4808);
#4468=AXIS2_PLACEMENT_3D('',#6013,#4813,#4814);
#4469=AXIS2_PLACEMENT_3D('',#6025,#4817,#4818);
#4470=AXIS2_PLACEMENT_3D('',#6037,#4821,#4822);
#4471=AXIS2_PLACEMENT_3D('',#6049,#4825,#4826);
#4472=AXIS2_PLACEMENT_3D('',#6085,#4831,#4832);
#4473=AXIS2_PLACEMENT_3D('',#6097,#4835,#4836);
#4474=AXIS2_PLACEMENT_3D('',#6109,#4839,#4840);
#4475=AXIS2_PLACEMENT_3D('',#6121,#4843,#4844);
#4476=AXIS2_PLACEMENT_3D('',#6157,#4849,#4850);
#4477=AXIS2_PLACEMENT_3D('',#6160,#4853,#4854);
#4478=AXIS2_PLACEMENT_3D('',#6424,#4857,#4858);
#4479=AXIS2_PLACEMENT_3D('',#6426,#4859,#4860);
#4480=AXIS2_PLACEMENT_3D('',#6468,#4861,#4862);
#4481=AXIS2_PLACEMENT_3D('',#6474,#4863,#4864);
#4482=AXIS2_PLACEMENT_3D('',#6495,#4865,#4866);
#4483=AXIS2_PLACEMENT_3D('',#6501,#4867,#4868);
#4484=AXIS2_PLACEMENT_3D('',#6522,#4869,#4870);
#4485=AXIS2_PLACEMENT_3D('',#6528,#4871,#4872);
#4486=AXIS2_PLACEMENT_3D('',#6549,#4873,#4874);
#4487=AXIS2_PLACEMENT_3D('',#6555,#4875,#4876);
#4488=AXIS2_PLACEMENT_3D('',#6576,#4877,#4878);
#4489=AXIS2_PLACEMENT_3D('',#6582,#4879,#4880);
#4490=AXIS2_PLACEMENT_3D('',#6603,#4881,#4882);
#4491=AXIS2_PLACEMENT_3D('',#6609,#4883,#4884);
#4492=AXIS2_PLACEMENT_3D('',#6630,#4885,#4886);
#4493=AXIS2_PLACEMENT_3D('',#6635,#4887,#4888);
#4494=AXIS2_PLACEMENT_3D('',#6640,#4889,#4890);
#4495=AXIS2_PLACEMENT_3D('',#6641,#4891,#4892);
#4496=AXIS2_PLACEMENT_3D('',#6642,#4893,#4894);
#4497=AXIS2_PLACEMENT_3D('',#6643,#4895,#4896);
#4498=AXIS2_PLACEMENT_3D('',#6644,#4897,#4898);
#4499=AXIS2_PLACEMENT_3D('',#6645,#4899,#4900);
#4500=AXIS2_PLACEMENT_3D('',#6646,#4901,#4902);
#4501=AXIS2_PLACEMENT_3D('',#6647,#4903,#4904);
#4502=AXIS2_PLACEMENT_3D('',#6648,#4905,#4906);
#4503=AXIS2_PLACEMENT_3D('',#6649,#4907,#4908);
#4504=AXIS2_PLACEMENT_3D('',#6650,#4909,#4910);
#4505=AXIS2_PLACEMENT_3D('',#6652,#4911,#4912);
#4506=AXIS2_PLACEMENT_3D('',#6653,#4913,#4914);
#4507=AXIS2_PLACEMENT_3D('',#6655,#4915,#4916);
#4508=AXIS2_PLACEMENT_3D('',#6656,#4917,#4918);
#4509=AXIS2_PLACEMENT_3D('',#6658,#4919,#4920);
#4510=AXIS2_PLACEMENT_3D('',#6659,#4921,#4922);
#4511=AXIS2_PLACEMENT_3D('',#6661,#4923,#4924);
#4512=AXIS2_PLACEMENT_3D('',#6665,#4926,#4927);
#4513=AXIS2_PLACEMENT_3D('',#6669,#4929,#4930);
#4514=AXIS2_PLACEMENT_3D('',#6670,#4931,#4932);
#4515=AXIS2_PLACEMENT_3D('',#6674,#4934,#4935);
#4516=AXIS2_PLACEMENT_3D('',#6678,#4937,#4938);
#4517=AXIS2_PLACEMENT_3D('',#6679,#4939,#4940);
#4518=AXIS2_PLACEMENT_3D('',#6683,#4942,#4943);
#4519=AXIS2_PLACEMENT_3D('',#6687,#4945,#4946);
#4520=AXIS2_PLACEMENT_3D('',#6688,#4947,#4948);
#4521=AXIS2_PLACEMENT_3D('',#6692,#4950,#4951);
#4522=AXIS2_PLACEMENT_3D('',#6696,#4953,#4954);
#4523=AXIS2_PLACEMENT_3D('',#6697,#4955,#4956);
#4524=AXIS2_PLACEMENT_3D('',#6701,#4958,#4959);
#4525=AXIS2_PLACEMENT_3D('',#6705,#4961,#4962);
#4526=AXIS2_PLACEMENT_3D('',#6706,#4963,#4964);
#4527=AXIS2_PLACEMENT_3D('',#6710,#4966,#4967);
#4528=AXIS2_PLACEMENT_3D('',#6714,#4969,#4970);
#4529=AXIS2_PLACEMENT_3D('',#6715,#4971,#4972);
#4530=AXIS2_PLACEMENT_3D('',#6719,#4974,#4975);
#4531=AXIS2_PLACEMENT_3D('',#6723,#4977,#4978);
#4532=AXIS2_PLACEMENT_3D('',#6724,#4979,#4980);
#4533=AXIS2_PLACEMENT_3D('',#6728,#4982,#4983);
#4534=AXIS2_PLACEMENT_3D('',#6732,#4985,#4986);
#4535=AXIS2_PLACEMENT_3D('',#6733,#4987,#4988);
#4536=AXIS2_PLACEMENT_3D('',#6734,#4989,#4990);
#4537=AXIS2_PLACEMENT_3D('',#6736,#4991,#4992);
#4538=AXIS2_PLACEMENT_3D('',#6737,#4993,#4994);
#4539=AXIS2_PLACEMENT_3D('',#6739,#4995,#4996);
#4540=AXIS2_PLACEMENT_3D('',#6740,#4997,#4998);
#4541=AXIS2_PLACEMENT_3D('',#6742,#4999,#5000);
#4542=AXIS2_PLACEMENT_3D('',#6743,#5001,#5002);
#4543=AXIS2_PLACEMENT_3D('',#6745,#5003,#5004);
#4544=AXIS2_PLACEMENT_3D('',#6746,#5005,#5006);
#4545=AXIS2_PLACEMENT_3D('',#6748,#5007,#5008);
#4546=AXIS2_PLACEMENT_3D('',#6861,#5009,#5010);
#4547=AXIS2_PLACEMENT_3D('',#6874,#5012,#5013);
#4548=AXIS2_PLACEMENT_3D('',#6887,#5015,#5016);
#4549=AXIS2_PLACEMENT_3D('',#6909,#5019,#5020);
#4550=AXIS2_PLACEMENT_3D('',#6938,#5022,#5023);
#4551=AXIS2_PLACEMENT_3D('',#6945,#5024,#5025);
#4552=AXIS2_PLACEMENT_3D('',#6962,#5026,#5027);
#4553=AXIS2_PLACEMENT_3D('',#6969,#5028,#5029);
#4554=AXIS2_PLACEMENT_3D('',#6970,#5030,#5031);
#4555=AXIS2_PLACEMENT_3D('',#6983,#5033,#5034);
#4556=AXIS2_PLACEMENT_3D('',#6996,#5036,#5037);
#4557=AXIS2_PLACEMENT_3D('',#7018,#5040,#5041);
#4558=AXIS2_PLACEMENT_3D('',#7047,#5043,#5044);
#4559=AXIS2_PLACEMENT_3D('',#7054,#5045,#5046);
#4560=AXIS2_PLACEMENT_3D('',#7071,#5047,#5048);
#4561=AXIS2_PLACEMENT_3D('',#7078,#5049,#5050);
#4562=AXIS2_PLACEMENT_3D('',#7079,#5051,#5052);
#4563=AXIS2_PLACEMENT_3D('',#7092,#5054,#5055);
#4564=AXIS2_PLACEMENT_3D('',#7105,#5057,#5058);
#4565=AXIS2_PLACEMENT_3D('',#7127,#5061,#5062);
#4566=AXIS2_PLACEMENT_3D('',#7156,#5064,#5065);
#4567=AXIS2_PLACEMENT_3D('',#7163,#5066,#5067);
#4568=AXIS2_PLACEMENT_3D('',#7180,#5068,#5069);
#4569=AXIS2_PLACEMENT_3D('',#7187,#5070,#5071);
#4570=AXIS2_PLACEMENT_3D('',#7188,#5072,#5073);
#4571=AXIS2_PLACEMENT_3D('',#7201,#5075,#5076);
#4572=AXIS2_PLACEMENT_3D('',#7214,#5078,#5079);
#4573=AXIS2_PLACEMENT_3D('',#7252,#5082,#5083);
#4574=AXIS2_PLACEMENT_3D('',#7259,#5084,#5085);
#4575=AXIS2_PLACEMENT_3D('',#7260,#5086,#5087);
#4576=AXIS2_PLACEMENT_3D('',#7289,#5089,#5090);
#4577=AXIS2_PLACEMENT_3D('',#7296,#5091,#5092);
#4578=AXIS2_PLACEMENT_3D('',#7333,#5097,#5098);
#4579=AXIS2_PLACEMENT_3D('',#7336,#5100,#5101);
#4580=AXIS2_PLACEMENT_3D('',#7344,#5105,#5106);
#4581=AXIS2_PLACEMENT_3D('',#7347,#5108,#5109);
#4582=AXIS2_PLACEMENT_3D('',#7350,#5111,#5112);
#4583=AXIS2_PLACEMENT_3D('',#7358,#5116,#5117);
#4584=AXIS2_PLACEMENT_3D('',#7361,#5119,#5120);
#4585=AXIS2_PLACEMENT_3D('',#7364,#5122,#5123);
#4586=AXIS2_PLACEMENT_3D('',#7372,#5127,#5128);
#4587=AXIS2_PLACEMENT_3D('',#7375,#5130,#5131);
#4588=AXIS2_PLACEMENT_3D('',#7378,#5133,#5134);
#4589=AXIS2_PLACEMENT_3D('',#7386,#5138,#5139);
#4590=AXIS2_PLACEMENT_3D('',#7389,#5141,#5142);
#4591=AXIS2_PLACEMENT_3D('',#7390,#5143,#5144);
#4592=AXIS2_PLACEMENT_3D('',#7399,#5148,#5149);
#4593=AXIS2_PLACEMENT_3D('',#7407,#5153,#5154);
#4594=AXIS2_PLACEMENT_3D('',#7415,#5158,#5159);
#4595=AXIS2_PLACEMENT_3D('',#7423,#5163,#5164);
#4596=AXIS2_PLACEMENT_3D('',#7431,#5168,#5169);
#4597=AXIS2_PLACEMENT_3D('',#7439,#5173,#5174);
#4598=AXIS2_PLACEMENT_3D('',#7447,#5178,#5179);
#4599=AXIS2_PLACEMENT_3D('',#7457,#5184,#5185);
#4600=AXIS2_PLACEMENT_3D('',#7465,#5189,#5190);
#4601=AXIS2_PLACEMENT_3D('',#7473,#5194,#5195);
#4602=AXIS2_PLACEMENT_3D('',#7481,#5199,#5200);
#4603=AXIS2_PLACEMENT_3D('',#7489,#5204,#5205);
#4604=AXIS2_PLACEMENT_3D('',#7497,#5209,#5210);
#4605=AXIS2_PLACEMENT_3D('',#7505,#5214,#5215);
#4606=AXIS2_PLACEMENT_3D('',#7513,#5219,#5220);
#4607=AXIS2_PLACEMENT_3D('',#7518,#5223,#5224);
#4608=AXIS2_PLACEMENT_3D('',#7528,#5230,#5231);
#4609=AXIS2_PLACEMENT_3D('',#7538,#5237,#5238);
#4610=AXIS2_PLACEMENT_3D('',#7548,#5244,#5245);
#4611=AXIS2_PLACEMENT_3D('',#7558,#5251,#5252);
#4612=AXIS2_PLACEMENT_3D('',#7561,#5255,#5256);
#4613=AXIS2_PLACEMENT_3D('',#7564,#5259,#5260);
#4614=AXIS2_PLACEMENT_3D('',#7567,#5263,#5264);
#4615=AXIS2_PLACEMENT_3D('',#7570,#5267,#5268);
#4616=AXIS2_PLACEMENT_3D('',#7573,#5271,#5272);
#4617=AXIS2_PLACEMENT_3D('',#7576,#5275,#5276);
#4618=AXIS2_PLACEMENT_3D('',#7579,#5279,#5280);
#4619=AXIS2_PLACEMENT_3D('',#7582,#5283,#5284);
#4620=AXIS2_PLACEMENT_3D('',#7584,#5286,#5287);
#4621=AXIS2_PLACEMENT_3D('',#7586,#5289,#5290);
#4622=AXIS2_PLACEMENT_3D('',#7587,#5291,#5292);
#4623=AXIS2_PLACEMENT_3D('',#7590,#5295,#5296);
#4624=AXIS2_PLACEMENT_3D('',#7592,#5298,#5299);
#4625=AXIS2_PLACEMENT_3D('',#7594,#5301,#5302);
#4626=AXIS2_PLACEMENT_3D('',#7596,#5304,#5305);
#4627=AXIS2_PLACEMENT_3D('',#7598,#5307,#5308);
#4628=AXIS2_PLACEMENT_3D('',#7599,#5309,#5310);
#4629=AXIS2_PLACEMENT_3D('',#7602,#5313,#5314);
#4630=AXIS2_PLACEMENT_3D('',#7604,#5316,#5317);
#4631=AXIS2_PLACEMENT_3D('',#7606,#5319,#5320);
#4632=AXIS2_PLACEMENT_3D('',#7608,#5322,#5323);
#4633=AXIS2_PLACEMENT_3D('',#7610,#5325,#5326);
#4634=AXIS2_PLACEMENT_3D('',#7611,#5327,#5328);
#4635=AXIS2_PLACEMENT_3D('',#7614,#5331,#5332);
#4636=AXIS2_PLACEMENT_3D('',#7616,#5334,#5335);
#4637=AXIS2_PLACEMENT_3D('',#7618,#5337,#5338);
#4638=AXIS2_PLACEMENT_3D('',#7620,#5340,#5341);
#4639=AXIS2_PLACEMENT_3D('',#7622,#5343,#5344);
#4640=AXIS2_PLACEMENT_3D('',#7623,#5345,#5346);
#4641=AXIS2_PLACEMENT_3D('',#7626,#5349,#5350);
#4642=AXIS2_PLACEMENT_3D('',#7628,#5352,#5353);
#4643=AXIS2_PLACEMENT_3D('',#7630,#5355,#5356);
#4644=AXIS2_PLACEMENT_3D('',#7631,#5357,#5358);
#4645=AXIS2_PLACEMENT_3D('',#7632,#5359,#5360);
#4646=AXIS2_PLACEMENT_3D('',#7633,#5361,#5362);
#4647=AXIS2_PLACEMENT_3D('',#7634,#5363,#5364);
#4648=AXIS2_PLACEMENT_3D('',#7635,#5365,#5366);
#4649=AXIS2_PLACEMENT_3D('',#7636,#5367,#5368);
#4650=AXIS2_PLACEMENT_3D('',#7637,#5369,#5370);
#4651=AXIS2_PLACEMENT_3D('',#7638,#5371,#5372);
#4652=AXIS2_PLACEMENT_3D('',#7656,#5375,#5376);
#4653=AXIS2_PLACEMENT_3D('',#7687,#5380,#5381);
#4654=AXIS2_PLACEMENT_3D('',#7705,#5384,#5385);
#4655=AXIS2_PLACEMENT_3D('',#7760,#5389,#5390);
#4656=AXIS2_PLACEMENT_3D('',#7761,#5391,#5392);
#4657=AXIS2_PLACEMENT_3D('',#7779,#5395,#5396);
#4658=AXIS2_PLACEMENT_3D('',#7834,#5400,#5401);
#4659=AXIS2_PLACEMENT_3D('',#7835,#5402,#5403);
#4660=AXIS2_PLACEMENT_3D('',#7853,#5406,#5407);
#4661=AXIS2_PLACEMENT_3D('',#7908,#5411,#5412);
#4662=AXIS2_PLACEMENT_3D('',#7909,#5413,#5414);
#4663=AXIS2_PLACEMENT_3D('',#7927,#5417,#5418);
#4664=AXIS2_PLACEMENT_3D('',#7982,#5422,#5423);
#4665=AXIS2_PLACEMENT_3D('',#7983,#5424,#5425);
#4666=AXIS2_PLACEMENT_3D('',#8001,#5428,#5429);
#4667=AXIS2_PLACEMENT_3D('',#8056,#5433,#5434);
#4668=AXIS2_PLACEMENT_3D('',#8057,#5435,#5436);
#4669=AXIS2_PLACEMENT_3D('',#8075,#5439,#5440);
#4670=AXIS2_PLACEMENT_3D('',#8130,#5444,#5445);
#4671=AXIS2_PLACEMENT_3D('',#8131,#5446,#5447);
#4672=AXIS2_PLACEMENT_3D('',#8149,#5450,#5451);
#4673=AXIS2_PLACEMENT_3D('',#8204,#5455,#5456);
#4674=AXIS2_PLACEMENT_3D('',#8229,#5457,#5458);
#4675=AXIS2_PLACEMENT_3D('',#8230,#5459,#5460);
#4676=AXIS2_PLACEMENT_3D('',#8231,#5461,#5462);
#4677=AXIS2_PLACEMENT_3D('',#8233,#5463,#5464);
#4678=AXIS2_PLACEMENT_3D('',#8235,#5465,#5466);
#4679=AXIS2_PLACEMENT_3D('',#8237,#5467,#5468);
#4680=AXIS2_PLACEMENT_3D('',#8303,#5501,#5502);
#4681=AXIS2_PLACEMENT_3D('',#8311,#5506,#5507);
#4682=AXIS2_PLACEMENT_3D('',#8313,#5508,#5509);
#4683=AXIS2_PLACEMENT_3D('',#8315,#5510,#5511);
#4684=AXIS2_PLACEMENT_3D('',#8317,#5512,#5513);
#4685=AXIS2_PLACEMENT_3D('',#8319,#5514,#5515);
#4686=AXIS2_PLACEMENT_3D('',#8321,#5516,#5517);
#4687=AXIS2_PLACEMENT_3D('',#8323,#5518,#5519);
#4688=AXIS2_PLACEMENT_3D('',#8325,#5520,#5521);
#4689=AXIS2_PLACEMENT_3D('',#8327,#5522,#5523);
#4690=AXIS2_PLACEMENT_3D('',#8328,#5524,#5525);
#4691=AXIS2_PLACEMENT_3D('',#8329,#5526,#5527);
#4692=AXIS2_PLACEMENT_3D('',#8330,#5528,#5529);
#4693=AXIS2_PLACEMENT_3D('',#8331,#5530,#5531);
#4694=AXIS2_PLACEMENT_3D('',#8332,#5532,#5533);
#4695=AXIS2_PLACEMENT_3D('',#8333,#5534,#5535);
#4696=AXIS2_PLACEMENT_3D('',#8334,#5536,#5537);
#4697=AXIS2_PLACEMENT_3D('',#8335,#5538,#5539);
#4698=AXIS2_PLACEMENT_3D('',#8336,#5540,#5541);
#4699=AXIS2_PLACEMENT_3D('',#8337,#5542,#5543);
#4700=AXIS2_PLACEMENT_3D('',#8338,#5544,#5545);
#4701=AXIS2_PLACEMENT_3D('',#8339,#5546,#5547);
#4702=AXIS2_PLACEMENT_3D('',#8340,#5548,#5549);
#4703=AXIS2_PLACEMENT_3D('',#8341,#5550,#5551);
#4704=AXIS2_PLACEMENT_3D('',#8342,#5552,#5553);
#4705=AXIS2_PLACEMENT_3D('',#8343,#5554,#5555);
#4706=AXIS2_PLACEMENT_3D('',#8353,#5560,#5561);
#4707=AXIS2_PLACEMENT_3D('',#8363,#5566,#5567);
#4708=AXIS2_PLACEMENT_3D('',#8365,#5568,#5569);
#4709=AXIS2_PLACEMENT_3D('',#8375,#5574,#5575);
#4710=AXIS2_PLACEMENT_3D('',#8377,#5576,#5577);
#4711=AXIS2_PLACEMENT_3D('',#8387,#5582,#5583);
#4712=AXIS2_PLACEMENT_3D('',#8389,#5584,#5585);
#4713=AXIS2_PLACEMENT_3D('',#8391,#5586,#5587);
#4714=AXIS2_PLACEMENT_3D('',#8394,#5588,#5589);
#4715=AXIS2_PLACEMENT_3D('',#8427,#5606,#5607);
#4716=AXIS2_PLACEMENT_3D('',#8430,#5610,#5611);
#4717=AXIS2_PLACEMENT_3D('',#8431,#5612,#5613);
#4718=AXIS2_PLACEMENT_3D('',#8432,#5614,#5615);
#4719=AXIS2_PLACEMENT_3D('',#8433,#5616,#5617);
#4720=AXIS2_PLACEMENT_3D('',#8436,#5620,#5621);
#4721=AXIS2_PLACEMENT_3D('',#8438,#5623,#5624);
#4722=AXIS2_PLACEMENT_3D('',#8440,#5626,#5627);
#4723=AXIS2_PLACEMENT_3D('',#8441,#5628,#5629);
#4724=AXIS2_PLACEMENT_3D('',#8444,#5632,#5633);
#4725=AXIS2_PLACEMENT_3D('',#8446,#5635,#5636);
#4726=AXIS2_PLACEMENT_3D('',#8448,#5638,#5639);
#4727=AXIS2_PLACEMENT_3D('',#8449,#5640,#5641);
#4728=AXIS2_PLACEMENT_3D('',#8450,#5642,#5643);
#4729=AXIS2_PLACEMENT_3D('',#8451,#5644,#5645);
#4730=AXIS2_PLACEMENT_3D('',#8454,#5648,#5649);
#4731=AXIS2_PLACEMENT_3D('',#8456,#5651,#5652);
#4732=AXIS2_PLACEMENT_3D('',#8458,#5654,#5655);
#4733=AXIS2_PLACEMENT_3D('',#8459,#5656,#5657);
#4734=AXIS2_PLACEMENT_3D('',#8462,#5660,#5661);
#4735=AXIS2_PLACEMENT_3D('',#8464,#5663,#5664);
#4736=AXIS2_PLACEMENT_3D('',#8466,#5666,#5667);
#4737=AXIS2_PLACEMENT_3D('',#8467,#5668,#5669);
#4738=AXIS2_PLACEMENT_3D('',#8468,#5670,#5671);
#4739=AXIS2_PLACEMENT_3D('',#8469,#5672,#5673);
#4740=AXIS2_PLACEMENT_3D('',#8472,#5676,#5677);
#4741=AXIS2_PLACEMENT_3D('',#8474,#5679,#5680);
#4742=AXIS2_PLACEMENT_3D('',#8476,#5682,#5683);
#4743=AXIS2_PLACEMENT_3D('',#8477,#5684,#5685);
#4744=AXIS2_PLACEMENT_3D('',#8480,#5688,#5689);
#4745=AXIS2_PLACEMENT_3D('',#8482,#5691,#5692);
#4746=AXIS2_PLACEMENT_3D('',#8484,#5694,#5695);
#4747=AXIS2_PLACEMENT_3D('',#8485,#5696,#5697);
#4748=AXIS2_PLACEMENT_3D('',#8486,#5698,#5699);
#4749=AXIS2_PLACEMENT_3D('',#8489,#5702,#5703);
#4750=AXIS2_PLACEMENT_3D('',#8491,#5705,#5706);
#4751=AXIS2_PLACEMENT_3D('',#8493,#5708,#5709);
#4752=AXIS2_PLACEMENT_3D('',#8494,#5710,#5711);
#4753=AXIS2_PLACEMENT_3D('',#8497,#5714,#5715);
#4754=AXIS2_PLACEMENT_3D('',#8499,#5717,#5718);
#4755=AXIS2_PLACEMENT_3D('',#8501,#5720,#5721);
#4756=AXIS2_PLACEMENT_3D('',#8502,#5722,#5723);
#4757=AXIS2_PLACEMENT_3D('',#8503,#5724,#5725);
#4758=AXIS2_PLACEMENT_3D('',#8508,#5728,#5729);
#4759=AXIS2_PLACEMENT_3D('',#8509,#5730,#5731);
#4760=AXIS2_PLACEMENT_3D('',#8515,#5735,#5736);
#4761=AXIS2_PLACEMENT_3D('',#8517,#5738,#5739);
#4762=AXIS2_PLACEMENT_3D('',#8518,#5740,#5741);
#4763=AXIS2_PLACEMENT_3D('',#8520,#5742,#5743);
#4764=AXIS2_PLACEMENT_3D('',#8521,#5744,#5745);
#4765=AXIS2_PLACEMENT_3D('',#8523,#5746,#5747);
#4766=AXIS2_PLACEMENT_3D('',#8524,#5748,#5749);
#4767=AXIS2_PLACEMENT_3D('',#8526,#5750,#5751);
#4768=AXIS2_PLACEMENT_3D('',#8528,#5753,#5754);
#4769=AXIS2_PLACEMENT_3D('',#8529,#5755,#5756);
#4770=AXIS2_PLACEMENT_3D('',#8531,#5757,#5758);
#4771=DIRECTION('',(0.,0.,1.));
#4772=DIRECTION('',(1.,0.,0.));
#4773=DIRECTION('',(-1.,0.,0.));
#4774=DIRECTION('',(-1.,0.,0.));
#4775=DIRECTION('',(-6.12323399573677E-17,0.,1.));
#4776=DIRECTION('',(-6.12323399573677E-17,0.,1.));
#4777=DIRECTION('',(1.,0.,1.22464679914735E-16));
#4778=DIRECTION('',(1.,0.,1.22464679914735E-16));
#4779=DIRECTION('',(1.83697019872103E-16,0.,-1.));
#4780=DIRECTION('',(1.83697019872103E-16,0.,-1.));
#4781=DIRECTION('',(0.,-1.,0.));
#4782=DIRECTION('',(0.,0.,-1.));
#4783=DIRECTION('',(0.,-1.,0.));
#4784=DIRECTION('',(0.,0.,-1.));
#4785=DIRECTION('',(1.,0.,0.));
#4786=DIRECTION('',(0.,1.,0.));
#4787=DIRECTION('',(0.,0.,1.));
#4788=DIRECTION('',(0.,1.,0.));
#4789=DIRECTION('',(1.,0.,0.));
#4790=DIRECTION('',(0.,1.,0.));
#4791=DIRECTION('',(0.,0.,1.));
#4792=DIRECTION('',(0.,1.,0.));
#4793=DIRECTION('',(-0.707106781186548,0.,0.707106781186548));
#4794=DIRECTION('',(-0.707106781186548,0.,0.707106781186548));
#4795=DIRECTION('',(0.707106781186548,0.,-0.707106781186548));
#4796=DIRECTION('',(0.,1.,0.));
#4797=DIRECTION('',(0.707106781186548,0.,0.707106781186548));
#4798=DIRECTION('',(0.,1.,0.));
#4799=DIRECTION('',(0.707106781186548,0.,-0.707106781186548));
#4800=DIRECTION('',(0.,1.,0.));
#4801=DIRECTION('',(0.707106781186548,0.,0.707106781186548));
#4802=DIRECTION('',(0.,1.,0.));
#4803=DIRECTION('',(6.12323399573677E-17,0.,-1.));
#4804=DIRECTION('',(0.,1.,0.));
#4805=DIRECTION('',(1.,0.,6.12323399573677E-17));
#4806=DIRECTION('',(0.,1.,0.));
#4807=DIRECTION('',(6.12323399573677E-17,0.,-1.));
#4808=DIRECTION('',(0.,1.,0.));
#4809=DIRECTION('',(1.,0.,6.12323399573677E-17));
#4810=DIRECTION('',(0.,1.,0.));
#4811=DIRECTION('',(0.707106781186548,0.,0.707106781186548));
#4812=DIRECTION('',(0.707106781186548,0.,0.707106781186548));
#4813=DIRECTION('',(-0.707106781186548,0.,-0.707106781186548));
#4814=DIRECTION('',(0.,1.,0.));
#4815=DIRECTION('',(0.707106781186548,0.,-0.707106781186548));
#4816=DIRECTION('',(0.,1.,0.));
#4817=DIRECTION('',(-0.707106781186548,0.,-0.707106781186548));
#4818=DIRECTION('',(0.,1.,0.));
#4819=DIRECTION('',(0.707106781186548,0.,-0.707106781186548));
#4820=DIRECTION('',(0.,1.,0.));
#4821=DIRECTION('',(-1.,0.,-1.22464679914735E-16));
#4822=DIRECTION('',(0.,1.,0.));
#4823=DIRECTION('',(1.22464679914735E-16,0.,-1.));
#4824=DIRECTION('',(0.,1.,0.));
#4825=DIRECTION('',(-1.,0.,-1.22464679914735E-16));
#4826=DIRECTION('',(0.,1.,0.));
#4827=DIRECTION('',(1.22464679914735E-16,0.,-1.));
#4828=DIRECTION('',(0.,1.,0.));
#4829=DIRECTION('',(0.707106781186548,0.,-0.707106781186548));
#4830=DIRECTION('',(0.707106781186548,0.,-0.707106781186548));
#4831=DIRECTION('',(-0.707106781186548,0.,0.707106781186548));
#4832=DIRECTION('',(0.,1.,0.));
#4833=DIRECTION('',(-0.707106781186548,0.,-0.707106781186548));
#4834=DIRECTION('',(0.,1.,0.));
#4835=DIRECTION('',(-0.707106781186548,0.,0.707106781186548));
#4836=DIRECTION('',(0.,1.,0.));
#4837=DIRECTION('',(-0.707106781186548,0.,-0.707106781186548));
#4838=DIRECTION('',(0.,1.,0.));
#4839=DIRECTION('',(-1.83697019872103E-16,0.,1.));
#4840=DIRECTION('',(0.,1.,0.));
#4841=DIRECTION('',(-1.,0.,-1.83697019872103E-16));
#4842=DIRECTION('',(0.,1.,0.));
#4843=DIRECTION('',(-1.83697019872103E-16,0.,1.));
#4844=DIRECTION('',(0.,1.,0.));
#4845=DIRECTION('',(-1.,0.,-1.83697019872103E-16));
#4846=DIRECTION('',(0.,1.,0.));
#4847=DIRECTION('',(-0.707106781186547,0.,-0.707106781186548));
#4848=DIRECTION('',(-0.707106781186547,0.,-0.707106781186548));
#4849=DIRECTION('',(0.707106781186547,0.,0.707106781186548));
#4850=DIRECTION('',(0.,1.,0.));
#4851=DIRECTION('',(-0.707106781186548,0.,0.707106781186547));
#4852=DIRECTION('',(0.,1.,0.));
#4853=DIRECTION('',(0.707106781186547,0.,0.707106781186548));
#4854=DIRECTION('',(0.,1.,0.));
#4855=DIRECTION('',(-0.707106781186548,0.,0.707106781186547));
#4856=DIRECTION('',(0.,1.,0.));
#4857=DIRECTION('',(0.,-1.,0.));
#4858=DIRECTION('',(0.,0.,-1.));
#4859=DIRECTION('',(0.,-1.,0.));
#4860=DIRECTION('',(0.,0.,-1.));
#4861=DIRECTION('',(0.,-1.,0.));
#4862=DIRECTION('',(0.,0.,-1.));
#4863=DIRECTION('',(0.,-1.,0.));
#4864=DIRECTION('',(0.,0.,-1.));
#4865=DIRECTION('',(0.,-1.,0.));
#4866=DIRECTION('',(0.,0.,-1.));
#4867=DIRECTION('',(0.,-1.,0.));
#4868=DIRECTION('',(0.,0.,-1.));
#4869=DIRECTION('',(0.,-1.,0.));
#4870=DIRECTION('',(0.,0.,-1.));
#4871=DIRECTION('',(0.,-1.,0.));
#4872=DIRECTION('',(0.,0.,-1.));
#4873=DIRECTION('',(0.,-1.,0.));
#4874=DIRECTION('',(0.,0.,-1.));
#4875=DIRECTION('',(0.,-1.,0.));
#4876=DIRECTION('',(0.,0.,-1.));
#4877=DIRECTION('',(0.,-1.,0.));
#4878=DIRECTION('',(0.,0.,-1.));
#4879=DIRECTION('',(0.,-1.,0.));
#4880=DIRECTION('',(0.,0.,-1.));
#4881=DIRECTION('',(0.,-1.,0.));
#4882=DIRECTION('',(0.,0.,-1.));
#4883=DIRECTION('',(0.,-1.,0.));
#4884=DIRECTION('',(0.,0.,-1.));
#4885=DIRECTION('',(0.,-1.,0.));
#4886=DIRECTION('',(0.,0.,-1.));
#4887=DIRECTION('',(0.,-1.,0.));
#4888=DIRECTION('',(0.,0.,-1.));
#4889=DIRECTION('',(0.,-1.,0.));
#4890=DIRECTION('',(0.,0.,-1.));
#4891=DIRECTION('',(0.,0.,1.));
#4892=DIRECTION('',(1.,0.,0.));
#4893=DIRECTION('',(0.707106781186548,0.,0.707106781186548));
#4894=DIRECTION('',(0.707106781186548,0.,-0.707106781186548));
#4895=DIRECTION('',(1.,0.,6.12323399573677E-17));
#4896=DIRECTION('',(6.12323399573677E-17,0.,-1.));
#4897=DIRECTION('',(0.707106781186548,0.,-0.707106781186548));
#4898=DIRECTION('',(-0.707106781186548,0.,-0.707106781186548));
#4899=DIRECTION('',(1.22464679914735E-16,0.,-1.));
#4900=DIRECTION('',(-1.,0.,-1.22464679914735E-16));
#4901=DIRECTION('',(-0.707106781186548,0.,-0.707106781186548));
#4902=DIRECTION('',(-0.707106781186548,0.,0.707106781186548));
#4903=DIRECTION('',(-1.,0.,-1.83697019872103E-16));
#4904=DIRECTION('',(-1.83697019872103E-16,0.,1.));
#4905=DIRECTION('',(-0.707106781186548,0.,0.707106781186547));
#4906=DIRECTION('',(0.707106781186547,0.,0.707106781186548));
#4907=DIRECTION('',(1.,0.,1.83697019872103E-16));
#4908=DIRECTION('',(1.83697019872103E-16,0.,-1.));
#4909=DIRECTION('',(1.,0.,1.83697019872103E-16));
#4910=DIRECTION('',(1.83697019872103E-16,0.,-1.));
#4911=DIRECTION('',(-1.22464679914735E-16,0.,1.));
#4912=DIRECTION('',(1.,0.,1.22464679914735E-16));
#4913=DIRECTION('',(-1.22464679914735E-16,0.,1.));
#4914=DIRECTION('',(1.,0.,1.22464679914735E-16));
#4915=DIRECTION('',(-1.,0.,-6.12323399573677E-17));
#4916=DIRECTION('',(-6.12323399573677E-17,0.,1.));
#4917=DIRECTION('',(-1.,0.,-6.12323399573677E-17));
#4918=DIRECTION('',(-6.12323399573677E-17,0.,1.));
#4919=DIRECTION('',(0.,0.,-1.));
#4920=DIRECTION('',(-1.,0.,0.));
#4921=DIRECTION('',(0.,0.,-1.));
#4922=DIRECTION('',(-1.,0.,0.));
#4923=DIRECTION('',(0.,-1.,0.));
#4924=DIRECTION('',(0.,0.,-1.));
#4925=DIRECTION('',(0.,0.,1.));
#4926=DIRECTION('',(0.,-1.,0.));
#4927=DIRECTION('',(0.,0.,-1.));
#4928=DIRECTION('',(0.707106781186548,0.,0.707106781186548));
#4929=DIRECTION('',(0.,-1.,0.));
#4930=DIRECTION('',(0.,0.,-1.));
#4931=DIRECTION('',(0.,-1.,0.));
#4932=DIRECTION('',(0.,0.,-1.));
#4933=DIRECTION('',(0.707106781186548,0.,0.707106781186548));
#4934=DIRECTION('',(0.,-1.,0.));
#4935=DIRECTION('',(0.,0.,-1.));
#4936=DIRECTION('',(1.,0.,6.12323399573677E-17));
#4937=DIRECTION('',(0.,-1.,0.));
#4938=DIRECTION('',(0.,0.,-1.));
#4939=DIRECTION('',(0.,-1.,0.));
#4940=DIRECTION('',(0.,0.,-1.));
#4941=DIRECTION('',(1.,0.,6.12323399573677E-17));
#4942=DIRECTION('',(0.,-1.,0.));
#4943=DIRECTION('',(0.,0.,-1.));
#4944=DIRECTION('',(0.707106781186548,0.,-0.707106781186548));
#4945=DIRECTION('',(0.,-1.,0.));
#4946=DIRECTION('',(0.,0.,-1.));
#4947=DIRECTION('',(0.,-1.,0.));
#4948=DIRECTION('',(0.,0.,-1.));
#4949=DIRECTION('',(0.707106781186548,0.,-0.707106781186548));
#4950=DIRECTION('',(0.,-1.,0.));
#4951=DIRECTION('',(0.,0.,-1.));
#4952=DIRECTION('',(1.22464679914735E-16,0.,-1.));
#4953=DIRECTION('',(0.,-1.,0.));
#4954=DIRECTION('',(0.,0.,-1.));
#4955=DIRECTION('',(0.,-1.,0.));
#4956=DIRECTION('',(0.,0.,-1.));
#4957=DIRECTION('',(1.22464679914735E-16,0.,-1.));
#4958=DIRECTION('',(0.,-1.,0.));
#4959=DIRECTION('',(0.,0.,-1.));
#4960=DIRECTION('',(-0.707106781186548,0.,-0.707106781186548));
#4961=DIRECTION('',(0.,-1.,0.));
#4962=DIRECTION('',(0.,0.,-1.));
#4963=DIRECTION('',(0.,-1.,0.));
#4964=DIRECTION('',(0.,0.,-1.));
#4965=DIRECTION('',(-0.707106781186548,0.,-0.707106781186548));
#4966=DIRECTION('',(0.,-1.,0.));
#4967=DIRECTION('',(0.,0.,-1.));
#4968=DIRECTION('',(-1.,0.,-1.83697019872103E-16));
#4969=DIRECTION('',(0.,-1.,0.));
#4970=DIRECTION('',(0.,0.,-1.));
#4971=DIRECTION('',(0.,-1.,0.));
#4972=DIRECTION('',(0.,0.,-1.));
#4973=DIRECTION('',(-1.,0.,-1.83697019872103E-16));
#4974=DIRECTION('',(0.,-1.,0.));
#4975=DIRECTION('',(0.,0.,-1.));
#4976=DIRECTION('',(-0.707106781186548,0.,0.707106781186547));
#4977=DIRECTION('',(0.,-1.,0.));
#4978=DIRECTION('',(0.,0.,-1.));
#4979=DIRECTION('',(0.,-1.,0.));
#4980=DIRECTION('',(0.,0.,-1.));
#4981=DIRECTION('',(-0.707106781186548,0.,0.707106781186547));
#4982=DIRECTION('',(0.,-1.,0.));
#4983=DIRECTION('',(0.,0.,-1.));
#4984=DIRECTION('',(0.,0.,1.));
#4985=DIRECTION('',(0.,-1.,0.));
#4986=DIRECTION('',(0.,0.,-1.));
#4987=DIRECTION('',(0.,-1.,0.));
#4988=DIRECTION('',(0.,0.,-1.));
#4989=DIRECTION('',(0.,-1.,0.));
#4990=DIRECTION('',(0.,0.,-1.));
#4991=DIRECTION('',(0.,1.,0.));
#4992=DIRECTION('',(0.,0.,1.));
#4993=DIRECTION('',(0.,-1.,0.));
#4994=DIRECTION('',(0.,0.,-1.));
#4995=DIRECTION('',(0.,-1.,0.));
#4996=DIRECTION('',(0.,0.,-1.));
#4997=DIRECTION('',(0.,-1.,0.));
#4998=DIRECTION('',(0.,0.,-1.));
#4999=DIRECTION('',(0.,1.,0.));
#5000=DIRECTION('',(0.,0.,1.));
#5001=DIRECTION('',(0.,-1.,0.));
#5002=DIRECTION('',(0.,0.,-1.));
#5003=DIRECTION('',(0.,-1.,0.));
#5004=DIRECTION('',(0.,0.,-1.));
#5005=DIRECTION('',(0.,-1.,0.));
#5006=DIRECTION('',(0.,0.,-1.));
#5007=DIRECTION('',(0.,1.,0.));
#5008=DIRECTION('',(0.,0.,1.));
#5009=DIRECTION('',(6.12323399573677E-17,0.,-1.));
#5010=DIRECTION('',(0.,1.,0.));
#5011=DIRECTION('',(1.,0.,6.12323399573677E-17));
#5012=DIRECTION('',(0.707106781186548,0.,-0.707106781186548));
#5013=DIRECTION('',(0.,1.,0.));
#5014=DIRECTION('',(0.707106781186548,0.,0.707106781186548));
#5015=DIRECTION('',(0.707106781186548,0.,-0.707106781186548));
#5016=DIRECTION('',(0.,1.,0.));
#5017=DIRECTION('',(0.707106781186548,0.,0.707106781186548));
#5018=DIRECTION('',(-0.707106781186548,0.,0.707106781186548));
#5019=DIRECTION('',(1.,0.,0.));
#5020=DIRECTION('',(0.,1.,0.));
#5021=DIRECTION('',(0.,0.,1.));
#5022=DIRECTION('',(0.,-1.,0.));
#5023=DIRECTION('',(0.,0.,-1.));
#5024=DIRECTION('',(0.,-1.,0.));
#5025=DIRECTION('',(0.,0.,-1.));
#5026=DIRECTION('',(0.,-1.,0.));
#5027=DIRECTION('',(0.,0.,-1.));
#5028=DIRECTION('',(0.,-1.,0.));
#5029=DIRECTION('',(0.,0.,-1.));
#5030=DIRECTION('',(-1.,0.,-1.22464679914735E-16));
#5031=DIRECTION('',(0.,1.,0.));
#5032=DIRECTION('',(1.22464679914735E-16,0.,-1.));
#5033=DIRECTION('',(-0.707106781186548,0.,-0.707106781186548));
#5034=DIRECTION('',(0.,1.,0.));
#5035=DIRECTION('',(0.707106781186548,0.,-0.707106781186548));
#5036=DIRECTION('',(-0.707106781186548,0.,-0.707106781186548));
#5037=DIRECTION('',(0.,1.,0.));
#5038=DIRECTION('',(0.707106781186548,0.,-0.707106781186548));
#5039=DIRECTION('',(0.707106781186548,0.,0.707106781186548));
#5040=DIRECTION('',(6.12323399573677E-17,0.,-1.));
#5041=DIRECTION('',(0.,1.,0.));
#5042=DIRECTION('',(1.,0.,6.12323399573677E-17));
#5043=DIRECTION('',(0.,-1.,0.));
#5044=DIRECTION('',(0.,0.,-1.));
#5045=DIRECTION('',(0.,-1.,0.));
#5046=DIRECTION('',(0.,0.,-1.));
#5047=DIRECTION('',(0.,-1.,0.));
#5048=DIRECTION('',(0.,0.,-1.));
#5049=DIRECTION('',(0.,-1.,0.));
#5050=DIRECTION('',(0.,0.,-1.));
#5051=DIRECTION('',(-1.83697019872103E-16,0.,1.));
#5052=DIRECTION('',(0.,1.,0.));
#5053=DIRECTION('',(-1.,0.,-1.83697019872103E-16));
#5054=DIRECTION('',(-0.707106781186548,0.,0.707106781186548));
#5055=DIRECTION('',(0.,1.,0.));
#5056=DIRECTION('',(-0.707106781186548,0.,-0.707106781186548));
#5057=DIRECTION('',(-0.707106781186548,0.,0.707106781186548));
#5058=DIRECTION('',(0.,1.,0.));
#5059=DIRECTION('',(-0.707106781186548,0.,-0.707106781186548));
#5060=DIRECTION('',(0.707106781186548,0.,-0.707106781186548));
#5061=DIRECTION('',(-1.,0.,-1.22464679914735E-16));
#5062=DIRECTION('',(0.,1.,0.));
#5063=DIRECTION('',(1.22464679914735E-16,0.,-1.));
#5064=DIRECTION('',(0.,-1.,0.));
#5065=DIRECTION('',(0.,0.,-1.));
#5066=DIRECTION('',(0.,-1.,0.));
#5067=DIRECTION('',(0.,0.,-1.));
#5068=DIRECTION('',(0.,-1.,0.));
#5069=DIRECTION('',(0.,0.,-1.));
#5070=DIRECTION('',(0.,-1.,0.));
#5071=DIRECTION('',(0.,0.,-1.));
#5072=DIRECTION('',(1.,0.,0.));
#5073=DIRECTION('',(0.,1.,0.));
#5074=DIRECTION('',(0.,0.,1.));
#5075=DIRECTION('',(0.707106781186547,0.,0.707106781186548));
#5076=DIRECTION('',(0.,1.,0.));
#5077=DIRECTION('',(-0.707106781186548,0.,0.707106781186547));
#5078=DIRECTION('',(0.707106781186547,0.,0.707106781186548));
#5079=DIRECTION('',(0.,1.,0.));
#5080=DIRECTION('',(-0.707106781186548,0.,0.707106781186547));
#5081=DIRECTION('',(-0.707106781186547,0.,-0.707106781186548));
#5082=DIRECTION('',(0.,-1.,0.));
#5083=DIRECTION('',(0.,0.,-1.));
#5084=DIRECTION('',(0.,-1.,0.));
#5085=DIRECTION('',(0.,0.,-1.));
#5086=DIRECTION('',(-1.83697019872103E-16,0.,1.));
#5087=DIRECTION('',(0.,1.,0.));
#5088=DIRECTION('',(-1.,0.,-1.83697019872103E-16));
#5089=DIRECTION('',(0.,-1.,0.));
#5090=DIRECTION('',(0.,0.,-1.));
#5091=DIRECTION('',(0.,-1.,0.));
#5092=DIRECTION('',(0.,0.,-1.));
#5093=DIRECTION('',(1.83697019872103E-16,0.,-1.));
#5094=DIRECTION('',(1.,0.,1.22464679914735E-16));
#5095=DIRECTION('',(-6.12323399573677E-17,0.,1.));
#5096=DIRECTION('',(-1.,0.,0.));
#5097=DIRECTION('',(0.,-1.,0.));
#5098=DIRECTION('',(1.,0.,0.));
#5099=DIRECTION('',(-1.,0.,-3.97964696715981E-16));
#5100=DIRECTION('',(0.,-1.,0.));
#5101=DIRECTION('',(0.,0.,-1.));
#5102=DIRECTION('',(0.948683298050513,0.,0.316227766016839));
#5103=DIRECTION('',(0.707106781186547,0.,0.707106781186548));
#5104=DIRECTION('',(0.316227766016838,0.,0.948683298050514));
#5105=DIRECTION('',(0.,-1.,0.));
#5106=DIRECTION('',(0.,0.,-1.));
#5107=DIRECTION('',(-2.14267676843877E-16,0.,1.));
#5108=DIRECTION('',(0.,-1.,0.));
#5109=DIRECTION('',(1.,0.,0.));
#5110=DIRECTION('',(-2.14267676843877E-16,0.,1.));
#5111=DIRECTION('',(0.,-1.,0.));
#5112=DIRECTION('',(0.,0.,-1.));
#5113=DIRECTION('',(0.316227766016839,0.,-0.948683298050513));
#5114=DIRECTION('',(0.707106781186548,0.,-0.707106781186548));
#5115=DIRECTION('',(0.948683298050514,0.,-0.316227766016838));
#5116=DIRECTION('',(0.,-1.,0.));
#5117=DIRECTION('',(0.,0.,-1.));
#5118=DIRECTION('',(1.,0.,2.75500016801245E-16));
#5119=DIRECTION('',(0.,-1.,0.));
#5120=DIRECTION('',(1.,0.,0.));
#5121=DIRECTION('',(1.,0.,2.75500016801245E-16));
#5122=DIRECTION('',(0.,-1.,0.));
#5123=DIRECTION('',(0.,0.,-1.));
#5124=DIRECTION('',(-0.948683298050513,0.,-0.316227766016839));
#5125=DIRECTION('',(-0.707106781186548,0.,-0.707106781186548));
#5126=DIRECTION('',(-0.316227766016838,0.,-0.948683298050514));
#5127=DIRECTION('',(0.,-1.,0.));
#5128=DIRECTION('',(0.,0.,-1.));
#5129=DIRECTION('',(3.36732356758613E-16,0.,-1.));
#5130=DIRECTION('',(0.,-1.,0.));
#5131=DIRECTION('',(1.,0.,0.));
#5132=DIRECTION('',(3.36732356758613E-16,0.,-1.));
#5133=DIRECTION('',(0.,-1.,0.));
#5134=DIRECTION('',(0.,0.,-1.));
#5135=DIRECTION('',(-0.316227766016839,0.,0.948683298050514));
#5136=DIRECTION('',(-0.707106781186548,0.,0.707106781186548));
#5137=DIRECTION('',(-0.948683298050514,0.,0.316227766016838));
#5138=DIRECTION('',(0.,-1.,0.));
#5139=DIRECTION('',(0.,0.,-1.));
#5140=DIRECTION('',(-1.,0.,-3.97964696715981E-16));
#5141=DIRECTION('',(0.,-1.,0.));
#5142=DIRECTION('',(1.,0.,0.));
#5143=DIRECTION('',(0.,-1.,0.));
#5144=DIRECTION('',(0.,0.,-1.));
#5145=DIRECTION('',(-0.316227766016838,0.,-0.948683298050514));
#5146=DIRECTION('',(-0.707106781186548,0.,-0.707106781186548));
#5147=DIRECTION('',(-0.948683298050513,0.,-0.316227766016839));
#5148=DIRECTION('',(0.,-1.,0.));
#5149=DIRECTION('',(0.,0.,-1.));
#5150=DIRECTION('',(0.447213595499958,0.,-0.894427190999916));
#5151=DIRECTION('',(6.12323399573677E-17,0.,-1.));
#5152=DIRECTION('',(-0.447213595499957,0.,-0.894427190999916));
#5153=DIRECTION('',(0.,-1.,0.));
#5154=DIRECTION('',(0.,0.,-1.));
#5155=DIRECTION('',(0.948683298050514,0.,-0.316227766016838));
#5156=DIRECTION('',(0.707106781186548,0.,-0.707106781186548));
#5157=DIRECTION('',(0.316227766016839,0.,-0.948683298050513));
#5158=DIRECTION('',(0.,-1.,0.));
#5159=DIRECTION('',(0.,0.,-1.));
#5160=DIRECTION('',(0.894427190999916,0.,0.447213595499958));
#5161=DIRECTION('',(1.,0.,0.));
#5162=DIRECTION('',(0.894427190999916,0.,-0.447213595499957));
#5163=DIRECTION('',(0.,-1.,0.));
#5164=DIRECTION('',(0.,0.,-1.));
#5165=DIRECTION('',(0.316227766016838,0.,0.948683298050514));
#5166=DIRECTION('',(0.707106781186547,0.,0.707106781186548));
#5167=DIRECTION('',(0.948683298050513,0.,0.316227766016839));
#5168=DIRECTION('',(0.,-1.,0.));
#5169=DIRECTION('',(0.,0.,-1.));
#5170=DIRECTION('',(-0.447213595499958,0.,0.894427190999916));
#5171=DIRECTION('',(-1.83697019872103E-16,0.,1.));
#5172=DIRECTION('',(0.447213595499957,0.,0.894427190999916));
#5173=DIRECTION('',(0.,-1.,0.));
#5174=DIRECTION('',(0.,0.,-1.));
#5175=DIRECTION('',(-0.948683298050514,0.,0.316227766016838));
#5176=DIRECTION('',(-0.707106781186548,0.,0.707106781186548));
#5177=DIRECTION('',(-0.316227766016839,0.,0.948683298050514));
#5178=DIRECTION('',(0.,-1.,0.));
#5179=DIRECTION('',(0.,0.,-1.));
#5180=DIRECTION('',(-0.894427190999916,0.,-0.447213595499958));
#5181=DIRECTION('',(-1.,0.,-1.22464679914735E-16));
#5182=DIRECTION('',(-0.894427190999916,0.,0.447213595499957));
#5183=DIRECTION('',(0.,0.,1.));
#5184=DIRECTION('',(0.,-1.,0.));
#5185=DIRECTION('',(0.,0.,-1.));
#5186=DIRECTION('',(0.707106781186548,0.,0.707106781186548));
#5187=DIRECTION('',(-0.707106781186548,0.,0.707106781186548));
#5188=DIRECTION('',(0.707106781186548,0.,0.707106781186548));
#5189=DIRECTION('',(0.,-1.,0.));
#5190=DIRECTION('',(0.,0.,-1.));
#5191=DIRECTION('',(1.,0.,6.12323399573677E-17));
#5192=DIRECTION('',(-6.12323399573677E-17,0.,1.));
#5193=DIRECTION('',(1.,0.,6.12323399573677E-17));
#5194=DIRECTION('',(0.,-1.,0.));
#5195=DIRECTION('',(0.,0.,-1.));
#5196=DIRECTION('',(0.707106781186548,0.,-0.707106781186548));
#5197=DIRECTION('',(0.707106781186548,0.,0.707106781186548));
#5198=DIRECTION('',(0.707106781186548,0.,-0.707106781186548));
#5199=DIRECTION('',(0.,-1.,0.));
#5200=DIRECTION('',(0.,0.,-1.));
#5201=DIRECTION('',(1.22464679914735E-16,0.,-1.));
#5202=DIRECTION('',(1.,0.,1.22464679914735E-16));
#5203=DIRECTION('',(1.22464679914735E-16,0.,-1.));
#5204=DIRECTION('',(0.,-1.,0.));
#5205=DIRECTION('',(0.,0.,-1.));
#5206=DIRECTION('',(-0.707106781186548,0.,-0.707106781186548));
#5207=DIRECTION('',(0.707106781186548,0.,-0.707106781186548));
#5208=DIRECTION('',(-0.707106781186548,0.,-0.707106781186548));
#5209=DIRECTION('',(0.,-1.,0.));
#5210=DIRECTION('',(0.,0.,-1.));
#5211=DIRECTION('',(-1.,0.,-1.83697019872103E-16));
#5212=DIRECTION('',(1.83697019872103E-16,0.,-1.));
#5213=DIRECTION('',(-1.,0.,-1.83697019872103E-16));
#5214=DIRECTION('',(0.,-1.,0.));
#5215=DIRECTION('',(0.,0.,-1.));
#5216=DIRECTION('',(-0.707106781186548,0.,0.707106781186547));
#5217=DIRECTION('',(-0.707106781186547,0.,-0.707106781186548));
#5218=DIRECTION('',(-0.707106781186548,0.,0.707106781186547));
#5219=DIRECTION('',(0.,-1.,0.));
#5220=DIRECTION('',(0.,0.,-1.));
#5221=DIRECTION('',(0.,0.,1.));
#5222=DIRECTION('',(-1.,0.,0.));
#5223=DIRECTION('',(0.,-1.,0.));
#5224=DIRECTION('',(-1.83697019872103E-16,0.,1.));
#5225=DIRECTION('',(-1.,0.,-3.97964696715981E-16));
#5226=DIRECTION('',(0.447213595499957,0.,0.894427190999916));
#5227=DIRECTION('',(-1.83697019872103E-16,0.,1.));
#5228=DIRECTION('',(-0.447213595499958,0.,0.894427190999916));
#5229=DIRECTION('',(-1.,0.,-3.97964696715981E-16));
#5230=DIRECTION('',(0.,-1.,0.));
#5231=DIRECTION('',(-1.,0.,-1.22464679914735E-16));
#5232=DIRECTION('',(3.36732356758613E-16,0.,-1.));
#5233=DIRECTION('',(-0.894427190999916,0.,0.447213595499957));
#5234=DIRECTION('',(-1.,0.,-1.22464679914735E-16));
#5235=DIRECTION('',(-0.894427190999916,0.,-0.447213595499958));
#5236=DIRECTION('',(3.36732356758613E-16,0.,-1.));
#5237=DIRECTION('',(0.,-1.,0.));
#5238=DIRECTION('',(6.12323399573677E-17,0.,-1.));
#5239=DIRECTION('',(1.,0.,2.75500016801245E-16));
#5240=DIRECTION('',(-0.447213595499957,0.,-0.894427190999916));
#5241=DIRECTION('',(6.12323399573677E-17,0.,-1.));
#5242=DIRECTION('',(0.447213595499958,0.,-0.894427190999916));
#5243=DIRECTION('',(1.,0.,2.75500016801245E-16));
#5244=DIRECTION('',(0.,-1.,0.));
#5245=DIRECTION('',(1.,0.,0.));
#5246=DIRECTION('',(-2.14267676843877E-16,0.,1.));
#5247=DIRECTION('',(0.894427190999916,0.,-0.447213595499957));
#5248=DIRECTION('',(1.,0.,0.));
#5249=DIRECTION('',(0.894427190999916,0.,0.447213595499958));
#5250=DIRECTION('',(-2.14267676843877E-16,0.,1.));
#5251=DIRECTION('',(0.,-1.,0.));
#5252=DIRECTION('',(0.,0.,-1.));
#5253=DIRECTION('',(0.,-1.,0.));
#5254=DIRECTION('',(0.,-1.,0.));
#5255=DIRECTION('',(0.,-1.,0.));
#5256=DIRECTION('',(0.,0.,-1.));
#5257=DIRECTION('',(0.,-1.,0.));
#5258=DIRECTION('',(0.,-1.,0.));
#5259=DIRECTION('',(0.,-1.,0.));
#5260=DIRECTION('',(0.,0.,-1.));
#5261=DIRECTION('',(0.,-1.,0.));
#5262=DIRECTION('',(0.,-1.,0.));
#5263=DIRECTION('',(0.,-1.,0.));
#5264=DIRECTION('',(0.,0.,-1.));
#5265=DIRECTION('',(0.,-1.,0.));
#5266=DIRECTION('',(0.,-1.,0.));
#5267=DIRECTION('',(0.,-1.,0.));
#5268=DIRECTION('',(0.,0.,-1.));
#5269=DIRECTION('',(0.,-1.,0.));
#5270=DIRECTION('',(0.,-1.,0.));
#5271=DIRECTION('',(0.,-1.,0.));
#5272=DIRECTION('',(0.,0.,-1.));
#5273=DIRECTION('',(0.,-1.,0.));
#5274=DIRECTION('',(0.,-1.,0.));
#5275=DIRECTION('',(0.,-1.,0.));
#5276=DIRECTION('',(0.,0.,-1.));
#5277=DIRECTION('',(0.,-1.,0.));
#5278=DIRECTION('',(0.,-1.,0.));
#5279=DIRECTION('',(0.,-1.,0.));
#5280=DIRECTION('',(0.,0.,-1.));
#5281=DIRECTION('',(0.,-1.,0.));
#5282=DIRECTION('',(0.,-1.,0.));
#5283=DIRECTION('',(0.316227766016839,0.,-0.948683298050513));
#5284=DIRECTION('',(-0.948683298050513,0.,-0.316227766016839));
#5285=DIRECTION('',(0.,-1.,0.));
#5286=DIRECTION('',(0.707106781186548,0.,-0.707106781186547));
#5287=DIRECTION('',(-0.707106781186547,0.,-0.707106781186548));
#5288=DIRECTION('',(0.,-1.,0.));
#5289=DIRECTION('',(0.948683298050514,0.,-0.316227766016838));
#5290=DIRECTION('',(-0.316227766016838,0.,-0.948683298050514));
#5291=DIRECTION('',(0.894427190999916,0.,-0.447213595499957));
#5292=DIRECTION('',(-0.447213595499957,0.,-0.894427190999916));
#5293=DIRECTION('',(0.,-1.,0.));
#5294=DIRECTION('',(0.,1.,0.));
#5295=DIRECTION('',(1.,0.,1.83697019872103E-16));
#5296=DIRECTION('',(1.83697019872103E-16,0.,-1.));
#5297=DIRECTION('',(0.,-1.,0.));
#5298=DIRECTION('',(0.894427190999916,0.,0.447213595499958));
#5299=DIRECTION('',(0.447213595499958,0.,-0.894427190999916));
#5300=DIRECTION('',(0.,1.,0.));
#5301=DIRECTION('',(0.948683298050514,0.,0.316227766016839));
#5302=DIRECTION('',(0.316227766016839,0.,-0.948683298050514));
#5303=DIRECTION('',(0.,-1.,0.));
#5304=DIRECTION('',(0.707106781186548,0.,0.707106781186548));
#5305=DIRECTION('',(0.707106781186548,0.,-0.707106781186548));
#5306=DIRECTION('',(0.,-1.,0.));
#5307=DIRECTION('',(0.316227766016838,0.,0.948683298050514));
#5308=DIRECTION('',(0.948683298050514,0.,-0.316227766016838));
#5309=DIRECTION('',(0.447213595499957,0.,0.894427190999916));
#5310=DIRECTION('',(0.894427190999916,0.,-0.447213595499957));
#5311=DIRECTION('',(0.,-1.,0.));
#5312=DIRECTION('',(0.,1.,0.));
#5313=DIRECTION('',(-1.22464679914735E-16,0.,1.));
#5314=DIRECTION('',(1.,0.,1.22464679914735E-16));
#5315=DIRECTION('',(0.,-1.,0.));
#5316=DIRECTION('',(-0.447213595499958,0.,0.894427190999916));
#5317=DIRECTION('',(0.894427190999916,0.,0.447213595499958));
#5318=DIRECTION('',(0.,1.,0.));
#5319=DIRECTION('',(-0.316227766016839,0.,0.948683298050513));
#5320=DIRECTION('',(0.948683298050513,0.,0.316227766016839));
#5321=DIRECTION('',(0.,-1.,0.));
#5322=DIRECTION('',(-0.707106781186548,0.,0.707106781186548));
#5323=DIRECTION('',(0.707106781186548,0.,0.707106781186548));
#5324=DIRECTION('',(0.,-1.,0.));
#5325=DIRECTION('',(-0.948683298050514,0.,0.316227766016838));
#5326=DIRECTION('',(0.316227766016838,0.,0.948683298050514));
#5327=DIRECTION('',(-0.894427190999916,0.,0.447213595499957));
#5328=DIRECTION('',(0.447213595499957,0.,0.894427190999916));
#5329=DIRECTION('',(0.,-1.,0.));
#5330=DIRECTION('',(0.,1.,0.));
#5331=DIRECTION('',(-1.,0.,-6.12323399573677E-17));
#5332=DIRECTION('',(-6.12323399573677E-17,0.,1.));
#5333=DIRECTION('',(0.,-1.,0.));
#5334=DIRECTION('',(-0.894427190999916,0.,-0.447213595499958));
#5335=DIRECTION('',(-0.447213595499958,0.,0.894427190999916));
#5336=DIRECTION('',(0.,1.,0.));
#5337=DIRECTION('',(-0.948683298050513,0.,-0.316227766016839));
#5338=DIRECTION('',(-0.316227766016839,0.,0.948683298050513));
#5339=DIRECTION('',(0.,-1.,0.));
#5340=DIRECTION('',(-0.707106781186548,0.,-0.707106781186548));
#5341=DIRECTION('',(-0.707106781186548,0.,0.707106781186548));
#5342=DIRECTION('',(0.,-1.,0.));
#5343=DIRECTION('',(-0.316227766016838,0.,-0.948683298050514));
#5344=DIRECTION('',(-0.948683298050514,0.,0.316227766016838));
#5345=DIRECTION('',(-0.447213595499957,0.,-0.894427190999916));
#5346=DIRECTION('',(-0.894427190999916,0.,0.447213595499957));
#5347=DIRECTION('',(0.,-1.,0.));
#5348=DIRECTION('',(0.,1.,0.));
#5349=DIRECTION('',(0.,0.,-1.));
#5350=DIRECTION('',(-1.,0.,0.));
#5351=DIRECTION('',(0.,-1.,0.));
#5352=DIRECTION('',(0.447213595499958,0.,-0.894427190999916));
#5353=DIRECTION('',(-0.894427190999916,0.,-0.447213595499958));
#5354=DIRECTION('',(0.,1.,0.));
#5355=DIRECTION('',(3.97964696715981E-16,0.,-1.));
#5356=DIRECTION('',(-1.,0.,-3.97964696715981E-16));
#5357=DIRECTION('',(3.97964696715981E-16,0.,-1.));
#5358=DIRECTION('',(-1.,0.,-3.97964696715981E-16));
#5359=DIRECTION('',(1.,0.,3.36732356758613E-16));
#5360=DIRECTION('',(3.36732356758613E-16,0.,-1.));
#5361=DIRECTION('',(1.,0.,3.36732356758613E-16));
#5362=DIRECTION('',(3.36732356758613E-16,0.,-1.));
#5363=DIRECTION('',(-2.75500016801245E-16,0.,1.));
#5364=DIRECTION('',(1.,0.,2.75500016801245E-16));
#5365=DIRECTION('',(-2.75500016801245E-16,0.,1.));
#5366=DIRECTION('',(1.,0.,2.75500016801245E-16));
#5367=DIRECTION('',(-1.,0.,-2.14267676843877E-16));
#5368=DIRECTION('',(-2.14267676843877E-16,0.,1.));
#5369=DIRECTION('',(-1.,0.,-2.14267676843877E-16));
#5370=DIRECTION('',(-2.14267676843877E-16,0.,1.));
#5371=DIRECTION('',(0.707106781186547,0.,0.707106781186548));
#5372=DIRECTION('',(0.,1.,0.));
#5373=DIRECTION('',(0.,1.,0.));
#5374=DIRECTION('',(-0.707106781186548,0.,0.707106781186547));
#5375=DIRECTION('',(0.707106781186547,0.,0.707106781186548));
#5376=DIRECTION('',(0.,1.,0.));
#5377=DIRECTION('',(0.,1.,0.));
#5378=DIRECTION('',(-0.707106781186548,0.,0.707106781186547));
#5379=DIRECTION('',(-0.707106781186547,0.,-0.707106781186548));
#5380=DIRECTION('',(1.,0.,0.));
#5381=DIRECTION('',(0.,1.,0.));
#5382=DIRECTION('',(0.,1.,0.));
#5383=DIRECTION('',(0.,0.,1.));
#5384=DIRECTION('',(1.,0.,0.));
#5385=DIRECTION('',(0.,1.,0.));
#5386=DIRECTION('',(0.,1.,0.));
#5387=DIRECTION('',(0.,0.,1.));
#5388=DIRECTION('',(-1.,0.,0.));
#5389=DIRECTION('',(0.,-1.,0.));
#5390=DIRECTION('',(0.,0.,-1.));
#5391=DIRECTION('',(0.707106781186548,0.,-0.707106781186548));
#5392=DIRECTION('',(0.,1.,0.));
#5393=DIRECTION('',(0.,1.,0.));
#5394=DIRECTION('',(0.707106781186548,0.,0.707106781186548));
#5395=DIRECTION('',(0.707106781186548,0.,-0.707106781186548));
#5396=DIRECTION('',(0.,1.,0.));
#5397=DIRECTION('',(0.,1.,0.));
#5398=DIRECTION('',(0.707106781186548,0.,0.707106781186548));
#5399=DIRECTION('',(-0.707106781186548,0.,0.707106781186548));
#5400=DIRECTION('',(0.,-1.,0.));
#5401=DIRECTION('',(0.,0.,-1.));
#5402=DIRECTION('',(6.12323399573677E-17,0.,-1.));
#5403=DIRECTION('',(0.,1.,0.));
#5404=DIRECTION('',(0.,1.,0.));
#5405=DIRECTION('',(1.,0.,6.12323399573677E-17));
#5406=DIRECTION('',(6.12323399573677E-17,0.,-1.));
#5407=DIRECTION('',(0.,1.,0.));
#5408=DIRECTION('',(0.,1.,0.));
#5409=DIRECTION('',(1.,0.,6.12323399573677E-17));
#5410=DIRECTION('',(-6.12323399573677E-17,0.,1.));
#5411=DIRECTION('',(0.,-1.,0.));
#5412=DIRECTION('',(0.,0.,-1.));
#5413=DIRECTION('',(-0.707106781186548,0.,-0.707106781186548));
#5414=DIRECTION('',(0.,1.,0.));
#5415=DIRECTION('',(0.,1.,0.));
#5416=DIRECTION('',(0.707106781186548,0.,-0.707106781186548));
#5417=DIRECTION('',(-0.707106781186548,0.,-0.707106781186548));
#5418=DIRECTION('',(0.,1.,0.));
#5419=DIRECTION('',(0.,1.,0.));
#5420=DIRECTION('',(0.707106781186548,0.,-0.707106781186548));
#5421=DIRECTION('',(0.707106781186548,0.,0.707106781186548));
#5422=DIRECTION('',(0.,-1.,0.));
#5423=DIRECTION('',(0.,0.,-1.));
#5424=DIRECTION('',(-1.,0.,-1.22464679914735E-16));
#5425=DIRECTION('',(0.,1.,0.));
#5426=DIRECTION('',(0.,1.,0.));
#5427=DIRECTION('',(1.22464679914735E-16,0.,-1.));
#5428=DIRECTION('',(-1.,0.,-1.22464679914735E-16));
#5429=DIRECTION('',(0.,1.,0.));
#5430=DIRECTION('',(0.,1.,0.));
#5431=DIRECTION('',(1.22464679914735E-16,0.,-1.));
#5432=DIRECTION('',(1.,0.,1.22464679914735E-16));
#5433=DIRECTION('',(0.,-1.,0.));
#5434=DIRECTION('',(0.,0.,-1.));
#5435=DIRECTION('',(-0.707106781186548,0.,0.707106781186548));
#5436=DIRECTION('',(0.,1.,0.));
#5437=DIRECTION('',(0.,1.,0.));
#5438=DIRECTION('',(-0.707106781186548,0.,-0.707106781186548));
#5439=DIRECTION('',(-0.707106781186548,0.,0.707106781186548));
#5440=DIRECTION('',(0.,1.,0.));
#5441=DIRECTION('',(0.,1.,0.));
#5442=DIRECTION('',(-0.707106781186548,0.,-0.707106781186548));
#5443=DIRECTION('',(0.707106781186548,0.,-0.707106781186548));
#5444=DIRECTION('',(0.,-1.,0.));
#5445=DIRECTION('',(0.,0.,-1.));
#5446=DIRECTION('',(-1.83697019872103E-16,0.,1.));
#5447=DIRECTION('',(0.,1.,0.));
#5448=DIRECTION('',(0.,1.,0.));
#5449=DIRECTION('',(-1.,0.,-1.83697019872103E-16));
#5450=DIRECTION('',(-1.83697019872103E-16,0.,1.));
#5451=DIRECTION('',(0.,1.,0.));
#5452=DIRECTION('',(0.,1.,0.));
#5453=DIRECTION('',(-1.,0.,-1.83697019872103E-16));
#5454=DIRECTION('',(1.83697019872103E-16,0.,-1.));
#5455=DIRECTION('',(0.,-1.,0.));
#5456=DIRECTION('',(0.,0.,-1.));
#5457=DIRECTION('',(0.,-1.,0.));
#5458=DIRECTION('',(0.,0.,-1.));
#5459=DIRECTION('',(0.,-1.,0.));
#5460=DIRECTION('',(1.,0.,0.));
#5461=DIRECTION('',(0.,-1.,0.));
#5462=DIRECTION('',(0.,0.,-1.));
#5463=DIRECTION('',(0.,-1.,0.));
#5464=DIRECTION('',(0.,0.,-1.));
#5465=DIRECTION('',(0.,-1.,0.));
#5466=DIRECTION('',(0.,0.,-1.));
#5467=DIRECTION('',(0.,-1.,0.));
#5468=DIRECTION('',(0.,0.,-1.));
#5469=DIRECTION('',(-0.743480832462555,0.,0.668757244267893));
#5470=DIRECTION('',(-0.38268343236509,0.,-0.923879532511287));
#5471=DIRECTION('',(0.998603120705948,0.,-0.0528375559270355));
#5472=DIRECTION('',(0.38268343236509,0.,0.923879532511287));
#5473=DIRECTION('',(-0.0528375559270365,0.,0.998603120705948));
#5474=DIRECTION('',(-0.923879532511287,0.,-0.38268343236509));
#5475=DIRECTION('',(0.668757244267894,0.,-0.743480832462554));
#5476=DIRECTION('',(0.923879532511287,0.,0.382683432365091));
#5477=DIRECTION('',(-0.668757244267893,0.,-0.743480832462555));
#5478=DIRECTION('',(0.923879532511287,0.,-0.38268343236509));
#5479=DIRECTION('',(0.0528375559270356,0.,0.998603120705948));
#5480=DIRECTION('',(-0.923879532511287,0.,0.38268343236509));
#5481=DIRECTION('',(-0.998603120705948,0.,-0.0528375559270364));
#5482=DIRECTION('',(0.38268343236509,0.,-0.923879532511287));
#5483=DIRECTION('',(0.743480832462554,0.,0.668757244267894));
#5484=DIRECTION('',(-0.382683432365091,0.,0.923879532511287));
#5485=DIRECTION('',(0.743480832462555,0.,-0.668757244267893));
#5486=DIRECTION('',(0.38268343236509,0.,0.923879532511287));
#5487=DIRECTION('',(-0.998603120705948,0.,0.0528375559270356));
#5488=DIRECTION('',(-0.38268343236509,0.,-0.923879532511287));
#5489=DIRECTION('',(0.0528375559270363,0.,-0.998603120705948));
#5490=DIRECTION('',(0.923879532511287,0.,0.38268343236509));
#5491=DIRECTION('',(-0.668757244267894,0.,0.743480832462554));
#5492=DIRECTION('',(-0.923879532511287,0.,-0.382683432365091));
#5493=DIRECTION('',(0.668757244267893,0.,0.743480832462555));
#5494=DIRECTION('',(-0.923879532511287,0.,0.38268343236509));
#5495=DIRECTION('',(-0.0528375559270357,0.,-0.998603120705948));
#5496=DIRECTION('',(0.923879532511287,0.,-0.38268343236509));
#5497=DIRECTION('',(0.998603120705948,0.,0.0528375559270363));
#5498=DIRECTION('',(-0.38268343236509,0.,0.923879532511287));
#5499=DIRECTION('',(-0.743480832462554,0.,-0.668757244267894));
#5500=DIRECTION('',(0.382683432365091,0.,-0.923879532511287));
#5501=DIRECTION('',(0.,-1.,0.));
#5502=DIRECTION('',(0.,0.,-1.));
#5503=DIRECTION('',(0.707106781186548,0.,-0.707106781186547));
#5504=DIRECTION('',(-0.707106781186547,0.,-0.707106781186548));
#5505=DIRECTION('',(0.707106781186548,0.,-0.707106781186547));
#5506=DIRECTION('',(0.,-1.,0.));
#5507=DIRECTION('',(0.,0.,-1.));
#5508=DIRECTION('',(0.,-1.,0.));
#5509=DIRECTION('',(0.,0.,-1.));
#5510=DIRECTION('',(0.,-1.,0.));
#5511=DIRECTION('',(0.,0.,-1.));
#5512=DIRECTION('',(0.,-1.,0.));
#5513=DIRECTION('',(0.,0.,-1.));
#5514=DIRECTION('',(0.,-1.,0.));
#5515=DIRECTION('',(0.,0.,-1.));
#5516=DIRECTION('',(0.,-1.,0.));
#5517=DIRECTION('',(0.,0.,-1.));
#5518=DIRECTION('',(0.,-1.,0.));
#5519=DIRECTION('',(0.,0.,-1.));
#5520=DIRECTION('',(0.,-1.,0.));
#5521=DIRECTION('',(0.,0.,-1.));
#5522=DIRECTION('',(0.,1.,0.));
#5523=DIRECTION('',(0.,0.,1.));
#5524=DIRECTION('',(0.,-1.,0.));
#5525=DIRECTION('',(0.,0.,-1.));
#5526=DIRECTION('',(0.,1.,0.));
#5527=DIRECTION('',(0.,0.,1.));
#5528=DIRECTION('',(0.,-1.,0.));
#5529=DIRECTION('',(0.,0.,-1.));
#5530=DIRECTION('',(0.,1.,0.));
#5531=DIRECTION('',(0.,0.,1.));
#5532=DIRECTION('',(0.,-1.,0.));
#5533=DIRECTION('',(0.,0.,-1.));
#5534=DIRECTION('',(0.,1.,0.));
#5535=DIRECTION('',(0.,0.,1.));
#5536=DIRECTION('',(0.,-1.,0.));
#5537=DIRECTION('',(0.,0.,-1.));
#5538=DIRECTION('',(0.,1.,0.));
#5539=DIRECTION('',(0.,0.,1.));
#5540=DIRECTION('',(0.,-1.,0.));
#5541=DIRECTION('',(0.,0.,-1.));
#5542=DIRECTION('',(0.,1.,0.));
#5543=DIRECTION('',(0.,0.,1.));
#5544=DIRECTION('',(0.,-1.,0.));
#5545=DIRECTION('',(0.,0.,-1.));
#5546=DIRECTION('',(0.,1.,0.));
#5547=DIRECTION('',(0.,0.,1.));
#5548=DIRECTION('',(0.,-1.,0.));
#5549=DIRECTION('',(0.,0.,-1.));
#5550=DIRECTION('',(0.,-1.,0.));
#5551=DIRECTION('',(1.,0.,0.));
#5552=DIRECTION('',(0.,-1.,0.));
#5553=DIRECTION('',(0.,0.,-1.));
#5554=DIRECTION('',(0.,-1.,0.));
#5555=DIRECTION('',(0.,0.,-1.));
#5556=DIRECTION('',(-0.923879532511287,0.,-0.38268343236509));
#5557=DIRECTION('',(-0.0528375559270365,0.,0.998603120705948));
#5558=DIRECTION('',(0.923879532511287,0.,0.382683432365091));
#5559=DIRECTION('',(0.668757244267894,0.,-0.743480832462554));
#5560=DIRECTION('',(0.,-1.,0.));
#5561=DIRECTION('',(0.,0.,-1.));
#5562=DIRECTION('',(0.38268343236509,0.,-0.923879532511287));
#5563=DIRECTION('',(-0.998603120705948,0.,-0.0528375559270364));
#5564=DIRECTION('',(-0.382683432365091,0.,0.923879532511287));
#5565=DIRECTION('',(0.743480832462554,0.,0.668757244267894));
#5566=DIRECTION('',(0.,-1.,0.));
#5567=DIRECTION('',(0.,0.,-1.));
#5568=DIRECTION('',(0.,-1.,0.));
#5569=DIRECTION('',(0.,0.,-1.));
#5570=DIRECTION('',(0.923879532511287,0.,0.38268343236509));
#5571=DIRECTION('',(0.0528375559270363,0.,-0.998603120705948));
#5572=DIRECTION('',(-0.923879532511287,0.,-0.382683432365091));
#5573=DIRECTION('',(-0.668757244267894,0.,0.743480832462554));
#5574=DIRECTION('',(0.,-1.,0.));
#5575=DIRECTION('',(0.,0.,-1.));
#5576=DIRECTION('',(0.,-1.,0.));
#5577=DIRECTION('',(0.,0.,-1.));
#5578=DIRECTION('',(-0.38268343236509,0.,0.923879532511287));
#5579=DIRECTION('',(0.998603120705948,0.,0.0528375559270363));
#5580=DIRECTION('',(0.382683432365091,0.,-0.923879532511287));
#5581=DIRECTION('',(-0.743480832462554,0.,-0.668757244267894));
#5582=DIRECTION('',(0.,-1.,0.));
#5583=DIRECTION('',(0.,0.,-1.));
#5584=DIRECTION('',(0.,-1.,0.));
#5585=DIRECTION('',(0.,0.,-1.));
#5586=DIRECTION('',(0.,-1.,0.));
#5587=DIRECTION('',(0.,0.,-1.));
#5588=DIRECTION('',(0.,-1.,0.));
#5589=DIRECTION('',(0.,0.,-1.));
#5590=DIRECTION('',(-0.923879532511287,0.,0.38268343236509));
#5591=DIRECTION('',(0.668757244267893,0.,0.743480832462555));
#5592=DIRECTION('',(0.923879532511287,0.,-0.38268343236509));
#5593=DIRECTION('',(-0.0528375559270357,0.,-0.998603120705948));
#5594=DIRECTION('',(0.38268343236509,0.,0.923879532511287));
#5595=DIRECTION('',(0.743480832462555,0.,-0.668757244267893));
#5596=DIRECTION('',(-0.38268343236509,0.,-0.923879532511287));
#5597=DIRECTION('',(-0.998603120705948,0.,0.0528375559270356));
#5598=DIRECTION('',(0.923879532511287,0.,-0.38268343236509));
#5599=DIRECTION('',(-0.668757244267893,0.,-0.743480832462555));
#5600=DIRECTION('',(-0.923879532511287,0.,0.38268343236509));
#5601=DIRECTION('',(0.0528375559270356,0.,0.998603120705948));
#5602=DIRECTION('',(-0.38268343236509,0.,-0.923879532511287));
#5603=DIRECTION('',(-0.743480832462555,0.,0.668757244267893));
#5604=DIRECTION('',(0.38268343236509,0.,0.923879532511287));
#5605=DIRECTION('',(0.998603120705948,0.,-0.0528375559270355));
#5606=DIRECTION('',(0.,1.,0.));
#5607=DIRECTION('',(0.,0.,1.));
#5608=DIRECTION('',(0.,1.,0.));
#5609=DIRECTION('',(0.,1.,0.));
#5610=DIRECTION('',(0.,1.,0.));
#5611=DIRECTION('',(0.,0.,1.));
#5612=DIRECTION('',(0.,1.,0.));
#5613=DIRECTION('',(0.,0.,1.));
#5614=DIRECTION('',(0.,1.,0.));
#5615=DIRECTION('',(1.,0.,6.12323399573677E-17));
#5616=DIRECTION('',(0.923879532511287,0.,0.38268343236509));
#5617=DIRECTION('',(0.38268343236509,0.,-0.923879532511287));
#5618=DIRECTION('',(0.,1.,0.));
#5619=DIRECTION('',(0.,1.,0.));
#5620=DIRECTION('',(-0.668757244267894,0.,0.743480832462554));
#5621=DIRECTION('',(0.743480832462554,0.,0.668757244267894));
#5622=DIRECTION('',(0.,1.,0.));
#5623=DIRECTION('',(-0.923879532511286,0.,-0.38268343236509));
#5624=DIRECTION('',(-0.38268343236509,0.,0.923879532511287));
#5625=DIRECTION('',(0.,1.,0.));
#5626=DIRECTION('',(0.0528375559270363,0.,-0.998603120705947));
#5627=DIRECTION('',(-0.998603120705947,0.,-0.0528375559270363));
#5628=DIRECTION('',(0.38268343236509,0.,0.923879532511287));
#5629=DIRECTION('',(0.923879532511287,0.,-0.38268343236509));
#5630=DIRECTION('',(0.,1.,0.));
#5631=DIRECTION('',(0.,1.,0.));
#5632=DIRECTION('',(-0.998603120705948,0.,0.0528375559270357));
#5633=DIRECTION('',(0.0528375559270357,0.,0.998603120705948));
#5634=DIRECTION('',(0.,1.,0.));
#5635=DIRECTION('',(-0.38268343236509,0.,-0.923879532511287));
#5636=DIRECTION('',(-0.923879532511287,0.,0.38268343236509));
#5637=DIRECTION('',(0.,1.,0.));
#5638=DIRECTION('',(0.743480832462555,0.,-0.668757244267893));
#5639=DIRECTION('',(-0.668757244267893,0.,-0.743480832462555));
#5640=DIRECTION('',(0.,1.,0.));
#5641=DIRECTION('',(0.707106781186548,0.,0.707106781186548));
#5642=DIRECTION('',(0.,1.,0.));
#5643=DIRECTION('',(1.22464679914735E-16,0.,-1.));
#5644=DIRECTION('',(0.38268343236509,0.,-0.923879532511287));
#5645=DIRECTION('',(-0.923879532511287,0.,-0.38268343236509));
#5646=DIRECTION('',(0.,1.,0.));
#5647=DIRECTION('',(0.,1.,0.));
#5648=DIRECTION('',(0.743480832462554,0.,0.668757244267894));
#5649=DIRECTION('',(0.668757244267894,0.,-0.743480832462554));
#5650=DIRECTION('',(0.,1.,0.));
#5651=DIRECTION('',(-0.38268343236509,0.,0.923879532511286));
#5652=DIRECTION('',(0.923879532511287,0.,0.38268343236509));
#5653=DIRECTION('',(0.,1.,0.));
#5654=DIRECTION('',(-0.998603120705947,0.,-0.0528375559270363));
#5655=DIRECTION('',(-0.0528375559270363,0.,0.998603120705947));
#5656=DIRECTION('',(0.923879532511287,0.,-0.38268343236509));
#5657=DIRECTION('',(-0.38268343236509,0.,-0.923879532511287));
#5658=DIRECTION('',(0.,1.,0.));
#5659=DIRECTION('',(0.,1.,0.));
#5660=DIRECTION('',(0.0528375559270356,0.,0.998603120705948));
#5661=DIRECTION('',(0.998603120705948,0.,-0.0528375559270356));
#5662=DIRECTION('',(0.,1.,0.));
#5663=DIRECTION('',(-0.923879532511287,0.,0.38268343236509));
#5664=DIRECTION('',(0.38268343236509,0.,0.923879532511287));
#5665=DIRECTION('',(0.,1.,0.));
#5666=DIRECTION('',(-0.668757244267893,0.,-0.743480832462555));
#5667=DIRECTION('',(-0.743480832462555,0.,0.668757244267893));
#5668=DIRECTION('',(0.,1.,0.));
#5669=DIRECTION('',(0.707106781186548,0.,-0.707106781186548));
#5670=DIRECTION('',(0.,1.,0.));
#5671=DIRECTION('',(-1.,0.,-1.83697019872103E-16));
#5672=DIRECTION('',(-0.923879532511287,0.,-0.38268343236509));
#5673=DIRECTION('',(-0.38268343236509,0.,0.923879532511287));
#5674=DIRECTION('',(0.,1.,0.));
#5675=DIRECTION('',(0.,1.,0.));
#5676=DIRECTION('',(0.668757244267894,0.,-0.743480832462554));
#5677=DIRECTION('',(-0.743480832462554,0.,-0.668757244267894));
#5678=DIRECTION('',(0.,1.,0.));
#5679=DIRECTION('',(0.923879532511287,0.,0.382683432365091));
#5680=DIRECTION('',(0.382683432365091,0.,-0.923879532511287));
#5681=DIRECTION('',(0.,1.,0.));
#5682=DIRECTION('',(-0.0528375559270364,0.,0.998603120705948));
#5683=DIRECTION('',(0.998603120705948,0.,0.0528375559270364));
#5684=DIRECTION('',(-0.38268343236509,0.,-0.923879532511287));
#5685=DIRECTION('',(-0.923879532511287,0.,0.38268343236509));
#5686=DIRECTION('',(0.,1.,0.));
#5687=DIRECTION('',(0.,1.,0.));
#5688=DIRECTION('',(0.998603120705948,0.,-0.0528375559270356));
#5689=DIRECTION('',(-0.0528375559270356,0.,-0.998603120705948));
#5690=DIRECTION('',(0.,1.,0.));
#5691=DIRECTION('',(0.38268343236509,0.,0.923879532511287));
#5692=DIRECTION('',(0.923879532511287,0.,-0.38268343236509));
#5693=DIRECTION('',(0.,1.,0.));
#5694=DIRECTION('',(-0.743480832462555,0.,0.668757244267893));
#5695=DIRECTION('',(0.668757244267893,0.,0.743480832462555));
#5696=DIRECTION('',(0.,1.,0.));
#5697=DIRECTION('',(-0.707106781186548,0.,-0.707106781186548));
#5698=DIRECTION('',(-0.38268343236509,0.,0.923879532511287));
#5699=DIRECTION('',(0.923879532511287,0.,0.38268343236509));
#5700=DIRECTION('',(0.,1.,0.));
#5701=DIRECTION('',(0.,1.,0.));
#5702=DIRECTION('',(-0.743480832462554,0.,-0.668757244267894));
#5703=DIRECTION('',(-0.668757244267894,0.,0.743480832462554));
#5704=DIRECTION('',(0.,1.,0.));
#5705=DIRECTION('',(0.382683432365091,0.,-0.923879532511286));
#5706=DIRECTION('',(-0.923879532511287,0.,-0.382683432365091));
#5707=DIRECTION('',(0.,1.,0.));
#5708=DIRECTION('',(0.998603120705948,0.,0.0528375559270365));
#5709=DIRECTION('',(0.0528375559270365,0.,-0.998603120705948));
#5710=DIRECTION('',(-0.923879532511287,0.,0.38268343236509));
#5711=DIRECTION('',(0.38268343236509,0.,0.923879532511287));
#5712=DIRECTION('',(0.,1.,0.));
#5713=DIRECTION('',(0.,1.,0.));
#5714=DIRECTION('',(-0.0528375559270355,0.,-0.998603120705948));
#5715=DIRECTION('',(-0.998603120705948,0.,0.0528375559270355));
#5716=DIRECTION('',(0.,1.,0.));
#5717=DIRECTION('',(0.923879532511287,0.,-0.38268343236509));
#5718=DIRECTION('',(-0.38268343236509,0.,-0.923879532511287));
#5719=DIRECTION('',(0.,1.,0.));
#5720=DIRECTION('',(0.668757244267893,0.,0.743480832462555));
#5721=DIRECTION('',(0.743480832462555,0.,-0.668757244267893));
#5722=DIRECTION('',(0.,1.,0.));
#5723=DIRECTION('',(-0.707106781186548,0.,0.707106781186547));
#5724=DIRECTION('',(0.,1.,0.));
#5725=DIRECTION('',(0.,0.,1.));
#5726=DIRECTION('',(0.,1.,0.));
#5727=DIRECTION('',(0.,1.,0.));
#5728=DIRECTION('',(0.,-1.,0.));
#5729=DIRECTION('',(0.,0.,-1.));
#5730=DIRECTION('',(0.707106781186548,0.,-0.707106781186547));
#5731=DIRECTION('',(-0.707106781186547,0.,-0.707106781186548));
#5732=DIRECTION('',(0.,1.,0.));
#5733=DIRECTION('',(-0.707106781186547,0.,-0.707106781186548));
#5734=DIRECTION('',(0.,1.,0.));
#5735=DIRECTION('',(0.707106781186547,0.,0.707106781186548));
#5736=DIRECTION('',(0.707106781186548,0.,-0.707106781186547));
#5737=DIRECTION('',(0.707106781186548,0.,-0.707106781186547));
#5738=DIRECTION('',(0.,1.,0.));
#5739=DIRECTION('',(0.,0.,1.));
#5740=DIRECTION('',(0.,-1.,0.));
#5741=DIRECTION('',(0.,0.,-1.));
#5742=DIRECTION('',(0.,1.,0.));
#5743=DIRECTION('',(0.,0.,1.));
#5744=DIRECTION('',(0.,-1.,0.));
#5745=DIRECTION('',(0.,0.,-1.));
#5746=DIRECTION('',(0.,1.,0.));
#5747=DIRECTION('',(0.,0.,1.));
#5748=DIRECTION('',(0.,-1.,0.));
#5749=DIRECTION('',(0.,0.,-1.));
#5750=DIRECTION('',(0.707106781186547,0.,0.707106781186548));
#5751=DIRECTION('',(0.707106781186548,0.,-0.707106781186547));
#5752=DIRECTION('',(0.707106781186548,0.,-0.707106781186547));
#5753=DIRECTION('',(0.,1.,0.));
#5754=DIRECTION('',(0.,0.,1.));
#5755=DIRECTION('',(0.,-1.,0.));
#5756=DIRECTION('',(0.,0.,-1.));
#5757=DIRECTION('',(0.,-1.,0.));
#5758=DIRECTION('',(1.,0.,0.));
#5759=CARTESIAN_POINT('',(0.,0.,0.));
#5760=CARTESIAN_POINT('',(0.0015,0.13099999999028,0.0345382158543626));
#5761=CARTESIAN_POINT('',(-0.0015,0.13099999999028,0.0345382158543626));
#5762=CARTESIAN_POINT('',(0.0015,0.154255998182765,0.0273361626920322));
#5763=CARTESIAN_POINT('',(-0.0015,0.154255998182765,0.0273361626920322));
#5764=CARTESIAN_POINT('',(0.0015,0.170476512013728,0.0190981215628418));
#5765=CARTESIAN_POINT('',(-0.0015,0.170476512013728,0.0190981215628418));
#5766=CARTESIAN_POINT('',(0.0015,0.17123170742439,0.01875));
#5767=CARTESIAN_POINT('',(-0.0015,0.17123170742439,0.01875));
#5768=CARTESIAN_POINT('',(0.0015,0.131,0.0345382158513524));
#5769=CARTESIAN_POINT('',(0.0015,0.130999999990274,0.0345382158543643));
#5770=CARTESIAN_POINT('',(-0.0015,0.130999999999149,0.034538215851616));
#5771=CARTESIAN_POINT('',(-0.0015,0.015,0.05115));
#5772=CARTESIAN_POINT('',(-0.0015,0.019,0.05115));
#5773=CARTESIAN_POINT('',(-0.0015,0.114567613004176,0.0475080563942293));
#5774=CARTESIAN_POINT('',(-0.0015,0.17029911300718,0.0191798969795542));
#5775=CARTESIAN_POINT('',(-0.0015,0.171231707424389,0.01875));
#5776=CARTESIAN_POINT('',(-0.0015,0.171231707424389,0.01875));
#5777=CARTESIAN_POINT('',(0.0015,0.171231707424389,0.01875));
#5778=CARTESIAN_POINT('',(0.0015,0.171231707424389,0.01875));
#5779=CARTESIAN_POINT('',(0.0015,0.015,0.05115));
#5780=CARTESIAN_POINT('',(0.0015,0.019,0.05115));
#5781=CARTESIAN_POINT('',(0.0015,0.114567613004176,0.0475080563942293));
#5782=CARTESIAN_POINT('',(0.0015,0.17029911300718,0.0191798969795542));
#5783=CARTESIAN_POINT('',(0.0015,0.171231707424389,0.01875));
#5784=CARTESIAN_POINT('',(0.0345382158543626,0.13099999999028,-0.0015));
#5785=CARTESIAN_POINT('',(0.0345382158543626,0.13099999999028,0.0015));
#5786=CARTESIAN_POINT('',(0.0273361626920322,0.154255998182765,-0.0015));
#5787=CARTESIAN_POINT('',(0.0273361626920322,0.154255998182765,0.0015));
#5788=CARTESIAN_POINT('',(0.0190981215628418,0.170476512013728,-0.0015));
#5789=CARTESIAN_POINT('',(0.0190981215628418,0.170476512013728,0.0015));
#5790=CARTESIAN_POINT('',(0.01875,0.17123170742439,-0.0015));
#5791=CARTESIAN_POINT('',(0.01875,0.17123170742439,0.0015));
#5792=CARTESIAN_POINT('',(0.0345382158513524,0.131,-0.0015));
#5793=CARTESIAN_POINT('',(0.0345382158543643,0.130999999990274,-0.0015));
#5794=CARTESIAN_POINT('',(0.034538215851616,0.130999999999149,0.0015));
#5795=CARTESIAN_POINT('',(0.05115,0.015,0.0015));
#5796=CARTESIAN_POINT('',(0.05115,0.019,0.0015));
#5797=CARTESIAN_POINT('',(0.0475080563942293,0.114567613004176,0.0015));
#5798=CARTESIAN_POINT('',(0.0191798969795542,0.17029911300718,0.0015));
#5799=CARTESIAN_POINT('',(0.01875,0.171231707424389,0.0015));
#5800=CARTESIAN_POINT('',(0.01875,0.171231707424389,0.0015));
#5801=CARTESIAN_POINT('',(0.01875,0.171231707424389,-0.0015));
#5802=CARTESIAN_POINT('',(0.01875,0.171231707424389,-0.0015));
#5803=CARTESIAN_POINT('',(0.05115,0.015,-0.0015));
#5804=CARTESIAN_POINT('',(0.05115,0.019,-0.0015));
#5805=CARTESIAN_POINT('',(0.0475080563942293,0.114567613004176,-0.0015));
#5806=CARTESIAN_POINT('',(0.0191798969795542,0.17029911300718,-0.0015));
#5807=CARTESIAN_POINT('',(0.01875,0.171231707424389,-0.0015));
#5808=CARTESIAN_POINT('',(-0.0015,0.13099999999028,-0.0345382158543626));
#5809=CARTESIAN_POINT('',(0.0015,0.13099999999028,-0.0345382158543626));
#5810=CARTESIAN_POINT('',(-0.0015,0.154255998182765,-0.0273361626920322));
#5811=CARTESIAN_POINT('',(0.0015,0.154255998182765,-0.0273361626920322));
#5812=CARTESIAN_POINT('',(-0.0015,0.170476512013728,-0.0190981215628418));
#5813=CARTESIAN_POINT('',(0.0015,0.170476512013728,-0.0190981215628418));
#5814=CARTESIAN_POINT('',(-0.0015,0.17123170742439,-0.01875));
#5815=CARTESIAN_POINT('',(0.0015,0.17123170742439,-0.01875));
#5816=CARTESIAN_POINT('',(-0.0015,0.131,-0.0345382158513524));
#5817=CARTESIAN_POINT('',(-0.0015,0.130999999990274,-0.0345382158543643));
#5818=CARTESIAN_POINT('',(0.0015,0.130999999999149,-0.034538215851616));
#5819=CARTESIAN_POINT('',(0.0015,0.015,-0.05115));
#5820=CARTESIAN_POINT('',(0.0015,0.019,-0.05115));
#5821=CARTESIAN_POINT('',(0.0015,0.114567613004176,-0.0475080563942293));
#5822=CARTESIAN_POINT('',(0.0015,0.17029911300718,-0.0191798969795542));
#5823=CARTESIAN_POINT('',(0.0015,0.171231707424389,-0.01875));
#5824=CARTESIAN_POINT('',(0.0015,0.171231707424389,-0.01875));
#5825=CARTESIAN_POINT('',(-0.0015,0.171231707424389,-0.01875));
#5826=CARTESIAN_POINT('',(-0.0015,0.171231707424389,-0.01875));
#5827=CARTESIAN_POINT('',(-0.0015,0.015,-0.05115));
#5828=CARTESIAN_POINT('',(-0.0015,0.019,-0.05115));
#5829=CARTESIAN_POINT('',(-0.0015,0.114567613004176,-0.0475080563942293));
#5830=CARTESIAN_POINT('',(-0.0015,0.17029911300718,-0.0191798969795542));
#5831=CARTESIAN_POINT('',(-0.0015,0.171231707424389,-0.01875));
#5832=CARTESIAN_POINT('',(-0.0345382158543626,0.13099999999028,0.0015));
#5833=CARTESIAN_POINT('',(-0.0345382158543626,0.13099999999028,-0.0015));
#5834=CARTESIAN_POINT('',(-0.0273361626920322,0.154255998182765,0.0015));
#5835=CARTESIAN_POINT('',(-0.0273361626920322,0.154255998182765,-0.0015));
#5836=CARTESIAN_POINT('',(-0.0190981215628418,0.170476512013728,0.0015));
#5837=CARTESIAN_POINT('',(-0.0190981215628418,0.170476512013728,-0.0015));
#5838=CARTESIAN_POINT('',(-0.01875,0.17123170742439,0.0015));
#5839=CARTESIAN_POINT('',(-0.01875,0.17123170742439,-0.0015));
#5840=CARTESIAN_POINT('',(-0.0345382158513524,0.131,0.0015));
#5841=CARTESIAN_POINT('',(-0.0345382158543643,0.130999999990274,0.0015));
#5842=CARTESIAN_POINT('',(-0.034538215851616,0.130999999999149,-0.0015));
#5843=CARTESIAN_POINT('',(-0.05115,0.015,-0.0015));
#5844=CARTESIAN_POINT('',(-0.05115,0.019,-0.0015));
#5845=CARTESIAN_POINT('',(-0.0475080563942293,0.114567613004176,-0.0015));
#5846=CARTESIAN_POINT('',(-0.0191798969795542,0.17029911300718,-0.0015));
#5847=CARTESIAN_POINT('',(-0.01875,0.171231707424389,-0.0015));
#5848=CARTESIAN_POINT('',(-0.01875,0.171231707424389,-0.0015));
#5849=CARTESIAN_POINT('',(-0.01875,0.171231707424389,0.0015));
#5850=CARTESIAN_POINT('',(-0.01875,0.171231707424389,0.0015));
#5851=CARTESIAN_POINT('',(-0.05115,0.015,0.0015));
#5852=CARTESIAN_POINT('',(-0.05115,0.019,0.0015));
#5853=CARTESIAN_POINT('',(-0.0475080563942293,0.114567613004176,0.0015));
#5854=CARTESIAN_POINT('',(-0.0191798969795542,0.17029911300718,0.0015));
#5855=CARTESIAN_POINT('',(-0.01875,0.171231707424389,0.0015));
#5856=CARTESIAN_POINT('',(0.,0.181771513266119,0.01875));
#5857=CARTESIAN_POINT('',(-0.00507114226687824,0.181771513266119,0.01875));
#5858=CARTESIAN_POINT('',(-0.00975168128255407,0.181771513266119,0.0167983242037533));
#5859=CARTESIAN_POINT('',(-0.013320582747184,0.181771513266119,0.0131956271270229));
#5860=CARTESIAN_POINT('',(0.,0.180976633699941,0.0191164147225241));
#5861=CARTESIAN_POINT('',(-0.00517024313016348,0.180976633699941,0.0191164147225241));
#5862=CARTESIAN_POINT('',(-0.00994224979408955,0.180976633699941,0.0171265990465259));
#5863=CARTESIAN_POINT('',(-0.0135808951541796,0.180976633699941,0.0134534976364778));
#5864=CARTESIAN_POINT('',(0.,0.1596045173837,0.0303402952604502));
#5865=CARTESIAN_POINT('',(-0.0082058641965245,0.1596045173837,0.0303402952604502));
#5866=CARTESIAN_POINT('',(-0.0157796741012531,0.1596045173837,0.0271821928652075));
#5867=CARTESIAN_POINT('',(-0.0215546887248438,0.1596045173837,0.0213524919029697));
#5868=CARTESIAN_POINT('',(0.,0.131,0.0392293704116245));
#5869=CARTESIAN_POINT('',(-0.010610011647862,0.131,0.0392293704116245));
#5870=CARTESIAN_POINT('',(-0.0204027902490357,0.131,0.0351460097324584));
#5871=CARTESIAN_POINT('',(-0.0278697639833587,0.131,0.0276083277002487));
#5872=CARTESIAN_POINT('',(0.,0.131,0.));
#5873=CARTESIAN_POINT('',(-0.0266584082008445,0.131,0.0287797285444041));
#5874=CARTESIAN_POINT('',(-0.0015,0.131,0.0392006824289124));
#5875=CARTESIAN_POINT('',(-0.0121975919754679,0.181648852118585,0.0143189123190276));
#5876=CARTESIAN_POINT('',(-0.0129189509070346,0.179608330588997,0.0150402712505942));
#5877=CARTESIAN_POINT('',(-0.0143554644990012,0.175523589831242,0.0164767848425608));
#5878=CARTESIAN_POINT('',(-0.0170510543261507,0.167246080067937,0.0191723746697103));
#5879=CARTESIAN_POINT('',(-0.0214707167118521,0.15258464710579,0.0235920370554117));
#5880=CARTESIAN_POINT('',(-0.0247483882968768,0.139685868038102,0.0268697086404363));
#5881=CARTESIAN_POINT('',(-0.0266584082008445,0.131,0.0287797285444041));
#5882=CARTESIAN_POINT('',(-0.0121975919754679,0.181648852118585,0.0143189123190276));
#5883=CARTESIAN_POINT('',(-0.0121975919754672,0.18164885211859,0.0143189123190267));
#5884=CARTESIAN_POINT('',(-0.0125511453660605,0.181728860366778,0.0139653589284334));
#5885=CARTESIAN_POINT('',(-0.0129046987566546,0.181771513266119,0.0136118055378409));
#5886=CARTESIAN_POINT('',(-0.0132582521472478,0.181771513266119,0.0132582521472478));
#5887=CARTESIAN_POINT('',(-0.0132582521472478,0.181771513266119,0.0132582521472478));
#5888=CARTESIAN_POINT('',(0.,0.181771513266119,0.));
#5889=CARTESIAN_POINT('',(0.,0.181771513266119,0.01875));
#5890=CARTESIAN_POINT('',(0.,0.181771513266119,0.01875));
#5891=CARTESIAN_POINT('',(-0.000503343501580969,0.181771513266119,0.01875));
#5892=CARTESIAN_POINT('',(-0.00100315778057032,0.181728355069789,0.01875));
#5893=CARTESIAN_POINT('',(-0.0014999999999999,0.181648852118585,0.01875));
#5894=CARTESIAN_POINT('',(-0.0015,0.181648852118585,0.01875));
#5895=CARTESIAN_POINT('',(-0.0015,0.181648852118585,0.01875));
#5896=CARTESIAN_POINT('',(-0.0015,0.179608330588997,0.0197701555843605));
#5897=CARTESIAN_POINT('',(-0.0015,0.175523589831242,0.021801692588653));
#5898=CARTESIAN_POINT('',(-0.0015,0.167246080067937,0.0256138322808028));
#5899=CARTESIAN_POINT('',(-0.0015,0.15258464710579,0.0318641787677719));
#5900=CARTESIAN_POINT('',(-0.0015,0.139685868038102,0.0364995063763187));
#5901=CARTESIAN_POINT('',(-0.0015,0.131,0.0392006824289124));
#5902=CARTESIAN_POINT('',(0.0015,0.0925,0.028575));
#5903=CARTESIAN_POINT('',(0.0015,0.181648852118585,0.01875));
#5904=CARTESIAN_POINT('',(0.0015,0.179608330588997,0.0197701555843605));
#5905=CARTESIAN_POINT('',(0.00150000000000001,0.175523589831242,0.021801692588653));
#5906=CARTESIAN_POINT('',(0.00149999999999998,0.167246080067937,0.0256138322808028));
#5907=CARTESIAN_POINT('',(0.00150000000000001,0.15258464710579,0.0318641787677719));
#5908=CARTESIAN_POINT('',(0.00150000000000002,0.139685868038102,0.0364995063763186));
#5909=CARTESIAN_POINT('',(0.00150000000000002,0.131,0.0392006824289124));
#5910=CARTESIAN_POINT('',(0.0015,0.181648852118585,0.01875));
#5911=CARTESIAN_POINT('',(0.00150000000000002,0.131,0.0392006824289124));
#5912=CARTESIAN_POINT('',(0.0015,0.131,0.));
#5913=CARTESIAN_POINT('',(0.0015,0.176501610345254,0.01875));
#5914=CARTESIAN_POINT('',(-0.0015,0.0925,0.028575));
#5915=CARTESIAN_POINT('',(-0.0015,0.131,0.));
#5916=CARTESIAN_POINT('',(-0.0015,0.176501610345254,0.01875));
#5917=CARTESIAN_POINT('',(0.0254828668124843,0.13099999999028,0.0233615464689246));
#5918=CARTESIAN_POINT('',(0.0233615464689246,0.13099999999028,0.0254828668124842));
#5919=CARTESIAN_POINT('',(0.0203902461829344,0.154255998182765,0.0182689258393748));
#5920=CARTESIAN_POINT('',(0.0182689258393748,0.154255998182765,0.0203902461829344));
#5921=CARTESIAN_POINT('',(0.0145650714367903,0.170476512013728,0.0124437510932306));
#5922=CARTESIAN_POINT('',(0.0124437510932307,0.170476512013728,0.0145650714367903));
#5923=CARTESIAN_POINT('',(0.0143189123190276,0.171231707424389,0.0121975919754679));
#5924=CARTESIAN_POINT('',(0.0121975919754679,0.171231707424389,0.0143189123190276));
#5925=CARTESIAN_POINT('',(0.0254828668103558,0.131,0.0233615464667961));
#5926=CARTESIAN_POINT('',(0.0254828668124856,0.130999999990274,0.0233615464689259));
#5927=CARTESIAN_POINT('',(0.0233615464689259,0.130999999990274,0.0254828668124856));
#5928=CARTESIAN_POINT('',(0.0351078516859121,0.015,0.0372291720294717));
#5929=CARTESIAN_POINT('',(0.0351078516859121,0.019,0.0372291720294717));
#5930=CARTESIAN_POINT('',(0.0325326086655726,0.114567613004176,0.0346539290091323));
#5931=CARTESIAN_POINT('',(0.0125015750449223,0.17029911300718,0.014622895388482));
#5932=CARTESIAN_POINT('',(0.0121975919754679,0.171231707424389,0.0143189123190276));
#5933=CARTESIAN_POINT('',(0.0121975919754679,0.171231707424389,0.0143189123190276));
#5934=CARTESIAN_POINT('',(0.0143189123190276,0.171231707424389,0.0121975919754679));
#5935=CARTESIAN_POINT('',(0.0143189123190276,0.171231707424389,0.0121975919754679));
#5936=CARTESIAN_POINT('',(0.0372291720294717,0.015,0.0351078516859121));
#5937=CARTESIAN_POINT('',(0.0372291720294717,0.019,0.0351078516859121));
#5938=CARTESIAN_POINT('',(0.0346539290091323,0.114567613004176,0.0325326086655726));
#5939=CARTESIAN_POINT('',(0.014622895388482,0.17029911300718,0.0125015750449223));
#5940=CARTESIAN_POINT('',(0.0143189123190276,0.171231707424389,0.0121975919754679));
#5941=CARTESIAN_POINT('',(0.0212662364441854,0.0925,0.0191449161006258));
#5942=CARTESIAN_POINT('',(0.0143189123190276,0.181648852118585,0.0121975919754679));
#5943=CARTESIAN_POINT('',(0.0150402712505943,0.179608330588997,0.0129189509070346));
#5944=CARTESIAN_POINT('',(0.0164767848425608,0.175523589831243,0.0143554644990012));
#5945=CARTESIAN_POINT('',(0.0191723746697103,0.167246080067937,0.0170510543261507));
#5946=CARTESIAN_POINT('',(0.0235920370554117,0.15258464710579,0.0214707167118521));
#5947=CARTESIAN_POINT('',(0.0268697086404363,0.139685868038102,0.0247483882968767));
#5948=CARTESIAN_POINT('',(0.0287797285444041,0.131,0.0266584082008445));
#5949=CARTESIAN_POINT('',(0.0143189123190276,0.181648852118585,0.0121975919754679));
#5950=CARTESIAN_POINT('',(0.0287797285444041,0.131,0.0266584082008445));
#5951=CARTESIAN_POINT('',(0.00106066017177982,0.131,-0.00106066017177982));
#5952=CARTESIAN_POINT('',(0.0143189123190276,0.176501610345254,0.0121975919754679));
#5953=CARTESIAN_POINT('',(0.0191449161006258,0.0925,0.0212662364441854));
#5954=CARTESIAN_POINT('',(-0.00106066017177982,0.131,0.00106066017177982));
#5955=CARTESIAN_POINT('',(0.0266584082008445,0.131,0.0287797285444041));
#5956=CARTESIAN_POINT('',(0.0121975919754679,0.181648852118585,0.0143189123190276));
#5957=CARTESIAN_POINT('',(0.0129189509070346,0.179608330588997,0.0150402712505943));
#5958=CARTESIAN_POINT('',(0.0143554644990012,0.175523589831242,0.0164767848425608));
#5959=CARTESIAN_POINT('',(0.0170510543261507,0.167246080067937,0.0191723746697103));
#5960=CARTESIAN_POINT('',(0.0214707167118521,0.15258464710579,0.0235920370554117));
#5961=CARTESIAN_POINT('',(0.0247483882968767,0.139685868038102,0.0268697086404363));
#5962=CARTESIAN_POINT('',(0.0266584082008445,0.131,0.0287797285444041));
#5963=CARTESIAN_POINT('',(0.0121975919754679,0.181648852118585,0.0143189123190276));
#5964=CARTESIAN_POINT('',(0.0121975919754679,0.176501610345254,0.0143189123190276));
#5965=CARTESIAN_POINT('',(0.028575,0.0925,-0.0015));
#5966=CARTESIAN_POINT('',(0.01875,0.181648852118585,-0.0015));
#5967=CARTESIAN_POINT('',(0.0197701555843605,0.179608330588997,-0.0015));
#5968=CARTESIAN_POINT('',(0.021801692588653,0.175523589831243,-0.00150000000000002));
#5969=CARTESIAN_POINT('',(0.0256138322808028,0.167246080067937,-0.00149999999999997));
#5970=CARTESIAN_POINT('',(0.0318641787677719,0.15258464710579,-0.00150000000000003));
#5971=CARTESIAN_POINT('',(0.0364995063763187,0.139685868038102,-0.00150000000000001));
#5972=CARTESIAN_POINT('',(0.0392006824289124,0.131,-0.00150000000000001));
#5973=CARTESIAN_POINT('',(0.01875,0.181648852118585,-0.0015));
#5974=CARTESIAN_POINT('',(0.0392006824289124,0.131,-0.00149999999999996));
#5975=CARTESIAN_POINT('',(9.18485099360515E-20,0.131,-0.0015));
#5976=CARTESIAN_POINT('',(0.01875,0.176501610345254,-0.0015));
#5977=CARTESIAN_POINT('',(0.028575,0.0925,0.0015));
#5978=CARTESIAN_POINT('',(-9.18485099360515E-20,0.131,0.0015));
#5979=CARTESIAN_POINT('',(0.0392006824289124,0.131,0.0015));
#5980=CARTESIAN_POINT('',(0.01875,0.181648852118585,0.0015));
#5981=CARTESIAN_POINT('',(0.0197701555843605,0.179608330588997,0.0015));
#5982=CARTESIAN_POINT('',(0.021801692588653,0.175523589831243,0.00149999999999998));
#5983=CARTESIAN_POINT('',(0.0256138322808028,0.167246080067937,0.00150000000000002));
#5984=CARTESIAN_POINT('',(0.0318641787677719,0.15258464710579,0.00150000000000002));
#5985=CARTESIAN_POINT('',(0.0364995063763186,0.139685868038102,0.00149999999999999));
#5986=CARTESIAN_POINT('',(0.0392006824289124,0.131,0.00149999999999999));
#5987=CARTESIAN_POINT('',(0.01875,0.181648852118585,0.0015));
#5988=CARTESIAN_POINT('',(0.01875,0.176501610345254,0.0015));
#5989=CARTESIAN_POINT('',(0.0233615464689246,0.13099999999028,-0.0254828668124843));
#5990=CARTESIAN_POINT('',(0.0254828668124842,0.13099999999028,-0.0233615464689246));
#5991=CARTESIAN_POINT('',(0.0182689258393748,0.154255998182765,-0.0203902461829344));
#5992=CARTESIAN_POINT('',(0.0203902461829344,0.154255998182765,-0.0182689258393748));
#5993=CARTESIAN_POINT('',(0.0124437510932306,0.170476512013728,-0.0145650714367903));
#5994=CARTESIAN_POINT('',(0.0145650714367903,0.170476512013728,-0.0124437510932307));
#5995=CARTESIAN_POINT('',(0.0121975919754679,0.171231707424389,-0.0143189123190276));
#5996=CARTESIAN_POINT('',(0.0143189123190276,0.171231707424389,-0.0121975919754679));
#5997=CARTESIAN_POINT('',(0.0233615464667961,0.131,-0.0254828668103558));
#5998=CARTESIAN_POINT('',(0.0233615464689259,0.130999999990274,-0.0254828668124856));
#5999=CARTESIAN_POINT('',(0.0254828668124856,0.130999999990274,-0.0233615464689259));
#6000=CARTESIAN_POINT('',(0.0372291720294717,0.015,-0.0351078516859121));
#6001=CARTESIAN_POINT('',(0.0372291720294717,0.019,-0.0351078516859121));
#6002=CARTESIAN_POINT('',(0.0346539290091323,0.114567613004176,-0.0325326086655726));
#6003=CARTESIAN_POINT('',(0.014622895388482,0.17029911300718,-0.0125015750449223));
#6004=CARTESIAN_POINT('',(0.0143189123190276,0.171231707424389,-0.0121975919754679));
#6005=CARTESIAN_POINT('',(0.0143189123190276,0.171231707424389,-0.0121975919754679));
#6006=CARTESIAN_POINT('',(0.0121975919754679,0.171231707424389,-0.0143189123190276));
#6007=CARTESIAN_POINT('',(0.0121975919754679,0.171231707424389,-0.0143189123190276));
#6008=CARTESIAN_POINT('',(0.0351078516859121,0.015,-0.0372291720294717));
#6009=CARTESIAN_POINT('',(0.0351078516859121,0.019,-0.0372291720294717));
#6010=CARTESIAN_POINT('',(0.0325326086655726,0.114567613004176,-0.0346539290091323));
#6011=CARTESIAN_POINT('',(0.0125015750449223,0.17029911300718,-0.014622895388482));
#6012=CARTESIAN_POINT('',(0.0121975919754679,0.171231707424389,-0.0143189123190276));
#6013=CARTESIAN_POINT('',(0.0191449161006258,0.0925,-0.0212662364441854));
#6014=CARTESIAN_POINT('',(0.0121975919754679,0.181648852118585,-0.0143189123190276));
#6015=CARTESIAN_POINT('',(0.0129189509070346,0.179608330588997,-0.0150402712505943));
#6016=CARTESIAN_POINT('',(0.0143554644990012,0.175523589831242,-0.0164767848425608));
#6017=CARTESIAN_POINT('',(0.0170510543261507,0.167246080067937,-0.0191723746697103));
#6018=CARTESIAN_POINT('',(0.0214707167118521,0.15258464710579,-0.0235920370554117));
#6019=CARTESIAN_POINT('',(0.0247483882968768,0.139685868038102,-0.0268697086404363));
#6020=CARTESIAN_POINT('',(0.0266584082008445,0.131,-0.0287797285444041));
#6021=CARTESIAN_POINT('',(0.0121975919754679,0.181648852118585,-0.0143189123190276));
#6022=CARTESIAN_POINT('',(0.0266584082008445,0.131,-0.0287797285444041));
#6023=CARTESIAN_POINT('',(-0.00106066017177982,0.131,-0.00106066017177982));
#6024=CARTESIAN_POINT('',(0.0121975919754679,0.176501610345254,-0.0143189123190276));
#6025=CARTESIAN_POINT('',(0.0212662364441854,0.0925,-0.0191449161006258));
#6026=CARTESIAN_POINT('',(0.00106066017177982,0.131,0.00106066017177982));
#6027=CARTESIAN_POINT('',(0.0287797285444041,0.131,-0.0266584082008445));
#6028=CARTESIAN_POINT('',(0.0143189123190276,0.181648852118585,-0.0121975919754679));
#6029=CARTESIAN_POINT('',(0.0150402712505942,0.179608330588997,-0.0129189509070346));
#6030=CARTESIAN_POINT('',(0.0164767848425608,0.175523589831243,-0.0143554644990012));
#6031=CARTESIAN_POINT('',(0.0191723746697103,0.167246080067937,-0.0170510543261507));
#6032=CARTESIAN_POINT('',(0.0235920370554117,0.15258464710579,-0.0214707167118521));
#6033=CARTESIAN_POINT('',(0.0268697086404363,0.139685868038102,-0.0247483882968767));
#6034=CARTESIAN_POINT('',(0.0287797285444041,0.131,-0.0266584082008445));
#6035=CARTESIAN_POINT('',(0.0143189123190276,0.181648852118585,-0.0121975919754679));
#6036=CARTESIAN_POINT('',(0.0143189123190276,0.176501610345254,-0.0121975919754679));
#6037=CARTESIAN_POINT('',(-0.0015,0.0925,-0.028575));
#6038=CARTESIAN_POINT('',(-0.0015,0.181648852118585,-0.01875));
#6039=CARTESIAN_POINT('',(-0.0015,0.179608330588997,-0.0197701555843606));
#6040=CARTESIAN_POINT('',(-0.0015,0.175523589831242,-0.021801692588653));
#6041=CARTESIAN_POINT('',(-0.00150000000000001,0.167246080067937,-0.0256138322808027));
#6042=CARTESIAN_POINT('',(-0.00149999999999998,0.15258464710579,-0.0318641787677719));
#6043=CARTESIAN_POINT('',(-0.00149999999999999,0.139685868038102,-0.0364995063763186));
#6044=CARTESIAN_POINT('',(-0.00149999999999999,0.131,-0.0392006824289124));
#6045=CARTESIAN_POINT('',(-0.0015,0.181648852118585,-0.01875));
#6046=CARTESIAN_POINT('',(-0.0015,0.131,-0.0392006824289124));
#6047=CARTESIAN_POINT('',(-0.0015,0.131,-1.83697019872103E-19));
#6048=CARTESIAN_POINT('',(-0.0015,0.176501610345254,-0.01875));
#6049=CARTESIAN_POINT('',(0.0015,0.0925,-0.028575));
#6050=CARTESIAN_POINT('',(0.0015,0.131,1.83697019872103E-19));
#6051=CARTESIAN_POINT('',(0.0015,0.131,-0.0392006824289124));
#6052=CARTESIAN_POINT('',(0.0015,0.181648852118585,-0.01875));
#6053=CARTESIAN_POINT('',(0.0015,0.179608330588997,-0.0197701555843605));
#6054=CARTESIAN_POINT('',(0.00149999999999999,0.175523589831243,-0.0218016925886529));
#6055=CARTESIAN_POINT('',(0.00149999999999999,0.167246080067937,-0.0256138322808028));
#6056=CARTESIAN_POINT('',(0.00150000000000001,0.15258464710579,-0.0318641787677719));
#6057=CARTESIAN_POINT('',(0.0015,0.139685868038102,-0.0364995063763186));
#6058=CARTESIAN_POINT('',(0.0015,0.131,-0.0392006824289124));
#6059=CARTESIAN_POINT('',(0.0015,0.181648852118585,-0.01875));
#6060=CARTESIAN_POINT('',(0.0015,0.176501610345254,-0.01875));
#6061=CARTESIAN_POINT('',(-0.0254828668124843,0.13099999999028,-0.0233615464689246));
#6062=CARTESIAN_POINT('',(-0.0233615464689246,0.13099999999028,-0.0254828668124842));
#6063=CARTESIAN_POINT('',(-0.0203902461829344,0.154255998182765,-0.0182689258393748));
#6064=CARTESIAN_POINT('',(-0.0182689258393748,0.154255998182765,-0.0203902461829344));
#6065=CARTESIAN_POINT('',(-0.0145650714367903,0.170476512013728,-0.0124437510932306));
#6066=CARTESIAN_POINT('',(-0.0124437510932307,0.170476512013728,-0.0145650714367903));
#6067=CARTESIAN_POINT('',(-0.0143189123190276,0.171231707424389,-0.0121975919754679));
#6068=CARTESIAN_POINT('',(-0.0121975919754679,0.171231707424389,-0.0143189123190276));
#6069=CARTESIAN_POINT('',(-0.0254828668103558,0.131,-0.0233615464667961));
#6070=CARTESIAN_POINT('',(-0.0254828668124856,0.130999999990274,-0.0233615464689259));
#6071=CARTESIAN_POINT('',(-0.0233615464689259,0.130999999990274,-0.0254828668124856));
#6072=CARTESIAN_POINT('',(-0.0351078516859121,0.015,-0.0372291720294717));
#6073=CARTESIAN_POINT('',(-0.0351078516859121,0.019,-0.0372291720294717));
#6074=CARTESIAN_POINT('',(-0.0325326086655726,0.114567613004176,-0.0346539290091323));
#6075=CARTESIAN_POINT('',(-0.0125015750449223,0.17029911300718,-0.014622895388482));
#6076=CARTESIAN_POINT('',(-0.0121975919754679,0.171231707424389,-0.0143189123190276));
#6077=CARTESIAN_POINT('',(-0.0121975919754679,0.171231707424389,-0.0143189123190276));
#6078=CARTESIAN_POINT('',(-0.0143189123190276,0.171231707424389,-0.0121975919754679));
#6079=CARTESIAN_POINT('',(-0.0143189123190276,0.171231707424389,-0.0121975919754679));
#6080=CARTESIAN_POINT('',(-0.0372291720294717,0.015,-0.0351078516859121));
#6081=CARTESIAN_POINT('',(-0.0372291720294717,0.019,-0.0351078516859121));
#6082=CARTESIAN_POINT('',(-0.0346539290091323,0.114567613004176,-0.0325326086655726));
#6083=CARTESIAN_POINT('',(-0.014622895388482,0.17029911300718,-0.0125015750449223));
#6084=CARTESIAN_POINT('',(-0.0143189123190276,0.171231707424389,-0.0121975919754679));
#6085=CARTESIAN_POINT('',(-0.0212662364441854,0.0925,-0.0191449161006258));
#6086=CARTESIAN_POINT('',(-0.0143189123190276,0.181648852118585,-0.0121975919754679));
#6087=CARTESIAN_POINT('',(-0.0150402712505943,0.179608330588997,-0.0129189509070346));
#6088=CARTESIAN_POINT('',(-0.0164767848425608,0.175523589831242,-0.0143554644990012));
#6089=CARTESIAN_POINT('',(-0.0191723746697103,0.167246080067937,-0.0170510543261507));
#6090=CARTESIAN_POINT('',(-0.0235920370554117,0.15258464710579,-0.0214707167118521));
#6091=CARTESIAN_POINT('',(-0.0268697086404364,0.139685868038102,-0.0247483882968767));
#6092=CARTESIAN_POINT('',(-0.0287797285444041,0.131,-0.0266584082008445));
#6093=CARTESIAN_POINT('',(-0.0143189123190276,0.181648852118585,-0.0121975919754679));
#6094=CARTESIAN_POINT('',(-0.0287797285444041,0.131,-0.0266584082008445));
#6095=CARTESIAN_POINT('',(-0.00106066017177982,0.131,0.00106066017177982));
#6096=CARTESIAN_POINT('',(-0.0143189123190276,0.176501610345254,-0.0121975919754679));
#6097=CARTESIAN_POINT('',(-0.0191449161006258,0.0925,-0.0212662364441854));
#6098=CARTESIAN_POINT('',(0.00106066017177982,0.131,-0.00106066017177982));
#6099=CARTESIAN_POINT('',(-0.0266584082008445,0.131,-0.0287797285444042));
#6100=CARTESIAN_POINT('',(-0.0121975919754679,0.181648852118585,-0.0143189123190276));
#6101=CARTESIAN_POINT('',(-0.0129189509070346,0.179608330588997,-0.0150402712505943));
#6102=CARTESIAN_POINT('',(-0.0143554644990012,0.175523589831242,-0.0164767848425608));
#6103=CARTESIAN_POINT('',(-0.0170510543261507,0.167246080067937,-0.0191723746697104));
#6104=CARTESIAN_POINT('',(-0.0214707167118521,0.15258464710579,-0.0235920370554117));
#6105=CARTESIAN_POINT('',(-0.0247483882968767,0.139685868038102,-0.0268697086404364));
#6106=CARTESIAN_POINT('',(-0.0266584082008445,0.131,-0.0287797285444041));
#6107=CARTESIAN_POINT('',(-0.0121975919754679,0.181648852118585,-0.0143189123190276));
#6108=CARTESIAN_POINT('',(-0.0121975919754679,0.176501610345254,-0.0143189123190276));
#6109=CARTESIAN_POINT('',(-0.028575,0.0925,0.0015));
#6110=CARTESIAN_POINT('',(-0.01875,0.181648852118585,0.0015));
#6111=CARTESIAN_POINT('',(-0.0197701555843605,0.179608330588997,0.0015));
#6112=CARTESIAN_POINT('',(-0.0218016925886529,0.175523589831242,0.00150000000000001));
#6113=CARTESIAN_POINT('',(-0.0256138322808028,0.167246080067937,0.00149999999999998));
#6114=CARTESIAN_POINT('',(-0.0318641787677719,0.15258464710579,0.00150000000000001));
#6115=CARTESIAN_POINT('',(-0.0364995063763186,0.139685868038102,0.0015));
#6116=CARTESIAN_POINT('',(-0.0392006824289124,0.131,0.0015));
#6117=CARTESIAN_POINT('',(-0.01875,0.181648852118585,0.0015));
#6118=CARTESIAN_POINT('',(-0.0392006824289124,0.131,0.0015));
#6119=CARTESIAN_POINT('',(-2.75545529808154E-19,0.131,0.0015));
#6120=CARTESIAN_POINT('',(-0.01875,0.176501610345254,0.0015));
#6121=CARTESIAN_POINT('',(-0.028575,0.0925,-0.0015));
#6122=CARTESIAN_POINT('',(2.75545529808154E-19,0.131,-0.0015));
#6123=CARTESIAN_POINT('',(-0.0392006824289124,0.131,-0.0015));
#6124=CARTESIAN_POINT('',(-0.01875,0.181648852118585,-0.0015));
#6125=CARTESIAN_POINT('',(-0.0197701555843605,0.179608330588997,-0.0015));
#6126=CARTESIAN_POINT('',(-0.021801692588653,0.175523589831242,-0.0015));
#6127=CARTESIAN_POINT('',(-0.0256138322808028,0.167246080067937,-0.00149999999999999));
#6128=CARTESIAN_POINT('',(-0.0318641787677719,0.15258464710579,-0.00150000000000003));
#6129=CARTESIAN_POINT('',(-0.0364995063763187,0.139685868038102,-0.0015));
#6130=CARTESIAN_POINT('',(-0.0392006824289124,0.131,-0.0015));
#6131=CARTESIAN_POINT('',(-0.01875,0.181648852118585,-0.0015));
#6132=CARTESIAN_POINT('',(-0.01875,0.176501610345254,-0.0015));
#6133=CARTESIAN_POINT('',(-0.0233615464689246,0.13099999999028,0.0254828668124843));
#6134=CARTESIAN_POINT('',(-0.0254828668124843,0.13099999999028,0.0233615464689246));
#6135=CARTESIAN_POINT('',(-0.0182689258393748,0.154255998182765,0.0203902461829345));
#6136=CARTESIAN_POINT('',(-0.0203902461829345,0.154255998182765,0.0182689258393748));
#6137=CARTESIAN_POINT('',(-0.0124437510932307,0.170476512013728,0.0145650714367903));
#6138=CARTESIAN_POINT('',(-0.0145650714367903,0.170476512013728,0.0124437510932307));
#6139=CARTESIAN_POINT('',(-0.0121975919754679,0.171231707424389,0.0143189123190276));
#6140=CARTESIAN_POINT('',(-0.0143189123190276,0.171231707424389,0.0121975919754679));
#6141=CARTESIAN_POINT('',(-0.0233615464667961,0.131,0.0254828668103558));
#6142=CARTESIAN_POINT('',(-0.0233615464689259,0.130999999990274,0.0254828668124856));
#6143=CARTESIAN_POINT('',(-0.0254828668124856,0.131,0.0233615464689259));
#6144=CARTESIAN_POINT('',(-0.0372291720294717,0.015,0.0351078516859121));
#6145=CARTESIAN_POINT('',(-0.0372291720294717,0.019,0.0351078516859121));
#6146=CARTESIAN_POINT('',(-0.0346539290091323,0.114567613004176,0.0325326086655726));
#6147=CARTESIAN_POINT('',(-0.014622895388482,0.17029911300718,0.0125015750449223));
#6148=CARTESIAN_POINT('',(-0.0143189123190276,0.171231707424389,0.0121975919754679));
#6149=CARTESIAN_POINT('',(-0.0143189123190276,0.171231707424389,0.0121975919754679));
#6150=CARTESIAN_POINT('',(-0.0121975919754679,0.171231707424389,0.0143189123190276));
#6151=CARTESIAN_POINT('',(-0.0121975919754679,0.171231707424389,0.0143189123190276));
#6152=CARTESIAN_POINT('',(-0.0351078516859121,0.015,0.0372291720294717));
#6153=CARTESIAN_POINT('',(-0.0351078516859121,0.019,0.0372291720294717));
#6154=CARTESIAN_POINT('',(-0.0325326086655726,0.114567613004176,0.0346539290091323));
#6155=CARTESIAN_POINT('',(-0.0125015750449223,0.17029911300718,0.014622895388482));
#6156=CARTESIAN_POINT('',(-0.0121975919754679,0.171231707424389,0.0143189123190276));
#6157=CARTESIAN_POINT('',(-0.0191449161006258,0.0925,0.0212662364441854));
#6158=CARTESIAN_POINT('',(0.00106066017177982,0.131,0.00106066017177982));
#6159=CARTESIAN_POINT('',(-0.0121975919754679,0.176501610345254,0.0143189123190276));
#6160=CARTESIAN_POINT('',(-0.0212662364441854,0.0925,0.0191449161006257));
#6161=CARTESIAN_POINT('',(-0.00106066017177982,0.131,-0.00106066017177982));
#6162=CARTESIAN_POINT('',(-0.0287797285444041,0.131,0.0266584082008445));
#6163=CARTESIAN_POINT('',(-0.0143189123190276,0.181648852118585,0.0121975919754679));
#6164=CARTESIAN_POINT('',(-0.0150402712505943,0.179608330588997,0.0129189509070346));
#6165=CARTESIAN_POINT('',(-0.0164767848425608,0.175523589831243,0.0143554644990012));
#6166=CARTESIAN_POINT('',(-0.0191723746697104,0.167246080067937,0.0170510543261507));
#6167=CARTESIAN_POINT('',(-0.0235920370554117,0.15258464710579,0.0214707167118521));
#6168=CARTESIAN_POINT('',(-0.0268697086404364,0.139685868038102,0.0247483882968767));
#6169=CARTESIAN_POINT('',(-0.0287797285444041,0.131,0.0266584082008444));
#6170=CARTESIAN_POINT('',(-0.0143189123190276,0.181648852118585,0.0121975919754679));
#6171=CARTESIAN_POINT('',(-0.0143189123190276,0.176501610345254,0.0121975919754679));
#6172=CARTESIAN_POINT('',(0.0224397324682668,0.015,0.054174306460914));
#6173=CARTESIAN_POINT('',(4.38017677684144E-17,0.015,0.058637846769543));
#6174=CARTESIAN_POINT('',(-0.0224397324682669,0.015,0.0541743064609139));
#6175=CARTESIAN_POINT('',(-0.0414632190849216,0.015,0.0414632190849216));
#6176=CARTESIAN_POINT('',(-0.0541743064609139,0.015,0.0224397324682669));
#6177=CARTESIAN_POINT('',(-0.0586378467695431,0.015,1.09775469964157E-17));
#6178=CARTESIAN_POINT('',(-0.0541743064609139,0.015,-0.0224397324682669));
#6179=CARTESIAN_POINT('',(-0.0414632190849216,0.015,-0.0414632190849216));
#6180=CARTESIAN_POINT('',(-0.0224397324682669,0.015,-0.0541743064609139));
#6181=CARTESIAN_POINT('',(-6.83494707941136E-18,0.015,-0.058637846769543));
#6182=CARTESIAN_POINT('',(0.0224397324682669,0.015,-0.0541743064609139));
#6183=CARTESIAN_POINT('',(0.0414632190849216,0.015,-0.0414632190849216));
#6184=CARTESIAN_POINT('',(0.0541743064609139,0.015,-0.0224397324682669));
#6185=CARTESIAN_POINT('',(0.0586378467695431,0.015,-2.01390553539182E-17));
#6186=CARTESIAN_POINT('',(0.0541743064609139,0.015,0.0224397324682669));
#6187=CARTESIAN_POINT('',(0.0414632190849216,0.015,0.0414632190849216));
#6188=CARTESIAN_POINT('',(0.0224397324682668,0.015,0.054174306460914));
#6189=CARTESIAN_POINT('',(4.38017677684144E-17,0.015,0.058637846769543));
#6190=CARTESIAN_POINT('',(-0.0224397324682669,0.015,0.0541743064609139));
#6191=CARTESIAN_POINT('',(0.0224397277365622,0.0167127629907849,0.0541742950375686));
#6192=CARTESIAN_POINT('',(3.64291929955129E-17,0.0167127629907849,0.0586378344050031));
#6193=CARTESIAN_POINT('',(-0.0224397277365623,0.0167127629907849,0.0541742950375685));
#6194=CARTESIAN_POINT('',(-0.0414632103418715,0.0167127629907849,0.0414632103418715));
#6195=CARTESIAN_POINT('',(-0.0541742950375685,0.0167127629907849,0.0224397277365623));
#6196=CARTESIAN_POINT('',(-0.0586378344050031,0.0167127629907849,7.30481213712109E-18));
#6197=CARTESIAN_POINT('',(-0.0541742950375685,0.0167127629907849,-0.0224397277365623));
#6198=CARTESIAN_POINT('',(-0.0414632103418716,0.0167127629907849,-0.0414632103418716));
#6199=CARTESIAN_POINT('',(-0.0224397277365623,0.0167127629907849,-0.0541742950375685));
#6200=CARTESIAN_POINT('',(-8.34523329414538E-18,0.0167127629907849,-0.0586378344050031));
#6201=CARTESIAN_POINT('',(0.0224397277365623,0.0167127629907849,-0.0541742950375685));
#6202=CARTESIAN_POINT('',(0.0414632103418715,0.0167127629907849,-0.0414632103418716));
#6203=CARTESIAN_POINT('',(0.0541742950375685,0.0167127629907849,-0.0224397277365623));
#6204=CARTESIAN_POINT('',(0.0586378344050031,0.0167127629907849,-2.19821990471436E-17));
#6205=CARTESIAN_POINT('',(0.0541742950375686,0.0167127629907849,0.0224397277365623));
#6206=CARTESIAN_POINT('',(0.0414632103418715,0.0167127629907849,0.0414632103418716));
#6207=CARTESIAN_POINT('',(0.0224397277365622,0.0167127629907849,0.0541742950375686));
#6208=CARTESIAN_POINT('',(3.64291929955129E-17,0.0167127629907849,0.0586378344050031));
#6209=CARTESIAN_POINT('',(-0.0224397277365623,0.0167127629907849,0.0541742950375685));
#6210=CARTESIAN_POINT('',(0.0223191045408655,0.0317039426954675,0.0538830848825809));
#6211=CARTESIAN_POINT('',(4.33680868994202E-17,0.0317039426954675,0.0583226308045984));
#6212=CARTESIAN_POINT('',(-0.0223191045408657,0.0317039426954675,0.0538830848825808));
#6213=CARTESIAN_POINT('',(-0.041240327738571,0.0317039426954675,0.041240327738571));
#6214=CARTESIAN_POINT('',(-0.0538830848825808,0.0317039426954675,0.0223191045408657));
#6215=CARTESIAN_POINT('',(-0.0583226308045985,0.0317039426954675,5.78692909564138E-18));
#6216=CARTESIAN_POINT('',(-0.0538830848825808,0.0317039426954675,-0.0223191045408657));
#6217=CARTESIAN_POINT('',(-0.041240327738571,0.0317039426954675,-0.041240327738571));
#6218=CARTESIAN_POINT('',(-0.0223191045408657,0.0317039426954675,-0.0538830848825808));
#6219=CARTESIAN_POINT('',(-2.36552479366485E-18,0.0317039426954675,-0.0583226308045985));
#6220=CARTESIAN_POINT('',(0.0223191045408656,0.0317039426954675,-0.0538830848825808));
#6221=CARTESIAN_POINT('',(0.041240327738571,0.0317039426954675,-0.041240327738571));
#6222=CARTESIAN_POINT('',(0.0538830848825808,0.0317039426954675,-0.0223191045408657));
#6223=CARTESIAN_POINT('',(0.0583226308045985,0.0317039426954675,-2.39608680119296E-17));
#6224=CARTESIAN_POINT('',(0.0538830848825808,0.0317039426954675,0.0223191045408657));
#6225=CARTESIAN_POINT('',(0.041240327738571,0.0317039426954675,0.041240327738571));
#6226=CARTESIAN_POINT('',(0.0223191045408655,0.0317039426954675,0.0538830848825809));
#6227=CARTESIAN_POINT('',(4.33680868994202E-17,0.0317039426954675,0.0583226308045984));
#6228=CARTESIAN_POINT('',(-0.0223191045408657,0.0317039426954675,0.0538830848825808));
#6229=CARTESIAN_POINT('',(0.0213130260507758,0.0610929306041659,0.0514541965469944));
#6230=CARTESIAN_POINT('',(4.0766001685455E-17,0.0610929306041658,0.0556936210147784));
#6231=CARTESIAN_POINT('',(-0.0213130260507759,0.0610929306041658,0.0514541965469943));
#6232=CARTESIAN_POINT('',(-0.0393813370883834,0.0610929306041658,0.0393813370883835));
#6233=CARTESIAN_POINT('',(-0.0514541965469943,0.0610929306041658,0.0213130260507759));
#6234=CARTESIAN_POINT('',(-0.0556936210147785,0.0610929306041658,8.29414661951411E-18));
#6235=CARTESIAN_POINT('',(-0.0514541965469943,0.0610929306041658,-0.0213130260507759));
#6236=CARTESIAN_POINT('',(-0.0393813370883835,0.0610929306041658,-0.0393813370883835));
#6237=CARTESIAN_POINT('',(-0.0213130260507759,0.0610929306041658,-0.0514541965469943));
#6238=CARTESIAN_POINT('',(-1.00013679944848E-17,0.0610929306041658,-0.0556936210147784));
#6239=CARTESIAN_POINT('',(0.0213130260507759,0.0610929306041658,-0.0514541965469944));
#6240=CARTESIAN_POINT('',(0.0393813370883834,0.0610929306041658,-0.0393813370883835));
#6241=CARTESIAN_POINT('',(0.0514541965469943,0.0610929306041658,-0.0213130260507759));
#6242=CARTESIAN_POINT('',(0.0556936210147785,0.0610929306041658,-2.03016856797911E-17));
#6243=CARTESIAN_POINT('',(0.0514541965469943,0.0610929306041658,0.0213130260507759));
#6244=CARTESIAN_POINT('',(0.0393813370883835,0.0610929306041658,0.0393813370883835));
#6245=CARTESIAN_POINT('',(0.0213130260507758,0.0610929306041659,0.0514541965469944));
#6246=CARTESIAN_POINT('',(4.0766001685455E-17,0.0610929306041658,0.0556936210147784));
#6247=CARTESIAN_POINT('',(-0.0213130260507759,0.0610929306041658,0.0514541965469943));
#6248=CARTESIAN_POINT('',(0.0203976536956379,0.0797740573544633,0.049244292192599));
#6249=CARTESIAN_POINT('',(3.94649590784724E-17,0.0797740573544632,0.0533016377781887));
#6250=CARTESIAN_POINT('',(-0.020397653695638,0.0797740573544633,0.0492442921925989));
#6251=CARTESIAN_POINT('',(-0.0376899495213063,0.0797740573544633,0.0376899495213063));
#6252=CARTESIAN_POINT('',(-0.0492442921925989,0.0797740573544633,0.020397653695638));
#6253=CARTESIAN_POINT('',(-0.0533016377781887,0.0797740573544632,1.22785896033983E-17));
#6254=CARTESIAN_POINT('',(-0.0492442921925989,0.0797740573544633,-0.020397653695638));
#6255=CARTESIAN_POINT('',(-0.0376899495213063,0.0797740573544633,-0.0376899495213063));
#6256=CARTESIAN_POINT('',(-0.020397653695638,0.0797740573544633,-0.0492442921925989));
#6257=CARTESIAN_POINT('',(-7.07063399698487E-18,0.0797740573544633,-0.0533016377781887));
#6258=CARTESIAN_POINT('',(0.020397653695638,0.0797740573544633,-0.049244292192599));
#6259=CARTESIAN_POINT('',(0.0376899495213063,0.0797740573544633,-0.0376899495213063));
#6260=CARTESIAN_POINT('',(0.0492442921925989,0.0797740573544633,-0.020397653695638));
#6261=CARTESIAN_POINT('',(0.0533016377781887,0.0797740573544633,-1.65882932390282E-17));
#6262=CARTESIAN_POINT('',(0.0492442921925989,0.0797740573544633,0.020397653695638));
#6263=CARTESIAN_POINT('',(0.0376899495213063,0.0797740573544632,0.0376899495213063));
#6264=CARTESIAN_POINT('',(0.0203976536956379,0.0797740573544633,0.049244292192599));
#6265=CARTESIAN_POINT('',(3.94649590784724E-17,0.0797740573544632,0.0533016377781887));
#6266=CARTESIAN_POINT('',(-0.020397653695638,0.0797740573544633,0.0492442921925989));
#6267=CARTESIAN_POINT('',(0.0193710844523582,0.0958373091386984,0.0467659348027581));
#6268=CARTESIAN_POINT('',(3.77302356024956E-17,0.0958373091386984,0.0506190830698878));
#6269=CARTESIAN_POINT('',(-0.0193710844523583,0.0958373091386984,0.046765934802758));
#6270=CARTESIAN_POINT('',(-0.0357930968961629,0.0958373091386984,0.0357930968961629));
#6271=CARTESIAN_POINT('',(-0.046765934802758,0.0958373091386984,0.0193710844523583));
#6272=CARTESIAN_POINT('',(-0.0506190830698879,0.0958373091386984,6.92534137675116E-18));
#6273=CARTESIAN_POINT('',(-0.046765934802758,0.0958373091386984,-0.0193710844523583));
#6274=CARTESIAN_POINT('',(-0.0357930968961629,0.0958373091386984,-0.0357930968961629));
#6275=CARTESIAN_POINT('',(-0.0193710844523583,0.0958373091386984,-0.046765934802758));
#6276=CARTESIAN_POINT('',(-3.96252600637402E-18,0.0958373091386984,-0.0506190830698879));
#6277=CARTESIAN_POINT('',(0.0193710844523583,0.0958373091386984,-0.046765934802758));
#6278=CARTESIAN_POINT('',(0.0357930968961629,0.0958373091386984,-0.0357930968961629));
#6279=CARTESIAN_POINT('',(0.046765934802758,0.0958373091386984,-0.0193710844523583));
#6280=CARTESIAN_POINT('',(0.0506190830698879,0.0958373091386984,-2.6779793660392E-17));
#6281=CARTESIAN_POINT('',(0.046765934802758,0.0958373091386984,0.0193710844523583));
#6282=CARTESIAN_POINT('',(0.0357930968961629,0.0958373091386984,0.0357930968961629));
#6283=CARTESIAN_POINT('',(0.0193710844523582,0.0958373091386984,0.0467659348027581));
#6284=CARTESIAN_POINT('',(3.77302356024956E-17,0.0958373091386984,0.0506190830698878));
#6285=CARTESIAN_POINT('',(-0.0193710844523583,0.0958373091386984,0.046765934802758));
#6286=CARTESIAN_POINT('',(0.0182226747461034,0.110260206832169,0.0439934285147568));
#6287=CARTESIAN_POINT('',(3.42607886505419E-17,0.110260206832169,0.0476181438884937));
#6288=CARTESIAN_POINT('',(-0.0182226747461035,0.110260206832169,0.0439934285147568));
#6289=CARTESIAN_POINT('',(-0.0336711124510707,0.110260206832169,0.0336711124510707));
#6290=CARTESIAN_POINT('',(-0.0439934285147568,0.110260206832169,0.0182226747461035));
#6291=CARTESIAN_POINT('',(-0.0476181438884937,0.110260206832169,1.28477957439532E-17));
#6292=CARTESIAN_POINT('',(-0.0439934285147568,0.110260206832169,-0.0182226747461035));
#6293=CARTESIAN_POINT('',(-0.0336711124510707,0.110260206832169,-0.0336711124510707));
#6294=CARTESIAN_POINT('',(-0.0182226747461035,0.110260206832169,-0.0439934285147568));
#6295=CARTESIAN_POINT('',(-9.06597892291999E-18,0.110260206832169,-0.0476181438884938));
#6296=CARTESIAN_POINT('',(0.0182226747461035,0.110260206832169,-0.0439934285147568));
#6297=CARTESIAN_POINT('',(0.0336711124510707,0.110260206832169,-0.0336711124510707));
#6298=CARTESIAN_POINT('',(0.0439934285147568,0.110260206832169,-0.0182226747461035));
#6299=CARTESIAN_POINT('',(0.0476181438884938,0.110260206832169,-1.8702487475375E-18));
#6300=CARTESIAN_POINT('',(0.0439934285147568,0.110260206832169,0.0182226747461035));
#6301=CARTESIAN_POINT('',(0.0336711124510707,0.110260206832169,0.0336711124510707));
#6302=CARTESIAN_POINT('',(0.0182226747461034,0.110260206832169,0.0439934285147568));
#6303=CARTESIAN_POINT('',(3.42607886505419E-17,0.110260206832169,0.0476181438884937));
#6304=CARTESIAN_POINT('',(-0.0182226747461035,0.110260206832169,0.0439934285147568));
#6305=CARTESIAN_POINT('',(0.0168116399845139,0.124212388224581,0.0405868892563474));
#6306=CARTESIAN_POINT('',(3.59955121265187E-17,0.124212388224581,0.0439309323652016));
#6307=CARTESIAN_POINT('',(-0.016811639984514,0.124212388224581,0.0405868892563474));
#6308=CARTESIAN_POINT('',(-0.0310638601792816,0.124212388224581,0.0310638601792816));
#6309=CARTESIAN_POINT('',(-0.0405868892563474,0.124212388224581,0.016811639984514));
#6310=CARTESIAN_POINT('',(-0.0439309323652016,0.124212388224581,5.67850887839283E-18));
#6311=CARTESIAN_POINT('',(-0.0405868892563474,0.124212388224581,-0.0168116399845139));
#6312=CARTESIAN_POINT('',(-0.0310638601792816,0.124212388224581,-0.0310638601792816));
#6313=CARTESIAN_POINT('',(-0.016811639984514,0.124212388224581,-0.0405868892563474));
#6314=CARTESIAN_POINT('',(-6.41386582550757E-18,0.124212388224581,-0.0439309323652016));
#6315=CARTESIAN_POINT('',(0.016811639984514,0.124212388224581,-0.0405868892563474));
#6316=CARTESIAN_POINT('',(0.0310638601792816,0.124212388224581,-0.0310638601792816));
#6317=CARTESIAN_POINT('',(0.0405868892563474,0.124212388224581,-0.0168116399845139));
#6318=CARTESIAN_POINT('',(0.0439309323652016,0.124212388224581,-1.23056946577105E-17));
#6319=CARTESIAN_POINT('',(0.0405868892563474,0.124212388224581,0.016811639984514));
#6320=CARTESIAN_POINT('',(0.0310638601792816,0.124212388224581,0.0310638601792816));
#6321=CARTESIAN_POINT('',(0.0168116399845139,0.124212388224581,0.0405868892563474));
#6322=CARTESIAN_POINT('',(3.59955121265187E-17,0.124212388224581,0.0439309323652016));
#6323=CARTESIAN_POINT('',(-0.016811639984514,0.124212388224581,0.0405868892563474));
#6324=CARTESIAN_POINT('',(0.015022904184759,0.138841036450955,0.0362684990290769));
#6325=CARTESIAN_POINT('',(2.84060969191202E-17,0.138841036450955,0.039256740465385));
#6326=CARTESIAN_POINT('',(-0.0150229041847591,0.138841036450955,0.0362684990290768));
#6327=CARTESIAN_POINT('',(-0.0277587073903541,0.138841036450955,0.0277587073903541));
#6328=CARTESIAN_POINT('',(-0.0362684990290768,0.138841036450955,0.0150229041847591));
#6329=CARTESIAN_POINT('',(-0.039256740465385,0.138841036450955,9.97465998686664E-18));
#6330=CARTESIAN_POINT('',(-0.0362684990290768,0.138841036450955,-0.0150229041847591));
#6331=CARTESIAN_POINT('',(-0.0277587073903541,0.138841036450955,-0.0277587073903541));
#6332=CARTESIAN_POINT('',(-0.0150229041847591,0.138841036450955,-0.0362684990290768));
#6333=CARTESIAN_POINT('',(-4.02113009841218E-18,0.138841036450955,-0.039256740465385));
#6334=CARTESIAN_POINT('',(0.0150229041847591,0.138841036450955,-0.0362684990290769));
#6335=CARTESIAN_POINT('',(0.0277587073903541,0.138841036450955,-0.0277587073903541));
#6336=CARTESIAN_POINT('',(0.0362684990290768,0.138841036450955,-0.0150229041847591));
#6337=CARTESIAN_POINT('',(0.039256740465385,0.138841036450955,-6.7762635780344E-18));
#6338=CARTESIAN_POINT('',(0.0362684990290768,0.138841036450955,0.0150229041847591));
#6339=CARTESIAN_POINT('',(0.0277587073903541,0.138841036450955,0.0277587073903541));
#6340=CARTESIAN_POINT('',(0.015022904184759,0.138841036450955,0.0362684990290769));
#6341=CARTESIAN_POINT('',(2.84060969191202E-17,0.138841036450955,0.039256740465385));
#6342=CARTESIAN_POINT('',(-0.0150229041847591,0.138841036450955,0.0362684990290768));
#6343=CARTESIAN_POINT('',(0.0116019039699938,0.162736180161843,0.0280094739137094));
#6344=CARTESIAN_POINT('',(2.3635607360184E-17,0.162736180161843,0.0303172360984923));
#6345=CARTESIAN_POINT('',(-0.0116019039699939,0.162736180161843,0.0280094739137094));
#6346=CARTESIAN_POINT('',(-0.0214375232320775,0.162736180161843,0.0214375232320775));
#6347=CARTESIAN_POINT('',(-0.0280094739137094,0.162736180161843,0.0116019039699938));
#6348=CARTESIAN_POINT('',(-0.0303172360984923,0.162736180161843,2.68340037690162E-18));
#6349=CARTESIAN_POINT('',(-0.0280094739137094,0.162736180161843,-0.0116019039699938));
#6350=CARTESIAN_POINT('',(-0.0214375232320775,0.162736180161843,-0.0214375232320775));
#6351=CARTESIAN_POINT('',(-0.0116019039699938,0.162736180161843,-0.0280094739137094));
#6352=CARTESIAN_POINT('',(-3.71482180886134E-18,0.162736180161843,-0.0303172360984923));
#6353=CARTESIAN_POINT('',(0.0116019039699938,0.162736180161843,-0.0280094739137094));
#6354=CARTESIAN_POINT('',(0.0214375232320775,0.162736180161843,-0.0214375232320775));
#6355=CARTESIAN_POINT('',(0.0280094739137094,0.162736180161843,-0.0116019039699939));
#6356=CARTESIAN_POINT('',(0.0303172360984923,0.162736180161843,-3.02221355580334E-18));
#6357=CARTESIAN_POINT('',(0.0280094739137094,0.162736180161843,0.0116019039699938));
#6358=CARTESIAN_POINT('',(0.0214375232320775,0.162736180161843,0.0214375232320775));
#6359=CARTESIAN_POINT('',(0.0116019039699938,0.162736180161843,0.0280094739137094));
#6360=CARTESIAN_POINT('',(2.3635607360184E-17,0.162736180161843,0.0303172360984923));
#6361=CARTESIAN_POINT('',(-0.0116019039699939,0.162736180161843,0.0280094739137094));
#6362=CARTESIAN_POINT('',(0.00896312526062908,0.176801932803051,0.0216388985654597));
#6363=CARTESIAN_POINT('',(1.69135538907739E-17,0.176801932803051,0.0234217750301719));
#6364=CARTESIAN_POINT('',(-0.00896312526062913,0.176801932803051,0.0216388985654597));
#6365=CARTESIAN_POINT('',(-0.0165616959512603,0.176801932803051,0.0165616959512603));
#6366=CARTESIAN_POINT('',(-0.0216388985654597,0.176801932803051,0.00896312526062913));
#6367=CARTESIAN_POINT('',(-0.0234217750301719,0.176801932803051,1.64663204946236E-18));
#6368=CARTESIAN_POINT('',(-0.0216388985654597,0.176801932803051,-0.00896312526062911));
#6369=CARTESIAN_POINT('',(-0.0165616959512603,0.176801932803051,-0.0165616959512603));
#6370=CARTESIAN_POINT('',(-0.00896312526062913,0.176801932803051,-0.0216388985654597));
#6371=CARTESIAN_POINT('',(-6.14546226034636E-18,0.176801932803051,-0.0234217750301719));
#6372=CARTESIAN_POINT('',(0.00896312526062913,0.176801932803051,-0.0216388985654597));
#6373=CARTESIAN_POINT('',(0.0165616959512603,0.176801932803051,-0.0165616959512603));
#6374=CARTESIAN_POINT('',(0.0216388985654597,0.176801932803051,-0.00896312526062911));
#6375=CARTESIAN_POINT('',(0.0234217750301719,0.176801932803051,-1.90955107629009E-17));
#6376=CARTESIAN_POINT('',(0.0216388985654597,0.176801932803051,0.00896312526062913));
#6377=CARTESIAN_POINT('',(0.0165616959512603,0.176801932803051,0.0165616959512603));
#6378=CARTESIAN_POINT('',(0.00896312526062908,0.176801932803051,0.0216388985654597));
#6379=CARTESIAN_POINT('',(1.69135538907739E-17,0.176801932803051,0.0234217750301719));
#6380=CARTESIAN_POINT('',(-0.00896312526062913,0.176801932803051,0.0216388985654597));
#6381=CARTESIAN_POINT('',(0.00799697365212222,0.181771513266436,0.0193064022488939));
#6382=CARTESIAN_POINT('',(1.58293517182884E-17,0.181771513266436,0.0208970992099102));
#6383=CARTESIAN_POINT('',(-0.00799697365212226,0.181771513266436,0.0193064022488939));
#6384=CARTESIAN_POINT('',(-0.0147764805584556,0.181771513266436,0.0147764805584556));
#6385=CARTESIAN_POINT('',(-0.0193064022488939,0.181771513266436,0.00799697365212226));
#6386=CARTESIAN_POINT('',(-0.0208970992099103,0.181771513266436,4.35713748067612E-18));
#6387=CARTESIAN_POINT('',(-0.0193064022488939,0.181771513266436,-0.00799697365212226));
#6388=CARTESIAN_POINT('',(-0.0147764805584556,0.181771513266436,-0.0147764805584556));
#6389=CARTESIAN_POINT('',(-0.00799697365212226,0.181771513266436,-0.0193064022488939));
#6390=CARTESIAN_POINT('',(-4.04757340823428E-18,0.181771513266436,-0.0208970992099102));
#6391=CARTESIAN_POINT('',(0.00799697365212226,0.181771513266436,-0.0193064022488939));
#6392=CARTESIAN_POINT('',(0.0147764805584556,0.181771513266436,-0.0147764805584556));
#6393=CARTESIAN_POINT('',(0.0193064022488939,0.181771513266436,-0.00799697365212226));
#6394=CARTESIAN_POINT('',(0.0208970992099103,0.181771513266436,-3.98444298388423E-18));
#6395=CARTESIAN_POINT('',(0.0193064022488939,0.181771513266436,0.00799697365212226));
#6396=CARTESIAN_POINT('',(0.0147764805584556,0.181771513266436,0.0147764805584556));
#6397=CARTESIAN_POINT('',(0.00799697365212222,0.181771513266436,0.0193064022488939));
#6398=CARTESIAN_POINT('',(1.58293517182884E-17,0.181771513266436,0.0208970992099102));
#6399=CARTESIAN_POINT('',(-0.00799697365212226,0.181771513266436,0.0193064022488939));
#6400=CARTESIAN_POINT('',(0.0547660151033345,0.0549044305662605,0.00109862008149879));
#6401=CARTESIAN_POINT('',(0.054648027641892,0.0559999037280291,0.00155081200844172));
#6402=CARTESIAN_POINT('',(0.0545542290495587,0.0570959545216231,0.00109813188473434));
#6403=CARTESIAN_POINT('',(0.0545223750750881,0.0575522519574497,7.8272232207827E-8));
#6404=CARTESIAN_POINT('',(0.0545542902968758,0.0570950375373655,-0.00109981185659888));
#6405=CARTESIAN_POINT('',(0.0546482714459705,0.055997480667723,-0.0015503258058385));
#6406=CARTESIAN_POINT('',(0.0547658947105021,0.0549055625329694,-0.00109887957370988));
#6407=CARTESIAN_POINT('',(0.0548223267223734,0.054447501892918,-7.74440583963738E-7));
#6408=CARTESIAN_POINT('',(0.0547660151033345,0.0549044305662605,0.00109862008149879));
#6409=CARTESIAN_POINT('',(0.054648027641892,0.0559999037280291,0.00155081200844172));
#6410=CARTESIAN_POINT('',(0.0545542290495587,0.0570959545216231,0.00109813188473434));
#6411=CARTESIAN_POINT('',(0.0546520591200769,0.056,0.00139999999999998));
#6412=CARTESIAN_POINT('',(-0.0547660151033344,0.0549044305662605,-0.00109862008149878));
#6413=CARTESIAN_POINT('',(-0.0546480276418921,0.0559999037280291,-0.00155081200844172));
#6414=CARTESIAN_POINT('',(-0.0545542290495587,0.0570959545216231,-0.00109813188473434));
#6415=CARTESIAN_POINT('',(-0.0545223750750882,0.0575522519574497,-7.82722321868815E-8));
#6416=CARTESIAN_POINT('',(-0.0545542902968758,0.0570950375373655,0.00109981185659888));
#6417=CARTESIAN_POINT('',(-0.0546482714459705,0.055997480667723,0.00155032580583854));
#6418=CARTESIAN_POINT('',(-0.0547658947105021,0.0549055625329694,0.00109887957370988));
#6419=CARTESIAN_POINT('',(-0.0548223267223734,0.054447501892918,7.74440583940807E-7));
#6420=CARTESIAN_POINT('',(-0.0547660151033344,0.0549044305662605,-0.00109862008149878));
#6421=CARTESIAN_POINT('',(-0.0546480276418921,0.0559999037280291,-0.00155081200844172));
#6422=CARTESIAN_POINT('',(-0.0545542290495587,0.0570959545216231,-0.00109813188473434));
#6423=CARTESIAN_POINT('',(-0.0546520591200769,0.056,-0.00140000000000001));
#6424=CARTESIAN_POINT('',(0.,0.181771513266119,0.));
#6425=CARTESIAN_POINT('',(0.,0.181771513266119,-0.0203668668897286));
#6426=CARTESIAN_POINT('',(0.,0.015,0.));
#6427=CARTESIAN_POINT('',(0.,0.015,-0.05715));
#6428=CARTESIAN_POINT('',(0.00109862008149879,0.0549044305662605,-0.0547660151033344));
#6429=CARTESIAN_POINT('',(0.00155081200844172,0.0559999037280291,-0.0546480276418921));
#6430=CARTESIAN_POINT('',(0.00109813188473436,0.0570959545216231,-0.0545542290495587));
#6431=CARTESIAN_POINT('',(7.82722321786009E-8,0.0575522519574497,-0.0545223750750882));
#6432=CARTESIAN_POINT('',(-0.00109981185659891,0.0570950375373655,-0.0545542902968758));
#6433=CARTESIAN_POINT('',(-0.00155032580583854,0.055997480667723,-0.0546482714459705));
#6434=CARTESIAN_POINT('',(-0.00109887957370988,0.0549055625329694,-0.0547658947105021));
#6435=CARTESIAN_POINT('',(-7.74440583964511E-7,0.054447501892918,-0.0548223267223734));
#6436=CARTESIAN_POINT('',(0.00109862008149879,0.0549044305662605,-0.0547660151033344));
#6437=CARTESIAN_POINT('',(0.00155081200844172,0.0559999037280291,-0.0546480276418921));
#6438=CARTESIAN_POINT('',(0.00109813188473436,0.0570959545216231,-0.0545542290495587));
#6439=CARTESIAN_POINT('',(0.00140000000000001,0.056,-0.0546520591200769));
#6440=CARTESIAN_POINT('',(0.0010998023494394,0.0549057754927451,0.0547658620623753));
#6441=CARTESIAN_POINT('',(-2.4157584033009E-7,0.0544471939483476,0.054822361880377));
#6442=CARTESIAN_POINT('',(-0.00109883604607808,0.0549054487138647,0.0547659071997659));
#6443=CARTESIAN_POINT('',(-0.00155024706045152,0.0559974564379202,0.0546482752830381));
#6444=CARTESIAN_POINT('',(-0.00110016963455288,0.0570946209305043,0.0545543231071972));
#6445=CARTESIAN_POINT('',(-2.00200161108277E-7,0.0575523059320002,0.0545223713555706));
#6446=CARTESIAN_POINT('',(0.0010980783994669,0.0570961548436457,0.0545542111456902));
#6447=CARTESIAN_POINT('',(0.00155052979039879,0.0559998239671245,0.0546480407514148));
#6448=CARTESIAN_POINT('',(0.0010998023494394,0.0549057754927451,0.0547658620623753));
#6449=CARTESIAN_POINT('',(-2.4157584033009E-7,0.0544471939483476,0.054822361880377));
#6450=CARTESIAN_POINT('',(-0.00109883604607808,0.0549054487138647,0.0547659071997659));
#6451=CARTESIAN_POINT('',(0.,0.0546,0.0548035361306082));
#6452=CARTESIAN_POINT('',(-0.0131956271270229,0.181771513266119,0.013320582747184));
#6453=CARTESIAN_POINT('',(-0.0168209886256414,0.181771513266119,0.00972922946749757));
#6454=CARTESIAN_POINT('',(-0.0187738392556403,0.181771513266119,0.00501463099126527));
#6455=CARTESIAN_POINT('',(-0.0187497918134174,0.181771513266119,-8.83569663632545E-5));
#6456=CARTESIAN_POINT('',(-0.0134534976364778,0.180976633699941,0.0135808951541796));
#6457=CARTESIAN_POINT('',(-0.0171497063792331,0.180976633699941,0.0099193592230019));
#6458=CARTESIAN_POINT('',(-0.0191407198477239,0.180976633699941,0.00511262750450394));
#6459=CARTESIAN_POINT('',(-0.0191162024675346,0.180976633699941,-9.00836486732847E-5));
#6460=CARTESIAN_POINT('',(-0.0213524919029697,0.1596045173837,0.0215546887248438));
#6461=CARTESIAN_POINT('',(-0.0272188672786471,0.1596045173837,0.0157433437173626));
#6462=CARTESIAN_POINT('',(-0.0303788707300457,0.1596045173837,0.00811442052785026));
#6463=CARTESIAN_POINT('',(-0.030339958383523,0.1596045173837,-0.000142974743881535));
#6464=CARTESIAN_POINT('',(-0.0276083277002487,0.131,0.0278697639833587));
#6465=CARTESIAN_POINT('',(-0.0351934289858671,0.131,0.0203558158186749));
#6466=CARTESIAN_POINT('',(-0.0392792476910832,0.131,0.0104917768871444));
#6467=CARTESIAN_POINT('',(-0.0392289348367678,0.131,-0.000184863368635282));
#6468=CARTESIAN_POINT('',(0.,0.131,0.));
#6469=CARTESIAN_POINT('',(-0.0187499999999988,0.18164885211859,0.0014999999999999));
#6470=CARTESIAN_POINT('',(-0.0187499999999988,0.181728860366778,0.000999999999999895));
#6471=CARTESIAN_POINT('',(-0.01875,0.181771513266119,0.000499999999999859));
#6472=CARTESIAN_POINT('',(-0.01875,0.181771513266119,-3.46944695195361E-18));
#6473=CARTESIAN_POINT('',(-0.01875,0.181771513266119,-3.46944695195361E-18));
#6474=CARTESIAN_POINT('',(0.,0.181771513266119,0.));
#6475=CARTESIAN_POINT('',(-0.0132582521472478,0.181771513266119,0.0132582521472478));
#6476=CARTESIAN_POINT('',(-0.0136118055378411,0.181771513266119,0.0129046987566544));
#6477=CARTESIAN_POINT('',(-0.0139653589284349,0.181728860366772,0.0125511453660606));
#6478=CARTESIAN_POINT('',(-0.0143189123190282,0.181648852118585,0.0121975919754674));
#6479=CARTESIAN_POINT('',(-0.0187497918134174,0.181771513266119,8.83569663632473E-5));
#6480=CARTESIAN_POINT('',(-0.0187738392556403,0.181771513266119,-0.00501463099126528));
#6481=CARTESIAN_POINT('',(-0.0168209886256414,0.181771513266119,-0.00972922946749758));
#6482=CARTESIAN_POINT('',(-0.0131956271270229,0.181771513266119,-0.013320582747184));
#6483=CARTESIAN_POINT('',(-0.0191162024675346,0.180976633699941,9.0083648673277E-5));
#6484=CARTESIAN_POINT('',(-0.0191407198477239,0.180976633699941,-0.00511262750450394));
#6485=CARTESIAN_POINT('',(-0.0171497063792331,0.180976633699941,-0.0099193592230019));
#6486=CARTESIAN_POINT('',(-0.0134534976364778,0.180976633699941,-0.0135808951541796));
#6487=CARTESIAN_POINT('',(-0.030339958383523,0.1596045173837,0.000142974743881525));
#6488=CARTESIAN_POINT('',(-0.0303788707300457,0.1596045173837,-0.00811442052785026));
#6489=CARTESIAN_POINT('',(-0.0272188672786471,0.1596045173837,-0.0157433437173626));
#6490=CARTESIAN_POINT('',(-0.0213524919029697,0.1596045173837,-0.0215546887248438));
#6491=CARTESIAN_POINT('',(-0.0392289348367678,0.131,0.000184863368635268));
#6492=CARTESIAN_POINT('',(-0.0392792476910832,0.131,-0.0104917768871444));
#6493=CARTESIAN_POINT('',(-0.035193428985867,0.131,-0.0203558158186749));
#6494=CARTESIAN_POINT('',(-0.0276083277002487,0.131,-0.0278697639833587));
#6495=CARTESIAN_POINT('',(0.,0.131,0.));
#6496=CARTESIAN_POINT('',(-0.0143189123190267,0.18164885211859,-0.0121975919754672));
#6497=CARTESIAN_POINT('',(-0.0139653589284334,0.181728860366778,-0.0125511453660605));
#6498=CARTESIAN_POINT('',(-0.0136118055378409,0.181771513266119,-0.0129046987566546));
#6499=CARTESIAN_POINT('',(-0.0132582521472478,0.181771513266119,-0.0132582521472478));
#6500=CARTESIAN_POINT('',(-0.0132582521472478,0.181771513266119,-0.0132582521472478));
#6501=CARTESIAN_POINT('',(0.,0.181771513266119,0.));
#6502=CARTESIAN_POINT('',(-0.01875,0.181771513266119,-6.93889390390723E-18));
#6503=CARTESIAN_POINT('',(-0.01875,0.181771513266119,-0.000500000000000081));
#6504=CARTESIAN_POINT('',(-0.01875,0.181728860366772,-0.00100000000000007));
#6505=CARTESIAN_POINT('',(-0.01875,0.181648852118585,-0.0015));
#6506=CARTESIAN_POINT('',(-0.013320582747184,0.181771513266119,-0.0131956271270229));
#6507=CARTESIAN_POINT('',(-0.00972922946749758,0.181771513266119,-0.0168209886256414));
#6508=CARTESIAN_POINT('',(-0.00501463099126527,0.181771513266119,-0.0187738392556403));
#6509=CARTESIAN_POINT('',(8.83569663632528E-5,0.181771513266119,-0.0187497918134174));
#6510=CARTESIAN_POINT('',(-0.0135808951541796,0.180976633699941,-0.0134534976364778));
#6511=CARTESIAN_POINT('',(-0.0099193592230019,0.180976633699941,-0.0171497063792331));
#6512=CARTESIAN_POINT('',(-0.00511262750450394,0.180976633699941,-0.0191407198477239));
#6513=CARTESIAN_POINT('',(9.00836486732847E-5,0.180976633699941,-0.0191162024675346));
#6514=CARTESIAN_POINT('',(-0.0215546887248438,0.1596045173837,-0.0213524919029697));
#6515=CARTESIAN_POINT('',(-0.0157433437173626,0.1596045173837,-0.0272188672786471));
#6516=CARTESIAN_POINT('',(-0.00811442052785026,0.1596045173837,-0.0303788707300457));
#6517=CARTESIAN_POINT('',(0.000142974743881533,0.1596045173837,-0.030339958383523));
#6518=CARTESIAN_POINT('',(-0.0278697639833587,0.131,-0.0276083277002487));
#6519=CARTESIAN_POINT('',(-0.0203558158186749,0.131,-0.0351934289858671));
#6520=CARTESIAN_POINT('',(-0.0104917768871444,0.131,-0.0392792476910832));
#6521=CARTESIAN_POINT('',(0.000184863368635275,0.131,-0.0392289348367678));
#6522=CARTESIAN_POINT('',(0.,0.131,0.));
#6523=CARTESIAN_POINT('',(-0.0014999999999999,0.18164885211859,-0.0187499999999988));
#6524=CARTESIAN_POINT('',(-0.000999999999999896,0.181728860366778,-0.0187499999999988));
#6525=CARTESIAN_POINT('',(-0.000499999999999856,0.181771513266119,-0.01875));
#6526=CARTESIAN_POINT('',(6.03045993628739E-18,0.181771513266119,-0.01875));
#6527=CARTESIAN_POINT('',(2.38524477946811E-18,0.181771513266119,-0.01875));
#6528=CARTESIAN_POINT('',(0.,0.181771513266119,0.));
#6529=CARTESIAN_POINT('',(-0.0132582521472478,0.181771513266119,-0.0132582521472478));
#6530=CARTESIAN_POINT('',(-0.0129046987566544,0.181771513266119,-0.0136118055378411));
#6531=CARTESIAN_POINT('',(-0.0125511453660612,0.181728860366772,-0.0139653589284344));
#6532=CARTESIAN_POINT('',(-0.0121975919754679,0.181648852118585,-0.0143189123190276));
#6533=CARTESIAN_POINT('',(-8.83569663632568E-5,0.181771513266119,-0.0187497918134174));
#6534=CARTESIAN_POINT('',(0.00501463099126527,0.181771513266119,-0.0187738392556403));
#6535=CARTESIAN_POINT('',(0.00972922946749757,0.181771513266119,-0.0168209886256414));
#6536=CARTESIAN_POINT('',(0.013320582747184,0.181771513266119,-0.0131956271270229));
#6537=CARTESIAN_POINT('',(-9.00836486732867E-5,0.180976633699941,-0.0191162024675346));
#6538=CARTESIAN_POINT('',(0.00511262750450394,0.180976633699941,-0.0191407198477239));
#6539=CARTESIAN_POINT('',(0.00991935922300189,0.180976633699941,-0.0171497063792331));
#6540=CARTESIAN_POINT('',(0.0135808951541796,0.180976633699941,-0.0134534976364778));
#6541=CARTESIAN_POINT('',(-0.00014297474388154,0.1596045173837,-0.030339958383523));
#6542=CARTESIAN_POINT('',(0.00811442052785026,0.1596045173837,-0.0303788707300457));
#6543=CARTESIAN_POINT('',(0.0157433437173626,0.1596045173837,-0.0272188672786471));
#6544=CARTESIAN_POINT('',(0.0215546887248438,0.1596045173837,-0.0213524919029697));
#6545=CARTESIAN_POINT('',(-0.000184863368635288,0.131,-0.0392289348367678));
#6546=CARTESIAN_POINT('',(0.0104917768871444,0.131,-0.0392792476910832));
#6547=CARTESIAN_POINT('',(0.0203558158186749,0.131,-0.0351934289858671));
#6548=CARTESIAN_POINT('',(0.0278697639833587,0.131,-0.0276083277002487));
#6549=CARTESIAN_POINT('',(0.,0.131,0.));
#6550=CARTESIAN_POINT('',(0.0121975919754672,0.18164885211859,-0.0143189123190267));
#6551=CARTESIAN_POINT('',(0.0125511453660605,0.181728860366778,-0.0139653589284334));
#6552=CARTESIAN_POINT('',(0.0129046987566546,0.181771513266119,-0.0136118055378409));
#6553=CARTESIAN_POINT('',(0.0132582521472478,0.181771513266119,-0.0132582521472478));
#6554=CARTESIAN_POINT('',(0.0132582521472478,0.181771513266119,-0.0132582521472478));
#6555=CARTESIAN_POINT('',(0.,0.181771513266119,0.));
#6556=CARTESIAN_POINT('',(6.03045993628739E-18,0.181771513266119,-0.01875));
#6557=CARTESIAN_POINT('',(0.00050000000000008,0.181771513266119,-0.01875));
#6558=CARTESIAN_POINT('',(0.00100000000000007,0.181728860366772,-0.01875));
#6559=CARTESIAN_POINT('',(0.0015,0.181648852118585,-0.01875));
#6560=CARTESIAN_POINT('',(0.0131956271270229,0.181771513266119,-0.013320582747184));
#6561=CARTESIAN_POINT('',(0.0168209886256414,0.181771513266119,-0.00972922946749758));
#6562=CARTESIAN_POINT('',(0.0187738392556403,0.181771513266119,-0.00501463099126528));
#6563=CARTESIAN_POINT('',(0.0187497918134174,0.181771513266119,8.83569663632424E-5));
#6564=CARTESIAN_POINT('',(0.0134534976364778,0.180976633699941,-0.0135808951541796));
#6565=CARTESIAN_POINT('',(0.0171497063792331,0.180976633699941,-0.0099193592230019));
#6566=CARTESIAN_POINT('',(0.0191407198477239,0.180976633699941,-0.00511262750450395));
#6567=CARTESIAN_POINT('',(0.0191162024675346,0.180976633699941,9.00836486732726E-5));
#6568=CARTESIAN_POINT('',(0.0213524919029697,0.1596045173837,-0.0215546887248438));
#6569=CARTESIAN_POINT('',(0.0272188672786471,0.1596045173837,-0.0157433437173626));
#6570=CARTESIAN_POINT('',(0.0303788707300457,0.1596045173837,-0.00811442052785027));
#6571=CARTESIAN_POINT('',(0.030339958383523,0.1596045173837,0.000142974743881519));
#6572=CARTESIAN_POINT('',(0.0276083277002487,0.131,-0.0278697639833587));
#6573=CARTESIAN_POINT('',(0.035193428985867,0.131,-0.0203558158186749));
#6574=CARTESIAN_POINT('',(0.0392792476910832,0.131,-0.0104917768871444));
#6575=CARTESIAN_POINT('',(0.0392289348367678,0.131,0.000184863368635258));
#6576=CARTESIAN_POINT('',(0.,0.131,0.));
#6577=CARTESIAN_POINT('',(0.0187499999999989,0.18164885211859,-0.00149999999999991));
#6578=CARTESIAN_POINT('',(0.0187499999999989,0.181728860366778,-0.000999999999999898));
#6579=CARTESIAN_POINT('',(0.01875,0.181771513266119,-0.000499999999999869));
#6580=CARTESIAN_POINT('',(0.01875,0.181771513266119,-3.46944695195361E-18));
#6581=CARTESIAN_POINT('',(0.01875,0.181771513266119,1.0842021724855E-18));
#6582=CARTESIAN_POINT('',(0.,0.181771513266119,0.));
#6583=CARTESIAN_POINT('',(0.0132582521472478,0.181771513266119,-0.0132582521472478));
#6584=CARTESIAN_POINT('',(0.0136118055378411,0.181771513266119,-0.0129046987566544));
#6585=CARTESIAN_POINT('',(0.0139653589284349,0.181728860366772,-0.0125511453660606));
#6586=CARTESIAN_POINT('',(0.0143189123190282,0.181648852118585,-0.0121975919754674));
#6587=CARTESIAN_POINT('',(0.0187497918134174,0.181771513266119,-8.83569663632496E-5));
#6588=CARTESIAN_POINT('',(0.0187738392556403,0.181771513266119,0.00501463099126527));
#6589=CARTESIAN_POINT('',(0.0168209886256414,0.181771513266119,0.00972922946749757));
#6590=CARTESIAN_POINT('',(0.013195627127023,0.181771513266119,0.013320582747184));
#6591=CARTESIAN_POINT('',(0.0191162024675346,0.180976633699941,-9.00836486732794E-5));
#6592=CARTESIAN_POINT('',(0.0191407198477239,0.180976633699941,0.00511262750450394));
#6593=CARTESIAN_POINT('',(0.0171497063792331,0.180976633699941,0.00991935922300189));
#6594=CARTESIAN_POINT('',(0.0134534976364778,0.180976633699941,0.0135808951541796));
#6595=CARTESIAN_POINT('',(0.030339958383523,0.1596045173837,-0.000142974743881528));
#6596=CARTESIAN_POINT('',(0.0303788707300457,0.1596045173837,0.00811442052785025));
#6597=CARTESIAN_POINT('',(0.0272188672786471,0.1596045173837,0.0157433437173626));
#6598=CARTESIAN_POINT('',(0.0213524919029697,0.1596045173837,0.0215546887248438));
#6599=CARTESIAN_POINT('',(0.0392289348367678,0.131,-0.000184863368635273));
#6600=CARTESIAN_POINT('',(0.0392792476910832,0.131,0.0104917768871444));
#6601=CARTESIAN_POINT('',(0.035193428985867,0.131,0.0203558158186749));
#6602=CARTESIAN_POINT('',(0.0276083277002487,0.131,0.0278697639833587));
#6603=CARTESIAN_POINT('',(0.,0.131,0.));
#6604=CARTESIAN_POINT('',(0.0143189123190267,0.18164885211859,0.0121975919754672));
#6605=CARTESIAN_POINT('',(0.0139653589284334,0.181728860366778,0.0125511453660605));
#6606=CARTESIAN_POINT('',(0.0136118055378409,0.181771513266119,0.0129046987566546));
#6607=CARTESIAN_POINT('',(0.0132582521472478,0.181771513266119,0.0132582521472478));
#6608=CARTESIAN_POINT('',(0.0132582521472478,0.181771513266119,0.0132582521472478));
#6609=CARTESIAN_POINT('',(0.,0.181771513266119,0.));
#6610=CARTESIAN_POINT('',(0.01875,0.181771513266119,-3.46944695195361E-18));
#6611=CARTESIAN_POINT('',(0.01875,0.181771513266119,0.000500000000000071));
#6612=CARTESIAN_POINT('',(0.01875,0.181728860366772,0.00100000000000007));
#6613=CARTESIAN_POINT('',(0.01875,0.181648852118585,0.0015));
#6614=CARTESIAN_POINT('',(0.013320582747184,0.181771513266119,0.013195627127023));
#6615=CARTESIAN_POINT('',(0.00972922946749758,0.181771513266119,0.0168209886256414));
#6616=CARTESIAN_POINT('',(0.00501463099126528,0.181771513266119,0.0187738392556403));
#6617=CARTESIAN_POINT('',(-8.83569663632424E-5,0.181771513266119,0.0187497918134174));
#6618=CARTESIAN_POINT('',(0.0135808951541797,0.180976633699941,0.0134534976364779));
#6619=CARTESIAN_POINT('',(0.00991935922300196,0.180976633699941,0.0171497063792332));
#6620=CARTESIAN_POINT('',(0.00511262750450398,0.180976633699941,0.019140719847724));
#6621=CARTESIAN_POINT('',(-9.00836486732726E-5,0.180976633699941,0.0191162024675347));
#6622=CARTESIAN_POINT('',(0.0215546887248303,0.159604517383761,0.0213524919029564));
#6623=CARTESIAN_POINT('',(0.0157433437173528,0.159604517383761,0.0272188672786301));
#6624=CARTESIAN_POINT('',(0.0081144205278452,0.159604517383761,0.0303788707300267));
#6625=CARTESIAN_POINT('',(-0.000142974743881426,0.159604517383761,0.0303399583835041));
#6626=CARTESIAN_POINT('',(0.0278697639833587,0.131,0.0276083277002487));
#6627=CARTESIAN_POINT('',(0.0203558158186749,0.131,0.035193428985867));
#6628=CARTESIAN_POINT('',(0.0104917768871444,0.131,0.0392792476910832));
#6629=CARTESIAN_POINT('',(-0.000184863368635255,0.131,0.0392289348367678));
#6630=CARTESIAN_POINT('',(0.,0.131,0.));
#6631=CARTESIAN_POINT('',(0.00149999999999991,0.18164885211859,0.0187499999999988));
#6632=CARTESIAN_POINT('',(0.00100315778057054,0.181728355069794,0.0187499999999988));
#6633=CARTESIAN_POINT('',(0.000503343501580459,0.181771513266119,0.01875));
#6634=CARTESIAN_POINT('',(0.,0.181771513266119,0.01875));
#6635=CARTESIAN_POINT('',(0.,0.181771513266119,0.));
#6636=CARTESIAN_POINT('',(0.0132582521472478,0.181771513266119,0.0132582521472478));
#6637=CARTESIAN_POINT('',(0.0129046987566544,0.181771513266119,0.0136118055378411));
#6638=CARTESIAN_POINT('',(0.0125511453660606,0.181728860366772,0.0139653589284349));
#6639=CARTESIAN_POINT('',(0.0121975919754674,0.181648852118585,0.0143189123190282));
#6640=CARTESIAN_POINT('',(0.,0.181771513266119,0.0195584334448643));
#6641=CARTESIAN_POINT('',(0.0015,0.176501610345254,0.01875));
#6642=CARTESIAN_POINT('',(0.0143189123190276,0.176501610345254,0.0121975919754679));
#6643=CARTESIAN_POINT('',(0.01875,0.176501610345254,-0.0015));
#6644=CARTESIAN_POINT('',(0.0121975919754679,0.176501610345254,-0.0143189123190276));
#6645=CARTESIAN_POINT('',(-0.0015,0.176501610345254,-0.01875));
#6646=CARTESIAN_POINT('',(-0.0143189123190276,0.176501610345254,-0.0121975919754679));
#6647=CARTESIAN_POINT('',(-0.01875,0.176501610345254,0.0015));
#6648=CARTESIAN_POINT('',(-0.0121975919754679,0.176501610345254,0.0143189123190276));
#6649=CARTESIAN_POINT('',(-0.065,0.056,-1.19403062916867E-17));
#6650=CARTESIAN_POINT('',(-0.0423705983732472,0.056,-7.78335265136327E-18));
#6651=CARTESIAN_POINT('',(-0.0423705983732472,0.056,-0.00140000000000001));
#6652=CARTESIAN_POINT('',(7.9602041944578E-18,0.056,-0.065));
#6653=CARTESIAN_POINT('',(5.18890176757552E-18,0.056,-0.0423705983732472));
#6654=CARTESIAN_POINT('',(0.00140000000000001,0.056,-0.0423705983732472));
#6655=CARTESIAN_POINT('',(0.065,0.056,3.9801020972289E-18));
#6656=CARTESIAN_POINT('',(0.0423705983732472,0.056,2.59445088378776E-18));
#6657=CARTESIAN_POINT('',(0.0423705983732472,0.056,0.0014));
#6658=CARTESIAN_POINT('',(0.,0.056,0.065));
#6659=CARTESIAN_POINT('',(0.,0.056,0.0423705983732472));
#6660=CARTESIAN_POINT('',(-0.0014,0.056,0.0423705983732472));
#6661=CARTESIAN_POINT('',(0.,0.03,0.0539310451387855));
#6662=CARTESIAN_POINT('',(0.0015,0.03,0.0539310451387855));
#6663=CARTESIAN_POINT('',(0.0015,0.03,0.0519093772762357));
#6664=CARTESIAN_POINT('',(0.00150000000000002,0.03,0.0551637835274276));
#6665=CARTESIAN_POINT('',(0.,0.03,0.));
#6666=CARTESIAN_POINT('',(0.037946025236371,0.03,0.0400673455799306));
#6667=CARTESIAN_POINT('',(0.025904862397613,0.03,0.0280261827411726));
#6668=CARTESIAN_POINT('',(0.0356448125074173,0.03,0.037766132850977));
#6669=CARTESIAN_POINT('',(0.,0.03,0.));
#6670=CARTESIAN_POINT('',(0.,0.03,0.0539310451387855));
#6671=CARTESIAN_POINT('',(0.0280261827411726,0.03,0.025904862397613));
#6672=CARTESIAN_POINT('',(0.037766132850977,0.03,0.0356448125074173));
#6673=CARTESIAN_POINT('',(0.0400673455799307,0.03,0.037946025236371));
#6674=CARTESIAN_POINT('',(0.,0.03,0.));
#6675=CARTESIAN_POINT('',(0.0551637835274276,0.03,0.0015));
#6676=CARTESIAN_POINT('',(3.21047558025821E-18,0.03,0.0015));
#6677=CARTESIAN_POINT('',(0.0519093772762357,0.03,0.0015));
#6678=CARTESIAN_POINT('',(0.,0.03,0.));
#6679=CARTESIAN_POINT('',(0.,0.03,0.0539310451387855));
#6680=CARTESIAN_POINT('',(3.3941726001303E-18,0.03,-0.0015));
#6681=CARTESIAN_POINT('',(0.0519093772762357,0.03,-0.0015));
#6682=CARTESIAN_POINT('',(0.0551637835274276,0.03,-0.00150000000000002));
#6683=CARTESIAN_POINT('',(0.,0.03,0.));
#6684=CARTESIAN_POINT('',(0.0400673455799306,0.03,-0.037946025236371));
#6685=CARTESIAN_POINT('',(-0.025904862397613,0.03,0.0280261827411726));
#6686=CARTESIAN_POINT('',(0.037766132850977,0.03,-0.0356448125074173));
#6687=CARTESIAN_POINT('',(0.,0.03,0.));
#6688=CARTESIAN_POINT('',(0.,0.03,0.0539310451387855));
#6689=CARTESIAN_POINT('',(-0.0280261827411726,0.03,0.025904862397613));
#6690=CARTESIAN_POINT('',(0.0356448125074173,0.03,-0.037766132850977));
#6691=CARTESIAN_POINT('',(0.037946025236371,0.03,-0.0400673455799306));
#6692=CARTESIAN_POINT('',(0.,0.03,0.));
#6693=CARTESIAN_POINT('',(0.0015,0.03,-0.0551637835274276));
#6694=CARTESIAN_POINT('',(0.0015,0.03,0.0539310451387855));
#6695=CARTESIAN_POINT('',(0.0015,0.03,-0.0519093772762357));
#6696=CARTESIAN_POINT('',(0.,0.03,0.));
#6697=CARTESIAN_POINT('',(0.,0.03,0.0539310451387855));
#6698=CARTESIAN_POINT('',(-0.0015,0.03,0.0539310451387855));
#6699=CARTESIAN_POINT('',(-0.0015,0.03,-0.0519093772762357));
#6700=CARTESIAN_POINT('',(-0.00149999999999998,0.03,-0.0551637835274276));
#6701=CARTESIAN_POINT('',(0.,0.03,0.));
#6702=CARTESIAN_POINT('',(-0.037946025236371,0.03,-0.0400673455799307));
#6703=CARTESIAN_POINT('',(0.0280261827411726,0.03,0.025904862397613));
#6704=CARTESIAN_POINT('',(-0.0356448125074173,0.03,-0.037766132850977));
#6705=CARTESIAN_POINT('',(0.,0.03,0.));
#6706=CARTESIAN_POINT('',(0.,0.03,0.0539310451387855));
#6707=CARTESIAN_POINT('',(0.025904862397613,0.03,0.0280261827411726));
#6708=CARTESIAN_POINT('',(-0.0377661328509769,0.03,-0.0356448125074173));
#6709=CARTESIAN_POINT('',(-0.0400673455799306,0.03,-0.037946025236371));
#6710=CARTESIAN_POINT('',(0.,0.03,0.));
#6711=CARTESIAN_POINT('',(-0.0551637835274276,0.03,-0.0015));
#6712=CARTESIAN_POINT('',(1.01825178003909E-17,0.03,-0.0015));
#6713=CARTESIAN_POINT('',(-0.0519093772762357,0.03,-0.0015));
#6714=CARTESIAN_POINT('',(0.,0.03,0.));
#6715=CARTESIAN_POINT('',(0.,0.03,0.0539310451387855));
#6716=CARTESIAN_POINT('',(9.63142674077461E-18,0.03,0.0015));
#6717=CARTESIAN_POINT('',(-0.0519093772762357,0.03,0.0015));
#6718=CARTESIAN_POINT('',(-0.0551637835274276,0.03,0.00149999999999999));
#6719=CARTESIAN_POINT('',(0.,0.03,0.));
#6720=CARTESIAN_POINT('',(-0.0400673455799306,0.03,0.037946025236371));
#6721=CARTESIAN_POINT('',(-0.0280261827411726,0.03,0.0259048623976129));
#6722=CARTESIAN_POINT('',(-0.037766132850977,0.03,0.0356448125074173));
#6723=CARTESIAN_POINT('',(0.,0.03,0.));
#6724=CARTESIAN_POINT('',(0.,0.03,0.0539310451387855));
#6725=CARTESIAN_POINT('',(-0.025904862397613,0.03,0.0280261827411726));
#6726=CARTESIAN_POINT('',(-0.0356448125074173,0.03,0.0377661328509769));
#6727=CARTESIAN_POINT('',(-0.037946025236371,0.03,0.0400673455799306));
#6728=CARTESIAN_POINT('',(0.,0.03,0.));
#6729=CARTESIAN_POINT('',(-0.0015,0.03,0.0551637835274276));
#6730=CARTESIAN_POINT('',(-0.0015,0.03,0.0539310451387855));
#6731=CARTESIAN_POINT('',(-0.0015,0.03,0.0519093772762357));
#6732=CARTESIAN_POINT('',(0.,0.03,0.));
#6733=CARTESIAN_POINT('',(0.,0.0728757455945015,0.));
#6734=CARTESIAN_POINT('',(0.,0.01,0.));
#6735=CARTESIAN_POINT('',(0.,0.01,-0.05715));
#6736=CARTESIAN_POINT('',(0.,0.01,0.0541401));
#6737=CARTESIAN_POINT('',(0.,0.01,0.));
#6738=CARTESIAN_POINT('',(0.,0.01,-0.0511302));
#6739=CARTESIAN_POINT('',(0.,0.0728757455945015,0.));
#6740=CARTESIAN_POINT('',(0.,-0.01,0.));
#6741=CARTESIAN_POINT('',(0.,-0.01,-0.0511302));
#6742=CARTESIAN_POINT('',(0.,-0.01,0.0481302));
#6743=CARTESIAN_POINT('',(0.,-0.01,0.));
#6744=CARTESIAN_POINT('',(0.,-0.01,-0.0451302));
#6745=CARTESIAN_POINT('',(0.,0.0728757455945015,0.));
#6746=CARTESIAN_POINT('',(0.,0.0125,0.));
#6747=CARTESIAN_POINT('',(0.,0.0125,-0.0451302));
#6748=CARTESIAN_POINT('',(0.,0.0125,0.));
#6749=CARTESIAN_POINT('',(-0.0347565862121897,0.0267690662721025,0.0368779065557493));
#6750=CARTESIAN_POINT('',(-0.0354663323243551,0.0267024994106613,0.0361734391055416));
#6751=CARTESIAN_POINT('',(-0.0361734391055416,0.0267024994106613,0.0354663323243551));
#6752=CARTESIAN_POINT('',(-0.0368779065557493,0.0267690662721024,0.0347565862121897));
#6753=CARTESIAN_POINT('',(-0.0347565862121897,0.0267690662721024,0.0368779065557493));
#6754=CARTESIAN_POINT('',(-0.0368779065557493,0.0267690662721024,0.0347565862121897));
#6755=CARTESIAN_POINT('',(-0.0347565862121897,0.0267690662721024,0.0368779065557493));
#6756=CARTESIAN_POINT('',(-0.0350526643705555,0.0278460426821686,0.0371739847141151));
#6757=CARTESIAN_POINT('',(-0.0353487397363245,0.0289230206277433,0.0374700600798841));
#6758=CARTESIAN_POINT('',(-0.0356448125074174,0.03,0.0377661328509769));
#6759=CARTESIAN_POINT('',(-0.0015,0.0267690662721024,0.0506532356030683));
#6760=CARTESIAN_POINT('',(-0.0015,0.0278460426823276,0.0510719533502136));
#6761=CARTESIAN_POINT('',(-0.0015,0.0289230206278985,0.0514906671479672));
#6762=CARTESIAN_POINT('',(-0.0015,0.03,0.0519093772762357));
#6763=CARTESIAN_POINT('',(-0.0015,0.0267690662721024,0.0506532356030683));
#6764=CARTESIAN_POINT('',(0.0015,0.0267690662721024,0.0506532356030683));
#6765=CARTESIAN_POINT('',(0.0005,0.0267024994106613,0.0506569681807342));
#6766=CARTESIAN_POINT('',(-0.0005,0.0267024994106613,0.0506569681807342));
#6767=CARTESIAN_POINT('',(-0.0015,0.0267690662721024,0.0506532356030683));
#6768=CARTESIAN_POINT('',(0.0015,0.0267690662721024,0.0506532356030683));
#6769=CARTESIAN_POINT('',(0.0015,0.0267690662721024,0.0506532356030683));
#6770=CARTESIAN_POINT('',(0.0015,0.0278460426823276,0.0510719533502136));
#6771=CARTESIAN_POINT('',(0.0015,0.0289230206278985,0.0514906671479672));
#6772=CARTESIAN_POINT('',(0.0015,0.03,0.0519093772762357));
#6773=CARTESIAN_POINT('',(0.0347565862121897,0.0267690662721024,0.0368779065557493));
#6774=CARTESIAN_POINT('',(0.0350526643705555,0.0278460426821686,0.0371739847141151));
#6775=CARTESIAN_POINT('',(0.0353487397363245,0.0289230206277433,0.0374700600798841));
#6776=CARTESIAN_POINT('',(0.0356448125074174,0.03,0.037766132850977));
#6777=CARTESIAN_POINT('',(0.0347565862121897,0.0267690662721024,0.0368779065557493));
#6778=CARTESIAN_POINT('',(0.0368779065557493,0.0267690662721025,0.0347565862121897));
#6779=CARTESIAN_POINT('',(0.0361734391055416,0.0267024994106613,0.0354663323243551));
#6780=CARTESIAN_POINT('',(0.0354663323243551,0.0267024994106613,0.0361734391055416));
#6781=CARTESIAN_POINT('',(0.0347565862121897,0.0267690662721024,0.0368779065557493));
#6782=CARTESIAN_POINT('',(0.0368779065557493,0.0267690662721024,0.0347565862121897));
#6783=CARTESIAN_POINT('',(0.0368779065557493,0.0267690662721024,0.0347565862121897));
#6784=CARTESIAN_POINT('',(0.0371739847141151,0.0278460426821686,0.0350526643705555));
#6785=CARTESIAN_POINT('',(0.0374700600798841,0.0289230206277433,0.0353487397363245));
#6786=CARTESIAN_POINT('',(0.037766132850977,0.03,0.0356448125074174));
#6787=CARTESIAN_POINT('',(0.0506532356030683,0.0267690662721024,0.0015));
#6788=CARTESIAN_POINT('',(0.0510719533502136,0.0278460426823276,0.0015));
#6789=CARTESIAN_POINT('',(0.0514906671479672,0.0289230206278985,0.0015));
#6790=CARTESIAN_POINT('',(0.0519093772762357,0.03,0.0015));
#6791=CARTESIAN_POINT('',(0.0506532356030683,0.0267690662721024,0.0015));
#6792=CARTESIAN_POINT('',(0.0506532356030683,0.0267690662721024,-0.0015));
#6793=CARTESIAN_POINT('',(0.0506569681807342,0.0267024994106613,-0.0005));
#6794=CARTESIAN_POINT('',(0.0506569681807342,0.0267024994106613,0.0005));
#6795=CARTESIAN_POINT('',(0.0506532356030683,0.0267690662721024,0.0015));
#6796=CARTESIAN_POINT('',(0.0506532356030683,0.0267690662721024,-0.0015));
#6797=CARTESIAN_POINT('',(0.0506532356030683,0.0267690662721024,-0.0015));
#6798=CARTESIAN_POINT('',(0.0510719533502136,0.0278460426823276,-0.0015));
#6799=CARTESIAN_POINT('',(0.0514906671479672,0.0289230206278985,-0.0015));
#6800=CARTESIAN_POINT('',(0.0519093772762357,0.03,-0.0015));
#6801=CARTESIAN_POINT('',(0.0368779065557493,0.0267690662721024,-0.0347565862121897));
#6802=CARTESIAN_POINT('',(0.0371739847141151,0.0278460426821686,-0.0350526643705555));
#6803=CARTESIAN_POINT('',(0.0374700600798841,0.0289230206277433,-0.0353487397363245));
#6804=CARTESIAN_POINT('',(0.037766132850977,0.03,-0.0356448125074174));
#6805=CARTESIAN_POINT('',(0.0368779065557493,0.0267690662721024,-0.0347565862121897));
#6806=CARTESIAN_POINT('',(0.0347565862121897,0.0267690662721025,-0.0368779065557493));
#6807=CARTESIAN_POINT('',(0.0354663323243551,0.0267024994106613,-0.0361734391055416));
#6808=CARTESIAN_POINT('',(0.0361734391055416,0.0267024994106613,-0.0354663323243551));
#6809=CARTESIAN_POINT('',(0.0368779065557493,0.0267690662721024,-0.0347565862121897));
#6810=CARTESIAN_POINT('',(0.0347565862121897,0.0267690662721024,-0.0368779065557493));
#6811=CARTESIAN_POINT('',(0.0347565862121897,0.0267690662721024,-0.0368779065557493));
#6812=CARTESIAN_POINT('',(0.0350526643705555,0.0278460426821686,-0.0371739847141151));
#6813=CARTESIAN_POINT('',(0.0353487397363245,0.0289230206277433,-0.0374700600798841));
#6814=CARTESIAN_POINT('',(0.0356448125074174,0.03,-0.037766132850977));
#6815=CARTESIAN_POINT('',(0.0015,0.0267690662721024,-0.0506532356030683));
#6816=CARTESIAN_POINT('',(0.0015,0.0278460426823276,-0.0510719533502136));
#6817=CARTESIAN_POINT('',(0.0015,0.0289230206278985,-0.0514906671479672));
#6818=CARTESIAN_POINT('',(0.0015,0.03,-0.0519093772762357));
#6819=CARTESIAN_POINT('',(0.0015,0.0267690662721024,-0.0506532356030683));
#6820=CARTESIAN_POINT('',(-0.0015,0.0267690662721024,-0.0506532356030683));
#6821=CARTESIAN_POINT('',(-0.0005,0.0267024994106613,-0.0506569681807342));
#6822=CARTESIAN_POINT('',(0.0005,0.0267024994106613,-0.0506569681807342));
#6823=CARTESIAN_POINT('',(0.0015,0.0267690662721024,-0.0506532356030683));
#6824=CARTESIAN_POINT('',(-0.0015,0.0267690662721024,-0.0506532356030683));
#6825=CARTESIAN_POINT('',(-0.0015,0.0267690662721024,-0.0506532356030683));
#6826=CARTESIAN_POINT('',(-0.0015,0.0278460426823276,-0.0510719533502136));
#6827=CARTESIAN_POINT('',(-0.0015,0.0289230206278985,-0.0514906671479672));
#6828=CARTESIAN_POINT('',(-0.0015,0.03,-0.0519093772762357));
#6829=CARTESIAN_POINT('',(-0.0347565862121897,0.0267690662721024,-0.0368779065557493));
#6830=CARTESIAN_POINT('',(-0.0350526643705555,0.0278460426821686,-0.0371739847141151));
#6831=CARTESIAN_POINT('',(-0.0353487397363245,0.0289230206277433,-0.0374700600798841));
#6832=CARTESIAN_POINT('',(-0.0356448125074174,0.03,-0.037766132850977));
#6833=CARTESIAN_POINT('',(-0.0347565862121897,0.0267690662721024,-0.0368779065557493));
#6834=CARTESIAN_POINT('',(-0.0368779065557493,0.0267690662721025,-0.0347565862121897));
#6835=CARTESIAN_POINT('',(-0.0361734391055416,0.0267024994106613,-0.0354663323243551));
#6836=CARTESIAN_POINT('',(-0.0354663323243551,0.0267024994106613,-0.0361734391055416));
#6837=CARTESIAN_POINT('',(-0.0347565862121897,0.0267690662721024,-0.0368779065557493));
#6838=CARTESIAN_POINT('',(-0.0368779065557493,0.0267690662721024,-0.0347565862121897));
#6839=CARTESIAN_POINT('',(-0.0368779065557493,0.0267690662721024,-0.0347565862121897));
#6840=CARTESIAN_POINT('',(-0.0371739847141151,0.0278460426821686,-0.0350526643705555));
#6841=CARTESIAN_POINT('',(-0.0374700600798841,0.0289230206277433,-0.0353487397363245));
#6842=CARTESIAN_POINT('',(-0.037766132850977,0.03,-0.0356448125074174));
#6843=CARTESIAN_POINT('',(-0.0506532356030683,0.0267690662721024,-0.0015));
#6844=CARTESIAN_POINT('',(-0.0510719533502136,0.0278460426823276,-0.0015));
#6845=CARTESIAN_POINT('',(-0.0514906671479672,0.0289230206278985,-0.0015));
#6846=CARTESIAN_POINT('',(-0.0519093772762357,0.03,-0.0015));
#6847=CARTESIAN_POINT('',(-0.0506532356030683,0.0267690662721024,-0.0015));
#6848=CARTESIAN_POINT('',(-0.0506532356030683,0.0267690662721024,0.0015));
#6849=CARTESIAN_POINT('',(-0.0506569681807342,0.0267024994106613,0.0005));
#6850=CARTESIAN_POINT('',(-0.0506569681807342,0.0267024994106613,-0.0005));
#6851=CARTESIAN_POINT('',(-0.0506532356030683,0.0267690662721024,-0.0015));
#6852=CARTESIAN_POINT('',(-0.0506532356030683,0.0267690662721024,0.0015));
#6853=CARTESIAN_POINT('',(-0.0506532356030683,0.0267690662721024,0.0015));
#6854=CARTESIAN_POINT('',(-0.0510719533502136,0.0278460426823276,0.0015));
#6855=CARTESIAN_POINT('',(-0.0514906671479672,0.0289230206278985,0.0015));
#6856=CARTESIAN_POINT('',(-0.0519093772762357,0.03,0.0015));
#6857=CARTESIAN_POINT('',(-0.0368779065557493,0.0267690662721024,0.0347565862121896));
#6858=CARTESIAN_POINT('',(-0.0371739847141151,0.0278460426821686,0.0350526643705555));
#6859=CARTESIAN_POINT('',(-0.0374700600798842,0.0289230206277433,0.0353487397363245));
#6860=CARTESIAN_POINT('',(-0.037766132850977,0.03,0.0356448125074173));
#6861=CARTESIAN_POINT('',(0.028575,0.0925,0.0015));
#6862=CARTESIAN_POINT('',(0.0535734607377312,0.0519999999985169,0.00149999999999999));
#6863=CARTESIAN_POINT('',(0.0542352944269932,0.044678624633854,0.00149999999999999));
#6864=CARTESIAN_POINT('',(0.0547669785016669,0.0373454344121834,0.00149999999999999));
#6865=CARTESIAN_POINT('',(0.0551637835274276,0.0299999999999999,0.00149999999999999));
#6866=CARTESIAN_POINT('',(0.0535734607377313,0.0519999999985169,0.0015));
#6867=CARTESIAN_POINT('',(0.000447498820477052,0.052,0.0015));
#6868=CARTESIAN_POINT('',(0.0487586057336832,0.0519999999985169,0.0015));
#6869=CARTESIAN_POINT('',(0.05115,0.015,0.0015));
#6870=CARTESIAN_POINT('',(0.05115,0.019,0.0015));
#6871=CARTESIAN_POINT('',(0.0475080563942293,0.114567613004176,0.0015));
#6872=CARTESIAN_POINT('',(0.0191798969795542,0.17029911300718,0.0015));
#6873=CARTESIAN_POINT('',(0.01875,0.171231707424389,0.0015));
#6874=CARTESIAN_POINT('',(0.0191449161006258,0.0925,0.0212662364441854));
#6875=CARTESIAN_POINT('',(0.0362715347556868,0.0599999999999983,0.0383928550992464));
#6876=CARTESIAN_POINT('',(0.0370064448834729,0.0500226909006125,0.0391277652270325));
#6877=CARTESIAN_POINT('',(0.0375631819085754,0.0400225077692388,0.0396845022521349));
#6878=CARTESIAN_POINT('',(0.0379460252363711,0.0300000000000001,0.0400673455799306));
#6879=CARTESIAN_POINT('',(0.0362715347556999,0.06,0.0383928550992595));
#6880=CARTESIAN_POINT('',(-0.000836910761541293,0.06,0.00128440958201834));
#6881=CARTESIAN_POINT('',(0.0328533170683918,0.0599999999998206,0.0349746374119514));
#6882=CARTESIAN_POINT('',(0.0351078516859121,0.015,0.0372291720294717));
#6883=CARTESIAN_POINT('',(0.0351078516859121,0.019,0.0372291720294717));
#6884=CARTESIAN_POINT('',(0.0325326086655726,0.114567613004176,0.0346539290091323));
#6885=CARTESIAN_POINT('',(0.0125015750449223,0.17029911300718,0.014622895388482));
#6886=CARTESIAN_POINT('',(0.0121975919754679,0.171231707424389,0.0143189123190276));
#6887=CARTESIAN_POINT('',(0.0212662364441854,0.0925,0.0191449161006258));
#6888=CARTESIAN_POINT('',(0.00128440958201835,0.06,-0.000836910761541297));
#6889=CARTESIAN_POINT('',(0.0349746374119514,0.0599999999998206,0.0328533170683918));
#6890=CARTESIAN_POINT('',(0.0383928550992629,0.0599999999997742,0.0362715347557033));
#6891=CARTESIAN_POINT('',(0.0383928550992629,0.0599999999997742,0.0362715347557033));
#6892=CARTESIAN_POINT('',(0.0391277652270407,0.0500226909004627,0.0370064448834811));
#6893=CARTESIAN_POINT('',(0.0396845022521378,0.0400225077691636,0.0375631819085782));
#6894=CARTESIAN_POINT('',(0.0400673455799306,0.0299999999999999,0.037946025236371));
#6895=CARTESIAN_POINT('',(0.0372291720294717,0.015,0.0351078516859121));
#6896=CARTESIAN_POINT('',(0.0372291720294717,0.019,0.0351078516859121));
#6897=CARTESIAN_POINT('',(0.0346539290091323,0.114567613004176,0.0325326086655726));
#6898=CARTESIAN_POINT('',(0.014622895388482,0.17029911300718,0.0125015750449223));
#6899=CARTESIAN_POINT('',(0.0143189123190276,0.171231707424389,0.0121975919754679));
#6900=CARTESIAN_POINT('',(0.0368857216939293,0.0265713726907909,0.0347644013503696));
#6901=CARTESIAN_POINT('',(0.0347644013503696,0.0265713726907909,0.0368857216939293));
#6902=CARTESIAN_POINT('',(0.0365611021549408,0.0348076076555212,0.0344397818113811));
#6903=CARTESIAN_POINT('',(0.0344397818113811,0.0348076076555212,0.0365611021549408));
#6904=CARTESIAN_POINT('',(0.0359714827868973,0.0466794870445402,0.0338501624433376));
#6905=CARTESIAN_POINT('',(0.0338501624433376,0.0466794870445402,0.0359714827868973));
#6906=CARTESIAN_POINT('',(0.0349746374119514,0.0599999999998206,0.0328533170683918));
#6907=CARTESIAN_POINT('',(0.0328533170683918,0.0599999999998206,0.0349746374119514));
#6908=CARTESIAN_POINT('',(0.034974637411938,0.06,0.0328533170683784));
#6909=CARTESIAN_POINT('',(0.0015,0.0925,0.028575));
#6910=CARTESIAN_POINT('',(0.0015,0.052,0.000447498820477052));
#6911=CARTESIAN_POINT('',(0.0015,0.0519999999985169,0.0487586057336832));
#6912=CARTESIAN_POINT('',(0.0015,0.0519999999983069,0.0535734607377502));
#6913=CARTESIAN_POINT('',(0.00149999999999997,0.0519999999983069,0.0535734607377502));
#6914=CARTESIAN_POINT('',(0.00149999999999997,0.0446786246337138,0.0542352944270033));
#6915=CARTESIAN_POINT('',(0.00150000000000003,0.0373454344121133,0.0547669785016707));
#6916=CARTESIAN_POINT('',(0.00150000000000003,0.03,0.0551637835274276));
#6917=CARTESIAN_POINT('',(0.0015,0.015,0.05115));
#6918=CARTESIAN_POINT('',(0.0015,0.019,0.05115));
#6919=CARTESIAN_POINT('',(0.0015,0.114567613004176,0.0475080563942293));
#6920=CARTESIAN_POINT('',(0.0015,0.17029911300718,0.0191798969795542));
#6921=CARTESIAN_POINT('',(0.0015,0.171231707424389,0.01875));
#6922=CARTESIAN_POINT('',(0.0364861512251984,0.06,0.0381889555366033));
#6923=CARTESIAN_POINT('',(0.0268474228316284,0.06,0.0473979034338385));
#6924=CARTESIAN_POINT('',(0.0145313841904655,0.06,0.0524993736737193));
#6925=CARTESIAN_POINT('',(0.00120406447562812,0.06,0.0528032743770994));
#6926=CARTESIAN_POINT('',(0.0373235148884343,0.0483587611183817,0.0390653988617956));
#6927=CARTESIAN_POINT('',(0.0274635759630447,0.0483587611183817,0.0484856937519812));
#6928=CARTESIAN_POINT('',(0.0148648820434594,0.0483587611183817,0.0537042436416608));
#6929=CARTESIAN_POINT('',(0.00123169796960398,0.0483587611183817,0.0540151189202619));
#6930=CARTESIAN_POINT('',(0.0378262003786385,0.0379134328232618,0.0395915446236715));
#6931=CARTESIAN_POINT('',(0.0278334645222281,0.0379134328232618,0.0491387151730466));
#6932=CARTESIAN_POINT('',(0.015065087210073,0.0379134328232618,0.0544275502252382));
#6933=CARTESIAN_POINT('',(0.00124828688679158,0.0379134328232618,0.0547426124753043));
#6934=CARTESIAN_POINT('',(0.0381214017837199,0.03,0.0399005230430015));
#6935=CARTESIAN_POINT('',(0.0280506811010279,0.03,0.0495222011594205));
#6936=CARTESIAN_POINT('',(0.0151826574356725,0.03,0.0548523110825487));
#6937=CARTESIAN_POINT('',(0.00125802870699124,0.03,0.0551698321262017));
#6938=CARTESIAN_POINT('',(0.,0.052,0.));
#6939=CARTESIAN_POINT('',(0.0075,0.052,0.0530670867431298));
#6940=CARTESIAN_POINT('',(0.0075,0.06,0.0522817899101084));
#6941=CARTESIAN_POINT('',(0.0075,0.0573351547841363,0.0525621110606403));
#6942=CARTESIAN_POINT('',(0.0075,0.0546684573484318,0.0528235632203605));
#6943=CARTESIAN_POINT('',(0.0075,0.052,0.0530670867431298));
#6944=CARTESIAN_POINT('',(0.0075,0.06,0.0522817899101084));
#6945=CARTESIAN_POINT('',(0.,0.06,0.));
#6946=CARTESIAN_POINT('',(0.0528032743770994,0.06,0.00120406447562809));
#6947=CARTESIAN_POINT('',(0.0524993736737193,0.06,0.0145313841904654));
#6948=CARTESIAN_POINT('',(0.0473979034338385,0.06,0.0268474228316283));
#6949=CARTESIAN_POINT('',(0.0381889555366033,0.06,0.0364861512251984));
#6950=CARTESIAN_POINT('',(0.0540151189202619,0.0483587611183817,0.00123169796960396));
#6951=CARTESIAN_POINT('',(0.0537042436416608,0.0483587611183817,0.0148648820434594));
#6952=CARTESIAN_POINT('',(0.0484856937519812,0.0483587611183817,0.0274635759630446));
#6953=CARTESIAN_POINT('',(0.0390653988617957,0.0483587611183817,0.0373235148884343));
#6954=CARTESIAN_POINT('',(0.0547426124753043,0.0379134328232618,0.00124828688679155));
#6955=CARTESIAN_POINT('',(0.0544275502252382,0.0379134328232618,0.0150650872100729));
#6956=CARTESIAN_POINT('',(0.0491387151730467,0.0379134328232618,0.027833464522228));
#6957=CARTESIAN_POINT('',(0.0395915446236716,0.0379134328232618,0.0378262003786384));
#6958=CARTESIAN_POINT('',(0.0551698321262017,0.03,0.00125802870699122));
#6959=CARTESIAN_POINT('',(0.0548523110825487,0.03,0.0151826574356724));
#6960=CARTESIAN_POINT('',(0.0495222011594205,0.03,0.0280506811010278));
#6961=CARTESIAN_POINT('',(0.0399005230430016,0.03,0.0381214017837198));
#6962=CARTESIAN_POINT('',(0.,0.06,0.));
#6963=CARTESIAN_POINT('',(0.0522817899101084,0.06,0.0075));
#6964=CARTESIAN_POINT('',(0.0522817899101084,0.06,0.0075));
#6965=CARTESIAN_POINT('',(0.0525621110606403,0.0573351547841363,0.0075));
#6966=CARTESIAN_POINT('',(0.0528235632203605,0.0546684573484318,0.0075));
#6967=CARTESIAN_POINT('',(0.0530670867431298,0.052,0.0075));
#6968=CARTESIAN_POINT('',(0.0530670867431298,0.052,0.0075));
#6969=CARTESIAN_POINT('',(0.,0.052,0.));
#6970=CARTESIAN_POINT('',(0.0015,0.0925,-0.028575));
#6971=CARTESIAN_POINT('',(0.0015,0.0519999999985169,-0.0535734607377312));
#6972=CARTESIAN_POINT('',(0.0015,0.044678624633854,-0.0542352944269932));
#6973=CARTESIAN_POINT('',(0.0015,0.0373454344121835,-0.0547669785016669));
#6974=CARTESIAN_POINT('',(0.0015,0.0299999999999999,-0.0551637835274276));
#6975=CARTESIAN_POINT('',(0.0015,0.0519999999985169,-0.0535734607377312));
#6976=CARTESIAN_POINT('',(0.0015,0.052,-0.000447498820477052));
#6977=CARTESIAN_POINT('',(0.0015,0.0519999999985169,-0.0487586057336832));
#6978=CARTESIAN_POINT('',(0.0015,0.015,-0.05115));
#6979=CARTESIAN_POINT('',(0.0015,0.019,-0.05115));
#6980=CARTESIAN_POINT('',(0.0015,0.114567613004176,-0.0475080563942293));
#6981=CARTESIAN_POINT('',(0.0015,0.17029911300718,-0.0191798969795542));
#6982=CARTESIAN_POINT('',(0.0015,0.171231707424389,-0.01875));
#6983=CARTESIAN_POINT('',(0.0212662364441854,0.0925,-0.0191449161006258));
#6984=CARTESIAN_POINT('',(0.0383928550992464,0.0599999999999983,-0.0362715347556868));
#6985=CARTESIAN_POINT('',(0.0391277652270325,0.0500226909006125,-0.0370064448834729));
#6986=CARTESIAN_POINT('',(0.0396845022521349,0.0400225077692388,-0.0375631819085754));
#6987=CARTESIAN_POINT('',(0.0400673455799306,0.0300000000000001,-0.0379460252363711));
#6988=CARTESIAN_POINT('',(0.0383928550992595,0.06,-0.0362715347556999));
#6989=CARTESIAN_POINT('',(0.000836910761541294,0.06,0.00128440958201835));
#6990=CARTESIAN_POINT('',(0.0349746374119514,0.0599999999998206,-0.0328533170683918));
#6991=CARTESIAN_POINT('',(0.0372291720294717,0.015,-0.0351078516859121));
#6992=CARTESIAN_POINT('',(0.0372291720294717,0.019,-0.0351078516859121));
#6993=CARTESIAN_POINT('',(0.0346539290091323,0.114567613004176,-0.0325326086655726));
#6994=CARTESIAN_POINT('',(0.014622895388482,0.17029911300718,-0.0125015750449223));
#6995=CARTESIAN_POINT('',(0.0143189123190276,0.171231707424389,-0.0121975919754679));
#6996=CARTESIAN_POINT('',(0.0191449161006258,0.0925,-0.0212662364441854));
#6997=CARTESIAN_POINT('',(-0.00128440958201835,0.06,-0.000836910761541296));
#6998=CARTESIAN_POINT('',(0.0328533170683918,0.0599999999998206,-0.0349746374119514));
#6999=CARTESIAN_POINT('',(0.0362715347557033,0.0599999999997742,-0.0383928550992629));
#7000=CARTESIAN_POINT('',(0.0362715347557033,0.0599999999997742,-0.0383928550992629));
#7001=CARTESIAN_POINT('',(0.0370064448834811,0.0500226909004628,-0.0391277652270407));
#7002=CARTESIAN_POINT('',(0.0375631819085782,0.0400225077691637,-0.0396845022521378));
#7003=CARTESIAN_POINT('',(0.037946025236371,0.0299999999999999,-0.0400673455799306));
#7004=CARTESIAN_POINT('',(0.0351078516859121,0.015,-0.0372291720294717));
#7005=CARTESIAN_POINT('',(0.0351078516859121,0.019,-0.0372291720294717));
#7006=CARTESIAN_POINT('',(0.0325326086655726,0.114567613004176,-0.0346539290091323));
#7007=CARTESIAN_POINT('',(0.0125015750449223,0.17029911300718,-0.014622895388482));
#7008=CARTESIAN_POINT('',(0.0121975919754679,0.171231707424389,-0.0143189123190276));
#7009=CARTESIAN_POINT('',(0.0347644013503696,0.0265713726907909,-0.0368857216939293));
#7010=CARTESIAN_POINT('',(0.0368857216939293,0.0265713726907909,-0.0347644013503696));
#7011=CARTESIAN_POINT('',(0.0344397818113811,0.0348076076555212,-0.0365611021549408));
#7012=CARTESIAN_POINT('',(0.0365611021549408,0.0348076076555212,-0.0344397818113811));
#7013=CARTESIAN_POINT('',(0.0338501624433376,0.0466794870445402,-0.0359714827868973));
#7014=CARTESIAN_POINT('',(0.0359714827868973,0.0466794870445402,-0.0338501624433376));
#7015=CARTESIAN_POINT('',(0.0328533170683918,0.0599999999998206,-0.0349746374119514));
#7016=CARTESIAN_POINT('',(0.0349746374119514,0.0599999999998206,-0.0328533170683918));
#7017=CARTESIAN_POINT('',(0.0328533170683784,0.06,-0.034974637411938));
#7018=CARTESIAN_POINT('',(0.028575,0.0925,-0.0015));
#7019=CARTESIAN_POINT('',(0.000447498820477052,0.052,-0.0015));
#7020=CARTESIAN_POINT('',(0.0487586057336832,0.0519999999985169,-0.0015));
#7021=CARTESIAN_POINT('',(0.0535734607377502,0.0519999999983069,-0.0015));
#7022=CARTESIAN_POINT('',(0.0535734607377502,0.0519999999983069,-0.00149999999999996));
#7023=CARTESIAN_POINT('',(0.0542352944270033,0.0446786246337138,-0.00149999999999996));
#7024=CARTESIAN_POINT('',(0.0547669785016707,0.0373454344121133,-0.00150000000000002));
#7025=CARTESIAN_POINT('',(0.0551637835274276,0.03,-0.00150000000000002));
#7026=CARTESIAN_POINT('',(0.05115,0.015,-0.0015));
#7027=CARTESIAN_POINT('',(0.05115,0.019,-0.0015));
#7028=CARTESIAN_POINT('',(0.0475080563942293,0.114567613004176,-0.0015));
#7029=CARTESIAN_POINT('',(0.0191798969795542,0.17029911300718,-0.0015));
#7030=CARTESIAN_POINT('',(0.01875,0.171231707424389,-0.0015));
#7031=CARTESIAN_POINT('',(0.0381889555366033,0.06,-0.0364861512251984));
#7032=CARTESIAN_POINT('',(0.0473979034338385,0.06,-0.0268474228316284));
#7033=CARTESIAN_POINT('',(0.0524993736737193,0.06,-0.0145313841904655));
#7034=CARTESIAN_POINT('',(0.0528032743770994,0.06,-0.00120406447562816));
#7035=CARTESIAN_POINT('',(0.0390653988617956,0.0483587611183817,-0.0373235148884343));
#7036=CARTESIAN_POINT('',(0.0484856937519811,0.0483587611183817,-0.0274635759630447));
#7037=CARTESIAN_POINT('',(0.0537042436416608,0.0483587611183817,-0.0148648820434594));
#7038=CARTESIAN_POINT('',(0.0540151189202619,0.0483587611183817,-0.00123169796960403));
#7039=CARTESIAN_POINT('',(0.0395915446236715,0.0379134328232618,-0.0378262003786385));
#7040=CARTESIAN_POINT('',(0.0491387151730466,0.0379134328232618,-0.0278334645222281));
#7041=CARTESIAN_POINT('',(0.0544275502252382,0.0379134328232618,-0.015065087210073));
#7042=CARTESIAN_POINT('',(0.0547426124753043,0.0379134328232618,-0.00124828688679162));
#7043=CARTESIAN_POINT('',(0.0399005230430015,0.03,-0.0381214017837199));
#7044=CARTESIAN_POINT('',(0.0495222011594205,0.03,-0.0280506811010279));
#7045=CARTESIAN_POINT('',(0.0548523110825486,0.03,-0.0151826574356725));
#7046=CARTESIAN_POINT('',(0.0551698321262017,0.03,-0.00125802870699129));
#7047=CARTESIAN_POINT('',(0.,0.052,0.));
#7048=CARTESIAN_POINT('',(0.0530670867431298,0.052,-0.0075));
#7049=CARTESIAN_POINT('',(0.0522817899101084,0.06,-0.0075));
#7050=CARTESIAN_POINT('',(0.0525621110606403,0.0573351547841363,-0.0075));
#7051=CARTESIAN_POINT('',(0.0528235632203605,0.0546684573484318,-0.0075));
#7052=CARTESIAN_POINT('',(0.0530670867431298,0.052,-0.0075));
#7053=CARTESIAN_POINT('',(0.0522817899101084,0.06,-0.0075));
#7054=CARTESIAN_POINT('',(0.,0.06,0.));
#7055=CARTESIAN_POINT('',(0.00120406447562809,0.06,-0.0528032743770994));
#7056=CARTESIAN_POINT('',(0.0145313841904654,0.06,-0.0524993736737193));
#7057=CARTESIAN_POINT('',(0.0268474228316283,0.06,-0.0473979034338385));
#7058=CARTESIAN_POINT('',(0.0364861512251984,0.06,-0.0381889555366033));
#7059=CARTESIAN_POINT('',(0.00123169796960396,0.0483587611183817,-0.0540151189202619));
#7060=CARTESIAN_POINT('',(0.0148648820434594,0.0483587611183817,-0.0537042436416608));
#7061=CARTESIAN_POINT('',(0.0274635759630446,0.0483587611183817,-0.0484856937519812));
#7062=CARTESIAN_POINT('',(0.0373235148884343,0.0483587611183817,-0.0390653988617956));
#7063=CARTESIAN_POINT('',(0.00124828688679155,0.0379134328232618,-0.0547426124753043));
#7064=CARTESIAN_POINT('',(0.015065087210073,0.0379134328232618,-0.0544275502252382));
#7065=CARTESIAN_POINT('',(0.027833464522228,0.0379134328232618,-0.0491387151730466));
#7066=CARTESIAN_POINT('',(0.0378262003786385,0.0379134328232618,-0.0395915446236715));
#7067=CARTESIAN_POINT('',(0.00125802870699122,0.03,-0.0551698321262017));
#7068=CARTESIAN_POINT('',(0.0151826574356724,0.03,-0.0548523110825487));
#7069=CARTESIAN_POINT('',(0.0280506811010279,0.03,-0.0495222011594205));
#7070=CARTESIAN_POINT('',(0.0381214017837199,0.03,-0.0399005230430015));
#7071=CARTESIAN_POINT('',(0.,0.06,0.));
#7072=CARTESIAN_POINT('',(0.0075,0.06,-0.0522817899101084));
#7073=CARTESIAN_POINT('',(0.0075,0.06,-0.0522817899101084));
#7074=CARTESIAN_POINT('',(0.0075,0.0573351547841363,-0.0525621110606403));
#7075=CARTESIAN_POINT('',(0.0075,0.0546684573484318,-0.0528235632203605));
#7076=CARTESIAN_POINT('',(0.0075,0.052,-0.0530670867431298));
#7077=CARTESIAN_POINT('',(0.0075,0.052,-0.0530670867431298));
#7078=CARTESIAN_POINT('',(0.,0.052,0.));
#7079=CARTESIAN_POINT('',(-0.028575,0.0925,-0.0015));
#7080=CARTESIAN_POINT('',(-0.0535734607377312,0.0519999999985169,-0.0015));
#7081=CARTESIAN_POINT('',(-0.0542352944269932,0.044678624633854,-0.0015));
#7082=CARTESIAN_POINT('',(-0.0547669785016669,0.0373454344121834,-0.0015));
#7083=CARTESIAN_POINT('',(-0.0551637835274276,0.0299999999999999,-0.0015));
#7084=CARTESIAN_POINT('',(-0.0535734607377313,0.0519999999985169,-0.0015));
#7085=CARTESIAN_POINT('',(-0.000447498820477051,0.052,-0.0015));
#7086=CARTESIAN_POINT('',(-0.0487586057336832,0.0519999999985169,-0.0015));
#7087=CARTESIAN_POINT('',(-0.05115,0.015,-0.0015));
#7088=CARTESIAN_POINT('',(-0.05115,0.019,-0.0015));
#7089=CARTESIAN_POINT('',(-0.0475080563942293,0.114567613004176,-0.0015));
#7090=CARTESIAN_POINT('',(-0.0191798969795542,0.17029911300718,-0.0015));
#7091=CARTESIAN_POINT('',(-0.01875,0.171231707424389,-0.0015));
#7092=CARTESIAN_POINT('',(-0.0191449161006258,0.0925,-0.0212662364441854));
#7093=CARTESIAN_POINT('',(-0.0362715347556868,0.0599999999999983,-0.0383928550992464));
#7094=CARTESIAN_POINT('',(-0.0370064448834729,0.0500226909006125,-0.0391277652270325));
#7095=CARTESIAN_POINT('',(-0.0375631819085754,0.0400225077692387,-0.039684502252135));
#7096=CARTESIAN_POINT('',(-0.037946025236371,0.0299999999999999,-0.0400673455799306));
#7097=CARTESIAN_POINT('',(-0.0362715347556999,0.06,-0.0383928550992595));
#7098=CARTESIAN_POINT('',(0.00128440958201835,0.06,-0.000836910761541293));
#7099=CARTESIAN_POINT('',(-0.0328533170683918,0.0599999999998206,-0.0349746374119514));
#7100=CARTESIAN_POINT('',(-0.0351078516859121,0.015,-0.0372291720294717));
#7101=CARTESIAN_POINT('',(-0.0351078516859121,0.019,-0.0372291720294717));
#7102=CARTESIAN_POINT('',(-0.0325326086655726,0.114567613004176,-0.0346539290091323));
#7103=CARTESIAN_POINT('',(-0.0125015750449223,0.17029911300718,-0.014622895388482));
#7104=CARTESIAN_POINT('',(-0.0121975919754679,0.171231707424389,-0.0143189123190276));
#7105=CARTESIAN_POINT('',(-0.0212662364441854,0.0925,-0.0191449161006258));
#7106=CARTESIAN_POINT('',(-0.000836910761541297,0.06,0.00128440958201835));
#7107=CARTESIAN_POINT('',(-0.0349746374119514,0.0599999999998206,-0.0328533170683918));
#7108=CARTESIAN_POINT('',(-0.0383928550992629,0.0599999999997742,-0.0362715347557033));
#7109=CARTESIAN_POINT('',(-0.0383928550992629,0.0599999999997742,-0.0362715347557033));
#7110=CARTESIAN_POINT('',(-0.0391277652270407,0.0500226909004627,-0.0370064448834811));
#7111=CARTESIAN_POINT('',(-0.0396845022521378,0.0400225077691636,-0.0375631819085782));
#7112=CARTESIAN_POINT('',(-0.0400673455799306,0.0299999999999999,-0.0379460252363711));
#7113=CARTESIAN_POINT('',(-0.0372291720294717,0.015,-0.0351078516859121));
#7114=CARTESIAN_POINT('',(-0.0372291720294717,0.019,-0.0351078516859121));
#7115=CARTESIAN_POINT('',(-0.0346539290091323,0.114567613004176,-0.0325326086655726));
#7116=CARTESIAN_POINT('',(-0.014622895388482,0.17029911300718,-0.0125015750449223));
#7117=CARTESIAN_POINT('',(-0.0143189123190276,0.171231707424389,-0.0121975919754679));
#7118=CARTESIAN_POINT('',(-0.0368857216939293,0.0265713726907909,-0.0347644013503696));
#7119=CARTESIAN_POINT('',(-0.0347644013503696,0.0265713726907909,-0.0368857216939293));
#7120=CARTESIAN_POINT('',(-0.0365611021549408,0.0348076076555212,-0.0344397818113811));
#7121=CARTESIAN_POINT('',(-0.0344397818113811,0.0348076076555212,-0.0365611021549408));
#7122=CARTESIAN_POINT('',(-0.0359714827868973,0.0466794870445402,-0.0338501624433376));
#7123=CARTESIAN_POINT('',(-0.0338501624433376,0.0466794870445402,-0.0359714827868973));
#7124=CARTESIAN_POINT('',(-0.0349746374119514,0.0599999999998206,-0.0328533170683918));
#7125=CARTESIAN_POINT('',(-0.0328533170683918,0.0599999999998206,-0.0349746374119514));
#7126=CARTESIAN_POINT('',(-0.034974637411938,0.06,-0.0328533170683784));
#7127=CARTESIAN_POINT('',(-0.0015,0.0925,-0.028575));
#7128=CARTESIAN_POINT('',(-0.0015,0.052,-0.000447498820477052));
#7129=CARTESIAN_POINT('',(-0.0015,0.0519999999985169,-0.0487586057336832));
#7130=CARTESIAN_POINT('',(-0.0015,0.0519999999983069,-0.0535734607377502));
#7131=CARTESIAN_POINT('',(-0.00149999999999999,0.0519999999983069,-0.0535734607377502));
#7132=CARTESIAN_POINT('',(-0.00149999999999999,0.0446786246337138,-0.0542352944270033));
#7133=CARTESIAN_POINT('',(-0.00149999999999998,0.0373454344121134,-0.0547669785016707));
#7134=CARTESIAN_POINT('',(-0.00149999999999998,0.0300000000000001,-0.0551637835274276));
#7135=CARTESIAN_POINT('',(-0.0015,0.015,-0.05115));
#7136=CARTESIAN_POINT('',(-0.0015,0.019,-0.05115));
#7137=CARTESIAN_POINT('',(-0.0015,0.114567613004176,-0.0475080563942293));
#7138=CARTESIAN_POINT('',(-0.0015,0.17029911300718,-0.0191798969795542));
#7139=CARTESIAN_POINT('',(-0.0015,0.171231707424389,-0.01875));
#7140=CARTESIAN_POINT('',(-0.0364861512251984,0.06,-0.0381889555366033));
#7141=CARTESIAN_POINT('',(-0.0268474228316283,0.06,-0.0473979034338385));
#7142=CARTESIAN_POINT('',(-0.0145313841904654,0.06,-0.0524993736737193));
#7143=CARTESIAN_POINT('',(-0.00120406447562809,0.06,-0.0528032743770994));
#7144=CARTESIAN_POINT('',(-0.0373235148884343,0.0483587611183817,-0.0390653988617957));
#7145=CARTESIAN_POINT('',(-0.0274635759630446,0.0483587611183817,-0.0484856937519812));
#7146=CARTESIAN_POINT('',(-0.0148648820434594,0.0483587611183817,-0.0537042436416608));
#7147=CARTESIAN_POINT('',(-0.00123169796960395,0.0483587611183817,-0.0540151189202619));
#7148=CARTESIAN_POINT('',(-0.0378262003786384,0.0379134328232618,-0.0395915446236716));
#7149=CARTESIAN_POINT('',(-0.027833464522228,0.0379134328232618,-0.0491387151730467));
#7150=CARTESIAN_POINT('',(-0.0150650872100729,0.0379134328232618,-0.0544275502252382));
#7151=CARTESIAN_POINT('',(-0.00124828688679154,0.0379134328232618,-0.0547426124753044));
#7152=CARTESIAN_POINT('',(-0.0381214017837198,0.03,-0.0399005230430016));
#7153=CARTESIAN_POINT('',(-0.0280506811010278,0.03,-0.0495222011594205));
#7154=CARTESIAN_POINT('',(-0.0151826574356724,0.03,-0.0548523110825487));
#7155=CARTESIAN_POINT('',(-0.00125802870699121,0.03,-0.0551698321262017));
#7156=CARTESIAN_POINT('',(0.,0.052,0.));
#7157=CARTESIAN_POINT('',(-0.0075,0.052,-0.0530670867431298));
#7158=CARTESIAN_POINT('',(-0.0075,0.06,-0.0522817899101084));
#7159=CARTESIAN_POINT('',(-0.0075,0.0573351547841363,-0.0525621110606403));
#7160=CARTESIAN_POINT('',(-0.0075,0.0546684573484318,-0.0528235632203605));
#7161=CARTESIAN_POINT('',(-0.0075,0.052,-0.0530670867431298));
#7162=CARTESIAN_POINT('',(-0.0075,0.06,-0.0522817899101084));
#7163=CARTESIAN_POINT('',(0.,0.06,0.));
#7164=CARTESIAN_POINT('',(-0.0528032743770994,0.06,-0.00120406447562811));
#7165=CARTESIAN_POINT('',(-0.0524993736737193,0.06,-0.0145313841904654));
#7166=CARTESIAN_POINT('',(-0.0473979034338385,0.06,-0.0268474228316283));
#7167=CARTESIAN_POINT('',(-0.0381889555366033,0.06,-0.0364861512251984));
#7168=CARTESIAN_POINT('',(-0.0540151189202619,0.0483587611183817,-0.00123169796960398));
#7169=CARTESIAN_POINT('',(-0.0537042436416608,0.0483587611183817,-0.0148648820434594));
#7170=CARTESIAN_POINT('',(-0.0484856937519812,0.0483587611183817,-0.0274635759630447));
#7171=CARTESIAN_POINT('',(-0.0390653988617956,0.0483587611183817,-0.0373235148884343));
#7172=CARTESIAN_POINT('',(-0.0547426124753043,0.0379134328232618,-0.00124828688679156));
#7173=CARTESIAN_POINT('',(-0.0544275502252382,0.0379134328232618,-0.015065087210073));
#7174=CARTESIAN_POINT('',(-0.0491387151730466,0.0379134328232618,-0.027833464522228));
#7175=CARTESIAN_POINT('',(-0.0395915446236715,0.0379134328232618,-0.0378262003786385));
#7176=CARTESIAN_POINT('',(-0.0551698321262017,0.03,-0.00125802870699124));
#7177=CARTESIAN_POINT('',(-0.0548523110825487,0.03,-0.0151826574356725));
#7178=CARTESIAN_POINT('',(-0.0495222011594205,0.03,-0.0280506811010279));
#7179=CARTESIAN_POINT('',(-0.0399005230430015,0.03,-0.0381214017837199));
#7180=CARTESIAN_POINT('',(0.,0.06,0.));
#7181=CARTESIAN_POINT('',(-0.0522817899101084,0.06,-0.0075));
#7182=CARTESIAN_POINT('',(-0.0522817899101084,0.06,-0.0075));
#7183=CARTESIAN_POINT('',(-0.0525621110606403,0.0573351547841363,-0.0075));
#7184=CARTESIAN_POINT('',(-0.0528235632203605,0.0546684573484318,-0.0075));
#7185=CARTESIAN_POINT('',(-0.0530670867431298,0.052,-0.0075));
#7186=CARTESIAN_POINT('',(-0.0530670867431298,0.052,-0.0075));
#7187=CARTESIAN_POINT('',(0.,0.052,0.));
#7188=CARTESIAN_POINT('',(-0.0015,0.0925,0.028575));
#7189=CARTESIAN_POINT('',(-0.0015,0.0519999999985169,0.0535734607377312));
#7190=CARTESIAN_POINT('',(-0.0015,0.044678624633854,0.0542352944269932));
#7191=CARTESIAN_POINT('',(-0.0015,0.0373454344121834,0.0547669785016669));
#7192=CARTESIAN_POINT('',(-0.0015,0.0299999999999999,0.0551637835274276));
#7193=CARTESIAN_POINT('',(-0.0015,0.0519999999985169,0.0535734607377313));
#7194=CARTESIAN_POINT('',(-0.0015,0.052,0.000447498820477052));
#7195=CARTESIAN_POINT('',(-0.0015,0.0519999999985169,0.0487586057336832));
#7196=CARTESIAN_POINT('',(-0.0015,0.015,0.05115));
#7197=CARTESIAN_POINT('',(-0.0015,0.019,0.05115));
#7198=CARTESIAN_POINT('',(-0.0015,0.114567613004176,0.0475080563942293));
#7199=CARTESIAN_POINT('',(-0.0015,0.17029911300718,0.0191798969795542));
#7200=CARTESIAN_POINT('',(-0.0015,0.171231707424389,0.01875));
#7201=CARTESIAN_POINT('',(-0.0212662364441854,0.0925,0.0191449161006257));
#7202=CARTESIAN_POINT('',(-0.0383928550992465,0.0599999999999983,0.0362715347556868));
#7203=CARTESIAN_POINT('',(-0.0391277652270326,0.0500226909006125,0.0370064448834729));
#7204=CARTESIAN_POINT('',(-0.039684502252135,0.0400225077692388,0.0375631819085753));
#7205=CARTESIAN_POINT('',(-0.0400673455799307,0.03,0.037946025236371));
#7206=CARTESIAN_POINT('',(-0.0383928550992595,0.06,0.0362715347556999));
#7207=CARTESIAN_POINT('',(-0.00128440958201835,0.06,-0.000836910761541295));
#7208=CARTESIAN_POINT('',(-0.0349746374119514,0.0599999999998206,0.0328533170683918));
#7209=CARTESIAN_POINT('',(-0.0372291720294717,0.015,0.0351078516859121));
#7210=CARTESIAN_POINT('',(-0.0372291720294717,0.019,0.0351078516859121));
#7211=CARTESIAN_POINT('',(-0.0346539290091323,0.114567613004176,0.0325326086655726));
#7212=CARTESIAN_POINT('',(-0.014622895388482,0.17029911300718,0.0125015750449223));
#7213=CARTESIAN_POINT('',(-0.0143189123190276,0.171231707424389,0.0121975919754679));
#7214=CARTESIAN_POINT('',(-0.0191449161006258,0.0925,0.0212662364441854));
#7215=CARTESIAN_POINT('',(0.000836910761541295,0.06,0.00128440958201835));
#7216=CARTESIAN_POINT('',(-0.0328533170683918,0.0599999999998206,0.0349746374119514));
#7217=CARTESIAN_POINT('',(-0.0362715347557033,0.0599999999997742,0.0383928550992629));
#7218=CARTESIAN_POINT('',(-0.0362715347557033,0.0599999999997742,0.0383928550992629));
#7219=CARTESIAN_POINT('',(-0.0370064448834812,0.0500226909004628,0.0391277652270407));
#7220=CARTESIAN_POINT('',(-0.0375631819085782,0.0400225077691637,0.0396845022521378));
#7221=CARTESIAN_POINT('',(-0.0379460252363711,0.03,0.0400673455799306));
#7222=CARTESIAN_POINT('',(-0.0351078516859121,0.015,0.0372291720294717));
#7223=CARTESIAN_POINT('',(-0.0351078516859121,0.019,0.0372291720294717));
#7224=CARTESIAN_POINT('',(-0.0325326086655726,0.114567613004176,0.0346539290091323));
#7225=CARTESIAN_POINT('',(-0.0125015750449223,0.17029911300718,0.014622895388482));
#7226=CARTESIAN_POINT('',(-0.0121975919754679,0.171231707424389,0.0143189123190276));
#7227=CARTESIAN_POINT('',(-0.0347644013503696,0.0265713726907908,0.0368857216939293));
#7228=CARTESIAN_POINT('',(-0.0368857216939293,0.0265713726907908,0.0347644013503696));
#7229=CARTESIAN_POINT('',(-0.0344397818113811,0.0348076076555211,0.0365611021549407));
#7230=CARTESIAN_POINT('',(-0.0365611021549408,0.0348076076555211,0.0344397818113811));
#7231=CARTESIAN_POINT('',(-0.0338501624433376,0.0466794870445402,0.0359714827868973));
#7232=CARTESIAN_POINT('',(-0.0359714827868973,0.0466794870445402,0.0338501624433376));
#7233=CARTESIAN_POINT('',(-0.0328533170683917,0.0599999999998206,0.0349746374119514));
#7234=CARTESIAN_POINT('',(-0.0349746374119514,0.0599999999998206,0.0328533170683917));
#7235=CARTESIAN_POINT('',(-0.0328533170683784,0.06,0.034974637411938));
#7236=CARTESIAN_POINT('',(-0.00120406447562811,0.06,0.0528032743770994));
#7237=CARTESIAN_POINT('',(-0.0145313841904654,0.06,0.0524993736737193));
#7238=CARTESIAN_POINT('',(-0.0268474228316283,0.06,0.0473979034338385));
#7239=CARTESIAN_POINT('',(-0.0364861512251984,0.06,0.0381889555366033));
#7240=CARTESIAN_POINT('',(-0.00123169796960397,0.0483587611183817,0.0540151189202619));
#7241=CARTESIAN_POINT('',(-0.0148648820434594,0.0483587611183817,0.0537042436416608));
#7242=CARTESIAN_POINT('',(-0.0274635759630447,0.0483587611183817,0.0484856937519812));
#7243=CARTESIAN_POINT('',(-0.0373235148884343,0.0483587611183817,0.0390653988617956));
#7244=CARTESIAN_POINT('',(-0.00124828688679156,0.0379134328232618,0.0547426124753043));
#7245=CARTESIAN_POINT('',(-0.015065087210073,0.0379134328232618,0.0544275502252382));
#7246=CARTESIAN_POINT('',(-0.027833464522228,0.0379134328232618,0.0491387151730466));
#7247=CARTESIAN_POINT('',(-0.0378262003786385,0.0379134328232618,0.0395915446236715));
#7248=CARTESIAN_POINT('',(-0.00125802870699123,0.03,0.0551698321262017));
#7249=CARTESIAN_POINT('',(-0.0151826574356724,0.03,0.0548523110825487));
#7250=CARTESIAN_POINT('',(-0.0280506811010279,0.03,0.0495222011594205));
#7251=CARTESIAN_POINT('',(-0.0381214017837199,0.03,0.0399005230430015));
#7252=CARTESIAN_POINT('',(0.,0.06,0.));
#7253=CARTESIAN_POINT('',(-0.0075,0.06,0.0522817899101084));
#7254=CARTESIAN_POINT('',(-0.0075,0.06,0.0522817899101084));
#7255=CARTESIAN_POINT('',(-0.0075,0.0573351547841363,0.0525621110606403));
#7256=CARTESIAN_POINT('',(-0.0075,0.0546684573484318,0.0528235632203605));
#7257=CARTESIAN_POINT('',(-0.0075,0.052,0.0530670867431298));
#7258=CARTESIAN_POINT('',(-0.0075,0.052,0.0530670867431298));
#7259=CARTESIAN_POINT('',(0.,0.052,0.));
#7260=CARTESIAN_POINT('',(-0.028575,0.0925,0.0015));
#7261=CARTESIAN_POINT('',(-0.000447498820477052,0.052,0.0015));
#7262=CARTESIAN_POINT('',(-0.0487586057336832,0.0519999999985169,0.0015));
#7263=CARTESIAN_POINT('',(-0.0535734607377502,0.0519999999983069,0.0015));
#7264=CARTESIAN_POINT('',(-0.0535734607377502,0.0519999999983069,0.0015));
#7265=CARTESIAN_POINT('',(-0.0542352944270033,0.0446786246337138,0.0015));
#7266=CARTESIAN_POINT('',(-0.0547669785016707,0.0373454344121133,0.00149999999999999));
#7267=CARTESIAN_POINT('',(-0.0551637835274276,0.03,0.00149999999999999));
#7268=CARTESIAN_POINT('',(-0.05115,0.015,0.0015));
#7269=CARTESIAN_POINT('',(-0.05115,0.019,0.0015));
#7270=CARTESIAN_POINT('',(-0.0475080563942293,0.114567613004176,0.0015));
#7271=CARTESIAN_POINT('',(-0.0191798969795542,0.17029911300718,0.0015));
#7272=CARTESIAN_POINT('',(-0.01875,0.171231707424389,0.0015));
#7273=CARTESIAN_POINT('',(-0.0381889555366033,0.06,0.0364861512251984));
#7274=CARTESIAN_POINT('',(-0.0473979034338385,0.06,0.0268474228316283));
#7275=CARTESIAN_POINT('',(-0.0524993736737193,0.06,0.0145313841904654));
#7276=CARTESIAN_POINT('',(-0.0528032743770994,0.06,0.00120406447562809));
#7277=CARTESIAN_POINT('',(-0.0390653988617956,0.0483587611183817,0.0373235148884343));
#7278=CARTESIAN_POINT('',(-0.0484856937519812,0.0483587611183817,0.0274635759630446));
#7279=CARTESIAN_POINT('',(-0.0537042436416608,0.0483587611183817,0.0148648820434594));
#7280=CARTESIAN_POINT('',(-0.0540151189202619,0.0483587611183817,0.00123169796960396));
#7281=CARTESIAN_POINT('',(-0.0395915446236716,0.0379134328232618,0.0378262003786384));
#7282=CARTESIAN_POINT('',(-0.0491387151730466,0.0379134328232618,0.027833464522228));
#7283=CARTESIAN_POINT('',(-0.0544275502252382,0.0379134328232618,0.0150650872100729));
#7284=CARTESIAN_POINT('',(-0.0547426124753043,0.0379134328232618,0.00124828688679154));
#7285=CARTESIAN_POINT('',(-0.0399005230430015,0.03,0.0381214017837198));
#7286=CARTESIAN_POINT('',(-0.0495222011594205,0.03,0.0280506811010278));
#7287=CARTESIAN_POINT('',(-0.0548523110825487,0.03,0.0151826574356724));
#7288=CARTESIAN_POINT('',(-0.0551698321262017,0.03,0.00125802870699122));
#7289=CARTESIAN_POINT('',(0.,0.052,0.));
#7290=CARTESIAN_POINT('',(-0.0530670867431298,0.052,0.0075));
#7291=CARTESIAN_POINT('',(-0.0522817899101084,0.06,0.0075));
#7292=CARTESIAN_POINT('',(-0.0525621110606403,0.0573351547841363,0.0075));
#7293=CARTESIAN_POINT('',(-0.0528235632203605,0.0546684573484318,0.0075));
#7294=CARTESIAN_POINT('',(-0.0530670867431298,0.052,0.0075));
#7295=CARTESIAN_POINT('',(-0.0522817899101084,0.06,0.0075));
#7296=CARTESIAN_POINT('',(0.,0.06,0.));
#7297=CARTESIAN_POINT('',(-0.0506625901206739,0.0266018175546514,0.0015));
#7298=CARTESIAN_POINT('',(-0.0506625901206739,0.0266018175546514,-0.0015));
#7299=CARTESIAN_POINT('',(-0.0502975665016164,0.0331445500556316,0.0015));
#7300=CARTESIAN_POINT('',(-0.0502975665016164,0.0331445500556316,-0.0015));
#7301=CARTESIAN_POINT('',(-0.0496964053925717,0.0419748660945622,0.0015));
#7302=CARTESIAN_POINT('',(-0.0496964053925717,0.0419748660945622,-0.0015));
#7303=CARTESIAN_POINT('',(-0.0487586057336832,0.051999999998517,0.0015));
#7304=CARTESIAN_POINT('',(-0.0487586057336832,0.051999999998517,-0.0015));
#7305=CARTESIAN_POINT('',(-0.0487586057335445,0.052,0.0015));
#7306=CARTESIAN_POINT('',(-0.0015,0.0266018175546514,-0.0506625901206739));
#7307=CARTESIAN_POINT('',(0.0015,0.0266018175546514,-0.0506625901206739));
#7308=CARTESIAN_POINT('',(-0.0015,0.0331445500556316,-0.0502975665016164));
#7309=CARTESIAN_POINT('',(0.0015,0.0331445500556316,-0.0502975665016164));
#7310=CARTESIAN_POINT('',(-0.0015,0.0419748660945622,-0.0496964053925717));
#7311=CARTESIAN_POINT('',(0.0015,0.0419748660945622,-0.0496964053925717));
#7312=CARTESIAN_POINT('',(-0.0015,0.051999999998517,-0.0487586057336832));
#7313=CARTESIAN_POINT('',(0.0015,0.051999999998517,-0.0487586057336832));
#7314=CARTESIAN_POINT('',(-0.0015,0.052,-0.0487586057335445));
#7315=CARTESIAN_POINT('',(0.0506625901206739,0.0266018175546514,-0.0015));
#7316=CARTESIAN_POINT('',(0.0506625901206739,0.0266018175546514,0.0015));
#7317=CARTESIAN_POINT('',(0.0502975665016164,0.0331445500556316,-0.0015));
#7318=CARTESIAN_POINT('',(0.0502975665016164,0.0331445500556316,0.0015));
#7319=CARTESIAN_POINT('',(0.0496964053925717,0.0419748660945622,-0.0015));
#7320=CARTESIAN_POINT('',(0.0496964053925717,0.0419748660945622,0.0015));
#7321=CARTESIAN_POINT('',(0.0487586057336832,0.051999999998517,-0.0015));
#7322=CARTESIAN_POINT('',(0.0487586057336832,0.051999999998517,0.0015));
#7323=CARTESIAN_POINT('',(0.0487586057335445,0.052,-0.0015));
#7324=CARTESIAN_POINT('',(0.0015,0.0266018175546514,0.0506625901206739));
#7325=CARTESIAN_POINT('',(-0.0015,0.0266018175546514,0.0506625901206739));
#7326=CARTESIAN_POINT('',(0.0015,0.0331445500556316,0.0502975665016164));
#7327=CARTESIAN_POINT('',(-0.0015,0.0331445500556316,0.0502975665016164));
#7328=CARTESIAN_POINT('',(0.0015,0.0419748660945622,0.0496964053925717));
#7329=CARTESIAN_POINT('',(-0.0015,0.0419748660945622,0.0496964053925717));
#7330=CARTESIAN_POINT('',(0.0015,0.051999999998517,0.0487586057336832));
#7331=CARTESIAN_POINT('',(-0.0015,0.051999999998517,0.0487586057336832));
#7332=CARTESIAN_POINT('',(0.0015,0.052,0.0487586057335445));
#7333=CARTESIAN_POINT('',(0.,0.06,0.000447498820477052));
#7334=CARTESIAN_POINT('',(-0.0484186272255896,0.06,0.0075));
#7335=CARTESIAN_POINT('',(-0.0443705983732471,0.06,0.0075));
#7336=CARTESIAN_POINT('',(8.26862500628591E-18,0.06,-9.71445146547012E-17));
#7337=CARTESIAN_POINT('',(-0.0366780518539268,0.06,0.0260714501361288));
#7338=CARTESIAN_POINT('',(-0.0345567315103673,0.06,0.0267785569173153));
#7339=CARTESIAN_POINT('',(-0.0324354111668076,0.06,0.0274856636985018));
#7340=CARTESIAN_POINT('',(-0.0299605374326548,0.06,0.0299605374326548));
#7341=CARTESIAN_POINT('',(-0.0274856636985019,0.06,0.0324354111668076));
#7342=CARTESIAN_POINT('',(-0.0267785569173153,0.06,0.0345567315103673));
#7343=CARTESIAN_POINT('',(-0.0260714501361288,0.06,0.0366780518539269));
#7344=CARTESIAN_POINT('',(8.26862500628591E-18,0.06,-9.71445146547012E-17));
#7345=CARTESIAN_POINT('',(-0.00749999999999987,0.06,0.044370598373247));
#7346=CARTESIAN_POINT('',(-0.0075,0.06,0.0484186272255896));
#7347=CARTESIAN_POINT('',(0.,0.06,0.000447498820477052));
#7348=CARTESIAN_POINT('',(0.0075,0.06,0.0484186272255896));
#7349=CARTESIAN_POINT('',(0.0075,0.06,0.0443705983732471));
#7350=CARTESIAN_POINT('',(8.26862500628591E-18,0.06,-9.71445146547012E-17));
#7351=CARTESIAN_POINT('',(0.0260714501361288,0.06,0.0366780518539268));
#7352=CARTESIAN_POINT('',(0.0267785569173153,0.06,0.0345567315103673));
#7353=CARTESIAN_POINT('',(0.0274856636985018,0.06,0.0324354111668076));
#7354=CARTESIAN_POINT('',(0.0299605374326548,0.06,0.0299605374326548));
#7355=CARTESIAN_POINT('',(0.0324354111668076,0.06,0.0274856636985018));
#7356=CARTESIAN_POINT('',(0.0345567315103673,0.06,0.0267785569173153));
#7357=CARTESIAN_POINT('',(0.036678051853927,0.06,0.0260714501361288));
#7358=CARTESIAN_POINT('',(8.26862500628591E-18,0.06,-9.71445146547012E-17));
#7359=CARTESIAN_POINT('',(0.0443705983732472,0.06,0.0075));
#7360=CARTESIAN_POINT('',(0.0484186272255896,0.06,0.0075));
#7361=CARTESIAN_POINT('',(0.,0.06,0.000447498820477052));
#7362=CARTESIAN_POINT('',(0.0484186272255896,0.06,-0.0075));
#7363=CARTESIAN_POINT('',(0.0443705983732471,0.06,-0.0075));
#7364=CARTESIAN_POINT('',(8.26862500628591E-18,0.06,-9.71445146547012E-17));
#7365=CARTESIAN_POINT('',(0.0366780518539271,0.06,-0.0260714501361286));
#7366=CARTESIAN_POINT('',(0.0345567315103673,0.06,-0.0267785569173153));
#7367=CARTESIAN_POINT('',(0.0324354111668076,0.06,-0.0274856636985018));
#7368=CARTESIAN_POINT('',(0.0299605374326548,0.06,-0.0299605374326548));
#7369=CARTESIAN_POINT('',(0.0274856636985018,0.06,-0.0324354111668076));
#7370=CARTESIAN_POINT('',(0.0267785569173153,0.06,-0.0345567315103673));
#7371=CARTESIAN_POINT('',(0.0260714501361288,0.06,-0.036678051853927));
#7372=CARTESIAN_POINT('',(8.26862500628591E-18,0.06,-9.71445146547012E-17));
#7373=CARTESIAN_POINT('',(0.00750000000000016,0.06,-0.0443705983732472));
#7374=CARTESIAN_POINT('',(0.0075,0.06,-0.0484186272255896));
#7375=CARTESIAN_POINT('',(0.,0.06,0.000447498820477052));
#7376=CARTESIAN_POINT('',(-0.0075,0.06,-0.0484186272255896));
#7377=CARTESIAN_POINT('',(-0.0075,0.06,-0.0443705983732471));
#7378=CARTESIAN_POINT('',(8.26862500628591E-18,0.06,-9.71445146547012E-17));
#7379=CARTESIAN_POINT('',(-0.0260714501361287,0.06,-0.0366780518539271));
#7380=CARTESIAN_POINT('',(-0.0267785569173153,0.06,-0.0345567315103673));
#7381=CARTESIAN_POINT('',(-0.0274856636985018,0.06,-0.0324354111668076));
#7382=CARTESIAN_POINT('',(-0.0299605374326548,0.06,-0.0299605374326548));
#7383=CARTESIAN_POINT('',(-0.0324354111668076,0.06,-0.0274856636985019));
#7384=CARTESIAN_POINT('',(-0.0345567315103673,0.06,-0.0267785569173153));
#7385=CARTESIAN_POINT('',(-0.036678051853927,0.06,-0.0260714501361288));
#7386=CARTESIAN_POINT('',(8.26862500628591E-18,0.06,-9.71445146547012E-17));
#7387=CARTESIAN_POINT('',(-0.0443705983732472,0.06,-0.0075));
#7388=CARTESIAN_POINT('',(-0.0484186272255896,0.06,-0.0075));
#7389=CARTESIAN_POINT('',(0.,0.064,0.000447498820477052));
#7390=CARTESIAN_POINT('',(8.26862500628591E-18,0.064,-9.71445146547012E-17));
#7391=CARTESIAN_POINT('',(0.0075,0.064,-0.0443705983732471));
#7392=CARTESIAN_POINT('',(0.0260714501361288,0.064,-0.036678051853927));
#7393=CARTESIAN_POINT('',(0.0267785569173153,0.064,-0.0345567315103673));
#7394=CARTESIAN_POINT('',(0.0274856636985018,0.064,-0.0324354111668076));
#7395=CARTESIAN_POINT('',(0.0299605374326548,0.064,-0.0299605374326548));
#7396=CARTESIAN_POINT('',(0.0324354111668076,0.064,-0.0274856636985018));
#7397=CARTESIAN_POINT('',(0.0345567315103673,0.064,-0.0267785569173153));
#7398=CARTESIAN_POINT('',(0.036678051853927,0.064,-0.0260714501361287));
#7399=CARTESIAN_POINT('',(8.26862500628591E-18,0.064,-9.71445146547012E-17));
#7400=CARTESIAN_POINT('',(0.0443705983732471,0.064,-0.0075));
#7401=CARTESIAN_POINT('',(0.0433705983732471,0.064,-0.0055));
#7402=CARTESIAN_POINT('',(0.0423705983732471,0.064,-0.0035));
#7403=CARTESIAN_POINT('',(0.0423705983732472,0.064,2.59445088378775E-18));
#7404=CARTESIAN_POINT('',(0.0423705983732472,0.064,0.0035));
#7405=CARTESIAN_POINT('',(0.0433705983732471,0.064,0.0055));
#7406=CARTESIAN_POINT('',(0.0443705983732471,0.064,0.0075));
#7407=CARTESIAN_POINT('',(8.26862500628591E-18,0.064,-9.71445146547012E-17));
#7408=CARTESIAN_POINT('',(0.036678051853927,0.064,0.0260714501361288));
#7409=CARTESIAN_POINT('',(0.0345567315103673,0.064,0.0267785569173153));
#7410=CARTESIAN_POINT('',(0.0324354111668076,0.064,0.0274856636985018));
#7411=CARTESIAN_POINT('',(0.0299605374326548,0.064,0.0299605374326548));
#7412=CARTESIAN_POINT('',(0.0274856636985018,0.064,0.0324354111668076));
#7413=CARTESIAN_POINT('',(0.0267785569173153,0.064,0.0345567315103673));
#7414=CARTESIAN_POINT('',(0.0260714501361287,0.064,0.036678051853927));
#7415=CARTESIAN_POINT('',(8.26862500628591E-18,0.064,-9.71445146547012E-17));
#7416=CARTESIAN_POINT('',(0.0075,0.064,0.0443705983732471));
#7417=CARTESIAN_POINT('',(0.0055,0.064,0.0433705983732471));
#7418=CARTESIAN_POINT('',(0.0035,0.064,0.0423705983732471));
#7419=CARTESIAN_POINT('',(0.,0.064,0.0423705983732472));
#7420=CARTESIAN_POINT('',(-0.0035,0.064,0.0423705983732472));
#7421=CARTESIAN_POINT('',(-0.0055,0.064,0.0433705983732471));
#7422=CARTESIAN_POINT('',(-0.0075,0.064,0.0443705983732471));
#7423=CARTESIAN_POINT('',(8.26862500628591E-18,0.064,-9.71445146547012E-17));
#7424=CARTESIAN_POINT('',(-0.0260714501361288,0.064,0.0366780518539269));
#7425=CARTESIAN_POINT('',(-0.0267785569173153,0.064,0.0345567315103673));
#7426=CARTESIAN_POINT('',(-0.0274856636985019,0.064,0.0324354111668076));
#7427=CARTESIAN_POINT('',(-0.0299605374326548,0.064,0.0299605374326548));
#7428=CARTESIAN_POINT('',(-0.0324354111668076,0.064,0.0274856636985018));
#7429=CARTESIAN_POINT('',(-0.0345567315103673,0.064,0.0267785569173153));
#7430=CARTESIAN_POINT('',(-0.036678051853927,0.064,0.0260714501361287));
#7431=CARTESIAN_POINT('',(8.26862500628591E-18,0.064,-9.71445146547012E-17));
#7432=CARTESIAN_POINT('',(-0.0443705983732471,0.064,0.0075));
#7433=CARTESIAN_POINT('',(-0.0433705983732471,0.064,0.0055));
#7434=CARTESIAN_POINT('',(-0.0423705983732471,0.064,0.0035));
#7435=CARTESIAN_POINT('',(-0.0423705983732472,0.064,-7.78335265136327E-18));
#7436=CARTESIAN_POINT('',(-0.0423705983732472,0.064,-0.0035));
#7437=CARTESIAN_POINT('',(-0.0433705983732471,0.064,-0.0055));
#7438=CARTESIAN_POINT('',(-0.0443705983732471,0.064,-0.0075));
#7439=CARTESIAN_POINT('',(8.26862500628591E-18,0.064,-9.71445146547012E-17));
#7440=CARTESIAN_POINT('',(-0.036678051853927,0.064,-0.0260714501361288));
#7441=CARTESIAN_POINT('',(-0.0345567315103673,0.064,-0.0267785569173153));
#7442=CARTESIAN_POINT('',(-0.0324354111668076,0.064,-0.0274856636985019));
#7443=CARTESIAN_POINT('',(-0.0299605374326548,0.064,-0.0299605374326548));
#7444=CARTESIAN_POINT('',(-0.0274856636985018,0.064,-0.0324354111668076));
#7445=CARTESIAN_POINT('',(-0.0267785569173153,0.064,-0.0345567315103673));
#7446=CARTESIAN_POINT('',(-0.0260714501361287,0.064,-0.036678051853927));
#7447=CARTESIAN_POINT('',(8.26862500628591E-18,0.064,-9.71445146547012E-17));
#7448=CARTESIAN_POINT('',(-0.0075,0.064,-0.0443705983732471));
#7449=CARTESIAN_POINT('',(-0.0055,0.064,-0.0433705983732471));
#7450=CARTESIAN_POINT('',(-0.0035,0.064,-0.0423705983732471));
#7451=CARTESIAN_POINT('',(5.18890176757551E-18,0.064,-0.0423705983732472));
#7452=CARTESIAN_POINT('',(0.0035,0.064,-0.0423705983732472));
#7453=CARTESIAN_POINT('',(0.0055,0.064,-0.0433705983732471));
#7454=CARTESIAN_POINT('',(0.0015,0.064,0.000447498820477052));
#7455=CARTESIAN_POINT('',(0.0015,0.0639999999999405,0.0475254070604829));
#7456=CARTESIAN_POINT('',(0.00149999999999998,0.0639999999999898,0.0523646906557065));
#7457=CARTESIAN_POINT('',(0.,0.064,0.));
#7458=CARTESIAN_POINT('',(0.0359667676856061,0.0639999999999897,0.0380880880291658));
#7459=CARTESIAN_POINT('',(-0.000836910761541293,0.064,0.00128440958201834));
#7460=CARTESIAN_POINT('',(0.0325448774393386,0.0639999999999405,0.0346661977828983));
#7461=CARTESIAN_POINT('',(0.0346661977828936,0.064,0.0325448774393339));
#7462=CARTESIAN_POINT('',(0.0346661977828983,0.0639999999999405,0.0325448774393386));
#7463=CARTESIAN_POINT('',(0.00128440958201835,0.064,-0.000836910761541297));
#7464=CARTESIAN_POINT('',(0.0380880880291658,0.0639999999999897,0.0359667676856061));
#7465=CARTESIAN_POINT('',(0.,0.064,0.));
#7466=CARTESIAN_POINT('',(0.0523646906557065,0.0639999999999898,0.0015));
#7467=CARTESIAN_POINT('',(-6.44471100300796E-20,0.064,0.0015));
#7468=CARTESIAN_POINT('',(0.0475254070604829,0.0639999999999405,0.0015));
#7469=CARTESIAN_POINT('',(0.0475254070604762,0.064,-0.0015));
#7470=CARTESIAN_POINT('',(0.0475254070604829,0.0639999999999405,-0.0015));
#7471=CARTESIAN_POINT('',(1.19249909842023E-19,0.064,-0.0015));
#7472=CARTESIAN_POINT('',(0.0523646906557065,0.0639999999999898,-0.00149999999999998));
#7473=CARTESIAN_POINT('',(0.,0.064,0.));
#7474=CARTESIAN_POINT('',(0.0380880880291658,0.0639999999999897,-0.0359667676856061));
#7475=CARTESIAN_POINT('',(0.000836910761541294,0.064,0.00128440958201835));
#7476=CARTESIAN_POINT('',(0.0346661977828983,0.0639999999999405,-0.0325448774393386));
#7477=CARTESIAN_POINT('',(0.0325448774393339,0.064,-0.0346661977828936));
#7478=CARTESIAN_POINT('',(0.0325448774393386,0.0639999999999405,-0.0346661977828983));
#7479=CARTESIAN_POINT('',(-0.00128440958201835,0.064,-0.000836910761541296));
#7480=CARTESIAN_POINT('',(0.0359667676856061,0.0639999999999897,-0.0380880880291658));
#7481=CARTESIAN_POINT('',(0.,0.064,0.));
#7482=CARTESIAN_POINT('',(0.0015,0.0639999999999898,-0.0523646906557065));
#7483=CARTESIAN_POINT('',(0.0015,0.064,0.000447498820477052));
#7484=CARTESIAN_POINT('',(0.0015,0.0639999999999405,-0.0475254070604829));
#7485=CARTESIAN_POINT('',(-0.0015,0.064,-0.0475254070604762));
#7486=CARTESIAN_POINT('',(-0.0015,0.0639999999999405,-0.0475254070604829));
#7487=CARTESIAN_POINT('',(-0.0015,0.064,0.000447498820477052));
#7488=CARTESIAN_POINT('',(-0.0015,0.0639999999999898,-0.0523646906557065));
#7489=CARTESIAN_POINT('',(0.,0.064,0.));
#7490=CARTESIAN_POINT('',(-0.0359667676856061,0.0639999999999898,-0.0380880880291658));
#7491=CARTESIAN_POINT('',(0.00128440958201835,0.064,-0.000836910761541293));
#7492=CARTESIAN_POINT('',(-0.0325448774393386,0.0639999999999405,-0.0346661977828983));
#7493=CARTESIAN_POINT('',(-0.0346661977828936,0.064,-0.0325448774393339));
#7494=CARTESIAN_POINT('',(-0.0346661977828983,0.0639999999999405,-0.0325448774393386));
#7495=CARTESIAN_POINT('',(-0.000836910761541297,0.064,0.00128440958201835));
#7496=CARTESIAN_POINT('',(-0.0380880880291658,0.0639999999999897,-0.0359667676856061));
#7497=CARTESIAN_POINT('',(0.,0.064,0.));
#7498=CARTESIAN_POINT('',(-0.0523646906557065,0.0639999999999898,-0.0015));
#7499=CARTESIAN_POINT('',(3.5774972952607E-19,0.064,-0.0015));
#7500=CARTESIAN_POINT('',(-0.0475254070604829,0.0639999999999405,-0.0015));
#7501=CARTESIAN_POINT('',(-0.0475254070604762,0.064,0.0015));
#7502=CARTESIAN_POINT('',(-0.0475254070604829,0.0639999999999405,0.0015));
#7503=CARTESIAN_POINT('',(-1.93341330090239E-19,0.064,0.0015));
#7504=CARTESIAN_POINT('',(-0.0523646906557065,0.0639999999999897,0.0015));
#7505=CARTESIAN_POINT('',(0.,0.064,0.));
#7506=CARTESIAN_POINT('',(-0.0380880880291658,0.0639999999999898,0.0359667676856061));
#7507=CARTESIAN_POINT('',(-0.00128440958201835,0.064,-0.000836910761541295));
#7508=CARTESIAN_POINT('',(-0.0346661977828983,0.064,0.0325448774393386));
#7509=CARTESIAN_POINT('',(-0.0325448774393339,0.064,0.0346661977828936));
#7510=CARTESIAN_POINT('',(-0.0325448774393386,0.0639999999999405,0.0346661977828982));
#7511=CARTESIAN_POINT('',(0.000836910761541295,0.064,0.00128440958201835));
#7512=CARTESIAN_POINT('',(-0.0359667676856061,0.0639999999999897,0.0380880880291658));
#7513=CARTESIAN_POINT('',(0.,0.064,0.));
#7514=CARTESIAN_POINT('',(-0.0015,0.0639999999999897,0.0523646906557066));
#7515=CARTESIAN_POINT('',(-0.0015,0.064,0.000447498820477052));
#7516=CARTESIAN_POINT('',(-0.0015,0.0639999999999405,0.0475254070604829));
#7517=CARTESIAN_POINT('',(0.0015,0.064,0.0475254070604762));
#7518=CARTESIAN_POINT('',(-0.000447498820477052,0.052,-8.22041997179156E-20));
#7519=CARTESIAN_POINT('',(-0.0484186272255896,0.052,-0.0075));
#7520=CARTESIAN_POINT('',(-0.0443705983732471,0.052,-0.0075));
#7521=CARTESIAN_POINT('',(-0.0433705983732471,0.052,-0.0055));
#7522=CARTESIAN_POINT('',(-0.0423705983732472,0.052,-0.0035));
#7523=CARTESIAN_POINT('',(-0.0423705983732472,0.052,-7.78335265136327E-18));
#7524=CARTESIAN_POINT('',(-0.0423705983732471,0.052,0.0035));
#7525=CARTESIAN_POINT('',(-0.0433705983732471,0.052,0.0055));
#7526=CARTESIAN_POINT('',(-0.0443705983732471,0.052,0.0075));
#7527=CARTESIAN_POINT('',(-0.0484186272255896,0.052,0.0075));
#7528=CARTESIAN_POINT('',(5.48027998119438E-20,0.052,-0.000447498820477052));
#7529=CARTESIAN_POINT('',(0.0075,0.052,-0.0484186272255896));
#7530=CARTESIAN_POINT('',(0.0075,0.052,-0.0443705983732471));
#7531=CARTESIAN_POINT('',(0.0055,0.052,-0.0433705983732471));
#7532=CARTESIAN_POINT('',(0.0035,0.052,-0.0423705983732472));
#7533=CARTESIAN_POINT('',(5.18890176757551E-18,0.052,-0.0423705983732472));
#7534=CARTESIAN_POINT('',(-0.0035,0.052,-0.0423705983732471));
#7535=CARTESIAN_POINT('',(-0.0055,0.052,-0.0433705983732471));
#7536=CARTESIAN_POINT('',(-0.0075,0.052,-0.0443705983732471));
#7537=CARTESIAN_POINT('',(-0.0075,0.052,-0.0484186272255896));
#7538=CARTESIAN_POINT('',(0.000447498820477052,0.052,2.74013999059719E-20));
#7539=CARTESIAN_POINT('',(0.0484186272255896,0.052,0.0075));
#7540=CARTESIAN_POINT('',(0.0443705983732471,0.052,0.0075));
#7541=CARTESIAN_POINT('',(0.0433705983732471,0.052,0.0055));
#7542=CARTESIAN_POINT('',(0.0423705983732472,0.052,0.0035));
#7543=CARTESIAN_POINT('',(0.0423705983732472,0.052,2.59445088378775E-18));
#7544=CARTESIAN_POINT('',(0.0423705983732471,0.052,-0.0035));
#7545=CARTESIAN_POINT('',(0.0433705983732471,0.052,-0.0055));
#7546=CARTESIAN_POINT('',(0.0443705983732471,0.052,-0.0075));
#7547=CARTESIAN_POINT('',(0.0484186272255896,0.052,-0.0075));
#7548=CARTESIAN_POINT('',(0.,0.052,0.000447498820477052));
#7549=CARTESIAN_POINT('',(-0.0075,0.052,0.0484186272255896));
#7550=CARTESIAN_POINT('',(-0.0075,0.052,0.0443705983732471));
#7551=CARTESIAN_POINT('',(-0.0055,0.052,0.0433705983732471));
#7552=CARTESIAN_POINT('',(-0.0035,0.052,0.0423705983732472));
#7553=CARTESIAN_POINT('',(0.,0.052,0.0423705983732472));
#7554=CARTESIAN_POINT('',(0.0035,0.052,0.0423705983732471));
#7555=CARTESIAN_POINT('',(0.0055,0.052,0.0433705983732471));
#7556=CARTESIAN_POINT('',(0.0075,0.052,0.0443705983732471));
#7557=CARTESIAN_POINT('',(0.0075,0.052,0.0484186272255896));
#7558=CARTESIAN_POINT('',(8.26862500628591E-18,0.064,-9.71445146547012E-17));
#7559=CARTESIAN_POINT('',(0.0075,0.064,0.0443705983732471));
#7560=CARTESIAN_POINT('',(0.0260714501361287,0.064,0.036678051853927));
#7561=CARTESIAN_POINT('',(8.26862500628591E-18,0.064,-9.71445146547012E-17));
#7562=CARTESIAN_POINT('',(0.036678051853927,0.064,0.0260714501361288));
#7563=CARTESIAN_POINT('',(0.0443705983732471,0.064,0.0075));
#7564=CARTESIAN_POINT('',(8.26862500628591E-18,0.064,-9.71445146547012E-17));
#7565=CARTESIAN_POINT('',(0.0443705983732471,0.064,-0.0075));
#7566=CARTESIAN_POINT('',(0.036678051853927,0.064,-0.0260714501361287));
#7567=CARTESIAN_POINT('',(8.26862500628591E-18,0.064,-9.71445146547012E-17));
#7568=CARTESIAN_POINT('',(0.0260714501361288,0.064,-0.036678051853927));
#7569=CARTESIAN_POINT('',(0.0075,0.064,-0.0443705983732471));
#7570=CARTESIAN_POINT('',(8.26862500628591E-18,0.064,-9.71445146547012E-17));
#7571=CARTESIAN_POINT('',(-0.0075,0.064,-0.0443705983732471));
#7572=CARTESIAN_POINT('',(-0.0260714501361287,0.064,-0.036678051853927));
#7573=CARTESIAN_POINT('',(8.26862500628591E-18,0.064,-9.71445146547012E-17));
#7574=CARTESIAN_POINT('',(-0.036678051853927,0.064,-0.0260714501361288));
#7575=CARTESIAN_POINT('',(-0.0443705983732471,0.064,-0.0075));
#7576=CARTESIAN_POINT('',(8.26862500628591E-18,0.064,-9.71445146547012E-17));
#7577=CARTESIAN_POINT('',(-0.0443705983732471,0.064,0.0075));
#7578=CARTESIAN_POINT('',(-0.036678051853927,0.064,0.0260714501361287));
#7579=CARTESIAN_POINT('',(8.26862500628591E-18,0.064,-9.71445146547012E-17));
#7580=CARTESIAN_POINT('',(-0.0075,0.064,0.0443705983732471));
#7581=CARTESIAN_POINT('',(-0.0260714501361288,0.064,0.0366780518539269));
#7582=CARTESIAN_POINT('',(-0.0345567315103673,0.064,0.0267785569173153));
#7583=CARTESIAN_POINT('',(-0.0324354111668076,0.064,0.0274856636985018));
#7584=CARTESIAN_POINT('',(-0.0299605374326548,0.064,0.0299605374326548));
#7585=CARTESIAN_POINT('',(-0.0274856636985019,0.064,0.0324354111668076));
#7586=CARTESIAN_POINT('',(-0.0267785569173153,0.064,0.0345567315103673));
#7587=CARTESIAN_POINT('',(-0.0433705983732471,0.064,-0.0055));
#7588=CARTESIAN_POINT('',(-0.0423705983732472,0.064,-0.0035));
#7589=CARTESIAN_POINT('',(-0.0443705983732471,0.052,-0.0075));
#7590=CARTESIAN_POINT('',(-0.0423705983732472,0.064,-7.78335265136327E-18));
#7591=CARTESIAN_POINT('',(-0.0423705983732471,0.064,0.0035));
#7592=CARTESIAN_POINT('',(-0.0433705983732471,0.064,0.0055));
#7593=CARTESIAN_POINT('',(-0.0443705983732471,0.052,0.0075));
#7594=CARTESIAN_POINT('',(-0.0267785569173153,0.064,-0.0345567315103673));
#7595=CARTESIAN_POINT('',(-0.0274856636985018,0.064,-0.0324354111668076));
#7596=CARTESIAN_POINT('',(-0.0299605374326548,0.064,-0.0299605374326548));
#7597=CARTESIAN_POINT('',(-0.0324354111668076,0.064,-0.0274856636985019));
#7598=CARTESIAN_POINT('',(-0.0345567315103673,0.064,-0.0267785569173153));
#7599=CARTESIAN_POINT('',(0.0055,0.064,-0.0433705983732471));
#7600=CARTESIAN_POINT('',(0.0035,0.064,-0.0423705983732472));
#7601=CARTESIAN_POINT('',(0.0075,0.052,-0.0443705983732471));
#7602=CARTESIAN_POINT('',(5.18890176757551E-18,0.064,-0.0423705983732472));
#7603=CARTESIAN_POINT('',(-0.0035,0.064,-0.0423705983732471));
#7604=CARTESIAN_POINT('',(-0.0055,0.064,-0.0433705983732471));
#7605=CARTESIAN_POINT('',(-0.0075,0.052,-0.0443705983732471));
#7606=CARTESIAN_POINT('',(0.0345567315103673,0.064,-0.0267785569173153));
#7607=CARTESIAN_POINT('',(0.0324354111668076,0.064,-0.0274856636985018));
#7608=CARTESIAN_POINT('',(0.0299605374326548,0.064,-0.0299605374326548));
#7609=CARTESIAN_POINT('',(0.0274856636985018,0.064,-0.0324354111668076));
#7610=CARTESIAN_POINT('',(0.0267785569173153,0.064,-0.0345567315103673));
#7611=CARTESIAN_POINT('',(0.0433705983732471,0.064,0.0055));
#7612=CARTESIAN_POINT('',(0.0423705983732472,0.064,0.0035));
#7613=CARTESIAN_POINT('',(0.0443705983732471,0.052,0.0075));
#7614=CARTESIAN_POINT('',(0.0423705983732472,0.064,2.59445088378775E-18));
#7615=CARTESIAN_POINT('',(0.0423705983732471,0.064,-0.0035));
#7616=CARTESIAN_POINT('',(0.0433705983732471,0.064,-0.0055));
#7617=CARTESIAN_POINT('',(0.0443705983732471,0.052,-0.0075));
#7618=CARTESIAN_POINT('',(0.0267785569173153,0.064,0.0345567315103673));
#7619=CARTESIAN_POINT('',(0.0274856636985018,0.064,0.0324354111668076));
#7620=CARTESIAN_POINT('',(0.0299605374326548,0.064,0.0299605374326548));
#7621=CARTESIAN_POINT('',(0.0324354111668076,0.064,0.0274856636985018));
#7622=CARTESIAN_POINT('',(0.0345567315103673,0.064,0.0267785569173153));
#7623=CARTESIAN_POINT('',(-0.0055,0.064,0.0433705983732471));
#7624=CARTESIAN_POINT('',(-0.0035,0.064,0.0423705983732472));
#7625=CARTESIAN_POINT('',(-0.0075,0.052,0.0443705983732471));
#7626=CARTESIAN_POINT('',(0.,0.064,0.0423705983732472));
#7627=CARTESIAN_POINT('',(0.0035,0.064,0.0423705983732471));
#7628=CARTESIAN_POINT('',(0.0055,0.064,0.0433705983732471));
#7629=CARTESIAN_POINT('',(0.0075,0.052,0.0443705983732471));
#7630=CARTESIAN_POINT('',(-0.0484186272255896,0.052,-0.0075));
#7631=CARTESIAN_POINT('',(-0.0484186272255896,0.052,0.0075));
#7632=CARTESIAN_POINT('',(0.0075,0.052,-0.0484186272255896));
#7633=CARTESIAN_POINT('',(-0.0075,0.052,-0.0484186272255896));
#7634=CARTESIAN_POINT('',(0.0484186272255896,0.052,0.0075));
#7635=CARTESIAN_POINT('',(0.0484186272255896,0.052,-0.0075));
#7636=CARTESIAN_POINT('',(-0.0075,0.052,0.0484186272255896));
#7637=CARTESIAN_POINT('',(0.0075,0.052,0.0484186272255896));
#7638=CARTESIAN_POINT('',(-0.0191449161006258,0.0925,0.0212662364441854));
#7639=CARTESIAN_POINT('',(-0.0272037167008845,0.127,0.0293250370444441));
#7640=CARTESIAN_POINT('',(-0.0272037167008845,0.128481894134074,0.0293250370444441));
#7641=CARTESIAN_POINT('',(-0.0272037167008845,0.127,0.0293250370444441));
#7642=CARTESIAN_POINT('',(-0.0272037167008845,0.128481894134074,0.0293250370444441));
#7643=CARTESIAN_POINT('',(-0.0283212965604687,0.123239836645055,0.0304426169040282));
#7644=CARTESIAN_POINT('',(-0.0303472594960316,0.112679550557117,0.0324685798395912));
#7645=CARTESIAN_POINT('',(-0.0327026634025876,0.0965943456324858,0.0348239837461472));
#7646=CARTESIAN_POINT('',(-0.0345672960729653,0.0803221727300703,0.0366886164165249));
#7647=CARTESIAN_POINT('',(-0.035537858267681,0.0694461379122568,0.0376591786112406));
#7648=CARTESIAN_POINT('',(-0.0359667676856061,0.0639999999999897,0.0380880880291657));
#7649=CARTESIAN_POINT('',(-0.0351078516859121,0.015,0.0372291720294717));
#7650=CARTESIAN_POINT('',(-0.0351078516859121,0.019,0.0372291720294717));
#7651=CARTESIAN_POINT('',(-0.0325326086655726,0.114567613004176,0.0346539290091323));
#7652=CARTESIAN_POINT('',(-0.0125015750449223,0.17029911300718,0.014622895388482));
#7653=CARTESIAN_POINT('',(-0.0121975919754679,0.171231707424389,0.0143189123190276));
#7654=CARTESIAN_POINT('',(-0.0242149824293287,0.12699999999028,0.0263363027728883));
#7655=CARTESIAN_POINT('',(0.00106066017177982,0.127,0.00106066017177982));
#7656=CARTESIAN_POINT('',(-0.0212662364441854,0.0925,0.0191449161006257));
#7657=CARTESIAN_POINT('',(-0.0293250370444441,0.128481894134074,0.0272037167008844));
#7658=CARTESIAN_POINT('',(-0.0304426169040283,0.123239836645055,0.0283212965604686));
#7659=CARTESIAN_POINT('',(-0.0324685798395912,0.112679550557117,0.0303472594960315));
#7660=CARTESIAN_POINT('',(-0.0348239837461472,0.0965943456324861,0.0327026634025876));
#7661=CARTESIAN_POINT('',(-0.0366886164165248,0.0803221727300709,0.0345672960729652));
#7662=CARTESIAN_POINT('',(-0.0376591786112407,0.0694461379122569,0.035537858267681));
#7663=CARTESIAN_POINT('',(-0.0380880880291658,0.0639999999999897,0.0359667676856061));
#7664=CARTESIAN_POINT('',(-0.0293250370444441,0.128481894134074,0.0272037167008845));
#7665=CARTESIAN_POINT('',(-0.0293250370444441,0.127,0.0272037167008845));
#7666=CARTESIAN_POINT('',(-0.0293250370444441,0.127,0.0272037167008845));
#7667=CARTESIAN_POINT('',(-0.00106066017177982,0.127,-0.00106066017177982));
#7668=CARTESIAN_POINT('',(-0.0263363027728883,0.12699999999028,0.0242149824293287));
#7669=CARTESIAN_POINT('',(-0.0372291720294717,0.015,0.0351078516859121));
#7670=CARTESIAN_POINT('',(-0.0372291720294717,0.019,0.0351078516859121));
#7671=CARTESIAN_POINT('',(-0.0346539290091323,0.114567613004176,0.0325326086655726));
#7672=CARTESIAN_POINT('',(-0.014622895388482,0.17029911300718,0.0125015750449223));
#7673=CARTESIAN_POINT('',(-0.0143189123190276,0.171231707424389,0.0121975919754679));
#7674=CARTESIAN_POINT('',(-0.0325448774393427,0.063999999999889,0.0346661977829023));
#7675=CARTESIAN_POINT('',(-0.0346661977829024,0.063999999999889,0.0325448774393427));
#7676=CARTESIAN_POINT('',(-0.0317227433045513,0.0743523958923466,0.033844063648111));
#7677=CARTESIAN_POINT('',(-0.033844063648111,0.0743523958923466,0.0317227433045513));
#7678=CARTESIAN_POINT('',(-0.0301214596234211,0.0909527503518374,0.0322427799669807));
#7679=CARTESIAN_POINT('',(-0.0322427799669807,0.0909527503518374,0.0301214596234211));
#7680=CARTESIAN_POINT('',(-0.0270683435542053,0.112334361710295,0.029189663897765));
#7681=CARTESIAN_POINT('',(-0.029189663897765,0.112334361710295,0.0270683435542053));
#7682=CARTESIAN_POINT('',(-0.0251951450560121,0.122281266538183,0.0273164653995718));
#7683=CARTESIAN_POINT('',(-0.0273164653995718,0.122281266538183,0.0251951450560121));
#7684=CARTESIAN_POINT('',(-0.0242149824293275,0.126999999990285,0.0263363027728871));
#7685=CARTESIAN_POINT('',(-0.0263363027728871,0.126999999990285,0.0242149824293275));
#7686=CARTESIAN_POINT('',(-0.0242149824273096,0.127,0.0263363027708692));
#7687=CARTESIAN_POINT('',(0.0015,0.0925,0.028575));
#7688=CARTESIAN_POINT('',(0.0015,0.127,0.0399718651053463));
#7689=CARTESIAN_POINT('',(0.0015,0.128481894134074,0.0399718651053463));
#7690=CARTESIAN_POINT('',(0.0015,0.127,0.0399718651053463));
#7691=CARTESIAN_POINT('',(0.00149999999999999,0.128481894134074,0.0399718651053463));
#7692=CARTESIAN_POINT('',(0.00149999999999999,0.123239836645055,0.0415523616998052));
#7693=CARTESIAN_POINT('',(0.00150000000000005,0.112679550557117,0.0444175059601435));
#7694=CARTESIAN_POINT('',(0.00149999999999994,0.0965943456324858,0.0477485501096617));
#7695=CARTESIAN_POINT('',(0.00150000000000004,0.0803221727300706,0.0503855389209536));
#7696=CARTESIAN_POINT('',(0.00149999999999998,0.0694461379122569,0.0517581211398473));
#7697=CARTESIAN_POINT('',(0.00149999999999998,0.0639999999999898,0.0523646906557065));
#7698=CARTESIAN_POINT('',(0.0015,0.015,0.05115));
#7699=CARTESIAN_POINT('',(0.0015,0.019,0.05115));
#7700=CARTESIAN_POINT('',(0.0015,0.114567613004176,0.0475080563942293));
#7701=CARTESIAN_POINT('',(0.0015,0.17029911300718,0.0191798969795542));
#7702=CARTESIAN_POINT('',(0.0015,0.171231707424389,0.01875));
#7703=CARTESIAN_POINT('',(0.0015,0.12699999999028,0.0357451565641827));
#7704=CARTESIAN_POINT('',(0.0015,0.127,0.));
#7705=CARTESIAN_POINT('',(-0.0015,0.0925,0.028575));
#7706=CARTESIAN_POINT('',(-0.0015,0.128481894134074,0.0399718651053463));
#7707=CARTESIAN_POINT('',(-0.0015,0.123239836645055,0.0415523616998052));
#7708=CARTESIAN_POINT('',(-0.0015,0.112679550557117,0.0444175059601435));
#7709=CARTESIAN_POINT('',(-0.0015,0.0965943456324859,0.0477485501096617));
#7710=CARTESIAN_POINT('',(-0.0015,0.0803221727300707,0.0503855389209536));
#7711=CARTESIAN_POINT('',(-0.0015,0.0694461379122568,0.0517581211398473));
#7712=CARTESIAN_POINT('',(-0.0015,0.0639999999999897,0.0523646906557065));
#7713=CARTESIAN_POINT('',(-0.0015,0.128481894134074,0.0399718651053463));
#7714=CARTESIAN_POINT('',(-0.0015,0.127,0.0399718651053463));
#7715=CARTESIAN_POINT('',(-0.0015,0.127,0.0399718651053463));
#7716=CARTESIAN_POINT('',(-0.0015,0.127,0.));
#7717=CARTESIAN_POINT('',(-0.0015,0.12699999999028,0.0357451565641827));
#7718=CARTESIAN_POINT('',(-0.0015,0.015,0.05115));
#7719=CARTESIAN_POINT('',(-0.0015,0.019,0.05115));
#7720=CARTESIAN_POINT('',(-0.0015,0.114567613004176,0.0475080563942293));
#7721=CARTESIAN_POINT('',(-0.0015,0.17029911300718,0.0191798969795542));
#7722=CARTESIAN_POINT('',(-0.0015,0.171231707424389,0.01875));
#7723=CARTESIAN_POINT('',(0.0015,0.063999999999889,0.0475254070604886));
#7724=CARTESIAN_POINT('',(-0.0015,0.063999999999889,0.0475254070604886));
#7725=CARTESIAN_POINT('',(0.0015,0.0743523958923466,0.0463627338169768));
#7726=CARTESIAN_POINT('',(-0.0015,0.0743523958923466,0.0463627338169768));
#7727=CARTESIAN_POINT('',(0.0015,0.0909527503518374,0.0440981767179156));
#7728=CARTESIAN_POINT('',(-0.0015,0.0909527503518374,0.0440981767179156));
#7729=CARTESIAN_POINT('',(0.0015,0.112334361710295,0.0397804185653315));
#7730=CARTESIAN_POINT('',(-0.0015,0.112334361710295,0.0397804185653315));
#7731=CARTESIAN_POINT('',(0.0015,0.122281266538183,0.0371313158441698));
#7732=CARTESIAN_POINT('',(-0.0015,0.122281266538183,0.0371313158441698));
#7733=CARTESIAN_POINT('',(0.0015,0.126999999990285,0.0357451565641811));
#7734=CARTESIAN_POINT('',(-0.0015,0.126999999990285,0.0357451565641811));
#7735=CARTESIAN_POINT('',(0.0015,0.127,0.0357451565613274));
#7736=CARTESIAN_POINT('',(-0.000970652137038819,0.128481894134074,0.039988221196108));
#7737=CARTESIAN_POINT('',(-0.0110215170687638,0.128481894134074,0.0397442520163532));
#7738=CARTESIAN_POINT('',(-0.0203100406556643,0.128481894134074,0.0358968195722366));
#7739=CARTESIAN_POINT('',(-0.0275895876670822,0.128481894134074,0.0289622970836289));
#7740=CARTESIAN_POINT('',(-0.00100737893735993,0.123458546159729,0.0415012652198364));
#7741=CARTESIAN_POINT('',(-0.0114385408831398,0.123458546159729,0.0412480649190575));
#7742=CARTESIAN_POINT('',(-0.0210785165897408,0.123458546159729,0.0372550562404362));
#7743=CARTESIAN_POINT('',(-0.0286335015869361,0.123458546159729,0.0300581505425994));
#7744=CARTESIAN_POINT('',(-0.00107673403699556,0.112998745864947,0.0443585062019338));
#7745=CARTESIAN_POINT('',(-0.0122260510376756,0.112998745864947,0.044087873799453));
#7746=CARTESIAN_POINT('',(-0.0225297109358167,0.112998745864947,0.0398199581275632));
#7747=CARTESIAN_POINT('',(-0.030604834599599,0.112998745864947,0.0321275664777868));
#7748=CARTESIAN_POINT('',(-0.00118749662203845,0.0910152245667708,0.0489216226696523));
#7749=CARTESIAN_POINT('',(-0.0134837330383096,0.0910152245667708,0.0486231505746707));
#7750=CARTESIAN_POINT('',(-0.0248473204269064,0.0910152245667708,0.043916198561102));
#7751=CARTESIAN_POINT('',(-0.0337531242222812,0.0910152245667708,0.0354324980504401));
#7752=CARTESIAN_POINT('',(-0.00124330199273131,0.0743334834824232,0.0512206517677641));
#7753=CARTESIAN_POINT('',(-0.0141173893423037,0.0743334834824232,0.050908153236334));
#7754=CARTESIAN_POINT('',(-0.026014998634502,0.0743334834824232,0.0459800021076893));
#7755=CARTESIAN_POINT('',(-0.0353393229316577,0.0743334834824232,0.0370976174719038));
#7756=CARTESIAN_POINT('',(-0.00127121870122275,0.0639999999999897,0.052370744032155));
#7757=CARTESIAN_POINT('',(-0.0144343767236747,0.0639999999999897,0.0520512287578443));
#7758=CARTESIAN_POINT('',(-0.0265991311602523,0.0639999999999897,0.0470124224872756));
#7759=CARTESIAN_POINT('',(-0.036132820876916,0.0639999999999897,0.0379305956049275));
#7760=CARTESIAN_POINT('',(0.,0.128481894134074,0.));
#7761=CARTESIAN_POINT('',(0.0212662364441854,0.0925,0.0191449161006258));
#7762=CARTESIAN_POINT('',(0.0293250370444441,0.127,0.0272037167008845));
#7763=CARTESIAN_POINT('',(0.0293250370444441,0.128481894134074,0.0272037167008845));
#7764=CARTESIAN_POINT('',(0.0293250370444441,0.127,0.0272037167008845));
#7765=CARTESIAN_POINT('',(0.0293250370444441,0.128481894134074,0.0272037167008845));
#7766=CARTESIAN_POINT('',(0.0304426169040282,0.123239836645055,0.0283212965604686));
#7767=CARTESIAN_POINT('',(0.0324685798395912,0.112679550557117,0.0303472594960316));
#7768=CARTESIAN_POINT('',(0.0348239837461472,0.0965943456324859,0.0327026634025876));
#7769=CARTESIAN_POINT('',(0.0366886164165248,0.0803221727300707,0.0345672960729653));
#7770=CARTESIAN_POINT('',(0.0376591786112406,0.0694461379122569,0.035537858267681));
#7771=CARTESIAN_POINT('',(0.0380880880291657,0.0639999999999897,0.0359667676856061));
#7772=CARTESIAN_POINT('',(0.0372291720294717,0.015,0.0351078516859121));
#7773=CARTESIAN_POINT('',(0.0372291720294717,0.019,0.0351078516859121));
#7774=CARTESIAN_POINT('',(0.0346539290091323,0.114567613004176,0.0325326086655726));
#7775=CARTESIAN_POINT('',(0.014622895388482,0.17029911300718,0.0125015750449223));
#7776=CARTESIAN_POINT('',(0.0143189123190276,0.171231707424389,0.0121975919754679));
#7777=CARTESIAN_POINT('',(0.0263363027728883,0.12699999999028,0.0242149824293287));
#7778=CARTESIAN_POINT('',(0.00106066017177982,0.127,-0.00106066017177982));
#7779=CARTESIAN_POINT('',(0.0191449161006258,0.0925,0.0212662364441854));
#7780=CARTESIAN_POINT('',(0.0272037167008845,0.128481894134074,0.0293250370444441));
#7781=CARTESIAN_POINT('',(0.0283212965604686,0.123239836645055,0.0304426169040282));
#7782=CARTESIAN_POINT('',(0.0303472594960316,0.112679550557117,0.0324685798395911));
#7783=CARTESIAN_POINT('',(0.0327026634025876,0.0965943456324859,0.0348239837461472));
#7784=CARTESIAN_POINT('',(0.0345672960729652,0.0803221727300708,0.0366886164165248));
#7785=CARTESIAN_POINT('',(0.035537858267681,0.0694461379122569,0.0376591786112406));
#7786=CARTESIAN_POINT('',(0.0359667676856061,0.0639999999999897,0.0380880880291657));
#7787=CARTESIAN_POINT('',(0.0272037167008845,0.128481894134074,0.0293250370444441));
#7788=CARTESIAN_POINT('',(0.0272037167008845,0.127,0.0293250370444441));
#7789=CARTESIAN_POINT('',(0.0272037167008845,0.127,0.0293250370444441));
#7790=CARTESIAN_POINT('',(-0.00106066017177982,0.127,0.00106066017177982));
#7791=CARTESIAN_POINT('',(0.0242149824293287,0.12699999999028,0.0263363027728883));
#7792=CARTESIAN_POINT('',(0.0351078516859121,0.015,0.0372291720294717));
#7793=CARTESIAN_POINT('',(0.0351078516859121,0.019,0.0372291720294717));
#7794=CARTESIAN_POINT('',(0.0325326086655726,0.114567613004176,0.0346539290091323));
#7795=CARTESIAN_POINT('',(0.0125015750449223,0.17029911300718,0.014622895388482));
#7796=CARTESIAN_POINT('',(0.0121975919754679,0.171231707424389,0.0143189123190276));
#7797=CARTESIAN_POINT('',(0.0346661977829024,0.063999999999889,0.0325448774393427));
#7798=CARTESIAN_POINT('',(0.0325448774393427,0.063999999999889,0.0346661977829024));
#7799=CARTESIAN_POINT('',(0.033844063648111,0.0743523958923466,0.0317227433045513));
#7800=CARTESIAN_POINT('',(0.0317227433045513,0.0743523958923466,0.033844063648111));
#7801=CARTESIAN_POINT('',(0.0322427799669807,0.0909527503518374,0.030121459623421));
#7802=CARTESIAN_POINT('',(0.030121459623421,0.0909527503518374,0.0322427799669807));
#7803=CARTESIAN_POINT('',(0.029189663897765,0.112334361710295,0.0270683435542053));
#7804=CARTESIAN_POINT('',(0.0270683435542053,0.112334361710295,0.029189663897765));
#7805=CARTESIAN_POINT('',(0.0273164653995718,0.122281266538183,0.0251951450560121));
#7806=CARTESIAN_POINT('',(0.0251951450560121,0.122281266538183,0.0273164653995718));
#7807=CARTESIAN_POINT('',(0.0263363027728871,0.126999999990285,0.0242149824293275));
#7808=CARTESIAN_POINT('',(0.0242149824293275,0.126999999990285,0.0263363027728871));
#7809=CARTESIAN_POINT('',(0.0263363027708692,0.127,0.0242149824273096));
#7810=CARTESIAN_POINT('',(0.0275895876670822,0.128481894134074,0.028962297083629));
#7811=CARTESIAN_POINT('',(0.0203100406556643,0.128481894134074,0.0358968195722366));
#7812=CARTESIAN_POINT('',(0.0110215170687638,0.128481894134074,0.0397442520163532));
#7813=CARTESIAN_POINT('',(0.000970652137038831,0.128481894134074,0.039988221196108));
#7814=CARTESIAN_POINT('',(0.028633501586936,0.123458546159729,0.0300581505425995));
#7815=CARTESIAN_POINT('',(0.0210785165897407,0.123458546159729,0.0372550562404362));
#7816=CARTESIAN_POINT('',(0.0114385408831398,0.123458546159729,0.0412480649190575));
#7817=CARTESIAN_POINT('',(0.00100737893735994,0.123458546159729,0.0415012652198364));
#7818=CARTESIAN_POINT('',(0.0306048345995989,0.112998745864947,0.0321275664777868));
#7819=CARTESIAN_POINT('',(0.0225297109358167,0.112998745864947,0.0398199581275632));
#7820=CARTESIAN_POINT('',(0.0122260510376756,0.112998745864947,0.044087873799453));
#7821=CARTESIAN_POINT('',(0.00107673403699557,0.112998745864947,0.0443585062019338));
#7822=CARTESIAN_POINT('',(0.0337531242222811,0.0910152245667707,0.0354324980504402));
#7823=CARTESIAN_POINT('',(0.0248473204269064,0.0910152245667707,0.043916198561102));
#7824=CARTESIAN_POINT('',(0.0134837330383096,0.0910152245667707,0.0486231505746707));
#7825=CARTESIAN_POINT('',(0.00118749662203845,0.0910152245667707,0.0489216226696522));
#7826=CARTESIAN_POINT('',(0.0353393229316577,0.0743334834824232,0.0370976174719038));
#7827=CARTESIAN_POINT('',(0.026014998634502,0.0743334834824232,0.0459800021076893));
#7828=CARTESIAN_POINT('',(0.0141173893423037,0.0743334834824232,0.050908153236334));
#7829=CARTESIAN_POINT('',(0.00124330199273132,0.0743334834824232,0.0512206517677641));
#7830=CARTESIAN_POINT('',(0.036132820876916,0.0639999999999897,0.0379305956049275));
#7831=CARTESIAN_POINT('',(0.0265991311602523,0.0639999999999897,0.0470124224872756));
#7832=CARTESIAN_POINT('',(0.0144343767236747,0.0639999999999897,0.0520512287578443));
#7833=CARTESIAN_POINT('',(0.00127121870122276,0.0639999999999897,0.052370744032155));
#7834=CARTESIAN_POINT('',(0.,0.128481894134074,0.));
#7835=CARTESIAN_POINT('',(0.028575,0.0925,-0.0015));
#7836=CARTESIAN_POINT('',(0.0399718651053463,0.127,-0.0015));
#7837=CARTESIAN_POINT('',(0.0399718651053463,0.128481894134074,-0.0015));
#7838=CARTESIAN_POINT('',(0.0399718651053463,0.127,-0.0015));
#7839=CARTESIAN_POINT('',(0.0399718651053463,0.128481894134074,-0.00149999999999999));
#7840=CARTESIAN_POINT('',(0.0415523616998052,0.123239836645055,-0.00149999999999999));
#7841=CARTESIAN_POINT('',(0.0444175059601435,0.112679550557117,-0.00150000000000004));
#7842=CARTESIAN_POINT('',(0.0477485501096617,0.0965943456324859,-0.00149999999999996));
#7843=CARTESIAN_POINT('',(0.0503855389209536,0.0803221727300707,-0.00150000000000002));
#7844=CARTESIAN_POINT('',(0.0517581211398473,0.0694461379122569,-0.00149999999999998));
#7845=CARTESIAN_POINT('',(0.0523646906557065,0.0639999999999897,-0.00149999999999998));
#7846=CARTESIAN_POINT('',(0.05115,0.015,-0.0015));
#7847=CARTESIAN_POINT('',(0.05115,0.019,-0.0015));
#7848=CARTESIAN_POINT('',(0.0475080563942293,0.114567613004176,-0.0015));
#7849=CARTESIAN_POINT('',(0.0191798969795542,0.17029911300718,-0.0015));
#7850=CARTESIAN_POINT('',(0.01875,0.171231707424389,-0.0015));
#7851=CARTESIAN_POINT('',(0.0357451565641827,0.12699999999028,-0.0015));
#7852=CARTESIAN_POINT('',(9.18485099360515E-20,0.127,-0.0015));
#7853=CARTESIAN_POINT('',(0.028575,0.0925,0.0015));
#7854=CARTESIAN_POINT('',(0.0399718651053463,0.128481894134074,0.00150000000000002));
#7855=CARTESIAN_POINT('',(0.0415523616998052,0.123239836645055,0.00150000000000002));
#7856=CARTESIAN_POINT('',(0.0444175059601435,0.112679550557117,0.00149999999999996));
#7857=CARTESIAN_POINT('',(0.0477485501096616,0.0965943456324859,0.00150000000000004));
#7858=CARTESIAN_POINT('',(0.0503855389209536,0.0803221727300708,0.00149999999999995));
#7859=CARTESIAN_POINT('',(0.0517581211398473,0.0694461379122569,0.00150000000000001));
#7860=CARTESIAN_POINT('',(0.0523646906557065,0.0639999999999898,0.00150000000000001));
#7861=CARTESIAN_POINT('',(0.0399718651053463,0.128481894134074,0.0015));
#7862=CARTESIAN_POINT('',(0.0399718651053463,0.127,0.0015));
#7863=CARTESIAN_POINT('',(0.0399718651053463,0.127,0.0015));
#7864=CARTESIAN_POINT('',(-9.18485099360515E-20,0.127,0.0015));
#7865=CARTESIAN_POINT('',(0.0357451565641827,0.12699999999028,0.0015));
#7866=CARTESIAN_POINT('',(0.05115,0.015,0.0015));
#7867=CARTESIAN_POINT('',(0.05115,0.019,0.0015));
#7868=CARTESIAN_POINT('',(0.0475080563942293,0.114567613004176,0.0015));
#7869=CARTESIAN_POINT('',(0.0191798969795542,0.17029911300718,0.0015));
#7870=CARTESIAN_POINT('',(0.01875,0.171231707424389,0.0015));
#7871=CARTESIAN_POINT('',(0.0475254070604886,0.063999999999889,-0.0015));
#7872=CARTESIAN_POINT('',(0.0475254070604886,0.063999999999889,0.0015));
#7873=CARTESIAN_POINT('',(0.0463627338169768,0.0743523958923466,-0.0015));
#7874=CARTESIAN_POINT('',(0.0463627338169768,0.0743523958923466,0.0015));
#7875=CARTESIAN_POINT('',(0.0440981767179156,0.0909527503518374,-0.0015));
#7876=CARTESIAN_POINT('',(0.0440981767179156,0.0909527503518374,0.0015));
#7877=CARTESIAN_POINT('',(0.0397804185653315,0.112334361710295,-0.0015));
#7878=CARTESIAN_POINT('',(0.0397804185653315,0.112334361710295,0.0015));
#7879=CARTESIAN_POINT('',(0.0371313158441698,0.122281266538183,-0.0015));
#7880=CARTESIAN_POINT('',(0.0371313158441698,0.122281266538183,0.0015));
#7881=CARTESIAN_POINT('',(0.0357451565641811,0.126999999990285,-0.0015));
#7882=CARTESIAN_POINT('',(0.0357451565641811,0.126999999990285,0.0015));
#7883=CARTESIAN_POINT('',(0.0357451565613274,0.127,-0.0015));
#7884=CARTESIAN_POINT('',(0.039988221196108,0.128481894134074,0.000970652137038844));
#7885=CARTESIAN_POINT('',(0.0397442520163532,0.128481894134074,0.0110215170687638));
#7886=CARTESIAN_POINT('',(0.0358968195722366,0.128481894134074,0.0203100406556643));
#7887=CARTESIAN_POINT('',(0.028962297083629,0.128481894134074,0.0275895876670822));
#7888=CARTESIAN_POINT('',(0.0415012652198364,0.123458546159729,0.00100737893735995));
#7889=CARTESIAN_POINT('',(0.0412480649190575,0.123458546159729,0.0114385408831398));
#7890=CARTESIAN_POINT('',(0.0372550562404362,0.123458546159729,0.0210785165897408));
#7891=CARTESIAN_POINT('',(0.0300581505425995,0.123458546159729,0.028633501586936));
#7892=CARTESIAN_POINT('',(0.0443585062019338,0.112998745864947,0.00107673403699559));
#7893=CARTESIAN_POINT('',(0.044087873799453,0.112998745864947,0.0122260510376756));
#7894=CARTESIAN_POINT('',(0.0398199581275632,0.112998745864947,0.0225297109358167));
#7895=CARTESIAN_POINT('',(0.0321275664777868,0.112998745864947,0.030604834599599));
#7896=CARTESIAN_POINT('',(0.0489216226696523,0.0910152245667708,0.00118749662203848));
#7897=CARTESIAN_POINT('',(0.0486231505746707,0.0910152245667708,0.0134837330383096));
#7898=CARTESIAN_POINT('',(0.043916198561102,0.0910152245667708,0.0248473204269064));
#7899=CARTESIAN_POINT('',(0.0354324980504402,0.0910152245667708,0.0337531242222811));
#7900=CARTESIAN_POINT('',(0.0512206517677641,0.0743334834824232,0.00124330199273134));
#7901=CARTESIAN_POINT('',(0.050908153236334,0.0743334834824232,0.0141173893423037));
#7902=CARTESIAN_POINT('',(0.0459800021076893,0.0743334834824232,0.026014998634502));
#7903=CARTESIAN_POINT('',(0.0370976174719038,0.0743334834824232,0.0353393229316577));
#7904=CARTESIAN_POINT('',(0.052370744032155,0.0639999999999897,0.00127121870122278));
#7905=CARTESIAN_POINT('',(0.0520512287578443,0.0639999999999897,0.0144343767236747));
#7906=CARTESIAN_POINT('',(0.0470124224872756,0.0639999999999897,0.0265991311602523));
#7907=CARTESIAN_POINT('',(0.0379305956049275,0.0639999999999897,0.036132820876916));
#7908=CARTESIAN_POINT('',(0.,0.128481894134074,0.));
#7909=CARTESIAN_POINT('',(0.0191449161006258,0.0925,-0.0212662364441854));
#7910=CARTESIAN_POINT('',(0.0272037167008845,0.127,-0.0293250370444441));
#7911=CARTESIAN_POINT('',(0.0272037167008845,0.128481894134074,-0.0293250370444441));
#7912=CARTESIAN_POINT('',(0.0272037167008845,0.127,-0.0293250370444441));
#7913=CARTESIAN_POINT('',(0.0272037167008845,0.128481894134074,-0.0293250370444441));
#7914=CARTESIAN_POINT('',(0.0283212965604686,0.123239836645055,-0.0304426169040282));
#7915=CARTESIAN_POINT('',(0.0303472594960316,0.112679550557117,-0.0324685798395911));
#7916=CARTESIAN_POINT('',(0.0327026634025876,0.0965943456324858,-0.0348239837461473));
#7917=CARTESIAN_POINT('',(0.0345672960729653,0.0803221727300708,-0.0366886164165248));
#7918=CARTESIAN_POINT('',(0.035537858267681,0.0694461379122569,-0.0376591786112406));
#7919=CARTESIAN_POINT('',(0.0359667676856061,0.0639999999999897,-0.0380880880291657));
#7920=CARTESIAN_POINT('',(0.0351078516859121,0.015,-0.0372291720294717));
#7921=CARTESIAN_POINT('',(0.0351078516859121,0.019,-0.0372291720294717));
#7922=CARTESIAN_POINT('',(0.0325326086655726,0.114567613004176,-0.0346539290091323));
#7923=CARTESIAN_POINT('',(0.0125015750449223,0.17029911300718,-0.014622895388482));
#7924=CARTESIAN_POINT('',(0.0121975919754679,0.171231707424389,-0.0143189123190276));
#7925=CARTESIAN_POINT('',(0.0242149824293287,0.12699999999028,-0.0263363027728883));
#7926=CARTESIAN_POINT('',(-0.00106066017177982,0.127,-0.00106066017177982));
#7927=CARTESIAN_POINT('',(0.0212662364441854,0.0925,-0.0191449161006258));
#7928=CARTESIAN_POINT('',(0.0293250370444441,0.128481894134074,-0.0272037167008845));
#7929=CARTESIAN_POINT('',(0.0304426169040282,0.123239836645055,-0.0283212965604686));
#7930=CARTESIAN_POINT('',(0.0324685798395912,0.112679550557117,-0.0303472594960315));
#7931=CARTESIAN_POINT('',(0.0348239837461472,0.0965943456324859,-0.0327026634025876));
#7932=CARTESIAN_POINT('',(0.0366886164165248,0.0803221727300707,-0.0345672960729652));
#7933=CARTESIAN_POINT('',(0.0376591786112406,0.0694461379122569,-0.035537858267681));
#7934=CARTESIAN_POINT('',(0.0380880880291657,0.0639999999999897,-0.0359667676856061));
#7935=CARTESIAN_POINT('',(0.0293250370444441,0.128481894134074,-0.0272037167008845));
#7936=CARTESIAN_POINT('',(0.0293250370444441,0.127,-0.0272037167008845));
#7937=CARTESIAN_POINT('',(0.0293250370444441,0.127,-0.0272037167008845));
#7938=CARTESIAN_POINT('',(0.00106066017177982,0.127,0.00106066017177982));
#7939=CARTESIAN_POINT('',(0.0263363027728883,0.12699999999028,-0.0242149824293287));
#7940=CARTESIAN_POINT('',(0.0372291720294717,0.015,-0.0351078516859121));
#7941=CARTESIAN_POINT('',(0.0372291720294717,0.019,-0.0351078516859121));
#7942=CARTESIAN_POINT('',(0.0346539290091323,0.114567613004176,-0.0325326086655726));
#7943=CARTESIAN_POINT('',(0.014622895388482,0.17029911300718,-0.0125015750449223));
#7944=CARTESIAN_POINT('',(0.0143189123190276,0.171231707424389,-0.0121975919754679));
#7945=CARTESIAN_POINT('',(0.0325448774393427,0.063999999999889,-0.0346661977829024));
#7946=CARTESIAN_POINT('',(0.0346661977829024,0.063999999999889,-0.0325448774393427));
#7947=CARTESIAN_POINT('',(0.0317227433045513,0.0743523958923466,-0.033844063648111));
#7948=CARTESIAN_POINT('',(0.033844063648111,0.0743523958923466,-0.0317227433045513));
#7949=CARTESIAN_POINT('',(0.0301214596234211,0.0909527503518374,-0.0322427799669807));
#7950=CARTESIAN_POINT('',(0.0322427799669807,0.0909527503518374,-0.0301214596234211));
#7951=CARTESIAN_POINT('',(0.0270683435542053,0.112334361710295,-0.029189663897765));
#7952=CARTESIAN_POINT('',(0.029189663897765,0.112334361710295,-0.0270683435542053));
#7953=CARTESIAN_POINT('',(0.0251951450560121,0.122281266538183,-0.0273164653995718));
#7954=CARTESIAN_POINT('',(0.0273164653995718,0.122281266538183,-0.0251951450560121));
#7955=CARTESIAN_POINT('',(0.0242149824293275,0.126999999990285,-0.0263363027728871));
#7956=CARTESIAN_POINT('',(0.0263363027728871,0.126999999990285,-0.0242149824293275));
#7957=CARTESIAN_POINT('',(0.0242149824273096,0.127,-0.0263363027708692));
#7958=CARTESIAN_POINT('',(0.028962297083629,0.128481894134074,-0.0275895876670822));
#7959=CARTESIAN_POINT('',(0.0358968195722366,0.128481894134074,-0.0203100406556643));
#7960=CARTESIAN_POINT('',(0.0397442520163532,0.128481894134074,-0.0110215170687638));
#7961=CARTESIAN_POINT('',(0.039988221196108,0.128481894134074,-0.000970652137038824));
#7962=CARTESIAN_POINT('',(0.0300581505425995,0.123458546159729,-0.028633501586936));
#7963=CARTESIAN_POINT('',(0.0372550562404362,0.123458546159729,-0.0210785165897407));
#7964=CARTESIAN_POINT('',(0.0412480649190575,0.123458546159729,-0.0114385408831398));
#7965=CARTESIAN_POINT('',(0.0415012652198364,0.123458546159729,-0.00100737893735993));
#7966=CARTESIAN_POINT('',(0.0321275664777868,0.112998745864947,-0.0306048345995989));
#7967=CARTESIAN_POINT('',(0.0398199581275632,0.112998745864947,-0.0225297109358167));
#7968=CARTESIAN_POINT('',(0.044087873799453,0.112998745864947,-0.0122260510376756));
#7969=CARTESIAN_POINT('',(0.0443585062019338,0.112998745864947,-0.00107673403699556));
#7970=CARTESIAN_POINT('',(0.0354324980504402,0.0910152245667707,-0.0337531242222811));
#7971=CARTESIAN_POINT('',(0.043916198561102,0.0910152245667707,-0.0248473204269064));
#7972=CARTESIAN_POINT('',(0.0486231505746707,0.0910152245667707,-0.0134837330383096));
#7973=CARTESIAN_POINT('',(0.0489216226696522,0.0910152245667707,-0.00118749662203845));
#7974=CARTESIAN_POINT('',(0.0370976174719038,0.0743334834824232,-0.0353393229316577));
#7975=CARTESIAN_POINT('',(0.0459800021076893,0.0743334834824232,-0.026014998634502));
#7976=CARTESIAN_POINT('',(0.050908153236334,0.0743334834824232,-0.0141173893423037));
#7977=CARTESIAN_POINT('',(0.0512206517677641,0.0743334834824232,-0.00124330199273132));
#7978=CARTESIAN_POINT('',(0.0379305956049275,0.0639999999999897,-0.0361328208769159));
#7979=CARTESIAN_POINT('',(0.0470124224872756,0.0639999999999897,-0.0265991311602523));
#7980=CARTESIAN_POINT('',(0.0520512287578443,0.0639999999999897,-0.0144343767236747));
#7981=CARTESIAN_POINT('',(0.052370744032155,0.0639999999999897,-0.00127121870122275));
#7982=CARTESIAN_POINT('',(0.,0.128481894134074,0.));
#7983=CARTESIAN_POINT('',(-0.0015,0.0925,-0.028575));
#7984=CARTESIAN_POINT('',(-0.0015,0.127,-0.0399718651053463));
#7985=CARTESIAN_POINT('',(-0.0015,0.128481894134074,-0.0399718651053463));
#7986=CARTESIAN_POINT('',(-0.0015,0.127,-0.0399718651053463));
#7987=CARTESIAN_POINT('',(-0.00150000000000001,0.128481894134074,-0.0399718651053463));
#7988=CARTESIAN_POINT('',(-0.00150000000000001,0.123239836645055,-0.0415523616998052));
#7989=CARTESIAN_POINT('',(-0.00150000000000002,0.112679550557117,-0.0444175059601435));
#7990=CARTESIAN_POINT('',(-0.0015,0.0965943456324861,-0.0477485501096616));
#7991=CARTESIAN_POINT('',(-0.0015,0.0803221727300709,-0.0503855389209536));
#7992=CARTESIAN_POINT('',(-0.00150000000000001,0.069446137912257,-0.0517581211398473));
#7993=CARTESIAN_POINT('',(-0.00150000000000001,0.0639999999999898,-0.0523646906557065));
#7994=CARTESIAN_POINT('',(-0.0015,0.015,-0.05115));
#7995=CARTESIAN_POINT('',(-0.0015,0.019,-0.05115));
#7996=CARTESIAN_POINT('',(-0.0015,0.114567613004176,-0.0475080563942293));
#7997=CARTESIAN_POINT('',(-0.0015,0.17029911300718,-0.0191798969795542));
#7998=CARTESIAN_POINT('',(-0.0015,0.171231707424389,-0.01875));
#7999=CARTESIAN_POINT('',(-0.0015,0.12699999999028,-0.0357451565641827));
#8000=CARTESIAN_POINT('',(-0.0015,0.127,-1.83697019872103E-19));
#8001=CARTESIAN_POINT('',(0.0015,0.0925,-0.028575));
#8002=CARTESIAN_POINT('',(0.0015,0.128481894134074,-0.0399718651053463));
#8003=CARTESIAN_POINT('',(0.0015,0.123239836645055,-0.0415523616998052));
#8004=CARTESIAN_POINT('',(0.00149999999999999,0.112679550557117,-0.0444175059601435));
#8005=CARTESIAN_POINT('',(0.00150000000000002,0.0965943456324859,-0.0477485501096617));
#8006=CARTESIAN_POINT('',(0.00150000000000001,0.0803221727300707,-0.0503855389209537));
#8007=CARTESIAN_POINT('',(0.00150000000000002,0.0694461379122569,-0.0517581211398473));
#8008=CARTESIAN_POINT('',(0.00150000000000002,0.0639999999999898,-0.0523646906557065));
#8009=CARTESIAN_POINT('',(0.0015,0.128481894134074,-0.0399718651053463));
#8010=CARTESIAN_POINT('',(0.0015,0.127,-0.0399718651053463));
#8011=CARTESIAN_POINT('',(0.0015,0.127,-0.0399718651053463));
#8012=CARTESIAN_POINT('',(0.0015,0.127,1.83697019872103E-19));
#8013=CARTESIAN_POINT('',(0.0015,0.12699999999028,-0.0357451565641827));
#8014=CARTESIAN_POINT('',(0.0015,0.015,-0.05115));
#8015=CARTESIAN_POINT('',(0.0015,0.019,-0.05115));
#8016=CARTESIAN_POINT('',(0.0015,0.114567613004176,-0.0475080563942293));
#8017=CARTESIAN_POINT('',(0.0015,0.17029911300718,-0.0191798969795542));
#8018=CARTESIAN_POINT('',(0.0015,0.171231707424389,-0.01875));
#8019=CARTESIAN_POINT('',(-0.0015,0.063999999999889,-0.0475254070604886));
#8020=CARTESIAN_POINT('',(0.0015,0.063999999999889,-0.0475254070604886));
#8021=CARTESIAN_POINT('',(-0.0015,0.0743523958923466,-0.0463627338169768));
#8022=CARTESIAN_POINT('',(0.0015,0.0743523958923466,-0.0463627338169768));
#8023=CARTESIAN_POINT('',(-0.0015,0.0909527503518374,-0.0440981767179156));
#8024=CARTESIAN_POINT('',(0.0015,0.0909527503518374,-0.0440981767179156));
#8025=CARTESIAN_POINT('',(-0.0015,0.112334361710295,-0.0397804185653315));
#8026=CARTESIAN_POINT('',(0.0015,0.112334361710295,-0.0397804185653315));
#8027=CARTESIAN_POINT('',(-0.0015,0.122281266538183,-0.0371313158441698));
#8028=CARTESIAN_POINT('',(0.0015,0.122281266538183,-0.0371313158441698));
#8029=CARTESIAN_POINT('',(-0.0015,0.126999999990285,-0.0357451565641811));
#8030=CARTESIAN_POINT('',(0.0015,0.126999999990285,-0.0357451565641811));
#8031=CARTESIAN_POINT('',(-0.0015,0.127,-0.0357451565613274));
#8032=CARTESIAN_POINT('',(0.000970652137038811,0.128481894134074,-0.039988221196108));
#8033=CARTESIAN_POINT('',(0.0110215170687638,0.128481894134074,-0.0397442520163532));
#8034=CARTESIAN_POINT('',(0.0203100406556643,0.128481894134074,-0.0358968195722366));
#8035=CARTESIAN_POINT('',(0.0275895876670822,0.128481894134074,-0.028962297083629));
#8036=CARTESIAN_POINT('',(0.00100737893735992,0.123458546159729,-0.0415012652198364));
#8037=CARTESIAN_POINT('',(0.0114385408831398,0.123458546159729,-0.0412480649190575));
#8038=CARTESIAN_POINT('',(0.0210785165897407,0.123458546159729,-0.0372550562404362));
#8039=CARTESIAN_POINT('',(0.028633501586936,0.123458546159729,-0.0300581505425995));
#8040=CARTESIAN_POINT('',(0.00107673403699555,0.112998745864947,-0.0443585062019337));
#8041=CARTESIAN_POINT('',(0.0122260510376756,0.112998745864947,-0.044087873799453));
#8042=CARTESIAN_POINT('',(0.0225297109358167,0.112998745864947,-0.0398199581275632));
#8043=CARTESIAN_POINT('',(0.0306048345995989,0.112998745864947,-0.0321275664777868));
#8044=CARTESIAN_POINT('',(0.00118749662203844,0.0910152245667708,-0.0489216226696522));
#8045=CARTESIAN_POINT('',(0.0134837330383096,0.0910152245667708,-0.0486231505746707));
#8046=CARTESIAN_POINT('',(0.0248473204269064,0.0910152245667708,-0.043916198561102));
#8047=CARTESIAN_POINT('',(0.0337531242222811,0.0910152245667708,-0.0354324980504402));
#8048=CARTESIAN_POINT('',(0.0012433019927313,0.0743334834824232,-0.0512206517677641));
#8049=CARTESIAN_POINT('',(0.0141173893423037,0.0743334834824232,-0.050908153236334));
#8050=CARTESIAN_POINT('',(0.026014998634502,0.0743334834824232,-0.0459800021076893));
#8051=CARTESIAN_POINT('',(0.0353393229316577,0.0743334834824232,-0.0370976174719038));
#8052=CARTESIAN_POINT('',(0.00127121870122273,0.0639999999999897,-0.052370744032155));
#8053=CARTESIAN_POINT('',(0.0144343767236747,0.0639999999999897,-0.0520512287578443));
#8054=CARTESIAN_POINT('',(0.0265991311602523,0.0639999999999897,-0.0470124224872756));
#8055=CARTESIAN_POINT('',(0.0361328208769159,0.0639999999999897,-0.0379305956049275));
#8056=CARTESIAN_POINT('',(0.,0.128481894134074,0.));
#8057=CARTESIAN_POINT('',(-0.0212662364441854,0.0925,-0.0191449161006258));
#8058=CARTESIAN_POINT('',(-0.0293250370444441,0.127,-0.0272037167008845));
#8059=CARTESIAN_POINT('',(-0.0293250370444441,0.128481894134074,-0.0272037167008845));
#8060=CARTESIAN_POINT('',(-0.0293250370444441,0.127,-0.0272037167008845));
#8061=CARTESIAN_POINT('',(-0.0293250370444441,0.128481894134074,-0.0272037167008845));
#8062=CARTESIAN_POINT('',(-0.0304426169040282,0.123239836645055,-0.0283212965604686));
#8063=CARTESIAN_POINT('',(-0.0324685798395911,0.112679550557117,-0.0303472594960316));
#8064=CARTESIAN_POINT('',(-0.0348239837461473,0.0965943456324859,-0.0327026634025876));
#8065=CARTESIAN_POINT('',(-0.0366886164165248,0.0803221727300707,-0.0345672960729652));
#8066=CARTESIAN_POINT('',(-0.0376591786112406,0.0694461379122568,-0.035537858267681));
#8067=CARTESIAN_POINT('',(-0.0380880880291657,0.0639999999999897,-0.0359667676856061));
#8068=CARTESIAN_POINT('',(-0.0372291720294717,0.015,-0.0351078516859121));
#8069=CARTESIAN_POINT('',(-0.0372291720294717,0.019,-0.0351078516859121));
#8070=CARTESIAN_POINT('',(-0.0346539290091323,0.114567613004176,-0.0325326086655726));
#8071=CARTESIAN_POINT('',(-0.014622895388482,0.17029911300718,-0.0125015750449223));
#8072=CARTESIAN_POINT('',(-0.0143189123190276,0.171231707424389,-0.0121975919754679));
#8073=CARTESIAN_POINT('',(-0.0263363027728883,0.12699999999028,-0.0242149824293287));
#8074=CARTESIAN_POINT('',(-0.00106066017177982,0.127,0.00106066017177982));
#8075=CARTESIAN_POINT('',(-0.0191449161006258,0.0925,-0.0212662364441854));
#8076=CARTESIAN_POINT('',(-0.0272037167008845,0.128481894134074,-0.0293250370444441));
#8077=CARTESIAN_POINT('',(-0.0283212965604687,0.123239836645055,-0.0304426169040282));
#8078=CARTESIAN_POINT('',(-0.0303472594960316,0.112679550557117,-0.0324685798395912));
#8079=CARTESIAN_POINT('',(-0.0327026634025876,0.096594345632486,-0.0348239837461472));
#8080=CARTESIAN_POINT('',(-0.0345672960729652,0.0803221727300705,-0.0366886164165248));
#8081=CARTESIAN_POINT('',(-0.035537858267681,0.069446137912257,-0.0376591786112406));
#8082=CARTESIAN_POINT('',(-0.0359667676856061,0.0639999999999898,-0.0380880880291657));
#8083=CARTESIAN_POINT('',(-0.0272037167008845,0.128481894134074,-0.0293250370444441));
#8084=CARTESIAN_POINT('',(-0.0272037167008845,0.127,-0.0293250370444441));
#8085=CARTESIAN_POINT('',(-0.0272037167008845,0.127,-0.0293250370444441));
#8086=CARTESIAN_POINT('',(0.00106066017177982,0.127,-0.00106066017177982));
#8087=CARTESIAN_POINT('',(-0.0242149824293287,0.12699999999028,-0.0263363027728883));
#8088=CARTESIAN_POINT('',(-0.0351078516859121,0.015,-0.0372291720294717));
#8089=CARTESIAN_POINT('',(-0.0351078516859121,0.019,-0.0372291720294717));
#8090=CARTESIAN_POINT('',(-0.0325326086655726,0.114567613004176,-0.0346539290091323));
#8091=CARTESIAN_POINT('',(-0.0125015750449223,0.17029911300718,-0.014622895388482));
#8092=CARTESIAN_POINT('',(-0.0121975919754679,0.171231707424389,-0.0143189123190276));
#8093=CARTESIAN_POINT('',(-0.0346661977829024,0.063999999999889,-0.0325448774393427));
#8094=CARTESIAN_POINT('',(-0.0325448774393427,0.063999999999889,-0.0346661977829024));
#8095=CARTESIAN_POINT('',(-0.033844063648111,0.0743523958923466,-0.0317227433045513));
#8096=CARTESIAN_POINT('',(-0.0317227433045513,0.0743523958923466,-0.033844063648111));
#8097=CARTESIAN_POINT('',(-0.0322427799669807,0.0909527503518374,-0.030121459623421));
#8098=CARTESIAN_POINT('',(-0.030121459623421,0.0909527503518374,-0.0322427799669807));
#8099=CARTESIAN_POINT('',(-0.029189663897765,0.112334361710295,-0.0270683435542053));
#8100=CARTESIAN_POINT('',(-0.0270683435542053,0.112334361710295,-0.029189663897765));
#8101=CARTESIAN_POINT('',(-0.0273164653995718,0.122281266538183,-0.0251951450560121));
#8102=CARTESIAN_POINT('',(-0.0251951450560121,0.122281266538183,-0.0273164653995718));
#8103=CARTESIAN_POINT('',(-0.0263363027728871,0.126999999990285,-0.0242149824293275));
#8104=CARTESIAN_POINT('',(-0.0242149824293275,0.126999999990285,-0.0263363027728871));
#8105=CARTESIAN_POINT('',(-0.0263363027708692,0.127,-0.0242149824273096));
#8106=CARTESIAN_POINT('',(-0.0275895876670823,0.128481894134074,-0.0289622970836289));
#8107=CARTESIAN_POINT('',(-0.0203100406556643,0.128481894134074,-0.0358968195722366));
#8108=CARTESIAN_POINT('',(-0.0110215170687638,0.128481894134074,-0.0397442520163532));
#8109=CARTESIAN_POINT('',(-0.000970652137038824,0.128481894134074,-0.039988221196108));
#8110=CARTESIAN_POINT('',(-0.0286335015869361,0.123458546159729,-0.0300581505425994));
#8111=CARTESIAN_POINT('',(-0.0210785165897408,0.123458546159729,-0.0372550562404362));
#8112=CARTESIAN_POINT('',(-0.0114385408831398,0.123458546159729,-0.0412480649190575));
#8113=CARTESIAN_POINT('',(-0.00100737893735994,0.123458546159729,-0.0415012652198364));
#8114=CARTESIAN_POINT('',(-0.030604834599599,0.112998745864947,-0.0321275664777868));
#8115=CARTESIAN_POINT('',(-0.0225297109358167,0.112998745864947,-0.0398199581275631));
#8116=CARTESIAN_POINT('',(-0.0122260510376756,0.112998745864947,-0.044087873799453));
#8117=CARTESIAN_POINT('',(-0.00107673403699558,0.112998745864947,-0.0443585062019337));
#8118=CARTESIAN_POINT('',(-0.0337531242222811,0.0910152245667707,-0.0354324980504401));
#8119=CARTESIAN_POINT('',(-0.0248473204269064,0.0910152245667707,-0.043916198561102));
#8120=CARTESIAN_POINT('',(-0.0134837330383096,0.0910152245667707,-0.0486231505746707));
#8121=CARTESIAN_POINT('',(-0.00118749662203845,0.0910152245667707,-0.0489216226696522));
#8122=CARTESIAN_POINT('',(-0.0353393229316577,0.0743334834824232,-0.0370976174719038));
#8123=CARTESIAN_POINT('',(-0.026014998634502,0.0743334834824232,-0.0459800021076893));
#8124=CARTESIAN_POINT('',(-0.0141173893423037,0.0743334834824232,-0.050908153236334));
#8125=CARTESIAN_POINT('',(-0.00124330199273132,0.0743334834824232,-0.0512206517677641));
#8126=CARTESIAN_POINT('',(-0.036132820876916,0.0639999999999898,-0.0379305956049275));
#8127=CARTESIAN_POINT('',(-0.0265991311602523,0.0639999999999898,-0.0470124224872755));
#8128=CARTESIAN_POINT('',(-0.0144343767236747,0.0639999999999898,-0.0520512287578443));
#8129=CARTESIAN_POINT('',(-0.00127121870122275,0.0639999999999898,-0.052370744032155));
#8130=CARTESIAN_POINT('',(0.,0.128481894134074,0.));
#8131=CARTESIAN_POINT('',(-0.028575,0.0925,0.0015));
#8132=CARTESIAN_POINT('',(-0.0399718651053463,0.127,0.0015));
#8133=CARTESIAN_POINT('',(-0.0399718651053463,0.128481894134074,0.0015));
#8134=CARTESIAN_POINT('',(-0.0399718651053463,0.127,0.0015));
#8135=CARTESIAN_POINT('',(-0.0399718651053463,0.128481894134074,0.00149999999999999));
#8136=CARTESIAN_POINT('',(-0.0415523616998052,0.123239836645055,0.00149999999999999));
#8137=CARTESIAN_POINT('',(-0.0444175059601435,0.112679550557117,0.00149999999999999));
#8138=CARTESIAN_POINT('',(-0.0477485501096617,0.0965943456324859,0.00150000000000001));
#8139=CARTESIAN_POINT('',(-0.0503855389209536,0.0803221727300706,0.0015));
#8140=CARTESIAN_POINT('',(-0.0517581211398473,0.0694461379122569,0.0015));
#8141=CARTESIAN_POINT('',(-0.0523646906557065,0.0639999999999898,0.0015));
#8142=CARTESIAN_POINT('',(-0.05115,0.015,0.0015));
#8143=CARTESIAN_POINT('',(-0.05115,0.019,0.0015));
#8144=CARTESIAN_POINT('',(-0.0475080563942293,0.114567613004176,0.0015));
#8145=CARTESIAN_POINT('',(-0.0191798969795542,0.17029911300718,0.0015));
#8146=CARTESIAN_POINT('',(-0.01875,0.171231707424389,0.0015));
#8147=CARTESIAN_POINT('',(-0.0357451565641827,0.12699999999028,0.0015));
#8148=CARTESIAN_POINT('',(-2.75545529808154E-19,0.127,0.0015));
#8149=CARTESIAN_POINT('',(-0.028575,0.0925,-0.0015));
#8150=CARTESIAN_POINT('',(-0.0399718651053463,0.128481894134074,-0.0015));
#8151=CARTESIAN_POINT('',(-0.0415523616998052,0.123239836645055,-0.0015));
#8152=CARTESIAN_POINT('',(-0.0444175059601435,0.112679550557117,-0.00150000000000002));
#8153=CARTESIAN_POINT('',(-0.0477485501096616,0.096594345632486,-0.00149999999999998));
#8154=CARTESIAN_POINT('',(-0.0503855389209536,0.0803221727300708,-0.0015));
#8155=CARTESIAN_POINT('',(-0.0517581211398473,0.0694461379122569,-0.00150000000000001));
#8156=CARTESIAN_POINT('',(-0.0523646906557065,0.0639999999999898,-0.00150000000000001));
#8157=CARTESIAN_POINT('',(-0.0399718651053463,0.128481894134074,-0.0015));
#8158=CARTESIAN_POINT('',(-0.0399718651053463,0.127,-0.0015));
#8159=CARTESIAN_POINT('',(-0.0399718651053463,0.127,-0.0015));
#8160=CARTESIAN_POINT('',(2.75545529808154E-19,0.127,-0.0015));
#8161=CARTESIAN_POINT('',(-0.0357451565641827,0.12699999999028,-0.0015));
#8162=CARTESIAN_POINT('',(-0.05115,0.015,-0.0015));
#8163=CARTESIAN_POINT('',(-0.05115,0.019,-0.0015));
#8164=CARTESIAN_POINT('',(-0.0475080563942293,0.114567613004176,-0.0015));
#8165=CARTESIAN_POINT('',(-0.0191798969795542,0.17029911300718,-0.0015));
#8166=CARTESIAN_POINT('',(-0.01875,0.171231707424389,-0.0015));
#8167=CARTESIAN_POINT('',(-0.0475254070604886,0.063999999999889,0.0015));
#8168=CARTESIAN_POINT('',(-0.0475254070604886,0.063999999999889,-0.0015));
#8169=CARTESIAN_POINT('',(-0.0463627338169768,0.0743523958923466,0.0015));
#8170=CARTESIAN_POINT('',(-0.0463627338169768,0.0743523958923466,-0.0015));
#8171=CARTESIAN_POINT('',(-0.0440981767179156,0.0909527503518374,0.0015));
#8172=CARTESIAN_POINT('',(-0.0440981767179156,0.0909527503518374,-0.0015));
#8173=CARTESIAN_POINT('',(-0.0397804185653315,0.112334361710295,0.0015));
#8174=CARTESIAN_POINT('',(-0.0397804185653315,0.112334361710295,-0.0015));
#8175=CARTESIAN_POINT('',(-0.0371313158441698,0.122281266538183,0.0015));
#8176=CARTESIAN_POINT('',(-0.0371313158441698,0.122281266538183,-0.0015));
#8177=CARTESIAN_POINT('',(-0.0357451565641811,0.126999999990285,0.0015));
#8178=CARTESIAN_POINT('',(-0.0357451565641811,0.126999999990285,-0.0015));
#8179=CARTESIAN_POINT('',(-0.0357451565613274,0.127,0.0015));
#8180=CARTESIAN_POINT('',(-0.039988221196108,0.128481894134074,-0.000970652137038822));
#8181=CARTESIAN_POINT('',(-0.0397442520163532,0.128481894134074,-0.0110215170687638));
#8182=CARTESIAN_POINT('',(-0.0358968195722366,0.128481894134074,-0.0203100406556643));
#8183=CARTESIAN_POINT('',(-0.028962297083629,0.128481894134074,-0.0275895876670822));
#8184=CARTESIAN_POINT('',(-0.0415012652198364,0.123458546159729,-0.00100737893735993));
#8185=CARTESIAN_POINT('',(-0.0412480649190575,0.123458546159729,-0.0114385408831398));
#8186=CARTESIAN_POINT('',(-0.0372550562404362,0.123458546159729,-0.0210785165897408));
#8187=CARTESIAN_POINT('',(-0.0300581505425994,0.123458546159729,-0.028633501586936));
#8188=CARTESIAN_POINT('',(-0.0443585062019337,0.112998745864947,-0.00107673403699556));
#8189=CARTESIAN_POINT('',(-0.044087873799453,0.112998745864947,-0.0122260510376756));
#8190=CARTESIAN_POINT('',(-0.0398199581275632,0.112998745864947,-0.0225297109358167));
#8191=CARTESIAN_POINT('',(-0.0321275664777868,0.112998745864947,-0.0306048345995989));
#8192=CARTESIAN_POINT('',(-0.0489216226696523,0.0910152245667707,-0.00118749662203846));
#8193=CARTESIAN_POINT('',(-0.0486231505746707,0.0910152245667707,-0.0134837330383096));
#8194=CARTESIAN_POINT('',(-0.043916198561102,0.0910152245667707,-0.0248473204269064));
#8195=CARTESIAN_POINT('',(-0.0354324980504401,0.0910152245667707,-0.0337531242222811));
#8196=CARTESIAN_POINT('',(-0.0512206517677641,0.0743334834824232,-0.00124330199273131));
#8197=CARTESIAN_POINT('',(-0.050908153236334,0.0743334834824232,-0.0141173893423037));
#8198=CARTESIAN_POINT('',(-0.0459800021076893,0.0743334834824232,-0.026014998634502));
#8199=CARTESIAN_POINT('',(-0.0370976174719038,0.0743334834824232,-0.0353393229316577));
#8200=CARTESIAN_POINT('',(-0.052370744032155,0.0639999999999897,-0.00127121870122275));
#8201=CARTESIAN_POINT('',(-0.0520512287578443,0.0639999999999897,-0.0144343767236747));
#8202=CARTESIAN_POINT('',(-0.0470124224872756,0.0639999999999897,-0.0265991311602523));
#8203=CARTESIAN_POINT('',(-0.0379305956049275,0.0639999999999897,-0.036132820876916));
#8204=CARTESIAN_POINT('',(0.,0.128481894134074,0.));
#8205=CARTESIAN_POINT('',(-0.028962297083629,0.128481894134074,0.0275895876670822));
#8206=CARTESIAN_POINT('',(-0.0358968195722366,0.128481894134074,0.0203100406556643));
#8207=CARTESIAN_POINT('',(-0.0397442520163532,0.128481894134074,0.0110215170687638));
#8208=CARTESIAN_POINT('',(-0.039988221196108,0.128481894134074,0.000970652137038817));
#8209=CARTESIAN_POINT('',(-0.0300581505425995,0.123458546159729,0.028633501586936));
#8210=CARTESIAN_POINT('',(-0.0372550562404362,0.123458546159729,0.0210785165897407));
#8211=CARTESIAN_POINT('',(-0.0412480649190575,0.123458546159729,0.0114385408831398));
#8212=CARTESIAN_POINT('',(-0.0415012652198364,0.123458546159729,0.00100737893735993));
#8213=CARTESIAN_POINT('',(-0.0321275664777868,0.112998745864947,0.0306048345995989));
#8214=CARTESIAN_POINT('',(-0.0398199581275632,0.112998745864947,0.0225297109358167));
#8215=CARTESIAN_POINT('',(-0.044087873799453,0.112998745864947,0.0122260510376756));
#8216=CARTESIAN_POINT('',(-0.0443585062019338,0.112998745864947,0.00107673403699557));
#8217=CARTESIAN_POINT('',(-0.0354324980504402,0.0910152245667708,0.0337531242222811));
#8218=CARTESIAN_POINT('',(-0.043916198561102,0.0910152245667708,0.0248473204269064));
#8219=CARTESIAN_POINT('',(-0.0486231505746707,0.0910152245667708,0.0134837330383096));
#8220=CARTESIAN_POINT('',(-0.0489216226696522,0.0910152245667708,0.00118749662203844));
#8221=CARTESIAN_POINT('',(-0.0370976174719038,0.0743334834824232,0.0353393229316577));
#8222=CARTESIAN_POINT('',(-0.0459800021076893,0.0743334834824232,0.026014998634502));
#8223=CARTESIAN_POINT('',(-0.050908153236334,0.0743334834824232,0.0141173893423037));
#8224=CARTESIAN_POINT('',(-0.0512206517677641,0.0743334834824232,0.00124330199273131));
#8225=CARTESIAN_POINT('',(-0.0379305956049275,0.0639999999999897,0.0361328208769159));
#8226=CARTESIAN_POINT('',(-0.0470124224872756,0.0639999999999897,0.0265991311602523));
#8227=CARTESIAN_POINT('',(-0.0520512287578443,0.0639999999999897,0.0144343767236747));
#8228=CARTESIAN_POINT('',(-0.052370744032155,0.0639999999999897,0.00127121870122275));
#8229=CARTESIAN_POINT('',(0.,0.128481894134074,0.));
#8230=CARTESIAN_POINT('',(0.,0.131,0.));
#8231=CARTESIAN_POINT('',(-2.16840434497101E-19,0.131,0.012));
#8232=CARTESIAN_POINT('',(-2.16840434497101E-19,0.131,0.0105));
#8233=CARTESIAN_POINT('',(0.012,0.131,9.18485099360515E-20));
#8234=CARTESIAN_POINT('',(0.012,0.131,-0.0015));
#8235=CARTESIAN_POINT('',(0.,0.131,-0.012));
#8236=CARTESIAN_POINT('',(0.,0.131,-0.0135));
#8237=CARTESIAN_POINT('',(-0.012,0.131,9.18485099360515E-20));
#8238=CARTESIAN_POINT('',(-0.012,0.131,-0.0015));
#8239=CARTESIAN_POINT('',(-0.0029427570513119,0.131,-0.00327156599946751));
#8240=CARTESIAN_POINT('',(-0.0211179130541539,0.131,0.0130768947972159));
#8241=CARTESIAN_POINT('',(-0.0278092405463168,0.131,0.019095709995627));
#8242=CARTESIAN_POINT('',(-0.0304880245728725,0.131,0.012628553268048));
#8243=CARTESIAN_POINT('',(-0.0331668085994281,0.131,0.00616139654046894));
#8244=CARTESIAN_POINT('',(0.000232503036955641,0.131,0.00439418996969));
#8245=CARTESIAN_POINT('',(-0.0241793805130745,0.131,0.00568585853712563));
#8246=CARTESIAN_POINT('',(-0.0226486467836142,0.131,0.00938137666717077));
#8247=CARTESIAN_POINT('',(-0.00439418996968999,0.131,-0.000232503036955645));
#8248=CARTESIAN_POINT('',(-0.00568585853712565,0.131,0.0241793805130745));
#8249=CARTESIAN_POINT('',(-0.00616139654046897,0.131,0.0331668085994281));
#8250=CARTESIAN_POINT('',(-0.012628553268048,0.131,0.0304880245728724));
#8251=CARTESIAN_POINT('',(-0.019095709995627,0.131,0.0278092405463168));
#8252=CARTESIAN_POINT('',(0.00327156599946751,0.131,0.00294275705131191));
#8253=CARTESIAN_POINT('',(-0.0130768947972159,0.131,0.0211179130541539));
#8254=CARTESIAN_POINT('',(-0.00938137666717079,0.131,0.0226486467836142));
#8255=CARTESIAN_POINT('',(0.00327156599946751,0.131,-0.0029427570513119));
#8256=CARTESIAN_POINT('',(-0.0130768947972159,0.131,-0.0211179130541539));
#8257=CARTESIAN_POINT('',(-0.019095709995627,0.131,-0.0278092405463168));
#8258=CARTESIAN_POINT('',(-0.012628553268048,0.131,-0.0304880245728725));
#8259=CARTESIAN_POINT('',(-0.00616139654046895,0.131,-0.0331668085994281));
#8260=CARTESIAN_POINT('',(-0.00439418996969,0.131,0.000232503036955641));
#8261=CARTESIAN_POINT('',(-0.00568585853712563,0.131,-0.0241793805130745));
#8262=CARTESIAN_POINT('',(-0.00938137666717077,0.131,-0.0226486467836142));
#8263=CARTESIAN_POINT('',(0.000232503036955645,0.131,-0.00439418996968999));
#8264=CARTESIAN_POINT('',(-0.0241793805130745,0.131,-0.00568585853712564));
#8265=CARTESIAN_POINT('',(-0.0331668085994281,0.131,-0.00616139654046897));
#8266=CARTESIAN_POINT('',(-0.0304880245728725,0.131,-0.012628553268048));
#8267=CARTESIAN_POINT('',(-0.0278092405463168,0.131,-0.019095709995627));
#8268=CARTESIAN_POINT('',(-0.00294275705131191,0.131,0.00327156599946751));
#8269=CARTESIAN_POINT('',(-0.0211179130541539,0.131,-0.0130768947972159));
#8270=CARTESIAN_POINT('',(-0.0226486467836142,0.131,-0.00938137666717079));
#8271=CARTESIAN_POINT('',(0.0029427570513119,0.131,0.00327156599946751));
#8272=CARTESIAN_POINT('',(0.0211179130541539,0.131,-0.0130768947972159));
#8273=CARTESIAN_POINT('',(0.0278092405463168,0.131,-0.019095709995627));
#8274=CARTESIAN_POINT('',(0.0304880245728725,0.131,-0.012628553268048));
#8275=CARTESIAN_POINT('',(0.0331668085994281,0.131,-0.00616139654046895));
#8276=CARTESIAN_POINT('',(-0.000232503036955642,0.131,-0.00439418996969));
#8277=CARTESIAN_POINT('',(0.0241793805130745,0.131,-0.00568585853712563));
#8278=CARTESIAN_POINT('',(0.0226486467836142,0.131,-0.00938137666717077));
#8279=CARTESIAN_POINT('',(0.00439418996969,0.131,0.000232503036955644));
#8280=CARTESIAN_POINT('',(0.00568585853712564,0.131,-0.0241793805130745));
#8281=CARTESIAN_POINT('',(0.00616139654046897,0.131,-0.0331668085994281));
#8282=CARTESIAN_POINT('',(0.012628553268048,0.131,-0.0304880245728725));
#8283=CARTESIAN_POINT('',(0.019095709995627,0.131,-0.0278092405463168));
#8284=CARTESIAN_POINT('',(-0.00327156599946751,0.131,-0.00294275705131191));
#8285=CARTESIAN_POINT('',(0.0130768947972159,0.131,-0.0211179130541539));
#8286=CARTESIAN_POINT('',(0.00938137666717079,0.131,-0.0226486467836142));
#8287=CARTESIAN_POINT('',(-0.00327156599946751,0.131,0.0029427570513119));
#8288=CARTESIAN_POINT('',(0.0130768947972159,0.131,0.0211179130541539));
#8289=CARTESIAN_POINT('',(0.019095709995627,0.131,0.0278092405463168));
#8290=CARTESIAN_POINT('',(0.012628553268048,0.131,0.0304880245728725));
#8291=CARTESIAN_POINT('',(0.00616139654046895,0.131,0.0331668085994281));
#8292=CARTESIAN_POINT('',(0.00439418996969,0.131,-0.000232503036955642));
#8293=CARTESIAN_POINT('',(0.00568585853712563,0.131,0.0241793805130745));
#8294=CARTESIAN_POINT('',(0.00938137666717077,0.131,0.0226486467836142));
#8295=CARTESIAN_POINT('',(-0.000232503036955644,0.131,0.00439418996969));
#8296=CARTESIAN_POINT('',(0.0241793805130745,0.131,0.00568585853712564));
#8297=CARTESIAN_POINT('',(0.0331668085994281,0.131,0.00616139654046897));
#8298=CARTESIAN_POINT('',(0.0304880245728725,0.131,0.012628553268048));
#8299=CARTESIAN_POINT('',(0.0278092405463168,0.131,0.019095709995627));
#8300=CARTESIAN_POINT('',(0.00294275705131191,0.131,-0.00327156599946751));
#8301=CARTESIAN_POINT('',(0.0211179130541539,0.131,0.0130768947972159));
#8302=CARTESIAN_POINT('',(0.0226486467836142,0.131,0.00938137666717079));
#8303=CARTESIAN_POINT('',(-1.99493199737333E-17,0.131,1.64798730217796E-17));
#8304=CARTESIAN_POINT('',(0.00831845998121389,0.131,-0.0168037413554525));
#8305=CARTESIAN_POINT('',(0.0168037413554525,0.131,-0.00831845998121389));
#8306=CARTESIAN_POINT('',(0.0141520909260029,0.131,-0.00566680955176433));
#8307=CARTESIAN_POINT('',(0.0115004404965533,0.131,-0.00301515912231478));
#8308=CARTESIAN_POINT('',(0.00725779980943407,0.131,-0.00725779980943406));
#8309=CARTESIAN_POINT('',(0.00301515912231478,0.131,-0.0115004404965533));
#8310=CARTESIAN_POINT('',(0.00566680955176433,0.131,-0.0141520909260029));
#8311=CARTESIAN_POINT('',(0.,0.131,0.028));
#8312=CARTESIAN_POINT('',(0.,0.131,0.0255));
#8313=CARTESIAN_POINT('',(0.028,0.131,1.71450551880629E-18));
#8314=CARTESIAN_POINT('',(0.028,0.131,-0.0025));
#8315=CARTESIAN_POINT('',(0.0197989898732233,0.131,0.0197989898732233));
#8316=CARTESIAN_POINT('',(0.0197989898732233,0.131,0.0172989898732233));
#8317=CARTESIAN_POINT('',(3.42901103761259E-18,0.131,-0.028));
#8318=CARTESIAN_POINT('',(3.42901103761259E-18,0.131,-0.0305));
#8319=CARTESIAN_POINT('',(0.0197989898732233,0.131,-0.0197989898732233));
#8320=CARTESIAN_POINT('',(0.0197989898732233,0.131,-0.0222989898732233));
#8321=CARTESIAN_POINT('',(-0.028,0.131,-5.14351655641888E-18));
#8322=CARTESIAN_POINT('',(-0.028,0.131,-0.00250000000000001));
#8323=CARTESIAN_POINT('',(-0.0197989898732233,0.131,-0.0197989898732233));
#8324=CARTESIAN_POINT('',(-0.0197989898732233,0.131,-0.0222989898732233));
#8325=CARTESIAN_POINT('',(-0.0197989898732233,0.131,0.0197989898732233));
#8326=CARTESIAN_POINT('',(-0.0197989898732233,0.131,0.0172989898732233));
#8327=CARTESIAN_POINT('',(0.,0.127,2.4492935982947E-18));
#8328=CARTESIAN_POINT('',(0.,0.127,2.4492935982947E-18));
#8329=CARTESIAN_POINT('',(0.,0.127,2.4492935982947E-18));
#8330=CARTESIAN_POINT('',(0.,0.127,2.4492935982947E-18));
#8331=CARTESIAN_POINT('',(0.,0.127,2.4492935982947E-18));
#8332=CARTESIAN_POINT('',(0.,0.127,2.4492935982947E-18));
#8333=CARTESIAN_POINT('',(0.,0.127,2.4492935982947E-18));
#8334=CARTESIAN_POINT('',(0.,0.127,2.4492935982947E-18));
#8335=CARTESIAN_POINT('',(0.,0.127,2.4492935982947E-18));
#8336=CARTESIAN_POINT('',(0.,0.127,2.4492935982947E-18));
#8337=CARTESIAN_POINT('',(0.,0.127,2.4492935982947E-18));
#8338=CARTESIAN_POINT('',(0.,0.127,2.4492935982947E-18));
#8339=CARTESIAN_POINT('',(0.,0.127,2.4492935982947E-18));
#8340=CARTESIAN_POINT('',(0.,0.127,2.4492935982947E-18));
#8341=CARTESIAN_POINT('',(0.,0.127,0.));
#8342=CARTESIAN_POINT('',(0.,0.127,2.4492935982947E-18));
#8343=CARTESIAN_POINT('',(-0.0197989898732233,0.127,0.0197989898732233));
#8344=CARTESIAN_POINT('',(-0.0197989898732233,0.127,0.0172989898732233));
#8345=CARTESIAN_POINT('',(-0.012628553268048,0.127,0.0304880245728724));
#8346=CARTESIAN_POINT('',(-0.00616139654046897,0.127,0.0331668085994281));
#8347=CARTESIAN_POINT('',(-0.019095709995627,0.127,0.0278092405463168));
#8348=CARTESIAN_POINT('',(-0.00439418996968999,0.127,-0.000232503036955645));
#8349=CARTESIAN_POINT('',(-0.00568585853712564,0.127,0.0241793805130745));
#8350=CARTESIAN_POINT('',(-0.00938137666717079,0.127,0.0226486467836142));
#8351=CARTESIAN_POINT('',(-0.0130768947972159,0.127,0.0211179130541539));
#8352=CARTESIAN_POINT('',(0.00327156599946751,0.127,0.00294275705131191));
#8353=CARTESIAN_POINT('',(-0.0197989898732233,0.127,-0.0197989898732233));
#8354=CARTESIAN_POINT('',(-0.0197989898732233,0.127,-0.0222989898732233));
#8355=CARTESIAN_POINT('',(-0.0304880245728725,0.127,-0.012628553268048));
#8356=CARTESIAN_POINT('',(-0.0331668085994281,0.127,-0.00616139654046897));
#8357=CARTESIAN_POINT('',(-0.0278092405463168,0.127,-0.019095709995627));
#8358=CARTESIAN_POINT('',(0.000232503036955645,0.127,-0.00439418996968999));
#8359=CARTESIAN_POINT('',(-0.0241793805130745,0.127,-0.00568585853712564));
#8360=CARTESIAN_POINT('',(-0.0226486467836142,0.127,-0.00938137666717079));
#8361=CARTESIAN_POINT('',(-0.0211179130541539,0.127,-0.0130768947972159));
#8362=CARTESIAN_POINT('',(-0.00294275705131191,0.127,0.00327156599946751));
#8363=CARTESIAN_POINT('',(-0.028,0.127,-5.14351655641888E-18));
#8364=CARTESIAN_POINT('',(-0.028,0.127,-0.00250000000000001));
#8365=CARTESIAN_POINT('',(0.0197989898732233,0.127,-0.0197989898732233));
#8366=CARTESIAN_POINT('',(0.0197989898732233,0.127,-0.0222989898732233));
#8367=CARTESIAN_POINT('',(0.012628553268048,0.127,-0.0304880245728725));
#8368=CARTESIAN_POINT('',(0.00616139654046896,0.127,-0.0331668085994281));
#8369=CARTESIAN_POINT('',(0.019095709995627,0.127,-0.0278092405463168));
#8370=CARTESIAN_POINT('',(0.00439418996969,0.127,0.000232503036955644));
#8371=CARTESIAN_POINT('',(0.00568585853712564,0.127,-0.0241793805130745));
#8372=CARTESIAN_POINT('',(0.00938137666717079,0.127,-0.0226486467836142));
#8373=CARTESIAN_POINT('',(0.0130768947972159,0.127,-0.0211179130541539));
#8374=CARTESIAN_POINT('',(-0.00327156599946751,0.127,-0.00294275705131191));
#8375=CARTESIAN_POINT('',(3.42901103761259E-18,0.127,-0.028));
#8376=CARTESIAN_POINT('',(3.42901103761259E-18,0.127,-0.0305));
#8377=CARTESIAN_POINT('',(0.0197989898732233,0.127,0.0197989898732233));
#8378=CARTESIAN_POINT('',(0.0197989898732233,0.127,0.0172989898732233));
#8379=CARTESIAN_POINT('',(0.0304880245728725,0.127,0.012628553268048));
#8380=CARTESIAN_POINT('',(0.0331668085994281,0.127,0.00616139654046896));
#8381=CARTESIAN_POINT('',(0.0278092405463168,0.127,0.019095709995627));
#8382=CARTESIAN_POINT('',(-0.000232503036955644,0.127,0.00439418996969));
#8383=CARTESIAN_POINT('',(0.0241793805130745,0.127,0.00568585853712564));
#8384=CARTESIAN_POINT('',(0.0226486467836142,0.127,0.00938137666717079));
#8385=CARTESIAN_POINT('',(0.0211179130541539,0.127,0.0130768947972159));
#8386=CARTESIAN_POINT('',(0.00294275705131191,0.127,-0.00327156599946751));
#8387=CARTESIAN_POINT('',(0.028,0.127,1.71450551880629E-18));
#8388=CARTESIAN_POINT('',(0.028,0.127,-0.0025));
#8389=CARTESIAN_POINT('',(0.,0.127,0.028));
#8390=CARTESIAN_POINT('',(0.,0.127,0.0255));
#8391=CARTESIAN_POINT('',(-1.99493199737333E-17,0.127,1.64798730217796E-17));
#8392=CARTESIAN_POINT('',(0.00831845998121389,0.127,-0.0168037413554525));
#8393=CARTESIAN_POINT('',(0.0168037413554525,0.127,-0.00831845998121389));
#8394=CARTESIAN_POINT('',(-1.99493199737333E-17,0.127,1.64798730217796E-17));
#8395=CARTESIAN_POINT('',(0.012628553268048,0.127,0.0304880245728725));
#8396=CARTESIAN_POINT('',(0.019095709995627,0.127,0.0278092405463168));
#8397=CARTESIAN_POINT('',(0.00616139654046895,0.127,0.0331668085994281));
#8398=CARTESIAN_POINT('',(-0.00327156599946751,0.127,0.0029427570513119));
#8399=CARTESIAN_POINT('',(0.0130768947972159,0.127,0.0211179130541539));
#8400=CARTESIAN_POINT('',(0.00938137666717077,0.127,0.0226486467836142));
#8401=CARTESIAN_POINT('',(0.00568585853712563,0.127,0.0241793805130745));
#8402=CARTESIAN_POINT('',(0.00439418996969,0.127,-0.000232503036955642));
#8403=CARTESIAN_POINT('',(0.0304880245728725,0.127,-0.012628553268048));
#8404=CARTESIAN_POINT('',(0.0278092405463168,0.127,-0.019095709995627));
#8405=CARTESIAN_POINT('',(0.0331668085994281,0.127,-0.00616139654046895));
#8406=CARTESIAN_POINT('',(0.0029427570513119,0.127,0.00327156599946751));
#8407=CARTESIAN_POINT('',(0.0211179130541539,0.127,-0.0130768947972159));
#8408=CARTESIAN_POINT('',(0.0226486467836142,0.127,-0.00938137666717077));
#8409=CARTESIAN_POINT('',(0.0241793805130745,0.127,-0.00568585853712563));
#8410=CARTESIAN_POINT('',(-0.000232503036955642,0.127,-0.00439418996969));
#8411=CARTESIAN_POINT('',(-0.012628553268048,0.127,-0.0304880245728725));
#8412=CARTESIAN_POINT('',(-0.019095709995627,0.127,-0.0278092405463168));
#8413=CARTESIAN_POINT('',(-0.00616139654046895,0.127,-0.0331668085994281));
#8414=CARTESIAN_POINT('',(0.00327156599946751,0.127,-0.0029427570513119));
#8415=CARTESIAN_POINT('',(-0.0130768947972159,0.127,-0.0211179130541539));
#8416=CARTESIAN_POINT('',(-0.00938137666717077,0.127,-0.0226486467836142));
#8417=CARTESIAN_POINT('',(-0.00568585853712563,0.127,-0.0241793805130745));
#8418=CARTESIAN_POINT('',(-0.00439418996969,0.127,0.000232503036955641));
#8419=CARTESIAN_POINT('',(-0.0304880245728725,0.127,0.012628553268048));
#8420=CARTESIAN_POINT('',(-0.0278092405463168,0.127,0.019095709995627));
#8421=CARTESIAN_POINT('',(-0.0331668085994281,0.127,0.00616139654046894));
#8422=CARTESIAN_POINT('',(-0.0029427570513119,0.127,-0.00327156599946751));
#8423=CARTESIAN_POINT('',(-0.0211179130541539,0.127,0.0130768947972159));
#8424=CARTESIAN_POINT('',(-0.0226486467836142,0.127,0.00938137666717077));
#8425=CARTESIAN_POINT('',(-0.0241793805130745,0.127,0.00568585853712563));
#8426=CARTESIAN_POINT('',(0.000232503036955641,0.127,0.00439418996969));
#8427=CARTESIAN_POINT('',(-1.99493199737333E-17,0.127,1.64798730217796E-17));
#8428=CARTESIAN_POINT('',(0.00831845998121389,0.125,-0.0168037413554525));
#8429=CARTESIAN_POINT('',(0.0168037413554525,0.125,-0.00831845998121389));
#8430=CARTESIAN_POINT('',(0.,0.127,2.4492935982947E-18));
#8431=CARTESIAN_POINT('',(0.,0.126,0.028));
#8432=CARTESIAN_POINT('',(0.028,0.126,1.71450551880629E-18));
#8433=CARTESIAN_POINT('',(0.0304880245728724,0.126,0.012628553268048));
#8434=CARTESIAN_POINT('',(0.0278092405463168,0.126,0.019095709995627));
#8435=CARTESIAN_POINT('',(0.0331668085994281,0.126,0.00616139654046896));
#8436=CARTESIAN_POINT('',(0.0244635768002354,0.126,0.0160863023964215));
#8437=CARTESIAN_POINT('',(0.0211179130541539,0.126,0.0130768947972159));
#8438=CARTESIAN_POINT('',(0.0226486467836142,0.126,0.00938137666717078));
#8439=CARTESIAN_POINT('',(0.0241793805130745,0.126,0.00568585853712564));
#8440=CARTESIAN_POINT('',(0.0286730945562514,0.126,0.0059236275387973));
#8441=CARTESIAN_POINT('',(0.012628553268048,0.126,0.0304880245728725));
#8442=CARTESIAN_POINT('',(0.00616139654046895,0.126,0.0331668085994281));
#8443=CARTESIAN_POINT('',(0.019095709995627,0.126,0.0278092405463168));
#8444=CARTESIAN_POINT('',(0.00592362753879729,0.126,0.0286730945562514));
#8445=CARTESIAN_POINT('',(0.00568585853712563,0.126,0.0241793805130745));
#8446=CARTESIAN_POINT('',(0.00938137666717078,0.126,0.0226486467836142));
#8447=CARTESIAN_POINT('',(0.0130768947972159,0.126,0.0211179130541539));
#8448=CARTESIAN_POINT('',(0.0160863023964215,0.126,0.0244635768002354));
#8449=CARTESIAN_POINT('',(0.0197989898732233,0.126,0.0197989898732233));
#8450=CARTESIAN_POINT('',(3.42901103761259E-18,0.126,-0.028));
#8451=CARTESIAN_POINT('',(0.012628553268048,0.126,-0.0304880245728724));
#8452=CARTESIAN_POINT('',(0.019095709995627,0.126,-0.0278092405463168));
#8453=CARTESIAN_POINT('',(0.00616139654046896,0.126,-0.0331668085994281));
#8454=CARTESIAN_POINT('',(0.0160863023964215,0.126,-0.0244635768002354));
#8455=CARTESIAN_POINT('',(0.0130768947972159,0.126,-0.0211179130541539));
#8456=CARTESIAN_POINT('',(0.00938137666717078,0.126,-0.0226486467836142));
#8457=CARTESIAN_POINT('',(0.00568585853712564,0.126,-0.0241793805130745));
#8458=CARTESIAN_POINT('',(0.0059236275387973,0.126,-0.0286730945562514));
#8459=CARTESIAN_POINT('',(0.0304880245728725,0.126,-0.012628553268048));
#8460=CARTESIAN_POINT('',(0.0331668085994281,0.126,-0.00616139654046895));
#8461=CARTESIAN_POINT('',(0.0278092405463168,0.126,-0.019095709995627));
#8462=CARTESIAN_POINT('',(0.0286730945562514,0.126,-0.00592362753879729));
#8463=CARTESIAN_POINT('',(0.0241793805130745,0.126,-0.00568585853712563));
#8464=CARTESIAN_POINT('',(0.0226486467836142,0.126,-0.00938137666717078));
#8465=CARTESIAN_POINT('',(0.0211179130541539,0.126,-0.0130768947972159));
#8466=CARTESIAN_POINT('',(0.0244635768002354,0.126,-0.0160863023964215));
#8467=CARTESIAN_POINT('',(0.0197989898732233,0.126,-0.0197989898732233));
#8468=CARTESIAN_POINT('',(-0.028,0.126,-5.14351655641888E-18));
#8469=CARTESIAN_POINT('',(-0.0304880245728725,0.126,-0.012628553268048));
#8470=CARTESIAN_POINT('',(-0.0278092405463168,0.126,-0.019095709995627));
#8471=CARTESIAN_POINT('',(-0.0331668085994281,0.126,-0.00616139654046897));
#8472=CARTESIAN_POINT('',(-0.0244635768002354,0.126,-0.0160863023964215));
#8473=CARTESIAN_POINT('',(-0.0211179130541539,0.126,-0.0130768947972159));
#8474=CARTESIAN_POINT('',(-0.0226486467836142,0.126,-0.00938137666717079));
#8475=CARTESIAN_POINT('',(-0.0241793805130745,0.126,-0.00568585853712564));
#8476=CARTESIAN_POINT('',(-0.0286730945562514,0.126,-0.0059236275387973));
#8477=CARTESIAN_POINT('',(-0.012628553268048,0.126,-0.0304880245728725));
#8478=CARTESIAN_POINT('',(-0.00616139654046895,0.126,-0.0331668085994281));
#8479=CARTESIAN_POINT('',(-0.019095709995627,0.126,-0.0278092405463168));
#8480=CARTESIAN_POINT('',(-0.00592362753879729,0.126,-0.0286730945562514));
#8481=CARTESIAN_POINT('',(-0.00568585853712563,0.126,-0.0241793805130745));
#8482=CARTESIAN_POINT('',(-0.00938137666717077,0.126,-0.0226486467836142));
#8483=CARTESIAN_POINT('',(-0.0130768947972159,0.126,-0.0211179130541539));
#8484=CARTESIAN_POINT('',(-0.0160863023964215,0.126,-0.0244635768002354));
#8485=CARTESIAN_POINT('',(-0.0197989898732233,0.126,-0.0197989898732233));
#8486=CARTESIAN_POINT('',(-0.012628553268048,0.126,0.0304880245728724));
#8487=CARTESIAN_POINT('',(-0.019095709995627,0.126,0.0278092405463168));
#8488=CARTESIAN_POINT('',(-0.00616139654046897,0.126,0.0331668085994281));
#8489=CARTESIAN_POINT('',(-0.0160863023964215,0.126,0.0244635768002354));
#8490=CARTESIAN_POINT('',(-0.0130768947972159,0.126,0.0211179130541539));
#8491=CARTESIAN_POINT('',(-0.00938137666717079,0.126,0.0226486467836142));
#8492=CARTESIAN_POINT('',(-0.00568585853712565,0.126,0.0241793805130745));
#8493=CARTESIAN_POINT('',(-0.00592362753879731,0.126,0.0286730945562514));
#8494=CARTESIAN_POINT('',(-0.0304880245728725,0.126,0.012628553268048));
#8495=CARTESIAN_POINT('',(-0.0331668085994281,0.126,0.00616139654046894));
#8496=CARTESIAN_POINT('',(-0.0278092405463168,0.126,0.019095709995627));
#8497=CARTESIAN_POINT('',(-0.0286730945562514,0.126,0.00592362753879728));
#8498=CARTESIAN_POINT('',(-0.0241793805130745,0.126,0.00568585853712563));
#8499=CARTESIAN_POINT('',(-0.0226486467836142,0.126,0.00938137666717077));
#8500=CARTESIAN_POINT('',(-0.0211179130541539,0.126,0.0130768947972159));
#8501=CARTESIAN_POINT('',(-0.0244635768002354,0.126,0.0160863023964215));
#8502=CARTESIAN_POINT('',(-0.0197989898732233,0.126,0.0197989898732233));
#8503=CARTESIAN_POINT('',(7.80625564189563E-18,0.125,-6.07153216591882E-18));
#8504=CARTESIAN_POINT('',(0.0168037413554525,0.125,-0.00831845998121389));
#8505=CARTESIAN_POINT('',(0.0168037413554525,0.125,-0.00831845998121389));
#8506=CARTESIAN_POINT('',(0.00831845998121389,0.125,-0.0168037413554525));
#8507=CARTESIAN_POINT('',(0.00831845998121389,0.125,-0.0168037413554525));
#8508=CARTESIAN_POINT('',(7.80625564189563E-18,0.125,-6.07153216591882E-18));
#8509=CARTESIAN_POINT('',(0.00725779980943407,0.125,-0.00725779980943406));
#8510=CARTESIAN_POINT('',(0.0115004404965533,0.125,-0.00301515912231478));
#8511=CARTESIAN_POINT('',(0.0115004404965533,0.125,-0.00301515912231478));
#8512=CARTESIAN_POINT('',(0.00725779980943407,0.125,-0.00725779980943406));
#8513=CARTESIAN_POINT('',(0.00301515912231478,0.125,-0.0115004404965533));
#8514=CARTESIAN_POINT('',(0.00301515912231478,0.125,-0.0115004404965533));
#8515=CARTESIAN_POINT('',(0.0141520909260029,0.125,-0.00566680955176433));
#8516=CARTESIAN_POINT('',(0.0141520909260029,0.125,-0.00566680955176433));
#8517=CARTESIAN_POINT('',(0.012,0.125,9.18485099360515E-20));
#8518=CARTESIAN_POINT('',(0.012,0.125,9.18485099360515E-20));
#8519=CARTESIAN_POINT('',(0.012,0.125,-0.0015));
#8520=CARTESIAN_POINT('',(0.,0.125,-0.012));
#8521=CARTESIAN_POINT('',(0.,0.125,-0.012));
#8522=CARTESIAN_POINT('',(0.,0.125,-0.0135));
#8523=CARTESIAN_POINT('',(-0.012,0.125,9.18485099360515E-20));
#8524=CARTESIAN_POINT('',(-0.012,0.125,9.18485099360515E-20));
#8525=CARTESIAN_POINT('',(-0.012,0.125,-0.0015));
#8526=CARTESIAN_POINT('',(0.00566680955176433,0.125,-0.0141520909260029));
#8527=CARTESIAN_POINT('',(0.00566680955176433,0.125,-0.0141520909260029));
#8528=CARTESIAN_POINT('',(-2.16840434497101E-19,0.125,0.012));
#8529=CARTESIAN_POINT('',(-2.16840434497101E-19,0.125,0.012));
#8530=CARTESIAN_POINT('',(-2.16840434497101E-19,0.125,0.0105));
#8531=CARTESIAN_POINT('',(0.,0.125,0.));
#8532=MECHANICAL_DESIGN_GEOMETRIC_PRESENTATION_REPRESENTATION('',(#4448),
#8533);
#8533=(
GEOMETRIC_REPRESENTATION_CONTEXT(3)
GLOBAL_UNCERTAINTY_ASSIGNED_CONTEXT((#8534))
GLOBAL_UNIT_ASSIGNED_CONTEXT((#8537,#8536,#8535))
REPRESENTATION_CONTEXT('Tail Boolean','TOP_LEVEL_ASSEMBLY_PART')
);
#8534=UNCERTAINTY_MEASURE_WITH_UNIT(LENGTH_MEASURE(2.E-5),#8537,
'DISTANCE_ACCURACY_VALUE','Maximum Tolerance applied to model');
#8535=(
NAMED_UNIT(*)
SI_UNIT($,.STERADIAN.)
SOLID_ANGLE_UNIT()
);
#8536=(
NAMED_UNIT(*)
PLANE_ANGLE_UNIT()
SI_UNIT($,.RADIAN.)
);
#8537=(
LENGTH_UNIT()
NAMED_UNIT(*)
SI_UNIT($,.METRE.)
);
#8538=PRODUCT_DEFINITION_SHAPE('','',#8539);
#8539=PRODUCT_DEFINITION('','',#8541,#8540);
#8540=PRODUCT_DEFINITION_CONTEXT('',#8547,'design');
#8541=PRODUCT_DEFINITION_FORMATION_WITH_SPECIFIED_SOURCE('','',#8543,
 .NOT_KNOWN.);
#8542=PRODUCT_RELATED_PRODUCT_CATEGORY('','',(#8543));
#8543=PRODUCT('Tail Boolean','Tail Boolean','Tail Boolean',(#8545));
#8544=PRODUCT_CATEGORY('','');
#8545=PRODUCT_CONTEXT('',#8547,'mechanical');
#8546=APPLICATION_PROTOCOL_DEFINITION('international standard',
'ap242_managed_model_based_3d_engineering',2020,#8547);
#8547=APPLICATION_CONTEXT('managed model based 3d engineering');
ENDSEC;
END-ISO-10303-21;
