ISO-10303-21;
HEADER;
/* Generated by software containing ST-Developer
 * from STEP Tools, Inc. (www.steptools.com) 
 */
/* OPTION: using custom renumber hook */

FILE_DESCRIPTION(
/* description */ ('STEP AP242 Edition 2',
'CAx-IF Rec.Pracs.---Representation and Presentation of Product Manufa
cturing Information (PMI)---4.0---2014-10-13',
'CAx-IF Rec.Pracs.---3D Tessellated Geometry---0.4---2014-09-14','2;1',
'CAx-IF Rec.Pracs.---User Defined Attributes---1.5---2016-08-15'),
/* implementation_level */ '2;1');

FILE_NAME(
/* name */ 'Tail - Tail to Pvc Ring',
/* time_stamp */ '2026-08-23T20:30:41Z',
/* author */ (''),
/* organization */ (''),
/* preprocessor_version */ 'ST-DEVELOPER v20',
/* originating_system */ 'ONSHAPE BY PTC INC, 1.219',
/* authorisation */ '  ');

FILE_SCHEMA (('AP242_MANAGED_MODEL_BASED_3D_ENGINEERING_MIM_LF { 1 0 10303 442 3 1 4 }'));
ENDSEC;

DATA;
#10=SHAPE_REPRESENTATION_RELATIONSHIP('','',#855,#11);
#11=ADVANCED_BREP_SHAPE_REPRESENTATION('',(#853),#1735);
#12=(
BOUNDED_SURFACE()
B_SPLINE_SURFACE(3,3,((#1606,#1607,#1608,#1609),(#1610,#1611,#1612,#1613),
(#1614,#1615,#1616,#1617),(#1618,#1619,#1620,#1621)),
 .SURF_OF_REVOLUTION.,.F.,.F.,.F.)
B_SPLINE_SURFACE_WITH_KNOTS((4,4),(4,4),(0.838277130910353,1.),(0.,1.),
 .PIECEWISE_BEZIER_KNOTS.)
GEOMETRIC_REPRESENTATION_ITEM()
RATIONAL_B_SPLINE_SURFACE(((1.,0.954841617408702,0.954841617408702,1.),
(1.,0.954841617408702,0.954841617408702,1.),(1.,0.954841617408702,0.954841617408702,
1.),(1.,0.954841617408702,0.954841617408702,1.)))
REPRESENTATION_ITEM('')
SURFACE()
);
#13=(
BOUNDED_SURFACE()
B_SPLINE_SURFACE(3,3,((#1622,#1623,#1624,#1625),(#1626,#1627,#1628,#1629),
(#1630,#1631,#1632,#1633),(#1634,#1635,#1636,#1637)),
 .SURF_OF_REVOLUTION.,.F.,.F.,.F.)
B_SPLINE_SURFACE_WITH_KNOTS((4,4),(4,4),(0.838277130910353,1.),(0.,1.),
 .PIECEWISE_BEZIER_KNOTS.)
GEOMETRIC_REPRESENTATION_ITEM()
RATIONAL_B_SPLINE_SURFACE(((1.,0.954841617408702,0.954841617408702,1.),
(1.,0.954841617408702,0.954841617408702,1.),(1.,0.954841617408702,0.954841617408702,
1.),(1.,0.954841617408702,0.954841617408702,1.)))
REPRESENTATION_ITEM('')
SURFACE()
);
#14=(
BOUNDED_SURFACE()
B_SPLINE_SURFACE(3,3,((#1638,#1639,#1640,#1641),(#1642,#1643,#1644,#1645),
(#1646,#1647,#1648,#1649),(#1650,#1651,#1652,#1653)),
 .SURF_OF_REVOLUTION.,.F.,.F.,.F.)
B_SPLINE_SURFACE_WITH_KNOTS((4,4),(4,4),(0.838277130910353,1.),(0.,1.),
 .PIECEWISE_BEZIER_KNOTS.)
GEOMETRIC_REPRESENTATION_ITEM()
RATIONAL_B_SPLINE_SURFACE(((1.,0.954841617408702,0.954841617408702,1.),
(1.,0.954841617408702,0.954841617408702,1.),(1.,0.954841617408702,0.954841617408702,
1.),(1.,0.954841617408702,0.954841617408702,1.)))
REPRESENTATION_ITEM('')
SURFACE()
);
#15=(
BOUNDED_SURFACE()
B_SPLINE_SURFACE(3,3,((#1654,#1655,#1656,#1657),(#1658,#1659,#1660,#1661),
(#1662,#1663,#1664,#1665),(#1666,#1667,#1668,#1669)),
 .SURF_OF_REVOLUTION.,.F.,.F.,.F.)
B_SPLINE_SURFACE_WITH_KNOTS((4,4),(4,4),(0.838277130910353,1.),(0.,1.),
 .PIECEWISE_BEZIER_KNOTS.)
GEOMETRIC_REPRESENTATION_ITEM()
RATIONAL_B_SPLINE_SURFACE(((1.,0.954841617408702,0.954841617408702,1.),
(1.,0.954841617408702,0.954841617408702,1.),(1.,0.954841617408702,0.954841617408702,
1.),(1.,0.954841617408702,0.954841617408702,1.)))
REPRESENTATION_ITEM('')
SURFACE()
);
#16=(
BOUNDED_SURFACE()
B_SPLINE_SURFACE(3,3,((#1670,#1671,#1672,#1673),(#1674,#1675,#1676,#1677),
(#1678,#1679,#1680,#1681),(#1682,#1683,#1684,#1685)),
 .SURF_OF_REVOLUTION.,.F.,.F.,.F.)
B_SPLINE_SURFACE_WITH_KNOTS((4,4),(4,4),(0.838277130910353,1.),(0.,1.),
 .PIECEWISE_BEZIER_KNOTS.)
GEOMETRIC_REPRESENTATION_ITEM()
RATIONAL_B_SPLINE_SURFACE(((1.,0.954841617408702,0.954841617408702,1.),
(1.,0.954841617408702,0.954841617408702,1.),(1.,0.954841617408702,0.954841617408702,
1.),(1.,0.954841617408702,0.954841617408702,1.)))
REPRESENTATION_ITEM('')
SURFACE()
);
#17=(
BOUNDED_SURFACE()
B_SPLINE_SURFACE(3,3,((#1686,#1687,#1688,#1689),(#1690,#1691,#1692,#1693),
(#1694,#1695,#1696,#1697),(#1698,#1699,#1700,#1701)),
 .SURF_OF_REVOLUTION.,.F.,.F.,.F.)
B_SPLINE_SURFACE_WITH_KNOTS((4,4),(4,4),(0.838277130910353,1.),(0.,1.),
 .PIECEWISE_BEZIER_KNOTS.)
GEOMETRIC_REPRESENTATION_ITEM()
RATIONAL_B_SPLINE_SURFACE(((1.,0.954841617408702,0.954841617408702,1.),
(1.,0.954841617408702,0.954841617408702,1.),(1.,0.954841617408702,0.954841617408702,
1.),(1.,0.954841617408702,0.954841617408702,1.)))
REPRESENTATION_ITEM('')
SURFACE()
);
#18=(
BOUNDED_SURFACE()
B_SPLINE_SURFACE(3,3,((#1702,#1703,#1704,#1705),(#1706,#1707,#1708,#1709),
(#1710,#1711,#1712,#1713),(#1714,#1715,#1716,#1717)),
 .SURF_OF_REVOLUTION.,.F.,.F.,.F.)
B_SPLINE_SURFACE_WITH_KNOTS((4,4),(4,4),(0.838277130910353,1.),(0.,1.),
 .PIECEWISE_BEZIER_KNOTS.)
GEOMETRIC_REPRESENTATION_ITEM()
RATIONAL_B_SPLINE_SURFACE(((1.,0.954841617408702,0.954841617408702,1.),
(1.,0.954841617408702,0.954841617408702,1.),(1.,0.954841617408702,0.954841617408702,
1.),(1.,0.954841617408702,0.954841617408702,1.)))
REPRESENTATION_ITEM('')
SURFACE()
);
#19=(
BOUNDED_SURFACE()
B_SPLINE_SURFACE(3,3,((#1718,#1719,#1720,#1721),(#1722,#1723,#1724,#1725),
(#1726,#1727,#1728,#1729),(#1730,#1731,#1732,#1733)),
 .SURF_OF_REVOLUTION.,.F.,.F.,.F.)
B_SPLINE_SURFACE_WITH_KNOTS((4,4),(4,4),(0.838277130910353,1.),(0.,1.),
 .PIECEWISE_BEZIER_KNOTS.)
GEOMETRIC_REPRESENTATION_ITEM()
RATIONAL_B_SPLINE_SURFACE(((1.,0.954841617408702,0.954841617408702,1.),
(1.,0.954841617408702,0.954841617408702,1.),(1.,0.954841617408702,0.954841617408702,
1.),(1.,0.954841617408702,0.954841617408702,1.)))
REPRESENTATION_ITEM('')
SURFACE()
);
#20=B_SPLINE_SURFACE_WITH_KNOTS('',3,1,((#1285,#1286),(#1287,#1288),(#1289,
#1290),(#1291,#1292)),.SURF_OF_LINEAR_EXTRUSION.,.F.,.F.,.F.,(4,4),(2,2),
(0.,0.144245383144773),(0.,1.),.PIECEWISE_BEZIER_KNOTS.);
#21=B_SPLINE_SURFACE_WITH_KNOTS('',3,1,((#1324,#1325),(#1326,#1327),(#1328,
#1329),(#1330,#1331)),.SURF_OF_LINEAR_EXTRUSION.,.F.,.F.,.F.,(4,4),(2,2),
(0.,0.144245383144773),(0.,1.),.PIECEWISE_BEZIER_KNOTS.);
#22=B_SPLINE_SURFACE_WITH_KNOTS('',3,1,((#1363,#1364),(#1365,#1366),(#1367,
#1368),(#1369,#1370)),.SURF_OF_LINEAR_EXTRUSION.,.F.,.F.,.F.,(4,4),(2,2),
(0.,0.144245383144773),(0.,1.),.PIECEWISE_BEZIER_KNOTS.);
#23=B_SPLINE_SURFACE_WITH_KNOTS('',3,1,((#1402,#1403),(#1404,#1405),(#1406,
#1407),(#1408,#1409)),.SURF_OF_LINEAR_EXTRUSION.,.F.,.F.,.F.,(4,4),(2,2),
(0.,0.144245383144773),(0.,1.),.PIECEWISE_BEZIER_KNOTS.);
#24=B_SPLINE_SURFACE_WITH_KNOTS('',3,1,((#1441,#1442),(#1443,#1444),(#1445,
#1446),(#1447,#1448)),.SURF_OF_LINEAR_EXTRUSION.,.F.,.F.,.F.,(4,4),(2,2),
(0.,0.144245383144773),(0.,1.),.PIECEWISE_BEZIER_KNOTS.);
#25=B_SPLINE_SURFACE_WITH_KNOTS('',3,1,((#1480,#1481),(#1482,#1483),(#1484,
#1485),(#1486,#1487)),.SURF_OF_LINEAR_EXTRUSION.,.F.,.F.,.F.,(4,4),(2,2),
(0.,0.144245383144773),(0.,1.),.PIECEWISE_BEZIER_KNOTS.);
#26=B_SPLINE_SURFACE_WITH_KNOTS('',3,1,((#1519,#1520),(#1521,#1522),(#1523,
#1524),(#1525,#1526)),.SURF_OF_LINEAR_EXTRUSION.,.F.,.F.,.F.,(4,4),(2,2),
(0.,0.144245383144773),(0.,1.),.PIECEWISE_BEZIER_KNOTS.);
#27=B_SPLINE_SURFACE_WITH_KNOTS('',3,1,((#1558,#1559),(#1560,#1561),(#1562,
#1563),(#1564,#1565)),.SURF_OF_LINEAR_EXTRUSION.,.F.,.F.,.F.,(4,4),(2,2),
(0.,0.144245383144773),(0.,1.),.PIECEWISE_BEZIER_KNOTS.);
#28=B_SPLINE_CURVE_WITH_KNOTS('',3,(#1173,#1174,#1175,#1176),
 .UNSPECIFIED.,.F.,.F.,(4,4),(0.,0.00300000000000001),.UNSPECIFIED.);
#29=B_SPLINE_CURVE_WITH_KNOTS('',3,(#1179,#1180,#1181,#1182),
 .UNSPECIFIED.,.F.,.F.,(4,4),(0.0126275555081333,0.0160940847023943),
 .UNSPECIFIED.);
#30=B_SPLINE_CURVE_WITH_KNOTS('',3,(#1183,#1184,#1185,#1186),
 .UNSPECIFIED.,.F.,.F.,(4,4),(0.051698579451648,0.0551651086355783),
 .UNSPECIFIED.);
#31=B_SPLINE_CURVE_WITH_KNOTS('',3,(#1188,#1189,#1190,#1191),
 .UNSPECIFIED.,.F.,.F.,(4,4),(0.,0.003),.UNSPECIFIED.);
#32=B_SPLINE_CURVE_WITH_KNOTS('',3,(#1193,#1194,#1195,#1196),
 .UNSPECIFIED.,.F.,.F.,(4,4),(0.051698579451648,0.0551651086355783),
 .UNSPECIFIED.);
#33=B_SPLINE_CURVE_WITH_KNOTS('',3,(#1197,#1198,#1199,#1200),
 .UNSPECIFIED.,.F.,.F.,(4,4),(0.0126275555081333,0.0160940847023943),
 .UNSPECIFIED.);
#34=B_SPLINE_CURVE_WITH_KNOTS('',3,(#1202,#1203,#1204,#1205),
 .UNSPECIFIED.,.F.,.F.,(4,4),(0.,0.00300000000000001),.UNSPECIFIED.);
#35=B_SPLINE_CURVE_WITH_KNOTS('',3,(#1207,#1208,#1209,#1210),
 .UNSPECIFIED.,.F.,.F.,(4,4),(0.0126275555081333,0.0160940847023943),
 .UNSPECIFIED.);
#36=B_SPLINE_CURVE_WITH_KNOTS('',3,(#1211,#1212,#1213,#1214),
 .UNSPECIFIED.,.F.,.F.,(4,4),(0.051698579451648,0.0551651086355783),
 .UNSPECIFIED.);
#37=B_SPLINE_CURVE_WITH_KNOTS('',3,(#1216,#1217,#1218,#1219),
 .UNSPECIFIED.,.F.,.F.,(4,4),(0.,0.003),.UNSPECIFIED.);
#38=B_SPLINE_CURVE_WITH_KNOTS('',3,(#1221,#1222,#1223,#1224),
 .UNSPECIFIED.,.F.,.F.,(4,4),(0.051698579451648,0.0551651086355783),
 .UNSPECIFIED.);
#39=B_SPLINE_CURVE_WITH_KNOTS('',3,(#1225,#1226,#1227,#1228),
 .UNSPECIFIED.,.F.,.F.,(4,4),(0.0126275555081333,0.0160940847023943),
 .UNSPECIFIED.);
#40=B_SPLINE_CURVE_WITH_KNOTS('',3,(#1230,#1231,#1232,#1233),
 .UNSPECIFIED.,.F.,.F.,(4,4),(0.,0.00300000000000001),.UNSPECIFIED.);
#41=B_SPLINE_CURVE_WITH_KNOTS('',3,(#1235,#1236,#1237,#1238),
 .UNSPECIFIED.,.F.,.F.,(4,4),(0.0126275555081333,0.0160940847023943),
 .UNSPECIFIED.);
#42=B_SPLINE_CURVE_WITH_KNOTS('',3,(#1239,#1240,#1241,#1242),
 .UNSPECIFIED.,.F.,.F.,(4,4),(0.051698579451648,0.0551651086355783),
 .UNSPECIFIED.);
#43=B_SPLINE_CURVE_WITH_KNOTS('',3,(#1244,#1245,#1246,#1247),
 .UNSPECIFIED.,.F.,.F.,(4,4),(0.,0.003),.UNSPECIFIED.);
#44=B_SPLINE_CURVE_WITH_KNOTS('',3,(#1249,#1250,#1251,#1252),
 .UNSPECIFIED.,.F.,.F.,(4,4),(0.051698579451648,0.0551651086355783),
 .UNSPECIFIED.);
#45=B_SPLINE_CURVE_WITH_KNOTS('',3,(#1253,#1254,#1255,#1256),
 .UNSPECIFIED.,.F.,.F.,(4,4),(0.0126275555081333,0.0160940847023943),
 .UNSPECIFIED.);
#46=B_SPLINE_CURVE_WITH_KNOTS('',3,(#1258,#1259,#1260,#1261),
 .UNSPECIFIED.,.F.,.F.,(4,4),(0.,0.00300000000000001),.UNSPECIFIED.);
#47=B_SPLINE_CURVE_WITH_KNOTS('',3,(#1263,#1264,#1265,#1266),
 .UNSPECIFIED.,.F.,.F.,(4,4),(0.0126275555081333,0.0160940847023943),
 .UNSPECIFIED.);
#48=B_SPLINE_CURVE_WITH_KNOTS('',3,(#1267,#1268,#1269,#1270),
 .UNSPECIFIED.,.F.,.F.,(4,4),(0.051698579451648,0.0551651086355783),
 .UNSPECIFIED.);
#49=B_SPLINE_CURVE_WITH_KNOTS('',3,(#1272,#1273,#1274,#1275),
 .UNSPECIFIED.,.F.,.F.,(4,4),(0.,0.003),.UNSPECIFIED.);
#50=B_SPLINE_CURVE_WITH_KNOTS('',3,(#1277,#1278,#1279,#1280),
 .UNSPECIFIED.,.F.,.F.,(4,4),(0.051698579451648,0.0551651086355783),
 .UNSPECIFIED.);
#51=B_SPLINE_CURVE_WITH_KNOTS('',3,(#1281,#1282,#1283,#1284),
 .UNSPECIFIED.,.F.,.F.,(4,4),(0.0126275555081333,0.0160940847023943),
 .UNSPECIFIED.);
#52=B_SPLINE_CURVE_WITH_KNOTS('',3,(#1293,#1294,#1295,#1296,#1297),
 .UNSPECIFIED.,.F.,.F.,(4,1,4),(0.,0.560086356237625,1.),.UNSPECIFIED.);
#53=B_SPLINE_CURVE_WITH_KNOTS('',3,(#1301,#1302,#1303,#1304,#1305),
 .UNSPECIFIED.,.F.,.F.,(4,1,4),(0.,0.560086356237625,1.),.UNSPECIFIED.);
#54=B_SPLINE_CURVE_WITH_KNOTS('',3,(#1309,#1310,#1311,#1312,#1313,#1314),
 .UNSPECIFIED.,.F.,.F.,(4,1,1,4),(0.,0.00375266899905163,0.00750533799810325,
0.0150106759962065),.UNSPECIFIED.);
#55=B_SPLINE_CURVE_WITH_KNOTS('',3,(#1316,#1317,#1318,#1319,#1320,#1321),
 .UNSPECIFIED.,.F.,.F.,(4,1,1,4),(0.,0.00375266899905163,0.00750533799810325,
0.0150106759962065),.UNSPECIFIED.);
#56=B_SPLINE_CURVE_WITH_KNOTS('',3,(#1332,#1333,#1334,#1335,#1336),
 .UNSPECIFIED.,.F.,.F.,(4,1,4),(0.,0.560086356237625,1.),.UNSPECIFIED.);
#57=B_SPLINE_CURVE_WITH_KNOTS('',3,(#1340,#1341,#1342,#1343,#1344),
 .UNSPECIFIED.,.F.,.F.,(4,1,4),(0.,0.560086356237625,1.),.UNSPECIFIED.);
#58=B_SPLINE_CURVE_WITH_KNOTS('',3,(#1348,#1349,#1350,#1351,#1352,#1353),
 .UNSPECIFIED.,.F.,.F.,(4,1,1,4),(0.,0.00375266899905163,0.00750533799810325,
0.0150106759962065),.UNSPECIFIED.);
#59=B_SPLINE_CURVE_WITH_KNOTS('',3,(#1355,#1356,#1357,#1358,#1359,#1360),
 .UNSPECIFIED.,.F.,.F.,(4,1,1,4),(0.,0.00375266899905163,0.00750533799810325,
0.0150106759962065),.UNSPECIFIED.);
#60=B_SPLINE_CURVE_WITH_KNOTS('',3,(#1371,#1372,#1373,#1374,#1375),
 .UNSPECIFIED.,.F.,.F.,(4,1,4),(0.,0.560086356237625,1.),.UNSPECIFIED.);
#61=B_SPLINE_CURVE_WITH_KNOTS('',3,(#1379,#1380,#1381,#1382,#1383),
 .UNSPECIFIED.,.F.,.F.,(4,1,4),(0.,0.560086356237625,1.),.UNSPECIFIED.);
#62=B_SPLINE_CURVE_WITH_KNOTS('',3,(#1387,#1388,#1389,#1390,#1391,#1392),
 .UNSPECIFIED.,.F.,.F.,(4,1,1,4),(0.,0.00375266899905163,0.00750533799810325,
0.0150106759962065),.UNSPECIFIED.);
#63=B_SPLINE_CURVE_WITH_KNOTS('',3,(#1394,#1395,#1396,#1397,#1398,#1399),
 .UNSPECIFIED.,.F.,.F.,(4,1,1,4),(0.,0.00375266899905163,0.00750533799810325,
0.0150106759962065),.UNSPECIFIED.);
#64=B_SPLINE_CURVE_WITH_KNOTS('',3,(#1410,#1411,#1412,#1413,#1414),
 .UNSPECIFIED.,.F.,.F.,(4,1,4),(0.,0.560086356237625,1.),.UNSPECIFIED.);
#65=B_SPLINE_CURVE_WITH_KNOTS('',3,(#1418,#1419,#1420,#1421,#1422),
 .UNSPECIFIED.,.F.,.F.,(4,1,4),(0.,0.560086356237625,1.),.UNSPECIFIED.);
#66=B_SPLINE_CURVE_WITH_KNOTS('',3,(#1426,#1427,#1428,#1429,#1430,#1431),
 .UNSPECIFIED.,.F.,.F.,(4,1,1,4),(0.,0.00375266899905163,0.00750533799810325,
0.0150106759962065),.UNSPECIFIED.);
#67=B_SPLINE_CURVE_WITH_KNOTS('',3,(#1433,#1434,#1435,#1436,#1437,#1438),
 .UNSPECIFIED.,.F.,.F.,(4,1,1,4),(0.,0.00375266899905163,0.00750533799810325,
0.0150106759962065),.UNSPECIFIED.);
#68=B_SPLINE_CURVE_WITH_KNOTS('',3,(#1449,#1450,#1451,#1452,#1453),
 .UNSPECIFIED.,.F.,.F.,(4,1,4),(0.,0.560086356237625,1.),.UNSPECIFIED.);
#69=B_SPLINE_CURVE_WITH_KNOTS('',3,(#1457,#1458,#1459,#1460,#1461),
 .UNSPECIFIED.,.F.,.F.,(4,1,4),(0.,0.560086356237625,1.),.UNSPECIFIED.);
#70=B_SPLINE_CURVE_WITH_KNOTS('',3,(#1465,#1466,#1467,#1468,#1469,#1470),
 .UNSPECIFIED.,.F.,.F.,(4,1,1,4),(0.,0.00375266899905163,0.00750533799810325,
0.0150106759962065),.UNSPECIFIED.);
#71=B_SPLINE_CURVE_WITH_KNOTS('',3,(#1472,#1473,#1474,#1475,#1476,#1477),
 .UNSPECIFIED.,.F.,.F.,(4,1,1,4),(0.,0.00375266899905163,0.00750533799810325,
0.0150106759962065),.UNSPECIFIED.);
#72=B_SPLINE_CURVE_WITH_KNOTS('',3,(#1488,#1489,#1490,#1491,#1492),
 .UNSPECIFIED.,.F.,.F.,(4,1,4),(0.,0.560086356237625,1.),.UNSPECIFIED.);
#73=B_SPLINE_CURVE_WITH_KNOTS('',3,(#1496,#1497,#1498,#1499,#1500),
 .UNSPECIFIED.,.F.,.F.,(4,1,4),(0.,0.560086356237625,1.),.UNSPECIFIED.);
#74=B_SPLINE_CURVE_WITH_KNOTS('',3,(#1504,#1505,#1506,#1507,#1508,#1509),
 .UNSPECIFIED.,.F.,.F.,(4,1,1,4),(0.,0.00375266899905163,0.00750533799810325,
0.0150106759962065),.UNSPECIFIED.);
#75=B_SPLINE_CURVE_WITH_KNOTS('',3,(#1511,#1512,#1513,#1514,#1515,#1516),
 .UNSPECIFIED.,.F.,.F.,(4,1,1,4),(0.,0.00375266899905163,0.00750533799810325,
0.0150106759962065),.UNSPECIFIED.);
#76=B_SPLINE_CURVE_WITH_KNOTS('',3,(#1527,#1528,#1529,#1530,#1531),
 .UNSPECIFIED.,.F.,.F.,(4,1,4),(0.,0.560086356237625,1.),.UNSPECIFIED.);
#77=B_SPLINE_CURVE_WITH_KNOTS('',3,(#1535,#1536,#1537,#1538,#1539),
 .UNSPECIFIED.,.F.,.F.,(4,1,4),(0.,0.560086356237625,1.),.UNSPECIFIED.);
#78=B_SPLINE_CURVE_WITH_KNOTS('',3,(#1543,#1544,#1545,#1546,#1547,#1548),
 .UNSPECIFIED.,.F.,.F.,(4,1,1,4),(0.,0.00375266899905163,0.00750533799810325,
0.0150106759962065),.UNSPECIFIED.);
#79=B_SPLINE_CURVE_WITH_KNOTS('',3,(#1550,#1551,#1552,#1553,#1554,#1555),
 .UNSPECIFIED.,.F.,.F.,(4,1,1,4),(0.,0.00375266899905163,0.00750533799810325,
0.0150106759962065),.UNSPECIFIED.);
#80=B_SPLINE_CURVE_WITH_KNOTS('',3,(#1566,#1567,#1568,#1569,#1570),
 .UNSPECIFIED.,.F.,.F.,(4,1,4),(0.,0.560086356237625,1.),.UNSPECIFIED.);
#81=B_SPLINE_CURVE_WITH_KNOTS('',3,(#1574,#1575,#1576,#1577,#1578),
 .UNSPECIFIED.,.F.,.F.,(4,1,4),(0.,0.560086356237625,1.),.UNSPECIFIED.);
#82=B_SPLINE_CURVE_WITH_KNOTS('',3,(#1582,#1583,#1584,#1585,#1586,#1587),
 .UNSPECIFIED.,.F.,.F.,(4,1,1,4),(0.,0.00375266899905163,0.00750533799810325,
0.0150106759962065),.UNSPECIFIED.);
#83=B_SPLINE_CURVE_WITH_KNOTS('',3,(#1589,#1590,#1591,#1592,#1593,#1594),
 .UNSPECIFIED.,.F.,.F.,(4,1,1,4),(0.,0.00375266899905163,0.00750533799810325,
0.0150106759962065),.UNSPECIFIED.);
#84=CONICAL_SURFACE('',#892,0.0451302,0.370657460580466);
#85=CYLINDRICAL_SURFACE('',#881,0.05715);
#86=CYLINDRICAL_SURFACE('',#886,0.0511302);
#87=CYLINDRICAL_SURFACE('',#890,0.0451302);
#88=CIRCLE('',#858,0.0551841735741408);
#89=CIRCLE('',#859,0.0519310451387855);
#90=CIRCLE('',#861,0.0551841735741408);
#91=CIRCLE('',#862,0.0519310451387855);
#92=CIRCLE('',#864,0.0551841735741408);
#93=CIRCLE('',#865,0.0519310451387855);
#94=CIRCLE('',#867,0.0551841735741408);
#95=CIRCLE('',#868,0.0519310451387855);
#96=CIRCLE('',#870,0.0551841735741408);
#97=CIRCLE('',#871,0.0519310451387855);
#98=CIRCLE('',#873,0.0551841735741408);
#99=CIRCLE('',#874,0.0519310451387855);
#100=CIRCLE('',#876,0.0551841735741408);
#101=CIRCLE('',#877,0.0519310451387855);
#102=CIRCLE('',#879,0.0551841735741408);
#103=CIRCLE('',#880,0.0519310451387855);
#104=CIRCLE('',#882,0.05715);
#105=CIRCLE('',#883,0.05715);
#106=CIRCLE('',#885,0.0511302);
#107=CIRCLE('',#887,0.0511302);
#108=CIRCLE('',#889,0.0451302);
#109=CIRCLE('',#891,0.0451302);
#110=CIRCLE('',#910,0.05575);
#111=CIRCLE('',#911,0.05575);
#112=CIRCLE('',#912,0.05575);
#113=CIRCLE('',#913,0.05575);
#114=CIRCLE('',#914,0.05575);
#115=CIRCLE('',#915,0.05575);
#116=CIRCLE('',#916,0.05575);
#117=CIRCLE('',#917,0.05575);
#118=ORIENTED_EDGE('',*,*,#370,.T.);
#119=ORIENTED_EDGE('',*,*,#371,.T.);
#120=ORIENTED_EDGE('',*,*,#372,.F.);
#121=ORIENTED_EDGE('',*,*,#373,.T.);
#122=ORIENTED_EDGE('',*,*,#374,.T.);
#123=ORIENTED_EDGE('',*,*,#375,.T.);
#124=ORIENTED_EDGE('',*,*,#376,.F.);
#125=ORIENTED_EDGE('',*,*,#377,.T.);
#126=ORIENTED_EDGE('',*,*,#378,.T.);
#127=ORIENTED_EDGE('',*,*,#379,.T.);
#128=ORIENTED_EDGE('',*,*,#380,.F.);
#129=ORIENTED_EDGE('',*,*,#381,.T.);
#130=ORIENTED_EDGE('',*,*,#382,.T.);
#131=ORIENTED_EDGE('',*,*,#383,.T.);
#132=ORIENTED_EDGE('',*,*,#384,.F.);
#133=ORIENTED_EDGE('',*,*,#385,.T.);
#134=ORIENTED_EDGE('',*,*,#386,.T.);
#135=ORIENTED_EDGE('',*,*,#387,.T.);
#136=ORIENTED_EDGE('',*,*,#388,.F.);
#137=ORIENTED_EDGE('',*,*,#389,.T.);
#138=ORIENTED_EDGE('',*,*,#390,.T.);
#139=ORIENTED_EDGE('',*,*,#391,.T.);
#140=ORIENTED_EDGE('',*,*,#392,.F.);
#141=ORIENTED_EDGE('',*,*,#393,.T.);
#142=ORIENTED_EDGE('',*,*,#394,.T.);
#143=ORIENTED_EDGE('',*,*,#395,.T.);
#144=ORIENTED_EDGE('',*,*,#396,.F.);
#145=ORIENTED_EDGE('',*,*,#397,.T.);
#146=ORIENTED_EDGE('',*,*,#398,.T.);
#147=ORIENTED_EDGE('',*,*,#399,.T.);
#148=ORIENTED_EDGE('',*,*,#400,.F.);
#149=ORIENTED_EDGE('',*,*,#401,.T.);
#150=ORIENTED_EDGE('',*,*,#402,.F.);
#151=ORIENTED_EDGE('',*,*,#403,.T.);
#152=ORIENTED_EDGE('',*,*,#404,.F.);
#153=ORIENTED_EDGE('',*,*,#402,.T.);
#154=ORIENTED_EDGE('',*,*,#405,.F.);
#155=ORIENTED_EDGE('',*,*,#404,.T.);
#156=ORIENTED_EDGE('',*,*,#406,.F.);
#157=ORIENTED_EDGE('',*,*,#405,.T.);
#158=ORIENTED_EDGE('',*,*,#407,.F.);
#159=ORIENTED_EDGE('',*,*,#406,.T.);
#160=ORIENTED_EDGE('',*,*,#408,.F.);
#161=ORIENTED_EDGE('',*,*,#409,.T.);
#162=ORIENTED_EDGE('',*,*,#401,.F.);
#163=ORIENTED_EDGE('',*,*,#410,.F.);
#164=ORIENTED_EDGE('',*,*,#411,.F.);
#165=ORIENTED_EDGE('',*,*,#412,.T.);
#166=ORIENTED_EDGE('',*,*,#373,.F.);
#167=ORIENTED_EDGE('',*,*,#413,.F.);
#168=ORIENTED_EDGE('',*,*,#414,.F.);
#169=ORIENTED_EDGE('',*,*,#415,.T.);
#170=ORIENTED_EDGE('',*,*,#377,.F.);
#171=ORIENTED_EDGE('',*,*,#416,.F.);
#172=ORIENTED_EDGE('',*,*,#417,.F.);
#173=ORIENTED_EDGE('',*,*,#418,.T.);
#174=ORIENTED_EDGE('',*,*,#381,.F.);
#175=ORIENTED_EDGE('',*,*,#419,.F.);
#176=ORIENTED_EDGE('',*,*,#420,.F.);
#177=ORIENTED_EDGE('',*,*,#421,.T.);
#178=ORIENTED_EDGE('',*,*,#385,.F.);
#179=ORIENTED_EDGE('',*,*,#422,.F.);
#180=ORIENTED_EDGE('',*,*,#423,.F.);
#181=ORIENTED_EDGE('',*,*,#424,.T.);
#182=ORIENTED_EDGE('',*,*,#389,.F.);
#183=ORIENTED_EDGE('',*,*,#425,.F.);
#184=ORIENTED_EDGE('',*,*,#426,.F.);
#185=ORIENTED_EDGE('',*,*,#427,.T.);
#186=ORIENTED_EDGE('',*,*,#393,.F.);
#187=ORIENTED_EDGE('',*,*,#428,.F.);
#188=ORIENTED_EDGE('',*,*,#429,.F.);
#189=ORIENTED_EDGE('',*,*,#430,.T.);
#190=ORIENTED_EDGE('',*,*,#397,.F.);
#191=ORIENTED_EDGE('',*,*,#431,.F.);
#192=ORIENTED_EDGE('',*,*,#407,.T.);
#193=ORIENTED_EDGE('',*,*,#411,.T.);
#194=ORIENTED_EDGE('',*,*,#432,.F.);
#195=ORIENTED_EDGE('',*,*,#433,.F.);
#196=ORIENTED_EDGE('',*,*,#434,.T.);
#197=ORIENTED_EDGE('',*,*,#435,.F.);
#198=ORIENTED_EDGE('',*,*,#436,.T.);
#199=ORIENTED_EDGE('',*,*,#370,.F.);
#200=ORIENTED_EDGE('',*,*,#412,.F.);
#201=ORIENTED_EDGE('',*,*,#434,.F.);
#202=ORIENTED_EDGE('',*,*,#437,.F.);
#203=ORIENTED_EDGE('',*,*,#438,.T.);
#204=ORIENTED_EDGE('',*,*,#432,.T.);
#205=ORIENTED_EDGE('',*,*,#410,.T.);
#206=ORIENTED_EDGE('',*,*,#400,.T.);
#207=ORIENTED_EDGE('',*,*,#414,.T.);
#208=ORIENTED_EDGE('',*,*,#439,.F.);
#209=ORIENTED_EDGE('',*,*,#440,.F.);
#210=ORIENTED_EDGE('',*,*,#441,.T.);
#211=ORIENTED_EDGE('',*,*,#442,.F.);
#212=ORIENTED_EDGE('',*,*,#443,.T.);
#213=ORIENTED_EDGE('',*,*,#374,.F.);
#214=ORIENTED_EDGE('',*,*,#415,.F.);
#215=ORIENTED_EDGE('',*,*,#441,.F.);
#216=ORIENTED_EDGE('',*,*,#444,.F.);
#217=ORIENTED_EDGE('',*,*,#445,.T.);
#218=ORIENTED_EDGE('',*,*,#439,.T.);
#219=ORIENTED_EDGE('',*,*,#413,.T.);
#220=ORIENTED_EDGE('',*,*,#372,.T.);
#221=ORIENTED_EDGE('',*,*,#417,.T.);
#222=ORIENTED_EDGE('',*,*,#446,.F.);
#223=ORIENTED_EDGE('',*,*,#447,.F.);
#224=ORIENTED_EDGE('',*,*,#448,.T.);
#225=ORIENTED_EDGE('',*,*,#449,.F.);
#226=ORIENTED_EDGE('',*,*,#450,.T.);
#227=ORIENTED_EDGE('',*,*,#378,.F.);
#228=ORIENTED_EDGE('',*,*,#418,.F.);
#229=ORIENTED_EDGE('',*,*,#448,.F.);
#230=ORIENTED_EDGE('',*,*,#451,.F.);
#231=ORIENTED_EDGE('',*,*,#452,.T.);
#232=ORIENTED_EDGE('',*,*,#446,.T.);
#233=ORIENTED_EDGE('',*,*,#416,.T.);
#234=ORIENTED_EDGE('',*,*,#376,.T.);
#235=ORIENTED_EDGE('',*,*,#420,.T.);
#236=ORIENTED_EDGE('',*,*,#453,.F.);
#237=ORIENTED_EDGE('',*,*,#454,.F.);
#238=ORIENTED_EDGE('',*,*,#455,.T.);
#239=ORIENTED_EDGE('',*,*,#456,.F.);
#240=ORIENTED_EDGE('',*,*,#457,.T.);
#241=ORIENTED_EDGE('',*,*,#382,.F.);
#242=ORIENTED_EDGE('',*,*,#421,.F.);
#243=ORIENTED_EDGE('',*,*,#455,.F.);
#244=ORIENTED_EDGE('',*,*,#458,.F.);
#245=ORIENTED_EDGE('',*,*,#459,.T.);
#246=ORIENTED_EDGE('',*,*,#453,.T.);
#247=ORIENTED_EDGE('',*,*,#419,.T.);
#248=ORIENTED_EDGE('',*,*,#380,.T.);
#249=ORIENTED_EDGE('',*,*,#423,.T.);
#250=ORIENTED_EDGE('',*,*,#460,.F.);
#251=ORIENTED_EDGE('',*,*,#461,.F.);
#252=ORIENTED_EDGE('',*,*,#462,.T.);
#253=ORIENTED_EDGE('',*,*,#463,.F.);
#254=ORIENTED_EDGE('',*,*,#464,.T.);
#255=ORIENTED_EDGE('',*,*,#386,.F.);
#256=ORIENTED_EDGE('',*,*,#424,.F.);
#257=ORIENTED_EDGE('',*,*,#462,.F.);
#258=ORIENTED_EDGE('',*,*,#465,.F.);
#259=ORIENTED_EDGE('',*,*,#466,.T.);
#260=ORIENTED_EDGE('',*,*,#460,.T.);
#261=ORIENTED_EDGE('',*,*,#422,.T.);
#262=ORIENTED_EDGE('',*,*,#384,.T.);
#263=ORIENTED_EDGE('',*,*,#426,.T.);
#264=ORIENTED_EDGE('',*,*,#467,.F.);
#265=ORIENTED_EDGE('',*,*,#468,.F.);
#266=ORIENTED_EDGE('',*,*,#469,.T.);
#267=ORIENTED_EDGE('',*,*,#470,.F.);
#268=ORIENTED_EDGE('',*,*,#471,.T.);
#269=ORIENTED_EDGE('',*,*,#390,.F.);
#270=ORIENTED_EDGE('',*,*,#427,.F.);
#271=ORIENTED_EDGE('',*,*,#469,.F.);
#272=ORIENTED_EDGE('',*,*,#472,.F.);
#273=ORIENTED_EDGE('',*,*,#473,.T.);
#274=ORIENTED_EDGE('',*,*,#467,.T.);
#275=ORIENTED_EDGE('',*,*,#425,.T.);
#276=ORIENTED_EDGE('',*,*,#388,.T.);
#277=ORIENTED_EDGE('',*,*,#429,.T.);
#278=ORIENTED_EDGE('',*,*,#474,.F.);
#279=ORIENTED_EDGE('',*,*,#475,.F.);
#280=ORIENTED_EDGE('',*,*,#476,.T.);
#281=ORIENTED_EDGE('',*,*,#477,.F.);
#282=ORIENTED_EDGE('',*,*,#478,.T.);
#283=ORIENTED_EDGE('',*,*,#394,.F.);
#284=ORIENTED_EDGE('',*,*,#430,.F.);
#285=ORIENTED_EDGE('',*,*,#476,.F.);
#286=ORIENTED_EDGE('',*,*,#479,.F.);
#287=ORIENTED_EDGE('',*,*,#480,.T.);
#288=ORIENTED_EDGE('',*,*,#474,.T.);
#289=ORIENTED_EDGE('',*,*,#428,.T.);
#290=ORIENTED_EDGE('',*,*,#392,.T.);
#291=ORIENTED_EDGE('',*,*,#408,.T.);
#292=ORIENTED_EDGE('',*,*,#481,.F.);
#293=ORIENTED_EDGE('',*,*,#482,.F.);
#294=ORIENTED_EDGE('',*,*,#483,.T.);
#295=ORIENTED_EDGE('',*,*,#484,.F.);
#296=ORIENTED_EDGE('',*,*,#485,.T.);
#297=ORIENTED_EDGE('',*,*,#398,.F.);
#298=ORIENTED_EDGE('',*,*,#409,.F.);
#299=ORIENTED_EDGE('',*,*,#483,.F.);
#300=ORIENTED_EDGE('',*,*,#486,.F.);
#301=ORIENTED_EDGE('',*,*,#487,.T.);
#302=ORIENTED_EDGE('',*,*,#481,.T.);
#303=ORIENTED_EDGE('',*,*,#431,.T.);
#304=ORIENTED_EDGE('',*,*,#396,.T.);
#305=ORIENTED_EDGE('',*,*,#438,.F.);
#306=ORIENTED_EDGE('',*,*,#488,.T.);
#307=ORIENTED_EDGE('',*,*,#484,.T.);
#308=ORIENTED_EDGE('',*,*,#482,.T.);
#309=ORIENTED_EDGE('',*,*,#487,.F.);
#310=ORIENTED_EDGE('',*,*,#489,.T.);
#311=ORIENTED_EDGE('',*,*,#477,.T.);
#312=ORIENTED_EDGE('',*,*,#475,.T.);
#313=ORIENTED_EDGE('',*,*,#480,.F.);
#314=ORIENTED_EDGE('',*,*,#490,.T.);
#315=ORIENTED_EDGE('',*,*,#470,.T.);
#316=ORIENTED_EDGE('',*,*,#468,.T.);
#317=ORIENTED_EDGE('',*,*,#473,.F.);
#318=ORIENTED_EDGE('',*,*,#491,.T.);
#319=ORIENTED_EDGE('',*,*,#463,.T.);
#320=ORIENTED_EDGE('',*,*,#461,.T.);
#321=ORIENTED_EDGE('',*,*,#466,.F.);
#322=ORIENTED_EDGE('',*,*,#492,.T.);
#323=ORIENTED_EDGE('',*,*,#456,.T.);
#324=ORIENTED_EDGE('',*,*,#454,.T.);
#325=ORIENTED_EDGE('',*,*,#459,.F.);
#326=ORIENTED_EDGE('',*,*,#493,.T.);
#327=ORIENTED_EDGE('',*,*,#449,.T.);
#328=ORIENTED_EDGE('',*,*,#447,.T.);
#329=ORIENTED_EDGE('',*,*,#452,.F.);
#330=ORIENTED_EDGE('',*,*,#494,.T.);
#331=ORIENTED_EDGE('',*,*,#442,.T.);
#332=ORIENTED_EDGE('',*,*,#440,.T.);
#333=ORIENTED_EDGE('',*,*,#445,.F.);
#334=ORIENTED_EDGE('',*,*,#495,.T.);
#335=ORIENTED_EDGE('',*,*,#435,.T.);
#336=ORIENTED_EDGE('',*,*,#433,.T.);
#337=ORIENTED_EDGE('',*,*,#403,.F.);
#338=ORIENTED_EDGE('',*,*,#495,.F.);
#339=ORIENTED_EDGE('',*,*,#444,.T.);
#340=ORIENTED_EDGE('',*,*,#371,.F.);
#341=ORIENTED_EDGE('',*,*,#436,.F.);
#342=ORIENTED_EDGE('',*,*,#494,.F.);
#343=ORIENTED_EDGE('',*,*,#451,.T.);
#344=ORIENTED_EDGE('',*,*,#375,.F.);
#345=ORIENTED_EDGE('',*,*,#443,.F.);
#346=ORIENTED_EDGE('',*,*,#493,.F.);
#347=ORIENTED_EDGE('',*,*,#458,.T.);
#348=ORIENTED_EDGE('',*,*,#379,.F.);
#349=ORIENTED_EDGE('',*,*,#450,.F.);
#350=ORIENTED_EDGE('',*,*,#492,.F.);
#351=ORIENTED_EDGE('',*,*,#465,.T.);
#352=ORIENTED_EDGE('',*,*,#383,.F.);
#353=ORIENTED_EDGE('',*,*,#457,.F.);
#354=ORIENTED_EDGE('',*,*,#491,.F.);
#355=ORIENTED_EDGE('',*,*,#472,.T.);
#356=ORIENTED_EDGE('',*,*,#387,.F.);
#357=ORIENTED_EDGE('',*,*,#464,.F.);
#358=ORIENTED_EDGE('',*,*,#490,.F.);
#359=ORIENTED_EDGE('',*,*,#479,.T.);
#360=ORIENTED_EDGE('',*,*,#391,.F.);
#361=ORIENTED_EDGE('',*,*,#471,.F.);
#362=ORIENTED_EDGE('',*,*,#489,.F.);
#363=ORIENTED_EDGE('',*,*,#486,.T.);
#364=ORIENTED_EDGE('',*,*,#395,.F.);
#365=ORIENTED_EDGE('',*,*,#478,.F.);
#366=ORIENTED_EDGE('',*,*,#437,.T.);
#367=ORIENTED_EDGE('',*,*,#399,.F.);
#368=ORIENTED_EDGE('',*,*,#485,.F.);
#369=ORIENTED_EDGE('',*,*,#488,.F.);
#370=EDGE_CURVE('',#496,#497,#582,.T.);
#371=EDGE_CURVE('',#497,#498,#88,.F.);
#372=EDGE_CURVE('',#499,#498,#583,.T.);
#373=EDGE_CURVE('',#499,#496,#89,.T.);
#374=EDGE_CURVE('',#500,#501,#584,.T.);
#375=EDGE_CURVE('',#501,#502,#90,.F.);
#376=EDGE_CURVE('',#503,#502,#585,.T.);
#377=EDGE_CURVE('',#503,#500,#91,.T.);
#378=EDGE_CURVE('',#504,#505,#586,.T.);
#379=EDGE_CURVE('',#505,#506,#92,.F.);
#380=EDGE_CURVE('',#507,#506,#587,.T.);
#381=EDGE_CURVE('',#507,#504,#93,.T.);
#382=EDGE_CURVE('',#508,#509,#588,.T.);
#383=EDGE_CURVE('',#509,#510,#94,.F.);
#384=EDGE_CURVE('',#511,#510,#589,.T.);
#385=EDGE_CURVE('',#511,#508,#95,.T.);
#386=EDGE_CURVE('',#512,#513,#590,.T.);
#387=EDGE_CURVE('',#513,#514,#96,.F.);
#388=EDGE_CURVE('',#515,#514,#591,.T.);
#389=EDGE_CURVE('',#515,#512,#97,.T.);
#390=EDGE_CURVE('',#516,#517,#592,.T.);
#391=EDGE_CURVE('',#517,#518,#98,.F.);
#392=EDGE_CURVE('',#519,#518,#593,.T.);
#393=EDGE_CURVE('',#519,#516,#99,.T.);
#394=EDGE_CURVE('',#520,#521,#594,.T.);
#395=EDGE_CURVE('',#521,#522,#100,.F.);
#396=EDGE_CURVE('',#523,#522,#595,.T.);
#397=EDGE_CURVE('',#523,#520,#101,.T.);
#398=EDGE_CURVE('',#524,#525,#596,.T.);
#399=EDGE_CURVE('',#525,#526,#102,.F.);
#400=EDGE_CURVE('',#527,#526,#597,.T.);
#401=EDGE_CURVE('',#527,#524,#103,.T.);
#402=EDGE_CURVE('',#528,#528,#104,.T.);
#403=EDGE_CURVE('',#529,#529,#105,.T.);
#404=EDGE_CURVE('',#530,#530,#106,.T.);
#405=EDGE_CURVE('',#531,#531,#107,.T.);
#406=EDGE_CURVE('',#532,#532,#108,.T.);
#407=EDGE_CURVE('',#533,#533,#109,.T.);
#408=EDGE_CURVE('',#534,#535,#28,.T.);
#409=EDGE_CURVE('',#534,#524,#29,.T.);
#410=EDGE_CURVE('',#536,#527,#30,.T.);
#411=EDGE_CURVE('',#537,#536,#31,.T.);
#412=EDGE_CURVE('',#537,#496,#32,.T.);
#413=EDGE_CURVE('',#538,#499,#33,.T.);
#414=EDGE_CURVE('',#539,#538,#34,.T.);
#415=EDGE_CURVE('',#539,#500,#35,.T.);
#416=EDGE_CURVE('',#540,#503,#36,.T.);
#417=EDGE_CURVE('',#541,#540,#37,.T.);
#418=EDGE_CURVE('',#541,#504,#38,.T.);
#419=EDGE_CURVE('',#542,#507,#39,.T.);
#420=EDGE_CURVE('',#543,#542,#40,.T.);
#421=EDGE_CURVE('',#543,#508,#41,.T.);
#422=EDGE_CURVE('',#544,#511,#42,.T.);
#423=EDGE_CURVE('',#545,#544,#43,.T.);
#424=EDGE_CURVE('',#545,#512,#44,.T.);
#425=EDGE_CURVE('',#546,#515,#45,.T.);
#426=EDGE_CURVE('',#547,#546,#46,.T.);
#427=EDGE_CURVE('',#547,#516,#47,.T.);
#428=EDGE_CURVE('',#548,#519,#48,.T.);
#429=EDGE_CURVE('',#549,#548,#49,.T.);
#430=EDGE_CURVE('',#549,#520,#50,.T.);
#431=EDGE_CURVE('',#535,#523,#51,.T.);
#432=EDGE_CURVE('',#550,#536,#52,.T.);
#433=EDGE_CURVE('',#551,#550,#598,.T.);
#434=EDGE_CURVE('',#551,#537,#53,.T.);
#435=EDGE_CURVE('',#552,#551,#599,.T.);
#436=EDGE_CURVE('',#552,#497,#54,.T.);
#437=EDGE_CURVE('',#553,#526,#55,.T.);
#438=EDGE_CURVE('',#553,#550,#600,.T.);
#439=EDGE_CURVE('',#554,#538,#56,.T.);
#440=EDGE_CURVE('',#555,#554,#601,.T.);
#441=EDGE_CURVE('',#555,#539,#57,.T.);
#442=EDGE_CURVE('',#556,#555,#602,.T.);
#443=EDGE_CURVE('',#556,#501,#58,.T.);
#444=EDGE_CURVE('',#557,#498,#59,.T.);
#445=EDGE_CURVE('',#557,#554,#603,.T.);
#446=EDGE_CURVE('',#558,#540,#60,.T.);
#447=EDGE_CURVE('',#559,#558,#604,.T.);
#448=EDGE_CURVE('',#559,#541,#61,.T.);
#449=EDGE_CURVE('',#560,#559,#605,.T.);
#450=EDGE_CURVE('',#560,#505,#62,.T.);
#451=EDGE_CURVE('',#561,#502,#63,.T.);
#452=EDGE_CURVE('',#561,#558,#606,.T.);
#453=EDGE_CURVE('',#562,#542,#64,.T.);
#454=EDGE_CURVE('',#563,#562,#607,.T.);
#455=EDGE_CURVE('',#563,#543,#65,.T.);
#456=EDGE_CURVE('',#564,#563,#608,.T.);
#457=EDGE_CURVE('',#564,#509,#66,.T.);
#458=EDGE_CURVE('',#565,#506,#67,.T.);
#459=EDGE_CURVE('',#565,#562,#609,.T.);
#460=EDGE_CURVE('',#566,#544,#68,.T.);
#461=EDGE_CURVE('',#567,#566,#610,.T.);
#462=EDGE_CURVE('',#567,#545,#69,.T.);
#463=EDGE_CURVE('',#568,#567,#611,.T.);
#464=EDGE_CURVE('',#568,#513,#70,.T.);
#465=EDGE_CURVE('',#569,#510,#71,.T.);
#466=EDGE_CURVE('',#569,#566,#612,.T.);
#467=EDGE_CURVE('',#570,#546,#72,.T.);
#468=EDGE_CURVE('',#571,#570,#613,.T.);
#469=EDGE_CURVE('',#571,#547,#73,.T.);
#470=EDGE_CURVE('',#572,#571,#614,.T.);
#471=EDGE_CURVE('',#572,#517,#74,.T.);
#472=EDGE_CURVE('',#573,#514,#75,.T.);
#473=EDGE_CURVE('',#573,#570,#615,.T.);
#474=EDGE_CURVE('',#574,#548,#76,.T.);
#475=EDGE_CURVE('',#575,#574,#616,.T.);
#476=EDGE_CURVE('',#575,#549,#77,.T.);
#477=EDGE_CURVE('',#576,#575,#617,.T.);
#478=EDGE_CURVE('',#576,#521,#78,.T.);
#479=EDGE_CURVE('',#577,#518,#79,.T.);
#480=EDGE_CURVE('',#577,#574,#618,.T.);
#481=EDGE_CURVE('',#578,#535,#80,.T.);
#482=EDGE_CURVE('',#579,#578,#619,.T.);
#483=EDGE_CURVE('',#579,#534,#81,.T.);
#484=EDGE_CURVE('',#580,#579,#620,.T.);
#485=EDGE_CURVE('',#580,#525,#82,.T.);
#486=EDGE_CURVE('',#581,#522,#83,.T.);
#487=EDGE_CURVE('',#581,#578,#621,.T.);
#488=EDGE_CURVE('',#553,#580,#110,.T.);
#489=EDGE_CURVE('',#581,#576,#111,.T.);
#490=EDGE_CURVE('',#577,#572,#112,.T.);
#491=EDGE_CURVE('',#573,#568,#113,.T.);
#492=EDGE_CURVE('',#569,#564,#114,.T.);
#493=EDGE_CURVE('',#565,#560,#115,.T.);
#494=EDGE_CURVE('',#561,#556,#116,.T.);
#495=EDGE_CURVE('',#557,#552,#117,.T.);
#496=VERTEX_POINT('',#1085);
#497=VERTEX_POINT('',#1086);
#498=VERTEX_POINT('',#1088);
#499=VERTEX_POINT('',#1090);
#500=VERTEX_POINT('',#1094);
#501=VERTEX_POINT('',#1095);
#502=VERTEX_POINT('',#1097);
#503=VERTEX_POINT('',#1099);
#504=VERTEX_POINT('',#1103);
#505=VERTEX_POINT('',#1104);
#506=VERTEX_POINT('',#1106);
#507=VERTEX_POINT('',#1108);
#508=VERTEX_POINT('',#1112);
#509=VERTEX_POINT('',#1113);
#510=VERTEX_POINT('',#1115);
#511=VERTEX_POINT('',#1117);
#512=VERTEX_POINT('',#1121);
#513=VERTEX_POINT('',#1122);
#514=VERTEX_POINT('',#1124);
#515=VERTEX_POINT('',#1126);
#516=VERTEX_POINT('',#1130);
#517=VERTEX_POINT('',#1131);
#518=VERTEX_POINT('',#1133);
#519=VERTEX_POINT('',#1135);
#520=VERTEX_POINT('',#1139);
#521=VERTEX_POINT('',#1140);
#522=VERTEX_POINT('',#1142);
#523=VERTEX_POINT('',#1144);
#524=VERTEX_POINT('',#1148);
#525=VERTEX_POINT('',#1149);
#526=VERTEX_POINT('',#1151);
#527=VERTEX_POINT('',#1153);
#528=VERTEX_POINT('',#1157);
#529=VERTEX_POINT('',#1159);
#530=VERTEX_POINT('',#1162);
#531=VERTEX_POINT('',#1165);
#532=VERTEX_POINT('',#1168);
#533=VERTEX_POINT('',#1171);
#534=VERTEX_POINT('',#1177);
#535=VERTEX_POINT('',#1178);
#536=VERTEX_POINT('',#1187);
#537=VERTEX_POINT('',#1192);
#538=VERTEX_POINT('',#1201);
#539=VERTEX_POINT('',#1206);
#540=VERTEX_POINT('',#1215);
#541=VERTEX_POINT('',#1220);
#542=VERTEX_POINT('',#1229);
#543=VERTEX_POINT('',#1234);
#544=VERTEX_POINT('',#1243);
#545=VERTEX_POINT('',#1248);
#546=VERTEX_POINT('',#1257);
#547=VERTEX_POINT('',#1262);
#548=VERTEX_POINT('',#1271);
#549=VERTEX_POINT('',#1276);
#550=VERTEX_POINT('',#1298);
#551=VERTEX_POINT('',#1300);
#552=VERTEX_POINT('',#1308);
#553=VERTEX_POINT('',#1322);
#554=VERTEX_POINT('',#1337);
#555=VERTEX_POINT('',#1339);
#556=VERTEX_POINT('',#1347);
#557=VERTEX_POINT('',#1361);
#558=VERTEX_POINT('',#1376);
#559=VERTEX_POINT('',#1378);
#560=VERTEX_POINT('',#1386);
#561=VERTEX_POINT('',#1400);
#562=VERTEX_POINT('',#1415);
#563=VERTEX_POINT('',#1417);
#564=VERTEX_POINT('',#1425);
#565=VERTEX_POINT('',#1439);
#566=VERTEX_POINT('',#1454);
#567=VERTEX_POINT('',#1456);
#568=VERTEX_POINT('',#1464);
#569=VERTEX_POINT('',#1478);
#570=VERTEX_POINT('',#1493);
#571=VERTEX_POINT('',#1495);
#572=VERTEX_POINT('',#1503);
#573=VERTEX_POINT('',#1517);
#574=VERTEX_POINT('',#1532);
#575=VERTEX_POINT('',#1534);
#576=VERTEX_POINT('',#1542);
#577=VERTEX_POINT('',#1556);
#578=VERTEX_POINT('',#1571);
#579=VERTEX_POINT('',#1573);
#580=VERTEX_POINT('',#1581);
#581=VERTEX_POINT('',#1595);
#582=LINE('',#1084,#622);
#583=LINE('',#1089,#623);
#584=LINE('',#1093,#624);
#585=LINE('',#1098,#625);
#586=LINE('',#1102,#626);
#587=LINE('',#1107,#627);
#588=LINE('',#1111,#628);
#589=LINE('',#1116,#629);
#590=LINE('',#1120,#630);
#591=LINE('',#1125,#631);
#592=LINE('',#1129,#632);
#593=LINE('',#1134,#633);
#594=LINE('',#1138,#634);
#595=LINE('',#1143,#635);
#596=LINE('',#1147,#636);
#597=LINE('',#1152,#637);
#598=LINE('',#1299,#638);
#599=LINE('',#1307,#639);
#600=LINE('',#1323,#640);
#601=LINE('',#1338,#641);
#602=LINE('',#1346,#642);
#603=LINE('',#1362,#643);
#604=LINE('',#1377,#644);
#605=LINE('',#1385,#645);
#606=LINE('',#1401,#646);
#607=LINE('',#1416,#647);
#608=LINE('',#1424,#648);
#609=LINE('',#1440,#649);
#610=LINE('',#1455,#650);
#611=LINE('',#1463,#651);
#612=LINE('',#1479,#652);
#613=LINE('',#1494,#653);
#614=LINE('',#1502,#654);
#615=LINE('',#1518,#655);
#616=LINE('',#1533,#656);
#617=LINE('',#1541,#657);
#618=LINE('',#1557,#658);
#619=LINE('',#1572,#659);
#620=LINE('',#1580,#660);
#621=LINE('',#1596,#661);
#622=VECTOR('',#922,1.);
#623=VECTOR('',#925,1.);
#624=VECTOR('',#930,1.);
#625=VECTOR('',#933,1.);
#626=VECTOR('',#938,1.);
#627=VECTOR('',#941,1.);
#628=VECTOR('',#946,1.);
#629=VECTOR('',#949,1.);
#630=VECTOR('',#954,1.);
#631=VECTOR('',#957,1.);
#632=VECTOR('',#962,1.);
#633=VECTOR('',#965,1.);
#634=VECTOR('',#970,1.);
#635=VECTOR('',#973,1.);
#636=VECTOR('',#978,1.);
#637=VECTOR('',#981,1.);
#638=VECTOR('',#1008,1.);
#639=VECTOR('',#1011,1.);
#640=VECTOR('',#1014,1.);
#641=VECTOR('',#1015,1.);
#642=VECTOR('',#1018,1.);
#643=VECTOR('',#1021,1.);
#644=VECTOR('',#1022,1.);
#645=VECTOR('',#1025,1.);
#646=VECTOR('',#1028,1.);
#647=VECTOR('',#1029,1.);
#648=VECTOR('',#1032,1.);
#649=VECTOR('',#1035,1.);
#650=VECTOR('',#1036,1.);
#651=VECTOR('',#1039,1.);
#652=VECTOR('',#1042,1.);
#653=VECTOR('',#1043,1.);
#654=VECTOR('',#1046,1.);
#655=VECTOR('',#1049,1.);
#656=VECTOR('',#1050,1.);
#657=VECTOR('',#1053,1.);
#658=VECTOR('',#1056,1.);
#659=VECTOR('',#1057,1.);
#660=VECTOR('',#1060,1.);
#661=VECTOR('',#1063,1.);
#662=EDGE_LOOP('',(#118,#119,#120,#121));
#663=EDGE_LOOP('',(#122,#123,#124,#125));
#664=EDGE_LOOP('',(#126,#127,#128,#129));
#665=EDGE_LOOP('',(#130,#131,#132,#133));
#666=EDGE_LOOP('',(#134,#135,#136,#137));
#667=EDGE_LOOP('',(#138,#139,#140,#141));
#668=EDGE_LOOP('',(#142,#143,#144,#145));
#669=EDGE_LOOP('',(#146,#147,#148,#149));
#670=EDGE_LOOP('',(#150));
#671=EDGE_LOOP('',(#151));
#672=EDGE_LOOP('',(#152));
#673=EDGE_LOOP('',(#153));
#674=EDGE_LOOP('',(#154));
#675=EDGE_LOOP('',(#155));
#676=EDGE_LOOP('',(#156));
#677=EDGE_LOOP('',(#157));
#678=EDGE_LOOP('',(#158));
#679=EDGE_LOOP('',(#159));
#680=EDGE_LOOP('',(#160,#161,#162,#163,#164,#165,#166,#167,#168,#169,#170,
#171,#172,#173,#174,#175,#176,#177,#178,#179,#180,#181,#182,#183,#184,#185,
#186,#187,#188,#189,#190,#191));
#681=EDGE_LOOP('',(#192));
#682=EDGE_LOOP('',(#193,#194,#195,#196));
#683=EDGE_LOOP('',(#197,#198,#199,#200,#201));
#684=EDGE_LOOP('',(#202,#203,#204,#205,#206));
#685=EDGE_LOOP('',(#207,#208,#209,#210));
#686=EDGE_LOOP('',(#211,#212,#213,#214,#215));
#687=EDGE_LOOP('',(#216,#217,#218,#219,#220));
#688=EDGE_LOOP('',(#221,#222,#223,#224));
#689=EDGE_LOOP('',(#225,#226,#227,#228,#229));
#690=EDGE_LOOP('',(#230,#231,#232,#233,#234));
#691=EDGE_LOOP('',(#235,#236,#237,#238));
#692=EDGE_LOOP('',(#239,#240,#241,#242,#243));
#693=EDGE_LOOP('',(#244,#245,#246,#247,#248));
#694=EDGE_LOOP('',(#249,#250,#251,#252));
#695=EDGE_LOOP('',(#253,#254,#255,#256,#257));
#696=EDGE_LOOP('',(#258,#259,#260,#261,#262));
#697=EDGE_LOOP('',(#263,#264,#265,#266));
#698=EDGE_LOOP('',(#267,#268,#269,#270,#271));
#699=EDGE_LOOP('',(#272,#273,#274,#275,#276));
#700=EDGE_LOOP('',(#277,#278,#279,#280));
#701=EDGE_LOOP('',(#281,#282,#283,#284,#285));
#702=EDGE_LOOP('',(#286,#287,#288,#289,#290));
#703=EDGE_LOOP('',(#291,#292,#293,#294));
#704=EDGE_LOOP('',(#295,#296,#297,#298,#299));
#705=EDGE_LOOP('',(#300,#301,#302,#303,#304));
#706=EDGE_LOOP('',(#305,#306,#307,#308,#309,#310,#311,#312,#313,#314,#315,
#316,#317,#318,#319,#320,#321,#322,#323,#324,#325,#326,#327,#328,#329,#330,
#331,#332,#333,#334,#335,#336));
#707=EDGE_LOOP('',(#337));
#708=EDGE_LOOP('',(#338,#339,#340,#341));
#709=EDGE_LOOP('',(#342,#343,#344,#345));
#710=EDGE_LOOP('',(#346,#347,#348,#349));
#711=EDGE_LOOP('',(#350,#351,#352,#353));
#712=EDGE_LOOP('',(#354,#355,#356,#357));
#713=EDGE_LOOP('',(#358,#359,#360,#361));
#714=EDGE_LOOP('',(#362,#363,#364,#365));
#715=EDGE_LOOP('',(#366,#367,#368,#369));
#716=FACE_BOUND('',#662,.T.);
#717=FACE_BOUND('',#663,.T.);
#718=FACE_BOUND('',#664,.T.);
#719=FACE_BOUND('',#665,.T.);
#720=FACE_BOUND('',#666,.T.);
#721=FACE_BOUND('',#667,.T.);
#722=FACE_BOUND('',#668,.T.);
#723=FACE_BOUND('',#669,.T.);
#724=FACE_BOUND('',#670,.T.);
#725=FACE_BOUND('',#671,.T.);
#726=FACE_BOUND('',#672,.T.);
#727=FACE_BOUND('',#673,.T.);
#728=FACE_BOUND('',#674,.T.);
#729=FACE_BOUND('',#675,.T.);
#730=FACE_BOUND('',#676,.T.);
#731=FACE_BOUND('',#677,.T.);
#732=FACE_BOUND('',#678,.T.);
#733=FACE_BOUND('',#679,.T.);
#734=FACE_BOUND('',#680,.T.);
#735=FACE_BOUND('',#681,.T.);
#736=FACE_BOUND('',#682,.T.);
#737=FACE_BOUND('',#683,.T.);
#738=FACE_BOUND('',#684,.T.);
#739=FACE_BOUND('',#685,.T.);
#740=FACE_BOUND('',#686,.T.);
#741=FACE_BOUND('',#687,.T.);
#742=FACE_BOUND('',#688,.T.);
#743=FACE_BOUND('',#689,.T.);
#744=FACE_BOUND('',#690,.T.);
#745=FACE_BOUND('',#691,.T.);
#746=FACE_BOUND('',#692,.T.);
#747=FACE_BOUND('',#693,.T.);
#748=FACE_BOUND('',#694,.T.);
#749=FACE_BOUND('',#695,.T.);
#750=FACE_BOUND('',#696,.T.);
#751=FACE_BOUND('',#697,.T.);
#752=FACE_BOUND('',#698,.T.);
#753=FACE_BOUND('',#699,.T.);
#754=FACE_BOUND('',#700,.T.);
#755=FACE_BOUND('',#701,.T.);
#756=FACE_BOUND('',#702,.T.);
#757=FACE_BOUND('',#703,.T.);
#758=FACE_BOUND('',#704,.T.);
#759=FACE_BOUND('',#705,.T.);
#760=FACE_BOUND('',#706,.T.);
#761=FACE_BOUND('',#707,.T.);
#762=FACE_BOUND('',#708,.T.);
#763=FACE_BOUND('',#709,.T.);
#764=FACE_BOUND('',#710,.T.);
#765=FACE_BOUND('',#711,.T.);
#766=FACE_BOUND('',#712,.T.);
#767=FACE_BOUND('',#713,.T.);
#768=FACE_BOUND('',#714,.T.);
#769=FACE_BOUND('',#715,.T.);
#770=PLANE('',#857);
#771=PLANE('',#860);
#772=PLANE('',#863);
#773=PLANE('',#866);
#774=PLANE('',#869);
#775=PLANE('',#872);
#776=PLANE('',#875);
#777=PLANE('',#878);
#778=PLANE('',#884);
#779=PLANE('',#888);
#780=PLANE('',#893);
#781=PLANE('',#894);
#782=PLANE('',#895);
#783=PLANE('',#896);
#784=PLANE('',#897);
#785=PLANE('',#898);
#786=PLANE('',#899);
#787=PLANE('',#900);
#788=PLANE('',#901);
#789=PLANE('',#902);
#790=PLANE('',#903);
#791=PLANE('',#904);
#792=PLANE('',#905);
#793=PLANE('',#906);
#794=PLANE('',#907);
#795=PLANE('',#908);
#796=PLANE('',#909);
#797=ADVANCED_FACE('',(#716),#770,.F.);
#798=ADVANCED_FACE('',(#717),#771,.F.);
#799=ADVANCED_FACE('',(#718),#772,.F.);
#800=ADVANCED_FACE('',(#719),#773,.F.);
#801=ADVANCED_FACE('',(#720),#774,.F.);
#802=ADVANCED_FACE('',(#721),#775,.F.);
#803=ADVANCED_FACE('',(#722),#776,.F.);
#804=ADVANCED_FACE('',(#723),#777,.F.);
#805=ADVANCED_FACE('',(#724,#725),#85,.T.);
#806=ADVANCED_FACE('',(#726,#727),#778,.F.);
#807=ADVANCED_FACE('',(#728,#729),#86,.T.);
#808=ADVANCED_FACE('',(#730,#731),#779,.F.);
#809=ADVANCED_FACE('',(#732,#733),#87,.F.);
#810=ADVANCED_FACE('',(#734,#735),#84,.F.);
#811=ADVANCED_FACE('',(#736),#20,.T.);
#812=ADVANCED_FACE('',(#737),#780,.F.);
#813=ADVANCED_FACE('',(#738),#781,.T.);
#814=ADVANCED_FACE('',(#739),#21,.T.);
#815=ADVANCED_FACE('',(#740),#782,.F.);
#816=ADVANCED_FACE('',(#741),#783,.T.);
#817=ADVANCED_FACE('',(#742),#22,.T.);
#818=ADVANCED_FACE('',(#743),#784,.F.);
#819=ADVANCED_FACE('',(#744),#785,.T.);
#820=ADVANCED_FACE('',(#745),#23,.T.);
#821=ADVANCED_FACE('',(#746),#786,.F.);
#822=ADVANCED_FACE('',(#747),#787,.T.);
#823=ADVANCED_FACE('',(#748),#24,.T.);
#824=ADVANCED_FACE('',(#749),#788,.F.);
#825=ADVANCED_FACE('',(#750),#789,.T.);
#826=ADVANCED_FACE('',(#751),#25,.T.);
#827=ADVANCED_FACE('',(#752),#790,.F.);
#828=ADVANCED_FACE('',(#753),#791,.T.);
#829=ADVANCED_FACE('',(#754),#26,.T.);
#830=ADVANCED_FACE('',(#755),#792,.F.);
#831=ADVANCED_FACE('',(#756),#793,.T.);
#832=ADVANCED_FACE('',(#757),#27,.T.);
#833=ADVANCED_FACE('',(#758),#794,.F.);
#834=ADVANCED_FACE('',(#759),#795,.T.);
#835=ADVANCED_FACE('',(#760,#761),#796,.T.);
#836=ADVANCED_FACE('',(#762),#12,.F.);
#837=ADVANCED_FACE('',(#763),#13,.F.);
#838=ADVANCED_FACE('',(#764),#14,.F.);
#839=ADVANCED_FACE('',(#765),#15,.F.);
#840=ADVANCED_FACE('',(#766),#16,.F.);
#841=ADVANCED_FACE('',(#767),#17,.F.);
#842=ADVANCED_FACE('',(#768),#18,.F.);
#843=ADVANCED_FACE('',(#769),#19,.F.);
#844=CLOSED_SHELL('',(#797,#798,#799,#800,#801,#802,#803,#804,#805,#806,
#807,#808,#809,#810,#811,#812,#813,#814,#815,#816,#817,#818,#819,#820,#821,
#822,#823,#824,#825,#826,#827,#828,#829,#830,#831,#832,#833,#834,#835,#836,
#837,#838,#839,#840,#841,#842,#843));
#845=STYLED_ITEM('',(#846),#853);
#846=PRESENTATION_STYLE_ASSIGNMENT((#847));
#847=SURFACE_STYLE_USAGE(.BOTH.,#848);
#848=SURFACE_SIDE_STYLE('',(#849));
#849=SURFACE_STYLE_FILL_AREA(#850);
#850=FILL_AREA_STYLE('',(#851));
#851=FILL_AREA_STYLE_COLOUR('',#852);
#852=COLOUR_RGB('',0.972549019607843,0.529411764705882,0.00392156862745098);
#853=MANIFOLD_SOLID_BREP('Tail to Pvc Ring',#844);
#854=SHAPE_DEFINITION_REPRESENTATION(#1740,#855);
#855=SHAPE_REPRESENTATION('Tail to Pvc Ring',(#856),#1735);
#856=AXIS2_PLACEMENT_3D('',#1082,#918,#919);
#857=AXIS2_PLACEMENT_3D('',#1083,#920,#921);
#858=AXIS2_PLACEMENT_3D('',#1087,#923,#924);
#859=AXIS2_PLACEMENT_3D('',#1091,#926,#927);
#860=AXIS2_PLACEMENT_3D('',#1092,#928,#929);
#861=AXIS2_PLACEMENT_3D('',#1096,#931,#932);
#862=AXIS2_PLACEMENT_3D('',#1100,#934,#935);
#863=AXIS2_PLACEMENT_3D('',#1101,#936,#937);
#864=AXIS2_PLACEMENT_3D('',#1105,#939,#940);
#865=AXIS2_PLACEMENT_3D('',#1109,#942,#943);
#866=AXIS2_PLACEMENT_3D('',#1110,#944,#945);
#867=AXIS2_PLACEMENT_3D('',#1114,#947,#948);
#868=AXIS2_PLACEMENT_3D('',#1118,#950,#951);
#869=AXIS2_PLACEMENT_3D('',#1119,#952,#953);
#870=AXIS2_PLACEMENT_3D('',#1123,#955,#956);
#871=AXIS2_PLACEMENT_3D('',#1127,#958,#959);
#872=AXIS2_PLACEMENT_3D('',#1128,#960,#961);
#873=AXIS2_PLACEMENT_3D('',#1132,#963,#964);
#874=AXIS2_PLACEMENT_3D('',#1136,#966,#967);
#875=AXIS2_PLACEMENT_3D('',#1137,#968,#969);
#876=AXIS2_PLACEMENT_3D('',#1141,#971,#972);
#877=AXIS2_PLACEMENT_3D('',#1145,#974,#975);
#878=AXIS2_PLACEMENT_3D('',#1146,#976,#977);
#879=AXIS2_PLACEMENT_3D('',#1150,#979,#980);
#880=AXIS2_PLACEMENT_3D('',#1154,#982,#983);
#881=AXIS2_PLACEMENT_3D('',#1155,#984,#985);
#882=AXIS2_PLACEMENT_3D('',#1156,#986,#987);
#883=AXIS2_PLACEMENT_3D('',#1158,#988,#989);
#884=AXIS2_PLACEMENT_3D('',#1160,#990,#991);
#885=AXIS2_PLACEMENT_3D('',#1161,#992,#993);
#886=AXIS2_PLACEMENT_3D('',#1163,#994,#995);
#887=AXIS2_PLACEMENT_3D('',#1164,#996,#997);
#888=AXIS2_PLACEMENT_3D('',#1166,#998,#999);
#889=AXIS2_PLACEMENT_3D('',#1167,#1000,#1001);
#890=AXIS2_PLACEMENT_3D('',#1169,#1002,#1003);
#891=AXIS2_PLACEMENT_3D('',#1170,#1004,#1005);
#892=AXIS2_PLACEMENT_3D('',#1172,#1006,#1007);
#893=AXIS2_PLACEMENT_3D('',#1306,#1009,#1010);
#894=AXIS2_PLACEMENT_3D('',#1315,#1012,#1013);
#895=AXIS2_PLACEMENT_3D('',#1345,#1016,#1017);
#896=AXIS2_PLACEMENT_3D('',#1354,#1019,#1020);
#897=AXIS2_PLACEMENT_3D('',#1384,#1023,#1024);
#898=AXIS2_PLACEMENT_3D('',#1393,#1026,#1027);
#899=AXIS2_PLACEMENT_3D('',#1423,#1030,#1031);
#900=AXIS2_PLACEMENT_3D('',#1432,#1033,#1034);
#901=AXIS2_PLACEMENT_3D('',#1462,#1037,#1038);
#902=AXIS2_PLACEMENT_3D('',#1471,#1040,#1041);
#903=AXIS2_PLACEMENT_3D('',#1501,#1044,#1045);
#904=AXIS2_PLACEMENT_3D('',#1510,#1047,#1048);
#905=AXIS2_PLACEMENT_3D('',#1540,#1051,#1052);
#906=AXIS2_PLACEMENT_3D('',#1549,#1054,#1055);
#907=AXIS2_PLACEMENT_3D('',#1579,#1058,#1059);
#908=AXIS2_PLACEMENT_3D('',#1588,#1061,#1062);
#909=AXIS2_PLACEMENT_3D('',#1597,#1064,#1065);
#910=AXIS2_PLACEMENT_3D('',#1598,#1066,#1067);
#911=AXIS2_PLACEMENT_3D('',#1599,#1068,#1069);
#912=AXIS2_PLACEMENT_3D('',#1600,#1070,#1071);
#913=AXIS2_PLACEMENT_3D('',#1601,#1072,#1073);
#914=AXIS2_PLACEMENT_3D('',#1602,#1074,#1075);
#915=AXIS2_PLACEMENT_3D('',#1603,#1076,#1077);
#916=AXIS2_PLACEMENT_3D('',#1604,#1078,#1079);
#917=AXIS2_PLACEMENT_3D('',#1605,#1080,#1081);
#918=DIRECTION('',(0.,0.,1.));
#919=DIRECTION('',(1.,0.,0.));
#920=DIRECTION('',(0.,-1.,0.));
#921=DIRECTION('',(0.,0.,-1.));
#922=DIRECTION('',(0.,0.,1.));
#923=DIRECTION('',(0.,-1.,0.));
#924=DIRECTION('',(0.,0.,-1.));
#925=DIRECTION('',(0.707106781186548,0.,0.707106781186548));
#926=DIRECTION('',(0.,-1.,0.));
#927=DIRECTION('',(0.,0.,-1.));
#928=DIRECTION('',(0.,-1.,0.));
#929=DIRECTION('',(0.,0.,-1.));
#930=DIRECTION('',(0.707106781186548,0.,0.707106781186548));
#931=DIRECTION('',(0.,-1.,0.));
#932=DIRECTION('',(0.,0.,-1.));
#933=DIRECTION('',(1.,0.,6.12323399573677E-17));
#934=DIRECTION('',(0.,-1.,0.));
#935=DIRECTION('',(0.,0.,-1.));
#936=DIRECTION('',(0.,-1.,0.));
#937=DIRECTION('',(0.,0.,-1.));
#938=DIRECTION('',(1.,0.,6.12323399573677E-17));
#939=DIRECTION('',(0.,-1.,0.));
#940=DIRECTION('',(0.,0.,-1.));
#941=DIRECTION('',(0.707106781186548,0.,-0.707106781186548));
#942=DIRECTION('',(0.,-1.,0.));
#943=DIRECTION('',(0.,0.,-1.));
#944=DIRECTION('',(0.,-1.,0.));
#945=DIRECTION('',(0.,0.,-1.));
#946=DIRECTION('',(0.707106781186548,0.,-0.707106781186548));
#947=DIRECTION('',(0.,-1.,0.));
#948=DIRECTION('',(0.,0.,-1.));
#949=DIRECTION('',(1.22464679914735E-16,0.,-1.));
#950=DIRECTION('',(0.,-1.,0.));
#951=DIRECTION('',(0.,0.,-1.));
#952=DIRECTION('',(0.,-1.,0.));
#953=DIRECTION('',(0.,0.,-1.));
#954=DIRECTION('',(1.22464679914735E-16,0.,-1.));
#955=DIRECTION('',(0.,-1.,0.));
#956=DIRECTION('',(0.,0.,-1.));
#957=DIRECTION('',(-0.707106781186548,0.,-0.707106781186548));
#958=DIRECTION('',(0.,-1.,0.));
#959=DIRECTION('',(0.,0.,-1.));
#960=DIRECTION('',(0.,-1.,0.));
#961=DIRECTION('',(0.,0.,-1.));
#962=DIRECTION('',(-0.707106781186548,0.,-0.707106781186548));
#963=DIRECTION('',(0.,-1.,0.));
#964=DIRECTION('',(0.,0.,-1.));
#965=DIRECTION('',(-1.,0.,-1.83697019872103E-16));
#966=DIRECTION('',(0.,-1.,0.));
#967=DIRECTION('',(0.,0.,-1.));
#968=DIRECTION('',(0.,-1.,0.));
#969=DIRECTION('',(0.,0.,-1.));
#970=DIRECTION('',(-1.,0.,-1.83697019872103E-16));
#971=DIRECTION('',(0.,-1.,0.));
#972=DIRECTION('',(0.,0.,-1.));
#973=DIRECTION('',(-0.707106781186548,0.,0.707106781186547));
#974=DIRECTION('',(0.,-1.,0.));
#975=DIRECTION('',(0.,0.,-1.));
#976=DIRECTION('',(0.,-1.,0.));
#977=DIRECTION('',(0.,0.,-1.));
#978=DIRECTION('',(-0.707106781186548,0.,0.707106781186547));
#979=DIRECTION('',(0.,-1.,0.));
#980=DIRECTION('',(0.,0.,-1.));
#981=DIRECTION('',(0.,0.,1.));
#982=DIRECTION('',(0.,-1.,0.));
#983=DIRECTION('',(0.,0.,-1.));
#984=DIRECTION('',(0.,-1.,0.));
#985=DIRECTION('',(0.,0.,-1.));
#986=DIRECTION('',(0.,-1.,0.));
#987=DIRECTION('',(0.,0.,-1.));
#988=DIRECTION('',(0.,-1.,0.));
#989=DIRECTION('',(0.,0.,-1.));
#990=DIRECTION('',(0.,1.,0.));
#991=DIRECTION('',(0.,0.,1.));
#992=DIRECTION('',(0.,-1.,0.));
#993=DIRECTION('',(0.,0.,-1.));
#994=DIRECTION('',(0.,-1.,0.));
#995=DIRECTION('',(0.,0.,-1.));
#996=DIRECTION('',(0.,-1.,0.));
#997=DIRECTION('',(0.,0.,-1.));
#998=DIRECTION('',(0.,1.,0.));
#999=DIRECTION('',(0.,0.,1.));
#1000=DIRECTION('',(0.,-1.,0.));
#1001=DIRECTION('',(0.,0.,-1.));
#1002=DIRECTION('',(0.,-1.,0.));
#1003=DIRECTION('',(0.,0.,-1.));
#1004=DIRECTION('',(0.,-1.,0.));
#1005=DIRECTION('',(0.,0.,-1.));
#1006=DIRECTION('',(0.,1.,0.));
#1007=DIRECTION('',(0.,0.,1.));
#1008=DIRECTION('',(-1.,0.,0.));
#1009=DIRECTION('',(1.,0.,0.));
#1010=DIRECTION('',(0.,1.,0.));
#1011=DIRECTION('',(0.,0.,-1.));
#1012=DIRECTION('',(1.,0.,0.));
#1013=DIRECTION('',(0.,1.,0.));
#1014=DIRECTION('',(0.,0.,-1.));
#1015=DIRECTION('',(-0.707106781186548,0.,0.707106781186548));
#1016=DIRECTION('',(0.707106781186548,0.,-0.707106781186548));
#1017=DIRECTION('',(0.,1.,0.));
#1018=DIRECTION('',(-0.707106781186548,0.,-0.707106781186548));
#1019=DIRECTION('',(0.707106781186548,0.,-0.707106781186548));
#1020=DIRECTION('',(0.,1.,0.));
#1021=DIRECTION('',(-0.707106781186548,0.,-0.707106781186548));
#1022=DIRECTION('',(-6.12323399573677E-17,0.,1.));
#1023=DIRECTION('',(6.12323399573677E-17,0.,-1.));
#1024=DIRECTION('',(0.,1.,0.));
#1025=DIRECTION('',(-1.,0.,-6.12323399573677E-17));
#1026=DIRECTION('',(6.12323399573677E-17,0.,-1.));
#1027=DIRECTION('',(0.,1.,0.));
#1028=DIRECTION('',(-1.,0.,-6.12323399573677E-17));
#1029=DIRECTION('',(0.707106781186548,0.,0.707106781186548));
#1030=DIRECTION('',(-0.707106781186548,0.,-0.707106781186548));
#1031=DIRECTION('',(0.,1.,0.));
#1032=DIRECTION('',(-0.707106781186548,0.,0.707106781186548));
#1033=DIRECTION('',(-0.707106781186548,0.,-0.707106781186548));
#1034=DIRECTION('',(0.,1.,0.));
#1035=DIRECTION('',(-0.707106781186548,0.,0.707106781186548));
#1036=DIRECTION('',(1.,0.,1.22464679914735E-16));
#1037=DIRECTION('',(-1.,0.,-1.22464679914735E-16));
#1038=DIRECTION('',(0.,1.,0.));
#1039=DIRECTION('',(-1.22464679914735E-16,0.,1.));
#1040=DIRECTION('',(-1.,0.,-1.22464679914735E-16));
#1041=DIRECTION('',(0.,1.,0.));
#1042=DIRECTION('',(-1.22464679914735E-16,0.,1.));
#1043=DIRECTION('',(0.707106781186548,0.,-0.707106781186548));
#1044=DIRECTION('',(-0.707106781186548,0.,0.707106781186548));
#1045=DIRECTION('',(0.,1.,0.));
#1046=DIRECTION('',(0.707106781186548,0.,0.707106781186548));
#1047=DIRECTION('',(-0.707106781186548,0.,0.707106781186548));
#1048=DIRECTION('',(0.,1.,0.));
#1049=DIRECTION('',(0.707106781186548,0.,0.707106781186548));
#1050=DIRECTION('',(1.83697019872103E-16,0.,-1.));
#1051=DIRECTION('',(-1.83697019872103E-16,0.,1.));
#1052=DIRECTION('',(0.,1.,0.));
#1053=DIRECTION('',(1.,0.,1.83697019872103E-16));
#1054=DIRECTION('',(-1.83697019872103E-16,0.,1.));
#1055=DIRECTION('',(0.,1.,0.));
#1056=DIRECTION('',(1.,0.,1.83697019872103E-16));
#1057=DIRECTION('',(-0.707106781186547,0.,-0.707106781186548));
#1058=DIRECTION('',(0.707106781186547,0.,0.707106781186548));
#1059=DIRECTION('',(0.,1.,0.));
#1060=DIRECTION('',(0.707106781186548,0.,-0.707106781186547));
#1061=DIRECTION('',(0.707106781186547,0.,0.707106781186548));
#1062=DIRECTION('',(0.,1.,0.));
#1063=DIRECTION('',(0.707106781186548,0.,-0.707106781186547));
#1064=DIRECTION('',(0.,1.,0.));
#1065=DIRECTION('',(-0.707106781186548,0.,0.707106781186547));
#1066=DIRECTION('',(0.,-1.,0.));
#1067=DIRECTION('',(0.,0.,-1.));
#1068=DIRECTION('',(0.,-1.,0.));
#1069=DIRECTION('',(0.,0.,-1.));
#1070=DIRECTION('',(0.,-1.,0.));
#1071=DIRECTION('',(0.,0.,-1.));
#1072=DIRECTION('',(0.,-1.,0.));
#1073=DIRECTION('',(0.,0.,-1.));
#1074=DIRECTION('',(0.,-1.,0.));
#1075=DIRECTION('',(0.,0.,-1.));
#1076=DIRECTION('',(0.,-1.,0.));
#1077=DIRECTION('',(0.,0.,-1.));
#1078=DIRECTION('',(0.,-1.,0.));
#1079=DIRECTION('',(0.,0.,-1.));
#1080=DIRECTION('',(0.,-1.,0.));
#1081=DIRECTION('',(0.,0.,-1.));
#1082=CARTESIAN_POINT('',(0.,0.,0.));
#1083=CARTESIAN_POINT('',(0.,0.03,0.0539310451387855));
#1084=CARTESIAN_POINT('',(0.0015,0.03,0.0539310451387855));
#1085=CARTESIAN_POINT('',(0.0015,0.03,0.0519093772762357));
#1086=CARTESIAN_POINT('',(0.0015,0.03,0.0551637835274276));
#1087=CARTESIAN_POINT('',(0.,0.03,0.));
#1088=CARTESIAN_POINT('',(0.037946025236371,0.03,0.0400673455799306));
#1089=CARTESIAN_POINT('',(0.025904862397613,0.03,0.0280261827411726));
#1090=CARTESIAN_POINT('',(0.0356448125074173,0.03,0.037766132850977));
#1091=CARTESIAN_POINT('',(0.,0.03,0.));
#1092=CARTESIAN_POINT('',(0.,0.03,0.0539310451387855));
#1093=CARTESIAN_POINT('',(0.0280261827411726,0.03,0.025904862397613));
#1094=CARTESIAN_POINT('',(0.037766132850977,0.03,0.0356448125074173));
#1095=CARTESIAN_POINT('',(0.0400673455799306,0.03,0.037946025236371));
#1096=CARTESIAN_POINT('',(0.,0.03,0.));
#1097=CARTESIAN_POINT('',(0.0551637835274276,0.03,0.0015));
#1098=CARTESIAN_POINT('',(3.21047558025821E-18,0.03,0.0015));
#1099=CARTESIAN_POINT('',(0.0519093772762357,0.03,0.0015));
#1100=CARTESIAN_POINT('',(0.,0.03,0.));
#1101=CARTESIAN_POINT('',(0.,0.03,0.0539310451387855));
#1102=CARTESIAN_POINT('',(3.3941726001303E-18,0.03,-0.0015));
#1103=CARTESIAN_POINT('',(0.0519093772762357,0.03,-0.0015));
#1104=CARTESIAN_POINT('',(0.0551637835274276,0.03,-0.0015));
#1105=CARTESIAN_POINT('',(0.,0.03,0.));
#1106=CARTESIAN_POINT('',(0.0400673455799306,0.03,-0.037946025236371));
#1107=CARTESIAN_POINT('',(-0.025904862397613,0.03,0.0280261827411726));
#1108=CARTESIAN_POINT('',(0.037766132850977,0.03,-0.0356448125074173));
#1109=CARTESIAN_POINT('',(0.,0.03,0.));
#1110=CARTESIAN_POINT('',(0.,0.03,0.0539310451387855));
#1111=CARTESIAN_POINT('',(-0.0280261827411726,0.03,0.025904862397613));
#1112=CARTESIAN_POINT('',(0.0356448125074173,0.03,-0.037766132850977));
#1113=CARTESIAN_POINT('',(0.037946025236371,0.03,-0.0400673455799306));
#1114=CARTESIAN_POINT('',(0.,0.03,0.));
#1115=CARTESIAN_POINT('',(0.0015,0.03,-0.0551637835274276));
#1116=CARTESIAN_POINT('',(0.0015,0.03,0.0539310451387855));
#1117=CARTESIAN_POINT('',(0.0015,0.03,-0.0519093772762357));
#1118=CARTESIAN_POINT('',(0.,0.03,0.));
#1119=CARTESIAN_POINT('',(0.,0.03,0.0539310451387855));
#1120=CARTESIAN_POINT('',(-0.0015,0.03,0.0539310451387855));
#1121=CARTESIAN_POINT('',(-0.0015,0.03,-0.0519093772762357));
#1122=CARTESIAN_POINT('',(-0.0015,0.03,-0.0551637835274276));
#1123=CARTESIAN_POINT('',(0.,0.03,0.));
#1124=CARTESIAN_POINT('',(-0.037946025236371,0.03,-0.0400673455799307));
#1125=CARTESIAN_POINT('',(0.0280261827411726,0.03,0.025904862397613));
#1126=CARTESIAN_POINT('',(-0.0356448125074173,0.03,-0.037766132850977));
#1127=CARTESIAN_POINT('',(0.,0.03,0.));
#1128=CARTESIAN_POINT('',(0.,0.03,0.0539310451387855));
#1129=CARTESIAN_POINT('',(0.025904862397613,0.03,0.0280261827411726));
#1130=CARTESIAN_POINT('',(-0.0377661328509769,0.03,-0.0356448125074173));
#1131=CARTESIAN_POINT('',(-0.0400673455799306,0.03,-0.037946025236371));
#1132=CARTESIAN_POINT('',(0.,0.03,0.));
#1133=CARTESIAN_POINT('',(-0.0551637835274276,0.03,-0.0015));
#1134=CARTESIAN_POINT('',(1.01825178003909E-17,0.03,-0.0015));
#1135=CARTESIAN_POINT('',(-0.0519093772762357,0.03,-0.0015));
#1136=CARTESIAN_POINT('',(0.,0.03,0.));
#1137=CARTESIAN_POINT('',(0.,0.03,0.0539310451387855));
#1138=CARTESIAN_POINT('',(9.63142674077461E-18,0.03,0.0015));
#1139=CARTESIAN_POINT('',(-0.0519093772762357,0.03,0.0015));
#1140=CARTESIAN_POINT('',(-0.0551637835274276,0.03,0.0015));
#1141=CARTESIAN_POINT('',(0.,0.03,0.));
#1142=CARTESIAN_POINT('',(-0.0400673455799307,0.03,0.037946025236371));
#1143=CARTESIAN_POINT('',(-0.0280261827411726,0.03,0.0259048623976129));
#1144=CARTESIAN_POINT('',(-0.037766132850977,0.03,0.0356448125074173));
#1145=CARTESIAN_POINT('',(0.,0.03,0.));
#1146=CARTESIAN_POINT('',(0.,0.03,0.0539310451387855));
#1147=CARTESIAN_POINT('',(-0.025904862397613,0.03,0.0280261827411726));
#1148=CARTESIAN_POINT('',(-0.0356448125074173,0.03,0.0377661328509769));
#1149=CARTESIAN_POINT('',(-0.037946025236371,0.03,0.0400673455799306));
#1150=CARTESIAN_POINT('',(0.,0.03,0.));
#1151=CARTESIAN_POINT('',(-0.0015,0.03,0.0551637835274276));
#1152=CARTESIAN_POINT('',(-0.0015,0.03,0.0539310451387855));
#1153=CARTESIAN_POINT('',(-0.0015,0.03,0.0519093772762357));
#1154=CARTESIAN_POINT('',(0.,0.03,0.));
#1155=CARTESIAN_POINT('',(0.,0.0728757455945015,0.));
#1156=CARTESIAN_POINT('',(0.,0.01,0.));
#1157=CARTESIAN_POINT('',(0.,0.01,-0.05715));
#1158=CARTESIAN_POINT('',(0.,0.015,0.));
#1159=CARTESIAN_POINT('',(0.,0.015,-0.05715));
#1160=CARTESIAN_POINT('',(0.,0.01,0.0541401));
#1161=CARTESIAN_POINT('',(0.,0.01,0.));
#1162=CARTESIAN_POINT('',(0.,0.01,-0.0511302));
#1163=CARTESIAN_POINT('',(0.,0.0728757455945015,0.));
#1164=CARTESIAN_POINT('',(0.,-0.01,0.));
#1165=CARTESIAN_POINT('',(0.,-0.01,-0.0511302));
#1166=CARTESIAN_POINT('',(0.,-0.01,0.0481302));
#1167=CARTESIAN_POINT('',(0.,-0.01,0.));
#1168=CARTESIAN_POINT('',(0.,-0.01,-0.0451302));
#1169=CARTESIAN_POINT('',(0.,0.0728757455945015,0.));
#1170=CARTESIAN_POINT('',(0.,0.0125,0.));
#1171=CARTESIAN_POINT('',(0.,0.0125,-0.0451302));
#1172=CARTESIAN_POINT('',(0.,0.0125,0.));
#1173=CARTESIAN_POINT('',(-0.0347565862121897,0.0267690662721025,0.0368779065557493));
#1174=CARTESIAN_POINT('',(-0.0354663323243551,0.0267024994106613,0.0361734391055416));
#1175=CARTESIAN_POINT('',(-0.0361734391055416,0.0267024994106613,0.0354663323243551));
#1176=CARTESIAN_POINT('',(-0.0368779065557493,0.0267690662721024,0.0347565862121897));
#1177=CARTESIAN_POINT('',(-0.0347565862121897,0.0267690662721024,0.0368779065557493));
#1178=CARTESIAN_POINT('',(-0.0368779065557493,0.0267690662721024,0.0347565862121897));
#1179=CARTESIAN_POINT('',(-0.0347565862121897,0.0267690662721024,0.0368779065557493));
#1180=CARTESIAN_POINT('',(-0.0350526643705555,0.0278460426821686,0.0371739847141151));
#1181=CARTESIAN_POINT('',(-0.0353487397363245,0.0289230206277433,0.0374700600798841));
#1182=CARTESIAN_POINT('',(-0.0356448125074174,0.03,0.0377661328509769));
#1183=CARTESIAN_POINT('',(-0.0015,0.0267690662721024,0.0506532356030683));
#1184=CARTESIAN_POINT('',(-0.0015,0.0278460426823276,0.0510719533502136));
#1185=CARTESIAN_POINT('',(-0.0015,0.0289230206278985,0.0514906671479672));
#1186=CARTESIAN_POINT('',(-0.0015,0.03,0.0519093772762357));
#1187=CARTESIAN_POINT('',(-0.0015,0.0267690662721024,0.0506532356030683));
#1188=CARTESIAN_POINT('',(0.0015,0.0267690662721024,0.0506532356030683));
#1189=CARTESIAN_POINT('',(0.0005,0.0267024994106613,0.0506569681807342));
#1190=CARTESIAN_POINT('',(-0.0005,0.0267024994106613,0.0506569681807342));
#1191=CARTESIAN_POINT('',(-0.0015,0.0267690662721024,0.0506532356030683));
#1192=CARTESIAN_POINT('',(0.0015,0.0267690662721024,0.0506532356030683));
#1193=CARTESIAN_POINT('',(0.0015,0.0267690662721024,0.0506532356030683));
#1194=CARTESIAN_POINT('',(0.0015,0.0278460426823276,0.0510719533502136));
#1195=CARTESIAN_POINT('',(0.0015,0.0289230206278985,0.0514906671479672));
#1196=CARTESIAN_POINT('',(0.0015,0.03,0.0519093772762357));
#1197=CARTESIAN_POINT('',(0.0347565862121897,0.0267690662721024,0.0368779065557493));
#1198=CARTESIAN_POINT('',(0.0350526643705555,0.0278460426821686,0.0371739847141151));
#1199=CARTESIAN_POINT('',(0.0353487397363245,0.0289230206277433,0.0374700600798841));
#1200=CARTESIAN_POINT('',(0.0356448125074174,0.03,0.037766132850977));
#1201=CARTESIAN_POINT('',(0.0347565862121897,0.0267690662721024,0.0368779065557493));
#1202=CARTESIAN_POINT('',(0.0368779065557493,0.0267690662721025,0.0347565862121897));
#1203=CARTESIAN_POINT('',(0.0361734391055416,0.0267024994106613,0.0354663323243551));
#1204=CARTESIAN_POINT('',(0.0354663323243551,0.0267024994106613,0.0361734391055416));
#1205=CARTESIAN_POINT('',(0.0347565862121897,0.0267690662721024,0.0368779065557493));
#1206=CARTESIAN_POINT('',(0.0368779065557493,0.0267690662721024,0.0347565862121897));
#1207=CARTESIAN_POINT('',(0.0368779065557493,0.0267690662721024,0.0347565862121897));
#1208=CARTESIAN_POINT('',(0.0371739847141151,0.0278460426821686,0.0350526643705555));
#1209=CARTESIAN_POINT('',(0.0374700600798841,0.0289230206277433,0.0353487397363245));
#1210=CARTESIAN_POINT('',(0.037766132850977,0.03,0.0356448125074174));
#1211=CARTESIAN_POINT('',(0.0506532356030683,0.0267690662721024,0.0015));
#1212=CARTESIAN_POINT('',(0.0510719533502136,0.0278460426823276,0.0015));
#1213=CARTESIAN_POINT('',(0.0514906671479672,0.0289230206278985,0.0015));
#1214=CARTESIAN_POINT('',(0.0519093772762357,0.03,0.0015));
#1215=CARTESIAN_POINT('',(0.0506532356030683,0.0267690662721024,0.0015));
#1216=CARTESIAN_POINT('',(0.0506532356030683,0.0267690662721024,-0.0015));
#1217=CARTESIAN_POINT('',(0.0506569681807342,0.0267024994106613,-0.0005));
#1218=CARTESIAN_POINT('',(0.0506569681807342,0.0267024994106613,0.0005));
#1219=CARTESIAN_POINT('',(0.0506532356030683,0.0267690662721024,0.0015));
#1220=CARTESIAN_POINT('',(0.0506532356030683,0.0267690662721024,-0.0015));
#1221=CARTESIAN_POINT('',(0.0506532356030683,0.0267690662721024,-0.0015));
#1222=CARTESIAN_POINT('',(0.0510719533502136,0.0278460426823276,-0.0015));
#1223=CARTESIAN_POINT('',(0.0514906671479672,0.0289230206278985,-0.0015));
#1224=CARTESIAN_POINT('',(0.0519093772762357,0.03,-0.0015));
#1225=CARTESIAN_POINT('',(0.0368779065557493,0.0267690662721024,-0.0347565862121897));
#1226=CARTESIAN_POINT('',(0.0371739847141151,0.0278460426821686,-0.0350526643705555));
#1227=CARTESIAN_POINT('',(0.0374700600798841,0.0289230206277433,-0.0353487397363245));
#1228=CARTESIAN_POINT('',(0.037766132850977,0.03,-0.0356448125074174));
#1229=CARTESIAN_POINT('',(0.0368779065557493,0.0267690662721024,-0.0347565862121897));
#1230=CARTESIAN_POINT('',(0.0347565862121897,0.0267690662721025,-0.0368779065557493));
#1231=CARTESIAN_POINT('',(0.0354663323243551,0.0267024994106613,-0.0361734391055416));
#1232=CARTESIAN_POINT('',(0.0361734391055416,0.0267024994106613,-0.0354663323243551));
#1233=CARTESIAN_POINT('',(0.0368779065557493,0.0267690662721024,-0.0347565862121897));
#1234=CARTESIAN_POINT('',(0.0347565862121897,0.0267690662721024,-0.0368779065557493));
#1235=CARTESIAN_POINT('',(0.0347565862121897,0.0267690662721024,-0.0368779065557493));
#1236=CARTESIAN_POINT('',(0.0350526643705555,0.0278460426821686,-0.0371739847141151));
#1237=CARTESIAN_POINT('',(0.0353487397363245,0.0289230206277433,-0.0374700600798841));
#1238=CARTESIAN_POINT('',(0.0356448125074174,0.03,-0.037766132850977));
#1239=CARTESIAN_POINT('',(0.0015,0.0267690662721024,-0.0506532356030683));
#1240=CARTESIAN_POINT('',(0.0015,0.0278460426823276,-0.0510719533502136));
#1241=CARTESIAN_POINT('',(0.0015,0.0289230206278985,-0.0514906671479672));
#1242=CARTESIAN_POINT('',(0.0015,0.03,-0.0519093772762357));
#1243=CARTESIAN_POINT('',(0.0015,0.0267690662721024,-0.0506532356030683));
#1244=CARTESIAN_POINT('',(-0.0015,0.0267690662721024,-0.0506532356030683));
#1245=CARTESIAN_POINT('',(-0.0005,0.0267024994106613,-0.0506569681807342));
#1246=CARTESIAN_POINT('',(0.0005,0.0267024994106613,-0.0506569681807342));
#1247=CARTESIAN_POINT('',(0.0015,0.0267690662721024,-0.0506532356030683));
#1248=CARTESIAN_POINT('',(-0.0015,0.0267690662721024,-0.0506532356030683));
#1249=CARTESIAN_POINT('',(-0.0015,0.0267690662721024,-0.0506532356030683));
#1250=CARTESIAN_POINT('',(-0.0015,0.0278460426823276,-0.0510719533502136));
#1251=CARTESIAN_POINT('',(-0.0015,0.0289230206278985,-0.0514906671479672));
#1252=CARTESIAN_POINT('',(-0.0015,0.03,-0.0519093772762357));
#1253=CARTESIAN_POINT('',(-0.0347565862121897,0.0267690662721024,-0.0368779065557493));
#1254=CARTESIAN_POINT('',(-0.0350526643705555,0.0278460426821686,-0.0371739847141151));
#1255=CARTESIAN_POINT('',(-0.0353487397363245,0.0289230206277433,-0.0374700600798841));
#1256=CARTESIAN_POINT('',(-0.0356448125074174,0.03,-0.037766132850977));
#1257=CARTESIAN_POINT('',(-0.0347565862121897,0.0267690662721024,-0.0368779065557493));
#1258=CARTESIAN_POINT('',(-0.0368779065557493,0.0267690662721025,-0.0347565862121897));
#1259=CARTESIAN_POINT('',(-0.0361734391055416,0.0267024994106613,-0.0354663323243551));
#1260=CARTESIAN_POINT('',(-0.0354663323243551,0.0267024994106613,-0.0361734391055416));
#1261=CARTESIAN_POINT('',(-0.0347565862121897,0.0267690662721024,-0.0368779065557493));
#1262=CARTESIAN_POINT('',(-0.0368779065557493,0.0267690662721024,-0.0347565862121897));
#1263=CARTESIAN_POINT('',(-0.0368779065557493,0.0267690662721024,-0.0347565862121897));
#1264=CARTESIAN_POINT('',(-0.0371739847141151,0.0278460426821686,-0.0350526643705555));
#1265=CARTESIAN_POINT('',(-0.0374700600798841,0.0289230206277433,-0.0353487397363245));
#1266=CARTESIAN_POINT('',(-0.037766132850977,0.03,-0.0356448125074174));
#1267=CARTESIAN_POINT('',(-0.0506532356030683,0.0267690662721024,-0.0015));
#1268=CARTESIAN_POINT('',(-0.0510719533502136,0.0278460426823276,-0.0015));
#1269=CARTESIAN_POINT('',(-0.0514906671479672,0.0289230206278985,-0.0015));
#1270=CARTESIAN_POINT('',(-0.0519093772762357,0.03,-0.0015));
#1271=CARTESIAN_POINT('',(-0.0506532356030683,0.0267690662721024,-0.0015));
#1272=CARTESIAN_POINT('',(-0.0506532356030683,0.0267690662721024,0.0015));
#1273=CARTESIAN_POINT('',(-0.0506569681807342,0.0267024994106613,0.0005));
#1274=CARTESIAN_POINT('',(-0.0506569681807342,0.0267024994106613,-0.0005));
#1275=CARTESIAN_POINT('',(-0.0506532356030683,0.0267690662721024,-0.0015));
#1276=CARTESIAN_POINT('',(-0.0506532356030683,0.0267690662721024,0.0015));
#1277=CARTESIAN_POINT('',(-0.0506532356030683,0.0267690662721024,0.0015));
#1278=CARTESIAN_POINT('',(-0.0510719533502136,0.0278460426823276,0.0015));
#1279=CARTESIAN_POINT('',(-0.0514906671479672,0.0289230206278985,0.0015));
#1280=CARTESIAN_POINT('',(-0.0519093772762357,0.03,0.0015));
#1281=CARTESIAN_POINT('',(-0.0368779065557493,0.0267690662721024,0.0347565862121896));
#1282=CARTESIAN_POINT('',(-0.0371739847141151,0.0278460426821686,0.0350526643705555));
#1283=CARTESIAN_POINT('',(-0.0374700600798842,0.0289230206277433,0.0353487397363245));
#1284=CARTESIAN_POINT('',(-0.037766132850977,0.03,0.0356448125074173));
#1285=CARTESIAN_POINT('',(0.0015,0.015,0.05115));
#1286=CARTESIAN_POINT('',(-0.0015,0.015,0.05115));
#1287=CARTESIAN_POINT('',(0.0015,0.0160301653060342,0.05115));
#1288=CARTESIAN_POINT('',(-0.0015,0.0160301653060342,0.05115));
#1289=CARTESIAN_POINT('',(0.0015,0.0203452758069354,0.051014704900466));
#1290=CARTESIAN_POINT('',(-0.0015,0.0203452758069354,0.051014704900466));
#1291=CARTESIAN_POINT('',(0.0015,0.0268858568438981,0.0506466753978592));
#1292=CARTESIAN_POINT('',(-0.0015,0.0268858568438981,0.0506466753978592));
#1293=CARTESIAN_POINT('',(-0.0015,0.015,0.05115));
#1294=CARTESIAN_POINT('',(-0.0015,0.019,0.05115));
#1295=CARTESIAN_POINT('',(-0.0015,0.114567613004176,0.0475080563942293));
#1296=CARTESIAN_POINT('',(-0.0015,0.17029911300718,0.0191798969795542));
#1297=CARTESIAN_POINT('',(-0.0015,0.171231707424389,0.01875));
#1298=CARTESIAN_POINT('',(-0.0015,0.015,0.05115));
#1299=CARTESIAN_POINT('',(0.0015,0.015,0.05115));
#1300=CARTESIAN_POINT('',(0.0015,0.015,0.05115));
#1301=CARTESIAN_POINT('',(0.0015,0.015,0.05115));
#1302=CARTESIAN_POINT('',(0.0015,0.019,0.05115));
#1303=CARTESIAN_POINT('',(0.0015,0.114567613004176,0.0475080563942293));
#1304=CARTESIAN_POINT('',(0.0015,0.17029911300718,0.0191798969795542));
#1305=CARTESIAN_POINT('',(0.0015,0.171231707424389,0.01875));
#1306=CARTESIAN_POINT('',(0.0015,0.0925,0.028575));
#1307=CARTESIAN_POINT('',(0.0015,0.015,0.05345));
#1308=CARTESIAN_POINT('',(0.0015,0.015,0.0557298169743989));
#1309=CARTESIAN_POINT('',(0.0015,0.015,0.0557298169743989));
#1310=CARTESIAN_POINT('',(0.0015,0.0162517799659061,0.0557298169743989));
#1311=CARTESIAN_POINT('',(0.00149999999999997,0.018752362755035,0.0556509220955057));
#1312=CARTESIAN_POINT('',(0.00149999999999997,0.023753053986871,0.0554805620622983));
#1313=CARTESIAN_POINT('',(0.00150000000000003,0.0275015331904157,0.0552987522891247));
#1314=CARTESIAN_POINT('',(0.00150000000000003,0.03,0.0551637835274276));
#1315=CARTESIAN_POINT('',(-0.0015,0.0925,0.028575));
#1316=CARTESIAN_POINT('',(-0.0015,0.015,0.0557298169743989));
#1317=CARTESIAN_POINT('',(-0.0015,0.0162517799659061,0.0557298169743989));
#1318=CARTESIAN_POINT('',(-0.0015,0.018752362755035,0.0556509220955057));
#1319=CARTESIAN_POINT('',(-0.0015,0.023753053986871,0.0554805620622983));
#1320=CARTESIAN_POINT('',(-0.0015,0.0275015331904157,0.0552987522891247));
#1321=CARTESIAN_POINT('',(-0.0015,0.03,0.0551637835274276));
#1322=CARTESIAN_POINT('',(-0.0015,0.015,0.0557298169743989));
#1323=CARTESIAN_POINT('',(-0.0015,0.015,0.05345));
#1324=CARTESIAN_POINT('',(0.0372291720294717,0.015,0.0351078516859121));
#1325=CARTESIAN_POINT('',(0.0351078516859121,0.015,0.0372291720294718));
#1326=CARTESIAN_POINT('',(0.0372291720294717,0.0160301653060342,0.0351078516859121));
#1327=CARTESIAN_POINT('',(0.0351078516859121,0.0160301653060342,0.0372291720294718));
#1328=CARTESIAN_POINT('',(0.0371335039471299,0.0203452758069354,0.0350121836035703));
#1329=CARTESIAN_POINT('',(0.0350121836035703,0.0203452758069354,0.0371335039471299));
#1330=CARTESIAN_POINT('',(0.03687326779016,0.0268858568438981,0.0347519474466003));
#1331=CARTESIAN_POINT('',(0.0347519474466003,0.0268858568438981,0.03687326779016));
#1332=CARTESIAN_POINT('',(0.0351078516859121,0.015,0.0372291720294717));
#1333=CARTESIAN_POINT('',(0.0351078516859121,0.019,0.0372291720294717));
#1334=CARTESIAN_POINT('',(0.0325326086655726,0.114567613004176,0.0346539290091323));
#1335=CARTESIAN_POINT('',(0.0125015750449223,0.17029911300718,0.014622895388482));
#1336=CARTESIAN_POINT('',(0.0121975919754679,0.171231707424389,0.0143189123190276));
#1337=CARTESIAN_POINT('',(0.0351078516859121,0.015,0.0372291720294717));
#1338=CARTESIAN_POINT('',(0.0372291720294717,0.015,0.0351078516859121));
#1339=CARTESIAN_POINT('',(0.0372291720294717,0.015,0.0351078516859121));
#1340=CARTESIAN_POINT('',(0.0372291720294717,0.015,0.0351078516859121));
#1341=CARTESIAN_POINT('',(0.0372291720294717,0.019,0.0351078516859121));
#1342=CARTESIAN_POINT('',(0.0346539290091323,0.114567613004176,0.0325326086655726));
#1343=CARTESIAN_POINT('',(0.014622895388482,0.17029911300718,0.0125015750449223));
#1344=CARTESIAN_POINT('',(0.0143189123190276,0.171231707424389,0.0121975919754679));
#1345=CARTESIAN_POINT('',(0.0212662364441854,0.0925,0.0191449161006258));
#1346=CARTESIAN_POINT('',(0.0388555176262008,0.015,0.0367341972826411));
#1347=CARTESIAN_POINT('',(0.0404675916686624,0.015,0.0383462713251028));
#1348=CARTESIAN_POINT('',(0.0404675916686624,0.015,0.0383462713251028));
#1349=CARTESIAN_POINT('',(0.0404675916686624,0.0162517799659061,0.0383462713251028));
#1350=CARTESIAN_POINT('',(0.0404118045647962,0.018752362755035,0.0382904842212365));
#1351=CARTESIAN_POINT('',(0.040291341830072,0.023753053986871,0.0381700214865124));
#1352=CARTESIAN_POINT('',(0.040162782906575,0.0275015331904157,0.0380414625630154));
#1353=CARTESIAN_POINT('',(0.0400673455799307,0.03,0.037946025236371));
#1354=CARTESIAN_POINT('',(0.0191449161006258,0.0925,0.0212662364441854));
#1355=CARTESIAN_POINT('',(0.0383462713251028,0.015,0.0404675916686624));
#1356=CARTESIAN_POINT('',(0.0383462713251028,0.0162517799659061,0.0404675916686624));
#1357=CARTESIAN_POINT('',(0.0382904842212366,0.018752362755035,0.0404118045647961));
#1358=CARTESIAN_POINT('',(0.0381700214865124,0.023753053986871,0.040291341830072));
#1359=CARTESIAN_POINT('',(0.0380414625630154,0.0275015331904157,0.040162782906575));
#1360=CARTESIAN_POINT('',(0.037946025236371,0.03,0.0400673455799306));
#1361=CARTESIAN_POINT('',(0.0383462713251028,0.015,0.0404675916686624));
#1362=CARTESIAN_POINT('',(0.0367341972826411,0.015,0.0388555176262008));
#1363=CARTESIAN_POINT('',(0.05115,0.015,-0.0015));
#1364=CARTESIAN_POINT('',(0.05115,0.015,0.0015));
#1365=CARTESIAN_POINT('',(0.05115,0.0160301653060342,-0.0015));
#1366=CARTESIAN_POINT('',(0.05115,0.0160301653060342,0.0015));
#1367=CARTESIAN_POINT('',(0.051014704900466,0.0203452758069354,-0.0015));
#1368=CARTESIAN_POINT('',(0.051014704900466,0.0203452758069354,0.0015));
#1369=CARTESIAN_POINT('',(0.0506466753978592,0.0268858568438981,-0.0015));
#1370=CARTESIAN_POINT('',(0.0506466753978592,0.0268858568438981,0.0015));
#1371=CARTESIAN_POINT('',(0.05115,0.015,0.0015));
#1372=CARTESIAN_POINT('',(0.05115,0.019,0.0015));
#1373=CARTESIAN_POINT('',(0.0475080563942293,0.114567613004176,0.0015));
#1374=CARTESIAN_POINT('',(0.0191798969795542,0.17029911300718,0.0015));
#1375=CARTESIAN_POINT('',(0.01875,0.171231707424389,0.0015));
#1376=CARTESIAN_POINT('',(0.05115,0.015,0.0015));
#1377=CARTESIAN_POINT('',(0.05115,0.015,-0.0015));
#1378=CARTESIAN_POINT('',(0.05115,0.015,-0.0015));
#1379=CARTESIAN_POINT('',(0.05115,0.015,-0.0015));
#1380=CARTESIAN_POINT('',(0.05115,0.019,-0.0015));
#1381=CARTESIAN_POINT('',(0.0475080563942293,0.114567613004176,-0.0015));
#1382=CARTESIAN_POINT('',(0.0191798969795542,0.17029911300718,-0.0015));
#1383=CARTESIAN_POINT('',(0.01875,0.171231707424389,-0.0015));
#1384=CARTESIAN_POINT('',(0.028575,0.0925,-0.0015));
#1385=CARTESIAN_POINT('',(0.05345,0.015,-0.0015));
#1386=CARTESIAN_POINT('',(0.0557298169743989,0.015,-0.0015));
#1387=CARTESIAN_POINT('',(0.0557298169743989,0.015,-0.0015));
#1388=CARTESIAN_POINT('',(0.0557298169743989,0.0162517799659061,-0.0015));
#1389=CARTESIAN_POINT('',(0.0556509220955057,0.018752362755035,-0.00150000000000011));
#1390=CARTESIAN_POINT('',(0.0554805620622983,0.023753053986871,-0.0014999999999999));
#1391=CARTESIAN_POINT('',(0.0552987522891247,0.0275015331904157,-0.00150000000000003));
#1392=CARTESIAN_POINT('',(0.0551637835274276,0.03,-0.00150000000000003));
#1393=CARTESIAN_POINT('',(0.028575,0.0925,0.0015));
#1394=CARTESIAN_POINT('',(0.0557298169743989,0.015,0.0015));
#1395=CARTESIAN_POINT('',(0.0557298169743989,0.0162517799659061,0.0015));
#1396=CARTESIAN_POINT('',(0.0556509220955057,0.018752362755035,0.00150000000000002));
#1397=CARTESIAN_POINT('',(0.0554805620622983,0.023753053986871,0.00150000000000001));
#1398=CARTESIAN_POINT('',(0.0552987522891247,0.0275015331904157,0.00149999999999998));
#1399=CARTESIAN_POINT('',(0.0551637835274276,0.03,0.00149999999999998));
#1400=CARTESIAN_POINT('',(0.0557298169743989,0.015,0.0015));
#1401=CARTESIAN_POINT('',(0.05345,0.015,0.0015));
#1402=CARTESIAN_POINT('',(0.0351078516859121,0.015,-0.0372291720294717));
#1403=CARTESIAN_POINT('',(0.0372291720294718,0.015,-0.0351078516859121));
#1404=CARTESIAN_POINT('',(0.0351078516859121,0.0160301653060342,-0.0372291720294717));
#1405=CARTESIAN_POINT('',(0.0372291720294718,0.0160301653060342,-0.0351078516859121));
#1406=CARTESIAN_POINT('',(0.0350121836035703,0.0203452758069354,-0.0371335039471299));
#1407=CARTESIAN_POINT('',(0.0371335039471299,0.0203452758069354,-0.0350121836035703));
#1408=CARTESIAN_POINT('',(0.0347519474466003,0.0268858568438981,-0.03687326779016));
#1409=CARTESIAN_POINT('',(0.03687326779016,0.0268858568438981,-0.0347519474466003));
#1410=CARTESIAN_POINT('',(0.0372291720294717,0.015,-0.0351078516859121));
#1411=CARTESIAN_POINT('',(0.0372291720294717,0.019,-0.0351078516859121));
#1412=CARTESIAN_POINT('',(0.0346539290091323,0.114567613004176,-0.0325326086655726));
#1413=CARTESIAN_POINT('',(0.014622895388482,0.17029911300718,-0.0125015750449223));
#1414=CARTESIAN_POINT('',(0.0143189123190276,0.171231707424389,-0.0121975919754679));
#1415=CARTESIAN_POINT('',(0.0372291720294717,0.015,-0.0351078516859121));
#1416=CARTESIAN_POINT('',(0.0351078516859121,0.015,-0.0372291720294717));
#1417=CARTESIAN_POINT('',(0.0351078516859121,0.015,-0.0372291720294717));
#1418=CARTESIAN_POINT('',(0.0351078516859121,0.015,-0.0372291720294717));
#1419=CARTESIAN_POINT('',(0.0351078516859121,0.019,-0.0372291720294717));
#1420=CARTESIAN_POINT('',(0.0325326086655726,0.114567613004176,-0.0346539290091323));
#1421=CARTESIAN_POINT('',(0.0125015750449223,0.17029911300718,-0.014622895388482));
#1422=CARTESIAN_POINT('',(0.0121975919754679,0.171231707424389,-0.0143189123190276));
#1423=CARTESIAN_POINT('',(0.0191449161006258,0.0925,-0.0212662364441854));
#1424=CARTESIAN_POINT('',(0.0367341972826411,0.015,-0.0388555176262008));
#1425=CARTESIAN_POINT('',(0.0383462713251028,0.015,-0.0404675916686624));
#1426=CARTESIAN_POINT('',(0.0383462713251028,0.015,-0.0404675916686624));
#1427=CARTESIAN_POINT('',(0.0383462713251028,0.0162517799659061,-0.0404675916686624));
#1428=CARTESIAN_POINT('',(0.0382904842212366,0.018752362755035,-0.0404118045647961));
#1429=CARTESIAN_POINT('',(0.0381700214865123,0.023753053986871,-0.040291341830072));
#1430=CARTESIAN_POINT('',(0.0380414625630154,0.0275015331904157,-0.040162782906575));
#1431=CARTESIAN_POINT('',(0.037946025236371,0.03,-0.0400673455799306));
#1432=CARTESIAN_POINT('',(0.0212662364441854,0.0925,-0.0191449161006258));
#1433=CARTESIAN_POINT('',(0.0404675916686624,0.015,-0.0383462713251028));
#1434=CARTESIAN_POINT('',(0.0404675916686624,0.0162517799659061,-0.0383462713251028));
#1435=CARTESIAN_POINT('',(0.0404118045647961,0.018752362755035,-0.0382904842212366));
#1436=CARTESIAN_POINT('',(0.040291341830072,0.023753053986871,-0.0381700214865124));
#1437=CARTESIAN_POINT('',(0.040162782906575,0.0275015331904157,-0.0380414625630154));
#1438=CARTESIAN_POINT('',(0.0400673455799306,0.03,-0.037946025236371));
#1439=CARTESIAN_POINT('',(0.0404675916686624,0.015,-0.0383462713251028));
#1440=CARTESIAN_POINT('',(0.0388555176262008,0.015,-0.0367341972826411));
#1441=CARTESIAN_POINT('',(-0.0015,0.015,-0.05115));
#1442=CARTESIAN_POINT('',(0.0015,0.015,-0.05115));
#1443=CARTESIAN_POINT('',(-0.0015,0.0160301653060342,-0.05115));
#1444=CARTESIAN_POINT('',(0.0015,0.0160301653060342,-0.05115));
#1445=CARTESIAN_POINT('',(-0.0015,0.0203452758069354,-0.051014704900466));
#1446=CARTESIAN_POINT('',(0.0015,0.0203452758069354,-0.051014704900466));
#1447=CARTESIAN_POINT('',(-0.0015,0.0268858568438981,-0.0506466753978592));
#1448=CARTESIAN_POINT('',(0.0015,0.0268858568438981,-0.0506466753978592));
#1449=CARTESIAN_POINT('',(0.0015,0.015,-0.05115));
#1450=CARTESIAN_POINT('',(0.0015,0.019,-0.05115));
#1451=CARTESIAN_POINT('',(0.0015,0.114567613004176,-0.0475080563942293));
#1452=CARTESIAN_POINT('',(0.0015,0.17029911300718,-0.0191798969795542));
#1453=CARTESIAN_POINT('',(0.0015,0.171231707424389,-0.01875));
#1454=CARTESIAN_POINT('',(0.0015,0.015,-0.05115));
#1455=CARTESIAN_POINT('',(-0.0015,0.015,-0.05115));
#1456=CARTESIAN_POINT('',(-0.0015,0.015,-0.05115));
#1457=CARTESIAN_POINT('',(-0.0015,0.015,-0.05115));
#1458=CARTESIAN_POINT('',(-0.0015,0.019,-0.05115));
#1459=CARTESIAN_POINT('',(-0.0015,0.114567613004176,-0.0475080563942293));
#1460=CARTESIAN_POINT('',(-0.0015,0.17029911300718,-0.0191798969795542));
#1461=CARTESIAN_POINT('',(-0.0015,0.171231707424389,-0.01875));
#1462=CARTESIAN_POINT('',(-0.0015,0.0925,-0.028575));
#1463=CARTESIAN_POINT('',(-0.0015,0.015,-0.05345));
#1464=CARTESIAN_POINT('',(-0.0015,0.015,-0.0557298169743989));
#1465=CARTESIAN_POINT('',(-0.0015,0.015,-0.0557298169743989));
#1466=CARTESIAN_POINT('',(-0.0015,0.0162517799659061,-0.0557298169743989));
#1467=CARTESIAN_POINT('',(-0.00150000000000001,0.018752362755035,-0.0556509220955057));
#1468=CARTESIAN_POINT('',(-0.00150000000000001,0.023753053986871,-0.0554805620622983));
#1469=CARTESIAN_POINT('',(-0.00149999999999998,0.0275015331904157,-0.0552987522891247));
#1470=CARTESIAN_POINT('',(-0.00149999999999998,0.03,-0.0551637835274276));
#1471=CARTESIAN_POINT('',(0.0015,0.0925,-0.028575));
#1472=CARTESIAN_POINT('',(0.0015,0.015,-0.0557298169743989));
#1473=CARTESIAN_POINT('',(0.0015,0.0162517799659061,-0.0557298169743989));
#1474=CARTESIAN_POINT('',(0.00150000000000003,0.018752362755035,-0.0556509220955057));
#1475=CARTESIAN_POINT('',(0.00150000000000002,0.023753053986871,-0.0554805620622983));
#1476=CARTESIAN_POINT('',(0.0015,0.0275015331904157,-0.0552987522891247));
#1477=CARTESIAN_POINT('',(0.0015,0.03,-0.0551637835274276));
#1478=CARTESIAN_POINT('',(0.0015,0.015,-0.0557298169743989));
#1479=CARTESIAN_POINT('',(0.0015,0.015,-0.05345));
#1480=CARTESIAN_POINT('',(-0.0372291720294717,0.015,-0.0351078516859121));
#1481=CARTESIAN_POINT('',(-0.0351078516859121,0.015,-0.0372291720294717));
#1482=CARTESIAN_POINT('',(-0.0372291720294717,0.0160301653060342,-0.0351078516859121));
#1483=CARTESIAN_POINT('',(-0.0351078516859121,0.0160301653060342,-0.0372291720294717));
#1484=CARTESIAN_POINT('',(-0.0371335039471299,0.0203452758069354,-0.0350121836035703));
#1485=CARTESIAN_POINT('',(-0.0350121836035703,0.0203452758069354,-0.0371335039471299));
#1486=CARTESIAN_POINT('',(-0.03687326779016,0.0268858568438981,-0.0347519474466003));
#1487=CARTESIAN_POINT('',(-0.0347519474466003,0.0268858568438981,-0.03687326779016));
#1488=CARTESIAN_POINT('',(-0.0351078516859121,0.015,-0.0372291720294717));
#1489=CARTESIAN_POINT('',(-0.0351078516859121,0.019,-0.0372291720294717));
#1490=CARTESIAN_POINT('',(-0.0325326086655726,0.114567613004176,-0.0346539290091323));
#1491=CARTESIAN_POINT('',(-0.0125015750449223,0.17029911300718,-0.014622895388482));
#1492=CARTESIAN_POINT('',(-0.0121975919754679,0.171231707424389,-0.0143189123190276));
#1493=CARTESIAN_POINT('',(-0.0351078516859121,0.015,-0.0372291720294717));
#1494=CARTESIAN_POINT('',(-0.0372291720294717,0.015,-0.0351078516859121));
#1495=CARTESIAN_POINT('',(-0.0372291720294717,0.015,-0.0351078516859121));
#1496=CARTESIAN_POINT('',(-0.0372291720294717,0.015,-0.0351078516859121));
#1497=CARTESIAN_POINT('',(-0.0372291720294717,0.019,-0.0351078516859121));
#1498=CARTESIAN_POINT('',(-0.0346539290091323,0.114567613004176,-0.0325326086655726));
#1499=CARTESIAN_POINT('',(-0.014622895388482,0.17029911300718,-0.0125015750449223));
#1500=CARTESIAN_POINT('',(-0.0143189123190276,0.171231707424389,-0.0121975919754679));
#1501=CARTESIAN_POINT('',(-0.0212662364441854,0.0925,-0.0191449161006258));
#1502=CARTESIAN_POINT('',(-0.0388555176262008,0.015,-0.0367341972826411));
#1503=CARTESIAN_POINT('',(-0.0404675916686624,0.015,-0.0383462713251028));
#1504=CARTESIAN_POINT('',(-0.0404675916686624,0.015,-0.0383462713251028));
#1505=CARTESIAN_POINT('',(-0.0404675916686624,0.0162517799659061,-0.0383462713251028));
#1506=CARTESIAN_POINT('',(-0.0404118045647961,0.018752362755035,-0.0382904842212366));
#1507=CARTESIAN_POINT('',(-0.040291341830072,0.023753053986871,-0.0381700214865124));
#1508=CARTESIAN_POINT('',(-0.040162782906575,0.0275015331904157,-0.0380414625630154));
#1509=CARTESIAN_POINT('',(-0.0400673455799306,0.03,-0.037946025236371));
#1510=CARTESIAN_POINT('',(-0.0191449161006258,0.0925,-0.0212662364441854));
#1511=CARTESIAN_POINT('',(-0.0383462713251028,0.015,-0.0404675916686624));
#1512=CARTESIAN_POINT('',(-0.0383462713251028,0.0162517799659061,-0.0404675916686625));
#1513=CARTESIAN_POINT('',(-0.0382904842212366,0.0187523627550349,-0.0404118045647961));
#1514=CARTESIAN_POINT('',(-0.0381700214865124,0.023753053986871,-0.040291341830072));
#1515=CARTESIAN_POINT('',(-0.0380414625630154,0.0275015331904157,-0.040162782906575));
#1516=CARTESIAN_POINT('',(-0.037946025236371,0.03,-0.0400673455799307));
#1517=CARTESIAN_POINT('',(-0.0383462713251028,0.015,-0.0404675916686624));
#1518=CARTESIAN_POINT('',(-0.0367341972826411,0.015,-0.0388555176262008));
#1519=CARTESIAN_POINT('',(-0.05115,0.015,0.0015));
#1520=CARTESIAN_POINT('',(-0.05115,0.015,-0.0015));
#1521=CARTESIAN_POINT('',(-0.05115,0.0160301653060342,0.0015));
#1522=CARTESIAN_POINT('',(-0.05115,0.0160301653060342,-0.0015));
#1523=CARTESIAN_POINT('',(-0.051014704900466,0.0203452758069354,0.0015));
#1524=CARTESIAN_POINT('',(-0.051014704900466,0.0203452758069354,-0.0015));
#1525=CARTESIAN_POINT('',(-0.0506466753978592,0.0268858568438981,0.0015));
#1526=CARTESIAN_POINT('',(-0.0506466753978592,0.0268858568438981,-0.0015));
#1527=CARTESIAN_POINT('',(-0.05115,0.015,-0.0015));
#1528=CARTESIAN_POINT('',(-0.05115,0.019,-0.0015));
#1529=CARTESIAN_POINT('',(-0.0475080563942293,0.114567613004176,-0.0015));
#1530=CARTESIAN_POINT('',(-0.0191798969795542,0.17029911300718,-0.0015));
#1531=CARTESIAN_POINT('',(-0.01875,0.171231707424389,-0.0015));
#1532=CARTESIAN_POINT('',(-0.05115,0.015,-0.0015));
#1533=CARTESIAN_POINT('',(-0.05115,0.015,0.0015));
#1534=CARTESIAN_POINT('',(-0.05115,0.015,0.0015));
#1535=CARTESIAN_POINT('',(-0.05115,0.015,0.0015));
#1536=CARTESIAN_POINT('',(-0.05115,0.019,0.0015));
#1537=CARTESIAN_POINT('',(-0.0475080563942293,0.114567613004176,0.0015));
#1538=CARTESIAN_POINT('',(-0.0191798969795542,0.17029911300718,0.0015));
#1539=CARTESIAN_POINT('',(-0.01875,0.171231707424389,0.0015));
#1540=CARTESIAN_POINT('',(-0.028575,0.0925,0.0015));
#1541=CARTESIAN_POINT('',(-0.05345,0.015,0.0015));
#1542=CARTESIAN_POINT('',(-0.0557298169743989,0.015,0.0015));
#1543=CARTESIAN_POINT('',(-0.0557298169743989,0.015,0.0015));
#1544=CARTESIAN_POINT('',(-0.0557298169743989,0.0162517799659061,0.0015));
#1545=CARTESIAN_POINT('',(-0.0556509220955057,0.018752362755035,0.00150000000000001));
#1546=CARTESIAN_POINT('',(-0.0554805620622983,0.023753053986871,0.00149999999999996));
#1547=CARTESIAN_POINT('',(-0.0552987522891247,0.0275015331904157,0.0015));
#1548=CARTESIAN_POINT('',(-0.0551637835274276,0.03,0.0015));
#1549=CARTESIAN_POINT('',(-0.028575,0.0925,-0.0015));
#1550=CARTESIAN_POINT('',(-0.0557298169743989,0.015,-0.0015));
#1551=CARTESIAN_POINT('',(-0.0557298169743989,0.0162517799659061,-0.0015));
#1552=CARTESIAN_POINT('',(-0.0556509220955057,0.018752362755035,-0.00150000000000001));
#1553=CARTESIAN_POINT('',(-0.0554805620622983,0.023753053986871,-0.00150000000000001));
#1554=CARTESIAN_POINT('',(-0.0552987522891247,0.0275015331904157,-0.0015));
#1555=CARTESIAN_POINT('',(-0.0551637835274276,0.03,-0.0015));
#1556=CARTESIAN_POINT('',(-0.0557298169743989,0.015,-0.0015));
#1557=CARTESIAN_POINT('',(-0.05345,0.015,-0.0015));
#1558=CARTESIAN_POINT('',(-0.0351078516859121,0.015,0.0372291720294717));
#1559=CARTESIAN_POINT('',(-0.0372291720294717,0.015,0.0351078516859121));
#1560=CARTESIAN_POINT('',(-0.0351078516859121,0.0160301653060342,0.0372291720294717));
#1561=CARTESIAN_POINT('',(-0.0372291720294717,0.0160301653060342,0.0351078516859121));
#1562=CARTESIAN_POINT('',(-0.0350121836035703,0.0203452758069354,0.0371335039471299));
#1563=CARTESIAN_POINT('',(-0.0371335039471299,0.0203452758069354,0.0350121836035702));
#1564=CARTESIAN_POINT('',(-0.0347519474466003,0.0268858568438981,0.0368732677901599));
#1565=CARTESIAN_POINT('',(-0.03687326779016,0.0268858568438981,0.0347519474466003));
#1566=CARTESIAN_POINT('',(-0.0372291720294717,0.015,0.0351078516859121));
#1567=CARTESIAN_POINT('',(-0.0372291720294717,0.019,0.0351078516859121));
#1568=CARTESIAN_POINT('',(-0.0346539290091323,0.114567613004176,0.0325326086655726));
#1569=CARTESIAN_POINT('',(-0.014622895388482,0.17029911300718,0.0125015750449223));
#1570=CARTESIAN_POINT('',(-0.0143189123190276,0.171231707424389,0.0121975919754679));
#1571=CARTESIAN_POINT('',(-0.0372291720294717,0.015,0.0351078516859121));
#1572=CARTESIAN_POINT('',(-0.0351078516859121,0.015,0.0372291720294717));
#1573=CARTESIAN_POINT('',(-0.0351078516859121,0.015,0.0372291720294717));
#1574=CARTESIAN_POINT('',(-0.0351078516859121,0.015,0.0372291720294717));
#1575=CARTESIAN_POINT('',(-0.0351078516859121,0.019,0.0372291720294717));
#1576=CARTESIAN_POINT('',(-0.0325326086655726,0.114567613004176,0.0346539290091323));
#1577=CARTESIAN_POINT('',(-0.0125015750449223,0.17029911300718,0.014622895388482));
#1578=CARTESIAN_POINT('',(-0.0121975919754679,0.171231707424389,0.0143189123190276));
#1579=CARTESIAN_POINT('',(-0.0191449161006258,0.0925,0.0212662364441854));
#1580=CARTESIAN_POINT('',(-0.0367341972826411,0.015,0.0388555176262008));
#1581=CARTESIAN_POINT('',(-0.0383462713251028,0.015,0.0404675916686624));
#1582=CARTESIAN_POINT('',(-0.0383462713251028,0.015,0.0404675916686624));
#1583=CARTESIAN_POINT('',(-0.0383462713251028,0.0162517799659061,0.0404675916686624));
#1584=CARTESIAN_POINT('',(-0.0382904842212366,0.018752362755035,0.0404118045647961));
#1585=CARTESIAN_POINT('',(-0.0381700214865124,0.023753053986871,0.040291341830072));
#1586=CARTESIAN_POINT('',(-0.0380414625630154,0.0275015331904157,0.040162782906575));
#1587=CARTESIAN_POINT('',(-0.037946025236371,0.03,0.0400673455799306));
#1588=CARTESIAN_POINT('',(-0.0212662364441854,0.0925,0.0191449161006257));
#1589=CARTESIAN_POINT('',(-0.0404675916686624,0.015,0.0383462713251028));
#1590=CARTESIAN_POINT('',(-0.0404675916686624,0.0162517799659061,0.0383462713251028));
#1591=CARTESIAN_POINT('',(-0.0404118045647962,0.018752362755035,0.0382904842212365));
#1592=CARTESIAN_POINT('',(-0.0402913418300721,0.023753053986871,0.0381700214865123));
#1593=CARTESIAN_POINT('',(-0.040162782906575,0.0275015331904157,0.0380414625630154));
#1594=CARTESIAN_POINT('',(-0.0400673455799307,0.03,0.037946025236371));
#1595=CARTESIAN_POINT('',(-0.0404675916686624,0.015,0.0383462713251028));
#1596=CARTESIAN_POINT('',(-0.0388555176262008,0.015,0.0367341972826411));
#1597=CARTESIAN_POINT('',(-0.0367341972826411,0.015,0.0388555176262008));
#1598=CARTESIAN_POINT('',(0.,0.015,0.));
#1599=CARTESIAN_POINT('',(0.,0.015,0.));
#1600=CARTESIAN_POINT('',(0.,0.015,0.));
#1601=CARTESIAN_POINT('',(0.,0.015,0.));
#1602=CARTESIAN_POINT('',(0.,0.015,0.));
#1603=CARTESIAN_POINT('',(0.,0.015,0.));
#1604=CARTESIAN_POINT('',(0.,0.015,0.));
#1605=CARTESIAN_POINT('',(0.,0.015,0.));
#1606=CARTESIAN_POINT('',(0.0381325440900274,0.03,0.0398898745834455));
#1607=CARTESIAN_POINT('',(0.0280565490429369,0.03,0.0495219761981126));
#1608=CARTESIAN_POINT('',(0.0151783491024905,0.03,0.0548563012723979));
#1609=CARTESIAN_POINT('',(0.0012426203086818,0.03,0.0551701813285886));
#1610=CARTESIAN_POINT('',(0.0384420305425826,0.0217060536154353,0.0402136236558535));
#1611=CARTESIAN_POINT('',(0.0282842579997204,0.0217060536154353,0.0499239000954768));
#1612=CARTESIAN_POINT('',(0.0153015376683592,0.0217060536154353,0.0553015189332235));
#1613=CARTESIAN_POINT('',(0.00125270550389719,0.0217060536154353,0.0556179464623782));
#1614=CARTESIAN_POINT('',(0.0385235330227943,0.0161933466698882,0.0402988821611924));
#1615=CARTESIAN_POINT('',(0.0283442245817503,0.0161933466698882,0.0500297457446841));
#1616=CARTESIAN_POINT('',(0.0153339790678748,0.0161933466698882,0.055418765886335));
#1617=CARTESIAN_POINT('',(0.00125536141473492,0.0161933466698882,0.0557358642860985));
#1618=CARTESIAN_POINT('',(0.0385235330227943,0.015,0.0402988821611924));
#1619=CARTESIAN_POINT('',(0.0283442245817503,0.015,0.0500297457446841));
#1620=CARTESIAN_POINT('',(0.0153339790678748,0.015,0.055418765886335));
#1621=CARTESIAN_POINT('',(0.00125536141473492,0.015,0.0557358642860985));
#1622=CARTESIAN_POINT('',(0.0551701813285886,0.03,0.00124262030868183));
#1623=CARTESIAN_POINT('',(0.0548563012723979,0.03,0.0151783491024905));
#1624=CARTESIAN_POINT('',(0.0495219761981126,0.03,0.0280565490429369));
#1625=CARTESIAN_POINT('',(0.0398898745834455,0.03,0.0381325440900274));
#1626=CARTESIAN_POINT('',(0.0556179464623782,0.0217060536154353,0.00125270550389721));
#1627=CARTESIAN_POINT('',(0.0553015189332235,0.0217060536154353,0.0153015376683592));
#1628=CARTESIAN_POINT('',(0.0499239000954768,0.0217060536154353,0.0282842579997204));
#1629=CARTESIAN_POINT('',(0.0402136236558535,0.0217060536154353,0.0384420305425825));
#1630=CARTESIAN_POINT('',(0.0557358642860985,0.0161933466698882,0.00125536141473494));
#1631=CARTESIAN_POINT('',(0.055418765886335,0.0161933466698882,0.0153339790678748));
#1632=CARTESIAN_POINT('',(0.0500297457446841,0.0161933466698882,0.0283442245817503));
#1633=CARTESIAN_POINT('',(0.0402988821611925,0.0161933466698882,0.0385235330227943));
#1634=CARTESIAN_POINT('',(0.0557358642860985,0.015,0.00125536141473494));
#1635=CARTESIAN_POINT('',(0.055418765886335,0.015,0.0153339790678748));
#1636=CARTESIAN_POINT('',(0.0500297457446841,0.015,0.0283442245817503));
#1637=CARTESIAN_POINT('',(0.0402988821611924,0.015,0.0385235330227943));
#1638=CARTESIAN_POINT('',(0.0398898745834455,0.03,-0.0381325440900274));
#1639=CARTESIAN_POINT('',(0.0495219761981126,0.03,-0.028056549042937));
#1640=CARTESIAN_POINT('',(0.0548563012723979,0.03,-0.0151783491024906));
#1641=CARTESIAN_POINT('',(0.0551701813285886,0.03,-0.0012426203086819));
#1642=CARTESIAN_POINT('',(0.0402136236558534,0.0217060536154353,-0.0384420305425826));
#1643=CARTESIAN_POINT('',(0.0499239000954768,0.0217060536154353,-0.0282842579997204));
#1644=CARTESIAN_POINT('',(0.0553015189332235,0.0217060536154353,-0.0153015376683592));
#1645=CARTESIAN_POINT('',(0.0556179464623782,0.0217060536154353,-0.00125270550389727));
#1646=CARTESIAN_POINT('',(0.0402988821611924,0.0161933466698882,-0.0385235330227944));
#1647=CARTESIAN_POINT('',(0.0500297457446841,0.0161933466698882,-0.0283442245817503));
#1648=CARTESIAN_POINT('',(0.055418765886335,0.0161933466698882,-0.0153339790678749));
#1649=CARTESIAN_POINT('',(0.0557358642860985,0.0161933466698882,-0.00125536141473501));
#1650=CARTESIAN_POINT('',(0.0402988821611924,0.015,-0.0385235330227944));
#1651=CARTESIAN_POINT('',(0.0500297457446841,0.015,-0.0283442245817503));
#1652=CARTESIAN_POINT('',(0.055418765886335,0.015,-0.0153339790678749));
#1653=CARTESIAN_POINT('',(0.0557358642860985,0.015,-0.00125536141473501));
#1654=CARTESIAN_POINT('',(0.00124262030868183,0.03,-0.0551701813285886));
#1655=CARTESIAN_POINT('',(0.0151783491024905,0.03,-0.0548563012723979));
#1656=CARTESIAN_POINT('',(0.028056549042937,0.03,-0.0495219761981126));
#1657=CARTESIAN_POINT('',(0.0381325440900274,0.03,-0.0398898745834455));
#1658=CARTESIAN_POINT('',(0.00125270550389721,0.0217060536154352,-0.0556179464623782));
#1659=CARTESIAN_POINT('',(0.0153015376683592,0.0217060536154352,-0.0553015189332235));
#1660=CARTESIAN_POINT('',(0.0282842579997204,0.0217060536154352,-0.0499239000954768));
#1661=CARTESIAN_POINT('',(0.0384420305425826,0.0217060536154352,-0.0402136236558534));
#1662=CARTESIAN_POINT('',(0.00125536141473494,0.0161933466698882,-0.0557358642860985));
#1663=CARTESIAN_POINT('',(0.0153339790678749,0.0161933466698882,-0.055418765886335));
#1664=CARTESIAN_POINT('',(0.0283442245817503,0.0161933466698882,-0.0500297457446841));
#1665=CARTESIAN_POINT('',(0.0385235330227944,0.0161933466698882,-0.0402988821611924));
#1666=CARTESIAN_POINT('',(0.00125536141473494,0.015,-0.0557358642860985));
#1667=CARTESIAN_POINT('',(0.0153339790678749,0.015,-0.055418765886335));
#1668=CARTESIAN_POINT('',(0.0283442245817503,0.015,-0.0500297457446841));
#1669=CARTESIAN_POINT('',(0.0385235330227944,0.015,-0.0402988821611924));
#1670=CARTESIAN_POINT('',(-0.0381325440900274,0.03,-0.0398898745834455));
#1671=CARTESIAN_POINT('',(-0.028056549042937,0.03,-0.0495219761981126));
#1672=CARTESIAN_POINT('',(-0.0151783491024906,0.03,-0.0548563012723979));
#1673=CARTESIAN_POINT('',(-0.00124262030868188,0.03,-0.0551701813285886));
#1674=CARTESIAN_POINT('',(-0.0384420305425826,0.0217060536154353,-0.0402136236558535));
#1675=CARTESIAN_POINT('',(-0.0282842579997204,0.0217060536154353,-0.0499239000954768));
#1676=CARTESIAN_POINT('',(-0.0153015376683592,0.0217060536154353,-0.0553015189332235));
#1677=CARTESIAN_POINT('',(-0.00125270550389726,0.0217060536154353,-0.0556179464623782));
#1678=CARTESIAN_POINT('',(-0.0385235330227943,0.0161933466698882,-0.0402988821611924));
#1679=CARTESIAN_POINT('',(-0.0283442245817503,0.0161933466698882,-0.0500297457446841));
#1680=CARTESIAN_POINT('',(-0.0153339790678749,0.0161933466698882,-0.055418765886335));
#1681=CARTESIAN_POINT('',(-0.00125536141473499,0.0161933466698882,-0.0557358642860985));
#1682=CARTESIAN_POINT('',(-0.0385235330227943,0.015,-0.0402988821611924));
#1683=CARTESIAN_POINT('',(-0.0283442245817503,0.015,-0.0500297457446841));
#1684=CARTESIAN_POINT('',(-0.0153339790678749,0.015,-0.055418765886335));
#1685=CARTESIAN_POINT('',(-0.00125536141473499,0.015,-0.0557358642860985));
#1686=CARTESIAN_POINT('',(-0.0551701813285886,0.03,-0.00124262030868187));
#1687=CARTESIAN_POINT('',(-0.0548563012723979,0.03,-0.0151783491024906));
#1688=CARTESIAN_POINT('',(-0.0495219761981126,0.03,-0.028056549042937));
#1689=CARTESIAN_POINT('',(-0.0398898745834454,0.03,-0.0381325440900275));
#1690=CARTESIAN_POINT('',(-0.0556179464623782,0.0217060536154353,-0.00125270550389725));
#1691=CARTESIAN_POINT('',(-0.0553015189332235,0.0217060536154353,-0.0153015376683593));
#1692=CARTESIAN_POINT('',(-0.0499239000954768,0.0217060536154353,-0.0282842579997205));
#1693=CARTESIAN_POINT('',(-0.0402136236558534,0.0217060536154353,-0.0384420305425826));
#1694=CARTESIAN_POINT('',(-0.0557358642860985,0.0161933466698882,-0.00125536141473498));
#1695=CARTESIAN_POINT('',(-0.055418765886335,0.0161933466698882,-0.0153339790678749));
#1696=CARTESIAN_POINT('',(-0.0500297457446841,0.0161933466698882,-0.0283442245817504));
#1697=CARTESIAN_POINT('',(-0.0402988821611924,0.0161933466698882,-0.0385235330227944));
#1698=CARTESIAN_POINT('',(-0.0557358642860985,0.015,-0.00125536141473498));
#1699=CARTESIAN_POINT('',(-0.055418765886335,0.015,-0.0153339790678749));
#1700=CARTESIAN_POINT('',(-0.0500297457446841,0.015,-0.0283442245817504));
#1701=CARTESIAN_POINT('',(-0.0402988821611923,0.015,-0.0385235330227944));
#1702=CARTESIAN_POINT('',(-0.0398898745834455,0.03,0.0381325440900274));
#1703=CARTESIAN_POINT('',(-0.0495219761981126,0.03,0.028056549042937));
#1704=CARTESIAN_POINT('',(-0.0548563012723979,0.03,0.0151783491024905));
#1705=CARTESIAN_POINT('',(-0.0551701813285886,0.03,0.00124262030868184));
#1706=CARTESIAN_POINT('',(-0.0402136236558535,0.0217060536154353,0.0384420305425826));
#1707=CARTESIAN_POINT('',(-0.0499239000954768,0.0217060536154353,0.0282842579997204));
#1708=CARTESIAN_POINT('',(-0.0553015189332235,0.0217060536154353,0.0153015376683592));
#1709=CARTESIAN_POINT('',(-0.0556179464623782,0.0217060536154353,0.00125270550389723));
#1710=CARTESIAN_POINT('',(-0.0402988821611924,0.0161933466698882,0.0385235330227943));
#1711=CARTESIAN_POINT('',(-0.0500297457446841,0.0161933466698882,0.0283442245817503));
#1712=CARTESIAN_POINT('',(-0.055418765886335,0.0161933466698882,0.0153339790678749));
#1713=CARTESIAN_POINT('',(-0.0557358642860985,0.0161933466698882,0.00125536141473496));
#1714=CARTESIAN_POINT('',(-0.0402988821611924,0.015,0.0385235330227943));
#1715=CARTESIAN_POINT('',(-0.0500297457446841,0.015,0.0283442245817503));
#1716=CARTESIAN_POINT('',(-0.055418765886335,0.015,0.0153339790678749));
#1717=CARTESIAN_POINT('',(-0.0557358642860985,0.015,0.00125536141473496));
#1718=CARTESIAN_POINT('',(-0.00124262030868187,0.03,0.0551701813285886));
#1719=CARTESIAN_POINT('',(-0.0151783491024906,0.03,0.0548563012723979));
#1720=CARTESIAN_POINT('',(-0.028056549042937,0.03,0.0495219761981126));
#1721=CARTESIAN_POINT('',(-0.0381325440900274,0.03,0.0398898745834455));
#1722=CARTESIAN_POINT('',(-0.00125270550389725,0.0217060536154353,0.0556179464623782));
#1723=CARTESIAN_POINT('',(-0.0153015376683592,0.0217060536154353,0.0553015189332235));
#1724=CARTESIAN_POINT('',(-0.0282842579997204,0.0217060536154353,0.0499239000954768));
#1725=CARTESIAN_POINT('',(-0.0384420305425825,0.0217060536154353,0.0402136236558535));
#1726=CARTESIAN_POINT('',(-0.00125536141473499,0.0161933466698882,0.0557358642860985));
#1727=CARTESIAN_POINT('',(-0.0153339790678749,0.0161933466698882,0.055418765886335));
#1728=CARTESIAN_POINT('',(-0.0283442245817503,0.0161933466698882,0.0500297457446841));
#1729=CARTESIAN_POINT('',(-0.0385235330227943,0.0161933466698882,0.0402988821611924));
#1730=CARTESIAN_POINT('',(-0.00125536141473499,0.015,0.0557358642860985));
#1731=CARTESIAN_POINT('',(-0.0153339790678749,0.015,0.055418765886335));
#1732=CARTESIAN_POINT('',(-0.0283442245817503,0.015,0.0500297457446841));
#1733=CARTESIAN_POINT('',(-0.0385235330227943,0.015,0.0402988821611924));
#1734=MECHANICAL_DESIGN_GEOMETRIC_PRESENTATION_REPRESENTATION('',(#845),
#1735);
#1735=(
GEOMETRIC_REPRESENTATION_CONTEXT(3)
GLOBAL_UNCERTAINTY_ASSIGNED_CONTEXT((#1736))
GLOBAL_UNIT_ASSIGNED_CONTEXT((#1739,#1738,#1737))
REPRESENTATION_CONTEXT('Tail to Pvc Ring','TOP_LEVEL_ASSEMBLY_PART')
);
#1736=UNCERTAINTY_MEASURE_WITH_UNIT(LENGTH_MEASURE(2.E-5),#1739,
'DISTANCE_ACCURACY_VALUE','Maximum Tolerance applied to model');
#1737=(
NAMED_UNIT(*)
SI_UNIT($,.STERADIAN.)
SOLID_ANGLE_UNIT()
);
#1738=(
NAMED_UNIT(*)
PLANE_ANGLE_UNIT()
SI_UNIT($,.RADIAN.)
);
#1739=(
LENGTH_UNIT()
NAMED_UNIT(*)
SI_UNIT($,.METRE.)
);
#1740=PRODUCT_DEFINITION_SHAPE('','',#1741);
#1741=PRODUCT_DEFINITION('','',#1743,#1742);
#1742=PRODUCT_DEFINITION_CONTEXT('',#1749,'design');
#1743=PRODUCT_DEFINITION_FORMATION_WITH_SPECIFIED_SOURCE('','',#1745,
 .NOT_KNOWN.);
#1744=PRODUCT_RELATED_PRODUCT_CATEGORY('','',(#1745));
#1745=PRODUCT('Tail to Pvc Ring','Tail to Pvc Ring','Tail to Pvc Ring',
(#1747));
#1746=PRODUCT_CATEGORY('','');
#1747=PRODUCT_CONTEXT('',#1749,'mechanical');
#1748=APPLICATION_PROTOCOL_DEFINITION('international standard',
'ap242_managed_model_based_3d_engineering',2020,#1749);
#1749=APPLICATION_CONTEXT('managed model based 3d engineering');
ENDSEC;
END-ISO-10303-21;
