ISO-10303-21;
HEADER;
/* Generated by software containing ST-Developer
 * from STEP Tools, Inc. (www.steptools.com) 
 */
/* OPTION: using custom renumber hook */

FILE_DESCRIPTION(
/* description */ ('STEP AP242 Edition 2',
'CAx-IF Rec.Pracs.---Representation and Presentation of Product Manufa
cturing Information (PMI)---4.0---2014-10-13',
'CAx-IF Rec.Pracs.---3D Tessellated Geometry---0.4---2014-09-14','2;1',
'CAx-IF Rec.Pracs.---User Defined Attributes---1.5---2016-08-15'),
/* implementation_level */ '2;1');

FILE_NAME(
/* name */ 'Tail - Tail Ring',
/* time_stamp */ '2026-08-23T20:30:20Z',
/* author */ (''),
/* organization */ (''),
/* preprocessor_version */ 'ST-DEVELOPER v20',
/* originating_system */ 'ONSHAPE BY PTC INC, 1.219',
/* authorisation */ '  ');

FILE_SCHEMA (('AP242_MANAGED_MODEL_BASED_3D_ENGINEERING_MIM_LF { 1 0 10303 442 3 1 4 }'));
ENDSEC;

DATA;
#10=SHAPE_REPRESENTATION_RELATIONSHIP('','',#1661,#11);
#11=ADVANCED_BREP_SHAPE_REPRESENTATION('',(#1659),#2947);
#12=(
BOUNDED_SURFACE()
B_SPLINE_SURFACE(3,3,((#2814,#2815,#2816,#2817),(#2818,#2819,#2820,#2821),
(#2822,#2823,#2824,#2825),(#2826,#2827,#2828,#2829)),
 .SURF_OF_REVOLUTION.,.F.,.F.,.F.)
B_SPLINE_SURFACE_WITH_KNOTS((4,4),(4,4),(0.666495490189091,0.720274375079277),
(0.,1.),.PIECEWISE_BEZIER_KNOTS.)
GEOMETRIC_REPRESENTATION_ITEM()
RATIONAL_B_SPLINE_SURFACE(((1.,0.955155618376326,0.955155618376326,1.),
(1.,0.955155618376326,0.955155618376326,1.),(1.,0.955155618376326,0.955155618376326,
1.),(1.,0.955155618376326,0.955155618376326,1.)))
REPRESENTATION_ITEM('')
SURFACE()
);
#13=(
BOUNDED_SURFACE()
B_SPLINE_SURFACE(3,3,((#2830,#2831,#2832,#2833),(#2834,#2835,#2836,#2837),
(#2838,#2839,#2840,#2841),(#2842,#2843,#2844,#2845)),
 .SURF_OF_REVOLUTION.,.F.,.F.,.F.)
B_SPLINE_SURFACE_WITH_KNOTS((4,4),(4,4),(0.666495490189091,0.720274375078295),
(0.,1.),.PIECEWISE_BEZIER_KNOTS.)
GEOMETRIC_REPRESENTATION_ITEM()
RATIONAL_B_SPLINE_SURFACE(((1.,0.955155618376327,0.955155618376327,1.),
(1.,0.955155618376327,0.955155618376327,1.),(1.,0.955155618376327,0.955155618376327,
1.),(1.,0.955155618376327,0.955155618376327,1.)))
REPRESENTATION_ITEM('')
SURFACE()
);
#14=(
BOUNDED_SURFACE()
B_SPLINE_SURFACE(3,3,((#2846,#2847,#2848,#2849),(#2850,#2851,#2852,#2853),
(#2854,#2855,#2856,#2857),(#2858,#2859,#2860,#2861)),
 .SURF_OF_REVOLUTION.,.F.,.F.,.F.)
B_SPLINE_SURFACE_WITH_KNOTS((4,4),(4,4),(0.666495490189091,0.720274375079277),
(0.,1.),.PIECEWISE_BEZIER_KNOTS.)
GEOMETRIC_REPRESENTATION_ITEM()
RATIONAL_B_SPLINE_SURFACE(((1.,0.955155618376327,0.955155618376327,1.),
(1.,0.955155618376327,0.955155618376327,1.),(1.,0.955155618376327,0.955155618376327,
1.),(1.,0.955155618376327,0.955155618376327,1.)))
REPRESENTATION_ITEM('')
SURFACE()
);
#15=(
BOUNDED_SURFACE()
B_SPLINE_SURFACE(3,3,((#2862,#2863,#2864,#2865),(#2866,#2867,#2868,#2869),
(#2870,#2871,#2872,#2873),(#2874,#2875,#2876,#2877)),
 .SURF_OF_REVOLUTION.,.F.,.F.,.F.)
B_SPLINE_SURFACE_WITH_KNOTS((4,4),(4,4),(0.666495490189091,0.720274375078295),
(0.,1.),.PIECEWISE_BEZIER_KNOTS.)
GEOMETRIC_REPRESENTATION_ITEM()
RATIONAL_B_SPLINE_SURFACE(((1.,0.955155618376327,0.955155618376327,1.),
(1.,0.955155618376327,0.955155618376327,1.),(1.,0.955155618376327,0.955155618376327,
1.),(1.,0.955155618376327,0.955155618376327,1.)))
REPRESENTATION_ITEM('')
SURFACE()
);
#16=(
BOUNDED_SURFACE()
B_SPLINE_SURFACE(3,3,((#2878,#2879,#2880,#2881),(#2882,#2883,#2884,#2885),
(#2886,#2887,#2888,#2889),(#2890,#2891,#2892,#2893)),
 .SURF_OF_REVOLUTION.,.F.,.F.,.F.)
B_SPLINE_SURFACE_WITH_KNOTS((4,4),(4,4),(0.666495490189091,0.720274375079277),
(0.,1.),.PIECEWISE_BEZIER_KNOTS.)
GEOMETRIC_REPRESENTATION_ITEM()
RATIONAL_B_SPLINE_SURFACE(((1.,0.955155618376326,0.955155618376326,1.),
(1.,0.955155618376326,0.955155618376326,1.),(1.,0.955155618376326,0.955155618376326,
1.),(1.,0.955155618376326,0.955155618376326,1.)))
REPRESENTATION_ITEM('')
SURFACE()
);
#17=(
BOUNDED_SURFACE()
B_SPLINE_SURFACE(3,3,((#2894,#2895,#2896,#2897),(#2898,#2899,#2900,#2901),
(#2902,#2903,#2904,#2905),(#2906,#2907,#2908,#2909)),
 .SURF_OF_REVOLUTION.,.F.,.F.,.F.)
B_SPLINE_SURFACE_WITH_KNOTS((4,4),(4,4),(0.666495490189091,0.720274375078295),
(0.,1.),.PIECEWISE_BEZIER_KNOTS.)
GEOMETRIC_REPRESENTATION_ITEM()
RATIONAL_B_SPLINE_SURFACE(((1.,0.955155618376327,0.955155618376327,1.),
(1.,0.955155618376327,0.955155618376327,1.),(1.,0.955155618376327,0.955155618376327,
1.),(1.,0.955155618376327,0.955155618376327,1.)))
REPRESENTATION_ITEM('')
SURFACE()
);
#18=(
BOUNDED_SURFACE()
B_SPLINE_SURFACE(3,3,((#2910,#2911,#2912,#2913),(#2914,#2915,#2916,#2917),
(#2918,#2919,#2920,#2921),(#2922,#2923,#2924,#2925)),
 .SURF_OF_REVOLUTION.,.F.,.F.,.F.)
B_SPLINE_SURFACE_WITH_KNOTS((4,4),(4,4),(0.666495490189091,0.720274375079277),
(0.,1.),.PIECEWISE_BEZIER_KNOTS.)
GEOMETRIC_REPRESENTATION_ITEM()
RATIONAL_B_SPLINE_SURFACE(((1.,0.955155618376327,0.955155618376327,1.),
(1.,0.955155618376327,0.955155618376327,1.),(1.,0.955155618376327,0.955155618376327,
1.),(1.,0.955155618376327,0.955155618376327,1.)))
REPRESENTATION_ITEM('')
SURFACE()
);
#19=(
BOUNDED_SURFACE()
B_SPLINE_SURFACE(3,3,((#2926,#2927,#2928,#2929),(#2930,#2931,#2932,#2933),
(#2934,#2935,#2936,#2937),(#2938,#2939,#2940,#2941)),
 .SURF_OF_REVOLUTION.,.F.,.F.,.F.)
B_SPLINE_SURFACE_WITH_KNOTS((4,4),(4,4),(0.666495490189091,0.720274375078295),
(0.,1.),.PIECEWISE_BEZIER_KNOTS.)
GEOMETRIC_REPRESENTATION_ITEM()
RATIONAL_B_SPLINE_SURFACE(((1.,0.955155618376327,0.955155618376327,1.),
(1.,0.955155618376327,0.955155618376327,1.),(1.,0.955155618376327,0.955155618376327,
1.),(1.,0.955155618376327,0.955155618376327,1.)))
REPRESENTATION_ITEM('')
SURFACE()
);
#20=PLANE('',#1675);
#21=PLANE('',#1680);
#22=PLANE('',#1685);
#23=PLANE('',#1690);
#24=PLANE('',#1695);
#25=PLANE('',#1712);
#26=PLANE('',#1715);
#27=PLANE('',#1718);
#28=PLANE('',#1721);
#29=PLANE('',#1732);
#30=PLANE('',#1733);
#31=PLANE('',#1734);
#32=PLANE('',#1735);
#33=PLANE('',#1736);
#34=PLANE('',#1738);
#35=PLANE('',#1739);
#36=PLANE('',#1740);
#37=PLANE('',#1741);
#38=PLANE('',#1742);
#39=PLANE('',#1743);
#40=PLANE('',#1745);
#41=PLANE('',#1746);
#42=PLANE('',#1747);
#43=PLANE('',#1748);
#44=PLANE('',#1749);
#45=PLANE('',#1750);
#46=PLANE('',#1752);
#47=PLANE('',#1753);
#48=PLANE('',#1754);
#49=PLANE('',#1755);
#50=PLANE('',#1756);
#51=PLANE('',#1757);
#52=PLANE('',#1759);
#53=PLANE('',#1760);
#54=PLANE('',#1761);
#55=PLANE('',#1762);
#56=PLANE('',#1763);
#57=PLANE('',#1764);
#58=PLANE('',#1765);
#59=PLANE('',#1766);
#60=PLANE('',#1767);
#61=PLANE('',#1768);
#62=PLANE('',#1769);
#63=PLANE('',#1770);
#64=PLANE('',#1771);
#65=PLANE('',#1772);
#66=PLANE('',#1773);
#67=PLANE('',#1774);
#68=PLANE('',#1775);
#69=PLANE('',#1779);
#70=PLANE('',#1780);
#71=PLANE('',#1784);
#72=PLANE('',#1785);
#73=PLANE('',#1789);
#74=PLANE('',#1790);
#75=PLANE('',#1794);
#76=PLANE('',#1795);
#77=B_SPLINE_CURVE_WITH_KNOTS('',3,(#2238,#2239,#2240,#2241,#2242,#2243,
#2244,#2245,#2246,#2247,#2248),.UNSPECIFIED.,.T.,.F.,(1,1,1,1,1,1,1,1,1,
1,1,1,1,1,1),(-0.00329037994624833,-0.00219358663083222,-0.00109679331541611,
0.,0.00109679331541611,0.00219358663083222,0.00329037994624833,0.00438717326166444,
0.00548396657708055,0.00658075989249665,0.00767755320791276,0.00877434652332887,
0.00987113983874498,0.0109679331541611,0.0120647264695772),
 .UNSPECIFIED.);
#78=B_SPLINE_CURVE_WITH_KNOTS('',3,(#2259,#2260,#2261,#2262,#2263,#2264,
#2265,#2266,#2267,#2268,#2269),.UNSPECIFIED.,.T.,.F.,(1,1,1,1,1,1,1,1,1,
1,1,1,1,1,1),(-0.00329037994624833,-0.00219358663083222,-0.00109679331541611,
0.,0.00109679331541611,0.00219358663083222,0.00329037994624833,0.00438717326166444,
0.00548396657708054,0.00658075989249665,0.00767755320791276,0.00877434652332887,
0.00987113983874498,0.0109679331541611,0.0120647264695772),
 .UNSPECIFIED.);
#79=B_SPLINE_CURVE_WITH_KNOTS('',3,(#2280,#2281,#2282,#2283,#2284,#2285,
#2286,#2287,#2288,#2289,#2290),.UNSPECIFIED.,.T.,.F.,(1,1,1,1,1,1,1,1,1,
1,1,1,1,1,1),(-0.00329037994624833,-0.00219358663083222,-0.00109679331541611,
0.,0.00109679331541611,0.00219358663083222,0.00329037994624833,0.00438717326166444,
0.00548396657708055,0.00658075989249665,0.00767755320791276,0.00877434652332887,
0.00987113983874498,0.0109679331541611,0.0120647264695772),
 .UNSPECIFIED.);
#80=B_SPLINE_CURVE_WITH_KNOTS('',3,(#2301,#2302,#2303,#2304,#2305,#2306,
#2307,#2308,#2309,#2310,#2311),.UNSPECIFIED.,.T.,.F.,(1,1,1,1,1,1,1,1,1,
1,1,1,1,1,1),(-0.00329037994624833,-0.00219358663083222,-0.00109679331541611,
0.,0.00109679331541611,0.00219358663083222,0.00329037994624833,0.00438717326166444,
0.00548396657708055,0.00658075989249666,0.00767755320791277,0.00877434652332888,
0.00987113983874499,0.0109679331541611,0.0120647264695772),
 .UNSPECIFIED.);
#81=B_SPLINE_CURVE_WITH_KNOTS('',3,(#2683,#2684,#2685,#2686),
 .UNSPECIFIED.,.F.,.F.,(4,4),(0.,0.00803845079079007),.UNSPECIFIED.);
#82=B_SPLINE_CURVE_WITH_KNOTS('',3,(#2688,#2689,#2690,#2691),
 .UNSPECIFIED.,.F.,.F.,(4,4),(0.,0.00803845079079007),.UNSPECIFIED.);
#83=B_SPLINE_CURVE_WITH_KNOTS('',3,(#2693,#2694,#2695,#2696),
 .UNSPECIFIED.,.F.,.F.,(4,4),(0.,0.00803845079079007),.UNSPECIFIED.);
#84=B_SPLINE_CURVE_WITH_KNOTS('',3,(#2698,#2699,#2700,#2701),
 .UNSPECIFIED.,.F.,.F.,(4,4),(0.,0.00803845079079007),.UNSPECIFIED.);
#85=B_SPLINE_CURVE_WITH_KNOTS('',3,(#2703,#2704,#2705,#2706),
 .UNSPECIFIED.,.F.,.F.,(4,4),(0.,0.00803845079079007),.UNSPECIFIED.);
#86=B_SPLINE_CURVE_WITH_KNOTS('',3,(#2708,#2709,#2710,#2711),
 .UNSPECIFIED.,.F.,.F.,(4,4),(0.,0.00803845079079007),.UNSPECIFIED.);
#87=B_SPLINE_CURVE_WITH_KNOTS('',3,(#2713,#2714,#2715,#2716),
 .UNSPECIFIED.,.F.,.F.,(4,4),(0.,0.00803845079079007),.UNSPECIFIED.);
#88=B_SPLINE_CURVE_WITH_KNOTS('',3,(#2718,#2719,#2720,#2721),
 .UNSPECIFIED.,.F.,.F.,(4,4),(0.,0.00803845079079007),.UNSPECIFIED.);
#89=B_SPLINE_CURVE_WITH_KNOTS('',3,(#2723,#2724,#2725,#2726),
 .UNSPECIFIED.,.F.,.F.,(4,4),(0.,0.0120607265598072),.UNSPECIFIED.);
#90=B_SPLINE_CURVE_WITH_KNOTS('',3,(#2728,#2729,#2730,#2731),
 .UNSPECIFIED.,.F.,.F.,(4,4),(0.,0.0120607265596561),.UNSPECIFIED.);
#91=B_SPLINE_CURVE_WITH_KNOTS('',3,(#2733,#2734,#2735,#2736),
 .UNSPECIFIED.,.F.,.F.,(4,4),(0.,0.0120607265598072),.UNSPECIFIED.);
#92=B_SPLINE_CURVE_WITH_KNOTS('',3,(#2738,#2739,#2740,#2741),
 .UNSPECIFIED.,.F.,.F.,(4,4),(0.,0.0120607265596561),.UNSPECIFIED.);
#93=B_SPLINE_CURVE_WITH_KNOTS('',3,(#2743,#2744,#2745,#2746),
 .UNSPECIFIED.,.F.,.F.,(4,4),(0.,0.0120607265598072),.UNSPECIFIED.);
#94=B_SPLINE_CURVE_WITH_KNOTS('',3,(#2748,#2749,#2750,#2751),
 .UNSPECIFIED.,.F.,.F.,(4,4),(0.,0.0120607265596561),.UNSPECIFIED.);
#95=B_SPLINE_CURVE_WITH_KNOTS('',3,(#2753,#2754,#2755,#2756),
 .UNSPECIFIED.,.F.,.F.,(4,4),(0.,0.0120607265598072),.UNSPECIFIED.);
#96=B_SPLINE_CURVE_WITH_KNOTS('',3,(#2758,#2759,#2760,#2761),
 .UNSPECIFIED.,.F.,.F.,(4,4),(0.,0.0120607265596561),.UNSPECIFIED.);
#97=B_SPLINE_CURVE_WITH_KNOTS('',3,(#2766,#2767,#2768,#2769),
 .UNSPECIFIED.,.F.,.F.,(4,4),(0.,0.0040231537300179),.UNSPECIFIED.);
#98=B_SPLINE_CURVE_WITH_KNOTS('',3,(#2771,#2772,#2773,#2774),
 .UNSPECIFIED.,.F.,.F.,(4,4),(1.78356672647001E-13,0.00402315373003111),
 .UNSPECIFIED.);
#99=B_SPLINE_CURVE_WITH_KNOTS('',3,(#2779,#2780,#2781,#2782),
 .UNSPECIFIED.,.F.,.F.,(4,4),(0.,0.0040231537300179),.UNSPECIFIED.);
#100=B_SPLINE_CURVE_WITH_KNOTS('',3,(#2784,#2785,#2786,#2787),
 .UNSPECIFIED.,.F.,.F.,(4,4),(1.78356672647001E-13,0.00402315373003111),
 .UNSPECIFIED.);
#101=B_SPLINE_CURVE_WITH_KNOTS('',3,(#2792,#2793,#2794,#2795),
 .UNSPECIFIED.,.F.,.F.,(4,4),(0.,0.0040231537300179),.UNSPECIFIED.);
#102=B_SPLINE_CURVE_WITH_KNOTS('',3,(#2797,#2798,#2799,#2800),
 .UNSPECIFIED.,.F.,.F.,(4,4),(1.78356672647001E-13,0.00402315373003111),
 .UNSPECIFIED.);
#103=B_SPLINE_CURVE_WITH_KNOTS('',3,(#2805,#2806,#2807,#2808),
 .UNSPECIFIED.,.F.,.F.,(4,4),(0.,0.0040231537300178),.UNSPECIFIED.);
#104=B_SPLINE_CURVE_WITH_KNOTS('',3,(#2810,#2811,#2812,#2813),
 .UNSPECIFIED.,.F.,.F.,(4,4),(1.78356672647001E-13,0.00402315373003111),
 .UNSPECIFIED.);
#105=CIRCLE('',#1664,0.661842193179631);
#106=CIRCLE('',#1665,0.661842193179631);
#107=CIRCLE('',#1667,0.661842193179631);
#108=CIRCLE('',#1668,0.661842193179631);
#109=CIRCLE('',#1670,0.661842193179631);
#110=CIRCLE('',#1671,0.661842193179631);
#111=CIRCLE('',#1673,0.661842193179631);
#112=CIRCLE('',#1674,0.661842193179631);
#113=CIRCLE('',#1676,0.0528170006362034);
#114=CIRCLE('',#1677,0.045);
#115=CIRCLE('',#1678,0.045);
#116=CIRCLE('',#1679,0.0528170006362034);
#117=CIRCLE('',#1681,0.0528170006362034);
#118=CIRCLE('',#1682,0.045);
#119=CIRCLE('',#1683,0.045);
#120=CIRCLE('',#1684,0.0528170006362034);
#121=CIRCLE('',#1686,0.0528170006362034);
#122=CIRCLE('',#1687,0.045);
#123=CIRCLE('',#1688,0.045);
#124=CIRCLE('',#1689,0.0528170006362034);
#125=CIRCLE('',#1691,0.0528170006362034);
#126=CIRCLE('',#1692,0.045);
#127=CIRCLE('',#1693,0.045);
#128=CIRCLE('',#1694,0.0528170006362034);
#129=CIRCLE('',#1696,0.045);
#130=CIRCLE('',#1697,0.045);
#131=CIRCLE('',#1698,0.045);
#132=CIRCLE('',#1699,0.045);
#133=CIRCLE('',#1700,0.045);
#134=CIRCLE('',#1701,0.045);
#135=CIRCLE('',#1702,0.045);
#136=CIRCLE('',#1703,0.045);
#137=CIRCLE('',#1704,0.0523861701927877);
#138=CIRCLE('',#1705,0.0523861701927877);
#139=CIRCLE('',#1706,0.0523861701927877);
#140=CIRCLE('',#1707,0.0523861701927877);
#141=CIRCLE('',#1708,0.0523861701927877);
#142=CIRCLE('',#1709,0.0523861701927877);
#143=CIRCLE('',#1710,0.0523861701927877);
#144=CIRCLE('',#1711,0.0523861701927877);
#145=CIRCLE('',#1713,0.053594455827099);
#146=CIRCLE('',#1714,0.053594455827099);
#147=CIRCLE('',#1716,0.053594455827099);
#148=CIRCLE('',#1717,0.053594455827099);
#149=CIRCLE('',#1719,0.053594455827099);
#150=CIRCLE('',#1720,0.053594455827099);
#151=CIRCLE('',#1722,0.053594455827099);
#152=CIRCLE('',#1723,0.053594455827099);
#153=CIRCLE('',#1737,0.0014);
#154=CIRCLE('',#1744,0.0014);
#155=CIRCLE('',#1751,0.0014);
#156=CIRCLE('',#1758,0.0014);
#157=CIRCLE('',#1777,0.632814687012957);
#158=CIRCLE('',#1778,0.632814687012957);
#159=CIRCLE('',#1782,0.632814687012957);
#160=CIRCLE('',#1783,0.632814687012957);
#161=CIRCLE('',#1787,0.632814687012957);
#162=CIRCLE('',#1788,0.632814687012957);
#163=CIRCLE('',#1792,0.632814687012937);
#164=CIRCLE('',#1793,0.632814687012937);
#165=ORIENTED_EDGE('',*,*,#645,.T.);
#166=ORIENTED_EDGE('',*,*,#646,.F.);
#167=ORIENTED_EDGE('',*,*,#647,.F.);
#168=ORIENTED_EDGE('',*,*,#648,.T.);
#169=ORIENTED_EDGE('',*,*,#649,.T.);
#170=ORIENTED_EDGE('',*,*,#650,.T.);
#171=ORIENTED_EDGE('',*,*,#651,.F.);
#172=ORIENTED_EDGE('',*,*,#652,.F.);
#173=ORIENTED_EDGE('',*,*,#653,.T.);
#174=ORIENTED_EDGE('',*,*,#654,.T.);
#175=ORIENTED_EDGE('',*,*,#655,.T.);
#176=ORIENTED_EDGE('',*,*,#656,.F.);
#177=ORIENTED_EDGE('',*,*,#657,.F.);
#178=ORIENTED_EDGE('',*,*,#658,.T.);
#179=ORIENTED_EDGE('',*,*,#659,.T.);
#180=ORIENTED_EDGE('',*,*,#660,.T.);
#181=ORIENTED_EDGE('',*,*,#661,.F.);
#182=ORIENTED_EDGE('',*,*,#662,.F.);
#183=ORIENTED_EDGE('',*,*,#663,.T.);
#184=ORIENTED_EDGE('',*,*,#664,.T.);
#185=ORIENTED_EDGE('',*,*,#665,.F.);
#186=ORIENTED_EDGE('',*,*,#666,.F.);
#187=ORIENTED_EDGE('',*,*,#667,.F.);
#188=ORIENTED_EDGE('',*,*,#668,.T.);
#189=ORIENTED_EDGE('',*,*,#669,.T.);
#190=ORIENTED_EDGE('',*,*,#670,.T.);
#191=ORIENTED_EDGE('',*,*,#671,.F.);
#192=ORIENTED_EDGE('',*,*,#672,.T.);
#193=ORIENTED_EDGE('',*,*,#673,.F.);
#194=ORIENTED_EDGE('',*,*,#674,.F.);
#195=ORIENTED_EDGE('',*,*,#675,.T.);
#196=ORIENTED_EDGE('',*,*,#676,.T.);
#197=ORIENTED_EDGE('',*,*,#677,.F.);
#198=ORIENTED_EDGE('',*,*,#678,.F.);
#199=ORIENTED_EDGE('',*,*,#679,.F.);
#200=ORIENTED_EDGE('',*,*,#680,.T.);
#201=ORIENTED_EDGE('',*,*,#681,.T.);
#202=ORIENTED_EDGE('',*,*,#682,.T.);
#203=ORIENTED_EDGE('',*,*,#683,.F.);
#204=ORIENTED_EDGE('',*,*,#684,.T.);
#205=ORIENTED_EDGE('',*,*,#685,.F.);
#206=ORIENTED_EDGE('',*,*,#686,.F.);
#207=ORIENTED_EDGE('',*,*,#687,.T.);
#208=ORIENTED_EDGE('',*,*,#688,.T.);
#209=ORIENTED_EDGE('',*,*,#689,.F.);
#210=ORIENTED_EDGE('',*,*,#690,.F.);
#211=ORIENTED_EDGE('',*,*,#691,.F.);
#212=ORIENTED_EDGE('',*,*,#692,.T.);
#213=ORIENTED_EDGE('',*,*,#693,.T.);
#214=ORIENTED_EDGE('',*,*,#694,.T.);
#215=ORIENTED_EDGE('',*,*,#695,.F.);
#216=ORIENTED_EDGE('',*,*,#696,.T.);
#217=ORIENTED_EDGE('',*,*,#697,.F.);
#218=ORIENTED_EDGE('',*,*,#698,.F.);
#219=ORIENTED_EDGE('',*,*,#699,.T.);
#220=ORIENTED_EDGE('',*,*,#700,.T.);
#221=ORIENTED_EDGE('',*,*,#701,.F.);
#222=ORIENTED_EDGE('',*,*,#702,.F.);
#223=ORIENTED_EDGE('',*,*,#703,.F.);
#224=ORIENTED_EDGE('',*,*,#704,.T.);
#225=ORIENTED_EDGE('',*,*,#705,.T.);
#226=ORIENTED_EDGE('',*,*,#706,.T.);
#227=ORIENTED_EDGE('',*,*,#707,.F.);
#228=ORIENTED_EDGE('',*,*,#708,.T.);
#229=ORIENTED_EDGE('',*,*,#709,.F.);
#230=ORIENTED_EDGE('',*,*,#710,.F.);
#231=ORIENTED_EDGE('',*,*,#711,.T.);
#232=ORIENTED_EDGE('',*,*,#712,.T.);
#233=ORIENTED_EDGE('',*,*,#713,.T.);
#234=ORIENTED_EDGE('',*,*,#714,.F.);
#235=ORIENTED_EDGE('',*,*,#715,.F.);
#236=ORIENTED_EDGE('',*,*,#716,.F.);
#237=ORIENTED_EDGE('',*,*,#717,.T.);
#238=ORIENTED_EDGE('',*,*,#718,.F.);
#239=ORIENTED_EDGE('',*,*,#719,.F.);
#240=ORIENTED_EDGE('',*,*,#720,.F.);
#241=ORIENTED_EDGE('',*,*,#721,.T.);
#242=ORIENTED_EDGE('',*,*,#722,.F.);
#243=ORIENTED_EDGE('',*,*,#723,.F.);
#244=ORIENTED_EDGE('',*,*,#724,.F.);
#245=ORIENTED_EDGE('',*,*,#725,.T.);
#246=ORIENTED_EDGE('',*,*,#726,.F.);
#247=ORIENTED_EDGE('',*,*,#727,.F.);
#248=ORIENTED_EDGE('',*,*,#728,.F.);
#249=ORIENTED_EDGE('',*,*,#729,.T.);
#250=ORIENTED_EDGE('',*,*,#730,.F.);
#251=ORIENTED_EDGE('',*,*,#731,.F.);
#252=ORIENTED_EDGE('',*,*,#732,.F.);
#253=ORIENTED_EDGE('',*,*,#733,.T.);
#254=ORIENTED_EDGE('',*,*,#734,.F.);
#255=ORIENTED_EDGE('',*,*,#735,.F.);
#256=ORIENTED_EDGE('',*,*,#736,.F.);
#257=ORIENTED_EDGE('',*,*,#737,.T.);
#258=ORIENTED_EDGE('',*,*,#738,.F.);
#259=ORIENTED_EDGE('',*,*,#739,.F.);
#260=ORIENTED_EDGE('',*,*,#740,.F.);
#261=ORIENTED_EDGE('',*,*,#741,.T.);
#262=ORIENTED_EDGE('',*,*,#742,.F.);
#263=ORIENTED_EDGE('',*,*,#743,.F.);
#264=ORIENTED_EDGE('',*,*,#744,.F.);
#265=ORIENTED_EDGE('',*,*,#745,.T.);
#266=ORIENTED_EDGE('',*,*,#746,.T.);
#267=ORIENTED_EDGE('',*,*,#747,.F.);
#268=ORIENTED_EDGE('',*,*,#748,.F.);
#269=ORIENTED_EDGE('',*,*,#749,.T.);
#270=ORIENTED_EDGE('',*,*,#750,.T.);
#271=ORIENTED_EDGE('',*,*,#751,.F.);
#272=ORIENTED_EDGE('',*,*,#650,.F.);
#273=ORIENTED_EDGE('',*,*,#752,.T.);
#274=ORIENTED_EDGE('',*,*,#753,.T.);
#275=ORIENTED_EDGE('',*,*,#754,.F.);
#276=ORIENTED_EDGE('',*,*,#755,.F.);
#277=ORIENTED_EDGE('',*,*,#756,.T.);
#278=ORIENTED_EDGE('',*,*,#757,.T.);
#279=ORIENTED_EDGE('',*,*,#758,.F.);
#280=ORIENTED_EDGE('',*,*,#655,.F.);
#281=ORIENTED_EDGE('',*,*,#759,.T.);
#282=ORIENTED_EDGE('',*,*,#760,.T.);
#283=ORIENTED_EDGE('',*,*,#761,.F.);
#284=ORIENTED_EDGE('',*,*,#762,.F.);
#285=ORIENTED_EDGE('',*,*,#763,.T.);
#286=ORIENTED_EDGE('',*,*,#764,.T.);
#287=ORIENTED_EDGE('',*,*,#765,.F.);
#288=ORIENTED_EDGE('',*,*,#660,.F.);
#289=ORIENTED_EDGE('',*,*,#766,.T.);
#290=ORIENTED_EDGE('',*,*,#767,.T.);
#291=ORIENTED_EDGE('',*,*,#768,.F.);
#292=ORIENTED_EDGE('',*,*,#769,.F.);
#293=ORIENTED_EDGE('',*,*,#770,.T.);
#294=ORIENTED_EDGE('',*,*,#771,.T.);
#295=ORIENTED_EDGE('',*,*,#772,.F.);
#296=ORIENTED_EDGE('',*,*,#645,.F.);
#297=ORIENTED_EDGE('',*,*,#773,.F.);
#298=ORIENTED_EDGE('',*,*,#774,.F.);
#299=ORIENTED_EDGE('',*,*,#775,.T.);
#300=ORIENTED_EDGE('',*,*,#776,.T.);
#301=ORIENTED_EDGE('',*,*,#777,.T.);
#302=ORIENTED_EDGE('',*,*,#778,.T.);
#303=ORIENTED_EDGE('',*,*,#779,.F.);
#304=ORIENTED_EDGE('',*,*,#780,.F.);
#305=ORIENTED_EDGE('',*,*,#662,.T.);
#306=ORIENTED_EDGE('',*,*,#781,.T.);
#307=ORIENTED_EDGE('',*,*,#782,.F.);
#308=ORIENTED_EDGE('',*,*,#783,.F.);
#309=ORIENTED_EDGE('',*,*,#784,.T.);
#310=ORIENTED_EDGE('',*,*,#785,.T.);
#311=ORIENTED_EDGE('',*,*,#786,.T.);
#312=ORIENTED_EDGE('',*,*,#787,.T.);
#313=ORIENTED_EDGE('',*,*,#788,.F.);
#314=ORIENTED_EDGE('',*,*,#789,.F.);
#315=ORIENTED_EDGE('',*,*,#657,.T.);
#316=ORIENTED_EDGE('',*,*,#790,.T.);
#317=ORIENTED_EDGE('',*,*,#791,.F.);
#318=ORIENTED_EDGE('',*,*,#792,.F.);
#319=ORIENTED_EDGE('',*,*,#793,.T.);
#320=ORIENTED_EDGE('',*,*,#794,.T.);
#321=ORIENTED_EDGE('',*,*,#795,.T.);
#322=ORIENTED_EDGE('',*,*,#796,.T.);
#323=ORIENTED_EDGE('',*,*,#797,.F.);
#324=ORIENTED_EDGE('',*,*,#798,.F.);
#325=ORIENTED_EDGE('',*,*,#652,.T.);
#326=ORIENTED_EDGE('',*,*,#799,.T.);
#327=ORIENTED_EDGE('',*,*,#800,.F.);
#328=ORIENTED_EDGE('',*,*,#801,.F.);
#329=ORIENTED_EDGE('',*,*,#647,.T.);
#330=ORIENTED_EDGE('',*,*,#802,.T.);
#331=ORIENTED_EDGE('',*,*,#803,.F.);
#332=ORIENTED_EDGE('',*,*,#804,.F.);
#333=ORIENTED_EDGE('',*,*,#805,.T.);
#334=ORIENTED_EDGE('',*,*,#806,.T.);
#335=ORIENTED_EDGE('',*,*,#807,.T.);
#336=ORIENTED_EDGE('',*,*,#808,.T.);
#337=ORIENTED_EDGE('',*,*,#809,.F.);
#338=ORIENTED_EDGE('',*,*,#725,.F.);
#339=ORIENTED_EDGE('',*,*,#810,.T.);
#340=ORIENTED_EDGE('',*,*,#679,.T.);
#341=ORIENTED_EDGE('',*,*,#811,.F.);
#342=ORIENTED_EDGE('',*,*,#721,.F.);
#343=ORIENTED_EDGE('',*,*,#812,.T.);
#344=ORIENTED_EDGE('',*,*,#683,.T.);
#345=ORIENTED_EDGE('',*,*,#813,.F.);
#346=ORIENTED_EDGE('',*,*,#717,.F.);
#347=ORIENTED_EDGE('',*,*,#814,.T.);
#348=ORIENTED_EDGE('',*,*,#691,.T.);
#349=ORIENTED_EDGE('',*,*,#815,.F.);
#350=ORIENTED_EDGE('',*,*,#713,.F.);
#351=ORIENTED_EDGE('',*,*,#816,.T.);
#352=ORIENTED_EDGE('',*,*,#695,.T.);
#353=ORIENTED_EDGE('',*,*,#817,.F.);
#354=ORIENTED_EDGE('',*,*,#741,.F.);
#355=ORIENTED_EDGE('',*,*,#818,.T.);
#356=ORIENTED_EDGE('',*,*,#703,.T.);
#357=ORIENTED_EDGE('',*,*,#819,.F.);
#358=ORIENTED_EDGE('',*,*,#737,.F.);
#359=ORIENTED_EDGE('',*,*,#820,.T.);
#360=ORIENTED_EDGE('',*,*,#707,.T.);
#361=ORIENTED_EDGE('',*,*,#821,.F.);
#362=ORIENTED_EDGE('',*,*,#733,.F.);
#363=ORIENTED_EDGE('',*,*,#822,.T.);
#364=ORIENTED_EDGE('',*,*,#667,.T.);
#365=ORIENTED_EDGE('',*,*,#729,.F.);
#366=ORIENTED_EDGE('',*,*,#823,.T.);
#367=ORIENTED_EDGE('',*,*,#671,.T.);
#368=ORIENTED_EDGE('',*,*,#824,.F.);
#369=ORIENTED_EDGE('',*,*,#668,.F.);
#370=ORIENTED_EDGE('',*,*,#822,.F.);
#371=ORIENTED_EDGE('',*,*,#732,.T.);
#372=ORIENTED_EDGE('',*,*,#825,.T.);
#373=ORIENTED_EDGE('',*,*,#669,.F.);
#374=ORIENTED_EDGE('',*,*,#825,.F.);
#375=ORIENTED_EDGE('',*,*,#731,.T.);
#376=ORIENTED_EDGE('',*,*,#826,.T.);
#377=ORIENTED_EDGE('',*,*,#670,.F.);
#378=ORIENTED_EDGE('',*,*,#826,.F.);
#379=ORIENTED_EDGE('',*,*,#730,.T.);
#380=ORIENTED_EDGE('',*,*,#824,.T.);
#381=ORIENTED_EDGE('',*,*,#827,.T.);
#382=ORIENTED_EDGE('',*,*,#775,.F.);
#383=ORIENTED_EDGE('',*,*,#828,.T.);
#384=ORIENTED_EDGE('',*,*,#820,.F.);
#385=ORIENTED_EDGE('',*,*,#736,.T.);
#386=ORIENTED_EDGE('',*,*,#829,.T.);
#387=ORIENTED_EDGE('',*,*,#830,.T.);
#388=ORIENTED_EDGE('',*,*,#776,.F.);
#389=ORIENTED_EDGE('',*,*,#827,.F.);
#390=ORIENTED_EDGE('',*,*,#735,.T.);
#391=ORIENTED_EDGE('',*,*,#821,.T.);
#392=ORIENTED_EDGE('',*,*,#831,.F.);
#393=ORIENTED_EDGE('',*,*,#777,.F.);
#394=ORIENTED_EDGE('',*,*,#830,.F.);
#395=ORIENTED_EDGE('',*,*,#734,.T.);
#396=ORIENTED_EDGE('',*,*,#704,.F.);
#397=ORIENTED_EDGE('',*,*,#818,.F.);
#398=ORIENTED_EDGE('',*,*,#740,.T.);
#399=ORIENTED_EDGE('',*,*,#832,.T.);
#400=ORIENTED_EDGE('',*,*,#705,.F.);
#401=ORIENTED_EDGE('',*,*,#832,.F.);
#402=ORIENTED_EDGE('',*,*,#739,.T.);
#403=ORIENTED_EDGE('',*,*,#833,.T.);
#404=ORIENTED_EDGE('',*,*,#706,.F.);
#405=ORIENTED_EDGE('',*,*,#833,.F.);
#406=ORIENTED_EDGE('',*,*,#738,.T.);
#407=ORIENTED_EDGE('',*,*,#819,.T.);
#408=ORIENTED_EDGE('',*,*,#834,.T.);
#409=ORIENTED_EDGE('',*,*,#784,.F.);
#410=ORIENTED_EDGE('',*,*,#835,.T.);
#411=ORIENTED_EDGE('',*,*,#816,.F.);
#412=ORIENTED_EDGE('',*,*,#744,.T.);
#413=ORIENTED_EDGE('',*,*,#836,.T.);
#414=ORIENTED_EDGE('',*,*,#837,.T.);
#415=ORIENTED_EDGE('',*,*,#785,.F.);
#416=ORIENTED_EDGE('',*,*,#834,.F.);
#417=ORIENTED_EDGE('',*,*,#743,.T.);
#418=ORIENTED_EDGE('',*,*,#817,.T.);
#419=ORIENTED_EDGE('',*,*,#838,.F.);
#420=ORIENTED_EDGE('',*,*,#786,.F.);
#421=ORIENTED_EDGE('',*,*,#837,.F.);
#422=ORIENTED_EDGE('',*,*,#742,.T.);
#423=ORIENTED_EDGE('',*,*,#692,.F.);
#424=ORIENTED_EDGE('',*,*,#814,.F.);
#425=ORIENTED_EDGE('',*,*,#716,.T.);
#426=ORIENTED_EDGE('',*,*,#839,.T.);
#427=ORIENTED_EDGE('',*,*,#693,.F.);
#428=ORIENTED_EDGE('',*,*,#839,.F.);
#429=ORIENTED_EDGE('',*,*,#715,.T.);
#430=ORIENTED_EDGE('',*,*,#840,.T.);
#431=ORIENTED_EDGE('',*,*,#694,.F.);
#432=ORIENTED_EDGE('',*,*,#840,.F.);
#433=ORIENTED_EDGE('',*,*,#714,.T.);
#434=ORIENTED_EDGE('',*,*,#815,.T.);
#435=ORIENTED_EDGE('',*,*,#841,.T.);
#436=ORIENTED_EDGE('',*,*,#793,.F.);
#437=ORIENTED_EDGE('',*,*,#842,.T.);
#438=ORIENTED_EDGE('',*,*,#812,.F.);
#439=ORIENTED_EDGE('',*,*,#720,.T.);
#440=ORIENTED_EDGE('',*,*,#843,.T.);
#441=ORIENTED_EDGE('',*,*,#844,.T.);
#442=ORIENTED_EDGE('',*,*,#794,.F.);
#443=ORIENTED_EDGE('',*,*,#841,.F.);
#444=ORIENTED_EDGE('',*,*,#719,.T.);
#445=ORIENTED_EDGE('',*,*,#813,.T.);
#446=ORIENTED_EDGE('',*,*,#845,.F.);
#447=ORIENTED_EDGE('',*,*,#795,.F.);
#448=ORIENTED_EDGE('',*,*,#844,.F.);
#449=ORIENTED_EDGE('',*,*,#718,.T.);
#450=ORIENTED_EDGE('',*,*,#680,.F.);
#451=ORIENTED_EDGE('',*,*,#810,.F.);
#452=ORIENTED_EDGE('',*,*,#724,.T.);
#453=ORIENTED_EDGE('',*,*,#846,.T.);
#454=ORIENTED_EDGE('',*,*,#681,.F.);
#455=ORIENTED_EDGE('',*,*,#846,.F.);
#456=ORIENTED_EDGE('',*,*,#723,.T.);
#457=ORIENTED_EDGE('',*,*,#847,.T.);
#458=ORIENTED_EDGE('',*,*,#682,.F.);
#459=ORIENTED_EDGE('',*,*,#847,.F.);
#460=ORIENTED_EDGE('',*,*,#722,.T.);
#461=ORIENTED_EDGE('',*,*,#811,.T.);
#462=ORIENTED_EDGE('',*,*,#848,.T.);
#463=ORIENTED_EDGE('',*,*,#805,.F.);
#464=ORIENTED_EDGE('',*,*,#849,.T.);
#465=ORIENTED_EDGE('',*,*,#823,.F.);
#466=ORIENTED_EDGE('',*,*,#728,.T.);
#467=ORIENTED_EDGE('',*,*,#850,.T.);
#468=ORIENTED_EDGE('',*,*,#851,.T.);
#469=ORIENTED_EDGE('',*,*,#806,.F.);
#470=ORIENTED_EDGE('',*,*,#848,.F.);
#471=ORIENTED_EDGE('',*,*,#727,.T.);
#472=ORIENTED_EDGE('',*,*,#809,.T.);
#473=ORIENTED_EDGE('',*,*,#852,.F.);
#474=ORIENTED_EDGE('',*,*,#807,.F.);
#475=ORIENTED_EDGE('',*,*,#851,.F.);
#476=ORIENTED_EDGE('',*,*,#726,.T.);
#477=ORIENTED_EDGE('',*,*,#853,.F.);
#478=ORIENTED_EDGE('',*,*,#708,.F.);
#479=ORIENTED_EDGE('',*,*,#828,.F.);
#480=ORIENTED_EDGE('',*,*,#774,.T.);
#481=ORIENTED_EDGE('',*,*,#666,.T.);
#482=ORIENTED_EDGE('',*,*,#854,.T.);
#483=ORIENTED_EDGE('',*,*,#778,.F.);
#484=ORIENTED_EDGE('',*,*,#831,.T.);
#485=ORIENTED_EDGE('',*,*,#855,.F.);
#486=ORIENTED_EDGE('',*,*,#696,.F.);
#487=ORIENTED_EDGE('',*,*,#835,.F.);
#488=ORIENTED_EDGE('',*,*,#783,.T.);
#489=ORIENTED_EDGE('',*,*,#702,.T.);
#490=ORIENTED_EDGE('',*,*,#856,.T.);
#491=ORIENTED_EDGE('',*,*,#787,.F.);
#492=ORIENTED_EDGE('',*,*,#838,.T.);
#493=ORIENTED_EDGE('',*,*,#857,.F.);
#494=ORIENTED_EDGE('',*,*,#684,.F.);
#495=ORIENTED_EDGE('',*,*,#842,.F.);
#496=ORIENTED_EDGE('',*,*,#792,.T.);
#497=ORIENTED_EDGE('',*,*,#690,.T.);
#498=ORIENTED_EDGE('',*,*,#858,.T.);
#499=ORIENTED_EDGE('',*,*,#796,.F.);
#500=ORIENTED_EDGE('',*,*,#845,.T.);
#501=ORIENTED_EDGE('',*,*,#859,.F.);
#502=ORIENTED_EDGE('',*,*,#672,.F.);
#503=ORIENTED_EDGE('',*,*,#849,.F.);
#504=ORIENTED_EDGE('',*,*,#804,.T.);
#505=ORIENTED_EDGE('',*,*,#678,.T.);
#506=ORIENTED_EDGE('',*,*,#860,.T.);
#507=ORIENTED_EDGE('',*,*,#808,.F.);
#508=ORIENTED_EDGE('',*,*,#852,.T.);
#509=ORIENTED_EDGE('',*,*,#801,.T.);
#510=ORIENTED_EDGE('',*,*,#861,.T.);
#511=ORIENTED_EDGE('',*,*,#745,.F.);
#512=ORIENTED_EDGE('',*,*,#648,.F.);
#513=ORIENTED_EDGE('',*,*,#862,.F.);
#514=ORIENTED_EDGE('',*,*,#802,.F.);
#515=ORIENTED_EDGE('',*,*,#646,.T.);
#516=ORIENTED_EDGE('',*,*,#772,.T.);
#517=ORIENTED_EDGE('',*,*,#798,.T.);
#518=ORIENTED_EDGE('',*,*,#863,.T.);
#519=ORIENTED_EDGE('',*,*,#752,.F.);
#520=ORIENTED_EDGE('',*,*,#653,.F.);
#521=ORIENTED_EDGE('',*,*,#864,.F.);
#522=ORIENTED_EDGE('',*,*,#799,.F.);
#523=ORIENTED_EDGE('',*,*,#651,.T.);
#524=ORIENTED_EDGE('',*,*,#751,.T.);
#525=ORIENTED_EDGE('',*,*,#789,.T.);
#526=ORIENTED_EDGE('',*,*,#865,.T.);
#527=ORIENTED_EDGE('',*,*,#759,.F.);
#528=ORIENTED_EDGE('',*,*,#658,.F.);
#529=ORIENTED_EDGE('',*,*,#866,.F.);
#530=ORIENTED_EDGE('',*,*,#790,.F.);
#531=ORIENTED_EDGE('',*,*,#656,.T.);
#532=ORIENTED_EDGE('',*,*,#758,.T.);
#533=ORIENTED_EDGE('',*,*,#780,.T.);
#534=ORIENTED_EDGE('',*,*,#867,.T.);
#535=ORIENTED_EDGE('',*,*,#766,.F.);
#536=ORIENTED_EDGE('',*,*,#663,.F.);
#537=ORIENTED_EDGE('',*,*,#868,.F.);
#538=ORIENTED_EDGE('',*,*,#781,.F.);
#539=ORIENTED_EDGE('',*,*,#661,.T.);
#540=ORIENTED_EDGE('',*,*,#765,.T.);
#541=ORIENTED_EDGE('',*,*,#869,.T.);
#542=ORIENTED_EDGE('',*,*,#748,.T.);
#543=ORIENTED_EDGE('',*,*,#870,.F.);
#544=ORIENTED_EDGE('',*,*,#687,.F.);
#545=ORIENTED_EDGE('',*,*,#686,.T.);
#546=ORIENTED_EDGE('',*,*,#871,.T.);
#547=ORIENTED_EDGE('',*,*,#749,.F.);
#548=ORIENTED_EDGE('',*,*,#869,.F.);
#549=ORIENTED_EDGE('',*,*,#872,.F.);
#550=ORIENTED_EDGE('',*,*,#688,.F.);
#551=ORIENTED_EDGE('',*,*,#870,.T.);
#552=ORIENTED_EDGE('',*,*,#747,.T.);
#553=ORIENTED_EDGE('',*,*,#873,.T.);
#554=ORIENTED_EDGE('',*,*,#755,.T.);
#555=ORIENTED_EDGE('',*,*,#874,.F.);
#556=ORIENTED_EDGE('',*,*,#699,.F.);
#557=ORIENTED_EDGE('',*,*,#698,.T.);
#558=ORIENTED_EDGE('',*,*,#875,.T.);
#559=ORIENTED_EDGE('',*,*,#756,.F.);
#560=ORIENTED_EDGE('',*,*,#873,.F.);
#561=ORIENTED_EDGE('',*,*,#876,.F.);
#562=ORIENTED_EDGE('',*,*,#700,.F.);
#563=ORIENTED_EDGE('',*,*,#874,.T.);
#564=ORIENTED_EDGE('',*,*,#754,.T.);
#565=ORIENTED_EDGE('',*,*,#877,.T.);
#566=ORIENTED_EDGE('',*,*,#762,.T.);
#567=ORIENTED_EDGE('',*,*,#878,.F.);
#568=ORIENTED_EDGE('',*,*,#711,.F.);
#569=ORIENTED_EDGE('',*,*,#710,.T.);
#570=ORIENTED_EDGE('',*,*,#879,.T.);
#571=ORIENTED_EDGE('',*,*,#763,.F.);
#572=ORIENTED_EDGE('',*,*,#877,.F.);
#573=ORIENTED_EDGE('',*,*,#880,.F.);
#574=ORIENTED_EDGE('',*,*,#712,.F.);
#575=ORIENTED_EDGE('',*,*,#878,.T.);
#576=ORIENTED_EDGE('',*,*,#761,.T.);
#577=ORIENTED_EDGE('',*,*,#881,.T.);
#578=ORIENTED_EDGE('',*,*,#769,.T.);
#579=ORIENTED_EDGE('',*,*,#882,.F.);
#580=ORIENTED_EDGE('',*,*,#675,.F.);
#581=ORIENTED_EDGE('',*,*,#674,.T.);
#582=ORIENTED_EDGE('',*,*,#883,.T.);
#583=ORIENTED_EDGE('',*,*,#770,.F.);
#584=ORIENTED_EDGE('',*,*,#881,.F.);
#585=ORIENTED_EDGE('',*,*,#884,.F.);
#586=ORIENTED_EDGE('',*,*,#676,.F.);
#587=ORIENTED_EDGE('',*,*,#882,.T.);
#588=ORIENTED_EDGE('',*,*,#768,.T.);
#589=ORIENTED_EDGE('',*,*,#665,.T.);
#590=ORIENTED_EDGE('',*,*,#884,.T.);
#591=ORIENTED_EDGE('',*,*,#767,.F.);
#592=ORIENTED_EDGE('',*,*,#867,.F.);
#593=ORIENTED_EDGE('',*,*,#779,.T.);
#594=ORIENTED_EDGE('',*,*,#854,.F.);
#595=ORIENTED_EDGE('',*,*,#859,.T.);
#596=ORIENTED_EDGE('',*,*,#803,.T.);
#597=ORIENTED_EDGE('',*,*,#862,.T.);
#598=ORIENTED_EDGE('',*,*,#771,.F.);
#599=ORIENTED_EDGE('',*,*,#883,.F.);
#600=ORIENTED_EDGE('',*,*,#673,.T.);
#601=ORIENTED_EDGE('',*,*,#701,.T.);
#602=ORIENTED_EDGE('',*,*,#880,.T.);
#603=ORIENTED_EDGE('',*,*,#760,.F.);
#604=ORIENTED_EDGE('',*,*,#865,.F.);
#605=ORIENTED_EDGE('',*,*,#788,.T.);
#606=ORIENTED_EDGE('',*,*,#856,.F.);
#607=ORIENTED_EDGE('',*,*,#853,.T.);
#608=ORIENTED_EDGE('',*,*,#773,.T.);
#609=ORIENTED_EDGE('',*,*,#868,.T.);
#610=ORIENTED_EDGE('',*,*,#764,.F.);
#611=ORIENTED_EDGE('',*,*,#879,.F.);
#612=ORIENTED_EDGE('',*,*,#709,.T.);
#613=ORIENTED_EDGE('',*,*,#689,.T.);
#614=ORIENTED_EDGE('',*,*,#876,.T.);
#615=ORIENTED_EDGE('',*,*,#753,.F.);
#616=ORIENTED_EDGE('',*,*,#863,.F.);
#617=ORIENTED_EDGE('',*,*,#797,.T.);
#618=ORIENTED_EDGE('',*,*,#858,.F.);
#619=ORIENTED_EDGE('',*,*,#855,.T.);
#620=ORIENTED_EDGE('',*,*,#782,.T.);
#621=ORIENTED_EDGE('',*,*,#866,.T.);
#622=ORIENTED_EDGE('',*,*,#757,.F.);
#623=ORIENTED_EDGE('',*,*,#875,.F.);
#624=ORIENTED_EDGE('',*,*,#697,.T.);
#625=ORIENTED_EDGE('',*,*,#677,.T.);
#626=ORIENTED_EDGE('',*,*,#872,.T.);
#627=ORIENTED_EDGE('',*,*,#746,.F.);
#628=ORIENTED_EDGE('',*,*,#861,.F.);
#629=ORIENTED_EDGE('',*,*,#800,.T.);
#630=ORIENTED_EDGE('',*,*,#860,.F.);
#631=ORIENTED_EDGE('',*,*,#857,.T.);
#632=ORIENTED_EDGE('',*,*,#791,.T.);
#633=ORIENTED_EDGE('',*,*,#864,.T.);
#634=ORIENTED_EDGE('',*,*,#750,.F.);
#635=ORIENTED_EDGE('',*,*,#871,.F.);
#636=ORIENTED_EDGE('',*,*,#685,.T.);
#637=ORIENTED_EDGE('',*,*,#829,.F.);
#638=ORIENTED_EDGE('',*,*,#664,.F.);
#639=ORIENTED_EDGE('',*,*,#836,.F.);
#640=ORIENTED_EDGE('',*,*,#659,.F.);
#641=ORIENTED_EDGE('',*,*,#843,.F.);
#642=ORIENTED_EDGE('',*,*,#654,.F.);
#643=ORIENTED_EDGE('',*,*,#850,.F.);
#644=ORIENTED_EDGE('',*,*,#649,.F.);
#645=EDGE_CURVE('',#885,#886,#1045,.T.);
#646=EDGE_CURVE('',#887,#886,#105,.T.);
#647=EDGE_CURVE('',#888,#887,#1046,.T.);
#648=EDGE_CURVE('',#888,#885,#106,.T.);
#649=EDGE_CURVE('',#889,#889,#77,.F.);
#650=EDGE_CURVE('',#890,#891,#1047,.T.);
#651=EDGE_CURVE('',#892,#891,#107,.T.);
#652=EDGE_CURVE('',#893,#892,#1048,.T.);
#653=EDGE_CURVE('',#893,#890,#108,.T.);
#654=EDGE_CURVE('',#894,#894,#78,.F.);
#655=EDGE_CURVE('',#895,#896,#1049,.T.);
#656=EDGE_CURVE('',#897,#896,#109,.T.);
#657=EDGE_CURVE('',#898,#897,#1050,.T.);
#658=EDGE_CURVE('',#898,#895,#110,.T.);
#659=EDGE_CURVE('',#899,#899,#79,.F.);
#660=EDGE_CURVE('',#900,#901,#1051,.T.);
#661=EDGE_CURVE('',#902,#901,#111,.T.);
#662=EDGE_CURVE('',#903,#902,#1052,.T.);
#663=EDGE_CURVE('',#903,#900,#112,.T.);
#664=EDGE_CURVE('',#904,#904,#80,.F.);
#665=EDGE_CURVE('',#905,#906,#113,.F.);
#666=EDGE_CURVE('',#907,#905,#1053,.T.);
#667=EDGE_CURVE('',#908,#907,#114,.T.);
#668=EDGE_CURVE('',#908,#909,#1054,.T.);
#669=EDGE_CURVE('',#909,#910,#1055,.T.);
#670=EDGE_CURVE('',#910,#911,#1056,.T.);
#671=EDGE_CURVE('',#912,#911,#115,.T.);
#672=EDGE_CURVE('',#912,#913,#1057,.T.);
#673=EDGE_CURVE('',#914,#913,#116,.F.);
#674=EDGE_CURVE('',#915,#914,#1058,.T.);
#675=EDGE_CURVE('',#915,#916,#1059,.T.);
#676=EDGE_CURVE('',#916,#906,#1060,.T.);
#677=EDGE_CURVE('',#917,#918,#117,.F.);
#678=EDGE_CURVE('',#919,#917,#1061,.T.);
#679=EDGE_CURVE('',#920,#919,#118,.T.);
#680=EDGE_CURVE('',#920,#921,#1062,.T.);
#681=EDGE_CURVE('',#921,#922,#1063,.T.);
#682=EDGE_CURVE('',#922,#923,#1064,.T.);
#683=EDGE_CURVE('',#924,#923,#119,.T.);
#684=EDGE_CURVE('',#924,#925,#1065,.T.);
#685=EDGE_CURVE('',#926,#925,#120,.F.);
#686=EDGE_CURVE('',#927,#926,#1066,.T.);
#687=EDGE_CURVE('',#927,#928,#1067,.T.);
#688=EDGE_CURVE('',#928,#918,#1068,.T.);
#689=EDGE_CURVE('',#929,#930,#121,.F.);
#690=EDGE_CURVE('',#931,#929,#1069,.T.);
#691=EDGE_CURVE('',#932,#931,#122,.T.);
#692=EDGE_CURVE('',#932,#933,#1070,.T.);
#693=EDGE_CURVE('',#933,#934,#1071,.T.);
#694=EDGE_CURVE('',#934,#935,#1072,.T.);
#695=EDGE_CURVE('',#936,#935,#123,.T.);
#696=EDGE_CURVE('',#936,#937,#1073,.T.);
#697=EDGE_CURVE('',#938,#937,#124,.F.);
#698=EDGE_CURVE('',#939,#938,#1074,.T.);
#699=EDGE_CURVE('',#939,#940,#1075,.T.);
#700=EDGE_CURVE('',#940,#930,#1076,.T.);
#701=EDGE_CURVE('',#941,#942,#125,.F.);
#702=EDGE_CURVE('',#943,#941,#1077,.T.);
#703=EDGE_CURVE('',#944,#943,#126,.T.);
#704=EDGE_CURVE('',#944,#945,#1078,.T.);
#705=EDGE_CURVE('',#945,#946,#1079,.T.);
#706=EDGE_CURVE('',#946,#947,#1080,.T.);
#707=EDGE_CURVE('',#948,#947,#127,.T.);
#708=EDGE_CURVE('',#948,#949,#1081,.T.);
#709=EDGE_CURVE('',#950,#949,#128,.F.);
#710=EDGE_CURVE('',#951,#950,#1082,.T.);
#711=EDGE_CURVE('',#951,#952,#1083,.T.);
#712=EDGE_CURVE('',#952,#942,#1084,.T.);
#713=EDGE_CURVE('',#953,#954,#129,.T.);
#714=EDGE_CURVE('',#955,#954,#1085,.T.);
#715=EDGE_CURVE('',#956,#955,#1086,.T.);
#716=EDGE_CURVE('',#957,#956,#1087,.T.);
#717=EDGE_CURVE('',#957,#958,#130,.T.);
#718=EDGE_CURVE('',#959,#958,#1088,.T.);
#719=EDGE_CURVE('',#960,#959,#1089,.T.);
#720=EDGE_CURVE('',#961,#960,#1090,.T.);
#721=EDGE_CURVE('',#961,#962,#131,.T.);
#722=EDGE_CURVE('',#963,#962,#1091,.T.);
#723=EDGE_CURVE('',#964,#963,#1092,.T.);
#724=EDGE_CURVE('',#965,#964,#1093,.T.);
#725=EDGE_CURVE('',#965,#966,#132,.T.);
#726=EDGE_CURVE('',#967,#966,#1094,.T.);
#727=EDGE_CURVE('',#968,#967,#1095,.T.);
#728=EDGE_CURVE('',#969,#968,#1096,.T.);
#729=EDGE_CURVE('',#969,#970,#133,.T.);
#730=EDGE_CURVE('',#971,#970,#1097,.T.);
#731=EDGE_CURVE('',#972,#971,#1098,.T.);
#732=EDGE_CURVE('',#973,#972,#1099,.T.);
#733=EDGE_CURVE('',#973,#974,#134,.T.);
#734=EDGE_CURVE('',#975,#974,#1100,.T.);
#735=EDGE_CURVE('',#976,#975,#1101,.T.);
#736=EDGE_CURVE('',#977,#976,#1102,.T.);
#737=EDGE_CURVE('',#977,#978,#135,.T.);
#738=EDGE_CURVE('',#979,#978,#1103,.T.);
#739=EDGE_CURVE('',#980,#979,#1104,.T.);
#740=EDGE_CURVE('',#981,#980,#1105,.T.);
#741=EDGE_CURVE('',#981,#982,#136,.T.);
#742=EDGE_CURVE('',#983,#982,#1106,.T.);
#743=EDGE_CURVE('',#984,#983,#1107,.T.);
#744=EDGE_CURVE('',#953,#984,#1108,.T.);
#745=EDGE_CURVE('',#885,#985,#1109,.T.);
#746=EDGE_CURVE('',#985,#986,#137,.F.);
#747=EDGE_CURVE('',#987,#986,#1110,.T.);
#748=EDGE_CURVE('',#988,#987,#1111,.T.);
#749=EDGE_CURVE('',#988,#989,#1112,.T.);
#750=EDGE_CURVE('',#989,#990,#138,.F.);
#751=EDGE_CURVE('',#891,#990,#1113,.T.);
#752=EDGE_CURVE('',#890,#991,#1114,.T.);
#753=EDGE_CURVE('',#991,#992,#139,.F.);
#754=EDGE_CURVE('',#993,#992,#1115,.T.);
#755=EDGE_CURVE('',#994,#993,#1116,.T.);
#756=EDGE_CURVE('',#994,#995,#1117,.T.);
#757=EDGE_CURVE('',#995,#996,#140,.F.);
#758=EDGE_CURVE('',#896,#996,#1118,.T.);
#759=EDGE_CURVE('',#895,#997,#1119,.T.);
#760=EDGE_CURVE('',#997,#998,#141,.F.);
#761=EDGE_CURVE('',#999,#998,#1120,.T.);
#762=EDGE_CURVE('',#1000,#999,#1121,.T.);
#763=EDGE_CURVE('',#1000,#1001,#1122,.T.);
#764=EDGE_CURVE('',#1001,#1002,#142,.F.);
#765=EDGE_CURVE('',#901,#1002,#1123,.T.);
#766=EDGE_CURVE('',#900,#1003,#1124,.T.);
#767=EDGE_CURVE('',#1003,#1004,#143,.F.);
#768=EDGE_CURVE('',#1005,#1004,#1125,.T.);
#769=EDGE_CURVE('',#1006,#1005,#1126,.T.);
#770=EDGE_CURVE('',#1006,#1007,#1127,.T.);
#771=EDGE_CURVE('',#1007,#1008,#144,.F.);
#772=EDGE_CURVE('',#886,#1008,#1128,.T.);
#773=EDGE_CURVE('',#1009,#1010,#145,.F.);
#774=EDGE_CURVE('',#1011,#1009,#1129,.T.);
#775=EDGE_CURVE('',#1011,#1012,#1130,.T.);
#776=EDGE_CURVE('',#1012,#1013,#1131,.T.);
#777=EDGE_CURVE('',#1013,#1014,#1132,.T.);
#778=EDGE_CURVE('',#1014,#1015,#1133,.T.);
#779=EDGE_CURVE('',#1016,#1015,#146,.F.);
#780=EDGE_CURVE('',#903,#1016,#1134,.T.);
#781=EDGE_CURVE('',#902,#1010,#1135,.T.);
#782=EDGE_CURVE('',#1017,#1018,#147,.F.);
#783=EDGE_CURVE('',#1019,#1017,#1136,.T.);
#784=EDGE_CURVE('',#1019,#1020,#1137,.T.);
#785=EDGE_CURVE('',#1020,#1021,#1138,.T.);
#786=EDGE_CURVE('',#1021,#1022,#1139,.T.);
#787=EDGE_CURVE('',#1022,#1023,#1140,.T.);
#788=EDGE_CURVE('',#1024,#1023,#148,.F.);
#789=EDGE_CURVE('',#898,#1024,#1141,.T.);
#790=EDGE_CURVE('',#897,#1018,#1142,.T.);
#791=EDGE_CURVE('',#1025,#1026,#149,.F.);
#792=EDGE_CURVE('',#1027,#1025,#1143,.T.);
#793=EDGE_CURVE('',#1027,#1028,#1144,.T.);
#794=EDGE_CURVE('',#1028,#1029,#1145,.T.);
#795=EDGE_CURVE('',#1029,#1030,#1146,.T.);
#796=EDGE_CURVE('',#1030,#1031,#1147,.T.);
#797=EDGE_CURVE('',#1032,#1031,#150,.F.);
#798=EDGE_CURVE('',#893,#1032,#1148,.T.);
#799=EDGE_CURVE('',#892,#1026,#1149,.T.);
#800=EDGE_CURVE('',#1033,#1034,#151,.F.);
#801=EDGE_CURVE('',#888,#1033,#1150,.T.);
#802=EDGE_CURVE('',#887,#1035,#1151,.T.);
#803=EDGE_CURVE('',#1036,#1035,#152,.F.);
#804=EDGE_CURVE('',#1037,#1036,#1152,.T.);
#805=EDGE_CURVE('',#1037,#1038,#1153,.T.);
#806=EDGE_CURVE('',#1038,#1039,#1154,.T.);
#807=EDGE_CURVE('',#1039,#1040,#1155,.T.);
#808=EDGE_CURVE('',#1040,#1034,#1156,.T.);
#809=EDGE_CURVE('',#966,#919,#1157,.T.);
#810=EDGE_CURVE('',#965,#920,#1158,.T.);
#811=EDGE_CURVE('',#962,#923,#1159,.T.);
#812=EDGE_CURVE('',#961,#924,#1160,.T.);
#813=EDGE_CURVE('',#958,#931,#1161,.T.);
#814=EDGE_CURVE('',#957,#932,#1162,.T.);
#815=EDGE_CURVE('',#954,#935,#1163,.T.);
#816=EDGE_CURVE('',#953,#936,#1164,.T.);
#817=EDGE_CURVE('',#982,#943,#1165,.T.);
#818=EDGE_CURVE('',#981,#944,#1166,.T.);
#819=EDGE_CURVE('',#978,#947,#1167,.T.);
#820=EDGE_CURVE('',#977,#948,#1168,.T.);
#821=EDGE_CURVE('',#974,#907,#1169,.T.);
#822=EDGE_CURVE('',#973,#908,#1170,.T.);
#823=EDGE_CURVE('',#969,#912,#1171,.T.);
#824=EDGE_CURVE('',#970,#911,#1172,.T.);
#825=EDGE_CURVE('',#972,#909,#1173,.T.);
#826=EDGE_CURVE('',#971,#910,#1174,.T.);
#827=EDGE_CURVE('',#976,#1012,#1175,.T.);
#828=EDGE_CURVE('',#1011,#948,#1176,.T.);
#829=EDGE_CURVE('',#1041,#1041,#153,.F.);
#830=EDGE_CURVE('',#975,#1013,#1177,.T.);
#831=EDGE_CURVE('',#1014,#907,#1178,.T.);
#832=EDGE_CURVE('',#980,#945,#1179,.T.);
#833=EDGE_CURVE('',#979,#946,#1180,.T.);
#834=EDGE_CURVE('',#984,#1020,#1181,.T.);
#835=EDGE_CURVE('',#1019,#936,#1182,.T.);
#836=EDGE_CURVE('',#1042,#1042,#154,.F.);
#837=EDGE_CURVE('',#983,#1021,#1183,.T.);
#838=EDGE_CURVE('',#1022,#943,#1184,.T.);
#839=EDGE_CURVE('',#956,#933,#1185,.T.);
#840=EDGE_CURVE('',#955,#934,#1186,.T.);
#841=EDGE_CURVE('',#960,#1028,#1187,.T.);
#842=EDGE_CURVE('',#1027,#924,#1188,.T.);
#843=EDGE_CURVE('',#1043,#1043,#155,.F.);
#844=EDGE_CURVE('',#959,#1029,#1189,.T.);
#845=EDGE_CURVE('',#1030,#931,#1190,.T.);
#846=EDGE_CURVE('',#964,#921,#1191,.T.);
#847=EDGE_CURVE('',#963,#922,#1192,.T.);
#848=EDGE_CURVE('',#968,#1038,#1193,.T.);
#849=EDGE_CURVE('',#1037,#912,#1194,.T.);
#850=EDGE_CURVE('',#1044,#1044,#156,.F.);
#851=EDGE_CURVE('',#967,#1039,#1195,.T.);
#852=EDGE_CURVE('',#1040,#919,#1196,.T.);
#853=EDGE_CURVE('',#949,#1009,#81,.T.);
#854=EDGE_CURVE('',#905,#1015,#82,.T.);
#855=EDGE_CURVE('',#937,#1017,#83,.T.);
#856=EDGE_CURVE('',#941,#1023,#84,.T.);
#857=EDGE_CURVE('',#925,#1025,#85,.T.);
#858=EDGE_CURVE('',#929,#1031,#86,.T.);
#859=EDGE_CURVE('',#913,#1036,#87,.T.);
#860=EDGE_CURVE('',#917,#1034,#88,.T.);
#861=EDGE_CURVE('',#1033,#985,#89,.T.);
#862=EDGE_CURVE('',#1035,#1008,#90,.T.);
#863=EDGE_CURVE('',#1032,#991,#91,.T.);
#864=EDGE_CURVE('',#1026,#990,#92,.T.);
#865=EDGE_CURVE('',#1024,#997,#93,.T.);
#866=EDGE_CURVE('',#1018,#996,#94,.T.);
#867=EDGE_CURVE('',#1016,#1003,#95,.T.);
#868=EDGE_CURVE('',#1010,#1002,#96,.T.);
#869=EDGE_CURVE('',#927,#988,#157,.T.);
#870=EDGE_CURVE('',#928,#987,#158,.T.);
#871=EDGE_CURVE('',#926,#989,#97,.T.);
#872=EDGE_CURVE('',#918,#986,#98,.T.);
#873=EDGE_CURVE('',#939,#994,#159,.T.);
#874=EDGE_CURVE('',#940,#993,#160,.T.);
#875=EDGE_CURVE('',#938,#995,#99,.T.);
#876=EDGE_CURVE('',#930,#992,#100,.T.);
#877=EDGE_CURVE('',#951,#1000,#161,.T.);
#878=EDGE_CURVE('',#952,#999,#162,.T.);
#879=EDGE_CURVE('',#950,#1001,#101,.T.);
#880=EDGE_CURVE('',#942,#998,#102,.T.);
#881=EDGE_CURVE('',#915,#1006,#163,.T.);
#882=EDGE_CURVE('',#916,#1005,#164,.T.);
#883=EDGE_CURVE('',#914,#1007,#103,.T.);
#884=EDGE_CURVE('',#906,#1004,#104,.T.);
#885=VERTEX_POINT('',#2231);
#886=VERTEX_POINT('',#2232);
#887=VERTEX_POINT('',#2234);
#888=VERTEX_POINT('',#2236);
#889=VERTEX_POINT('',#2249);
#890=VERTEX_POINT('',#2252);
#891=VERTEX_POINT('',#2253);
#892=VERTEX_POINT('',#2255);
#893=VERTEX_POINT('',#2257);
#894=VERTEX_POINT('',#2270);
#895=VERTEX_POINT('',#2273);
#896=VERTEX_POINT('',#2274);
#897=VERTEX_POINT('',#2276);
#898=VERTEX_POINT('',#2278);
#899=VERTEX_POINT('',#2291);
#900=VERTEX_POINT('',#2294);
#901=VERTEX_POINT('',#2295);
#902=VERTEX_POINT('',#2297);
#903=VERTEX_POINT('',#2299);
#904=VERTEX_POINT('',#2312);
#905=VERTEX_POINT('',#2315);
#906=VERTEX_POINT('',#2316);
#907=VERTEX_POINT('',#2318);
#908=VERTEX_POINT('',#2320);
#909=VERTEX_POINT('',#2322);
#910=VERTEX_POINT('',#2324);
#911=VERTEX_POINT('',#2326);
#912=VERTEX_POINT('',#2328);
#913=VERTEX_POINT('',#2330);
#914=VERTEX_POINT('',#2332);
#915=VERTEX_POINT('',#2334);
#916=VERTEX_POINT('',#2336);
#917=VERTEX_POINT('',#2340);
#918=VERTEX_POINT('',#2341);
#919=VERTEX_POINT('',#2343);
#920=VERTEX_POINT('',#2345);
#921=VERTEX_POINT('',#2347);
#922=VERTEX_POINT('',#2349);
#923=VERTEX_POINT('',#2351);
#924=VERTEX_POINT('',#2353);
#925=VERTEX_POINT('',#2355);
#926=VERTEX_POINT('',#2357);
#927=VERTEX_POINT('',#2359);
#928=VERTEX_POINT('',#2361);
#929=VERTEX_POINT('',#2365);
#930=VERTEX_POINT('',#2366);
#931=VERTEX_POINT('',#2368);
#932=VERTEX_POINT('',#2370);
#933=VERTEX_POINT('',#2372);
#934=VERTEX_POINT('',#2374);
#935=VERTEX_POINT('',#2376);
#936=VERTEX_POINT('',#2378);
#937=VERTEX_POINT('',#2380);
#938=VERTEX_POINT('',#2382);
#939=VERTEX_POINT('',#2384);
#940=VERTEX_POINT('',#2386);
#941=VERTEX_POINT('',#2390);
#942=VERTEX_POINT('',#2391);
#943=VERTEX_POINT('',#2393);
#944=VERTEX_POINT('',#2395);
#945=VERTEX_POINT('',#2397);
#946=VERTEX_POINT('',#2399);
#947=VERTEX_POINT('',#2401);
#948=VERTEX_POINT('',#2403);
#949=VERTEX_POINT('',#2405);
#950=VERTEX_POINT('',#2407);
#951=VERTEX_POINT('',#2409);
#952=VERTEX_POINT('',#2411);
#953=VERTEX_POINT('',#2415);
#954=VERTEX_POINT('',#2416);
#955=VERTEX_POINT('',#2418);
#956=VERTEX_POINT('',#2420);
#957=VERTEX_POINT('',#2422);
#958=VERTEX_POINT('',#2424);
#959=VERTEX_POINT('',#2426);
#960=VERTEX_POINT('',#2428);
#961=VERTEX_POINT('',#2430);
#962=VERTEX_POINT('',#2432);
#963=VERTEX_POINT('',#2434);
#964=VERTEX_POINT('',#2436);
#965=VERTEX_POINT('',#2438);
#966=VERTEX_POINT('',#2440);
#967=VERTEX_POINT('',#2442);
#968=VERTEX_POINT('',#2444);
#969=VERTEX_POINT('',#2446);
#970=VERTEX_POINT('',#2448);
#971=VERTEX_POINT('',#2450);
#972=VERTEX_POINT('',#2452);
#973=VERTEX_POINT('',#2454);
#974=VERTEX_POINT('',#2456);
#975=VERTEX_POINT('',#2458);
#976=VERTEX_POINT('',#2460);
#977=VERTEX_POINT('',#2462);
#978=VERTEX_POINT('',#2464);
#979=VERTEX_POINT('',#2466);
#980=VERTEX_POINT('',#2468);
#981=VERTEX_POINT('',#2470);
#982=VERTEX_POINT('',#2472);
#983=VERTEX_POINT('',#2474);
#984=VERTEX_POINT('',#2476);
#985=VERTEX_POINT('',#2479);
#986=VERTEX_POINT('',#2481);
#987=VERTEX_POINT('',#2483);
#988=VERTEX_POINT('',#2485);
#989=VERTEX_POINT('',#2487);
#990=VERTEX_POINT('',#2489);
#991=VERTEX_POINT('',#2492);
#992=VERTEX_POINT('',#2494);
#993=VERTEX_POINT('',#2496);
#994=VERTEX_POINT('',#2498);
#995=VERTEX_POINT('',#2500);
#996=VERTEX_POINT('',#2502);
#997=VERTEX_POINT('',#2505);
#998=VERTEX_POINT('',#2507);
#999=VERTEX_POINT('',#2509);
#1000=VERTEX_POINT('',#2511);
#1001=VERTEX_POINT('',#2513);
#1002=VERTEX_POINT('',#2515);
#1003=VERTEX_POINT('',#2518);
#1004=VERTEX_POINT('',#2520);
#1005=VERTEX_POINT('',#2522);
#1006=VERTEX_POINT('',#2524);
#1007=VERTEX_POINT('',#2526);
#1008=VERTEX_POINT('',#2528);
#1009=VERTEX_POINT('',#2532);
#1010=VERTEX_POINT('',#2533);
#1011=VERTEX_POINT('',#2535);
#1012=VERTEX_POINT('',#2537);
#1013=VERTEX_POINT('',#2539);
#1014=VERTEX_POINT('',#2541);
#1015=VERTEX_POINT('',#2543);
#1016=VERTEX_POINT('',#2545);
#1017=VERTEX_POINT('',#2550);
#1018=VERTEX_POINT('',#2551);
#1019=VERTEX_POINT('',#2553);
#1020=VERTEX_POINT('',#2555);
#1021=VERTEX_POINT('',#2557);
#1022=VERTEX_POINT('',#2559);
#1023=VERTEX_POINT('',#2561);
#1024=VERTEX_POINT('',#2563);
#1025=VERTEX_POINT('',#2568);
#1026=VERTEX_POINT('',#2569);
#1027=VERTEX_POINT('',#2571);
#1028=VERTEX_POINT('',#2573);
#1029=VERTEX_POINT('',#2575);
#1030=VERTEX_POINT('',#2577);
#1031=VERTEX_POINT('',#2579);
#1032=VERTEX_POINT('',#2581);
#1033=VERTEX_POINT('',#2586);
#1034=VERTEX_POINT('',#2587);
#1035=VERTEX_POINT('',#2590);
#1036=VERTEX_POINT('',#2592);
#1037=VERTEX_POINT('',#2594);
#1038=VERTEX_POINT('',#2596);
#1039=VERTEX_POINT('',#2598);
#1040=VERTEX_POINT('',#2600);
#1041=VERTEX_POINT('',#2636);
#1042=VERTEX_POINT('',#2650);
#1043=VERTEX_POINT('',#2664);
#1044=VERTEX_POINT('',#2678);
#1045=LINE('',#2230,#1197);
#1046=LINE('',#2235,#1198);
#1047=LINE('',#2251,#1199);
#1048=LINE('',#2256,#1200);
#1049=LINE('',#2272,#1201);
#1050=LINE('',#2277,#1202);
#1051=LINE('',#2293,#1203);
#1052=LINE('',#2298,#1204);
#1053=LINE('',#2317,#1205);
#1054=LINE('',#2321,#1206);
#1055=LINE('',#2323,#1207);
#1056=LINE('',#2325,#1208);
#1057=LINE('',#2329,#1209);
#1058=LINE('',#2333,#1210);
#1059=LINE('',#2335,#1211);
#1060=LINE('',#2337,#1212);
#1061=LINE('',#2342,#1213);
#1062=LINE('',#2346,#1214);
#1063=LINE('',#2348,#1215);
#1064=LINE('',#2350,#1216);
#1065=LINE('',#2354,#1217);
#1066=LINE('',#2358,#1218);
#1067=LINE('',#2360,#1219);
#1068=LINE('',#2362,#1220);
#1069=LINE('',#2367,#1221);
#1070=LINE('',#2371,#1222);
#1071=LINE('',#2373,#1223);
#1072=LINE('',#2375,#1224);
#1073=LINE('',#2379,#1225);
#1074=LINE('',#2383,#1226);
#1075=LINE('',#2385,#1227);
#1076=LINE('',#2387,#1228);
#1077=LINE('',#2392,#1229);
#1078=LINE('',#2396,#1230);
#1079=LINE('',#2398,#1231);
#1080=LINE('',#2400,#1232);
#1081=LINE('',#2404,#1233);
#1082=LINE('',#2408,#1234);
#1083=LINE('',#2410,#1235);
#1084=LINE('',#2412,#1236);
#1085=LINE('',#2417,#1237);
#1086=LINE('',#2419,#1238);
#1087=LINE('',#2421,#1239);
#1088=LINE('',#2425,#1240);
#1089=LINE('',#2427,#1241);
#1090=LINE('',#2429,#1242);
#1091=LINE('',#2433,#1243);
#1092=LINE('',#2435,#1244);
#1093=LINE('',#2437,#1245);
#1094=LINE('',#2441,#1246);
#1095=LINE('',#2443,#1247);
#1096=LINE('',#2445,#1248);
#1097=LINE('',#2449,#1249);
#1098=LINE('',#2451,#1250);
#1099=LINE('',#2453,#1251);
#1100=LINE('',#2457,#1252);
#1101=LINE('',#2459,#1253);
#1102=LINE('',#2461,#1254);
#1103=LINE('',#2465,#1255);
#1104=LINE('',#2467,#1256);
#1105=LINE('',#2469,#1257);
#1106=LINE('',#2473,#1258);
#1107=LINE('',#2475,#1259);
#1108=LINE('',#2477,#1260);
#1109=LINE('',#2478,#1261);
#1110=LINE('',#2482,#1262);
#1111=LINE('',#2484,#1263);
#1112=LINE('',#2486,#1264);
#1113=LINE('',#2490,#1265);
#1114=LINE('',#2491,#1266);
#1115=LINE('',#2495,#1267);
#1116=LINE('',#2497,#1268);
#1117=LINE('',#2499,#1269);
#1118=LINE('',#2503,#1270);
#1119=LINE('',#2504,#1271);
#1120=LINE('',#2508,#1272);
#1121=LINE('',#2510,#1273);
#1122=LINE('',#2512,#1274);
#1123=LINE('',#2516,#1275);
#1124=LINE('',#2517,#1276);
#1125=LINE('',#2521,#1277);
#1126=LINE('',#2523,#1278);
#1127=LINE('',#2525,#1279);
#1128=LINE('',#2529,#1280);
#1129=LINE('',#2534,#1281);
#1130=LINE('',#2536,#1282);
#1131=LINE('',#2538,#1283);
#1132=LINE('',#2540,#1284);
#1133=LINE('',#2542,#1285);
#1134=LINE('',#2546,#1286);
#1135=LINE('',#2547,#1287);
#1136=LINE('',#2552,#1288);
#1137=LINE('',#2554,#1289);
#1138=LINE('',#2556,#1290);
#1139=LINE('',#2558,#1291);
#1140=LINE('',#2560,#1292);
#1141=LINE('',#2564,#1293);
#1142=LINE('',#2565,#1294);
#1143=LINE('',#2570,#1295);
#1144=LINE('',#2572,#1296);
#1145=LINE('',#2574,#1297);
#1146=LINE('',#2576,#1298);
#1147=LINE('',#2578,#1299);
#1148=LINE('',#2582,#1300);
#1149=LINE('',#2583,#1301);
#1150=LINE('',#2588,#1302);
#1151=LINE('',#2589,#1303);
#1152=LINE('',#2593,#1304);
#1153=LINE('',#2595,#1305);
#1154=LINE('',#2597,#1306);
#1155=LINE('',#2599,#1307);
#1156=LINE('',#2601,#1308);
#1157=LINE('',#2603,#1309);
#1158=LINE('',#2604,#1310);
#1159=LINE('',#2606,#1311);
#1160=LINE('',#2607,#1312);
#1161=LINE('',#2609,#1313);
#1162=LINE('',#2610,#1314);
#1163=LINE('',#2612,#1315);
#1164=LINE('',#2613,#1316);
#1165=LINE('',#2615,#1317);
#1166=LINE('',#2616,#1318);
#1167=LINE('',#2618,#1319);
#1168=LINE('',#2619,#1320);
#1169=LINE('',#2621,#1321);
#1170=LINE('',#2622,#1322);
#1171=LINE('',#2624,#1323);
#1172=LINE('',#2625,#1324);
#1173=LINE('',#2627,#1325);
#1174=LINE('',#2629,#1326);
#1175=LINE('',#2632,#1327);
#1176=LINE('',#2633,#1328);
#1177=LINE('',#2637,#1329);
#1178=LINE('',#2639,#1330);
#1179=LINE('',#2641,#1331);
#1180=LINE('',#2643,#1332);
#1181=LINE('',#2646,#1333);
#1182=LINE('',#2647,#1334);
#1183=LINE('',#2651,#1335);
#1184=LINE('',#2653,#1336);
#1185=LINE('',#2655,#1337);
#1186=LINE('',#2657,#1338);
#1187=LINE('',#2660,#1339);
#1188=LINE('',#2661,#1340);
#1189=LINE('',#2665,#1341);
#1190=LINE('',#2667,#1342);
#1191=LINE('',#2669,#1343);
#1192=LINE('',#2671,#1344);
#1193=LINE('',#2674,#1345);
#1194=LINE('',#2675,#1346);
#1195=LINE('',#2679,#1347);
#1196=LINE('',#2681,#1348);
#1197=VECTOR('',#1804,1.);
#1198=VECTOR('',#1807,1.);
#1199=VECTOR('',#1812,1.);
#1200=VECTOR('',#1815,1.);
#1201=VECTOR('',#1820,1.);
#1202=VECTOR('',#1823,1.);
#1203=VECTOR('',#1828,1.);
#1204=VECTOR('',#1831,1.);
#1205=VECTOR('',#1838,1.);
#1206=VECTOR('',#1841,1.);
#1207=VECTOR('',#1842,1.);
#1208=VECTOR('',#1843,1.);
#1209=VECTOR('',#1846,1.);
#1210=VECTOR('',#1849,1.);
#1211=VECTOR('',#1850,1.);
#1212=VECTOR('',#1851,1.);
#1213=VECTOR('',#1856,1.);
#1214=VECTOR('',#1859,1.);
#1215=VECTOR('',#1860,1.);
#1216=VECTOR('',#1861,1.);
#1217=VECTOR('',#1864,1.);
#1218=VECTOR('',#1867,1.);
#1219=VECTOR('',#1868,1.);
#1220=VECTOR('',#1869,1.);
#1221=VECTOR('',#1874,1.);
#1222=VECTOR('',#1877,1.);
#1223=VECTOR('',#1878,1.);
#1224=VECTOR('',#1879,1.);
#1225=VECTOR('',#1882,1.);
#1226=VECTOR('',#1885,1.);
#1227=VECTOR('',#1886,1.);
#1228=VECTOR('',#1887,1.);
#1229=VECTOR('',#1892,1.);
#1230=VECTOR('',#1895,1.);
#1231=VECTOR('',#1896,1.);
#1232=VECTOR('',#1897,1.);
#1233=VECTOR('',#1900,1.);
#1234=VECTOR('',#1903,1.);
#1235=VECTOR('',#1904,1.);
#1236=VECTOR('',#1905,1.);
#1237=VECTOR('',#1910,1.);
#1238=VECTOR('',#1911,1.);
#1239=VECTOR('',#1912,1.);
#1240=VECTOR('',#1915,1.);
#1241=VECTOR('',#1916,1.);
#1242=VECTOR('',#1917,1.);
#1243=VECTOR('',#1920,1.);
#1244=VECTOR('',#1921,1.);
#1245=VECTOR('',#1922,1.);
#1246=VECTOR('',#1925,1.);
#1247=VECTOR('',#1926,1.);
#1248=VECTOR('',#1927,1.);
#1249=VECTOR('',#1930,1.);
#1250=VECTOR('',#1931,1.);
#1251=VECTOR('',#1932,1.);
#1252=VECTOR('',#1935,1.);
#1253=VECTOR('',#1936,1.);
#1254=VECTOR('',#1937,1.);
#1255=VECTOR('',#1940,1.);
#1256=VECTOR('',#1941,1.);
#1257=VECTOR('',#1942,1.);
#1258=VECTOR('',#1945,1.);
#1259=VECTOR('',#1946,1.);
#1260=VECTOR('',#1947,1.);
#1261=VECTOR('',#1948,1.);
#1262=VECTOR('',#1951,1.);
#1263=VECTOR('',#1952,1.);
#1264=VECTOR('',#1953,1.);
#1265=VECTOR('',#1956,1.);
#1266=VECTOR('',#1957,1.);
#1267=VECTOR('',#1960,1.);
#1268=VECTOR('',#1961,1.);
#1269=VECTOR('',#1962,1.);
#1270=VECTOR('',#1965,1.);
#1271=VECTOR('',#1966,1.);
#1272=VECTOR('',#1969,1.);
#1273=VECTOR('',#1970,1.);
#1274=VECTOR('',#1971,1.);
#1275=VECTOR('',#1974,1.);
#1276=VECTOR('',#1975,1.);
#1277=VECTOR('',#1978,1.);
#1278=VECTOR('',#1979,1.);
#1279=VECTOR('',#1980,1.);
#1280=VECTOR('',#1983,1.);
#1281=VECTOR('',#1988,1.);
#1282=VECTOR('',#1989,1.);
#1283=VECTOR('',#1990,1.);
#1284=VECTOR('',#1991,1.);
#1285=VECTOR('',#1992,1.);
#1286=VECTOR('',#1995,1.);
#1287=VECTOR('',#1996,1.);
#1288=VECTOR('',#2001,1.);
#1289=VECTOR('',#2002,1.);
#1290=VECTOR('',#2003,1.);
#1291=VECTOR('',#2004,1.);
#1292=VECTOR('',#2005,1.);
#1293=VECTOR('',#2008,1.);
#1294=VECTOR('',#2009,1.);
#1295=VECTOR('',#2014,1.);
#1296=VECTOR('',#2015,1.);
#1297=VECTOR('',#2016,1.);
#1298=VECTOR('',#2017,1.);
#1299=VECTOR('',#2018,1.);
#1300=VECTOR('',#2021,1.);
#1301=VECTOR('',#2022,1.);
#1302=VECTOR('',#2027,1.);
#1303=VECTOR('',#2028,1.);
#1304=VECTOR('',#2031,1.);
#1305=VECTOR('',#2032,1.);
#1306=VECTOR('',#2033,1.);
#1307=VECTOR('',#2034,1.);
#1308=VECTOR('',#2035,1.);
#1309=VECTOR('',#2038,1.);
#1310=VECTOR('',#2039,1.);
#1311=VECTOR('',#2042,1.);
#1312=VECTOR('',#2043,1.);
#1313=VECTOR('',#2046,1.);
#1314=VECTOR('',#2047,1.);
#1315=VECTOR('',#2050,1.);
#1316=VECTOR('',#2051,1.);
#1317=VECTOR('',#2054,1.);
#1318=VECTOR('',#2055,1.);
#1319=VECTOR('',#2058,1.);
#1320=VECTOR('',#2059,1.);
#1321=VECTOR('',#2062,1.);
#1322=VECTOR('',#2063,1.);
#1323=VECTOR('',#2066,1.);
#1324=VECTOR('',#2067,1.);
#1325=VECTOR('',#2070,1.);
#1326=VECTOR('',#2073,1.);
#1327=VECTOR('',#2078,1.);
#1328=VECTOR('',#2079,1.);
#1329=VECTOR('',#2084,1.);
#1330=VECTOR('',#2087,1.);
#1331=VECTOR('',#2090,1.);
#1332=VECTOR('',#2093,1.);
#1333=VECTOR('',#2098,1.);
#1334=VECTOR('',#2099,1.);
#1335=VECTOR('',#2104,1.);
#1336=VECTOR('',#2107,1.);
#1337=VECTOR('',#2110,1.);
#1338=VECTOR('',#2113,1.);
#1339=VECTOR('',#2118,1.);
#1340=VECTOR('',#2119,1.);
#1341=VECTOR('',#2124,1.);
#1342=VECTOR('',#2127,1.);
#1343=VECTOR('',#2130,1.);
#1344=VECTOR('',#2133,1.);
#1345=VECTOR('',#2138,1.);
#1346=VECTOR('',#2139,1.);
#1347=VECTOR('',#2144,1.);
#1348=VECTOR('',#2147,1.);
#1349=EDGE_LOOP('',(#165,#166,#167,#168));
#1350=EDGE_LOOP('',(#169));
#1351=EDGE_LOOP('',(#170,#171,#172,#173));
#1352=EDGE_LOOP('',(#174));
#1353=EDGE_LOOP('',(#175,#176,#177,#178));
#1354=EDGE_LOOP('',(#179));
#1355=EDGE_LOOP('',(#180,#181,#182,#183));
#1356=EDGE_LOOP('',(#184));
#1357=EDGE_LOOP('',(#185,#186,#187,#188,#189,#190,#191,#192,#193,#194,#195,
#196));
#1358=EDGE_LOOP('',(#197,#198,#199,#200,#201,#202,#203,#204,#205,#206,#207,
#208));
#1359=EDGE_LOOP('',(#209,#210,#211,#212,#213,#214,#215,#216,#217,#218,#219,
#220));
#1360=EDGE_LOOP('',(#221,#222,#223,#224,#225,#226,#227,#228,#229,#230,#231,
#232));
#1361=EDGE_LOOP('',(#233,#234,#235,#236,#237,#238,#239,#240,#241,#242,#243,
#244,#245,#246,#247,#248,#249,#250,#251,#252,#253,#254,#255,#256,#257,#258,
#259,#260,#261,#262,#263,#264));
#1362=EDGE_LOOP('',(#265,#266,#267,#268,#269,#270,#271,#272,#273,#274,#275,
#276,#277,#278,#279,#280,#281,#282,#283,#284,#285,#286,#287,#288,#289,#290,
#291,#292,#293,#294,#295,#296));
#1363=EDGE_LOOP('',(#297,#298,#299,#300,#301,#302,#303,#304,#305,#306));
#1364=EDGE_LOOP('',(#307,#308,#309,#310,#311,#312,#313,#314,#315,#316));
#1365=EDGE_LOOP('',(#317,#318,#319,#320,#321,#322,#323,#324,#325,#326));
#1366=EDGE_LOOP('',(#327,#328,#329,#330,#331,#332,#333,#334,#335,#336));
#1367=EDGE_LOOP('',(#337,#338,#339,#340));
#1368=EDGE_LOOP('',(#341,#342,#343,#344));
#1369=EDGE_LOOP('',(#345,#346,#347,#348));
#1370=EDGE_LOOP('',(#349,#350,#351,#352));
#1371=EDGE_LOOP('',(#353,#354,#355,#356));
#1372=EDGE_LOOP('',(#357,#358,#359,#360));
#1373=EDGE_LOOP('',(#361,#362,#363,#364));
#1374=EDGE_LOOP('',(#365,#366,#367,#368));
#1375=EDGE_LOOP('',(#369,#370,#371,#372));
#1376=EDGE_LOOP('',(#373,#374,#375,#376));
#1377=EDGE_LOOP('',(#377,#378,#379,#380));
#1378=EDGE_LOOP('',(#381,#382,#383,#384,#385));
#1379=EDGE_LOOP('',(#386));
#1380=EDGE_LOOP('',(#387,#388,#389,#390));
#1381=EDGE_LOOP('',(#391,#392,#393,#394,#395));
#1382=EDGE_LOOP('',(#396,#397,#398,#399));
#1383=EDGE_LOOP('',(#400,#401,#402,#403));
#1384=EDGE_LOOP('',(#404,#405,#406,#407));
#1385=EDGE_LOOP('',(#408,#409,#410,#411,#412));
#1386=EDGE_LOOP('',(#413));
#1387=EDGE_LOOP('',(#414,#415,#416,#417));
#1388=EDGE_LOOP('',(#418,#419,#420,#421,#422));
#1389=EDGE_LOOP('',(#423,#424,#425,#426));
#1390=EDGE_LOOP('',(#427,#428,#429,#430));
#1391=EDGE_LOOP('',(#431,#432,#433,#434));
#1392=EDGE_LOOP('',(#435,#436,#437,#438,#439));
#1393=EDGE_LOOP('',(#440));
#1394=EDGE_LOOP('',(#441,#442,#443,#444));
#1395=EDGE_LOOP('',(#445,#446,#447,#448,#449));
#1396=EDGE_LOOP('',(#450,#451,#452,#453));
#1397=EDGE_LOOP('',(#454,#455,#456,#457));
#1398=EDGE_LOOP('',(#458,#459,#460,#461));
#1399=EDGE_LOOP('',(#462,#463,#464,#465,#466));
#1400=EDGE_LOOP('',(#467));
#1401=EDGE_LOOP('',(#468,#469,#470,#471));
#1402=EDGE_LOOP('',(#472,#473,#474,#475,#476));
#1403=EDGE_LOOP('',(#477,#478,#479,#480));
#1404=EDGE_LOOP('',(#481,#482,#483,#484));
#1405=EDGE_LOOP('',(#485,#486,#487,#488));
#1406=EDGE_LOOP('',(#489,#490,#491,#492));
#1407=EDGE_LOOP('',(#493,#494,#495,#496));
#1408=EDGE_LOOP('',(#497,#498,#499,#500));
#1409=EDGE_LOOP('',(#501,#502,#503,#504));
#1410=EDGE_LOOP('',(#505,#506,#507,#508));
#1411=EDGE_LOOP('',(#509,#510,#511,#512));
#1412=EDGE_LOOP('',(#513,#514,#515,#516));
#1413=EDGE_LOOP('',(#517,#518,#519,#520));
#1414=EDGE_LOOP('',(#521,#522,#523,#524));
#1415=EDGE_LOOP('',(#525,#526,#527,#528));
#1416=EDGE_LOOP('',(#529,#530,#531,#532));
#1417=EDGE_LOOP('',(#533,#534,#535,#536));
#1418=EDGE_LOOP('',(#537,#538,#539,#540));
#1419=EDGE_LOOP('',(#541,#542,#543,#544));
#1420=EDGE_LOOP('',(#545,#546,#547,#548));
#1421=EDGE_LOOP('',(#549,#550,#551,#552));
#1422=EDGE_LOOP('',(#553,#554,#555,#556));
#1423=EDGE_LOOP('',(#557,#558,#559,#560));
#1424=EDGE_LOOP('',(#561,#562,#563,#564));
#1425=EDGE_LOOP('',(#565,#566,#567,#568));
#1426=EDGE_LOOP('',(#569,#570,#571,#572));
#1427=EDGE_LOOP('',(#573,#574,#575,#576));
#1428=EDGE_LOOP('',(#577,#578,#579,#580));
#1429=EDGE_LOOP('',(#581,#582,#583,#584));
#1430=EDGE_LOOP('',(#585,#586,#587,#588));
#1431=EDGE_LOOP('',(#589,#590,#591,#592,#593,#594));
#1432=EDGE_LOOP('',(#595,#596,#597,#598,#599,#600));
#1433=EDGE_LOOP('',(#601,#602,#603,#604,#605,#606));
#1434=EDGE_LOOP('',(#607,#608,#609,#610,#611,#612));
#1435=EDGE_LOOP('',(#613,#614,#615,#616,#617,#618));
#1436=EDGE_LOOP('',(#619,#620,#621,#622,#623,#624));
#1437=EDGE_LOOP('',(#625,#626,#627,#628,#629,#630));
#1438=EDGE_LOOP('',(#631,#632,#633,#634,#635,#636));
#1439=EDGE_LOOP('',(#637));
#1440=EDGE_LOOP('',(#638));
#1441=EDGE_LOOP('',(#639));
#1442=EDGE_LOOP('',(#640));
#1443=EDGE_LOOP('',(#641));
#1444=EDGE_LOOP('',(#642));
#1445=EDGE_LOOP('',(#643));
#1446=EDGE_LOOP('',(#644));
#1447=FACE_BOUND('',#1349,.T.);
#1448=FACE_BOUND('',#1350,.T.);
#1449=FACE_BOUND('',#1351,.T.);
#1450=FACE_BOUND('',#1352,.T.);
#1451=FACE_BOUND('',#1353,.T.);
#1452=FACE_BOUND('',#1354,.T.);
#1453=FACE_BOUND('',#1355,.T.);
#1454=FACE_BOUND('',#1356,.T.);
#1455=FACE_BOUND('',#1357,.T.);
#1456=FACE_BOUND('',#1358,.T.);
#1457=FACE_BOUND('',#1359,.T.);
#1458=FACE_BOUND('',#1360,.T.);
#1459=FACE_BOUND('',#1361,.T.);
#1460=FACE_BOUND('',#1362,.T.);
#1461=FACE_BOUND('',#1363,.T.);
#1462=FACE_BOUND('',#1364,.T.);
#1463=FACE_BOUND('',#1365,.T.);
#1464=FACE_BOUND('',#1366,.T.);
#1465=FACE_BOUND('',#1367,.T.);
#1466=FACE_BOUND('',#1368,.T.);
#1467=FACE_BOUND('',#1369,.T.);
#1468=FACE_BOUND('',#1370,.T.);
#1469=FACE_BOUND('',#1371,.T.);
#1470=FACE_BOUND('',#1372,.T.);
#1471=FACE_BOUND('',#1373,.T.);
#1472=FACE_BOUND('',#1374,.T.);
#1473=FACE_BOUND('',#1375,.T.);
#1474=FACE_BOUND('',#1376,.T.);
#1475=FACE_BOUND('',#1377,.T.);
#1476=FACE_BOUND('',#1378,.T.);
#1477=FACE_BOUND('',#1379,.T.);
#1478=FACE_BOUND('',#1380,.T.);
#1479=FACE_BOUND('',#1381,.T.);
#1480=FACE_BOUND('',#1382,.T.);
#1481=FACE_BOUND('',#1383,.T.);
#1482=FACE_BOUND('',#1384,.T.);
#1483=FACE_BOUND('',#1385,.T.);
#1484=FACE_BOUND('',#1386,.T.);
#1485=FACE_BOUND('',#1387,.T.);
#1486=FACE_BOUND('',#1388,.T.);
#1487=FACE_BOUND('',#1389,.T.);
#1488=FACE_BOUND('',#1390,.T.);
#1489=FACE_BOUND('',#1391,.T.);
#1490=FACE_BOUND('',#1392,.T.);
#1491=FACE_BOUND('',#1393,.T.);
#1492=FACE_BOUND('',#1394,.T.);
#1493=FACE_BOUND('',#1395,.T.);
#1494=FACE_BOUND('',#1396,.T.);
#1495=FACE_BOUND('',#1397,.T.);
#1496=FACE_BOUND('',#1398,.T.);
#1497=FACE_BOUND('',#1399,.T.);
#1498=FACE_BOUND('',#1400,.T.);
#1499=FACE_BOUND('',#1401,.T.);
#1500=FACE_BOUND('',#1402,.T.);
#1501=FACE_BOUND('',#1403,.T.);
#1502=FACE_BOUND('',#1404,.T.);
#1503=FACE_BOUND('',#1405,.T.);
#1504=FACE_BOUND('',#1406,.T.);
#1505=FACE_BOUND('',#1407,.T.);
#1506=FACE_BOUND('',#1408,.T.);
#1507=FACE_BOUND('',#1409,.T.);
#1508=FACE_BOUND('',#1410,.T.);
#1509=FACE_BOUND('',#1411,.T.);
#1510=FACE_BOUND('',#1412,.T.);
#1511=FACE_BOUND('',#1413,.T.);
#1512=FACE_BOUND('',#1414,.T.);
#1513=FACE_BOUND('',#1415,.T.);
#1514=FACE_BOUND('',#1416,.T.);
#1515=FACE_BOUND('',#1417,.T.);
#1516=FACE_BOUND('',#1418,.T.);
#1517=FACE_BOUND('',#1419,.T.);
#1518=FACE_BOUND('',#1420,.T.);
#1519=FACE_BOUND('',#1421,.T.);
#1520=FACE_BOUND('',#1422,.T.);
#1521=FACE_BOUND('',#1423,.T.);
#1522=FACE_BOUND('',#1424,.T.);
#1523=FACE_BOUND('',#1425,.T.);
#1524=FACE_BOUND('',#1426,.T.);
#1525=FACE_BOUND('',#1427,.T.);
#1526=FACE_BOUND('',#1428,.T.);
#1527=FACE_BOUND('',#1429,.T.);
#1528=FACE_BOUND('',#1430,.T.);
#1529=FACE_BOUND('',#1431,.T.);
#1530=FACE_BOUND('',#1432,.T.);
#1531=FACE_BOUND('',#1433,.T.);
#1532=FACE_BOUND('',#1434,.T.);
#1533=FACE_BOUND('',#1435,.T.);
#1534=FACE_BOUND('',#1436,.T.);
#1535=FACE_BOUND('',#1437,.T.);
#1536=FACE_BOUND('',#1438,.T.);
#1537=FACE_BOUND('',#1439,.T.);
#1538=FACE_BOUND('',#1440,.T.);
#1539=FACE_BOUND('',#1441,.T.);
#1540=FACE_BOUND('',#1442,.T.);
#1541=FACE_BOUND('',#1443,.T.);
#1542=FACE_BOUND('',#1444,.T.);
#1543=FACE_BOUND('',#1445,.T.);
#1544=FACE_BOUND('',#1446,.T.);
#1545=CYLINDRICAL_SURFACE('',#1663,0.661842193179631);
#1546=CYLINDRICAL_SURFACE('',#1666,0.661842193179631);
#1547=CYLINDRICAL_SURFACE('',#1669,0.661842193179631);
#1548=CYLINDRICAL_SURFACE('',#1672,0.661842193179631);
#1549=CYLINDRICAL_SURFACE('',#1724,0.045);
#1550=CYLINDRICAL_SURFACE('',#1725,0.045);
#1551=CYLINDRICAL_SURFACE('',#1726,0.045);
#1552=CYLINDRICAL_SURFACE('',#1727,0.045);
#1553=CYLINDRICAL_SURFACE('',#1728,0.045);
#1554=CYLINDRICAL_SURFACE('',#1729,0.045);
#1555=CYLINDRICAL_SURFACE('',#1730,0.045);
#1556=CYLINDRICAL_SURFACE('',#1731,0.045);
#1557=CYLINDRICAL_SURFACE('',#1776,0.632814687012957);
#1558=CYLINDRICAL_SURFACE('',#1781,0.632814687012957);
#1559=CYLINDRICAL_SURFACE('',#1786,0.632814687012957);
#1560=CYLINDRICAL_SURFACE('',#1791,0.632814687012937);
#1561=CYLINDRICAL_SURFACE('',#1796,0.0014);
#1562=CYLINDRICAL_SURFACE('',#1797,0.0014);
#1563=CYLINDRICAL_SURFACE('',#1798,0.0014);
#1564=CYLINDRICAL_SURFACE('',#1799,0.0014);
#1565=ADVANCED_FACE('',(#1447,#1448),#1545,.T.);
#1566=ADVANCED_FACE('',(#1449,#1450),#1546,.T.);
#1567=ADVANCED_FACE('',(#1451,#1452),#1547,.T.);
#1568=ADVANCED_FACE('',(#1453,#1454),#1548,.T.);
#1569=ADVANCED_FACE('',(#1455),#20,.T.);
#1570=ADVANCED_FACE('',(#1456),#21,.T.);
#1571=ADVANCED_FACE('',(#1457),#22,.T.);
#1572=ADVANCED_FACE('',(#1458),#23,.T.);
#1573=ADVANCED_FACE('',(#1459,#1460),#24,.F.);
#1574=ADVANCED_FACE('',(#1461),#25,.T.);
#1575=ADVANCED_FACE('',(#1462),#26,.T.);
#1576=ADVANCED_FACE('',(#1463),#27,.T.);
#1577=ADVANCED_FACE('',(#1464),#28,.T.);
#1578=ADVANCED_FACE('',(#1465),#1549,.F.);
#1579=ADVANCED_FACE('',(#1466),#1550,.F.);
#1580=ADVANCED_FACE('',(#1467),#1551,.F.);
#1581=ADVANCED_FACE('',(#1468),#1552,.F.);
#1582=ADVANCED_FACE('',(#1469),#1553,.F.);
#1583=ADVANCED_FACE('',(#1470),#1554,.F.);
#1584=ADVANCED_FACE('',(#1471),#1555,.F.);
#1585=ADVANCED_FACE('',(#1472),#1556,.F.);
#1586=ADVANCED_FACE('',(#1473),#29,.T.);
#1587=ADVANCED_FACE('',(#1474),#30,.T.);
#1588=ADVANCED_FACE('',(#1475),#31,.T.);
#1589=ADVANCED_FACE('',(#1476),#32,.T.);
#1590=ADVANCED_FACE('',(#1477,#1478),#33,.T.);
#1591=ADVANCED_FACE('',(#1479),#34,.T.);
#1592=ADVANCED_FACE('',(#1480),#35,.T.);
#1593=ADVANCED_FACE('',(#1481),#36,.T.);
#1594=ADVANCED_FACE('',(#1482),#37,.T.);
#1595=ADVANCED_FACE('',(#1483),#38,.T.);
#1596=ADVANCED_FACE('',(#1484,#1485),#39,.T.);
#1597=ADVANCED_FACE('',(#1486),#40,.T.);
#1598=ADVANCED_FACE('',(#1487),#41,.T.);
#1599=ADVANCED_FACE('',(#1488),#42,.T.);
#1600=ADVANCED_FACE('',(#1489),#43,.T.);
#1601=ADVANCED_FACE('',(#1490),#44,.T.);
#1602=ADVANCED_FACE('',(#1491,#1492),#45,.T.);
#1603=ADVANCED_FACE('',(#1493),#46,.T.);
#1604=ADVANCED_FACE('',(#1494),#47,.T.);
#1605=ADVANCED_FACE('',(#1495),#48,.T.);
#1606=ADVANCED_FACE('',(#1496),#49,.T.);
#1607=ADVANCED_FACE('',(#1497),#50,.T.);
#1608=ADVANCED_FACE('',(#1498,#1499),#51,.T.);
#1609=ADVANCED_FACE('',(#1500),#52,.T.);
#1610=ADVANCED_FACE('',(#1501),#53,.T.);
#1611=ADVANCED_FACE('',(#1502),#54,.F.);
#1612=ADVANCED_FACE('',(#1503),#55,.T.);
#1613=ADVANCED_FACE('',(#1504),#56,.F.);
#1614=ADVANCED_FACE('',(#1505),#57,.T.);
#1615=ADVANCED_FACE('',(#1506),#58,.F.);
#1616=ADVANCED_FACE('',(#1507),#59,.T.);
#1617=ADVANCED_FACE('',(#1508),#60,.F.);
#1618=ADVANCED_FACE('',(#1509),#61,.F.);
#1619=ADVANCED_FACE('',(#1510),#62,.T.);
#1620=ADVANCED_FACE('',(#1511),#63,.F.);
#1621=ADVANCED_FACE('',(#1512),#64,.T.);
#1622=ADVANCED_FACE('',(#1513),#65,.F.);
#1623=ADVANCED_FACE('',(#1514),#66,.T.);
#1624=ADVANCED_FACE('',(#1515),#67,.F.);
#1625=ADVANCED_FACE('',(#1516),#68,.T.);
#1626=ADVANCED_FACE('',(#1517),#1557,.T.);
#1627=ADVANCED_FACE('',(#1518),#69,.F.);
#1628=ADVANCED_FACE('',(#1519),#70,.T.);
#1629=ADVANCED_FACE('',(#1520),#1558,.T.);
#1630=ADVANCED_FACE('',(#1521),#71,.F.);
#1631=ADVANCED_FACE('',(#1522),#72,.T.);
#1632=ADVANCED_FACE('',(#1523),#1559,.T.);
#1633=ADVANCED_FACE('',(#1524),#73,.F.);
#1634=ADVANCED_FACE('',(#1525),#74,.T.);
#1635=ADVANCED_FACE('',(#1526),#1560,.T.);
#1636=ADVANCED_FACE('',(#1527),#75,.F.);
#1637=ADVANCED_FACE('',(#1528),#76,.T.);
#1638=ADVANCED_FACE('',(#1529),#12,.F.);
#1639=ADVANCED_FACE('',(#1530),#13,.F.);
#1640=ADVANCED_FACE('',(#1531),#14,.F.);
#1641=ADVANCED_FACE('',(#1532),#15,.F.);
#1642=ADVANCED_FACE('',(#1533),#16,.F.);
#1643=ADVANCED_FACE('',(#1534),#17,.F.);
#1644=ADVANCED_FACE('',(#1535),#18,.F.);
#1645=ADVANCED_FACE('',(#1536),#19,.F.);
#1646=ADVANCED_FACE('',(#1537,#1538),#1561,.F.);
#1647=ADVANCED_FACE('',(#1539,#1540),#1562,.F.);
#1648=ADVANCED_FACE('',(#1541,#1542),#1563,.F.);
#1649=ADVANCED_FACE('',(#1543,#1544),#1564,.F.);
#1650=CLOSED_SHELL('',(#1565,#1566,#1567,#1568,#1569,#1570,#1571,#1572,
#1573,#1574,#1575,#1576,#1577,#1578,#1579,#1580,#1581,#1582,#1583,#1584,
#1585,#1586,#1587,#1588,#1589,#1590,#1591,#1592,#1593,#1594,#1595,#1596,
#1597,#1598,#1599,#1600,#1601,#1602,#1603,#1604,#1605,#1606,#1607,#1608,
#1609,#1610,#1611,#1612,#1613,#1614,#1615,#1616,#1617,#1618,#1619,#1620,
#1621,#1622,#1623,#1624,#1625,#1626,#1627,#1628,#1629,#1630,#1631,#1632,
#1633,#1634,#1635,#1636,#1637,#1638,#1639,#1640,#1641,#1642,#1643,#1644,
#1645,#1646,#1647,#1648,#1649));
#1651=STYLED_ITEM('',(#1652),#1659);
#1652=PRESENTATION_STYLE_ASSIGNMENT((#1653));
#1653=SURFACE_STYLE_USAGE(.BOTH.,#1654);
#1654=SURFACE_SIDE_STYLE('',(#1655));
#1655=SURFACE_STYLE_FILL_AREA(#1656);
#1656=FILL_AREA_STYLE('',(#1657));
#1657=FILL_AREA_STYLE_COLOUR('',#1658);
#1658=COLOUR_RGB('',0.917647058823529,0.917647058823529,0.917647058823529);
#1659=MANIFOLD_SOLID_BREP('Tail Ring',#1650);
#1660=SHAPE_DEFINITION_REPRESENTATION(#2952,#1661);
#1661=SHAPE_REPRESENTATION('Tail Ring',(#1662),#2947);
#1662=AXIS2_PLACEMENT_3D('',#2228,#1800,#1801);
#1663=AXIS2_PLACEMENT_3D('',#2229,#1802,#1803);
#1664=AXIS2_PLACEMENT_3D('',#2233,#1805,#1806);
#1665=AXIS2_PLACEMENT_3D('',#2237,#1808,#1809);
#1666=AXIS2_PLACEMENT_3D('',#2250,#1810,#1811);
#1667=AXIS2_PLACEMENT_3D('',#2254,#1813,#1814);
#1668=AXIS2_PLACEMENT_3D('',#2258,#1816,#1817);
#1669=AXIS2_PLACEMENT_3D('',#2271,#1818,#1819);
#1670=AXIS2_PLACEMENT_3D('',#2275,#1821,#1822);
#1671=AXIS2_PLACEMENT_3D('',#2279,#1824,#1825);
#1672=AXIS2_PLACEMENT_3D('',#2292,#1826,#1827);
#1673=AXIS2_PLACEMENT_3D('',#2296,#1829,#1830);
#1674=AXIS2_PLACEMENT_3D('',#2300,#1832,#1833);
#1675=AXIS2_PLACEMENT_3D('',#2313,#1834,#1835);
#1676=AXIS2_PLACEMENT_3D('',#2314,#1836,#1837);
#1677=AXIS2_PLACEMENT_3D('',#2319,#1839,#1840);
#1678=AXIS2_PLACEMENT_3D('',#2327,#1844,#1845);
#1679=AXIS2_PLACEMENT_3D('',#2331,#1847,#1848);
#1680=AXIS2_PLACEMENT_3D('',#2338,#1852,#1853);
#1681=AXIS2_PLACEMENT_3D('',#2339,#1854,#1855);
#1682=AXIS2_PLACEMENT_3D('',#2344,#1857,#1858);
#1683=AXIS2_PLACEMENT_3D('',#2352,#1862,#1863);
#1684=AXIS2_PLACEMENT_3D('',#2356,#1865,#1866);
#1685=AXIS2_PLACEMENT_3D('',#2363,#1870,#1871);
#1686=AXIS2_PLACEMENT_3D('',#2364,#1872,#1873);
#1687=AXIS2_PLACEMENT_3D('',#2369,#1875,#1876);
#1688=AXIS2_PLACEMENT_3D('',#2377,#1880,#1881);
#1689=AXIS2_PLACEMENT_3D('',#2381,#1883,#1884);
#1690=AXIS2_PLACEMENT_3D('',#2388,#1888,#1889);
#1691=AXIS2_PLACEMENT_3D('',#2389,#1890,#1891);
#1692=AXIS2_PLACEMENT_3D('',#2394,#1893,#1894);
#1693=AXIS2_PLACEMENT_3D('',#2402,#1898,#1899);
#1694=AXIS2_PLACEMENT_3D('',#2406,#1901,#1902);
#1695=AXIS2_PLACEMENT_3D('',#2413,#1906,#1907);
#1696=AXIS2_PLACEMENT_3D('',#2414,#1908,#1909);
#1697=AXIS2_PLACEMENT_3D('',#2423,#1913,#1914);
#1698=AXIS2_PLACEMENT_3D('',#2431,#1918,#1919);
#1699=AXIS2_PLACEMENT_3D('',#2439,#1923,#1924);
#1700=AXIS2_PLACEMENT_3D('',#2447,#1928,#1929);
#1701=AXIS2_PLACEMENT_3D('',#2455,#1933,#1934);
#1702=AXIS2_PLACEMENT_3D('',#2463,#1938,#1939);
#1703=AXIS2_PLACEMENT_3D('',#2471,#1943,#1944);
#1704=AXIS2_PLACEMENT_3D('',#2480,#1949,#1950);
#1705=AXIS2_PLACEMENT_3D('',#2488,#1954,#1955);
#1706=AXIS2_PLACEMENT_3D('',#2493,#1958,#1959);
#1707=AXIS2_PLACEMENT_3D('',#2501,#1963,#1964);
#1708=AXIS2_PLACEMENT_3D('',#2506,#1967,#1968);
#1709=AXIS2_PLACEMENT_3D('',#2514,#1972,#1973);
#1710=AXIS2_PLACEMENT_3D('',#2519,#1976,#1977);
#1711=AXIS2_PLACEMENT_3D('',#2527,#1981,#1982);
#1712=AXIS2_PLACEMENT_3D('',#2530,#1984,#1985);
#1713=AXIS2_PLACEMENT_3D('',#2531,#1986,#1987);
#1714=AXIS2_PLACEMENT_3D('',#2544,#1993,#1994);
#1715=AXIS2_PLACEMENT_3D('',#2548,#1997,#1998);
#1716=AXIS2_PLACEMENT_3D('',#2549,#1999,#2000);
#1717=AXIS2_PLACEMENT_3D('',#2562,#2006,#2007);
#1718=AXIS2_PLACEMENT_3D('',#2566,#2010,#2011);
#1719=AXIS2_PLACEMENT_3D('',#2567,#2012,#2013);
#1720=AXIS2_PLACEMENT_3D('',#2580,#2019,#2020);
#1721=AXIS2_PLACEMENT_3D('',#2584,#2023,#2024);
#1722=AXIS2_PLACEMENT_3D('',#2585,#2025,#2026);
#1723=AXIS2_PLACEMENT_3D('',#2591,#2029,#2030);
#1724=AXIS2_PLACEMENT_3D('',#2602,#2036,#2037);
#1725=AXIS2_PLACEMENT_3D('',#2605,#2040,#2041);
#1726=AXIS2_PLACEMENT_3D('',#2608,#2044,#2045);
#1727=AXIS2_PLACEMENT_3D('',#2611,#2048,#2049);
#1728=AXIS2_PLACEMENT_3D('',#2614,#2052,#2053);
#1729=AXIS2_PLACEMENT_3D('',#2617,#2056,#2057);
#1730=AXIS2_PLACEMENT_3D('',#2620,#2060,#2061);
#1731=AXIS2_PLACEMENT_3D('',#2623,#2064,#2065);
#1732=AXIS2_PLACEMENT_3D('',#2626,#2068,#2069);
#1733=AXIS2_PLACEMENT_3D('',#2628,#2071,#2072);
#1734=AXIS2_PLACEMENT_3D('',#2630,#2074,#2075);
#1735=AXIS2_PLACEMENT_3D('',#2631,#2076,#2077);
#1736=AXIS2_PLACEMENT_3D('',#2634,#2080,#2081);
#1737=AXIS2_PLACEMENT_3D('',#2635,#2082,#2083);
#1738=AXIS2_PLACEMENT_3D('',#2638,#2085,#2086);
#1739=AXIS2_PLACEMENT_3D('',#2640,#2088,#2089);
#1740=AXIS2_PLACEMENT_3D('',#2642,#2091,#2092);
#1741=AXIS2_PLACEMENT_3D('',#2644,#2094,#2095);
#1742=AXIS2_PLACEMENT_3D('',#2645,#2096,#2097);
#1743=AXIS2_PLACEMENT_3D('',#2648,#2100,#2101);
#1744=AXIS2_PLACEMENT_3D('',#2649,#2102,#2103);
#1745=AXIS2_PLACEMENT_3D('',#2652,#2105,#2106);
#1746=AXIS2_PLACEMENT_3D('',#2654,#2108,#2109);
#1747=AXIS2_PLACEMENT_3D('',#2656,#2111,#2112);
#1748=AXIS2_PLACEMENT_3D('',#2658,#2114,#2115);
#1749=AXIS2_PLACEMENT_3D('',#2659,#2116,#2117);
#1750=AXIS2_PLACEMENT_3D('',#2662,#2120,#2121);
#1751=AXIS2_PLACEMENT_3D('',#2663,#2122,#2123);
#1752=AXIS2_PLACEMENT_3D('',#2666,#2125,#2126);
#1753=AXIS2_PLACEMENT_3D('',#2668,#2128,#2129);
#1754=AXIS2_PLACEMENT_3D('',#2670,#2131,#2132);
#1755=AXIS2_PLACEMENT_3D('',#2672,#2134,#2135);
#1756=AXIS2_PLACEMENT_3D('',#2673,#2136,#2137);
#1757=AXIS2_PLACEMENT_3D('',#2676,#2140,#2141);
#1758=AXIS2_PLACEMENT_3D('',#2677,#2142,#2143);
#1759=AXIS2_PLACEMENT_3D('',#2680,#2145,#2146);
#1760=AXIS2_PLACEMENT_3D('',#2682,#2148,#2149);
#1761=AXIS2_PLACEMENT_3D('',#2687,#2150,#2151);
#1762=AXIS2_PLACEMENT_3D('',#2692,#2152,#2153);
#1763=AXIS2_PLACEMENT_3D('',#2697,#2154,#2155);
#1764=AXIS2_PLACEMENT_3D('',#2702,#2156,#2157);
#1765=AXIS2_PLACEMENT_3D('',#2707,#2158,#2159);
#1766=AXIS2_PLACEMENT_3D('',#2712,#2160,#2161);
#1767=AXIS2_PLACEMENT_3D('',#2717,#2162,#2163);
#1768=AXIS2_PLACEMENT_3D('',#2722,#2164,#2165);
#1769=AXIS2_PLACEMENT_3D('',#2727,#2166,#2167);
#1770=AXIS2_PLACEMENT_3D('',#2732,#2168,#2169);
#1771=AXIS2_PLACEMENT_3D('',#2737,#2170,#2171);
#1772=AXIS2_PLACEMENT_3D('',#2742,#2172,#2173);
#1773=AXIS2_PLACEMENT_3D('',#2747,#2174,#2175);
#1774=AXIS2_PLACEMENT_3D('',#2752,#2176,#2177);
#1775=AXIS2_PLACEMENT_3D('',#2757,#2178,#2179);
#1776=AXIS2_PLACEMENT_3D('',#2762,#2180,#2181);
#1777=AXIS2_PLACEMENT_3D('',#2763,#2182,#2183);
#1778=AXIS2_PLACEMENT_3D('',#2764,#2184,#2185);
#1779=AXIS2_PLACEMENT_3D('',#2765,#2186,#2187);
#1780=AXIS2_PLACEMENT_3D('',#2770,#2188,#2189);
#1781=AXIS2_PLACEMENT_3D('',#2775,#2190,#2191);
#1782=AXIS2_PLACEMENT_3D('',#2776,#2192,#2193);
#1783=AXIS2_PLACEMENT_3D('',#2777,#2194,#2195);
#1784=AXIS2_PLACEMENT_3D('',#2778,#2196,#2197);
#1785=AXIS2_PLACEMENT_3D('',#2783,#2198,#2199);
#1786=AXIS2_PLACEMENT_3D('',#2788,#2200,#2201);
#1787=AXIS2_PLACEMENT_3D('',#2789,#2202,#2203);
#1788=AXIS2_PLACEMENT_3D('',#2790,#2204,#2205);
#1789=AXIS2_PLACEMENT_3D('',#2791,#2206,#2207);
#1790=AXIS2_PLACEMENT_3D('',#2796,#2208,#2209);
#1791=AXIS2_PLACEMENT_3D('',#2801,#2210,#2211);
#1792=AXIS2_PLACEMENT_3D('',#2802,#2212,#2213);
#1793=AXIS2_PLACEMENT_3D('',#2803,#2214,#2215);
#1794=AXIS2_PLACEMENT_3D('',#2804,#2216,#2217);
#1795=AXIS2_PLACEMENT_3D('',#2809,#2218,#2219);
#1796=AXIS2_PLACEMENT_3D('',#2942,#2220,#2221);
#1797=AXIS2_PLACEMENT_3D('',#2943,#2222,#2223);
#1798=AXIS2_PLACEMENT_3D('',#2944,#2224,#2225);
#1799=AXIS2_PLACEMENT_3D('',#2945,#2226,#2227);
#1800=DIRECTION('',(0.,0.,1.));
#1801=DIRECTION('',(1.,0.,0.));
#1802=DIRECTION('',(-1.,0.,0.));
#1803=DIRECTION('',(0.,0.,1.));
#1804=DIRECTION('',(-1.,0.,0.));
#1805=DIRECTION('',(-1.,0.,0.));
#1806=DIRECTION('',(0.,0.,1.));
#1807=DIRECTION('',(-1.,0.,0.));
#1808=DIRECTION('',(-1.,0.,0.));
#1809=DIRECTION('',(0.,0.,1.));
#1810=DIRECTION('',(-6.12323399573678E-17,0.,1.));
#1811=DIRECTION('',(1.,0.,6.12323399573678E-17));
#1812=DIRECTION('',(-6.12323399573678E-17,0.,1.));
#1813=DIRECTION('',(-6.12323399573678E-17,0.,1.));
#1814=DIRECTION('',(1.,0.,6.12323399573678E-17));
#1815=DIRECTION('',(-6.12323399573678E-17,0.,1.));
#1816=DIRECTION('',(-6.12323399573678E-17,0.,1.));
#1817=DIRECTION('',(1.,0.,6.12323399573678E-17));
#1818=DIRECTION('',(1.,0.,1.22464679914735E-16));
#1819=DIRECTION('',(1.22464679914735E-16,0.,-1.));
#1820=DIRECTION('',(1.,0.,1.22464679914735E-16));
#1821=DIRECTION('',(1.,0.,1.22464679914735E-16));
#1822=DIRECTION('',(1.22464679914735E-16,0.,-1.));
#1823=DIRECTION('',(1.,0.,1.22464679914735E-16));
#1824=DIRECTION('',(1.,0.,1.22464679914735E-16));
#1825=DIRECTION('',(1.22464679914735E-16,0.,-1.));
#1826=DIRECTION('',(1.83697019872103E-16,0.,-1.));
#1827=DIRECTION('',(-1.,0.,-1.83697019872103E-16));
#1828=DIRECTION('',(1.83697019872103E-16,0.,-1.));
#1829=DIRECTION('',(1.83697019872103E-16,0.,-1.));
#1830=DIRECTION('',(-1.,0.,-1.83697019872103E-16));
#1831=DIRECTION('',(1.83697019872103E-16,0.,-1.));
#1832=DIRECTION('',(1.83697019872103E-16,0.,-1.));
#1833=DIRECTION('',(-1.,0.,-1.83697019872103E-16));
#1834=DIRECTION('',(0.,-1.,0.));
#1835=DIRECTION('',(1.,0.,0.));
#1836=DIRECTION('',(0.,-1.,0.));
#1837=DIRECTION('',(0.,0.,-1.));
#1838=DIRECTION('',(-1.,0.,-3.97964696715981E-16));
#1839=DIRECTION('',(0.,-1.,0.));
#1840=DIRECTION('',(0.,0.,-1.));
#1841=DIRECTION('',(0.948683298050513,0.,0.316227766016839));
#1842=DIRECTION('',(0.707106781186547,0.,0.707106781186548));
#1843=DIRECTION('',(0.316227766016838,0.,0.948683298050514));
#1844=DIRECTION('',(0.,-1.,0.));
#1845=DIRECTION('',(0.,0.,-1.));
#1846=DIRECTION('',(-2.14267676843877E-16,0.,1.));
#1847=DIRECTION('',(0.,-1.,0.));
#1848=DIRECTION('',(0.,0.,-1.));
#1849=DIRECTION('',(-0.707106781186548,0.,0.707106781186547));
#1850=DIRECTION('',(-0.707106781186547,0.,-0.707106781186548));
#1851=DIRECTION('',(-0.707106781186548,0.,0.707106781186547));
#1852=DIRECTION('',(0.,-1.,0.));
#1853=DIRECTION('',(1.,0.,0.));
#1854=DIRECTION('',(0.,-1.,0.));
#1855=DIRECTION('',(0.,0.,-1.));
#1856=DIRECTION('',(-2.14267676843877E-16,0.,1.));
#1857=DIRECTION('',(0.,-1.,0.));
#1858=DIRECTION('',(0.,0.,-1.));
#1859=DIRECTION('',(0.316227766016839,0.,-0.948683298050513));
#1860=DIRECTION('',(0.707106781186548,0.,-0.707106781186548));
#1861=DIRECTION('',(0.948683298050514,0.,-0.316227766016838));
#1862=DIRECTION('',(0.,-1.,0.));
#1863=DIRECTION('',(0.,0.,-1.));
#1864=DIRECTION('',(1.,0.,2.75500016801245E-16));
#1865=DIRECTION('',(0.,-1.,0.));
#1866=DIRECTION('',(0.,0.,-1.));
#1867=DIRECTION('',(0.707106781186548,0.,0.707106781186548));
#1868=DIRECTION('',(-0.707106781186548,0.,0.707106781186548));
#1869=DIRECTION('',(0.707106781186548,0.,0.707106781186548));
#1870=DIRECTION('',(0.,-1.,0.));
#1871=DIRECTION('',(1.,0.,0.));
#1872=DIRECTION('',(0.,-1.,0.));
#1873=DIRECTION('',(0.,0.,-1.));
#1874=DIRECTION('',(1.,0.,2.75500016801245E-16));
#1875=DIRECTION('',(0.,-1.,0.));
#1876=DIRECTION('',(0.,0.,-1.));
#1877=DIRECTION('',(-0.948683298050513,0.,-0.316227766016839));
#1878=DIRECTION('',(-0.707106781186548,0.,-0.707106781186548));
#1879=DIRECTION('',(-0.316227766016838,0.,-0.948683298050514));
#1880=DIRECTION('',(0.,-1.,0.));
#1881=DIRECTION('',(0.,0.,-1.));
#1882=DIRECTION('',(3.36732356758613E-16,0.,-1.));
#1883=DIRECTION('',(0.,-1.,0.));
#1884=DIRECTION('',(0.,0.,-1.));
#1885=DIRECTION('',(0.707106781186548,0.,-0.707106781186548));
#1886=DIRECTION('',(0.707106781186548,0.,0.707106781186548));
#1887=DIRECTION('',(0.707106781186548,0.,-0.707106781186548));
#1888=DIRECTION('',(0.,-1.,0.));
#1889=DIRECTION('',(1.,0.,0.));
#1890=DIRECTION('',(0.,-1.,0.));
#1891=DIRECTION('',(0.,0.,-1.));
#1892=DIRECTION('',(3.36732356758613E-16,0.,-1.));
#1893=DIRECTION('',(0.,-1.,0.));
#1894=DIRECTION('',(0.,0.,-1.));
#1895=DIRECTION('',(-0.316227766016839,0.,0.948683298050514));
#1896=DIRECTION('',(-0.707106781186548,0.,0.707106781186548));
#1897=DIRECTION('',(-0.948683298050514,0.,0.316227766016838));
#1898=DIRECTION('',(0.,-1.,0.));
#1899=DIRECTION('',(0.,0.,-1.));
#1900=DIRECTION('',(-1.,0.,-3.97964696715981E-16));
#1901=DIRECTION('',(0.,-1.,0.));
#1902=DIRECTION('',(0.,0.,-1.));
#1903=DIRECTION('',(-0.707106781186548,0.,-0.707106781186548));
#1904=DIRECTION('',(0.707106781186548,0.,-0.707106781186548));
#1905=DIRECTION('',(-0.707106781186548,0.,-0.707106781186548));
#1906=DIRECTION('',(0.,-1.,0.));
#1907=DIRECTION('',(1.,0.,0.));
#1908=DIRECTION('',(0.,-1.,0.));
#1909=DIRECTION('',(0.,0.,-1.));
#1910=DIRECTION('',(-0.316227766016838,0.,-0.948683298050514));
#1911=DIRECTION('',(-0.707106781186548,0.,-0.707106781186548));
#1912=DIRECTION('',(-0.948683298050513,0.,-0.316227766016839));
#1913=DIRECTION('',(0.,-1.,0.));
#1914=DIRECTION('',(0.,0.,-1.));
#1915=DIRECTION('',(0.447213595499958,0.,-0.894427190999916));
#1916=DIRECTION('',(6.12323399573677E-17,0.,-1.));
#1917=DIRECTION('',(-0.447213595499957,0.,-0.894427190999916));
#1918=DIRECTION('',(0.,-1.,0.));
#1919=DIRECTION('',(0.,0.,-1.));
#1920=DIRECTION('',(0.948683298050514,0.,-0.316227766016838));
#1921=DIRECTION('',(0.707106781186548,0.,-0.707106781186548));
#1922=DIRECTION('',(0.316227766016839,0.,-0.948683298050513));
#1923=DIRECTION('',(0.,-1.,0.));
#1924=DIRECTION('',(0.,0.,-1.));
#1925=DIRECTION('',(0.894427190999916,0.,0.447213595499958));
#1926=DIRECTION('',(1.,0.,0.));
#1927=DIRECTION('',(0.894427190999916,0.,-0.447213595499957));
#1928=DIRECTION('',(0.,-1.,0.));
#1929=DIRECTION('',(0.,0.,-1.));
#1930=DIRECTION('',(0.316227766016838,0.,0.948683298050514));
#1931=DIRECTION('',(0.707106781186547,0.,0.707106781186548));
#1932=DIRECTION('',(0.948683298050513,0.,0.316227766016839));
#1933=DIRECTION('',(0.,-1.,0.));
#1934=DIRECTION('',(0.,0.,-1.));
#1935=DIRECTION('',(-0.447213595499958,0.,0.894427190999916));
#1936=DIRECTION('',(-1.83697019872103E-16,0.,1.));
#1937=DIRECTION('',(0.447213595499957,0.,0.894427190999916));
#1938=DIRECTION('',(0.,-1.,0.));
#1939=DIRECTION('',(0.,0.,-1.));
#1940=DIRECTION('',(-0.948683298050514,0.,0.316227766016838));
#1941=DIRECTION('',(-0.707106781186548,0.,0.707106781186548));
#1942=DIRECTION('',(-0.316227766016839,0.,0.948683298050514));
#1943=DIRECTION('',(0.,-1.,0.));
#1944=DIRECTION('',(0.,0.,-1.));
#1945=DIRECTION('',(-0.894427190999916,0.,-0.447213595499958));
#1946=DIRECTION('',(-1.,0.,-1.22464679914735E-16));
#1947=DIRECTION('',(-0.894427190999916,0.,0.447213595499957));
#1948=DIRECTION('',(0.,0.,1.));
#1949=DIRECTION('',(0.,-1.,0.));
#1950=DIRECTION('',(0.,0.,-1.));
#1951=DIRECTION('',(0.707106781186548,0.,0.707106781186548));
#1952=DIRECTION('',(-0.707106781186548,0.,0.707106781186548));
#1953=DIRECTION('',(0.707106781186548,0.,0.707106781186548));
#1954=DIRECTION('',(0.,-1.,0.));
#1955=DIRECTION('',(0.,0.,-1.));
#1956=DIRECTION('',(1.,0.,6.12323399573677E-17));
#1957=DIRECTION('',(1.,0.,6.12323399573677E-17));
#1958=DIRECTION('',(0.,-1.,0.));
#1959=DIRECTION('',(0.,0.,-1.));
#1960=DIRECTION('',(0.707106781186548,0.,-0.707106781186548));
#1961=DIRECTION('',(0.707106781186548,0.,0.707106781186548));
#1962=DIRECTION('',(0.707106781186548,0.,-0.707106781186548));
#1963=DIRECTION('',(0.,-1.,0.));
#1964=DIRECTION('',(0.,0.,-1.));
#1965=DIRECTION('',(1.22464679914735E-16,0.,-1.));
#1966=DIRECTION('',(1.22464679914735E-16,0.,-1.));
#1967=DIRECTION('',(0.,-1.,0.));
#1968=DIRECTION('',(0.,0.,-1.));
#1969=DIRECTION('',(-0.707106781186548,0.,-0.707106781186548));
#1970=DIRECTION('',(0.707106781186548,0.,-0.707106781186548));
#1971=DIRECTION('',(-0.707106781186548,0.,-0.707106781186548));
#1972=DIRECTION('',(0.,-1.,0.));
#1973=DIRECTION('',(0.,0.,-1.));
#1974=DIRECTION('',(-1.,0.,-1.83697019872103E-16));
#1975=DIRECTION('',(-1.,0.,-1.83697019872103E-16));
#1976=DIRECTION('',(0.,-1.,0.));
#1977=DIRECTION('',(0.,0.,-1.));
#1978=DIRECTION('',(-0.707106781186548,0.,0.707106781186547));
#1979=DIRECTION('',(-0.707106781186548,0.,-0.707106781186548));
#1980=DIRECTION('',(-0.707106781186548,0.,0.707106781186547));
#1981=DIRECTION('',(0.,-1.,0.));
#1982=DIRECTION('',(0.,0.,-1.));
#1983=DIRECTION('',(0.,0.,1.));
#1984=DIRECTION('',(0.,-1.,0.));
#1985=DIRECTION('',(-1.83697019872103E-16,0.,1.));
#1986=DIRECTION('',(0.,-1.,0.));
#1987=DIRECTION('',(0.,0.,-1.));
#1988=DIRECTION('',(-1.,0.,-3.97964696715981E-16));
#1989=DIRECTION('',(0.447213595499957,0.,0.894427190999916));
#1990=DIRECTION('',(-1.83697019872103E-16,0.,1.));
#1991=DIRECTION('',(-0.447213595499958,0.,0.894427190999916));
#1992=DIRECTION('',(-1.,0.,-3.97964696715981E-16));
#1993=DIRECTION('',(0.,-1.,0.));
#1994=DIRECTION('',(0.,0.,-1.));
#1995=DIRECTION('',(-1.,0.,-1.83697019872103E-16));
#1996=DIRECTION('',(-1.,0.,-1.83697019872103E-16));
#1997=DIRECTION('',(0.,-1.,0.));
#1998=DIRECTION('',(-1.,0.,-1.22464679914735E-16));
#1999=DIRECTION('',(0.,-1.,0.));
#2000=DIRECTION('',(0.,0.,-1.));
#2001=DIRECTION('',(3.36732356758613E-16,0.,-1.));
#2002=DIRECTION('',(-0.894427190999916,0.,0.447213595499957));
#2003=DIRECTION('',(-1.,0.,-1.22464679914735E-16));
#2004=DIRECTION('',(-0.894427190999916,0.,-0.447213595499958));
#2005=DIRECTION('',(3.36732356758613E-16,0.,-1.));
#2006=DIRECTION('',(0.,-1.,0.));
#2007=DIRECTION('',(0.,0.,-1.));
#2008=DIRECTION('',(1.22464679914735E-16,0.,-1.));
#2009=DIRECTION('',(1.22464679914735E-16,0.,-1.));
#2010=DIRECTION('',(0.,-1.,0.));
#2011=DIRECTION('',(6.12323399573677E-17,0.,-1.));
#2012=DIRECTION('',(0.,-1.,0.));
#2013=DIRECTION('',(0.,0.,-1.));
#2014=DIRECTION('',(1.,0.,2.75500016801245E-16));
#2015=DIRECTION('',(-0.447213595499957,0.,-0.894427190999916));
#2016=DIRECTION('',(6.12323399573677E-17,0.,-1.));
#2017=DIRECTION('',(0.447213595499958,0.,-0.894427190999916));
#2018=DIRECTION('',(1.,0.,2.75500016801245E-16));
#2019=DIRECTION('',(0.,-1.,0.));
#2020=DIRECTION('',(0.,0.,-1.));
#2021=DIRECTION('',(1.,0.,6.12323399573677E-17));
#2022=DIRECTION('',(1.,0.,6.12323399573677E-17));
#2023=DIRECTION('',(0.,-1.,0.));
#2024=DIRECTION('',(1.,0.,0.));
#2025=DIRECTION('',(0.,-1.,0.));
#2026=DIRECTION('',(0.,0.,-1.));
#2027=DIRECTION('',(0.,0.,1.));
#2028=DIRECTION('',(0.,0.,1.));
#2029=DIRECTION('',(0.,-1.,0.));
#2030=DIRECTION('',(0.,0.,-1.));
#2031=DIRECTION('',(-2.14267676843877E-16,0.,1.));
#2032=DIRECTION('',(0.894427190999916,0.,-0.447213595499957));
#2033=DIRECTION('',(1.,0.,0.));
#2034=DIRECTION('',(0.894427190999916,0.,0.447213595499958));
#2035=DIRECTION('',(-2.14267676843877E-16,0.,1.));
#2036=DIRECTION('',(0.,-1.,0.));
#2037=DIRECTION('',(0.,0.,-1.));
#2038=DIRECTION('',(0.,-1.,0.));
#2039=DIRECTION('',(0.,-1.,0.));
#2040=DIRECTION('',(0.,-1.,0.));
#2041=DIRECTION('',(0.,0.,-1.));
#2042=DIRECTION('',(0.,-1.,0.));
#2043=DIRECTION('',(0.,-1.,0.));
#2044=DIRECTION('',(0.,-1.,0.));
#2045=DIRECTION('',(0.,0.,-1.));
#2046=DIRECTION('',(0.,-1.,0.));
#2047=DIRECTION('',(0.,-1.,0.));
#2048=DIRECTION('',(0.,-1.,0.));
#2049=DIRECTION('',(0.,0.,-1.));
#2050=DIRECTION('',(0.,-1.,0.));
#2051=DIRECTION('',(0.,-1.,0.));
#2052=DIRECTION('',(0.,-1.,0.));
#2053=DIRECTION('',(0.,0.,-1.));
#2054=DIRECTION('',(0.,-1.,0.));
#2055=DIRECTION('',(0.,-1.,0.));
#2056=DIRECTION('',(0.,-1.,0.));
#2057=DIRECTION('',(0.,0.,-1.));
#2058=DIRECTION('',(0.,-1.,0.));
#2059=DIRECTION('',(0.,-1.,0.));
#2060=DIRECTION('',(0.,-1.,0.));
#2061=DIRECTION('',(0.,0.,-1.));
#2062=DIRECTION('',(0.,-1.,0.));
#2063=DIRECTION('',(0.,-1.,0.));
#2064=DIRECTION('',(0.,-1.,0.));
#2065=DIRECTION('',(0.,0.,-1.));
#2066=DIRECTION('',(0.,-1.,0.));
#2067=DIRECTION('',(0.,-1.,0.));
#2068=DIRECTION('',(0.316227766016839,0.,-0.948683298050513));
#2069=DIRECTION('',(-0.948683298050513,0.,-0.316227766016839));
#2070=DIRECTION('',(0.,-1.,0.));
#2071=DIRECTION('',(0.707106781186548,0.,-0.707106781186547));
#2072=DIRECTION('',(-0.707106781186547,0.,-0.707106781186548));
#2073=DIRECTION('',(0.,-1.,0.));
#2074=DIRECTION('',(0.948683298050514,0.,-0.316227766016838));
#2075=DIRECTION('',(-0.316227766016838,0.,-0.948683298050514));
#2076=DIRECTION('',(0.894427190999916,0.,-0.447213595499957));
#2077=DIRECTION('',(-0.447213595499957,0.,-0.894427190999916));
#2078=DIRECTION('',(0.,-1.,0.));
#2079=DIRECTION('',(0.,1.,0.));
#2080=DIRECTION('',(1.,0.,1.83697019872103E-16));
#2081=DIRECTION('',(1.83697019872103E-16,0.,-1.));
#2082=DIRECTION('',(1.,0.,1.83697019872103E-16));
#2083=DIRECTION('',(1.83697019872103E-16,0.,-1.));
#2084=DIRECTION('',(0.,-1.,0.));
#2085=DIRECTION('',(0.894427190999916,0.,0.447213595499958));
#2086=DIRECTION('',(0.447213595499958,0.,-0.894427190999916));
#2087=DIRECTION('',(0.,1.,0.));
#2088=DIRECTION('',(0.948683298050514,0.,0.316227766016839));
#2089=DIRECTION('',(0.316227766016839,0.,-0.948683298050514));
#2090=DIRECTION('',(0.,-1.,0.));
#2091=DIRECTION('',(0.707106781186548,0.,0.707106781186548));
#2092=DIRECTION('',(0.707106781186548,0.,-0.707106781186548));
#2093=DIRECTION('',(0.,-1.,0.));
#2094=DIRECTION('',(0.316227766016838,0.,0.948683298050514));
#2095=DIRECTION('',(0.948683298050514,0.,-0.316227766016838));
#2096=DIRECTION('',(0.447213595499957,0.,0.894427190999916));
#2097=DIRECTION('',(0.894427190999916,0.,-0.447213595499957));
#2098=DIRECTION('',(0.,-1.,0.));
#2099=DIRECTION('',(0.,1.,0.));
#2100=DIRECTION('',(-1.22464679914735E-16,0.,1.));
#2101=DIRECTION('',(1.,0.,1.22464679914735E-16));
#2102=DIRECTION('',(-1.22464679914735E-16,0.,1.));
#2103=DIRECTION('',(1.,0.,1.22464679914735E-16));
#2104=DIRECTION('',(0.,-1.,0.));
#2105=DIRECTION('',(-0.447213595499958,0.,0.894427190999916));
#2106=DIRECTION('',(0.894427190999916,0.,0.447213595499958));
#2107=DIRECTION('',(0.,1.,0.));
#2108=DIRECTION('',(-0.316227766016839,0.,0.948683298050513));
#2109=DIRECTION('',(0.948683298050513,0.,0.316227766016839));
#2110=DIRECTION('',(0.,-1.,0.));
#2111=DIRECTION('',(-0.707106781186548,0.,0.707106781186548));
#2112=DIRECTION('',(0.707106781186548,0.,0.707106781186548));
#2113=DIRECTION('',(0.,-1.,0.));
#2114=DIRECTION('',(-0.948683298050514,0.,0.316227766016838));
#2115=DIRECTION('',(0.316227766016838,0.,0.948683298050514));
#2116=DIRECTION('',(-0.894427190999916,0.,0.447213595499957));
#2117=DIRECTION('',(0.447213595499957,0.,0.894427190999916));
#2118=DIRECTION('',(0.,-1.,0.));
#2119=DIRECTION('',(0.,1.,0.));
#2120=DIRECTION('',(-1.,0.,-6.12323399573677E-17));
#2121=DIRECTION('',(-6.12323399573677E-17,0.,1.));
#2122=DIRECTION('',(-1.,0.,-6.12323399573677E-17));
#2123=DIRECTION('',(-6.12323399573677E-17,0.,1.));
#2124=DIRECTION('',(0.,-1.,0.));
#2125=DIRECTION('',(-0.894427190999916,0.,-0.447213595499958));
#2126=DIRECTION('',(-0.447213595499958,0.,0.894427190999916));
#2127=DIRECTION('',(0.,1.,0.));
#2128=DIRECTION('',(-0.948683298050513,0.,-0.316227766016839));
#2129=DIRECTION('',(-0.316227766016839,0.,0.948683298050513));
#2130=DIRECTION('',(0.,-1.,0.));
#2131=DIRECTION('',(-0.707106781186548,0.,-0.707106781186548));
#2132=DIRECTION('',(-0.707106781186548,0.,0.707106781186548));
#2133=DIRECTION('',(0.,-1.,0.));
#2134=DIRECTION('',(-0.316227766016838,0.,-0.948683298050514));
#2135=DIRECTION('',(-0.948683298050514,0.,0.316227766016838));
#2136=DIRECTION('',(-0.447213595499957,0.,-0.894427190999916));
#2137=DIRECTION('',(-0.894427190999916,0.,0.447213595499957));
#2138=DIRECTION('',(0.,-1.,0.));
#2139=DIRECTION('',(0.,1.,0.));
#2140=DIRECTION('',(0.,0.,-1.));
#2141=DIRECTION('',(-1.,0.,0.));
#2142=DIRECTION('',(0.,0.,-1.));
#2143=DIRECTION('',(-1.,0.,0.));
#2144=DIRECTION('',(0.,-1.,0.));
#2145=DIRECTION('',(0.447213595499958,0.,-0.894427190999916));
#2146=DIRECTION('',(-0.894427190999916,0.,-0.447213595499958));
#2147=DIRECTION('',(0.,1.,0.));
#2148=DIRECTION('',(3.97964696715981E-16,0.,-1.));
#2149=DIRECTION('',(-1.,0.,-3.97964696715981E-16));
#2150=DIRECTION('',(3.97964696715981E-16,0.,-1.));
#2151=DIRECTION('',(-1.,0.,-3.97964696715981E-16));
#2152=DIRECTION('',(1.,0.,3.36732356758613E-16));
#2153=DIRECTION('',(3.36732356758613E-16,0.,-1.));
#2154=DIRECTION('',(1.,0.,3.36732356758613E-16));
#2155=DIRECTION('',(3.36732356758613E-16,0.,-1.));
#2156=DIRECTION('',(-2.75500016801245E-16,0.,1.));
#2157=DIRECTION('',(1.,0.,2.75500016801245E-16));
#2158=DIRECTION('',(-2.75500016801245E-16,0.,1.));
#2159=DIRECTION('',(1.,0.,2.75500016801245E-16));
#2160=DIRECTION('',(-1.,0.,-2.14267676843877E-16));
#2161=DIRECTION('',(-2.14267676843877E-16,0.,1.));
#2162=DIRECTION('',(-1.,0.,-2.14267676843877E-16));
#2163=DIRECTION('',(-2.14267676843877E-16,0.,1.));
#2164=DIRECTION('',(1.,0.,0.));
#2165=DIRECTION('',(0.,1.,0.));
#2166=DIRECTION('',(1.,0.,0.));
#2167=DIRECTION('',(0.,1.,0.));
#2168=DIRECTION('',(6.12323399573677E-17,0.,-1.));
#2169=DIRECTION('',(0.,1.,0.));
#2170=DIRECTION('',(6.12323399573677E-17,0.,-1.));
#2171=DIRECTION('',(0.,1.,0.));
#2172=DIRECTION('',(-1.,0.,-1.22464679914735E-16));
#2173=DIRECTION('',(0.,1.,0.));
#2174=DIRECTION('',(-1.,0.,-1.22464679914735E-16));
#2175=DIRECTION('',(0.,1.,0.));
#2176=DIRECTION('',(-1.83697019872103E-16,0.,1.));
#2177=DIRECTION('',(0.,1.,0.));
#2178=DIRECTION('',(-1.83697019872103E-16,0.,1.));
#2179=DIRECTION('',(0.,1.,0.));
#2180=DIRECTION('',(-0.707106781186548,0.,0.707106781186548));
#2181=DIRECTION('',(0.707106781186548,0.,0.707106781186548));
#2182=DIRECTION('',(-0.707106781186548,0.,0.707106781186548));
#2183=DIRECTION('',(0.707106781186548,0.,0.707106781186548));
#2184=DIRECTION('',(-0.707106781186548,0.,0.707106781186548));
#2185=DIRECTION('',(0.707106781186548,0.,0.707106781186548));
#2186=DIRECTION('',(0.707106781186548,0.,-0.707106781186548));
#2187=DIRECTION('',(0.,1.,0.));
#2188=DIRECTION('',(0.707106781186548,0.,-0.707106781186548));
#2189=DIRECTION('',(0.,1.,0.));
#2190=DIRECTION('',(0.707106781186548,0.,0.707106781186548));
#2191=DIRECTION('',(0.707106781186548,0.,-0.707106781186548));
#2192=DIRECTION('',(0.707106781186548,0.,0.707106781186548));
#2193=DIRECTION('',(0.707106781186548,0.,-0.707106781186548));
#2194=DIRECTION('',(0.707106781186548,0.,0.707106781186548));
#2195=DIRECTION('',(0.707106781186548,0.,-0.707106781186548));
#2196=DIRECTION('',(-0.707106781186548,0.,-0.707106781186548));
#2197=DIRECTION('',(0.,1.,0.));
#2198=DIRECTION('',(-0.707106781186548,0.,-0.707106781186548));
#2199=DIRECTION('',(0.,1.,0.));
#2200=DIRECTION('',(0.707106781186548,0.,-0.707106781186548));
#2201=DIRECTION('',(-0.707106781186548,0.,-0.707106781186548));
#2202=DIRECTION('',(0.707106781186548,0.,-0.707106781186548));
#2203=DIRECTION('',(-0.707106781186548,0.,-0.707106781186548));
#2204=DIRECTION('',(0.707106781186548,0.,-0.707106781186548));
#2205=DIRECTION('',(-0.707106781186548,0.,-0.707106781186548));
#2206=DIRECTION('',(-0.707106781186548,0.,0.707106781186548));
#2207=DIRECTION('',(0.,1.,0.));
#2208=DIRECTION('',(-0.707106781186548,0.,0.707106781186548));
#2209=DIRECTION('',(0.,1.,0.));
#2210=DIRECTION('',(-0.707106781186548,0.,-0.707106781186548));
#2211=DIRECTION('',(-0.707106781186548,0.,0.707106781186548));
#2212=DIRECTION('',(-0.707106781186548,0.,-0.707106781186548));
#2213=DIRECTION('',(-0.707106781186548,0.,0.707106781186548));
#2214=DIRECTION('',(-0.707106781186548,0.,-0.707106781186548));
#2215=DIRECTION('',(-0.707106781186548,0.,0.707106781186548));
#2216=DIRECTION('',(0.707106781186547,0.,0.707106781186548));
#2217=DIRECTION('',(0.,1.,0.));
#2218=DIRECTION('',(0.707106781186547,0.,0.707106781186548));
#2219=DIRECTION('',(0.,1.,0.));
#2220=DIRECTION('',(1.,0.,1.83697019872103E-16));
#2221=DIRECTION('',(1.83697019872103E-16,0.,-1.));
#2222=DIRECTION('',(-1.22464679914735E-16,0.,1.));
#2223=DIRECTION('',(1.,0.,1.22464679914735E-16));
#2224=DIRECTION('',(-1.,0.,-6.12323399573677E-17));
#2225=DIRECTION('',(-6.12323399573677E-17,0.,1.));
#2226=DIRECTION('',(0.,0.,-1.));
#2227=DIRECTION('',(-1.,0.,0.));
#2228=CARTESIAN_POINT('',(0.,0.,0.));
#2229=CARTESIAN_POINT('',(0.0009,-0.00959943645004973,-0.61021080699471));
#2230=CARTESIAN_POINT('',(0.0015,0.064,0.0475263833990359));
#2231=CARTESIAN_POINT('',(0.0015,0.064,0.0475263833990358));
#2232=CARTESIAN_POINT('',(-0.0015,0.064,0.0475263833990358));
#2233=CARTESIAN_POINT('',(-0.0015,-0.00959943645004973,-0.61021080699471));
#2234=CARTESIAN_POINT('',(-0.0015,0.052,0.0487585383483491));
#2235=CARTESIAN_POINT('',(0.0015,0.052,0.0487585383483491));
#2236=CARTESIAN_POINT('',(0.0015,0.052,0.0487585383483491));
#2237=CARTESIAN_POINT('',(0.0015,-0.00959943645004973,-0.61021080699471));
#2238=CARTESIAN_POINT('',(0.00109881820647528,0.0549042024433271,0.0484807716022193));
#2239=CARTESIAN_POINT('',(0.0015507519357782,0.0560011165505439,0.0483726344259123));
#2240=CARTESIAN_POINT('',(0.00109817302828313,0.0570954752370378,0.0482625051745685));
#2241=CARTESIAN_POINT('',(6.21260085637312E-7,0.0575523079011788,0.0482158702230832));
#2242=CARTESIAN_POINT('',(-0.00109914957876073,0.0570952930227983,0.0482625243717643));
#2243=CARTESIAN_POINT('',(-0.00155026490628507,0.055999664750373,0.0483727781537291));
#2244=CARTESIAN_POINT('',(-0.00109979079609436,0.0549060567963764,0.0484805893766927));
#2245=CARTESIAN_POINT('',(-1.27308171059933E-6,0.0544474357374434,0.0485251372917307));
#2246=CARTESIAN_POINT('',(0.00109881820647528,0.0549042024433271,0.0484807716022193));
#2247=CARTESIAN_POINT('',(0.0015507519357782,0.0560011165505439,0.0483726344259123));
#2248=CARTESIAN_POINT('',(0.00109817302828313,0.0570954752370378,0.0482625051745685));
#2249=CARTESIAN_POINT('',(0.0013999998296452,0.0560006906470901,0.0483723024134061));
#2250=CARTESIAN_POINT('',(-0.61021080699471,-0.00959943645004973,-0.00090000000000004));
#2251=CARTESIAN_POINT('',(0.0475263833990359,0.064,-0.0015));
#2252=CARTESIAN_POINT('',(0.0475263833990358,0.064,-0.0015));
#2253=CARTESIAN_POINT('',(0.0475263833990358,0.064,0.0015));
#2254=CARTESIAN_POINT('',(-0.61021080699471,-0.00959943645004973,0.00149999999999996));
#2255=CARTESIAN_POINT('',(0.0487585383483491,0.052,0.0015));
#2256=CARTESIAN_POINT('',(0.0487585383483491,0.052,-0.0015));
#2257=CARTESIAN_POINT('',(0.0487585383483491,0.052,-0.0015));
#2258=CARTESIAN_POINT('',(-0.61021080699471,-0.00959943645004973,-0.00150000000000004));
#2259=CARTESIAN_POINT('',(0.0484807716022193,0.0549042024433271,-0.00109881820647528));
#2260=CARTESIAN_POINT('',(0.0483726344259123,0.0560011165505439,-0.0015507519357782));
#2261=CARTESIAN_POINT('',(0.0482625051745685,0.0570954752370378,-0.00109817302828313));
#2262=CARTESIAN_POINT('',(0.0482158702230832,0.0575523079011788,-6.21260085635401E-7));
#2263=CARTESIAN_POINT('',(0.0482625243717643,0.0570952930227983,0.00109914957876073));
#2264=CARTESIAN_POINT('',(0.0483727781537291,0.055999664750373,0.00155026490628507));
#2265=CARTESIAN_POINT('',(0.0484805893766927,0.0549060567963764,0.00109979079609436));
#2266=CARTESIAN_POINT('',(0.0485251372917307,0.0544474357374434,1.27308171060329E-6));
#2267=CARTESIAN_POINT('',(0.0484807716022193,0.0549042024433271,-0.00109881820647528));
#2268=CARTESIAN_POINT('',(0.0483726344259123,0.0560011165505439,-0.0015507519357782));
#2269=CARTESIAN_POINT('',(0.0482625051745685,0.0570954752370378,-0.00109817302828313));
#2270=CARTESIAN_POINT('',(0.0483723024134061,0.0560006906470901,-0.0013999998296452));
#2271=CARTESIAN_POINT('',(-0.000900000000000081,-0.00959943645004973,0.61021080699471));
#2272=CARTESIAN_POINT('',(-0.0015,0.064,-0.0475263833990359));
#2273=CARTESIAN_POINT('',(-0.0015,0.064,-0.0475263833990358));
#2274=CARTESIAN_POINT('',(0.0015,0.064,-0.0475263833990358));
#2275=CARTESIAN_POINT('',(0.00149999999999992,-0.00959943645004973,0.61021080699471));
#2276=CARTESIAN_POINT('',(0.0015,0.052,-0.0487585383483491));
#2277=CARTESIAN_POINT('',(-0.0015,0.052,-0.0487585383483491));
#2278=CARTESIAN_POINT('',(-0.0015,0.052,-0.0487585383483491));
#2279=CARTESIAN_POINT('',(-0.00150000000000008,-0.00959943645004973,0.61021080699471));
#2280=CARTESIAN_POINT('',(-0.00109881820647527,0.0549042024433271,-0.0484807716022193));
#2281=CARTESIAN_POINT('',(-0.0015507519357782,0.0560011165505439,-0.0483726344259123));
#2282=CARTESIAN_POINT('',(-0.00109817302828312,0.0570954752370378,-0.0482625051745685));
#2283=CARTESIAN_POINT('',(-6.2126008563122E-7,0.0575523079011788,-0.0482158702230832));
#2284=CARTESIAN_POINT('',(0.00109914957876073,0.0570952930227983,-0.0482625243717643));
#2285=CARTESIAN_POINT('',(0.00155026490628508,0.055999664750373,-0.0483727781537291));
#2286=CARTESIAN_POINT('',(0.00109979079609437,0.0549060567963764,-0.0484805893766927));
#2287=CARTESIAN_POINT('',(1.27308171060477E-6,0.0544474357374434,-0.0485251372917307));
#2288=CARTESIAN_POINT('',(-0.00109881820647527,0.0549042024433271,-0.0484807716022193));
#2289=CARTESIAN_POINT('',(-0.0015507519357782,0.0560011165505439,-0.0483726344259123));
#2290=CARTESIAN_POINT('',(-0.00109817302828312,0.0570954752370378,-0.0482625051745685));
#2291=CARTESIAN_POINT('',(-0.0013999998296452,0.0560006906470901,-0.0483723024134061));
#2292=CARTESIAN_POINT('',(0.61021080699471,-0.00959943645004973,0.000900000000000121));
#2293=CARTESIAN_POINT('',(-0.0475263833990359,0.064,0.0015));
#2294=CARTESIAN_POINT('',(-0.0475263833990358,0.064,0.0015));
#2295=CARTESIAN_POINT('',(-0.0475263833990358,0.064,-0.0015));
#2296=CARTESIAN_POINT('',(0.61021080699471,-0.00959943645004973,-0.00149999999999988));
#2297=CARTESIAN_POINT('',(-0.0487585383483491,0.052,-0.0015));
#2298=CARTESIAN_POINT('',(-0.0487585383483491,0.052,0.0015));
#2299=CARTESIAN_POINT('',(-0.0487585383483491,0.052,0.0015));
#2300=CARTESIAN_POINT('',(0.61021080699471,-0.00959943645004973,0.00150000000000012));
#2301=CARTESIAN_POINT('',(-0.0484807716022193,0.0549042024433271,0.00109881820647527));
#2302=CARTESIAN_POINT('',(-0.0483726344259123,0.0560011165505439,0.00155075193577819));
#2303=CARTESIAN_POINT('',(-0.0482625051745685,0.0570954752370378,0.00109817302828312));
#2304=CARTESIAN_POINT('',(-0.0482158702230832,0.0575523079011788,6.21260085626538E-7));
#2305=CARTESIAN_POINT('',(-0.0482625243717643,0.0570952930227983,-0.00109914957876074));
#2306=CARTESIAN_POINT('',(-0.0483727781537291,0.055999664750373,-0.00155026490628508));
#2307=CARTESIAN_POINT('',(-0.0484805893766927,0.0549060567963764,-0.00109979079609437));
#2308=CARTESIAN_POINT('',(-0.0485251372917307,0.0544474357374434,-1.27308171060935E-6));
#2309=CARTESIAN_POINT('',(-0.0484807716022193,0.0549042024433271,0.00109881820647527));
#2310=CARTESIAN_POINT('',(-0.0483726344259123,0.0560011165505439,0.00155075193577819));
#2311=CARTESIAN_POINT('',(-0.0482625051745685,0.0570954752370378,0.00109817302828312));
#2312=CARTESIAN_POINT('',(-0.0483723024134061,0.0560006906470901,0.00139999982964519));
#2313=CARTESIAN_POINT('',(0.,0.06,0.000447498820477052));
#2314=CARTESIAN_POINT('',(0.,0.06,0.));
#2315=CARTESIAN_POINT('',(-0.0522817899101084,0.06,0.0075));
#2316=CARTESIAN_POINT('',(-0.0383928550992595,0.06,0.0362715347556999));
#2317=CARTESIAN_POINT('',(-0.0484186272255896,0.06,0.0075));
#2318=CARTESIAN_POINT('',(-0.0443705983732471,0.06,0.0075));
#2319=CARTESIAN_POINT('',(8.26862500628591E-18,0.06,-9.71445146547012E-17));
#2320=CARTESIAN_POINT('',(-0.0366780518539268,0.06,0.0260714501361288));
#2321=CARTESIAN_POINT('',(-0.0345567315103673,0.06,0.0267785569173153));
#2322=CARTESIAN_POINT('',(-0.0324354111668076,0.06,0.0274856636985018));
#2323=CARTESIAN_POINT('',(-0.0299605374326548,0.06,0.0299605374326548));
#2324=CARTESIAN_POINT('',(-0.0274856636985019,0.06,0.0324354111668076));
#2325=CARTESIAN_POINT('',(-0.0267785569173153,0.06,0.0345567315103673));
#2326=CARTESIAN_POINT('',(-0.0260714501361288,0.06,0.0366780518539269));
#2327=CARTESIAN_POINT('',(8.26862500628591E-18,0.06,-9.71445146547012E-17));
#2328=CARTESIAN_POINT('',(-0.00749999999999987,0.06,0.044370598373247));
#2329=CARTESIAN_POINT('',(-0.0075,0.06,0.0484186272255896));
#2330=CARTESIAN_POINT('',(-0.0075,0.06,0.0522817899101084));
#2331=CARTESIAN_POINT('',(0.,0.06,0.));
#2332=CARTESIAN_POINT('',(-0.0362715347557033,0.0599999999997742,0.0383928550992629));
#2333=CARTESIAN_POINT('',(0.000836910761541295,0.06,0.00128440958201835));
#2334=CARTESIAN_POINT('',(-0.0328533157755545,0.06,0.0349746361191138));
#2335=CARTESIAN_POINT('',(-0.0328533170683784,0.06,0.034974637411938));
#2336=CARTESIAN_POINT('',(-0.0349746361191141,0.06,0.0328533157755542));
#2337=CARTESIAN_POINT('',(-0.00128440958201835,0.06,-0.000836910761541295));
#2338=CARTESIAN_POINT('',(0.,0.06,0.000447498820477052));
#2339=CARTESIAN_POINT('',(0.,0.06,0.));
#2340=CARTESIAN_POINT('',(0.0075,0.06,0.0522817899101084));
#2341=CARTESIAN_POINT('',(0.0362715347556999,0.06,0.0383928550992595));
#2342=CARTESIAN_POINT('',(0.0075,0.06,0.0484186272255896));
#2343=CARTESIAN_POINT('',(0.0075,0.06,0.0443705983732471));
#2344=CARTESIAN_POINT('',(8.26862500628591E-18,0.06,-9.71445146547012E-17));
#2345=CARTESIAN_POINT('',(0.0260714501361288,0.06,0.0366780518539268));
#2346=CARTESIAN_POINT('',(0.0267785569173153,0.06,0.0345567315103673));
#2347=CARTESIAN_POINT('',(0.0274856636985018,0.06,0.0324354111668076));
#2348=CARTESIAN_POINT('',(0.0299605374326548,0.06,0.0299605374326548));
#2349=CARTESIAN_POINT('',(0.0324354111668076,0.06,0.0274856636985018));
#2350=CARTESIAN_POINT('',(0.0345567315103673,0.06,0.0267785569173153));
#2351=CARTESIAN_POINT('',(0.036678051853927,0.06,0.0260714501361288));
#2352=CARTESIAN_POINT('',(8.26862500628591E-18,0.06,-9.71445146547012E-17));
#2353=CARTESIAN_POINT('',(0.0443705983732472,0.06,0.0075));
#2354=CARTESIAN_POINT('',(0.0484186272255896,0.06,0.0075));
#2355=CARTESIAN_POINT('',(0.0522817899101084,0.06,0.0075));
#2356=CARTESIAN_POINT('',(0.,0.06,0.));
#2357=CARTESIAN_POINT('',(0.0383928550992629,0.0599999999997742,0.0362715347557033));
#2358=CARTESIAN_POINT('',(0.00128440958201835,0.06,-0.000836910761541297));
#2359=CARTESIAN_POINT('',(0.0349746361191142,0.06,0.0328533157755546));
#2360=CARTESIAN_POINT('',(0.034974637411938,0.06,0.0328533170683784));
#2361=CARTESIAN_POINT('',(0.0328533157755546,0.06,0.0349746361191142));
#2362=CARTESIAN_POINT('',(-0.000836910761541293,0.06,0.00128440958201834));
#2363=CARTESIAN_POINT('',(0.,0.06,0.000447498820477052));
#2364=CARTESIAN_POINT('',(0.,0.06,0.));
#2365=CARTESIAN_POINT('',(0.0522817899101084,0.06,-0.0075));
#2366=CARTESIAN_POINT('',(0.0383928550992595,0.06,-0.0362715347556999));
#2367=CARTESIAN_POINT('',(0.0484186272255896,0.06,-0.0075));
#2368=CARTESIAN_POINT('',(0.0443705983732471,0.06,-0.0075));
#2369=CARTESIAN_POINT('',(8.26862500628591E-18,0.06,-9.71445146547012E-17));
#2370=CARTESIAN_POINT('',(0.0366780518539271,0.06,-0.0260714501361286));
#2371=CARTESIAN_POINT('',(0.0345567315103673,0.06,-0.0267785569173153));
#2372=CARTESIAN_POINT('',(0.0324354111668076,0.06,-0.0274856636985018));
#2373=CARTESIAN_POINT('',(0.0299605374326548,0.06,-0.0299605374326548));
#2374=CARTESIAN_POINT('',(0.0274856636985018,0.06,-0.0324354111668076));
#2375=CARTESIAN_POINT('',(0.0267785569173153,0.06,-0.0345567315103673));
#2376=CARTESIAN_POINT('',(0.0260714501361288,0.06,-0.036678051853927));
#2377=CARTESIAN_POINT('',(8.26862500628591E-18,0.06,-9.71445146547012E-17));
#2378=CARTESIAN_POINT('',(0.00750000000000016,0.06,-0.0443705983732472));
#2379=CARTESIAN_POINT('',(0.0075,0.06,-0.0484186272255896));
#2380=CARTESIAN_POINT('',(0.0075,0.06,-0.0522817899101084));
#2381=CARTESIAN_POINT('',(0.,0.06,0.));
#2382=CARTESIAN_POINT('',(0.0362715347557033,0.0599999999997742,-0.0383928550992629));
#2383=CARTESIAN_POINT('',(-0.00128440958201835,0.06,-0.000836910761541296));
#2384=CARTESIAN_POINT('',(0.0328533157755546,0.06,-0.0349746361191142));
#2385=CARTESIAN_POINT('',(0.0328533170683784,0.06,-0.034974637411938));
#2386=CARTESIAN_POINT('',(0.0349746361191142,0.06,-0.0328533157755546));
#2387=CARTESIAN_POINT('',(0.000836910761541294,0.06,0.00128440958201835));
#2388=CARTESIAN_POINT('',(0.,0.06,0.000447498820477052));
#2389=CARTESIAN_POINT('',(0.,0.06,0.));
#2390=CARTESIAN_POINT('',(-0.0075,0.06,-0.0522817899101084));
#2391=CARTESIAN_POINT('',(-0.0362715347556999,0.06,-0.0383928550992595));
#2392=CARTESIAN_POINT('',(-0.0075,0.06,-0.0484186272255896));
#2393=CARTESIAN_POINT('',(-0.0075,0.06,-0.0443705983732471));
#2394=CARTESIAN_POINT('',(8.26862500628591E-18,0.06,-9.71445146547012E-17));
#2395=CARTESIAN_POINT('',(-0.0260714501361287,0.06,-0.0366780518539271));
#2396=CARTESIAN_POINT('',(-0.0267785569173153,0.06,-0.0345567315103673));
#2397=CARTESIAN_POINT('',(-0.0274856636985018,0.06,-0.0324354111668076));
#2398=CARTESIAN_POINT('',(-0.0299605374326548,0.06,-0.0299605374326548));
#2399=CARTESIAN_POINT('',(-0.0324354111668076,0.06,-0.0274856636985019));
#2400=CARTESIAN_POINT('',(-0.0345567315103673,0.06,-0.0267785569173153));
#2401=CARTESIAN_POINT('',(-0.036678051853927,0.06,-0.0260714501361288));
#2402=CARTESIAN_POINT('',(8.26862500628591E-18,0.06,-9.71445146547012E-17));
#2403=CARTESIAN_POINT('',(-0.0443705983732472,0.06,-0.0075));
#2404=CARTESIAN_POINT('',(-0.0484186272255896,0.06,-0.0075));
#2405=CARTESIAN_POINT('',(-0.0522817899101084,0.06,-0.0075));
#2406=CARTESIAN_POINT('',(0.,0.06,0.));
#2407=CARTESIAN_POINT('',(-0.0383928550992629,0.0599999999997742,-0.0362715347557033));
#2408=CARTESIAN_POINT('',(-0.000836910761541297,0.06,0.00128440958201835));
#2409=CARTESIAN_POINT('',(-0.0349746361191142,0.06,-0.0328533157755546));
#2410=CARTESIAN_POINT('',(-0.034974637411938,0.06,-0.0328533170683784));
#2411=CARTESIAN_POINT('',(-0.0328533157755546,0.06,-0.0349746361191142));
#2412=CARTESIAN_POINT('',(0.00128440958201835,0.06,-0.000836910761541293));
#2413=CARTESIAN_POINT('',(0.,0.064,0.000447498820477052));
#2414=CARTESIAN_POINT('',(8.26862500628591E-18,0.064,-9.71445146547012E-17));
#2415=CARTESIAN_POINT('',(0.0075,0.064,-0.0443705983732471));
#2416=CARTESIAN_POINT('',(0.0260714501361288,0.064,-0.036678051853927));
#2417=CARTESIAN_POINT('',(0.0267785569173153,0.064,-0.0345567315103673));
#2418=CARTESIAN_POINT('',(0.0274856636985018,0.064,-0.0324354111668076));
#2419=CARTESIAN_POINT('',(0.0299605374326548,0.064,-0.0299605374326548));
#2420=CARTESIAN_POINT('',(0.0324354111668076,0.064,-0.0274856636985018));
#2421=CARTESIAN_POINT('',(0.0345567315103673,0.064,-0.0267785569173153));
#2422=CARTESIAN_POINT('',(0.036678051853927,0.064,-0.0260714501361287));
#2423=CARTESIAN_POINT('',(8.26862500628591E-18,0.064,-9.71445146547012E-17));
#2424=CARTESIAN_POINT('',(0.0443705983732471,0.064,-0.0075));
#2425=CARTESIAN_POINT('',(0.0433705983732471,0.064,-0.0055));
#2426=CARTESIAN_POINT('',(0.0423705983732471,0.064,-0.0035));
#2427=CARTESIAN_POINT('',(0.0423705983732472,0.064,2.59445088378775E-18));
#2428=CARTESIAN_POINT('',(0.0423705983732472,0.064,0.0035));
#2429=CARTESIAN_POINT('',(0.0433705983732471,0.064,0.0055));
#2430=CARTESIAN_POINT('',(0.0443705983732471,0.064,0.0075));
#2431=CARTESIAN_POINT('',(8.26862500628591E-18,0.064,-9.71445146547012E-17));
#2432=CARTESIAN_POINT('',(0.036678051853927,0.064,0.0260714501361288));
#2433=CARTESIAN_POINT('',(0.0345567315103673,0.064,0.0267785569173153));
#2434=CARTESIAN_POINT('',(0.0324354111668076,0.064,0.0274856636985018));
#2435=CARTESIAN_POINT('',(0.0299605374326548,0.064,0.0299605374326548));
#2436=CARTESIAN_POINT('',(0.0274856636985018,0.064,0.0324354111668076));
#2437=CARTESIAN_POINT('',(0.0267785569173153,0.064,0.0345567315103673));
#2438=CARTESIAN_POINT('',(0.0260714501361287,0.064,0.036678051853927));
#2439=CARTESIAN_POINT('',(8.26862500628591E-18,0.064,-9.71445146547012E-17));
#2440=CARTESIAN_POINT('',(0.0075,0.064,0.0443705983732471));
#2441=CARTESIAN_POINT('',(0.0055,0.064,0.0433705983732471));
#2442=CARTESIAN_POINT('',(0.0035,0.064,0.0423705983732471));
#2443=CARTESIAN_POINT('',(0.,0.064,0.0423705983732472));
#2444=CARTESIAN_POINT('',(-0.0035,0.064,0.0423705983732472));
#2445=CARTESIAN_POINT('',(-0.0055,0.064,0.0433705983732471));
#2446=CARTESIAN_POINT('',(-0.0075,0.064,0.0443705983732471));
#2447=CARTESIAN_POINT('',(8.26862500628591E-18,0.064,-9.71445146547012E-17));
#2448=CARTESIAN_POINT('',(-0.0260714501361288,0.064,0.0366780518539269));
#2449=CARTESIAN_POINT('',(-0.0267785569173153,0.064,0.0345567315103673));
#2450=CARTESIAN_POINT('',(-0.0274856636985019,0.064,0.0324354111668076));
#2451=CARTESIAN_POINT('',(-0.0299605374326548,0.064,0.0299605374326548));
#2452=CARTESIAN_POINT('',(-0.0324354111668076,0.064,0.0274856636985018));
#2453=CARTESIAN_POINT('',(-0.0345567315103673,0.064,0.0267785569173153));
#2454=CARTESIAN_POINT('',(-0.036678051853927,0.064,0.0260714501361287));
#2455=CARTESIAN_POINT('',(8.26862500628591E-18,0.064,-9.71445146547012E-17));
#2456=CARTESIAN_POINT('',(-0.0443705983732471,0.064,0.0075));
#2457=CARTESIAN_POINT('',(-0.0433705983732471,0.064,0.0055));
#2458=CARTESIAN_POINT('',(-0.0423705983732471,0.064,0.0035));
#2459=CARTESIAN_POINT('',(-0.0423705983732472,0.064,-7.78335265136327E-18));
#2460=CARTESIAN_POINT('',(-0.0423705983732472,0.064,-0.0035));
#2461=CARTESIAN_POINT('',(-0.0433705983732471,0.064,-0.0055));
#2462=CARTESIAN_POINT('',(-0.0443705983732471,0.064,-0.0075));
#2463=CARTESIAN_POINT('',(8.26862500628591E-18,0.064,-9.71445146547012E-17));
#2464=CARTESIAN_POINT('',(-0.036678051853927,0.064,-0.0260714501361288));
#2465=CARTESIAN_POINT('',(-0.0345567315103673,0.064,-0.0267785569173153));
#2466=CARTESIAN_POINT('',(-0.0324354111668076,0.064,-0.0274856636985019));
#2467=CARTESIAN_POINT('',(-0.0299605374326548,0.064,-0.0299605374326548));
#2468=CARTESIAN_POINT('',(-0.0274856636985018,0.064,-0.0324354111668076));
#2469=CARTESIAN_POINT('',(-0.0267785569173153,0.064,-0.0345567315103673));
#2470=CARTESIAN_POINT('',(-0.0260714501361287,0.064,-0.036678051853927));
#2471=CARTESIAN_POINT('',(8.26862500628591E-18,0.064,-9.71445146547012E-17));
#2472=CARTESIAN_POINT('',(-0.0075,0.064,-0.0443705983732471));
#2473=CARTESIAN_POINT('',(-0.0055,0.064,-0.0433705983732471));
#2474=CARTESIAN_POINT('',(-0.0035,0.064,-0.0423705983732471));
#2475=CARTESIAN_POINT('',(5.18890176757551E-18,0.064,-0.0423705983732472));
#2476=CARTESIAN_POINT('',(0.0035,0.064,-0.0423705983732472));
#2477=CARTESIAN_POINT('',(0.0055,0.064,-0.0433705983732471));
#2478=CARTESIAN_POINT('',(0.0015,0.064,0.000447498820477052));
#2479=CARTESIAN_POINT('',(0.0015,0.064,0.0523646906557054));
#2480=CARTESIAN_POINT('',(0.,0.064,0.));
#2481=CARTESIAN_POINT('',(0.0359667676856053,0.064,0.0380880880291649));
#2482=CARTESIAN_POINT('',(-0.000836910761541293,0.064,0.00128440958201834));
#2483=CARTESIAN_POINT('',(0.0325449073437277,0.064,0.0346662276872872));
#2484=CARTESIAN_POINT('',(0.0346662276872871,0.064,0.0325449073437275));
#2485=CARTESIAN_POINT('',(0.0346662276872872,0.064,0.0325449073437276));
#2486=CARTESIAN_POINT('',(0.00128440958201835,0.064,-0.000836910761541297));
#2487=CARTESIAN_POINT('',(0.0380880880291697,0.064,0.03596676768561));
#2488=CARTESIAN_POINT('',(0.,0.064,0.));
#2489=CARTESIAN_POINT('',(0.0523646906557054,0.064,0.0015));
#2490=CARTESIAN_POINT('',(-6.44471100300796E-20,0.064,0.0015));
#2491=CARTESIAN_POINT('',(1.19249909842023E-19,0.064,-0.0015));
#2492=CARTESIAN_POINT('',(0.0523646906557054,0.064,-0.0015));
#2493=CARTESIAN_POINT('',(0.,0.064,0.));
#2494=CARTESIAN_POINT('',(0.0380880880291649,0.064,-0.0359667676856053));
#2495=CARTESIAN_POINT('',(0.000836910761541294,0.064,0.00128440958201835));
#2496=CARTESIAN_POINT('',(0.0346662276872872,0.064,-0.0325449073437277));
#2497=CARTESIAN_POINT('',(0.0325449073437275,0.064,-0.0346662276872871));
#2498=CARTESIAN_POINT('',(0.0325449073437276,0.064,-0.0346662276872872));
#2499=CARTESIAN_POINT('',(-0.00128440958201835,0.064,-0.000836910761541296));
#2500=CARTESIAN_POINT('',(0.03596676768561,0.064,-0.0380880880291697));
#2501=CARTESIAN_POINT('',(0.,0.064,0.));
#2502=CARTESIAN_POINT('',(0.0015,0.064,-0.0523646906557054));
#2503=CARTESIAN_POINT('',(0.0015,0.064,0.000447498820477052));
#2504=CARTESIAN_POINT('',(-0.0015,0.064,0.000447498820477052));
#2505=CARTESIAN_POINT('',(-0.0015,0.064,-0.0523646906557054));
#2506=CARTESIAN_POINT('',(0.,0.064,0.));
#2507=CARTESIAN_POINT('',(-0.0359667676856053,0.064,-0.0380880880291649));
#2508=CARTESIAN_POINT('',(0.00128440958201835,0.064,-0.000836910761541293));
#2509=CARTESIAN_POINT('',(-0.0325449073437277,0.064,-0.0346662276872872));
#2510=CARTESIAN_POINT('',(-0.0346662276872871,0.064,-0.0325449073437275));
#2511=CARTESIAN_POINT('',(-0.0346662276872872,0.064,-0.0325449073437276));
#2512=CARTESIAN_POINT('',(-0.000836910761541297,0.064,0.00128440958201835));
#2513=CARTESIAN_POINT('',(-0.0380880880291697,0.064,-0.03596676768561));
#2514=CARTESIAN_POINT('',(0.,0.064,0.));
#2515=CARTESIAN_POINT('',(-0.0523646906557054,0.064,-0.0015));
#2516=CARTESIAN_POINT('',(3.5774972952607E-19,0.064,-0.0015));
#2517=CARTESIAN_POINT('',(-1.93341330090239E-19,0.064,0.0015));
#2518=CARTESIAN_POINT('',(-0.0523646906557054,0.064,0.0015));
#2519=CARTESIAN_POINT('',(0.,0.064,0.));
#2520=CARTESIAN_POINT('',(-0.0380880880291649,0.064,0.0359667676856053));
#2521=CARTESIAN_POINT('',(-0.00128440958201835,0.064,-0.000836910761541295));
#2522=CARTESIAN_POINT('',(-0.0346662276872871,0.064,0.0325449073437273));
#2523=CARTESIAN_POINT('',(-0.0325449073437274,0.064,0.034666227687287));
#2524=CARTESIAN_POINT('',(-0.0325449073437275,0.064,0.0346662276872869));
#2525=CARTESIAN_POINT('',(0.000836910761541295,0.064,0.00128440958201835));
#2526=CARTESIAN_POINT('',(-0.03596676768561,0.064,0.0380880880291697));
#2527=CARTESIAN_POINT('',(0.,0.064,0.));
#2528=CARTESIAN_POINT('',(-0.0015,0.064,0.0523646906557054));
#2529=CARTESIAN_POINT('',(-0.0015,0.064,0.000447498820477052));
#2530=CARTESIAN_POINT('',(-0.000447498820477052,0.052,-8.22041997179156E-20));
#2531=CARTESIAN_POINT('',(0.,0.052,0.));
#2532=CARTESIAN_POINT('',(-0.0530670867431298,0.052,-0.0075));
#2533=CARTESIAN_POINT('',(-0.0535734607377313,0.0519999999985169,-0.0015));
#2534=CARTESIAN_POINT('',(-0.0484186272255896,0.052,-0.0075));
#2535=CARTESIAN_POINT('',(-0.0443705983732471,0.052,-0.0075));
#2536=CARTESIAN_POINT('',(-0.0433705983732471,0.052,-0.0055));
#2537=CARTESIAN_POINT('',(-0.0423705983732472,0.052,-0.0035));
#2538=CARTESIAN_POINT('',(-0.0423705983732472,0.052,-7.78335265136327E-18));
#2539=CARTESIAN_POINT('',(-0.0423705983732471,0.052,0.0035));
#2540=CARTESIAN_POINT('',(-0.0433705983732471,0.052,0.0055));
#2541=CARTESIAN_POINT('',(-0.0443705983732471,0.052,0.0075));
#2542=CARTESIAN_POINT('',(-0.0484186272255896,0.052,0.0075));
#2543=CARTESIAN_POINT('',(-0.0530670867431298,0.052,0.0075));
#2544=CARTESIAN_POINT('',(0.,0.052,0.));
#2545=CARTESIAN_POINT('',(-0.0535734607377502,0.0519999999983069,0.0015));
#2546=CARTESIAN_POINT('',(-0.000447498820477052,0.052,0.0015));
#2547=CARTESIAN_POINT('',(-0.000447498820477051,0.052,-0.0015));
#2548=CARTESIAN_POINT('',(5.48027998119438E-20,0.052,-0.000447498820477052));
#2549=CARTESIAN_POINT('',(0.,0.052,0.));
#2550=CARTESIAN_POINT('',(0.0075,0.052,-0.0530670867431298));
#2551=CARTESIAN_POINT('',(0.0015,0.0519999999985169,-0.0535734607377312));
#2552=CARTESIAN_POINT('',(0.0075,0.052,-0.0484186272255896));
#2553=CARTESIAN_POINT('',(0.0075,0.052,-0.0443705983732471));
#2554=CARTESIAN_POINT('',(0.0055,0.052,-0.0433705983732471));
#2555=CARTESIAN_POINT('',(0.0035,0.052,-0.0423705983732472));
#2556=CARTESIAN_POINT('',(5.18890176757551E-18,0.052,-0.0423705983732472));
#2557=CARTESIAN_POINT('',(-0.0035,0.052,-0.0423705983732471));
#2558=CARTESIAN_POINT('',(-0.0055,0.052,-0.0433705983732471));
#2559=CARTESIAN_POINT('',(-0.0075,0.052,-0.0443705983732471));
#2560=CARTESIAN_POINT('',(-0.0075,0.052,-0.0484186272255896));
#2561=CARTESIAN_POINT('',(-0.0075,0.052,-0.0530670867431298));
#2562=CARTESIAN_POINT('',(0.,0.052,0.));
#2563=CARTESIAN_POINT('',(-0.0015,0.0519999999983069,-0.0535734607377502));
#2564=CARTESIAN_POINT('',(-0.0015,0.052,-0.000447498820477052));
#2565=CARTESIAN_POINT('',(0.0015,0.052,-0.000447498820477052));
#2566=CARTESIAN_POINT('',(0.000447498820477052,0.052,2.74013999059719E-20));
#2567=CARTESIAN_POINT('',(0.,0.052,0.));
#2568=CARTESIAN_POINT('',(0.0530670867431298,0.052,0.0075));
#2569=CARTESIAN_POINT('',(0.0535734607377313,0.0519999999985169,0.0015));
#2570=CARTESIAN_POINT('',(0.0484186272255896,0.052,0.0075));
#2571=CARTESIAN_POINT('',(0.0443705983732471,0.052,0.0075));
#2572=CARTESIAN_POINT('',(0.0433705983732471,0.052,0.0055));
#2573=CARTESIAN_POINT('',(0.0423705983732472,0.052,0.0035));
#2574=CARTESIAN_POINT('',(0.0423705983732472,0.052,2.59445088378775E-18));
#2575=CARTESIAN_POINT('',(0.0423705983732471,0.052,-0.0035));
#2576=CARTESIAN_POINT('',(0.0433705983732471,0.052,-0.0055));
#2577=CARTESIAN_POINT('',(0.0443705983732471,0.052,-0.0075));
#2578=CARTESIAN_POINT('',(0.0484186272255896,0.052,-0.0075));
#2579=CARTESIAN_POINT('',(0.0530670867431298,0.052,-0.0075));
#2580=CARTESIAN_POINT('',(0.,0.052,0.));
#2581=CARTESIAN_POINT('',(0.0535734607377502,0.0519999999983069,-0.0015));
#2582=CARTESIAN_POINT('',(0.000447498820477052,0.052,-0.0015));
#2583=CARTESIAN_POINT('',(0.000447498820477052,0.052,0.0015));
#2584=CARTESIAN_POINT('',(0.,0.052,0.000447498820477052));
#2585=CARTESIAN_POINT('',(0.,0.052,0.));
#2586=CARTESIAN_POINT('',(0.0015,0.0519999999983069,0.0535734607377502));
#2587=CARTESIAN_POINT('',(0.0075,0.052,0.0530670867431298));
#2588=CARTESIAN_POINT('',(0.0015,0.052,0.000447498820477052));
#2589=CARTESIAN_POINT('',(-0.0015,0.052,0.000447498820477052));
#2590=CARTESIAN_POINT('',(-0.0015,0.0519999999985169,0.0535734607377313));
#2591=CARTESIAN_POINT('',(0.,0.052,0.));
#2592=CARTESIAN_POINT('',(-0.0075,0.052,0.0530670867431298));
#2593=CARTESIAN_POINT('',(-0.0075,0.052,0.0484186272255896));
#2594=CARTESIAN_POINT('',(-0.0075,0.052,0.0443705983732471));
#2595=CARTESIAN_POINT('',(-0.0055,0.052,0.0433705983732471));
#2596=CARTESIAN_POINT('',(-0.0035,0.052,0.0423705983732472));
#2597=CARTESIAN_POINT('',(0.,0.052,0.0423705983732472));
#2598=CARTESIAN_POINT('',(0.0035,0.052,0.0423705983732471));
#2599=CARTESIAN_POINT('',(0.0055,0.052,0.0433705983732471));
#2600=CARTESIAN_POINT('',(0.0075,0.052,0.0443705983732471));
#2601=CARTESIAN_POINT('',(0.0075,0.052,0.0484186272255896));
#2602=CARTESIAN_POINT('',(8.26862500628591E-18,0.064,-9.71445146547012E-17));
#2603=CARTESIAN_POINT('',(0.0075,0.064,0.0443705983732471));
#2604=CARTESIAN_POINT('',(0.0260714501361287,0.064,0.036678051853927));
#2605=CARTESIAN_POINT('',(8.26862500628591E-18,0.064,-9.71445146547012E-17));
#2606=CARTESIAN_POINT('',(0.036678051853927,0.064,0.0260714501361288));
#2607=CARTESIAN_POINT('',(0.0443705983732471,0.064,0.0075));
#2608=CARTESIAN_POINT('',(8.26862500628591E-18,0.064,-9.71445146547012E-17));
#2609=CARTESIAN_POINT('',(0.0443705983732471,0.064,-0.0075));
#2610=CARTESIAN_POINT('',(0.036678051853927,0.064,-0.0260714501361287));
#2611=CARTESIAN_POINT('',(8.26862500628591E-18,0.064,-9.71445146547012E-17));
#2612=CARTESIAN_POINT('',(0.0260714501361288,0.064,-0.036678051853927));
#2613=CARTESIAN_POINT('',(0.0075,0.064,-0.0443705983732471));
#2614=CARTESIAN_POINT('',(8.26862500628591E-18,0.064,-9.71445146547012E-17));
#2615=CARTESIAN_POINT('',(-0.0075,0.064,-0.0443705983732471));
#2616=CARTESIAN_POINT('',(-0.0260714501361287,0.064,-0.036678051853927));
#2617=CARTESIAN_POINT('',(8.26862500628591E-18,0.064,-9.71445146547012E-17));
#2618=CARTESIAN_POINT('',(-0.036678051853927,0.064,-0.0260714501361288));
#2619=CARTESIAN_POINT('',(-0.0443705983732471,0.064,-0.0075));
#2620=CARTESIAN_POINT('',(8.26862500628591E-18,0.064,-9.71445146547012E-17));
#2621=CARTESIAN_POINT('',(-0.0443705983732471,0.064,0.0075));
#2622=CARTESIAN_POINT('',(-0.036678051853927,0.064,0.0260714501361287));
#2623=CARTESIAN_POINT('',(8.26862500628591E-18,0.064,-9.71445146547012E-17));
#2624=CARTESIAN_POINT('',(-0.0075,0.064,0.0443705983732471));
#2625=CARTESIAN_POINT('',(-0.0260714501361288,0.064,0.0366780518539269));
#2626=CARTESIAN_POINT('',(-0.0345567315103673,0.064,0.0267785569173153));
#2627=CARTESIAN_POINT('',(-0.0324354111668076,0.064,0.0274856636985018));
#2628=CARTESIAN_POINT('',(-0.0299605374326548,0.064,0.0299605374326548));
#2629=CARTESIAN_POINT('',(-0.0274856636985019,0.064,0.0324354111668076));
#2630=CARTESIAN_POINT('',(-0.0267785569173153,0.064,0.0345567315103673));
#2631=CARTESIAN_POINT('',(-0.0433705983732471,0.064,-0.0055));
#2632=CARTESIAN_POINT('',(-0.0423705983732472,0.064,-0.0035));
#2633=CARTESIAN_POINT('',(-0.0443705983732471,0.052,-0.0075));
#2634=CARTESIAN_POINT('',(-0.0423705983732472,0.064,-7.78335265136327E-18));
#2635=CARTESIAN_POINT('',(-0.0423705983732472,0.056,-7.78335265136327E-18));
#2636=CARTESIAN_POINT('',(-0.0423705983732472,0.056,-0.00140000000000001));
#2637=CARTESIAN_POINT('',(-0.0423705983732471,0.064,0.0035));
#2638=CARTESIAN_POINT('',(-0.0433705983732471,0.064,0.0055));
#2639=CARTESIAN_POINT('',(-0.0443705983732471,0.052,0.0075));
#2640=CARTESIAN_POINT('',(-0.0267785569173153,0.064,-0.0345567315103673));
#2641=CARTESIAN_POINT('',(-0.0274856636985018,0.064,-0.0324354111668076));
#2642=CARTESIAN_POINT('',(-0.0299605374326548,0.064,-0.0299605374326548));
#2643=CARTESIAN_POINT('',(-0.0324354111668076,0.064,-0.0274856636985019));
#2644=CARTESIAN_POINT('',(-0.0345567315103673,0.064,-0.0267785569173153));
#2645=CARTESIAN_POINT('',(0.0055,0.064,-0.0433705983732471));
#2646=CARTESIAN_POINT('',(0.0035,0.064,-0.0423705983732472));
#2647=CARTESIAN_POINT('',(0.0075,0.052,-0.0443705983732471));
#2648=CARTESIAN_POINT('',(5.18890176757551E-18,0.064,-0.0423705983732472));
#2649=CARTESIAN_POINT('',(5.18890176757552E-18,0.056,-0.0423705983732472));
#2650=CARTESIAN_POINT('',(0.00140000000000001,0.056,-0.0423705983732472));
#2651=CARTESIAN_POINT('',(-0.0035,0.064,-0.0423705983732471));
#2652=CARTESIAN_POINT('',(-0.0055,0.064,-0.0433705983732471));
#2653=CARTESIAN_POINT('',(-0.0075,0.052,-0.0443705983732471));
#2654=CARTESIAN_POINT('',(0.0345567315103673,0.064,-0.0267785569173153));
#2655=CARTESIAN_POINT('',(0.0324354111668076,0.064,-0.0274856636985018));
#2656=CARTESIAN_POINT('',(0.0299605374326548,0.064,-0.0299605374326548));
#2657=CARTESIAN_POINT('',(0.0274856636985018,0.064,-0.0324354111668076));
#2658=CARTESIAN_POINT('',(0.0267785569173153,0.064,-0.0345567315103673));
#2659=CARTESIAN_POINT('',(0.0433705983732471,0.064,0.0055));
#2660=CARTESIAN_POINT('',(0.0423705983732472,0.064,0.0035));
#2661=CARTESIAN_POINT('',(0.0443705983732471,0.052,0.0075));
#2662=CARTESIAN_POINT('',(0.0423705983732472,0.064,2.59445088378775E-18));
#2663=CARTESIAN_POINT('',(0.0423705983732472,0.056,2.59445088378776E-18));
#2664=CARTESIAN_POINT('',(0.0423705983732472,0.056,0.0014));
#2665=CARTESIAN_POINT('',(0.0423705983732471,0.064,-0.0035));
#2666=CARTESIAN_POINT('',(0.0433705983732471,0.064,-0.0055));
#2667=CARTESIAN_POINT('',(0.0443705983732471,0.052,-0.0075));
#2668=CARTESIAN_POINT('',(0.0267785569173153,0.064,0.0345567315103673));
#2669=CARTESIAN_POINT('',(0.0274856636985018,0.064,0.0324354111668076));
#2670=CARTESIAN_POINT('',(0.0299605374326548,0.064,0.0299605374326548));
#2671=CARTESIAN_POINT('',(0.0324354111668076,0.064,0.0274856636985018));
#2672=CARTESIAN_POINT('',(0.0345567315103673,0.064,0.0267785569173153));
#2673=CARTESIAN_POINT('',(-0.0055,0.064,0.0433705983732471));
#2674=CARTESIAN_POINT('',(-0.0035,0.064,0.0423705983732472));
#2675=CARTESIAN_POINT('',(-0.0075,0.052,0.0443705983732471));
#2676=CARTESIAN_POINT('',(0.,0.064,0.0423705983732472));
#2677=CARTESIAN_POINT('',(0.,0.056,0.0423705983732472));
#2678=CARTESIAN_POINT('',(-0.0014,0.056,0.0423705983732472));
#2679=CARTESIAN_POINT('',(0.0035,0.064,0.0423705983732471));
#2680=CARTESIAN_POINT('',(0.0055,0.064,0.0433705983732471));
#2681=CARTESIAN_POINT('',(0.0075,0.052,0.0443705983732471));
#2682=CARTESIAN_POINT('',(-0.0484186272255896,0.052,-0.0075));
#2683=CARTESIAN_POINT('',(-0.0522817899101084,0.06,-0.0075));
#2684=CARTESIAN_POINT('',(-0.0525621110606403,0.0573351547841363,-0.0075));
#2685=CARTESIAN_POINT('',(-0.0528235632203605,0.0546684573484318,-0.0075));
#2686=CARTESIAN_POINT('',(-0.0530670867431298,0.052,-0.0075));
#2687=CARTESIAN_POINT('',(-0.0484186272255896,0.052,0.0075));
#2688=CARTESIAN_POINT('',(-0.0522817899101084,0.06,0.0075));
#2689=CARTESIAN_POINT('',(-0.0525621110606403,0.0573351547841363,0.0075));
#2690=CARTESIAN_POINT('',(-0.0528235632203605,0.0546684573484318,0.0075));
#2691=CARTESIAN_POINT('',(-0.0530670867431298,0.052,0.0075));
#2692=CARTESIAN_POINT('',(0.0075,0.052,-0.0484186272255896));
#2693=CARTESIAN_POINT('',(0.0075,0.06,-0.0522817899101084));
#2694=CARTESIAN_POINT('',(0.0075,0.0573351547841363,-0.0525621110606403));
#2695=CARTESIAN_POINT('',(0.0075,0.0546684573484318,-0.0528235632203605));
#2696=CARTESIAN_POINT('',(0.0075,0.052,-0.0530670867431298));
#2697=CARTESIAN_POINT('',(-0.0075,0.052,-0.0484186272255896));
#2698=CARTESIAN_POINT('',(-0.0075,0.06,-0.0522817899101084));
#2699=CARTESIAN_POINT('',(-0.0075,0.0573351547841363,-0.0525621110606403));
#2700=CARTESIAN_POINT('',(-0.0075,0.0546684573484318,-0.0528235632203605));
#2701=CARTESIAN_POINT('',(-0.0075,0.052,-0.0530670867431298));
#2702=CARTESIAN_POINT('',(0.0484186272255896,0.052,0.0075));
#2703=CARTESIAN_POINT('',(0.0522817899101084,0.06,0.0075));
#2704=CARTESIAN_POINT('',(0.0525621110606403,0.0573351547841363,0.0075));
#2705=CARTESIAN_POINT('',(0.0528235632203605,0.0546684573484318,0.0075));
#2706=CARTESIAN_POINT('',(0.0530670867431298,0.052,0.0075));
#2707=CARTESIAN_POINT('',(0.0484186272255896,0.052,-0.0075));
#2708=CARTESIAN_POINT('',(0.0522817899101084,0.06,-0.0075));
#2709=CARTESIAN_POINT('',(0.0525621110606403,0.0573351547841363,-0.0075));
#2710=CARTESIAN_POINT('',(0.0528235632203605,0.0546684573484318,-0.0075));
#2711=CARTESIAN_POINT('',(0.0530670867431298,0.052,-0.0075));
#2712=CARTESIAN_POINT('',(-0.0075,0.052,0.0484186272255896));
#2713=CARTESIAN_POINT('',(-0.0075,0.06,0.0522817899101084));
#2714=CARTESIAN_POINT('',(-0.0075,0.0573351547841363,0.0525621110606403));
#2715=CARTESIAN_POINT('',(-0.0075,0.0546684573484318,0.0528235632203605));
#2716=CARTESIAN_POINT('',(-0.0075,0.052,0.0530670867431298));
#2717=CARTESIAN_POINT('',(0.0075,0.052,0.0484186272255896));
#2718=CARTESIAN_POINT('',(0.0075,0.06,0.0522817899101084));
#2719=CARTESIAN_POINT('',(0.0075,0.0573351547841363,0.0525621110606403));
#2720=CARTESIAN_POINT('',(0.0075,0.0546684573484318,0.0528235632203605));
#2721=CARTESIAN_POINT('',(0.0075,0.052,0.0530670867431298));
#2722=CARTESIAN_POINT('',(0.0015,0.0925,0.028575));
#2723=CARTESIAN_POINT('',(0.0015,0.0519999999983069,0.0535734607377502));
#2724=CARTESIAN_POINT('',(0.0015,0.056004125991212,0.053211497944402));
#2725=CARTESIAN_POINT('',(0.0015,0.0600042416301058,0.0528097225772173));
#2726=CARTESIAN_POINT('',(0.0015,0.0639999999999406,0.052364690655712));
#2727=CARTESIAN_POINT('',(-0.0015,0.0925,0.028575));
#2728=CARTESIAN_POINT('',(-0.0015,0.0519999999985169,0.0535734607377313));
#2729=CARTESIAN_POINT('',(-0.0015,0.0560041259913717,0.0532114979443863));
#2730=CARTESIAN_POINT('',(-0.0015,0.0600042416302153,0.0528097225772056));
#2731=CARTESIAN_POINT('',(-0.0015,0.064,0.0523646906557054));
#2732=CARTESIAN_POINT('',(0.028575,0.0925,-0.0015));
#2733=CARTESIAN_POINT('',(0.0535734607377502,0.0519999999983069,-0.0015));
#2734=CARTESIAN_POINT('',(0.053211497944402,0.056004125991212,-0.0015));
#2735=CARTESIAN_POINT('',(0.0528097225772173,0.0600042416301058,-0.0015));
#2736=CARTESIAN_POINT('',(0.052364690655712,0.0639999999999406,-0.0015));
#2737=CARTESIAN_POINT('',(0.028575,0.0925,0.0015));
#2738=CARTESIAN_POINT('',(0.0535734607377313,0.0519999999985169,0.0015));
#2739=CARTESIAN_POINT('',(0.0532114979443863,0.0560041259913717,0.0015));
#2740=CARTESIAN_POINT('',(0.0528097225772056,0.0600042416302153,0.00150000000000004));
#2741=CARTESIAN_POINT('',(0.0523646906557054,0.064,0.00150000000000004));
#2742=CARTESIAN_POINT('',(-0.0015,0.0925,-0.028575));
#2743=CARTESIAN_POINT('',(-0.0015,0.0519999999983069,-0.0535734607377502));
#2744=CARTESIAN_POINT('',(-0.0015,0.056004125991212,-0.053211497944402));
#2745=CARTESIAN_POINT('',(-0.0015,0.0600042416301058,-0.0528097225772173));
#2746=CARTESIAN_POINT('',(-0.0015,0.0639999999999406,-0.052364690655712));
#2747=CARTESIAN_POINT('',(0.0015,0.0925,-0.028575));
#2748=CARTESIAN_POINT('',(0.0015,0.0519999999985169,-0.0535734607377312));
#2749=CARTESIAN_POINT('',(0.0015,0.0560041259913717,-0.0532114979443862));
#2750=CARTESIAN_POINT('',(0.0015,0.0600042416302153,-0.0528097225772056));
#2751=CARTESIAN_POINT('',(0.0015,0.064,-0.0523646906557054));
#2752=CARTESIAN_POINT('',(-0.028575,0.0925,0.0015));
#2753=CARTESIAN_POINT('',(-0.0535734607377502,0.0519999999983069,0.0015));
#2754=CARTESIAN_POINT('',(-0.053211497944402,0.056004125991212,0.0015));
#2755=CARTESIAN_POINT('',(-0.0528097225772173,0.0600042416301058,0.0015));
#2756=CARTESIAN_POINT('',(-0.052364690655712,0.0639999999999406,0.0015));
#2757=CARTESIAN_POINT('',(-0.028575,0.0925,-0.0015));
#2758=CARTESIAN_POINT('',(-0.0535734607377313,0.0519999999985169,-0.0015));
#2759=CARTESIAN_POINT('',(-0.0532114979443863,0.0560041259913717,-0.0015));
#2760=CARTESIAN_POINT('',(-0.0528097225772056,0.0600042416302153,-0.0015));
#2761=CARTESIAN_POINT('',(-0.0523646906557054,0.064,-0.0015));
#2762=CARTESIAN_POINT('',(-0.41043257459877,-0.00659417980038085,-0.411705366804906));
#2763=CARTESIAN_POINT('',(-0.410008310530058,-0.00659417980038085,-0.412129630873618));
#2764=CARTESIAN_POINT('',(-0.412129630873617,-0.00659417980038085,-0.410008310530058));
#2765=CARTESIAN_POINT('',(0.0212662364441854,0.0925,0.0191449161006258));
#2766=CARTESIAN_POINT('',(0.0383928550992629,0.0599999999997742,0.0362715347557033));
#2767=CARTESIAN_POINT('',(0.0382946067363808,0.0613338423948166,0.0361732863928212));
#2768=CARTESIAN_POINT('',(0.0381930538834577,0.0626671812399851,0.0360717335398981));
#2769=CARTESIAN_POINT('',(0.0380880880291697,0.0639999999999405,0.03596676768561));
#2770=CARTESIAN_POINT('',(0.0191449161006258,0.0925,0.0212662364441854));
#2771=CARTESIAN_POINT('',(0.0362715347556999,0.0599999999998206,0.0383928550992595));
#2772=CARTESIAN_POINT('',(0.0361732863928217,0.0613338423948083,0.0382946067363814));
#2773=CARTESIAN_POINT('',(0.0360717335398891,0.0626671812400993,0.0381930538834488));
#2774=CARTESIAN_POINT('',(0.0359667676856053,0.064,0.038088088029165));
#2775=CARTESIAN_POINT('',(-0.411705366804906,-0.00659417980038085,0.41043257459877));
#2776=CARTESIAN_POINT('',(-0.412129630873618,-0.00659417980038085,0.410008310530058));
#2777=CARTESIAN_POINT('',(-0.410008310530058,-0.00659417980038085,0.412129630873617));
#2778=CARTESIAN_POINT('',(0.0191449161006258,0.0925,-0.0212662364441854));
#2779=CARTESIAN_POINT('',(0.0362715347557033,0.0599999999997742,-0.0383928550992629));
#2780=CARTESIAN_POINT('',(0.0361732863928212,0.0613338423948166,-0.0382946067363808));
#2781=CARTESIAN_POINT('',(0.0360717335398981,0.0626671812399851,-0.0381930538834577));
#2782=CARTESIAN_POINT('',(0.03596676768561,0.0639999999999405,-0.0380880880291697));
#2783=CARTESIAN_POINT('',(0.0212662364441854,0.0925,-0.0191449161006258));
#2784=CARTESIAN_POINT('',(0.0383928550992595,0.0599999999998206,-0.0362715347556999));
#2785=CARTESIAN_POINT('',(0.0382946067363814,0.0613338423948083,-0.0361732863928217));
#2786=CARTESIAN_POINT('',(0.0381930538834488,0.0626671812400993,-0.0360717335398892));
#2787=CARTESIAN_POINT('',(0.0380880880291649,0.064,-0.0359667676856053));
#2788=CARTESIAN_POINT('',(0.41043257459877,-0.00659417980038085,0.411705366804906));
#2789=CARTESIAN_POINT('',(0.410008310530058,-0.00659417980038085,0.412129630873618));
#2790=CARTESIAN_POINT('',(0.412129630873617,-0.00659417980038085,0.410008310530058));
#2791=CARTESIAN_POINT('',(-0.0212662364441854,0.0925,-0.0191449161006258));
#2792=CARTESIAN_POINT('',(-0.0383928550992629,0.0599999999997742,-0.0362715347557033));
#2793=CARTESIAN_POINT('',(-0.0382946067363808,0.0613338423948166,-0.0361732863928212));
#2794=CARTESIAN_POINT('',(-0.0381930538834577,0.0626671812399851,-0.0360717335398981));
#2795=CARTESIAN_POINT('',(-0.0380880880291697,0.0639999999999405,-0.03596676768561));
#2796=CARTESIAN_POINT('',(-0.0191449161006258,0.0925,-0.0212662364441854));
#2797=CARTESIAN_POINT('',(-0.0362715347556999,0.0599999999998206,-0.0383928550992595));
#2798=CARTESIAN_POINT('',(-0.0361732863928217,0.0613338423948083,-0.0382946067363814));
#2799=CARTESIAN_POINT('',(-0.0360717335398891,0.0626671812400993,-0.0381930538834488));
#2800=CARTESIAN_POINT('',(-0.0359667676856053,0.064,-0.0380880880291649));
#2801=CARTESIAN_POINT('',(0.411705366804892,-0.00659417980037848,-0.410432574598755));
#2802=CARTESIAN_POINT('',(0.412129630873603,-0.00659417980037848,-0.410008310530044));
#2803=CARTESIAN_POINT('',(0.410008310530044,-0.00659417980037848,-0.412129630873603));
#2804=CARTESIAN_POINT('',(-0.0191449161006258,0.0925,0.0212662364441854));
#2805=CARTESIAN_POINT('',(-0.0362715347557033,0.0599999999997742,0.0383928550992629));
#2806=CARTESIAN_POINT('',(-0.0361732863928212,0.0613338423948166,0.0382946067363808));
#2807=CARTESIAN_POINT('',(-0.036071733539898,0.062667181239985,0.0381930538834577));
#2808=CARTESIAN_POINT('',(-0.03596676768561,0.0639999999999404,0.0380880880291697));
#2809=CARTESIAN_POINT('',(-0.0212662364441854,0.0925,0.0191449161006257));
#2810=CARTESIAN_POINT('',(-0.0383928550992595,0.0599999999998206,0.0362715347556999));
#2811=CARTESIAN_POINT('',(-0.0382946067363814,0.0613338423948083,0.0361732863928217));
#2812=CARTESIAN_POINT('',(-0.0381930538834488,0.0626671812400993,0.0360717335398891));
#2813=CARTESIAN_POINT('',(-0.0380880880291649,0.064,0.0359667676856053));
#2814=CARTESIAN_POINT('',(-0.037921961071896,0.064,0.0361418828498091));
#2815=CARTESIAN_POINT('',(-0.0470175538590205,0.064,0.0265983093444522));
#2816=CARTESIAN_POINT('',(-0.0520602223847756,0.064,0.0144171313414551));
#2817=CARTESIAN_POINT('',(-0.0523715605938496,0.064,0.00123712102579478));
#2818=CARTESIAN_POINT('',(-0.0382560714887247,0.0598542602147202,0.0364603099353976));
#2819=CARTESIAN_POINT('',(-0.0474318007511661,0.0598542602147202,0.0268326530326693));
#2820=CARTESIAN_POINT('',(-0.0525188975721741,0.0598542602147202,0.014544153088902));
#2821=CARTESIAN_POINT('',(-0.0528329788181551,0.0598542602147202,0.00124802064727829));
#2822=CARTESIAN_POINT('',(-0.0385457468905858,0.0558354067887508,0.0367363878106605));
#2823=CARTESIAN_POINT('',(-0.0477909548777899,0.0558354067887508,0.0270358301820148));
#2824=CARTESIAN_POINT('',(-0.0529165712529128,0.0558354067887508,0.0146542815790163));
#2825=CARTESIAN_POINT('',(-0.0532330307256067,0.0558354067887508,0.00125747067359993));
#2826=CARTESIAN_POINT('',(-0.0387966301043002,0.0519999999983068,0.0369754944249482));
#2827=CARTESIAN_POINT('',(-0.0481020124992768,0.0519999999983068,0.027211798648283));
#2828=CARTESIAN_POINT('',(-0.0532609900416409,0.0519999999983068,0.0147496620957736));
#2829=CARTESIAN_POINT('',(-0.0535795092582995,0.0519999999983068,0.00126565518964109));
#2830=CARTESIAN_POINT('',(-0.00123712102579536,0.064,0.0523715605938495));
#2831=CARTESIAN_POINT('',(-0.0144171313414555,0.064,0.0520602223847755));
#2832=CARTESIAN_POINT('',(-0.0265983093444524,0.064,0.0470175538590203));
#2833=CARTESIAN_POINT('',(-0.0361418828498092,0.064,0.0379219610718959));
#2834=CARTESIAN_POINT('',(-0.00124802064727867,0.0598542602147959,0.0528329788181467));
#2835=CARTESIAN_POINT('',(-0.0145441530889001,0.0598542602147959,0.0525188975721656));
#2836=CARTESIAN_POINT('',(-0.0268326530326652,0.0598542602147959,0.0474318007511584));
#2837=CARTESIAN_POINT('',(-0.0364603099353918,0.0598542602147959,0.0382560714887185));
#2838=CARTESIAN_POINT('',(-0.00125747067360017,0.0558354067888976,0.0532330307255921));
#2839=CARTESIAN_POINT('',(-0.0146542815790127,0.0558354067888976,0.0529165712528981));
#2840=CARTESIAN_POINT('',(-0.0270358301820076,0.0558354067888976,0.0477909548777766));
#2841=CARTESIAN_POINT('',(-0.0367363878106506,0.0558354067888976,0.0385457468905751));
#2842=CARTESIAN_POINT('',(-0.00126565518964123,0.0519999999985169,0.0535795092582805));
#2843=CARTESIAN_POINT('',(-0.0147496620957688,0.0519999999985169,0.0532609900416219));
#2844=CARTESIAN_POINT('',(-0.0272117986482736,0.0519999999985169,0.0481020124992595));
#2845=CARTESIAN_POINT('',(-0.0369754944249352,0.0519999999985169,0.0387966301042863));
#2846=CARTESIAN_POINT('',(-0.0361418828498091,0.064,-0.037921961071896));
#2847=CARTESIAN_POINT('',(-0.0265983093444522,0.064,-0.0470175538590204));
#2848=CARTESIAN_POINT('',(-0.0144171313414551,0.064,-0.0520602223847756));
#2849=CARTESIAN_POINT('',(-0.00123712102579484,0.064,-0.0523715605938496));
#2850=CARTESIAN_POINT('',(-0.0364603099353975,0.0598542602147202,-0.0382560714887247));
#2851=CARTESIAN_POINT('',(-0.0268326530326693,0.0598542602147202,-0.0474318007511661));
#2852=CARTESIAN_POINT('',(-0.0145441530889021,0.0598542602147202,-0.0525188975721741));
#2853=CARTESIAN_POINT('',(-0.00124802064727835,0.0598542602147202,-0.0528329788181551));
#2854=CARTESIAN_POINT('',(-0.0367363878106605,0.0558354067887508,-0.0385457468905858));
#2855=CARTESIAN_POINT('',(-0.0270358301820148,0.0558354067887508,-0.0477909548777899));
#2856=CARTESIAN_POINT('',(-0.0146542815790163,0.0558354067887508,-0.0529165712529127));
#2857=CARTESIAN_POINT('',(-0.0012574706736,0.0558354067887508,-0.0532330307256067));
#2858=CARTESIAN_POINT('',(-0.0369754944249482,0.0519999999983068,-0.0387966301043002));
#2859=CARTESIAN_POINT('',(-0.027211798648283,0.0519999999983068,-0.0481020124992767));
#2860=CARTESIAN_POINT('',(-0.0147496620957736,0.0519999999983068,-0.0532609900416409));
#2861=CARTESIAN_POINT('',(-0.00126565518964115,0.0519999999983068,-0.0535795092582995));
#2862=CARTESIAN_POINT('',(-0.0523715605938495,0.064,-0.00123712102579536));
#2863=CARTESIAN_POINT('',(-0.0520602223847755,0.064,-0.0144171313414555));
#2864=CARTESIAN_POINT('',(-0.0470175538590203,0.064,-0.0265983093444524));
#2865=CARTESIAN_POINT('',(-0.0379219610718959,0.064,-0.0361418828498092));
#2866=CARTESIAN_POINT('',(-0.0528329788181467,0.0598542602147959,-0.00124802064727867));
#2867=CARTESIAN_POINT('',(-0.0525188975721656,0.0598542602147959,-0.0145441530889001));
#2868=CARTESIAN_POINT('',(-0.0474318007511584,0.0598542602147959,-0.0268326530326652));
#2869=CARTESIAN_POINT('',(-0.0382560714887185,0.0598542602147959,-0.0364603099353918));
#2870=CARTESIAN_POINT('',(-0.0532330307255921,0.0558354067888976,-0.00125747067360017));
#2871=CARTESIAN_POINT('',(-0.0529165712528981,0.0558354067888976,-0.0146542815790127));
#2872=CARTESIAN_POINT('',(-0.0477909548777766,0.0558354067888976,-0.0270358301820076));
#2873=CARTESIAN_POINT('',(-0.0385457468905751,0.0558354067888976,-0.0367363878106506));
#2874=CARTESIAN_POINT('',(-0.0535795092582805,0.0519999999985169,-0.00126565518964123));
#2875=CARTESIAN_POINT('',(-0.0532609900416219,0.0519999999985169,-0.0147496620957688));
#2876=CARTESIAN_POINT('',(-0.0481020124992595,0.0519999999985169,-0.0272117986482736));
#2877=CARTESIAN_POINT('',(-0.0387966301042863,0.0519999999985169,-0.0369754944249352));
#2878=CARTESIAN_POINT('',(0.037921961071896,0.064,-0.0361418828498091));
#2879=CARTESIAN_POINT('',(0.0470175538590205,0.064,-0.0265983093444521));
#2880=CARTESIAN_POINT('',(0.0520602223847757,0.064,-0.014417131341455));
#2881=CARTESIAN_POINT('',(0.0523715605938496,0.064,-0.00123712102579468));
#2882=CARTESIAN_POINT('',(0.0382560714887247,0.0598542602147202,-0.0364603099353976));
#2883=CARTESIAN_POINT('',(0.0474318007511662,0.0598542602147202,-0.0268326530326692));
#2884=CARTESIAN_POINT('',(0.0525188975721742,0.0598542602147202,-0.014544153088902));
#2885=CARTESIAN_POINT('',(0.0528329788181551,0.0598542602147202,-0.00124802064727818));
#2886=CARTESIAN_POINT('',(0.0385457468905857,0.0558354067887508,-0.0367363878106605));
#2887=CARTESIAN_POINT('',(0.0477909548777899,0.0558354067887508,-0.0270358301820147));
#2888=CARTESIAN_POINT('',(0.0529165712529128,0.0558354067887508,-0.0146542815790162));
#2889=CARTESIAN_POINT('',(0.0532330307256067,0.0558354067887508,-0.00125747067359982));
#2890=CARTESIAN_POINT('',(0.0387966301043002,0.0519999999983068,-0.0369754944249482));
#2891=CARTESIAN_POINT('',(0.0481020124992768,0.0519999999983068,-0.027211798648283));
#2892=CARTESIAN_POINT('',(0.053260990041641,0.0519999999983068,-0.0147496620957735));
#2893=CARTESIAN_POINT('',(0.0535795092582995,0.0519999999983068,-0.00126565518964098));
#2894=CARTESIAN_POINT('',(0.00123712102579532,0.064,-0.0523715605938495));
#2895=CARTESIAN_POINT('',(0.0144171313414555,0.064,-0.0520602223847755));
#2896=CARTESIAN_POINT('',(0.0265983093444524,0.064,-0.0470175538590203));
#2897=CARTESIAN_POINT('',(0.0361418828498092,0.064,-0.0379219610718959));
#2898=CARTESIAN_POINT('',(0.00124802064727863,0.0598542602147959,-0.0528329788181467));
#2899=CARTESIAN_POINT('',(0.0145441530889001,0.0598542602147959,-0.0525188975721656));
#2900=CARTESIAN_POINT('',(0.0268326530326652,0.0598542602147959,-0.0474318007511584));
#2901=CARTESIAN_POINT('',(0.0364603099353918,0.0598542602147959,-0.0382560714887185));
#2902=CARTESIAN_POINT('',(0.00125747067360013,0.0558354067888976,-0.0532330307255921));
#2903=CARTESIAN_POINT('',(0.0146542815790127,0.0558354067888976,-0.0529165712528981));
#2904=CARTESIAN_POINT('',(0.0270358301820076,0.0558354067888976,-0.0477909548777766));
#2905=CARTESIAN_POINT('',(0.0367363878106505,0.0558354067888976,-0.0385457468905751));
#2906=CARTESIAN_POINT('',(0.00126565518964119,0.0519999999985169,-0.0535795092582805));
#2907=CARTESIAN_POINT('',(0.0147496620957688,0.0519999999985169,-0.0532609900416219));
#2908=CARTESIAN_POINT('',(0.0272117986482736,0.0519999999985169,-0.0481020124992595));
#2909=CARTESIAN_POINT('',(0.0369754944249352,0.0519999999985169,-0.0387966301042863));
#2910=CARTESIAN_POINT('',(0.0361418828498091,0.064,0.037921961071896));
#2911=CARTESIAN_POINT('',(0.0265983093444522,0.064,0.0470175538590204));
#2912=CARTESIAN_POINT('',(0.0144171313414551,0.064,0.0520602223847756));
#2913=CARTESIAN_POINT('',(0.00123712102579487,0.064,0.0523715605938496));
#2914=CARTESIAN_POINT('',(0.0364603099353975,0.0598542602147202,0.0382560714887247));
#2915=CARTESIAN_POINT('',(0.0268326530326693,0.0598542602147202,0.0474318007511661));
#2916=CARTESIAN_POINT('',(0.0145441530889021,0.0598542602147202,0.0525188975721741));
#2917=CARTESIAN_POINT('',(0.00124802064727837,0.0598542602147202,0.0528329788181551));
#2918=CARTESIAN_POINT('',(0.0367363878106605,0.0558354067887508,0.0385457468905858));
#2919=CARTESIAN_POINT('',(0.0270358301820148,0.0558354067887508,0.0477909548777899));
#2920=CARTESIAN_POINT('',(0.0146542815790164,0.0558354067887508,0.0529165712529127));
#2921=CARTESIAN_POINT('',(0.00125747067360003,0.0558354067887508,0.0532330307256067));
#2922=CARTESIAN_POINT('',(0.0369754944249482,0.0519999999983068,0.0387966301043002));
#2923=CARTESIAN_POINT('',(0.027211798648283,0.0519999999983068,0.0481020124992767));
#2924=CARTESIAN_POINT('',(0.0147496620957737,0.0519999999983068,0.0532609900416409));
#2925=CARTESIAN_POINT('',(0.00126565518964118,0.0519999999983068,0.0535795092582995));
#2926=CARTESIAN_POINT('',(0.0523715605938495,0.064,0.00123712102579522));
#2927=CARTESIAN_POINT('',(0.0520602223847755,0.064,0.0144171313414555));
#2928=CARTESIAN_POINT('',(0.0470175538590203,0.064,0.0265983093444524));
#2929=CARTESIAN_POINT('',(0.0379219610718958,0.064,0.0361418828498093));
#2930=CARTESIAN_POINT('',(0.0528329788181467,0.0598542602147959,0.00124802064727853));
#2931=CARTESIAN_POINT('',(0.0525188975721656,0.0598542602147959,0.0145441530889001));
#2932=CARTESIAN_POINT('',(0.0474318007511584,0.0598542602147959,0.0268326530326652));
#2933=CARTESIAN_POINT('',(0.0382560714887184,0.0598542602147959,0.0364603099353919));
#2934=CARTESIAN_POINT('',(0.0532330307255921,0.0558354067888976,0.00125747067360004));
#2935=CARTESIAN_POINT('',(0.0529165712528981,0.0558354067888976,0.0146542815790127));
#2936=CARTESIAN_POINT('',(0.0477909548777766,0.0558354067888976,0.0270358301820076));
#2937=CARTESIAN_POINT('',(0.038545746890575,0.0558354067888976,0.0367363878106506));
#2938=CARTESIAN_POINT('',(0.0535795092582805,0.0519999999985169,0.00126565518964109));
#2939=CARTESIAN_POINT('',(0.0532609900416219,0.0519999999985169,0.0147496620957687));
#2940=CARTESIAN_POINT('',(0.0481020124992595,0.0519999999985169,0.0272117986482737));
#2941=CARTESIAN_POINT('',(0.0387966301042862,0.0519999999985169,0.0369754944249353));
#2942=CARTESIAN_POINT('',(-0.065,0.056,-1.19403062916867E-17));
#2943=CARTESIAN_POINT('',(7.9602041944578E-18,0.056,-0.065));
#2944=CARTESIAN_POINT('',(0.065,0.056,3.9801020972289E-18));
#2945=CARTESIAN_POINT('',(0.,0.056,0.065));
#2946=MECHANICAL_DESIGN_GEOMETRIC_PRESENTATION_REPRESENTATION('',(#1651),
#2947);
#2947=(
GEOMETRIC_REPRESENTATION_CONTEXT(3)
GLOBAL_UNCERTAINTY_ASSIGNED_CONTEXT((#2948))
GLOBAL_UNIT_ASSIGNED_CONTEXT((#2951,#2950,#2949))
REPRESENTATION_CONTEXT('Tail Ring','TOP_LEVEL_ASSEMBLY_PART')
);
#2948=UNCERTAINTY_MEASURE_WITH_UNIT(LENGTH_MEASURE(2.E-5),#2951,
'DISTANCE_ACCURACY_VALUE','Maximum Tolerance applied to model');
#2949=(
NAMED_UNIT(*)
SI_UNIT($,.STERADIAN.)
SOLID_ANGLE_UNIT()
);
#2950=(
NAMED_UNIT(*)
PLANE_ANGLE_UNIT()
SI_UNIT($,.RADIAN.)
);
#2951=(
LENGTH_UNIT()
NAMED_UNIT(*)
SI_UNIT($,.METRE.)
);
#2952=PRODUCT_DEFINITION_SHAPE('','',#2953);
#2953=PRODUCT_DEFINITION('','',#2955,#2954);
#2954=PRODUCT_DEFINITION_CONTEXT('',#2961,'design');
#2955=PRODUCT_DEFINITION_FORMATION_WITH_SPECIFIED_SOURCE('','',#2957,
 .NOT_KNOWN.);
#2956=PRODUCT_RELATED_PRODUCT_CATEGORY('','',(#2957));
#2957=PRODUCT('Tail Ring','Tail Ring','Tail Ring',(#2959));
#2958=PRODUCT_CATEGORY('','');
#2959=PRODUCT_CONTEXT('',#2961,'mechanical');
#2960=APPLICATION_PROTOCOL_DEFINITION('international standard',
'ap242_managed_model_based_3d_engineering',2020,#2961);
#2961=APPLICATION_CONTEXT('managed model based 3d engineering');
ENDSEC;
END-ISO-10303-21;
